SnapshotID,TradingDate,SignalID,ResearchPath,Side,Lane,ConcurrentSideRelation,EntryTime,ExactRisk,MaxAllowedRisk,SubmissionStatus,SubmissionReason,ExitTime,ExitRole,Gross,Net,RiskDollars,Realized,IdentityKey
OPF-20260725-180726,2026-01-02,20260102-0110-BULL-OBS-000854-Z000854-OC,ObservationConfirm_WideStop1_5R,Long,Primary,None,2026-01-02 01:15:00,7.75,22.0,Accepted,,2026-01-02 01:20:00,SL,-46.5,-50.1,46.5,True,20260102-0110-BULL-OBS-000854-Z000854-OC|ObservationConfirm_WideStop1_5R|Primary
OPF-20260725-180726,2026-01-02,20260102-0200-BULL-OBS-000864-Z000864-OC,ObservationConfirm_WideStop1_5R,Long,Primary,None,2026-01-02 02:05:00,18.25,22.0,Accepted,,2026-01-02 03:00:00,TIME_STOP,232.5,228.9,109.5,True,20260102-0200-BULL-OBS-000864-Z000864-OC|ObservationConfirm_WideStop1_5R|Primary
OPF-20260725-180726,2026-01-02,20260102-0205-BULL-OBS-000865-Z000865-OC,ObservationConfirm_WideStop1_5R,Long,Secondary,Same,2026-01-02 02:10:00,25.0,25.0,Accepted,,2026-01-02 03:05:00,TIME_STOP,151.5,147.9,150.0,True,20260102-0205-BULL-OBS-000865-Z000865-OC|ObservationConfirm_WideStop1_5R|Secondary
OPF-20260725-180726,2026-01-02,20260102-0300-BULL-OBS-000876-Z000875-OC,ObservationConfirm,Long,Primary,None,2026-01-02 03:10:00,7.25,12.0,Accepted,,2026-01-02 03:30:00,SL,-43.5,-47.1,43.5,True,20260102-0300-BULL-OBS-000876-Z000875-OC|ObservationConfirm|Primary
OPF-20260725-180726,2026-01-02,20260102-0300-BULL-OBS-000876-Z000875-OC,ObservationConfirm_WideStop1_5R,Long,Secondary,Same,2026-01-02 03:10:00,10.833333333333332,22.0,Accepted,,2026-01-02 04:05:00,TIME_STOP,134.5,130.9,65.0,True,20260102-0300-BULL-OBS-000876-Z000875-OC|ObservationConfirm_WideStop1_5R|Secondary
OPF-20260725-180726,2026-01-02,20260102-0505-BEAR-OBS-000901-Z000900-OC,ObservationConfirm,Short,Primary,None,2026-01-02 05:10:00,6.75,11.0,Accepted,,2026-01-02 05:15:00,SL,-40.5,-44.1,40.5,True,20260102-0505-BEAR-OBS-000901-Z000900-OC|ObservationConfirm|Primary
OPF-20260725-180726,2026-01-02,20260102-0520-BULL-OBS-000904-Z000904-OC,ObservationConfirm,Long,Primary,None,2026-01-02 05:25:00,6.25,12.0,Accepted,,2026-01-02 05:40:00,SL,-37.5,-41.1,37.5,True,20260102-0520-BULL-OBS-000904-Z000904-OC|ObservationConfirm|Primary
OPF-20260725-180726,2026-01-02,20260102-0555-BULL-OBS-000911-Z000911-OC,ObservationConfirm,Long,Primary,None,2026-01-02 06:00:00,9.0,12.0,Accepted,,2026-01-02 06:55:00,TIME_STOP,-18.0,-21.6,54.0,True,20260102-0555-BULL-OBS-000911-Z000911-OC|ObservationConfirm|Primary
OPF-20260725-180726,2026-01-02,20260102-0600-BULL-OBS-000912-Z000911-OC,ObservationConfirm,Long,Secondary,Same,2026-01-02 06:05:00,10.166666666666666,12.0,Accepted,,2026-01-02 07:15:00,SL,-61.0,-64.6,61.0,True,20260102-0600-BULL-OBS-000912-Z000911-OC|ObservationConfirm|Secondary
OPF-20260725-180726,2026-01-02,20260102-0850-BULL-OBS-000946-Z000946-OC,ObservationConfirm_WideStop1_5R,Long,Primary,None,2026-01-02 08:55:00,19.833333333333332,22.0,Accepted,,2026-01-02 09:50:00,TIME_STOP,136.0,132.4,119.0,True,20260102-0850-BULL-OBS-000946-Z000946-OC|ObservationConfirm_WideStop1_5R|Primary
OPF-20260725-180726,2026-01-02,20260102-0855-BULL-OBS-000947-Z000947-OC,ObservationConfirm_WideStop1_5R,Long,Secondary,Same,2026-01-02 09:00:00,19.25,22.0,Accepted,,2026-01-02 09:55:00,TIME_STOP,97.5,93.9,115.5,True,20260102-0855-BULL-OBS-000947-Z000947-OC|ObservationConfirm_WideStop1_5R|Secondary
OPF-20260725-180726,2026-01-02,20260102-1025-BEAR-OBS-000965-Z000965-OC,ObservationConfirm,Short,Primary,None,2026-01-02 10:30:00,17.75,18.0,Accepted,,2026-01-02 10:45:00,SL,-106.5,-110.1,106.5,True,20260102-1025-BEAR-OBS-000965-Z000965-OC|ObservationConfirm|Primary
OPF-20260725-180726,2026-01-02,20260102-1415-BEAR-OBS-001011-Z001011-OC,ObservationConfirm,Short,Primary,None,2026-01-02 14:20:00,11.5,22.0,Accepted,,2026-01-02 14:25:00,SL,-69.0,-72.6,69.0,True,20260102-1415-BEAR-OBS-001011-Z001011-OC|ObservationConfirm|Primary
OPF-20260725-180726,2026-01-02,20260102-1655-BEAR-BRK-001043-Z001043,BreakawayFvg,Short,Primary,None,2026-01-02 16:55:00,10.75,30.0,Accepted,,2026-01-02 17:00:00,BE,0.0,-3.6,64.5,False,20260102-1655-BEAR-BRK-001043-Z001043|BreakawayFvg|Primary
OPF-20260725-181018,2026-01-05,20260105-0020-BULL-OBS-000844-Z000844-OC,ObservationConfirm,Long,Primary,None,2026-01-05 00:25:00,10.416666666666666,12.0,Accepted,,2026-01-05 00:30:00,SL,-62.5,-66.1,62.5,True,20260105-0020-BULL-OBS-000844-Z000844-OC|ObservationConfirm|Primary
OPF-20260725-181018,2026-01-05,20260105-0150-BEAR-OBS-000862-Z000862-OC,ObservationConfirm,Short,Primary,None,2026-01-05 01:55:00,18.25,20.0,Accepted,,2026-01-05 02:00:00,SL,-109.5,-113.1,109.5,True,20260105-0150-BEAR-OBS-000862-Z000862-OC|ObservationConfirm|Primary
OPF-20260725-181018,2026-01-05,20260105-0250-BULL-OBS-000874-Z000874-OC,ObservationConfirm,Long,Primary,None,2026-01-05 02:55:00,7.5,12.0,Accepted,,2026-01-05 03:15:00,SL,-45.0,-48.6,45.0,True,20260105-0250-BULL-OBS-000874-Z000874-OC|ObservationConfirm|Primary
OPF-20260725-181018,2026-01-05,20260105-0445-BULL-OBS-000897-Z000897-OC,ObservationConfirm,Long,Primary,None,2026-01-05 04:50:00,9.666666666666666,12.0,Accepted,,2026-01-05 05:05:00,SL,-58.0,-61.6,58.0,True,20260105-0445-BULL-OBS-000897-Z000897-OC|ObservationConfirm|Primary
OPF-20260725-181018,2026-01-05,20260105-0450-BULL-OBS-000898-Z000898-OC,ObservationConfirm_WideStop1_5R,Long,Secondary,Same,2026-01-05 04:55:00,10.416666666666666,18.0,Accepted,,2026-01-05 05:05:00,SL,-62.5,-66.1,62.5,True,20260105-0450-BULL-OBS-000898-Z000898-OC|ObservationConfirm_WideStop1_5R|Secondary
OPF-20260725-181018,2026-01-05,20260105-0525-BULL-OBS-000905-Z000905-OC,ObservationConfirm,Long,Primary,None,2026-01-05 05:30:00,9.75,12.0,Accepted,,2026-01-05 06:00:00,TP,87.75,84.15,58.5,True,20260105-0525-BULL-OBS-000905-Z000905-OC|ObservationConfirm|Primary
OPF-20260725-181018,2026-01-05,20260105-0530-BULL-OBS-000906-Z000905-OC,ObservationConfirm_WideStop1_5R,Long,Secondary,Same,2026-01-05 05:40:00,12.25,18.0,Accepted,,2026-01-05 06:30:00,SL,-73.5,-77.1,73.5,True,20260105-0530-BULL-OBS-000906-Z000905-OC|ObservationConfirm_WideStop1_5R|Secondary
OPF-20260725-181018,2026-01-05,20260105-0600-BULL-OBS-000912-Z000912-OC,ObservationConfirm_WideStop1_5R,Long,Secondary,Same,2026-01-05 06:05:00,9.25,22.0,Accepted,,2026-01-05 06:25:00,SL,-55.5,-59.1,55.5,True,20260105-0600-BULL-OBS-000912-Z000912-OC|ObservationConfirm_WideStop1_5R|Secondary
OPF-20260725-181018,2026-01-05,20260105-0645-BULL-OBS-000921-Z000921-OC,ObservationConfirm_WideStop1_5R,Long,Primary,None,2026-01-05 06:50:00,20.88000000000102,22.0,Accepted,,2026-01-05 07:20:00,SL,-125.28,-128.88,125.28000000000611,True,20260105-0645-BULL-OBS-000921-Z000921-OC|ObservationConfirm_WideStop1_5R|Primary
OPF-20260725-181018,2026-01-05,20260105-0655-BULL-OBS-000923-Z000922-OC,ObservationConfirm_WideStop1_5R,Long,Secondary,Same,2026-01-05 07:00:00,16.88000000000102,18.0,Accepted,,2026-01-05 07:15:00,SL,-101.28,-104.88,101.28000000000611,True,20260105-0655-BULL-OBS-000923-Z000922-OC|ObservationConfirm_WideStop1_5R|Secondary
OPF-20260725-181223,2026-01-06,20260105-2310-BULL-OBS-000830-Z000829-FR,FailureReverse_ObservationInvalidated_WideStop1_5R,Short,Primary,None,2026-01-05 23:20:00,5.0,25.0,Accepted,,2026-01-05 23:25:00,SL,-30.0,-33.6,30.0,True,20260105-2310-BULL-OBS-000830-Z000829-FR|FailureReverse_ObservationInvalidated_WideStop1_5R|Primary
OPF-20260725-181223,2026-01-06,20260105-2335-BEAR-OBS-000835-Z000835,ZoneBirthResearch,Short,Primary,None,2026-01-05 23:35:00,12.25,18.0,Accepted,,2026-01-06 01:15:00,SPLIT_BASE_SL_RUNNER_SL,-73.5,-77.1,73.5,True,20260105-2335-BEAR-OBS-000835-Z000835|ZoneBirthResearch|Primary
OPF-20260725-181223,2026-01-06,20260106-0125-BULL-OBS-000857-Z000857-OC,ObservationConfirm,Long,Primary,None,2026-01-06 01:30:00,8.75,12.0,Accepted,,2026-01-06 02:25:00,TP,78.75,75.15,52.5,True,20260106-0125-BULL-OBS-000857-Z000857-OC|ObservationConfirm|Primary
OPF-20260725-181223,2026-01-06,20260106-0130-BULL-OBS-000858-Z000858-OC,ObservationConfirm_WideStop1_5R,Long,Secondary,Same,2026-01-06 01:35:00,5.0,18.0,Accepted,,2026-01-06 02:30:00,TP,90.0,86.4,30.0,True,20260106-0130-BULL-OBS-000858-Z000858-OC|ObservationConfirm_WideStop1_5R|Secondary
OPF-20260725-181223,2026-01-06,20260106-0240-BULL-OBS-000872-Z000872-OC,ObservationConfirm_WideStop1_5R,Long,Primary,None,2026-01-06 02:45:00,20.666666666666664,22.0,Accepted,,2026-01-06 03:40:00,TIME_STOP,12.5,8.9,123.99999999999999,True,20260106-0240-BULL-OBS-000872-Z000872-OC|ObservationConfirm_WideStop1_5R|Primary
OPF-20260725-181223,2026-01-06,20260106-0250-BULL-BRK-000874-Z000874-Q,BreakawayFvg_Qualified,Long,Secondary,Same,2026-01-06 02:50:00,7.5,11.0,Accepted,,2026-01-06 03:50:00,SL,-45.0,-48.6,45.0,True,20260106-0250-BULL-BRK-000874-Z000874-Q|BreakawayFvg_Qualified|Secondary
OPF-20260725-181223,2026-01-06,20260106-0515-BULL-OBS-000903-Z000903-OC,ObservationConfirm,Long,Primary,None,2026-01-06 05:20:00,6.75,12.0,Accepted,,2026-01-06 05:40:00,SL,-40.5,-44.1,40.5,True,20260106-0515-BULL-OBS-000903-Z000903-OC|ObservationConfirm|Primary
OPF-20260725-181223,2026-01-06,20260106-0515-BULL-OBS-000903-Z000903-OC,ObservationConfirm_WideStop1_5R,Long,Secondary,Same,2026-01-06 05:20:00,10.0,22.0,Accepted,,2026-01-06 05:45:00,SL,-60.0,-63.6,60.0,True,20260106-0515-BULL-OBS-000903-Z000903-OC|ObservationConfirm_WideStop1_5R|Secondary
OPF-20260725-181223,2026-01-06,20260106-0605-BULL-OBS-000913-Z000913-OC,ObservationConfirm_WideStop1_5R,Long,Primary,None,2026-01-06 06:10:00,19.5,22.0,Accepted,,2026-01-06 07:05:00,TIME_STOP,21.0,17.4,117.0,True,20260106-0605-BULL-OBS-000913-Z000913-OC|ObservationConfirm_WideStop1_5R|Primary
OPF-20260725-181223,2026-01-06,20260106-0610-BULL-OBS-000914-Z000914-OC,ObservationConfirm_WideStop1_5R,Long,Secondary,Same,2026-01-06 06:15:00,8.25,22.0,Accepted,,2026-01-06 07:10:00,TIME_STOP,4.5,0.8999999999999999,49.5,True,20260106-0610-BULL-OBS-000914-Z000914-OC|ObservationConfirm_WideStop1_5R|Secondary
OPF-20260725-181223,2026-01-06,20260106-0720-BEAR-OBS-000928-Z000928-OC,ObservationConfirm,Short,Primary,None,2026-01-06 07:25:00,7.0,22.0,Accepted,,2026-01-06 08:00:00,TP,63.0,59.4,42.0,True,20260106-0720-BEAR-OBS-000928-Z000928-OC|ObservationConfirm|Primary
OPF-20260725-181223,2026-01-06,20260106-1215-BULL-OBS-000987-Z000987-OC,ObservationConfirm,Long,Primary,None,2026-01-06 12:20:00,6.666666666666666,12.0,Accepted,,2026-01-06 12:40:00,TP,60.0,56.4,40.0,True,20260106-1215-BULL-OBS-000987-Z000987-OC|ObservationConfirm|Primary
OPF-20260725-181223,2026-01-06,20260106-1215-BULL-OBS-000987-Z000987-OC,ObservationConfirm_WideStop1_5R,Long,Secondary,Same,2026-01-06 12:20:00,9.75,22.0,Accepted,,2026-01-06 12:55:00,TP,175.5,171.9,58.5,True,20260106-1215-BULL-OBS-000987-Z000987-OC|ObservationConfirm_WideStop1_5R|Secondary
OPF-20260725-181223,2026-01-06,20260106-1245-BULL-OBS-000993-Z000993-OC,ObservationConfirm_WideStop1_5R,Long,Secondary,Same,2026-01-06 12:50:00,22.0,22.0,Accepted,,2026-01-06 13:45:00,SL,-132.0,-135.6,132.0,True,20260106-1245-BULL-OBS-000993-Z000993-OC|ObservationConfirm_WideStop1_5R|Secondary
OPF-20260725-181223,2026-01-06,20260106-1405-BEAR-OBS-001009-Z001009,ZoneBirthResearch,Short,Primary,None,2026-01-06 14:05:00,13.25,18.0,Accepted,,2026-01-06 14:10:00,SPLIT_BASE_SL_RUNNER_SL,-79.5,-83.1,79.5,True,20260106-1405-BEAR-OBS-001009-Z001009|ZoneBirthResearch|Primary
OPF-20260725-181223,2026-01-06,20260106-1710-BULL-OBS-001046-Z001046-OC,ObservationConfirm_WideStop1_5R,Long,Primary,None,2026-01-06 17:15:00,23.5,25.0,Accepted,,2026-01-06 17:35:00,TP,423.0,419.4,141.0,True,20260106-1710-BULL-OBS-001046-Z001046-OC|ObservationConfirm_WideStop1_5R|Primary
OPF-20260725-181429,2026-01-07,20260106-2350-BULL-OBS-000838-Z000838-OC,ObservationConfirm,Long,Primary,None,2026-01-06 23:55:00,7.333333333333333,12.0,Accepted,,2026-01-07 00:00:00,TP,66.0,62.4,44.0,True,20260106-2350-BULL-OBS-000838-Z000838-OC|ObservationConfirm|Primary
OPF-20260725-181429,2026-01-07,20260107-0235-BEAR-OBS-000871-Z000870-OC,ObservationConfirm,Short,Primary,None,2026-01-07 02:45:00,4.75,11.0,Accepted,,2026-01-07 02:50:00,TP,42.75,39.15,28.5,True,20260107-0235-BEAR-OBS-000871-Z000870-OC|ObservationConfirm|Primary
OPF-20260725-181429,2026-01-07,20260107-0305-BULL-OBS-000877-Z000877-OC,ObservationConfirm,Long,Primary,None,2026-01-07 03:10:00,5.0,12.0,Accepted,,2026-01-07 03:15:00,TP,45.0,41.4,30.0,True,20260107-0305-BULL-OBS-000877-Z000877-OC|ObservationConfirm|Primary
OPF-20260725-181429,2026-01-07,20260107-0355-BEAR-OBS-000887-Z000887-OC,ObservationConfirm,Short,Primary,None,2026-01-07 04:00:00,17.75,20.0,Accepted,,2026-01-07 06:40:00,TP,159.75,156.15,106.5,True,20260107-0355-BEAR-OBS-000887-Z000887-OC|ObservationConfirm|Primary
OPF-20260725-181429,2026-01-07,20260107-0410-BEAR-OBS-000890-Z000890,ZoneBirthResearch,Short,Secondary,Same,2026-01-07 04:10:00,5.0,8.0,Accepted,,2026-01-07 06:10:00,SPLIT_BASE_SL_RUNNER_SL,-30.0,-33.6,30.0,True,20260107-0410-BEAR-OBS-000890-Z000890|ZoneBirthResearch|Secondary
OPF-20260725-181429,2026-01-07,20260107-0640-BEAR-OBS-000920-Z000920-OC,ObservationConfirm,Short,Primary,None,2026-01-07 06:45:00,9.75,22.0,Accepted,,2026-01-07 08:20:00,SL,-58.5,-62.1,58.5,True,20260107-0640-BEAR-OBS-000920-Z000920-OC|ObservationConfirm|Primary
OPF-20260725-181429,2026-01-07,20260107-1020-BEAR-OBS-000964-Z000964,ZoneBirthResearch,Short,Primary,None,2026-01-07 10:20:00,7.666666666666665,8.0,Accepted,,2026-01-07 11:35:00,SPLIT_BASE_SL_RUNNER_SL,-46.0,-49.6,45.99999999999999,True,20260107-1020-BEAR-OBS-000964-Z000964|ZoneBirthResearch|Primary
OPF-20260725-181429,2026-01-07,20260107-1140-BULL-OBS-000980-Z000980-OC,ObservationConfirm,Long,Primary,None,2026-01-07 11:45:00,6.75,12.0,Accepted,,2026-01-07 12:00:00,TP,60.75,57.15,40.5,True,20260107-1140-BULL-OBS-000980-Z000980-OC|ObservationConfirm|Primary
OPF-20260725-181429,2026-01-07,20260107-1145-BULL-OBS-000981-Z000980-OC,ObservationConfirm,Long,Secondary,Same,2026-01-07 11:50:00,10.5,12.0,Accepted,,2026-01-07 12:30:00,SL,-63.0,-66.6,63.0,True,20260107-1145-BULL-OBS-000981-Z000980-OC|ObservationConfirm|Secondary
OPF-20260725-181429,2026-01-07,20260107-1605-BULL-OBS-001033-Z001033-OC,ObservationConfirm_WideStop1_5R,Long,Primary,None,2026-01-07 16:10:00,25.5,25.0,Accepted,,2026-01-07 16:20:00,SL,-153.0,-156.6,153.0,True,20260107-1605-BULL-OBS-001033-Z001033-OC|ObservationConfirm_WideStop1_5R|Primary
OPF-20260725-181429,2026-01-07,20260107-1705-BULL-OBS-001045-Z001045-OC,ObservationConfirm_WideStop1_5R,Long,Primary,None,2026-01-07 17:10:00,7.25,22.0,Accepted,,2026-01-07 17:40:00,TP,130.5,126.9,43.5,False,20260107-1705-BULL-OBS-001045-Z001045-OC|ObservationConfirm_WideStop1_5R|Primary
OPF-20260725-181633,2026-01-08,20260107-2355-BEAR-OBS-001115-Z001115-OC,ObservationConfirm,Short,Primary,None,2026-01-08 00:00:00,6.5,11.0,Accepted,,2026-01-08 00:25:00,TP,58.5,54.9,39.0,True,20260107-2355-BEAR-OBS-001115-Z001115-OC|ObservationConfirm|Primary
OPF-20260725-181633,2026-01-08,20260108-0200-BULL-OBS-001140-Z001137-OC,ObservationConfirm,Long,Primary,None,2026-01-08 02:05:00,9.916666666666666,12.0,Accepted,,2026-01-08 02:10:00,SL,-59.5,-63.1,59.5,True,20260108-0200-BULL-OBS-001140-Z001137-OC|ObservationConfirm|Primary
OPF-20260725-181633,2026-01-08,20260108-0215-BEAR-OBS-001143-Z001143-OC,ObservationConfirm,Short,Primary,None,2026-01-08 02:20:00,12.0,20.0,Accepted,,2026-01-08 02:40:00,TP,108.0,104.4,72.0,True,20260108-0215-BEAR-OBS-001143-Z001143-OC|ObservationConfirm|Primary
OPF-20260725-181633,2026-01-08,20260108-0250-BEAR-OBS-001150-Z001150-OC,ObservationConfirm,Short,Primary,None,2026-01-08 02:55:00,10.5,18.0,Accepted,,2026-01-08 03:45:00,TP,94.5,90.9,63.0,True,20260108-0250-BEAR-OBS-001150-Z001150-OC|ObservationConfirm|Primary
OPF-20260725-181633,2026-01-08,20260108-0515-BEAR-OBS-001179-Z001179-OC,ObservationConfirm,Short,Primary,None,2026-01-08 05:25:00,12.833333333333332,20.0,Accepted,,2026-01-08 05:40:00,TP,115.5,111.9,77.0,True,20260108-0515-BEAR-OBS-001179-Z001179-OC|ObservationConfirm|Primary
OPF-20260725-181633,2026-01-08,20260108-0645-BULL-OBS-001197-Z001197-OC,ObservationConfirm,Long,Primary,None,2026-01-08 06:50:00,11.25,12.0,Accepted,,2026-01-08 07:00:00,SL,-67.5,-71.1,67.5,True,20260108-0645-BULL-OBS-001197-Z001197-OC|ObservationConfirm|Primary
OPF-20260725-181633,2026-01-08,20260108-0645-BULL-OBS-001197-Z001197-OC,ObservationConfirm_WideStop1_5R,Long,Secondary,Same,2026-01-08 06:50:00,16.5,18.0,Accepted,,2026-01-08 07:00:00,SL,-99.0,-102.6,99.0,True,20260108-0645-BULL-OBS-001197-Z001197-OC|ObservationConfirm_WideStop1_5R|Secondary
OPF-20260725-181633,2026-01-08,20260108-0815-BULL-OBS-001215-Z001215-OC,ObservationConfirm,Long,Primary,None,2026-01-08 08:20:00,10.583333333333332,12.0,Accepted,,2026-01-08 08:30:00,TP,95.25,91.65,63.49999999999999,True,20260108-0815-BULL-OBS-001215-Z001215-OC|ObservationConfirm|Primary
OPF-20260725-181633,2026-01-08,20260108-0835-BULL-OBS-001219-Z001219-OC,ObservationConfirm_WideStop1_5R,Long,Primary,None,2026-01-08 08:40:00,21.75,22.0,Accepted,,2026-01-08 08:55:00,SL,-130.5,-134.1,130.5,True,20260108-0835-BULL-OBS-001219-Z001219-OC|ObservationConfirm_WideStop1_5R|Primary
OPF-20260725-181633,2026-01-08,20260108-0920-BEAR-OBS-001228-Z001228-OC,ObservationConfirm,Short,Primary,None,2026-01-08 09:25:00,10.5,18.0,Accepted,,2026-01-08 09:45:00,TP,94.5,90.9,63.0,True,20260108-0920-BEAR-OBS-001228-Z001228-OC|ObservationConfirm|Primary
OPF-20260725-181633,2026-01-08,20260108-0940-BEAR-OBS-001232-Z001232,ZoneBirthResearch,Short,Secondary,Same,2026-01-08 09:40:00,6.833333333333333,8.0,Accepted,,2026-01-08 09:55:00,SPLIT_BASE_SL_RUNNER_SL,-41.0,-44.6,41.0,True,20260108-0940-BEAR-OBS-001232-Z001232|ZoneBirthResearch|Secondary
OPF-20260725-181633,2026-01-08,20260108-1205-BEAR-OBS-001261-Z001261-OC,ObservationConfirm,Short,Primary,None,2026-01-08 12:10:00,8.916666666666666,22.0,Accepted,,2026-01-08 12:15:00,SL,-53.5,-57.1,53.5,True,20260108-1205-BEAR-OBS-001261-Z001261-OC|ObservationConfirm|Primary
OPF-20260725-181633,2026-01-08,20260108-1255-BULL-OBS-001271-Z001270-FR,FailureReverse_ObservationInvalidated_WideStop1_5R,Short,Primary,None,2026-01-08 13:00:00,5.5,25.0,Accepted,,2026-01-08 13:05:00,SL,-33.0,-36.6,33.0,True,20260108-1255-BULL-OBS-001271-Z001270-FR|FailureReverse_ObservationInvalidated_WideStop1_5R|Primary
OPF-20260725-181633,2026-01-08,20260108-1420-BEAR-OBS-001288-Z001288,ZoneBirthResearch,Short,Primary,None,2026-01-08 14:20:00,9.166666666666666,18.0,Accepted,,2026-01-08 14:30:00,SPLIT_BASE_SL_RUNNER_SL,-55.0,-58.6,55.0,True,20260108-1420-BEAR-OBS-001288-Z001288|ZoneBirthResearch|Primary
OPF-20260725-181633,2026-01-08,20260108-1425-BEAR-OBS-001289-Z001288,UnknownRegimeZoneTouch,Short,Secondary,Same,2026-01-08 14:25:00,9.25,25.0,Accepted,,2026-01-08 14:30:00,SL,-55.5,-59.1,55.5,True,20260108-1425-BEAR-OBS-001289-Z001288|UnknownRegimeZoneTouch|Secondary
OPF-20260725-181633,2026-01-08,20260108-1800-BEAR-OBS-001332-Z001332,ZoneBirthResearch,Short,Primary,None,2026-01-08 18:00:00,18.5,0.0,Accepted,,2026-01-08 18:45:00,SPLIT_BASE_TP_RUNNER_BE,185.0,181.4,111.0,False,20260108-1800-BEAR-OBS-001332-Z001332|ZoneBirthResearch|Primary
OPF-20260725-181834,2026-01-09,20260108-2330-BEAR-OBS-001110-Z001110-OC,ObservationConfirm,Short,Primary,None,2026-01-08 23:35:00,12.5,20.0,Accepted,,2026-01-09 00:55:00,TP,112.5,108.9,75.0,True,20260108-2330-BEAR-OBS-001110-Z001110-OC|ObservationConfirm|Primary
OPF-20260725-181834,2026-01-09,20260109-0105-BEAR-OBS-001129-Z001127-OC,ObservationConfirm,Short,Primary,None,2026-01-09 01:10:00,17.0,20.0,Accepted,,2026-01-09 01:20:00,TP,153.0,149.4,102.0,True,20260109-0105-BEAR-OBS-001129-Z001127-OC|ObservationConfirm|Primary
OPF-20260725-181834,2026-01-09,20260109-0155-BULL-OBS-001139-Z001139-OC,ObservationConfirm_WideStop1_5R,Long,Primary,None,2026-01-09 02:00:00,19.0,18.0,Accepted,,2026-01-09 02:55:00,TIME_STOP,151.5,147.9,114.0,True,20260109-0155-BULL-OBS-001139-Z001139-OC|ObservationConfirm_WideStop1_5R|Primary
OPF-20260725-181834,2026-01-09,20260109-0400-BULL-OBS-001164-Z001144-OC,ObservationConfirm,Long,Primary,None,2026-01-09 04:10:00,10.75,12.0,Accepted,,2026-01-09 04:20:00,SL,-64.5,-68.1,64.5,True,20260109-0400-BULL-OBS-001164-Z001144-OC|ObservationConfirm|Primary
OPF-20260725-181834,2026-01-09,20260109-0430-BULL-OBS-001170-Z001170-OC,ObservationConfirm,Long,Primary,None,2026-01-09 04:35:00,4.75,12.0,Accepted,,2026-01-09 04:45:00,SL,-28.5,-32.1,28.5,True,20260109-0430-BULL-OBS-001170-Z001170-OC|ObservationConfirm|Primary
OPF-20260725-181834,2026-01-09,20260109-0430-BULL-OBS-001170-Z001170-OC,ObservationConfirm_WideStop1_5R,Long,Secondary,Same,2026-01-09 04:35:00,7.5,18.0,Accepted,,2026-01-09 05:30:00,TIME_STOP,13.5,9.9,45.0,True,20260109-0430-BULL-OBS-001170-Z001170-OC|ObservationConfirm_WideStop1_5R|Secondary
OPF-20260725-181834,2026-01-09,20260109-0630-BULL-OBS-001194-Z001194-OC,ObservationConfirm_WideStop1_5R,Long,Primary,None,2026-01-09 06:35:00,24.5,25.0,Accepted,,2026-01-09 07:20:00,SL,-147.0,-150.6,147.0,True,20260109-0630-BULL-OBS-001194-Z001194-OC|ObservationConfirm_WideStop1_5R|Primary
OPF-20260725-181834,2026-01-09,20260109-0635-BULL-OBS-001195-Z001195-OC,ObservationConfirm,Long,Secondary,Same,2026-01-09 06:40:00,11.25,12.0,Accepted,,2026-01-09 07:00:00,SL,-67.5,-71.1,67.5,True,20260109-0635-BULL-OBS-001195-Z001195-OC|ObservationConfirm|Secondary
OPF-20260725-181834,2026-01-09,20260109-0730-BEAR-OBS-001206-Z001206,ZoneBirthResearch,Short,Primary,None,2026-01-09 07:30:00,5.75,8.0,Accepted,,2026-01-09 07:35:00,SPLIT_BASE_SL_RUNNER_SL,-34.5,-38.1,34.5,True,20260109-0730-BEAR-OBS-001206-Z001206|ZoneBirthResearch|Primary
OPF-20260725-181834,2026-01-09,20260109-0750-BULL-OBS-001210-Z001209-OC-STR,ObservationStrict_Other,Long,Primary,None,2026-01-09 07:55:00,4.916666666666666,25.0,Accepted,,2026-01-09 08:00:00,TP,88.5,84.9,29.499999999999996,True,20260109-0750-BULL-OBS-001210-Z001209-OC-STR|ObservationStrict_Other|Primary
OPF-20260725-181834,2026-01-09,20260109-1140-BULL-OBS-001256-Z001255-OC-STR,ObservationStrict_Other,Long,Primary,None,2026-01-09 11:45:00,5.5,25.0,Accepted,,2026-01-09 11:50:00,SL,-33.0,-36.6,33.0,True,20260109-1140-BULL-OBS-001256-Z001255-OC-STR|ObservationStrict_Other|Primary
OPF-20260725-181834,2026-01-09,20260109-1155-BULL-OBS-001259-Z001253-OC,ObservationConfirm,Long,Primary,None,2026-01-09 12:00:00,11.25,12.0,Accepted,,2026-01-09 12:15:00,SL,-67.5,-71.1,67.5,True,20260109-1155-BULL-OBS-001259-Z001253-OC|ObservationConfirm|Primary
OPF-20260725-181834,2026-01-09,20260109-1215-BEAR-OBS-001263-Z001263-OC,ObservationConfirm,Short,Primary,None,2026-01-09 12:20:00,9.58333333333333,22.0,Accepted,,2026-01-09 12:30:00,TP,86.25,82.65,57.499999999999986,True,20260109-1215-BEAR-OBS-001263-Z001263-OC|ObservationConfirm|Primary
OPF-20260725-181834,2026-01-09,20260109-1625-BULL-PB-001313-Z001310,AlmostConfirmed,Long,Primary,None,2026-01-09 16:25:00,10.583333333333332,25.0,Accepted,,2026-01-09 16:30:00,SL,-63.5,-67.1,63.49999999999999,True,20260109-1625-BULL-PB-001313-Z001310|AlmostConfirmed|Primary
OPF-20260725-181834,2026-01-09,20260109-1750-BULL-OBS-001330-Z001330-OC,ObservationConfirm_WideStop1_5R,Long,Primary,None,2026-01-09 17:55:00,10.5,22.0,Accepted,,2026-01-09 18:00:00,SL,-63.0,-66.6,63.0,False,20260109-1750-BULL-OBS-001330-Z001330-OC|ObservationConfirm_WideStop1_5R|Primary
OPF-20260725-182035,2026-01-12,20260112-0040-BEAR-OBS-001124-Z001124-OC,ObservationConfirm,Short,Primary,None,2026-01-12 00:45:00,21.25,22.0,Accepted,,2026-01-12 01:00:00,TP,191.25,187.65,127.5,True,20260112-0040-BEAR-OBS-001124-Z001124-OC|ObservationConfirm|Primary
OPF-20260725-182035,2026-01-12,20260112-0205-BEAR-BRK-001141-Z001141,BreakawayFvg,Short,Primary,None,2026-01-12 02:05:00,19.75,30.0,Accepted,,2026-01-12 05:00:00,TIME_STOP,150.0,146.4,118.5,True,20260112-0205-BEAR-BRK-001141-Z001141|BreakawayFvg|Primary
OPF-20260725-182035,2026-01-12,20260112-0255-BEAR-OBS-001151-Z001151,ZoneBirthResearch,Short,Secondary,Same,2026-01-12 02:55:00,6.0,8.0,Accepted,,2026-01-12 05:55:00,PATH_END,157.5,153.9,36.0,True,20260112-0255-BEAR-OBS-001151-Z001151|ZoneBirthResearch|Secondary
OPF-20260725-182035,2026-01-12,20260112-0715-BULL-OBS-001203-Z001201-OC,ObservationConfirm,Long,Primary,None,2026-01-12 07:20:00,10.5,12.0,Accepted,,2026-01-12 08:10:00,SL,-63.0,-66.6,63.0,True,20260112-0715-BULL-OBS-001203-Z001201-OC|ObservationConfirm|Primary
OPF-20260725-182035,2026-01-12,20260112-0825-BEAR-BRK-001217-Z001217,BreakawayFvg,Short,Primary,None,2026-01-12 08:25:00,12.75,30.0,Accepted,,2026-01-12 09:00:00,BE,0.0,-3.6,76.5,True,20260112-0825-BEAR-BRK-001217-Z001217|BreakawayFvg|Primary
OPF-20260725-182035,2026-01-12,20260112-0925-BEAR-OBS-001229-Z001229,ZoneBirthResearch,Short,Primary,None,2026-01-12 09:25:00,6.5,8.0,Accepted,,2026-01-12 09:45:00,SPLIT_BASE_SL_RUNNER_SL,-39.0,-42.6,39.0,True,20260112-0925-BEAR-OBS-001229-Z001229|ZoneBirthResearch|Primary
OPF-20260725-182035,2026-01-12,20260112-1050-BEAR-OBS-001246-Z001246,ZoneBirthResearch,Short,Primary,None,2026-01-12 10:50:00,4.0,8.0,Accepted,,2026-01-12 11:00:00,SPLIT_BASE_SL_RUNNER_SL,-24.0,-27.6,24.0,True,20260112-1050-BEAR-OBS-001246-Z001246|ZoneBirthResearch|Primary
OPF-20260725-182035,2026-01-12,20260112-1815-BULL-PB-001335-Z001333,AlmostConfirmed,Long,Primary,None,2026-01-12 18:15:00,11.5,25.0,Accepted,,2026-01-12 19:00:00,SL,-69.0,-72.6,69.0,True,20260112-1815-BULL-PB-001335-Z001333|AlmostConfirmed|Primary
OPF-20260725-182035,2026-01-12,20260112-2135-BULL-OBS-001375-Z001373-OC,ObservationConfirm,Long,Primary,None,2026-01-12 21:40:00,8.75,12.0,Accepted,,2026-01-12 21:45:00,SL,-52.5,-56.1,52.5,False,20260112-2135-BULL-OBS-001375-Z001373-OC|ObservationConfirm|Primary
OPF-20260725-182236,2026-01-13,20260112-2330-BEAR-OBS-001110-Z001110,ZoneBirthResearch,Short,Primary,None,2026-01-12 23:30:00,4.333333333333333,8.0,Accepted,,2026-01-12 23:45:00,SPLIT_BASE_TP_RUNNER_TP,78.0,74.4,26.0,True,20260112-2330-BEAR-OBS-001110-Z001110|ZoneBirthResearch|Primary
OPF-20260725-182236,2026-01-13,20260112-2355-BEAR-OBS-001115-Z001115-OC,ObservationConfirm,Short,Primary,None,2026-01-13 00:00:00,16.833333333333332,20.0,Accepted,,2026-01-13 01:35:00,TP,151.5,147.9,101.0,True,20260112-2355-BEAR-OBS-001115-Z001115-OC|ObservationConfirm|Primary
OPF-20260725-182236,2026-01-13,20260113-0040-BEAR-OBS-001124-Z001123,UnknownRegimeZoneTouch,Short,Secondary,Same,2026-01-13 00:40:00,8.333333333333332,25.0,Accepted,,2026-01-13 01:40:00,TP,150.0,146.4,49.99999999999999,True,20260113-0040-BEAR-OBS-001124-Z001123|UnknownRegimeZoneTouch|Secondary
OPF-20260725-182236,2026-01-13,20260113-0240-BULL-OBS-001148-Z001148-OC,ObservationConfirm,Long,Primary,None,2026-01-13 02:45:00,8.75,12.0,Accepted,,2026-01-13 02:50:00,SL,-52.5,-56.1,52.5,True,20260113-0240-BULL-OBS-001148-Z001148-OC|ObservationConfirm|Primary
OPF-20260725-182236,2026-01-13,20260113-0240-BULL-OBS-001148-Z001148-OC,ObservationConfirm_WideStop1_5R,Long,Secondary,Same,2026-01-13 02:45:00,13.0,18.0,Accepted,,2026-01-13 02:55:00,SL,-78.0,-81.6,78.0,True,20260113-0240-BULL-OBS-001148-Z001148-OC|ObservationConfirm_WideStop1_5R|Secondary
OPF-20260725-182236,2026-01-13,20260113-0255-BULL-OBS-001151-Z001139-OC,ObservationConfirm,Long,Primary,None,2026-01-13 03:05:00,7.5,12.0,Accepted,,2026-01-13 03:20:00,TP,67.5,63.9,45.0,True,20260113-0255-BULL-OBS-001151-Z001139-OC|ObservationConfirm|Primary
OPF-20260725-182236,2026-01-13,20260113-0535-BULL-OBS-001183-Z001180-OC,ObservationConfirm_WideStop1_5R,Long,Primary,None,2026-01-13 05:40:00,21.916666666666664,25.0,Accepted,,2026-01-13 06:35:00,TIME_STOP,117.5,113.9,131.5,True,20260113-0535-BULL-OBS-001183-Z001180-OC|ObservationConfirm_WideStop1_5R|Primary
OPF-20260725-182236,2026-01-13,20260113-0545-BULL-OBS-001185-Z001185-OC,ObservationConfirm_WideStop1_5R,Long,Secondary,Same,2026-01-13 05:50:00,12.666666666666666,22.0,Accepted,,2026-01-13 06:45:00,TIME_STOP,135.5,131.9,76.0,True,20260113-0545-BULL-OBS-001185-Z001185-OC|ObservationConfirm_WideStop1_5R|Secondary
OPF-20260725-182236,2026-01-13,20260113-0700-BEAR-OBS-001200-Z001200-OC,ObservationConfirm,Short,Primary,None,2026-01-13 07:05:00,10.5,18.0,Accepted,,2026-01-13 07:10:00,SL,-63.0,-66.6,63.0,True,20260113-0700-BEAR-OBS-001200-Z001200-OC|ObservationConfirm|Primary
OPF-20260725-182236,2026-01-13,20260113-0935-BULL-PB-001231-Z001225,AlmostConfirmed,Long,Primary,None,2026-01-13 09:35:00,7.5,25.0,Accepted,,2026-01-13 09:40:00,SL,-45.0,-48.6,45.0,True,20260113-0935-BULL-PB-001231-Z001225|AlmostConfirmed|Primary
OPF-20260725-182236,2026-01-13,20260113-1010-BEAR-BRK-001238-Z001238,BreakawayFvg,Short,Primary,None,2026-01-13 10:10:00,23.5,30.0,Accepted,,2026-01-13 12:00:00,SL,-141.0,-144.6,141.0,True,20260113-1010-BEAR-BRK-001238-Z001238|BreakawayFvg|Primary
OPF-20260725-182236,2026-01-13,20260113-1020-BEAR-OBS-001240-Z001239,UnknownRegimeZoneTouch,Short,Secondary,Same,2026-01-13 10:20:00,3.75,25.0,Accepted,,2026-01-13 10:30:00,SL,-22.5,-26.1,22.5,True,20260113-1020-BEAR-OBS-001240-Z001239|UnknownRegimeZoneTouch|Secondary
OPF-20260725-182236,2026-01-13,20260113-1255-BEAR-OBS-001271-Z001271-OC,ObservationConfirm,Short,Primary,None,2026-01-13 13:10:00,9.75,18.0,Accepted,,2026-01-13 13:25:00,SL,-58.5,-62.1,58.5,True,20260113-1255-BEAR-OBS-001271-Z001271-OC|ObservationConfirm|Primary
OPF-20260725-182236,2026-01-13,20260113-1705-BULL-OBS-001321-Z001319-FR,FailureReverse_ObservationInvalidated_WideStop1_5R,Short,Primary,None,2026-01-13 17:10:00,22.11999999999898,0.0,Accepted,,2026-01-13 17:50:00,TP,530.88,527.28,132.7199999999939,True,20260113-1705-BULL-OBS-001321-Z001319-FR|FailureReverse_ObservationInvalidated_WideStop1_5R|Primary
OPF-20260725-182236,2026-01-13,20260113-1925-BULL-OBS-001349-Z001348-OC-STR,ObservationStrict_Other,Long,Primary,None,2026-01-13 19:30:00,13.25,25.0,Accepted,,2026-01-13 20:10:00,SL,-79.5,-83.1,79.5,True,20260113-1925-BULL-OBS-001349-Z001348-OC-STR|ObservationStrict_Other|Primary
OPF-20260725-182236,2026-01-13,20260113-1925-BULL-OBS-001349-Z001348-OC-STR,ObservationStrict_Other_WideStop1_5R,Long,Secondary,Same,2026-01-13 19:30:00,19.5,25.0,Accepted,,2026-01-13 20:20:00,SL,-117.0,-120.6,117.0,True,20260113-1925-BULL-OBS-001349-Z001348-OC-STR|ObservationStrict_Other_WideStop1_5R|Secondary
OPF-20260725-182236,2026-01-13,20260113-2145-BEAR-OBS-001377-Z001377,ZoneBirthResearch,Short,Primary,None,2026-01-13 21:45:00,5.0,0.0,Accepted,,2026-01-13 21:50:00,PATH_END,-15.0,-18.6,30.0,False,20260113-2145-BEAR-OBS-001377-Z001377|ZoneBirthResearch|Primary
OPF-20260725-182438,2026-01-14,20260113-2320-BEAR-OBS-001108-Z001107-OC,ObservationConfirm,Short,Primary,None,2026-01-13 23:25:00,16.75,20.0,Accepted,,2026-01-14 00:00:00,SL,-100.5,-104.1,100.5,True,20260113-2320-BEAR-OBS-001108-Z001107-OC|ObservationConfirm|Primary
OPF-20260725-182438,2026-01-14,20260114-0120-BULL-OBS-001132-Z001132-OC,ObservationConfirm,Long,Primary,None,2026-01-14 01:25:00,8.75,12.0,Accepted,,2026-01-14 01:30:00,SL,-52.5,-56.1,52.5,True,20260114-0120-BULL-OBS-001132-Z001132-OC|ObservationConfirm|Primary
OPF-20260725-182438,2026-01-14,20260114-0310-BEAR-OBS-001154-Z001135-FR,FailureReverse_ObservationInvalidated,Long,Primary,None,2026-01-14 03:20:00,4.333333333333333,25.0,Accepted,,2026-01-14 03:25:00,SL,-26.0,-29.6,26.0,True,20260114-0310-BEAR-OBS-001154-Z001135-FR|FailureReverse_ObservationInvalidated|Primary
OPF-20260725-182438,2026-01-14,20260114-0450-BEAR-OBS-001174-Z001174-OC,ObservationConfirm,Short,Primary,None,2026-01-14 04:55:00,8.083333333333332,11.0,Accepted,,2026-01-14 05:00:00,TP,72.75,69.15,48.49999999999999,True,20260114-0450-BEAR-OBS-001174-Z001174-OC|ObservationConfirm|Primary
OPF-20260725-182438,2026-01-14,20260114-0450-BEAR-OBS-001174-Z001174-OC,ObservationConfirm_WideStop1_5R,Short,Secondary,Same,2026-01-14 04:55:00,11.5,18.0,Accepted,,2026-01-14 05:25:00,TP,103.5,99.9,69.0,True,20260114-0450-BEAR-OBS-001174-Z001174-OC|ObservationConfirm_WideStop1_5R|Secondary
OPF-20260725-182438,2026-01-14,20260114-0525-BEAR-OBS-001181-Z001181-OC,ObservationConfirm,Short,Primary,None,2026-01-14 05:30:00,6.25,22.0,Accepted,,2026-01-14 05:35:00,SL,-37.5,-41.1,37.5,True,20260114-0525-BEAR-OBS-001181-Z001181-OC|ObservationConfirm|Primary
OPF-20260725-182438,2026-01-14,20260114-0550-BEAR-OBS-001186-Z001186-OC,ObservationConfirm,Short,Primary,None,2026-01-14 05:55:00,8.5,22.0,Accepted,,2026-01-14 06:05:00,TP,76.5,72.9,51.0,True,20260114-0550-BEAR-OBS-001186-Z001186-OC|ObservationConfirm|Primary
OPF-20260725-182438,2026-01-14,20260114-0610-BEAR-OBS-001190-Z001189-OC,ObservationConfirm,Short,Primary,None,2026-01-14 06:15:00,9.75,22.0,Accepted,,2026-01-14 06:25:00,SL,-58.5,-62.1,58.5,True,20260114-0610-BEAR-OBS-001190-Z001189-OC|ObservationConfirm|Primary
OPF-20260725-182438,2026-01-14,20260114-0700-BULL-OBS-001200-Z001200-OC,ObservationConfirm,Long,Primary,None,2026-01-14 07:05:00,6.666666666666666,12.0,Accepted,,2026-01-14 07:20:00,SL,-40.0,-43.6,40.0,True,20260114-0700-BULL-OBS-001200-Z001200-OC|ObservationConfirm|Primary
OPF-20260725-182438,2026-01-14,20260114-0930-BEAR-OBS-001230-Z001230,ZoneBirthResearch,Short,Primary,None,2026-01-14 09:30:00,8.25,8.0,Accepted,,2026-01-14 10:10:00,SPLIT_BASE_TP_RUNNER_TP,148.5,144.9,49.5,True,20260114-0930-BEAR-OBS-001230-Z001230|ZoneBirthResearch|Primary
OPF-20260725-182438,2026-01-14,20260114-0935-BEAR-OBS-001231-Z001230,UnknownRegimeZoneTouch,Short,Secondary,Same,2026-01-14 09:35:00,7.75,25.0,Accepted,,2026-01-14 09:50:00,TP,139.5,135.9,46.5,True,20260114-0935-BEAR-OBS-001231-Z001230|UnknownRegimeZoneTouch|Secondary
OPF-20260725-182438,2026-01-14,20260114-1050-BEAR-BRK-001246-Z001246,BreakawayFvg,Short,Primary,None,2026-01-14 10:50:00,21.666666666666664,30.0,Accepted,,2026-01-14 11:20:00,SL,-130.0,-133.6,130.0,True,20260114-1050-BEAR-BRK-001246-Z001246|BreakawayFvg|Primary
OPF-20260725-182438,2026-01-14,20260114-1345-BEAR-OBS-001281-Z001281,ZoneBirthResearch,Short,Primary,None,2026-01-14 13:45:00,13.25,18.0,Accepted,,2026-01-14 13:50:00,SPLIT_BASE_SL_RUNNER_SL,-79.5,-83.1,79.5,True,20260114-1345-BEAR-OBS-001281-Z001281|ZoneBirthResearch|Primary
OPF-20260725-182438,2026-01-14,20260114-1855-BEAR-OBS-001343-Z001317-OC,ObservationConfirm,Short,Primary,None,2026-01-14 19:00:00,18.75,22.0,Accepted,,2026-01-14 19:20:00,SL,-112.5,-116.1,112.5,False,20260114-1855-BEAR-OBS-001343-Z001317-OC|ObservationConfirm|Primary
OPF-20260725-182647,2026-01-15,20260115-0355-BEAR-OBS-001163-Z001163-OC,ObservationConfirm,Short,Primary,None,2026-01-15 04:00:00,11.75,22.0,Accepted,,2026-01-15 04:15:00,SL,-70.5,-74.1,70.5,True,20260115-0355-BEAR-OBS-001163-Z001163-OC|ObservationConfirm|Primary
OPF-20260725-182647,2026-01-15,20260115-0520-BULL-OBS-001180-Z001179-OC,ObservationConfirm_WideStop1_5R,Long,Primary,None,2026-01-15 05:25:00,8.166666666666666,18.0,Accepted,,2026-01-15 05:40:00,TP,147.0,143.4,49.0,True,20260115-0520-BULL-OBS-001180-Z001179-OC|ObservationConfirm_WideStop1_5R|Primary
OPF-20260725-182647,2026-01-15,20260115-0550-BULL-PB-001186-Z001185,AlmostConfirmed,Long,Primary,None,2026-01-15 05:50:00,7.916666666666665,25.0,Accepted,,2026-01-15 05:55:00,SL,-47.5,-51.1,47.49999999999999,True,20260115-0550-BULL-PB-001186-Z001185|AlmostConfirmed|Primary
OPF-20260725-182647,2026-01-15,20260115-0600-BEAR-OBS-001188-Z001188-OC,ObservationConfirm,Short,Primary,None,2026-01-15 06:05:00,6.75,18.0,Accepted,,2026-01-15 06:10:00,SL,-40.5,-44.1,40.5,True,20260115-0600-BEAR-OBS-001188-Z001188-OC|ObservationConfirm|Primary
OPF-20260725-182647,2026-01-15,20260115-0645-BULL-OBS-001197-Z001197-OC,ObservationConfirm_WideStop1_5R,Long,Primary,None,2026-01-15 06:50:00,26.0,25.0,Accepted,,2026-01-15 07:05:00,SL,-156.0,-159.6,156.0,True,20260115-0645-BULL-OBS-001197-Z001197-OC|ObservationConfirm_WideStop1_5R|Primary
OPF-20260725-182647,2026-01-15,20260115-0940-BULL-OBS-001232-Z001232-OC,ObservationConfirm_WideStop1_5R,Long,Primary,None,2026-01-15 09:45:00,19.75,22.0,Accepted,,2026-01-15 09:55:00,SL,-118.5,-122.1,118.5,True,20260115-0940-BULL-OBS-001232-Z001232-OC|ObservationConfirm_WideStop1_5R|Primary
OPF-20260725-182647,2026-01-15,20260115-1205-BEAR-OBS-001261-Z001261,ZoneBirthResearch,Short,Primary,None,2026-01-15 12:05:00,4.0,0.0,Accepted,,2026-01-15 12:25:00,SPLIT_BASE_TP_RUNNER_TP,72.0,68.4,24.0,True,20260115-1205-BEAR-OBS-001261-Z001261|ZoneBirthResearch|Primary
OPF-20260725-182647,2026-01-15,20260115-1345-BULL-OBS-001281-Z001281-OC,ObservationConfirm,Long,Primary,None,2026-01-15 13:50:00,11.5,12.0,Accepted,,2026-01-15 14:25:00,TP,276.0,272.4,69.0,True,20260115-1345-BULL-OBS-001281-Z001281-OC|ObservationConfirm|Primary
OPF-20260725-182647,2026-01-15,20260115-1345-BULL-OBS-001281-Z001281-OC,ObservationConfirm_WideStop1_5R,Long,Secondary,Same,2026-01-15 13:50:00,17.0,22.0,Accepted,,2026-01-15 14:25:00,TP,306.0,302.4,102.0,True,20260115-1345-BULL-OBS-001281-Z001281-OC|ObservationConfirm_WideStop1_5R|Secondary
OPF-20260725-182647,2026-01-15,20260115-2000-BULL-OBS-001356-Z001225-OC-STR,ObservationStrict_Other,Long,Primary,None,2026-01-15 20:05:00,19.0,25.0,Accepted,,2026-01-15 20:15:00,SL,-114.0,-117.6,114.0,True,20260115-2000-BULL-OBS-001356-Z001225-OC-STR|ObservationStrict_Other|Primary
OPF-20260725-182647,2026-01-15,20260115-2145-BULL-BRK-001377-Z001377-Q,BreakawayFvg_Qualified,Long,Primary,None,2026-01-15 21:45:00,6.5,11.0,Accepted,,2026-01-15 21:50:00,PATH_END,-15.0,-18.6,39.0,False,20260115-2145-BULL-BRK-001377-Z001377-Q|BreakawayFvg_Qualified|Primary
OPF-20260725-182849,2026-01-16,20260115-2350-BULL-OBS-001114-Z001114-OC,ObservationConfirm,Long,Primary,None,2026-01-15 23:55:00,8.75,12.0,Accepted,,2026-01-16 00:00:00,SL,-52.5,-56.1,52.5,True,20260115-2350-BULL-OBS-001114-Z001114-OC|ObservationConfirm|Primary
OPF-20260725-182849,2026-01-16,20260115-2350-BULL-OBS-001114-Z001114-OC,ObservationConfirm_WideStop1_5R,Long,Secondary,Same,2026-01-15 23:55:00,13.119999999998981,22.0,Accepted,,2026-01-16 00:50:00,TIME_STOP,108.0,104.4,78.71999999999389,True,20260115-2350-BULL-OBS-001114-Z001114-OC|ObservationConfirm_WideStop1_5R|Secondary
OPF-20260725-182849,2026-01-16,20260115-2355-BULL-OBS-001115-Z001114-OC,ObservationConfirm_WideStop1_5R,Long,Secondary,Same,2026-01-16 00:10:00,8.25,22.0,Accepted,,2026-01-16 01:00:00,TP,148.5,144.9,49.5,True,20260115-2355-BULL-OBS-001115-Z001114-OC|ObservationConfirm_WideStop1_5R|Secondary
OPF-20260725-182849,2026-01-16,20260116-0140-BULL-OBS-001136-Z001135-OC,ObservationConfirm,Long,Primary,None,2026-01-16 01:50:00,11.0,12.0,Accepted,,2026-01-16 02:00:00,SL,-66.0,-69.6,66.0,True,20260116-0140-BULL-OBS-001136-Z001135-OC|ObservationConfirm|Primary
OPF-20260725-182849,2026-01-16,20260116-0140-BULL-OBS-001136-Z001135-OC,ObservationConfirm_WideStop1_5R,Long,Secondary,Same,2026-01-16 01:50:00,16.25,18.0,Accepted,,2026-01-16 02:45:00,TIME_STOP,117.0,113.4,97.5,True,20260116-0140-BULL-OBS-001136-Z001135-OC|ObservationConfirm_WideStop1_5R|Secondary
OPF-20260725-182849,2026-01-16,20260116-0215-BULL-OBS-001143-Z001142-OC,ObservationConfirm_WideStop1_5R,Long,Secondary,Same,2026-01-16 02:20:00,12.5,18.0,Accepted,,2026-01-16 03:15:00,TIME_STOP,78.0,74.4,75.0,True,20260116-0215-BULL-OBS-001143-Z001142-OC|ObservationConfirm_WideStop1_5R|Secondary
OPF-20260725-182849,2026-01-16,20260116-0255-BULL-OBS-001151-Z001146-OC,ObservationConfirm_WideStop1_5R,Long,Secondary,Same,2026-01-16 03:00:00,4.5,18.0,Accepted,,2026-01-16 03:55:00,TIME_STOP,-9.0,-12.6,27.0,True,20260116-0255-BULL-OBS-001151-Z001146-OC|ObservationConfirm_WideStop1_5R|Secondary
OPF-20260725-182849,2026-01-16,20260116-0420-BULL-OBS-001168-Z001168-OC,ObservationConfirm,Long,Primary,None,2026-01-16 04:25:00,9.0,12.0,Accepted,,2026-01-16 05:20:00,TP,81.0,77.4,54.0,True,20260116-0420-BULL-OBS-001168-Z001168-OC|ObservationConfirm|Primary
OPF-20260725-182849,2026-01-16,20260116-0455-BULL-OBS-001175-Z001175-OC,ObservationConfirm_WideStop1_5R,Long,Secondary,Same,2026-01-16 05:00:00,6.416666666666666,22.0,Accepted,,2026-01-16 05:55:00,TIME_STOP,-1.0,-4.6,38.5,True,20260116-0455-BULL-OBS-001175-Z001175-OC|ObservationConfirm_WideStop1_5R|Secondary
OPF-20260725-182849,2026-01-16,20260116-1145-BEAR-OBS-001257-Z001257-OC,ObservationConfirm,Short,Primary,None,2026-01-16 11:50:00,18.75,18.0,Accepted,,2026-01-16 12:55:00,TP,168.75,165.15,112.5,True,20260116-1145-BEAR-OBS-001257-Z001257-OC|ObservationConfirm|Primary
OPF-20260725-182849,2026-01-16,20260116-1655-BEAR-OBS-001319-Z001319-OC,ObservationConfirm,Short,Primary,None,2026-01-16 17:00:00,22.75,22.0,Accepted,,2026-01-16 17:45:00,TP,204.75,201.15,136.5,True,20260116-1655-BEAR-OBS-001319-Z001319-OC|ObservationConfirm|Primary
OPF-20260725-182849,2026-01-16,20260116-1820-BEAR-OBS-001336-Z001319-OC,ObservationConfirm,Short,Primary,None,2026-01-16 18:25:00,12.25,22.0,Accepted,,2026-01-16 18:30:00,SL,-73.5,-77.1,73.5,False,20260116-1820-BEAR-OBS-001336-Z001319-OC|ObservationConfirm|Primary
OPF-20260725-183053,2026-01-20,20260120-0140-BULL-OBS-001088-Z001086-OC,ObservationConfirm_WideStop1_5R,Long,Primary,None,2026-01-20 01:45:00,18.25,18.0,Accepted,,2026-01-20 02:15:00,SL,-109.5,-113.1,109.5,True,20260120-0140-BULL-OBS-001088-Z001086-OC|ObservationConfirm_WideStop1_5R|Primary
OPF-20260725-183053,2026-01-20,20260120-0325-BEAR-OBS-001109-Z001109-OC,ObservationConfirm,Short,Primary,None,2026-01-20 03:30:00,11.666666666666666,20.0,Accepted,,2026-01-20 04:10:00,TP,105.0,101.4,70.0,True,20260120-0325-BEAR-OBS-001109-Z001109-OC|ObservationConfirm|Primary
OPF-20260725-183053,2026-01-20,20260120-0540-BEAR-OBS-001136-Z001136-OC,ObservationConfirm,Short,Primary,None,2026-01-20 05:45:00,18.75,20.0,Accepted,,2026-01-20 06:05:00,TP,168.75,165.15,112.5,True,20260120-0540-BEAR-OBS-001136-Z001136-OC|ObservationConfirm|Primary
OPF-20260725-183053,2026-01-20,20260120-0820-BEAR-OBS-001168-Z001168-OC,ObservationConfirm,Short,Primary,None,2026-01-20 08:25:00,23.0,22.0,Accepted,,2026-01-20 08:35:00,TP,207.0,203.4,138.0,True,20260120-0820-BEAR-OBS-001168-Z001168-OC|ObservationConfirm|Primary
OPF-20260725-183053,2026-01-20,20260120-0840-BEAR-OBS-001172-Z001172-FR,FailureReverse_ObservationInvalidated_WideStop1_5R,Long,Primary,None,2026-01-20 08:45:00,20.833333333333332,25.0,Accepted,,2026-01-20 08:55:00,SL,-125.0,-128.6,125.0,True,20260120-0840-BEAR-OBS-001172-Z001172-FR|FailureReverse_ObservationInvalidated_WideStop1_5R|Primary
OPF-20260725-183053,2026-01-20,20260120-1105-BULL-OBS-001201-Z001201-OC,ObservationConfirm_WideStop1_5R,Long,Primary,None,2026-01-20 11:10:00,17.916666666666664,18.0,Accepted,,2026-01-20 11:15:00,SL,-107.5,-111.1,107.49999999999999,True,20260120-1105-BULL-OBS-001201-Z001201-OC|ObservationConfirm_WideStop1_5R|Primary
OPF-20260725-183053,2026-01-20,20260120-1825-BEAR-BRK-001289-Z001289,BreakawayFvg,Short,Primary,None,2026-01-20 18:25:00,20.166666666666664,30.0,Accepted,,2026-01-20 19:15:00,TP,484.0,480.4,120.99999999999999,True,20260120-1825-BEAR-BRK-001289-Z001289|BreakawayFvg|Primary
OPF-20260725-183053,2026-01-20,20260120-2125-BEAR-OBS-001324-Z001324-OC,ObservationConfirm,Short,Primary,None,2026-01-20 21:30:00,19.75,20.0,Accepted,,2026-01-20 21:50:00,PATH_END,-40.5,-44.1,118.5,False,20260120-2125-BEAR-OBS-001324-Z001324-OC|ObservationConfirm|Primary
OPF-20260725-183303,2026-01-21,20260121-0120-BULL-OBS-001083-Z001083-OC,ObservationConfirm,Long,Primary,None,2026-01-21 01:25:00,9.75,12.0,Accepted,,2026-01-21 01:30:00,SL,-58.5,-62.1,58.5,True,20260121-0120-BULL-OBS-001083-Z001083-OC|ObservationConfirm|Primary
OPF-20260725-183303,2026-01-21,20260121-0200-BULL-OBS-001091-Z001082-OC,ObservationConfirm,Long,Primary,None,2026-01-21 02:05:00,7.25,12.0,Accepted,,2026-01-21 02:15:00,SL,-43.5,-47.1,43.5,True,20260121-0200-BULL-OBS-001091-Z001082-OC|ObservationConfirm|Primary
OPF-20260725-183303,2026-01-21,20260121-0200-BULL-OBS-001091-Z001082-OC,ObservationConfirm_WideStop1_5R,Long,Secondary,Same,2026-01-21 02:05:00,10.5,18.0,Accepted,,2026-01-21 02:15:00,SL,-63.0,-66.6,63.0,True,20260121-0200-BULL-OBS-001091-Z001082-OC|ObservationConfirm_WideStop1_5R|Secondary
OPF-20260725-183303,2026-01-21,20260121-0230-BULL-OBS-001097-Z001075-OC,ObservationConfirm,Long,Primary,None,2026-01-21 02:35:00,8.833333333333332,12.0,Accepted,,2026-01-21 02:40:00,TP,79.5,75.9,52.99999999999999,True,20260121-0230-BULL-OBS-001097-Z001075-OC|ObservationConfirm|Primary
OPF-20260725-183303,2026-01-21,20260121-0245-BULL-OBS-001100-Z001100-OC,ObservationConfirm,Long,Primary,None,2026-01-21 02:50:00,7.583333333333333,12.0,Accepted,,2026-01-21 02:55:00,SL,-45.5,-49.1,45.5,True,20260121-0245-BULL-OBS-001100-Z001100-OC|ObservationConfirm|Primary
OPF-20260725-183303,2026-01-21,20260121-0320-BULL-OBS-001107-Z001107-OC,ObservationConfirm_WideStop1_5R,Long,Primary,None,2026-01-21 03:25:00,21.0,22.0,Accepted,,2026-01-21 03:45:00,SL,-126.0,-129.6,126.0,True,20260121-0320-BULL-OBS-001107-Z001107-OC|ObservationConfirm_WideStop1_5R|Primary
OPF-20260725-183303,2026-01-21,20260121-0510-BULL-OBS-001129-Z001129-OC,ObservationConfirm,Long,Primary,None,2026-01-21 05:15:00,11.75,12.0,Accepted,,2026-01-21 05:25:00,SL,-70.5,-74.1,70.5,True,20260121-0510-BULL-OBS-001129-Z001129-OC|ObservationConfirm|Primary
OPF-20260725-183303,2026-01-21,20260121-0510-BULL-OBS-001129-Z001129-OC,ObservationConfirm_WideStop1_5R,Long,Secondary,Same,2026-01-21 05:15:00,17.61999999999898,22.0,Accepted,,2026-01-21 06:10:00,TIME_STOP,76.5,72.9,105.71999999999389,True,20260121-0510-BULL-OBS-001129-Z001129-OC|ObservationConfirm_WideStop1_5R|Secondary
OPF-20260725-183303,2026-01-21,20260121-0535-BULL-OBS-001134-Z001134-OC,ObservationConfirm_WideStop1_5R,Long,Secondary,Same,2026-01-21 05:40:00,18.63000000000102,22.0,Accepted,,2026-01-21 06:35:00,TIME_STOP,-45.0,-48.6,111.78000000000611,True,20260121-0535-BULL-OBS-001134-Z001134-OC|ObservationConfirm_WideStop1_5R|Secondary
OPF-20260725-183303,2026-01-21,20260121-0650-BEAR-OBS-001149-Z001149-OC,ObservationConfirm,Short,Primary,None,2026-01-21 06:55:00,16.75,18.0,Accepted,,2026-01-21 07:05:00,SL,-100.5,-104.1,100.5,True,20260121-0650-BEAR-OBS-001149-Z001149-OC|ObservationConfirm|Primary
OPF-20260725-183303,2026-01-21,20260121-0720-BULL-OBS-001155-Z001155-OC,ObservationConfirm,Long,Primary,None,2026-01-21 07:25:00,6.0,12.0,Accepted,,2026-01-21 07:30:00,SL,-36.0,-39.6,36.0,True,20260121-0720-BULL-OBS-001155-Z001155-OC|ObservationConfirm|Primary
OPF-20260725-183516,2026-01-22,20260122-0130-BULL-OBS-001085-Z001085-OC,ObservationConfirm,Long,Primary,None,2026-01-22 01:35:00,7.5,12.0,Accepted,,2026-01-22 02:05:00,TP,67.5,63.9,45.0,True,20260122-0130-BULL-OBS-001085-Z001085-OC|ObservationConfirm|Primary
OPF-20260725-183516,2026-01-22,20260122-0215-BEAR-OBS-001094-Z001094,ZoneBirthResearch,Short,Primary,None,2026-01-22 02:15:00,7.583333333333333,8.0,Accepted,,2026-01-22 03:05:00,SPLIT_BASE_TP_RUNNER_BE,75.83,72.23,45.5,True,20260122-0215-BEAR-OBS-001094-Z001094|ZoneBirthResearch|Primary
OPF-20260725-183516,2026-01-22,20260122-0220-BEAR-OBS-001095-Z001095,ZoneBirthResearch,Short,Secondary,Same,2026-01-22 02:20:00,4.5,8.0,Accepted,,2026-01-22 03:05:00,SPLIT_BASE_TP_RUNNER_BE,45.0,41.4,27.0,True,20260122-0220-BEAR-OBS-001095-Z001095|ZoneBirthResearch|Secondary
OPF-20260725-183516,2026-01-22,20260122-0305-BULL-OBS-001104-Z001104-OC,ObservationConfirm,Long,Primary,None,2026-01-22 03:10:00,10.0,12.0,Accepted,,2026-01-22 04:05:00,TIME_STOP,21.0,17.4,60.0,True,20260122-0305-BULL-OBS-001104-Z001104-OC|ObservationConfirm|Primary
OPF-20260725-183516,2026-01-22,20260122-0420-BEAR-OBS-001119-Z001119-OC,ObservationConfirm,Short,Primary,None,2026-01-22 04:35:00,12.916666666666666,20.0,Accepted,,2026-01-22 05:40:00,TP,116.25,112.65,77.5,True,20260122-0420-BEAR-OBS-001119-Z001119-OC|ObservationConfirm|Primary
OPF-20260725-183516,2026-01-22,20260122-0545-BEAR-OBS-001136-Z001136-OC,ObservationConfirm,Short,Primary,None,2026-01-22 05:50:00,22.75,22.0,Accepted,,2026-01-22 06:10:00,TP,204.75,201.15,136.5,True,20260122-0545-BEAR-OBS-001136-Z001136-OC|ObservationConfirm|Primary
OPF-20260725-183516,2026-01-22,20260122-0615-BEAR-OBS-001142-Z001142-OC,ObservationConfirm,Short,Primary,None,2026-01-22 06:20:00,20.25,22.0,Accepted,,2026-01-22 06:35:00,SL,-121.5,-125.1,121.5,True,20260122-0615-BEAR-OBS-001142-Z001142-OC|ObservationConfirm|Primary
OPF-20260725-183516,2026-01-22,20260122-1310-BULL-OBS-001225-Z001223-OC,ObservationConfirm_WideStop1_5R,Long,Primary,None,2026-01-22 13:15:00,24.75,25.0,Accepted,,2026-01-22 13:30:00,SL,-148.5,-152.1,148.5,True,20260122-1310-BULL-OBS-001225-Z001223-OC|ObservationConfirm_WideStop1_5R|Primary
OPF-20260725-183516,2026-01-22,20260122-1400-BULL-PB-001235-Z001233,AlmostConfirmed,Long,Primary,None,2026-01-22 14:00:00,7.666666666666665,25.0,Accepted,,2026-01-22 14:05:00,SL,-46.0,-49.6,45.99999999999999,True,20260122-1400-BULL-PB-001235-Z001233|AlmostConfirmed|Primary
OPF-20260725-183516,2026-01-22,20260122-1645-BULL-OBS-001268-Z001268-OC,ObservationConfirm_WideStop1_5R,Long,Primary,None,2026-01-22 16:50:00,21.5,22.0,Accepted,,2026-01-22 16:55:00,SL,-129.0,-132.6,129.0,True,20260122-1645-BULL-OBS-001268-Z001268-OC|ObservationConfirm_WideStop1_5R|Primary
OPF-20260725-183516,2026-01-22,20260122-1815-BEAR-OBS-001286-Z001286-OC,ObservationConfirm,Short,Primary,None,2026-01-22 18:25:00,11.5,18.0,Accepted,,2026-01-22 18:30:00,SL,-69.0,-72.6,69.0,True,20260122-1815-BEAR-OBS-001286-Z001286-OC|ObservationConfirm|Primary
OPF-20260725-183516,2026-01-22,20260122-2000-BEAR-OBS-001307-Z001307,ZoneBirthResearch,Short,Primary,None,2026-01-22 20:00:00,16.75,18.0,Accepted,,2026-01-22 20:15:00,SPLIT_BASE_SL_RUNNER_SL,-100.5,-104.1,100.5,False,20260122-2000-BEAR-OBS-001307-Z001307|ZoneBirthResearch|Primary
OPF-20260725-183721,2026-01-23,20260122-2305-BEAR-OBS-001056-Z001056-OC,ObservationConfirm,Short,Primary,None,2026-01-22 23:10:00,20.0,20.0,Accepted,,2026-01-22 23:20:00,SL,-120.0,-123.6,120.0,True,20260122-2305-BEAR-OBS-001056-Z001056-OC|ObservationConfirm|Primary
OPF-20260725-183721,2026-01-23,20260123-0040-BULL-OBS-001075-Z001075-OC,ObservationConfirm,Long,Primary,None,2026-01-23 00:45:00,7.583333333333333,12.0,Accepted,,2026-01-23 00:55:00,TP,68.25,64.65,45.5,True,20260123-0040-BULL-OBS-001075-Z001075-OC|ObservationConfirm|Primary
OPF-20260725-183721,2026-01-23,20260123-0200-BULL-OBS-001091-Z001090-OC-STR,ObservationStrict_Other,Long,Primary,None,2026-01-23 02:05:00,4.5,25.0,Accepted,,2026-01-23 02:25:00,SL,-27.0,-30.6,27.0,True,20260123-0200-BULL-OBS-001091-Z001090-OC-STR|ObservationStrict_Other|Primary
OPF-20260725-183721,2026-01-23,20260123-0225-BEAR-OBS-001096-Z001096-OC,ObservationConfirm,Short,Primary,None,2026-01-23 02:30:00,7.5,11.0,Accepted,,2026-01-23 03:00:00,SL,-45.0,-48.6,45.0,True,20260123-0225-BEAR-OBS-001096-Z001096-OC|ObservationConfirm|Primary
OPF-20260725-183721,2026-01-23,20260123-0320-BULL-OBS-001107-Z001107-OC,ObservationConfirm,Long,Primary,None,2026-01-23 03:25:00,7.75,12.0,Accepted,,2026-01-23 03:35:00,SL,-46.5,-50.1,46.5,True,20260123-0320-BULL-OBS-001107-Z001107-OC|ObservationConfirm|Primary
OPF-20260725-183721,2026-01-23,20260123-0320-BULL-OBS-001107-Z001107-OC,ObservationConfirm_WideStop1_5R,Long,Secondary,Same,2026-01-23 03:25:00,11.5,22.0,Accepted,,2026-01-23 03:35:00,SL,-69.0,-72.6,69.0,True,20260123-0320-BULL-OBS-001107-Z001107-OC|ObservationConfirm_WideStop1_5R|Secondary
OPF-20260725-183721,2026-01-23,20260123-0325-BULL-OBS-001108-Z001107-FR-RT,FailureReverse_RetestFailed,Short,Primary,None,2026-01-23 04:00:00,8.0,11.0,Accepted,,2026-01-23 04:30:00,SL,-48.0,-51.6,48.0,True,20260123-0325-BULL-OBS-001108-Z001107-FR-RT|FailureReverse_RetestFailed|Primary
OPF-20260725-183721,2026-01-23,20260123-0430-BULL-OBS-001121-Z001121-OC,ObservationConfirm,Long,Primary,None,2026-01-23 04:35:00,6.75,12.0,Accepted,,2026-01-23 04:45:00,SL,-40.5,-44.1,40.5,True,20260123-0430-BULL-OBS-001121-Z001121-OC|ObservationConfirm|Primary
OPF-20260725-183721,2026-01-23,20260123-0500-BULL-OBS-001127-Z001126-OC,ObservationConfirm,Long,Primary,None,2026-01-23 05:05:00,8.5,12.0,Accepted,,2026-01-23 06:00:00,TP,76.5,72.9,51.0,True,20260123-0500-BULL-OBS-001127-Z001126-OC|ObservationConfirm|Primary
OPF-20260725-183721,2026-01-23,20260123-0455-BULL-OBS-001126-Z001126-OC,ObservationConfirm_WideStop1_5R,Long,Secondary,Same,2026-01-23 05:05:00,12.75,18.0,Accepted,,2026-01-23 06:00:00,TIME_STOP,126.0,122.4,76.5,True,20260123-0455-BULL-OBS-001126-Z001126-OC|ObservationConfirm_WideStop1_5R|Secondary
OPF-20260725-183721,2026-01-23,20260123-0600-BULL-OBS-001139-Z001139-OC,ObservationConfirm,Long,Primary,None,2026-01-23 06:05:00,9.5,12.0,Accepted,,2026-01-23 06:35:00,SL,-57.0,-60.6,57.0,True,20260123-0600-BULL-OBS-001139-Z001139-OC|ObservationConfirm|Primary
OPF-20260725-183721,2026-01-23,20260123-0610-BULL-PB-001141-Z001140,AlmostConfirmed,Long,Secondary,Same,2026-01-23 06:10:00,8.25,18.0,Accepted,,2026-01-23 06:35:00,SL,-49.5,-53.1,49.5,True,20260123-0610-BULL-PB-001141-Z001140|AlmostConfirmed|Secondary
OPF-20260725-183721,2026-01-23,20260123-0750-BEAR-OBS-001161-Z001161-OC,ObservationConfirm,Short,Primary,None,2026-01-23 07:55:00,8.0,11.0,Accepted,,2026-01-23 08:00:00,TP,72.0,68.4,48.0,True,20260123-0750-BEAR-OBS-001161-Z001161-OC|ObservationConfirm|Primary
OPF-20260725-183721,2026-01-23,20260123-0945-BEAR-OBS-001184-Z001184,ZoneBirthResearch,Short,Primary,None,2026-01-23 09:45:00,13.0,0.0,Accepted,,2026-01-23 09:55:00,SPLIT_BASE_SL_RUNNER_SL,-78.0,-81.6,78.0,True,20260123-0945-BEAR-OBS-001184-Z001184|ZoneBirthResearch|Primary
OPF-20260725-183721,2026-01-23,20260123-1140-BULL-OBS-001207-Z001205-FR,FailureReverse_ObservationInvalidated_WideStop1_5R,Short,Primary,None,2026-01-23 11:45:00,17.0,0.0,Accepted,,2026-01-23 14:00:00,TP,408.0,404.4,102.0,True,20260123-1140-BULL-OBS-001207-Z001205-FR|FailureReverse_ObservationInvalidated_WideStop1_5R|Primary
OPF-20260725-183925,2026-01-26,20260126-0245-BEAR-OBS-001148-Z001148,ZoneBirthResearch,Short,Primary,None,2026-01-26 02:45:00,19.0,18.0,Accepted,,2026-01-26 03:00:00,SPLIT_BASE_SL_RUNNER_SL,-114.0,-117.6,114.0,True,20260126-0245-BEAR-OBS-001148-Z001148|ZoneBirthResearch|Primary
OPF-20260725-183925,2026-01-26,20260126-0310-BULL-OBS-001153-Z001153-FR,FailureReverse_ObservationInvalidated_WideStop1_5R,Short,Primary,None,2026-01-26 03:15:00,11.25,25.0,Accepted,,2026-01-26 03:55:00,SL,-67.5,-71.1,67.5,True,20260126-0310-BULL-OBS-001153-Z001153-FR|FailureReverse_ObservationInvalidated_WideStop1_5R|Primary
OPF-20260725-183925,2026-01-26,20260126-0530-BULL-OBS-001181-Z001181-OC,ObservationConfirm,Long,Primary,None,2026-01-26 05:35:00,11.166666666666666,12.0,Accepted,,2026-01-26 07:55:00,TP,268.0,264.4,67.0,True,20260126-0530-BULL-OBS-001181-Z001181-OC|ObservationConfirm|Primary
OPF-20260725-183925,2026-01-26,20260126-0605-BULL-OBS-001188-Z001188-OC,ObservationConfirm,Long,Secondary,Same,2026-01-26 06:10:00,11.75,12.0,Accepted,,2026-01-26 06:35:00,SL,-70.5,-74.1,70.5,True,20260126-0605-BULL-OBS-001188-Z001188-OC|ObservationConfirm|Secondary
OPF-20260725-183925,2026-01-26,20260126-0640-BULL-OBS-001195-Z001186-OC,ObservationConfirm_WideStop1_5R,Long,Secondary,Same,2026-01-26 06:45:00,13.0,22.0,Accepted,,2026-01-26 07:40:00,TIME_STOP,118.5,114.9,78.0,True,20260126-0640-BULL-OBS-001195-Z001186-OC|ObservationConfirm_WideStop1_5R|Secondary
OPF-20260725-183925,2026-01-26,20260126-0915-BEAR-OBS-001226-Z001226-OC,ObservationConfirm,Short,Primary,None,2026-01-26 09:20:00,20.5,20.0,Accepted,,2026-01-26 09:30:00,TP,184.5,180.9,123.0,True,20260126-0915-BEAR-OBS-001226-Z001226-OC|ObservationConfirm|Primary
OPF-20260725-183925,2026-01-26,20260126-1015-BEAR-OBS-001238-Z001231,UnknownRegimeZoneTouch,Short,Primary,None,2026-01-26 10:15:00,12.5,25.0,Accepted,,2026-01-26 10:25:00,SL,-75.0,-78.6,75.0,True,20260126-1015-BEAR-OBS-001238-Z001231|UnknownRegimeZoneTouch|Primary
OPF-20260725-183925,2026-01-26,20260126-1100-BULL-OBS-001247-Z001241-OC-STR,ObservationStrict_Other,Long,Primary,None,2026-01-26 11:05:00,5.75,25.0,Accepted,,2026-01-26 11:10:00,SL,-34.5,-38.1,34.5,True,20260126-1100-BULL-OBS-001247-Z001241-OC-STR|ObservationStrict_Other|Primary
OPF-20260725-183925,2026-01-26,20260126-1220-BEAR-OBS-001263-Z001263,ZoneBirthResearch,Short,Primary,None,2026-01-26 12:20:00,18.25,18.0,Accepted,,2026-01-26 13:10:00,SPLIT_BASE_SL_RUNNER_SL,-109.5,-113.1,109.5,True,20260126-1220-BEAR-OBS-001263-Z001263|ZoneBirthResearch|Primary
OPF-20260725-183925,2026-01-26,20260126-1335-BEAR-OBS-001278-Z001278,ZoneBirthResearch,Short,Primary,None,2026-01-26 13:35:00,12.583333333333332,18.0,Accepted,,2026-01-26 13:45:00,SPLIT_BASE_SL_RUNNER_SL,-75.5,-79.1,75.5,True,20260126-1335-BEAR-OBS-001278-Z001278|ZoneBirthResearch|Primary
OPF-20260725-183925,2026-01-26,20260126-1550-BULL-OBS-001305-Z001305-OC,ObservationConfirm_WideStop1_5R,Long,Primary,None,2026-01-26 15:55:00,22.166666666666664,25.0,Accepted,,2026-01-26 16:20:00,SL,-133.0,-136.6,133.0,True,20260126-1550-BULL-OBS-001305-Z001305-OC|ObservationConfirm_WideStop1_5R|Primary
OPF-20260725-183925,2026-01-26,20260126-1725-BULL-OBS-001324-Z001320-FR,FailureReverse_ObservationInvalidated_WideStop1_5R,Short,Primary,None,2026-01-26 17:30:00,11.5,25.0,Accepted,,2026-01-26 18:30:00,SL,-69.0,-72.6,69.0,True,20260126-1725-BULL-OBS-001324-Z001320-FR|FailureReverse_ObservationInvalidated_WideStop1_5R|Primary
OPF-20260725-183925,2026-01-26,20260126-1950-BEAR-OBS-001353-Z001353-OC,ObservationConfirm,Short,Primary,None,2026-01-26 19:55:00,20.75,22.0,Accepted,,2026-01-26 20:35:00,SL,-124.5,-128.1,124.5,False,20260126-1950-BEAR-OBS-001353-Z001353-OC|ObservationConfirm|Primary
OPF-20260725-184128,2026-01-27,20260126-2345-BULL-OBS-001113-Z001113-OC,ObservationConfirm,Long,Primary,None,2026-01-26 23:50:00,7.333333333333333,12.0,Accepted,,2026-01-27 00:05:00,SL,-44.0,-47.6,44.0,True,20260126-2345-BULL-OBS-001113-Z001113-OC|ObservationConfirm|Primary
OPF-20260725-184128,2026-01-27,20260127-0150-BULL-OBS-001138-Z001138-OC,ObservationConfirm_WideStop1_5R,Long,Primary,None,2026-01-27 01:55:00,5.166666666666666,22.0,Accepted,,2026-01-27 02:05:00,TP,93.0,89.4,30.999999999999996,True,20260127-0150-BULL-OBS-001138-Z001138-OC|ObservationConfirm_WideStop1_5R|Primary
OPF-20260725-184128,2026-01-27,20260127-0155-BULL-OBS-001139-Z001138-OC,ObservationConfirm_WideStop1_5R,Long,Secondary,Same,2026-01-27 02:00:00,22.25,22.0,Accepted,,2026-01-27 02:55:00,TIME_STOP,220.5,216.9,133.5,True,20260127-0155-BULL-OBS-001139-Z001138-OC|ObservationConfirm_WideStop1_5R|Secondary
OPF-20260725-184128,2026-01-27,20260127-0300-BULL-OBS-001152-Z001152-OC,ObservationConfirm,Long,Primary,None,2026-01-27 03:05:00,10.416666666666666,12.0,Accepted,,2026-01-27 03:30:00,SL,-62.5,-66.1,62.5,True,20260127-0300-BULL-OBS-001152-Z001152-OC|ObservationConfirm|Primary
OPF-20260725-184128,2026-01-27,20260127-0310-BULL-OBS-001154-Z001152-OC,ObservationConfirm_WideStop1_5R,Long,Secondary,Same,2026-01-27 03:15:00,8.416666666666666,22.0,Accepted,,2026-01-27 04:10:00,TP,151.5,147.9,50.5,True,20260127-0310-BULL-OBS-001154-Z001152-OC|ObservationConfirm_WideStop1_5R|Secondary
OPF-20260725-184128,2026-01-27,20260127-0340-BULL-OBS-001160-Z001160-OC,ObservationConfirm_WideStop1_5R,Long,Secondary,Same,2026-01-27 03:50:00,5.75,18.0,Accepted,,2026-01-27 04:05:00,TP,103.5,99.9,34.5,True,20260127-0340-BULL-OBS-001160-Z001160-OC|ObservationConfirm_WideStop1_5R|Secondary
OPF-20260725-184128,2026-01-27,20260127-0420-BULL-OBS-001168-Z001166-OC,ObservationConfirm_WideStop1_5R,Long,Primary,None,2026-01-27 04:30:00,18.416666666666664,22.0,Accepted,,2026-01-27 05:25:00,TIME_STOP,-55.0,-58.6,110.49999999999999,True,20260127-0420-BULL-OBS-001168-Z001166-OC|ObservationConfirm_WideStop1_5R|Primary
OPF-20260725-184128,2026-01-27,20260127-0540-BULL-OBS-001184-Z001183-OC-STR,ObservationStrict_Other,Long,Primary,None,2026-01-27 05:45:00,18.0,25.0,Accepted,,2026-01-27 06:40:00,TIME_STOP,42.0,38.4,108.0,True,20260127-0540-BULL-OBS-001184-Z001183-OC-STR|ObservationStrict_Other|Primary
OPF-20260725-184128,2026-01-27,20260127-0545-BULL-OBS-001185-Z001185-OC,ObservationConfirm_WideStop1_5R,Long,Secondary,Same,2026-01-27 05:50:00,23.916666666666664,25.0,Accepted,,2026-01-27 06:45:00,TIME_STOP,2.0,-1.6,143.5,True,20260127-0545-BULL-OBS-001185-Z001185-OC|ObservationConfirm_WideStop1_5R|Secondary
OPF-20260725-184128,2026-01-27,20260127-0720-BULL-OBS-001204-Z001185-OC,ObservationConfirm,Long,Primary,None,2026-01-27 07:25:00,10.75,12.0,Accepted,,2026-01-27 08:10:00,SL,-64.5,-68.1,64.5,True,20260127-0720-BULL-OBS-001204-Z001185-OC|ObservationConfirm|Primary
OPF-20260725-184128,2026-01-27,20260127-1200-BULL-PB-001260-Z001255,AlmostConfirmed,Long,Primary,None,2026-01-27 12:00:00,10.666666666666666,25.0,Accepted,,2026-01-27 12:25:00,SL,-64.0,-67.6,64.0,True,20260127-1200-BULL-PB-001260-Z001255|AlmostConfirmed|Primary
OPF-20260725-184128,2026-01-27,20260127-1350-BEAR-OBS-001282-Z001282-OC,ObservationConfirm,Short,Primary,None,2026-01-27 13:55:00,7.083333333333333,11.0,Accepted,,2026-01-27 14:00:00,SL,-42.5,-46.1,42.5,True,20260127-1350-BEAR-OBS-001282-Z001282-OC|ObservationConfirm|Primary
OPF-20260725-184128,2026-01-27,20260127-1540-BULL-OBS-001304-Z001304-OC,ObservationConfirm_WideStop1_5R,Long,Primary,None,2026-01-27 15:45:00,20.333333333333332,22.0,Accepted,,2026-01-27 15:50:00,SL,-122.0,-125.6,122.0,True,20260127-1540-BULL-OBS-001304-Z001304-OC|ObservationConfirm_WideStop1_5R|Primary
OPF-20260725-184128,2026-01-27,20260127-1645-BULL-OBS-001317-Z001309-OC,ObservationConfirm,Long,Primary,None,2026-01-27 16:50:00,10.75,12.0,Accepted,,2026-01-27 17:00:00,SL,-64.5,-68.1,64.5,True,20260127-1645-BULL-OBS-001317-Z001309-OC|ObservationConfirm|Primary
OPF-20260725-184128,2026-01-27,20260127-1810-BEAR-OBS-001334-Z001331-FR,FailureReverse_ObservationInvalidated,Long,Primary,None,2026-01-27 18:15:00,7.75,25.0,Accepted,,2026-01-27 18:30:00,TP,116.25,112.65,46.5,True,20260127-1810-BEAR-OBS-001334-Z001331-FR|FailureReverse_ObservationInvalidated|Primary
OPF-20260725-184128,2026-01-27,20260127-1955-BULL-OBS-001355-Z001355-OC,ObservationConfirm,Long,Primary,None,2026-01-27 20:00:00,4.0,12.0,Accepted,,2026-01-27 20:05:00,SL,-24.0,-27.6,24.0,True,20260127-1955-BULL-OBS-001355-Z001355-OC|ObservationConfirm|Primary
OPF-20260725-184128,2026-01-27,20260127-1955-BULL-OBS-001355-Z001355-OC,ObservationConfirm_WideStop1_5R,Long,Secondary,Same,2026-01-27 20:00:00,6.130000000001019,22.0,Accepted,,2026-01-27 20:05:00,SL,-36.78,-40.38,36.78000000000611,True,20260127-1955-BULL-OBS-001355-Z001355-OC|ObservationConfirm_WideStop1_5R|Secondary
OPF-20260725-184128,2026-01-27,20260127-2100-BULL-OBS-001368-Z001335-OC-STR,ObservationStrict_Other,Long,Primary,None,2026-01-27 21:05:00,17.0,25.0,Accepted,,2026-01-27 21:50:00,PATH_END,195.0,191.4,102.0,False,20260127-2100-BULL-OBS-001368-Z001335-OC-STR|ObservationStrict_Other|Primary
OPF-20260725-184331,2026-01-28,20260127-2320-BEAR-OBS-001108-Z001108,ZoneBirthResearch,Short,Primary,None,2026-01-27 23:20:00,4.416666666666666,8.0,Accepted,,2026-01-27 23:25:00,SPLIT_BASE_SL_RUNNER_SL,-26.5,-30.1,26.499999999999996,True,20260127-2320-BEAR-OBS-001108-Z001108|ZoneBirthResearch|Primary
OPF-20260725-184331,2026-01-28,20260128-0015-BULL-OBS-001119-Z001119-OC,ObservationConfirm,Long,Primary,None,2026-01-28 00:20:00,9.25,12.0,Accepted,,2026-01-28 00:30:00,TP,83.25,79.65,55.5,True,20260128-0015-BULL-OBS-001119-Z001119-OC|ObservationConfirm|Primary
OPF-20260725-184331,2026-01-28,20260128-0105-BULL-OBS-001129-Z001129-OC,ObservationConfirm_WideStop1_5R,Long,Primary,None,2026-01-28 01:10:00,23.25,25.0,Accepted,,2026-01-28 02:05:00,TIME_STOP,-28.5,-32.1,139.5,True,20260128-0105-BULL-OBS-001129-Z001129-OC|ObservationConfirm_WideStop1_5R|Primary
OPF-20260725-184331,2026-01-28,20260128-0110-BULL-BRK-001130-Z001130-Q,BreakawayFvg_Qualified,Long,Secondary,Same,2026-01-28 01:10:00,5.5,11.0,Accepted,,2026-01-28 01:15:00,SL,-33.0,-36.6,33.0,True,20260128-0110-BULL-BRK-001130-Z001130-Q|BreakawayFvg_Qualified|Secondary
OPF-20260725-184331,2026-01-28,20260128-0120-BULL-OBS-001132-Z001130-OC,ObservationConfirm_WideStop1_5R,Long,Secondary,Same,2026-01-28 01:25:00,9.5,18.0,Accepted,,2026-01-28 01:35:00,SL,-57.0,-60.6,57.0,True,20260128-0120-BULL-OBS-001132-Z001130-OC|ObservationConfirm_WideStop1_5R|Secondary
OPF-20260725-184331,2026-01-28,20260128-0330-BEAR-OBS-001158-Z001158-OC,ObservationConfirm,Short,Primary,None,2026-01-28 03:35:00,8.0,11.0,Accepted,,2026-01-28 03:45:00,TP,72.0,68.4,48.0,True,20260128-0330-BEAR-OBS-001158-Z001158-OC|ObservationConfirm|Primary
OPF-20260725-184331,2026-01-28,20260128-0345-BEAR-OBS-001161-Z001161-OC,ObservationConfirm,Short,Primary,None,2026-01-28 03:50:00,5.416666666666666,22.0,Accepted,,2026-01-28 04:00:00,SL,-32.5,-36.1,32.5,True,20260128-0345-BEAR-OBS-001161-Z001161-OC|ObservationConfirm|Primary
OPF-20260725-184331,2026-01-28,20260128-0410-BULL-OBS-001166-Z001166-OC,ObservationConfirm,Long,Primary,None,2026-01-28 04:15:00,10.75,12.0,Accepted,,2026-01-28 06:00:00,TP,258.0,254.4,64.5,True,20260128-0410-BULL-OBS-001166-Z001166-OC|ObservationConfirm|Primary
OPF-20260725-184331,2026-01-28,20260128-0505-BULL-BRK-001177-Z001177-Q,BreakawayFvg_Qualified,Long,Secondary,Same,2026-01-28 05:05:00,7.0,11.0,Accepted,,2026-01-28 05:35:00,TP,63.0,59.4,42.0,True,20260128-0505-BULL-BRK-001177-Z001177-Q|BreakawayFvg_Qualified|Secondary
OPF-20260725-184331,2026-01-28,20260128-0540-BULL-OBS-001184-Z001184-OC,ObservationConfirm_WideStop1_5R,Long,Secondary,Same,2026-01-28 05:45:00,12.0,22.0,Accepted,,2026-01-28 06:00:00,TP,216.0,212.4,72.0,True,20260128-0540-BULL-OBS-001184-Z001184-OC|ObservationConfirm_WideStop1_5R|Secondary
OPF-20260725-184331,2026-01-28,20260128-0635-BULL-OBS-001195-Z001195-FR,FailureReverse_ObservationInvalidated_WideStop1_5R,Short,Primary,None,2026-01-28 06:45:00,24.5,25.0,Accepted,,2026-01-28 09:40:00,TIME_STOP,210.0,206.4,147.0,True,20260128-0635-BULL-OBS-001195-Z001195-FR|FailureReverse_ObservationInvalidated_WideStop1_5R|Primary
OPF-20260725-184331,2026-01-28,20260128-1045-BULL-OBS-001245-Z001244-OC-STR,ObservationStrict_Other,Long,Primary,None,2026-01-28 10:50:00,9.5,25.0,Accepted,,2026-01-28 11:00:00,SL,-57.0,-60.6,57.0,True,20260128-1045-BULL-OBS-001245-Z001244-OC-STR|ObservationStrict_Other|Primary
OPF-20260725-184331,2026-01-28,20260128-1545-BULL-OBS-001305-Z001122-OC-STR,ObservationStrict_Other,Long,Primary,None,2026-01-28 15:50:00,18.5,25.0,Accepted,,2026-01-28 15:55:00,SL,-111.0,-114.6,111.0,True,20260128-1545-BULL-OBS-001305-Z001122-OC-STR|ObservationStrict_Other|Primary
OPF-20260725-184331,2026-01-28,20260128-1705-BEAR-OBS-001321-Z001317,UnknownRegimeZoneTouch,Short,Primary,None,2026-01-28 17:05:00,9.25,25.0,Accepted,,2026-01-28 17:10:00,SL,-55.5,-59.1,55.5,False,20260128-1705-BEAR-OBS-001321-Z001317|UnknownRegimeZoneTouch|Primary
OPF-20260725-184534,2026-01-29,20260129-0210-BULL-OBS-001142-Z001141-OC,ObservationConfirm,Long,Primary,None,2026-01-29 02:15:00,11.0,12.0,Accepted,,2026-01-29 02:20:00,TP,99.0,95.4,66.0,True,20260129-0210-BULL-OBS-001142-Z001141-OC|ObservationConfirm|Primary
OPF-20260725-184534,2026-01-29,20260129-0245-BEAR-OBS-001149-Z001149,ZoneBirthResearch,Short,Primary,None,2026-01-29 02:45:00,16.916666666666664,18.0,Accepted,,2026-01-29 02:55:00,SPLIT_BASE_SL_RUNNER_SL,-101.5,-105.1,101.49999999999999,True,20260129-0245-BEAR-OBS-001149-Z001149|ZoneBirthResearch|Primary
OPF-20260725-184534,2026-01-29,20260129-0315-BULL-OBS-001155-Z001155-OC,ObservationConfirm_WideStop1_5R,Long,Primary,None,2026-01-29 03:20:00,17.0,18.0,Accepted,,2026-01-29 04:15:00,TIME_STOP,171.0,167.4,102.0,True,20260129-0315-BULL-OBS-001155-Z001155-OC|ObservationConfirm_WideStop1_5R|Primary
OPF-20260725-184534,2026-01-29,20260129-0325-BULL-OBS-001157-Z001156-OC,ObservationConfirm_WideStop1_5R,Long,Secondary,Same,2026-01-29 03:30:00,17.75,22.0,Accepted,,2026-01-29 04:25:00,TIME_STOP,124.5,120.9,106.5,True,20260129-0325-BULL-OBS-001157-Z001156-OC|ObservationConfirm_WideStop1_5R|Secondary
OPF-20260725-184534,2026-01-29,20260129-0425-BULL-PB-001169-Z001168,AlmostConfirmed,Long,Secondary,Same,2026-01-29 04:25:00,11.083333333333332,25.0,Accepted,,2026-01-29 06:10:00,TP,266.0,262.4,66.5,True,20260129-0425-BULL-PB-001169-Z001168|AlmostConfirmed|Secondary
OPF-20260725-184534,2026-01-29,20260129-0540-BULL-OBS-001184-Z001184-OC,ObservationConfirm_WideStop1_5R,Long,Secondary,Same,2026-01-29 05:50:00,11.0,22.0,Accepted,,2026-01-29 05:55:00,SL,-66.0,-69.6,66.0,True,20260129-0540-BULL-OBS-001184-Z001184-OC|ObservationConfirm_WideStop1_5R|Secondary
OPF-20260725-184534,2026-01-29,20260129-0610-BULL-OBS-001190-Z001190-OC,ObservationConfirm_WideStop1_5R,Long,Primary,None,2026-01-29 06:15:00,19.583333333333332,22.0,Accepted,,2026-01-29 06:40:00,SL,-117.5,-121.1,117.5,True,20260129-0610-BULL-OBS-001190-Z001190-OC|ObservationConfirm_WideStop1_5R|Primary
OPF-20260725-184534,2026-01-29,20260129-0620-BULL-PB-001192-Z001190,AlmostConfirmed,Long,Secondary,Same,2026-01-29 06:20:00,7.25,25.0,Accepted,,2026-01-29 06:25:00,SL,-43.5,-47.1,43.5,True,20260129-0620-BULL-PB-001192-Z001190|AlmostConfirmed|Secondary
OPF-20260725-184534,2026-01-29,20260129-0620-BULL-OBS-001192-Z001190-OC,ObservationConfirm_WideStop1_5R,Long,Secondary,Same,2026-01-29 06:30:00,13.25,22.0,Accepted,,2026-01-29 06:40:00,SL,-79.5,-83.1,79.5,True,20260129-0620-BULL-OBS-001192-Z001190-OC|ObservationConfirm_WideStop1_5R|Secondary
OPF-20260725-184534,2026-01-29,20260129-1030-BULL-OBS-001242-Z001241-FR,FailureReverse_ObservationInvalidated_WideStop1_5R,Short,Primary,None,2026-01-29 10:40:00,11.083333333333332,25.0,Accepted,,2026-01-29 12:35:00,TP,266.0,262.4,66.5,False,20260129-1030-BULL-OBS-001242-Z001241-FR|FailureReverse_ObservationInvalidated_WideStop1_5R|Primary
OPF-20260725-184742,2026-01-30,20260130-1910-BULL-OBS-001346-Z001344-OC,ObservationConfirm,Long,Primary,None,2026-01-30 19:15:00,10.25,12.0,Accepted,,2026-01-30 19:25:00,SL,-61.5,-65.1,61.5,False,20260130-1910-BULL-OBS-001346-Z001344-OC|ObservationConfirm|Primary
OPF-20260725-184958,2026-02-02,20260202-0145-BEAR-OBS-001137-Z001137-OC,ObservationConfirm,Short,Primary,None,2026-02-02 01:50:00,17.416666666666664,20.0,Accepted,,2026-02-02 01:55:00,TP,156.75,153.15,104.49999999999999,True,20260202-0145-BEAR-OBS-001137-Z001137-OC|ObservationConfirm|Primary
OPF-20260725-184958,2026-02-02,20260202-0315-BEAR-OBS-001155-Z001155-OC,ObservationConfirm,Short,Primary,None,2026-02-02 03:20:00,12.416666666666666,20.0,Accepted,,2026-02-02 03:25:00,SL,-74.5,-78.1,74.5,True,20260202-0315-BEAR-OBS-001155-Z001155-OC|ObservationConfirm|Primary
OPF-20260725-184958,2026-02-02,20260202-0315-BEAR-OBS-001155-Z001155-OC,ObservationConfirm_WideStop1_5R,Short,Secondary,Same,2026-02-02 03:20:00,18.666666666666664,22.0,Accepted,,2026-02-02 03:30:00,TP,168.0,164.4,111.99999999999999,True,20260202-0315-BEAR-OBS-001155-Z001155-OC|ObservationConfirm_WideStop1_5R|Secondary
OPF-20260725-184958,2026-02-02,20260202-0715-BULL-OBS-001203-Z001202-OC-STR,ObservationStrict_Other,Long,Primary,None,2026-02-02 07:20:00,23.333333333333332,25.0,Accepted,,2026-02-02 08:00:00,TP,420.0,416.4,140.0,True,20260202-0715-BULL-OBS-001203-Z001202-OC-STR|ObservationStrict_Other|Primary
OPF-20260725-184958,2026-02-02,20260202-1410-BULL-OBS-001286-Z001284-OC-STR,ObservationStrict_Other,Long,Primary,None,2026-02-02 14:15:00,13.25,25.0,Accepted,,2026-02-02 14:25:00,SL,-79.5,-83.1,79.5,False,20260202-1410-BULL-OBS-001286-Z001284-OC-STR|ObservationStrict_Other|Primary
OPF-20260725-184958,2026-02-02,20260202-1410-BULL-OBS-001286-Z001284-OC-STR,ObservationStrict_Other_WideStop1_5R,Long,Secondary,Same,2026-02-02 14:15:00,19.5,25.0,Accepted,,2026-02-02 14:30:00,TP,351.0,347.4,117.0,False,20260202-1410-BULL-OBS-001286-Z001284-OC-STR|ObservationStrict_Other_WideStop1_5R|Secondary
OPF-20260725-185200,2026-02-03,20260203-0100-BEAR-OBS-001128-Z001125-FR,FailureReverse_ObservationInvalidated,Long,Primary,None,2026-02-03 01:05:00,10.166666666666666,25.0,Accepted,,2026-02-03 01:35:00,SL,-61.0,-64.6,61.0,True,20260203-0100-BEAR-OBS-001128-Z001125-FR|FailureReverse_ObservationInvalidated|Primary
OPF-20260725-185200,2026-02-03,20260203-0115-BULL-OBS-001131-Z001131-OC,ObservationConfirm_WideStop1_5R,Long,Secondary,Same,2026-02-03 01:20:00,10.25,22.0,Accepted,,2026-02-03 01:30:00,SL,-61.5,-65.1,61.5,True,20260203-0115-BULL-OBS-001131-Z001131-OC|ObservationConfirm_WideStop1_5R|Secondary
OPF-20260725-185200,2026-02-03,20260203-0235-BEAR-OBS-001147-Z001147-OC,ObservationConfirm,Short,Primary,None,2026-02-03 02:40:00,12.75,20.0,Accepted,,2026-02-03 02:50:00,SL,-76.5,-80.1,76.5,True,20260203-0235-BEAR-OBS-001147-Z001147-OC|ObservationConfirm|Primary
OPF-20260725-185200,2026-02-03,20260203-0255-BULL-OBS-001151-Z001151-OC,ObservationConfirm,Long,Primary,None,2026-02-03 03:00:00,10.333333333333332,12.0,Accepted,,2026-02-03 03:05:00,TP,93.0,89.4,61.99999999999999,True,20260203-0255-BULL-OBS-001151-Z001151-OC|ObservationConfirm|Primary
OPF-20260725-185200,2026-02-03,20260203-0330-BULL-OBS-001158-Z001157-OC,ObservationConfirm,Long,Primary,None,2026-02-03 03:35:00,10.166666666666666,12.0,Accepted,,2026-02-03 04:30:00,TP,244.0,240.4,61.0,True,20260203-0330-BULL-OBS-001158-Z001157-OC|ObservationConfirm|Primary
OPF-20260725-185200,2026-02-03,20260203-0345-BULL-OBS-001161-Z001161-OC,ObservationConfirm_WideStop1_5R,Long,Secondary,Same,2026-02-03 03:50:00,11.083333333333332,18.0,Accepted,,2026-02-03 04:45:00,TIME_STOP,172.0,168.4,66.5,True,20260203-0345-BULL-OBS-001161-Z001161-OC|ObservationConfirm_WideStop1_5R|Secondary
OPF-20260725-185200,2026-02-03,20260203-0505-BEAR-OBS-001177-Z001177-OC,ObservationConfirm,Short,Primary,None,2026-02-03 05:10:00,16.416666666666664,20.0,Accepted,,2026-02-03 05:20:00,SL,-98.5,-102.1,98.49999999999999,True,20260203-0505-BEAR-OBS-001177-Z001177-OC|ObservationConfirm|Primary
OPF-20260725-185200,2026-02-03,20260203-0615-BULL-OBS-001191-Z001191-OC,ObservationConfirm,Long,Primary,None,2026-02-03 06:20:00,9.08333333333333,12.0,Accepted,,2026-02-03 06:25:00,SL,-54.5,-58.1,54.499999999999986,True,20260203-0615-BULL-OBS-001191-Z001191-OC|ObservationConfirm|Primary
OPF-20260725-185200,2026-02-03,20260203-0615-BULL-OBS-001191-Z001191-OC,ObservationConfirm_WideStop1_5R,Long,Secondary,Same,2026-02-03 06:20:00,13.25,22.0,Accepted,,2026-02-03 06:30:00,SL,-79.5,-83.1,79.5,True,20260203-0615-BULL-OBS-001191-Z001191-OC|ObservationConfirm_WideStop1_5R|Secondary
OPF-20260725-185200,2026-02-03,20260203-1005-BEAR-OBS-001237-Z001227,UnknownRegimeZoneTouch,Short,Primary,None,2026-02-03 10:05:00,5.916666666666666,25.0,Accepted,,2026-02-03 10:10:00,SL,-35.5,-39.1,35.5,True,20260203-1005-BEAR-OBS-001237-Z001227|UnknownRegimeZoneTouch|Primary
OPF-20260725-185200,2026-02-03,20260203-1035-BEAR-OBS-001243-Z001243-OC,ObservationConfirm,Short,Primary,None,2026-02-03 10:40:00,16.75,22.0,Accepted,,2026-02-03 12:00:00,TP,150.75,147.15,100.5,True,20260203-1035-BEAR-OBS-001243-Z001243-OC|ObservationConfirm|Primary
OPF-20260725-185200,2026-02-03,20260203-1230-BULL-OBS-001266-Z001266-OC,ObservationConfirm,Long,Primary,None,2026-02-03 12:35:00,10.833333333333332,12.0,Accepted,,2026-02-03 12:55:00,SL,-65.0,-68.6,65.0,True,20260203-1230-BULL-OBS-001266-Z001266-OC|ObservationConfirm|Primary
OPF-20260725-185200,2026-02-03,20260203-1310-BULL-OBS-001274-Z001274-OC,ObservationConfirm,Long,Primary,None,2026-02-03 13:15:00,8.583333333333332,12.0,Accepted,,2026-02-03 13:20:00,SL,-51.5,-55.1,51.49999999999999,False,20260203-1310-BULL-OBS-001274-Z001274-OC|ObservationConfirm|Primary
OPF-20260725-185419,2026-02-04,20260204-0145-BEAR-OBS-001137-Z001136-OC,ObservationConfirm,Short,Primary,None,2026-02-04 01:50:00,18.75,20.0,Accepted,,2026-02-04 01:55:00,SL,-112.5,-116.1,112.5,True,20260204-0145-BEAR-OBS-001137-Z001136-OC|ObservationConfirm|Primary
OPF-20260725-185419,2026-02-04,20260204-0205-BULL-OBS-001141-Z001141-OC,ObservationConfirm_WideStop1_5R,Long,Primary,None,2026-02-04 02:10:00,19.333333333333332,22.0,Accepted,,2026-02-04 02:20:00,SL,-116.0,-119.6,116.0,True,20260204-0205-BULL-OBS-001141-Z001141-OC|ObservationConfirm_WideStop1_5R|Primary
OPF-20260725-185419,2026-02-04,20260204-0250-BULL-OBS-001150-Z001129-OC-STR,ObservationStrict_Other,Long,Primary,None,2026-02-04 02:55:00,19.416666666666664,25.0,Accepted,,2026-02-04 03:50:00,TIME_STOP,59.0,55.4,116.49999999999999,True,20260204-0250-BULL-OBS-001150-Z001129-OC-STR|ObservationStrict_Other|Primary
OPF-20260725-185419,2026-02-04,20260204-0400-BULL-OBS-001164-Z001164-OC,ObservationConfirm_WideStop1_5R,Long,Primary,None,2026-02-04 04:10:00,9.25,18.0,Accepted,,2026-02-04 04:20:00,SL,-55.5,-59.1,55.5,True,20260204-0400-BULL-OBS-001164-Z001164-OC|ObservationConfirm_WideStop1_5R|Primary
OPF-20260725-185419,2026-02-04,20260204-0610-BULL-OBS-001190-Z001189-OC-STR,ObservationStrict_Other,Long,Primary,None,2026-02-04 06:15:00,6.75,25.0,Accepted,,2026-02-04 06:20:00,SL,-40.5,-44.1,40.5,True,20260204-0610-BULL-OBS-001190-Z001189-OC-STR|ObservationStrict_Other|Primary
OPF-20260725-185419,2026-02-04,20260204-0740-BULL-OBS-001208-Z001208-OC,ObservationConfirm,Long,Primary,None,2026-02-04 07:45:00,11.75,12.0,Accepted,,2026-02-04 08:00:00,SL,-70.5,-74.1,70.5,True,20260204-0740-BULL-OBS-001208-Z001208-OC|ObservationConfirm|Primary
OPF-20260725-185419,2026-02-04,20260204-0740-BULL-OBS-001208-Z001208-OC,ObservationConfirm_WideStop1_5R,Long,Secondary,Same,2026-02-04 07:45:00,17.5,22.0,Accepted,,2026-02-04 08:00:00,SL,-105.0,-108.6,105.0,True,20260204-0740-BULL-OBS-001208-Z001208-OC|ObservationConfirm_WideStop1_5R|Secondary
OPF-20260725-185644,2026-02-05,20260205-0125-BEAR-OBS-001133-Z001133-OC,ObservationConfirm,Short,Primary,None,2026-02-05 01:30:00,20.25,20.0,Accepted,,2026-02-05 01:35:00,SL,-121.5,-125.1,121.5,True,20260205-0125-BEAR-OBS-001133-Z001133-OC|ObservationConfirm|Primary
OPF-20260725-185644,2026-02-05,20260205-0420-BEAR-BRK-001168-Z001168,BreakawayFvg,Short,Primary,None,2026-02-05 04:20:00,18.5,30.0,Accepted,,2026-02-05 04:30:00,SL,-111.0,-114.6,111.0,True,20260205-0420-BEAR-BRK-001168-Z001168|BreakawayFvg|Primary
OPF-20260725-185644,2026-02-05,20260205-0450-BEAR-OBS-001174-Z001151,UnknownRegimeZoneTouch,Short,Primary,None,2026-02-05 04:50:00,17.166666666666664,25.0,Accepted,,2026-02-05 05:40:00,SL,-103.0,-106.6,102.99999999999999,True,20260205-0450-BEAR-OBS-001174-Z001151|UnknownRegimeZoneTouch|Primary
OPF-20260725-185644,2026-02-05,20260205-1130-BEAR-OBS-001254-Z001254-OC,ObservationConfirm,Short,Primary,None,2026-02-05 11:35:00,22.25,22.0,Accepted,,2026-02-05 12:00:00,SL,-133.5,-137.1,133.5,True,20260205-1130-BEAR-OBS-001254-Z001254-OC|ObservationConfirm|Primary
OPF-20260725-185853,2026-02-06,20260206-0740-BEAR-OBS-001208-Z001208-OC,ObservationConfirm,Short,Primary,None,2026-02-06 07:45:00,18.166666666666664,20.0,Accepted,,2026-02-06 08:00:00,TP,163.5,159.9,108.99999999999999,False,20260206-0740-BEAR-OBS-001208-Z001208-OC|ObservationConfirm|Primary
OPF-20260725-190057,2026-02-09,20260209-0300-BEAR-OBS-001152-Z001152-OC,ObservationConfirm,Short,Primary,None,2026-02-09 03:05:00,18.5,20.0,Accepted,,2026-02-09 03:35:00,TP,166.5,162.9,111.0,True,20260209-0300-BEAR-OBS-001152-Z001152-OC|ObservationConfirm|Primary
OPF-20260725-190057,2026-02-09,20260209-0435-BEAR-OBS-001171-Z001171-OC,ObservationConfirm,Short,Primary,None,2026-02-09 04:40:00,10.833333333333332,22.0,Accepted,,2026-02-09 04:50:00,TP,97.5,93.9,65.0,True,20260209-0435-BEAR-OBS-001171-Z001171-OC|ObservationConfirm|Primary
OPF-20260725-190057,2026-02-09,20260209-0520-BULL-OBS-001180-Z001180-OC,ObservationConfirm,Long,Primary,None,2026-02-09 05:25:00,9.25,12.0,Accepted,,2026-02-09 05:35:00,TP,83.25,79.65,55.5,True,20260209-0520-BULL-OBS-001180-Z001180-OC|ObservationConfirm|Primary
OPF-20260725-190057,2026-02-09,20260209-0605-BEAR-OBS-001189-Z001189-OC,ObservationConfirm,Short,Primary,None,2026-02-09 06:10:00,18.583333333333332,20.0,Accepted,,2026-02-09 06:15:00,TP,167.25,163.65,111.5,True,20260209-0605-BEAR-OBS-001189-Z001189-OC|ObservationConfirm|Primary
OPF-20260725-190057,2026-02-09,20260209-0620-BEAR-BRK-001192-Z001192,BreakawayFvg,Short,Primary,None,2026-02-09 06:20:00,9.5,30.0,Accepted,,2026-02-09 06:25:00,BE,0.0,-3.6,57.0,True,20260209-0620-BEAR-BRK-001192-Z001192|BreakawayFvg|Primary
OPF-20260725-190057,2026-02-09,20260209-0750-BULL-OBS-001210-Z001210-OC,ObservationConfirm_WideStop1_5R,Long,Primary,None,2026-02-09 07:55:00,11.75,18.0,Accepted,,2026-02-09 08:05:00,TP,211.5,207.9,70.5,True,20260209-0750-BULL-OBS-001210-Z001210-OC|ObservationConfirm_WideStop1_5R|Primary
OPF-20260725-190057,2026-02-09,20260209-0805-BEAR-OBS-001213-Z001189-OC,ObservationConfirm_WideStop1_5R,Short,Primary,None,2026-02-09 08:10:00,16.833333333333332,22.0,Accepted,,2026-02-09 08:25:00,TP,151.5,147.9,101.0,True,20260209-0805-BEAR-OBS-001213-Z001189-OC|ObservationConfirm_WideStop1_5R|Primary
OPF-20260725-190057,2026-02-09,20260209-1210-BEAR-OBS-001262-Z001236,UnknownRegimeZoneTouch,Short,Primary,None,2026-02-09 12:10:00,8.75,25.0,Accepted,,2026-02-09 12:15:00,TP,157.5,153.9,52.5,True,20260209-1210-BEAR-OBS-001262-Z001236|UnknownRegimeZoneTouch|Primary
OPF-20260725-190057,2026-02-09,20260209-1605-BULL-PB-001309-Z001308,AlmostConfirmed,Long,Primary,None,2026-02-09 16:05:00,16.5,25.0,Accepted,,2026-02-09 16:45:00,TP,396.0,392.4,99.0,True,20260209-1605-BULL-PB-001309-Z001308|AlmostConfirmed|Primary
OPF-20260725-190057,2026-02-09,20260209-1925-BULL-OBS-001349-Z001349-OC,ObservationConfirm_WideStop1_5R,Long,Primary,None,2026-02-09 19:30:00,23.333333333333332,25.0,Accepted,,2026-02-09 19:55:00,SL,-140.0,-143.6,140.0,False,20260209-1925-BULL-OBS-001349-Z001349-OC|ObservationConfirm_WideStop1_5R|Primary
OPF-20260725-190300,2026-02-10,20260210-0240-BEAR-OBS-001148-Z001148-OC,ObservationConfirm,Short,Primary,None,2026-02-10 02:45:00,11.75,20.0,Accepted,,2026-02-10 02:50:00,SL,-70.5,-74.1,70.5,True,20260210-0240-BEAR-OBS-001148-Z001148-OC|ObservationConfirm|Primary
OPF-20260725-190300,2026-02-10,20260210-0245-BEAR-OBS-001149-Z001148-OC,ObservationConfirm_WideStop1_5R,Short,Primary,None,2026-02-10 02:55:00,5.75,18.0,Accepted,,2026-02-10 03:00:00,TP,51.75,48.15,34.5,True,20260210-0245-BEAR-OBS-001149-Z001148-OC|ObservationConfirm_WideStop1_5R|Primary
OPF-20260725-190300,2026-02-10,20260210-0305-BEAR-BRK-001153-Z001153,BreakawayFvg,Short,Primary,None,2026-02-10 03:05:00,20.0,30.0,Accepted,,2026-02-10 03:30:00,SL,-120.0,-123.6,120.0,True,20260210-0305-BEAR-BRK-001153-Z001153|BreakawayFvg|Primary
OPF-20260725-190300,2026-02-10,20260210-0410-BULL-OBS-001166-Z001166-OC,ObservationConfirm_WideStop1_5R,Long,Primary,None,2026-02-10 04:15:00,11.75,18.0,Accepted,,2026-02-10 05:10:00,TIME_STOP,90.0,86.4,70.5,True,20260210-0410-BULL-OBS-001166-Z001166-OC|ObservationConfirm_WideStop1_5R|Primary
OPF-20260725-190300,2026-02-10,20260210-0545-BEAR-OBS-001185-Z001185,ZoneBirthResearch,Short,Primary,None,2026-02-10 05:45:00,5.0,8.0,Accepted,,2026-02-10 05:50:00,SPLIT_BASE_SL_RUNNER_SL,-30.0,-33.6,30.0,True,20260210-0545-BEAR-OBS-001185-Z001185|ZoneBirthResearch|Primary
OPF-20260725-190300,2026-02-10,20260210-0705-BULL-OBS-001201-Z001201-OC,ObservationConfirm,Long,Primary,None,2026-02-10 07:10:00,10.5,12.0,Accepted,,2026-02-10 07:20:00,TP,94.5,90.9,63.0,True,20260210-0705-BULL-OBS-001201-Z001201-OC|ObservationConfirm|Primary
OPF-20260725-190300,2026-02-10,20260210-0920-BULL-OBS-001228-Z001228-OC,ObservationConfirm,Long,Primary,None,2026-02-10 09:25:00,11.0,12.0,Accepted,,2026-02-10 09:30:00,SL,-66.0,-69.6,66.0,True,20260210-0920-BULL-OBS-001228-Z001228-OC|ObservationConfirm|Primary
OPF-20260725-190300,2026-02-10,20260210-0920-BULL-OBS-001228-Z001228-OC,ObservationConfirm_WideStop1_5R,Long,Secondary,Same,2026-02-10 09:25:00,16.833333333333332,22.0,Accepted,,2026-02-10 09:45:00,SL,-101.0,-104.6,101.0,True,20260210-0920-BULL-OBS-001228-Z001228-OC|ObservationConfirm_WideStop1_5R|Secondary
OPF-20260725-190300,2026-02-10,20260210-0945-BULL-OBS-001233-Z001226-FR,FailureReverse_ObservationInvalidated_WideStop1_5R,Short,Primary,None,2026-02-10 09:50:00,19.0,25.0,Accepted,,2026-02-10 12:00:00,SL,-114.0,-117.6,114.0,True,20260210-0945-BULL-OBS-001233-Z001226-FR|FailureReverse_ObservationInvalidated_WideStop1_5R|Primary
OPF-20260725-190300,2026-02-10,20260210-0955-BEAR-OBS-001235-Z001235,ZoneBirthResearch,Short,Secondary,Same,2026-02-10 09:55:00,5.333333333333333,8.0,Accepted,,2026-02-10 10:00:00,SPLIT_BASE_TP_RUNNER_TP,96.0,92.4,32.0,True,20260210-0955-BEAR-OBS-001235-Z001235|ZoneBirthResearch|Secondary
OPF-20260725-190300,2026-02-10,20260210-1820-BEAR-OBS-001336-Z001336,ZoneBirthResearch,Short,Primary,None,2026-02-10 18:20:00,18.166666666666664,18.0,Accepted,,2026-02-10 20:10:00,SPLIT_BASE_TP_RUNNER_TP,327.0,323.4,108.99999999999999,False,20260210-1820-BEAR-OBS-001336-Z001336|ZoneBirthResearch|Primary
OPF-20260725-190503,2026-02-11,20260210-2330-BEAR-OBS-001110-Z001110,ZoneBirthResearch,Short,Primary,None,2026-02-10 23:30:00,7.0,8.0,Accepted,,2026-02-10 23:40:00,SPLIT_BASE_SL_RUNNER_SL,-42.0,-45.6,42.0,True,20260210-2330-BEAR-OBS-001110-Z001110|ZoneBirthResearch|Primary
OPF-20260725-190503,2026-02-11,20260211-0145-BULL-OBS-001137-Z001137-OC,ObservationConfirm_WideStop1_5R,Long,Primary,None,2026-02-11 01:50:00,18.0,22.0,Accepted,,2026-02-11 02:45:00,TIME_STOP,-27.0,-30.6,108.0,True,20260211-0145-BULL-OBS-001137-Z001137-OC|ObservationConfirm_WideStop1_5R|Primary
OPF-20260725-190503,2026-02-11,20260211-0200-BULL-OBS-001140-Z001137-OC,ObservationConfirm,Long,Secondary,Same,2026-02-11 02:10:00,10.75,12.0,Accepted,,2026-02-11 02:40:00,SL,-64.5,-68.1,64.5,True,20260211-0200-BULL-OBS-001140-Z001137-OC|ObservationConfirm|Secondary
OPF-20260725-190503,2026-02-11,20260211-0305-BEAR-OBS-001153-Z001153-OC,ObservationConfirm,Short,Primary,None,2026-02-11 03:10:00,6.75,18.0,Accepted,,2026-02-11 03:20:00,TP,60.75,57.15,40.5,True,20260211-0305-BEAR-OBS-001153-Z001153-OC|ObservationConfirm|Primary
OPF-20260725-190503,2026-02-11,20260211-0330-BULL-OBS-001158-Z001158-OC,ObservationConfirm,Long,Primary,None,2026-02-11 03:35:00,7.5,12.0,Accepted,,2026-02-11 03:40:00,TP,67.5,63.9,45.0,True,20260211-0330-BULL-OBS-001158-Z001158-OC|ObservationConfirm|Primary
OPF-20260725-190503,2026-02-11,20260211-0330-BULL-OBS-001158-Z001158-OC,ObservationConfirm_WideStop1_5R,Long,Secondary,Same,2026-02-11 03:35:00,11.75,18.0,Accepted,,2026-02-11 04:30:00,SL,-70.5,-74.1,70.5,True,20260211-0330-BULL-OBS-001158-Z001158-OC|ObservationConfirm_WideStop1_5R|Secondary
OPF-20260725-190503,2026-02-11,20260211-0440-BEAR-OBS-001172-Z001172,ZoneBirthResearch,Short,Primary,None,2026-02-11 04:40:00,7.416666666666665,8.0,Accepted,,2026-02-11 04:45:00,SPLIT_BASE_SL_RUNNER_SL,-44.5,-48.1,44.49999999999999,True,20260211-0440-BEAR-OBS-001172-Z001172|ZoneBirthResearch|Primary
OPF-20260725-190503,2026-02-11,20260211-0510-BULL-OBS-001178-Z001178-OC,ObservationConfirm,Long,Primary,None,2026-02-11 05:15:00,7.25,12.0,Accepted,,2026-02-11 05:25:00,SL,-43.5,-47.1,43.5,True,20260211-0510-BULL-OBS-001178-Z001178-OC|ObservationConfirm|Primary
OPF-20260725-190503,2026-02-11,20260211-0545-BEAR-OBS-001185-Z001185-OC,ObservationConfirm,Short,Primary,None,2026-02-11 05:55:00,6.166666666666666,11.0,Accepted,,2026-02-11 06:00:00,SL,-37.0,-40.6,37.0,True,20260211-0545-BEAR-OBS-001185-Z001185-OC|ObservationConfirm|Primary
OPF-20260725-190503,2026-02-11,20260211-1210-BULL-OBS-001262-Z001262-OC,ObservationConfirm_WideStop1_5R,Long,Primary,None,2026-02-11 12:20:00,23.666666666666664,25.0,Accepted,,2026-02-11 12:30:00,SL,-142.0,-145.6,142.0,True,20260211-1210-BULL-OBS-001262-Z001262-OC|ObservationConfirm_WideStop1_5R|Primary
OPF-20260725-190503,2026-02-11,20260211-1930-BULL-OBS-001350-Z001349-OC,ObservationConfirm_WideStop1_5R,Long,Primary,None,2026-02-11 19:40:00,19.0,22.0,Accepted,,2026-02-11 19:45:00,SL,-114.0,-117.6,114.0,False,20260211-1930-BULL-OBS-001350-Z001349-OC|ObservationConfirm_WideStop1_5R|Primary
OPF-20260725-190722,2026-02-12,20260212-0135-BULL-OBS-001135-Z001135-OC,ObservationConfirm_WideStop1_5R,Long,Primary,None,2026-02-12 01:40:00,21.5,22.0,Accepted,,2026-02-12 02:15:00,SL,-129.0,-132.6,129.0,True,20260212-0135-BULL-OBS-001135-Z001135-OC|ObservationConfirm_WideStop1_5R|Primary
OPF-20260725-190722,2026-02-12,20260212-0340-BULL-OBS-001160-Z001159-OC,ObservationConfirm,Long,Primary,None,2026-02-12 03:45:00,8.333333333333332,12.0,Accepted,,2026-02-12 04:00:00,SL,-50.0,-53.6,49.99999999999999,True,20260212-0340-BULL-OBS-001160-Z001159-OC|ObservationConfirm|Primary
OPF-20260725-190722,2026-02-12,20260212-0340-BULL-OBS-001160-Z001159-OC,ObservationConfirm_WideStop1_5R,Long,Secondary,Same,2026-02-12 03:45:00,12.583333333333332,18.0,Accepted,,2026-02-12 04:40:00,TIME_STOP,17.5,13.9,75.5,True,20260212-0340-BULL-OBS-001160-Z001159-OC|ObservationConfirm_WideStop1_5R|Secondary
OPF-20260725-190722,2026-02-12,20260212-0440-BULL-OBS-001172-Z001168-OC,ObservationConfirm_WideStop1_5R,Long,Primary,None,2026-02-12 04:45:00,21.0,22.0,Accepted,,2026-02-12 05:40:00,TIME_STOP,55.5,51.9,126.0,True,20260212-0440-BULL-OBS-001172-Z001168-OC|ObservationConfirm_WideStop1_5R|Primary
OPF-20260725-190722,2026-02-12,20260212-0450-BULL-OBS-001174-Z001174-OC,ObservationConfirm_WideStop1_5R,Long,Secondary,Same,2026-02-12 04:55:00,9.0,22.0,Accepted,,2026-02-12 05:50:00,TIME_STOP,63.0,59.4,54.0,True,20260212-0450-BULL-OBS-001174-Z001174-OC|ObservationConfirm_WideStop1_5R|Secondary
OPF-20260725-190722,2026-02-12,20260212-0545-BULL-OBS-001185-Z001185-OC,ObservationConfirm_WideStop1_5R,Long,Secondary,Same,2026-02-12 05:50:00,8.916666666666666,22.0,Accepted,,2026-02-12 06:00:00,SL,-53.5,-57.1,53.5,True,20260212-0545-BULL-OBS-001185-Z001185-OC|ObservationConfirm_WideStop1_5R|Secondary
OPF-20260725-190722,2026-02-12,20260212-0550-BULL-OBS-001186-Z001185-OC,ObservationConfirm_WideStop1_5R,Long,Secondary,Same,2026-02-12 05:55:00,10.5,22.0,Accepted,,2026-02-12 06:00:00,SL,-63.0,-66.6,63.0,True,20260212-0550-BULL-OBS-001186-Z001185-OC|ObservationConfirm_WideStop1_5R|Secondary
OPF-20260725-190722,2026-02-12,20260212-0645-BEAR-OBS-001197-Z001195-FR,FailureReverse_ObservationInvalidated,Long,Primary,None,2026-02-12 06:55:00,12.333333333333332,25.0,Accepted,,2026-02-12 07:25:00,TP,185.0,181.4,74.0,True,20260212-0645-BEAR-OBS-001197-Z001195-FR|FailureReverse_ObservationInvalidated|Primary
OPF-20260725-190722,2026-02-12,20260212-2105-BEAR-OBS-001369-Z001366-FR,FailureReverse_ObservationInvalidated,Long,Primary,None,2026-02-12 21:10:00,18.833333333333332,25.0,Accepted,,2026-02-12 21:50:00,PATH_END,157.0,153.4,113.0,False,20260212-2105-BEAR-OBS-001369-Z001366-FR|FailureReverse_ObservationInvalidated|Primary
OPF-20260725-190941,2026-02-13,20260213-0005-BULL-OBS-001117-Z001117-OC,ObservationConfirm,Long,Primary,None,2026-02-13 00:10:00,10.0,12.0,Accepted,,2026-02-13 00:15:00,SL,-60.0,-63.6,60.0,True,20260213-0005-BULL-OBS-001117-Z001117-OC|ObservationConfirm|Primary
OPF-20260725-190941,2026-02-13,20260213-0235-BULL-OBS-001147-Z001147-FR,FailureReverse_ObservationInvalidated_WideStop1_5R,Short,Primary,None,2026-02-13 02:40:00,20.0,25.0,Accepted,,2026-02-13 05:20:00,TP,480.0,476.4,120.0,True,20260213-0235-BULL-OBS-001147-Z001147-FR|FailureReverse_ObservationInvalidated_WideStop1_5R|Primary
OPF-20260725-190941,2026-02-13,20260213-0440-BEAR-OBS-001172-Z001171-OC,ObservationConfirm,Short,Secondary,Same,2026-02-13 04:45:00,20.75,22.0,Accepted,,2026-02-13 05:20:00,TP,186.75,183.15,124.5,True,20260213-0440-BEAR-OBS-001172-Z001171-OC|ObservationConfirm|Secondary
OPF-20260725-190941,2026-02-13,20260213-0700-BEAR-OBS-001200-Z001180-OC,ObservationConfirm_WideStop1_5R,Short,Primary,None,2026-02-13 07:05:00,19.916666666666664,22.0,Accepted,,2026-02-13 07:15:00,SL,-119.5,-123.1,119.49999999999999,True,20260213-0700-BEAR-OBS-001200-Z001180-OC|ObservationConfirm_WideStop1_5R|Primary
OPF-20260725-190941,2026-02-13,20260213-2125-BEAR-OBS-001373-Z001373,ZoneBirthResearch,Short,Primary,None,2026-02-13 21:25:00,5.5,8.0,Accepted,,2026-02-13 21:30:00,SPLIT_BASE_SL_RUNNER_SL,-33.0,-36.6,33.0,False,20260213-2125-BEAR-OBS-001373-Z001373|ZoneBirthResearch|Primary
OPF-20260725-191151,2026-02-17,20260217-0105-BEAR-OBS-001081-Z001077-FR,FailureReverse_ObservationInvalidated,Long,Primary,None,2026-02-17 01:10:00,11.25,25.0,Accepted,,2026-02-17 01:20:00,SL,-67.5,-71.1,67.5,True,20260217-0105-BEAR-OBS-001081-Z001077-FR|FailureReverse_ObservationInvalidated|Primary
OPF-20260725-191151,2026-02-17,20260217-0220-BEAR-OBS-001096-Z001092-OC,ObservationConfirm_WideStop1_5R,Short,Primary,None,2026-02-17 02:25:00,11.0,22.0,Accepted,,2026-02-17 02:35:00,TP,99.0,95.4,66.0,True,20260217-0220-BEAR-OBS-001096-Z001092-OC|ObservationConfirm_WideStop1_5R|Primary
OPF-20260725-191151,2026-02-17,20260217-0435-BEAR-OBS-001123-Z001123-OC,ObservationConfirm,Short,Primary,None,2026-02-17 04:40:00,6.25,22.0,Accepted,,2026-02-17 04:45:00,SL,-37.5,-41.1,37.5,True,20260217-0435-BEAR-OBS-001123-Z001123-OC|ObservationConfirm|Primary
OPF-20260725-191151,2026-02-17,20260217-0840-BEAR-OBS-001172-Z001172-OC,ObservationConfirm,Short,Primary,None,2026-02-17 08:45:00,12.0,20.0,Accepted,,2026-02-17 08:50:00,TP,108.0,104.4,72.0,True,20260217-0840-BEAR-OBS-001172-Z001172-OC|ObservationConfirm|Primary
OPF-20260725-191151,2026-02-17,20260217-0935-BULL-OBS-001183-Z001183-OC,ObservationConfirm_WideStop1_5R,Long,Primary,None,2026-02-17 09:40:00,17.916666666666664,18.0,Accepted,,2026-02-17 10:10:00,SL,-107.5,-111.1,107.49999999999999,True,20260217-0935-BULL-OBS-001183-Z001183-OC|ObservationConfirm_WideStop1_5R|Primary
OPF-20260725-191151,2026-02-17,20260217-1045-BEAR-OBS-001197-Z001197-OC,ObservationConfirm,Short,Primary,None,2026-02-17 10:50:00,17.5,20.0,Accepted,,2026-02-17 11:20:00,TP,157.5,153.9,105.0,True,20260217-1045-BEAR-OBS-001197-Z001197-OC|ObservationConfirm|Primary
OPF-20260725-191151,2026-02-17,20260217-1220-BEAR-OBS-001216-Z001216,ZoneBirthResearch,Short,Primary,None,2026-02-17 12:20:00,18.75,18.0,Accepted,,2026-02-17 13:05:00,SPLIT_BASE_TP_RUNNER_TP,337.5,333.9,112.5,True,20260217-1220-BEAR-OBS-001216-Z001216|ZoneBirthResearch|Primary
OPF-20260725-191407,2026-02-18,20260217-2335-BEAR-OBS-001063-Z001063-OC,ObservationConfirm,Short,Primary,None,2026-02-17 23:40:00,16.75,20.0,Accepted,,2026-02-18 00:10:00,SL,-100.5,-104.1,100.5,True,20260217-2335-BEAR-OBS-001063-Z001063-OC|ObservationConfirm|Primary
OPF-20260725-191407,2026-02-18,20260218-0055-BEAR-OBS-001079-Z001078-OC,ObservationConfirm,Short,Primary,None,2026-02-18 01:00:00,17.5,20.0,Accepted,,2026-02-18 01:20:00,SL,-105.0,-108.6,105.0,True,20260218-0055-BEAR-OBS-001079-Z001078-OC|ObservationConfirm|Primary
OPF-20260725-191407,2026-02-18,20260218-0240-BULL-OBS-001100-Z001100-OC,ObservationConfirm_WideStop1_5R,Long,Primary,None,2026-02-18 02:45:00,5.25,22.0,Accepted,,2026-02-18 02:50:00,SL,-31.5,-35.1,31.5,True,20260218-0240-BULL-OBS-001100-Z001100-OC|ObservationConfirm_WideStop1_5R|Primary
OPF-20260725-191407,2026-02-18,20260218-0250-BULL-OBS-001102-Z001099-OC,ObservationConfirm,Long,Primary,None,2026-02-18 02:55:00,8.5,12.0,Accepted,,2026-02-18 03:10:00,SL,-51.0,-54.6,51.0,True,20260218-0250-BULL-OBS-001102-Z001099-OC|ObservationConfirm|Primary
OPF-20260725-191407,2026-02-18,20260218-0250-BULL-OBS-001102-Z001099-OC,ObservationConfirm_WideStop1_5R,Long,Secondary,Same,2026-02-18 02:55:00,11.75,18.0,Accepted,,2026-02-18 03:10:00,SL,-70.5,-74.1,70.5,True,20260218-0250-BULL-OBS-001102-Z001099-OC|ObservationConfirm_WideStop1_5R|Secondary
OPF-20260725-191407,2026-02-18,20260218-0410-BULL-OBS-001118-Z001118-OC,ObservationConfirm_WideStop1_5R,Long,Primary,None,2026-02-18 04:15:00,11.619999999998981,18.0,Accepted,,2026-02-18 04:40:00,TP,209.16,205.56,69.71999999999389,True,20260218-0410-BULL-OBS-001118-Z001118-OC|ObservationConfirm_WideStop1_5R|Primary
OPF-20260725-191407,2026-02-18,20260218-0640-BULL-OBS-001148-Z001148-OC,ObservationConfirm,Long,Primary,None,2026-02-18 06:45:00,7.75,12.0,Accepted,,2026-02-18 06:50:00,TP,69.75,66.15,46.5,True,20260218-0640-BULL-OBS-001148-Z001148-OC|ObservationConfirm|Primary
OPF-20260725-191407,2026-02-18,20260218-0640-BULL-OBS-001148-Z001148-OC,ObservationConfirm_WideStop1_5R,Long,Secondary,Same,2026-02-18 06:45:00,11.25,22.0,Accepted,,2026-02-18 06:55:00,SL,-67.5,-71.1,67.5,True,20260218-0640-BULL-OBS-001148-Z001148-OC|ObservationConfirm_WideStop1_5R|Secondary
OPF-20260725-191407,2026-02-18,20260218-0700-BEAR-OBS-001152-Z001152-OC,ObservationConfirm,Short,Primary,None,2026-02-18 07:05:00,18.0,18.0,Accepted,,2026-02-18 07:35:00,SL,-108.0,-111.6,108.0,True,20260218-0700-BEAR-OBS-001152-Z001152-OC|ObservationConfirm|Primary
OPF-20260725-191407,2026-02-18,20260218-0900-BULL-OBS-001176-Z001176-OC,ObservationConfirm_WideStop1_5R,Long,Primary,None,2026-02-18 09:05:00,24.5,25.0,Accepted,,2026-02-18 10:00:00,TIME_STOP,132.0,128.4,147.0,True,20260218-0900-BULL-OBS-001176-Z001176-OC|ObservationConfirm_WideStop1_5R|Primary
OPF-20260725-191407,2026-02-18,20260218-0935-BULL-OBS-001183-Z001183-OC,ObservationConfirm_WideStop1_5R,Long,Secondary,Same,2026-02-18 09:40:00,18.0,22.0,Accepted,,2026-02-18 09:50:00,SL,-108.0,-111.6,108.0,True,20260218-0935-BULL-OBS-001183-Z001183-OC|ObservationConfirm_WideStop1_5R|Secondary
OPF-20260725-191407,2026-02-18,20260218-1110-BEAR-OBS-001202-Z001202-OC,ObservationConfirm,Short,Primary,None,2026-02-18 11:15:00,4.75,11.0,Accepted,,2026-02-18 11:20:00,SL,-28.5,-32.1,28.5,True,20260218-1110-BEAR-OBS-001202-Z001202-OC|ObservationConfirm|Primary
OPF-20260725-191407,2026-02-18,20260218-1730-BEAR-OBS-001278-Z001278-OC,ObservationConfirm,Short,Primary,None,2026-02-18 17:35:00,17.5,22.0,Accepted,,2026-02-18 17:50:00,SL,-105.0,-108.6,105.0,True,20260218-1730-BEAR-OBS-001278-Z001278-OC|ObservationConfirm|Primary
OPF-20260725-191407,2026-02-18,20260218-1825-BEAR-OBS-001289-Z001289,ZoneBirthResearch,Short,Primary,None,2026-02-18 18:25:00,17.75,0.0,Accepted,,2026-02-18 18:50:00,SPLIT_BASE_TP_RUNNER_TP,319.5,315.9,106.5,True,20260218-1825-BEAR-OBS-001289-Z001289|ZoneBirthResearch|Primary
OPF-20260725-191407,2026-02-18,20260218-2135-BEAR-OBS-001327-Z001321-OC,ObservationConfirm,Short,Primary,None,2026-02-18 21:40:00,6.0,11.0,Accepted,,2026-02-18 21:45:00,SL,-36.0,-39.6,36.0,False,20260218-2135-BEAR-OBS-001327-Z001321-OC|ObservationConfirm|Primary
OPF-20260725-191610,2026-02-19,20260219-0155-BULL-OBS-001091-Z001091-OC,ObservationConfirm_WideStop1_5R,Long,Primary,None,2026-02-19 02:00:00,10.416666666666666,22.0,Accepted,,2026-02-19 02:55:00,TIME_STOP,111.5,107.9,62.5,True,20260219-0155-BULL-OBS-001091-Z001091-OC|ObservationConfirm_WideStop1_5R|Primary
OPF-20260725-191610,2026-02-19,20260219-0200-BULL-OBS-001092-Z001091-OC,ObservationConfirm_WideStop1_5R,Long,Secondary,Same,2026-02-19 02:05:00,20.75,22.0,Accepted,,2026-02-19 03:00:00,TIME_STOP,97.5,93.9,124.5,True,20260219-0200-BULL-OBS-001092-Z001091-OC|ObservationConfirm_WideStop1_5R|Secondary
OPF-20260725-191610,2026-02-19,20260219-0400-BULL-OBS-001116-Z001116-OC,ObservationConfirm,Long,Primary,None,2026-02-19 04:05:00,10.5,12.0,Accepted,,2026-02-19 04:25:00,SL,-63.0,-66.6,63.0,True,20260219-0400-BULL-OBS-001116-Z001116-OC|ObservationConfirm|Primary
OPF-20260725-191610,2026-02-19,20260219-0450-BEAR-OBS-001126-Z001126,ZoneBirthResearch,Short,Primary,None,2026-02-19 04:50:00,7.0,8.0,Accepted,,2026-02-19 05:15:00,SPLIT_BASE_TP_RUNNER_BE,70.0,66.4,42.0,True,20260219-0450-BEAR-OBS-001126-Z001126|ZoneBirthResearch|Primary
OPF-20260725-191610,2026-02-19,20260219-0515-BEAR-OBS-001131-Z001126-OC,ObservationConfirm,Short,Primary,None,2026-02-19 05:20:00,6.5,11.0,Accepted,,2026-02-19 05:25:00,SL,-39.0,-42.6,39.0,True,20260219-0515-BEAR-OBS-001131-Z001126-OC|ObservationConfirm|Primary
OPF-20260725-191610,2026-02-19,20260219-0535-BULL-OBS-001135-Z001135-OC,ObservationConfirm,Long,Primary,None,2026-02-19 05:40:00,8.333333333333332,12.0,Accepted,,2026-02-19 05:45:00,TP,75.0,71.4,49.99999999999999,True,20260219-0535-BULL-OBS-001135-Z001135-OC|ObservationConfirm|Primary
OPF-20260725-191610,2026-02-19,20260219-0535-BULL-OBS-001135-Z001135-OC,ObservationConfirm_WideStop1_5R,Long,Secondary,Same,2026-02-19 05:40:00,12.0,18.0,Accepted,,2026-02-19 06:35:00,TIME_STOP,106.5,102.9,72.0,True,20260219-0535-BULL-OBS-001135-Z001135-OC|ObservationConfirm_WideStop1_5R|Secondary
OPF-20260725-191610,2026-02-19,20260219-0550-BULL-OBS-001138-Z001138-OC,ObservationConfirm,Long,Secondary,Same,2026-02-19 05:55:00,11.25,12.0,Accepted,,2026-02-19 07:25:00,TP,270.0,266.4,67.5,True,20260219-0550-BULL-OBS-001138-Z001138-OC|ObservationConfirm|Secondary
OPF-20260725-191610,2026-02-19,20260219-0730-BULL-PB-001158-Z001157,AlmostConfirmed,Long,Primary,None,2026-02-19 07:30:00,13.0,25.0,Accepted,,2026-02-19 07:40:00,SL,-78.0,-81.6,78.0,True,20260219-0730-BULL-PB-001158-Z001157|AlmostConfirmed|Primary
OPF-20260725-191610,2026-02-19,20260219-1925-BULL-OBS-001301-Z001294-OC-STR,ObservationStrict_Other,Long,Primary,None,2026-02-19 19:30:00,23.25,25.0,Accepted,,2026-02-19 19:35:00,SL,-139.5,-143.1,139.5,True,20260219-1925-BULL-OBS-001301-Z001294-OC-STR|ObservationStrict_Other|Primary
OPF-20260725-191610,2026-02-19,20260219-2135-BEAR-OBS-001327-Z001327,ZoneBirthResearch,Short,Primary,None,2026-02-19 21:35:00,8.0,8.0,Accepted,,2026-02-19 21:50:00,PATH_END,31.5,27.9,48.0,False,20260219-2135-BEAR-OBS-001327-Z001327|ZoneBirthResearch|Primary
OPF-20260725-191829,2026-02-20,20260219-2320-BULL-OBS-001060-Z001060-OC,ObservationConfirm,Long,Primary,None,2026-02-19 23:25:00,10.0,12.0,Accepted,,2026-02-19 23:30:00,TP,90.0,86.4,60.0,True,20260219-2320-BULL-OBS-001060-Z001060-OC|ObservationConfirm|Primary
OPF-20260725-191829,2026-02-20,20260219-2335-BULL-OBS-001063-Z001063-OC,ObservationConfirm_WideStop1_5R,Long,Primary,None,2026-02-19 23:45:00,18.583333333333332,18.0,Accepted,,2026-02-20 00:00:00,SL,-111.5,-115.1,111.5,True,20260219-2335-BULL-OBS-001063-Z001063-OC|ObservationConfirm_WideStop1_5R|Primary
OPF-20260725-191829,2026-02-20,20260220-0035-BULL-OBS-001075-Z001074-OC-STR,ObservationStrict_Other,Long,Primary,None,2026-02-20 00:40:00,20.416666666666664,25.0,Accepted,,2026-02-20 01:35:00,TIME_STOP,84.5,80.9,122.49999999999999,True,20260220-0035-BULL-OBS-001075-Z001074-OC-STR|ObservationStrict_Other|Primary
OPF-20260725-191829,2026-02-20,20260220-0255-BULL-OBS-001103-Z001103-OC,ObservationConfirm,Long,Primary,None,2026-02-20 03:00:00,9.5,12.0,Accepted,,2026-02-20 03:05:00,SL,-57.0,-60.6,57.0,True,20260220-0255-BULL-OBS-001103-Z001103-OC|ObservationConfirm|Primary
OPF-20260725-191829,2026-02-20,20260220-0415-BULL-OBS-001119-Z001118-OC,ObservationConfirm,Long,Primary,None,2026-02-20 04:25:00,8.0,12.0,Accepted,,2026-02-20 04:35:00,SL,-48.0,-51.6,48.0,True,20260220-0415-BULL-OBS-001119-Z001118-OC|ObservationConfirm|Primary
OPF-20260725-191829,2026-02-20,20260220-0410-BULL-OBS-001118-Z001118-OC,ObservationConfirm_WideStop1_5R,Long,Secondary,Same,2026-02-20 04:25:00,11.583333333333332,18.0,Accepted,,2026-02-20 05:20:00,TIME_STOP,119.5,115.9,69.5,True,20260220-0410-BULL-OBS-001118-Z001118-OC|ObservationConfirm_WideStop1_5R|Secondary
OPF-20260725-191829,2026-02-20,20260220-0540-BULL-PB-001136-Z001135,AlmostConfirmed,Long,Primary,None,2026-02-20 05:40:00,10.0,25.0,Accepted,,2026-02-20 07:40:00,SL,-60.0,-63.6,60.0,True,20260220-0540-BULL-PB-001136-Z001135|AlmostConfirmed|Primary
OPF-20260725-191829,2026-02-20,20260220-0550-BULL-OBS-001138-Z001138-OC,ObservationConfirm_WideStop1_5R,Long,Secondary,Same,2026-02-20 05:55:00,9.416666666666666,22.0,Accepted,,2026-02-20 06:35:00,SL,-56.5,-60.1,56.5,True,20260220-0550-BULL-OBS-001138-Z001138-OC|ObservationConfirm_WideStop1_5R|Secondary
OPF-20260725-191829,2026-02-20,20260220-0850-BULL-OBS-001174-Z001174-OC,ObservationConfirm_WideStop1_5R,Long,Primary,None,2026-02-20 08:55:00,22.0,25.0,Accepted,,2026-02-20 09:50:00,TIME_STOP,45.0,41.4,132.0,True,20260220-0850-BULL-OBS-001174-Z001174-OC|ObservationConfirm_WideStop1_5R|Primary
OPF-20260725-191829,2026-02-20,20260220-1025-BEAR-OBS-001193-Z001193-OC,ObservationConfirm,Short,Primary,None,2026-02-20 10:30:00,17.25,18.0,Accepted,,2026-02-20 10:35:00,SL,-103.5,-107.1,103.5,True,20260220-1025-BEAR-OBS-001193-Z001193-OC|ObservationConfirm|Primary
OPF-20260725-191829,2026-02-20,20260220-1220-BEAR-BRK-001216-Z001216,BreakawayFvg,Short,Primary,None,2026-02-20 12:20:00,10.25,30.0,Accepted,,2026-02-20 12:25:00,BE,0.0,-3.6,61.5,True,20260220-1220-BEAR-BRK-001216-Z001216|BreakawayFvg|Primary
OPF-20260725-191829,2026-02-20,20260220-1410-BEAR-BRK-001238-Z001238,BreakawayFvg,Short,Primary,None,2026-02-20 14:10:00,23.75,30.0,Accepted,,2026-02-20 14:30:00,BE,0.0,-3.6,142.5,False,20260220-1410-BEAR-BRK-001238-Z001238|BreakawayFvg|Primary
OPF-20260725-192035,2026-02-23,20260223-0215-BEAR-OBS-001143-Z001143-OC,ObservationConfirm,Short,Primary,None,2026-02-23 02:20:00,8.583333333333332,22.0,Accepted,,2026-02-23 02:25:00,SL,-51.5,-55.1,51.49999999999999,True,20260223-0215-BEAR-OBS-001143-Z001143-OC|ObservationConfirm|Primary
OPF-20260725-192035,2026-02-23,20260223-0305-BULL-OBS-001153-Z001153-OC,ObservationConfirm,Long,Primary,None,2026-02-23 03:10:00,9.166666666666666,12.0,Accepted,,2026-02-23 03:15:00,SL,-55.0,-58.6,55.0,True,20260223-0305-BULL-OBS-001153-Z001153-OC|ObservationConfirm|Primary
OPF-20260725-192035,2026-02-23,20260223-0345-BULL-OBS-001161-Z001161-OC,ObservationConfirm,Long,Primary,None,2026-02-23 03:50:00,9.916666666666666,12.0,Accepted,,2026-02-23 04:10:00,TP,89.25,85.65,59.5,True,20260223-0345-BULL-OBS-001161-Z001161-OC|ObservationConfirm|Primary
OPF-20260725-192035,2026-02-23,20260223-0510-BEAR-OBS-001178-Z001178-OC,ObservationConfirm,Short,Primary,None,2026-02-23 05:15:00,18.0,20.0,Accepted,,2026-02-23 05:25:00,SL,-108.0,-111.6,108.0,True,20260223-0510-BEAR-OBS-001178-Z001178-OC|ObservationConfirm|Primary
OPF-20260725-192035,2026-02-23,20260223-0615-BULL-OBS-001191-Z001191-OC,ObservationConfirm,Long,Primary,None,2026-02-23 06:20:00,5.25,12.0,Accepted,,2026-02-23 06:30:00,SL,-31.5,-35.1,31.5,True,20260223-0615-BULL-OBS-001191-Z001191-OC|ObservationConfirm|Primary
OPF-20260725-192035,2026-02-23,20260223-0635-BULL-OBS-001195-Z001195-OC,ObservationConfirm,Long,Primary,None,2026-02-23 06:40:00,5.75,12.0,Accepted,,2026-02-23 06:50:00,TP,51.75,48.15,34.5,True,20260223-0635-BULL-OBS-001195-Z001195-OC|ObservationConfirm|Primary
OPF-20260725-192035,2026-02-23,20260223-0715-BULL-OBS-001203-Z001203-OC,ObservationConfirm_WideStop1_5R,Long,Primary,None,2026-02-23 07:20:00,7.619999999998981,22.0,Accepted,,2026-02-23 07:25:00,SL,-45.72,-49.32,45.71999999999389,True,20260223-0715-BULL-OBS-001203-Z001203-OC|ObservationConfirm_WideStop1_5R|Primary
OPF-20260725-192035,2026-02-23,20260223-0915-BULL-OBS-001227-Z001227-OC,ObservationConfirm_WideStop1_5R,Long,Primary,None,2026-02-23 09:20:00,11.869999999998981,22.0,Accepted,,2026-02-23 10:15:00,TIME_STOP,13.5,9.9,71.21999999999389,True,20260223-0915-BULL-OBS-001227-Z001227-OC|ObservationConfirm_WideStop1_5R|Primary
OPF-20260725-192035,2026-02-23,20260223-1025-BULL-OBS-001241-Z001226-OC-STR,ObservationStrict_Other_WideStop1_5R,Long,Primary,None,2026-02-23 10:40:00,21.38000000000102,25.0,Accepted,,2026-02-23 11:35:00,SL,-128.28,-131.88,128.2800000000061,True,20260223-1025-BULL-OBS-001241-Z001226-OC-STR|ObservationStrict_Other_WideStop1_5R|Primary
OPF-20260725-192035,2026-02-23,20260223-1135-BEAR-OBS-001255-Z001255-OC,ObservationConfirm,Short,Primary,None,2026-02-23 11:40:00,16.75,18.0,Accepted,,2026-02-23 11:50:00,TP,150.75,147.15,100.5,True,20260223-1135-BEAR-OBS-001255-Z001255-OC|ObservationConfirm|Primary
OPF-20260725-192035,2026-02-23,20260223-1215-BEAR-OBS-001263-Z001263,ZoneBirthResearch,Short,Primary,None,2026-02-23 12:15:00,16.75,0.0,Accepted,,2026-02-23 13:05:00,SPLIT_BASE_SL_RUNNER_SL,-100.5,-104.1,100.5,True,20260223-1215-BEAR-OBS-001263-Z001263|ZoneBirthResearch|Primary
OPF-20260725-192035,2026-02-23,20260223-1900-BEAR-OBS-001344-Z001344-OC,ObservationConfirm,Short,Primary,None,2026-02-23 19:05:00,12.75,22.0,Accepted,,2026-02-23 19:25:00,TP,114.75,111.15,76.5,False,20260223-1900-BEAR-OBS-001344-Z001344-OC|ObservationConfirm|Primary
OPF-20260725-192244,2026-02-24,20260224-0025-BEAR-OBS-001121-Z001121-OC,ObservationConfirm,Short,Primary,None,2026-02-24 00:30:00,20.0,20.0,Accepted,,2026-02-24 00:40:00,SL,-120.0,-123.6,120.0,True,20260224-0025-BEAR-OBS-001121-Z001121-OC|ObservationConfirm|Primary
OPF-20260725-192244,2026-02-24,20260224-0320-BULL-OBS-001156-Z001156-OC,ObservationConfirm,Long,Primary,None,2026-02-24 03:25:00,4.5,12.0,Accepted,,2026-02-24 03:30:00,SL,-27.0,-30.6,27.0,True,20260224-0320-BULL-OBS-001156-Z001156-OC|ObservationConfirm|Primary
OPF-20260725-192244,2026-02-24,20260224-0505-BULL-OBS-001177-Z001177-OC,ObservationConfirm_WideStop1_5R,Long,Primary,None,2026-02-24 05:10:00,4.333333333333333,22.0,Accepted,,2026-02-24 05:15:00,SL,-26.0,-29.6,26.0,True,20260224-0505-BULL-OBS-001177-Z001177-OC|ObservationConfirm_WideStop1_5R|Primary
OPF-20260725-192244,2026-02-24,20260224-0545-BULL-OBS-001185-Z001143-OC,ObservationConfirm_WideStop1_5R,Long,Primary,None,2026-02-24 05:50:00,17.5,22.0,Accepted,,2026-02-24 06:45:00,TIME_STOP,22.5,18.9,105.0,True,20260224-0545-BULL-OBS-001185-Z001143-OC|ObservationConfirm_WideStop1_5R|Primary
OPF-20260725-192244,2026-02-24,20260224-0850-BEAR-OBS-001222-Z001222,ZoneBirthResearch,Short,Primary,None,2026-02-24 08:50:00,5.75,8.0,Accepted,,2026-02-24 08:55:00,SPLIT_BASE_SL_RUNNER_SL,-34.5,-38.1,34.5,True,20260224-0850-BEAR-OBS-001222-Z001222|ZoneBirthResearch|Primary
OPF-20260725-192244,2026-02-24,20260224-1000-BULL-OBS-001236-Z001236-OC,ObservationConfirm_WideStop1_5R,Long,Primary,None,2026-02-24 10:05:00,7.5,22.0,Accepted,,2026-02-24 10:15:00,SL,-45.0,-48.6,45.0,True,20260224-1000-BULL-OBS-001236-Z001236-OC|ObservationConfirm_WideStop1_5R|Primary
OPF-20260725-192244,2026-02-24,20260224-1030-BULL-PB-001242-Z001234,AlmostConfirmed,Long,Primary,None,2026-02-24 10:30:00,4.5,25.0,Accepted,,2026-02-24 10:40:00,SL,-27.0,-30.6,27.0,True,20260224-1030-BULL-PB-001242-Z001234|AlmostConfirmed|Primary
OPF-20260725-192244,2026-02-24,20260224-1110-BULL-OBS-001250-Z001233-OC,ObservationConfirm,Long,Primary,None,2026-02-24 11:15:00,7.0,12.0,Accepted,,2026-02-24 11:20:00,SL,-42.0,-45.6,42.0,True,20260224-1110-BULL-OBS-001250-Z001233-OC|ObservationConfirm|Primary
OPF-20260725-192244,2026-02-24,20260224-1110-BULL-OBS-001250-Z001233-OC,ObservationConfirm_WideStop1_5R,Long,Secondary,Same,2026-02-24 11:15:00,9.75,22.0,Accepted,,2026-02-24 11:20:00,SL,-58.5,-62.1,58.5,True,20260224-1110-BULL-OBS-001250-Z001233-OC|ObservationConfirm_WideStop1_5R|Secondary
OPF-20260725-192244,2026-02-24,20260224-1220-BEAR-OBS-001264-Z001264,ZoneBirthResearch,Short,Primary,None,2026-02-24 12:20:00,16.5,0.0,Accepted,,2026-02-24 13:15:00,SPLIT_BASE_TP_RUNNER_BE,165.0,161.4,99.0,True,20260224-1220-BEAR-OBS-001264-Z001264|ZoneBirthResearch|Primary
OPF-20260725-192244,2026-02-24,20260224-1405-BEAR-OBS-001285-Z001285,ZoneBirthResearch,Short,Primary,None,2026-02-24 14:05:00,16.75,0.0,Accepted,,2026-02-24 14:30:00,SPLIT_BASE_TP_RUNNER_TP,301.5,297.9,100.5,True,20260224-1405-BEAR-OBS-001285-Z001285|ZoneBirthResearch|Primary
OPF-20260725-192244,2026-02-24,20260224-1655-BULL-OBS-001319-Z001319-OC,ObservationConfirm_WideStop1_5R,Long,Primary,None,2026-02-24 17:00:00,20.61999999999898,22.0,Accepted,,2026-02-24 17:55:00,TIME_STOP,85.5,81.9,123.71999999999389,True,20260224-1655-BULL-OBS-001319-Z001319-OC|ObservationConfirm_WideStop1_5R|Primary
OPF-20260725-192244,2026-02-24,20260224-1920-BEAR-OBS-001348-Z001348,ZoneBirthResearch,Short,Primary,None,2026-02-24 19:20:00,9.0,0.0,Accepted,,2026-02-24 19:30:00,SPLIT_BASE_SL_RUNNER_SL,-54.0,-57.6,54.0,True,20260224-1920-BEAR-OBS-001348-Z001348|ZoneBirthResearch|Primary
OPF-20260725-192244,2026-02-24,20260224-1940-BEAR-OBS-001352-Z001347-FR,FailureReverse_ObservationInvalidated_WideStop1_5R,Long,Primary,None,2026-02-24 19:45:00,7.75,0.0,Accepted,,2026-02-24 19:50:00,TP,139.5,135.9,46.5,True,20260224-1940-BEAR-OBS-001352-Z001347-FR|FailureReverse_ObservationInvalidated_WideStop1_5R|Primary
OPF-20260725-192244,2026-02-24,20260224-2125-BULL-OBS-001373-Z001373-FR-RT,FailureReverse_RetestFailed,Short,Primary,None,2026-02-24 21:40:00,4.0,11.0,Accepted,,2026-02-24 21:45:00,SL,-24.0,-27.6,24.0,False,20260224-2125-BULL-OBS-001373-Z001373-FR-RT|FailureReverse_RetestFailed|Primary
OPF-20260725-192447,2026-02-25,20260224-2305-BEAR-OBS-001105-Z001105,ZoneBirthResearch,Short,Primary,None,2026-02-24 23:05:00,13.0,18.0,Accepted,,2026-02-24 23:10:00,SPLIT_BASE_SL_RUNNER_SL,-78.0,-81.6,78.0,True,20260224-2305-BEAR-OBS-001105-Z001105|ZoneBirthResearch|Primary
OPF-20260725-192447,2026-02-25,20260225-0150-BULL-OBS-001138-Z001138-FR-RT,FailureReverse_RetestFailed,Short,Primary,None,2026-02-25 02:05:00,9.416666666666666,11.0,Accepted,,2026-02-25 02:20:00,SL,-56.5,-60.1,56.5,True,20260225-0150-BULL-OBS-001138-Z001138-FR-RT|FailureReverse_RetestFailed|Primary
OPF-20260725-192447,2026-02-25,20260225-0415-BEAR-OBS-001167-Z001167-OC,ObservationConfirm,Short,Primary,None,2026-02-25 04:20:00,8.75,22.0,Accepted,,2026-02-25 04:25:00,SL,-52.5,-56.1,52.5,True,20260225-0415-BEAR-OBS-001167-Z001167-OC|ObservationConfirm|Primary
OPF-20260725-192447,2026-02-25,20260225-0435-BULL-OBS-001171-Z001170-OC,ObservationConfirm,Long,Primary,None,2026-02-25 04:40:00,10.75,12.0,Accepted,,2026-02-25 04:55:00,SL,-64.5,-68.1,64.5,True,20260225-0435-BULL-OBS-001171-Z001170-OC|ObservationConfirm|Primary
OPF-20260725-192447,2026-02-25,20260225-0600-BEAR-OBS-001188-Z001188-OC,ObservationConfirm,Short,Primary,None,2026-02-25 06:05:00,7.5,11.0,Accepted,,2026-02-25 06:15:00,SL,-45.0,-48.6,45.0,True,20260225-0600-BEAR-OBS-001188-Z001188-OC|ObservationConfirm|Primary
OPF-20260725-192447,2026-02-25,20260225-0645-BEAR-OBS-001197-Z001197,ZoneBirthResearch,Short,Primary,None,2026-02-25 06:45:00,6.25,0.0,Accepted,,2026-02-25 07:10:00,SPLIT_BASE_SL_RUNNER_SL,-37.5,-41.1,37.5,True,20260225-0645-BEAR-OBS-001197-Z001197|ZoneBirthResearch|Primary
OPF-20260725-192447,2026-02-25,20260225-0735-BEAR-OBS-001207-Z001207-OC,ObservationConfirm,Short,Primary,None,2026-02-25 07:40:00,10.0,18.0,Accepted,,2026-02-25 07:50:00,SL,-60.0,-63.6,60.0,True,20260225-0735-BEAR-OBS-001207-Z001207-OC|ObservationConfirm|Primary
OPF-20260725-192447,2026-02-25,20260225-0820-BULL-OBS-001216-Z001216-OC,ObservationConfirm_WideStop1_5R,Long,Primary,None,2026-02-25 08:25:00,22.61999999999898,22.0,Accepted,,2026-02-25 09:20:00,TIME_STOP,-24.0,-27.6,135.7199999999939,True,20260225-0820-BULL-OBS-001216-Z001216-OC|ObservationConfirm_WideStop1_5R|Primary
OPF-20260725-192447,2026-02-25,20260225-1055-BEAR-OBS-001247-Z001247-OC,ObservationConfirm,Short,Primary,None,2026-02-25 11:00:00,10.5,18.0,Accepted,,2026-02-25 11:10:00,SL,-63.0,-66.6,63.0,True,20260225-1055-BEAR-OBS-001247-Z001247-OC|ObservationConfirm|Primary
OPF-20260725-192648,2026-02-26,20260226-0250-BULL-OBS-001150-Z001150-OC,ObservationConfirm,Long,Primary,None,2026-02-26 02:55:00,8.25,12.0,Accepted,,2026-02-26 03:05:00,SL,-49.5,-53.1,49.5,True,20260226-0250-BULL-OBS-001150-Z001150-OC|ObservationConfirm|Primary
OPF-20260725-192648,2026-02-26,20260226-0355-BEAR-OBS-001163-Z001163-OC,ObservationConfirm,Short,Primary,None,2026-02-26 04:00:00,9.75,18.0,Accepted,,2026-02-26 04:05:00,SL,-58.5,-62.1,58.5,True,20260226-0355-BEAR-OBS-001163-Z001163-OC|ObservationConfirm|Primary
OPF-20260725-192648,2026-02-26,20260226-0525-BULL-OBS-001181-Z001180-OC,ObservationConfirm,Long,Primary,None,2026-02-26 05:40:00,6.166666666666666,12.0,Accepted,,2026-02-26 05:45:00,TP,55.5,51.9,37.0,True,20260226-0525-BULL-OBS-001181-Z001180-OC|ObservationConfirm|Primary
OPF-20260725-192648,2026-02-26,20260226-0825-BULL-PB-001217-Z001215,AlmostConfirmed,Long,Primary,None,2026-02-26 08:25:00,12.0,25.0,Accepted,,2026-02-26 08:30:00,SL,-72.0,-75.6,72.0,True,20260226-0825-BULL-PB-001217-Z001215|AlmostConfirmed|Primary
OPF-20260725-192648,2026-02-26,20260226-0845-BULL-OBS-001221-Z001209-OC,ObservationConfirm_WideStop1_5R,Long,Primary,None,2026-02-26 08:50:00,5.5,18.0,Accepted,,2026-02-26 09:10:00,TP,99.0,95.4,33.0,True,20260226-0845-BULL-OBS-001221-Z001209-OC|ObservationConfirm_WideStop1_5R|Primary
OPF-20260725-192648,2026-02-26,20260226-1125-BULL-OBS-001253-Z001253-OC,ObservationConfirm_WideStop1_5R,Long,Primary,None,2026-02-26 11:30:00,17.333333333333332,18.0,Accepted,,2026-02-26 11:45:00,SL,-104.0,-107.6,104.0,False,20260226-1125-BULL-OBS-001253-Z001253-OC|ObservationConfirm_WideStop1_5R|Primary
OPF-20260725-192906,2026-02-27,20260226-2325-BULL-OBS-001109-Z001108-FR,FailureReverse_ObservationInvalidated_WideStop1_5R,Short,Primary,None,2026-02-26 23:30:00,22.75,25.0,Accepted,,2026-02-27 02:25:00,TIME_STOP,-37.5,-41.1,136.5,True,20260226-2325-BULL-OBS-001109-Z001108-FR|FailureReverse_ObservationInvalidated_WideStop1_5R|Primary
OPF-20260725-192906,2026-02-27,20260226-2320-BULL-OBS-001108-Z001108-FR,FailureReverse_ObservationInvalidated_WideStop1_5R,Short,Secondary,Same,2026-02-26 23:30:00,22.75,25.0,Accepted,,2026-02-27 02:25:00,TIME_STOP,-37.5,-41.1,136.5,True,20260226-2320-BULL-OBS-001108-Z001108-FR|FailureReverse_ObservationInvalidated_WideStop1_5R|Secondary
OPF-20260725-192906,2026-02-27,20260227-0300-BULL-OBS-001152-Z001152-OC,ObservationConfirm,Long,Primary,None,2026-02-27 03:05:00,7.0,12.0,Accepted,,2026-02-27 03:15:00,SL,-42.0,-45.6,42.0,True,20260227-0300-BULL-OBS-001152-Z001152-OC|ObservationConfirm|Primary
OPF-20260725-192906,2026-02-27,20260227-0300-BULL-OBS-001152-Z001152-OC,ObservationConfirm_WideStop1_5R,Long,Secondary,Same,2026-02-27 03:05:00,10.666666666666666,22.0,Accepted,,2026-02-27 03:20:00,SL,-64.0,-67.6,64.0,True,20260227-0300-BULL-OBS-001152-Z001152-OC|ObservationConfirm_WideStop1_5R|Secondary
OPF-20260725-192906,2026-02-27,20260227-0455-BEAR-OBS-001175-Z001175,ZoneBirthResearch,Short,Primary,None,2026-02-27 04:55:00,4.25,8.0,Accepted,,2026-02-27 05:00:00,SPLIT_BASE_SL_RUNNER_SL,-25.5,-29.1,25.5,True,20260227-0455-BEAR-OBS-001175-Z001175|ZoneBirthResearch|Primary
OPF-20260725-192906,2026-02-27,20260227-0515-BULL-OBS-001179-Z001179-OC,ObservationConfirm_WideStop1_5R,Long,Primary,None,2026-02-27 05:20:00,8.0,22.0,Accepted,,2026-02-27 05:55:00,SL,-48.0,-51.6,48.0,True,20260227-0515-BULL-OBS-001179-Z001179-OC|ObservationConfirm_WideStop1_5R|Primary
OPF-20260725-192906,2026-02-27,20260227-0725-BULL-OBS-001205-Z001205-OC,ObservationConfirm,Long,Primary,None,2026-02-27 07:30:00,10.0,12.0,Accepted,,2026-02-27 08:00:00,TP,90.0,86.4,60.0,True,20260227-0725-BULL-OBS-001205-Z001205-OC|ObservationConfirm|Primary
OPF-20260725-192906,2026-02-27,20260227-0730-BULL-OBS-001206-Z001205-OC-STR,ObservationStrict_Other_WideStop1_5R,Long,Secondary,Same,2026-02-27 07:35:00,10.880000000001019,25.0,Accepted,,2026-02-27 08:10:00,SL,-65.28,-68.88,65.28000000000611,True,20260227-0730-BULL-OBS-001206-Z001205-OC-STR|ObservationStrict_Other_WideStop1_5R|Secondary
OPF-20260725-193116,2026-03-02,20260302-0020-BEAR-OBS-001120-Z001120-OC,ObservationConfirm,Short,Primary,None,2026-03-02 00:25:00,19.416666666666664,20.0,Accepted,,2026-03-02 00:40:00,SL,-116.5,-120.1,116.49999999999999,True,20260302-0020-BEAR-OBS-001120-Z001120-OC|ObservationConfirm|Primary
OPF-20260725-193116,2026-03-02,20260302-0145-BEAR-OBS-001137-Z001137,ZoneBirthResearch,Short,Primary,None,2026-03-02 01:45:00,17.0,18.0,Accepted,,2026-03-02 02:00:00,SPLIT_BASE_SL_RUNNER_SL,-102.0,-105.6,102.0,True,20260302-0145-BEAR-OBS-001137-Z001137|ZoneBirthResearch|Primary
OPF-20260725-193116,2026-03-02,20260302-0210-BEAR-OBS-001142-Z001142,ZoneBirthResearch,Short,Primary,None,2026-03-02 02:10:00,18.5,18.0,Accepted,,2026-03-02 04:20:00,SPLIT_BASE_TP_RUNNER_TP,333.0,329.4,111.0,True,20260302-0210-BEAR-OBS-001142-Z001142|ZoneBirthResearch|Primary
OPF-20260725-193116,2026-03-02,20260302-0440-BULL-OBS-001172-Z001170-FR,FailureReverse_ObservationInvalidated_WideStop1_5R,Short,Primary,None,2026-03-02 04:45:00,16.75,25.0,Accepted,,2026-03-02 05:50:00,TP,402.0,398.4,100.5,True,20260302-0440-BULL-OBS-001172-Z001170-FR|FailureReverse_ObservationInvalidated_WideStop1_5R|Primary
OPF-20260725-193116,2026-03-02,20260302-1405-BEAR-OBS-001285-Z001284-OC,ObservationConfirm,Short,Primary,None,2026-03-02 14:10:00,12.0,20.0,Accepted,,2026-03-02 14:25:00,TP,108.0,104.4,72.0,True,20260302-1405-BEAR-OBS-001285-Z001284-OC|ObservationConfirm|Primary
OPF-20260725-193116,2026-03-02,20260302-2110-BEAR-OBS-001370-Z001370-OC,ObservationConfirm,Short,Primary,None,2026-03-02 21:15:00,16.5,20.0,Accepted,,2026-03-02 21:35:00,SL,-99.0,-102.6,99.0,False,20260302-2110-BEAR-OBS-001370-Z001370-OC|ObservationConfirm|Primary
OPF-20260725-193323,2026-03-03,20260303-0110-BULL-OBS-001130-Z001130-OC,ObservationConfirm_WideStop1_5R,Long,Primary,None,2026-03-03 01:15:00,17.833333333333332,18.0,Accepted,,2026-03-03 01:25:00,SL,-107.0,-110.6,107.0,True,20260303-0110-BULL-OBS-001130-Z001130-OC|ObservationConfirm_WideStop1_5R|Primary
OPF-20260725-193323,2026-03-03,20260303-0225-BEAR-OBS-001145-Z001144-FR,FailureReverse_ObservationInvalidated_WideStop1_5R,Long,Primary,None,2026-03-03 02:30:00,13.083333333333332,25.0,Accepted,,2026-03-03 03:00:00,TP,235.5,231.9,78.5,True,20260303-0225-BEAR-OBS-001145-Z001144-FR|FailureReverse_ObservationInvalidated_WideStop1_5R|Primary
OPF-20260725-193323,2026-03-03,20260303-0220-BEAR-OBS-001144-Z001144-FR,FailureReverse_ObservationInvalidated_WideStop1_5R,Long,Secondary,Same,2026-03-03 02:30:00,13.0,25.0,Accepted,,2026-03-03 03:00:00,TP,234.0,230.4,78.0,True,20260303-0220-BEAR-OBS-001144-Z001144-FR|FailureReverse_ObservationInvalidated_WideStop1_5R|Secondary
OPF-20260725-193323,2026-03-03,20260303-1335-BEAR-OBS-001279-Z001279,ZoneBirthResearch,Short,Primary,None,2026-03-03 13:35:00,16.666666666666664,18.0,Accepted,,2026-03-03 13:40:00,SPLIT_BASE_SL_RUNNER_SL,-100.0,-103.6,99.99999999999999,False,20260303-1335-BEAR-OBS-001279-Z001279|ZoneBirthResearch|Primary
OPF-20260725-193531,2026-03-04,20260304-0205-BEAR-BRK-001141-Z001141,BreakawayFvg,Short,Primary,None,2026-03-04 02:05:00,22.416666666666664,30.0,Accepted,,2026-03-04 02:10:00,SL,-134.5,-138.1,134.5,True,20260304-0205-BEAR-BRK-001141-Z001141|BreakawayFvg|Primary
OPF-20260725-193531,2026-03-04,20260304-0250-BULL-OBS-001150-Z001150-OC,ObservationConfirm_WideStop1_5R,Long,Primary,None,2026-03-04 02:55:00,19.0,18.0,Accepted,,2026-03-04 03:00:00,SL,-114.0,-117.6,114.0,True,20260304-0250-BULL-OBS-001150-Z001150-OC|ObservationConfirm_WideStop1_5R|Primary
OPF-20260725-193531,2026-03-04,20260304-1345-BULL-OBS-001281-Z001281-FR-RT,FailureReverse_RetestFailed,Short,Primary,None,2026-03-04 14:00:00,11.5,11.0,Accepted,,2026-03-04 14:05:00,SL,-69.0,-72.6,69.0,True,20260304-1345-BULL-OBS-001281-Z001281-FR-RT|FailureReverse_RetestFailed|Primary
OPF-20260725-193531,2026-03-04,20260304-2115-BULL-OBS-001371-Z001370-OC,ObservationConfirm,Long,Primary,None,2026-03-04 21:25:00,9.08333333333333,12.0,Accepted,,2026-03-04 21:40:00,SL,-54.5,-58.1,54.499999999999986,False,20260304-2115-BULL-OBS-001371-Z001370-OC|ObservationConfirm|Primary
OPF-20260725-193732,2026-03-05,20260304-2320-BEAR-OBS-001108-Z001108-OC,ObservationConfirm,Short,Primary,None,2026-03-04 23:25:00,17.5,20.0,Accepted,,2026-03-04 23:40:00,SL,-105.0,-108.6,105.0,True,20260304-2320-BEAR-OBS-001108-Z001108-OC|ObservationConfirm|Primary
OPF-20260725-193732,2026-03-05,20260305-0025-BULL-OBS-001121-Z001120-OC,ObservationConfirm_WideStop1_5R,Long,Primary,None,2026-03-05 00:35:00,23.916666666666664,25.0,Accepted,,2026-03-05 01:10:00,SL,-143.5,-147.1,143.5,True,20260305-0025-BULL-OBS-001121-Z001120-OC|ObservationConfirm_WideStop1_5R|Primary
OPF-20260725-193732,2026-03-05,20260305-0225-BEAR-OBS-001145-Z001145-OC,ObservationConfirm,Short,Primary,None,2026-03-05 02:30:00,18.0,22.0,Accepted,,2026-03-05 02:35:00,SL,-108.0,-111.6,108.0,True,20260305-0225-BEAR-OBS-001145-Z001145-OC|ObservationConfirm|Primary
OPF-20260725-193732,2026-03-05,20260305-0620-BULL-OBS-001192-Z001192-OC,ObservationConfirm,Long,Primary,None,2026-03-05 06:25:00,10.75,12.0,Accepted,,2026-03-05 06:30:00,SL,-64.5,-68.1,64.5,True,20260305-0620-BULL-OBS-001192-Z001192-OC|ObservationConfirm|Primary
OPF-20260725-193732,2026-03-05,20260305-1220-BULL-OBS-001264-Z001264-OC,ObservationConfirm,Long,Primary,None,2026-03-05 12:25:00,10.0,12.0,Accepted,,2026-03-05 12:25:00,TP,90.0,86.4,60.0,False,20260305-1220-BULL-OBS-001264-Z001264-OC|ObservationConfirm|Primary
OPF-20260725-193944,2026-03-06,20260306-0305-BEAR-OBS-001153-Z001147-OC,ObservationConfirm,Short,Primary,None,2026-03-06 03:10:00,19.0,20.0,Accepted,,2026-03-06 03:45:00,SL,-114.0,-117.6,114.0,True,20260306-0305-BEAR-OBS-001153-Z001147-OC|ObservationConfirm|Primary
OPF-20260725-193944,2026-03-06,20260306-0345-BULL-OBS-001161-Z001161-OC,ObservationConfirm,Long,Primary,None,2026-03-06 03:50:00,9.0,12.0,Accepted,,2026-03-06 03:55:00,TP,81.0,77.4,54.0,True,20260306-0345-BULL-OBS-001161-Z001161-OC|ObservationConfirm|Primary
OPF-20260725-193944,2026-03-06,20260306-0400-BULL-OBS-001164-Z001164-OC,ObservationConfirm,Long,Primary,None,2026-03-06 04:05:00,8.0,12.0,Accepted,,2026-03-06 04:10:00,SL,-48.0,-51.6,48.0,True,20260306-0400-BULL-OBS-001164-Z001164-OC|ObservationConfirm|Primary
OPF-20260725-193944,2026-03-06,20260306-0400-BULL-OBS-001164-Z001164-OC,ObservationConfirm_WideStop1_5R,Long,Secondary,Same,2026-03-06 04:05:00,11.75,18.0,Accepted,,2026-03-06 04:20:00,SL,-70.5,-74.1,70.5,True,20260306-0400-BULL-OBS-001164-Z001164-OC|ObservationConfirm_WideStop1_5R|Secondary
OPF-20260725-193944,2026-03-06,20260306-0500-BEAR-OBS-001176-Z001176,ZoneBirthResearch,Short,Primary,None,2026-03-06 05:00:00,7.75,8.0,Accepted,,2026-03-06 05:05:00,SPLIT_BASE_SL_RUNNER_SL,-46.5,-50.1,46.5,True,20260306-0500-BEAR-OBS-001176-Z001176|ZoneBirthResearch|Primary
OPF-20260725-193944,2026-03-06,20260306-0510-BULL-OBS-001178-Z001178-OC,ObservationConfirm,Long,Primary,None,2026-03-06 05:15:00,11.0,12.0,Accepted,,2026-03-06 05:20:00,SL,-66.0,-69.6,66.0,True,20260306-0510-BULL-OBS-001178-Z001178-OC|ObservationConfirm|Primary
OPF-20260725-193944,2026-03-06,20260306-0510-BULL-OBS-001178-Z001178-OC,ObservationConfirm_WideStop1_5R,Long,Secondary,Same,2026-03-06 05:15:00,16.75,22.0,Accepted,,2026-03-06 05:45:00,SL,-100.5,-104.1,100.5,True,20260306-0510-BULL-OBS-001178-Z001178-OC|ObservationConfirm_WideStop1_5R|Secondary
OPF-20260725-193944,2026-03-06,20260306-0750-BEAR-OBS-001210-Z001210,ZoneBirthResearch,Short,Primary,None,2026-03-06 07:50:00,7.25,0.0,Accepted,,2026-03-06 07:55:00,SPLIT_BASE_SL_RUNNER_SL,-43.5,-47.1,43.5,True,20260306-0750-BEAR-OBS-001210-Z001210|ZoneBirthResearch|Primary
OPF-20260725-194156,2026-03-09,20260309-0440-BEAR-OBS-001184-Z001184,ZoneBirthResearch,Short,Primary,None,2026-03-09 04:40:00,8.25,8.0,Accepted,,2026-03-09 05:00:00,SPLIT_BASE_SL_RUNNER_SL,-49.5,-53.1,49.5,True,20260309-0440-BEAR-OBS-001184-Z001184|ZoneBirthResearch|Primary
OPF-20260725-194156,2026-03-09,20260309-0435-BULL-OBS-001183-Z001181-FR,FailureReverse_ObservationInvalidated_WideStop1_5R,Short,Secondary,Same,2026-03-09 04:45:00,18.25,25.0,Accepted,,2026-03-09 05:00:00,SL,-109.5,-113.1,109.5,True,20260309-0435-BULL-OBS-001183-Z001181-FR|FailureReverse_ObservationInvalidated_WideStop1_5R|Secondary
OPF-20260725-194156,2026-03-09,20260309-1655-BULL-PB-001331-Z001328,AlmostConfirmed,Long,Primary,None,2026-03-09 16:55:00,10.5,25.0,Accepted,,2026-03-09 17:00:00,SL,-63.0,-66.6,63.0,False,20260309-1655-BULL-PB-001331-Z001328|AlmostConfirmed|Primary
OPF-20260725-194405,2026-03-10,20260309-2345-BEAR-OBS-001125-Z001125-OC,ObservationConfirm,Short,Primary,None,2026-03-09 23:50:00,18.833333333333332,20.0,Accepted,,2026-03-10 00:00:00,SL,-113.0,-116.6,113.0,True,20260309-2345-BEAR-OBS-001125-Z001125-OC|ObservationConfirm|Primary
OPF-20260725-194405,2026-03-10,20260310-0155-BULL-OBS-001151-Z001151-FR-RT,FailureReverse_RetestFailed,Short,Primary,None,2026-03-10 02:20:00,11.25,11.0,Accepted,,2026-03-10 02:30:00,TP,101.25,97.65,67.5,True,20260310-0155-BULL-OBS-001151-Z001151-FR-RT|FailureReverse_RetestFailed|Primary
OPF-20260725-194405,2026-03-10,20260310-0235-BEAR-OBS-001159-Z001159,ZoneBirthResearch,Short,Primary,None,2026-03-10 02:35:00,13.0,18.0,Accepted,,2026-03-10 03:20:00,SPLIT_BASE_TP_RUNNER_BE,130.0,126.4,78.0,True,20260310-0235-BEAR-OBS-001159-Z001159|ZoneBirthResearch|Primary
OPF-20260725-194405,2026-03-10,20260310-0345-BEAR-OBS-001173-Z001173,ZoneBirthResearch,Short,Primary,None,2026-03-10 03:45:00,17.166666666666664,18.0,Accepted,,2026-03-10 03:50:00,SPLIT_BASE_SL_RUNNER_SL,-103.0,-106.6,102.99999999999999,True,20260310-0345-BEAR-OBS-001173-Z001173|ZoneBirthResearch|Primary
OPF-20260725-194405,2026-03-10,20260310-0440-BULL-OBS-001184-Z001184-OC,ObservationConfirm,Long,Primary,None,2026-03-10 04:45:00,8.0,12.0,Accepted,,2026-03-10 04:50:00,SL,-48.0,-51.6,48.0,True,20260310-0440-BULL-OBS-001184-Z001184-OC|ObservationConfirm|Primary
OPF-20260725-194405,2026-03-10,20260310-0440-BULL-OBS-001184-Z001184-OC,ObservationConfirm_WideStop1_5R,Long,Secondary,Same,2026-03-10 04:45:00,11.75,18.0,Accepted,,2026-03-10 04:50:00,SL,-70.5,-74.1,70.5,True,20260310-0440-BULL-OBS-001184-Z001184-OC|ObservationConfirm_WideStop1_5R|Secondary
OPF-20260725-194405,2026-03-10,20260310-0550-BULL-OBS-001198-Z001198-OC,ObservationConfirm_WideStop1_5R,Long,Primary,None,2026-03-10 05:55:00,18.916666666666664,18.0,Accepted,,2026-03-10 06:50:00,TIME_STOP,-61.0,-64.6,113.49999999999999,False,20260310-0550-BULL-OBS-001198-Z001198-OC|ObservationConfirm_WideStop1_5R|Primary
OPF-20260725-194625,2026-03-11,20260310-2240-BEAR-OBS-001112-Z001112-OC,ObservationConfirm,Short,Primary,None,2026-03-10 22:45:00,7.25,11.0,Accepted,,2026-03-10 22:50:00,SL,-43.5,-47.1,43.5,True,20260310-2240-BEAR-OBS-001112-Z001112-OC|ObservationConfirm|Primary
OPF-20260725-194625,2026-03-11,20260311-0220-BULL-OBS-001156-Z001156-OC,ObservationConfirm,Long,Primary,None,2026-03-11 02:25:00,3.5,12.0,Accepted,,2026-03-11 02:30:00,SL,-21.0,-24.6,21.0,True,20260311-0220-BULL-OBS-001156-Z001156-OC|ObservationConfirm|Primary
OPF-20260725-194625,2026-03-11,20260311-0220-BULL-OBS-001156-Z001156-OC,ObservationConfirm_WideStop1_5R,Long,Secondary,Same,2026-03-11 02:25:00,5.5,18.0,Accepted,,2026-03-11 02:30:00,SL,-33.0,-36.6,33.0,True,20260311-0220-BULL-OBS-001156-Z001156-OC|ObservationConfirm_WideStop1_5R|Secondary
OPF-20260725-194625,2026-03-11,20260311-0340-BULL-OBS-001172-Z001172-OC,ObservationConfirm,Long,Primary,None,2026-03-11 03:45:00,11.0,12.0,Accepted,,2026-03-11 04:30:00,SL,-66.0,-69.6,66.0,True,20260311-0340-BULL-OBS-001172-Z001172-OC|ObservationConfirm|Primary
OPF-20260725-194625,2026-03-11,20260311-0430-BULL-OBS-001182-Z001172-FR,FailureReverse_ObservationInvalidated_WideStop1_5R,Short,Primary,None,2026-03-11 04:35:00,8.25,25.0,Accepted,,2026-03-11 05:05:00,TP,198.0,194.4,49.5,True,20260311-0430-BULL-OBS-001182-Z001172-FR|FailureReverse_ObservationInvalidated_WideStop1_5R|Primary
OPF-20260725-194625,2026-03-11,20260311-0545-BEAR-BRK-001197-Z001197,BreakawayFvg,Short,Primary,None,2026-03-11 05:45:00,10.333333333333332,30.0,Accepted,,2026-03-11 06:10:00,BE,0.0,-3.6,61.99999999999999,True,20260311-0545-BEAR-BRK-001197-Z001197|BreakawayFvg|Primary
OPF-20260725-194625,2026-03-11,20260311-1150-BULL-OBS-001270-Z001249-OC-STR,ObservationStrict_Other,Long,Primary,None,2026-03-11 11:55:00,26.0,25.0,Accepted,,2026-03-11 12:30:00,TP,468.0,464.4,156.0,True,20260311-1150-BULL-OBS-001270-Z001249-OC-STR|ObservationStrict_Other|Primary
OPF-20260725-194625,2026-03-11,20260311-1545-BEAR-BRK-001317-Z001317,BreakawayFvg,Short,Primary,None,2026-03-11 15:45:00,21.583333333333332,30.0,Accepted,,2026-03-11 15:50:00,SL,-129.5,-133.1,129.5,True,20260311-1545-BEAR-BRK-001317-Z001317|BreakawayFvg|Primary
OPF-20260725-194625,2026-03-11,20260311-2005-BEAR-OBS-001369-Z001369-OC,ObservationConfirm,Short,Primary,None,2026-03-11 20:10:00,17.0,18.0,Accepted,,2026-03-11 20:50:00,PATH_END,87.0,83.4,102.0,False,20260311-2005-BEAR-OBS-001369-Z001369-OC|ObservationConfirm|Primary
OPF-20260725-194845,2026-03-12,20260311-2210-BEAR-OBS-001106-Z001106-OC,ObservationConfirm,Short,Primary,None,2026-03-11 22:15:00,8.25,11.0,Accepted,,2026-03-11 22:20:00,TP,74.25,70.65,49.5,True,20260311-2210-BEAR-OBS-001106-Z001106-OC|ObservationConfirm|Primary
OPF-20260725-194845,2026-03-12,20260312-0005-BEAR-OBS-001129-Z001129,ZoneBirthResearch,Short,Primary,None,2026-03-12 00:05:00,16.75,18.0,Accepted,,2026-03-12 00:15:00,SPLIT_BASE_SL_RUNNER_SL,-100.5,-104.1,100.5,True,20260312-0005-BEAR-OBS-001129-Z001129|ZoneBirthResearch|Primary
OPF-20260725-194845,2026-03-12,20260312-0225-BEAR-OBS-001157-Z001157,ZoneBirthResearch,Short,Primary,None,2026-03-12 02:25:00,18.5,18.0,Accepted,,2026-03-12 05:00:00,SPLIT_BASE_TP_RUNNER_BE,185.0,181.4,111.0,True,20260312-0225-BEAR-OBS-001157-Z001157|ZoneBirthResearch|Primary
OPF-20260725-194845,2026-03-12,20260312-0630-BULL-OBS-001206-Z001206-OC,ObservationConfirm,Long,Primary,None,2026-03-12 06:35:00,11.333333333333332,12.0,Accepted,,2026-03-12 07:20:00,TP,272.0,268.4,68.0,True,20260312-0630-BULL-OBS-001206-Z001206-OC|ObservationConfirm|Primary
OPF-20260725-194845,2026-03-12,20260312-0650-BULL-OBS-001210-Z001210-OC,ObservationConfirm_WideStop1_5R,Long,Secondary,Same,2026-03-12 06:55:00,19.583333333333332,22.0,Accepted,,2026-03-12 07:50:00,TIME_STOP,247.0,243.4,117.5,True,20260312-0650-BULL-OBS-001210-Z001210-OC|ObservationConfirm_WideStop1_5R|Secondary
OPF-20260725-194845,2026-03-12,20260312-1020-BULL-OBS-001252-Z001245-OC,ObservationConfirm,Long,Primary,None,2026-03-12 10:25:00,10.166666666666666,12.0,Accepted,,2026-03-12 10:50:00,SL,-61.0,-64.6,61.0,True,20260312-1020-BULL-OBS-001252-Z001245-OC|ObservationConfirm|Primary
OPF-20260725-194845,2026-03-12,20260312-1050-BULL-OBS-001258-Z001244-OC-STR,ObservationStrict_Other_WideStop1_5R,Long,Primary,None,2026-03-12 10:55:00,23.666666666666664,25.0,Accepted,,2026-03-12 11:05:00,SL,-142.0,-145.6,142.0,False,20260312-1050-BULL-OBS-001258-Z001244-OC-STR|ObservationStrict_Other_WideStop1_5R|Primary
OPF-20260725-195053,2026-03-13,20260313-0145-BULL-OBS-001149-Z001140-OC,ObservationConfirm_WideStop1_5R,Long,Primary,None,2026-03-13 01:55:00,18.833333333333332,22.0,Accepted,,2026-03-13 02:40:00,SL,-113.0,-116.6,113.0,True,20260313-0145-BULL-OBS-001149-Z001140-OC|ObservationConfirm_WideStop1_5R|Primary
OPF-20260725-195053,2026-03-13,20260313-0415-BEAR-OBS-001179-Z001179,ZoneBirthResearch,Short,Primary,None,2026-03-13 04:15:00,6.25,8.0,Accepted,,2026-03-13 04:20:00,SPLIT_BASE_TP_RUNNER_TP,112.5,108.9,37.5,True,20260313-0415-BEAR-OBS-001179-Z001179|ZoneBirthResearch|Primary
OPF-20260725-195053,2026-03-13,20260313-0710-BEAR-OBS-001214-Z001214-OC,ObservationConfirm,Short,Primary,None,2026-03-13 07:15:00,19.0,20.0,Accepted,,2026-03-13 07:25:00,SL,-114.0,-117.6,114.0,True,20260313-0710-BEAR-OBS-001214-Z001214-OC|ObservationConfirm|Primary
OPF-20260725-195053,2026-03-13,20260313-1020-BULL-OBS-001252-Z001252-FR,FailureReverse_ObservationInvalidated_WideStop1_5R,Short,Primary,None,2026-03-13 10:25:00,18.75,25.0,Accepted,,2026-03-13 10:45:00,SL,-112.5,-116.1,112.5,True,20260313-1020-BULL-OBS-001252-Z001252-FR|FailureReverse_ObservationInvalidated_WideStop1_5R|Primary
OPF-20260725-195053,2026-03-13,20260313-1235-BULL-OBS-001279-Z001278-OC,ObservationConfirm_WideStop1_5R,Long,Primary,None,2026-03-13 12:40:00,23.0,25.0,Accepted,,2026-03-13 12:45:00,TP,414.0,410.4,138.0,False,20260313-1235-BULL-OBS-001279-Z001278-OC|ObservationConfirm_WideStop1_5R|Primary
OPF-20260725-195302,2026-03-16,20260316-0105-BEAR-OBS-001141-Z001141-OC,ObservationConfirm,Short,Primary,None,2026-03-16 01:10:00,7.333333333333333,11.0,Accepted,,2026-03-16 01:10:00,TP,66.0,62.4,44.0,True,20260316-0105-BEAR-OBS-001141-Z001141-OC|ObservationConfirm|Primary
OPF-20260725-195302,2026-03-16,20260316-0330-BULL-OBS-001170-Z001170-OC,ObservationConfirm,Long,Primary,None,2026-03-16 03:35:00,10.166666666666666,12.0,Accepted,,2026-03-16 03:45:00,TP,91.5,87.9,61.0,True,20260316-0330-BULL-OBS-001170-Z001170-OC|ObservationConfirm|Primary
OPF-20260725-195302,2026-03-16,20260316-0510-BULL-OBS-001190-Z001190-OC,ObservationConfirm,Long,Primary,None,2026-03-16 05:15:00,9.75,12.0,Accepted,,2026-03-16 05:20:00,SL,-58.5,-62.1,58.5,True,20260316-0510-BULL-OBS-001190-Z001190-OC|ObservationConfirm|Primary
OPF-20260725-195302,2026-03-16,20260316-0620-BEAR-OBS-001204-Z001204-OC,ObservationConfirm,Short,Primary,None,2026-03-16 06:25:00,12.166666666666666,20.0,Accepted,,2026-03-16 06:40:00,SL,-73.0,-76.6,73.0,True,20260316-0620-BEAR-OBS-001204-Z001204-OC|ObservationConfirm|Primary
OPF-20260725-195302,2026-03-16,20260316-0805-BULL-OBS-001225-Z001225-OC,ObservationConfirm,Long,Primary,None,2026-03-16 08:10:00,10.75,12.0,Accepted,,2026-03-16 08:15:00,SL,-64.5,-68.1,64.5,True,20260316-0805-BULL-OBS-001225-Z001225-OC|ObservationConfirm|Primary
OPF-20260725-195302,2026-03-16,20260316-0805-BULL-OBS-001225-Z001225-OC,ObservationConfirm_WideStop1_5R,Long,Secondary,Same,2026-03-16 08:10:00,16.5,22.0,Accepted,,2026-03-16 08:15:00,SL,-99.0,-102.6,99.0,True,20260316-0805-BULL-OBS-001225-Z001225-OC|ObservationConfirm_WideStop1_5R|Secondary
OPF-20260725-195302,2026-03-16,20260316-0945-BEAR-OBS-001245-Z001242-OC,ObservationConfirm,Short,Primary,None,2026-03-16 09:50:00,21.5,22.0,Accepted,,2026-03-16 10:00:00,SL,-129.0,-132.6,129.0,True,20260316-0945-BEAR-OBS-001245-Z001242-OC|ObservationConfirm|Primary
OPF-20260725-195302,2026-03-16,20260316-1220-BULL-PB-001276-Z001275,AlmostConfirmed,Long,Primary,None,2026-03-16 12:20:00,11.5,18.0,Accepted,,2026-03-16 12:55:00,SL,-69.0,-72.6,69.0,True,20260316-1220-BULL-PB-001276-Z001275|AlmostConfirmed|Primary
OPF-20260725-195302,2026-03-16,20260316-1215-BULL-OBS-001275-Z001275-OC,ObservationConfirm,Long,Secondary,Same,2026-03-16 12:20:00,11.5,12.0,Accepted,,2026-03-16 12:55:00,SL,-69.0,-72.6,69.0,True,20260316-1215-BULL-OBS-001275-Z001275-OC|ObservationConfirm|Secondary
OPF-20260725-195302,2026-03-16,20260316-2020-BEAR-OBS-001372-Z001372-OC,ObservationConfirm,Short,Primary,None,2026-03-16 20:25:00,21.25,22.0,Accepted,,2026-03-16 20:50:00,PATH_END,-40.5,-44.1,127.5,False,20260316-2020-BEAR-OBS-001372-Z001372-OC|ObservationConfirm|Primary
OPF-20260725-195504,2026-03-17,20260317-0105-BULL-OBS-001141-Z001141-OC,ObservationConfirm_WideStop1_5R,Long,Primary,None,2026-03-17 01:10:00,18.166666666666664,18.0,Accepted,,2026-03-17 01:40:00,SL,-109.0,-112.6,108.99999999999999,True,20260317-0105-BULL-OBS-001141-Z001141-OC|ObservationConfirm_WideStop1_5R|Primary
OPF-20260725-195504,2026-03-17,20260317-0220-BEAR-OBS-001156-Z001154-OC,ObservationConfirm,Short,Primary,None,2026-03-17 02:25:00,7.083333333333333,11.0,Accepted,,2026-03-17 02:30:00,SL,-42.5,-46.1,42.5,True,20260317-0220-BEAR-OBS-001156-Z001154-OC|ObservationConfirm|Primary
OPF-20260725-195504,2026-03-17,20260317-0315-BEAR-OBS-001167-Z001163,UnknownRegimeZoneTouch,Short,Primary,None,2026-03-17 03:15:00,7.666666666666665,25.0,Accepted,,2026-03-17 03:40:00,TP,138.0,134.4,45.99999999999999,True,20260317-0315-BEAR-OBS-001167-Z001163|UnknownRegimeZoneTouch|Primary
OPF-20260725-195504,2026-03-17,20260317-0405-BULL-OBS-001177-Z001177-OC,ObservationConfirm,Long,Primary,None,2026-03-17 04:10:00,10.0,12.0,Accepted,,2026-03-17 04:30:00,TP,90.0,86.4,60.0,True,20260317-0405-BULL-OBS-001177-Z001177-OC|ObservationConfirm|Primary
OPF-20260725-195504,2026-03-17,20260317-0515-BULL-OBS-001191-Z001191-OC,ObservationConfirm,Long,Primary,None,2026-03-17 05:20:00,4.75,12.0,Accepted,,2026-03-17 05:30:00,SL,-28.5,-32.1,28.5,True,20260317-0515-BULL-OBS-001191-Z001191-OC|ObservationConfirm|Primary
OPF-20260725-195504,2026-03-17,20260317-0605-BEAR-OBS-001201-Z001201-OC,ObservationConfirm,Short,Primary,None,2026-03-17 06:10:00,10.75,22.0,Accepted,,2026-03-17 06:15:00,SL,-64.5,-68.1,64.5,True,20260317-0605-BEAR-OBS-001201-Z001201-OC|ObservationConfirm|Primary
OPF-20260725-195504,2026-03-17,20260317-0655-BEAR-OBS-001211-Z001210-FR,FailureReverse_ObservationInvalidated,Long,Primary,None,2026-03-17 07:10:00,10.166666666666666,25.0,Accepted,,2026-03-17 07:15:00,TP,152.5,148.9,61.0,True,20260317-0655-BEAR-OBS-001211-Z001210-FR|FailureReverse_ObservationInvalidated|Primary
OPF-20260725-195504,2026-03-17,20260317-0745-BULL-PB-001221-Z001216,AlmostConfirmed,Long,Primary,None,2026-03-17 07:45:00,16.5,25.0,Accepted,,2026-03-17 07:50:00,SL,-99.0,-102.6,99.0,True,20260317-0745-BULL-PB-001221-Z001216|AlmostConfirmed|Primary
OPF-20260725-195504,2026-03-17,20260317-1235-BULL-OBS-001279-Z001279-OC,ObservationConfirm,Long,Primary,None,2026-03-17 12:40:00,11.416666666666666,12.0,Accepted,,2026-03-17 13:10:00,TP,274.0,270.4,68.5,False,20260317-1235-BULL-OBS-001279-Z001279-OC|ObservationConfirm|Primary
OPF-20260725-195504,2026-03-17,20260317-1235-BULL-OBS-001279-Z001279-OC,ObservationConfirm_WideStop1_5R,Long,Secondary,Same,2026-03-17 12:40:00,17.0,22.0,Accepted,,2026-03-17 13:15:00,TP,306.0,302.4,102.0,False,20260317-1235-BULL-OBS-001279-Z001279-OC|ObservationConfirm_WideStop1_5R|Secondary
OPF-20260725-195706,2026-03-18,20260317-2205-BEAR-OBS-001105-Z001105,ZoneBirthResearch,Short,Primary,None,2026-03-17 22:05:00,7.833333333333333,8.0,Accepted,,2026-03-17 23:15:00,SPLIT_BASE_TP_RUNNER_BE,78.33,74.73,47.0,True,20260317-2205-BEAR-OBS-001105-Z001105|ZoneBirthResearch|Primary
OPF-20260725-195706,2026-03-18,20260318-0020-BULL-OBS-001132-Z001131-OC-STR,ObservationStrict_Other_WideStop1_5R,Long,Primary,None,2026-03-18 00:25:00,21.25,25.0,Accepted,,2026-03-18 02:00:00,TP,382.5,378.9,127.5,True,20260318-0020-BULL-OBS-001132-Z001131-OC-STR|ObservationStrict_Other_WideStop1_5R|Primary
OPF-20260725-195706,2026-03-18,20260318-0110-BULL-PB-001142-Z001141,AlmostConfirmed,Long,Secondary,Same,2026-03-18 01:10:00,9.5,25.0,Accepted,,2026-03-18 01:50:00,SL,-57.0,-60.6,57.0,True,20260318-0110-BULL-PB-001142-Z001141|AlmostConfirmed|Secondary
OPF-20260725-195706,2026-03-18,20260318-0205-BULL-OBS-001153-Z001153-OC,ObservationConfirm,Long,Primary,None,2026-03-18 02:10:00,10.75,12.0,Accepted,,2026-03-18 05:05:00,TIME_STOP,223.5,219.9,64.5,True,20260318-0205-BULL-OBS-001153-Z001153-OC|ObservationConfirm|Primary
OPF-20260725-195706,2026-03-18,20260318-0230-BULL-OBS-001158-Z001158-OC,ObservationConfirm_WideStop1_5R,Long,Secondary,Same,2026-03-18 02:35:00,12.75,22.0,Accepted,,2026-03-18 02:55:00,SL,-76.5,-80.1,76.5,True,20260318-0230-BULL-OBS-001158-Z001158-OC|ObservationConfirm_WideStop1_5R|Secondary
OPF-20260725-195706,2026-03-18,20260318-0255-BULL-OBS-001163-Z001156-OC,ObservationConfirm_WideStop1_5R,Long,Secondary,Same,2026-03-18 03:10:00,17.75,18.0,Accepted,,2026-03-18 04:05:00,TIME_STOP,111.0,107.4,106.5,True,20260318-0255-BULL-OBS-001163-Z001156-OC|ObservationConfirm_WideStop1_5R|Secondary
OPF-20260725-195706,2026-03-18,20260318-0450-BULL-OBS-001186-Z001186-OC,ObservationConfirm_WideStop1_5R,Long,Secondary,Same,2026-03-18 04:55:00,6.75,22.0,Accepted,,2026-03-18 05:25:00,TP,121.5,117.9,40.5,True,20260318-0450-BULL-OBS-001186-Z001186-OC|ObservationConfirm_WideStop1_5R|Secondary
OPF-20260725-195706,2026-03-18,20260318-0530-BULL-OBS-001194-Z001194-OC,ObservationConfirm,Long,Primary,None,2026-03-18 05:35:00,7.583333333333333,12.0,Accepted,,2026-03-18 06:00:00,TP,68.25,64.65,45.5,True,20260318-0530-BULL-OBS-001194-Z001194-OC|ObservationConfirm|Primary
OPF-20260725-195706,2026-03-18,20260318-0530-BULL-OBS-001194-Z001194-OC,ObservationConfirm_WideStop1_5R,Long,Secondary,Same,2026-03-18 05:35:00,10.5,22.0,Accepted,,2026-03-18 06:20:00,TP,189.0,185.4,63.0,True,20260318-0530-BULL-OBS-001194-Z001194-OC|ObservationConfirm_WideStop1_5R|Secondary
OPF-20260725-195706,2026-03-18,20260318-0640-BEAR-OBS-001208-Z001208,ZoneBirthResearch,Short,Primary,None,2026-03-18 06:40:00,6.75,8.0,Accepted,,2026-03-18 07:55:00,SPLIT_BASE_TP_RUNNER_TP,121.5,117.9,40.5,True,20260318-0640-BEAR-OBS-001208-Z001208|ZoneBirthResearch|Primary
OPF-20260725-195706,2026-03-18,20260318-1025-BULL-OBS-001253-Z001252-FR,FailureReverse_ObservationInvalidated_WideStop1_5R,Short,Primary,None,2026-03-18 10:35:00,10.333333333333332,25.0,Accepted,,2026-03-18 11:25:00,TP,248.0,244.4,61.99999999999999,True,20260318-1025-BULL-OBS-001253-Z001252-FR|FailureReverse_ObservationInvalidated_WideStop1_5R|Primary
OPF-20260725-195706,2026-03-18,20260318-1925-BEAR-OBS-001361-Z001361,ZoneBirthResearch,Short,Primary,None,2026-03-18 19:25:00,17.0,18.0,Accepted,,2026-03-18 19:30:00,SPLIT_BASE_SL_RUNNER_SL,-102.0,-105.6,102.0,True,20260318-1925-BEAR-OBS-001361-Z001361|ZoneBirthResearch|Primary
OPF-20260725-195706,2026-03-18,20260318-2010-BEAR-BRK-001370-Z001370,BreakawayFvg,Short,Primary,None,2026-03-18 20:10:00,21.25,30.0,Accepted,,2026-03-18 20:50:00,BE,0.0,-3.6,127.5,False,20260318-2010-BEAR-BRK-001370-Z001370|BreakawayFvg|Primary
OPF-20260725-195706,2026-03-18,20260318-2035-BEAR-OBS-001375-Z001373,UnknownRegimeZoneTouch,Short,Secondary,Same,2026-03-18 20:35:00,10.0,25.0,Accepted,,2026-03-18 20:40:00,SL,-60.0,-63.6,60.0,True,20260318-2035-BEAR-OBS-001375-Z001373|UnknownRegimeZoneTouch|Secondary
OPF-20260725-195910,2026-03-19,20260319-0220-BULL-OBS-001156-Z001156-OC,ObservationConfirm,Long,Primary,None,2026-03-19 02:25:00,9.83333333333333,12.0,Accepted,,2026-03-19 02:30:00,TP,88.5,84.9,58.999999999999986,True,20260319-0220-BULL-OBS-001156-Z001156-OC|ObservationConfirm|Primary
OPF-20260725-195910,2026-03-19,20260319-0405-BEAR-OBS-001177-Z001177-OC,ObservationConfirm,Short,Primary,None,2026-03-19 04:10:00,20.166666666666664,20.0,Accepted,,2026-03-19 04:45:00,TP,181.5,177.9,120.99999999999999,True,20260319-0405-BEAR-OBS-001177-Z001177-OC|ObservationConfirm|Primary
OPF-20260725-195910,2026-03-19,20260319-0500-BULL-OBS-001188-Z001188-OC,ObservationConfirm,Long,Primary,None,2026-03-19 05:05:00,7.5,12.0,Accepted,,2026-03-19 05:10:00,SL,-45.0,-48.6,45.0,True,20260319-0500-BULL-OBS-001188-Z001188-OC|ObservationConfirm|Primary
OPF-20260725-195910,2026-03-19,20260319-0540-BULL-OBS-001196-Z001113-OC,ObservationConfirm,Long,Primary,None,2026-03-19 05:45:00,11.5,12.0,Accepted,,2026-03-19 06:15:00,TP,276.0,272.4,69.0,True,20260319-0540-BULL-OBS-001196-Z001113-OC|ObservationConfirm|Primary
OPF-20260725-195910,2026-03-19,20260319-0630-BEAR-OBS-001206-Z001206-OC,ObservationConfirm,Short,Primary,None,2026-03-19 06:35:00,19.166666666666664,20.0,Accepted,,2026-03-19 07:00:00,TP,172.5,168.9,114.99999999999999,True,20260319-0630-BEAR-OBS-001206-Z001206-OC|ObservationConfirm|Primary
OPF-20260725-195910,2026-03-19,20260319-1135-BEAR-BRK-001267-Z001267,BreakawayFvg,Short,Primary,None,2026-03-19 11:35:00,18.166666666666664,30.0,Accepted,,2026-03-19 11:50:00,SL,-109.0,-112.6,108.99999999999999,True,20260319-1135-BEAR-BRK-001267-Z001267|BreakawayFvg|Primary
OPF-20260725-195910,2026-03-19,20260319-1250-BEAR-OBS-001282-Z001282-OC,ObservationConfirm,Short,Primary,None,2026-03-19 12:55:00,19.0,20.0,Accepted,,2026-03-19 13:05:00,TP,171.0,167.4,114.0,True,20260319-1250-BEAR-OBS-001282-Z001282-OC|ObservationConfirm|Primary
OPF-20260725-195910,2026-03-19,20260319-1305-BEAR-BRK-001285-Z001285,BreakawayFvg,Short,Secondary,Same,2026-03-19 13:05:00,20.5,30.0,Accepted,,2026-03-19 13:15:00,SL,-123.0,-126.6,123.0,True,20260319-1305-BEAR-BRK-001285-Z001285|BreakawayFvg|Secondary
OPF-20260725-195910,2026-03-19,20260319-2020-BULL-OBS-001367-Z001367-OC,ObservationConfirm,Long,Primary,None,2026-03-19 20:25:00,9.75,12.0,Accepted,,2026-03-19 20:30:00,SL,-58.5,-62.1,58.5,False,20260319-2020-BULL-OBS-001367-Z001367-OC|ObservationConfirm|Primary
OPF-20260725-200125,2026-03-20,20260320-0140-BULL-OBS-001148-Z001148-OC,ObservationConfirm,Long,Primary,None,2026-03-20 01:45:00,9.83333333333333,12.0,Accepted,,2026-03-20 01:50:00,SL,-59.0,-62.6,58.999999999999986,True,20260320-0140-BULL-OBS-001148-Z001148-OC|ObservationConfirm|Primary
OPF-20260725-200125,2026-03-20,20260320-0210-BULL-OBS-001154-Z001154-OC,ObservationConfirm,Long,Primary,None,2026-03-20 02:15:00,8.0,12.0,Accepted,,2026-03-20 02:20:00,SL,-48.0,-51.6,48.0,True,20260320-0210-BULL-OBS-001154-Z001154-OC|ObservationConfirm|Primary
OPF-20260725-200125,2026-03-20,20260320-0210-BULL-OBS-001154-Z001154-OC,ObservationConfirm_WideStop1_5R,Long,Secondary,Same,2026-03-20 02:15:00,11.75,18.0,Accepted,,2026-03-20 02:25:00,SL,-70.5,-74.1,70.5,True,20260320-0210-BULL-OBS-001154-Z001154-OC|ObservationConfirm_WideStop1_5R|Secondary
OPF-20260725-200125,2026-03-20,20260320-0300-BEAR-OBS-001164-Z001164-OC,ObservationConfirm,Short,Primary,None,2026-03-20 03:05:00,20.25,20.0,Accepted,,2026-03-20 05:00:00,TP,182.25,178.65,121.5,True,20260320-0300-BEAR-OBS-001164-Z001164-OC|ObservationConfirm|Primary
OPF-20260725-200125,2026-03-20,20260320-0500-BEAR-OBS-001188-Z001188-OC,ObservationConfirm,Short,Primary,None,2026-03-20 05:05:00,18.083333333333332,20.0,Accepted,,2026-03-20 05:20:00,SL,-108.5,-112.1,108.5,True,20260320-0500-BEAR-OBS-001188-Z001188-OC|ObservationConfirm|Primary
OPF-20260725-200125,2026-03-20,20260320-0515-BEAR-OBS-001191-Z001189,UnknownRegimeZoneTouch,Short,Secondary,Same,2026-03-20 05:15:00,7.0,25.0,Accepted,,2026-03-20 05:20:00,SL,-42.0,-45.6,42.0,True,20260320-0515-BEAR-OBS-001191-Z001189|UnknownRegimeZoneTouch|Secondary
OPF-20260725-200125,2026-03-20,20260320-0530-BULL-OBS-001194-Z001193-OC,ObservationConfirm,Long,Primary,None,2026-03-20 05:35:00,7.25,12.0,Accepted,,2026-03-20 05:40:00,TP,65.25,61.65,43.5,True,20260320-0530-BULL-OBS-001194-Z001193-OC|ObservationConfirm|Primary
OPF-20260725-200125,2026-03-20,20260320-0625-BEAR-OBS-001205-Z001205-OC,ObservationConfirm,Short,Primary,None,2026-03-20 06:30:00,8.25,22.0,Accepted,,2026-03-20 06:35:00,TP,74.25,70.65,49.5,True,20260320-0625-BEAR-OBS-001205-Z001205-OC|ObservationConfirm|Primary
OPF-20260725-200125,2026-03-20,20260320-0640-BEAR-OBS-001208-Z001208-OC,ObservationConfirm,Short,Primary,None,2026-03-20 06:45:00,16.666666666666664,18.0,Accepted,,2026-03-20 07:00:00,TP,150.0,146.4,99.99999999999999,True,20260320-0640-BEAR-OBS-001208-Z001208-OC|ObservationConfirm|Primary
OPF-20260725-200125,2026-03-20,20260320-0810-BULL-OBS-001226-Z001226-OC,ObservationConfirm,Long,Primary,None,2026-03-20 08:15:00,9.416666666666666,12.0,Accepted,,2026-03-20 08:20:00,SL,-56.5,-60.1,56.5,True,20260320-0810-BULL-OBS-001226-Z001226-OC|ObservationConfirm|Primary
OPF-20260725-200125,2026-03-20,20260320-0825-BEAR-OBS-001229-Z001229-OC,ObservationConfirm,Short,Primary,None,2026-03-20 08:35:00,18.0,18.0,Accepted,,2026-03-20 08:45:00,TP,162.0,158.4,108.0,True,20260320-0825-BEAR-OBS-001229-Z001229-OC|ObservationConfirm|Primary
OPF-20260725-200125,2026-03-20,20260320-0850-BEAR-OBS-001234-Z001233-OC,ObservationConfirm,Short,Primary,None,2026-03-20 08:55:00,20.666666666666664,22.0,Accepted,,2026-03-20 09:05:00,SL,-124.0,-127.6,123.99999999999999,True,20260320-0850-BEAR-OBS-001234-Z001233-OC|ObservationConfirm|Primary
OPF-20260725-200125,2026-03-20,20260320-0955-BEAR-BRK-001247-Z001247,BreakawayFvg,Short,Primary,None,2026-03-20 09:55:00,9.416666666666666,30.0,Accepted,,2026-03-20 10:00:00,BE,0.0,-3.6,56.5,True,20260320-0955-BEAR-BRK-001247-Z001247|BreakawayFvg|Primary
OPF-20260725-200125,2026-03-20,20260320-1010-BEAR-BRK-001250-Z001250,BreakawayFvg,Short,Primary,None,2026-03-20 10:10:00,18.916666666666664,30.0,Accepted,,2026-03-20 10:15:00,BE,0.0,-3.6,113.49999999999999,True,20260320-1010-BEAR-BRK-001250-Z001250|BreakawayFvg|Primary
OPF-20260725-200332,2026-03-23,20260323-0255-BEAR-OBS-001163-Z001162-FR,FailureReverse_ObservationInvalidated,Long,Primary,None,2026-03-23 03:00:00,17.0,25.0,Accepted,,2026-03-23 03:05:00,SL,-102.0,-105.6,102.0,True,20260323-0255-BEAR-OBS-001163-Z001162-FR|FailureReverse_ObservationInvalidated|Primary
OPF-20260725-200332,2026-03-23,20260323-0355-BEAR-OBS-001175-Z001175-OC,ObservationConfirm,Short,Primary,None,2026-03-23 04:00:00,18.0,20.0,Accepted,,2026-03-23 04:05:00,SL,-108.0,-111.6,108.0,True,20260323-0355-BEAR-OBS-001175-Z001175-OC|ObservationConfirm|Primary
OPF-20260725-200332,2026-03-23,20260323-0635-BEAR-BRK-001207-Z001207,BreakawayFvg,Short,Primary,None,2026-03-23 06:35:00,23.75,30.0,Accepted,,2026-03-23 07:05:00,BE,0.0,-3.6,142.5,True,20260323-0635-BEAR-BRK-001207-Z001207|BreakawayFvg|Primary
OPF-20260725-200332,2026-03-23,20260323-0810-BEAR-OBS-001226-Z001207-OC,ObservationConfirm,Short,Primary,None,2026-03-23 08:15:00,17.916666666666664,20.0,Accepted,,2026-03-23 08:20:00,SL,-107.5,-111.1,107.49999999999999,True,20260323-0810-BEAR-OBS-001226-Z001207-OC|ObservationConfirm|Primary
OPF-20260725-200332,2026-03-23,20260323-1920-BEAR-OBS-001360-Z001360,ZoneBirthResearch,Short,Primary,None,2026-03-23 19:20:00,18.0,0.0,Accepted,,2026-03-23 19:40:00,SPLIT_BASE_SL_RUNNER_SL,-108.0,-111.6,108.0,False,20260323-1920-BEAR-OBS-001360-Z001360|ZoneBirthResearch|Primary
OPF-20260725-200539,2026-03-24,20260324-0435-BEAR-OBS-001183-Z001183-OC,ObservationConfirm,Short,Primary,None,2026-03-24 04:40:00,12.416666666666666,20.0,Accepted,,2026-03-24 04:45:00,SL,-74.5,-78.1,74.5,True,20260324-0435-BEAR-OBS-001183-Z001183-OC|ObservationConfirm|Primary
OPF-20260725-200539,2026-03-24,20260324-0450-BEAR-OBS-001186-Z001181-OC,ObservationConfirm,Short,Primary,None,2026-03-24 04:55:00,18.0,20.0,Accepted,,2026-03-24 05:00:00,TP,162.0,158.4,108.0,True,20260324-0450-BEAR-OBS-001186-Z001181-OC|ObservationConfirm|Primary
OPF-20260725-200539,2026-03-24,20260324-1310-BULL-OBS-001286-Z001196-OC-STR,ObservationStrict_Other,Long,Primary,None,2026-03-24 13:15:00,20.5,25.0,Accepted,,2026-03-24 13:30:00,TP,369.0,365.4,123.0,False,20260324-1310-BULL-OBS-001286-Z001196-OC-STR|ObservationStrict_Other|Primary
OPF-20260725-200754,2026-03-25,20260324-2245-BEAR-OBS-001113-Z001107-OC,ObservationConfirm,Short,Primary,None,2026-03-24 22:50:00,19.25,20.0,Accepted,,2026-03-24 23:20:00,SL,-115.5,-119.1,115.5,True,20260324-2245-BEAR-OBS-001113-Z001107-OC|ObservationConfirm|Primary
OPF-20260725-200754,2026-03-25,20260324-2345-BEAR-OBS-001125-Z001125-OC,ObservationConfirm,Short,Primary,None,2026-03-24 23:50:00,8.75,11.0,Accepted,,2026-03-25 00:00:00,TP,78.75,75.15,52.5,True,20260324-2345-BEAR-OBS-001125-Z001125-OC|ObservationConfirm|Primary
OPF-20260725-200754,2026-03-25,20260325-0055-BEAR-OBS-001139-Z001138-OC,ObservationConfirm,Short,Primary,None,2026-03-25 01:00:00,18.25,20.0,Accepted,,2026-03-25 01:30:00,TP,164.25,160.65,109.5,True,20260325-0055-BEAR-OBS-001139-Z001138-OC|ObservationConfirm|Primary
OPF-20260725-200754,2026-03-25,20260325-0300-BEAR-BRK-001164-Z001164,BreakawayFvg,Short,Primary,None,2026-03-25 03:00:00,3.5,30.0,Accepted,,2026-03-25 03:05:00,BE,0.0,-3.6,21.0,True,20260325-0300-BEAR-BRK-001164-Z001164|BreakawayFvg|Primary
OPF-20260725-200754,2026-03-25,20260325-0315-BEAR-OBS-001167-Z001167-OC,ObservationConfirm,Short,Primary,None,2026-03-25 03:20:00,6.0,22.0,Accepted,,2026-03-25 03:25:00,SL,-36.0,-39.6,36.0,True,20260325-0315-BEAR-OBS-001167-Z001167-OC|ObservationConfirm|Primary
OPF-20260725-200754,2026-03-25,20260325-0420-BULL-OBS-001180-Z001180-OC,ObservationConfirm,Long,Primary,None,2026-03-25 04:25:00,10.916666666666666,12.0,Accepted,,2026-03-25 04:45:00,SL,-65.5,-69.1,65.5,True,20260325-0420-BULL-OBS-001180-Z001180-OC|ObservationConfirm|Primary
OPF-20260725-200754,2026-03-25,20260325-0625-BEAR-BRK-001205-Z001205,BreakawayFvg,Short,Primary,None,2026-03-25 06:25:00,18.416666666666664,30.0,Accepted,,2026-03-25 06:45:00,SL,-110.5,-114.1,110.49999999999999,True,20260325-0625-BEAR-BRK-001205-Z001205|BreakawayFvg|Primary
OPF-20260725-200754,2026-03-25,20260325-0655-BULL-OBS-001211-Z001210-OC,ObservationConfirm,Long,Primary,None,2026-03-25 07:05:00,11.0,12.0,Accepted,,2026-03-25 07:10:00,TP,99.0,95.4,66.0,True,20260325-0655-BULL-OBS-001211-Z001210-OC|ObservationConfirm|Primary
OPF-20260725-200754,2026-03-25,20260325-0825-BULL-PB-001229-Z001228,AlmostConfirmed,Long,Primary,None,2026-03-25 08:25:00,7.75,25.0,Accepted,,2026-03-25 08:35:00,SL,-46.5,-50.1,46.5,True,20260325-0825-BULL-PB-001229-Z001228|AlmostConfirmed|Primary
OPF-20260725-200754,2026-03-25,20260325-0820-BULL-OBS-001228-Z001228-OC,ObservationConfirm_WideStop1_5R,Long,Secondary,Same,2026-03-25 08:25:00,11.583333333333332,22.0,Accepted,,2026-03-25 08:35:00,SL,-69.5,-73.1,69.5,True,20260325-0820-BULL-OBS-001228-Z001228-OC|ObservationConfirm_WideStop1_5R|Secondary
OPF-20260725-200754,2026-03-25,20260325-1105-BULL-OBS-001261-Z001261-OC,ObservationConfirm,Long,Primary,None,2026-03-25 11:10:00,11.0,12.0,Accepted,,2026-03-25 11:35:00,TP,264.0,260.4,66.0,True,20260325-1105-BULL-OBS-001261-Z001261-OC|ObservationConfirm|Primary
OPF-20260725-200754,2026-03-25,20260325-1125-BULL-OBS-001265-Z001265-OC,ObservationConfirm_WideStop1_5R,Long,Secondary,Same,2026-03-25 11:30:00,20.916666666666664,22.0,Accepted,,2026-03-25 11:45:00,SL,-125.5,-129.1,125.49999999999999,True,20260325-1125-BULL-OBS-001265-Z001265-OC|ObservationConfirm_WideStop1_5R|Secondary
OPF-20260725-200754,2026-03-25,20260325-1150-BEAR-OBS-001270-Z001270-FR,FailureReverse_ObservationInvalidated,Long,Primary,None,2026-03-25 12:00:00,17.25,25.0,Accepted,,2026-03-25 12:15:00,SL,-103.5,-107.1,103.5,False,20260325-1150-BEAR-OBS-001270-Z001270-FR|FailureReverse_ObservationInvalidated|Primary
OPF-20260725-200956,2026-03-26,20260325-2205-BEAR-OBS-001105-Z001105-OC,ObservationConfirm,Short,Primary,None,2026-03-25 22:10:00,18.75,20.0,Accepted,,2026-03-25 22:55:00,TP,168.75,165.15,112.5,True,20260325-2205-BEAR-OBS-001105-Z001105-OC|ObservationConfirm|Primary
OPF-20260725-200956,2026-03-26,20260325-2315-BEAR-OBS-001119-Z001119-OC,ObservationConfirm,Short,Primary,None,2026-03-25 23:20:00,11.0,22.0,Accepted,,2026-03-25 23:30:00,SL,-66.0,-69.6,66.0,True,20260325-2315-BEAR-OBS-001119-Z001119-OC|ObservationConfirm|Primary
OPF-20260725-200956,2026-03-26,20260326-0115-BULL-OBS-001143-Z001131-OC,ObservationConfirm,Long,Primary,None,2026-03-26 01:20:00,8.166666666666666,12.0,Accepted,,2026-03-26 01:25:00,SL,-49.0,-52.6,49.0,True,20260326-0115-BULL-OBS-001143-Z001131-OC|ObservationConfirm|Primary
OPF-20260725-200956,2026-03-26,20260326-0340-BULL-OBS-001172-Z001172-FR,FailureReverse_ObservationInvalidated_WideStop1_5R,Short,Primary,None,2026-03-26 03:45:00,19.416666666666664,25.0,Accepted,,2026-03-26 05:05:00,TP,466.0,462.4,116.49999999999999,True,20260326-0340-BULL-OBS-001172-Z001172-FR|FailureReverse_ObservationInvalidated_WideStop1_5R|Primary
OPF-20260725-200956,2026-03-26,20260326-0355-BEAR-OBS-001175-Z001175,ZoneBirthResearch,Short,Secondary,Same,2026-03-26 03:55:00,6.166666666666666,8.0,Accepted,,2026-03-26 04:20:00,SPLIT_BASE_TP_RUNNER_TP,111.0,107.4,37.0,True,20260326-0355-BEAR-OBS-001175-Z001175|ZoneBirthResearch|Secondary
OPF-20260725-200956,2026-03-26,20260326-0510-BEAR-OBS-001190-Z001190-OC,ObservationConfirm,Short,Primary,None,2026-03-26 05:15:00,16.75,20.0,Accepted,,2026-03-26 05:25:00,TP,150.75,147.15,100.5,True,20260326-0510-BEAR-OBS-001190-Z001190-OC|ObservationConfirm|Primary
OPF-20260725-200956,2026-03-26,20260326-0550-BEAR-OBS-001198-Z001198-OC,ObservationConfirm,Short,Primary,None,2026-03-26 05:55:00,19.25,20.0,Accepted,,2026-03-26 06:25:00,SL,-115.5,-119.1,115.5,True,20260326-0550-BEAR-OBS-001198-Z001198-OC|ObservationConfirm|Primary
OPF-20260725-200956,2026-03-26,20260326-0935-BEAR-OBS-001243-Z001243,ZoneBirthResearch,Short,Primary,None,2026-03-26 09:35:00,13.25,18.0,Accepted,,2026-03-26 09:40:00,SPLIT_BASE_SL_RUNNER_SL,-79.5,-83.1,79.5,True,20260326-0935-BEAR-OBS-001243-Z001243|ZoneBirthResearch|Primary
OPF-20260725-200956,2026-03-26,20260326-1055-BEAR-OBS-001259-Z001256-OC,ObservationConfirm,Short,Primary,None,2026-03-26 11:00:00,13.25,18.0,Accepted,,2026-03-26 11:05:00,SL,-79.5,-83.1,79.5,False,20260326-1055-BEAR-OBS-001259-Z001256-OC|ObservationConfirm|Primary
OPF-20260725-201206,2026-03-27,20260326-2340-BULL-OBS-001124-Z001124-OC,ObservationConfirm,Long,Primary,None,2026-03-26 23:45:00,11.833333333333332,12.0,Accepted,,2026-03-27 00:15:00,SL,-71.0,-74.6,71.0,True,20260326-2340-BULL-OBS-001124-Z001124-OC|ObservationConfirm|Primary
OPF-20260725-201206,2026-03-27,20260326-2340-BULL-OBS-001124-Z001124-OC,ObservationConfirm_WideStop1_5R,Long,Secondary,Same,2026-03-26 23:45:00,17.083333333333332,18.0,Accepted,,2026-03-27 00:15:00,SL,-102.5,-106.1,102.5,True,20260326-2340-BULL-OBS-001124-Z001124-OC|ObservationConfirm_WideStop1_5R|Secondary
OPF-20260725-201206,2026-03-27,20260327-0130-BULL-OBS-001146-Z001146-OC,ObservationConfirm,Long,Primary,None,2026-03-27 01:35:00,11.166666666666666,12.0,Accepted,,2026-03-27 01:45:00,SL,-67.0,-70.6,67.0,True,20260327-0130-BULL-OBS-001146-Z001146-OC|ObservationConfirm|Primary
OPF-20260725-201206,2026-03-27,20260327-0600-BEAR-OBS-001200-Z001200,ZoneBirthResearch,Short,Primary,None,2026-03-27 06:00:00,16.5,0.0,Accepted,,2026-03-27 06:10:00,SPLIT_BASE_SL_RUNNER_SL,-99.0,-102.6,99.0,True,20260327-0600-BEAR-OBS-001200-Z001200|ZoneBirthResearch|Primary
OPF-20260725-201206,2026-03-27,20260327-0620-BULL-OBS-001204-Z001204-OC,ObservationConfirm,Long,Primary,None,2026-03-27 06:25:00,9.5,12.0,Accepted,,2026-03-27 06:30:00,SL,-57.0,-60.6,57.0,True,20260327-0620-BULL-OBS-001204-Z001204-OC|ObservationConfirm|Primary
OPF-20260725-201206,2026-03-27,20260327-0650-BEAR-OBS-001210-Z001210,ZoneBirthResearch,Short,Primary,None,2026-03-27 06:50:00,13.25,0.0,Accepted,,2026-03-27 08:00:00,SPLIT_BASE_TP_RUNNER_TP,238.5,234.9,79.5,True,20260327-0650-BEAR-OBS-001210-Z001210|ZoneBirthResearch|Primary
OPF-20260725-201206,2026-03-27,20260327-0655-BEAR-OBS-001211-Z001210-OC,ObservationConfirm,Short,Secondary,Same,2026-03-27 07:00:00,20.75,22.0,Accepted,,2026-03-27 07:20:00,TP,186.75,183.15,124.5,True,20260327-0655-BEAR-OBS-001211-Z001210-OC|ObservationConfirm|Secondary
OPF-20260725-201206,2026-03-27,20260327-1140-BEAR-OBS-001268-Z001260,UnknownRegimeZoneTouch,Short,Primary,None,2026-03-27 11:40:00,7.75,0.0,Accepted,,2026-03-27 11:45:00,SL,-46.5,-50.1,46.5,True,20260327-1140-BEAR-OBS-001268-Z001260|UnknownRegimeZoneTouch|Primary
OPF-20260725-201206,2026-03-27,20260327-1745-BEAR-OBS-001341-Z001341-OC,ObservationConfirm,Short,Primary,None,2026-03-27 17:50:00,21.75,22.0,Accepted,,2026-03-27 18:10:00,TP,195.75,192.15,130.5,True,20260327-1745-BEAR-OBS-001341-Z001341-OC|ObservationConfirm|Primary
OPF-20260725-201408,2026-03-30,20260330-0145-BULL-OBS-001149-Z001149-OC,ObservationConfirm_WideStop1_5R,Long,Primary,None,2026-03-30 01:55:00,13.083333333333332,18.0,Accepted,,2026-03-30 02:40:00,TP,235.5,231.9,78.5,True,20260330-0145-BULL-OBS-001149-Z001149-OC|ObservationConfirm_WideStop1_5R|Primary
OPF-20260725-201408,2026-03-30,20260330-0250-BULL-OBS-001162-Z001162-OC,ObservationConfirm,Long,Primary,None,2026-03-30 02:55:00,9.0,12.0,Accepted,,2026-03-30 03:00:00,TP,81.0,77.4,54.0,True,20260330-0250-BULL-OBS-001162-Z001162-OC|ObservationConfirm|Primary
OPF-20260725-201408,2026-03-30,20260330-0445-BEAR-OBS-001185-Z001185,ZoneBirthResearch,Short,Primary,None,2026-03-30 04:45:00,8.75,8.0,Accepted,,2026-03-30 05:00:00,SPLIT_BASE_SL_RUNNER_SL,-52.5,-56.1,52.5,True,20260330-0445-BEAR-OBS-001185-Z001185|ZoneBirthResearch|Primary
OPF-20260725-201408,2026-03-30,20260330-0620-BULL-OBS-001204-Z001204-OC,ObservationConfirm,Long,Primary,None,2026-03-30 06:25:00,11.75,12.0,Accepted,,2026-03-30 08:05:00,TP,282.0,278.4,70.5,True,20260330-0620-BULL-OBS-001204-Z001204-OC|ObservationConfirm|Primary
OPF-20260725-201408,2026-03-30,20260330-0620-BULL-OBS-001204-Z001204-OC,ObservationConfirm_WideStop1_5R,Long,Secondary,Same,2026-03-30 06:25:00,17.25,22.0,Accepted,,2026-03-30 07:20:00,TIME_STOP,46.5,42.9,103.5,True,20260330-0620-BULL-OBS-001204-Z001204-OC|ObservationConfirm_WideStop1_5R|Secondary
OPF-20260725-201408,2026-03-30,20260330-1915-BEAR-BRK-001359-Z001359,BreakawayFvg,Short,Primary,None,2026-03-30 19:15:00,22.583333333333332,30.0,Accepted,,2026-03-30 19:35:00,SL,-135.5,-139.1,135.5,True,20260330-1915-BEAR-BRK-001359-Z001359|BreakawayFvg|Primary
OPF-20260725-201408,2026-03-30,20260330-2010-BEAR-OBS-001370-Z001370-OC,ObservationConfirm,Short,Primary,None,2026-03-30 20:15:00,16.25,20.0,Accepted,,2026-03-30 20:50:00,PATH_END,-7.5,-11.1,97.5,False,20260330-2010-BEAR-OBS-001370-Z001370-OC|ObservationConfirm|Primary
OPF-20260725-201615,2026-03-31,20260331-0450-BEAR-OBS-001186-Z001186-OC,ObservationConfirm,Short,Primary,None,2026-03-31 04:55:00,10.833333333333332,18.0,Accepted,,2026-03-31 05:05:00,TP,97.5,93.9,65.0,True,20260331-0450-BEAR-OBS-001186-Z001186-OC|ObservationConfirm|Primary
OPF-20260725-201615,2026-03-31,20260331-0905-BULL-OBS-001237-Z001237-OC,ObservationConfirm,Long,Primary,None,2026-03-31 09:10:00,9.75,12.0,Accepted,,2026-03-31 09:15:00,SL,-58.5,-62.1,58.5,True,20260331-0905-BULL-OBS-001237-Z001237-OC|ObservationConfirm|Primary
OPF-20260725-201615,2026-03-31,20260331-1545-BEAR-OBS-001317-Z001317,ZoneBirthResearch,Short,Primary,None,2026-03-31 15:45:00,18.25,18.0,Accepted,,2026-03-31 15:50:00,SPLIT_BASE_SL_RUNNER_SL,-109.5,-113.1,109.5,True,20260331-1545-BEAR-OBS-001317-Z001317|ZoneBirthResearch|Primary
OPF-20260725-201615,2026-03-31,20260331-2045-BEAR-OBS-001377-Z001377,ZoneBirthResearch,Short,Primary,None,2026-03-31 20:45:00,9.0,8.0,Accepted,,2026-03-31 20:50:00,PATH_END,27.0,23.4,54.0,False,20260331-2045-BEAR-OBS-001377-Z001377|ZoneBirthResearch|Primary
OPF-20260725-201829,2026-04-01,20260401-0105-BEAR-OBS-001141-Z001141-OC,ObservationConfirm,Short,Primary,None,2026-04-01 01:10:00,18.083333333333332,20.0,Accepted,,2026-04-01 01:40:00,TP,162.75,159.15,108.5,True,20260401-0105-BEAR-OBS-001141-Z001141-OC|ObservationConfirm|Primary
OPF-20260725-201829,2026-04-01,20260401-0200-BEAR-OBS-001152-Z001147-OC,ObservationConfirm,Short,Primary,None,2026-04-01 02:05:00,10.25,22.0,Accepted,,2026-04-01 02:10:00,TP,92.25,88.65,61.5,True,20260401-0200-BEAR-OBS-001152-Z001147-OC|ObservationConfirm|Primary
OPF-20260725-201829,2026-04-01,20260401-0215-BEAR-OBS-001155-Z001155-OC,ObservationConfirm,Short,Primary,None,2026-04-01 02:20:00,9.58333333333333,22.0,Accepted,,2026-04-01 02:30:00,TP,86.25,82.65,57.499999999999986,True,20260401-0215-BEAR-OBS-001155-Z001155-OC|ObservationConfirm|Primary
OPF-20260725-201829,2026-04-01,20260401-0245-BEAR-OBS-001161-Z001155-OC,ObservationConfirm,Short,Primary,None,2026-04-01 02:50:00,10.5,18.0,Accepted,,2026-04-01 03:05:00,SL,-63.0,-66.6,63.0,True,20260401-0245-BEAR-OBS-001161-Z001155-OC|ObservationConfirm|Primary
OPF-20260725-201829,2026-04-01,20260401-0455-BULL-OBS-001187-Z001186-OC,ObservationConfirm_WideStop1_5R,Long,Primary,None,2026-04-01 05:00:00,17.75,22.0,Accepted,,2026-04-01 05:25:00,TP,319.5,315.9,106.5,True,20260401-0455-BULL-OBS-001187-Z001186-OC|ObservationConfirm_WideStop1_5R|Primary
OPF-20260725-201829,2026-04-01,20260401-0450-BULL-OBS-001186-Z001186-OC,ObservationConfirm_WideStop1_5R,Long,Secondary,Same,2026-04-01 05:00:00,17.75,22.0,Accepted,,2026-04-01 05:25:00,TP,319.5,315.9,106.5,True,20260401-0450-BULL-OBS-001186-Z001186-OC|ObservationConfirm_WideStop1_5R|Secondary
OPF-20260725-201829,2026-04-01,20260401-0525-BULL-OBS-001193-Z001193-OC,ObservationConfirm_WideStop1_5R,Long,Primary,None,2026-04-01 05:30:00,18.333333333333332,22.0,Accepted,,2026-04-01 05:35:00,SL,-110.0,-113.6,110.0,True,20260401-0525-BULL-OBS-001193-Z001193-OC|ObservationConfirm_WideStop1_5R|Primary
OPF-20260725-201829,2026-04-01,20260401-1155-BULL-OBS-001271-Z001271-FR,FailureReverse_ObservationInvalidated_WideStop1_5R,Short,Primary,None,2026-04-01 12:00:00,17.5,25.0,Accepted,,2026-04-01 12:00:00,SL,-105.0,-108.6,105.0,True,20260401-1155-BULL-OBS-001271-Z001271-FR|FailureReverse_ObservationInvalidated_WideStop1_5R|Primary
OPF-20260725-201829,2026-04-01,20260401-1210-BULL-OBS-001274-Z001268-OC,ObservationConfirm,Long,Primary,None,2026-04-01 12:15:00,7.5,12.0,Accepted,,2026-04-01 12:20:00,SL,-45.0,-48.6,45.0,True,20260401-1210-BULL-OBS-001274-Z001268-OC|ObservationConfirm|Primary
OPF-20260725-201829,2026-04-01,20260401-1305-BULL-PB-001285-Z001243,AlmostConfirmed,Long,Primary,None,2026-04-01 13:05:00,20.166666666666664,25.0,Accepted,,2026-04-01 13:30:00,TP,484.0,480.4,120.99999999999999,True,20260401-1305-BULL-PB-001285-Z001243|AlmostConfirmed|Primary
OPF-20260725-201829,2026-04-01,20260401-1710-BULL-OBS-001334-Z001333-OC,ObservationConfirm,Long,Primary,None,2026-04-01 17:15:00,9.5,12.0,Accepted,,2026-04-01 17:20:00,SL,-57.0,-60.6,57.0,False,20260401-1710-BULL-OBS-001334-Z001333-OC|ObservationConfirm|Primary
OPF-20260725-202036,2026-04-02,20260401-2350-BULL-OBS-001126-Z001118-OC-STR,ObservationStrict_Other,Long,Primary,None,2026-04-01 23:55:00,9.25,25.0,Accepted,,2026-04-02 00:00:00,SL,-55.5,-59.1,55.5,True,20260401-2350-BULL-OBS-001126-Z001118-OC-STR|ObservationStrict_Other|Primary
OPF-20260725-202036,2026-04-02,20260402-0215-BEAR-BRK-001155-Z001155,BreakawayFvg,Short,Primary,None,2026-04-02 02:15:00,22.75,30.0,Accepted,,2026-04-02 02:55:00,BE,0.0,-3.6,136.5,True,20260402-0215-BEAR-BRK-001155-Z001155|BreakawayFvg|Primary
OPF-20260725-202036,2026-04-02,20260402-0340-BEAR-OBS-001172-Z001172,ZoneBirthResearch,Short,Primary,None,2026-04-02 03:40:00,16.333333333333332,18.0,Accepted,,2026-04-02 05:40:00,SPLIT_BASE_TP_RUNNER_TP,294.0,290.4,98.0,True,20260402-0340-BEAR-OBS-001172-Z001172|ZoneBirthResearch|Primary
OPF-20260725-202036,2026-04-02,20260402-0935-BEAR-OBS-001243-Z001243-OC,ObservationConfirm,Short,Primary,None,2026-04-02 09:40:00,19.25,20.0,Accepted,,2026-04-02 10:10:00,TP,173.25,169.65,115.5,True,20260402-0935-BEAR-OBS-001243-Z001243-OC|ObservationConfirm|Primary
OPF-20260725-202036,2026-04-02,20260402-1245-BEAR-OBS-001281-Z001264-OC,ObservationConfirm,Short,Primary,None,2026-04-02 12:50:00,7.5,18.0,Accepted,,2026-04-02 12:55:00,TP,67.5,63.9,45.0,True,20260402-1245-BEAR-OBS-001281-Z001264-OC|ObservationConfirm|Primary
OPF-20260725-202036,2026-04-02,20260402-1310-BULL-OBS-001286-Z001277-OC-STR,ObservationStrict_Other,Long,Primary,None,2026-04-02 13:15:00,19.583333333333332,25.0,Accepted,,2026-04-02 13:30:00,TP,352.5,348.9,117.5,True,20260402-1310-BULL-OBS-001286-Z001277-OC-STR|ObservationStrict_Other|Primary
OPF-20260725-202036,2026-04-02,20260402-1730-BULL-OBS-001338-Z001335-FR,FailureReverse_ObservationInvalidated_WideStop1_5R,Short,Primary,None,2026-04-02 17:40:00,20.25,25.0,Accepted,,2026-04-02 18:50:00,SL,-121.5,-125.1,121.5,False,20260402-1730-BULL-OBS-001338-Z001335-FR|FailureReverse_ObservationInvalidated_WideStop1_5R|Primary
OPF-20260725-202303,2026-04-06,20260406-0100-BULL-OBS-001047-Z001047-OC,ObservationConfirm_WideStop1_5R,Long,Primary,None,2026-04-06 01:05:00,25.666666666666664,25.0,Accepted,,2026-04-06 01:55:00,SL,-154.0,-157.6,154.0,True,20260406-0100-BULL-OBS-001047-Z001047-OC|ObservationConfirm_WideStop1_5R|Primary
OPF-20260725-202303,2026-04-06,20260406-0405-BULL-OBS-001084-Z001084-OC,ObservationConfirm_WideStop1_5R,Long,Primary,None,2026-04-06 04:10:00,20.5,22.0,Accepted,,2026-04-06 05:05:00,TIME_STOP,231.0,227.4,123.0,True,20260406-0405-BULL-OBS-001084-Z001084-OC|ObservationConfirm_WideStop1_5R|Primary
OPF-20260725-202303,2026-04-06,20260406-0840-BULL-OBS-001139-Z001139-OC,ObservationConfirm_WideStop1_5R,Long,Primary,None,2026-04-06 08:45:00,20.083333333333332,22.0,Accepted,,2026-04-06 08:50:00,SL,-120.5,-124.1,120.5,True,20260406-0840-BULL-OBS-001139-Z001139-OC|ObservationConfirm_WideStop1_5R|Primary
OPF-20260725-202303,2026-04-06,20260406-0850-BULL-OBS-001141-Z001138-OC,ObservationConfirm,Long,Primary,None,2026-04-06 08:55:00,10.333333333333332,12.0,Accepted,,2026-04-06 09:50:00,SL,-62.0,-65.6,61.99999999999999,True,20260406-0850-BULL-OBS-001141-Z001138-OC|ObservationConfirm|Primary
OPF-20260725-202303,2026-04-06,20260406-1045-BULL-OBS-001164-Z001130-OC-STR,ObservationStrict_Other,Long,Primary,None,2026-04-06 10:50:00,19.166666666666664,25.0,Accepted,,2026-04-06 11:00:00,SL,-115.0,-118.6,114.99999999999999,True,20260406-1045-BULL-OBS-001164-Z001130-OC-STR|ObservationStrict_Other|Primary
OPF-20260725-202303,2026-04-06,20260406-1850-BULL-OBS-001261-Z001261-OC,ObservationConfirm_WideStop1_5R,Long,Primary,None,2026-04-06 18:55:00,22.083333333333332,22.0,Accepted,,2026-04-06 19:10:00,SL,-132.5,-136.1,132.5,False,20260406-1850-BULL-OBS-001261-Z001261-OC|ObservationConfirm_WideStop1_5R|Primary
OPF-20260725-202507,2026-04-07,20260407-0000-BEAR-OBS-001035-Z001035-OC,ObservationConfirm,Short,Primary,None,2026-04-07 00:05:00,17.166666666666664,20.0,Accepted,,2026-04-07 00:10:00,SL,-103.0,-106.6,102.99999999999999,True,20260407-0000-BEAR-OBS-001035-Z001035-OC|ObservationConfirm|Primary
OPF-20260725-202507,2026-04-07,20260407-0020-BULL-OBS-001039-Z001039-OC,ObservationConfirm_WideStop1_5R,Long,Primary,None,2026-04-07 00:25:00,12.0,18.0,Accepted,,2026-04-07 00:30:00,SL,-72.0,-75.6,72.0,True,20260407-0020-BULL-OBS-001039-Z001039-OC|ObservationConfirm_WideStop1_5R|Primary
OPF-20260725-202507,2026-04-07,20260407-0215-BEAR-OBS-001062-Z001059-OC,ObservationConfirm_WideStop1_5R,Short,Primary,None,2026-04-07 02:20:00,11.25,22.0,Accepted,,2026-04-07 02:25:00,SL,-67.5,-71.1,67.5,True,20260407-0215-BEAR-OBS-001062-Z001059-OC|ObservationConfirm_WideStop1_5R|Primary
OPF-20260725-202507,2026-04-07,20260407-0405-BEAR-OBS-001084-Z001084-OC,ObservationConfirm,Short,Primary,None,2026-04-07 04:10:00,17.416666666666664,20.0,Accepted,,2026-04-07 04:20:00,SL,-104.5,-108.1,104.49999999999999,True,20260407-0405-BEAR-OBS-001084-Z001084-OC|ObservationConfirm|Primary
OPF-20260725-202507,2026-04-07,20260407-0455-BULL-OBS-001094-Z001093-OC,ObservationConfirm,Long,Primary,None,2026-04-07 05:10:00,8.5,12.0,Accepted,,2026-04-07 05:20:00,SL,-51.0,-54.6,51.0,True,20260407-0455-BULL-OBS-001094-Z001093-OC|ObservationConfirm|Primary
OPF-20260725-202507,2026-04-07,20260407-0455-BULL-OBS-001094-Z001093-OC,ObservationConfirm_WideStop1_5R,Long,Secondary,Same,2026-04-07 05:10:00,12.369999999998981,18.0,Accepted,,2026-04-07 05:20:00,SL,-74.22,-77.82,74.21999999999389,True,20260407-0455-BULL-OBS-001094-Z001093-OC|ObservationConfirm_WideStop1_5R|Secondary
OPF-20260725-202717,2026-04-08,20260408-0120-BEAR-OBS-001051-Z001051-OC,ObservationConfirm,Short,Primary,None,2026-04-08 01:25:00,17.75,20.0,Accepted,,2026-04-08 01:30:00,SL,-106.5,-110.1,106.5,True,20260408-0120-BEAR-OBS-001051-Z001051-OC|ObservationConfirm|Primary
OPF-20260725-202717,2026-04-08,20260408-0415-BULL-OBS-001086-Z001086-OC,ObservationConfirm_WideStop1_5R,Long,Primary,None,2026-04-08 04:20:00,11.083333333333332,18.0,Accepted,,2026-04-08 04:50:00,SL,-66.5,-70.1,66.5,True,20260408-0415-BULL-OBS-001086-Z001086-OC|ObservationConfirm_WideStop1_5R|Primary
OPF-20260725-202717,2026-04-08,20260408-0450-BULL-OBS-001093-Z001085-OC,ObservationConfirm,Long,Primary,None,2026-04-08 04:55:00,9.58333333333333,12.0,Accepted,,2026-04-08 05:20:00,TP,86.25,82.65,57.499999999999986,True,20260408-0450-BULL-OBS-001093-Z001085-OC|ObservationConfirm|Primary
OPF-20260725-202717,2026-04-08,20260408-0600-BULL-PB-001107-Z001106,AlmostConfirmed,Long,Primary,None,2026-04-08 06:00:00,18.0,25.0,Accepted,,2026-04-08 06:20:00,SL,-108.0,-111.6,108.0,True,20260408-0600-BULL-PB-001107-Z001106|AlmostConfirmed|Primary
OPF-20260725-202717,2026-04-08,20260408-0635-BULL-OBS-001114-Z001106-OC,ObservationConfirm_WideStop1_5R,Long,Primary,None,2026-04-08 06:45:00,17.083333333333332,18.0,Accepted,,2026-04-08 06:55:00,SL,-102.5,-106.1,102.5,True,20260408-0635-BULL-OBS-001114-Z001106-OC|ObservationConfirm_WideStop1_5R|Primary
OPF-20260725-202717,2026-04-08,20260408-1650-BULL-OBS-001237-Z001237-OC,ObservationConfirm_WideStop1_5R,Long,Primary,None,2026-04-08 16:55:00,8.130000000001019,22.0,Accepted,,2026-04-08 17:05:00,SL,-48.78,-52.38,48.78000000000611,True,20260408-1650-BULL-OBS-001237-Z001237-OC|ObservationConfirm_WideStop1_5R|Primary
OPF-20260725-202717,2026-04-08,20260408-2040-BEAR-OBS-001283-Z001283-OC,ObservationConfirm,Short,Primary,None,2026-04-08 20:45:00,5.0,11.0,Accepted,,2026-04-08 20:50:00,SL,-30.0,-33.6,30.0,False,20260408-2040-BEAR-OBS-001283-Z001283-OC|ObservationConfirm|Primary
OPF-20260725-202921,2026-04-09,20260408-2235-BEAR-OBS-001018-Z001014-OC,ObservationConfirm,Short,Primary,None,2026-04-08 22:40:00,19.0,20.0,Accepted,,2026-04-08 23:05:00,SL,-114.0,-117.6,114.0,True,20260408-2235-BEAR-OBS-001018-Z001014-OC|ObservationConfirm|Primary
OPF-20260725-202921,2026-04-09,20260408-2310-BULL-OBS-001025-Z001025-FR-RT,FailureReverse_RetestFailed,Short,Primary,None,2026-04-08 23:35:00,6.0,11.0,Accepted,,2026-04-08 23:45:00,SL,-36.0,-39.6,36.0,True,20260408-2310-BULL-OBS-001025-Z001025-FR-RT|FailureReverse_RetestFailed|Primary
OPF-20260725-202921,2026-04-09,20260409-0010-BEAR-OBS-001037-Z001036-FR,FailureReverse_ObservationInvalidated,Long,Primary,None,2026-04-09 00:20:00,10.833333333333332,25.0,Accepted,,2026-04-09 00:25:00,SL,-65.0,-68.6,65.0,True,20260409-0010-BEAR-OBS-001037-Z001036-FR|FailureReverse_ObservationInvalidated|Primary
OPF-20260725-202921,2026-04-09,20260409-0135-BULL-OBS-001054-Z001054-OC,ObservationConfirm,Long,Primary,None,2026-04-09 01:40:00,10.75,12.0,Accepted,,2026-04-09 01:45:00,SL,-64.5,-68.1,64.5,True,20260409-0135-BULL-OBS-001054-Z001054-OC|ObservationConfirm|Primary
OPF-20260725-202921,2026-04-09,20260409-0300-BEAR-OBS-001071-Z001071-OC,ObservationConfirm,Short,Primary,None,2026-04-09 03:05:00,8.0,11.0,Accepted,,2026-04-09 03:15:00,TP,72.0,68.4,48.0,True,20260409-0300-BEAR-OBS-001071-Z001071-OC|ObservationConfirm|Primary
OPF-20260725-202921,2026-04-09,20260409-0320-BEAR-OBS-001075-Z001075-OC,ObservationConfirm,Short,Primary,None,2026-04-09 03:25:00,7.25,18.0,Accepted,,2026-04-09 03:30:00,SL,-43.5,-47.1,43.5,True,20260409-0320-BEAR-OBS-001075-Z001075-OC|ObservationConfirm|Primary
OPF-20260725-202921,2026-04-09,20260409-0710-BEAR-OBS-001121-Z001121,ZoneBirthResearch,Short,Primary,None,2026-04-09 07:10:00,7.75,0.0,Accepted,,2026-04-09 07:40:00,SPLIT_BASE_TP_RUNNER_TP,139.5,135.9,46.5,True,20260409-0710-BEAR-OBS-001121-Z001121|ZoneBirthResearch|Primary
OPF-20260725-202921,2026-04-09,20260409-0845-BEAR-OBS-001140-Z001126,UnknownRegimeZoneTouch,Short,Primary,None,2026-04-09 08:45:00,20.0,0.0,Accepted,,2026-04-09 09:15:00,SL,-120.0,-123.6,120.0,True,20260409-0845-BEAR-OBS-001140-Z001126|UnknownRegimeZoneTouch|Primary
OPF-20260725-202921,2026-04-09,20260409-1145-BULL-OBS-001176-Z001176-OC,ObservationConfirm,Long,Primary,None,2026-04-09 11:50:00,11.75,12.0,Accepted,,2026-04-09 12:30:00,SL,-70.5,-74.1,70.5,True,20260409-1145-BULL-OBS-001176-Z001176-OC|ObservationConfirm|Primary
OPF-20260725-202921,2026-04-09,20260409-1415-BEAR-OBS-001206-Z001206-OC,ObservationConfirm,Short,Primary,None,2026-04-09 14:20:00,17.75,22.0,Accepted,,2026-04-09 14:25:00,TP,159.75,156.15,106.5,True,20260409-1415-BEAR-OBS-001206-Z001206-OC|ObservationConfirm|Primary
OPF-20260725-202921,2026-04-09,20260409-1730-BEAR-OBS-001245-Z001245,ZoneBirthResearch,Short,Primary,None,2026-04-09 17:30:00,17.5,0.0,Accepted,,2026-04-09 17:35:00,SPLIT_BASE_SL_RUNNER_SL,-105.0,-108.6,105.0,True,20260409-1730-BEAR-OBS-001245-Z001245|ZoneBirthResearch|Primary
OPF-20260725-202921,2026-04-09,20260409-1740-BULL-OBS-001247-Z001247-OC,ObservationConfirm_WideStop1_5R,Long,Primary,None,2026-04-09 17:45:00,24.38000000000102,25.0,Accepted,,2026-04-09 18:00:00,SL,-146.28,-149.88,146.2800000000061,True,20260409-1740-BULL-OBS-001247-Z001247-OC|ObservationConfirm_WideStop1_5R|Primary
OPF-20260725-202921,2026-04-09,20260409-2000-BULL-OBS-001275-Z001270-OC,ObservationConfirm,Long,Primary,None,2026-04-09 20:10:00,9.0,12.0,Accepted,,2026-04-09 20:30:00,TP,81.0,77.4,54.0,True,20260409-2000-BULL-OBS-001275-Z001270-OC|ObservationConfirm|Primary
OPF-20260725-202921,2026-04-09,20260409-2035-BULL-OBS-001282-Z001282-OC,ObservationConfirm,Long,Primary,None,2026-04-09 20:40:00,8.0,12.0,Accepted,,2026-04-09 20:50:00,SL,-48.0,-51.6,48.0,False,20260409-2035-BULL-OBS-001282-Z001282-OC|ObservationConfirm|Primary
OPF-20260725-203125,2026-04-10,20260409-2230-BEAR-OBS-001110-Z001110-OC,ObservationConfirm,Short,Primary,None,2026-04-09 22:35:00,20.333333333333332,20.0,Accepted,,2026-04-09 23:00:00,TP,183.0,179.4,122.0,True,20260409-2230-BEAR-OBS-001110-Z001110-OC|ObservationConfirm|Primary
OPF-20260725-203125,2026-04-10,20260410-0035-BULL-OBS-001135-Z001135-OC,ObservationConfirm,Long,Primary,None,2026-04-10 00:40:00,10.25,12.0,Accepted,,2026-04-10 01:30:00,TP,246.0,242.4,61.5,True,20260410-0035-BULL-OBS-001135-Z001135-OC|ObservationConfirm|Primary
OPF-20260725-203125,2026-04-10,20260410-0040-BULL-OBS-001136-Z001136-OC,ObservationConfirm_WideStop1_5R,Long,Secondary,Same,2026-04-10 00:45:00,11.25,18.0,Accepted,,2026-04-10 01:30:00,TP,202.5,198.9,67.5,True,20260410-0040-BULL-OBS-001136-Z001136-OC|ObservationConfirm_WideStop1_5R|Secondary
OPF-20260725-203125,2026-04-10,20260410-0140-BULL-PB-001148-Z001147,AlmostConfirmed,Long,Primary,None,2026-04-10 01:40:00,12.416666666666666,25.0,Accepted,,2026-04-10 02:00:00,SL,-74.5,-78.1,74.5,True,20260410-0140-BULL-PB-001148-Z001147|AlmostConfirmed|Primary
OPF-20260725-203125,2026-04-10,20260410-0135-BULL-OBS-001147-Z001147-OC,ObservationConfirm_WideStop1_5R,Long,Secondary,Same,2026-04-10 01:40:00,19.0,22.0,Accepted,,2026-04-10 02:00:00,SL,-114.0,-117.6,114.0,True,20260410-0135-BULL-OBS-001147-Z001147-OC|ObservationConfirm_WideStop1_5R|Secondary
OPF-20260725-203125,2026-04-10,20260410-0200-BULL-OBS-001152-Z001146-OC,ObservationConfirm_WideStop1_5R,Long,Primary,None,2026-04-10 02:05:00,16.63000000000102,22.0,Accepted,,2026-04-10 02:15:00,SL,-99.78,-103.38,99.78000000000611,True,20260410-0200-BULL-OBS-001152-Z001146-OC|ObservationConfirm_WideStop1_5R|Primary
OPF-20260725-203125,2026-04-10,20260410-0220-BEAR-OBS-001156-Z001156-OC,ObservationConfirm,Short,Primary,None,2026-04-10 02:25:00,8.75,18.0,Accepted,,2026-04-10 02:30:00,SL,-52.5,-56.1,52.5,True,20260410-0220-BEAR-OBS-001156-Z001156-OC|ObservationConfirm|Primary
OPF-20260725-203125,2026-04-10,20260410-0350-BULL-OBS-001174-Z001171-OC,ObservationConfirm,Long,Primary,None,2026-04-10 03:55:00,7.916666666666665,12.0,Accepted,,2026-04-10 04:05:00,SL,-47.5,-51.1,47.49999999999999,True,20260410-0350-BULL-OBS-001174-Z001171-OC|ObservationConfirm|Primary
OPF-20260725-203125,2026-04-10,20260410-0505-BULL-OBS-001189-Z001189-OC,ObservationConfirm,Long,Primary,None,2026-04-10 05:20:00,8.25,12.0,Accepted,,2026-04-10 05:25:00,SL,-49.5,-53.1,49.5,True,20260410-0505-BULL-OBS-001189-Z001189-OC|ObservationConfirm|Primary
OPF-20260725-203125,2026-04-10,20260410-0505-BULL-OBS-001189-Z001189-OC,ObservationConfirm_WideStop1_5R,Long,Secondary,Same,2026-04-10 05:20:00,12.0,22.0,Accepted,,2026-04-10 05:30:00,SL,-72.0,-75.6,72.0,True,20260410-0505-BULL-OBS-001189-Z001189-OC|ObservationConfirm_WideStop1_5R|Secondary
OPF-20260725-203125,2026-04-10,20260410-0555-BEAR-OBS-001199-Z001199,ZoneBirthResearch,Short,Primary,None,2026-04-10 05:55:00,6.5,8.0,Accepted,,2026-04-10 06:30:00,SPLIT_BASE_TP_RUNNER_TP,117.0,113.4,39.0,True,20260410-0555-BEAR-OBS-001199-Z001199|ZoneBirthResearch|Primary
OPF-20260725-203125,2026-04-10,20260410-0640-BULL-OBS-001208-Z001132-OC-STR,ObservationStrict_Other,Long,Primary,None,2026-04-10 06:45:00,11.5,25.0,Accepted,,2026-04-10 07:40:00,TIME_STOP,48.0,44.4,69.0,True,20260410-0640-BULL-OBS-001208-Z001132-OC-STR|ObservationStrict_Other|Primary
OPF-20260725-203125,2026-04-10,20260410-0640-BULL-OBS-001208-Z001132-OC-STR,ObservationStrict_Other_WideStop1_5R,Long,Secondary,Same,2026-04-10 06:45:00,16.5,25.0,Accepted,,2026-04-10 08:15:00,SL,-99.0,-102.6,99.0,True,20260410-0640-BULL-OBS-001208-Z001132-OC-STR|ObservationStrict_Other_WideStop1_5R|Secondary
OPF-20260725-203125,2026-04-10,20260410-0820-BEAR-OBS-001228-Z001227-FR,FailureReverse_ObservationInvalidated,Long,Primary,None,2026-04-10 08:25:00,10.666666666666666,25.0,Accepted,,2026-04-10 08:45:00,SL,-64.0,-67.6,64.0,True,20260410-0820-BEAR-OBS-001228-Z001227-FR|FailureReverse_ObservationInvalidated|Primary
OPF-20260725-203125,2026-04-10,20260410-1000-BULL-PB-001248-Z001247,AlmostConfirmed,Long,Primary,None,2026-04-10 10:00:00,9.5,18.0,Accepted,,2026-04-10 10:05:00,SL,-57.0,-60.6,57.0,True,20260410-1000-BULL-PB-001248-Z001247|AlmostConfirmed|Primary
OPF-20260725-203125,2026-04-10,20260410-1035-BEAR-OBS-001255-Z001255,ZoneBirthResearch,Short,Primary,None,2026-04-10 10:35:00,7.75,0.0,Accepted,,2026-04-10 10:45:00,SPLIT_BASE_SL_RUNNER_SL,-46.5,-50.1,46.5,True,20260410-1035-BEAR-OBS-001255-Z001255|ZoneBirthResearch|Primary
OPF-20260725-203125,2026-04-10,20260410-1040-BEAR-OBS-001256-Z001255-FR,FailureReverse_ObservationInvalidated,Long,Primary,None,2026-04-10 10:50:00,12.75,0.0,Accepted,,2026-04-10 11:55:00,SL,-76.5,-80.1,76.5,True,20260410-1040-BEAR-OBS-001256-Z001255-FR|FailureReverse_ObservationInvalidated|Primary
OPF-20260725-203125,2026-04-10,20260410-1120-BULL-OBS-001264-Z001264-OC,ObservationConfirm_WideStop1_5R,Long,Secondary,Same,2026-04-10 11:25:00,13.130000000001019,22.0,Accepted,,2026-04-10 11:45:00,SL,-78.78,-82.38,78.78000000000611,True,20260410-1120-BULL-OBS-001264-Z001264-OC|ObservationConfirm_WideStop1_5R|Secondary
OPF-20260725-203325,2026-04-13,20260412-2235-BEAR-OBS-001111-Z001110-OC,ObservationConfirm,Short,Primary,None,2026-04-12 22:40:00,20.083333333333332,20.0,Accepted,,2026-04-12 22:55:00,SL,-120.5,-124.1,120.5,True,20260412-2235-BEAR-OBS-001111-Z001110-OC|ObservationConfirm|Primary
OPF-20260725-203325,2026-04-13,20260413-0015-BULL-OBS-001131-Z001131-OC,ObservationConfirm,Long,Primary,None,2026-04-13 00:20:00,9.5,12.0,Accepted,,2026-04-13 00:30:00,SL,-57.0,-60.6,57.0,True,20260413-0015-BULL-OBS-001131-Z001131-OC|ObservationConfirm|Primary
OPF-20260725-203325,2026-04-13,20260413-0035-BULL-OBS-001135-Z001135-OC,ObservationConfirm_WideStop1_5R,Long,Primary,None,2026-04-13 00:40:00,9.75,18.0,Accepted,,2026-04-13 00:50:00,TP,175.5,171.9,58.5,True,20260413-0035-BULL-OBS-001135-Z001135-OC|ObservationConfirm_WideStop1_5R|Primary
OPF-20260725-203325,2026-04-13,20260413-0210-BEAR-OBS-001154-Z001154-OC,ObservationConfirm,Short,Primary,None,2026-04-13 02:15:00,6.833333333333333,11.0,Accepted,,2026-04-13 02:25:00,TP,61.5,57.9,41.0,True,20260413-0210-BEAR-OBS-001154-Z001154-OC|ObservationConfirm|Primary
OPF-20260725-203325,2026-04-13,20260413-0320-BEAR-OBS-001168-Z001166-FR,FailureReverse_ObservationInvalidated,Long,Primary,None,2026-04-13 03:25:00,9.08333333333333,25.0,Accepted,,2026-04-13 03:35:00,SL,-54.5,-58.1,54.499999999999986,True,20260413-0320-BEAR-OBS-001168-Z001166-FR|FailureReverse_ObservationInvalidated|Primary
OPF-20260725-203325,2026-04-13,20260413-0325-BULL-OBS-001169-Z001169-OC,ObservationConfirm_WideStop1_5R,Long,Secondary,Same,2026-04-13 03:30:00,8.75,22.0,Accepted,,2026-04-13 03:35:00,SL,-52.5,-56.1,52.5,True,20260413-0325-BULL-OBS-001169-Z001169-OC|ObservationConfirm_WideStop1_5R|Secondary
OPF-20260725-203325,2026-04-13,20260413-0330-BULL-OBS-001170-Z001169-FR-RT,FailureReverse_RetestFailed,Short,Primary,None,2026-04-13 03:50:00,5.416666666666666,11.0,Accepted,,2026-04-13 04:00:00,TP,48.75,45.15,32.5,True,20260413-0330-BULL-OBS-001170-Z001169-FR-RT|FailureReverse_RetestFailed|Primary
OPF-20260725-203325,2026-04-13,20260413-0600-BULL-OBS-001200-Z001200-OC,ObservationConfirm,Long,Primary,None,2026-04-13 06:05:00,11.0,12.0,Accepted,,2026-04-13 08:00:00,TP,264.0,260.4,66.0,True,20260413-0600-BULL-OBS-001200-Z001200-OC|ObservationConfirm|Primary
OPF-20260725-203325,2026-04-13,20260413-0630-BULL-OBS-001206-Z001204-OC-STR,ObservationStrict_Other_WideStop1_5R,Long,Secondary,Same,2026-04-13 06:35:00,16.75,25.0,Accepted,,2026-04-13 09:35:00,PATH_END,130.5,126.9,100.5,True,20260413-0630-BULL-OBS-001206-Z001204-OC-STR|ObservationStrict_Other_WideStop1_5R|Secondary
OPF-20260725-203325,2026-04-13,20260413-0805-BULL-OBS-001225-Z001225-OC,ObservationConfirm_WideStop1_5R,Long,Secondary,Same,2026-04-13 08:10:00,12.25,22.0,Accepted,,2026-04-13 08:35:00,SL,-73.5,-77.1,73.5,True,20260413-0805-BULL-OBS-001225-Z001225-OC|ObservationConfirm_WideStop1_5R|Secondary
OPF-20260725-203325,2026-04-13,20260413-1050-BULL-BRK-001258-Z001258-Q,BreakawayFvg_Qualified,Long,Primary,None,2026-04-13 10:50:00,6.25,11.0,Accepted,,2026-04-13 10:55:00,TP,56.25,52.65,37.5,True,20260413-1050-BULL-BRK-001258-Z001258-Q|BreakawayFvg_Qualified|Primary
OPF-20260725-203325,2026-04-13,20260413-1105-BULL-OBS-001261-Z001261-OC,ObservationConfirm_WideStop1_5R,Long,Primary,None,2026-04-13 11:10:00,7.75,22.0,Accepted,,2026-04-13 11:15:00,SL,-46.5,-50.1,46.5,True,20260413-1105-BULL-OBS-001261-Z001261-OC|ObservationConfirm_WideStop1_5R|Primary
OPF-20260725-203325,2026-04-13,20260413-1250-BULL-OBS-001282-Z001282-OC,ObservationConfirm_WideStop1_5R,Long,Primary,None,2026-04-13 12:55:00,25.25,25.0,Accepted,,2026-04-13 13:45:00,TP,454.5,450.9,151.5,True,20260413-1250-BULL-OBS-001282-Z001282-OC|ObservationConfirm_WideStop1_5R|Primary
OPF-20260725-203325,2026-04-13,20260413-1855-BULL-OBS-001355-Z001355-OC,ObservationConfirm,Long,Primary,None,2026-04-13 19:00:00,7.0,12.0,Accepted,,2026-04-13 19:05:00,SL,-42.0,-45.6,42.0,True,20260413-1855-BULL-OBS-001355-Z001355-OC|ObservationConfirm|Primary
OPF-20260725-203325,2026-04-13,20260413-2035-BULL-OBS-001375-Z001375-OC,ObservationConfirm,Long,Primary,None,2026-04-13 20:40:00,11.333333333333332,12.0,Accepted,,2026-04-13 20:50:00,PATH_END,41.5,37.9,68.0,False,20260413-2035-BULL-OBS-001375-Z001375-OC|ObservationConfirm|Primary
OPF-20260725-203325,2026-04-13,20260413-2035-BULL-OBS-001375-Z001375-OC,ObservationConfirm_WideStop1_5R,Long,Secondary,Same,2026-04-13 20:40:00,16.88000000000102,22.0,Accepted,,2026-04-13 20:50:00,PATH_END,42.0,38.4,101.28000000000611,False,20260413-2035-BULL-OBS-001375-Z001375-OC|ObservationConfirm_WideStop1_5R|Secondary
OPF-20260725-203537,2026-04-14,20260413-2325-BEAR-OBS-001121-Z001121,ZoneBirthResearch,Short,Primary,None,2026-04-13 23:25:00,6.5,8.0,Accepted,,2026-04-13 23:45:00,SPLIT_BASE_SL_RUNNER_SL,-39.0,-42.6,39.0,True,20260413-2325-BEAR-OBS-001121-Z001121|ZoneBirthResearch|Primary
OPF-20260725-203537,2026-04-14,20260413-2355-BEAR-OBS-001127-Z001127-OC,ObservationConfirm,Short,Primary,None,2026-04-14 00:00:00,18.75,20.0,Accepted,,2026-04-14 00:30:00,SL,-112.5,-116.1,112.5,True,20260413-2355-BEAR-OBS-001127-Z001127-OC|ObservationConfirm|Primary
OPF-20260725-203537,2026-04-14,20260414-0145-BULL-OBS-001149-Z001149-OC,ObservationConfirm_WideStop1_5R,Long,Primary,None,2026-04-14 01:50:00,3.75,18.0,Accepted,,2026-04-14 01:55:00,SL,-22.5,-26.1,22.5,True,20260414-0145-BULL-OBS-001149-Z001149-OC|ObservationConfirm_WideStop1_5R|Primary
OPF-20260725-203537,2026-04-14,20260414-0210-BULL-OBS-001154-Z001154-OC,ObservationConfirm,Long,Primary,None,2026-04-14 02:15:00,8.25,12.0,Accepted,,2026-04-14 02:25:00,SL,-49.5,-53.1,49.5,True,20260414-0210-BULL-OBS-001154-Z001154-OC|ObservationConfirm|Primary
OPF-20260725-203537,2026-04-14,20260414-0245-BULL-OBS-001161-Z001161-OC,ObservationConfirm_WideStop1_5R,Long,Primary,None,2026-04-14 02:55:00,9.58333333333333,18.0,Accepted,,2026-04-14 03:00:00,SL,-57.5,-61.1,57.499999999999986,True,20260414-0245-BULL-OBS-001161-Z001161-OC|ObservationConfirm_WideStop1_5R|Primary
OPF-20260725-203537,2026-04-14,20260414-0305-BEAR-OBS-001165-Z001165-OC,ObservationConfirm,Short,Primary,None,2026-04-14 03:10:00,5.75,18.0,Accepted,,2026-04-14 03:25:00,TP,51.75,48.15,34.5,True,20260414-0305-BEAR-OBS-001165-Z001165-OC|ObservationConfirm|Primary
OPF-20260725-203537,2026-04-14,20260414-0330-BEAR-OBS-001170-Z001169-OC,ObservationConfirm,Short,Primary,None,2026-04-14 03:35:00,5.25,11.0,Accepted,,2026-04-14 03:50:00,SL,-31.5,-35.1,31.5,True,20260414-0330-BEAR-OBS-001170-Z001169-OC|ObservationConfirm|Primary
OPF-20260725-203537,2026-04-14,20260414-0420-BULL-OBS-001180-Z001180-OC,ObservationConfirm,Long,Primary,None,2026-04-14 04:25:00,4.5,12.0,Accepted,,2026-04-14 04:35:00,SL,-27.0,-30.6,27.0,True,20260414-0420-BULL-OBS-001180-Z001180-OC|ObservationConfirm|Primary
OPF-20260725-203537,2026-04-14,20260414-0435-BULL-OBS-001183-Z001180-OC,ObservationConfirm,Long,Primary,None,2026-04-14 04:45:00,9.5,12.0,Accepted,,2026-04-14 05:30:00,SL,-57.0,-60.6,57.0,True,20260414-0435-BULL-OBS-001183-Z001180-OC|ObservationConfirm|Primary
OPF-20260725-203537,2026-04-14,20260414-0450-BULL-OBS-001186-Z001186-OC,ObservationConfirm_WideStop1_5R,Long,Secondary,Same,2026-04-14 04:55:00,11.0,18.0,Accepted,,2026-04-14 05:30:00,SL,-66.0,-69.6,66.0,True,20260414-0450-BULL-OBS-001186-Z001186-OC|ObservationConfirm_WideStop1_5R|Secondary
OPF-20260725-203537,2026-04-14,20260414-0540-BEAR-OBS-001196-Z001195-OC,ObservationConfirm,Short,Primary,None,2026-04-14 05:45:00,6.75,11.0,Accepted,,2026-04-14 06:05:00,TP,60.75,57.15,40.5,True,20260414-0540-BEAR-OBS-001196-Z001195-OC|ObservationConfirm|Primary
OPF-20260725-203537,2026-04-14,20260414-0830-BULL-OBS-001230-Z001230-OC,ObservationConfirm_WideStop1_5R,Long,Primary,None,2026-04-14 08:35:00,18.38000000000102,22.0,Accepted,,2026-04-14 09:30:00,TIME_STOP,-34.5,-38.1,110.28000000000611,True,20260414-0830-BULL-OBS-001230-Z001230-OC|ObservationConfirm_WideStop1_5R|Primary
OPF-20260725-203537,2026-04-14,20260414-0845-BULL-OBS-001233-Z001233-OC,ObservationConfirm_WideStop1_5R,Long,Secondary,Same,2026-04-14 08:50:00,23.13000000000102,25.0,Accepted,,2026-04-14 09:30:00,SL,-138.78,-142.38,138.7800000000061,True,20260414-0845-BULL-OBS-001233-Z001233-OC|ObservationConfirm_WideStop1_5R|Secondary
OPF-20260725-203739,2026-04-15,20260414-2210-BULL-OBS-001106-Z001106-OC,ObservationConfirm,Long,Primary,None,2026-04-14 22:15:00,11.916666666666666,12.0,Accepted,,2026-04-14 22:30:00,SL,-71.5,-75.1,71.5,True,20260414-2210-BULL-OBS-001106-Z001106-OC|ObservationConfirm|Primary
OPF-20260725-203739,2026-04-15,20260414-2210-BULL-OBS-001106-Z001106-OC,ObservationConfirm_WideStop1_5R,Long,Secondary,Same,2026-04-14 22:15:00,17.166666666666664,18.0,Accepted,,2026-04-14 23:10:00,TIME_STOP,-20.5,-24.1,102.99999999999999,True,20260414-2210-BULL-OBS-001106-Z001106-OC|ObservationConfirm_WideStop1_5R|Secondary
OPF-20260725-203739,2026-04-15,20260414-2310-BULL-OBS-001118-Z001118-OC,ObservationConfirm,Long,Primary,None,2026-04-14 23:15:00,7.5,12.0,Accepted,,2026-04-14 23:25:00,TP,67.5,63.9,45.0,True,20260414-2310-BULL-OBS-001118-Z001118-OC|ObservationConfirm|Primary
OPF-20260725-203739,2026-04-15,20260414-2310-BULL-OBS-001118-Z001118-OC,ObservationConfirm_WideStop1_5R,Long,Secondary,Same,2026-04-14 23:15:00,10.75,18.0,Accepted,,2026-04-15 00:10:00,TIME_STOP,57.0,53.4,64.5,True,20260414-2310-BULL-OBS-001118-Z001118-OC|ObservationConfirm_WideStop1_5R|Secondary
OPF-20260725-203739,2026-04-15,20260415-0120-BULL-OBS-001144-Z001143-OC,ObservationConfirm,Long,Primary,None,2026-04-15 01:25:00,7.333333333333333,12.0,Accepted,,2026-04-15 01:30:00,SL,-44.0,-47.6,44.0,True,20260415-0120-BULL-OBS-001144-Z001143-OC|ObservationConfirm|Primary
OPF-20260725-203739,2026-04-15,20260415-0215-BEAR-OBS-001155-Z001155,ZoneBirthResearch,Short,Primary,None,2026-04-15 02:15:00,7.25,8.0,Accepted,,2026-04-15 02:35:00,SPLIT_BASE_TP_RUNNER_TP,130.5,126.9,43.5,True,20260415-0215-BEAR-OBS-001155-Z001155|ZoneBirthResearch|Primary
OPF-20260725-203739,2026-04-15,20260415-0335-BEAR-OBS-001171-Z001158-OC,ObservationConfirm,Short,Primary,None,2026-04-15 03:40:00,9.0,11.0,Accepted,,2026-04-15 03:45:00,SL,-54.0,-57.6,54.0,True,20260415-0335-BEAR-OBS-001171-Z001158-OC|ObservationConfirm|Primary
OPF-20260725-203739,2026-04-15,20260415-0700-BULL-OBS-001212-Z001206-OC,ObservationConfirm_WideStop1_5R,Long,Primary,None,2026-04-15 07:05:00,22.333333333333332,25.0,Accepted,,2026-04-15 08:00:00,TIME_STOP,89.5,85.9,134.0,True,20260415-0700-BULL-OBS-001212-Z001206-OC|ObservationConfirm_WideStop1_5R|Primary
OPF-20260725-203739,2026-04-15,20260415-0830-BULL-OBS-001230-Z001230-OC,ObservationConfirm,Long,Primary,None,2026-04-15 08:35:00,11.75,12.0,Accepted,,2026-04-15 09:00:00,SL,-70.5,-74.1,70.5,True,20260415-0830-BULL-OBS-001230-Z001230-OC|ObservationConfirm|Primary
OPF-20260725-203739,2026-04-15,20260415-0830-BULL-OBS-001230-Z001230-OC,ObservationConfirm_WideStop1_5R,Long,Secondary,Same,2026-04-15 08:35:00,17.416666666666664,22.0,Accepted,,2026-04-15 09:05:00,SL,-104.5,-108.1,104.49999999999999,True,20260415-0830-BULL-OBS-001230-Z001230-OC|ObservationConfirm_WideStop1_5R|Secondary
OPF-20260725-203739,2026-04-15,20260415-0915-BEAR-OBS-001239-Z001239-OC,ObservationConfirm,Short,Primary,None,2026-04-15 09:25:00,10.25,22.0,Accepted,,2026-04-15 10:00:00,TP,92.25,88.65,61.5,False,20260415-0915-BEAR-OBS-001239-Z001239-OC|ObservationConfirm|Primary
OPF-20260725-204000,2026-04-17,20260416-2210-BULL-OBS-001106-Z001106-OC,ObservationConfirm_WideStop1_5R,Long,Primary,None,2026-04-16 22:20:00,12.0,18.0,Accepted,,2026-04-16 23:15:00,TIME_STOP,25.5,21.9,72.0,True,20260416-2210-BULL-OBS-001106-Z001106-OC|ObservationConfirm_WideStop1_5R|Primary
OPF-20260725-204000,2026-04-17,20260416-2320-BULL-OBS-001120-Z001120-OC,ObservationConfirm_WideStop1_5R,Long,Primary,None,2026-04-16 23:35:00,18.5,18.0,Accepted,,2026-04-17 00:05:00,SL,-111.0,-114.6,111.0,True,20260416-2320-BULL-OBS-001120-Z001120-OC|ObservationConfirm_WideStop1_5R|Primary
OPF-20260725-204000,2026-04-17,20260417-0005-BEAR-OBS-001129-Z001129-OC,ObservationConfirm,Short,Primary,None,2026-04-17 00:10:00,18.416666666666664,20.0,Accepted,,2026-04-17 00:15:00,SL,-110.5,-114.1,110.49999999999999,True,20260417-0005-BEAR-OBS-001129-Z001129-OC|ObservationConfirm|Primary
OPF-20260725-204000,2026-04-17,20260417-0210-BEAR-OBS-001154-Z001154,ZoneBirthResearch,Short,Primary,None,2026-04-17 02:10:00,7.666666666666665,8.0,Accepted,,2026-04-17 03:35:00,SPLIT_BASE_TP_RUNNER_TP,138.0,134.4,45.99999999999999,True,20260417-0210-BEAR-OBS-001154-Z001154|ZoneBirthResearch|Primary
OPF-20260725-204000,2026-04-17,20260417-0420-BULL-OBS-001180-Z001180-OC,ObservationConfirm,Long,Primary,None,2026-04-17 04:25:00,4.666666666666666,12.0,Accepted,,2026-04-17 04:40:00,SL,-28.0,-31.6,27.999999999999996,True,20260417-0420-BULL-OBS-001180-Z001180-OC|ObservationConfirm|Primary
OPF-20260725-204000,2026-04-17,20260417-0440-BULL-OBS-001184-Z001178-OC,ObservationConfirm,Long,Primary,None,2026-04-17 04:45:00,10.0,12.0,Accepted,,2026-04-17 04:55:00,SL,-60.0,-63.6,60.0,True,20260417-0440-BULL-OBS-001184-Z001178-OC|ObservationConfirm|Primary
OPF-20260725-204000,2026-04-17,20260417-0635-BEAR-OBS-001207-Z001206-OC,ObservationConfirm,Short,Primary,None,2026-04-17 06:40:00,7.666666666666665,11.0,Accepted,,2026-04-17 06:45:00,SL,-46.0,-49.6,45.99999999999999,True,20260417-0635-BEAR-OBS-001207-Z001206-OC|ObservationConfirm|Primary
OPF-20260725-204000,2026-04-17,20260417-0650-BULL-OBS-001210-Z001210-FR,FailureReverse_ObservationInvalidated_WideStop1_5R,Short,Primary,None,2026-04-17 06:55:00,6.380000000001019,0.0,Accepted,,2026-04-17 07:00:00,SL,-38.28,-41.88,38.28000000000611,True,20260417-0650-BULL-OBS-001210-Z001210-FR|FailureReverse_ObservationInvalidated_WideStop1_5R|Primary
OPF-20260725-204000,2026-04-17,20260417-0920-BEAR-OBS-001240-Z001240,ZoneBirthResearch,Short,Primary,None,2026-04-17 09:20:00,3.75,0.0,Accepted,,2026-04-17 09:25:00,SPLIT_BASE_SL_RUNNER_SL,-22.5,-26.1,22.5,True,20260417-0920-BEAR-OBS-001240-Z001240|ZoneBirthResearch|Primary
OPF-20260725-204000,2026-04-17,20260417-0955-BULL-OBS-001247-Z001247-OC,ObservationConfirm_WideStop1_5R,Long,Primary,None,2026-04-17 10:00:00,19.13000000000102,22.0,Accepted,,2026-04-17 10:30:00,SL,-114.78,-118.38,114.78000000000611,True,20260417-0955-BULL-OBS-001247-Z001247-OC|ObservationConfirm_WideStop1_5R|Primary
OPF-20260725-204000,2026-04-17,20260417-1055-BULL-OBS-001259-Z001259-OC,ObservationConfirm,Long,Primary,None,2026-04-17 11:00:00,9.0,12.0,Accepted,,2026-04-17 11:15:00,TP,81.0,77.4,54.0,True,20260417-1055-BULL-OBS-001259-Z001259-OC|ObservationConfirm|Primary
OPF-20260725-204000,2026-04-17,20260417-1120-BULL-OBS-001264-Z001264-OC,ObservationConfirm_WideStop1_5R,Long,Primary,None,2026-04-17 11:25:00,10.880000000001019,22.0,Accepted,,2026-04-17 12:00:00,TP,195.84,192.24,65.28000000000611,True,20260417-1120-BULL-OBS-001264-Z001264-OC|ObservationConfirm_WideStop1_5R|Primary
OPF-20260725-204000,2026-04-17,20260417-1125-BULL-OBS-001265-Z001264-OC,ObservationConfirm_WideStop1_5R,Long,Secondary,Same,2026-04-17 11:30:00,22.0,22.0,Accepted,,2026-04-17 12:25:00,TP,396.0,392.4,132.0,True,20260417-1125-BULL-OBS-001265-Z001264-OC|ObservationConfirm_WideStop1_5R|Secondary
OPF-20260725-204000,2026-04-17,20260417-2025-BEAR-OBS-001373-Z001373,ZoneBirthResearch,Short,Primary,None,2026-04-17 20:25:00,12.5,0.0,Accepted,,2026-04-17 20:35:00,SPLIT_BASE_SL_RUNNER_SL,-75.0,-78.6,75.0,True,20260417-2025-BEAR-OBS-001373-Z001373|ZoneBirthResearch|Primary
OPF-20260725-204000,2026-04-17,20260417-2040-BULL-OBS-001376-Z001376-OC,ObservationConfirm_WideStop1_5R,Long,Primary,None,2026-04-17 20:45:00,4.75,22.0,Accepted,,2026-04-17 20:50:00,PATH_END,60.0,56.4,28.5,False,20260417-2040-BULL-OBS-001376-Z001376-OC|ObservationConfirm_WideStop1_5R|Primary
OPF-20260725-204202,2026-04-20,20260420-0140-BULL-OBS-001148-Z001148-OC,ObservationConfirm,Long,Primary,None,2026-04-20 01:45:00,6.416666666666666,12.0,Accepted,,2026-04-20 01:55:00,TP,57.75,54.15,38.5,True,20260420-0140-BULL-OBS-001148-Z001148-OC|ObservationConfirm|Primary
OPF-20260725-204202,2026-04-20,20260420-0140-BULL-OBS-001148-Z001148-OC,ObservationConfirm_WideStop1_5R,Long,Secondary,Same,2026-04-20 01:45:00,9.166666666666666,22.0,Accepted,,2026-04-20 02:05:00,SL,-55.0,-58.6,55.0,True,20260420-0140-BULL-OBS-001148-Z001148-OC|ObservationConfirm_WideStop1_5R|Secondary
OPF-20260725-204202,2026-04-20,20260420-0215-BEAR-OBS-001155-Z001153-OC,ObservationConfirm,Short,Primary,None,2026-04-20 02:25:00,6.916666666666666,11.0,Accepted,,2026-04-20 02:45:00,TP,62.25,58.65,41.5,True,20260420-0215-BEAR-OBS-001155-Z001153-OC|ObservationConfirm|Primary
OPF-20260725-204202,2026-04-20,20260420-0345-BEAR-OBS-001173-Z001173-OC,ObservationConfirm,Short,Primary,None,2026-04-20 03:50:00,8.25,22.0,Accepted,,2026-04-20 04:15:00,TP,74.25,70.65,49.5,True,20260420-0345-BEAR-OBS-001173-Z001173-OC|ObservationConfirm|Primary
OPF-20260725-204202,2026-04-20,20260420-0450-BULL-OBS-001186-Z001185-OC,ObservationConfirm,Long,Primary,None,2026-04-20 04:55:00,10.166666666666666,12.0,Accepted,,2026-04-20 05:10:00,SL,-61.0,-64.6,61.0,True,20260420-0450-BULL-OBS-001186-Z001185-OC|ObservationConfirm|Primary
OPF-20260725-204202,2026-04-20,20260420-0605-BULL-OBS-001201-Z001201-OC,ObservationConfirm,Long,Primary,None,2026-04-20 06:10:00,10.333333333333332,12.0,Accepted,,2026-04-20 06:55:00,TP,248.0,244.4,61.99999999999999,True,20260420-0605-BULL-OBS-001201-Z001201-OC|ObservationConfirm|Primary
OPF-20260725-204202,2026-04-20,20260420-0610-BULL-OBS-001202-Z001201-OC,ObservationConfirm_WideStop1_5R,Long,Secondary,Same,2026-04-20 06:15:00,18.75,18.0,Accepted,,2026-04-20 07:00:00,TP,337.5,333.9,112.5,True,20260420-0610-BULL-OBS-001202-Z001201-OC|ObservationConfirm_WideStop1_5R|Secondary
OPF-20260725-204202,2026-04-20,20260420-0850-BEAR-OBS-001234-Z001219-FR,FailureReverse_ObservationInvalidated,Long,Primary,None,2026-04-20 08:55:00,18.25,25.0,Accepted,,2026-04-20 11:55:00,PATH_END,82.5,78.9,109.5,True,20260420-0850-BEAR-OBS-001234-Z001219-FR|FailureReverse_ObservationInvalidated|Primary
OPF-20260725-204202,2026-04-20,20260420-0910-BULL-OBS-001238-Z001236-OC,ObservationConfirm_WideStop1_5R,Long,Secondary,Same,2026-04-20 09:15:00,13.25,22.0,Accepted,,2026-04-20 10:10:00,TIME_STOP,118.5,114.9,79.5,True,20260420-0910-BULL-OBS-001238-Z001236-OC|ObservationConfirm_WideStop1_5R|Secondary
OPF-20260725-204202,2026-04-20,20260420-1255-BULL-PB-001283-Z001282,AlmostConfirmed,Long,Primary,None,2026-04-20 12:55:00,11.75,25.0,Accepted,,2026-04-20 13:05:00,SL,-70.5,-74.1,70.5,True,20260420-1255-BULL-PB-001283-Z001282|AlmostConfirmed|Primary
OPF-20260725-204202,2026-04-20,20260420-1250-BULL-OBS-001282-Z001282-OC,ObservationConfirm,Long,Secondary,Same,2026-04-20 12:55:00,11.75,12.0,Accepted,,2026-04-20 13:05:00,SL,-70.5,-74.1,70.5,True,20260420-1250-BULL-OBS-001282-Z001282-OC|ObservationConfirm|Secondary
OPF-20260725-204202,2026-04-20,20260420-2040-BULL-OBS-001376-Z001376-FR,FailureReverse_ObservationInvalidated_WideStop1_5R,Short,Primary,None,2026-04-20 20:45:00,18.416666666666664,25.0,Accepted,,2026-04-20 20:50:00,PATH_END,-16.0,-19.6,110.49999999999999,False,20260420-2040-BULL-OBS-001376-Z001376-FR|FailureReverse_ObservationInvalidated_WideStop1_5R|Primary
OPF-20260725-204402,2026-04-21,20260420-2325-BEAR-OBS-001121-Z001121,ZoneBirthResearch,Short,Primary,None,2026-04-20 23:25:00,5.75,8.0,Accepted,,2026-04-20 23:30:00,SPLIT_BASE_SL_RUNNER_SL,-34.5,-38.1,34.5,True,20260420-2325-BEAR-OBS-001121-Z001121|ZoneBirthResearch|Primary
OPF-20260725-204402,2026-04-21,20260421-0030-BEAR-OBS-001134-Z001134-OC,ObservationConfirm,Short,Primary,None,2026-04-21 00:35:00,17.5,20.0,Accepted,,2026-04-21 00:45:00,SL,-105.0,-108.6,105.0,True,20260421-0030-BEAR-OBS-001134-Z001134-OC|ObservationConfirm|Primary
OPF-20260725-204402,2026-04-21,20260421-0155-BEAR-OBS-001151-Z001151-OC,ObservationConfirm,Short,Primary,None,2026-04-21 02:00:00,5.5,11.0,Accepted,,2026-04-21 02:05:00,SL,-33.0,-36.6,33.0,True,20260421-0155-BEAR-OBS-001151-Z001151-OC|ObservationConfirm|Primary
OPF-20260725-204402,2026-04-21,20260421-0330-BULL-OBS-001170-Z001170-OC,ObservationConfirm,Long,Primary,None,2026-04-21 03:35:00,4.5,12.0,Accepted,,2026-04-21 03:40:00,SL,-27.0,-30.6,27.0,True,20260421-0330-BULL-OBS-001170-Z001170-OC|ObservationConfirm|Primary
OPF-20260725-204402,2026-04-21,20260421-0350-BULL-OBS-001174-Z001174-OC,ObservationConfirm,Long,Primary,None,2026-04-21 03:55:00,7.75,12.0,Accepted,,2026-04-21 04:20:00,TP,69.75,66.15,46.5,True,20260421-0350-BULL-OBS-001174-Z001174-OC|ObservationConfirm|Primary
OPF-20260725-204402,2026-04-21,20260421-0350-BULL-OBS-001174-Z001174-OC,ObservationConfirm_WideStop1_5R,Long,Secondary,Same,2026-04-21 03:55:00,11.5,18.0,Accepted,,2026-04-21 04:50:00,TIME_STOP,85.5,81.9,69.0,True,20260421-0350-BULL-OBS-001174-Z001174-OC|ObservationConfirm_WideStop1_5R|Secondary
OPF-20260725-204402,2026-04-21,20260421-0425-BULL-OBS-001181-Z001181-OC,ObservationConfirm_WideStop1_5R,Long,Secondary,Same,2026-04-21 04:30:00,8.25,18.0,Accepted,,2026-04-21 05:25:00,TIME_STOP,63.0,59.4,49.5,True,20260421-0425-BULL-OBS-001181-Z001181-OC|ObservationConfirm_WideStop1_5R|Secondary
OPF-20260725-204402,2026-04-21,20260421-0505-BULL-OBS-001189-Z001189-OC,ObservationConfirm,Long,Secondary,Same,2026-04-21 05:10:00,12.0,12.0,Accepted,,2026-04-21 05:40:00,SL,-72.0,-75.6,72.0,True,20260421-0505-BULL-OBS-001189-Z001189-OC|ObservationConfirm|Secondary
OPF-20260725-204402,2026-04-21,20260421-0830-BULL-OBS-001230-Z001230-OC,ObservationConfirm,Long,Primary,None,2026-04-21 08:35:00,10.25,12.0,Accepted,,2026-04-21 08:40:00,TP,92.25,88.65,61.5,True,20260421-0830-BULL-OBS-001230-Z001230-OC|ObservationConfirm|Primary
OPF-20260725-204402,2026-04-21,20260421-0955-BULL-OBS-001247-Z001247-OC,ObservationConfirm,Long,Primary,None,2026-04-21 10:00:00,9.5,12.0,Accepted,,2026-04-21 10:05:00,TP,85.5,81.9,57.0,True,20260421-0955-BULL-OBS-001247-Z001247-OC|ObservationConfirm|Primary
OPF-20260725-204402,2026-04-21,20260421-0955-BULL-OBS-001247-Z001247-OC,ObservationConfirm_WideStop1_5R,Long,Secondary,Same,2026-04-21 10:00:00,13.0,22.0,Accepted,,2026-04-21 10:55:00,TP,234.0,230.4,78.0,True,20260421-0955-BULL-OBS-001247-Z001247-OC|ObservationConfirm_WideStop1_5R|Secondary
OPF-20260725-204402,2026-04-21,20260421-1050-BULL-OBS-001258-Z001258-OC,ObservationConfirm,Long,Secondary,Same,2026-04-21 10:55:00,10.5,12.0,Accepted,,2026-04-21 11:05:00,SL,-63.0,-66.6,63.0,False,20260421-1050-BULL-OBS-001258-Z001258-OC|ObservationConfirm|Secondary
OPF-20260725-204402,2026-04-21,20260421-1100-BULL-PB-001260-Z001259,AlmostConfirmed,Long,Secondary,Same,2026-04-21 11:00:00,9.5,25.0,Accepted,,2026-04-21 11:05:00,SL,-57.0,-60.6,57.0,False,20260421-1100-BULL-PB-001260-Z001259|AlmostConfirmed|Secondary
OPF-20260725-204611,2026-04-22,20260421-2310-BULL-OBS-001118-Z001117-OC,ObservationConfirm,Long,Primary,None,2026-04-21 23:15:00,8.25,12.0,Accepted,,2026-04-21 23:20:00,SL,-49.5,-53.1,49.5,True,20260421-2310-BULL-OBS-001118-Z001117-OC|ObservationConfirm|Primary
OPF-20260725-204611,2026-04-22,20260421-2350-BULL-OBS-001126-Z001126-OC,ObservationConfirm_WideStop1_5R,Long,Primary,None,2026-04-21 23:55:00,18.75,18.0,Accepted,,2026-04-22 00:50:00,TIME_STOP,142.5,138.9,112.5,True,20260421-2350-BULL-OBS-001126-Z001126-OC|ObservationConfirm_WideStop1_5R|Primary
OPF-20260725-204611,2026-04-22,20260422-0050-BEAR-OBS-001138-Z001138-OC,ObservationConfirm,Short,Primary,None,2026-04-22 00:55:00,10.75,18.0,Accepted,,2026-04-22 01:00:00,SL,-64.5,-68.1,64.5,True,20260422-0050-BEAR-OBS-001138-Z001138-OC|ObservationConfirm|Primary
OPF-20260725-204611,2026-04-22,20260422-0145-BULL-OBS-001149-Z001148-OC-STR,ObservationStrict_Other,Long,Primary,None,2026-04-22 01:50:00,11.666666666666666,25.0,Accepted,,2026-04-22 02:45:00,TIME_STOP,-16.0,-19.6,70.0,True,20260422-0145-BULL-OBS-001149-Z001148-OC-STR|ObservationStrict_Other|Primary
OPF-20260725-204611,2026-04-22,20260422-0615-BEAR-OBS-001203-Z001202-FR,FailureReverse_ObservationInvalidated_WideStop1_5R,Long,Primary,None,2026-04-22 06:25:00,11.75,25.0,Accepted,,2026-04-22 07:40:00,TP,211.5,207.9,70.5,True,20260422-0615-BEAR-OBS-001203-Z001202-FR|FailureReverse_ObservationInvalidated_WideStop1_5R|Primary
OPF-20260725-204611,2026-04-22,20260422-0740-BULL-OBS-001220-Z001218-OC-STR,ObservationStrict_Other,Long,Primary,None,2026-04-22 07:45:00,8.0,25.0,Accepted,,2026-04-22 08:00:00,SL,-48.0,-51.6,48.0,True,20260422-0740-BULL-OBS-001220-Z001218-OC-STR|ObservationStrict_Other|Primary
OPF-20260725-204611,2026-04-22,20260422-0820-BEAR-OBS-001228-Z001228-OC,ObservationConfirm,Short,Primary,None,2026-04-22 08:25:00,18.25,20.0,Accepted,,2026-04-22 08:35:00,TP,164.25,160.65,109.5,True,20260422-0820-BEAR-OBS-001228-Z001228-OC|ObservationConfirm|Primary
OPF-20260725-204611,2026-04-22,20260422-0840-BEAR-OBS-001232-Z001231-FR,FailureReverse_ObservationInvalidated,Long,Primary,None,2026-04-22 08:50:00,17.5,25.0,Accepted,,2026-04-22 09:25:00,TP,262.5,258.9,105.0,True,20260422-0840-BEAR-OBS-001232-Z001231-FR|FailureReverse_ObservationInvalidated|Primary
OPF-20260725-204611,2026-04-22,20260422-1215-BULL-OBS-001275-Z001275-OC,ObservationConfirm_WideStop1_5R,Long,Primary,None,2026-04-22 12:20:00,20.75,22.0,Accepted,,2026-04-22 12:30:00,SL,-124.5,-128.1,124.5,True,20260422-1215-BULL-OBS-001275-Z001275-OC|ObservationConfirm_WideStop1_5R|Primary
OPF-20260725-204611,2026-04-22,20260422-1255-BEAR-OBS-001283-Z001282-OC,ObservationConfirm,Short,Primary,None,2026-04-22 13:00:00,10.166666666666666,18.0,Accepted,,2026-04-22 13:05:00,SL,-61.0,-64.6,61.0,False,20260422-1255-BEAR-OBS-001283-Z001282-OC|ObservationConfirm|Primary
OPF-20260725-204814,2026-04-23,20260422-2210-BEAR-OBS-001106-Z001105-OC,ObservationConfirm_WideStop1_5R,Short,Primary,None,2026-04-22 22:20:00,12.833333333333332,18.0,Accepted,,2026-04-23 00:05:00,TP,115.5,111.9,77.0,True,20260422-2210-BEAR-OBS-001106-Z001105-OC|ObservationConfirm_WideStop1_5R|Primary
OPF-20260725-204814,2026-04-23,20260423-0115-BEAR-OBS-001143-Z001143,ZoneBirthResearch,Short,Primary,None,2026-04-23 01:15:00,17.5,18.0,Accepted,,2026-04-23 02:10:00,SPLIT_BASE_TP_RUNNER_TP,315.0,311.4,105.0,True,20260423-0115-BEAR-OBS-001143-Z001143|ZoneBirthResearch|Primary
OPF-20260725-204814,2026-04-23,20260423-0115-BEAR-OBS-001143-Z001143-OC,ObservationConfirm,Short,Secondary,Same,2026-04-23 01:20:00,22.25,22.0,Accepted,,2026-04-23 02:00:00,TP,200.25,196.65,133.5,True,20260423-0115-BEAR-OBS-001143-Z001143-OC|ObservationConfirm|Secondary
OPF-20260725-204814,2026-04-23,20260423-0335-BEAR-OBS-001171-Z001171-OC,ObservationConfirm,Short,Primary,None,2026-04-23 03:40:00,16.416666666666664,20.0,Accepted,,2026-04-23 03:50:00,SL,-98.5,-102.1,98.49999999999999,True,20260423-0335-BEAR-OBS-001171-Z001171-OC|ObservationConfirm|Primary
OPF-20260725-204814,2026-04-23,20260423-0415-BULL-OBS-001179-Z001179-OC,ObservationConfirm,Long,Primary,None,2026-04-23 04:20:00,9.25,12.0,Accepted,,2026-04-23 04:30:00,TP,83.25,79.65,55.5,True,20260423-0415-BULL-OBS-001179-Z001179-OC|ObservationConfirm|Primary
OPF-20260725-204814,2026-04-23,20260423-0435-BULL-OBS-001183-Z001183-OC,ObservationConfirm,Long,Primary,None,2026-04-23 04:40:00,8.5,12.0,Accepted,,2026-04-23 04:55:00,TP,76.5,72.9,51.0,True,20260423-0435-BULL-OBS-001183-Z001183-OC|ObservationConfirm|Primary
OPF-20260725-204814,2026-04-23,20260423-0930-BEAR-OBS-001242-Z001232-OC,ObservationConfirm_WideStop1_5R,Short,Primary,None,2026-04-23 09:35:00,10.75,22.0,Accepted,,2026-04-23 09:40:00,SL,-64.5,-68.1,64.5,True,20260423-0930-BEAR-OBS-001242-Z001232-OC|ObservationConfirm_WideStop1_5R|Primary
OPF-20260725-204814,2026-04-23,20260423-1005-BEAR-OBS-001249-Z001249-OC,ObservationConfirm,Short,Primary,None,2026-04-23 10:10:00,5.25,22.0,Accepted,,2026-04-23 10:10:00,TP,47.25,43.65,31.5,True,20260423-1005-BEAR-OBS-001249-Z001249-OC|ObservationConfirm|Primary
OPF-20260725-205014,2026-04-24,20260424-0010-BULL-OBS-001130-Z001130-OC,ObservationConfirm_WideStop1_5R,Long,Primary,None,2026-04-24 00:15:00,20.0,22.0,Accepted,,2026-04-24 01:10:00,TIME_STOP,64.5,60.9,120.0,True,20260424-0010-BULL-OBS-001130-Z001130-OC|ObservationConfirm_WideStop1_5R|Primary
OPF-20260725-205014,2026-04-24,20260424-0250-BEAR-OBS-001162-Z001162-OC,ObservationConfirm,Short,Primary,None,2026-04-24 02:55:00,7.5,11.0,Accepted,,2026-04-24 03:00:00,SL,-45.0,-48.6,45.0,True,20260424-0250-BEAR-OBS-001162-Z001162-OC|ObservationConfirm|Primary
OPF-20260725-205014,2026-04-24,20260424-0250-BEAR-OBS-001162-Z001162-OC,ObservationConfirm_WideStop1_5R,Short,Secondary,Same,2026-04-24 02:55:00,11.583333333333332,18.0,Accepted,,2026-04-24 03:20:00,TP,104.25,100.65,69.5,True,20260424-0250-BEAR-OBS-001162-Z001162-OC|ObservationConfirm_WideStop1_5R|Secondary
OPF-20260725-205014,2026-04-24,20260424-0325-BEAR-BRK-001169-Z001169,BreakawayFvg,Short,Primary,None,2026-04-24 03:25:00,18.75,30.0,Accepted,,2026-04-24 04:45:00,SL,-112.5,-116.1,112.5,True,20260424-0325-BEAR-BRK-001169-Z001169|BreakawayFvg|Primary
OPF-20260725-205014,2026-04-24,20260424-0455-BULL-OBS-001187-Z001186-OC,ObservationConfirm,Long,Primary,None,2026-04-24 05:00:00,9.75,12.0,Accepted,,2026-04-24 05:05:00,SL,-58.5,-62.1,58.5,True,20260424-0455-BULL-OBS-001187-Z001186-OC|ObservationConfirm|Primary
OPF-20260725-205014,2026-04-24,20260424-0550-BULL-OBS-001198-Z001198-OC,ObservationConfirm,Long,Primary,None,2026-04-24 05:55:00,8.0,12.0,Accepted,,2026-04-24 06:00:00,TP,72.0,68.4,48.0,True,20260424-0550-BULL-OBS-001198-Z001198-OC|ObservationConfirm|Primary
OPF-20260725-205014,2026-04-24,20260424-1030-BULL-OBS-001254-Z001254-OC,ObservationConfirm_WideStop1_5R,Long,Primary,None,2026-04-24 10:35:00,19.0,22.0,Accepted,,2026-04-24 11:05:00,TP,342.0,338.4,114.0,True,20260424-1030-BULL-OBS-001254-Z001254-OC|ObservationConfirm_WideStop1_5R|Primary
OPF-20260725-205014,2026-04-24,20260424-1045-BULL-PB-001257-Z001254,AlmostConfirmed,Long,Secondary,Same,2026-04-24 10:45:00,9.25,25.0,Accepted,,2026-04-24 11:00:00,TP,222.0,218.4,55.5,True,20260424-1045-BULL-PB-001257-Z001254|AlmostConfirmed|Secondary
OPF-20260725-205014,2026-04-24,20260424-1500-BULL-OBS-001308-Z001308-OC,ObservationConfirm_WideStop1_5R,Long,Primary,None,2026-04-24 15:05:00,23.5,25.0,Accepted,,2026-04-24 15:40:00,TP,423.0,419.4,141.0,True,20260424-1500-BULL-OBS-001308-Z001308-OC|ObservationConfirm_WideStop1_5R|Primary
OPF-20260725-205014,2026-04-24,20260424-1700-BULL-OBS-001332-Z001332-OC,ObservationConfirm_WideStop1_5R,Long,Primary,None,2026-04-24 17:05:00,6.75,22.0,Accepted,,2026-04-24 17:10:00,SL,-40.5,-44.1,40.5,True,20260424-1700-BULL-OBS-001332-Z001332-OC|ObservationConfirm_WideStop1_5R|Primary
OPF-20260725-205014,2026-04-24,20260424-1720-BEAR-OBS-001336-Z001336-OC,ObservationConfirm,Short,Primary,None,2026-04-24 17:25:00,18.75,18.0,Accepted,,2026-04-24 17:35:00,SL,-112.5,-116.1,112.5,True,20260424-1720-BEAR-OBS-001336-Z001336-OC|ObservationConfirm|Primary
OPF-20260725-205014,2026-04-24,20260424-1800-BULL-OBS-001344-Z001343-FR,FailureReverse_ObservationInvalidated_WideStop1_5R,Short,Primary,None,2026-04-24 18:05:00,10.5,25.0,Accepted,,2026-04-24 19:05:00,SL,-63.0,-66.6,63.0,True,20260424-1800-BULL-OBS-001344-Z001343-FR|FailureReverse_ObservationInvalidated_WideStop1_5R|Primary
OPF-20260725-205014,2026-04-24,20260424-1755-BULL-OBS-001343-Z001343-FR,FailureReverse_ObservationInvalidated_WideStop1_5R,Short,Secondary,Same,2026-04-24 18:05:00,10.666666666666666,25.0,Accepted,,2026-04-24 19:05:00,SL,-64.0,-67.6,64.0,True,20260424-1755-BULL-OBS-001343-Z001343-FR|FailureReverse_ObservationInvalidated_WideStop1_5R|Secondary
OPF-20260725-205014,2026-04-24,20260424-1955-BULL-OBS-001367-Z001367-OC,ObservationConfirm,Long,Primary,None,2026-04-24 20:00:00,9.75,12.0,Accepted,,2026-04-24 20:05:00,SL,-58.5,-62.1,58.5,True,20260424-1955-BULL-OBS-001367-Z001367-OC|ObservationConfirm|Primary
OPF-20260725-205014,2026-04-24,20260424-2000-BULL-OBS-001368-Z001367-FR-RT,FailureReverse_RetestFailed,Short,Primary,None,2026-04-24 20:25:00,10.5,11.0,Accepted,,2026-04-24 20:30:00,SL,-63.0,-66.6,63.0,True,20260424-2000-BULL-OBS-001368-Z001367-FR-RT|FailureReverse_RetestFailed|Primary
OPF-20260725-205014,2026-04-24,20260424-2035-BULL-OBS-001375-Z001375-OC,ObservationConfirm,Long,Primary,None,2026-04-24 20:40:00,9.0,12.0,Accepted,,2026-04-24 20:50:00,PATH_END,36.0,32.4,54.0,False,20260424-2035-BULL-OBS-001375-Z001375-OC|ObservationConfirm|Primary
OPF-20260725-205220,2026-04-27,20260426-2330-BEAR-OBS-001122-Z001122-OC,ObservationConfirm,Short,Primary,None,2026-04-26 23:35:00,10.75,20.0,Accepted,,2026-04-26 23:45:00,SL,-64.5,-68.1,64.5,True,20260426-2330-BEAR-OBS-001122-Z001122-OC|ObservationConfirm|Primary
OPF-20260725-205220,2026-04-27,20260427-0045-BULL-OBS-001137-Z001137-OC,ObservationConfirm_WideStop1_5R,Long,Primary,None,2026-04-27 00:50:00,18.5,22.0,Accepted,,2026-04-27 01:00:00,TP,333.0,329.4,111.0,True,20260427-0045-BULL-OBS-001137-Z001137-OC|ObservationConfirm_WideStop1_5R|Primary
OPF-20260725-205220,2026-04-27,20260427-0405-BEAR-OBS-001177-Z001177-OC,ObservationConfirm,Short,Primary,None,2026-04-27 04:10:00,10.333333333333332,18.0,Accepted,,2026-04-27 04:20:00,SL,-62.0,-65.6,61.99999999999999,True,20260427-0405-BEAR-OBS-001177-Z001177-OC|ObservationConfirm|Primary
OPF-20260725-205220,2026-04-27,20260427-0425-BULL-OBS-001181-Z001181-OC,ObservationConfirm,Long,Primary,None,2026-04-27 04:30:00,8.0,12.0,Accepted,,2026-04-27 04:55:00,SL,-48.0,-51.6,48.0,True,20260427-0425-BULL-OBS-001181-Z001181-OC|ObservationConfirm|Primary
OPF-20260725-205220,2026-04-27,20260427-0530-BEAR-OBS-001194-Z001194,ZoneBirthResearch,Short,Primary,None,2026-04-27 05:30:00,7.75,8.0,Accepted,,2026-04-27 06:30:00,SPLIT_BASE_TP_RUNNER_TP,139.5,135.9,46.5,True,20260427-0530-BEAR-OBS-001194-Z001194|ZoneBirthResearch|Primary
OPF-20260725-205220,2026-04-27,20260427-0845-BULL-OBS-001232-Z001232-OC,ObservationConfirm,Long,Primary,None,2026-04-27 08:50:00,9.75,12.0,Accepted,,2026-04-27 09:15:00,TP,87.75,84.15,58.5,True,20260427-0845-BULL-OBS-001232-Z001232-OC|ObservationConfirm|Primary
OPF-20260725-205220,2026-04-27,20260427-1020-BULL-OBS-001251-Z001251-OC,ObservationConfirm_WideStop1_5R,Long,Primary,None,2026-04-27 10:30:00,19.25,22.0,Accepted,,2026-04-27 11:25:00,TIME_STOP,175.5,171.9,115.5,True,20260427-1020-BULL-OBS-001251-Z001251-OC|ObservationConfirm_WideStop1_5R|Primary
OPF-20260725-205220,2026-04-27,20260427-1135-BEAR-OBS-001266-Z001266-OC,ObservationConfirm,Short,Primary,None,2026-04-27 11:40:00,8.166666666666666,11.0,Accepted,,2026-04-27 11:45:00,SL,-49.0,-52.6,49.0,True,20260427-1135-BEAR-OBS-001266-Z001266-OC|ObservationConfirm|Primary
OPF-20260725-205220,2026-04-27,20260427-1920-BULL-OBS-001359-Z001359-OC,ObservationConfirm,Long,Primary,None,2026-04-27 19:25:00,7.583333333333333,12.0,Accepted,,2026-04-27 19:30:00,TP,68.25,64.65,45.5,True,20260427-1920-BULL-OBS-001359-Z001359-OC|ObservationConfirm|Primary
OPF-20260725-205220,2026-04-27,20260427-1950-BULL-OBS-001365-Z001365-OC,ObservationConfirm_WideStop1_5R,Long,Primary,None,2026-04-27 19:55:00,24.25,25.0,Accepted,,2026-04-27 20:15:00,SL,-145.5,-149.1,145.5,False,20260427-1950-BULL-OBS-001365-Z001365-OC|ObservationConfirm_WideStop1_5R|Primary
OPF-20260725-205423,2026-04-28,20260427-2250-BEAR-OBS-001113-Z001113,ZoneBirthResearch,Short,Primary,None,2026-04-27 22:50:00,4.75,8.0,Accepted,,2026-04-27 23:15:00,SPLIT_BASE_SL_RUNNER_SL,-28.5,-32.1,28.5,True,20260427-2250-BEAR-OBS-001113-Z001113|ZoneBirthResearch|Primary
OPF-20260725-205423,2026-04-28,20260427-2320-BULL-OBS-001119-Z001119-OC,ObservationConfirm,Long,Primary,None,2026-04-27 23:25:00,6.75,12.0,Accepted,,2026-04-27 23:40:00,TP,60.75,57.15,40.5,True,20260427-2320-BULL-OBS-001119-Z001119-OC|ObservationConfirm|Primary
OPF-20260725-205423,2026-04-28,20260427-2350-BEAR-OBS-001125-Z001125,ZoneBirthResearch,Short,Primary,None,2026-04-27 23:50:00,5.75,8.0,Accepted,,2026-04-28 00:00:00,SPLIT_BASE_SL_RUNNER_SL,-34.5,-38.1,34.5,True,20260427-2350-BEAR-OBS-001125-Z001125|ZoneBirthResearch|Primary
OPF-20260725-205423,2026-04-28,20260428-0030-BEAR-OBS-001133-Z001133,ZoneBirthResearch,Short,Primary,None,2026-04-28 00:30:00,16.25,18.0,Accepted,,2026-04-28 00:45:00,SPLIT_BASE_SL_RUNNER_SL,-97.5,-101.1,97.5,True,20260428-0030-BEAR-OBS-001133-Z001133|ZoneBirthResearch|Primary
OPF-20260725-205423,2026-04-28,20260428-0040-BEAR-OBS-001135-Z001133-OC,ObservationConfirm,Short,Primary,None,2026-04-28 00:50:00,7.583333333333333,11.0,Accepted,,2026-04-28 01:00:00,TP,68.25,64.65,45.5,True,20260428-0040-BEAR-OBS-001135-Z001133-OC|ObservationConfirm|Primary
OPF-20260725-205423,2026-04-28,20260428-0050-BULL-OBS-001137-Z001136-FR,FailureReverse_ObservationInvalidated_WideStop1_5R,Short,Secondary,Same,2026-04-28 00:55:00,9.0,25.0,Accepted,,2026-04-28 01:35:00,SL,-54.0,-57.6,54.0,True,20260428-0050-BULL-OBS-001137-Z001136-FR|FailureReverse_ObservationInvalidated_WideStop1_5R|Secondary
OPF-20260725-205423,2026-04-28,20260428-0235-BEAR-OBS-001158-Z001158-OC,ObservationConfirm,Short,Primary,None,2026-04-28 02:40:00,16.5,20.0,Accepted,,2026-04-28 03:30:00,SL,-99.0,-102.6,99.0,True,20260428-0235-BEAR-OBS-001158-Z001158-OC|ObservationConfirm|Primary
OPF-20260725-205423,2026-04-28,20260428-0330-BULL-OBS-001169-Z001169-OC,ObservationConfirm,Long,Primary,None,2026-04-28 03:35:00,9.08333333333333,12.0,Accepted,,2026-04-28 03:45:00,SL,-54.5,-58.1,54.499999999999986,True,20260428-0330-BULL-OBS-001169-Z001169-OC|ObservationConfirm|Primary
OPF-20260725-205423,2026-04-28,20260428-0645-BEAR-OBS-001208-Z001208-OC,ObservationConfirm,Short,Primary,None,2026-04-28 06:50:00,11.5,22.0,Accepted,,2026-04-28 07:05:00,SL,-69.0,-72.6,69.0,True,20260428-0645-BEAR-OBS-001208-Z001208-OC|ObservationConfirm|Primary
OPF-20260725-205423,2026-04-28,20260428-0830-BULL-OBS-001229-Z001229-OC,ObservationConfirm,Long,Primary,None,2026-04-28 08:35:00,11.25,12.0,Accepted,,2026-04-28 08:40:00,SL,-67.5,-71.1,67.5,True,20260428-0830-BULL-OBS-001229-Z001229-OC|ObservationConfirm|Primary
OPF-20260725-205423,2026-04-28,20260428-1130-BEAR-BRK-001265-Z001265,BreakawayFvg,Short,Primary,None,2026-04-28 11:30:00,8.75,11.0,Accepted,,2026-04-28 11:35:00,TP,210.0,206.4,52.5,True,20260428-1130-BEAR-BRK-001265-Z001265|BreakawayFvg|Primary
OPF-20260725-205423,2026-04-28,20260428-1225-BEAR-OBS-001276-Z001276,ZoneBirthResearch,Short,Primary,None,2026-04-28 12:25:00,16.75,0.0,Accepted,,2026-04-28 12:30:00,SPLIT_BASE_SL_RUNNER_SL,-100.5,-104.1,100.5,True,20260428-1225-BEAR-OBS-001276-Z001276|ZoneBirthResearch|Primary
OPF-20260725-205423,2026-04-28,20260428-1600-BEAR-OBS-001319-Z001312,UnknownRegimeZoneTouch,Short,Primary,None,2026-04-28 16:00:00,16.5,0.0,Accepted,,2026-04-28 16:05:00,SL,-99.0,-102.6,99.0,True,20260428-1600-BEAR-OBS-001319-Z001312|UnknownRegimeZoneTouch|Primary
OPF-20260725-205627,2026-04-29,20260428-2220-BEAR-OBS-001107-Z001107,ZoneBirthResearch,Short,Primary,None,2026-04-28 22:20:00,7.25,8.0,Accepted,,2026-04-28 22:30:00,SPLIT_BASE_SL_RUNNER_SL,-43.5,-47.1,43.5,True,20260428-2220-BEAR-OBS-001107-Z001107|ZoneBirthResearch|Primary
OPF-20260725-205627,2026-04-29,20260428-2240-BULL-OBS-001111-Z001110-OC,ObservationConfirm,Long,Primary,None,2026-04-28 22:50:00,2.25,12.0,Accepted,,2026-04-28 22:55:00,TP,20.25,16.65,13.5,True,20260428-2240-BULL-OBS-001111-Z001110-OC|ObservationConfirm|Primary
OPF-20260725-205627,2026-04-29,20260428-2320-BULL-OBS-001119-Z001119-OC,ObservationConfirm,Long,Primary,None,2026-04-28 23:25:00,4.0,12.0,Accepted,,2026-04-28 23:30:00,TP,36.0,32.4,24.0,True,20260428-2320-BULL-OBS-001119-Z001119-OC|ObservationConfirm|Primary
OPF-20260725-205627,2026-04-29,20260428-2320-BULL-OBS-001119-Z001119-OC,ObservationConfirm_WideStop1_5R,Long,Secondary,Same,2026-04-28 23:25:00,7.0,18.0,Accepted,,2026-04-28 23:55:00,TP,126.0,122.4,42.0,True,20260428-2320-BULL-OBS-001119-Z001119-OC|ObservationConfirm_WideStop1_5R|Secondary
OPF-20260725-205627,2026-04-29,20260429-0030-BULL-OBS-001133-Z001132-FR,FailureReverse_ObservationInvalidated_WideStop1_5R,Short,Primary,None,2026-04-29 00:35:00,9.75,25.0,Accepted,,2026-04-29 01:00:00,TP,234.0,230.4,58.5,True,20260429-0030-BULL-OBS-001133-Z001132-FR|FailureReverse_ObservationInvalidated_WideStop1_5R|Primary
OPF-20260725-205627,2026-04-29,20260429-0050-BEAR-OBS-001137-Z001137,ZoneBirthResearch,Short,Secondary,Same,2026-04-29 00:50:00,7.5,8.0,Accepted,,2026-04-29 01:40:00,SPLIT_BASE_TP_RUNNER_BE,75.0,71.4,45.0,True,20260429-0050-BEAR-OBS-001137-Z001137|ZoneBirthResearch|Secondary
OPF-20260725-205627,2026-04-29,20260429-0140-BULL-OBS-001147-Z001147-OC,ObservationConfirm,Long,Primary,None,2026-04-29 01:45:00,7.25,12.0,Accepted,,2026-04-29 01:50:00,SL,-43.5,-47.1,43.5,True,20260429-0140-BULL-OBS-001147-Z001147-OC|ObservationConfirm|Primary
OPF-20260725-205627,2026-04-29,20260429-0155-BEAR-OBS-001150-Z001150,ZoneBirthResearch,Short,Primary,None,2026-04-29 01:55:00,5.0,8.0,Accepted,,2026-04-29 02:00:00,SPLIT_BASE_SL_RUNNER_SL,-30.0,-33.6,30.0,True,20260429-0155-BEAR-OBS-001150-Z001150|ZoneBirthResearch|Primary
OPF-20260725-205627,2026-04-29,20260429-0235-BEAR-OBS-001158-Z001158,ZoneBirthResearch,Short,Primary,None,2026-04-29 02:35:00,8.166666666666666,8.0,Accepted,,2026-04-29 02:45:00,SPLIT_BASE_SL_RUNNER_SL,-49.0,-52.6,49.0,True,20260429-0235-BEAR-OBS-001158-Z001158|ZoneBirthResearch|Primary
OPF-20260725-205627,2026-04-29,20260429-0250-BULL-OBS-001161-Z001161-OC,ObservationConfirm,Long,Primary,None,2026-04-29 02:55:00,11.5,12.0,Accepted,,2026-04-29 05:50:00,TIME_STOP,226.5,222.9,69.0,True,20260429-0250-BULL-OBS-001161-Z001161-OC|ObservationConfirm|Primary
OPF-20260725-205627,2026-04-29,20260429-0305-BULL-OBS-001164-Z001164-OC,ObservationConfirm_WideStop1_5R,Long,Secondary,Same,2026-04-29 03:10:00,17.75,22.0,Accepted,,2026-04-29 04:05:00,TIME_STOP,69.0,65.4,106.5,True,20260429-0305-BULL-OBS-001164-Z001164-OC|ObservationConfirm_WideStop1_5R|Secondary
OPF-20260725-205627,2026-04-29,20260429-0615-BEAR-OBS-001202-Z001202-OC,ObservationConfirm,Short,Primary,None,2026-04-29 06:20:00,12.75,18.0,Accepted,,2026-04-29 06:50:00,TP,114.75,111.15,76.5,True,20260429-0615-BEAR-OBS-001202-Z001202-OC|ObservationConfirm|Primary
OPF-20260725-205627,2026-04-29,20260429-0725-BEAR-OBS-001216-Z001214-OC,ObservationConfirm,Short,Primary,None,2026-04-29 07:35:00,19.25,22.0,Accepted,,2026-04-29 07:45:00,TP,173.25,169.65,115.5,True,20260429-0725-BEAR-OBS-001216-Z001214-OC|ObservationConfirm|Primary
OPF-20260725-205627,2026-04-29,20260429-0750-BEAR-OBS-001221-Z001221,ZoneBirthResearch,Short,Primary,None,2026-04-29 07:50:00,12.5,18.0,Accepted,,2026-04-29 07:55:00,SPLIT_BASE_SL_RUNNER_SL,-75.0,-78.6,75.0,True,20260429-0750-BEAR-OBS-001221-Z001221|ZoneBirthResearch|Primary
OPF-20260725-205627,2026-04-29,20260429-0800-BULL-OBS-001223-Z001223-FR,FailureReverse_ObservationInvalidated_WideStop1_5R,Short,Primary,None,2026-04-29 08:05:00,25.333333333333332,25.0,Accepted,,2026-04-29 08:25:00,SL,-152.0,-155.6,152.0,True,20260429-0800-BULL-OBS-001223-Z001223-FR|FailureReverse_ObservationInvalidated_WideStop1_5R|Primary
OPF-20260725-205627,2026-04-29,20260429-1635-BEAR-OBS-001326-Z001326-FR,FailureReverse_ObservationInvalidated,Long,Primary,None,2026-04-29 16:40:00,17.25,0.0,Accepted,,2026-04-29 16:55:00,SL,-103.5,-107.1,103.5,True,20260429-1635-BEAR-OBS-001326-Z001326-FR|FailureReverse_ObservationInvalidated|Primary
OPF-20260725-205627,2026-04-29,20260429-1935-BEAR-OBS-001362-Z001362,ZoneBirthResearch,Short,Primary,None,2026-04-29 19:35:00,17.25,0.0,Accepted,,2026-04-29 19:55:00,SPLIT_BASE_SL_RUNNER_SL,-103.5,-107.1,103.5,False,20260429-1935-BEAR-OBS-001362-Z001362|ZoneBirthResearch|Primary
OPF-20260725-205832,2026-04-30,20260430-0035-BULL-OBS-001134-Z001134-OC,ObservationConfirm,Long,Primary,None,2026-04-30 00:40:00,10.75,12.0,Accepted,,2026-04-30 00:55:00,SL,-64.5,-68.1,64.5,True,20260430-0035-BULL-OBS-001134-Z001134-OC|ObservationConfirm|Primary
OPF-20260725-205832,2026-04-30,20260430-0105-BEAR-OBS-001140-Z001140,ZoneBirthResearch,Short,Primary,None,2026-04-30 01:05:00,12.333333333333332,18.0,Accepted,,2026-04-30 01:30:00,SPLIT_BASE_SL_RUNNER_SL,-74.0,-77.6,74.0,True,20260430-0105-BEAR-OBS-001140-Z001140|ZoneBirthResearch|Primary
OPF-20260725-205832,2026-04-30,20260430-0315-BEAR-OBS-001166-Z001166-OC,ObservationConfirm_WideStop1_5R,Short,Primary,None,2026-04-30 03:20:00,16.11999999999898,18.0,Accepted,,2026-04-30 03:35:00,SL,-96.72,-100.32,96.71999999999389,True,20260430-0315-BEAR-OBS-001166-Z001166-OC|ObservationConfirm_WideStop1_5R|Primary
OPF-20260725-205832,2026-04-30,20260430-0945-BEAR-OBS-001244-Z001244-OC,ObservationConfirm,Short,Primary,None,2026-04-30 09:50:00,19.5,20.0,Accepted,,2026-04-30 10:00:00,SL,-117.0,-120.6,117.0,True,20260430-0945-BEAR-OBS-001244-Z001244-OC|ObservationConfirm|Primary
OPF-20260725-205832,2026-04-30,20260430-1810-BULL-OBS-001345-Z001344-OC-STR,ObservationStrict_Other,Long,Primary,None,2026-04-30 18:15:00,20.25,25.0,Accepted,,2026-04-30 18:55:00,SL,-121.5,-125.1,121.5,False,20260430-1810-BULL-OBS-001345-Z001344-OC-STR|ObservationStrict_Other|Primary
OPF-20260725-210041,2026-05-01,20260501-0055-BEAR-OBS-001138-Z001138,ZoneBirthResearch,Short,Primary,None,2026-05-01 00:55:00,7.5,8.0,Accepted,,2026-05-01 01:05:00,SPLIT_BASE_SL_RUNNER_SL,-45.0,-48.6,45.0,True,20260501-0055-BEAR-OBS-001138-Z001138|ZoneBirthResearch|Primary
OPF-20260725-210041,2026-05-01,20260501-0225-BEAR-OBS-001156-Z001156,ZoneBirthResearch,Short,Primary,None,2026-05-01 02:25:00,6.25,8.0,Accepted,,2026-05-01 02:55:00,SPLIT_BASE_SL_RUNNER_SL,-37.5,-41.1,37.5,True,20260501-0225-BEAR-OBS-001156-Z001156|ZoneBirthResearch|Primary
OPF-20260725-210041,2026-05-01,20260501-0345-BEAR-OBS-001172-Z001172-OC,ObservationConfirm,Short,Primary,None,2026-05-01 03:50:00,6.75,11.0,Accepted,,2026-05-01 04:00:00,TP,60.75,57.15,40.5,True,20260501-0345-BEAR-OBS-001172-Z001172-OC|ObservationConfirm|Primary
OPF-20260725-210041,2026-05-01,20260501-0640-BEAR-OBS-001207-Z001207-OC,ObservationConfirm,Short,Primary,None,2026-05-01 06:45:00,8.416666666666666,11.0,Accepted,,2026-05-01 07:05:00,SL,-50.5,-54.1,50.5,True,20260501-0640-BEAR-OBS-001207-Z001207-OC|ObservationConfirm|Primary
OPF-20260725-210041,2026-05-01,20260501-0725-BEAR-OBS-001216-Z001216,ZoneBirthResearch,Short,Primary,None,2026-05-01 07:25:00,6.666666666666666,8.0,Accepted,,2026-05-01 07:55:00,SPLIT_BASE_TP_RUNNER_TP,120.0,116.4,40.0,True,20260501-0725-BEAR-OBS-001216-Z001216|ZoneBirthResearch|Primary
OPF-20260725-210041,2026-05-01,20260501-0835-BEAR-OBS-001230-Z001230-OC,ObservationConfirm,Short,Primary,None,2026-05-01 08:40:00,17.0,20.0,Accepted,,2026-05-01 10:40:00,TP,153.0,149.4,102.0,True,20260501-0835-BEAR-OBS-001230-Z001230-OC|ObservationConfirm|Primary
OPF-20260725-210041,2026-05-01,20260501-1110-BEAR-BRK-001261-Z001261,BreakawayFvg,Short,Primary,None,2026-05-01 11:10:00,11.5,30.0,Accepted,,2026-05-01 11:15:00,SL,-69.0,-72.6,69.0,True,20260501-1110-BEAR-BRK-001261-Z001261|BreakawayFvg|Primary
OPF-20260725-210041,2026-05-01,20260501-1745-BULL-OBS-001340-Z001340-OC,ObservationConfirm_WideStop1_5R,Long,Primary,None,2026-05-01 17:50:00,9.5,22.0,Accepted,,2026-05-01 18:00:00,SL,-57.0,-60.6,57.0,True,20260501-1745-BULL-OBS-001340-Z001340-OC|ObservationConfirm_WideStop1_5R|Primary
OPF-20260725-210041,2026-05-01,20260501-1900-BEAR-OBS-001355-Z001351-FR,FailureReverse_ObservationInvalidated,Long,Primary,None,2026-05-01 19:05:00,17.0,25.0,Accepted,,2026-05-01 19:25:00,TP,255.0,251.4,102.0,False,20260501-1900-BEAR-OBS-001355-Z001351-FR|FailureReverse_ObservationInvalidated|Primary
OPF-20260725-210241,2026-05-04,20260503-2225-BEAR-OBS-001109-Z001109,ZoneBirthResearch,Short,Primary,None,2026-05-03 22:25:00,17.25,18.0,Accepted,,2026-05-03 22:45:00,SPLIT_BASE_SL_RUNNER_SL,-103.5,-107.1,103.5,True,20260503-2225-BEAR-OBS-001109-Z001109|ZoneBirthResearch|Primary
OPF-20260725-210241,2026-05-04,20260503-2315-BEAR-BRK-001119-Z001119,BreakawayFvg,Short,Primary,None,2026-05-03 23:15:00,17.0,30.0,Accepted,,2026-05-04 00:05:00,SL,-102.0,-105.6,102.0,True,20260503-2315-BEAR-BRK-001119-Z001119|BreakawayFvg|Primary
OPF-20260725-210241,2026-05-04,20260504-0045-BULL-OBS-001137-Z001137-OC,ObservationConfirm_WideStop1_5R,Long,Primary,None,2026-05-04 00:50:00,22.5,25.0,Accepted,,2026-05-04 01:45:00,TIME_STOP,228.0,224.4,135.0,True,20260504-0045-BULL-OBS-001137-Z001137-OC|ObservationConfirm_WideStop1_5R|Primary
OPF-20260725-210241,2026-05-04,20260504-0150-BULL-OBS-001150-Z001150-OC,ObservationConfirm,Long,Primary,None,2026-05-04 01:55:00,11.083333333333332,12.0,Accepted,,2026-05-04 02:00:00,SL,-66.5,-70.1,66.5,True,20260504-0150-BULL-OBS-001150-Z001150-OC|ObservationConfirm|Primary
OPF-20260725-210241,2026-05-04,20260504-0150-BULL-OBS-001150-Z001150-OC,ObservationConfirm_WideStop1_5R,Long,Secondary,Same,2026-05-04 01:55:00,16.583333333333332,22.0,Accepted,,2026-05-04 02:05:00,SL,-99.5,-103.1,99.5,True,20260504-0150-BULL-OBS-001150-Z001150-OC|ObservationConfirm_WideStop1_5R|Secondary
OPF-20260725-210241,2026-05-04,20260504-0300-BULL-PB-001164-Z001163,AlmostConfirmed,Long,Primary,None,2026-05-04 03:00:00,20.75,25.0,Accepted,,2026-05-04 03:30:00,SL,-124.5,-128.1,124.5,True,20260504-0300-BULL-PB-001164-Z001163|AlmostConfirmed|Primary
OPF-20260725-210241,2026-05-04,20260504-0325-BULL-OBS-001169-Z001163-OC,ObservationConfirm_WideStop1_5R,Long,Primary,None,2026-05-04 03:40:00,18.333333333333332,18.0,Accepted,,2026-05-04 04:35:00,TIME_STOP,107.5,103.9,110.0,True,20260504-0325-BULL-OBS-001169-Z001163-OC|ObservationConfirm_WideStop1_5R|Primary
OPF-20260725-210241,2026-05-04,20260504-0650-BULL-OBS-001210-Z001210-OC,ObservationConfirm,Long,Primary,None,2026-05-04 06:55:00,12.0,12.0,Accepted,,2026-05-04 07:00:00,SL,-72.0,-75.6,72.0,True,20260504-0650-BULL-OBS-001210-Z001210-OC|ObservationConfirm|Primary
OPF-20260725-210241,2026-05-04,20260504-0825-BEAR-OBS-001229-Z001224-OC,ObservationConfirm,Short,Primary,None,2026-05-04 08:30:00,17.0,20.0,Accepted,,2026-05-04 09:35:00,SL,-102.0,-105.6,102.0,True,20260504-0825-BEAR-OBS-001229-Z001224-OC|ObservationConfirm|Primary
OPF-20260725-210241,2026-05-04,20260504-1930-BEAR-OBS-001362-Z001347-OC,ObservationConfirm,Short,Primary,None,2026-05-04 19:35:00,18.0,22.0,Accepted,,2026-05-04 19:55:00,TP,162.0,158.4,108.0,True,20260504-1930-BEAR-OBS-001362-Z001347-OC|ObservationConfirm|Primary
OPF-20260725-210241,2026-05-04,20260504-2040-BEAR-OBS-001376-Z001376-OC,ObservationConfirm,Short,Primary,None,2026-05-04 20:45:00,8.75,22.0,Accepted,,2026-05-04 20:50:00,PATH_END,19.5,15.9,52.5,False,20260504-2040-BEAR-OBS-001376-Z001376-OC|ObservationConfirm|Primary
OPF-20260725-210457,2026-05-05,20260504-2235-BEAR-OBS-001111-Z001111-OC,ObservationConfirm,Short,Primary,None,2026-05-04 22:40:00,13.25,20.0,Accepted,,2026-05-04 22:50:00,TP,119.25,115.65,79.5,True,20260504-2235-BEAR-OBS-001111-Z001111-OC|ObservationConfirm|Primary
OPF-20260725-210457,2026-05-05,20260504-2255-BEAR-OBS-001115-Z001115-OC,ObservationConfirm,Short,Primary,None,2026-05-04 23:00:00,9.25,18.0,Accepted,,2026-05-04 23:10:00,SL,-55.5,-59.1,55.5,True,20260504-2255-BEAR-OBS-001115-Z001115-OC|ObservationConfirm|Primary
OPF-20260725-210457,2026-05-05,20260505-0020-BEAR-OBS-001132-Z001132-OC,ObservationConfirm,Short,Primary,None,2026-05-05 00:25:00,19.25,20.0,Accepted,,2026-05-05 00:35:00,SL,-115.5,-119.1,115.5,True,20260505-0020-BEAR-OBS-001132-Z001132-OC|ObservationConfirm|Primary
OPF-20260725-210457,2026-05-05,20260505-0100-BULL-OBS-001140-Z001139-OC,ObservationConfirm,Long,Primary,None,2026-05-05 01:05:00,11.5,12.0,Accepted,,2026-05-05 01:35:00,TP,276.0,272.4,69.0,True,20260505-0100-BULL-OBS-001140-Z001139-OC|ObservationConfirm|Primary
OPF-20260725-210457,2026-05-05,20260505-0310-BULL-OBS-001166-Z001166-OC,ObservationConfirm_WideStop1_5R,Long,Primary,None,2026-05-05 03:15:00,18.333333333333332,22.0,Accepted,,2026-05-05 04:10:00,TIME_STOP,83.5,79.9,110.0,True,20260505-0310-BULL-OBS-001166-Z001166-OC|ObservationConfirm_WideStop1_5R|Primary
OPF-20260725-210457,2026-05-05,20260505-0330-BULL-OBS-001170-Z001170-OC,ObservationConfirm_WideStop1_5R,Long,Secondary,Same,2026-05-05 03:35:00,11.25,18.0,Accepted,,2026-05-05 04:30:00,TIME_STOP,-30.0,-33.6,67.5,True,20260505-0330-BULL-OBS-001170-Z001170-OC|ObservationConfirm_WideStop1_5R|Secondary
OPF-20260725-210457,2026-05-05,20260505-0500-BEAR-OBS-001188-Z001188-OC,ObservationConfirm,Short,Primary,None,2026-05-05 05:05:00,10.5,18.0,Accepted,,2026-05-05 05:15:00,SL,-63.0,-66.6,63.0,True,20260505-0500-BEAR-OBS-001188-Z001188-OC|ObservationConfirm|Primary
OPF-20260725-210457,2026-05-05,20260505-0620-BULL-OBS-001204-Z001165-OC,ObservationConfirm_WideStop1_5R,Long,Primary,None,2026-05-05 06:25:00,18.75,22.0,Accepted,,2026-05-05 06:55:00,TP,337.5,333.9,112.5,True,20260505-0620-BULL-OBS-001204-Z001165-OC|ObservationConfirm_WideStop1_5R|Primary
OPF-20260725-210457,2026-05-05,20260505-0640-BULL-OBS-001208-Z001208-OC,ObservationConfirm,Long,Secondary,Same,2026-05-05 06:45:00,11.75,12.0,Accepted,,2026-05-05 07:35:00,TP,282.0,278.4,70.5,True,20260505-0640-BULL-OBS-001208-Z001208-OC|ObservationConfirm|Secondary
OPF-20260725-210457,2026-05-05,20260505-0700-BULL-OBS-001212-Z001211-OC-STR,ObservationStrict_Other,Long,Secondary,Same,2026-05-05 07:05:00,23.75,25.0,Accepted,,2026-05-05 08:00:00,TIME_STOP,55.5,51.9,142.5,True,20260505-0700-BULL-OBS-001212-Z001211-OC-STR|ObservationStrict_Other|Secondary
OPF-20260725-210457,2026-05-05,20260505-0815-BULL-OBS-001227-Z001227-OC,ObservationConfirm_WideStop1_5R,Long,Primary,None,2026-05-05 08:20:00,19.75,22.0,Accepted,,2026-05-05 09:15:00,TIME_STOP,-15.0,-18.6,118.5,True,20260505-0815-BULL-OBS-001227-Z001227-OC|ObservationConfirm_WideStop1_5R|Primary
OPF-20260725-210457,2026-05-05,20260505-1305-BULL-OBS-001285-Z001285-OC,ObservationConfirm,Long,Primary,None,2026-05-05 13:10:00,8.75,12.0,Accepted,,2026-05-05 13:15:00,SL,-52.5,-56.1,52.5,True,20260505-1305-BULL-OBS-001285-Z001285-OC|ObservationConfirm|Primary
OPF-20260725-210457,2026-05-05,20260505-1650-BULL-OBS-001330-Z001330-OC,ObservationConfirm_WideStop1_5R,Long,Primary,None,2026-05-05 16:55:00,23.75,25.0,Accepted,,2026-05-05 17:50:00,TIME_STOP,217.5,213.9,142.5,True,20260505-1650-BULL-OBS-001330-Z001330-OC|ObservationConfirm_WideStop1_5R|Primary
OPF-20260725-210457,2026-05-05,20260505-1705-BULL-PB-001333-Z001330,AlmostConfirmed,Long,Secondary,Same,2026-05-05 17:05:00,6.75,25.0,Accepted,,2026-05-05 17:10:00,SL,-40.5,-44.1,40.5,True,20260505-1705-BULL-PB-001333-Z001330|AlmostConfirmed|Secondary
OPF-20260725-210457,2026-05-05,20260505-1800-BULL-OBS-001344-Z001343-OC-STR,ObservationStrict_Other,Long,Primary,None,2026-05-05 18:05:00,16.75,25.0,Accepted,,2026-05-05 18:50:00,SL,-100.5,-104.1,100.5,True,20260505-1800-BULL-OBS-001344-Z001343-OC-STR|ObservationStrict_Other|Primary
OPF-20260725-210457,2026-05-05,20260505-2000-BEAR-OBS-001368-Z001367-FR,FailureReverse_ObservationInvalidated,Long,Primary,None,2026-05-05 20:05:00,10.5,0.0,Accepted,,2026-05-05 20:15:00,SL,-63.0,-66.6,63.0,False,20260505-2000-BEAR-OBS-001368-Z001367-FR|FailureReverse_ObservationInvalidated|Primary
OPF-20260725-210716,2026-05-06,20260506-0105-BULL-OBS-001141-Z001141-OC,ObservationConfirm,Long,Primary,None,2026-05-06 01:10:00,9.416666666666666,12.0,Accepted,,2026-05-06 01:15:00,SL,-56.5,-60.1,56.5,True,20260506-0105-BULL-OBS-001141-Z001141-OC|ObservationConfirm|Primary
OPF-20260725-210716,2026-05-06,20260506-0230-BEAR-OBS-001158-Z001158-OC,ObservationConfirm,Short,Primary,None,2026-05-06 02:35:00,16.5,20.0,Accepted,,2026-05-06 02:55:00,SL,-99.0,-102.6,99.0,True,20260506-0230-BEAR-OBS-001158-Z001158-OC|ObservationConfirm|Primary
OPF-20260725-210716,2026-05-06,20260506-0300-BULL-OBS-001164-Z001164-OC,ObservationConfirm_WideStop1_5R,Long,Primary,None,2026-05-06 03:05:00,7.666666666666665,18.0,Accepted,,2026-05-06 03:25:00,TP,138.0,134.4,45.99999999999999,True,20260506-0300-BULL-OBS-001164-Z001164-OC|ObservationConfirm_WideStop1_5R|Primary
OPF-20260725-210716,2026-05-06,20260506-0350-BEAR-OBS-001174-Z001174-OC,ObservationConfirm,Short,Primary,None,2026-05-06 03:55:00,8.25,11.0,Accepted,,2026-05-06 04:05:00,SL,-49.5,-53.1,49.5,True,20260506-0350-BEAR-OBS-001174-Z001174-OC|ObservationConfirm|Primary
OPF-20260725-210716,2026-05-06,20260506-0545-BULL-OBS-001197-Z001197-OC,ObservationConfirm,Long,Primary,None,2026-05-06 05:50:00,7.0,12.0,Accepted,,2026-05-06 05:55:00,TP,63.0,59.4,42.0,True,20260506-0545-BULL-OBS-001197-Z001197-OC|ObservationConfirm|Primary
OPF-20260725-210716,2026-05-06,20260506-0840-BULL-OBS-001232-Z001232-OC,ObservationConfirm,Long,Primary,None,2026-05-06 08:45:00,8.0,12.0,Accepted,,2026-05-06 08:50:00,TP,72.0,68.4,48.0,True,20260506-0840-BULL-OBS-001232-Z001232-OC|ObservationConfirm|Primary
OPF-20260725-210716,2026-05-06,20260506-0840-BULL-OBS-001232-Z001232-OC,ObservationConfirm_WideStop1_5R,Long,Secondary,Same,2026-05-06 08:45:00,12.25,18.0,Accepted,,2026-05-06 08:50:00,TP,220.5,216.9,73.5,True,20260506-0840-BULL-OBS-001232-Z001232-OC|ObservationConfirm_WideStop1_5R|Secondary
OPF-20260725-210716,2026-05-06,20260506-1105-BULL-OBS-001261-Z001261-OC,ObservationConfirm_WideStop1_5R,Long,Primary,None,2026-05-06 11:10:00,19.5,22.0,Accepted,,2026-05-06 11:20:00,SL,-117.0,-120.6,117.0,False,20260506-1105-BULL-OBS-001261-Z001261-OC|ObservationConfirm_WideStop1_5R|Primary
OPF-20260725-210920,2026-05-07,20260506-2330-BEAR-OBS-001122-Z001122-OC,ObservationConfirm,Short,Primary,None,2026-05-06 23:35:00,12.5,20.0,Accepted,,2026-05-06 23:45:00,SL,-75.0,-78.6,75.0,True,20260506-2330-BEAR-OBS-001122-Z001122-OC|ObservationConfirm|Primary
OPF-20260725-210920,2026-05-07,20260507-0020-BEAR-OBS-001132-Z001132-OC,ObservationConfirm,Short,Primary,None,2026-05-07 00:25:00,20.25,20.0,Accepted,,2026-05-07 01:15:00,SL,-121.5,-125.1,121.5,True,20260507-0020-BEAR-OBS-001132-Z001132-OC|ObservationConfirm|Primary
OPF-20260725-211122,2026-05-08,20260507-2325-BULL-OBS-001121-Z001121-OC,ObservationConfirm,Long,Primary,None,2026-05-07 23:30:00,12.0,12.0,Accepted,,2026-05-07 23:45:00,TP,108.0,104.4,72.0,True,20260507-2325-BULL-OBS-001121-Z001121-OC|ObservationConfirm|Primary
OPF-20260725-211122,2026-05-08,20260508-0220-BEAR-OBS-001156-Z001156-OC,ObservationConfirm,Short,Primary,None,2026-05-08 02:25:00,6.583333333333333,11.0,Accepted,,2026-05-08 02:30:00,SL,-39.5,-43.1,39.5,True,20260508-0220-BEAR-OBS-001156-Z001156-OC|ObservationConfirm|Primary
OPF-20260725-211122,2026-05-08,20260508-0355-BULL-OBS-001175-Z001175-OC,ObservationConfirm,Long,Primary,None,2026-05-08 04:00:00,10.0,12.0,Accepted,,2026-05-08 04:15:00,SL,-60.0,-63.6,60.0,True,20260508-0355-BULL-OBS-001175-Z001175-OC|ObservationConfirm|Primary
OPF-20260725-211122,2026-05-08,20260508-0525-BULL-PB-001193-Z001192,AlmostConfirmed,Long,Primary,None,2026-05-08 05:25:00,7.5,25.0,Accepted,,2026-05-08 05:30:00,TP,180.0,176.4,45.0,True,20260508-0525-BULL-PB-001193-Z001192|AlmostConfirmed|Primary
OPF-20260725-211122,2026-05-08,20260508-0520-BULL-BRT-001192-Z001192,BreakawayRetest,Long,Secondary,Same,2026-05-08 05:25:00,7.5,11.0,Accepted,,2026-05-08 05:30:00,TP,67.5,63.9,45.0,True,20260508-0520-BULL-BRT-001192-Z001192|BreakawayRetest|Secondary
OPF-20260725-211122,2026-05-08,20260508-0535-BULL-OBS-001195-Z001195-OC,ObservationConfirm,Long,Primary,None,2026-05-08 05:40:00,11.5,12.0,Accepted,,2026-05-08 06:00:00,SL,-69.0,-72.6,69.0,True,20260508-0535-BULL-OBS-001195-Z001195-OC|ObservationConfirm|Primary
OPF-20260725-211122,2026-05-08,20260508-0535-BULL-OBS-001195-Z001195-OC,ObservationConfirm_WideStop1_5R,Long,Secondary,Same,2026-05-08 05:40:00,17.25,22.0,Accepted,,2026-05-08 06:00:00,SL,-103.5,-107.1,103.5,True,20260508-0535-BULL-OBS-001195-Z001195-OC|ObservationConfirm_WideStop1_5R|Secondary
OPF-20260725-211122,2026-05-08,20260508-0805-BULL-OBS-001225-Z001225-OC,ObservationConfirm_WideStop1_5R,Long,Primary,None,2026-05-08 08:10:00,23.333333333333332,25.0,Accepted,,2026-05-08 09:05:00,TIME_STOP,224.5,220.9,140.0,True,20260508-0805-BULL-OBS-001225-Z001225-OC|ObservationConfirm_WideStop1_5R|Primary
OPF-20260725-211122,2026-05-08,20260508-0910-BULL-OBS-001238-Z001238-OC,ObservationConfirm,Long,Primary,None,2026-05-08 09:15:00,10.166666666666666,12.0,Accepted,,2026-05-08 09:30:00,SL,-61.0,-64.6,61.0,True,20260508-0910-BULL-OBS-001238-Z001238-OC|ObservationConfirm|Primary
OPF-20260725-211122,2026-05-08,20260508-1005-BULL-OBS-001249-Z001249-OC,ObservationConfirm,Long,Primary,None,2026-05-08 10:15:00,11.0,12.0,Accepted,,2026-05-08 10:55:00,SL,-66.0,-69.6,66.0,True,20260508-1005-BULL-OBS-001249-Z001249-OC|ObservationConfirm|Primary
OPF-20260725-211122,2026-05-08,20260508-2015-BULL-OBS-001371-Z001368-OC,ObservationConfirm_WideStop1_5R,Long,Primary,None,2026-05-08 20:20:00,19.0,22.0,Accepted,,2026-05-08 20:50:00,PATH_END,-33.0,-36.6,114.0,False,20260508-2015-BULL-OBS-001371-Z001368-OC|ObservationConfirm_WideStop1_5R|Primary
OPF-20260725-211323,2026-05-11,20260510-2325-BULL-OBS-001121-Z001117-FR,FailureReverse_ObservationInvalidated_WideStop1_5R,Short,Primary,None,2026-05-10 23:35:00,11.75,25.0,Accepted,,2026-05-10 23:40:00,SL,-70.5,-74.1,70.5,True,20260510-2325-BULL-OBS-001121-Z001117-FR|FailureReverse_ObservationInvalidated_WideStop1_5R|Primary
OPF-20260725-211323,2026-05-11,20260511-0425-BULL-OBS-001181-Z001181-OC,ObservationConfirm,Long,Primary,None,2026-05-11 04:30:00,8.5,12.0,Accepted,,2026-05-11 05:00:00,TP,76.5,72.9,51.0,True,20260511-0425-BULL-OBS-001181-Z001181-OC|ObservationConfirm|Primary
OPF-20260725-211323,2026-05-11,20260511-0425-BULL-OBS-001181-Z001181-OC,ObservationConfirm_WideStop1_5R,Long,Secondary,Same,2026-05-11 04:30:00,12.75,18.0,Accepted,,2026-05-11 05:25:00,TIME_STOP,57.0,53.4,76.5,True,20260511-0425-BULL-OBS-001181-Z001181-OC|ObservationConfirm_WideStop1_5R|Secondary
OPF-20260725-211323,2026-05-11,20260511-0545-BEAR-OBS-001197-Z001197-OC,ObservationConfirm,Short,Primary,None,2026-05-11 05:50:00,5.416666666666666,11.0,Accepted,,2026-05-11 06:00:00,TP,48.75,45.15,32.5,True,20260511-0545-BEAR-OBS-001197-Z001197-OC|ObservationConfirm|Primary
OPF-20260725-211323,2026-05-11,20260511-0740-BEAR-OBS-001220-Z001207-OC,ObservationConfirm,Short,Primary,None,2026-05-11 07:45:00,19.25,20.0,Accepted,,2026-05-11 08:05:00,TP,173.25,169.65,115.5,True,20260511-0740-BEAR-OBS-001220-Z001207-OC|ObservationConfirm|Primary
OPF-20260725-211323,2026-05-11,20260511-0830-BEAR-BRK-001230-Z001230,BreakawayFvg,Short,Primary,None,2026-05-11 08:30:00,18.0,30.0,Accepted,,2026-05-11 08:45:00,SL,-108.0,-111.6,108.0,True,20260511-0830-BEAR-BRK-001230-Z001230|BreakawayFvg|Primary
OPF-20260725-211323,2026-05-11,20260511-0830-BEAR-OBS-001230-Z001230-OC,ObservationConfirm,Short,Secondary,Same,2026-05-11 08:35:00,21.25,22.0,Accepted,,2026-05-11 08:45:00,SL,-127.5,-131.1,127.5,True,20260511-0830-BEAR-OBS-001230-Z001230-OC|ObservationConfirm|Secondary
OPF-20260725-211323,2026-05-11,20260511-1140-BEAR-OBS-001268-Z001268,ZoneBirthResearch,Short,Primary,None,2026-05-11 11:40:00,17.0,18.0,Accepted,,2026-05-11 12:20:00,SPLIT_BASE_TP_RUNNER_TP,306.0,302.4,102.0,True,20260511-1140-BEAR-OBS-001268-Z001268|ZoneBirthResearch|Primary
OPF-20260725-211323,2026-05-11,20260511-1140-BULL-OBS-001268-Z001264-FR,FailureReverse_ObservationInvalidated_WideStop1_5R,Short,Secondary,Same,2026-05-11 11:45:00,10.25,25.0,Accepted,,2026-05-11 12:00:00,SL,-61.5,-65.1,61.5,True,20260511-1140-BULL-OBS-001268-Z001264-FR|FailureReverse_ObservationInvalidated_WideStop1_5R|Secondary
OPF-20260725-211323,2026-05-11,20260511-1640-BULL-OBS-001328-Z001313-OC-STR,ObservationStrict_Other_WideStop1_5R,Long,Primary,None,2026-05-11 16:45:00,24.5,25.0,Accepted,,2026-05-11 17:10:00,SL,-147.0,-150.6,147.0,True,20260511-1640-BULL-OBS-001328-Z001313-OC-STR|ObservationStrict_Other_WideStop1_5R|Primary
OPF-20260725-211323,2026-05-11,20260511-1750-BULL-OBS-001342-Z001340-FR,FailureReverse_ObservationInvalidated_WideStop1_5R,Short,Primary,None,2026-05-11 17:55:00,22.0,25.0,Accepted,,2026-05-11 18:00:00,SL,-132.0,-135.6,132.0,True,20260511-1750-BULL-OBS-001342-Z001340-FR|FailureReverse_ObservationInvalidated_WideStop1_5R|Primary
OPF-20260725-211323,2026-05-11,20260511-2000-BULL-OBS-001368-Z001367-FR,FailureReverse_ObservationInvalidated_WideStop1_5R,Short,Primary,None,2026-05-11 20:05:00,18.75,25.0,Accepted,,2026-05-11 20:10:00,TP,450.0,446.4,112.5,True,20260511-2000-BULL-OBS-001368-Z001367-FR|FailureReverse_ObservationInvalidated_WideStop1_5R|Primary
OPF-20260725-211323,2026-05-11,20260511-1955-BULL-OBS-001367-Z001367-FR,FailureReverse_ObservationInvalidated_WideStop1_5R,Short,Secondary,Same,2026-05-11 20:05:00,19.0,25.0,Accepted,,2026-05-11 20:10:00,TP,456.0,452.4,114.0,True,20260511-1955-BULL-OBS-001367-Z001367-FR|FailureReverse_ObservationInvalidated_WideStop1_5R|Secondary
OPF-20260725-211323,2026-05-11,20260511-2040-BULL-OBS-001376-Z001375-FR,FailureReverse_ObservationInvalidated_WideStop1_5R,Short,Primary,None,2026-05-11 20:45:00,4.25,25.0,Accepted,,2026-05-11 20:50:00,SL,-25.5,-29.1,25.5,False,20260511-2040-BULL-OBS-001376-Z001375-FR|FailureReverse_ObservationInvalidated_WideStop1_5R|Primary
OPF-20260725-211530,2026-05-12,20260511-2245-BULL-OBS-001113-Z001113-FR-RT,FailureReverse_RetestFailed,Short,Primary,None,2026-05-11 23:05:00,7.333333333333333,11.0,Accepted,,2026-05-11 23:15:00,TP,66.0,62.4,44.0,True,20260511-2245-BULL-OBS-001113-Z001113-FR-RT|FailureReverse_RetestFailed|Primary
OPF-20260725-211530,2026-05-12,20260511-2325-BULL-OBS-001121-Z001121-OC,ObservationConfirm,Long,Primary,None,2026-05-11 23:30:00,9.666666666666666,12.0,Accepted,,2026-05-11 23:45:00,SL,-58.0,-61.6,58.0,True,20260511-2325-BULL-OBS-001121-Z001121-OC|ObservationConfirm|Primary
OPF-20260725-211530,2026-05-12,20260512-0400-BEAR-OBS-001176-Z001174-OC,ObservationConfirm,Short,Primary,None,2026-05-12 04:05:00,7.5,11.0,Accepted,,2026-05-12 04:10:00,TP,67.5,63.9,45.0,True,20260512-0400-BEAR-OBS-001176-Z001174-OC|ObservationConfirm|Primary
OPF-20260725-211530,2026-05-12,20260512-0450-BEAR-BRK-001186-Z001186,BreakawayFvg,Short,Primary,None,2026-05-12 04:50:00,25.083333333333332,30.0,Accepted,,2026-05-12 07:05:00,TP,602.0,598.4,150.5,True,20260512-0450-BEAR-BRK-001186-Z001186|BreakawayFvg|Primary
OPF-20260725-211530,2026-05-12,20260512-0515-BEAR-OBS-001191-Z001191,ZoneBirthResearch,Short,Secondary,Same,2026-05-12 05:15:00,8.666666666666666,8.0,Accepted,,2026-05-12 05:20:00,SPLIT_BASE_SL_RUNNER_SL,-52.0,-55.6,52.0,True,20260512-0515-BEAR-OBS-001191-Z001191|ZoneBirthResearch|Secondary
OPF-20260725-211530,2026-05-12,20260512-0655-BEAR-BRK-001211-Z001211,BreakawayFvg,Short,Secondary,Same,2026-05-12 06:55:00,22.0,30.0,Accepted,,2026-05-12 07:10:00,BE,0.0,-3.6,132.0,True,20260512-0655-BEAR-BRK-001211-Z001211|BreakawayFvg|Secondary
OPF-20260725-211530,2026-05-12,20260512-0810-BEAR-OBS-001226-Z001226-OC,ObservationConfirm,Short,Primary,None,2026-05-12 08:15:00,18.5,20.0,Accepted,,2026-05-12 08:25:00,SL,-111.0,-114.6,111.0,True,20260512-0810-BEAR-OBS-001226-Z001226-OC|ObservationConfirm|Primary
OPF-20260725-211530,2026-05-12,20260512-0845-BEAR-BRK-001233-Z001233,BreakawayFvg,Short,Primary,None,2026-05-12 08:45:00,17.0,30.0,Accepted,,2026-05-12 08:55:00,SL,-102.0,-105.6,102.0,True,20260512-0845-BEAR-BRK-001233-Z001233|BreakawayFvg|Primary
OPF-20260725-211530,2026-05-12,20260512-1020-BEAR-OBS-001252-Z001252,ZoneBirthResearch,Short,Primary,None,2026-05-12 10:20:00,6.833333333333333,8.0,Accepted,,2026-05-12 12:40:00,SPLIT_BASE_TP_RUNNER_BE,68.33,64.73,41.0,True,20260512-1020-BEAR-OBS-001252-Z001252|ZoneBirthResearch|Primary
OPF-20260725-211530,2026-05-12,20260512-1045-BEAR-OBS-001257-Z001257,ZoneBirthResearch,Short,Secondary,Same,2026-05-12 10:45:00,7.166666666666666,8.0,Accepted,,2026-05-12 10:55:00,SPLIT_BASE_SL_RUNNER_SL,-43.0,-46.6,43.0,True,20260512-1045-BEAR-OBS-001257-Z001257|ZoneBirthResearch|Secondary
OPF-20260725-211744,2026-05-13,20260512-2340-BEAR-OBS-001124-Z001124-OC,ObservationConfirm,Short,Primary,None,2026-05-12 23:45:00,19.583333333333332,20.0,Accepted,,2026-05-13 00:00:00,TP,176.25,172.65,117.5,True,20260512-2340-BEAR-OBS-001124-Z001124-OC|ObservationConfirm|Primary
OPF-20260725-211744,2026-05-13,20260513-0350-BULL-OBS-001174-Z001171-OC,ObservationConfirm,Long,Primary,None,2026-05-13 03:55:00,10.0,12.0,Accepted,,2026-05-13 04:00:00,TP,90.0,86.4,60.0,True,20260513-0350-BULL-OBS-001174-Z001171-OC|ObservationConfirm|Primary
OPF-20260725-211744,2026-05-13,20260513-0510-BULL-OBS-001190-Z001190-FR,FailureReverse_ObservationInvalidated_WideStop1_5R,Short,Primary,None,2026-05-13 05:15:00,12.5,25.0,Accepted,,2026-05-13 05:20:00,SL,-75.0,-78.6,75.0,True,20260513-0510-BULL-OBS-001190-Z001190-FR|FailureReverse_ObservationInvalidated_WideStop1_5R|Primary
OPF-20260725-211744,2026-05-13,20260513-0650-BULL-OBS-001210-Z001201-OC,ObservationConfirm_WideStop1_5R,Long,Primary,None,2026-05-13 06:55:00,20.0,22.0,Accepted,,2026-05-13 07:10:00,SL,-120.0,-123.6,120.0,True,20260513-0650-BULL-OBS-001210-Z001201-OC|ObservationConfirm_WideStop1_5R|Primary
OPF-20260725-211744,2026-05-13,20260513-0955-BEAR-OBS-001247-Z001234-OC,ObservationConfirm,Short,Primary,None,2026-05-13 10:00:00,18.25,20.0,Accepted,,2026-05-13 10:20:00,TP,164.25,160.65,109.5,False,20260513-0955-BEAR-OBS-001247-Z001234-OC|ObservationConfirm|Primary
OPF-20260725-211744,2026-05-13,20260513-1005-BULL-OBS-001249-Z001248-FR,FailureReverse_ObservationInvalidated_WideStop1_5R,Short,Secondary,Same,2026-05-13 10:10:00,22.25,25.0,Accepted,,2026-05-13 12:20:00,TP,534.0,530.4,133.5,False,20260513-1005-BULL-OBS-001249-Z001248-FR|FailureReverse_ObservationInvalidated_WideStop1_5R|Secondary
OPF-20260725-211949,2026-05-14,20260513-2320-BULL-OBS-001120-Z001118-FR,FailureReverse_ObservationInvalidated_WideStop1_5R,Short,Primary,None,2026-05-13 23:30:00,20.75,25.0,Accepted,,2026-05-13 23:55:00,SL,-124.5,-128.1,124.5,True,20260513-2320-BULL-OBS-001120-Z001118-FR|FailureReverse_ObservationInvalidated_WideStop1_5R|Primary
OPF-20260725-211949,2026-05-14,20260514-0020-BULL-OBS-001132-Z001131-OC-STR,ObservationStrict_Other,Long,Primary,None,2026-05-14 00:25:00,24.583333333333332,25.0,Accepted,,2026-05-14 01:20:00,TIME_STOP,127.0,123.4,147.5,True,20260514-0020-BULL-OBS-001132-Z001131-OC-STR|ObservationStrict_Other|Primary
OPF-20260725-211949,2026-05-14,20260514-0515-BEAR-BRK-001191-Z001191,BreakawayFvg,Short,Primary,None,2026-05-14 05:15:00,19.0,30.0,Accepted,,2026-05-14 05:20:00,SL,-114.0,-117.6,114.0,True,20260514-0515-BEAR-BRK-001191-Z001191|BreakawayFvg|Primary
OPF-20260725-211949,2026-05-14,20260514-0735-BULL-OBS-001219-Z001219-OC,ObservationConfirm,Long,Primary,None,2026-05-14 07:40:00,11.25,12.0,Accepted,,2026-05-14 07:45:00,SL,-67.5,-71.1,67.5,True,20260514-0735-BULL-OBS-001219-Z001219-OC|ObservationConfirm|Primary
OPF-20260725-211949,2026-05-14,20260514-1530-BULL-PB-001314-Z001312,AlmostConfirmed,Long,Primary,None,2026-05-14 15:30:00,11.0,25.0,Accepted,,2026-05-14 15:35:00,SL,-66.0,-69.6,66.0,True,20260514-1530-BULL-PB-001314-Z001312|AlmostConfirmed|Primary
OPF-20260725-211949,2026-05-14,20260514-1910-BULL-OBS-001358-Z001355-OC-STR,ObservationStrict_Other,Long,Primary,None,2026-05-14 19:15:00,21.75,25.0,Accepted,,2026-05-14 19:50:00,SL,-130.5,-134.1,130.5,False,20260514-1910-BULL-OBS-001358-Z001355-OC-STR|ObservationStrict_Other|Primary
OPF-20260725-212217,2026-05-15,20260514-2235-BULL-OBS-001111-Z001111-OC,ObservationConfirm,Long,Primary,None,2026-05-14 22:40:00,8.0,12.0,Accepted,,2026-05-14 22:55:00,TP,72.0,68.4,48.0,True,20260514-2235-BULL-OBS-001111-Z001111-OC|ObservationConfirm|Primary
OPF-20260725-212217,2026-05-15,20260514-2235-BULL-OBS-001111-Z001111-OC,ObservationConfirm_WideStop1_5R,Long,Secondary,Same,2026-05-14 22:40:00,11.75,18.0,Accepted,,2026-05-14 23:35:00,TIME_STOP,103.5,99.9,70.5,True,20260514-2235-BULL-OBS-001111-Z001111-OC|ObservationConfirm_WideStop1_5R|Secondary
OPF-20260725-212217,2026-05-15,20260515-0110-BEAR-OBS-001142-Z001142-OC,ObservationConfirm,Short,Primary,None,2026-05-15 01:15:00,18.25,20.0,Accepted,,2026-05-15 01:20:00,TP,164.25,160.65,109.5,True,20260515-0110-BEAR-OBS-001142-Z001142-OC|ObservationConfirm|Primary
OPF-20260725-212217,2026-05-15,20260515-0515-BEAR-OBS-001191-Z001190-OC,ObservationConfirm,Short,Primary,None,2026-05-15 05:20:00,11.75,20.0,Accepted,,2026-05-15 05:30:00,TP,105.75,102.15,70.5,True,20260515-0515-BEAR-OBS-001191-Z001190-OC|ObservationConfirm|Primary
OPF-20260725-212217,2026-05-15,20260515-0515-BEAR-OBS-001191-Z001190-OC,ObservationConfirm_WideStop1_5R,Short,Secondary,Same,2026-05-15 05:20:00,17.5,22.0,Accepted,,2026-05-15 05:30:00,TP,157.5,153.9,105.0,True,20260515-0515-BEAR-OBS-001191-Z001190-OC|ObservationConfirm_WideStop1_5R|Secondary
OPF-20260725-212217,2026-05-15,20260515-0715-BULL-OBS-001215-Z001215-OC,ObservationConfirm_WideStop1_5R,Long,Primary,None,2026-05-15 07:20:00,21.25,22.0,Accepted,,2026-05-15 07:35:00,SL,-127.5,-131.1,127.5,True,20260515-0715-BULL-OBS-001215-Z001215-OC|ObservationConfirm_WideStop1_5R|Primary
OPF-20260725-212217,2026-05-15,20260515-1740-BULL-OBS-001340-Z001338-OC,ObservationConfirm_WideStop1_5R,Long,Primary,None,2026-05-15 17:45:00,17.25,18.0,Accepted,,2026-05-15 18:05:00,TP,310.5,306.9,103.5,True,20260515-1740-BULL-OBS-001340-Z001338-OC|ObservationConfirm_WideStop1_5R|Primary
OPF-20260725-212217,2026-05-15,20260515-1740-BULL-OBS-001340-Z001338-OC-STR,ObservationStrict_Other_WideStop1_5R,Long,Secondary,Same,2026-05-15 17:45:00,17.5,25.0,Accepted,,2026-05-15 18:05:00,TP,315.0,311.4,105.0,True,20260515-1740-BULL-OBS-001340-Z001338-OC-STR|ObservationStrict_Other_WideStop1_5R|Secondary
OPF-20260725-212217,2026-05-15,20260515-1930-BEAR-OBS-001362-Z001359,UnknownRegimeZoneTouch,Short,Primary,None,2026-05-15 19:30:00,11.083333333333332,25.0,Accepted,,2026-05-15 19:35:00,SL,-66.5,-70.1,66.5,False,20260515-1930-BEAR-OBS-001362-Z001359|UnknownRegimeZoneTouch|Primary
OPF-20260725-212431,2026-05-18,20260518-0240-BEAR-OBS-001160-Z001160,ZoneBirthResearch,Short,Primary,None,2026-05-18 02:40:00,18.166666666666664,18.0,Accepted,,2026-05-18 03:00:00,SPLIT_BASE_TP_RUNNER_BE,181.67,178.07,108.99999999999999,True,20260518-0240-BEAR-OBS-001160-Z001160|ZoneBirthResearch|Primary
OPF-20260725-212431,2026-05-18,20260518-0350-BULL-OBS-001174-Z001172-OC,ObservationConfirm_WideStop1_5R,Long,Primary,None,2026-05-18 03:55:00,19.0,22.0,Accepted,,2026-05-18 04:15:00,TP,342.0,338.4,114.0,True,20260518-0350-BULL-OBS-001174-Z001172-OC|ObservationConfirm_WideStop1_5R|Primary
OPF-20260725-212431,2026-05-18,20260518-0715-BEAR-OBS-001215-Z001215-OC,ObservationConfirm,Short,Primary,None,2026-05-18 07:20:00,20.5,20.0,Accepted,,2026-05-18 07:25:00,SL,-123.0,-126.6,123.0,True,20260518-0715-BEAR-OBS-001215-Z001215-OC|ObservationConfirm|Primary
OPF-20260725-212651,2026-05-19,20260519-0130-BEAR-OBS-001146-Z001145,UnknownRegimeZoneTouch,Short,Primary,None,2026-05-19 01:30:00,9.5,25.0,Accepted,,2026-05-19 01:35:00,SL,-57.0,-60.6,57.0,True,20260519-0130-BEAR-OBS-001146-Z001145|UnknownRegimeZoneTouch|Primary
OPF-20260725-212651,2026-05-19,20260519-0230-BULL-OBS-001158-Z001157-OC,ObservationConfirm,Long,Primary,None,2026-05-19 02:35:00,9.5,12.0,Accepted,,2026-05-19 02:40:00,TP,85.5,81.9,57.0,True,20260519-0230-BULL-OBS-001158-Z001157-OC|ObservationConfirm|Primary
OPF-20260725-212651,2026-05-19,20260519-0340-BULL-OBS-001172-Z001171-FR,FailureReverse_ObservationInvalidated_WideStop1_5R,Short,Primary,None,2026-05-19 03:45:00,17.583333333333332,25.0,Accepted,,2026-05-19 04:00:00,TP,422.0,418.4,105.5,True,20260519-0340-BULL-OBS-001172-Z001171-FR|FailureReverse_ObservationInvalidated_WideStop1_5R|Primary
OPF-20260725-212651,2026-05-19,20260519-0335-BULL-OBS-001171-Z001171-FR,FailureReverse_ObservationInvalidated_WideStop1_5R,Short,Secondary,Same,2026-05-19 03:45:00,17.583333333333332,25.0,Accepted,,2026-05-19 04:00:00,TP,422.0,418.4,105.5,True,20260519-0335-BULL-OBS-001171-Z001171-FR|FailureReverse_ObservationInvalidated_WideStop1_5R|Secondary
OPF-20260725-212651,2026-05-19,20260519-0620-BULL-OBS-001204-Z001204-OC,ObservationConfirm_WideStop1_5R,Long,Primary,None,2026-05-19 06:25:00,23.25,25.0,Accepted,,2026-05-19 07:05:00,TP,418.5,414.9,139.5,True,20260519-0620-BULL-OBS-001204-Z001204-OC|ObservationConfirm_WideStop1_5R|Primary
OPF-20260725-212651,2026-05-19,20260519-0900-BEAR-OBS-001236-Z001236-OC,ObservationConfirm,Short,Primary,None,2026-05-19 09:05:00,17.333333333333332,20.0,Accepted,,2026-05-19 09:15:00,TP,156.0,152.4,104.0,False,20260519-0900-BEAR-OBS-001236-Z001236-OC|ObservationConfirm|Primary
OPF-20260725-212916,2026-05-20,20260519-2220-BEAR-OBS-001108-Z001108,ZoneBirthResearch,Short,Primary,None,2026-05-19 22:20:00,18.083333333333332,18.0,Accepted,,2026-05-19 23:05:00,SPLIT_BASE_SL_RUNNER_SL,-108.5,-112.1,108.5,True,20260519-2220-BEAR-OBS-001108-Z001108|ZoneBirthResearch|Primary
OPF-20260725-212916,2026-05-20,20260520-0735-BEAR-OBS-001219-Z001219,ZoneBirthResearch,Short,Primary,None,2026-05-20 07:35:00,12.25,18.0,Accepted,,2026-05-20 07:40:00,SPLIT_BASE_SL_RUNNER_SL,-73.5,-77.1,73.5,True,20260520-0735-BEAR-OBS-001219-Z001219|ZoneBirthResearch|Primary
OPF-20260725-212916,2026-05-20,20260520-1940-BULL-OBS-001364-Z001364-OC,ObservationConfirm_WideStop1_5R,Long,Primary,None,2026-05-20 19:45:00,18.5,22.0,Accepted,,2026-05-20 19:50:00,SL,-111.0,-114.6,111.0,False,20260520-1940-BULL-OBS-001364-Z001364-OC|ObservationConfirm_WideStop1_5R|Primary
OPF-20260725-213128,2026-05-21,20260521-0205-BULL-OBS-001153-Z001153-OC,ObservationConfirm_WideStop1_5R,Long,Primary,None,2026-05-21 02:10:00,20.25,22.0,Accepted,,2026-05-21 03:05:00,TIME_STOP,91.5,87.9,121.5,True,20260521-0205-BULL-OBS-001153-Z001153-OC|ObservationConfirm_WideStop1_5R|Primary
OPF-20260725-213128,2026-05-21,20260521-0220-BULL-OBS-001156-Z001156-OC,ObservationConfirm_WideStop1_5R,Long,Secondary,Same,2026-05-21 02:25:00,24.083333333333332,25.0,Accepted,,2026-05-21 02:45:00,SL,-144.5,-148.1,144.5,True,20260521-0220-BULL-OBS-001156-Z001156-OC|ObservationConfirm_WideStop1_5R|Secondary
OPF-20260725-213128,2026-05-21,20260521-0530-BEAR-OBS-001194-Z001194-OC,ObservationConfirm,Short,Primary,None,2026-05-21 05:35:00,17.666666666666664,20.0,Accepted,,2026-05-21 05:45:00,TP,159.0,155.4,105.99999999999999,True,20260521-0530-BEAR-OBS-001194-Z001194-OC|ObservationConfirm|Primary
OPF-20260725-213128,2026-05-21,20260521-0650-BEAR-OBS-001210-Z001210-OC,ObservationConfirm,Short,Primary,None,2026-05-21 06:55:00,16.916666666666664,20.0,Accepted,,2026-05-21 07:00:00,TP,152.25,148.65,101.49999999999999,False,20260521-0650-BEAR-OBS-001210-Z001210-OC|ObservationConfirm|Primary
OPF-20260725-213336,2026-05-22,20260522-0455-BULL-OBS-001187-Z001187-OC,ObservationConfirm_WideStop1_5R,Long,Primary,None,2026-05-22 05:00:00,18.666666666666664,18.0,Accepted,,2026-05-22 05:25:00,SL,-112.0,-115.6,111.99999999999999,True,20260522-0455-BULL-OBS-001187-Z001187-OC|ObservationConfirm_WideStop1_5R|Primary
OPF-20260725-213336,2026-05-22,20260522-0605-BEAR-OBS-001201-Z001200,UnknownRegimeZoneTouch,Short,Primary,None,2026-05-22 06:05:00,25.25,25.0,Accepted,,2026-05-22 06:15:00,SL,-151.5,-155.1,151.5,True,20260522-0605-BEAR-OBS-001201-Z001200|UnknownRegimeZoneTouch|Primary
OPF-20260725-213336,2026-05-22,20260522-0605-BEAR-OBS-001201-Z001200-OC,ObservationConfirm_WideStop1_5R,Short,Secondary,Same,2026-05-22 06:10:00,18.25,22.0,Accepted,,2026-05-22 06:35:00,SL,-109.5,-113.1,109.5,True,20260522-0605-BEAR-OBS-001201-Z001200-OC|ObservationConfirm_WideStop1_5R|Secondary
OPF-20260725-213336,2026-05-22,20260522-0805-BULL-OBS-001225-Z001225-OC,ObservationConfirm,Long,Primary,None,2026-05-22 08:10:00,11.0,12.0,Accepted,,2026-05-22 08:15:00,TP,264.0,260.4,66.0,True,20260522-0805-BULL-OBS-001225-Z001225-OC|ObservationConfirm|Primary
OPF-20260725-213336,2026-05-22,20260522-0835-BEAR-OBS-001231-Z001231,ZoneBirthResearch,Short,Primary,None,2026-05-22 08:35:00,17.0,0.0,Accepted,,2026-05-22 09:00:00,SPLIT_BASE_TP_RUNNER_TP,306.0,302.4,102.0,True,20260522-0835-BEAR-OBS-001231-Z001231|ZoneBirthResearch|Primary
OPF-20260725-213336,2026-05-22,20260522-1050-BULL-OBS-001258-Z001258-OC,ObservationConfirm,Long,Primary,None,2026-05-22 10:55:00,9.75,12.0,Accepted,,2026-05-22 11:00:00,TP,87.75,84.15,58.5,True,20260522-1050-BULL-OBS-001258-Z001258-OC|ObservationConfirm|Primary
OPF-20260725-213336,2026-05-22,20260522-1155-BULL-OBS-001271-Z001270-OC,ObservationConfirm,Long,Primary,None,2026-05-22 12:00:00,9.25,12.0,Accepted,,2026-05-22 12:05:00,SL,-55.5,-59.1,55.5,False,20260522-1155-BULL-OBS-001271-Z001270-OC|ObservationConfirm|Primary
OPF-20260725-213540,2026-05-26,20260526-0010-BEAR-OBS-001082-Z001082-OC,ObservationConfirm_WideStop1_5R,Short,Primary,None,2026-05-26 00:15:00,18.25,18.0,Accepted,,2026-05-26 00:25:00,SL,-109.5,-113.1,109.5,True,20260526-0010-BEAR-OBS-001082-Z001082-OC|ObservationConfirm_WideStop1_5R|Primary
OPF-20260725-213540,2026-05-26,20260526-0015-BEAR-OBS-001083-Z001082-OC,ObservationConfirm_WideStop1_5R,Short,Secondary,Same,2026-05-26 00:20:00,12.416666666666666,22.0,Accepted,,2026-05-26 00:25:00,SL,-74.5,-78.1,74.5,True,20260526-0015-BEAR-OBS-001083-Z001082-OC|ObservationConfirm_WideStop1_5R|Secondary
OPF-20260725-213540,2026-05-26,20260526-0415-BULL-OBS-001131-Z001131-OC,ObservationConfirm,Long,Primary,None,2026-05-26 04:20:00,5.333333333333333,12.0,Accepted,,2026-05-26 04:25:00,SL,-32.0,-35.6,32.0,True,20260526-0415-BULL-OBS-001131-Z001131-OC|ObservationConfirm|Primary
OPF-20260725-213540,2026-05-26,20260526-0415-BULL-OBS-001131-Z001131-OC,ObservationConfirm_WideStop1_5R,Long,Secondary,Same,2026-05-26 04:20:00,8.25,18.0,Accepted,,2026-05-26 04:25:00,SL,-49.5,-53.1,49.5,True,20260526-0415-BULL-OBS-001131-Z001131-OC|ObservationConfirm_WideStop1_5R|Secondary
OPF-20260725-213540,2026-05-26,20260526-0615-BULL-OBS-001155-Z001155-OC,ObservationConfirm_WideStop1_5R,Long,Primary,None,2026-05-26 06:20:00,19.88000000000102,22.0,Accepted,,2026-05-26 06:25:00,SL,-119.28,-122.88,119.28000000000611,True,20260526-0615-BULL-OBS-001155-Z001155-OC|ObservationConfirm_WideStop1_5R|Primary
OPF-20260725-213540,2026-05-26,20260526-0625-BULL-OBS-001157-Z001153-OC,ObservationConfirm_WideStop1_5R,Long,Primary,None,2026-05-26 06:30:00,22.0,25.0,Accepted,,2026-05-26 07:00:00,SL,-132.0,-135.6,132.0,True,20260526-0625-BULL-OBS-001157-Z001153-OC|ObservationConfirm_WideStop1_5R|Primary
OPF-20260725-213746,2026-05-27,20260527-0110-BULL-OBS-001094-Z001094-OC,ObservationConfirm_WideStop1_5R,Long,Primary,None,2026-05-27 01:15:00,22.5,25.0,Accepted,,2026-05-27 01:55:00,SL,-135.0,-138.6,135.0,True,20260527-0110-BULL-OBS-001094-Z001094-OC|ObservationConfirm_WideStop1_5R|Primary
OPF-20260725-213746,2026-05-27,20260527-0315-BEAR-OBS-001119-Z001119-OC,ObservationConfirm,Short,Primary,None,2026-05-27 03:20:00,16.5,20.0,Accepted,,2026-05-27 03:55:00,TP,148.5,144.9,99.0,True,20260527-0315-BEAR-OBS-001119-Z001119-OC|ObservationConfirm|Primary
OPF-20260725-213746,2026-05-27,20260527-0350-BEAR-OBS-001126-Z001126-OC,ObservationConfirm,Short,Secondary,Same,2026-05-27 03:55:00,21.25,22.0,Accepted,,2026-05-27 04:05:00,SL,-127.5,-131.1,127.5,True,20260527-0350-BEAR-OBS-001126-Z001126-OC|ObservationConfirm|Secondary
OPF-20260725-213746,2026-05-27,20260527-0720-BULL-OBS-001168-Z001168-OC,ObservationConfirm,Long,Primary,None,2026-05-27 07:25:00,11.25,12.0,Accepted,,2026-05-27 07:45:00,SL,-67.5,-71.1,67.5,True,20260527-0720-BULL-OBS-001168-Z001168-OC|ObservationConfirm|Primary
OPF-20260725-213746,2026-05-27,20260527-0730-BULL-OBS-001170-Z001169-OC,ObservationConfirm_WideStop1_5R,Long,Secondary,Same,2026-05-27 07:40:00,19.0,22.0,Accepted,,2026-05-27 08:15:00,TP,342.0,338.4,114.0,True,20260527-0730-BULL-OBS-001170-Z001169-OC|ObservationConfirm_WideStop1_5R|Secondary
OPF-20260725-213746,2026-05-27,20260527-1040-BEAR-OBS-001208-Z001207-OC,ObservationConfirm,Short,Primary,None,2026-05-27 10:45:00,6.583333333333333,11.0,Accepted,,2026-05-27 10:50:00,SL,-39.5,-43.1,39.5,True,20260527-1040-BEAR-OBS-001208-Z001207-OC|ObservationConfirm|Primary
OPF-20260725-213746,2026-05-27,20260527-1830-BULL-OBS-001302-Z001302-OC,ObservationConfirm_WideStop1_5R,Long,Primary,None,2026-05-27 18:40:00,18.25,18.0,Accepted,,2026-05-27 19:00:00,SL,-109.5,-113.1,109.5,False,20260527-1830-BULL-OBS-001302-Z001302-OC|ObservationConfirm_WideStop1_5R|Primary
OPF-20260725-213959,2026-05-28,20260528-0550-BEAR-OBS-001150-Z001122,UnknownRegimeZoneTouch,Short,Primary,None,2026-05-28 05:50:00,11.75,25.0,Accepted,,2026-05-28 06:00:00,SL,-70.5,-74.1,70.5,True,20260528-0550-BEAR-OBS-001150-Z001122|UnknownRegimeZoneTouch|Primary
OPF-20260725-213959,2026-05-28,20260528-0610-BEAR-OBS-001154-Z001121,UnknownRegimeZoneTouch,Short,Primary,None,2026-05-28 06:10:00,5.333333333333333,25.0,Accepted,,2026-05-28 06:15:00,SL,-32.0,-35.6,32.0,True,20260528-0610-BEAR-OBS-001154-Z001121|UnknownRegimeZoneTouch|Primary
OPF-20260725-213959,2026-05-28,20260528-0635-BEAR-OBS-001159-Z001159-OC,ObservationConfirm,Short,Primary,None,2026-05-28 06:45:00,12.916666666666666,20.0,Accepted,,2026-05-28 06:50:00,TP,116.25,112.65,77.5,True,20260528-0635-BEAR-OBS-001159-Z001159-OC|ObservationConfirm|Primary
OPF-20260725-213959,2026-05-28,20260528-0705-BEAR-OBS-001165-Z001118-OC,ObservationConfirm,Short,Primary,None,2026-05-28 07:10:00,19.666666666666664,20.0,Accepted,,2026-05-28 08:00:00,SL,-118.0,-121.6,117.99999999999999,True,20260528-0705-BEAR-OBS-001165-Z001118-OC|ObservationConfirm|Primary
OPF-20260725-213959,2026-05-28,20260528-1020-BEAR-BRK-001204-Z001204,BreakawayFvg,Short,Primary,None,2026-05-28 10:20:00,25.25,30.0,Accepted,,2026-05-28 11:35:00,BE,0.0,-3.6,151.5,True,20260528-1020-BEAR-BRK-001204-Z001204|BreakawayFvg|Primary
OPF-20260725-213959,2026-05-28,20260528-1545-BULL-PB-001269-Z001266,AlmostConfirmed,Long,Primary,None,2026-05-28 15:45:00,6.25,25.0,Accepted,,2026-05-28 15:50:00,TP,150.0,146.4,37.5,True,20260528-1545-BULL-PB-001269-Z001266|AlmostConfirmed|Primary
OPF-20260725-213959,2026-05-28,20260528-2015-BULL-PB-001323-Z001322,AlmostConfirmed,Long,Primary,None,2026-05-28 20:15:00,8.25,25.0,Accepted,,2026-05-28 20:20:00,SL,-49.5,-53.1,49.5,False,20260528-2015-BULL-PB-001323-Z001322|AlmostConfirmed|Primary
OPF-20260725-213959,2026-05-28,20260528-2010-BULL-OBS-001322-Z001322-OC,ObservationConfirm_WideStop1_5R,Long,Secondary,Same,2026-05-28 20:15:00,12.0,22.0,Accepted,,2026-05-28 20:50:00,PATH_END,-34.5,-38.1,72.0,False,20260528-2010-BULL-OBS-001322-Z001322-OC|ObservationConfirm_WideStop1_5R|Secondary
OPF-20260725-214159,2026-05-29,20260528-2245-BULL-OBS-001065-Z001065-OC,ObservationConfirm_WideStop1_5R,Long,Primary,None,2026-05-28 22:50:00,6.0,18.0,Accepted,,2026-05-28 22:50:00,SL,-36.0,-39.6,36.0,True,20260528-2245-BULL-OBS-001065-Z001065-OC|ObservationConfirm_WideStop1_5R|Primary
OPF-20260725-214159,2026-05-29,20260528-2325-BULL-OBS-001073-Z001072-FR,FailureReverse_ObservationInvalidated_WideStop1_5R,Short,Primary,None,2026-05-28 23:30:00,11.5,25.0,Accepted,,2026-05-29 00:30:00,TP,276.0,272.4,69.0,True,20260528-2325-BULL-OBS-001073-Z001072-FR|FailureReverse_ObservationInvalidated_WideStop1_5R|Primary
OPF-20260725-214159,2026-05-29,20260529-0410-BULL-OBS-001130-Z001130-OC,ObservationConfirm,Long,Primary,None,2026-05-29 04:15:00,11.0,12.0,Accepted,,2026-05-29 06:05:00,TP,264.0,260.4,66.0,True,20260529-0410-BULL-OBS-001130-Z001130-OC|ObservationConfirm|Primary
OPF-20260725-214159,2026-05-29,20260529-0410-BULL-OBS-001130-Z001130-OC,ObservationConfirm_WideStop1_5R,Long,Secondary,Same,2026-05-29 04:15:00,16.36999999999898,18.0,Accepted,,2026-05-29 05:10:00,TIME_STOP,199.5,195.9,98.21999999999389,True,20260529-0410-BULL-OBS-001130-Z001130-OC|ObservationConfirm_WideStop1_5R|Secondary
OPF-20260725-214159,2026-05-29,20260529-0650-BULL-OBS-001162-Z001162-OC,ObservationConfirm_WideStop1_5R,Long,Primary,None,2026-05-29 06:55:00,24.0,25.0,Accepted,,2026-05-29 07:10:00,SL,-144.0,-147.6,144.0,True,20260529-0650-BULL-OBS-001162-Z001162-OC|ObservationConfirm_WideStop1_5R|Primary
OPF-20260725-214159,2026-05-29,20260529-0735-BEAR-OBS-001171-Z001171-OC,ObservationConfirm,Short,Primary,None,2026-05-29 07:40:00,18.25,20.0,Accepted,,2026-05-29 07:50:00,SL,-109.5,-113.1,109.5,False,20260529-0735-BEAR-OBS-001171-Z001171-OC|ObservationConfirm|Primary
OPF-20260725-214405,2026-06-01,20260601-0245-BEAR-OBS-001161-Z001161,ZoneBirthResearch,Short,Primary,None,2026-06-01 02:45:00,8.083333333333332,8.0,Accepted,,2026-06-01 03:00:00,SPLIT_BASE_SL_RUNNER_SL,-48.5,-52.1,48.49999999999999,True,20260601-0245-BEAR-OBS-001161-Z001161|ZoneBirthResearch|Primary
OPF-20260725-214405,2026-06-01,20260601-0305-BULL-OBS-001165-Z001165-OC,ObservationConfirm,Long,Primary,None,2026-06-01 03:10:00,9.75,12.0,Accepted,,2026-06-01 03:15:00,SL,-58.5,-62.1,58.5,True,20260601-0305-BULL-OBS-001165-Z001165-OC|ObservationConfirm|Primary
OPF-20260725-214405,2026-06-01,20260601-0405-BULL-OBS-001177-Z001177-OC,ObservationConfirm,Long,Primary,None,2026-06-01 04:10:00,12.0,12.0,Accepted,,2026-06-01 07:05:00,TIME_STOP,127.5,123.9,72.0,True,20260601-0405-BULL-OBS-001177-Z001177-OC|ObservationConfirm|Primary
OPF-20260725-214405,2026-06-01,20260601-0405-BULL-OBS-001177-Z001177-OC,ObservationConfirm_WideStop1_5R,Long,Secondary,Same,2026-06-01 04:10:00,17.5,18.0,Accepted,,2026-06-01 05:05:00,TIME_STOP,46.5,42.9,105.0,True,20260601-0405-BULL-OBS-001177-Z001177-OC|ObservationConfirm_WideStop1_5R|Secondary
OPF-20260725-214405,2026-06-01,20260601-0550-BULL-OBS-001198-Z001198-OC,ObservationConfirm_WideStop1_5R,Long,Secondary,Same,2026-06-01 06:05:00,12.5,18.0,Accepted,,2026-06-01 06:10:00,SL,-75.0,-78.6,75.0,True,20260601-0550-BULL-OBS-001198-Z001198-OC|ObservationConfirm_WideStop1_5R|Secondary
OPF-20260725-214405,2026-06-01,20260601-0725-BEAR-OBS-001217-Z001217-OC,ObservationConfirm,Short,Primary,None,2026-06-01 07:30:00,19.0,20.0,Accepted,,2026-06-01 07:40:00,TP,171.0,167.4,114.0,True,20260601-0725-BEAR-OBS-001217-Z001217-OC|ObservationConfirm|Primary
OPF-20260725-214405,2026-06-01,20260601-0740-BEAR-OBS-001220-Z001220-OC,ObservationConfirm,Short,Primary,None,2026-06-01 07:45:00,19.25,20.0,Accepted,,2026-06-01 08:15:00,TP,173.25,169.65,115.5,True,20260601-0740-BEAR-OBS-001220-Z001220-OC|ObservationConfirm|Primary
OPF-20260725-214405,2026-06-01,20260601-0905-BULL-OBS-001237-Z001236-FR,FailureReverse_ObservationInvalidated_WideStop1_5R,Short,Primary,None,2026-06-01 09:10:00,23.583333333333332,25.0,Accepted,,2026-06-01 12:05:00,TIME_STOP,298.0,294.4,141.5,True,20260601-0905-BULL-OBS-001237-Z001236-FR|FailureReverse_ObservationInvalidated_WideStop1_5R|Primary
OPF-20260725-214405,2026-06-01,20260601-0950-BEAR-OBS-001246-Z001246,ZoneBirthResearch,Short,Secondary,Same,2026-06-01 09:50:00,5.0,8.0,Accepted,,2026-06-01 09:55:00,SPLIT_BASE_SL_RUNNER_SL,-30.0,-33.6,30.0,True,20260601-0950-BEAR-OBS-001246-Z001246|ZoneBirthResearch|Secondary
OPF-20260725-214405,2026-06-01,20260601-1815-BEAR-OBS-001347-Z001347-OC,ObservationConfirm_WideStop1_5R,Short,Primary,None,2026-06-01 18:20:00,9.666666666666666,22.0,Accepted,,2026-06-01 18:30:00,TP,87.0,83.4,58.0,False,20260601-1815-BEAR-OBS-001347-Z001347-OC|ObservationConfirm_WideStop1_5R|Primary
OPF-20260725-214607,2026-06-02,20260602-0150-BEAR-OBS-001150-Z001150,ZoneBirthResearch,Short,Primary,None,2026-06-02 01:50:00,7.5,8.0,Accepted,,2026-06-02 02:15:00,SPLIT_BASE_TP_RUNNER_BE,75.0,71.4,45.0,True,20260602-0150-BEAR-OBS-001150-Z001150|ZoneBirthResearch|Primary
OPF-20260725-214607,2026-06-02,20260602-0240-BULL-OBS-001160-Z001159-OC,ObservationConfirm,Long,Primary,None,2026-06-02 02:45:00,7.416666666666665,12.0,Accepted,,2026-06-02 02:55:00,TP,66.75,63.15,44.49999999999999,True,20260602-0240-BULL-OBS-001160-Z001159-OC|ObservationConfirm|Primary
OPF-20260725-214607,2026-06-02,20260602-0325-BEAR-OBS-001169-Z001168-OC,ObservationConfirm,Short,Primary,None,2026-06-02 03:30:00,17.75,20.0,Accepted,,2026-06-02 03:35:00,SL,-106.5,-110.1,106.5,True,20260602-0325-BEAR-OBS-001169-Z001168-OC|ObservationConfirm|Primary
OPF-20260725-214607,2026-06-02,20260602-0405-BULL-OBS-001177-Z001177-OC,ObservationConfirm,Long,Primary,None,2026-06-02 04:10:00,10.75,12.0,Accepted,,2026-06-02 04:45:00,TP,258.0,254.4,64.5,True,20260602-0405-BULL-OBS-001177-Z001177-OC|ObservationConfirm|Primary
OPF-20260725-214607,2026-06-02,20260602-0625-BULL-OBS-001205-Z001204-OC,ObservationConfirm_WideStop1_5R,Long,Primary,None,2026-06-02 06:35:00,24.75,25.0,Accepted,,2026-06-02 07:30:00,TIME_STOP,151.5,147.9,148.5,True,20260602-0625-BULL-OBS-001205-Z001204-OC|ObservationConfirm_WideStop1_5R|Primary
OPF-20260725-214607,2026-06-02,20260602-0725-BULL-OBS-001217-Z001213-OC,ObservationConfirm,Long,Secondary,Same,2026-06-02 07:30:00,11.333333333333332,12.0,Accepted,,2026-06-02 07:45:00,SL,-68.0,-71.6,68.0,True,20260602-0725-BULL-OBS-001217-Z001213-OC|ObservationConfirm|Secondary
OPF-20260725-214607,2026-06-02,20260602-1035-BEAR-OBS-001255-Z001255-OC,ObservationConfirm,Short,Primary,None,2026-06-02 10:40:00,11.583333333333332,18.0,Accepted,,2026-06-02 11:00:00,TP,104.25,100.65,69.5,True,20260602-1035-BEAR-OBS-001255-Z001255-OC|ObservationConfirm|Primary
OPF-20260725-214607,2026-06-02,20260602-1515-BULL-OBS-001311-Z001311-OC,ObservationConfirm_WideStop1_5R,Long,Primary,None,2026-06-02 15:20:00,19.5,22.0,Accepted,,2026-06-02 15:30:00,SL,-117.0,-120.6,117.0,True,20260602-1515-BULL-OBS-001311-Z001311-OC|ObservationConfirm_WideStop1_5R|Primary
OPF-20260725-214607,2026-06-02,20260602-1800-BEAR-OBS-001344-Z001344,ZoneBirthResearch,Short,Primary,None,2026-06-02 18:00:00,12.75,18.0,Accepted,,2026-06-02 18:05:00,SPLIT_BASE_SL_RUNNER_SL,-76.5,-80.1,76.5,True,20260602-1800-BEAR-OBS-001344-Z001344|ZoneBirthResearch|Primary
OPF-20260725-214607,2026-06-02,20260602-1820-BEAR-OBS-001348-Z001348,ZoneBirthResearch,Short,Primary,None,2026-06-02 18:20:00,8.583333333333332,8.0,Accepted,,2026-06-02 18:25:00,SPLIT_BASE_SL_RUNNER_SL,-51.5,-55.1,51.49999999999999,False,20260602-1820-BEAR-OBS-001348-Z001348|ZoneBirthResearch|Primary
OPF-20260725-214810,2026-06-03,20260603-0140-BEAR-OBS-001148-Z001148-OC,ObservationConfirm_WideStop1_5R,Short,Primary,None,2026-06-03 01:45:00,17.583333333333332,18.0,Accepted,,2026-06-03 01:50:00,SL,-105.5,-109.1,105.5,True,20260603-0140-BEAR-OBS-001148-Z001148-OC|ObservationConfirm_WideStop1_5R|Primary
OPF-20260725-214810,2026-06-03,20260603-0410-BEAR-OBS-001178-Z001114-OC,ObservationConfirm,Short,Primary,None,2026-06-03 04:15:00,20.25,20.0,Accepted,,2026-06-03 05:00:00,TP,182.25,178.65,121.5,True,20260603-0410-BEAR-OBS-001178-Z001114-OC|ObservationConfirm|Primary
OPF-20260725-214810,2026-06-03,20260603-0455-BULL-OBS-001187-Z001175-FR,FailureReverse_ObservationInvalidated_WideStop1_5R,Short,Secondary,Same,2026-06-03 05:00:00,7.0,25.0,Accepted,,2026-06-03 05:05:00,SL,-42.0,-45.6,42.0,True,20260603-0455-BULL-OBS-001187-Z001175-FR|FailureReverse_ObservationInvalidated_WideStop1_5R|Secondary
OPF-20260725-214810,2026-06-03,20260603-0510-BULL-OBS-001190-Z001190-OC,ObservationConfirm_WideStop1_5R,Long,Primary,None,2026-06-03 05:15:00,17.0,18.0,Accepted,,2026-06-03 05:30:00,SL,-102.0,-105.6,102.0,True,20260603-0510-BULL-OBS-001190-Z001190-OC|ObservationConfirm_WideStop1_5R|Primary
OPF-20260725-214810,2026-06-03,20260603-0840-BEAR-OBS-001232-Z001232,ZoneBirthResearch,Short,Primary,None,2026-06-03 08:40:00,7.25,8.0,Accepted,,2026-06-03 08:45:00,SPLIT_BASE_SL_RUNNER_SL,-43.5,-47.1,43.5,True,20260603-0840-BEAR-OBS-001232-Z001232|ZoneBirthResearch|Primary
OPF-20260725-214810,2026-06-03,20260603-1030-BULL-OBS-001254-Z001254-OC,ObservationConfirm,Long,Primary,None,2026-06-03 10:35:00,10.5,12.0,Accepted,,2026-06-03 10:40:00,SL,-63.0,-66.6,63.0,True,20260603-1030-BULL-OBS-001254-Z001254-OC|ObservationConfirm|Primary
OPF-20260725-214810,2026-06-03,20260603-1830-BULL-OBS-001350-Z001350-FR,FailureReverse_ObservationInvalidated_WideStop1_5R,Short,Primary,None,2026-06-03 18:35:00,24.0,25.0,Accepted,,2026-06-03 19:35:00,SL,-144.0,-147.6,144.0,True,20260603-1830-BULL-OBS-001350-Z001350-FR|FailureReverse_ObservationInvalidated_WideStop1_5R|Primary
OPF-20260725-215022,2026-06-04,20260604-0515-BEAR-OBS-001191-Z001190-OC,ObservationConfirm,Short,Primary,None,2026-06-04 05:20:00,20.666666666666664,20.0,Accepted,,2026-06-04 05:30:00,SL,-124.0,-127.6,123.99999999999999,True,20260604-0515-BEAR-OBS-001191-Z001190-OC|ObservationConfirm|Primary
OPF-20260725-215022,2026-06-04,20260604-0640-BULL-OBS-001208-Z001208-OC,ObservationConfirm_WideStop1_5R,Long,Primary,None,2026-06-04 06:45:00,24.25,25.0,Accepted,,2026-06-04 07:40:00,TIME_STOP,-36.0,-39.6,145.5,True,20260604-0640-BULL-OBS-001208-Z001208-OC|ObservationConfirm_WideStop1_5R|Primary
OPF-20260725-215022,2026-06-04,20260604-1005-BEAR-OBS-001249-Z001249-OC,ObservationConfirm,Short,Primary,None,2026-06-04 10:10:00,21.0,22.0,Accepted,,2026-06-04 10:25:00,TP,189.0,185.4,126.0,False,20260604-1005-BEAR-OBS-001249-Z001249-OC|ObservationConfirm|Primary
OPF-20260725-215237,2026-06-05,20260604-2225-BEAR-OBS-001109-Z001109,ZoneBirthResearch,Short,Primary,None,2026-06-04 22:25:00,18.333333333333332,18.0,Accepted,,2026-06-04 22:50:00,SPLIT_BASE_SL_RUNNER_SL,-110.0,-113.6,110.0,True,20260604-2225-BEAR-OBS-001109-Z001109|ZoneBirthResearch|Primary
OPF-20260725-215237,2026-06-05,20260605-0250-BEAR-OBS-001162-Z001161-OC,ObservationConfirm,Short,Primary,None,2026-06-05 02:55:00,17.0,20.0,Accepted,,2026-06-05 03:05:00,TP,153.0,149.4,102.0,True,20260605-0250-BEAR-OBS-001162-Z001161-OC|ObservationConfirm|Primary
OPF-20260725-215237,2026-06-05,20260605-0455-BULL-OBS-001187-Z001187-FR,FailureReverse_ObservationInvalidated_WideStop1_5R,Short,Primary,None,2026-06-05 05:00:00,23.666666666666664,25.0,Accepted,,2026-06-05 06:40:00,TP,568.0,564.4,142.0,True,20260605-0455-BULL-OBS-001187-Z001187-FR|FailureReverse_ObservationInvalidated_WideStop1_5R|Primary
OPF-20260725-215237,2026-06-05,20260605-0500-BULL-OBS-001188-Z001186-FR,FailureReverse_ObservationInvalidated_WideStop1_5R,Short,Secondary,Same,2026-06-05 05:05:00,16.333333333333332,25.0,Accepted,,2026-06-05 05:20:00,SL,-98.0,-101.6,98.0,True,20260605-0500-BULL-OBS-001188-Z001186-FR|FailureReverse_ObservationInvalidated_WideStop1_5R|Secondary
OPF-20260725-215237,2026-06-05,20260605-0640-BEAR-BRK-001208-Z001208,BreakawayFvg,Short,Secondary,Same,2026-06-05 06:40:00,21.75,30.0,Accepted,,2026-06-05 06:50:00,SL,-130.5,-134.1,130.5,True,20260605-0640-BEAR-BRK-001208-Z001208|BreakawayFvg|Secondary
OPF-20260725-215237,2026-06-05,20260605-0840-BEAR-OBS-001232-Z001232-OC,ObservationConfirm,Short,Primary,None,2026-06-05 08:45:00,19.75,20.0,Accepted,,2026-06-05 08:55:00,TP,177.75,174.15,118.5,True,20260605-0840-BEAR-OBS-001232-Z001232-OC|ObservationConfirm|Primary
OPF-20260725-215237,2026-06-05,20260605-0955-BULL-OBS-001247-Z001246-OC,ObservationConfirm_WideStop1_5R,Long,Primary,None,2026-06-05 10:00:00,22.75,25.0,Accepted,,2026-06-05 10:55:00,TIME_STOP,-48.0,-51.6,136.5,True,20260605-0955-BULL-OBS-001247-Z001246-OC|ObservationConfirm_WideStop1_5R|Primary
OPF-20260725-215237,2026-06-05,20260605-1205-BEAR-BRK-001273-Z001273,BreakawayFvg,Short,Primary,None,2026-06-05 12:05:00,18.416666666666664,30.0,Accepted,,2026-06-05 12:15:00,SL,-110.5,-114.1,110.49999999999999,True,20260605-1205-BEAR-BRK-001273-Z001273|BreakawayFvg|Primary
OPF-20260725-215237,2026-06-05,20260605-2035-BEAR-OBS-001375-Z001375-OC,ObservationConfirm,Short,Primary,None,2026-06-05 20:40:00,21.0,22.0,Accepted,,2026-06-05 20:45:00,TP,189.0,185.4,126.0,False,20260605-2035-BEAR-OBS-001375-Z001375-OC|ObservationConfirm|Primary
OPF-20260725-215512,2026-06-08,20260608-0405-BEAR-OBS-001177-Z001177,ZoneBirthResearch,Short,Primary,None,2026-06-08 04:05:00,18.0,18.0,Accepted,,2026-06-08 04:40:00,SPLIT_BASE_TP_RUNNER_TP,324.0,320.4,108.0,True,20260608-0405-BEAR-OBS-001177-Z001177|ZoneBirthResearch|Primary
OPF-20260725-215512,2026-06-08,20260608-0450-BEAR-OBS-001186-Z001184,UnknownRegimeZoneTouch,Short,Primary,None,2026-06-08 04:50:00,19.75,25.0,Accepted,,2026-06-08 05:00:00,SL,-118.5,-122.1,118.5,True,20260608-0450-BEAR-OBS-001186-Z001184|UnknownRegimeZoneTouch|Primary
OPF-20260725-215512,2026-06-08,20260608-0920-BEAR-OBS-001240-Z001233-OC,ObservationConfirm,Short,Primary,None,2026-06-08 09:25:00,18.916666666666664,20.0,Accepted,,2026-06-08 09:35:00,SL,-113.5,-117.1,113.49999999999999,False,20260608-0920-BEAR-OBS-001240-Z001233-OC|ObservationConfirm|Primary
OPF-20260725-215738,2026-06-09,20260608-2255-BEAR-OBS-001115-Z001105-OC,ObservationConfirm,Short,Primary,None,2026-06-08 23:00:00,18.5,20.0,Accepted,,2026-06-08 23:10:00,SL,-111.0,-114.6,111.0,True,20260608-2255-BEAR-OBS-001115-Z001105-OC|ObservationConfirm|Primary
OPF-20260725-215738,2026-06-09,20260609-1120-BULL-PB-001264-Z001259,AlmostConfirmed,Long,Primary,None,2026-06-09 11:20:00,9.83333333333333,25.0,Accepted,,2026-06-09 11:40:00,TP,236.0,232.4,58.999999999999986,True,20260609-1120-BULL-PB-001264-Z001259|AlmostConfirmed|Primary
OPF-20260725-215738,2026-06-09,20260609-1245-BEAR-OBS-001281-Z001281-OC,ObservationConfirm,Short,Primary,None,2026-06-09 12:50:00,19.25,20.0,Accepted,,2026-06-09 12:55:00,SL,-115.5,-119.1,115.5,False,20260609-1245-BEAR-OBS-001281-Z001281-OC|ObservationConfirm|Primary
OPF-20260725-220036,2026-06-10,20260610-0340-BEAR-OBS-001172-Z001172-OC,ObservationConfirm,Short,Primary,None,2026-06-10 03:45:00,18.25,20.0,Accepted,,2026-06-10 03:55:00,SL,-109.5,-113.1,109.5,False,20260610-0340-BEAR-OBS-001172-Z001172-OC|ObservationConfirm|Primary
OPF-20260725-220317,2026-06-11,20260611-0340-BULL-OBS-001172-Z001172-OC,ObservationConfirm_WideStop1_5R,Long,Primary,None,2026-06-11 03:45:00,25.5,25.0,Accepted,,2026-06-11 04:35:00,TP,459.0,455.4,153.0,True,20260611-0340-BULL-OBS-001172-Z001172-OC|ObservationConfirm_WideStop1_5R|Primary
OPF-20260725-220317,2026-06-11,20260611-0640-BULL-OBS-001208-Z001208-OC,ObservationConfirm_WideStop1_5R,Long,Primary,None,2026-06-11 06:45:00,20.666666666666664,22.0,Accepted,,2026-06-11 07:20:00,TP,372.0,368.4,123.99999999999999,True,20260611-0640-BULL-OBS-001208-Z001208-OC|ObservationConfirm_WideStop1_5R|Primary
OPF-20260725-220317,2026-06-11,20260611-1110-BEAR-OBS-001262-Z001262-OC,ObservationConfirm_WideStop1_5R,Short,Primary,None,2026-06-11 11:15:00,9.58333333333333,22.0,Accepted,,2026-06-11 11:25:00,TP,86.25,82.65,57.499999999999986,False,20260611-1110-BEAR-OBS-001262-Z001262-OC|ObservationConfirm_WideStop1_5R|Primary
OPF-20260725-220613,2026-06-12,20260612-0715-BEAR-BRK-001215-Z001215,BreakawayFvg,Short,Primary,None,2026-06-12 07:15:00,12.0,30.0,Accepted,,2026-06-12 07:20:00,BE,0.0,-3.6,72.0,True,20260612-0715-BEAR-BRK-001215-Z001215|BreakawayFvg|Primary
OPF-20260725-220613,2026-06-12,20260612-1820-BEAR-OBS-001348-Z001348,ZoneBirthResearch,Short,Primary,None,2026-06-12 18:20:00,16.416666666666664,18.0,Accepted,,2026-06-12 18:25:00,SPLIT_BASE_SL_RUNNER_SL,-98.5,-102.1,98.49999999999999,True,20260612-1820-BEAR-OBS-001348-Z001348|ZoneBirthResearch|Primary
OPF-20260725-220613,2026-06-12,20260612-2040-BEAR-OBS-001376-Z001374-OC,ObservationConfirm,Short,Primary,None,2026-06-12 20:45:00,18.0,20.0,Accepted,,2026-06-12 20:50:00,PATH_END,46.5,42.9,108.0,False,20260612-2040-BEAR-OBS-001376-Z001374-OC|ObservationConfirm|Primary
OPF-20260725-220826,2026-06-15,20260615-0420-BEAR-OBS-001180-Z001173-FR,FailureReverse_ObservationInvalidated,Long,Primary,None,2026-06-15 04:25:00,12.5,25.0,Accepted,,2026-06-15 05:10:00,TP,187.5,183.9,75.0,True,20260615-0420-BEAR-OBS-001180-Z001173-FR|FailureReverse_ObservationInvalidated|Primary
OPF-20260725-220826,2026-06-15,20260615-0510-BULL-OBS-001190-Z001190-OC,ObservationConfirm_WideStop1_5R,Long,Primary,None,2026-06-15 05:15:00,18.25,22.0,Accepted,,2026-06-15 05:30:00,SL,-109.5,-113.1,109.5,True,20260615-0510-BULL-OBS-001190-Z001190-OC|ObservationConfirm_WideStop1_5R|Primary
OPF-20260725-220826,2026-06-15,20260615-0600-BULL-OBS-001200-Z001200-OC,ObservationConfirm,Long,Primary,None,2026-06-15 06:05:00,10.25,12.0,Accepted,,2026-06-15 06:15:00,SL,-61.5,-65.1,61.5,True,20260615-0600-BULL-OBS-001200-Z001200-OC|ObservationConfirm|Primary
OPF-20260725-220826,2026-06-15,20260615-0855-BEAR-OBS-001235-Z001235-OC,ObservationConfirm,Short,Primary,None,2026-06-15 09:00:00,7.333333333333333,11.0,Accepted,,2026-06-15 09:10:00,TP,66.0,62.4,44.0,True,20260615-0855-BEAR-OBS-001235-Z001235-OC|ObservationConfirm|Primary
OPF-20260725-220826,2026-06-15,20260615-1000-BEAR-OBS-001248-Z001240-OC,ObservationConfirm,Short,Primary,None,2026-06-15 10:05:00,18.666666666666664,20.0,Accepted,,2026-06-15 11:00:00,SL,-112.0,-115.6,111.99999999999999,True,20260615-1000-BEAR-OBS-001248-Z001240-OC|ObservationConfirm|Primary
OPF-20260725-220826,2026-06-15,20260615-1120-BULL-OBS-001264-Z001264-OC,ObservationConfirm_WideStop1_5R,Long,Primary,None,2026-06-15 11:25:00,20.5,22.0,Accepted,,2026-06-15 11:30:00,SL,-123.0,-126.6,123.0,True,20260615-1120-BULL-OBS-001264-Z001264-OC|ObservationConfirm_WideStop1_5R|Primary
OPF-20260725-220826,2026-06-15,20260615-2025-BEAR-OBS-001373-Z001373-OC,ObservationConfirm,Short,Primary,None,2026-06-15 20:30:00,4.5,11.0,Accepted,,2026-06-15 20:30:00,TP,40.5,36.9,27.0,False,20260615-2025-BEAR-OBS-001373-Z001373-OC|ObservationConfirm|Primary
OPF-20260725-221029,2026-06-16,20260616-0235-BULL-OBS-001159-Z001159-OC,ObservationConfirm_WideStop1_5R,Long,Primary,None,2026-06-16 02:40:00,18.25,18.0,Accepted,,2026-06-16 02:50:00,SL,-109.5,-113.1,109.5,True,20260616-0235-BULL-OBS-001159-Z001159-OC|ObservationConfirm_WideStop1_5R|Primary
OPF-20260725-221029,2026-06-16,20260616-0950-BEAR-OBS-001246-Z001245-OC,ObservationConfirm,Short,Primary,None,2026-06-16 09:55:00,17.0,20.0,Accepted,,2026-06-16 10:05:00,SL,-102.0,-105.6,102.0,True,20260616-0950-BEAR-OBS-001246-Z001245-OC|ObservationConfirm|Primary
OPF-20260725-221029,2026-06-16,20260616-1010-BULL-OBS-001250-Z001250-OC,ObservationConfirm,Long,Primary,None,2026-06-16 10:15:00,10.5,12.0,Accepted,,2026-06-16 10:35:00,TP,252.0,248.4,63.0,True,20260616-1010-BULL-OBS-001250-Z001250-OC|ObservationConfirm|Primary
OPF-20260725-221029,2026-06-16,20260616-1040-BULL-OBS-001256-Z001256-OC,ObservationConfirm_WideStop1_5R,Long,Primary,None,2026-06-16 10:45:00,17.916666666666664,18.0,Accepted,,2026-06-16 11:40:00,TIME_STOP,183.5,179.9,107.49999999999999,False,20260616-1040-BULL-OBS-001256-Z001256-OC|ObservationConfirm_WideStop1_5R|Primary
OPF-20260725-221250,2026-06-17,20260617-0035-BULL-OBS-001135-Z001135-OC,ObservationConfirm,Long,Primary,None,2026-06-17 00:40:00,9.75,12.0,Accepted,,2026-06-17 00:45:00,SL,-58.5,-62.1,58.5,True,20260617-0035-BULL-OBS-001135-Z001135-OC|ObservationConfirm|Primary
OPF-20260725-221250,2026-06-17,20260617-0125-BULL-OBS-001145-Z001145-OC,ObservationConfirm,Long,Primary,None,2026-06-17 01:30:00,11.25,12.0,Accepted,,2026-06-17 03:50:00,TP,270.0,266.4,67.5,True,20260617-0125-BULL-OBS-001145-Z001145-OC|ObservationConfirm|Primary
OPF-20260725-221250,2026-06-17,20260617-0125-BULL-OBS-001145-Z001145-OC,ObservationConfirm_WideStop1_5R,Long,Secondary,Same,2026-06-17 01:30:00,17.0,22.0,Accepted,,2026-06-17 02:25:00,TIME_STOP,189.0,185.4,102.0,True,20260617-0125-BULL-OBS-001145-Z001145-OC|ObservationConfirm_WideStop1_5R|Secondary
OPF-20260725-221250,2026-06-17,20260617-0525-BULL-OBS-001193-Z001192-OC,ObservationConfirm_WideStop1_5R,Long,Primary,None,2026-06-17 05:30:00,20.25,22.0,Accepted,,2026-06-17 06:25:00,TIME_STOP,-61.5,-65.1,121.5,True,20260617-0525-BULL-OBS-001193-Z001192-OC|ObservationConfirm_WideStop1_5R|Primary
OPF-20260725-221250,2026-06-17,20260617-0520-BULL-OBS-001192-Z001192-OC,ObservationConfirm_WideStop1_5R,Long,Secondary,Same,2026-06-17 05:30:00,20.25,22.0,Accepted,,2026-06-17 06:25:00,TIME_STOP,-61.5,-65.1,121.5,True,20260617-0520-BULL-OBS-001192-Z001192-OC|ObservationConfirm_WideStop1_5R|Secondary
OPF-20260725-221250,2026-06-17,20260617-0645-BULL-OBS-001209-Z001209-OC,ObservationConfirm,Long,Primary,None,2026-06-17 06:50:00,10.25,12.0,Accepted,,2026-06-17 07:10:00,TP,246.0,242.4,61.5,True,20260617-0645-BULL-OBS-001209-Z001209-OC|ObservationConfirm|Primary
OPF-20260725-221250,2026-06-17,20260617-0815-BEAR-OBS-001227-Z001227-OC,ObservationConfirm,Short,Primary,None,2026-06-17 08:20:00,20.083333333333332,20.0,Accepted,,2026-06-17 08:30:00,TP,180.75,177.15,120.5,True,20260617-0815-BEAR-OBS-001227-Z001227-OC|ObservationConfirm|Primary
OPF-20260725-221250,2026-06-17,20260617-1130-BEAR-OBS-001266-Z001266,ZoneBirthResearch,Short,Primary,None,2026-06-17 11:30:00,12.75,18.0,Accepted,,2026-06-17 12:20:00,SPLIT_BASE_TP_RUNNER_BE,127.5,123.9,76.5,False,20260617-1130-BEAR-OBS-001266-Z001266|ZoneBirthResearch|Primary
OPF-20260725-221516,2026-06-18,20260618-0210-BULL-OBS-001154-Z001154-FR-RT,FailureReverse_RetestFailed,Short,Primary,None,2026-06-18 02:25:00,7.916666666666665,11.0,Accepted,,2026-06-18 02:30:00,TP,71.25,67.65,47.49999999999999,True,20260618-0210-BULL-OBS-001154-Z001154-FR-RT|FailureReverse_RetestFailed|Primary
OPF-20260725-221516,2026-06-18,20260618-0420-BEAR-BRK-001180-Z001180,BreakawayFvg,Short,Primary,None,2026-06-18 04:20:00,20.25,30.0,Accepted,,2026-06-18 04:50:00,BE,0.0,-3.6,121.5,True,20260618-0420-BEAR-BRK-001180-Z001180|BreakawayFvg|Primary
OPF-20260725-221516,2026-06-18,20260618-0420-BEAR-OBS-001180-Z001180-OC,ObservationConfirm,Short,Secondary,Same,2026-06-18 04:25:00,21.25,22.0,Accepted,,2026-06-18 04:40:00,TP,191.25,187.65,127.5,True,20260618-0420-BEAR-OBS-001180-Z001180-OC|ObservationConfirm|Secondary
OPF-20260725-221516,2026-06-18,20260618-0625-BEAR-OBS-001205-Z001178-OC,ObservationConfirm,Short,Primary,None,2026-06-18 06:30:00,19.833333333333332,20.0,Accepted,,2026-06-18 06:40:00,TP,178.5,174.9,119.0,True,20260618-0625-BEAR-OBS-001205-Z001178-OC|ObservationConfirm|Primary
OPF-20260725-221516,2026-06-18,20260618-0725-BULL-OBS-001217-Z001217-OC,ObservationConfirm_WideStop1_5R,Long,Primary,None,2026-06-18 07:30:00,20.75,22.0,Accepted,,2026-06-18 08:05:00,TP,373.5,369.9,124.5,True,20260618-0725-BULL-OBS-001217-Z001217-OC|ObservationConfirm_WideStop1_5R|Primary
OPF-20260725-221516,2026-06-18,20260618-1045-BEAR-OBS-001257-Z001257-OC,ObservationConfirm,Short,Primary,None,2026-06-18 10:50:00,20.0,20.0,Accepted,,2026-06-18 11:00:00,SL,-120.0,-123.6,120.0,True,20260618-1045-BEAR-OBS-001257-Z001257-OC|ObservationConfirm|Primary
OPF-20260725-221516,2026-06-18,20260618-1735-BULL-OBS-001339-Z001339-OC,ObservationConfirm_WideStop1_5R,Long,Primary,None,2026-06-18 17:40:00,22.25,22.0,Accepted,,2026-06-18 17:55:00,SL,-133.5,-137.1,133.5,True,20260618-1735-BULL-OBS-001339-Z001339-OC|ObservationConfirm_WideStop1_5R|Primary
OPF-20260725-221736,2026-06-22,20260622-0300-BULL-OBS-001116-Z001089-FR,FailureReverse_ObservationInvalidated_WideStop1_5R,Short,Primary,None,2026-06-22 03:05:00,24.75,25.0,Accepted,,2026-06-22 03:15:00,SL,-148.5,-152.1,148.5,True,20260622-0300-BULL-OBS-001116-Z001089-FR|FailureReverse_ObservationInvalidated_WideStop1_5R|Primary
OPF-20260725-221736,2026-06-22,20260622-0805-BEAR-OBS-001177-Z001177-OC,ObservationConfirm,Short,Primary,None,2026-06-22 08:10:00,20.75,20.0,Accepted,,2026-06-22 08:20:00,TP,186.75,183.15,124.5,True,20260622-0805-BEAR-OBS-001177-Z001177-OC|ObservationConfirm|Primary
OPF-20260725-221736,2026-06-22,20260622-1015-BULL-OBS-001203-Z001202-OC,ObservationConfirm_WideStop1_5R,Long,Primary,None,2026-06-22 10:20:00,17.333333333333332,18.0,Accepted,,2026-06-22 10:30:00,SL,-104.0,-107.6,104.0,True,20260622-1015-BULL-OBS-001203-Z001202-OC|ObservationConfirm_WideStop1_5R|Primary
OPF-20260725-221736,2026-06-22,20260622-1010-BULL-OBS-001202-Z001202-OC,ObservationConfirm_WideStop1_5R,Long,Secondary,Same,2026-06-22 10:20:00,17.333333333333332,18.0,Accepted,,2026-06-22 10:30:00,SL,-104.0,-107.6,104.0,True,20260622-1010-BULL-OBS-001202-Z001202-OC|ObservationConfirm_WideStop1_5R|Secondary
OPF-20260725-221736,2026-06-22,20260622-1035-BEAR-OBS-001207-Z001207-OC,ObservationConfirm,Short,Primary,None,2026-06-22 10:40:00,16.75,20.0,Accepted,,2026-06-22 10:45:00,SL,-100.5,-104.1,100.5,True,20260622-1035-BEAR-OBS-001207-Z001207-OC|ObservationConfirm|Primary
OPF-20260725-221736,2026-06-22,20260622-1230-BULL-OBS-001230-Z001230-OC,ObservationConfirm,Long,Primary,None,2026-06-22 12:35:00,12.0,12.0,Accepted,,2026-06-22 12:40:00,SL,-72.0,-75.6,72.0,True,20260622-1230-BULL-OBS-001230-Z001230-OC|ObservationConfirm|Primary
OPF-20260725-221736,2026-06-22,20260622-1230-BULL-OBS-001230-Z001230-OC,ObservationConfirm_WideStop1_5R,Long,Secondary,Same,2026-06-22 12:35:00,17.36999999999898,22.0,Accepted,,2026-06-22 12:40:00,SL,-104.22,-107.82,104.21999999999389,True,20260622-1230-BULL-OBS-001230-Z001230-OC|ObservationConfirm_WideStop1_5R|Secondary
OPF-20260725-221956,2026-06-23,20260623-0120-BEAR-OBS-001096-Z001096-OC,ObservationConfirm,Short,Primary,None,2026-06-23 01:25:00,18.5,20.0,Accepted,,2026-06-23 01:30:00,TP,166.5,162.9,111.0,True,20260623-0120-BEAR-OBS-001096-Z001096-OC|ObservationConfirm|Primary
OPF-20260725-221956,2026-06-23,20260623-0310-BEAR-BRK-001118-Z001118,BreakawayFvg,Short,Primary,None,2026-06-23 03:10:00,22.083333333333332,30.0,Accepted,,2026-06-23 03:50:00,BE,0.0,-3.6,132.5,True,20260623-0310-BEAR-BRK-001118-Z001118|BreakawayFvg|Primary
OPF-20260725-221956,2026-06-23,20260623-0425-BEAR-OBS-001133-Z001132-OC,ObservationConfirm,Short,Primary,None,2026-06-23 04:30:00,21.916666666666664,22.0,Accepted,,2026-06-23 04:50:00,TP,197.25,193.65,131.5,True,20260623-0425-BEAR-OBS-001133-Z001132-OC|ObservationConfirm|Primary
OPF-20260725-221956,2026-06-23,20260623-0420-BEAR-OBS-001132-Z001132-OC,ObservationConfirm,Short,Secondary,Same,2026-06-23 04:30:00,21.916666666666664,22.0,Accepted,,2026-06-23 04:50:00,TP,197.25,193.65,131.5,True,20260623-0420-BEAR-OBS-001132-Z001132-OC|ObservationConfirm|Secondary
OPF-20260725-221956,2026-06-23,20260623-0700-BEAR-BRK-001164-Z001164,BreakawayFvg,Short,Primary,None,2026-06-23 07:00:00,13.25,30.0,Accepted,,2026-06-23 07:05:00,BE,0.0,-3.6,79.5,True,20260623-0700-BEAR-BRK-001164-Z001164|BreakawayFvg|Primary
OPF-20260725-221956,2026-06-23,20260623-1035-BEAR-OBS-001207-Z001207,ZoneBirthResearch,Short,Primary,None,2026-06-23 10:35:00,18.25,18.0,Accepted,,2026-06-23 10:55:00,SPLIT_BASE_TP_RUNNER_SL,146.0,142.4,109.5,True,20260623-1035-BEAR-OBS-001207-Z001207|ZoneBirthResearch|Primary
OPF-20260725-221956,2026-06-23,20260623-1110-BEAR-OBS-001214-Z001205-OC,ObservationConfirm,Short,Primary,None,2026-06-23 11:15:00,17.25,18.0,Accepted,,2026-06-23 11:20:00,TP,155.25,151.65,103.5,True,20260623-1110-BEAR-OBS-001214-Z001205-OC|ObservationConfirm|Primary
OPF-20260725-221956,2026-06-23,20260623-1745-BEAR-BRK-001293-Z001293,BreakawayFvg,Short,Primary,None,2026-06-23 17:45:00,20.583333333333332,30.0,Accepted,,2026-06-23 17:55:00,TP,494.0,490.4,123.5,False,20260623-1745-BEAR-BRK-001293-Z001293|BreakawayFvg|Primary
OPF-20260725-222235,2026-06-24,20260624-0220-BEAR-OBS-001108-Z001108-OC,ObservationConfirm,Short,Primary,None,2026-06-24 02:25:00,16.333333333333332,20.0,Accepted,,2026-06-24 02:25:00,TP,147.0,143.4,98.0,True,20260624-0220-BEAR-OBS-001108-Z001108-OC|ObservationConfirm|Primary
OPF-20260725-222235,2026-06-24,20260624-0525-BULL-OBS-001145-Z001144-OC,ObservationConfirm,Long,Primary,None,2026-06-24 05:30:00,11.166666666666666,12.0,Accepted,,2026-06-24 05:50:00,SL,-67.0,-70.6,67.0,True,20260624-0525-BULL-OBS-001145-Z001144-OC|ObservationConfirm|Primary
OPF-20260725-222235,2026-06-24,20260624-0520-BULL-OBS-001144-Z001144-OC,ObservationConfirm,Long,Secondary,Same,2026-06-24 05:30:00,11.166666666666666,12.0,Accepted,,2026-06-24 05:50:00,SL,-67.0,-70.6,67.0,True,20260624-0520-BULL-OBS-001144-Z001144-OC|ObservationConfirm|Secondary
OPF-20260725-222235,2026-06-24,20260624-0615-BULL-OBS-001155-Z001154-FR,FailureReverse_ObservationInvalidated_WideStop1_5R,Short,Primary,None,2026-06-24 06:20:00,13.25,25.0,Accepted,,2026-06-24 06:30:00,SL,-79.5,-83.1,79.5,True,20260624-0615-BULL-OBS-001155-Z001154-FR|FailureReverse_ObservationInvalidated_WideStop1_5R|Primary
OPF-20260725-222235,2026-06-24,20260624-0610-BULL-OBS-001154-Z001154-FR,FailureReverse_ObservationInvalidated_WideStop1_5R,Short,Secondary,Same,2026-06-24 06:20:00,13.25,25.0,Accepted,,2026-06-24 06:30:00,SL,-79.5,-83.1,79.5,True,20260624-0610-BULL-OBS-001154-Z001154-FR|FailureReverse_ObservationInvalidated_WideStop1_5R|Secondary
OPF-20260725-222235,2026-06-24,20260624-0635-BULL-OBS-001159-Z001159-OC,ObservationConfirm,Long,Primary,None,2026-06-24 06:40:00,10.75,12.0,Accepted,,2026-06-24 06:45:00,SL,-64.5,-68.1,64.5,True,20260624-0635-BULL-OBS-001159-Z001159-OC|ObservationConfirm|Primary
OPF-20260725-222235,2026-06-24,20260624-0955-BULL-OBS-001199-Z001199-OC,ObservationConfirm_WideStop1_5R,Long,Primary,None,2026-06-24 10:05:00,17.583333333333332,18.0,Accepted,,2026-06-24 10:40:00,TP,316.5,312.9,105.5,False,20260624-0955-BULL-OBS-001199-Z001199-OC|ObservationConfirm_WideStop1_5R|Primary
OPF-20260725-222512,2026-06-25,20260624-2340-BULL-OBS-001076-Z001076-OC,ObservationConfirm,Long,Primary,None,2026-06-24 23:45:00,9.58333333333333,12.0,Accepted,,2026-06-24 23:45:00,TP,86.25,82.65,57.499999999999986,True,20260624-2340-BULL-OBS-001076-Z001076-OC|ObservationConfirm|Primary
OPF-20260725-222512,2026-06-25,20260625-0320-BULL-OBS-001120-Z001120-OC,ObservationConfirm,Long,Primary,None,2026-06-25 03:25:00,11.0,12.0,Accepted,,2026-06-25 03:35:00,SL,-66.0,-69.6,66.0,True,20260625-0320-BULL-OBS-001120-Z001120-OC|ObservationConfirm|Primary
OPF-20260725-222512,2026-06-25,20260625-0350-BULL-OBS-001126-Z001126-OC,ObservationConfirm_WideStop1_5R,Long,Primary,None,2026-06-25 03:55:00,24.916666666666664,25.0,Accepted,,2026-06-25 04:30:00,SL,-149.5,-153.1,149.5,True,20260625-0350-BULL-OBS-001126-Z001126-OC|ObservationConfirm_WideStop1_5R|Primary
OPF-20260725-222512,2026-06-25,20260625-0705-BULL-OBS-001165-Z001165-OC,ObservationConfirm_WideStop1_5R,Long,Primary,None,2026-06-25 07:10:00,20.5,22.0,Accepted,,2026-06-25 08:00:00,TP,369.0,365.4,123.0,True,20260625-0705-BULL-OBS-001165-Z001165-OC|ObservationConfirm_WideStop1_5R|Primary
OPF-20260725-222512,2026-06-25,20260625-0725-BULL-OBS-001169-Z001169-OC,ObservationConfirm,Long,Secondary,Same,2026-06-25 07:30:00,10.75,12.0,Accepted,,2026-06-25 07:35:00,SL,-64.5,-68.1,64.5,True,20260625-0725-BULL-OBS-001169-Z001169-OC|ObservationConfirm|Secondary
OPF-20260725-222754,2026-06-26,20260626-0825-BEAR-OBS-001229-Z001225,UnknownRegimeZoneTouch,Short,Primary,None,2026-06-26 08:25:00,19.5,25.0,Accepted,,2026-06-26 08:40:00,TP,351.0,347.4,117.0,True,20260626-0825-BEAR-OBS-001229-Z001225|UnknownRegimeZoneTouch|Primary
OPF-20260725-222754,2026-06-26,20260626-0855-BEAR-BRK-001235-Z001235,BreakawayFvg,Short,Primary,None,2026-06-26 08:55:00,11.333333333333332,30.0,Accepted,,2026-06-26 09:00:00,BE,0.0,-3.6,68.0,False,20260626-0855-BEAR-BRK-001235-Z001235|BreakawayFvg|Primary
OPF-20260725-223014,2026-06-29,20260628-2335-BULL-OBS-001123-Z001123-OC,ObservationConfirm_WideStop1_5R,Long,Primary,None,2026-06-28 23:40:00,17.0,18.0,Accepted,,2026-06-28 23:45:00,SL,-102.0,-105.6,102.0,True,20260628-2335-BULL-OBS-001123-Z001123-OC|ObservationConfirm_WideStop1_5R|Primary
OPF-20260725-223014,2026-06-29,20260629-0340-BEAR-OBS-001172-Z001172,ZoneBirthResearch,Short,Primary,None,2026-06-29 03:40:00,17.0,18.0,Accepted,,2026-06-29 03:45:00,SPLIT_BASE_SL_RUNNER_SL,-102.0,-105.6,102.0,True,20260629-0340-BEAR-OBS-001172-Z001172|ZoneBirthResearch|Primary
OPF-20260725-223014,2026-06-29,20260629-0655-BEAR-OBS-001211-Z001211,ZoneBirthResearch,Short,Primary,None,2026-06-29 06:55:00,10.333333333333332,18.0,Accepted,,2026-06-29 07:15:00,SPLIT_BASE_TP_RUNNER_BE,103.33,99.73,61.99999999999999,True,20260629-0655-BEAR-OBS-001211-Z001211|ZoneBirthResearch|Primary
OPF-20260725-223014,2026-06-29,20260629-0835-BULL-OBS-001231-Z001225-OC,ObservationConfirm_WideStop1_5R,Long,Primary,None,2026-06-29 08:40:00,24.0,25.0,Accepted,,2026-06-29 08:55:00,SL,-144.0,-147.6,144.0,True,20260629-0835-BULL-OBS-001231-Z001225-OC|ObservationConfirm_WideStop1_5R|Primary
OPF-20260725-223014,2026-06-29,20260629-2040-BEAR-OBS-001376-Z001376-OC,ObservationConfirm,Short,Primary,None,2026-06-29 20:45:00,7.25,11.0,Accepted,,2026-06-29 20:50:00,PATH_END,-0.0,-3.6,43.5,False,20260629-2040-BEAR-OBS-001376-Z001376-OC|ObservationConfirm|Primary
OPF-20260725-223014,2026-06-29,20260629-2040-BEAR-OBS-001376-Z001376-OC,ObservationConfirm_WideStop1_5R,Short,Secondary,Same,2026-06-29 20:45:00,10.75,18.0,Accepted,,2026-06-29 20:50:00,PATH_END,-0.0,-3.6,64.5,False,20260629-2040-BEAR-OBS-001376-Z001376-OC|ObservationConfirm_WideStop1_5R|Secondary
OPF-20260725-223233,2026-06-30,20260629-2235-BEAR-OBS-001111-Z001111,ZoneBirthResearch,Short,Primary,None,2026-06-29 22:35:00,5.75,8.0,Accepted,,2026-06-29 22:40:00,SPLIT_BASE_SL_RUNNER_SL,-34.5,-38.1,34.5,True,20260629-2235-BEAR-OBS-001111-Z001111|ZoneBirthResearch|Primary
OPF-20260725-223233,2026-06-30,20260629-2310-BULL-OBS-001118-Z001118-OC,ObservationConfirm,Long,Primary,None,2026-06-29 23:15:00,8.75,12.0,Accepted,,2026-06-29 23:20:00,SL,-52.5,-56.1,52.5,True,20260629-2310-BULL-OBS-001118-Z001118-OC|ObservationConfirm|Primary
OPF-20260725-223233,2026-06-30,20260629-2310-BULL-OBS-001118-Z001118-OC,ObservationConfirm_WideStop1_5R,Long,Secondary,Same,2026-06-29 23:15:00,13.0,18.0,Accepted,,2026-06-29 23:45:00,SL,-78.0,-81.6,78.0,True,20260629-2310-BULL-OBS-001118-Z001118-OC|ObservationConfirm_WideStop1_5R|Secondary
OPF-20260725-223233,2026-06-30,20260630-0355-BEAR-OBS-001175-Z001175,ZoneBirthResearch,Short,Primary,None,2026-06-30 03:55:00,13.25,18.0,Accepted,,2026-06-30 04:00:00,SPLIT_BASE_SL_RUNNER_SL,-79.5,-83.1,79.5,True,20260630-0355-BEAR-OBS-001175-Z001175|ZoneBirthResearch|Primary
OPF-20260725-223233,2026-06-30,20260630-0440-BULL-OBS-001184-Z001184-OC,ObservationConfirm_WideStop1_5R,Long,Primary,None,2026-06-30 04:45:00,24.5,25.0,Accepted,,2026-06-30 05:15:00,SL,-147.0,-150.6,147.0,True,20260630-0440-BULL-OBS-001184-Z001184-OC|ObservationConfirm_WideStop1_5R|Primary
OPF-20260725-223233,2026-06-30,20260630-0450-BULL-PB-001186-Z001184,AlmostConfirmed,Long,Secondary,Same,2026-06-30 04:50:00,18.5,25.0,Accepted,,2026-06-30 05:15:00,SL,-111.0,-114.6,111.0,True,20260630-0450-BULL-PB-001186-Z001184|AlmostConfirmed|Secondary
