SnapshotID,StrategyVersionDecision,ResearchSchemaVersionDecision,InstrumentProfileNameDecision,ExecutionProfileNameDecision,ProfileCatalogVersionDecision,SignalID,Time,Bar,Decision,Reason,ExecutionScope,SideDecision,SetupTypeDecision,ResearchPath,RegimeScoreDecision,SetupQualityScoreDecision,StrategyEligible,EntryDecision,StopDecision,Target,InitialRiskPointsDecision,EstimatedRewardPoints,RewardModel,EstimatedRR,DailyPnlDollars,DailyTradeCount,TradeID,ReasonHead,StrategyVersionCalibration,ResearchSchemaVersionCalibration,InstrumentProfileNameCalibration,ExecutionProfileNameCalibration,ProfileCatalogVersionCalibration,EntryTime,EntryBar,ResolveTime,ResolveBar,SideCalibration,SetupTypeCalibration,RegimeScoreCalibration,SetupQualityScoreCalibration,EntryCalibration,StopCalibration,InitialRiskPointsCalibration,EntryBid,EntryAsk,EntryQuoteValid,EntryMarketSequence,ResolveMarketSequence,TargetR,MFEPoints,MAEPoints,FirstStopBar,First0_75RBar,First1RBar,First1_5RBar,First2RBar,First2_5RBar,First3RBar,First4RBar,FirstBreakEvenAfter0_75RBar,FirstBreakEvenAfter1RBar,FirstBreakEvenAfter1_5RBar,First1RLockAfter1_5RBar,FirstBreakEvenAfter2_5RBar,BarsTracked,CompletionReason,OriginalDecision,OriginalReason,OriginalTradeID,_merge
OPF-20260725-095814,OPF_0.1,OPF_RESEARCH_2.14,MNQ_0.1,MNQ_1Contract_Target150_200,OPF_PROFILE_0.1,20260318-2235-BEAR-OBS-001111-Z001111,2026-03-18 22:35:00,1111,Skip,"AggressiveExpansionWait1ScheduledV165:EntryBarTargetTouched:low=24560.5,target=24567.25",ActualCandidate,Short,TrendPullback,ZoneBirthResearch,20,38.0,True,24574.75,24577.75,24567.25,3.0,6.25,AggressiveExpansionV164Eligibility:NearestStructure,2.0833,0.0,0,,AggressiveExpansionWait1ScheduledV165,OPF_0.1,OPF_RESEARCH_2.14,MNQ_0.1,MNQ_1Contract_Target150_200,OPF_PROFILE_0.1,2026-03-18T22:35:00.0000000,1111,2026-03-19 01:35:00,1147,Short,TrendPullback,20,38.0,24574.75,24577.75,3.0,24573.75,24574.75,True,6408,31040,2.5,14.25,86.25,1112.0,1111.0,1111.0,1111.0,1111.0,1111.0,1111.0,1111.0,1112.0,1112.0,1112.0,1112.0,1112.0,36,MaxBars,Skip,"AggressiveExpansionWait1ScheduledV165:EntryBarTargetTouched:low=24560.5,target=24567.25",,both
OPF-20260725-095814,OPF_0.1,OPF_RESEARCH_2.14,MNQ_0.1,MNQ_1Contract_Target150_200,OPF_PROFILE_0.1,20260318-2235-BEAR-OBS-001111-Z001111-FR,2026-03-18 22:40:00,1112,Skip,"AggressiveExpansionWait1ScheduledV165:EntryBarStopTouched:low=24566.75,stop=24575.25",ActualCandidate,Long,FailureReverse,FailureReverse_ObservationInvalidated,20,50.0,True,24580.75,24575.25,24594.5,5.5,7.25,AggressiveExpansionV164Eligibility:NearestStructure,1.3182,0.0,0,,AggressiveExpansionWait1ScheduledV165,OPF_0.1,OPF_RESEARCH_2.14,MNQ_0.1,MNQ_1Contract_Target150_200,OPF_PROFILE_0.1,2026-03-18T22:40:00.0000000,1112,2026-03-19 01:40:00,1148,Long,FailureReverse,20,50.0,24580.75,24575.25,5.5,24580.0,24580.75,True,6410,31670,2.5,84.25,14.0,1112.0,1112.0,1113.0,1113.0,1113.0,1114.0,1116.0,1116.0,1113.0,,,1114.0,,36,MaxBars,Skip,"AggressiveExpansionWait1ScheduledV165:EntryBarStopTouched:low=24566.75,stop=24575.25",,both
OPF-20260725-095814,OPF_0.1,OPF_RESEARCH_2.14,MNQ_0.1,MNQ_1Contract_Target150_200,OPF_PROFILE_0.1,20260318-2235-BEAR-OBS-001111-Z001111-FR,2026-03-18 22:40:00,1112,Skip,"AggressiveExpansionWait1ScheduledV165:EntryBarStopTouched:low=24566.75,stop=24572.5",ActualCandidate,Long,FailureReverse,FailureReverse_ObservationInvalidated_WideStop1_5R,20,50.0,True,24580.75,24572.5,24605.5,8.25,7.25,AggressiveExpansionV164Eligibility:NearestStructure,0.8788,0.0,0,,AggressiveExpansionWait1ScheduledV165,OPF_0.1,OPF_RESEARCH_2.14,MNQ_0.1,MNQ_1Contract_Target150_200,OPF_PROFILE_0.1,2026-03-18T22:40:00.0000000,1112,2026-03-19 01:40:00,1148,Long,FailureReverse,20,50.0,24580.75,24572.5,8.25,24580.0,24580.75,True,6410,31670,3.0,84.25,14.0,1112.0,1113.0,1113.0,1114.0,1116.0,1116.0,1116.0,1116.0,,,,1115.0,,36,MaxBars,Skip,"AggressiveExpansionWait1ScheduledV165:EntryBarStopTouched:low=24566.75,stop=24572.5",,both
OPF-20260725-095814,OPF_0.1,OPF_RESEARCH_2.14,MNQ_0.1,MNQ_1Contract_Target150_200,OPF_PROFILE_0.1,20260318-2245-BULL-OBS-001113-Z001113,2026-03-18 22:45:00,1113,Skip,"StrategyRegimeNotTrend:score=0|SetupQualityTooLow:score=41,min=45",ActualCandidate,Long,TrendPullback,ZoneBirthResearch,0,41.0,False,24585.75,24575.25,24601.5,10.5,2.25,NearestStructure,0.2143,0.0,0,,StrategyRegimeNotTrend,OPF_0.1,OPF_RESEARCH_2.14,MNQ_0.1,MNQ_1Contract_Target150_200,OPF_PROFILE_0.1,2026-03-18T22:45:00.0000000,1113,2026-03-19 01:45:00,1149,Long,TrendPullback,0,41.0,24585.75,24575.25,10.5,24585.5,24586.25,True,6650,32309,1.5,79.25,6.5,,1114.0,1116.0,1116.0,1116.0,1116.0,1118.0,1124.0,1115.0,,,1125.0,,36,MaxBars,Skip,"StrategyRegimeNotTrend:score=0|SetupQualityTooLow:score=41,min=45",,both
OPF-20260725-095814,OPF_0.1,OPF_RESEARCH_2.14,MNQ_0.1,MNQ_1Contract_Target150_200,OPF_PROFILE_0.1,20260318-2245-BULL-OBS-001113-Z001113-OC,2026-03-18 22:50:00,1114,Skip,"StrictEntryRiskBandExcludedV208:risk=14,excluded=(13.25,16]|LongObservationWideRiskCutV137:risk=14,max=12|ObservationConfirmRiskCapExceeded:risk=14,max=12|LongObservationRiskExpansionDisabledV111:risk=14",ActualCandidate,Long,TrendPullback,ObservationConfirm,0,56.0,True,24589.25,24575.25,24645.25,14.0,56.0,ActualTargetOverride:4,4.0,0.0,0,,StrictEntryRiskBandExcludedV208,OPF_0.1,OPF_RESEARCH_2.14,MNQ_0.1,MNQ_1Contract_Target150_200,OPF_PROFILE_0.1,2026-03-18T22:50:00.0000000,1114,2026-03-19 01:50:00,1150,Long,TrendPullback,0,56.0,24589.25,24575.25,14.0,24588.5,24589.25,True,7016,32735,4.0,75.75,4.25,,1116.0,1116.0,1116.0,1118.0,1122.0,1124.0,1147.0,1136.0,1136.0,1136.0,1117.0,1136.0,36,MaxBars,Skip,"StrictEntryRiskBandExcludedV208:risk=14,excluded=(13.25,16]|LongObservationWideRiskCutV137:risk=14,max=12|ObservationConfirmRiskCapExceeded:risk=14,max=12|LongObservationRiskExpansionDisabledV111:risk=14",,both
OPF-20260725-095814,OPF_0.1,OPF_RESEARCH_2.14,MNQ_0.1,MNQ_1Contract_Target150_200,OPF_PROFILE_0.1,20260318-2245-BULL-OBS-001113-Z001113-OC,2026-03-18 22:50:00,1114,Skip,"DailyVolumeFloorRiskCapExceeded:risk=21,max=18|OCWideStopLowRiskV132RiskCapExceeded:risk=21,max=18,side=Long",ActualCandidate,Long,TrendPullback,ObservationConfirm_WideStop1_5R,0,56.0,True,24589.25,24568.25,24652.25,21.0,63.0,ActualTargetOverride:3,3.0,0.0,0,,DailyVolumeFloorRiskCapExceeded,OPF_0.1,OPF_RESEARCH_2.14,MNQ_0.1,MNQ_1Contract_Target150_200,OPF_PROFILE_0.1,2026-03-18T22:50:00.0000000,1114,2026-03-19 01:50:00,1150,Long,TrendPullback,0,56.0,24589.25,24568.25,21.0,24588.5,24589.25,True,7016,32735,3.0,75.75,4.25,,1116.0,1116.0,1121.0,1124.0,1124.0,1147.0,,1136.0,1136.0,1136.0,1125.0,1136.0,36,MaxBars,Skip,"DailyVolumeFloorRiskCapExceeded:risk=21,max=18|OCWideStopLowRiskV132RiskCapExceeded:risk=21,max=18,side=Long",,both
OPF-20260725-095814,OPF_0.1,OPF_RESEARCH_2.14,MNQ_0.1,MNQ_1Contract_Target150_200,OPF_PROFILE_0.1,20260318-2245-BULL-OBS-001113-Z001113-OC-STR,2026-03-18 22:50:00,1114,Skip,PathDisabled,ResearchOnly,Long,TrendPullback,ObservationStrict_BullFresh,0,56.0,True,24589.25,24575.25,24610.25,14.0,16.8,StrictBullFreshMin1_2R,1.2,0.0,0,,PathDisabled,OPF_0.1,OPF_RESEARCH_2.14,MNQ_0.1,MNQ_1Contract_Target150_200,OPF_PROFILE_0.1,2026-03-18T22:50:00.0000000,1114,2026-03-19 01:50:00,1150,Long,TrendPullback,0,56.0,24589.25,24575.25,14.0,24588.5,24589.25,True,7016,32735,1.5,75.75,4.25,,1116.0,1116.0,1116.0,1118.0,1122.0,1124.0,1147.0,1136.0,1136.0,1136.0,1117.0,1136.0,36,MaxBars,Skip,PathDisabled,,both
OPF-20260725-095814,OPF_0.1,OPF_RESEARCH_2.14,MNQ_0.1,MNQ_1Contract_Target150_200,OPF_PROFILE_0.1,20260318-2245-BULL-OBS-001113-Z001113-OC-STR,2026-03-18 22:50:00,1114,Skip,ActualPathDisabledV209:side=Long|path=ObservationStrict_BullFresh_WideStop1_5R,ActualCandidate,Long,TrendPullback,ObservationStrict_BullFresh_WideStop1_5R,0,56.0,True,24589.25,24568.25,24652.25,21.0,2.5,AggressiveExpansionV164Eligibility:NearestStructure,0.119,0.0,0,,ActualPathDisabledV209,OPF_0.1,OPF_RESEARCH_2.14,MNQ_0.1,MNQ_1Contract_Target150_200,OPF_PROFILE_0.1,2026-03-18T22:50:00.0000000,1114,2026-03-19 01:50:00,1150,Long,TrendPullback,0,56.0,24589.25,24568.25,21.0,24588.5,24589.25,True,7016,32735,3.0,75.75,4.25,,1116.0,1116.0,1121.0,1124.0,1124.0,1147.0,,1136.0,1136.0,1136.0,1125.0,1136.0,36,MaxBars,Skip,ActualPathDisabledV209:side=Long|path=ObservationStrict_BullFresh_WideStop1_5R,,both
OPF-20260725-095814,OPF_0.1,OPF_RESEARCH_2.14,MNQ_0.1,MNQ_1Contract_Target150_200,OPF_PROFILE_0.1,20260318-2305-BULL-OBS-001117-Z001117,2026-03-18 23:05:00,1117,Skip,"AggressiveExpansionV164SideDisabled:path=ZoneBirthResearch,side=Long",ActualCandidate,Long,TrendPullback,ZoneBirthResearch,0,45.0,True,24607.5,24595.5,24625.5,12.0,3.75,NearestStructure,0.3125,0.0,0,,AggressiveExpansionV164SideDisabled,OPF_0.1,OPF_RESEARCH_2.14,MNQ_0.1,MNQ_1Contract_Target150_200,OPF_PROFILE_0.1,2026-03-18T23:05:00.0000000,1117,2026-03-19 02:05:00,1153,Long,TrendPullback,0,45.0,24607.5,24595.5,12.0,24606.75,24607.5,True,8759,37648,1.5,68.5,20.75,1125.0,1118.0,1121.0,1124.0,1124.0,1124.0,1124.0,1147.0,1119.0,1125.0,1125.0,1125.0,1125.0,36,MaxBars,Skip,"AggressiveExpansionV164SideDisabled:path=ZoneBirthResearch,side=Long",,both
OPF-20260725-095814,OPF_0.1,OPF_RESEARCH_2.14,MNQ_0.1,MNQ_1Contract_Target150_200,OPF_PROFILE_0.1,20260318-2305-BULL-OBS-001117-Z001117-OC,2026-03-18 23:10:00,1118,Skip,"StrictEntryRiskBandExcludedV208:risk=13.75,excluded=(13.25,16]|LongObservationWideRiskCutV137:risk=13.75,max=12|ObservationConfirmRiskCapExceeded:risk=13.75,max=12|LongObservationRiskExpansionDisabledV111:risk=13.75",ActualCandidate,Long,TrendPullback,ObservationConfirm,0,56.0,True,24609.25,24595.5,24664.25,13.75,55.0,ActualTargetOverride:4,4.0,0.0,0,,StrictEntryRiskBandExcludedV208,OPF_0.1,OPF_RESEARCH_2.14,MNQ_0.1,MNQ_1Contract_Target150_200,OPF_PROFILE_0.1,2026-03-18T23:10:00.0000000,1118,2026-03-19 02:10:00,1154,Long,TrendPullback,0,56.0,24609.25,24595.5,13.75,24608.75,24609.75,True,9136,38799,4.0,77.25,22.5,1125.0,1121.0,1122.0,1124.0,1124.0,1124.0,1147.0,1148.0,1125.0,1125.0,1125.0,1125.0,1125.0,36,MaxBars,Skip,"StrictEntryRiskBandExcludedV208:risk=13.75,excluded=(13.25,16]|LongObservationWideRiskCutV137:risk=13.75,max=12|ObservationConfirmRiskCapExceeded:risk=13.75,max=12|LongObservationRiskExpansionDisabledV111:risk=13.75",,both
OPF-20260725-095814,OPF_0.1,OPF_RESEARCH_2.14,MNQ_0.1,MNQ_1Contract_Target150_200,OPF_PROFILE_0.1,20260318-2305-BULL-OBS-001117-Z001117-OC,2026-03-18 23:10:00,1118,Skip,"DailyVolumeFloorRiskCapExceeded:risk=20.62,max=18|OCWideStopLowRiskV132RiskCapExceeded:risk=20.62,max=18,side=Long",ActualCandidate,Long,TrendPullback,ObservationConfirm_WideStop1_5R,0,56.0,True,24609.25,24588.63,24671.11,20.62,61.86,ActualTargetOverride:3,3.0,0.0,0,,DailyVolumeFloorRiskCapExceeded,OPF_0.1,OPF_RESEARCH_2.14,MNQ_0.1,MNQ_1Contract_Target150_200,OPF_PROFILE_0.1,2026-03-18T23:10:00.0000000,1118,2026-03-19 02:10:00,1154,Long,TrendPullback,0,56.0,24609.25,24588.63,20.62,24608.75,24609.75,True,9136,38799,3.0,77.25,22.5,1136.0,1123.0,1124.0,1124.0,1147.0,1147.0,1153.0,,1125.0,1125.0,1125.0,1125.0,1152.0,36,MaxBars,Skip,"DailyVolumeFloorRiskCapExceeded:risk=20.62,max=18|OCWideStopLowRiskV132RiskCapExceeded:risk=20.62,max=18,side=Long",,both
OPF-20260725-095814,OPF_0.1,OPF_RESEARCH_2.14,MNQ_0.1,MNQ_1Contract_Target150_200,OPF_PROFILE_0.1,20260318-2305-BULL-OBS-001117-Z001117-OC-STR,2026-03-18 23:10:00,1118,Skip,PathDisabled,ResearchOnly,Long,TrendPullback,ObservationStrict_BullFresh,0,56.0,True,24609.25,24595.5,24629.875,13.75,16.5,StrictBullFreshMin1_2R,1.2,0.0,0,,PathDisabled,OPF_0.1,OPF_RESEARCH_2.14,MNQ_0.1,MNQ_1Contract_Target150_200,OPF_PROFILE_0.1,2026-03-18T23:10:00.0000000,1118,2026-03-19 02:10:00,1154,Long,TrendPullback,0,56.0,24609.25,24595.5,13.75,24608.75,24609.75,True,9136,38799,1.5,77.25,22.5,1125.0,1121.0,1122.0,1124.0,1124.0,1124.0,1147.0,1148.0,1125.0,1125.0,1125.0,1125.0,1125.0,36,MaxBars,Skip,PathDisabled,,both
OPF-20260725-095814,OPF_0.1,OPF_RESEARCH_2.14,MNQ_0.1,MNQ_1Contract_Target150_200,OPF_PROFILE_0.1,20260318-2305-BULL-OBS-001117-Z001117-OC-STR,2026-03-18 23:10:00,1118,Skip,ActualPathDisabledV209:side=Long|path=ObservationStrict_BullFresh_WideStop1_5R,ActualCandidate,Long,TrendPullback,ObservationStrict_BullFresh_WideStop1_5R,0,56.0,True,24609.25,24588.63,24671.11,20.62,2.0,AggressiveExpansionV164Eligibility:NearestStructure,0.097,0.0,0,,ActualPathDisabledV209,OPF_0.1,OPF_RESEARCH_2.14,MNQ_0.1,MNQ_1Contract_Target150_200,OPF_PROFILE_0.1,2026-03-18T23:10:00.0000000,1118,2026-03-19 02:10:00,1154,Long,TrendPullback,0,56.0,24609.25,24588.63,20.62,24608.75,24609.75,True,9136,38799,3.0,77.25,22.5,1136.0,1123.0,1124.0,1124.0,1147.0,1147.0,1153.0,,1125.0,1125.0,1125.0,1125.0,1152.0,36,MaxBars,Skip,ActualPathDisabledV209:side=Long|path=ObservationStrict_BullFresh_WideStop1_5R,,both
OPF-20260725-095814,OPF_0.1,OPF_RESEARCH_2.14,MNQ_0.1,MNQ_1Contract_Target150_200,OPF_PROFILE_0.1,20260318-2345-BULL-OBS-001125-Z001117,2026-03-18 23:45:00,1125,Skip,"StrategyRegimeNotTrend:score=0|SetupQualityTooLow:score=33,min=70",ActualCandidate,Long,TrendPullback,UnknownRegimeZoneTouch,0,33.0,False,24617.5,24595.5,24650.5,22.0,1.0,NearestStructure,0.0455,0.0,0,,StrategyRegimeNotTrend,OPF_0.1,OPF_RESEARCH_2.14,MNQ_0.1,MNQ_1Contract_Target150_200,OPF_PROFILE_0.1,2026-03-18T23:45:00.0000000,1125,2026-03-19 02:45:00,1161,Long,TrendPullback,0,33.0,24617.5,24595.5,22.0,24617.25,24618.0,True,13007,42861,1.5,107.75,30.75,1125.0,1128.0,1129.0,1147.0,1148.0,1153.0,1154.0,1156.0,1130.0,1130.0,1152.0,1151.0,,36,MaxBars,Skip,"StrategyRegimeNotTrend:score=0|SetupQualityTooLow:score=33,min=70",,both
OPF-20260725-095814,OPF_0.1,OPF_RESEARCH_2.14,MNQ_0.1,MNQ_1Contract_Target150_200,OPF_PROFILE_0.1,20260318-2345-BULL-OBS-001125-Z001117-OC,2026-03-18 23:50:00,1126,Skip,"LongObservationWideRiskCutV137:risk=19.75,max=12|ObservationConfirmRiskCapExceeded:risk=19.75,max=12|LongObservationRiskExpansionDisabledV111:risk=19.75",ActualCandidate,Long,TrendPullback,ObservationConfirm,0,48.0,True,24615.25,24595.5,24694.25,19.75,79.0,ActualTargetOverride:4,4.0,0.0,0,,LongObservationWideRiskCutV137,OPF_0.1,OPF_RESEARCH_2.14,MNQ_0.1,MNQ_1Contract_Target150_200,OPF_PROFILE_0.1,2026-03-18T23:50:00.0000000,1126,2026-03-19 02:50:00,1162,Long,TrendPullback,0,48.0,24615.25,24595.5,19.75,24614.75,24615.5,True,13764,42971,4.0,110.0,28.5,1132.0,1128.0,1128.0,1147.0,1147.0,1148.0,1153.0,1156.0,1130.0,1130.0,1152.0,1152.0,1152.0,36,MaxBars,Skip,"LongObservationWideRiskCutV137:risk=19.75,max=12|ObservationConfirmRiskCapExceeded:risk=19.75,max=12|LongObservationRiskExpansionDisabledV111:risk=19.75",,both
OPF-20260725-095814,OPF_0.1,OPF_RESEARCH_2.14,MNQ_0.1,MNQ_1Contract_Target150_200,OPF_PROFILE_0.1,20260318-2345-BULL-OBS-001125-Z001117-OC,2026-03-18 23:50:00,1126,Skip,"ObservationConfirmWideStopQualityTooLowV132:side=Long,score=48,min=56",ActualCandidate,Long,TrendPullback,ObservationConfirm_WideStop1_5R,0,48.0,True,24615.25,24585.63,24704.11,29.62,88.86,ActualTargetOverride:3,3.0,0.0,0,,ObservationConfirmWideStopQualityTooLowV132,OPF_0.1,OPF_RESEARCH_2.14,MNQ_0.1,MNQ_1Contract_Target150_200,OPF_PROFILE_0.1,2026-03-18T23:50:00.0000000,1126,2026-03-19 02:50:00,1162,Long,TrendPullback,0,48.0,24615.25,24585.63,29.62,24614.75,24615.5,True,13764,42971,3.0,110.0,28.5,,1129.0,1147.0,1147.0,1153.0,1155.0,1156.0,,1130.0,1152.0,1152.0,1151.0,,36,MaxBars,Skip,"ObservationConfirmWideStopQualityTooLowV132:side=Long,score=48,min=56",,both
OPF-20260725-095814,OPF_0.1,OPF_RESEARCH_2.14,MNQ_0.1,MNQ_1Contract_Target150_200,OPF_PROFILE_0.1,20260319-0125-BULL-OBS-001145-Z001145,2026-03-19 01:25:00,1145,Skip,"AggressiveExpansionV164SideDisabled:path=ZoneBirthResearch,side=Long",ActualCandidate,Long,TrendPullback,ZoneBirthResearch,30,45.0,True,24638.25,24630.75,24649.5,7.5,5.25,NearestStructure,0.7,0.0,0,,AggressiveExpansionV164SideDisabled,OPF_0.1,OPF_RESEARCH_2.14,MNQ_0.1,MNQ_1Contract_Target150_200,OPF_PROFILE_0.1,2026-03-19T01:25:00.0000000,1145,2026-03-19 04:25:00,1181,Long,TrendPullback,30,45.0,24638.25,24630.75,7.5,24638.5,24639.0,True,29589,48832,1.5,87.0,37.5,1146.0,1147.0,1147.0,1147.0,1147.0,1147.0,1147.0,1151.0,1151.0,1151.0,1151.0,1151.0,1151.0,36,MaxBars,Skip,"AggressiveExpansionV164SideDisabled:path=ZoneBirthResearch,side=Long",,both
OPF-20260725-095814,OPF_0.1,OPF_RESEARCH_2.14,MNQ_0.1,MNQ_1Contract_Target150_200,OPF_PROFILE_0.1,20260319-0125-BULL-OBS-001145-Z001145-OC,2026-03-19 01:30:00,1146,Skip,"EntryBarStopTouched:low=24630.75,stop=24630.75",ActualCandidate,Long,TrendPullback,ObservationConfirm,30,60.0,True,24640.25,24630.75,24678.25,9.5,38.0,ActualTargetOverride:4,4.0,0.0,0,,EntryBarStopTouched,OPF_0.1,OPF_RESEARCH_2.14,MNQ_0.1,MNQ_1Contract_Target150_200,OPF_PROFILE_0.1,2026-03-19T01:30:00.0000000,1146,2026-03-19 04:30:00,1182,Long,TrendPullback,30,60.0,24640.25,24630.75,9.5,24640.5,24641.0,True,30248,48989,4.0,85.0,39.5,1146.0,1147.0,1147.0,1147.0,1147.0,1148.0,1151.0,1154.0,1151.0,1151.0,1151.0,1149.0,1151.0,36,MaxBars,Skip,"EntryBarStopTouched:low=24630.75,stop=24630.75",,both
OPF-20260725-095814,OPF_0.1,OPF_RESEARCH_2.14,MNQ_0.1,MNQ_1Contract_Target150_200,OPF_PROFILE_0.1,20260319-0125-BULL-OBS-001145-Z001145-OC,2026-03-19 01:30:00,1146,Skip,"StrictEntryRiskBandExcludedV208:risk=14.25,excluded=(13.25,16]",ActualCandidate,Long,TrendPullback,ObservationConfirm_WideStop1_5R,30,60.0,True,24640.25,24626.0,24683.0,14.25,42.75,ActualTargetOverride:3,3.0,0.0,0,,StrictEntryRiskBandExcludedV208,OPF_0.1,OPF_RESEARCH_2.14,MNQ_0.1,MNQ_1Contract_Target150_200,OPF_PROFILE_0.1,2026-03-19T01:30:00.0000000,1146,2026-03-19 04:30:00,1182,Long,TrendPullback,30,60.0,24640.25,24626.0,14.25,24640.5,24641.0,True,30248,48989,3.0,85.0,39.5,1152.0,1147.0,1147.0,1148.0,1151.0,1153.0,1154.0,1156.0,1151.0,1151.0,1151.0,1149.0,1177.0,36,MaxBars,Skip,"StrictEntryRiskBandExcludedV208:risk=14.25,excluded=(13.25,16]",,both
OPF-20260725-095814,OPF_0.1,OPF_RESEARCH_2.14,MNQ_0.1,MNQ_1Contract_Target150_200,OPF_PROFILE_0.1,20260319-0130-BULL-OBS-001146-Z001145,2026-03-19 01:30:00,1146,Skip,"StrategyRegimeNotTrend:score=30|SetupQualityTooLow:score=37,min=70",ActualCandidate,Long,TrendPullback,UnknownRegimeZoneTouch,30,37.0,False,24640.25,24630.75,24654.5,9.5,0.75,NearestStructure,0.0789,0.0,0,,StrategyRegimeNotTrend,OPF_0.1,OPF_RESEARCH_2.14,MNQ_0.1,MNQ_1Contract_Target150_200,OPF_PROFILE_0.1,2026-03-19T01:30:00.0000000,1146,2026-03-19 04:30:00,1182,Long,TrendPullback,30,37.0,24640.25,24630.75,9.5,24640.5,24641.0,True,30248,48989,1.5,85.0,39.5,1146.0,1147.0,1147.0,1147.0,1147.0,1148.0,1151.0,1154.0,1151.0,1151.0,1151.0,1149.0,1151.0,36,MaxBars,Skip,"StrategyRegimeNotTrend:score=30|SetupQualityTooLow:score=37,min=70",,both
OPF-20260725-095814,OPF_0.1,OPF_RESEARCH_2.14,MNQ_0.1,MNQ_1Contract_Target150_200,OPF_PROFILE_0.1,20260319-0130-BULL-OBS-001146-Z001145-OC,2026-03-19 01:35:00,1147,Skip,"LongObservationWideRiskCutV137:risk=25.75,max=12|ObservationConfirmRiskCapExceeded:risk=25.75,max=12|RiskTooWideHard:risk=25.75,max=25|RiskTooWideVolAdjusted:risk=25.75,max=12,atr14=17.84",ActualCandidate,Long,TrendPullback,ObservationConfirm,30,52.0,True,24656.5,24630.75,24759.5,25.75,103.0,ActualTargetOverride:4,4.0,0.0,0,,LongObservationWideRiskCutV137,OPF_0.1,OPF_RESEARCH_2.14,MNQ_0.1,MNQ_1Contract_Target150_200,OPF_PROFILE_0.1,2026-03-19T01:35:00.0000000,1147,2026-03-19 04:35:00,1183,Long,TrendPullback,30,52.0,24656.5,24630.75,25.75,24656.5,24657.0,True,31040,49329,4.0,68.75,55.75,1152.0,1153.0,1154.0,1156.0,1158.0,1159.0,,,1176.0,1176.0,1176.0,1170.0,1176.0,36,MaxBars,Skip,"LongObservationWideRiskCutV137:risk=25.75,max=12|ObservationConfirmRiskCapExceeded:risk=25.75,max=12|RiskTooWideHard:risk=25.75,max=25|RiskTooWideVolAdjusted:risk=25.75,max=12,atr14=17.84",,both
OPF-20260725-095814,OPF_0.1,OPF_RESEARCH_2.14,MNQ_0.1,MNQ_1Contract_Target150_200,OPF_PROFILE_0.1,20260319-0130-BULL-OBS-001146-Z001145-OC,2026-03-19 01:35:00,1147,Skip,"ObservationConfirmWideStopQualityTooLowV132:side=Long,score=52,min=56",ActualCandidate,Long,TrendPullback,ObservationConfirm_WideStop1_5R,30,52.0,True,24656.5,24617.88,24772.36,38.62,115.86,ActualTargetOverride:3,3.0,0.0,0,,ObservationConfirmWideStopQualityTooLowV132,OPF_0.1,OPF_RESEARCH_2.14,MNQ_0.1,MNQ_1Contract_Target150_200,OPF_PROFILE_0.1,2026-03-19T01:35:00.0000000,1147,2026-03-19 04:35:00,1183,Long,TrendPullback,30,52.0,24656.5,24617.88,38.62,24656.5,24657.0,True,31040,49329,3.0,68.75,55.75,1152.0,1154.0,1156.0,1159.0,,,,,1176.0,1176.0,1176.0,1162.0,,36,MaxBars,Skip,"ObservationConfirmWideStopQualityTooLowV132:side=Long,score=52,min=56",,both
OPF-20260725-095814,OPF_0.1,OPF_RESEARCH_2.14,MNQ_0.1,MNQ_1Contract_Target150_200,OPF_PROFILE_0.1,20260319-0140-BULL-OBS-001148-Z001148,2026-03-19 01:40:00,1148,Skip,"StrategyRegimeNotTrend:score=20|SetupQualityTooLow:score=38,min=45",ActualCandidate,Long,TrendPullback,ZoneBirthResearch,20,38.0,False,24654.75,24643.25,24672.0,11.5,6.25,NearestStructure,0.5435,0.0,0,,StrategyRegimeNotTrend,OPF_0.1,OPF_RESEARCH_2.14,MNQ_0.1,MNQ_1Contract_Target150_200,OPF_PROFILE_0.1,2026-03-19T01:40:00.0000000,1148,2026-03-19 04:40:00,1184,Long,TrendPullback,20,38.0,24654.75,24643.25,11.5,24654.75,24655.25,True,31670,49617,1.5,70.5,54.0,1151.0,1148.0,1151.0,1153.0,1154.0,1154.0,1155.0,1156.0,1149.0,1152.0,1176.0,1175.0,1176.0,36,MaxBars,Skip,"StrategyRegimeNotTrend:score=20|SetupQualityTooLow:score=38,min=45",,both
OPF-20260725-095814,OPF_0.1,OPF_RESEARCH_2.14,MNQ_0.1,MNQ_1Contract_Target150_200,OPF_PROFILE_0.1,20260319-0140-BULL-OBS-001148-Z001148-OC,2026-03-19 01:45:00,1149,Skip,LongObservationRiskExpansionDisabledV111:risk=11.75,ActualCandidate,Long,TrendPullback,ObservationConfirm,20,53.0,True,24655.0,24643.25,24702.0,11.75,47.0,ActualTargetOverride:4,4.0,0.0,0,,LongObservationRiskExpansionDisabledV111,OPF_0.1,OPF_RESEARCH_2.14,MNQ_0.1,MNQ_1Contract_Target150_200,OPF_PROFILE_0.1,2026-03-19T01:45:00.0000000,1149,2026-03-19 04:45:00,1185,Long,TrendPullback,20,53.0,24655.0,24643.25,11.75,24654.5,24655.0,True,32309,50158,4.0,70.25,54.25,1151.0,1151.0,1151.0,1153.0,1154.0,1154.0,1155.0,1156.0,1152.0,1152.0,1176.0,1154.0,1176.0,36,MaxBars,Skip,LongObservationRiskExpansionDisabledV111:risk=11.75,,both
OPF-20260725-095814,OPF_0.1,OPF_RESEARCH_2.14,MNQ_0.1,MNQ_1Contract_Target150_200,OPF_PROFILE_0.1,20260319-0140-BULL-OBS-001148-Z001148-OC,2026-03-19 01:45:00,1149,Skip,"ObservationConfirmWideStopQualityTooLowV132:side=Long,score=53,min=56",ActualCandidate,Long,TrendPullback,ObservationConfirm_WideStop1_5R,20,53.0,True,24655.0,24637.38,24707.86,17.62,52.86,ActualTargetOverride:3,3.0,0.0,0,,ObservationConfirmWideStopQualityTooLowV132,OPF_0.1,OPF_RESEARCH_2.14,MNQ_0.1,MNQ_1Contract_Target150_200,OPF_PROFILE_0.1,2026-03-19T01:45:00.0000000,1149,2026-03-19 04:45:00,1185,Long,TrendPullback,20,53.0,24655.0,24637.38,17.62,24654.5,24655.0,True,32309,50158,3.0,70.25,54.25,1151.0,1151.0,1153.0,1154.0,1155.0,1156.0,1158.0,,1152.0,1176.0,1176.0,1155.0,1176.0,36,MaxBars,Skip,"ObservationConfirmWideStopQualityTooLowV132:side=Long,score=53,min=56",,both
OPF-20260725-095814,OPF_0.1,OPF_RESEARCH_2.14,MNQ_0.1,MNQ_1Contract_Target150_200,OPF_PROFILE_0.1,20260319-0145-BULL-OBS-001149-Z001148,2026-03-19 01:45:00,1149,Skip,"StrategyRegimeNotTrend:score=40|SetupQualityTooLow:score=30,min=70",ActualCandidate,Long,TrendPullback,UnknownRegimeZoneTouch,40,30.0,False,24655.0,24643.25,24672.625,11.75,6.0,NearestStructure,0.5106,0.0,0,,StrategyRegimeNotTrend,OPF_0.1,OPF_RESEARCH_2.14,MNQ_0.1,MNQ_1Contract_Target150_200,OPF_PROFILE_0.1,2026-03-19T01:45:00.0000000,1149,2026-03-19 04:45:00,1185,Long,TrendPullback,40,30.0,24655.0,24643.25,11.75,24654.5,24655.0,True,32309,50158,1.5,70.25,54.25,1151.0,1151.0,1151.0,1153.0,1154.0,1154.0,1155.0,1156.0,1152.0,1152.0,1176.0,1154.0,1176.0,36,MaxBars,Skip,"StrategyRegimeNotTrend:score=40|SetupQualityTooLow:score=30,min=70",,both
OPF-20260725-095814,OPF_0.1,OPF_RESEARCH_2.14,MNQ_0.1,MNQ_1Contract_Target150_200,OPF_PROFILE_0.1,20260319-0145-BULL-OBS-001149-Z001148-OC,2026-03-19 01:50:00,1150,Skip,"LongObservationWideRiskCutV137:risk=16.5,max=12|ObservationConfirmRiskCapExceeded:risk=16.5,max=12|LongObservationRiskExpansionDisabledV111:risk=16.5",ActualCandidate,Long,TrendPullback,ObservationConfirm,40,52.0,True,24659.75,24643.25,24725.75,16.5,66.0,ActualTargetOverride:4,4.0,0.0,0,,LongObservationWideRiskCutV137,OPF_0.1,OPF_RESEARCH_2.14,MNQ_0.1,MNQ_1Contract_Target150_200,OPF_PROFILE_0.1,2026-03-19T01:50:00.0000000,1150,2026-03-19 04:50:00,1186,Long,TrendPullback,40,52.0,24659.75,24643.25,16.5,24660.25,24661.0,True,32735,50529,4.0,65.5,59.0,1151.0,1153.0,1154.0,1154.0,1155.0,1156.0,1158.0,,1176.0,1176.0,1176.0,1155.0,1176.0,36,MaxBars,Skip,"LongObservationWideRiskCutV137:risk=16.5,max=12|ObservationConfirmRiskCapExceeded:risk=16.5,max=12|LongObservationRiskExpansionDisabledV111:risk=16.5",,both
OPF-20260725-095814,OPF_0.1,OPF_RESEARCH_2.14,MNQ_0.1,MNQ_1Contract_Target150_200,OPF_PROFILE_0.1,20260319-0145-BULL-OBS-001149-Z001148-OC,2026-03-19 01:50:00,1150,Skip,"ObservationConfirmWideStopQualityTooLowV132:side=Long,score=52,min=56",ActualCandidate,Long,TrendPullback,ObservationConfirm_WideStop1_5R,40,52.0,True,24659.75,24635.0,24734.0,24.75,74.25,ActualTargetOverride:3,3.0,0.0,0,,ObservationConfirmWideStopQualityTooLowV132,OPF_0.1,OPF_RESEARCH_2.14,MNQ_0.1,MNQ_1Contract_Target150_200,OPF_PROFILE_0.1,2026-03-19T01:50:00.0000000,1150,2026-03-19 04:50:00,1186,Long,TrendPullback,40,52.0,24659.75,24635.0,24.75,24660.25,24661.0,True,32735,50529,3.0,65.5,59.0,1152.0,1154.0,1154.0,1156.0,1158.0,1159.0,,,1176.0,1176.0,1176.0,1170.0,1176.0,36,MaxBars,Skip,"ObservationConfirmWideStopQualityTooLowV132:side=Long,score=52,min=56",,both
OPF-20260725-095814,OPF_0.1,OPF_RESEARCH_2.14,MNQ_0.1,MNQ_1Contract_Target150_200,OPF_PROFILE_0.1,20260319-0200-BEAR-OBS-001152-Z001152,2026-03-19 02:00:00,1152,Skip,"ZoneBirthShortV170RiskBandExcluded:risk=21.75,allowed=<=8|>12<=18|EstimatedRRTooLow:rr=0.092,min=0.25,reward=2,model=AggressiveExpansionV164Eligibility:NearestStructure",ActualCandidate,Short,TrendPullback,ZoneBirthResearch,0,41.0,True,24624.75,24646.5,24570.375,21.75,2.0,AggressiveExpansionV164Eligibility:NearestStructure,0.092,0.0,0,,ZoneBirthShortV170RiskBandExcluded,OPF_0.1,OPF_RESEARCH_2.14,MNQ_0.1,MNQ_1Contract_Target150_200,OPF_PROFILE_0.1,2026-03-19T02:00:00.0000000,1152,2026-03-19 05:00:00,1188,Short,TrendPullback,0,41.0,24624.75,24646.5,21.75,24624.75,24625.25,True,35711,51197,2.5,24.0,100.5,1153.0,1152.0,1152.0,,,,,,1153.0,1153.0,,,,36,MaxBars,Skip,"ZoneBirthShortV170RiskBandExcluded:risk=21.75,allowed=<=8|>12<=18|EstimatedRRTooLow:rr=0.092,min=0.25,reward=2,model=AggressiveExpansionV164Eligibility:NearestStructure",,both
OPF-20260725-095814,OPF_0.1,OPF_RESEARCH_2.14,MNQ_0.1,MNQ_1Contract_Target150_200,OPF_PROFILE_0.1,20260319-0200-BEAR-OBS-001152-Z001152-FR,2026-03-19 02:05:00,1153,Skip,"AggressiveExpansionV164RiskCapExceeded:risk=25.75,max=25|RiskTooWideHard:risk=25.75,max=25|EstimatedRRTooLow:rr=0.1165,min=0.25,reward=3,model=AggressiveExpansionV164Eligibility:NearestStructure",ActualCandidate,Long,FailureReverse,FailureReverse_ObservationInvalidated,0,50.0,True,24667.5,24641.75,24731.875,25.75,3.0,AggressiveExpansionV164Eligibility:NearestStructure,0.1165,0.0,0,,AggressiveExpansionV164RiskCapExceeded,OPF_0.1,OPF_RESEARCH_2.14,MNQ_0.1,MNQ_1Contract_Target150_200,OPF_PROFILE_0.1,2026-03-19T02:05:00.0000000,1153,2026-03-19 05:05:00,1189,Long,FailureReverse,0,50.0,24667.5,24641.75,25.75,24667.25,24667.75,True,37648,51461,2.5,57.75,57.5,1153.0,1155.0,1156.0,1156.0,1159.0,,,,1175.0,1175.0,1175.0,1157.0,,36,MaxBars,Skip,"AggressiveExpansionV164RiskCapExceeded:risk=25.75,max=25|RiskTooWideHard:risk=25.75,max=25|EstimatedRRTooLow:rr=0.1165,min=0.25,reward=3,model=AggressiveExpansionV164Eligibility:NearestStructure",,both
OPF-20260725-095814,OPF_0.1,OPF_RESEARCH_2.14,MNQ_0.1,MNQ_1Contract_Target150_200,OPF_PROFILE_0.1,20260319-0200-BEAR-OBS-001152-Z001152-FR,2026-03-19 02:05:00,1153,Skip,"AggressiveExpansionV164RiskCapExceeded:risk=38.62,max=25|RiskTooWideHard:risk=38.62,max=25|EstimatedRRTooLow:rr=0.0777,min=0.5,reward=3,model=AggressiveExpansionV164Eligibility:NearestStructure",ActualCandidate,Long,FailureReverse,FailureReverse_ObservationInvalidated_WideStop1_5R,0,50.0,True,24667.5,24628.88,24783.36,38.62,3.0,AggressiveExpansionV164Eligibility:NearestStructure,0.0777,0.0,0,,AggressiveExpansionV164RiskCapExceeded,OPF_0.1,OPF_RESEARCH_2.14,MNQ_0.1,MNQ_1Contract_Target150_200,OPF_PROFILE_0.1,2026-03-19T02:05:00.0000000,1153,2026-03-19 05:05:00,1189,Long,FailureReverse,0,50.0,24667.5,24628.88,38.62,24667.25,24667.75,True,37648,51461,3.0,57.75,57.5,1153.0,1156.0,1156.0,,,,,,1175.0,1175.0,,,,36,MaxBars,Skip,"AggressiveExpansionV164RiskCapExceeded:risk=38.62,max=25|RiskTooWideHard:risk=38.62,max=25|EstimatedRRTooLow:rr=0.0777,min=0.5,reward=3,model=AggressiveExpansionV164Eligibility:NearestStructure",,both
OPF-20260725-095814,OPF_0.1,OPF_RESEARCH_2.14,MNQ_0.1,MNQ_1Contract_Target150_200,OPF_PROFILE_0.1,20260319-0220-BULL-OBS-001156-Z001156,2026-03-19 02:20:00,1156,Skip,"AggressiveExpansionV164SideDisabled:path=ZoneBirthResearch,side=Long",ActualCandidate,Long,TrendPullback,ZoneBirthResearch,50,65.0,True,24704.75,24686.0,24732.875,18.75,0.0,NearestStructure,0.0,0.0,0,,AggressiveExpansionV164SideDisabled,OPF_0.1,OPF_RESEARCH_2.14,MNQ_0.1,MNQ_1Contract_Target150_200,OPF_PROFILE_0.1,2026-03-19T02:20:00.0000000,1156,2026-03-19 05:20:00,1192,Long,TrendPullback,50,65.0,24704.75,24686.0,18.75,24703.75,24704.25,True,41151,51674,1.5,20.5,94.75,1170.0,1159.0,1159.0,,,,,,1161.0,1161.0,,,,36,MaxBars,Skip,"AggressiveExpansionV164SideDisabled:path=ZoneBirthResearch,side=Long",,both
OPF-20260725-095814,OPF_0.1,OPF_RESEARCH_2.14,MNQ_0.1,MNQ_1Contract_Target150_200,OPF_PROFILE_0.1,20260319-0220-BULL-OBS-001156-Z001156-OC,2026-03-19 02:25:00,1157,Execute,"TradeID:20260319-0225-Long-1157|LegacyV174PolicyV204:targetR=4|dailyCap=10|ActualExitPolicyV209:targetR=4|beTriggerR=0|timeStopBars=36|ObservationConfirmLongTarget2RV161:targetR=4,plannedRisk=10.75|ActualTargetOverride:targetR=4,risk=10.75,path=ObservationConfirm",ActualExecuted,Long,TrendPullback,ObservationConfirm,50,70.0,True,24696.75,24686.0,24739.75,10.75,43.0,ActualTargetOverride:4,4.0,0.0,0,20260319-0225-Long-1157,TradeID,OPF_0.1,OPF_RESEARCH_2.14,MNQ_0.1,MNQ_1Contract_Target150_200,OPF_PROFILE_0.1,2026-03-19T02:25:00.0000000,1157,2026-03-19 05:25:00,1193,Long,TrendPullback,50,70.0,24696.75,24686.0,10.75,24695.25,24695.75,True,41769,52467,4.0,28.5,86.75,1170.0,1158.0,1158.0,1158.0,1159.0,1159.0,,,1162.0,1162.0,1162.0,1161.0,1162.0,36,MaxBars,Execute,"TradeID:20260319-0225-Long-1157|LegacyV174PolicyV204:targetR=4|dailyCap=10|ActualExitPolicyV209:targetR=4|beTriggerR=0|timeStopBars=36|ObservationConfirmLongTarget2RV161:targetR=4,plannedRisk=10.75|ActualTargetOverride:targetR=4,risk=10.75,path=ObservationConfirm",20260319-0225-Long-1157,both
OPF-20260725-095814,OPF_0.1,OPF_RESEARCH_2.14,MNQ_0.1,MNQ_1Contract_Target150_200,OPF_PROFILE_0.1,20260319-0220-BULL-OBS-001156-Z001156-OC,2026-03-19 02:25:00,1157,Skip,ActiveTrade:20260319-0225-Long-1157,ActualCandidate,Long,TrendPullback,ObservationConfirm_WideStop1_5R,50,70.0,True,24696.75,24680.63,24745.11,16.12,48.36,ActualTargetOverride:3,3.0,0.0,1,,ActiveTrade,OPF_0.1,OPF_RESEARCH_2.14,MNQ_0.1,MNQ_1Contract_Target150_200,OPF_PROFILE_0.1,2026-03-19T02:25:00.0000000,1157,2026-03-19 05:25:00,1193,Long,TrendPullback,50,70.0,24696.75,24680.63,16.12,24695.25,24695.75,True,41769,52467,3.0,28.5,86.75,1170.0,1158.0,1158.0,1159.0,,,,,1162.0,1162.0,1162.0,1160.0,,36,MaxBars,Skip,ActiveTrade:20260319-0225-Long-1157,,both
OPF-20260725-095814,OPF_0.1,OPF_RESEARCH_2.14,MNQ_0.1,MNQ_1Contract_Target150_200,OPF_PROFILE_0.1,20260319-0220-BULL-OBS-001156-Z001156-OC-STR,2026-03-19 02:25:00,1157,Skip,PathDisabled,ResearchOnly,Long,TrendPullback,ObservationStrict_BullFresh,50,70.0,True,24696.75,24686.0,24712.875,10.75,12.9,StrictBullFreshMin1_2R,1.2,0.0,1,,PathDisabled,OPF_0.1,OPF_RESEARCH_2.14,MNQ_0.1,MNQ_1Contract_Target150_200,OPF_PROFILE_0.1,2026-03-19T02:25:00.0000000,1157,2026-03-19 05:25:00,1193,Long,TrendPullback,50,70.0,24696.75,24686.0,10.75,24695.25,24695.75,True,41769,52467,1.5,28.5,86.75,1170.0,1158.0,1158.0,1158.0,1159.0,1159.0,,,1162.0,1162.0,1162.0,1161.0,1162.0,36,MaxBars,Skip,PathDisabled,,both
OPF-20260725-095814,OPF_0.1,OPF_RESEARCH_2.14,MNQ_0.1,MNQ_1Contract_Target150_200,OPF_PROFILE_0.1,20260319-0220-BULL-OBS-001156-Z001156-OC-STR,2026-03-19 02:25:00,1157,Skip,ActualPathDisabledV209:side=Long|path=ObservationStrict_BullFresh_WideStop1_5R,ActualCandidate,Long,TrendPullback,ObservationStrict_BullFresh_WideStop1_5R,50,70.0,True,24696.75,24680.63,24745.11,16.12,9.75,AggressiveExpansionV164Eligibility:NearestStructure,0.6048,0.0,1,,ActualPathDisabledV209,OPF_0.1,OPF_RESEARCH_2.14,MNQ_0.1,MNQ_1Contract_Target150_200,OPF_PROFILE_0.1,2026-03-19T02:25:00.0000000,1157,2026-03-19 05:25:00,1193,Long,TrendPullback,50,70.0,24696.75,24680.63,16.12,24695.25,24695.75,True,41769,52467,3.0,28.5,86.75,1170.0,1158.0,1158.0,1159.0,,,,,1162.0,1162.0,1162.0,1160.0,,36,MaxBars,Skip,ActualPathDisabledV209:side=Long|path=ObservationStrict_BullFresh_WideStop1_5R,,both
OPF-20260725-095814,OPF_0.1,OPF_RESEARCH_2.14,MNQ_0.1,MNQ_1Contract_Target150_200,OPF_PROFILE_0.1,20260319-0235-BULL-OBS-001159-Z001159,2026-03-19 02:35:00,1159,Skip,"StrategyRegimeNotTrend:score=30|SetupQualityTooLow:score=41,min=45",ActualCandidate,Long,TrendPullback,ZoneBirthResearch,30,41.0,False,24716.25,24704.25,24734.25,12.0,0.0,NearestStructure,0.0,0.0,1,,StrategyRegimeNotTrend,OPF_0.1,OPF_RESEARCH_2.14,MNQ_0.1,MNQ_1Contract_Target150_200,OPF_PROFILE_0.1,2026-03-19T02:35:00.0000000,1159,2026-03-19 05:35:00,1195,Long,TrendPullback,30,41.0,24716.25,24704.25,12.0,24716.5,24717.25,True,42249,53701,1.5,9.0,118.0,1161.0,1159.0,,,,,,,1160.0,,,,,36,MaxBars,Skip,"StrategyRegimeNotTrend:score=30|SetupQualityTooLow:score=41,min=45",,both
OPF-20260725-095814,OPF_0.1,OPF_RESEARCH_2.14,MNQ_0.1,MNQ_1Contract_Target150_200,OPF_PROFILE_0.1,20260319-0235-BULL-OBS-001159-Z001159-OC,2026-03-19 02:40:00,1160,Skip,LongObservationRiskExpansionDisabledV111:risk=12,ActualCandidate,Long,TrendPullback,ObservationConfirm,30,53.0,True,24716.25,24704.25,24764.25,12.0,48.0,ActualTargetOverride:4,4.0,0.0,1,,LongObservationRiskExpansionDisabledV111,OPF_0.1,OPF_RESEARCH_2.14,MNQ_0.1,MNQ_1Contract_Target150_200,OPF_PROFILE_0.1,2026-03-19T02:40:00.0000000,1160,2026-03-19 05:40:00,1196,Long,TrendPullback,30,53.0,24716.25,24704.25,12.0,24716.25,24716.75,True,42455,54571,4.0,7.5,140.0,1161.0,,,,,,,,,,,,,36,MaxBars,Skip,LongObservationRiskExpansionDisabledV111:risk=12,,both
OPF-20260725-095814,OPF_0.1,OPF_RESEARCH_2.14,MNQ_0.1,MNQ_1Contract_Target150_200,OPF_PROFILE_0.1,20260319-0235-BULL-OBS-001159-Z001159-OC,2026-03-19 02:40:00,1160,Skip,"ObservationConfirmWideStopQualityTooLowV132:side=Long,score=53,min=56",ActualCandidate,Long,TrendPullback,ObservationConfirm_WideStop1_5R,30,53.0,True,24716.25,24698.25,24770.25,18.0,54.0,ActualTargetOverride:3,3.0,0.0,1,,ObservationConfirmWideStopQualityTooLowV132,OPF_0.1,OPF_RESEARCH_2.14,MNQ_0.1,MNQ_1Contract_Target150_200,OPF_PROFILE_0.1,2026-03-19T02:40:00.0000000,1160,2026-03-19 05:40:00,1196,Long,TrendPullback,30,53.0,24716.25,24698.25,18.0,24716.25,24716.75,True,42455,54571,3.0,7.5,140.0,1162.0,,,,,,,,,,,,,36,MaxBars,Skip,"ObservationConfirmWideStopQualityTooLowV132:side=Long,score=53,min=56",,both
OPF-20260725-095814,OPF_0.1,OPF_RESEARCH_2.14,MNQ_0.1,MNQ_1Contract_Target150_200,OPF_PROFILE_0.1,20260319-0235-BULL-OBS-001159-Z001159-OC-STR,2026-03-19 02:40:00,1160,Skip,PathDisabled,ResearchOnly,Long,TrendPullback,ObservationStrict_BullFresh,30,53.0,True,24716.25,24704.25,24734.25,12.0,14.4,StrictBullFreshMin1_2R,1.2,0.0,1,,PathDisabled,OPF_0.1,OPF_RESEARCH_2.14,MNQ_0.1,MNQ_1Contract_Target150_200,OPF_PROFILE_0.1,2026-03-19T02:40:00.0000000,1160,2026-03-19 05:40:00,1196,Long,TrendPullback,30,53.0,24716.25,24704.25,12.0,24716.25,24716.75,True,42455,54571,1.5,7.5,140.0,1161.0,,,,,,,,,,,,,36,MaxBars,Skip,PathDisabled,,both
OPF-20260725-095814,OPF_0.1,OPF_RESEARCH_2.14,MNQ_0.1,MNQ_1Contract_Target150_200,OPF_PROFILE_0.1,20260319-0235-BULL-OBS-001159-Z001159-OC-STR,2026-03-19 02:40:00,1160,Skip,ActualPathDisabledV209:side=Long|path=ObservationStrict_BullFresh_WideStop1_5R,ActualCandidate,Long,TrendPullback,ObservationStrict_BullFresh_WideStop1_5R,30,53.0,True,24716.25,24698.25,24770.25,18.0,9.0,AggressiveExpansionV164Eligibility:NearestStructure,0.5,0.0,1,,ActualPathDisabledV209,OPF_0.1,OPF_RESEARCH_2.14,MNQ_0.1,MNQ_1Contract_Target150_200,OPF_PROFILE_0.1,2026-03-19T02:40:00.0000000,1160,2026-03-19 05:40:00,1196,Long,TrendPullback,30,53.0,24716.25,24698.25,18.0,24716.25,24716.75,True,42455,54571,3.0,7.5,140.0,1162.0,,,,,,,,,,,,,36,MaxBars,Skip,ActualPathDisabledV209:side=Long|path=ObservationStrict_BullFresh_WideStop1_5R,,both
OPF-20260725-095814,OPF_0.1,OPF_RESEARCH_2.14,MNQ_0.1,MNQ_1Contract_Target150_200,OPF_PROFILE_0.1,20260319-0250-BEAR-OBS-001162-Z001162,2026-03-19 02:50:00,1162,Skip,"ZoneBirthShortV170RiskBandExcluded:risk=18.25,allowed=<=8|>12<=18|EstimatedRRTooLow:rr=0.0685,min=0.25,reward=1.25,model=AggressiveExpansionV164Eligibility:NearestStructure",ActualCandidate,Short,TrendPullback,ZoneBirthResearch,20,41.0,True,24694.5,24712.75,24648.875,18.25,1.25,AggressiveExpansionV164Eligibility:NearestStructure,0.0685,0.0,1,,ZoneBirthShortV170RiskBandExcluded,OPF_0.1,OPF_RESEARCH_2.14,MNQ_0.1,MNQ_1Contract_Target150_200,OPF_PROFILE_0.1,2026-03-19T02:50:00.0000000,1162,2026-03-19 05:50:00,1198,Short,TrendPullback,20,41.0,24694.5,24712.75,18.25,24694.0,24694.5,True,42971,56235,2.5,118.25,21.0,1166.0,1170.0,1170.0,1175.0,1176.0,1177.0,1177.0,1184.0,,,,,,36,MaxBars,Skip,"ZoneBirthShortV170RiskBandExcluded:risk=18.25,allowed=<=8|>12<=18|EstimatedRRTooLow:rr=0.0685,min=0.25,reward=1.25,model=AggressiveExpansionV164Eligibility:NearestStructure",,both
OPF-20260725-095814,OPF_0.1,OPF_RESEARCH_2.14,MNQ_0.1,MNQ_1Contract_Target150_200,OPF_PROFILE_0.1,20260319-0250-BEAR-OBS-001162-Z001162-OC,2026-03-19 02:55:00,1163,Skip,ActiveTrade:20260319-0225-Long-1157,ActualCandidate,Short,TrendPullback,ObservationConfirm,20,53.0,True,24695.75,24712.75,24670.25,17.0,25.5,ObservationConfirmTargetR:1.5,1.5,0.0,1,,ActiveTrade,OPF_0.1,OPF_RESEARCH_2.14,MNQ_0.1,MNQ_1Contract_Target150_200,OPF_PROFILE_0.1,2026-03-19T02:55:00.0000000,1163,2026-03-19 05:55:00,1199,Short,TrendPullback,20,53.0,24695.75,24712.75,17.0,24695.75,24696.5,True,43164,56977,1.5,119.5,19.75,1166.0,1170.0,1170.0,1175.0,1176.0,1176.0,1177.0,1184.0,,,,,,36,MaxBars,Skip,ActiveTrade:20260319-0225-Long-1157,,both
OPF-20260725-095814,OPF_0.1,OPF_RESEARCH_2.14,MNQ_0.1,MNQ_1Contract_Target150_200,OPF_PROFILE_0.1,20260319-0250-BEAR-OBS-001162-Z001162-OC,2026-03-19 02:55:00,1163,Skip,"ObservationConfirmWideStopQualityTooLowV132:side=Short,score=53,min=56",ActualCandidate,Short,TrendPullback,ObservationConfirm_WideStop1_5R,20,53.0,True,24695.75,24721.25,24657.5,25.5,2.5,NearestStructure,0.098,0.0,1,,ObservationConfirmWideStopQualityTooLowV132,OPF_0.1,OPF_RESEARCH_2.14,MNQ_0.1,MNQ_1Contract_Target150_200,OPF_PROFILE_0.1,2026-03-19T02:55:00.0000000,1163,2026-03-19 05:55:00,1199,Short,TrendPullback,20,53.0,24695.75,24721.25,25.5,24695.75,24696.5,True,43164,56977,1.5,119.5,19.75,,1170.0,1175.0,1176.0,1177.0,1183.0,1184.0,1196.0,,,,,,36,MaxBars,Skip,"ObservationConfirmWideStopQualityTooLowV132:side=Short,score=53,min=56",,both
OPF-20260725-095814,OPF_0.1,OPF_RESEARCH_2.14,MNQ_0.1,MNQ_1Contract_Target150_200,OPF_PROFILE_0.1,20260319-0250-BEAR-OBS-001162-Z001162-OC-STR,2026-03-19 02:55:00,1163,Skip,"AggressiveExpansionV164SideDisabled:path=ObservationStrict_Other,side=Short",ActualCandidate,Short,TrendPullback,ObservationStrict_Other,20,53.0,True,24695.75,24712.75,24670.25,17.0,2.5,NearestStructure,0.1471,0.0,1,,AggressiveExpansionV164SideDisabled,OPF_0.1,OPF_RESEARCH_2.14,MNQ_0.1,MNQ_1Contract_Target150_200,OPF_PROFILE_0.1,2026-03-19T02:55:00.0000000,1163,2026-03-19 05:55:00,1199,Short,TrendPullback,20,53.0,24695.75,24712.75,17.0,24695.75,24696.5,True,43164,56977,1.5,119.5,19.75,1166.0,1170.0,1170.0,1175.0,1176.0,1176.0,1177.0,1184.0,,,,,,36,MaxBars,Skip,"AggressiveExpansionV164SideDisabled:path=ObservationStrict_Other,side=Short",,both
OPF-20260725-095814,OPF_0.1,OPF_RESEARCH_2.14,MNQ_0.1,MNQ_1Contract_Target150_200,OPF_PROFILE_0.1,20260319-0250-BEAR-OBS-001162-Z001162-OC-STR,2026-03-19 02:55:00,1163,Skip,"StrategyRegimeNotTrend:score=20|SetupQualityTooLow:score=53,min=70",ActualCandidate,Short,TrendPullback,ObservationStrict_Other_WideStop1_5R,20,53.0,False,24695.75,24721.25,24657.5,25.5,2.5,NearestStructure,0.098,0.0,1,,StrategyRegimeNotTrend,OPF_0.1,OPF_RESEARCH_2.14,MNQ_0.1,MNQ_1Contract_Target150_200,OPF_PROFILE_0.1,2026-03-19T02:55:00.0000000,1163,2026-03-19 05:55:00,1199,Short,TrendPullback,20,53.0,24695.75,24721.25,25.5,24695.75,24696.5,True,43164,56977,1.5,119.5,19.75,,1170.0,1175.0,1176.0,1177.0,1183.0,1184.0,1196.0,,,,,,36,MaxBars,Skip,"StrategyRegimeNotTrend:score=20|SetupQualityTooLow:score=53,min=70",,both
OPF-20260725-095814,OPF_0.1,OPF_RESEARCH_2.14,MNQ_0.1,MNQ_1Contract_Target150_200,OPF_PROFILE_0.1,20260319-0250-BULL-OBS-001162-Z001156,2026-03-19 02:50:00,1162,Skip,"StrategyRegimeNotTrend:score=30|SetupQualityTooLow:score=30,min=70",ActualCandidate,Long,TrendPullback,UnknownRegimeZoneTouch,30,30.0,False,24694.5,24686.0,24707.25,8.5,10.25,NearestStructure,1.2059,0.0,1,,StrategyRegimeNotTrend,OPF_0.1,OPF_RESEARCH_2.14,MNQ_0.1,MNQ_1Contract_Target150_200,OPF_PROFILE_0.1,2026-03-19T02:50:00.0000000,1162,2026-03-19 05:50:00,1198,Long,TrendPullback,30,30.0,24694.5,24686.0,8.5,24694.0,24694.5,True,42971,56235,1.5,21.0,118.25,1170.0,1162.0,1164.0,1166.0,1166.0,,,,1163.0,1169.0,1169.0,1167.0,,36,MaxBars,Skip,"StrategyRegimeNotTrend:score=30|SetupQualityTooLow:score=30,min=70",,both
OPF-20260725-095814,OPF_0.1,OPF_RESEARCH_2.14,MNQ_0.1,MNQ_1Contract_Target150_200,OPF_PROFILE_0.1,20260319-0250-BULL-OBS-001162-Z001156-OC,2026-03-19 02:55:00,1163,Skip,ActiveTrade:20260319-0225-Long-1157,ActualCandidate,Long,TrendPullback,ObservationConfirm,30,48.0,True,24695.75,24686.0,24734.75,9.75,39.0,ActualTargetOverride:4,4.0,0.0,1,,ActiveTrade,OPF_0.1,OPF_RESEARCH_2.14,MNQ_0.1,MNQ_1Contract_Target150_200,OPF_PROFILE_0.1,2026-03-19T02:55:00.0000000,1163,2026-03-19 05:55:00,1199,Long,TrendPullback,30,48.0,24695.75,24686.0,9.75,24695.75,24696.5,True,43164,56977,4.0,19.75,119.5,1170.0,1164.0,1166.0,1166.0,1166.0,,,,1169.0,1169.0,1169.0,1167.0,,36,MaxBars,Skip,ActiveTrade:20260319-0225-Long-1157,,both
OPF-20260725-095814,OPF_0.1,OPF_RESEARCH_2.14,MNQ_0.1,MNQ_1Contract_Target150_200,OPF_PROFILE_0.1,20260319-0250-BULL-OBS-001162-Z001156-OC,2026-03-19 02:55:00,1163,Skip,"ObservationConfirmWideStopQualityTooLowV132:side=Long,score=48,min=56",ActualCandidate,Long,TrendPullback,ObservationConfirm_WideStop1_5R,30,48.0,True,24695.75,24681.13,24739.61,14.62,43.86,ActualTargetOverride:3,3.0,0.0,1,,ObservationConfirmWideStopQualityTooLowV132,OPF_0.1,OPF_RESEARCH_2.14,MNQ_0.1,MNQ_1Contract_Target150_200,OPF_PROFILE_0.1,2026-03-19T02:55:00.0000000,1163,2026-03-19 05:55:00,1199,Long,TrendPullback,30,48.0,24695.75,24681.13,14.62,24695.75,24696.5,True,43164,56977,3.0,19.75,119.5,1170.0,1166.0,1166.0,,,,,,1169.0,1169.0,,,,36,MaxBars,Skip,"ObservationConfirmWideStopQualityTooLowV132:side=Long,score=48,min=56",,both
OPF-20260725-095814,OPF_0.1,OPF_RESEARCH_2.14,MNQ_0.1,MNQ_1Contract_Target150_200,OPF_PROFILE_0.1,20260319-0300-BEAR-OBS-001164-Z001162,2026-03-19 03:00:00,1164,Skip,"SetupQualityTooLow:score=31,min=45",ActualCandidate,Short,TrendPullback,UnknownRegimeZoneTouch,0,31.0,False,24702.25,24712.75,24670.75,10.5,3.25,AggressiveExpansionV164Eligibility:NearestStructure,0.3095,0.0,1,,SetupQualityTooLow,OPF_0.1,OPF_RESEARCH_2.14,MNQ_0.1,MNQ_1Contract_Target150_200,OPF_PROFILE_0.1,2026-03-19T03:00:00.0000000,1164,2026-03-19 06:00:00,1200,Short,TrendPullback,0,31.0,24702.25,24712.75,10.5,24701.5,24702.0,True,43288,57672,3.0,126.0,13.25,1166.0,1169.0,1170.0,1170.0,1170.0,1170.0,1175.0,1176.0,,,,,,36,MaxBars,Skip,"SetupQualityTooLow:score=31,min=45",,both
OPF-20260725-095814,OPF_0.1,OPF_RESEARCH_2.14,MNQ_0.1,MNQ_1Contract_Target150_200,OPF_PROFILE_0.1,20260319-0300-BEAR-OBS-001164-Z001162-OC,2026-03-19 03:15:00,1167,Skip,"ShortObservationMidRiskQualityCutV112:score=56,min=60,risk=9.25",ActualCandidate,Short,TrendPullback,ObservationConfirm,0,56.0,True,24703.5,24712.75,24689.625,9.25,13.88,ObservationConfirmTargetR:1.5,1.5005,0.0,1,,ShortObservationMidRiskQualityCutV112,OPF_0.1,OPF_RESEARCH_2.14,MNQ_0.1,MNQ_1Contract_Target150_200,OPF_PROFILE_0.1,2026-03-19T03:15:00.0000000,1167,2026-03-19 06:15:00,1203,Short,TrendPullback,0,56.0,24703.5,24712.75,9.25,24702.5,24703.0,True,44184,58663,1.5,127.25,9.25,1167.0,1168.0,1169.0,1170.0,1170.0,1170.0,1170.0,1175.0,,,,,,36,MaxBars,Skip,"ShortObservationMidRiskQualityCutV112:score=56,min=60,risk=9.25",,both
OPF-20260725-095814,OPF_0.1,OPF_RESEARCH_2.14,MNQ_0.1,MNQ_1Contract_Target150_200,OPF_PROFILE_0.1,20260319-0300-BEAR-OBS-001164-Z001162-OC,2026-03-19 03:15:00,1167,Skip,"StrictEntryRiskBandExcludedV208:risk=13.88,excluded=(13.25,16]|EstimatedRRTooLow:rr=0.3242,min=0.5,reward=4.5,model=NearestStructure",ActualCandidate,Short,TrendPullback,ObservationConfirm_WideStop1_5R,0,56.0,True,24703.5,24717.38,24682.68,13.88,4.5,NearestStructure,0.3242,0.0,1,,StrictEntryRiskBandExcludedV208,OPF_0.1,OPF_RESEARCH_2.14,MNQ_0.1,MNQ_1Contract_Target150_200,OPF_PROFILE_0.1,2026-03-19T03:15:00.0000000,1167,2026-03-19 06:15:00,1203,Short,TrendPullback,0,56.0,24703.5,24717.38,13.88,24702.5,24703.0,True,44184,58663,1.5,127.25,9.25,,1169.0,1170.0,1170.0,1170.0,1175.0,1176.0,1177.0,,,,,,36,MaxBars,Skip,"StrictEntryRiskBandExcludedV208:risk=13.88,excluded=(13.25,16]|EstimatedRRTooLow:rr=0.3242,min=0.5,reward=4.5,model=NearestStructure",,both
OPF-20260725-095814,OPF_0.1,OPF_RESEARCH_2.14,MNQ_0.1,MNQ_1Contract_Target150_200,OPF_PROFILE_0.1,20260319-0310-BULL-OBS-001166-Z001166,2026-03-19 03:10:00,1166,Skip,"AggressiveExpansionV164SideDisabled:path=ZoneBirthResearch,side=Long",ActualCandidate,Long,TrendPullback,ZoneBirthResearch,50,61.0,True,24710.0,24703.25,24720.125,6.75,3.0,NearestStructure,0.4444,0.0,1,,AggressiveExpansionV164SideDisabled,OPF_0.1,OPF_RESEARCH_2.14,MNQ_0.1,MNQ_1Contract_Target150_200,OPF_PROFILE_0.1,2026-03-19T03:10:00.0000000,1166,2026-03-19 06:10:00,1202,Long,TrendPullback,50,61.0,24710.0,24703.25,6.75,24710.0,24710.5,True,43867,58646,1.5,5.5,133.75,1167.0,1166.0,,,,,,,1167.0,,,,,36,MaxBars,Skip,"AggressiveExpansionV164SideDisabled:path=ZoneBirthResearch,side=Long",,both
OPF-20260725-095814,OPF_0.1,OPF_RESEARCH_2.14,MNQ_0.1,MNQ_1Contract_Target150_200,OPF_PROFILE_0.1,20260319-0310-BULL-OBS-001166-Z001166-FR,2026-03-19 03:15:00,1167,Skip,ActualPathDisabledV209:side=Short|path=FailureReverse_ObservationInvalidated,ActualCandidate,Short,FailureReverse,FailureReverse_ObservationInvalidated,50,70.0,True,24703.5,24704.75,24700.375,1.25,4.5,AggressiveExpansionV164Eligibility:NearestStructure,3.6,0.0,1,,ActualPathDisabledV209,OPF_0.1,OPF_RESEARCH_2.14,MNQ_0.1,MNQ_1Contract_Target150_200,OPF_PROFILE_0.1,2026-03-19T03:15:00.0000000,1167,2026-03-19 06:15:00,1203,Short,FailureReverse,50,70.0,24703.5,24704.75,1.25,24702.5,24703.0,True,44184,58663,2.5,127.25,9.25,1167.0,1167.0,1168.0,1168.0,1168.0,1168.0,1168.0,1168.0,1168.0,,,,,36,MaxBars,Skip,ActualPathDisabledV209:side=Short|path=FailureReverse_ObservationInvalidated,,both
OPF-20260725-095814,OPF_0.1,OPF_RESEARCH_2.14,MNQ_0.1,MNQ_1Contract_Target150_200,OPF_PROFILE_0.1,20260319-0310-BULL-OBS-001166-Z001166-FR,2026-03-19 03:15:00,1167,Skip,"AggressiveExpansionWait1ScheduledV165:EntryBarStopTouched:high=24712.75,stop=24705.38",ActualCandidate,Short,FailureReverse,FailureReverse_ObservationInvalidated_WideStop1_5R,50,70.0,True,24703.5,24705.38,24695.98,1.88,4.5,AggressiveExpansionV164Eligibility:NearestStructure,2.3936,0.0,1,,AggressiveExpansionWait1ScheduledV165,OPF_0.1,OPF_RESEARCH_2.14,MNQ_0.1,MNQ_1Contract_Target150_200,OPF_PROFILE_0.1,2026-03-19T03:15:00.0000000,1167,2026-03-19 06:15:00,1203,Short,FailureReverse,50,70.0,24703.5,24705.38,1.88,24702.5,24703.0,True,44184,58663,4.0,127.25,9.25,1167.0,1168.0,1168.0,1168.0,1168.0,1168.0,1168.0,1169.0,,,,,,36,MaxBars,Skip,"AggressiveExpansionWait1ScheduledV165:EntryBarStopTouched:high=24712.75,stop=24705.38",,both
OPF-20260725-095814,OPF_0.1,OPF_RESEARCH_2.14,MNQ_0.1,MNQ_1Contract_Target150_200,OPF_PROFILE_0.1,20260319-0310-BULL-OBS-001166-Z001166-FR-RT,2026-03-19 03:25:00,1169,Skip,"FailureRetestRiskCapExceeded:risk=11.5,max=11",ActualCandidate,Short,FailureReverse,FailureReverse_RetestFailed,50,80.0,True,24693.25,24704.75,24676.0,11.5,13.8,FailureRetestMin1_2R,1.2,0.0,1,,FailureRetestRiskCapExceeded,OPF_0.1,OPF_RESEARCH_2.14,MNQ_0.1,MNQ_1Contract_Target150_200,OPF_PROFILE_0.1,2026-03-19T03:25:00.0000000,1169,2026-03-19 06:25:00,1205,Short,FailureReverse,50,80.0,24693.25,24704.75,11.5,24693.75,24694.25,True,44753,59887,1.5,117.0,8.25,,1170.0,1170.0,1170.0,1175.0,1175.0,1176.0,1177.0,,,,1171.0,,36,MaxBars,Skip,"FailureRetestRiskCapExceeded:risk=11.5,max=11",,both
OPF-20260725-095814,OPF_0.1,OPF_RESEARCH_2.14,MNQ_0.1,MNQ_1Contract_Target150_200,OPF_PROFILE_0.1,20260319-0310-BULL-OBS-001166-Z001166-FR-RT,2026-03-19 03:25:00,1169,Skip,ActualPathDisabledV209:side=Short|path=FailureReverse_RetestFailed_WideStop1_5R,ActualCandidate,Short,FailureReverse,FailureReverse_RetestFailed_WideStop1_5R,50,80.0,True,24693.25,24710.5,24641.5,17.25,0.25,AggressiveExpansionV164Eligibility:NearestStructure,0.0145,0.0,1,,ActualPathDisabledV209,OPF_0.1,OPF_RESEARCH_2.14,MNQ_0.1,MNQ_1Contract_Target150_200,OPF_PROFILE_0.1,2026-03-19T03:25:00.0000000,1169,2026-03-19 06:25:00,1205,Short,FailureReverse,50,80.0,24693.25,24710.5,17.25,24693.75,24694.25,True,44753,59887,3.0,117.0,8.25,,1170.0,1170.0,1175.0,1176.0,1177.0,1177.0,1184.0,,,,,,36,MaxBars,Skip,ActualPathDisabledV209:side=Short|path=FailureReverse_RetestFailed_WideStop1_5R,,both
OPF-20260725-095814,OPF_0.1,OPF_RESEARCH_2.14,MNQ_0.1,MNQ_1Contract_Target150_200,OPF_PROFILE_0.1,20260319-0325-BEAR-OBS-001169-Z001169,2026-03-19 03:25:00,1169,Skip,"ZoneBirthShortV170RiskBandExcluded:risk=9.75,allowed=<=8|>12<=18|EstimatedRRTooLow:rr=0.0256,min=0.25,reward=0.25,model=AggressiveExpansionV164Eligibility:NearestStructure",ActualCandidate,Short,TrendPullback,ZoneBirthResearch,30,45.0,True,24693.25,24703.0,24668.875,9.75,0.25,AggressiveExpansionV164Eligibility:NearestStructure,0.0256,0.0,1,,ZoneBirthShortV170RiskBandExcluded,OPF_0.1,OPF_RESEARCH_2.14,MNQ_0.1,MNQ_1Contract_Target150_200,OPF_PROFILE_0.1,2026-03-19T03:25:00.0000000,1169,2026-03-19 06:25:00,1205,Short,TrendPullback,30,45.0,24693.25,24703.0,9.75,24693.75,24694.25,True,44753,59887,2.5,117.0,8.25,,1170.0,1170.0,1170.0,1174.0,1175.0,1175.0,1176.0,,,,1171.0,,36,MaxBars,Skip,"ZoneBirthShortV170RiskBandExcluded:risk=9.75,allowed=<=8|>12<=18|EstimatedRRTooLow:rr=0.0256,min=0.25,reward=0.25,model=AggressiveExpansionV164Eligibility:NearestStructure",,both
OPF-20260725-095814,OPF_0.1,OPF_RESEARCH_2.14,MNQ_0.1,MNQ_1Contract_Target150_200,OPF_PROFILE_0.1,20260319-0325-BEAR-OBS-001169-Z001169-OC,2026-03-19 03:30:00,1170,Skip,ActiveTrade:20260319-0225-Long-1157,ActualCandidate,Short,TrendPullback,ObservationConfirm,30,56.0,True,24683.5,24703.0,24654.25,19.5,29.25,ObservationConfirmTargetR:1.5,1.5,-60.5,1,,ActiveTrade,OPF_0.1,OPF_RESEARCH_2.14,MNQ_0.1,MNQ_1Contract_Target150_200,OPF_PROFILE_0.1,2026-03-19T03:30:00.0000000,1170,2026-03-19 06:30:00,1206,Short,TrendPullback,30,56.0,24683.5,24703.0,19.5,24683.25,24683.75,True,44984,60914,1.5,107.25,10.75,,1175.0,1175.0,1176.0,1177.0,1179.0,1184.0,1194.0,,,,,,36,MaxBars,Skip,ActiveTrade:20260319-0225-Long-1157,,both
OPF-20260725-095814,OPF_0.1,OPF_RESEARCH_2.14,MNQ_0.1,MNQ_1Contract_Target150_200,OPF_PROFILE_0.1,20260319-0325-BEAR-OBS-001169-Z001169-OC,2026-03-19 03:30:00,1170,Skip,"DailyVolumeFloorRiskCapExceeded:risk=29.25,max=18|OCWideStopLowRiskV132RiskCapExceeded:risk=29.25,max=18,side=Short|RiskTooWideHard:risk=29.25,max=25|EstimatedRRTooLow:rr=0.3846,min=0.5,reward=11.25,model=NearestStructure",ActualCandidate,Short,TrendPullback,ObservationConfirm_WideStop1_5R,30,56.0,True,24683.5,24712.75,24639.625,29.25,11.25,NearestStructure,0.3846,-60.5,1,,DailyVolumeFloorRiskCapExceeded,OPF_0.1,OPF_RESEARCH_2.14,MNQ_0.1,MNQ_1Contract_Target150_200,OPF_PROFILE_0.1,2026-03-19T03:30:00.0000000,1170,2026-03-19 06:30:00,1206,Short,TrendPullback,30,56.0,24683.5,24712.75,29.25,24683.25,24683.75,True,44984,60914,1.5,107.25,10.75,,1176.0,1176.0,1178.0,1184.0,1185.0,1196.0,,,,,,,36,MaxBars,Skip,"DailyVolumeFloorRiskCapExceeded:risk=29.25,max=18|OCWideStopLowRiskV132RiskCapExceeded:risk=29.25,max=18,side=Short|RiskTooWideHard:risk=29.25,max=25|EstimatedRRTooLow:rr=0.3846,min=0.5,reward=11.25,model=NearestStructure",,both
OPF-20260725-095814,OPF_0.1,OPF_RESEARCH_2.14,MNQ_0.1,MNQ_1Contract_Target150_200,OPF_PROFILE_0.1,20260319-0330-BEAR-OBS-001170-Z001170,2026-03-19 03:30:00,1170,Skip,ActiveTrade:20260319-0225-Long-1157,ActualCandidate,Short,TrendPullback,ZoneBirthResearch,30,41.0,True,24683.5,24696.75,24650.375,13.25,11.25,AggressiveExpansionV164Eligibility:NearestStructure,0.8491,-60.5,1,,ActiveTrade,OPF_0.1,OPF_RESEARCH_2.14,MNQ_0.1,MNQ_1Contract_Target150_200,OPF_PROFILE_0.1,2026-03-19T03:30:00.0000000,1170,2026-03-19 06:30:00,1206,Short,TrendPullback,30,41.0,24683.5,24696.75,13.25,24683.25,24683.75,True,44984,60914,2.5,107.25,10.75,,1174.0,1175.0,1175.0,1176.0,1177.0,1177.0,1183.0,,,,,,36,MaxBars,Skip,ActiveTrade:20260319-0225-Long-1157,,both
OPF-20260725-095814,OPF_0.1,OPF_RESEARCH_2.14,MNQ_0.1,MNQ_1Contract_Target150_200,OPF_PROFILE_0.1,20260319-0330-BEAR-OBS-001170-Z001170-OC,2026-03-19 03:35:00,1171,Skip,"StrictEntryRiskBandExcludedV208:risk=14.25,excluded=(13.25,16]|ShortObservationMidRiskQualityCutV112:score=56,min=60,risk=14.25",ActualCandidate,Short,TrendPullback,ObservationConfirm,30,56.0,True,24682.5,24696.75,24661.125,14.25,21.38,ObservationConfirmTargetR:1.5,1.5004,-60.5,1,,StrictEntryRiskBandExcludedV208,OPF_0.1,OPF_RESEARCH_2.14,MNQ_0.1,MNQ_1Contract_Target150_200,OPF_PROFILE_0.1,2026-03-19T03:35:00.0000000,1171,2026-03-19 06:35:00,1207,Short,TrendPullback,30,56.0,24682.5,24696.75,14.25,24683.25,24683.75,True,45302,61985,1.5,108.75,6.0,,1174.0,1175.0,1176.0,1176.0,1177.0,1177.0,1184.0,1175.0,,,,,36,MaxBars,Skip,"StrictEntryRiskBandExcludedV208:risk=14.25,excluded=(13.25,16]|ShortObservationMidRiskQualityCutV112:score=56,min=60,risk=14.25",,both
OPF-20260725-095814,OPF_0.1,OPF_RESEARCH_2.14,MNQ_0.1,MNQ_1Contract_Target150_200,OPF_PROFILE_0.1,20260319-0330-BEAR-OBS-001170-Z001170-OC,2026-03-19 03:35:00,1171,Skip,"DailyVolumeFloorRiskCapExceeded:risk=21.38,max=18|OCWideStopLowRiskV132RiskCapExceeded:risk=21.38,max=18,side=Short|EstimatedRRTooLow:rr=0.3391,min=0.5,reward=7.25,model=NearestStructure",ActualCandidate,Short,TrendPullback,ObservationConfirm_WideStop1_5R,30,56.0,True,24682.5,24703.88,24650.43,21.38,7.25,NearestStructure,0.3391,-60.5,1,,DailyVolumeFloorRiskCapExceeded,OPF_0.1,OPF_RESEARCH_2.14,MNQ_0.1,MNQ_1Contract_Target150_200,OPF_PROFILE_0.1,2026-03-19T03:35:00.0000000,1171,2026-03-19 06:35:00,1207,Short,TrendPullback,30,56.0,24682.5,24703.88,21.38,24683.25,24683.75,True,45302,61985,1.5,108.75,6.0,,1175.0,1176.0,1177.0,1178.0,1183.0,1184.0,1196.0,,,,,,36,MaxBars,Skip,"DailyVolumeFloorRiskCapExceeded:risk=21.38,max=18|OCWideStopLowRiskV132RiskCapExceeded:risk=21.38,max=18,side=Short|EstimatedRRTooLow:rr=0.3391,min=0.5,reward=7.25,model=NearestStructure",,both
OPF-20260725-095814,OPF_0.1,OPF_RESEARCH_2.14,MNQ_0.1,MNQ_1Contract_Target150_200,OPF_PROFILE_0.1,20260319-0330-BEAR-OBS-001170-Z001170-OC-STR,2026-03-19 03:35:00,1171,Skip,"AggressiveExpansionV164SideDisabled:path=ObservationStrict_Other,side=Short",ActualCandidate,Short,TrendPullback,ObservationStrict_Other,30,56.0,True,24682.5,24696.75,24661.125,14.25,7.25,NearestStructure,0.5088,-60.5,1,,AggressiveExpansionV164SideDisabled,OPF_0.1,OPF_RESEARCH_2.14,MNQ_0.1,MNQ_1Contract_Target150_200,OPF_PROFILE_0.1,2026-03-19T03:35:00.0000000,1171,2026-03-19 06:35:00,1207,Short,TrendPullback,30,56.0,24682.5,24696.75,14.25,24683.25,24683.75,True,45302,61985,1.5,108.75,6.0,,1174.0,1175.0,1176.0,1176.0,1177.0,1177.0,1184.0,1175.0,,,,,36,MaxBars,Skip,"AggressiveExpansionV164SideDisabled:path=ObservationStrict_Other,side=Short",,both
OPF-20260725-095814,OPF_0.1,OPF_RESEARCH_2.14,MNQ_0.1,MNQ_1Contract_Target150_200,OPF_PROFILE_0.1,20260319-0330-BEAR-OBS-001170-Z001170-OC-STR,2026-03-19 03:35:00,1171,Skip,"StrategyRegimeNotTrend:score=30|SetupQualityTooLow:score=56,min=70",ActualCandidate,Short,TrendPullback,ObservationStrict_Other_WideStop1_5R,30,56.0,False,24682.5,24703.88,24650.43,21.38,7.25,NearestStructure,0.3391,-60.5,1,,StrategyRegimeNotTrend,OPF_0.1,OPF_RESEARCH_2.14,MNQ_0.1,MNQ_1Contract_Target150_200,OPF_PROFILE_0.1,2026-03-19T03:35:00.0000000,1171,2026-03-19 06:35:00,1207,Short,TrendPullback,30,56.0,24682.5,24703.88,21.38,24683.25,24683.75,True,45302,61985,1.5,108.75,6.0,,1175.0,1176.0,1177.0,1178.0,1183.0,1184.0,1196.0,,,,,,36,MaxBars,Skip,"StrategyRegimeNotTrend:score=30|SetupQualityTooLow:score=56,min=70",,both
OPF-20260725-095814,OPF_0.1,OPF_RESEARCH_2.14,MNQ_0.1,MNQ_1Contract_Target150_200,OPF_PROFILE_0.1,20260319-0335-BEAR-OBS-001171-Z001171,2026-03-19 03:35:00,1171,Skip,"ZoneBirthShortV170RiskBandExcluded:risk=10,allowed=<=8|>12<=18",ActualCandidate,Short,TrendPullback,ZoneBirthResearch,0,41.0,True,24682.5,24692.5,24657.5,10.0,7.25,AggressiveExpansionV164Eligibility:NearestStructure,0.725,-60.5,1,,ZoneBirthShortV170RiskBandExcluded,OPF_0.1,OPF_RESEARCH_2.14,MNQ_0.1,MNQ_1Contract_Target150_200,OPF_PROFILE_0.1,2026-03-19T03:35:00.0000000,1171,2026-03-19 06:35:00,1207,Short,TrendPullback,0,41.0,24682.5,24692.5,10.0,24683.25,24683.75,True,45302,61985,2.5,108.75,6.0,,1171.0,1174.0,1175.0,1176.0,1176.0,1176.0,1177.0,1172.0,1175.0,,,,36,MaxBars,Skip,"ZoneBirthShortV170RiskBandExcluded:risk=10,allowed=<=8|>12<=18",,both
OPF-20260725-095814,OPF_0.1,OPF_RESEARCH_2.14,MNQ_0.1,MNQ_1Contract_Target150_200,OPF_PROFILE_0.1,20260319-0335-BEAR-OBS-001171-Z001171-OC,2026-03-19 03:40:00,1172,Skip,"StrictEntryRiskBandExcludedV208:risk=13.75,excluded=(13.25,16]|ShortObservationMidRiskQualityCutV112:score=56,min=60,risk=13.75",ActualCandidate,Short,TrendPullback,ObservationConfirm,0,56.0,True,24678.75,24692.5,24658.125,13.75,20.62,ObservationConfirmTargetR:1.5,1.4996,-60.5,1,,StrictEntryRiskBandExcludedV208,OPF_0.1,OPF_RESEARCH_2.14,MNQ_0.1,MNQ_1Contract_Target150_200,OPF_PROFILE_0.1,2026-03-19T03:40:00.0000000,1172,2026-03-19 06:40:00,1208,Short,TrendPullback,0,56.0,24678.75,24692.5,13.75,24679.25,24679.75,True,45485,62020,1.5,105.0,9.75,,1175.0,1175.0,1176.0,1177.0,1177.0,1178.0,1184.0,,,,,,36,MaxBars,Skip,"StrictEntryRiskBandExcludedV208:risk=13.75,excluded=(13.25,16]|ShortObservationMidRiskQualityCutV112:score=56,min=60,risk=13.75",,both
OPF-20260725-095814,OPF_0.1,OPF_RESEARCH_2.14,MNQ_0.1,MNQ_1Contract_Target150_200,OPF_PROFILE_0.1,20260319-0335-BEAR-OBS-001171-Z001171-OC,2026-03-19 03:40:00,1172,Skip,"DailyVolumeFloorRiskCapExceeded:risk=20.62,max=18|OCWideStopLowRiskV132RiskCapExceeded:risk=20.62,max=18,side=Short|EstimatedRRTooLow:rr=0.1697,min=0.5,reward=3.5,model=NearestStructure",ActualCandidate,Short,TrendPullback,ObservationConfirm_WideStop1_5R,0,56.0,True,24678.75,24699.37,24647.82,20.62,3.5,NearestStructure,0.1697,-60.5,1,,DailyVolumeFloorRiskCapExceeded,OPF_0.1,OPF_RESEARCH_2.14,MNQ_0.1,MNQ_1Contract_Target150_200,OPF_PROFILE_0.1,2026-03-19T03:40:00.0000000,1172,2026-03-19 06:40:00,1208,Short,TrendPullback,0,56.0,24678.75,24699.37,20.62,24679.25,24679.75,True,45485,62020,1.5,105.0,9.75,,1175.0,1176.0,1177.0,1178.0,1184.0,1184.0,1196.0,,,,,,36,MaxBars,Skip,"DailyVolumeFloorRiskCapExceeded:risk=20.62,max=18|OCWideStopLowRiskV132RiskCapExceeded:risk=20.62,max=18,side=Short|EstimatedRRTooLow:rr=0.1697,min=0.5,reward=3.5,model=NearestStructure",,both
OPF-20260725-095814,OPF_0.1,OPF_RESEARCH_2.14,MNQ_0.1,MNQ_1Contract_Target150_200,OPF_PROFILE_0.1,20260319-0335-BEAR-OBS-001171-Z001171-OC-STR,2026-03-19 03:40:00,1172,Skip,"AggressiveExpansionV164SideDisabled:path=ObservationStrict_Other,side=Short",ActualCandidate,Short,TrendPullback,ObservationStrict_Other,0,56.0,True,24678.75,24692.5,24658.125,13.75,3.5,NearestStructure,0.2545,-60.5,1,,AggressiveExpansionV164SideDisabled,OPF_0.1,OPF_RESEARCH_2.14,MNQ_0.1,MNQ_1Contract_Target150_200,OPF_PROFILE_0.1,2026-03-19T03:40:00.0000000,1172,2026-03-19 06:40:00,1208,Short,TrendPullback,0,56.0,24678.75,24692.5,13.75,24679.25,24679.75,True,45485,62020,1.5,105.0,9.75,,1175.0,1175.0,1176.0,1177.0,1177.0,1178.0,1184.0,,,,,,36,MaxBars,Skip,"AggressiveExpansionV164SideDisabled:path=ObservationStrict_Other,side=Short",,both
OPF-20260725-095814,OPF_0.1,OPF_RESEARCH_2.14,MNQ_0.1,MNQ_1Contract_Target150_200,OPF_PROFILE_0.1,20260319-0335-BEAR-OBS-001171-Z001171-OC-STR,2026-03-19 03:40:00,1172,Skip,"StrategyRegimeNotTrend:score=0|SetupQualityTooLow:score=56,min=70",ActualCandidate,Short,TrendPullback,ObservationStrict_Other_WideStop1_5R,0,56.0,False,24678.75,24699.37,24647.82,20.62,3.5,NearestStructure,0.1697,-60.5,1,,StrategyRegimeNotTrend,OPF_0.1,OPF_RESEARCH_2.14,MNQ_0.1,MNQ_1Contract_Target150_200,OPF_PROFILE_0.1,2026-03-19T03:40:00.0000000,1172,2026-03-19 06:40:00,1208,Short,TrendPullback,0,56.0,24678.75,24699.37,20.62,24679.25,24679.75,True,45485,62020,1.5,105.0,9.75,,1175.0,1176.0,1177.0,1178.0,1184.0,1184.0,1196.0,,,,,,36,MaxBars,Skip,"StrategyRegimeNotTrend:score=0|SetupQualityTooLow:score=56,min=70",,both
OPF-20260725-095814,OPF_0.1,OPF_RESEARCH_2.14,MNQ_0.1,MNQ_1Contract_Target150_200,OPF_PROFILE_0.1,20260319-0345-BEAR-OBS-001173-Z001171,2026-03-19 03:45:00,1173,Skip,"SetupQualityTooLow:score=37,min=45",ActualCandidate,Short,TrendPullback,UnknownRegimeZoneTouch,30,37.0,False,24680.25,24692.5,24643.5,12.25,5.0,AggressiveExpansionV164Eligibility:NearestStructure,0.4082,-60.5,1,,SetupQualityTooLow,OPF_0.1,OPF_RESEARCH_2.14,MNQ_0.1,MNQ_1Contract_Target150_200,OPF_PROFILE_0.1,2026-03-19T03:45:00.0000000,1173,2026-03-19 06:45:00,1209,Short,TrendPullback,30,37.0,24680.25,24692.5,12.25,24680.5,24681.25,True,45590,62410,3.0,106.5,8.25,,1175.0,1175.0,1176.0,1176.0,1177.0,1177.0,1183.0,,,,,,36,MaxBars,Skip,"SetupQualityTooLow:score=37,min=45",,both
OPF-20260725-095814,OPF_0.1,OPF_RESEARCH_2.14,MNQ_0.1,MNQ_1Contract_Target150_200,OPF_PROFILE_0.1,20260319-0345-BEAR-OBS-001173-Z001171-OC,2026-03-19 03:50:00,1174,Skip,"ShortObservationMidRiskQualityCutV112:score=52,min=60,risk=13.25",ActualCandidate,Short,TrendPullback,ObservationConfirm,30,52.0,True,24679.25,24692.5,24659.375,13.25,19.88,ObservationConfirmTargetR:1.5,1.5004,-60.5,1,,ShortObservationMidRiskQualityCutV112,OPF_0.1,OPF_RESEARCH_2.14,MNQ_0.1,MNQ_1Contract_Target150_200,OPF_PROFILE_0.1,2026-03-19T03:50:00.0000000,1174,2026-03-19 06:50:00,1210,Short,TrendPullback,30,52.0,24679.25,24692.5,13.25,24678.5,24679.0,True,46151,62469,1.5,105.5,4.0,,1175.0,1175.0,1176.0,1176.0,1177.0,1178.0,1184.0,,,,,,36,MaxBars,Skip,"ShortObservationMidRiskQualityCutV112:score=52,min=60,risk=13.25",,both
OPF-20260725-095814,OPF_0.1,OPF_RESEARCH_2.14,MNQ_0.1,MNQ_1Contract_Target150_200,OPF_PROFILE_0.1,20260319-0345-BEAR-OBS-001173-Z001171-OC,2026-03-19 03:50:00,1174,Skip,"ObservationConfirmWideStopQualityTooLowV132:side=Short,score=52,min=56",ActualCandidate,Short,TrendPullback,ObservationConfirm_WideStop1_5R,30,52.0,True,24679.25,24699.13,24649.43,19.88,0.75,NearestStructure,0.0377,-60.5,1,,ObservationConfirmWideStopQualityTooLowV132,OPF_0.1,OPF_RESEARCH_2.14,MNQ_0.1,MNQ_1Contract_Target150_200,OPF_PROFILE_0.1,2026-03-19T03:50:00.0000000,1174,2026-03-19 06:50:00,1210,Short,TrendPullback,30,52.0,24679.25,24699.13,19.88,24678.5,24679.0,True,46151,62469,1.5,105.5,4.0,,1175.0,1176.0,1177.0,1178.0,1183.0,1184.0,1195.0,,,,,,36,MaxBars,Skip,"ObservationConfirmWideStopQualityTooLowV132:side=Short,score=52,min=56",,both
OPF-20260725-095814,OPF_0.1,OPF_RESEARCH_2.14,MNQ_0.1,MNQ_1Contract_Target150_200,OPF_PROFILE_0.1,20260319-0345-BEAR-OBS-001173-Z001171-OC-STR,2026-03-19 03:50:00,1174,Skip,"AggressiveExpansionV164SideDisabled:path=ObservationStrict_Other,side=Short",ActualCandidate,Short,TrendPullback,ObservationStrict_Other,30,52.0,True,24679.25,24692.5,24659.375,13.25,0.75,NearestStructure,0.0566,-60.5,1,,AggressiveExpansionV164SideDisabled,OPF_0.1,OPF_RESEARCH_2.14,MNQ_0.1,MNQ_1Contract_Target150_200,OPF_PROFILE_0.1,2026-03-19T03:50:00.0000000,1174,2026-03-19 06:50:00,1210,Short,TrendPullback,30,52.0,24679.25,24692.5,13.25,24678.5,24679.0,True,46151,62469,1.5,105.5,4.0,,1175.0,1175.0,1176.0,1176.0,1177.0,1178.0,1184.0,,,,,,36,MaxBars,Skip,"AggressiveExpansionV164SideDisabled:path=ObservationStrict_Other,side=Short",,both
OPF-20260725-095814,OPF_0.1,OPF_RESEARCH_2.14,MNQ_0.1,MNQ_1Contract_Target150_200,OPF_PROFILE_0.1,20260319-0345-BEAR-OBS-001173-Z001171-OC-STR,2026-03-19 03:50:00,1174,Skip,"StrategyRegimeNotTrend:score=30|SetupQualityTooLow:score=52,min=70",ActualCandidate,Short,TrendPullback,ObservationStrict_Other_WideStop1_5R,30,52.0,False,24679.25,24699.13,24649.43,19.88,0.75,NearestStructure,0.0377,-60.5,1,,StrategyRegimeNotTrend,OPF_0.1,OPF_RESEARCH_2.14,MNQ_0.1,MNQ_1Contract_Target150_200,OPF_PROFILE_0.1,2026-03-19T03:50:00.0000000,1174,2026-03-19 06:50:00,1210,Short,TrendPullback,30,52.0,24679.25,24699.13,19.88,24678.5,24679.0,True,46151,62469,1.5,105.5,4.0,,1175.0,1176.0,1177.0,1178.0,1183.0,1184.0,1195.0,,,,,,36,MaxBars,Skip,"StrategyRegimeNotTrend:score=30|SetupQualityTooLow:score=52,min=70",,both
OPF-20260725-095814,OPF_0.1,OPF_RESEARCH_2.14,MNQ_0.1,MNQ_1Contract_Target150_200,OPF_PROFILE_0.1,20260319-0400-BEAR-OBS-001176-Z001176,2026-03-19 04:00:00,1176,Skip,"StrictEntryRiskBandExcludedV208:risk=13.75,excluded=(13.25,16]|EstimatedRRTooLow:rr=0,min=0.25,reward=0,model=AggressiveExpansionV164Eligibility:NearestStructure",ActualCandidate,Short,TrendPullback,ZoneBirthResearch,60,61.0,True,24658.0,24671.75,24623.625,13.75,0.0,AggressiveExpansionV164Eligibility:NearestStructure,0.0,-60.5,1,,StrictEntryRiskBandExcludedV208,OPF_0.1,OPF_RESEARCH_2.14,MNQ_0.1,MNQ_1Contract_Target150_200,OPF_PROFILE_0.1,2026-03-19T04:00:00.0000000,1176,2026-03-19 07:00:00,1212,Short,TrendPullback,60,61.0,24658.0,24671.75,13.75,24657.75,24658.25,True,46824,64494,2.5,90.0,6.0,,1177.0,1177.0,1178.0,1183.0,1184.0,1184.0,1195.0,,,,1179.0,,36,MaxBars,Skip,"StrictEntryRiskBandExcludedV208:risk=13.75,excluded=(13.25,16]|EstimatedRRTooLow:rr=0,min=0.25,reward=0,model=AggressiveExpansionV164Eligibility:NearestStructure",,both
OPF-20260725-095814,OPF_0.1,OPF_RESEARCH_2.14,MNQ_0.1,MNQ_1Contract_Target150_200,OPF_PROFILE_0.1,20260319-0400-BEAR-OBS-001176-Z001176-OC,2026-03-19 04:05:00,1177,Skip,"ObservationConfirmRiskCapExceeded:risk=31,max=22|RiskTooWideHard:risk=31,max=25|RiskTooWideVolAdjusted:risk=31,max=12,atr14=12.04",ActualCandidate,Short,TrendPullback,ObservationConfirm,60,80.0,True,24640.75,24671.75,24594.25,31.0,46.5,ObservationConfirmTargetR:1.5,1.5,-60.5,1,,ObservationConfirmRiskCapExceeded,OPF_0.1,OPF_RESEARCH_2.14,MNQ_0.1,MNQ_1Contract_Target150_200,OPF_PROFILE_0.1,2026-03-19T04:05:00.0000000,1177,2026-03-19 07:05:00,1213,Short,TrendPullback,60,80.0,24640.75,24671.75,31.0,24640.5,24641.0,True,47723,65166,1.5,72.75,18.0,,1184.0,1194.0,1196.0,1196.0,,,,1192.0,,,1198.0,,36,MaxBars,Skip,"ObservationConfirmRiskCapExceeded:risk=31,max=22|RiskTooWideHard:risk=31,max=25|RiskTooWideVolAdjusted:risk=31,max=12,atr14=12.04",,both
OPF-20260725-095814,OPF_0.1,OPF_RESEARCH_2.14,MNQ_0.1,MNQ_1Contract_Target150_200,OPF_PROFILE_0.1,20260319-0400-BEAR-OBS-001176-Z001176-OC,2026-03-19 04:05:00,1177,Skip,"ObservationConfirmWideStopVolumeV131RiskCapExceeded:risk=46.5,max=22,side=Short|RiskTooWideHard:risk=46.5,max=25|EstimatedRRTooLow:rr=0,min=0.8,reward=0,model=NearestStructure",ActualCandidate,Short,TrendPullback,ObservationConfirm_WideStop1_5R,60,80.0,True,24640.75,24687.25,24571.0,46.5,0.0,NearestStructure,0.0,-60.5,1,,ObservationConfirmWideStopVolumeV131RiskCapExceeded,OPF_0.1,OPF_RESEARCH_2.14,MNQ_0.1,MNQ_1Contract_Target150_200,OPF_PROFILE_0.1,2026-03-19T04:05:00.0000000,1177,2026-03-19 07:05:00,1213,Short,TrendPullback,60,80.0,24640.75,24687.25,46.5,24640.5,24641.0,True,47723,65166,1.5,72.75,18.0,,1194.0,1196.0,1212.0,,,,,,,,1213.0,,36,MaxBars,Skip,"ObservationConfirmWideStopVolumeV131RiskCapExceeded:risk=46.5,max=22,side=Short|RiskTooWideHard:risk=46.5,max=25|EstimatedRRTooLow:rr=0,min=0.8,reward=0,model=NearestStructure",,both
OPF-20260725-095814,OPF_0.1,OPF_RESEARCH_2.14,MNQ_0.1,MNQ_1Contract_Target150_200,OPF_PROFILE_0.1,20260319-0405-BEAR-OBS-001177-Z001177,2026-03-19 04:05:00,1177,Skip,"ZoneBirthShortV170RiskBandExcluded:risk=22.75,allowed=<=8|>12<=18|EstimatedRRTooLow:rr=0,min=0.25,reward=0,model=AggressiveExpansionV164Eligibility:NearestStructure",ActualCandidate,Short,TrendPullback,ZoneBirthResearch,60,65.0,True,24640.75,24663.5,24583.875,22.75,0.0,AggressiveExpansionV164Eligibility:NearestStructure,0.0,-60.5,1,,ZoneBirthShortV170RiskBandExcluded,OPF_0.1,OPF_RESEARCH_2.14,MNQ_0.1,MNQ_1Contract_Target150_200,OPF_PROFILE_0.1,2026-03-19T04:05:00.0000000,1177,2026-03-19 07:05:00,1213,Short,TrendPullback,60,65.0,24640.75,24663.5,22.75,24640.5,24641.0,True,47723,65166,2.5,72.75,18.0,,1184.0,1184.0,1194.0,1196.0,1196.0,1212.0,,1192.0,1192.0,,1199.0,,36,MaxBars,Skip,"ZoneBirthShortV170RiskBandExcluded:risk=22.75,allowed=<=8|>12<=18|EstimatedRRTooLow:rr=0,min=0.25,reward=0,model=AggressiveExpansionV164Eligibility:NearestStructure",,both
OPF-20260725-095814,OPF_0.1,OPF_RESEARCH_2.14,MNQ_0.1,MNQ_1Contract_Target150_200,OPF_PROFILE_0.1,20260319-0405-BEAR-OBS-001177-Z001177-OC,2026-03-19 04:10:00,1178,Execute,"TradeID:20260319-0410-Short-1178|LegacyV174PolicyV204:targetR=1.5|dailyCap=10|ObservationRiskExpansion:risk=19.75,base=11,max=20,dailyTrades=1/7|DailyVolumeBaseRisk18|OCRiskExpansionV147:risk=19.75,score=73,dailyTrades=1|ObservationConfirmRisk22V132:risk=19.75,score=73,rr=1.4997,dailyTrades=1",ActualExecuted,Short,TrendPullback,ObservationConfirm,60,73.0,True,24643.75,24663.5,24614.125,19.75,29.62,ObservationConfirmTargetR:1.5,1.4997,-60.5,1,20260319-0410-Short-1178,TradeID,OPF_0.1,OPF_RESEARCH_2.14,MNQ_0.1,MNQ_1Contract_Target150_200,OPF_PROFILE_0.1,2026-03-19T04:10:00.0000000,1178,2026-03-19 07:10:00,1214,Short,TrendPullback,60,73.0,24643.75,24663.5,19.75,24643.5,24644.25,True,48275,66435,1.5,84.25,4.75,,1183.0,1184.0,1185.0,1194.0,1196.0,1196.0,1214.0,1192.0,1192.0,1192.0,1186.0,,36,MaxBars,Execute,"TradeID:20260319-0410-Short-1178|LegacyV174PolicyV204:targetR=1.5|dailyCap=10|ObservationRiskExpansion:risk=19.75,base=11,max=20,dailyTrades=1/7|DailyVolumeBaseRisk18|OCRiskExpansionV147:risk=19.75,score=73,dailyTrades=1|ObservationConfirmRisk22V132:risk=19.75,score=73,rr=1.4997,dailyTrades=1",20260319-0410-Short-1178,both
OPF-20260725-095814,OPF_0.1,OPF_RESEARCH_2.14,MNQ_0.1,MNQ_1Contract_Target150_200,OPF_PROFILE_0.1,20260319-0405-BEAR-OBS-001177-Z001177-OC,2026-03-19 04:10:00,1178,Skip,"ObservationConfirmWideStopVolumeV131RiskCapExceeded:risk=29.62,max=22,side=Short|RiskTooWideHard:risk=29.62,max=25|EstimatedRRTooLow:rr=0.135,min=0.8,reward=4,model=NearestStructure",ActualCandidate,Short,TrendPullback,ObservationConfirm_WideStop1_5R,60,73.0,True,24643.75,24673.37,24599.32,29.62,4.0,NearestStructure,0.135,-60.5,2,,ObservationConfirmWideStopVolumeV131RiskCapExceeded,OPF_0.1,OPF_RESEARCH_2.14,MNQ_0.1,MNQ_1Contract_Target150_200,OPF_PROFILE_0.1,2026-03-19T04:10:00.0000000,1178,2026-03-19 07:10:00,1214,Short,TrendPullback,60,73.0,24643.75,24673.37,29.62,24643.5,24644.25,True,48275,66435,1.5,84.25,4.75,,1184.0,1185.0,1195.0,1196.0,1212.0,,,1192.0,1192.0,,1198.0,,36,MaxBars,Skip,"ObservationConfirmWideStopVolumeV131RiskCapExceeded:risk=29.62,max=22,side=Short|RiskTooWideHard:risk=29.62,max=25|EstimatedRRTooLow:rr=0.135,min=0.8,reward=4,model=NearestStructure",,both
OPF-20260725-095814,OPF_0.1,OPF_RESEARCH_2.14,MNQ_0.1,MNQ_1Contract_Target150_200,OPF_PROFILE_0.1,20260319-0405-BEAR-OBS-001177-Z001177-OC-STR,2026-03-19 04:10:00,1178,Skip,"AggressiveExpansionV164SideDisabled:path=ObservationStrict_Other,side=Short",ActualCandidate,Short,TrendPullback,ObservationStrict_Other,60,73.0,True,24643.75,24663.5,24614.125,19.75,4.0,NearestStructure,0.2025,-60.5,2,,AggressiveExpansionV164SideDisabled,OPF_0.1,OPF_RESEARCH_2.14,MNQ_0.1,MNQ_1Contract_Target150_200,OPF_PROFILE_0.1,2026-03-19T04:10:00.0000000,1178,2026-03-19 07:10:00,1214,Short,TrendPullback,60,73.0,24643.75,24663.5,19.75,24643.5,24644.25,True,48275,66435,1.5,84.25,4.75,,1183.0,1184.0,1185.0,1194.0,1196.0,1196.0,1214.0,1192.0,1192.0,1192.0,1186.0,,36,MaxBars,Skip,"AggressiveExpansionV164SideDisabled:path=ObservationStrict_Other,side=Short",,both
OPF-20260725-095814,OPF_0.1,OPF_RESEARCH_2.14,MNQ_0.1,MNQ_1Contract_Target150_200,OPF_PROFILE_0.1,20260319-0405-BEAR-OBS-001177-Z001177-OC-STR,2026-03-19 04:10:00,1178,Skip,StrategyRegimeNotTrend:score=60,ActualCandidate,Short,TrendPullback,ObservationStrict_Other_WideStop1_5R,60,73.0,False,24643.75,24673.37,24599.32,29.62,4.0,NearestStructure,0.135,-60.5,2,,StrategyRegimeNotTrend,OPF_0.1,OPF_RESEARCH_2.14,MNQ_0.1,MNQ_1Contract_Target150_200,OPF_PROFILE_0.1,2026-03-19T04:10:00.0000000,1178,2026-03-19 07:10:00,1214,Short,TrendPullback,60,73.0,24643.75,24673.37,29.62,24643.5,24644.25,True,48275,66435,1.5,84.25,4.75,,1184.0,1185.0,1195.0,1196.0,1212.0,,,1192.0,1192.0,,1198.0,,36,MaxBars,Skip,StrategyRegimeNotTrend:score=60,,both
OPF-20260725-095814,OPF_0.1,OPF_RESEARCH_2.14,MNQ_0.1,MNQ_1Contract_Target150_200,OPF_PROFILE_0.1,20260319-0410-BEAR-OBS-001178-Z001178,2026-03-19 04:10:00,1178,Skip,"ZoneBirthShortV170RiskBandExcluded:risk=9.25,allowed=<=8|>12<=18",ActualCandidate,Short,TrendPullback,ZoneBirthResearch,40,38.0,True,24643.75,24653.0,24620.625,9.25,4.0,AggressiveExpansionV164Eligibility:NearestStructure,0.4324,-60.5,2,,ZoneBirthShortV170RiskBandExcluded,OPF_0.1,OPF_RESEARCH_2.14,MNQ_0.1,MNQ_1Contract_Target150_200,OPF_PROFILE_0.1,2026-03-19T04:10:00.0000000,1178,2026-03-19 07:10:00,1214,Short,TrendPullback,40,38.0,24643.75,24653.0,9.25,24643.5,24644.25,True,48275,66435,2.5,84.25,4.75,,1178.0,1179.0,1183.0,1184.0,1184.0,1185.0,1194.0,1179.0,1180.0,1192.0,1188.0,1192.0,36,MaxBars,Skip,"ZoneBirthShortV170RiskBandExcluded:risk=9.25,allowed=<=8|>12<=18",,both
OPF-20260725-095814,OPF_0.1,OPF_RESEARCH_2.14,MNQ_0.1,MNQ_1Contract_Target150_200,OPF_PROFILE_0.1,20260319-0410-BEAR-OBS-001178-Z001178-OC,2026-03-19 04:15:00,1179,Skip,"ShortObservationMidRiskQualityCutV112:score=56,min=60,risk=10.25",ActualCandidate,Short,TrendPullback,ObservationConfirm,40,56.0,True,24642.75,24653.0,24627.375,10.25,15.38,ObservationConfirmTargetR:1.5,1.5005,-60.5,2,,ShortObservationMidRiskQualityCutV112,OPF_0.1,OPF_RESEARCH_2.14,MNQ_0.1,MNQ_1Contract_Target150_200,OPF_PROFILE_0.1,2026-03-19T04:15:00.0000000,1179,2026-03-19 07:15:00,1215,Short,TrendPullback,40,56.0,24642.75,24653.0,10.25,24641.0,24641.5,True,48508,67389,1.5,83.25,5.75,,1179.0,1183.0,1184.0,1184.0,1184.0,1185.0,1195.0,1180.0,1192.0,1192.0,1187.0,1192.0,36,MaxBars,Skip,"ShortObservationMidRiskQualityCutV112:score=56,min=60,risk=10.25",,both
OPF-20260725-095814,OPF_0.1,OPF_RESEARCH_2.14,MNQ_0.1,MNQ_1Contract_Target150_200,OPF_PROFILE_0.1,20260319-0410-BEAR-OBS-001178-Z001178-OC,2026-03-19 04:15:00,1179,Skip,"StrictEntryRiskBandExcludedV208:risk=15.38,excluded=(13.25,16]|EstimatedRRTooLow:rr=0.1951,min=0.5,reward=3,model=NearestStructure",ActualCandidate,Short,TrendPullback,ObservationConfirm_WideStop1_5R,40,56.0,True,24642.75,24658.13,24619.68,15.38,3.0,NearestStructure,0.1951,-60.5,2,,StrictEntryRiskBandExcludedV208,OPF_0.1,OPF_RESEARCH_2.14,MNQ_0.1,MNQ_1Contract_Target150_200,OPF_PROFILE_0.1,2026-03-19T04:15:00.0000000,1179,2026-03-19 07:15:00,1215,Short,TrendPullback,40,56.0,24642.75,24658.13,15.38,24641.0,24641.5,True,48508,67389,1.5,83.25,5.75,,1183.0,1184.0,1184.0,1185.0,1194.0,1196.0,1196.0,1192.0,1192.0,1192.0,1185.0,,36,MaxBars,Skip,"StrictEntryRiskBandExcludedV208:risk=15.38,excluded=(13.25,16]|EstimatedRRTooLow:rr=0.1951,min=0.5,reward=3,model=NearestStructure",,both
OPF-20260725-095814,OPF_0.1,OPF_RESEARCH_2.14,MNQ_0.1,MNQ_1Contract_Target150_200,OPF_PROFILE_0.1,20260319-0410-BEAR-OBS-001178-Z001178-OC-STR,2026-03-19 04:15:00,1179,Skip,"AggressiveExpansionV164SideDisabled:path=ObservationStrict_Other,side=Short",ActualCandidate,Short,TrendPullback,ObservationStrict_Other,40,56.0,True,24642.75,24653.0,24627.375,10.25,3.0,NearestStructure,0.2927,-60.5,2,,AggressiveExpansionV164SideDisabled,OPF_0.1,OPF_RESEARCH_2.14,MNQ_0.1,MNQ_1Contract_Target150_200,OPF_PROFILE_0.1,2026-03-19T04:15:00.0000000,1179,2026-03-19 07:15:00,1215,Short,TrendPullback,40,56.0,24642.75,24653.0,10.25,24641.0,24641.5,True,48508,67389,1.5,83.25,5.75,,1179.0,1183.0,1184.0,1184.0,1184.0,1185.0,1195.0,1180.0,1192.0,1192.0,1187.0,1192.0,36,MaxBars,Skip,"AggressiveExpansionV164SideDisabled:path=ObservationStrict_Other,side=Short",,both
OPF-20260725-095814,OPF_0.1,OPF_RESEARCH_2.14,MNQ_0.1,MNQ_1Contract_Target150_200,OPF_PROFILE_0.1,20260319-0410-BEAR-OBS-001178-Z001178-OC-STR,2026-03-19 04:15:00,1179,Skip,"StrategyRegimeNotTrend:score=40|SetupQualityTooLow:score=56,min=70",ActualCandidate,Short,TrendPullback,ObservationStrict_Other_WideStop1_5R,40,56.0,False,24642.75,24658.13,24619.68,15.38,3.0,NearestStructure,0.1951,-60.5,2,,StrategyRegimeNotTrend,OPF_0.1,OPF_RESEARCH_2.14,MNQ_0.1,MNQ_1Contract_Target150_200,OPF_PROFILE_0.1,2026-03-19T04:15:00.0000000,1179,2026-03-19 07:15:00,1215,Short,TrendPullback,40,56.0,24642.75,24658.13,15.38,24641.0,24641.5,True,48508,67389,1.5,83.25,5.75,,1183.0,1184.0,1184.0,1185.0,1194.0,1196.0,1196.0,1192.0,1192.0,1192.0,1185.0,,36,MaxBars,Skip,"StrategyRegimeNotTrend:score=40|SetupQualityTooLow:score=56,min=70",,both
OPF-20260725-095814,OPF_0.1,OPF_RESEARCH_2.14,MNQ_0.1,MNQ_1Contract_Target150_200,OPF_PROFILE_0.1,20260319-0420-BEAR-OBS-001180-Z001178,2026-03-19 04:20:00,1180,Skip,"SetupQualityTooLow:score=41,min=45",ActualCandidate,Short,TrendPullback,UnknownRegimeZoneTouch,40,41.0,False,24642.0,24653.0,24609.0,11.0,2.25,AggressiveExpansionV164Eligibility:NearestStructure,0.2045,-60.5,2,,SetupQualityTooLow,OPF_0.1,OPF_RESEARCH_2.14,MNQ_0.1,MNQ_1Contract_Target150_200,OPF_PROFILE_0.1,2026-03-19T04:20:00.0000000,1180,2026-03-19 07:20:00,1216,Short,TrendPullback,40,41.0,24642.0,24653.0,11.0,24641.5,24642.0,True,48510,68429,3.0,82.5,6.5,,1182.0,1183.0,1184.0,1184.0,1185.0,1194.0,1196.0,1183.0,1192.0,1192.0,1187.0,1192.0,36,MaxBars,Skip,"SetupQualityTooLow:score=41,min=45",,both
OPF-20260725-095814,OPF_0.1,OPF_RESEARCH_2.14,MNQ_0.1,MNQ_1Contract_Target150_200,OPF_PROFILE_0.1,20260319-0420-BEAR-OBS-001180-Z001178-OC,2026-03-19 04:25:00,1181,Skip,"StrictEntryRiskBandExcludedV208:risk=14.5,excluded=(13.25,16]|ShortObservationMidRiskQualityCutV112:score=56,min=60,risk=14.5",ActualCandidate,Short,TrendPullback,ObservationConfirm,40,56.0,True,24638.5,24653.0,24616.75,14.5,21.75,ObservationConfirmTargetR:1.5,1.5,-60.5,2,,StrictEntryRiskBandExcludedV208,OPF_0.1,OPF_RESEARCH_2.14,MNQ_0.1,MNQ_1Contract_Target150_200,OPF_PROFILE_0.1,2026-03-19T04:25:00.0000000,1181,2026-03-19 07:25:00,1217,Short,TrendPullback,40,56.0,24638.5,24653.0,14.5,24638.75,24639.25,True,48832,68927,1.5,79.0,9.75,,1184.0,1184.0,1184.0,1194.0,1195.0,1196.0,1196.0,1188.0,1188.0,1188.0,1185.0,1203.0,36,MaxBars,Skip,"StrictEntryRiskBandExcludedV208:risk=14.5,excluded=(13.25,16]|ShortObservationMidRiskQualityCutV112:score=56,min=60,risk=14.5",,both
OPF-20260725-095814,OPF_0.1,OPF_RESEARCH_2.14,MNQ_0.1,MNQ_1Contract_Target150_200,OPF_PROFILE_0.1,20260319-0420-BEAR-OBS-001180-Z001178-OC,2026-03-19 04:25:00,1181,Skip,"DailyVolumeFloorRiskCapExceeded:risk=21.75,max=18|OCWideStopLowRiskV132RiskCapExceeded:risk=21.75,max=18,side=Short|EstimatedRRTooLow:rr=0.0805,min=0.5,reward=1.75,model=NearestStructure",ActualCandidate,Short,TrendPullback,ObservationConfirm_WideStop1_5R,40,56.0,True,24638.5,24660.25,24605.875,21.75,1.75,NearestStructure,0.0805,-60.5,2,,DailyVolumeFloorRiskCapExceeded,OPF_0.1,OPF_RESEARCH_2.14,MNQ_0.1,MNQ_1Contract_Target150_200,OPF_PROFILE_0.1,2026-03-19T04:25:00.0000000,1181,2026-03-19 07:25:00,1217,Short,TrendPullback,40,56.0,24638.5,24660.25,21.75,24638.75,24639.25,True,48832,68927,1.5,79.0,9.75,,1184.0,1184.0,1194.0,1196.0,1196.0,1212.0,,1188.0,1188.0,1203.0,1195.0,1203.0,36,MaxBars,Skip,"DailyVolumeFloorRiskCapExceeded:risk=21.75,max=18|OCWideStopLowRiskV132RiskCapExceeded:risk=21.75,max=18,side=Short|EstimatedRRTooLow:rr=0.0805,min=0.5,reward=1.75,model=NearestStructure",,both
OPF-20260725-095814,OPF_0.1,OPF_RESEARCH_2.14,MNQ_0.1,MNQ_1Contract_Target150_200,OPF_PROFILE_0.1,20260319-0500-BULL-OBS-001188-Z001188,2026-03-19 05:00:00,1188,Skip,"StrategyRegimeNotTrend:score=20|SetupQualityTooLow:score=41,min=45",ActualCandidate,Long,TrendPullback,ZoneBirthResearch,20,41.0,False,24635.25,24624.5,24651.375,10.75,8.5,NearestStructure,0.7907,121.0,2,,StrategyRegimeNotTrend,OPF_0.1,OPF_RESEARCH_2.14,MNQ_0.1,MNQ_1Contract_Target150_200,OPF_PROFILE_0.1,2026-03-19T05:00:00.0000000,1188,2026-03-19 08:00:00,1224,Long,TrendPullback,20,41.0,24635.25,24624.5,10.75,24634.75,24635.25,True,51197,75560,1.5,12.5,92.0,1190.0,1192.0,1192.0,,,,,,1193.0,1193.0,,,,36,MaxBars,Skip,"StrategyRegimeNotTrend:score=20|SetupQualityTooLow:score=41,min=45",,both
OPF-20260725-095814,OPF_0.1,OPF_RESEARCH_2.14,MNQ_0.1,MNQ_1Contract_Target150_200,OPF_PROFILE_0.1,20260319-0500-BULL-OBS-001188-Z001188-OC,2026-03-19 05:05:00,1189,Execute,"TradeID:20260319-0505-Long-1189|LegacyV174PolicyV204:targetR=4|dailyCap=10|ActualExitPolicyV209:targetR=4|beTriggerR=0|timeStopBars=36|ObservationFiller:score=53,count=1/5|ActualTargetOverride:targetR=4,risk=7.25,path=ObservationConfirm",ActualExecuted,Long,TrendPullback,ObservationConfirm,20,53.0,True,24631.75,24624.5,24660.75,7.25,29.0,ActualTargetOverride:4,4.0,121.0,2,20260319-0505-Long-1189,TradeID,OPF_0.1,OPF_RESEARCH_2.14,MNQ_0.1,MNQ_1Contract_Target150_200,OPF_PROFILE_0.1,2026-03-19T05:05:00.0000000,1189,2026-03-19 08:05:00,1225,Long,TrendPullback,20,53.0,24631.75,24624.5,7.25,24631.5,24632.0,True,51461,77148,4.0,16.0,90.75,1190.0,1189.0,1189.0,1192.0,1192.0,,,,1190.0,1190.0,1193.0,1193.0,,36,MaxBars,Execute,"TradeID:20260319-0505-Long-1189|LegacyV174PolicyV204:targetR=4|dailyCap=10|ActualExitPolicyV209:targetR=4|beTriggerR=0|timeStopBars=36|ObservationFiller:score=53,count=1/5|ActualTargetOverride:targetR=4,risk=7.25,path=ObservationConfirm",20260319-0505-Long-1189,both
OPF-20260725-095814,OPF_0.1,OPF_RESEARCH_2.14,MNQ_0.1,MNQ_1Contract_Target150_200,OPF_PROFILE_0.1,20260319-0500-BULL-OBS-001188-Z001188-OC,2026-03-19 05:05:00,1189,Skip,"ObservationConfirmWideStopQualityTooLowV132:side=Long,score=53,min=56",ActualCandidate,Long,TrendPullback,ObservationConfirm_WideStop1_5R,20,53.0,True,24631.75,24620.87,24664.39,10.88,32.64,ActualTargetOverride:3,3.0,121.0,3,,ObservationConfirmWideStopQualityTooLowV132,OPF_0.1,OPF_RESEARCH_2.14,MNQ_0.1,MNQ_1Contract_Target150_200,OPF_PROFILE_0.1,2026-03-19T05:05:00.0000000,1189,2026-03-19 08:05:00,1225,Long,TrendPullback,20,53.0,24631.75,24620.87,10.88,24631.5,24632.0,True,51461,77148,3.0,16.0,90.75,1190.0,1191.0,1192.0,,,,,,1193.0,1193.0,,,,36,MaxBars,Skip,"ObservationConfirmWideStopQualityTooLowV132:side=Long,score=53,min=56",,both
OPF-20260725-095814,OPF_0.1,OPF_RESEARCH_2.14,MNQ_0.1,MNQ_1Contract_Target150_200,OPF_PROFILE_0.1,20260319-0505-BULL-OBS-001189-Z001188,2026-03-19 05:05:00,1189,Skip,"StrategyRegimeNotTrend:score=0|SetupQualityTooLow:score=30,min=70",ActualCandidate,Long,TrendPullback,UnknownRegimeZoneTouch,0,30.0,False,24631.75,24624.5,24642.625,7.25,1.25,NearestStructure,0.1724,121.0,3,,StrategyRegimeNotTrend,OPF_0.1,OPF_RESEARCH_2.14,MNQ_0.1,MNQ_1Contract_Target150_200,OPF_PROFILE_0.1,2026-03-19T05:05:00.0000000,1189,2026-03-19 08:05:00,1225,Long,TrendPullback,0,30.0,24631.75,24624.5,7.25,24631.5,24632.0,True,51461,77148,1.5,16.0,90.75,1190.0,1189.0,1189.0,1192.0,1192.0,,,,1190.0,1190.0,1193.0,1193.0,,36,MaxBars,Skip,"StrategyRegimeNotTrend:score=0|SetupQualityTooLow:score=30,min=70",,both
OPF-20260725-095814,OPF_0.1,OPF_RESEARCH_2.14,MNQ_0.1,MNQ_1Contract_Target150_200,OPF_PROFILE_0.1,20260319-0505-BULL-OBS-001189-Z001188-OC,2026-03-19 05:10:00,1190,Skip,"EntryBarStopTouched:low=24619.75,stop=24624.5",ActualCandidate,Long,TrendPullback,ObservationConfirm,0,52.0,True,24634.5,24624.5,24674.5,10.0,40.0,ActualTargetOverride:4,4.0,79.0,3,,EntryBarStopTouched,OPF_0.1,OPF_RESEARCH_2.14,MNQ_0.1,MNQ_1Contract_Target150_200,OPF_PROFILE_0.1,2026-03-19T05:10:00.0000000,1190,2026-03-19 08:10:00,1226,Long,TrendPullback,0,52.0,24634.5,24624.5,10.0,24634.75,24635.25,True,51463,78340,4.0,13.25,93.5,1190.0,1192.0,1192.0,,,,,,1193.0,1193.0,,,,36,MaxBars,Skip,"EntryBarStopTouched:low=24619.75,stop=24624.5",,both
OPF-20260725-095814,OPF_0.1,OPF_RESEARCH_2.14,MNQ_0.1,MNQ_1Contract_Target150_200,OPF_PROFILE_0.1,20260319-0505-BULL-OBS-001189-Z001188-OC,2026-03-19 05:10:00,1190,Skip,"ObservationConfirmWideStopQualityTooLowV132:side=Long,score=52,min=56",ActualCandidate,Long,TrendPullback,ObservationConfirm_WideStop1_5R,0,52.0,True,24634.5,24619.5,24679.5,15.0,45.0,ActualTargetOverride:3,3.0,79.0,3,,ObservationConfirmWideStopQualityTooLowV132,OPF_0.1,OPF_RESEARCH_2.14,MNQ_0.1,MNQ_1Contract_Target150_200,OPF_PROFILE_0.1,2026-03-19T05:10:00.0000000,1190,2026-03-19 08:10:00,1226,Long,TrendPullback,0,52.0,24634.5,24619.5,15.0,24634.75,24635.25,True,51463,78340,3.0,13.25,93.5,1193.0,1192.0,,,,,,,1193.0,,,,,36,MaxBars,Skip,"ObservationConfirmWideStopQualityTooLowV132:side=Long,score=52,min=56",,both
OPF-20260725-095814,OPF_0.1,OPF_RESEARCH_2.14,MNQ_0.1,MNQ_1Contract_Target150_200,OPF_PROFILE_0.1,20260319-0530-BEAR-OBS-001194-Z001194,2026-03-19 05:30:00,1194,Skip,"ZoneBirthShortV170RiskBandExcluded:risk=25,allowed=<=8|>12<=18|EstimatedRRTooLow:rr=0,min=0.25,reward=0,model=AggressiveExpansionV164Eligibility:NearestStructure",ActualCandidate,Short,TrendPullback,ZoneBirthResearch,10,45.0,True,24608.25,24633.25,24545.75,25.0,0.0,AggressiveExpansionV164Eligibility:NearestStructure,0.0,79.0,3,,ZoneBirthShortV170RiskBandExcluded,OPF_0.1,OPF_RESEARCH_2.14,MNQ_0.1,MNQ_1Contract_Target150_200,OPF_PROFILE_0.1,2026-03-19T05:30:00.0000000,1194,2026-03-19 08:30:00,1230,Short,TrendPullback,10,45.0,24608.25,24633.25,25.0,24607.75,24608.5,True,52995,84153,2.5,77.25,31.0,1203.0,1196.0,1196.0,1212.0,1219.0,1223.0,1230.0,,1198.0,1198.0,1215.0,1213.0,,36,MaxBars,Skip,"ZoneBirthShortV170RiskBandExcluded:risk=25,allowed=<=8|>12<=18|EstimatedRRTooLow:rr=0,min=0.25,reward=0,model=AggressiveExpansionV164Eligibility:NearestStructure",,both
OPF-20260725-095814,OPF_0.1,OPF_RESEARCH_2.14,MNQ_0.1,MNQ_1Contract_Target150_200,OPF_PROFILE_0.1,20260319-0530-BEAR-OBS-001194-Z001194-OC,2026-03-19 05:35:00,1195,Skip,"ObservationConfirmRiskCapExceeded:risk=29,max=18|RiskTooWideHard:risk=29,max=25|RiskTooWideVolAdjusted:risk=29,max=12,atr14=15.77",ActualCandidate,Short,TrendPullback,ObservationConfirm,10,60.0,True,24604.25,24633.25,24560.75,29.0,43.5,ObservationConfirmTargetR:1.5,1.5,79.0,3,,ObservationConfirmRiskCapExceeded,OPF_0.1,OPF_RESEARCH_2.14,MNQ_0.1,MNQ_1Contract_Target150_200,OPF_PROFILE_0.1,2026-03-19T05:35:00.0000000,1195,2026-03-19 08:35:00,1231,Short,TrendPullback,10,60.0,24604.25,24633.25,29.0,24603.75,24604.25,True,53701,85718,1.5,84.25,35.0,1203.0,1196.0,1207.0,1214.0,1223.0,1230.0,,,1198.0,1208.0,1215.0,1215.0,,36,MaxBars,Skip,"ObservationConfirmRiskCapExceeded:risk=29,max=18|RiskTooWideHard:risk=29,max=25|RiskTooWideVolAdjusted:risk=29,max=12,atr14=15.77",,both
OPF-20260725-095814,OPF_0.1,OPF_RESEARCH_2.14,MNQ_0.1,MNQ_1Contract_Target150_200,OPF_PROFILE_0.1,20260319-0530-BEAR-OBS-001194-Z001194-OC,2026-03-19 05:35:00,1195,Skip,"ObservationConfirmWideStopVolumeV131RiskCapExceeded:risk=43.5,max=22,side=Short|RiskTooWideHard:risk=43.5,max=25|EstimatedRRTooLow:rr=0.0172,min=0.8,reward=0.75,model=NearestStructure",ActualCandidate,Short,TrendPullback,ObservationConfirm_WideStop1_5R,10,60.0,True,24604.25,24647.75,24539.0,43.5,0.75,NearestStructure,0.0172,79.0,3,,ObservationConfirmWideStopVolumeV131RiskCapExceeded,OPF_0.1,OPF_RESEARCH_2.14,MNQ_0.1,MNQ_1Contract_Target150_200,OPF_PROFILE_0.1,2026-03-19T05:35:00.0000000,1195,2026-03-19 08:35:00,1231,Short,TrendPullback,10,60.0,24604.25,24647.75,43.5,24603.75,24604.25,True,53701,85718,1.5,84.25,35.0,,1212.0,1214.0,1230.0,,,,,1215.0,1215.0,,,,36,MaxBars,Skip,"ObservationConfirmWideStopVolumeV131RiskCapExceeded:risk=43.5,max=22,side=Short|RiskTooWideHard:risk=43.5,max=25|EstimatedRRTooLow:rr=0.0172,min=0.8,reward=0.75,model=NearestStructure",,both
OPF-20260725-095814,OPF_0.1,OPF_RESEARCH_2.14,MNQ_0.1,MNQ_1Contract_Target150_200,OPF_PROFILE_0.1,20260319-0530-BEAR-OBS-001194-Z001194-OC-STR,2026-03-19 05:35:00,1195,Skip,"AggressiveExpansionV164SideDisabled:path=ObservationStrict_Other,side=Short",ActualCandidate,Short,TrendPullback,ObservationStrict_Other,10,60.0,True,24604.25,24633.25,24560.75,29.0,0.75,NearestStructure,0.0259,79.0,3,,AggressiveExpansionV164SideDisabled,OPF_0.1,OPF_RESEARCH_2.14,MNQ_0.1,MNQ_1Contract_Target150_200,OPF_PROFILE_0.1,2026-03-19T05:35:00.0000000,1195,2026-03-19 08:35:00,1231,Short,TrendPullback,10,60.0,24604.25,24633.25,29.0,24603.75,24604.25,True,53701,85718,1.5,84.25,35.0,1203.0,1196.0,1207.0,1214.0,1223.0,1230.0,,,1198.0,1208.0,1215.0,1215.0,,36,MaxBars,Skip,"AggressiveExpansionV164SideDisabled:path=ObservationStrict_Other,side=Short",,both
OPF-20260725-095814,OPF_0.1,OPF_RESEARCH_2.14,MNQ_0.1,MNQ_1Contract_Target150_200,OPF_PROFILE_0.1,20260319-0530-BEAR-OBS-001194-Z001194-OC-STR,2026-03-19 05:35:00,1195,Skip,"StrategyRegimeNotTrend:score=10|SetupQualityTooLow:score=60,min=70",ActualCandidate,Short,TrendPullback,ObservationStrict_Other_WideStop1_5R,10,60.0,False,24604.25,24647.75,24539.0,43.5,0.75,NearestStructure,0.0172,79.0,3,,StrategyRegimeNotTrend,OPF_0.1,OPF_RESEARCH_2.14,MNQ_0.1,MNQ_1Contract_Target150_200,OPF_PROFILE_0.1,2026-03-19T05:35:00.0000000,1195,2026-03-19 08:35:00,1231,Short,TrendPullback,10,60.0,24604.25,24647.75,43.5,24603.75,24604.25,True,53701,85718,1.5,84.25,35.0,,1212.0,1214.0,1230.0,,,,,1215.0,1215.0,,,,36,MaxBars,Skip,"StrategyRegimeNotTrend:score=10|SetupQualityTooLow:score=60,min=70",,both
OPF-20260725-095814,OPF_0.1,OPF_RESEARCH_2.14,MNQ_0.1,MNQ_1Contract_Target150_200,OPF_PROFILE_0.1,20260319-0540-BULL-OBS-001196-Z001113,2026-03-19 05:40:00,1196,Skip,"StrategyRegimeNotTrend:score=0|SetupQualityTooLow:score=27,min=70",ActualCandidate,Long,TrendPullback,UnknownRegimeZoneTouch,0,27.0,False,24581.0,24575.25,24589.625,5.75,36.5,NearestStructure,6.3478,79.0,3,,StrategyRegimeNotTrend,OPF_0.1,OPF_RESEARCH_2.14,MNQ_0.1,MNQ_1Contract_Target150_200,OPF_PROFILE_0.1,2026-03-19T05:40:00.0000000,1196,2026-03-19 08:40:00,1232,Long,TrendPullback,0,27.0,24581.0,24575.25,5.75,24581.5,24582.0,True,54571,87357,1.5,58.25,75.5,1207.0,1196.0,1196.0,1196.0,1196.0,1196.0,1196.0,1196.0,1197.0,1197.0,1197.0,1197.0,1197.0,36,MaxBars,Skip,"StrategyRegimeNotTrend:score=0|SetupQualityTooLow:score=27,min=70",,both
OPF-20260725-095814,OPF_0.1,OPF_RESEARCH_2.14,MNQ_0.1,MNQ_1Contract_Target150_200,OPF_PROFILE_0.1,20260319-0540-BULL-OBS-001196-Z001113-OC,2026-03-19 05:45:00,1197,Execute,"TradeID:20260319-0545-Long-1197|LegacyV174PolicyV204:targetR=4|dailyCap=10|ActualExitPolicyV209:targetR=4|beTriggerR=0|timeStopBars=36|ObservationFiller:score=48,count=2/5|DailyVolumeFiller48|ObservationConfirmLongTarget2RV161:targetR=4,plannedRisk=10.75|ActualTargetOverride:targetR=4,risk=10.75,path=ObservationConfirm",ActualExecuted,Long,TrendPullback,ObservationConfirm,0,48.0,True,24586.0,24575.25,24629.0,10.75,43.0,ActualTargetOverride:4,4.0,79.0,3,20260319-0545-Long-1197,TradeID,OPF_0.1,OPF_RESEARCH_2.14,MNQ_0.1,MNQ_1Contract_Target150_200,OPF_PROFILE_0.1,2026-03-19T05:45:00.0000000,1197,2026-03-19 08:45:00,1233,Long,TrendPullback,0,48.0,24586.0,24575.25,10.75,24586.0,24586.75,True,55378,88374,4.0,53.25,80.5,1207.0,1197.0,1197.0,1198.0,1198.0,1198.0,1199.0,1203.0,1198.0,1198.0,1207.0,1199.0,1207.0,36,MaxBars,Execute,"TradeID:20260319-0545-Long-1197|LegacyV174PolicyV204:targetR=4|dailyCap=10|ActualExitPolicyV209:targetR=4|beTriggerR=0|timeStopBars=36|ObservationFiller:score=48,count=2/5|DailyVolumeFiller48|ObservationConfirmLongTarget2RV161:targetR=4,plannedRisk=10.75|ActualTargetOverride:targetR=4,risk=10.75,path=ObservationConfirm",20260319-0545-Long-1197,both
OPF-20260725-095814,OPF_0.1,OPF_RESEARCH_2.14,MNQ_0.1,MNQ_1Contract_Target150_200,OPF_PROFILE_0.1,20260319-0540-BULL-OBS-001196-Z001113-OC,2026-03-19 05:45:00,1197,Skip,"ObservationConfirmWideStopQualityTooLowV132:side=Long,score=48,min=56",ActualCandidate,Long,TrendPullback,ObservationConfirm_WideStop1_5R,0,48.0,True,24586.0,24569.88,24634.36,16.12,48.36,ActualTargetOverride:3,3.0,79.0,4,,ObservationConfirmWideStopQualityTooLowV132,OPF_0.1,OPF_RESEARCH_2.14,MNQ_0.1,MNQ_1Contract_Target150_200,OPF_PROFILE_0.1,2026-03-19T05:45:00.0000000,1197,2026-03-19 08:45:00,1233,Long,TrendPullback,0,48.0,24586.0,24569.88,16.12,24586.0,24586.75,True,55378,88374,3.0,53.25,80.5,1212.0,1197.0,1198.0,1198.0,1199.0,1201.0,1203.0,,1198.0,1207.0,1207.0,1199.0,1207.0,36,MaxBars,Skip,"ObservationConfirmWideStopQualityTooLowV132:side=Long,score=48,min=56",,both
OPF-20260725-095814,OPF_0.1,OPF_RESEARCH_2.14,MNQ_0.1,MNQ_1Contract_Target150_200,OPF_PROFILE_0.1,20260319-0605-BEAR-OBS-001201-Z001194,2026-03-19 06:05:00,1201,Skip,"SetupQualityTooLow:score=37,min=45",ActualCandidate,Short,TrendPullback,UnknownRegimeZoneTouch,40,37.0,False,24613.5,24633.25,24554.25,19.75,3.5,AggressiveExpansionV164Eligibility:NearestStructure,0.1772,79.0,4,,SetupQualityTooLow,OPF_0.1,OPF_RESEARCH_2.14,MNQ_0.1,MNQ_1Contract_Target150_200,OPF_PROFILE_0.1,2026-03-19T06:05:00.0000000,1201,2026-03-19 09:05:00,1237,Short,TrendPullback,40,37.0,24613.5,24633.25,19.75,24612.75,24613.25,True,58300,93267,3.0,108.0,25.75,1203.0,1206.0,1206.0,1207.0,1207.0,1214.0,1223.0,1230.0,1212.0,1212.0,1212.0,1208.0,1215.0,36,MaxBars,Skip,"SetupQualityTooLow:score=37,min=45",,both
OPF-20260725-095814,OPF_0.1,OPF_RESEARCH_2.14,MNQ_0.1,MNQ_1Contract_Target150_200,OPF_PROFILE_0.1,20260319-0605-BEAR-OBS-001201-Z001194-OC,2026-03-19 06:10:00,1202,Skip,"SetupQualityTooLow:score=45,min=56",ActualCandidate,Short,TrendPullback,ObservationConfirm,40,45.0,False,24616.75,24633.25,24592.0,16.5,24.75,ObservationConfirmTargetR:1.5,1.5,79.0,4,,SetupQualityTooLow,OPF_0.1,OPF_RESEARCH_2.14,MNQ_0.1,MNQ_1Contract_Target150_200,OPF_PROFILE_0.1,2026-03-19T06:10:00.0000000,1202,2026-03-19 09:10:00,1238,Short,TrendPullback,40,45.0,24616.75,24633.25,16.5,24617.0,24617.5,True,58646,94504,1.5,111.25,22.5,1203.0,1205.0,1206.0,1206.0,1207.0,1207.0,1214.0,1223.0,1215.0,1215.0,1215.0,1207.0,1215.0,36,MaxBars,Skip,"SetupQualityTooLow:score=45,min=56",,both
OPF-20260725-095814,OPF_0.1,OPF_RESEARCH_2.14,MNQ_0.1,MNQ_1Contract_Target150_200,OPF_PROFILE_0.1,20260319-0605-BEAR-OBS-001201-Z001194-OC,2026-03-19 06:10:00,1202,Skip,"StrategyRegimeNotTrend:score=40|SetupQualityTooLow:score=45,min=70",ActualCandidate,Short,TrendPullback,ObservationConfirm_WideStop1_5R,40,45.0,False,24616.75,24641.5,24579.625,24.75,0.5,NearestStructure,0.0202,79.0,4,,StrategyRegimeNotTrend,OPF_0.1,OPF_RESEARCH_2.14,MNQ_0.1,MNQ_1Contract_Target150_200,OPF_PROFILE_0.1,2026-03-19T06:10:00.0000000,1202,2026-03-19 09:10:00,1238,Short,TrendPullback,40,45.0,24616.75,24641.5,24.75,24617.0,24617.5,True,58646,94504,1.5,111.25,22.5,,1206.0,1206.0,1207.0,1214.0,1223.0,1225.0,1232.0,1215.0,1215.0,1215.0,1208.0,,36,MaxBars,Skip,"StrategyRegimeNotTrend:score=40|SetupQualityTooLow:score=45,min=70",,both
OPF-20260725-095814,OPF_0.1,OPF_RESEARCH_2.14,MNQ_0.1,MNQ_1Contract_Target150_200,OPF_PROFILE_0.1,20260319-0605-BEAR-OBS-001201-Z001194-OC-STR,2026-03-19 06:10:00,1202,Skip,"AggressiveExpansionV164SideDisabled:path=ObservationStrict_Other,side=Short",ActualCandidate,Short,TrendPullback,ObservationStrict_Other,40,45.0,True,24616.75,24633.25,24592.0,16.5,0.5,NearestStructure,0.0303,79.0,4,,AggressiveExpansionV164SideDisabled,OPF_0.1,OPF_RESEARCH_2.14,MNQ_0.1,MNQ_1Contract_Target150_200,OPF_PROFILE_0.1,2026-03-19T06:10:00.0000000,1202,2026-03-19 09:10:00,1238,Short,TrendPullback,40,45.0,24616.75,24633.25,16.5,24617.0,24617.5,True,58646,94504,1.5,111.25,22.5,1203.0,1205.0,1206.0,1206.0,1207.0,1207.0,1214.0,1223.0,1215.0,1215.0,1215.0,1207.0,1215.0,36,MaxBars,Skip,"AggressiveExpansionV164SideDisabled:path=ObservationStrict_Other,side=Short",,both
OPF-20260725-095814,OPF_0.1,OPF_RESEARCH_2.14,MNQ_0.1,MNQ_1Contract_Target150_200,OPF_PROFILE_0.1,20260319-0605-BEAR-OBS-001201-Z001194-OC-STR,2026-03-19 06:10:00,1202,Skip,"StrategyRegimeNotTrend:score=40|SetupQualityTooLow:score=45,min=70",ActualCandidate,Short,TrendPullback,ObservationStrict_Other_WideStop1_5R,40,45.0,False,24616.75,24641.5,24579.625,24.75,0.5,NearestStructure,0.0202,79.0,4,,StrategyRegimeNotTrend,OPF_0.1,OPF_RESEARCH_2.14,MNQ_0.1,MNQ_1Contract_Target150_200,OPF_PROFILE_0.1,2026-03-19T06:10:00.0000000,1202,2026-03-19 09:10:00,1238,Short,TrendPullback,40,45.0,24616.75,24641.5,24.75,24617.0,24617.5,True,58646,94504,1.5,111.25,22.5,,1206.0,1206.0,1207.0,1214.0,1223.0,1225.0,1232.0,1215.0,1215.0,1215.0,1208.0,,36,MaxBars,Skip,"StrategyRegimeNotTrend:score=40|SetupQualityTooLow:score=45,min=70",,both
OPF-20260725-095814,OPF_0.1,OPF_RESEARCH_2.14,MNQ_0.1,MNQ_1Contract_Target150_200,OPF_PROFILE_0.1,20260319-0630-BEAR-OBS-001206-Z001206,2026-03-19 06:30:00,1206,Skip,"ZoneBirthShortV170RiskBandExcluded:risk=23.5,allowed=<=8|>12<=18|EstimatedRRTooLow:rr=0.1596,min=0.25,reward=3.75,model=AggressiveExpansionV164Eligibility:NearestStructure",ActualCandidate,Short,TrendPullback,ZoneBirthResearch,40,45.0,True,24597.0,24620.5,24538.25,23.5,3.75,AggressiveExpansionV164Eligibility:NearestStructure,0.1596,355.0,4,,ZoneBirthShortV170RiskBandExcluded,OPF_0.1,OPF_RESEARCH_2.14,MNQ_0.1,MNQ_1Contract_Target150_200,OPF_PROFILE_0.1,2026-03-19T06:30:00.0000000,1206,2026-03-19 09:30:00,1242,Short,TrendPullback,40,45.0,24597.0,24620.5,23.5,24597.75,24598.25,True,60914,101838,2.5,96.75,30.5,1215.0,1207.0,1212.0,1214.0,1223.0,1230.0,1231.0,1241.0,1208.0,1215.0,1215.0,1215.0,,36,MaxBars,Skip,"ZoneBirthShortV170RiskBandExcluded:risk=23.5,allowed=<=8|>12<=18|EstimatedRRTooLow:rr=0.1596,min=0.25,reward=3.75,model=AggressiveExpansionV164Eligibility:NearestStructure",,both
OPF-20260725-095814,OPF_0.1,OPF_RESEARCH_2.14,MNQ_0.1,MNQ_1Contract_Target150_200,OPF_PROFILE_0.1,20260319-0630-BEAR-OBS-001206-Z001206-OC,2026-03-19 06:35:00,1207,Execute,"TradeID:20260319-0635-Short-1207|LegacyV174PolicyV204:targetR=1.5|dailyCap=10|ObservationFiller:score=53,count=3/5|ObservationRiskExpansion:risk=19.75,base=11,max=20,dailyTrades=4/7|DailyVolumeBaseRisk18|OCRiskExpansionV147:risk=19.75,score=53,dailyTrades=4",ActualExecuted,Short,TrendPullback,ObservationConfirm,40,53.0,True,24600.75,24620.5,24571.125,19.75,29.62,ObservationConfirmTargetR:1.5,1.4997,355.0,4,20260319-0635-Short-1207,TradeID,OPF_0.1,OPF_RESEARCH_2.14,MNQ_0.1,MNQ_1Contract_Target150_200,OPF_PROFILE_0.1,2026-03-19T06:35:00.0000000,1207,2026-03-19 09:35:00,1243,Short,TrendPullback,40,53.0,24600.75,24620.5,19.75,24601.0,24601.5,True,61985,103638,1.5,100.5,26.75,1215.0,1207.0,1207.0,1212.0,1214.0,1223.0,1225.0,1231.0,1208.0,1208.0,1215.0,1213.0,,36,MaxBars,Execute,"TradeID:20260319-0635-Short-1207|LegacyV174PolicyV204:targetR=1.5|dailyCap=10|ObservationFiller:score=53,count=3/5|ObservationRiskExpansion:risk=19.75,base=11,max=20,dailyTrades=4/7|DailyVolumeBaseRisk18|OCRiskExpansionV147:risk=19.75,score=53,dailyTrades=4",20260319-0635-Short-1207,both
OPF-20260725-095814,OPF_0.1,OPF_RESEARCH_2.14,MNQ_0.1,MNQ_1Contract_Target150_200,OPF_PROFILE_0.1,20260319-0630-BEAR-OBS-001206-Z001206-OC,2026-03-19 06:35:00,1207,Skip,"ObservationConfirmWideStopQualityTooLowV132:side=Short,score=53,min=56",ActualCandidate,Short,TrendPullback,ObservationConfirm_WideStop1_5R,40,53.0,True,24600.75,24630.37,24556.32,29.62,2.5,NearestStructure,0.0844,355.0,5,,ObservationConfirmWideStopQualityTooLowV132,OPF_0.1,OPF_RESEARCH_2.14,MNQ_0.1,MNQ_1Contract_Target150_200,OPF_PROFILE_0.1,2026-03-19T06:35:00.0000000,1207,2026-03-19 09:35:00,1243,Short,TrendPullback,40,53.0,24600.75,24630.37,29.62,24601.0,24601.5,True,61985,103638,1.5,100.5,26.75,,1207.0,1212.0,1219.0,1225.0,1231.0,1232.0,,1208.0,1215.0,,1220.0,,36,MaxBars,Skip,"ObservationConfirmWideStopQualityTooLowV132:side=Short,score=53,min=56",,both
OPF-20260725-095814,OPF_0.1,OPF_RESEARCH_2.14,MNQ_0.1,MNQ_1Contract_Target150_200,OPF_PROFILE_0.1,20260319-0630-BEAR-OBS-001206-Z001206-OC-STR,2026-03-19 06:35:00,1207,Skip,"AggressiveExpansionV164SideDisabled:path=ObservationStrict_Other,side=Short",ActualCandidate,Short,TrendPullback,ObservationStrict_Other,40,53.0,True,24600.75,24620.5,24571.125,19.75,2.5,NearestStructure,0.1266,355.0,5,,AggressiveExpansionV164SideDisabled,OPF_0.1,OPF_RESEARCH_2.14,MNQ_0.1,MNQ_1Contract_Target150_200,OPF_PROFILE_0.1,2026-03-19T06:35:00.0000000,1207,2026-03-19 09:35:00,1243,Short,TrendPullback,40,53.0,24600.75,24620.5,19.75,24601.0,24601.5,True,61985,103638,1.5,100.5,26.75,1215.0,1207.0,1207.0,1212.0,1214.0,1223.0,1225.0,1231.0,1208.0,1208.0,1215.0,1213.0,,36,MaxBars,Skip,"AggressiveExpansionV164SideDisabled:path=ObservationStrict_Other,side=Short",,both
OPF-20260725-095814,OPF_0.1,OPF_RESEARCH_2.14,MNQ_0.1,MNQ_1Contract_Target150_200,OPF_PROFILE_0.1,20260319-0630-BEAR-OBS-001206-Z001206-OC-STR,2026-03-19 06:35:00,1207,Skip,"StrategyRegimeNotTrend:score=40|SetupQualityTooLow:score=53,min=70",ActualCandidate,Short,TrendPullback,ObservationStrict_Other_WideStop1_5R,40,53.0,False,24600.75,24630.37,24556.32,29.62,2.5,NearestStructure,0.0844,355.0,5,,StrategyRegimeNotTrend,OPF_0.1,OPF_RESEARCH_2.14,MNQ_0.1,MNQ_1Contract_Target150_200,OPF_PROFILE_0.1,2026-03-19T06:35:00.0000000,1207,2026-03-19 09:35:00,1243,Short,TrendPullback,40,53.0,24600.75,24630.37,29.62,24601.0,24601.5,True,61985,103638,1.5,100.5,26.75,,1207.0,1212.0,1219.0,1225.0,1231.0,1232.0,,1208.0,1215.0,,1220.0,,36,MaxBars,Skip,"StrategyRegimeNotTrend:score=40|SetupQualityTooLow:score=53,min=70",,both
OPF-20260725-095814,OPF_0.1,OPF_RESEARCH_2.14,MNQ_0.1,MNQ_1Contract_Target150_200,OPF_PROFILE_0.1,20260319-0640-BEAR-OBS-001208-Z001206,2026-03-19 06:40:00,1208,Skip,"SetupQualityTooLow:score=34,min=45",ActualCandidate,Short,TrendPullback,UnknownRegimeZoneTouch,40,34.0,False,24604.0,24620.5,24554.5,16.5,0.5,AggressiveExpansionV164Eligibility:NearestStructure,0.0303,355.0,5,,SetupQualityTooLow,OPF_0.1,OPF_RESEARCH_2.14,MNQ_0.1,MNQ_1Contract_Target150_200,OPF_PROFILE_0.1,2026-03-19T06:40:00.0000000,1208,2026-03-19 09:40:00,1244,Short,TrendPullback,40,34.0,24604.0,24620.5,16.5,24604.5,24605.0,True,62020,105034,3.0,103.75,23.5,1215.0,1210.0,1210.0,1212.0,1212.0,1214.0,1223.0,1230.0,1211.0,1211.0,1215.0,1213.0,1215.0,36,MaxBars,Skip,"SetupQualityTooLow:score=34,min=45",,both
OPF-20260725-095814,OPF_0.1,OPF_RESEARCH_2.14,MNQ_0.1,MNQ_1Contract_Target150_200,OPF_PROFILE_0.1,20260319-0640-BEAR-OBS-001208-Z001206-OC,2026-03-19 06:45:00,1209,Skip,"ObservationConfirmRiskCapExceeded:risk=21.5,max=20|RiskTooWideVolAdjusted:risk=21.5,max=13.56,atr14=22.61",ActualCandidate,Short,TrendPullback,ObservationConfirm,40,56.0,True,24599.0,24620.5,24566.75,21.5,32.25,ObservationConfirmTargetR:1.5,1.5,355.0,5,,ObservationConfirmRiskCapExceeded,OPF_0.1,OPF_RESEARCH_2.14,MNQ_0.1,MNQ_1Contract_Target150_200,OPF_PROFILE_0.1,2026-03-19T06:45:00.0000000,1209,2026-03-19 09:45:00,1245,Short,TrendPullback,40,56.0,24599.0,24620.5,21.5,24598.25,24598.75,True,62410,107107,1.5,98.75,28.5,1215.0,1211.0,1212.0,1214.0,1219.0,1223.0,1230.0,1232.0,1212.0,1215.0,1215.0,1215.0,1245.0,36,MaxBars,Skip,"ObservationConfirmRiskCapExceeded:risk=21.5,max=20|RiskTooWideVolAdjusted:risk=21.5,max=13.56,atr14=22.61",,both
OPF-20260725-095814,OPF_0.1,OPF_RESEARCH_2.14,MNQ_0.1,MNQ_1Contract_Target150_200,OPF_PROFILE_0.1,20260319-0640-BEAR-OBS-001208-Z001206-OC,2026-03-19 06:45:00,1209,Skip,"DailyVolumeFloorRiskCapExceeded:risk=32.25,max=18|OCWideStopLowRiskV132RiskCapExceeded:risk=32.25,max=18,side=Short|RiskTooWideHard:risk=32.25,max=25|EstimatedRRTooLow:rr=0.0233,min=0.5,reward=0.75,model=NearestStructure",ActualCandidate,Short,TrendPullback,ObservationConfirm_WideStop1_5R,40,56.0,True,24599.0,24631.25,24550.625,32.25,0.75,NearestStructure,0.0233,355.0,5,,DailyVolumeFloorRiskCapExceeded,OPF_0.1,OPF_RESEARCH_2.14,MNQ_0.1,MNQ_1Contract_Target150_200,OPF_PROFILE_0.1,2026-03-19T06:45:00.0000000,1209,2026-03-19 09:45:00,1245,Short,TrendPullback,40,56.0,24599.0,24631.25,32.25,24598.25,24598.75,True,62410,107107,1.5,98.75,28.5,,1212.0,1214.0,1223.0,1230.0,1232.0,1241.0,,1215.0,1215.0,1245.0,1224.0,1245.0,36,MaxBars,Skip,"DailyVolumeFloorRiskCapExceeded:risk=32.25,max=18|OCWideStopLowRiskV132RiskCapExceeded:risk=32.25,max=18,side=Short|RiskTooWideHard:risk=32.25,max=25|EstimatedRRTooLow:rr=0.0233,min=0.5,reward=0.75,model=NearestStructure",,both
OPF-20260725-095814,OPF_0.1,OPF_RESEARCH_2.14,MNQ_0.1,MNQ_1Contract_Target150_200,OPF_PROFILE_0.1,20260319-0640-BEAR-OBS-001208-Z001206-OC-STR,2026-03-19 06:45:00,1209,Skip,"AggressiveExpansionV164SideDisabled:path=ObservationStrict_Other,side=Short",ActualCandidate,Short,TrendPullback,ObservationStrict_Other,40,56.0,True,24599.0,24620.5,24566.75,21.5,0.75,NearestStructure,0.0349,355.0,5,,AggressiveExpansionV164SideDisabled,OPF_0.1,OPF_RESEARCH_2.14,MNQ_0.1,MNQ_1Contract_Target150_200,OPF_PROFILE_0.1,2026-03-19T06:45:00.0000000,1209,2026-03-19 09:45:00,1245,Short,TrendPullback,40,56.0,24599.0,24620.5,21.5,24598.25,24598.75,True,62410,107107,1.5,98.75,28.5,1215.0,1211.0,1212.0,1214.0,1219.0,1223.0,1230.0,1232.0,1212.0,1215.0,1215.0,1215.0,1245.0,36,MaxBars,Skip,"AggressiveExpansionV164SideDisabled:path=ObservationStrict_Other,side=Short",,both
OPF-20260725-095814,OPF_0.1,OPF_RESEARCH_2.14,MNQ_0.1,MNQ_1Contract_Target150_200,OPF_PROFILE_0.1,20260319-0640-BEAR-OBS-001208-Z001206-OC-STR,2026-03-19 06:45:00,1209,Skip,"StrategyRegimeNotTrend:score=40|SetupQualityTooLow:score=56,min=70",ActualCandidate,Short,TrendPullback,ObservationStrict_Other_WideStop1_5R,40,56.0,False,24599.0,24631.25,24550.625,32.25,0.75,NearestStructure,0.0233,355.0,5,,StrategyRegimeNotTrend,OPF_0.1,OPF_RESEARCH_2.14,MNQ_0.1,MNQ_1Contract_Target150_200,OPF_PROFILE_0.1,2026-03-19T06:45:00.0000000,1209,2026-03-19 09:45:00,1245,Short,TrendPullback,40,56.0,24599.0,24631.25,32.25,24598.25,24598.75,True,62410,107107,1.5,98.75,28.5,,1212.0,1214.0,1223.0,1230.0,1232.0,1241.0,,1215.0,1215.0,1245.0,1224.0,1245.0,36,MaxBars,Skip,"StrategyRegimeNotTrend:score=40|SetupQualityTooLow:score=56,min=70",,both
OPF-20260725-095814,OPF_0.1,OPF_RESEARCH_2.14,MNQ_0.1,MNQ_1Contract_Target150_200,OPF_PROFILE_0.1,20260319-0700-BEAR-SHD-001212-Z001206,2026-03-19 07:20:00,1216,Skip,ActualPathDisabledV209:side=Short|path=ShadowCandidate,ActualCandidate,Short,TrendPullback,ShadowCandidate,70,73.0,True,24608.0,24620.5,24570.5,12.5,18.75,AggressiveExpansionV164Eligibility:ShadowCandidateTargetR:1.5,1.5,530.0,5,,ActualPathDisabledV209,OPF_0.1,OPF_RESEARCH_2.14,MNQ_0.1,MNQ_1Contract_Target150_200,OPF_PROFILE_0.1,2026-03-19T07:20:00.0000000,1216,2026-03-19 10:20:00,1252,Short,TrendPullback,70,73.0,24608.0,24620.5,12.5,24608.0,24608.5,True,68429,114486,3.0,107.75,42.25,1216.0,1216.0,1216.0,1217.0,1218.0,1218.0,1218.0,1219.0,1217.0,1217.0,1245.0,1240.0,1245.0,36,MaxBars,Skip,ActualPathDisabledV209:side=Short|path=ShadowCandidate,,both
OPF-20260725-095814,OPF_0.1,OPF_RESEARCH_2.14,MNQ_0.1,MNQ_1Contract_Target150_200,OPF_PROFILE_0.1,20260319-0700-BEAR-SHD-001212-Z001206-SCB,2026-03-19 07:30:00,1218,Skip,PathDisabled,ResearchOnly,Short,TrendPullback,StructureConfirmShadow,70,83.0,True,24571.0,24620.5,24496.75,49.5,3.0,NearestStructure,0.0606,530.0,5,,PathDisabled,OPF_0.1,OPF_RESEARCH_2.14,MNQ_0.1,MNQ_1Contract_Target150_200,OPF_PROFILE_0.1,2026-03-19T07:30:00.0000000,1218,2026-03-19 10:30:00,1254,Short,TrendPullback,70,83.0,24571.0,24620.5,49.5,24570.5,24571.0,True,69911,116212,1.5,70.75,79.25,1246.0,1230.0,1231.0,,,,,,1234.0,1234.0,,,,36,MaxBars,Skip,PathDisabled,,both
OPF-20260725-095814,OPF_0.1,OPF_RESEARCH_2.14,MNQ_0.1,MNQ_1Contract_Target150_200,OPF_PROFILE_0.1,20260319-0700-BEAR-SHD-001212-Z001206-SCB-CBM,2026-03-19 07:30:00,1218,Skip,PathDisabled,ResearchOnly,Short,TrendPullback,StructureConfirmShadow_ConfirmBarStop_Min10,70,83.0,True,24571.0,24595.0,24535.0,24.0,36.0,StructureConfirmTargetR:1.5,1.5,530.0,5,,PathDisabled,OPF_0.1,OPF_RESEARCH_2.14,MNQ_0.1,MNQ_1Contract_Target150_200,OPF_PROFILE_0.1,2026-03-19T07:30:00.0000000,1218,2026-03-19 10:30:00,1254,Short,TrendPullback,70,83.0,24571.0,24595.0,24.0,24570.5,24571.0,True,69911,116212,1.5,70.75,79.25,1240.0,1223.0,1223.0,1230.0,1231.0,1232.0,,,1224.0,1224.0,1234.0,1231.0,1234.0,36,MaxBars,Skip,PathDisabled,,both
OPF-20260725-095814,OPF_0.1,OPF_RESEARCH_2.14,MNQ_0.1,MNQ_1Contract_Target150_200,OPF_PROFILE_0.1,20260319-0700-BEAR-SHD-001212-Z001206-SCB-CBR,2026-03-19 07:30:00,1218,Skip,PathDisabled,ResearchOnly,Short,TrendPullback,StructureConfirmShadow_ConfirmBarStop,70,83.0,True,24571.0,24595.0,24535.0,24.0,36.0,StructureConfirmTargetR:1.5,1.5,530.0,5,,PathDisabled,OPF_0.1,OPF_RESEARCH_2.14,MNQ_0.1,MNQ_1Contract_Target150_200,OPF_PROFILE_0.1,2026-03-19T07:30:00.0000000,1218,2026-03-19 10:30:00,1254,Short,TrendPullback,70,83.0,24571.0,24595.0,24.0,24570.5,24571.0,True,69911,116212,1.5,70.75,79.25,1240.0,1223.0,1223.0,1230.0,1231.0,1232.0,,,1224.0,1224.0,1234.0,1231.0,1234.0,36,MaxBars,Skip,PathDisabled,,both
OPF-20260725-095814,OPF_0.1,OPF_RESEARCH_2.14,MNQ_0.1,MNQ_1Contract_Target150_200,OPF_PROFILE_0.1,20260319-0735-BEAR-OBS-001219-Z001219,2026-03-19 07:35:00,1219,Skip,"EstimatedRRTooLow:rr=0.0943,min=0.25,reward=1.25,model=AggressiveExpansionV164Eligibility:NearestStructure",ActualCandidate,Short,TrendPullback,ZoneBirthResearch,30,38.0,True,24575.0,24588.25,24541.875,13.25,1.25,AggressiveExpansionV164Eligibility:NearestStructure,0.0943,530.0,5,,EstimatedRRTooLow,OPF_0.1,OPF_RESEARCH_2.14,MNQ_0.1,MNQ_1Contract_Target150_200,OPF_PROFILE_0.1,2026-03-19T07:35:00.0000000,1219,2026-03-19 10:35:00,1255,Short,TrendPullback,30,38.0,24575.0,24588.25,13.25,24574.75,24575.5,True,70307,117111,2.5,74.75,75.25,1221.0,1219.0,1219.0,1219.0,1223.0,1225.0,1230.0,1231.0,1220.0,1220.0,1220.0,1220.0,1226.0,36,MaxBars,Skip,"EstimatedRRTooLow:rr=0.0943,min=0.25,reward=1.25,model=AggressiveExpansionV164Eligibility:NearestStructure",,both
OPF-20260725-095814,OPF_0.1,OPF_RESEARCH_2.14,MNQ_0.1,MNQ_1Contract_Target150_200,OPF_PROFILE_0.1,20260319-0735-BEAR-OBS-001219-Z001219-OC,2026-03-19 07:40:00,1220,Skip,"ObservationConfirmRiskCapExceeded:risk=22.5,max=18|RiskTooWideVolAdjusted:risk=22.5,max=16.12,atr14=26.88",ActualCandidate,Short,TrendPullback,ObservationConfirm,30,60.0,True,24565.75,24588.25,24532.0,22.5,33.75,ObservationConfirmTargetR:1.5,1.5,530.0,5,,ObservationConfirmRiskCapExceeded,OPF_0.1,OPF_RESEARCH_2.14,MNQ_0.1,MNQ_1Contract_Target150_200,OPF_PROFILE_0.1,2026-03-19T07:40:00.0000000,1220,2026-03-19 10:40:00,1256,Short,TrendPullback,30,60.0,24565.75,24588.25,22.5,24565.75,24566.25,True,70952,118388,1.5,65.5,84.5,1221.0,1223.0,1223.0,1230.0,1231.0,1232.0,,,1224.0,1224.0,1234.0,1231.0,1234.0,36,MaxBars,Skip,"ObservationConfirmRiskCapExceeded:risk=22.5,max=18|RiskTooWideVolAdjusted:risk=22.5,max=16.12,atr14=26.88",,both
OPF-20260725-095814,OPF_0.1,OPF_RESEARCH_2.14,MNQ_0.1,MNQ_1Contract_Target150_200,OPF_PROFILE_0.1,20260319-0735-BEAR-OBS-001219-Z001219-OC,2026-03-19 07:40:00,1220,Skip,"ObservationConfirmWideStopVolumeV131RiskCapExceeded:risk=33.75,max=22,side=Short|RiskTooWideHard:risk=33.75,max=25|EstimatedRRTooLow:rr=0.1852,min=0.8,reward=6.25,model=NearestStructure",ActualCandidate,Short,TrendPullback,ObservationConfirm_WideStop1_5R,30,60.0,True,24565.75,24599.5,24515.125,33.75,6.25,NearestStructure,0.1852,530.0,5,,ObservationConfirmWideStopVolumeV131RiskCapExceeded,OPF_0.1,OPF_RESEARCH_2.14,MNQ_0.1,MNQ_1Contract_Target150_200,OPF_PROFILE_0.1,2026-03-19T07:40:00.0000000,1220,2026-03-19 10:40:00,1256,Short,TrendPullback,30,60.0,24565.75,24599.5,33.75,24565.75,24566.25,True,70952,118388,1.5,65.5,84.5,1245.0,1229.0,1230.0,1232.0,,,,,1230.0,1234.0,1234.0,1233.0,,36,MaxBars,Skip,"ObservationConfirmWideStopVolumeV131RiskCapExceeded:risk=33.75,max=22,side=Short|RiskTooWideHard:risk=33.75,max=25|EstimatedRRTooLow:rr=0.1852,min=0.8,reward=6.25,model=NearestStructure",,both
OPF-20260725-095814,OPF_0.1,OPF_RESEARCH_2.14,MNQ_0.1,MNQ_1Contract_Target150_200,OPF_PROFILE_0.1,20260319-0740-BEAR-OBS-001220-Z001219,2026-03-19 07:40:00,1220,Skip,"SetupQualityTooLow:score=41,min=45",ActualCandidate,Short,TrendPullback,UnknownRegimeZoneTouch,30,41.0,False,24565.75,24588.25,24498.25,22.5,6.25,AggressiveExpansionV164Eligibility:NearestStructure,0.2778,530.0,5,,SetupQualityTooLow,OPF_0.1,OPF_RESEARCH_2.14,MNQ_0.1,MNQ_1Contract_Target150_200,OPF_PROFILE_0.1,2026-03-19T07:40:00.0000000,1220,2026-03-19 10:40:00,1256,Short,TrendPullback,30,41.0,24565.75,24588.25,22.5,24565.75,24566.25,True,70952,118388,3.0,65.5,84.5,1221.0,1223.0,1223.0,1230.0,1231.0,1232.0,,,1224.0,1224.0,1234.0,1231.0,1234.0,36,MaxBars,Skip,"SetupQualityTooLow:score=41,min=45",,both
OPF-20260725-095814,OPF_0.1,OPF_RESEARCH_2.14,MNQ_0.1,MNQ_1Contract_Target150_200,OPF_PROFILE_0.1,20260319-0740-BEAR-OBS-001220-Z001219-OC,2026-03-19 07:50:00,1222,Skip,"ObservationConfirmRiskCapExceeded:risk=23.25,max=20|RiskTooWideVolAdjusted:risk=23.25,max=16.76,atr14=27.93",ActualCandidate,Short,TrendPullback,ObservationConfirm,30,56.0,True,24565.0,24588.25,24530.125,23.25,34.88,ObservationConfirmTargetR:1.5,1.5002,530.0,5,,ObservationConfirmRiskCapExceeded,OPF_0.1,OPF_RESEARCH_2.14,MNQ_0.1,MNQ_1Contract_Target150_200,OPF_PROFILE_0.1,2026-03-19T07:50:00.0000000,1222,2026-03-19 10:50:00,1258,Short,TrendPullback,30,56.0,24565.0,24588.25,23.25,24564.75,24565.5,True,72365,120389,1.5,64.75,85.25,1222.0,1223.0,1225.0,1231.0,1232.0,1232.0,,,1224.0,1226.0,1234.0,1232.0,1234.0,36,MaxBars,Skip,"ObservationConfirmRiskCapExceeded:risk=23.25,max=20|RiskTooWideVolAdjusted:risk=23.25,max=16.76,atr14=27.93",,both
OPF-20260725-095814,OPF_0.1,OPF_RESEARCH_2.14,MNQ_0.1,MNQ_1Contract_Target150_200,OPF_PROFILE_0.1,20260319-0740-BEAR-OBS-001220-Z001219-OC,2026-03-19 07:50:00,1222,Skip,"DailyVolumeFloorRiskCapExceeded:risk=34.88,max=18|OCWideStopLowRiskV132RiskCapExceeded:risk=34.88,max=18,side=Short|RiskTooWideHard:risk=34.88,max=25|EstimatedRRTooLow:rr=0.0502,min=0.5,reward=1.75,model=NearestStructure",ActualCandidate,Short,TrendPullback,ObservationConfirm_WideStop1_5R,30,56.0,True,24565.0,24599.88,24512.68,34.88,1.75,NearestStructure,0.0502,530.0,5,,DailyVolumeFloorRiskCapExceeded,OPF_0.1,OPF_RESEARCH_2.14,MNQ_0.1,MNQ_1Contract_Target150_200,OPF_PROFILE_0.1,2026-03-19T07:50:00.0000000,1222,2026-03-19 10:50:00,1258,Short,TrendPullback,30,56.0,24565.0,24599.88,34.88,24564.75,24565.5,True,72365,120389,1.5,64.75,85.25,1245.0,1230.0,1231.0,1232.0,,,,,1234.0,1234.0,1234.0,1233.0,,36,MaxBars,Skip,"DailyVolumeFloorRiskCapExceeded:risk=34.88,max=18|OCWideStopLowRiskV132RiskCapExceeded:risk=34.88,max=18,side=Short|RiskTooWideHard:risk=34.88,max=25|EstimatedRRTooLow:rr=0.0502,min=0.5,reward=1.75,model=NearestStructure",,both
OPF-20260725-095814,OPF_0.1,OPF_RESEARCH_2.14,MNQ_0.1,MNQ_1Contract_Target150_200,OPF_PROFILE_0.1,20260319-0905-BULL-OBS-001237-Z001237,2026-03-19 09:05:00,1237,Skip,"StrategyRegimeNotTrend:score=10|SetupQualityTooLow:score=35,min=45",ActualCandidate,Long,TrendPullback,ZoneBirthResearch,10,35.0,False,24569.0,24557.75,24585.875,11.25,2.75,NearestStructure,0.2444,530.0,5,,StrategyRegimeNotTrend,OPF_0.1,OPF_RESEARCH_2.14,MNQ_0.1,MNQ_1Contract_Target150_200,OPF_PROFILE_0.1,2026-03-19T09:05:00.0000000,1237,2026-03-19 12:05:00,1273,Long,TrendPullback,10,35.0,24569.0,24557.75,11.25,24568.75,24569.5,True,93267,133507,1.5,81.25,89.5,1238.0,1237.0,1237.0,1237.0,1237.0,1245.0,1245.0,1245.0,1238.0,1238.0,1238.0,1238.0,1261.0,36,MaxBars,Skip,"StrategyRegimeNotTrend:score=10|SetupQualityTooLow:score=35,min=45",,both
OPF-20260725-095814,OPF_0.1,OPF_RESEARCH_2.14,MNQ_0.1,MNQ_1Contract_Target150_200,OPF_PROFILE_0.1,20260319-0905-BULL-OBS-001237-Z001237-OC,2026-03-19 09:10:00,1238,Skip,"LongObservationWideRiskCutV137:risk=13,max=12|ObservationConfirmRiskCapExceeded:risk=13,max=12|LongObservationRiskExpansionDisabledV111:risk=13",ActualCandidate,Long,TrendPullback,ObservationConfirm,10,60.0,True,24570.75,24557.75,24622.75,13.0,52.0,ActualTargetOverride:4,4.0,530.0,5,,LongObservationWideRiskCutV137,OPF_0.1,OPF_RESEARCH_2.14,MNQ_0.1,MNQ_1Contract_Target150_200,OPF_PROFILE_0.1,2026-03-19T09:10:00.0000000,1238,2026-03-19 12:10:00,1274,Long,TrendPullback,10,60.0,24570.75,24557.75,13.0,24570.0,24571.0,True,94504,135160,4.0,79.5,91.25,1238.0,1240.0,1240.0,1240.0,1240.0,1245.0,1245.0,1246.0,1241.0,1241.0,1241.0,1241.0,1261.0,36,MaxBars,Skip,"LongObservationWideRiskCutV137:risk=13,max=12|ObservationConfirmRiskCapExceeded:risk=13,max=12|LongObservationRiskExpansionDisabledV111:risk=13",,both
OPF-20260725-095814,OPF_0.1,OPF_RESEARCH_2.14,MNQ_0.1,MNQ_1Contract_Target150_200,OPF_PROFILE_0.1,20260319-0905-BULL-OBS-001237-Z001237-OC,2026-03-19 09:10:00,1238,Skip,"DailyVolumeFloorRiskCapExceeded:risk=19.5,max=18|OCWideStopLowRiskV132RiskCapExceeded:risk=19.5,max=18,side=Long",ActualCandidate,Long,TrendPullback,ObservationConfirm_WideStop1_5R,10,60.0,True,24570.75,24551.25,24629.25,19.5,58.5,ActualTargetOverride:3,3.0,530.0,5,,DailyVolumeFloorRiskCapExceeded,OPF_0.1,OPF_RESEARCH_2.14,MNQ_0.1,MNQ_1Contract_Target150_200,OPF_PROFILE_0.1,2026-03-19T09:10:00.0000000,1238,2026-03-19 12:10:00,1274,Long,TrendPullback,10,60.0,24570.75,24551.25,19.5,24570.0,24571.0,True,94504,135160,3.0,79.5,91.25,1238.0,1240.0,1240.0,1245.0,1245.0,1246.0,1246.0,1246.0,1241.0,1241.0,1261.0,1256.0,1261.0,36,MaxBars,Skip,"DailyVolumeFloorRiskCapExceeded:risk=19.5,max=18|OCWideStopLowRiskV132RiskCapExceeded:risk=19.5,max=18,side=Long",,both
OPF-20260725-095814,OPF_0.1,OPF_RESEARCH_2.14,MNQ_0.1,MNQ_1Contract_Target150_200,OPF_PROFILE_0.1,20260319-0910-BULL-OBS-001238-Z001237,2026-03-19 09:10:00,1238,Skip,"StrategyRegimeNotTrend:score=10|SetupQualityTooLow:score=37,min=70",ActualCandidate,Long,TrendPullback,UnknownRegimeZoneTouch,10,37.0,False,24570.75,24557.75,24590.25,13.0,1.0,NearestStructure,0.0769,530.0,5,,StrategyRegimeNotTrend,OPF_0.1,OPF_RESEARCH_2.14,MNQ_0.1,MNQ_1Contract_Target150_200,OPF_PROFILE_0.1,2026-03-19T09:10:00.0000000,1238,2026-03-19 12:10:00,1274,Long,TrendPullback,10,37.0,24570.75,24557.75,13.0,24570.0,24571.0,True,94504,135160,1.5,79.5,91.25,1238.0,1240.0,1240.0,1240.0,1240.0,1245.0,1245.0,1246.0,1241.0,1241.0,1241.0,1241.0,1261.0,36,MaxBars,Skip,"StrategyRegimeNotTrend:score=10|SetupQualityTooLow:score=37,min=70",,both
OPF-20260725-095814,OPF_0.1,OPF_RESEARCH_2.14,MNQ_0.1,MNQ_1Contract_Target150_200,OPF_PROFILE_0.1,20260319-0910-BULL-OBS-001238-Z001237-OC,2026-03-19 09:15:00,1239,Skip,"SetupQualityTooLow:score=45,min=56",ActualCandidate,Long,TrendPullback,ObservationConfirm,10,45.0,False,24568.25,24557.75,24610.25,10.5,42.0,ActualTargetOverride:4,4.0,530.0,5,,SetupQualityTooLow,OPF_0.1,OPF_RESEARCH_2.14,MNQ_0.1,MNQ_1Contract_Target150_200,OPF_PROFILE_0.1,2026-03-19T09:15:00.0000000,1239,2026-03-19 12:15:00,1275,Long,TrendPullback,10,45.0,24568.25,24557.75,10.5,24567.0,24567.75,True,95347,136660,4.0,82.0,88.75,1239.0,1239.0,1239.0,1240.0,1240.0,1240.0,1245.0,1245.0,1240.0,1240.0,1241.0,1241.0,1241.0,36,MaxBars,Skip,"SetupQualityTooLow:score=45,min=56",,both
OPF-20260725-095814,OPF_0.1,OPF_RESEARCH_2.14,MNQ_0.1,MNQ_1Contract_Target150_200,OPF_PROFILE_0.1,20260319-0910-BULL-OBS-001238-Z001237-OC,2026-03-19 09:15:00,1239,Skip,"StrategyRegimeNotTrend:score=10|SetupQualityTooLow:score=45,min=70",ActualCandidate,Long,TrendPullback,ObservationConfirm_WideStop1_5R,10,45.0,False,24568.25,24552.5,24615.5,15.75,47.25,ActualTargetOverride:3,3.0,530.0,5,,StrategyRegimeNotTrend,OPF_0.1,OPF_RESEARCH_2.14,MNQ_0.1,MNQ_1Contract_Target150_200,OPF_PROFILE_0.1,2026-03-19T09:15:00.0000000,1239,2026-03-19 12:15:00,1275,Long,TrendPullback,10,45.0,24568.25,24552.5,15.75,24567.0,24567.75,True,95347,136660,3.0,82.0,88.75,1241.0,1240.0,1240.0,1240.0,1245.0,1245.0,1246.0,1246.0,1241.0,1241.0,1241.0,1241.0,1261.0,36,MaxBars,Skip,"StrategyRegimeNotTrend:score=10|SetupQualityTooLow:score=45,min=70",,both
OPF-20260725-095814,OPF_0.1,OPF_RESEARCH_2.14,MNQ_0.1,MNQ_1Contract_Target150_200,OPF_PROFILE_0.1,20260319-0955-BULL-OBS-001247-Z001247,2026-03-19 09:55:00,1247,Skip,"StrategyRegimeNotTrend:score=20|SetupQualityTooLow:score=38,min=45",ActualCandidate,Long,TrendPullback,ZoneBirthResearch,20,38.0,False,24628.0,24614.0,24649.0,14.0,22.25,NearestStructure,1.5893,530.0,5,,StrategyRegimeNotTrend,OPF_0.1,OPF_RESEARCH_2.14,MNQ_0.1,MNQ_1Contract_Target150_200,OPF_PROFILE_0.1,2026-03-19T09:55:00.0000000,1247,2026-03-19 12:55:00,1283,Long,TrendPullback,20,38.0,24628.0,24614.0,14.0,24626.5,24627.0,True,110037,150390,1.5,19.75,205.75,1248.0,1247.0,1247.0,,,,,,1248.0,1248.0,,,,36,MaxBars,Skip,"StrategyRegimeNotTrend:score=20|SetupQualityTooLow:score=38,min=45",,both
OPF-20260725-095814,OPF_0.1,OPF_RESEARCH_2.14,MNQ_0.1,MNQ_1Contract_Target150_200,OPF_PROFILE_0.1,20260319-0955-BULL-OBS-001247-Z001247-FR,2026-03-19 10:00:00,1248,Skip,ActualPathDisabledV209:side=Short|path=FailureReverse_ObservationInvalidated,ActualCandidate,Short,FailureReverse,FailureReverse_ObservationInvalidated,20,50.0,True,24605.5,24624.0,24559.25,18.5,0.75,AggressiveExpansionV164Eligibility:NearestStructure,0.0405,530.0,5,,ActualPathDisabledV209,OPF_0.1,OPF_RESEARCH_2.14,MNQ_0.1,MNQ_1Contract_Target150_200,OPF_PROFILE_0.1,2026-03-19T10:00:00.0000000,1248,2026-03-19 13:00:00,1284,Short,FailureReverse,20,50.0,24605.5,24624.0,18.5,24605.25,24605.75,True,111332,153053,2.5,183.25,23.0,1248.0,1252.0,1256.0,1256.0,1261.0,1264.0,1264.0,1265.0,1253.0,1260.0,1260.0,1257.0,,36,MaxBars,Skip,ActualPathDisabledV209:side=Short|path=FailureReverse_ObservationInvalidated,,both
OPF-20260725-095814,OPF_0.1,OPF_RESEARCH_2.14,MNQ_0.1,MNQ_1Contract_Target150_200,OPF_PROFILE_0.1,20260319-0955-BULL-OBS-001247-Z001247-FR,2026-03-19 10:00:00,1248,Skip,"AggressiveExpansionV164RiskCapExceeded:risk=27.75,max=25|RiskTooWideHard:risk=27.75,max=25|EstimatedRRTooLow:rr=0.027,min=0.25,reward=0.75,model=AggressiveExpansionV164Eligibility:NearestStructure",ActualCandidate,Short,FailureReverse,FailureReverse_ObservationInvalidated_WideStop1_5R,20,50.0,True,24605.5,24633.25,24494.5,27.75,0.75,AggressiveExpansionV164Eligibility:NearestStructure,0.027,530.0,5,,AggressiveExpansionV164RiskCapExceeded,OPF_0.1,OPF_RESEARCH_2.14,MNQ_0.1,MNQ_1Contract_Target150_200,OPF_PROFILE_0.1,2026-03-19T10:00:00.0000000,1248,2026-03-19 13:00:00,1284,Short,FailureReverse,20,50.0,24605.5,24633.25,27.75,24605.25,24605.75,True,111332,153053,4.0,183.25,23.0,,1256.0,1256.0,1261.0,1264.0,1265.0,1267.0,1272.0,1260.0,1260.0,,1262.0,,36,MaxBars,Skip,"AggressiveExpansionV164RiskCapExceeded:risk=27.75,max=25|RiskTooWideHard:risk=27.75,max=25|EstimatedRRTooLow:rr=0.027,min=0.25,reward=0.75,model=AggressiveExpansionV164Eligibility:NearestStructure",,both
OPF-20260725-095814,OPF_0.1,OPF_RESEARCH_2.14,MNQ_0.1,MNQ_1Contract_Target150_200,OPF_PROFILE_0.1,20260319-0955-BULL-OBS-001247-Z001247-FR-RT,2026-03-19 10:10:00,1250,Skip,"FailureRetestRiskCapExceeded:risk=20.5,max=11",ActualCandidate,Short,FailureReverse,FailureReverse_RetestFailed,20,60.0,True,24603.5,24624.0,24572.75,20.5,24.6,FailureRetestMin1_2R,1.2,530.0,5,,FailureRetestRiskCapExceeded,OPF_0.1,OPF_RESEARCH_2.14,MNQ_0.1,MNQ_1Contract_Target150_200,OPF_PROFILE_0.1,2026-03-19T10:10:00.0000000,1250,2026-03-19 13:10:00,1286,Short,FailureReverse,20,60.0,24603.5,24624.0,20.5,24603.25,24603.75,True,113480,156087,1.5,195.5,23.75,1250.0,1256.0,1256.0,1256.0,1261.0,1264.0,1264.0,1267.0,1260.0,1260.0,1260.0,1257.0,,36,MaxBars,Skip,"FailureRetestRiskCapExceeded:risk=20.5,max=11",,both
OPF-20260725-095814,OPF_0.1,OPF_RESEARCH_2.14,MNQ_0.1,MNQ_1Contract_Target150_200,OPF_PROFILE_0.1,20260319-0955-BULL-OBS-001247-Z001247-FR-RT,2026-03-19 10:10:00,1250,Skip,ActualPathDisabledV209:side=Short|path=FailureReverse_RetestFailed_WideStop1_5R,ActualCandidate,Short,FailureReverse,FailureReverse_RetestFailed_WideStop1_5R,20,60.0,True,24603.5,24634.25,24511.25,30.75,3.5,AggressiveExpansionV164Eligibility:NearestStructure,0.1138,530.0,5,,ActualPathDisabledV209,OPF_0.1,OPF_RESEARCH_2.14,MNQ_0.1,MNQ_1Contract_Target150_200,OPF_PROFILE_0.1,2026-03-19T10:10:00.0000000,1250,2026-03-19 13:10:00,1286,Short,FailureReverse,20,60.0,24603.5,24634.25,30.75,24603.25,24603.75,True,113480,156087,3.0,195.5,23.75,,1256.0,1256.0,1264.0,1264.0,1266.0,1267.0,1272.0,1260.0,1260.0,,,,36,MaxBars,Skip,ActualPathDisabledV209:side=Short|path=FailureReverse_RetestFailed_WideStop1_5R,,both
OPF-20260725-095814,OPF_0.1,OPF_RESEARCH_2.14,MNQ_0.1,MNQ_1Contract_Target150_200,OPF_PROFILE_0.1,20260319-1120-BEAR-BRK-001264-Z001264,2026-03-19 11:20:00,1264,Execute,"TradeID:20260319-1120-Short-1264|LegacyV174PolicyV204:targetR=4|dailyCap=10|ActualExitPolicyV209:targetR=4|beTriggerR=1.5|timeStopBars=36|BreakawayShortWideV128:risk=29.75,score=95,rr=4,dailyTrades=5|BreakawayShortTarget2RV145:targetR=4,risk=29.75|ActualTargetOverride:targetR=4,risk=29.75,path=BreakawayFvg",ActualExecuted,Short,TrendPullback,BreakawayFvg,70,95.0,True,24544.5,24574.25,24425.5,29.75,119.0,ActualTargetOverride:4,4.0,530.0,5,20260319-1120-Short-1264,TradeID,OPF_0.1,OPF_RESEARCH_2.14,MNQ_0.1,MNQ_1Contract_Target150_200,OPF_PROFILE_0.1,2026-03-19T11:20:00.0000000,1264,2026-03-19 14:45:00,1300,Short,TrendPullback,70,95.0,24544.5,24574.25,29.75,24544.25,24544.75,True,126432,223043,4.0,220.25,27.0,,1267.0,1267.0,1272.0,1272.0,1277.0,1278.0,1282.0,1271.0,1271.0,1273.0,1273.0,1293.0,36,MaxBars,Execute,"TradeID:20260319-1120-Short-1264|LegacyV174PolicyV204:targetR=4|dailyCap=10|ActualExitPolicyV209:targetR=4|beTriggerR=1.5|timeStopBars=36|BreakawayShortWideV128:risk=29.75,score=95,rr=4,dailyTrades=5|BreakawayShortTarget2RV145:targetR=4,risk=29.75|ActualTargetOverride:targetR=4,risk=29.75,path=BreakawayFvg",20260319-1120-Short-1264,both
OPF-20260725-095814,OPF_0.1,OPF_RESEARCH_2.14,MNQ_0.1,MNQ_1Contract_Target150_200,OPF_PROFILE_0.1,20260319-1120-BEAR-OBS-001264-Z001264,2026-03-19 11:20:00,1264,Skip,"ZoneBirthShortV170RiskBandExcluded:risk=29.75,allowed=<=8|>12<=18|AggressiveExpansionV164RiskCapExceeded:risk=29.75,max=25|RiskTooWideHard:risk=29.75,max=25|EstimatedRRTooLow:rr=0.1849,min=0.25,reward=5.5,model=AggressiveExpansionV164Eligibility:NearestStructure",ActualCandidate,Short,TrendPullback,ZoneBirthResearch,70,85.0,True,24544.5,24574.25,24470.125,29.75,5.5,AggressiveExpansionV164Eligibility:NearestStructure,0.1849,530.0,6,,ZoneBirthShortV170RiskBandExcluded,OPF_0.1,OPF_RESEARCH_2.14,MNQ_0.1,MNQ_1Contract_Target150_200,OPF_PROFILE_0.1,2026-03-19T11:20:00.0000000,1264,2026-03-19 14:45:00,1300,Short,TrendPullback,70,85.0,24544.5,24574.25,29.75,24544.25,24544.75,True,126432,223043,2.5,220.25,27.0,,1267.0,1267.0,1272.0,1272.0,1277.0,1278.0,1282.0,1271.0,1271.0,1273.0,1273.0,1293.0,36,MaxBars,Skip,"ZoneBirthShortV170RiskBandExcluded:risk=29.75,allowed=<=8|>12<=18|AggressiveExpansionV164RiskCapExceeded:risk=29.75,max=25|RiskTooWideHard:risk=29.75,max=25|EstimatedRRTooLow:rr=0.1849,min=0.25,reward=5.5,model=AggressiveExpansionV164Eligibility:NearestStructure",,both
OPF-20260725-095814,OPF_0.1,OPF_RESEARCH_2.14,MNQ_0.1,MNQ_1Contract_Target150_200,OPF_PROFILE_0.1,20260319-1120-BEAR-OBS-001264-Z001264-OC,2026-03-19 11:25:00,1265,Skip,"ObservationConfirmRiskCapExceeded:risk=28.25,max=22|RiskTooWideHard:risk=28.25,max=25|RiskTooWideVolAdjusted:risk=28.25,max=13.98,atr14=23.3",ActualCandidate,Short,TrendPullback,ObservationConfirm,70,93.0,True,24546.0,24574.25,24503.625,28.25,42.38,ObservationConfirmTargetR:1.5,1.5002,530.0,5,,ObservationConfirmRiskCapExceeded,OPF_0.1,OPF_RESEARCH_2.14,MNQ_0.1,MNQ_1Contract_Target150_200,OPF_PROFILE_0.1,2026-03-19T11:25:00.0000000,1265,2026-03-19 14:50:00,1301,Short,TrendPullback,70,93.0,24546.0,24574.25,28.25,24545.75,24546.5,True,127796,227807,1.5,221.75,13.5,,1266.0,1267.0,1272.0,1272.0,1277.0,1277.0,1282.0,1271.0,1271.0,1273.0,1273.0,1293.0,36,MaxBars,Skip,"ObservationConfirmRiskCapExceeded:risk=28.25,max=22|RiskTooWideHard:risk=28.25,max=25|RiskTooWideVolAdjusted:risk=28.25,max=13.98,atr14=23.3",,both
OPF-20260725-095814,OPF_0.1,OPF_RESEARCH_2.14,MNQ_0.1,MNQ_1Contract_Target150_200,OPF_PROFILE_0.1,20260319-1120-BEAR-OBS-001264-Z001264-OC,2026-03-19 11:25:00,1265,Skip,"ObservationConfirmWideStopVolumeV131RiskCapExceeded:risk=42.38,max=22,side=Short|RiskTooWideHard:risk=42.38,max=25|EstimatedRRTooLow:rr=0.1416,min=0.8,reward=6,model=NearestStructure",ActualCandidate,Short,TrendPullback,ObservationConfirm_WideStop1_5R,70,93.0,True,24546.0,24588.38,24482.43,42.38,6.0,NearestStructure,0.1416,530.0,5,,ObservationConfirmWideStopVolumeV131RiskCapExceeded,OPF_0.1,OPF_RESEARCH_2.14,MNQ_0.1,MNQ_1Contract_Target150_200,OPF_PROFILE_0.1,2026-03-19T11:25:00.0000000,1265,2026-03-19 14:50:00,1301,Short,TrendPullback,70,93.0,24546.0,24588.38,42.38,24545.75,24546.5,True,127796,227807,1.5,221.75,13.5,,1267.0,1272.0,1272.0,1277.0,1282.0,1285.0,1290.0,1271.0,1273.0,1273.0,1273.0,1293.0,36,MaxBars,Skip,"ObservationConfirmWideStopVolumeV131RiskCapExceeded:risk=42.38,max=22,side=Short|RiskTooWideHard:risk=42.38,max=25|EstimatedRRTooLow:rr=0.1416,min=0.8,reward=6,model=NearestStructure",,both
OPF-20260725-095814,OPF_0.1,OPF_RESEARCH_2.14,MNQ_0.1,MNQ_1Contract_Target150_200,OPF_PROFILE_0.1,20260319-1120-BEAR-OBS-001264-Z001264-OC-STR,2026-03-19 11:25:00,1265,Skip,"AggressiveExpansionV164SideDisabled:path=ObservationStrict_Other,side=Short",ActualCandidate,Short,TrendPullback,ObservationStrict_Other,70,93.0,True,24546.0,24574.25,24503.625,28.25,6.0,NearestStructure,0.2124,530.0,5,,AggressiveExpansionV164SideDisabled,OPF_0.1,OPF_RESEARCH_2.14,MNQ_0.1,MNQ_1Contract_Target150_200,OPF_PROFILE_0.1,2026-03-19T11:25:00.0000000,1265,2026-03-19 14:50:00,1301,Short,TrendPullback,70,93.0,24546.0,24574.25,28.25,24545.75,24546.5,True,127796,227807,1.5,221.75,13.5,,1266.0,1267.0,1272.0,1272.0,1277.0,1277.0,1282.0,1271.0,1271.0,1273.0,1273.0,1293.0,36,MaxBars,Skip,"AggressiveExpansionV164SideDisabled:path=ObservationStrict_Other,side=Short",,both
OPF-20260725-095814,OPF_0.1,OPF_RESEARCH_2.14,MNQ_0.1,MNQ_1Contract_Target150_200,OPF_PROFILE_0.1,20260319-1120-BEAR-OBS-001264-Z001264-OC-STR,2026-03-19 11:25:00,1265,Skip,"AggressiveExpansionV164SideDisabled:path=ObservationStrict_Other_WideStop1_5R,side=Short",ActualCandidate,Short,TrendPullback,ObservationStrict_Other_WideStop1_5R,70,93.0,True,24546.0,24588.38,24482.43,42.38,6.0,NearestStructure,0.1416,530.0,5,,AggressiveExpansionV164SideDisabled,OPF_0.1,OPF_RESEARCH_2.14,MNQ_0.1,MNQ_1Contract_Target150_200,OPF_PROFILE_0.1,2026-03-19T11:25:00.0000000,1265,2026-03-19 14:50:00,1301,Short,TrendPullback,70,93.0,24546.0,24588.38,42.38,24545.75,24546.5,True,127796,227807,1.5,221.75,13.5,,1267.0,1272.0,1272.0,1277.0,1282.0,1285.0,1290.0,1271.0,1273.0,1273.0,1273.0,1293.0,36,MaxBars,Skip,"AggressiveExpansionV164SideDisabled:path=ObservationStrict_Other_WideStop1_5R,side=Short",,both
OPF-20260725-095814,OPF_0.1,OPF_RESEARCH_2.14,MNQ_0.1,MNQ_1Contract_Target150_200,OPF_PROFILE_0.1,20260319-1125-BEAR-BRK-001265-Z001265,2026-03-19 11:25:00,1265,Skip,"StrictEntryRiskBandExcludedV208:risk=15.5,excluded=(13.25,16]",ActualCandidate,Short,TrendPullback,BreakawayFvg,70,88.0,True,24546.0,24561.5,24484.0,15.5,62.0,ActualTargetOverride:4,4.0,530.0,5,,StrictEntryRiskBandExcludedV208,OPF_0.1,OPF_RESEARCH_2.14,MNQ_0.1,MNQ_1Contract_Target150_200,OPF_PROFILE_0.1,2026-03-19T11:25:00.0000000,1265,2026-03-19 14:50:00,1301,Short,TrendPullback,70,88.0,24546.0,24561.5,15.5,24545.75,24546.5,True,127796,227807,4.0,221.75,13.5,,1265.0,1265.0,1267.0,1267.0,1272.0,1272.0,1272.0,1266.0,1266.0,1271.0,1270.0,1273.0,36,MaxBars,Skip,"StrictEntryRiskBandExcludedV208:risk=15.5,excluded=(13.25,16]",,both
OPF-20260725-095814,OPF_0.1,OPF_RESEARCH_2.14,MNQ_0.1,MNQ_1Contract_Target150_200,OPF_PROFILE_0.1,20260319-1125-BEAR-OBS-001265-Z001265,2026-03-19 11:25:00,1265,Skip,"StrictEntryRiskBandExcludedV208:risk=15.5,excluded=(13.25,16]",ActualCandidate,Short,TrendPullback,ZoneBirthResearch,70,78.0,True,24546.0,24561.5,24507.25,15.5,6.0,AggressiveExpansionV164Eligibility:NearestStructure,0.3871,530.0,5,,StrictEntryRiskBandExcludedV208,OPF_0.1,OPF_RESEARCH_2.14,MNQ_0.1,MNQ_1Contract_Target150_200,OPF_PROFILE_0.1,2026-03-19T11:25:00.0000000,1265,2026-03-19 14:50:00,1301,Short,TrendPullback,70,78.0,24546.0,24561.5,15.5,24545.75,24546.5,True,127796,227807,2.5,221.75,13.5,,1265.0,1265.0,1267.0,1267.0,1272.0,1272.0,1272.0,1266.0,1266.0,1271.0,1270.0,1273.0,36,MaxBars,Skip,"StrictEntryRiskBandExcludedV208:risk=15.5,excluded=(13.25,16]",,both
OPF-20260725-095814,OPF_0.1,OPF_RESEARCH_2.14,MNQ_0.1,MNQ_1Contract_Target150_200,OPF_PROFILE_0.1,20260319-1125-BEAR-OBS-001265-Z001265-OC,2026-03-19 11:30:00,1266,Skip,"ObservationConfirmRiskCapExceeded:risk=35.25,max=22|RiskTooWideHard:risk=35.25,max=25|RiskTooWideVolAdjusted:risk=35.25,max=14.76,atr14=24.61",ActualCandidate,Short,TrendPullback,ObservationConfirm,70,100.0,True,24526.25,24561.5,24473.375,35.25,52.88,ObservationConfirmTargetR:1.5,1.5001,530.0,5,,ObservationConfirmRiskCapExceeded,OPF_0.1,OPF_RESEARCH_2.14,MNQ_0.1,MNQ_1Contract_Target150_200,OPF_PROFILE_0.1,2026-03-19T11:30:00.0000000,1266,2026-03-19 14:55:00,1302,Short,TrendPullback,70,100.0,24526.25,24561.5,35.25,24525.5,24525.75,True,127798,232077,1.5,202.0,33.25,,1272.0,1272.0,1277.0,1278.0,1282.0,1285.0,1290.0,1273.0,1273.0,1293.0,1278.0,1293.0,36,MaxBars,Skip,"ObservationConfirmRiskCapExceeded:risk=35.25,max=22|RiskTooWideHard:risk=35.25,max=25|RiskTooWideVolAdjusted:risk=35.25,max=14.76,atr14=24.61",,both
OPF-20260725-095814,OPF_0.1,OPF_RESEARCH_2.14,MNQ_0.1,MNQ_1Contract_Target150_200,OPF_PROFILE_0.1,20260319-1125-BEAR-OBS-001265-Z001265-OC,2026-03-19 11:30:00,1266,Skip,"ObservationConfirmWideStopVolumeV131RiskCapExceeded:risk=52.88,max=22,side=Short|RiskTooWideHard:risk=52.88,max=25|EstimatedRRTooLow:rr=0,min=0.8,reward=0,model=NearestStructure",ActualCandidate,Short,TrendPullback,ObservationConfirm_WideStop1_5R,70,100.0,True,24526.25,24579.13,24446.93,52.88,0.0,NearestStructure,0.0,530.0,5,,ObservationConfirmWideStopVolumeV131RiskCapExceeded,OPF_0.1,OPF_RESEARCH_2.14,MNQ_0.1,MNQ_1Contract_Target150_200,OPF_PROFILE_0.1,2026-03-19T11:30:00.0000000,1266,2026-03-19 14:55:00,1302,Short,TrendPullback,70,100.0,24526.25,24579.13,52.88,24525.5,24525.75,True,127798,232077,1.5,202.0,33.25,,1272.0,1277.0,1278.0,1285.0,1290.0,1290.0,,1273.0,1293.0,1293.0,1279.0,1293.0,36,MaxBars,Skip,"ObservationConfirmWideStopVolumeV131RiskCapExceeded:risk=52.88,max=22,side=Short|RiskTooWideHard:risk=52.88,max=25|EstimatedRRTooLow:rr=0,min=0.8,reward=0,model=NearestStructure",,both
OPF-20260725-095814,OPF_0.1,OPF_RESEARCH_2.14,MNQ_0.1,MNQ_1Contract_Target150_200,OPF_PROFILE_0.1,20260319-1125-BEAR-SHD-001265-Z001265,2026-03-19 11:30:00,1266,Skip,ActualPathDisabledV209:side=Short|path=ShadowCandidate,ActualCandidate,Short,TrendPullback,ShadowCandidate,70,78.0,True,24526.25,24561.5,24420.5,35.25,52.88,AggressiveExpansionV164Eligibility:ShadowCandidateTargetR:1.5,1.5001,530.0,5,,ActualPathDisabledV209,OPF_0.1,OPF_RESEARCH_2.14,MNQ_0.1,MNQ_1Contract_Target150_200,OPF_PROFILE_0.1,2026-03-19T11:30:00.0000000,1266,2026-03-19 14:55:00,1302,Short,TrendPullback,70,78.0,24526.25,24561.5,35.25,24525.5,24525.75,True,127798,232077,3.0,202.0,33.25,,1272.0,1272.0,1277.0,1278.0,1282.0,1285.0,1290.0,1273.0,1273.0,1293.0,1278.0,1293.0,36,MaxBars,Skip,ActualPathDisabledV209:side=Short|path=ShadowCandidate,,both
OPF-20260725-095814,OPF_0.1,OPF_RESEARCH_2.14,MNQ_0.1,MNQ_1Contract_Target150_200,OPF_PROFILE_0.1,20260319-1125-BEAR-SHD-001265-Z001265-SCB,2026-03-19 11:35:00,1267,Skip,PathDisabled,ResearchOnly,Short,TrendPullback,StructureConfirmShadow,70,95.0,True,24511.25,24561.5,24435.875,50.25,0.0,NearestStructure,0.0,530.0,5,,PathDisabled,OPF_0.1,OPF_RESEARCH_2.14,MNQ_0.1,MNQ_1Contract_Target150_200,OPF_PROFILE_0.1,2026-03-19T11:35:00.0000000,1267,2026-03-19 15:00:00,1303,Short,TrendPullback,70,95.0,24511.25,24561.5,50.25,24511.25,24511.75,True,127800,236468,1.5,187.0,48.25,,1277.0,1277.0,1282.0,1286.0,1290.0,1290.0,,1280.0,1280.0,1293.0,1287.0,1293.0,36,MaxBars,Skip,PathDisabled,,both
OPF-20260725-095814,OPF_0.1,OPF_RESEARCH_2.14,MNQ_0.1,MNQ_1Contract_Target150_200,OPF_PROFILE_0.1,20260319-1125-BEAR-SHD-001265-Z001265-SCB-CBM,2026-03-19 11:35:00,1267,Skip,PathDisabled,ResearchOnly,Short,TrendPullback,StructureConfirmShadow_ConfirmBarStop_Min10,70,95.0,True,24511.25,24527.0,24487.625,15.75,23.62,StructureConfirmTargetR:1.5,1.4997,530.0,5,,PathDisabled,OPF_0.1,OPF_RESEARCH_2.14,MNQ_0.1,MNQ_1Contract_Target150_200,OPF_PROFILE_0.1,2026-03-19T11:35:00.0000000,1267,2026-03-19 15:00:00,1303,Short,TrendPullback,70,95.0,24511.25,24527.0,15.75,24511.25,24511.75,True,127800,236468,1.5,187.0,48.25,1270.0,1272.0,1272.0,1272.0,1272.0,1277.0,1277.0,1278.0,1273.0,1273.0,1273.0,1273.0,1280.0,36,MaxBars,Skip,PathDisabled,,both
OPF-20260725-095814,OPF_0.1,OPF_RESEARCH_2.14,MNQ_0.1,MNQ_1Contract_Target150_200,OPF_PROFILE_0.1,20260319-1125-BEAR-SHD-001265-Z001265-SCB-CBR,2026-03-19 11:35:00,1267,Skip,PathDisabled,ResearchOnly,Short,TrendPullback,StructureConfirmShadow_ConfirmBarStop,70,95.0,True,24511.25,24527.0,24487.625,15.75,23.62,StructureConfirmTargetR:1.5,1.4997,530.0,5,,PathDisabled,OPF_0.1,OPF_RESEARCH_2.14,MNQ_0.1,MNQ_1Contract_Target150_200,OPF_PROFILE_0.1,2026-03-19T11:35:00.0000000,1267,2026-03-19 15:00:00,1303,Short,TrendPullback,70,95.0,24511.25,24527.0,15.75,24511.25,24511.75,True,127800,236468,1.5,187.0,48.25,1270.0,1272.0,1272.0,1272.0,1272.0,1277.0,1277.0,1278.0,1273.0,1273.0,1273.0,1273.0,1280.0,36,MaxBars,Skip,PathDisabled,,both
OPF-20260725-095814,OPF_0.1,OPF_RESEARCH_2.14,MNQ_0.1,MNQ_1Contract_Target150_200,OPF_PROFILE_0.1,20260319-1130-BEAR-PB-001266-Z001265,2026-03-19 11:30:00,1266,Skip,"AggressiveExpansionV164SideDisabled:path=AlmostConfirmed,side=Short",ActualCandidate,Short,TrendPullback,AlmostConfirmed,70,80.0,True,24526.25,24561.5,24473.375,35.25,0.0,NearestStructure,0.0,530.0,5,,AggressiveExpansionV164SideDisabled,OPF_0.1,OPF_RESEARCH_2.14,MNQ_0.1,MNQ_1Contract_Target150_200,OPF_PROFILE_0.1,2026-03-19T11:30:00.0000000,1266,2026-03-19 14:55:00,1302,Short,TrendPullback,70,80.0,24526.25,24561.5,35.25,24525.5,24525.75,True,127798,232077,1.5,202.0,33.25,,1272.0,1272.0,1277.0,1278.0,1282.0,1285.0,1290.0,1273.0,1273.0,1293.0,1278.0,1293.0,36,MaxBars,Skip,"AggressiveExpansionV164SideDisabled:path=AlmostConfirmed,side=Short",,both
OPF-20260725-095814,OPF_0.1,OPF_RESEARCH_2.14,MNQ_0.1,MNQ_1Contract_Target150_200,OPF_PROFILE_0.1,20260319-1130-BEAR-PB-001266-Z001265-SCB,2026-03-19 11:35:00,1267,Skip,PathDisabled,ResearchOnly,Short,TrendPullback,StructureConfirmShadow,70,95.0,True,24511.25,24561.5,24435.875,50.25,0.0,NearestStructure,0.0,530.0,5,,PathDisabled,OPF_0.1,OPF_RESEARCH_2.14,MNQ_0.1,MNQ_1Contract_Target150_200,OPF_PROFILE_0.1,2026-03-19T11:35:00.0000000,1267,2026-03-19 15:00:00,1303,Short,TrendPullback,70,95.0,24511.25,24561.5,50.25,24511.25,24511.75,True,127800,236468,1.5,187.0,48.25,,1277.0,1277.0,1282.0,1286.0,1290.0,1290.0,,1280.0,1280.0,1293.0,1287.0,1293.0,36,MaxBars,Skip,PathDisabled,,both
OPF-20260725-095814,OPF_0.1,OPF_RESEARCH_2.14,MNQ_0.1,MNQ_1Contract_Target150_200,OPF_PROFILE_0.1,20260319-1130-BEAR-PB-001266-Z001265-SCB-CBM,2026-03-19 11:35:00,1267,Skip,PathDisabled,ResearchOnly,Short,TrendPullback,StructureConfirmShadow_ConfirmBarStop_Min10,70,95.0,True,24511.25,24527.0,24487.625,15.75,23.62,StructureConfirmTargetR:1.5,1.4997,530.0,5,,PathDisabled,OPF_0.1,OPF_RESEARCH_2.14,MNQ_0.1,MNQ_1Contract_Target150_200,OPF_PROFILE_0.1,2026-03-19T11:35:00.0000000,1267,2026-03-19 15:00:00,1303,Short,TrendPullback,70,95.0,24511.25,24527.0,15.75,24511.25,24511.75,True,127800,236468,1.5,187.0,48.25,1270.0,1272.0,1272.0,1272.0,1272.0,1277.0,1277.0,1278.0,1273.0,1273.0,1273.0,1273.0,1280.0,36,MaxBars,Skip,PathDisabled,,both
OPF-20260725-095814,OPF_0.1,OPF_RESEARCH_2.14,MNQ_0.1,MNQ_1Contract_Target150_200,OPF_PROFILE_0.1,20260319-1130-BEAR-PB-001266-Z001265-SCB-CBR,2026-03-19 11:35:00,1267,Skip,PathDisabled,ResearchOnly,Short,TrendPullback,StructureConfirmShadow_ConfirmBarStop,70,95.0,True,24511.25,24527.0,24487.625,15.75,23.62,StructureConfirmTargetR:1.5,1.4997,530.0,5,,PathDisabled,OPF_0.1,OPF_RESEARCH_2.14,MNQ_0.1,MNQ_1Contract_Target150_200,OPF_PROFILE_0.1,2026-03-19T11:35:00.0000000,1267,2026-03-19 15:00:00,1303,Short,TrendPullback,70,95.0,24511.25,24527.0,15.75,24511.25,24511.75,True,127800,236468,1.5,187.0,48.25,1270.0,1272.0,1272.0,1272.0,1272.0,1277.0,1277.0,1278.0,1273.0,1273.0,1273.0,1273.0,1280.0,36,MaxBars,Skip,PathDisabled,,both
OPF-20260725-095814,OPF_0.1,OPF_RESEARCH_2.14,MNQ_0.1,MNQ_1Contract_Target150_200,OPF_PROFILE_0.1,20260319-1130-BEAR-SHD-001266-Z001265,2026-03-19 11:55:00,1271,Skip,ActualPathDisabledV209:side=Short|path=ShadowCandidate,ActualCandidate,Short,TrendPullback,ShadowCandidate,70,77.0,True,24548.25,24561.5,24508.5,13.25,19.88,AggressiveExpansionV164Eligibility:ShadowCandidateTargetR:1.5,1.5004,422.5,6,,ActualPathDisabledV209,OPF_0.1,OPF_RESEARCH_2.14,MNQ_0.1,MNQ_1Contract_Target150_200,OPF_PROFILE_0.1,2026-03-19T11:55:00.0000000,1271,2026-03-19 15:20:00,1307,Short,TrendPullback,70,77.0,24548.25,24561.5,13.25,24545.5,24546.5,True,130094,255442,3.0,224.0,29.5,1304.0,1271.0,1271.0,1272.0,1272.0,1272.0,1272.0,1272.0,1272.0,1272.0,1273.0,1273.0,1273.0,36,MaxBars,Skip,ActualPathDisabledV209:side=Short|path=ShadowCandidate,,both
OPF-20260725-095814,OPF_0.1,OPF_RESEARCH_2.14,MNQ_0.1,MNQ_1Contract_Target150_200,OPF_PROFILE_0.1,20260319-1130-BEAR-SHD-001266-Z001265-SCB,2026-03-19 12:00:00,1272,Skip,PathDisabled,ResearchOnly,Short,TrendPullback,StructureConfirmShadow,70,87.0,True,24488.75,24561.5,24379.625,72.75,0.0,NearestStructure,0.0,422.5,6,,PathDisabled,OPF_0.1,OPF_RESEARCH_2.14,MNQ_0.1,MNQ_1Contract_Target150_200,OPF_PROFILE_0.1,2026-03-19T12:00:00.0000000,1272,2026-03-19 15:25:00,1308,Short,TrendPullback,70,87.0,24488.75,24561.5,72.75,24488.5,24489.0,True,131781,259472,1.5,164.5,89.0,1304.0,1282.0,1285.0,1290.0,1290.0,,,,1288.0,1288.0,1293.0,1293.0,,36,MaxBars,Skip,PathDisabled,,both
OPF-20260725-095814,OPF_0.1,OPF_RESEARCH_2.14,MNQ_0.1,MNQ_1Contract_Target150_200,OPF_PROFILE_0.1,20260319-1135-BEAR-BRK-001267-Z001267,2026-03-19 11:35:00,1267,Execute,"TradeID:20260319-1135-Short-1267|LegacyV174PolicyV204:targetR=4|dailyCap=10|ActualExitPolicyV209:targetR=4|beTriggerR=1.5|timeStopBars=36|BreakawayVolumeV128:risk=18,score=95,rr=4,dailyTrades=5|BreakawayShortTarget2RV145:targetR=4,risk=18|ActualTargetOverride:targetR=4,risk=18,path=BreakawayFvg",ActualExecuted,Short,TrendPullback,BreakawayFvg,70,95.0,True,24511.25,24529.25,24439.25,18.0,72.0,ActualTargetOverride:4,4.0,530.0,5,20260319-1135-Short-1267,TradeID,OPF_0.1,OPF_RESEARCH_2.14,MNQ_0.1,MNQ_1Contract_Target150_200,OPF_PROFILE_0.1,2026-03-19T11:35:00.0000000,1267,2026-03-19 15:00:00,1303,Short,TrendPullback,70,95.0,24511.25,24529.25,18.0,24511.25,24511.75,True,127800,236468,4.0,187.0,48.25,1270.0,1272.0,1272.0,1272.0,1277.0,1277.0,1277.0,1282.0,1273.0,1273.0,1273.0,1273.0,1280.0,36,MaxBars,Execute,"TradeID:20260319-1135-Short-1267|LegacyV174PolicyV204:targetR=4|dailyCap=10|ActualExitPolicyV209:targetR=4|beTriggerR=1.5|timeStopBars=36|BreakawayVolumeV128:risk=18,score=95,rr=4,dailyTrades=5|BreakawayShortTarget2RV145:targetR=4,risk=18|ActualTargetOverride:targetR=4,risk=18,path=BreakawayFvg",20260319-1135-Short-1267,both
OPF-20260725-095814,OPF_0.1,OPF_RESEARCH_2.14,MNQ_0.1,MNQ_1Contract_Target150_200,OPF_PROFILE_0.1,20260319-1135-BEAR-OBS-001267-Z001267,2026-03-19 11:35:00,1267,Skip,"EstimatedRRTooLow:rr=0,min=0.25,reward=0,model=AggressiveExpansionV164Eligibility:NearestStructure",ActualCandidate,Short,TrendPullback,ZoneBirthResearch,70,85.0,True,24511.25,24529.25,24466.25,18.0,0.0,AggressiveExpansionV164Eligibility:NearestStructure,0.0,530.0,6,,EstimatedRRTooLow,OPF_0.1,OPF_RESEARCH_2.14,MNQ_0.1,MNQ_1Contract_Target150_200,OPF_PROFILE_0.1,2026-03-19T11:35:00.0000000,1267,2026-03-19 15:00:00,1303,Short,TrendPullback,70,85.0,24511.25,24529.25,18.0,24511.25,24511.75,True,127800,236468,2.5,187.0,48.25,1270.0,1272.0,1272.0,1272.0,1277.0,1277.0,1277.0,1282.0,1273.0,1273.0,1273.0,1273.0,1280.0,36,MaxBars,Skip,"EstimatedRRTooLow:rr=0,min=0.25,reward=0,model=AggressiveExpansionV164Eligibility:NearestStructure",,both
OPF-20260725-095814,OPF_0.1,OPF_RESEARCH_2.14,MNQ_0.1,MNQ_1Contract_Target150_200,OPF_PROFILE_0.1,20260319-1135-BEAR-OBS-001267-Z001267-OC,2026-03-19 11:40:00,1268,Skip,"StrictEntryRiskBandExcludedV208:risk=15,excluded=(13.25,16]",ActualCandidate,Short,TrendPullback,ObservationConfirm,70,96.0,True,24514.25,24529.25,24491.75,15.0,22.5,ObservationConfirmTargetR:1.5,1.5,530.0,6,,StrictEntryRiskBandExcludedV208,OPF_0.1,OPF_RESEARCH_2.14,MNQ_0.1,MNQ_1Contract_Target150_200,OPF_PROFILE_0.1,2026-03-19T11:40:00.0000000,1268,2026-03-19 15:05:00,1304,Short,TrendPullback,70,96.0,24514.25,24529.25,15.0,24515.0,24515.5,True,127802,242165,1.5,190.0,63.5,1270.0,1272.0,1272.0,1272.0,1272.0,1277.0,1277.0,1278.0,1273.0,1273.0,1273.0,1273.0,1293.0,36,MaxBars,Skip,"StrictEntryRiskBandExcludedV208:risk=15,excluded=(13.25,16]",,both
OPF-20260725-095814,OPF_0.1,OPF_RESEARCH_2.14,MNQ_0.1,MNQ_1Contract_Target150_200,OPF_PROFILE_0.1,20260319-1135-BEAR-OBS-001267-Z001267-OC,2026-03-19 11:40:00,1268,Skip,"ObservationConfirmWideStopVolumeV131RiskCapExceeded:risk=22.5,max=22,side=Short|EstimatedRRTooLow:rr=0.2222,min=0.8,reward=5,model=NearestStructure",ActualCandidate,Short,TrendPullback,ObservationConfirm_WideStop1_5R,70,96.0,True,24514.25,24536.75,24480.5,22.5,5.0,NearestStructure,0.2222,530.0,6,,ObservationConfirmWideStopVolumeV131RiskCapExceeded,OPF_0.1,OPF_RESEARCH_2.14,MNQ_0.1,MNQ_1Contract_Target150_200,OPF_PROFILE_0.1,2026-03-19T11:40:00.0000000,1268,2026-03-19 15:05:00,1304,Short,TrendPullback,70,96.0,24514.25,24536.75,22.5,24515.0,24515.5,True,127802,242165,1.5,190.0,63.5,1270.0,1272.0,1272.0,1272.0,1277.0,1277.0,1278.0,1282.0,1273.0,1273.0,1273.0,1273.0,1293.0,36,MaxBars,Skip,"ObservationConfirmWideStopVolumeV131RiskCapExceeded:risk=22.5,max=22,side=Short|EstimatedRRTooLow:rr=0.2222,min=0.8,reward=5,model=NearestStructure",,both
OPF-20260725-095814,OPF_0.1,OPF_RESEARCH_2.14,MNQ_0.1,MNQ_1Contract_Target150_200,OPF_PROFILE_0.1,20260319-1140-BEAR-BRK-001268-Z001268,2026-03-19 11:40:00,1268,Skip,ActiveTrade:20260319-1135-Short-1267,ActualCandidate,Short,TrendPullback,BreakawayFvg,70,91.0,True,24514.25,24524.75,24472.25,10.5,42.0,ActualTargetOverride:4,4.0,530.0,6,,ActiveTrade,OPF_0.1,OPF_RESEARCH_2.14,MNQ_0.1,MNQ_1Contract_Target150_200,OPF_PROFILE_0.1,2026-03-19T11:40:00.0000000,1268,2026-03-19 15:05:00,1304,Short,TrendPullback,70,91.0,24514.25,24524.75,10.5,24515.0,24515.5,True,127802,242165,4.0,190.0,63.5,1270.0,1272.0,1272.0,1272.0,1272.0,1272.0,1272.0,1277.0,1273.0,1273.0,1273.0,1273.0,1273.0,36,MaxBars,Skip,ActiveTrade:20260319-1135-Short-1267,,both
OPF-20260725-095814,OPF_0.1,OPF_RESEARCH_2.14,MNQ_0.1,MNQ_1Contract_Target150_200,OPF_PROFILE_0.1,20260319-1140-BEAR-OBS-001268-Z001268,2026-03-19 11:40:00,1268,Skip,"ZoneBirthShortV170RiskBandExcluded:risk=10.5,allowed=<=8|>12<=18",ActualCandidate,Short,TrendPullback,ZoneBirthResearch,70,81.0,True,24514.25,24524.75,24488.0,10.5,5.0,AggressiveExpansionV164Eligibility:NearestStructure,0.4762,530.0,6,,ZoneBirthShortV170RiskBandExcluded,OPF_0.1,OPF_RESEARCH_2.14,MNQ_0.1,MNQ_1Contract_Target150_200,OPF_PROFILE_0.1,2026-03-19T11:40:00.0000000,1268,2026-03-19 15:05:00,1304,Short,TrendPullback,70,81.0,24514.25,24524.75,10.5,24515.0,24515.5,True,127802,242165,2.5,190.0,63.5,1270.0,1272.0,1272.0,1272.0,1272.0,1272.0,1272.0,1277.0,1273.0,1273.0,1273.0,1273.0,1273.0,36,MaxBars,Skip,"ZoneBirthShortV170RiskBandExcluded:risk=10.5,allowed=<=8|>12<=18",,both
OPF-20260725-095814,OPF_0.1,OPF_RESEARCH_2.14,MNQ_0.1,MNQ_1Contract_Target150_200,OPF_PROFILE_0.1,20260319-1140-BEAR-OBS-001268-Z001268-OC,2026-03-19 11:45:00,1269,Skip,ActiveTrade:20260319-1135-Short-1267,ActualCandidate,Short,TrendPullback,ObservationConfirm,70,100.0,True,24513.25,24524.75,24496.0,11.5,17.25,ObservationConfirmTargetR:1.5,1.5,530.0,6,,ActiveTrade,OPF_0.1,OPF_RESEARCH_2.14,MNQ_0.1,MNQ_1Contract_Target150_200,OPF_PROFILE_0.1,2026-03-19T11:45:00.0000000,1269,2026-03-19 15:10:00,1305,Short,TrendPullback,70,100.0,24513.25,24524.75,11.5,24512.25,24512.75,True,128091,246105,1.5,189.0,64.5,1270.0,1272.0,1272.0,1272.0,1272.0,1272.0,1277.0,1277.0,1273.0,1273.0,1273.0,1273.0,1273.0,36,MaxBars,Skip,ActiveTrade:20260319-1135-Short-1267,,both
OPF-20260725-095814,OPF_0.1,OPF_RESEARCH_2.14,MNQ_0.1,MNQ_1Contract_Target150_200,OPF_PROFILE_0.1,20260319-1140-BEAR-OBS-001268-Z001268-OC,2026-03-19 11:45:00,1269,Skip,"EstimatedRRTooLow:rr=0.2319,min=0.8,reward=4,model=NearestStructure",ActualCandidate,Short,TrendPullback,ObservationConfirm_WideStop1_5R,70,100.0,True,24513.25,24530.5,24487.375,17.25,4.0,NearestStructure,0.2319,530.0,6,,EstimatedRRTooLow,OPF_0.1,OPF_RESEARCH_2.14,MNQ_0.1,MNQ_1Contract_Target150_200,OPF_PROFILE_0.1,2026-03-19T11:45:00.0000000,1269,2026-03-19 15:10:00,1305,Short,TrendPullback,70,100.0,24513.25,24530.5,17.25,24512.25,24512.75,True,128091,246105,1.5,189.0,64.5,1270.0,1272.0,1272.0,1272.0,1277.0,1277.0,1277.0,1278.0,1273.0,1273.0,1273.0,1273.0,1293.0,36,MaxBars,Skip,"EstimatedRRTooLow:rr=0.2319,min=0.8,reward=4,model=NearestStructure",,both
OPF-20260725-095814,OPF_0.1,OPF_RESEARCH_2.14,MNQ_0.1,MNQ_1Contract_Target150_200,OPF_PROFILE_0.1,20260319-1155-BEAR-OBS-001271-Z001265,2026-03-19 11:55:00,1271,Skip,"SetupQualityTooLow:score=39,min=45",ActualCandidate,Short,TrendPullback,UnknownRegimeZoneTouch,50,39.0,False,24548.25,24561.5,24508.5,13.25,8.25,AggressiveExpansionV164Eligibility:NearestStructure,0.6226,422.5,6,,SetupQualityTooLow,OPF_0.1,OPF_RESEARCH_2.14,MNQ_0.1,MNQ_1Contract_Target150_200,OPF_PROFILE_0.1,2026-03-19T11:55:00.0000000,1271,2026-03-19 15:20:00,1307,Short,TrendPullback,50,39.0,24548.25,24561.5,13.25,24545.5,24546.5,True,130094,255442,3.0,224.0,29.5,1304.0,1271.0,1271.0,1272.0,1272.0,1272.0,1272.0,1272.0,1272.0,1272.0,1273.0,1273.0,1273.0,36,MaxBars,Skip,"SetupQualityTooLow:score=39,min=45",,both
OPF-20260725-095814,OPF_0.1,OPF_RESEARCH_2.14,MNQ_0.1,MNQ_1Contract_Target150_200,OPF_PROFILE_0.1,20260319-1155-BEAR-OBS-001271-Z001265-OC,2026-03-19 12:00:00,1272,Skip,"ObservationConfirmRiskCapExceeded:risk=72.75,max=18|RiskTooWideHard:risk=72.75,max=25|RiskTooWideVolAdjusted:risk=72.75,max=16.86,atr14=28.11",ActualCandidate,Short,TrendPullback,ObservationConfirm,50,64.0,True,24488.75,24561.5,24379.625,72.75,109.12,ObservationConfirmTargetR:1.5,1.4999,422.5,6,,ObservationConfirmRiskCapExceeded,OPF_0.1,OPF_RESEARCH_2.14,MNQ_0.1,MNQ_1Contract_Target150_200,OPF_PROFILE_0.1,2026-03-19T12:00:00.0000000,1272,2026-03-19 15:25:00,1308,Short,TrendPullback,50,64.0,24488.75,24561.5,72.75,24488.5,24489.0,True,131781,259472,1.5,164.5,89.0,1304.0,1282.0,1285.0,1290.0,1290.0,,,,1288.0,1288.0,1293.0,1293.0,,36,MaxBars,Skip,"ObservationConfirmRiskCapExceeded:risk=72.75,max=18|RiskTooWideHard:risk=72.75,max=25|RiskTooWideVolAdjusted:risk=72.75,max=16.86,atr14=28.11",,both
OPF-20260725-095814,OPF_0.1,OPF_RESEARCH_2.14,MNQ_0.1,MNQ_1Contract_Target150_200,OPF_PROFILE_0.1,20260319-1155-BEAR-OBS-001271-Z001265-OC,2026-03-19 12:00:00,1272,Skip,"ObservationConfirmWideStopVolumeV131RiskCapExceeded:risk=109.12,max=22,side=Short|RiskTooWideHard:risk=109.12,max=25|EstimatedRRTooLow:rr=0,min=0.8,reward=0,model=NearestStructure",ActualCandidate,Short,TrendPullback,ObservationConfirm_WideStop1_5R,50,64.0,True,24488.75,24597.87,24325.07,109.12,0.0,NearestStructure,0.0,422.5,6,,ObservationConfirmWideStopVolumeV131RiskCapExceeded,OPF_0.1,OPF_RESEARCH_2.14,MNQ_0.1,MNQ_1Contract_Target150_200,OPF_PROFILE_0.1,2026-03-19T12:00:00.0000000,1272,2026-03-19 15:25:00,1308,Short,TrendPullback,50,64.0,24488.75,24597.87,109.12,24488.5,24489.0,True,131781,259472,1.5,164.5,89.0,,1287.0,1290.0,1291.0,,,,,1288.0,1293.0,1293.0,1292.0,,36,MaxBars,Skip,"ObservationConfirmWideStopVolumeV131RiskCapExceeded:risk=109.12,max=22,side=Short|RiskTooWideHard:risk=109.12,max=25|EstimatedRRTooLow:rr=0,min=0.8,reward=0,model=NearestStructure",,both
OPF-20260725-095814,OPF_0.1,OPF_RESEARCH_2.14,MNQ_0.1,MNQ_1Contract_Target150_200,OPF_PROFILE_0.1,20260319-1155-BULL-OBS-001271-Z001271,2026-03-19 11:55:00,1271,Skip,"AggressiveExpansionV164SideDisabled:path=ZoneBirthResearch,side=Long",ActualCandidate,Long,TrendPullback,ZoneBirthResearch,0,45.0,True,24548.25,24521.25,24588.75,27.0,1.0,NearestStructure,0.037,422.5,6,,AggressiveExpansionV164SideDisabled,OPF_0.1,OPF_RESEARCH_2.14,MNQ_0.1,MNQ_1Contract_Target150_200,OPF_PROFILE_0.1,2026-03-19T11:55:00.0000000,1271,2026-03-19 15:20:00,1307,Long,TrendPullback,0,45.0,24548.25,24521.25,27.0,24545.5,24546.5,True,130094,255442,1.5,29.5,224.0,1272.0,1304.0,1304.0,,,,,,1305.0,1305.0,,,,36,MaxBars,Skip,"AggressiveExpansionV164SideDisabled:path=ZoneBirthResearch,side=Long",,both
OPF-20260725-095814,OPF_0.1,OPF_RESEARCH_2.14,MNQ_0.1,MNQ_1Contract_Target150_200,OPF_PROFILE_0.1,20260319-1155-BULL-OBS-001271-Z001271-FR,2026-03-19 12:00:00,1272,Skip,ActualPathDisabledV209:side=Short|path=FailureReverse_ObservationInvalidated,ActualCandidate,Short,FailureReverse,FailureReverse_ObservationInvalidated,0,50.0,True,24488.75,24529.0,24388.125,40.25,0.0,AggressiveExpansionV164Eligibility:NearestStructure,0.0,422.5,6,,ActualPathDisabledV209,OPF_0.1,OPF_RESEARCH_2.14,MNQ_0.1,MNQ_1Contract_Target150_200,OPF_PROFILE_0.1,2026-03-19T12:00:00.0000000,1272,2026-03-19 15:25:00,1308,Short,FailureReverse,0,50.0,24488.75,24529.0,40.25,24488.5,24489.0,True,131781,259472,2.5,164.5,89.0,1272.0,1277.0,1278.0,1282.0,1286.0,1290.0,1290.0,1291.0,1278.0,1279.0,1288.0,1283.0,1293.0,36,MaxBars,Skip,ActualPathDisabledV209:side=Short|path=FailureReverse_ObservationInvalidated,,both
OPF-20260725-095814,OPF_0.1,OPF_RESEARCH_2.14,MNQ_0.1,MNQ_1Contract_Target150_200,OPF_PROFILE_0.1,20260319-1155-BULL-OBS-001271-Z001271-FR,2026-03-19 12:00:00,1272,Skip,"AggressiveExpansionV164RiskCapExceeded:risk=60.38,max=25|RiskTooWideHard:risk=60.38,max=25|EstimatedRRTooLow:rr=0,min=0.25,reward=0,model=AggressiveExpansionV164Eligibility:NearestStructure",ActualCandidate,Short,FailureReverse,FailureReverse_ObservationInvalidated_WideStop1_5R,0,50.0,True,24488.75,24549.13,24247.23,60.38,0.0,AggressiveExpansionV164Eligibility:NearestStructure,0.0,422.5,6,,AggressiveExpansionV164RiskCapExceeded,OPF_0.1,OPF_RESEARCH_2.14,MNQ_0.1,MNQ_1Contract_Target150_200,OPF_PROFILE_0.1,2026-03-19T12:00:00.0000000,1272,2026-03-19 15:25:00,1308,Short,FailureReverse,0,50.0,24488.75,24549.13,60.38,24488.5,24489.0,True,131781,259472,4.0,164.5,89.0,1273.0,1282.0,1282.0,1290.0,1290.0,1290.0,,,1288.0,1288.0,1293.0,1293.0,1293.0,36,MaxBars,Skip,"AggressiveExpansionV164RiskCapExceeded:risk=60.38,max=25|RiskTooWideHard:risk=60.38,max=25|EstimatedRRTooLow:rr=0,min=0.25,reward=0,model=AggressiveExpansionV164Eligibility:NearestStructure",,both
OPF-20260725-095814,OPF_0.1,OPF_RESEARCH_2.14,MNQ_0.1,MNQ_1Contract_Target150_200,OPF_PROFILE_0.1,20260319-1155-BULL-OBS-001271-Z001271-FR-RT,2026-03-19 12:10:00,1274,Skip,"EntryBarStopTouched:high=24549,stop=24529",ActualCandidate,Short,FailureReverse,FailureReverse_RetestFailed,0,60.0,True,24519.25,24529.0,24504.625,9.75,11.7,FailureRetestMin1_2R,1.2,422.5,6,,EntryBarStopTouched,OPF_0.1,OPF_RESEARCH_2.14,MNQ_0.1,MNQ_1Contract_Target150_200,OPF_PROFILE_0.1,2026-03-19T12:10:00.0000000,1274,2026-03-19 15:35:00,1310,Short,FailureReverse,0,60.0,24519.25,24529.0,9.75,24518.25,24519.0,True,135160,268482,1.5,195.0,58.5,1274.0,1275.0,1275.0,1275.0,1275.0,1276.0,1277.0,1277.0,1293.0,1293.0,1293.0,1276.0,1293.0,36,MaxBars,Skip,"EntryBarStopTouched:high=24549,stop=24529",,both
OPF-20260725-095814,OPF_0.1,OPF_RESEARCH_2.14,MNQ_0.1,MNQ_1Contract_Target150_200,OPF_PROFILE_0.1,20260319-1155-BULL-OBS-001271-Z001271-FR-RT,2026-03-19 12:10:00,1274,Skip,ActualPathDisabledV209:side=Short|path=FailureReverse_RetestFailed_WideStop1_5R,ActualCandidate,Short,FailureReverse,FailureReverse_RetestFailed_WideStop1_5R,0,60.0,True,24519.25,24533.87,24475.39,14.62,8.5,AggressiveExpansionV164Eligibility:NearestStructure,0.5814,422.5,6,,ActualPathDisabledV209,OPF_0.1,OPF_RESEARCH_2.14,MNQ_0.1,MNQ_1Contract_Target150_200,OPF_PROFILE_0.1,2026-03-19T12:10:00.0000000,1274,2026-03-19 15:35:00,1310,Short,FailureReverse,0,60.0,24519.25,24533.87,14.62,24518.25,24519.0,True,135160,268482,3.0,195.0,58.5,1274.0,1275.0,1275.0,1276.0,1277.0,1277.0,1277.0,1277.0,1293.0,1293.0,1293.0,1280.0,1293.0,36,MaxBars,Skip,ActualPathDisabledV209:side=Short|path=FailureReverse_RetestFailed_WideStop1_5R,,both
OPF-20260725-095814,OPF_0.1,OPF_RESEARCH_2.14,MNQ_0.1,MNQ_1Contract_Target150_200,OPF_PROFILE_0.1,20260319-1250-BEAR-OBS-001282-Z001282,2026-03-19 12:50:00,1282,Skip,"StrictEntryRiskBandExcludedV208:risk=15.75,excluded=(13.25,16]",ActualCandidate,Short,TrendPullback,ZoneBirthResearch,60,61.0,True,24449.25,24465.0,24409.875,15.75,5.5,AggressiveExpansionV164Eligibility:NearestStructure,0.3492,422.5,6,,StrictEntryRiskBandExcludedV208,OPF_0.1,OPF_RESEARCH_2.14,MNQ_0.1,MNQ_1Contract_Target150_200,OPF_PROFILE_0.1,2026-03-19T12:50:00.0000000,1282,2026-03-19 16:15:00,1318,Short,TrendPullback,60,61.0,24449.25,24465.0,15.75,24448.75,24449.25,True,148833,303233,2.5,125.0,128.5,1287.0,1282.0,1282.0,1282.0,1285.0,1286.0,1287.0,1290.0,1283.0,1283.0,1283.0,1283.0,1287.0,36,MaxBars,Skip,"StrictEntryRiskBandExcludedV208:risk=15.75,excluded=(13.25,16]",,both
OPF-20260725-095814,OPF_0.1,OPF_RESEARCH_2.14,MNQ_0.1,MNQ_1Contract_Target150_200,OPF_PROFILE_0.1,20260319-1250-BEAR-OBS-001282-Z001282-OC,2026-03-19 12:55:00,1283,Execute,"TradeID:20260319-1255-Short-1283|LegacyV174PolicyV204:targetR=1.5|dailyCap=10|ObservationRiskExpansion:risk=18.25,base=11,max=20,dailyTrades=6/7|DailyVolumeBaseRisk18|OCRiskExpansionV147:risk=18.25,score=80,dailyTrades=6|ObservationConfirmRisk22V132:risk=18.25,score=80,rr=1.5003,dailyTrades=6",ActualExecuted,Short,TrendPullback,ObservationConfirm,60,80.0,True,24446.75,24465.0,24419.375,18.25,27.38,ObservationConfirmTargetR:1.5,1.5003,422.5,6,20260319-1255-Short-1283,TradeID,OPF_0.1,OPF_RESEARCH_2.14,MNQ_0.1,MNQ_1Contract_Target150_200,OPF_PROFILE_0.1,2026-03-19T12:55:00.0000000,1283,2026-03-19 16:20:00,1319,Short,TrendPullback,60,80.0,24446.75,24465.0,18.25,24446.25,24446.75,True,150390,305892,1.5,122.5,131.0,1287.0,1284.0,1284.0,1285.0,1286.0,1287.0,1290.0,1290.0,1287.0,1287.0,1287.0,1286.0,1288.0,36,MaxBars,Execute,"TradeID:20260319-1255-Short-1283|LegacyV174PolicyV204:targetR=1.5|dailyCap=10|ObservationRiskExpansion:risk=18.25,base=11,max=20,dailyTrades=6/7|DailyVolumeBaseRisk18|OCRiskExpansionV147:risk=18.25,score=80,dailyTrades=6|ObservationConfirmRisk22V132:risk=18.25,score=80,rr=1.5003,dailyTrades=6",20260319-1255-Short-1283,both
OPF-20260725-095814,OPF_0.1,OPF_RESEARCH_2.14,MNQ_0.1,MNQ_1Contract_Target150_200,OPF_PROFILE_0.1,20260319-1250-BEAR-OBS-001282-Z001282-OC,2026-03-19 12:55:00,1283,Skip,"ObservationConfirmWideStopVolumeV131RiskCapExceeded:risk=27.38,max=22,side=Short|RiskTooWideHard:risk=27.38,max=25|EstimatedRRTooLow:rr=0.1096,min=0.8,reward=3,model=NearestStructure",ActualCandidate,Short,TrendPullback,ObservationConfirm_WideStop1_5R,60,80.0,True,24446.75,24474.13,24405.68,27.38,3.0,NearestStructure,0.1096,422.5,7,,ObservationConfirmWideStopVolumeV131RiskCapExceeded,OPF_0.1,OPF_RESEARCH_2.14,MNQ_0.1,MNQ_1Contract_Target150_200,OPF_PROFILE_0.1,2026-03-19T12:55:00.0000000,1283,2026-03-19 16:20:00,1319,Short,TrendPullback,60,80.0,24446.75,24474.13,27.38,24446.25,24446.75,True,150390,305892,1.5,122.5,131.0,1287.0,1284.0,1285.0,1287.0,1290.0,1290.0,1290.0,1290.0,1287.0,1287.0,1288.0,1288.0,1293.0,36,MaxBars,Skip,"ObservationConfirmWideStopVolumeV131RiskCapExceeded:risk=27.38,max=22,side=Short|RiskTooWideHard:risk=27.38,max=25|EstimatedRRTooLow:rr=0.1096,min=0.8,reward=3,model=NearestStructure",,both
OPF-20260725-095814,OPF_0.1,OPF_RESEARCH_2.14,MNQ_0.1,MNQ_1Contract_Target150_200,OPF_PROFILE_0.1,20260319-1305-BEAR-BRK-001285-Z001285,2026-03-19 13:05:00,1285,Skip,ActiveTrade:20260319-1255-Short-1283,ActualCandidate,Short,TrendPullback,BreakawayFvg,80,95.0,True,24421.25,24441.75,24339.25,20.5,82.0,ActualTargetOverride:4,4.0,422.5,7,,ActiveTrade,OPF_0.1,OPF_RESEARCH_2.14,MNQ_0.1,MNQ_1Contract_Target150_200,OPF_PROFILE_0.1,2026-03-19T13:05:00.0000000,1285,2026-03-19 16:30:00,1321,Short,TrendPullback,80,95.0,24421.25,24441.75,20.5,24421.0,24421.5,True,153829,309120,4.0,97.0,156.5,1287.0,1287.0,1290.0,1290.0,1290.0,1290.0,1290.0,1290.0,1288.0,1293.0,1293.0,1291.0,1293.0,36,MaxBars,Skip,ActiveTrade:20260319-1255-Short-1283,,both
OPF-20260725-095814,OPF_0.1,OPF_RESEARCH_2.14,MNQ_0.1,MNQ_1Contract_Target150_200,OPF_PROFILE_0.1,20260319-1305-BEAR-OBS-001285-Z001285,2026-03-19 13:05:00,1285,Skip,"ZoneBirthShortV170RiskBandExcluded:risk=20.5,allowed=<=8|>12<=18|EstimatedRRTooLow:rr=0,min=0.25,reward=0,model=AggressiveExpansionV164Eligibility:NearestStructure",ActualCandidate,Short,TrendPullback,ZoneBirthResearch,80,85.0,True,24421.25,24441.75,24370.0,20.5,0.0,AggressiveExpansionV164Eligibility:NearestStructure,0.0,422.5,7,,ZoneBirthShortV170RiskBandExcluded,OPF_0.1,OPF_RESEARCH_2.14,MNQ_0.1,MNQ_1Contract_Target150_200,OPF_PROFILE_0.1,2026-03-19T13:05:00.0000000,1285,2026-03-19 16:30:00,1321,Short,TrendPullback,80,85.0,24421.25,24441.75,20.5,24421.0,24421.5,True,153829,309120,2.5,97.0,156.5,1287.0,1287.0,1290.0,1290.0,1290.0,1290.0,1290.0,1290.0,1288.0,1293.0,1293.0,1291.0,1293.0,36,MaxBars,Skip,"ZoneBirthShortV170RiskBandExcluded:risk=20.5,allowed=<=8|>12<=18|EstimatedRRTooLow:rr=0,min=0.25,reward=0,model=AggressiveExpansionV164Eligibility:NearestStructure",,both
OPF-20260725-095814,OPF_0.1,OPF_RESEARCH_2.14,MNQ_0.1,MNQ_1Contract_Target150_200,OPF_PROFILE_0.1,20260319-1305-BEAR-OBS-001285-Z001285-OC,2026-03-19 13:10:00,1286,Skip,"ObservationConfirmRiskCapExceeded:risk=26.75,max=22|RiskTooWideHard:risk=26.75,max=25|RiskTooWideVolAdjusted:risk=26.75,max=23.21,atr14=38.68",ActualCandidate,Short,TrendPullback,ObservationConfirm,80,100.0,True,24415.0,24441.75,24374.875,26.75,40.12,ObservationConfirmTargetR:1.5,1.4998,570.5,7,,ObservationConfirmRiskCapExceeded,OPF_0.1,OPF_RESEARCH_2.14,MNQ_0.1,MNQ_1Contract_Target150_200,OPF_PROFILE_0.1,2026-03-19T13:10:00.0000000,1286,2026-03-19 16:35:00,1322,Short,TrendPullback,80,100.0,24415.0,24441.75,26.75,24414.5,24415.0,True,156087,311603,1.5,90.75,162.75,1287.0,1290.0,1290.0,1290.0,1290.0,1290.0,1290.0,,1293.0,1293.0,1293.0,1291.0,1293.0,36,MaxBars,Skip,"ObservationConfirmRiskCapExceeded:risk=26.75,max=22|RiskTooWideHard:risk=26.75,max=25|RiskTooWideVolAdjusted:risk=26.75,max=23.21,atr14=38.68",,both
OPF-20260725-095814,OPF_0.1,OPF_RESEARCH_2.14,MNQ_0.1,MNQ_1Contract_Target150_200,OPF_PROFILE_0.1,20260319-1305-BEAR-OBS-001285-Z001285-OC,2026-03-19 13:10:00,1286,Skip,"ObservationConfirmWideStopVolumeV131RiskCapExceeded:risk=40.12,max=22,side=Short|RiskTooWideHard:risk=40.12,max=25|EstimatedRRTooLow:rr=0,min=0.8,reward=0,model=NearestStructure",ActualCandidate,Short,TrendPullback,ObservationConfirm_WideStop1_5R,80,100.0,True,24415.0,24455.12,24354.82,40.12,0.0,NearestStructure,0.0,570.5,7,,ObservationConfirmWideStopVolumeV131RiskCapExceeded,OPF_0.1,OPF_RESEARCH_2.14,MNQ_0.1,MNQ_1Contract_Target150_200,OPF_PROFILE_0.1,2026-03-19T13:10:00.0000000,1286,2026-03-19 16:35:00,1322,Short,TrendPullback,80,100.0,24415.0,24455.12,40.12,24414.5,24415.0,True,156087,311603,1.5,90.75,162.75,1287.0,1290.0,1290.0,1290.0,1290.0,,,,1293.0,1293.0,1293.0,1291.0,,36,MaxBars,Skip,"ObservationConfirmWideStopVolumeV131RiskCapExceeded:risk=40.12,max=22,side=Short|RiskTooWideHard:risk=40.12,max=25|EstimatedRRTooLow:rr=0,min=0.8,reward=0,model=NearestStructure",,both
OPF-20260725-095814,OPF_0.1,OPF_RESEARCH_2.14,MNQ_0.1,MNQ_1Contract_Target150_200,OPF_PROFILE_0.1,20260319-1425-BEAR-OBS-001296-Z001296,2026-03-19 14:25:00,1296,Skip,"ZoneBirthShortV170RiskBandExcluded:risk=33.25,allowed=<=8|>12<=18|AggressiveExpansionV164RiskCapExceeded:risk=33.25,max=25|RiskTooWideHard:risk=33.25,max=25|EstimatedRRTooLow:rr=0.1053,min=0.25,reward=3.5,model=AggressiveExpansionV164Eligibility:NearestStructure",ActualCandidate,Short,TrendPullback,ZoneBirthResearch,60,65.0,True,24427.5,24460.75,24344.375,33.25,3.5,AggressiveExpansionV164Eligibility:NearestStructure,0.1053,570.5,7,,ZoneBirthShortV170RiskBandExcluded,OPF_0.1,OPF_RESEARCH_2.14,MNQ_0.1,MNQ_1Contract_Target150_200,OPF_PROFILE_0.1,2026-03-19T14:25:00.0000000,1296,2026-03-19 17:25:00,1332,Short,TrendPullback,60,65.0,24427.5,24460.75,33.25,24426.25,24426.75,True,203514,332213,2.5,50.25,150.25,1297.0,1310.0,1328.0,1329.0,,,,,1311.0,1330.0,1330.0,1330.0,,36,MaxBars,Skip,"ZoneBirthShortV170RiskBandExcluded:risk=33.25,allowed=<=8|>12<=18|AggressiveExpansionV164RiskCapExceeded:risk=33.25,max=25|RiskTooWideHard:risk=33.25,max=25|EstimatedRRTooLow:rr=0.1053,min=0.25,reward=3.5,model=AggressiveExpansionV164Eligibility:NearestStructure",,both
OPF-20260725-095814,OPF_0.1,OPF_RESEARCH_2.14,MNQ_0.1,MNQ_1Contract_Target150_200,OPF_PROFILE_0.1,20260319-1425-BEAR-OBS-001296-Z001296-FR,2026-03-19 14:30:00,1297,Skip,"AggressiveExpansionV164RiskCapExceeded:risk=56.75,max=25|RiskTooWideHard:risk=56.75,max=25",ActualCandidate,Long,FailureReverse,FailureReverse_ObservationInvalidated,60,70.0,True,24515.75,24459.0,24657.625,56.75,30.25,AggressiveExpansionV164Eligibility:NearestStructure,0.533,570.5,7,,AggressiveExpansionV164RiskCapExceeded,OPF_0.1,OPF_RESEARCH_2.14,MNQ_0.1,MNQ_1Contract_Target150_200,OPF_PROFILE_0.1,2026-03-19T14:30:00.0000000,1297,2026-03-19 17:30:00,1333,Long,FailureReverse,60,70.0,24515.75,24459.0,56.75,24516.25,24516.75,True,210246,335353,2.5,62.0,138.5,1297.0,1304.0,1304.0,,,,,,1306.0,1306.0,,,,36,MaxBars,Skip,"AggressiveExpansionV164RiskCapExceeded:risk=56.75,max=25|RiskTooWideHard:risk=56.75,max=25",,both
OPF-20260725-095814,OPF_0.1,OPF_RESEARCH_2.14,MNQ_0.1,MNQ_1Contract_Target150_200,OPF_PROFILE_0.1,20260319-1425-BEAR-OBS-001296-Z001296-FR,2026-03-19 14:30:00,1297,Skip,"AggressiveExpansionV164RiskCapExceeded:risk=85.12,max=25|RiskTooWideHard:risk=85.12,max=25|EstimatedRRTooLow:rr=0.3554,min=0.5,reward=30.25,model=AggressiveExpansionV164Eligibility:NearestStructure",ActualCandidate,Long,FailureReverse,FailureReverse_ObservationInvalidated_WideStop1_5R,60,70.0,True,24515.75,24430.63,24771.11,85.12,30.25,AggressiveExpansionV164Eligibility:NearestStructure,0.3554,570.5,7,,AggressiveExpansionV164RiskCapExceeded,OPF_0.1,OPF_RESEARCH_2.14,MNQ_0.1,MNQ_1Contract_Target150_200,OPF_PROFILE_0.1,2026-03-19T14:30:00.0000000,1297,2026-03-19 17:30:00,1333,Long,FailureReverse,60,70.0,24515.75,24430.63,85.12,24516.25,24516.75,True,210246,335353,3.0,62.0,138.5,1297.0,,,,,,,,,,,,,36,MaxBars,Skip,"AggressiveExpansionV164RiskCapExceeded:risk=85.12,max=25|RiskTooWideHard:risk=85.12,max=25|EstimatedRRTooLow:rr=0.3554,min=0.5,reward=30.25,model=AggressiveExpansionV164Eligibility:NearestStructure",,both
OPF-20260725-095814,OPF_0.1,OPF_RESEARCH_2.14,MNQ_0.1,MNQ_1Contract_Target150_200,OPF_PROFILE_0.1,20260319-1425-BEAR-OBS-001296-Z001296-FR-RT,2026-03-19 14:40:00,1299,Skip,ActualPathDisabledV209:side=Long|path=FailureReverse_RetestFailed,ActualCandidate,Long,FailureReverse,FailureReverse_RetestFailed,60,76.0,True,24467.5,24459.0,24480.25,8.5,18.25,FailureRetestNearestStructure,2.1471,570.5,7,,ActualPathDisabledV209,OPF_0.1,OPF_RESEARCH_2.14,MNQ_0.1,MNQ_1Contract_Target150_200,OPF_PROFILE_0.1,2026-03-19T14:40:00.0000000,1299,2026-03-19 17:40:00,1335,Long,FailureReverse,60,76.0,24467.5,24459.0,8.5,24467.75,24468.25,True,219859,337134,1.5,110.25,90.25,1299.0,1299.0,1299.0,1299.0,1299.0,1299.0,1299.0,1299.0,1300.0,1300.0,1300.0,1300.0,1300.0,36,MaxBars,Skip,ActualPathDisabledV209:side=Long|path=FailureReverse_RetestFailed,,both
OPF-20260725-095814,OPF_0.1,OPF_RESEARCH_2.14,MNQ_0.1,MNQ_1Contract_Target150_200,OPF_PROFILE_0.1,20260319-1425-BEAR-OBS-001296-Z001296-FR-RT,2026-03-19 14:40:00,1299,Skip,"AggressiveExpansionV164SideDisabled:path=FailureReverse_RetestFailed_WideStop1_5R,side=Long",ActualCandidate,Long,FailureReverse,FailureReverse_RetestFailed_WideStop1_5R,60,76.0,True,24467.5,24454.75,24486.625,12.75,18.25,NearestStructure,1.4314,570.5,7,,AggressiveExpansionV164SideDisabled,OPF_0.1,OPF_RESEARCH_2.14,MNQ_0.1,MNQ_1Contract_Target150_200,OPF_PROFILE_0.1,2026-03-19T14:40:00.0000000,1299,2026-03-19 17:40:00,1335,Long,FailureReverse,60,76.0,24467.5,24454.75,12.75,24467.75,24468.25,True,219859,337134,1.5,110.25,90.25,1300.0,1299.0,1299.0,1299.0,1299.0,1299.0,1299.0,1301.0,1300.0,1300.0,1300.0,1300.0,1300.0,36,MaxBars,Skip,"AggressiveExpansionV164SideDisabled:path=FailureReverse_RetestFailed_WideStop1_5R,side=Long",,both
OPF-20260725-095814,OPF_0.1,OPF_RESEARCH_2.14,MNQ_0.1,MNQ_1Contract_Target150_200,OPF_PROFILE_0.1,20260319-1505-BEAR-OBS-001304-Z001264,2026-03-19 15:05:00,1304,Skip,"SetupQualityTooLow:score=33,min=45",ActualCandidate,Short,TrendPullback,UnknownRegimeZoneTouch,30,33.0,False,24529.5,24574.25,24395.25,44.75,37.5,AggressiveExpansionV164Eligibility:NearestStructure,0.838,570.5,7,,SetupQualityTooLow,OPF_0.1,OPF_RESEARCH_2.14,MNQ_0.1,MNQ_1Contract_Target150_200,OPF_PROFILE_0.1,2026-03-19T15:05:00.0000000,1304,2026-03-19 18:05:00,1340,Short,TrendPullback,30,33.0,24529.5,24574.25,44.75,24530.25,24530.75,True,242165,346774,3.0,152.25,48.25,1304.0,1306.0,1306.0,1307.0,1309.0,1309.0,1328.0,,,,,1315.0,,36,MaxBars,Skip,"SetupQualityTooLow:score=33,min=45",,both
OPF-20260725-095814,OPF_0.1,OPF_RESEARCH_2.14,MNQ_0.1,MNQ_1Contract_Target150_200,OPF_PROFILE_0.1,20260319-1505-BEAR-OBS-001304-Z001264-OC,2026-03-19 15:10:00,1305,Skip,"SetupQualityTooLow:score=42,min=56",ActualCandidate,Short,TrendPullback,ObservationConfirm,30,42.0,False,24554.25,24574.25,24524.25,20.0,30.0,ObservationConfirmTargetR:1.5,1.5,570.5,7,,SetupQualityTooLow,OPF_0.1,OPF_RESEARCH_2.14,MNQ_0.1,MNQ_1Contract_Target150_200,OPF_PROFILE_0.1,2026-03-19T15:10:00.0000000,1305,2026-03-19 18:10:00,1341,Short,TrendPullback,30,42.0,24554.25,24574.25,20.0,24554.25,24554.5,True,246105,349676,1.5,177.0,9.75,,1305.0,1305.0,1306.0,1306.0,1306.0,1306.0,1307.0,1306.0,1306.0,,,,36,MaxBars,Skip,"SetupQualityTooLow:score=42,min=56",,both
OPF-20260725-095814,OPF_0.1,OPF_RESEARCH_2.14,MNQ_0.1,MNQ_1Contract_Target150_200,OPF_PROFILE_0.1,20260319-1505-BEAR-OBS-001304-Z001264-OC,2026-03-19 15:10:00,1305,Skip,"StrategyRegimeNotTrend:score=30|SetupQualityTooLow:score=42,min=70",ActualCandidate,Short,TrendPullback,ObservationConfirm_WideStop1_5R,30,42.0,False,24554.25,24584.25,24509.25,30.0,44.25,NearestStructure,1.475,570.5,7,,StrategyRegimeNotTrend,OPF_0.1,OPF_RESEARCH_2.14,MNQ_0.1,MNQ_1Contract_Target150_200,OPF_PROFILE_0.1,2026-03-19T15:10:00.0000000,1305,2026-03-19 18:10:00,1341,Short,TrendPullback,30,42.0,24554.25,24584.25,30.0,24554.25,24554.5,True,246105,349676,1.5,177.0,9.75,,1305.0,1306.0,1306.0,1306.0,1307.0,1307.0,1309.0,1306.0,,,,,36,MaxBars,Skip,"StrategyRegimeNotTrend:score=30|SetupQualityTooLow:score=42,min=70",,both
OPF-20260725-095814,OPF_0.1,OPF_RESEARCH_2.14,MNQ_0.1,MNQ_1Contract_Target150_200,OPF_PROFILE_0.1,20260319-1505-BEAR-OBS-001304-Z001264-OC-STR,2026-03-19 15:10:00,1305,Skip,"StrategyRegimeNotTrend:score=30|SetupQualityTooLow:score=42,min=45",ActualCandidate,Short,TrendPullback,ObservationStrict_Other,30,42.0,False,24554.25,24574.25,24524.25,20.0,44.25,NearestStructure,2.2125,570.5,7,,StrategyRegimeNotTrend,OPF_0.1,OPF_RESEARCH_2.14,MNQ_0.1,MNQ_1Contract_Target150_200,OPF_PROFILE_0.1,2026-03-19T15:10:00.0000000,1305,2026-03-19 18:10:00,1341,Short,TrendPullback,30,42.0,24554.25,24574.25,20.0,24554.25,24554.5,True,246105,349676,1.5,177.0,9.75,,1305.0,1305.0,1306.0,1306.0,1306.0,1306.0,1307.0,1306.0,1306.0,,,,36,MaxBars,Skip,"StrategyRegimeNotTrend:score=30|SetupQualityTooLow:score=42,min=45",,both
OPF-20260725-095814,OPF_0.1,OPF_RESEARCH_2.14,MNQ_0.1,MNQ_1Contract_Target150_200,OPF_PROFILE_0.1,20260319-1505-BEAR-OBS-001304-Z001264-OC-STR,2026-03-19 15:10:00,1305,Skip,"StrategyRegimeNotTrend:score=30|SetupQualityTooLow:score=42,min=70",ActualCandidate,Short,TrendPullback,ObservationStrict_Other_WideStop1_5R,30,42.0,False,24554.25,24584.25,24509.25,30.0,44.25,NearestStructure,1.475,570.5,7,,StrategyRegimeNotTrend,OPF_0.1,OPF_RESEARCH_2.14,MNQ_0.1,MNQ_1Contract_Target150_200,OPF_PROFILE_0.1,2026-03-19T15:10:00.0000000,1305,2026-03-19 18:10:00,1341,Short,TrendPullback,30,42.0,24554.25,24584.25,30.0,24554.25,24554.5,True,246105,349676,1.5,177.0,9.75,,1305.0,1306.0,1306.0,1306.0,1307.0,1307.0,1309.0,1306.0,,,,,36,MaxBars,Skip,"StrategyRegimeNotTrend:score=30|SetupQualityTooLow:score=42,min=70",,both
OPF-20260725-095814,OPF_0.1,OPF_RESEARCH_2.14,MNQ_0.1,MNQ_1Contract_Target150_200,OPF_PROFILE_0.1,20260319-1535-BEAR-OBS-001310-Z001310,2026-03-19 15:35:00,1310,Skip,"ZoneBirthShortV170RiskBandExcluded:risk=21.25,allowed=<=8|>12<=18|EstimatedRRTooLow:rr=0.1176,min=0.25,reward=2.5,model=AggressiveExpansionV164Eligibility:NearestStructure",ActualCandidate,Short,TrendPullback,ZoneBirthResearch,40,38.0,True,24424.75,24446.0,24371.625,21.25,2.5,AggressiveExpansionV164Eligibility:NearestStructure,0.1176,570.5,7,,ZoneBirthShortV170RiskBandExcluded,OPF_0.1,OPF_RESEARCH_2.14,MNQ_0.1,MNQ_1Contract_Target150_200,OPF_PROFILE_0.1,2026-03-19T15:35:00.0000000,1310,2026-03-19 18:35:00,1346,Short,TrendPullback,40,38.0,24424.75,24446.0,21.25,24425.75,24426.0,True,268482,358285,2.5,47.5,99.25,1314.0,1310.0,1310.0,1328.0,1328.0,,,,1311.0,1311.0,1330.0,1329.0,,36,MaxBars,Skip,"ZoneBirthShortV170RiskBandExcluded:risk=21.25,allowed=<=8|>12<=18|EstimatedRRTooLow:rr=0.1176,min=0.25,reward=2.5,model=AggressiveExpansionV164Eligibility:NearestStructure",,both
OPF-20260725-095814,OPF_0.1,OPF_RESEARCH_2.14,MNQ_0.1,MNQ_1Contract_Target150_200,OPF_PROFILE_0.1,20260319-1535-BEAR-OBS-001310-Z001310-OC,2026-03-19 15:40:00,1311,Skip,"ObservationConfirmRiskCapExceeded:risk=34.5,max=18|RiskTooWideHard:risk=34.5,max=25|RiskTooWideVolAdjusted:risk=34.5,max=25,atr14=50.21",ActualCandidate,Short,TrendPullback,ObservationConfirm,40,60.0,True,24411.5,24446.0,24359.75,34.5,51.75,ObservationConfirmTargetR:1.5,1.5,570.5,7,,ObservationConfirmRiskCapExceeded,OPF_0.1,OPF_RESEARCH_2.14,MNQ_0.1,MNQ_1Contract_Target150_200,OPF_PROFILE_0.1,2026-03-19T15:40:00.0000000,1311,2026-03-19 18:40:00,1347,Short,TrendPullback,40,60.0,24411.5,24446.0,34.5,24411.0,24411.5,True,273467,359802,1.5,34.25,112.5,1314.0,1328.0,,,,,,,1330.0,,,,,36,MaxBars,Skip,"ObservationConfirmRiskCapExceeded:risk=34.5,max=18|RiskTooWideHard:risk=34.5,max=25|RiskTooWideVolAdjusted:risk=34.5,max=25,atr14=50.21",,both
OPF-20260725-095814,OPF_0.1,OPF_RESEARCH_2.14,MNQ_0.1,MNQ_1Contract_Target150_200,OPF_PROFILE_0.1,20260319-1535-BEAR-OBS-001310-Z001310-OC,2026-03-19 15:40:00,1311,Skip,"ObservationConfirmWideStopVolumeV131RiskCapExceeded:risk=51.75,max=22,side=Short|RiskTooWideHard:risk=51.75,max=25|EstimatedRRTooLow:rr=0.0821,min=0.8,reward=4.25,model=NearestStructure",ActualCandidate,Short,TrendPullback,ObservationConfirm_WideStop1_5R,40,60.0,True,24411.5,24463.25,24333.875,51.75,4.25,NearestStructure,0.0821,570.5,7,,ObservationConfirmWideStopVolumeV131RiskCapExceeded,OPF_0.1,OPF_RESEARCH_2.14,MNQ_0.1,MNQ_1Contract_Target150_200,OPF_PROFILE_0.1,2026-03-19T15:40:00.0000000,1311,2026-03-19 18:40:00,1347,Short,TrendPullback,40,60.0,24411.5,24463.25,51.75,24411.0,24411.5,True,273467,359802,1.5,34.25,112.5,1314.0,,,,,,,,,,,,,36,MaxBars,Skip,"ObservationConfirmWideStopVolumeV131RiskCapExceeded:risk=51.75,max=22,side=Short|RiskTooWideHard:risk=51.75,max=25|EstimatedRRTooLow:rr=0.0821,min=0.8,reward=4.25,model=NearestStructure",,both
OPF-20260725-095814,OPF_0.1,OPF_RESEARCH_2.14,MNQ_0.1,MNQ_1Contract_Target150_200,OPF_PROFILE_0.1,20260319-1540-BEAR-OBS-001311-Z001310,2026-03-19 15:40:00,1311,Skip,"SetupQualityTooLow:score=37,min=45",ActualCandidate,Short,TrendPullback,UnknownRegimeZoneTouch,40,37.0,False,24411.5,24446.0,24308.0,34.5,4.25,AggressiveExpansionV164Eligibility:NearestStructure,0.1232,570.5,7,,SetupQualityTooLow,OPF_0.1,OPF_RESEARCH_2.14,MNQ_0.1,MNQ_1Contract_Target150_200,OPF_PROFILE_0.1,2026-03-19T15:40:00.0000000,1311,2026-03-19 18:40:00,1347,Short,TrendPullback,40,37.0,24411.5,24446.0,34.5,24411.0,24411.5,True,273467,359802,3.0,34.25,112.5,1314.0,1328.0,,,,,,,1330.0,,,,,36,MaxBars,Skip,"SetupQualityTooLow:score=37,min=45",,both
OPF-20260725-095814,OPF_0.1,OPF_RESEARCH_2.14,MNQ_0.1,MNQ_1Contract_Target150_200,OPF_PROFILE_0.1,20260319-1540-BEAR-OBS-001311-Z001310-OC,2026-03-19 15:45:00,1312,Skip,"SetupQualityTooLow:score=42,min=56",ActualCandidate,Short,TrendPullback,ObservationConfirm,40,42.0,False,24430.75,24446.0,24407.875,15.25,22.88,ObservationConfirmTargetR:1.5,1.5003,570.5,7,,SetupQualityTooLow,OPF_0.1,OPF_RESEARCH_2.14,MNQ_0.1,MNQ_1Contract_Target150_200,OPF_PROFILE_0.1,2026-03-19T15:45:00.0000000,1312,2026-03-19 18:45:00,1348,Short,TrendPullback,40,42.0,24430.75,24446.0,15.25,24430.0,24430.5,True,277461,361656,1.5,53.5,93.25,1314.0,1312.0,1312.0,1312.0,1312.0,1328.0,1328.0,,1313.0,1313.0,1313.0,1313.0,1330.0,36,MaxBars,Skip,"SetupQualityTooLow:score=42,min=56",,both
OPF-20260725-095814,OPF_0.1,OPF_RESEARCH_2.14,MNQ_0.1,MNQ_1Contract_Target150_200,OPF_PROFILE_0.1,20260319-1540-BEAR-OBS-001311-Z001310-OC,2026-03-19 15:45:00,1312,Skip,"StrategyRegimeNotTrend:score=40|SetupQualityTooLow:score=42,min=70",ActualCandidate,Short,TrendPullback,ObservationConfirm_WideStop1_5R,40,42.0,False,24430.75,24453.63,24396.43,22.88,1.5,NearestStructure,0.0656,570.5,7,,StrategyRegimeNotTrend,OPF_0.1,OPF_RESEARCH_2.14,MNQ_0.1,MNQ_1Contract_Target150_200,OPF_PROFILE_0.1,2026-03-19T15:45:00.0000000,1312,2026-03-19 18:45:00,1348,Short,TrendPullback,40,42.0,24430.75,24453.63,22.88,24430.0,24430.5,True,277461,361656,1.5,53.5,93.25,1314.0,1312.0,1312.0,1328.0,1328.0,,,,1313.0,1313.0,1330.0,1330.0,,36,MaxBars,Skip,"StrategyRegimeNotTrend:score=40|SetupQualityTooLow:score=42,min=70",,both
OPF-20260725-095814,OPF_0.1,OPF_RESEARCH_2.14,MNQ_0.1,MNQ_1Contract_Target150_200,OPF_PROFILE_0.1,20260319-1600-BULL-OBS-001315-Z001315,2026-03-19 16:00:00,1315,Skip,"AggressiveExpansionV164SideDisabled:path=ZoneBirthResearch,side=Long",ActualCandidate,Long,TrendPullback,ZoneBirthResearch,0,45.0,True,24492.5,24443.0,24566.75,49.5,3.5,NearestStructure,0.0707,570.5,7,,AggressiveExpansionV164SideDisabled,OPF_0.1,OPF_RESEARCH_2.14,MNQ_0.1,MNQ_1Contract_Target150_200,OPF_PROFILE_0.1,2026-03-19T16:00:00.0000000,1315,2026-03-19 19:00:00,1351,Long,TrendPullback,0,45.0,24492.5,24443.0,49.5,24492.75,24493.25,True,292593,374125,1.5,103.5,115.25,1319.0,1351.0,1351.0,1351.0,1351.0,,,,,,,,,36,MaxBars,Skip,"AggressiveExpansionV164SideDisabled:path=ZoneBirthResearch,side=Long",,both
OPF-20260725-095814,OPF_0.1,OPF_RESEARCH_2.14,MNQ_0.1,MNQ_1Contract_Target150_200,OPF_PROFILE_0.1,20260319-1600-BULL-OBS-001315-Z001315-OC,2026-03-19 16:05:00,1316,Skip,"LongObservationWideRiskCutV137:risk=57,max=12|ObservationConfirmRiskCapExceeded:risk=57,max=12|RiskTooWideHard:risk=57,max=25|RiskTooWideVolAdjusted:risk=57,max=25,atr14=46.39",ActualCandidate,Long,TrendPullback,ObservationConfirm,0,56.0,True,24500.0,24443.0,24728.0,57.0,228.0,ActualTargetOverride:4,4.0,570.5,7,,LongObservationWideRiskCutV137,OPF_0.1,OPF_RESEARCH_2.14,MNQ_0.1,MNQ_1Contract_Target150_200,OPF_PROFILE_0.1,2026-03-19T16:05:00.0000000,1316,2026-03-19 19:05:00,1352,Long,TrendPullback,0,56.0,24500.0,24443.0,57.0,24500.75,24501.25,True,297011,383627,4.0,190.5,122.75,1319.0,1351.0,1351.0,1351.0,1352.0,1352.0,1352.0,,,,,,,36,MaxBars,Skip,"LongObservationWideRiskCutV137:risk=57,max=12|ObservationConfirmRiskCapExceeded:risk=57,max=12|RiskTooWideHard:risk=57,max=25|RiskTooWideVolAdjusted:risk=57,max=25,atr14=46.39",,both
OPF-20260725-095814,OPF_0.1,OPF_RESEARCH_2.14,MNQ_0.1,MNQ_1Contract_Target150_200,OPF_PROFILE_0.1,20260319-1600-BULL-OBS-001315-Z001315-OC,2026-03-19 16:05:00,1316,Skip,"DailyVolumeFloorOnlyBeforeDailyTarget:trades=7,target=7,score=56,min=48",ActualCandidate,Long,TrendPullback,ObservationConfirm_WideStop1_5R,0,56.0,True,24500.0,24414.5,24756.5,85.5,256.5,ActualTargetOverride:3,3.0,570.5,7,,DailyVolumeFloorOnlyBeforeDailyTarget,OPF_0.1,OPF_RESEARCH_2.14,MNQ_0.1,MNQ_1Contract_Target150_200,OPF_PROFILE_0.1,2026-03-19T16:05:00.0000000,1316,2026-03-19 19:05:00,1352,Long,TrendPullback,0,56.0,24500.0,24414.5,85.5,24500.75,24501.25,True,297011,383627,3.0,190.5,122.75,1328.0,1351.0,1351.0,1352.0,1352.0,,,,,,,,,36,MaxBars,Skip,"DailyVolumeFloorOnlyBeforeDailyTarget:trades=7,target=7,score=56,min=48",,both
OPF-20260725-095814,OPF_0.1,OPF_RESEARCH_2.14,MNQ_0.1,MNQ_1Contract_Target150_200,OPF_PROFILE_0.1,20260319-1600-BULL-OBS-001315-Z001315-OC-STR,2026-03-19 16:05:00,1316,Skip,PathDisabled,ResearchOnly,Long,TrendPullback,ObservationStrict_BullFresh,0,56.0,True,24500.0,24443.0,24585.5,57.0,68.4,StrictBullFreshMin1_2R,1.2,570.5,7,,PathDisabled,OPF_0.1,OPF_RESEARCH_2.14,MNQ_0.1,MNQ_1Contract_Target150_200,OPF_PROFILE_0.1,2026-03-19T16:05:00.0000000,1316,2026-03-19 19:05:00,1352,Long,TrendPullback,0,56.0,24500.0,24443.0,57.0,24500.75,24501.25,True,297011,383627,1.5,190.5,122.75,1319.0,1351.0,1351.0,1351.0,1352.0,1352.0,1352.0,,,,,,,36,MaxBars,Skip,PathDisabled,,both
OPF-20260725-095814,OPF_0.1,OPF_RESEARCH_2.14,MNQ_0.1,MNQ_1Contract_Target150_200,OPF_PROFILE_0.1,20260319-1600-BULL-OBS-001315-Z001315-OC-STR,2026-03-19 16:05:00,1316,Skip,ActualPathDisabledV209:side=Long|path=ObservationStrict_BullFresh_WideStop1_5R,ActualCandidate,Long,TrendPullback,ObservationStrict_BullFresh_WideStop1_5R,0,56.0,True,24500.0,24414.5,24756.5,85.5,8.75,AggressiveExpansionV164Eligibility:NearestStructure,0.1023,570.5,7,,ActualPathDisabledV209,OPF_0.1,OPF_RESEARCH_2.14,MNQ_0.1,MNQ_1Contract_Target150_200,OPF_PROFILE_0.1,2026-03-19T16:05:00.0000000,1316,2026-03-19 19:05:00,1352,Long,TrendPullback,0,56.0,24500.0,24414.5,85.5,24500.75,24501.25,True,297011,383627,3.0,190.5,122.75,1328.0,1351.0,1351.0,1352.0,1352.0,,,,,,,,,36,MaxBars,Skip,ActualPathDisabledV209:side=Long|path=ObservationStrict_BullFresh_WideStop1_5R,,both
OPF-20260725-095814,OPF_0.1,OPF_RESEARCH_2.14,MNQ_0.1,MNQ_1Contract_Target150_200,OPF_PROFILE_0.1,20260319-1605-BULL-OBS-001316-Z001316,2026-03-19 16:05:00,1316,Skip,"StrategyRegimeNotTrend:score=10|SetupQualityTooLow:score=41,min=45",ActualCandidate,Long,TrendPullback,ZoneBirthResearch,10,41.0,False,24500.0,24475.25,24537.125,24.75,8.75,NearestStructure,0.3535,570.5,7,,StrategyRegimeNotTrend,OPF_0.1,OPF_RESEARCH_2.14,MNQ_0.1,MNQ_1Contract_Target150_200,OPF_PROFILE_0.1,2026-03-19T16:05:00.0000000,1316,2026-03-19 19:05:00,1352,Long,TrendPullback,10,41.0,24500.0,24475.25,24.75,24500.75,24501.25,True,297011,383627,1.5,190.5,122.75,1317.0,1316.0,1351.0,1351.0,1351.0,1351.0,1351.0,1352.0,1317.0,,,,,36,MaxBars,Skip,"StrategyRegimeNotTrend:score=10|SetupQualityTooLow:score=41,min=45",,both
OPF-20260725-095814,OPF_0.1,OPF_RESEARCH_2.14,MNQ_0.1,MNQ_1Contract_Target150_200,OPF_PROFILE_0.1,20260319-1605-BULL-OBS-001316-Z001316-FR,2026-03-19 16:10:00,1317,Skip,ActualPathDisabledV209:side=Short|path=FailureReverse_ObservationInvalidated,ActualCandidate,Short,FailureReverse,FailureReverse_ObservationInvalidated,10,50.0,True,24471.0,24485.5,24434.75,14.5,1.5,AggressiveExpansionV164Eligibility:NearestStructure,0.1034,570.5,7,,ActualPathDisabledV209,OPF_0.1,OPF_RESEARCH_2.14,MNQ_0.1,MNQ_1Contract_Target150_200,OPF_PROFILE_0.1,2026-03-19T16:10:00.0000000,1317,2026-03-19 19:10:00,1353,Short,FailureReverse,10,50.0,24471.0,24485.5,14.5,24470.25,24470.75,True,300418,390763,2.5,93.75,220.5,1317.0,1318.0,1318.0,1318.0,1319.0,1319.0,1325.0,1328.0,1319.0,1319.0,1319.0,1319.0,1320.0,36,MaxBars,Skip,ActualPathDisabledV209:side=Short|path=FailureReverse_ObservationInvalidated,,both
OPF-20260725-095814,OPF_0.1,OPF_RESEARCH_2.14,MNQ_0.1,MNQ_1Contract_Target150_200,OPF_PROFILE_0.1,20260319-1605-BULL-OBS-001316-Z001316-FR,2026-03-19 16:10:00,1317,Skip,"EstimatedRRTooLow:rr=0.069,min=0.25,reward=1.5,model=AggressiveExpansionV164Eligibility:NearestStructure",ActualCandidate,Short,FailureReverse,FailureReverse_ObservationInvalidated_WideStop1_5R,10,50.0,True,24471.0,24492.75,24384.0,21.75,1.5,AggressiveExpansionV164Eligibility:NearestStructure,0.069,570.5,7,,EstimatedRRTooLow,OPF_0.1,OPF_RESEARCH_2.14,MNQ_0.1,MNQ_1Contract_Target150_200,OPF_PROFILE_0.1,2026-03-19T16:10:00.0000000,1317,2026-03-19 19:10:00,1353,Short,FailureReverse,10,50.0,24471.0,24492.75,21.75,24470.25,24470.75,True,300418,390763,4.0,93.75,220.5,1317.0,1318.0,1318.0,1319.0,1325.0,1328.0,1328.0,1328.0,1319.0,1319.0,1320.0,1320.0,1337.0,36,MaxBars,Skip,"EstimatedRRTooLow:rr=0.069,min=0.25,reward=1.5,model=AggressiveExpansionV164Eligibility:NearestStructure",,both
OPF-20260725-095814,OPF_0.1,OPF_RESEARCH_2.14,MNQ_0.1,MNQ_1Contract_Target150_200,OPF_PROFILE_0.1,20260319-1605-BULL-OBS-001316-Z001316-FR-RT,2026-03-19 16:20:00,1319,Skip,"FailureRetestRiskCapExceeded:risk=34,max=11|RiskTooWideHard:risk=34,max=25|RiskTooWideVolAdjusted:risk=34,max=25,atr14=44.04",ActualCandidate,Short,FailureReverse,FailureReverse_RetestFailed,10,56.0,True,24451.5,24485.5,24400.5,34.0,40.8,FailureRetestMin1_2R,1.2,570.5,8,,FailureRetestRiskCapExceeded,OPF_0.1,OPF_RESEARCH_2.14,MNQ_0.1,MNQ_1Contract_Target150_200,OPF_PROFILE_0.1,2026-03-19T16:20:00.0000000,1319,2026-03-19 19:20:00,1355,Short,FailureReverse,10,56.0,24451.5,24485.5,34.0,24450.75,24451.25,True,305892,399018,1.5,74.25,240.0,1323.0,1325.0,1328.0,1328.0,1328.0,,,,1326.0,1331.0,1331.0,1330.0,,36,MaxBars,Skip,"FailureRetestRiskCapExceeded:risk=34,max=11|RiskTooWideHard:risk=34,max=25|RiskTooWideVolAdjusted:risk=34,max=25,atr14=44.04",,both
OPF-20260725-095814,OPF_0.1,OPF_RESEARCH_2.14,MNQ_0.1,MNQ_1Contract_Target150_200,OPF_PROFILE_0.1,20260319-1605-BULL-OBS-001316-Z001316-FR-RT,2026-03-19 16:20:00,1319,Skip,ActualPathDisabledV209:side=Short|path=FailureReverse_RetestFailed_WideStop1_5R,ActualCandidate,Short,FailureReverse,FailureReverse_RetestFailed_WideStop1_5R,10,56.0,True,24451.5,24502.5,24298.5,51.0,2.75,AggressiveExpansionV164Eligibility:NearestStructure,0.0539,570.5,8,,ActualPathDisabledV209,OPF_0.1,OPF_RESEARCH_2.14,MNQ_0.1,MNQ_1Contract_Target150_200,OPF_PROFILE_0.1,2026-03-19T16:20:00.0000000,1319,2026-03-19 19:20:00,1355,Short,FailureReverse,10,56.0,24451.5,24502.5,51.0,24450.75,24451.25,True,305892,399018,3.0,74.25,240.0,1323.0,1328.0,1328.0,,,,,,1331.0,1331.0,,,,36,MaxBars,Skip,ActualPathDisabledV209:side=Short|path=FailureReverse_RetestFailed_WideStop1_5R,,both
OPF-20260725-095814,OPF_0.1,OPF_RESEARCH_2.14,MNQ_0.1,MNQ_1Contract_Target150_200,OPF_PROFILE_0.1,20260319-1615-BEAR-BRK-001318-Z001318,2026-03-19 16:15:00,1318,Execute,"TradeID:20260319-1615-Short-1318|LegacyV174PolicyV204:targetR=4|dailyCap=10|ActualExitPolicyV209:targetR=4|beTriggerR=1.5|timeStopBars=36|BreakawayShortWideV128:risk=29.75,score=95,rr=4,dailyTrades=7|BreakawayShortTarget2RV145:targetR=4,risk=29.75|ActualTargetOverride:targetR=4,risk=29.75,path=BreakawayFvg",ActualExecuted,Short,TrendPullback,BreakawayFvg,70,95.0,True,24455.75,24485.5,24336.75,29.75,119.0,ActualTargetOverride:4,4.0,570.5,7,20260319-1615-Short-1318,TradeID,OPF_0.1,OPF_RESEARCH_2.14,MNQ_0.1,MNQ_1Contract_Target150_200,OPF_PROFILE_0.1,2026-03-19T16:15:00.0000000,1318,2026-03-19 19:15:00,1354,Short,TrendPullback,70,95.0,24455.75,24485.5,29.75,24456.75,24457.25,True,303233,395145,4.0,78.5,235.75,1323.0,1325.0,1325.0,1328.0,1328.0,1328.0,,,1326.0,1326.0,1331.0,1330.0,1331.0,36,MaxBars,Execute,"TradeID:20260319-1615-Short-1318|LegacyV174PolicyV204:targetR=4|dailyCap=10|ActualExitPolicyV209:targetR=4|beTriggerR=1.5|timeStopBars=36|BreakawayShortWideV128:risk=29.75,score=95,rr=4,dailyTrades=7|BreakawayShortTarget2RV145:targetR=4,risk=29.75|ActualTargetOverride:targetR=4,risk=29.75,path=BreakawayFvg",20260319-1615-Short-1318,both
OPF-20260725-095814,OPF_0.1,OPF_RESEARCH_2.14,MNQ_0.1,MNQ_1Contract_Target150_200,OPF_PROFILE_0.1,20260319-1615-BEAR-OBS-001318-Z001318,2026-03-19 16:15:00,1318,Skip,"ZoneBirthShortV170RiskBandExcluded:risk=29.75,allowed=<=8|>12<=18|AggressiveExpansionV164RiskCapExceeded:risk=29.75,max=25|RiskTooWideHard:risk=29.75,max=25|EstimatedRRTooLow:rr=0.0168,min=0.25,reward=0.5,model=AggressiveExpansionV164Eligibility:NearestStructure",ActualCandidate,Short,TrendPullback,ZoneBirthResearch,70,85.0,True,24455.75,24485.5,24381.375,29.75,0.5,AggressiveExpansionV164Eligibility:NearestStructure,0.0168,570.5,8,,ZoneBirthShortV170RiskBandExcluded,OPF_0.1,OPF_RESEARCH_2.14,MNQ_0.1,MNQ_1Contract_Target150_200,OPF_PROFILE_0.1,2026-03-19T16:15:00.0000000,1318,2026-03-19 19:15:00,1354,Short,TrendPullback,70,85.0,24455.75,24485.5,29.75,24456.75,24457.25,True,303233,395145,2.5,78.5,235.75,1323.0,1325.0,1325.0,1328.0,1328.0,1328.0,,,1326.0,1326.0,1331.0,1330.0,1331.0,36,MaxBars,Skip,"ZoneBirthShortV170RiskBandExcluded:risk=29.75,allowed=<=8|>12<=18|AggressiveExpansionV164RiskCapExceeded:risk=29.75,max=25|RiskTooWideHard:risk=29.75,max=25|EstimatedRRTooLow:rr=0.0168,min=0.25,reward=0.5,model=AggressiveExpansionV164Eligibility:NearestStructure",,both
OPF-20260725-095814,OPF_0.1,OPF_RESEARCH_2.14,MNQ_0.1,MNQ_1Contract_Target150_200,OPF_PROFILE_0.1,20260319-1615-BEAR-OBS-001318-Z001318-OC,2026-03-19 16:20:00,1319,Skip,"ObservationConfirmRiskCapExceeded:risk=34,max=22|RiskTooWideHard:risk=34,max=25|RiskTooWideVolAdjusted:risk=34,max=25,atr14=44.04",ActualCandidate,Short,TrendPullback,ObservationConfirm,70,96.0,True,24451.5,24485.5,24400.5,34.0,51.0,ObservationConfirmTargetR:1.5,1.5,570.5,8,,ObservationConfirmRiskCapExceeded,OPF_0.1,OPF_RESEARCH_2.14,MNQ_0.1,MNQ_1Contract_Target150_200,OPF_PROFILE_0.1,2026-03-19T16:20:00.0000000,1319,2026-03-19 19:20:00,1355,Short,TrendPullback,70,96.0,24451.5,24485.5,34.0,24450.75,24451.25,True,305892,399018,1.5,74.25,240.0,1323.0,1325.0,1328.0,1328.0,1328.0,,,,1326.0,1331.0,1331.0,1330.0,,36,MaxBars,Skip,"ObservationConfirmRiskCapExceeded:risk=34,max=22|RiskTooWideHard:risk=34,max=25|RiskTooWideVolAdjusted:risk=34,max=25,atr14=44.04",,both
OPF-20260725-095814,OPF_0.1,OPF_RESEARCH_2.14,MNQ_0.1,MNQ_1Contract_Target150_200,OPF_PROFILE_0.1,20260319-1615-BEAR-OBS-001318-Z001318-OC,2026-03-19 16:20:00,1319,Skip,"ObservationConfirmWideStopVolumeV131RiskCapExceeded:risk=51,max=22,side=Short|RiskTooWideHard:risk=51,max=25|EstimatedRRTooLow:rr=0.0539,min=0.8,reward=2.75,model=NearestStructure",ActualCandidate,Short,TrendPullback,ObservationConfirm_WideStop1_5R,70,96.0,True,24451.5,24502.5,24375.0,51.0,2.75,NearestStructure,0.0539,570.5,8,,ObservationConfirmWideStopVolumeV131RiskCapExceeded,OPF_0.1,OPF_RESEARCH_2.14,MNQ_0.1,MNQ_1Contract_Target150_200,OPF_PROFILE_0.1,2026-03-19T16:20:00.0000000,1319,2026-03-19 19:20:00,1355,Short,TrendPullback,70,96.0,24451.5,24502.5,51.0,24450.75,24451.25,True,305892,399018,1.5,74.25,240.0,1323.0,1328.0,1328.0,,,,,,1331.0,1331.0,,,,36,MaxBars,Skip,"ObservationConfirmWideStopVolumeV131RiskCapExceeded:risk=51,max=22,side=Short|RiskTooWideHard:risk=51,max=25|EstimatedRRTooLow:rr=0.0539,min=0.8,reward=2.75,model=NearestStructure",,both
OPF-20260725-095814,OPF_0.1,OPF_RESEARCH_2.14,MNQ_0.1,MNQ_1Contract_Target150_200,OPF_PROFILE_0.1,20260319-1615-BEAR-SHD-001318-Z001318,2026-03-19 16:45:00,1324,Skip,ActualPathDisabledV209:side=Short|path=ShadowCandidate,ActualCandidate,Short,TrendPullback,ShadowCandidate,70,85.0,True,24467.0,24485.5,24411.5,18.5,27.75,AggressiveExpansionV164Eligibility:ShadowCandidateTargetR:1.5,1.5,396.5,8,,ActualPathDisabledV209,OPF_0.1,OPF_RESEARCH_2.14,MNQ_0.1,MNQ_1Contract_Target150_200,OPF_PROFILE_0.1,2026-03-19T16:45:00.0000000,1324,2026-03-19 19:45:00,1360,Short,TrendPullback,70,85.0,24467.0,24485.5,18.5,24466.0,24466.25,True,316151,416099,3.0,89.75,224.5,1324.0,1325.0,1325.0,1325.0,1325.0,1328.0,1328.0,1328.0,1333.0,1333.0,1333.0,1326.0,1333.0,36,MaxBars,Skip,ActualPathDisabledV209:side=Short|path=ShadowCandidate,,both
OPF-20260725-095814,OPF_0.1,OPF_RESEARCH_2.14,MNQ_0.1,MNQ_1Contract_Target150_200,OPF_PROFILE_0.1,20260319-1615-BEAR-SHD-001318-Z001318-SCB,2026-03-19 17:00:00,1327,Skip,PathDisabled,ResearchOnly,Short,TrendPullback,StructureConfirmShadow,70,95.0,True,24422.25,24485.5,24327.375,63.25,3.5,NearestStructure,0.0553,396.5,8,,PathDisabled,OPF_0.1,OPF_RESEARCH_2.14,MNQ_0.1,MNQ_1Contract_Target150_200,OPF_PROFILE_0.1,2026-03-19T17:00:00.0000000,1327,2026-03-19 20:00:00,1363,Short,TrendPullback,70,95.0,24422.25,24485.5,63.25,24421.75,24422.25,True,322385,424905,1.5,45.0,269.25,1341.0,,,,,,,,,,,,,36,MaxBars,Skip,PathDisabled,,both
OPF-20260725-095814,OPF_0.1,OPF_RESEARCH_2.14,MNQ_0.1,MNQ_1Contract_Target150_200,OPF_PROFILE_0.1,20260319-1630-BULL-OBS-001321-Z001315,2026-03-19 16:30:00,1321,Skip,"StrategyRegimeNotTrend:score=10|SetupQualityTooLow:score=22,min=70",ActualCandidate,Long,TrendPullback,UnknownRegimeZoneTouch,10,22.0,False,24459.25,24443.0,24483.625,16.25,4.0,NearestStructure,0.2462,570.5,8,,StrategyRegimeNotTrend,OPF_0.1,OPF_RESEARCH_2.14,MNQ_0.1,MNQ_1Contract_Target150_200,OPF_PROFILE_0.1,2026-03-19T16:30:00.0000000,1321,2026-03-19 19:30:00,1357,Long,TrendPullback,10,22.0,24459.25,24443.0,16.25,24458.75,24459.25,True,309120,406553,1.5,232.25,82.0,1322.0,1321.0,1321.0,1323.0,1323.0,1323.0,1341.0,1350.0,1322.0,1322.0,1325.0,1324.0,1325.0,36,MaxBars,Skip,"StrategyRegimeNotTrend:score=10|SetupQualityTooLow:score=22,min=70",,both
OPF-20260725-095814,OPF_0.1,OPF_RESEARCH_2.14,MNQ_0.1,MNQ_1Contract_Target150_200,OPF_PROFILE_0.1,20260319-1630-BULL-OBS-001321-Z001315-OC,2026-03-19 16:35:00,1322,Skip,"SetupQualityTooLow:score=44,min=56",ActualCandidate,Long,TrendPullback,ObservationConfirm,10,44.0,False,24474.5,24443.0,24600.5,31.5,126.0,ActualTargetOverride:4,4.0,570.5,8,,SetupQualityTooLow,OPF_0.1,OPF_RESEARCH_2.14,MNQ_0.1,MNQ_1Contract_Target150_200,OPF_PROFILE_0.1,2026-03-19T16:35:00.0000000,1322,2026-03-19 19:35:00,1358,Long,TrendPullback,10,44.0,24474.5,24443.0,31.5,24474.0,24474.5,True,311603,410813,4.0,217.0,97.25,1322.0,1323.0,1341.0,1350.0,1351.0,1351.0,1351.0,1352.0,1324.0,1344.0,,1351.0,,36,MaxBars,Skip,"SetupQualityTooLow:score=44,min=56",,both
OPF-20260725-095814,OPF_0.1,OPF_RESEARCH_2.14,MNQ_0.1,MNQ_1Contract_Target150_200,OPF_PROFILE_0.1,20260319-1630-BULL-OBS-001321-Z001315-OC,2026-03-19 16:35:00,1322,Skip,"StrategyRegimeNotTrend:score=10|SetupQualityTooLow:score=44,min=70",ActualCandidate,Long,TrendPullback,ObservationConfirm_WideStop1_5R,10,44.0,False,24474.5,24427.25,24616.25,47.25,141.75,ActualTargetOverride:3,3.0,570.5,8,,StrategyRegimeNotTrend,OPF_0.1,OPF_RESEARCH_2.14,MNQ_0.1,MNQ_1Contract_Target150_200,OPF_PROFILE_0.1,2026-03-19T16:35:00.0000000,1322,2026-03-19 19:35:00,1358,Long,TrendPullback,10,44.0,24474.5,24427.25,47.25,24474.0,24474.5,True,311603,410813,3.0,217.0,97.25,1325.0,1341.0,1350.0,1351.0,1351.0,1351.0,1352.0,1352.0,1344.0,,,,,36,MaxBars,Skip,"StrategyRegimeNotTrend:score=10|SetupQualityTooLow:score=44,min=70",,both
OPF-20260725-095814,OPF_0.1,OPF_RESEARCH_2.14,MNQ_0.1,MNQ_1Contract_Target150_200,OPF_PROFILE_0.1,20260319-1640-BEAR-OBS-001323-Z001318,2026-03-19 16:40:00,1323,Skip,"SetupQualityTooLow:score=30,min=45",ActualCandidate,Short,TrendPullback,UnknownRegimeZoneTouch,20,30.0,False,24483.0,24485.5,24475.5,2.5,0.75,AggressiveExpansionV164Eligibility:NearestStructure,0.3,396.5,8,,SetupQualityTooLow,OPF_0.1,OPF_RESEARCH_2.14,MNQ_0.1,MNQ_1Contract_Target150_200,OPF_PROFILE_0.1,2026-03-19T16:40:00.0000000,1323,2026-03-19 19:40:00,1359,Short,TrendPullback,20,30.0,24483.0,24485.5,2.5,24484.25,24484.75,True,314827,413291,3.0,105.75,208.5,1323.0,1323.0,1323.0,1323.0,1323.0,1323.0,1323.0,1323.0,1324.0,1324.0,1324.0,1324.0,1324.0,36,MaxBars,Skip,"SetupQualityTooLow:score=30,min=45",,both
OPF-20260725-095814,OPF_0.1,OPF_RESEARCH_2.14,MNQ_0.1,MNQ_1Contract_Target150_200,OPF_PROFILE_0.1,20260319-1640-BEAR-OBS-001323-Z001318-OC,2026-03-19 16:45:00,1324,Skip,"SetupQualityTooLow:score=52,min=56",ActualCandidate,Short,TrendPullback,ObservationConfirm,20,52.0,False,24467.0,24485.5,24439.25,18.5,27.75,ObservationConfirmTargetR:1.5,1.5,396.5,8,,SetupQualityTooLow,OPF_0.1,OPF_RESEARCH_2.14,MNQ_0.1,MNQ_1Contract_Target150_200,OPF_PROFILE_0.1,2026-03-19T16:45:00.0000000,1324,2026-03-19 19:45:00,1360,Short,TrendPullback,20,52.0,24467.0,24485.5,18.5,24466.0,24466.25,True,316151,416099,1.5,89.75,224.5,1324.0,1325.0,1325.0,1325.0,1325.0,1328.0,1328.0,1328.0,1333.0,1333.0,1333.0,1326.0,1333.0,36,MaxBars,Skip,"SetupQualityTooLow:score=52,min=56",,both
OPF-20260725-095814,OPF_0.1,OPF_RESEARCH_2.14,MNQ_0.1,MNQ_1Contract_Target150_200,OPF_PROFILE_0.1,20260319-1640-BEAR-OBS-001323-Z001318-OC,2026-03-19 16:45:00,1324,Skip,"StrategyRegimeNotTrend:score=20|SetupQualityTooLow:score=52,min=70",ActualCandidate,Short,TrendPullback,ObservationConfirm_WideStop1_5R,20,52.0,False,24467.0,24494.75,24425.375,27.75,1.75,NearestStructure,0.0631,396.5,8,,StrategyRegimeNotTrend,OPF_0.1,OPF_RESEARCH_2.14,MNQ_0.1,MNQ_1Contract_Target150_200,OPF_PROFILE_0.1,2026-03-19T16:45:00.0000000,1324,2026-03-19 19:45:00,1360,Short,TrendPullback,20,52.0,24467.0,24494.75,27.75,24466.0,24466.25,True,316151,416099,1.5,89.75,224.5,1341.0,1325.0,1325.0,1325.0,1328.0,1328.0,1328.0,,1333.0,1333.0,1333.0,1326.0,1333.0,36,MaxBars,Skip,"StrategyRegimeNotTrend:score=20|SetupQualityTooLow:score=52,min=70",,both
OPF-20260725-095814,OPF_0.1,OPF_RESEARCH_2.14,MNQ_0.1,MNQ_1Contract_Target150_200,OPF_PROFILE_0.1,20260319-1640-BEAR-PB-001323-Z001318,2026-03-19 16:40:00,1323,Skip,"AggressiveExpansionV164SideDisabled:path=AlmostConfirmed,side=Short",ActualCandidate,Short,TrendPullback,AlmostConfirmed,70,73.0,True,24483.0,24485.5,24479.25,2.5,0.75,NearestStructure,0.3,396.5,8,,AggressiveExpansionV164SideDisabled,OPF_0.1,OPF_RESEARCH_2.14,MNQ_0.1,MNQ_1Contract_Target150_200,OPF_PROFILE_0.1,2026-03-19T16:40:00.0000000,1323,2026-03-19 19:40:00,1359,Short,TrendPullback,70,73.0,24483.0,24485.5,2.5,24484.25,24484.75,True,314827,413291,1.5,105.75,208.5,1323.0,1323.0,1323.0,1323.0,1323.0,1323.0,1323.0,1323.0,1324.0,1324.0,1324.0,1324.0,1324.0,36,MaxBars,Skip,"AggressiveExpansionV164SideDisabled:path=AlmostConfirmed,side=Short",,both
OPF-20260725-095814,OPF_0.1,OPF_RESEARCH_2.14,MNQ_0.1,MNQ_1Contract_Target150_200,OPF_PROFILE_0.1,20260319-1640-BEAR-PB-001323-Z001318-SCB,2026-03-19 17:00:00,1327,Skip,PathDisabled,ResearchOnly,Short,TrendPullback,StructureConfirmShadow,70,95.0,True,24422.25,24485.5,24327.375,63.25,3.5,NearestStructure,0.0553,396.5,8,,PathDisabled,OPF_0.1,OPF_RESEARCH_2.14,MNQ_0.1,MNQ_1Contract_Target150_200,OPF_PROFILE_0.1,2026-03-19T17:00:00.0000000,1327,2026-03-19 20:00:00,1363,Short,TrendPullback,70,95.0,24422.25,24485.5,63.25,24421.75,24422.25,True,322385,424905,1.5,45.0,269.25,1341.0,,,,,,,,,,,,,36,MaxBars,Skip,PathDisabled,,both
OPF-20260725-095814,OPF_0.1,OPF_RESEARCH_2.14,MNQ_0.1,MNQ_1Contract_Target150_200,OPF_PROFILE_0.1,20260319-1655-BEAR-OBS-001326-Z001326,2026-03-19 16:55:00,1326,Skip,"EstimatedRRTooLow:rr=0.2258,min=0.25,reward=1.75,model=AggressiveExpansionV164Eligibility:NearestStructure",ActualCandidate,Short,TrendPullback,ZoneBirthResearch,20,38.0,True,24455.25,24463.0,24435.875,7.75,1.75,AggressiveExpansionV164Eligibility:NearestStructure,0.2258,396.5,8,,EstimatedRRTooLow,OPF_0.1,OPF_RESEARCH_2.14,MNQ_0.1,MNQ_1Contract_Target150_200,OPF_PROFILE_0.1,2026-03-19T16:55:00.0000000,1326,2026-03-19 19:55:00,1362,Short,TrendPullback,20,38.0,24455.25,24463.0,7.75,24454.25,24454.5,True,320305,422531,2.5,78.0,236.25,1327.0,1326.0,1326.0,1326.0,1326.0,1326.0,1327.0,1327.0,1327.0,1327.0,1327.0,1327.0,1327.0,36,MaxBars,Skip,"EstimatedRRTooLow:rr=0.2258,min=0.25,reward=1.75,model=AggressiveExpansionV164Eligibility:NearestStructure",,both
OPF-20260725-095814,OPF_0.1,OPF_RESEARCH_2.14,MNQ_0.1,MNQ_1Contract_Target150_200,OPF_PROFILE_0.1,20260319-1655-BEAR-OBS-001326-Z001326-OC,2026-03-19 17:00:00,1327,Skip,"ObservationConfirmRiskCapExceeded:risk=40.75,max=18|RiskTooWideHard:risk=40.75,max=25|RiskTooWideVolAdjusted:risk=40.75,max=23.66,atr14=39.43",ActualCandidate,Short,TrendPullback,ObservationConfirm,20,60.0,True,24422.25,24463.0,24361.125,40.75,61.12,ObservationConfirmTargetR:1.5,1.4999,396.5,8,,ObservationConfirmRiskCapExceeded,OPF_0.1,OPF_RESEARCH_2.14,MNQ_0.1,MNQ_1Contract_Target150_200,OPF_PROFILE_0.1,2026-03-19T17:00:00.0000000,1327,2026-03-19 20:00:00,1363,Short,TrendPullback,20,60.0,24422.25,24463.0,40.75,24421.75,24422.25,True,322385,424905,1.5,45.0,269.25,1327.0,1328.0,1328.0,,,,,,1330.0,1330.0,,,,36,MaxBars,Skip,"ObservationConfirmRiskCapExceeded:risk=40.75,max=18|RiskTooWideHard:risk=40.75,max=25|RiskTooWideVolAdjusted:risk=40.75,max=23.66,atr14=39.43",,both
OPF-20260725-095814,OPF_0.1,OPF_RESEARCH_2.14,MNQ_0.1,MNQ_1Contract_Target150_200,OPF_PROFILE_0.1,20260319-1655-BEAR-OBS-001326-Z001326-OC,2026-03-19 17:00:00,1327,Skip,"ObservationConfirmWideStopVolumeV131RiskCapExceeded:risk=61.12,max=22,side=Short|RiskTooWideHard:risk=61.12,max=25|EstimatedRRTooLow:rr=0.0573,min=0.8,reward=3.5,model=NearestStructure",ActualCandidate,Short,TrendPullback,ObservationConfirm_WideStop1_5R,20,60.0,True,24422.25,24483.37,24330.57,61.12,3.5,NearestStructure,0.0573,396.5,8,,ObservationConfirmWideStopVolumeV131RiskCapExceeded,OPF_0.1,OPF_RESEARCH_2.14,MNQ_0.1,MNQ_1Contract_Target150_200,OPF_PROFILE_0.1,2026-03-19T17:00:00.0000000,1327,2026-03-19 20:00:00,1363,Short,TrendPullback,20,60.0,24422.25,24483.37,61.12,24421.75,24422.25,True,322385,424905,1.5,45.0,269.25,1341.0,,,,,,,,,,,,,36,MaxBars,Skip,"ObservationConfirmWideStopVolumeV131RiskCapExceeded:risk=61.12,max=22,side=Short|RiskTooWideHard:risk=61.12,max=25|EstimatedRRTooLow:rr=0.0573,min=0.8,reward=3.5,model=NearestStructure",,both
OPF-20260725-095814,OPF_0.1,OPF_RESEARCH_2.14,MNQ_0.1,MNQ_1Contract_Target150_200,OPF_PROFILE_0.1,20260319-1700-BEAR-OBS-001327-Z001326,2026-03-19 17:00:00,1327,Skip,"SetupQualityTooLow:score=37,min=45",ActualCandidate,Short,TrendPullback,UnknownRegimeZoneTouch,20,37.0,False,24422.25,24463.0,24300.0,40.75,3.5,AggressiveExpansionV164Eligibility:NearestStructure,0.0859,396.5,8,,SetupQualityTooLow,OPF_0.1,OPF_RESEARCH_2.14,MNQ_0.1,MNQ_1Contract_Target150_200,OPF_PROFILE_0.1,2026-03-19T17:00:00.0000000,1327,2026-03-19 20:00:00,1363,Short,TrendPullback,20,37.0,24422.25,24463.0,40.75,24421.75,24422.25,True,322385,424905,3.0,45.0,269.25,1327.0,1328.0,1328.0,,,,,,1330.0,1330.0,,,,36,MaxBars,Skip,"SetupQualityTooLow:score=37,min=45",,both
OPF-20260725-095814,OPF_0.1,OPF_RESEARCH_2.14,MNQ_0.1,MNQ_1Contract_Target150_200,OPF_PROFILE_0.1,20260319-1700-BEAR-OBS-001327-Z001326-OC,2026-03-19 17:05:00,1328,Skip,"SetupQualityTooLow:score=52,min=56",ActualCandidate,Short,TrendPullback,ObservationConfirm,20,52.0,False,24385.75,24463.0,24269.875,77.25,115.88,ObservationConfirmTargetR:1.5,1.5001,396.5,8,,SetupQualityTooLow,OPF_0.1,OPF_RESEARCH_2.14,MNQ_0.1,MNQ_1Contract_Target150_200,OPF_PROFILE_0.1,2026-03-19T17:05:00.0000000,1328,2026-03-19 20:05:00,1364,Short,TrendPullback,20,52.0,24385.75,24463.0,77.25,24385.5,24386.0,True,325039,426833,1.5,8.5,305.75,1332.0,,,,,,,,,,,,,36,MaxBars,Skip,"SetupQualityTooLow:score=52,min=56",,both
OPF-20260725-095814,OPF_0.1,OPF_RESEARCH_2.14,MNQ_0.1,MNQ_1Contract_Target150_200,OPF_PROFILE_0.1,20260319-1700-BEAR-OBS-001327-Z001326-OC,2026-03-19 17:05:00,1328,Skip,"StrategyRegimeNotTrend:score=20|SetupQualityTooLow:score=52,min=70",ActualCandidate,Short,TrendPullback,ObservationConfirm_WideStop1_5R,20,52.0,False,24385.75,24501.63,24211.93,115.88,0.0,NearestStructure,0.0,396.5,8,,StrategyRegimeNotTrend,OPF_0.1,OPF_RESEARCH_2.14,MNQ_0.1,MNQ_1Contract_Target150_200,OPF_PROFILE_0.1,2026-03-19T17:05:00.0000000,1328,2026-03-19 20:05:00,1364,Short,TrendPullback,20,52.0,24385.75,24501.63,115.88,24385.5,24386.0,True,325039,426833,1.5,8.5,305.75,1341.0,,,,,,,,,,,,,36,MaxBars,Skip,"StrategyRegimeNotTrend:score=20|SetupQualityTooLow:score=52,min=70",,both
OPF-20260725-095814,OPF_0.1,OPF_RESEARCH_2.14,MNQ_0.1,MNQ_1Contract_Target150_200,OPF_PROFILE_0.1,20260319-1705-BEAR-OBS-001328-Z001328,2026-03-19 17:05:00,1328,Skip,"ZoneBirthShortV170RiskBandExcluded:risk=48,allowed=<=8|>12<=18|AggressiveExpansionV164RiskCapExceeded:risk=48,max=25|RiskTooWideHard:risk=48,max=25|EstimatedRRTooLow:rr=0,min=0.25,reward=0,model=AggressiveExpansionV164Eligibility:NearestStructure",ActualCandidate,Short,TrendPullback,ZoneBirthResearch,20,45.0,True,24385.75,24433.75,24265.75,48.0,0.0,AggressiveExpansionV164Eligibility:NearestStructure,0.0,396.5,8,,ZoneBirthShortV170RiskBandExcluded,OPF_0.1,OPF_RESEARCH_2.14,MNQ_0.1,MNQ_1Contract_Target150_200,OPF_PROFILE_0.1,2026-03-19T17:05:00.0000000,1328,2026-03-19 20:05:00,1364,Short,TrendPullback,20,45.0,24385.75,24433.75,48.0,24385.5,24386.0,True,325039,426833,2.5,8.5,305.75,1331.0,,,,,,,,,,,,,36,MaxBars,Skip,"ZoneBirthShortV170RiskBandExcluded:risk=48,allowed=<=8|>12<=18|AggressiveExpansionV164RiskCapExceeded:risk=48,max=25|RiskTooWideHard:risk=48,max=25|EstimatedRRTooLow:rr=0,min=0.25,reward=0,model=AggressiveExpansionV164Eligibility:NearestStructure",,both
OPF-20260725-095814,OPF_0.1,OPF_RESEARCH_2.14,MNQ_0.1,MNQ_1Contract_Target150_200,OPF_PROFILE_0.1,20260319-1705-BEAR-OBS-001328-Z001328-OC,2026-03-19 17:10:00,1329,Skip,"SetupQualityTooLow:score=53,min=56",ActualCandidate,Short,TrendPullback,ObservationConfirm,20,53.0,False,24388.25,24433.75,24320.0,45.5,68.25,ObservationConfirmTargetR:1.5,1.5,396.5,8,,SetupQualityTooLow,OPF_0.1,OPF_RESEARCH_2.14,MNQ_0.1,MNQ_1Contract_Target150_200,OPF_PROFILE_0.1,2026-03-19T17:10:00.0000000,1329,2026-03-19 20:10:00,1365,Short,TrendPullback,20,53.0,24388.25,24433.75,45.5,24388.25,24388.75,True,326950,427570,1.5,11.0,303.25,1331.0,,,,,,,,,,,,,36,MaxBars,Skip,"SetupQualityTooLow:score=53,min=56",,both
OPF-20260725-095814,OPF_0.1,OPF_RESEARCH_2.14,MNQ_0.1,MNQ_1Contract_Target150_200,OPF_PROFILE_0.1,20260319-1705-BEAR-OBS-001328-Z001328-OC,2026-03-19 17:10:00,1329,Skip,"StrategyRegimeNotTrend:score=20|SetupQualityTooLow:score=53,min=70",ActualCandidate,Short,TrendPullback,ObservationConfirm_WideStop1_5R,20,53.0,False,24388.25,24456.5,24285.875,68.25,7.5,NearestStructure,0.1099,396.5,8,,StrategyRegimeNotTrend,OPF_0.1,OPF_RESEARCH_2.14,MNQ_0.1,MNQ_1Contract_Target150_200,OPF_PROFILE_0.1,2026-03-19T17:10:00.0000000,1329,2026-03-19 20:10:00,1365,Short,TrendPullback,20,53.0,24388.25,24456.5,68.25,24388.25,24388.75,True,326950,427570,1.5,11.0,303.25,1331.0,,,,,,,,,,,,,36,MaxBars,Skip,"StrategyRegimeNotTrend:score=20|SetupQualityTooLow:score=53,min=70",,both
OPF-20260725-095814,OPF_0.1,OPF_RESEARCH_2.14,MNQ_0.1,MNQ_1Contract_Target150_200,OPF_PROFILE_0.1,20260319-1705-BEAR-OBS-001328-Z001328-OC-STR,2026-03-19 17:10:00,1329,Skip,"AggressiveExpansionV164SideDisabled:path=ObservationStrict_Other,side=Short",ActualCandidate,Short,TrendPullback,ObservationStrict_Other,20,53.0,True,24388.25,24433.75,24320.0,45.5,7.5,NearestStructure,0.1648,396.5,8,,AggressiveExpansionV164SideDisabled,OPF_0.1,OPF_RESEARCH_2.14,MNQ_0.1,MNQ_1Contract_Target150_200,OPF_PROFILE_0.1,2026-03-19T17:10:00.0000000,1329,2026-03-19 20:10:00,1365,Short,TrendPullback,20,53.0,24388.25,24433.75,45.5,24388.25,24388.75,True,326950,427570,1.5,11.0,303.25,1331.0,,,,,,,,,,,,,36,MaxBars,Skip,"AggressiveExpansionV164SideDisabled:path=ObservationStrict_Other,side=Short",,both
OPF-20260725-095814,OPF_0.1,OPF_RESEARCH_2.14,MNQ_0.1,MNQ_1Contract_Target150_200,OPF_PROFILE_0.1,20260319-1705-BEAR-OBS-001328-Z001328-OC-STR,2026-03-19 17:10:00,1329,Skip,"StrategyRegimeNotTrend:score=20|SetupQualityTooLow:score=53,min=70",ActualCandidate,Short,TrendPullback,ObservationStrict_Other_WideStop1_5R,20,53.0,False,24388.25,24456.5,24285.875,68.25,7.5,NearestStructure,0.1099,396.5,8,,StrategyRegimeNotTrend,OPF_0.1,OPF_RESEARCH_2.14,MNQ_0.1,MNQ_1Contract_Target150_200,OPF_PROFILE_0.1,2026-03-19T17:10:00.0000000,1329,2026-03-19 20:10:00,1365,Short,TrendPullback,20,53.0,24388.25,24456.5,68.25,24388.25,24388.75,True,326950,427570,1.5,11.0,303.25,1331.0,,,,,,,,,,,,,36,MaxBars,Skip,"StrategyRegimeNotTrend:score=20|SetupQualityTooLow:score=53,min=70",,both
OPF-20260725-095814,OPF_0.1,OPF_RESEARCH_2.14,MNQ_0.1,MNQ_1Contract_Target150_200,OPF_PROFILE_0.1,20260319-1715-BEAR-OBS-001330-Z001328,2026-03-19 17:15:00,1330,Skip,"SetupQualityTooLow:score=27,min=45",ActualCandidate,Short,TrendPullback,UnknownRegimeZoneTouch,20,27.0,False,24430.5,24433.75,24420.75,3.25,7.0,AggressiveExpansionV164Eligibility:NearestStructure,2.1538,396.5,8,,SetupQualityTooLow,OPF_0.1,OPF_RESEARCH_2.14,MNQ_0.1,MNQ_1Contract_Target150_200,OPF_PROFILE_0.1,2026-03-19T17:15:00.0000000,1330,2026-03-19 20:15:00,1366,Short,TrendPullback,20,27.0,24430.5,24433.75,3.25,24430.75,24431.0,True,328168,427572,3.0,52.25,261.0,1331.0,1330.0,1330.0,1330.0,1330.0,1330.0,1330.0,1330.0,1331.0,1331.0,1331.0,1331.0,1331.0,36,MaxBars,Skip,"SetupQualityTooLow:score=27,min=45",,both
OPF-20260725-095814,OPF_0.1,OPF_RESEARCH_2.14,MNQ_0.1,MNQ_1Contract_Target150_200,OPF_PROFILE_0.1,20260319-1715-BEAR-OBS-001330-Z001328-FR,2026-03-19 17:20:00,1331,Skip,"AggressiveExpansionWait1ScheduledV165:EntryBarStopTouched:low=24417.25,stop=24428.25",ActualCandidate,Long,FailureReverse,FailureReverse_ObservationInvalidated,20,42.0,True,24444.75,24428.25,24486.0,16.5,13.75,AggressiveExpansionV164Eligibility:NearestStructure,0.8333,396.5,8,,AggressiveExpansionWait1ScheduledV165,OPF_0.1,OPF_RESEARCH_2.14,MNQ_0.1,MNQ_1Contract_Target150_200,OPF_PROFILE_0.1,2026-03-19T17:20:00.0000000,1331,2026-03-19 20:20:00,1367,Long,FailureReverse,20,42.0,24444.75,24428.25,16.5,24445.0,24445.5,True,331191,428247,2.5,246.75,33.75,1331.0,1331.0,1332.0,1333.0,1337.0,1341.0,1341.0,1341.0,1332.0,1333.0,1334.0,1334.0,1346.0,36,MaxBars,Skip,"AggressiveExpansionWait1ScheduledV165:EntryBarStopTouched:low=24417.25,stop=24428.25",,both
OPF-20260725-095814,OPF_0.1,OPF_RESEARCH_2.14,MNQ_0.1,MNQ_1Contract_Target150_200,OPF_PROFILE_0.1,20260319-1715-BEAR-OBS-001330-Z001328-FR,2026-03-19 17:20:00,1331,Skip,"SetupQualityTooLow:score=42,min=45",ActualCandidate,Long,FailureReverse,FailureReverse_ObservationInvalidated_WideStop1_5R,20,42.0,False,24444.75,24420.0,24519.0,24.75,13.75,AggressiveExpansionV164Eligibility:NearestStructure,0.5556,396.5,8,,SetupQualityTooLow,OPF_0.1,OPF_RESEARCH_2.14,MNQ_0.1,MNQ_1Contract_Target150_200,OPF_PROFILE_0.1,2026-03-19T17:20:00.0000000,1331,2026-03-19 20:20:00,1367,Long,FailureReverse,20,42.0,24444.75,24420.0,24.75,24445.0,24445.5,True,331191,428247,3.0,246.75,33.75,1331.0,1332.0,1333.0,1341.0,1341.0,1341.0,1341.0,1351.0,1333.0,1334.0,1346.0,1344.0,1346.0,36,MaxBars,Skip,"SetupQualityTooLow:score=42,min=45",,both
OPF-20260725-095814,OPF_0.1,OPF_RESEARCH_2.14,MNQ_0.1,MNQ_1Contract_Target150_200,OPF_PROFILE_0.1,20260319-1715-BEAR-OBS-001330-Z001328-FR-RT,2026-03-19 17:50:00,1337,Skip,"SetupQualityTooLow:score=52,min=56",ActualCandidate,Long,FailureReverse,FailureReverse_RetestFailed,20,52.0,False,24475.25,24428.25,24545.75,47.0,56.4,FailureRetestMin1_2R,1.2,396.5,8,,SetupQualityTooLow,OPF_0.1,OPF_RESEARCH_2.14,MNQ_0.1,MNQ_1Contract_Target150_200,OPF_PROFILE_0.1,2026-03-19T17:50:00.0000000,1337,2026-03-19 20:50:00,1373,Long,FailureReverse,20,52.0,24475.25,24428.25,47.0,24475.25,24475.75,True,340541,429481,1.5,216.25,58.0,1337.0,1341.0,1350.0,1351.0,1351.0,1351.0,1352.0,1352.0,1344.0,,,,,36,MaxBars,Skip,"SetupQualityTooLow:score=52,min=56",,both
OPF-20260725-095814,OPF_0.1,OPF_RESEARCH_2.14,MNQ_0.1,MNQ_1Contract_Target150_200,OPF_PROFILE_0.1,20260319-1715-BEAR-OBS-001330-Z001328-FR-RT,2026-03-19 17:50:00,1337,Skip,"SetupQualityTooLow:score=52,min=56",ActualCandidate,Long,FailureReverse,FailureReverse_RetestFailed_WideStop1_5R,20,52.0,False,24475.25,24404.75,24581.0,70.5,1.25,NearestStructure,0.0177,396.5,8,,SetupQualityTooLow,OPF_0.1,OPF_RESEARCH_2.14,MNQ_0.1,MNQ_1Contract_Target150_200,OPF_PROFILE_0.1,2026-03-19T17:50:00.0000000,1337,2026-03-19 20:50:00,1373,Long,FailureReverse,20,52.0,24475.25,24404.75,70.5,24475.25,24475.75,True,340541,429481,1.5,216.25,58.0,,1351.0,1351.0,1351.0,1352.0,1352.0,1352.0,,,,,1358.0,,36,MaxBars,Skip,"SetupQualityTooLow:score=52,min=56",,both
OPF-20260725-095814,OPF_0.1,OPF_RESEARCH_2.14,MNQ_0.1,MNQ_1Contract_Target150_200,OPF_PROFILE_0.1,20260319-1725-BULL-OBS-001332-Z001332,2026-03-19 17:25:00,1332,Skip,"StrategyRegimeNotTrend:score=0|SetupQualityTooLow:score=41,min=45",ActualCandidate,Long,TrendPullback,ZoneBirthResearch,0,41.0,False,24449.75,24431.5,24477.125,18.25,8.75,NearestStructure,0.4795,396.5,8,,StrategyRegimeNotTrend,OPF_0.1,OPF_RESEARCH_2.14,MNQ_0.1,MNQ_1Contract_Target150_200,OPF_PROFILE_0.1,2026-03-19T17:25:00.0000000,1332,2026-03-19 20:25:00,1368,Long,TrendPullback,0,41.0,24449.75,24431.5,18.25,24450.0,24450.25,True,332213,428427,1.5,241.75,38.75,1334.0,1332.0,1333.0,1337.0,1341.0,1341.0,1341.0,1350.0,1333.0,1334.0,1339.0,1338.0,1346.0,36,MaxBars,Skip,"StrategyRegimeNotTrend:score=0|SetupQualityTooLow:score=41,min=45",,both
OPF-20260725-095814,OPF_0.1,OPF_RESEARCH_2.14,MNQ_0.1,MNQ_1Contract_Target150_200,OPF_PROFILE_0.1,20260319-1725-BULL-OBS-001332-Z001332-OC,2026-03-19 17:30:00,1333,Skip,"SetupQualityTooLow:score=53,min=56",ActualCandidate,Long,TrendPullback,ObservationConfirm,0,53.0,False,24440.0,24431.5,24474.0,8.5,34.0,ActualTargetOverride:4,4.0,396.5,8,,SetupQualityTooLow,OPF_0.1,OPF_RESEARCH_2.14,MNQ_0.1,MNQ_1Contract_Target150_200,OPF_PROFILE_0.1,2026-03-19T17:30:00.0000000,1333,2026-03-19 20:30:00,1369,Long,TrendPullback,0,53.0,24440.0,24431.5,8.5,24439.25,24439.75,True,335353,428800,4.0,251.5,29.0,1334.0,1333.0,1333.0,1333.0,1333.0,1333.0,1333.0,1337.0,1334.0,1334.0,1334.0,1334.0,1334.0,36,MaxBars,Skip,"SetupQualityTooLow:score=53,min=56",,both
OPF-20260725-095814,OPF_0.1,OPF_RESEARCH_2.14,MNQ_0.1,MNQ_1Contract_Target150_200,OPF_PROFILE_0.1,20260319-1725-BULL-OBS-001332-Z001332-OC,2026-03-19 17:30:00,1333,Skip,"StrategyRegimeNotTrend:score=0|SetupQualityTooLow:score=53,min=70",ActualCandidate,Long,TrendPullback,ObservationConfirm_WideStop1_5R,0,53.0,False,24440.0,24427.25,24478.25,12.75,38.25,ActualTargetOverride:3,3.0,396.5,8,,StrategyRegimeNotTrend,OPF_0.1,OPF_RESEARCH_2.14,MNQ_0.1,MNQ_1Contract_Target150_200,OPF_PROFILE_0.1,2026-03-19T17:30:00.0000000,1333,2026-03-19 20:30:00,1369,Long,TrendPullback,0,53.0,24440.0,24427.25,12.75,24439.25,24439.75,True,335353,428800,3.0,251.5,29.0,1334.0,1333.0,1333.0,1333.0,1333.0,1337.0,1337.0,1341.0,1334.0,1334.0,1334.0,1334.0,1339.0,36,MaxBars,Skip,"StrategyRegimeNotTrend:score=0|SetupQualityTooLow:score=53,min=70",,both
OPF-20260725-095814,OPF_0.1,OPF_RESEARCH_2.14,MNQ_0.1,MNQ_1Contract_Target150_200,OPF_PROFILE_0.1,20260319-1730-BULL-OBS-001333-Z001332,2026-03-19 17:30:00,1333,Skip,"StrategyRegimeNotTrend:score=0|SetupQualityTooLow:score=34,min=70",ActualCandidate,Long,TrendPullback,UnknownRegimeZoneTouch,0,34.0,False,24440.0,24431.5,24452.75,8.5,3.5,NearestStructure,0.4118,396.5,8,,StrategyRegimeNotTrend,OPF_0.1,OPF_RESEARCH_2.14,MNQ_0.1,MNQ_1Contract_Target150_200,OPF_PROFILE_0.1,2026-03-19T17:30:00.0000000,1333,2026-03-19 20:30:00,1369,Long,TrendPullback,0,34.0,24440.0,24431.5,8.5,24439.25,24439.75,True,335353,428800,1.5,251.5,29.0,1334.0,1333.0,1333.0,1333.0,1333.0,1333.0,1333.0,1337.0,1334.0,1334.0,1334.0,1334.0,1334.0,36,MaxBars,Skip,"StrategyRegimeNotTrend:score=0|SetupQualityTooLow:score=34,min=70",,both
OPF-20260725-095814,OPF_0.1,OPF_RESEARCH_2.14,MNQ_0.1,MNQ_1Contract_Target150_200,OPF_PROFILE_0.1,20260319-1730-BULL-OBS-001333-Z001332-FR,2026-03-19 17:35:00,1334,Skip,ActualPathDisabledV209:side=Short|path=FailureReverse_ObservationInvalidated,ActualCandidate,Short,FailureReverse,FailureReverse_ObservationInvalidated,0,46.0,True,24421.0,24436.5,24382.25,15.5,2.25,AggressiveExpansionV164Eligibility:NearestStructure,0.1452,396.5,8,,ActualPathDisabledV209,OPF_0.1,OPF_RESEARCH_2.14,MNQ_0.1,MNQ_1Contract_Target150_200,OPF_PROFILE_0.1,2026-03-19T17:35:00.0000000,1334,2026-03-19 20:35:00,1370,Short,FailureReverse,0,46.0,24421.0,24436.5,15.5,24421.25,24421.5,True,335798,428904,2.5,10.0,270.5,1334.0,,,,,,,,,,,,,36,MaxBars,Skip,ActualPathDisabledV209:side=Short|path=FailureReverse_ObservationInvalidated,,both
OPF-20260725-095814,OPF_0.1,OPF_RESEARCH_2.14,MNQ_0.1,MNQ_1Contract_Target150_200,OPF_PROFILE_0.1,20260319-1730-BULL-OBS-001333-Z001332-FR,2026-03-19 17:35:00,1334,Skip,"EstimatedRRTooLow:rr=0.0968,min=0.25,reward=2.25,model=AggressiveExpansionV164Eligibility:NearestStructure",ActualCandidate,Short,FailureReverse,FailureReverse_ObservationInvalidated_WideStop1_5R,0,46.0,True,24421.0,24444.25,24328.0,23.25,2.25,AggressiveExpansionV164Eligibility:NearestStructure,0.0968,396.5,8,,EstimatedRRTooLow,OPF_0.1,OPF_RESEARCH_2.14,MNQ_0.1,MNQ_1Contract_Target150_200,OPF_PROFILE_0.1,2026-03-19T17:35:00.0000000,1334,2026-03-19 20:35:00,1370,Short,FailureReverse,0,46.0,24421.0,24444.25,23.25,24421.25,24421.5,True,335798,428904,4.0,10.0,270.5,1334.0,,,,,,,,,,,,,36,MaxBars,Skip,"EstimatedRRTooLow:rr=0.0968,min=0.25,reward=2.25,model=AggressiveExpansionV164Eligibility:NearestStructure",,both
OPF-20260725-095814,OPF_0.1,OPF_RESEARCH_2.14,MNQ_0.1,MNQ_1Contract_Target150_200,OPF_PROFILE_0.1,20260319-1730-BULL-OBS-001333-Z001332-FR-RT,2026-03-19 17:45:00,1336,Skip,"SetupQualityTooLow:score=49,min=56",ActualCandidate,Short,FailureReverse,FailureReverse_RetestFailed,0,49.0,False,24431.25,24436.5,24423.375,5.25,7.75,FailureRetestNearestStructure,1.4762,396.5,8,,SetupQualityTooLow,OPF_0.1,OPF_RESEARCH_2.14,MNQ_0.1,MNQ_1Contract_Target150_200,OPF_PROFILE_0.1,2026-03-19T17:45:00.0000000,1336,2026-03-19 20:45:00,1372,Short,FailureReverse,0,49.0,24431.25,24436.5,5.25,24430.75,24431.0,True,339141,429262,1.5,15.0,260.25,1336.0,1336.0,1336.0,1336.0,1336.0,1336.0,,,1337.0,1337.0,1337.0,1337.0,1337.0,36,MaxBars,Skip,"SetupQualityTooLow:score=49,min=56",,both
OPF-20260725-095814,OPF_0.1,OPF_RESEARCH_2.14,MNQ_0.1,MNQ_1Contract_Target150_200,OPF_PROFILE_0.1,20260319-1730-BULL-OBS-001333-Z001332-FR-RT,2026-03-19 17:45:00,1336,Skip,ActualPathDisabledV209:side=Short|path=FailureReverse_RetestFailed_WideStop1_5R,ActualCandidate,Short,FailureReverse,FailureReverse_RetestFailed_WideStop1_5R,0,49.0,True,24431.25,24439.13,24407.61,7.88,7.75,AggressiveExpansionV164Eligibility:NearestStructure,0.9835,396.5,8,,ActualPathDisabledV209,OPF_0.1,OPF_RESEARCH_2.14,MNQ_0.1,MNQ_1Contract_Target150_200,OPF_PROFILE_0.1,2026-03-19T17:45:00.0000000,1336,2026-03-19 20:45:00,1372,Short,FailureReverse,0,49.0,24431.25,24439.13,7.88,24430.75,24431.0,True,339141,429262,3.0,15.0,260.25,1336.0,1336.0,1336.0,1336.0,,,,,1337.0,1337.0,1337.0,1337.0,,36,MaxBars,Skip,ActualPathDisabledV209:side=Short|path=FailureReverse_RetestFailed_WideStop1_5R,,both
OPF-20260725-095814,OPF_0.1,OPF_RESEARCH_2.14,MNQ_0.1,MNQ_1Contract_Target150_200,OPF_PROFILE_0.1,20260319-1755-BULL-OBS-001338-Z001338,2026-03-19 17:55:00,1338,Skip,"StrategyRegimeNotTrend:score=10|SetupQualityTooLow:score=35,min=45",ActualCandidate,Long,TrendPullback,ZoneBirthResearch,10,35.0,False,24453.5,24441.75,24471.125,11.75,5.0,NearestStructure,0.4255,396.5,8,,StrategyRegimeNotTrend,OPF_0.1,OPF_RESEARCH_2.14,MNQ_0.1,MNQ_1Contract_Target150_200,OPF_PROFILE_0.1,2026-03-19T17:55:00.0000000,1338,2026-03-19 20:50:00,1373,Long,TrendPullback,10,35.0,24453.5,24441.75,11.75,24452.5,24452.75,True,342511,429481,1.5,238.0,36.25,1339.0,1338.0,1338.0,1338.0,1341.0,1341.0,1341.0,1341.0,1339.0,1339.0,1339.0,1339.0,1345.0,35,GlobexCloseout,Skip,"StrategyRegimeNotTrend:score=10|SetupQualityTooLow:score=35,min=45",,both
OPF-20260725-095814,OPF_0.1,OPF_RESEARCH_2.14,MNQ_0.1,MNQ_1Contract_Target150_200,OPF_PROFILE_0.1,20260319-1755-BULL-OBS-001338-Z001338-FR,2026-03-19 18:00:00,1339,Skip,ActualPathDisabledV209:side=Short|path=FailureReverse_ObservationInvalidated,ActualCandidate,Short,FailureReverse,FailureReverse_ObservationInvalidated,10,50.0,True,24431.25,24451.25,24381.25,20.0,3.0,AggressiveExpansionV164Eligibility:NearestStructure,0.15,396.5,8,,ActualPathDisabledV209,OPF_0.1,OPF_RESEARCH_2.14,MNQ_0.1,MNQ_1Contract_Target150_200,OPF_PROFILE_0.1,2026-03-19T18:00:00.0000000,1339,2026-03-19 20:50:00,1373,Short,FailureReverse,10,50.0,24431.25,24451.25,20.0,24431.0,24431.5,True,344911,429481,2.5,14.0,260.25,1339.0,,,,,,,,,,,,,34,GlobexCloseout,Skip,ActualPathDisabledV209:side=Short|path=FailureReverse_ObservationInvalidated,,both
OPF-20260725-095814,OPF_0.1,OPF_RESEARCH_2.14,MNQ_0.1,MNQ_1Contract_Target150_200,OPF_PROFILE_0.1,20260319-1755-BULL-OBS-001338-Z001338-FR,2026-03-19 18:00:00,1339,Skip,"AggressiveExpansionV164RiskCapExceeded:risk=30,max=25|RiskTooWideHard:risk=30,max=25|EstimatedRRTooLow:rr=0.1,min=0.25,reward=3,model=AggressiveExpansionV164Eligibility:NearestStructure",ActualCandidate,Short,FailureReverse,FailureReverse_ObservationInvalidated_WideStop1_5R,10,50.0,True,24431.25,24461.25,24311.25,30.0,3.0,AggressiveExpansionV164Eligibility:NearestStructure,0.1,396.5,8,,AggressiveExpansionV164RiskCapExceeded,OPF_0.1,OPF_RESEARCH_2.14,MNQ_0.1,MNQ_1Contract_Target150_200,OPF_PROFILE_0.1,2026-03-19T18:00:00.0000000,1339,2026-03-19 20:50:00,1373,Short,FailureReverse,10,50.0,24431.25,24461.25,30.0,24431.0,24431.5,True,344911,429481,4.0,14.0,260.25,1340.0,,,,,,,,,,,,,34,GlobexCloseout,Skip,"AggressiveExpansionV164RiskCapExceeded:risk=30,max=25|RiskTooWideHard:risk=30,max=25|EstimatedRRTooLow:rr=0.1,min=0.25,reward=3,model=AggressiveExpansionV164Eligibility:NearestStructure",,both
OPF-20260725-095814,OPF_0.1,OPF_RESEARCH_2.14,MNQ_0.1,MNQ_1Contract_Target150_200,OPF_PROFILE_0.1,20260319-1755-BULL-OBS-001338-Z001338-FR-RT,2026-03-19 18:25:00,1344,Skip,"FailureRetestRiskCapExceeded:risk=18,max=11",ActualCandidate,Short,FailureReverse,FailureReverse_RetestFailed,10,60.0,True,24469.25,24451.25,24442.25,18.0,21.6,FailureRetestMin1_2R,1.2,396.5,8,,FailureRetestRiskCapExceeded,OPF_0.1,OPF_RESEARCH_2.14,MNQ_0.1,MNQ_1Contract_Target150_200,OPF_PROFILE_0.1,2026-03-19T18:25:00.0000000,1344,2026-03-19 20:50:00,1373,Short,FailureReverse,10,60.0,24469.25,24451.25,18.0,24468.25,24468.75,True,354613,429481,1.5,52.0,222.25,1344.0,1345.0,1346.0,1346.0,1346.0,1347.0,,,1346.0,1350.0,1350.0,1350.0,1350.0,29,GlobexCloseout,Skip,"FailureRetestRiskCapExceeded:risk=18,max=11",,both
OPF-20260725-095814,OPF_0.1,OPF_RESEARCH_2.14,MNQ_0.1,MNQ_1Contract_Target150_200,OPF_PROFILE_0.1,20260319-1755-BULL-OBS-001338-Z001338-FR-RT,2026-03-19 18:25:00,1344,Skip,ActualPathDisabledV209:side=Short|path=FailureReverse_RetestFailed_WideStop1_5R,ActualCandidate,Short,FailureReverse,FailureReverse_RetestFailed_WideStop1_5R,10,60.0,True,24469.25,24496.25,24388.25,27.0,6.75,AggressiveExpansionV164Eligibility:NearestStructure,0.25,396.5,8,,ActualPathDisabledV209,OPF_0.1,OPF_RESEARCH_2.14,MNQ_0.1,MNQ_1Contract_Target150_200,OPF_PROFILE_0.1,2026-03-19T18:25:00.0000000,1344,2026-03-19 20:50:00,1373,Short,FailureReverse,10,60.0,24469.25,24496.25,27.0,24468.25,24468.75,True,354613,429481,3.0,52.0,222.25,1344.0,1346.0,1346.0,1347.0,,,,,1350.0,1350.0,1350.0,1349.0,,29,GlobexCloseout,Skip,ActualPathDisabledV209:side=Short|path=FailureReverse_RetestFailed_WideStop1_5R,,both
OPF-20260725-095814,OPF_0.1,OPF_RESEARCH_2.14,MNQ_0.1,MNQ_1Contract_Target150_200,OPF_PROFILE_0.1,20260319-1810-BULL-OBS-001341-Z001341,2026-03-19 18:10:00,1341,Skip,"AggressiveExpansionV164SideDisabled:path=ZoneBirthResearch,side=Long",ActualCandidate,Long,TrendPullback,ZoneBirthResearch,40,45.0,True,24508.75,24455.0,24589.375,53.75,0.0,NearestStructure,0.0,396.5,8,,AggressiveExpansionV164SideDisabled,OPF_0.1,OPF_RESEARCH_2.14,MNQ_0.1,MNQ_1Contract_Target150_200,OPF_PROFILE_0.1,2026-03-19T18:10:00.0000000,1341,2026-03-19 20:50:00,1373,Long,TrendPullback,40,45.0,24508.75,24455.0,53.75,24509.0,24509.5,True,349676,429481,1.5,182.75,91.5,1345.0,1351.0,1351.0,1351.0,1352.0,1352.0,1352.0,,,,,1358.0,,32,GlobexCloseout,Skip,"AggressiveExpansionV164SideDisabled:path=ZoneBirthResearch,side=Long",,both
OPF-20260725-095814,OPF_0.1,OPF_RESEARCH_2.14,MNQ_0.1,MNQ_1Contract_Target150_200,OPF_PROFILE_0.1,20260319-1810-BULL-OBS-001341-Z001341-OC,2026-03-19 18:15:00,1342,Skip,"LongObservationWideRiskCutV137:risk=50.75,max=12|ObservationConfirmRiskCapExceeded:risk=50.75,max=12|RiskTooWideHard:risk=50.75,max=25|RiskTooWideVolAdjusted:risk=50.75,max=21.95,atr14=36.59",ActualCandidate,Long,TrendPullback,ObservationConfirm,40,56.0,True,24505.75,24455.0,24708.75,50.75,203.0,ActualTargetOverride:4,4.0,396.5,8,,LongObservationWideRiskCutV137,OPF_0.1,OPF_RESEARCH_2.14,MNQ_0.1,MNQ_1Contract_Target150_200,OPF_PROFILE_0.1,2026-03-19T18:15:00.0000000,1342,2026-03-19 20:50:00,1373,Long,TrendPullback,40,56.0,24505.75,24455.0,50.75,24505.0,24505.5,True,351409,429481,4.0,185.75,88.5,1345.0,1351.0,1351.0,1351.0,1352.0,1352.0,1352.0,,,,,1358.0,,31,GlobexCloseout,Skip,"LongObservationWideRiskCutV137:risk=50.75,max=12|ObservationConfirmRiskCapExceeded:risk=50.75,max=12|RiskTooWideHard:risk=50.75,max=25|RiskTooWideVolAdjusted:risk=50.75,max=21.95,atr14=36.59",,both
OPF-20260725-095814,OPF_0.1,OPF_RESEARCH_2.14,MNQ_0.1,MNQ_1Contract_Target150_200,OPF_PROFILE_0.1,20260319-1810-BULL-OBS-001341-Z001341-OC,2026-03-19 18:15:00,1342,Skip,"DailyVolumeFloorOnlyBeforeDailyTarget:trades=8,target=7,score=56,min=48",ActualCandidate,Long,TrendPullback,ObservationConfirm_WideStop1_5R,40,56.0,True,24505.75,24429.63,24734.11,76.12,228.36,ActualTargetOverride:3,3.0,396.5,8,,DailyVolumeFloorOnlyBeforeDailyTarget,OPF_0.1,OPF_RESEARCH_2.14,MNQ_0.1,MNQ_1Contract_Target150_200,OPF_PROFILE_0.1,2026-03-19T18:15:00.0000000,1342,2026-03-19 20:50:00,1373,Long,TrendPullback,40,56.0,24505.75,24429.63,76.12,24505.0,24505.5,True,351409,429481,3.0,185.75,88.5,1347.0,1351.0,1351.0,1352.0,1352.0,,,,,,,1356.0,,31,GlobexCloseout,Skip,"DailyVolumeFloorOnlyBeforeDailyTarget:trades=8,target=7,score=56,min=48",,both
OPF-20260725-095814,OPF_0.1,OPF_RESEARCH_2.14,MNQ_0.1,MNQ_1Contract_Target150_200,OPF_PROFILE_0.1,20260319-1810-BULL-OBS-001341-Z001341-OC-STR,2026-03-19 18:15:00,1342,Skip,PathDisabled,ResearchOnly,Long,TrendPullback,ObservationStrict_BullFresh,40,56.0,True,24505.75,24455.0,24581.875,50.75,60.9,StrictBullFreshMin1_2R,1.2,396.5,8,,PathDisabled,OPF_0.1,OPF_RESEARCH_2.14,MNQ_0.1,MNQ_1Contract_Target150_200,OPF_PROFILE_0.1,2026-03-19T18:15:00.0000000,1342,2026-03-19 20:50:00,1373,Long,TrendPullback,40,56.0,24505.75,24455.0,50.75,24505.0,24505.5,True,351409,429481,1.5,185.75,88.5,1345.0,1351.0,1351.0,1351.0,1352.0,1352.0,1352.0,,,,,1358.0,,31,GlobexCloseout,Skip,PathDisabled,,both
OPF-20260725-095814,OPF_0.1,OPF_RESEARCH_2.14,MNQ_0.1,MNQ_1Contract_Target150_200,OPF_PROFILE_0.1,20260319-1810-BULL-OBS-001341-Z001341-OC-STR,2026-03-19 18:15:00,1342,Skip,ActualPathDisabledV209:side=Long|path=ObservationStrict_BullFresh_WideStop1_5R,ActualCandidate,Long,TrendPullback,ObservationStrict_BullFresh_WideStop1_5R,40,56.0,True,24505.75,24429.63,24734.11,76.12,15.25,AggressiveExpansionV164Eligibility:NearestStructure,0.2003,396.5,8,,ActualPathDisabledV209,OPF_0.1,OPF_RESEARCH_2.14,MNQ_0.1,MNQ_1Contract_Target150_200,OPF_PROFILE_0.1,2026-03-19T18:15:00.0000000,1342,2026-03-19 20:50:00,1373,Long,TrendPullback,40,56.0,24505.75,24429.63,76.12,24505.0,24505.5,True,351409,429481,3.0,185.75,88.5,1347.0,1351.0,1351.0,1352.0,1352.0,,,,,,,1356.0,,31,GlobexCloseout,Skip,ActualPathDisabledV209:side=Long|path=ObservationStrict_BullFresh_WideStop1_5R,,both
OPF-20260725-095814,OPF_0.1,OPF_RESEARCH_2.14,MNQ_0.1,MNQ_1Contract_Target150_200,OPF_PROFILE_0.1,20260319-1830-BULL-OBS-001345-Z001341,2026-03-19 18:30:00,1345,Skip,"StrategyRegimeNotTrend:score=40|SetupQualityTooLow:score=30,min=70",ActualCandidate,Long,TrendPullback,UnknownRegimeZoneTouch,40,30.0,False,24461.25,24455.0,24470.625,6.25,2.25,NearestStructure,0.36,396.5,8,,StrategyRegimeNotTrend,OPF_0.1,OPF_RESEARCH_2.14,MNQ_0.1,MNQ_1Contract_Target150_200,OPF_PROFILE_0.1,2026-03-19T18:30:00.0000000,1345,2026-03-19 20:50:00,1373,Long,TrendPullback,40,30.0,24461.25,24455.0,6.25,24460.5,24461.0,True,356348,429481,1.5,230.25,44.0,1345.0,1345.0,1345.0,1345.0,1350.0,1350.0,1350.0,1350.0,1346.0,1346.0,1346.0,1346.0,,28,GlobexCloseout,Skip,"StrategyRegimeNotTrend:score=40|SetupQualityTooLow:score=30,min=70",,both
OPF-20260725-095814,OPF_0.1,OPF_RESEARCH_2.14,MNQ_0.1,MNQ_1Contract_Target150_200,OPF_PROFILE_0.1,20260319-1830-BULL-OBS-001345-Z001341-FR,2026-03-19 18:35:00,1346,Skip,ActualPathDisabledV209:side=Short|path=FailureReverse_ObservationInvalidated,ActualCandidate,Short,FailureReverse,FailureReverse_ObservationInvalidated,40,42.0,True,24445.5,24458.0,24414.25,12.5,9.5,AggressiveExpansionV164Eligibility:NearestStructure,0.76,396.5,8,,ActualPathDisabledV209,OPF_0.1,OPF_RESEARCH_2.14,MNQ_0.1,MNQ_1Contract_Target150_200,OPF_PROFILE_0.1,2026-03-19T18:35:00.0000000,1346,2026-03-19 20:50:00,1373,Short,FailureReverse,40,42.0,24445.5,24458.0,12.5,24444.75,24445.0,True,358285,429481,2.5,28.25,246.0,1346.0,1346.0,1346.0,1347.0,1347.0,,,,1347.0,1347.0,1349.0,1348.0,,27,GlobexCloseout,Skip,ActualPathDisabledV209:side=Short|path=FailureReverse_ObservationInvalidated,,both
OPF-20260725-095814,OPF_0.1,OPF_RESEARCH_2.14,MNQ_0.1,MNQ_1Contract_Target150_200,OPF_PROFILE_0.1,20260319-1830-BULL-OBS-001345-Z001341-FR,2026-03-19 18:35:00,1346,Skip,"AggressiveExpansionWait1ScheduledV165:EntryBarStopTouched:high=24469.75,stop=24464.25",ActualCandidate,Short,FailureReverse,FailureReverse_ObservationInvalidated_WideStop1_5R,40,42.0,True,24445.5,24464.25,24370.5,18.75,9.5,AggressiveExpansionV164Eligibility:NearestStructure,0.5067,396.5,8,,AggressiveExpansionWait1ScheduledV165,OPF_0.1,OPF_RESEARCH_2.14,MNQ_0.1,MNQ_1Contract_Target150_200,OPF_PROFILE_0.1,2026-03-19T18:35:00.0000000,1346,2026-03-19 20:50:00,1373,Short,FailureReverse,40,42.0,24445.5,24464.25,18.75,24444.75,24445.0,True,358285,429481,4.0,28.25,246.0,1346.0,1347.0,1347.0,1349.0,,,,,1349.0,1349.0,1350.0,1350.0,,27,GlobexCloseout,Skip,"AggressiveExpansionWait1ScheduledV165:EntryBarStopTouched:high=24469.75,stop=24464.25",,both
OPF-20260725-095814,OPF_0.1,OPF_RESEARCH_2.14,MNQ_0.1,MNQ_1Contract_Target150_200,OPF_PROFILE_0.1,20260319-1840-BEAR-OBS-001347-Z001347,2026-03-19 18:40:00,1347,Skip,"ZoneBirthShortV170RiskBandExcluded:risk=25.25,allowed=<=8|>12<=18|AggressiveExpansionV164RiskCapExceeded:risk=25.25,max=25|RiskTooWideHard:risk=25.25,max=25|EstimatedRRTooLow:rr=0.1089,min=0.25,reward=2.75,model=AggressiveExpansionV164Eligibility:NearestStructure",ActualCandidate,Short,TrendPullback,ZoneBirthResearch,40,45.0,True,24427.5,24452.75,24364.375,25.25,2.75,AggressiveExpansionV164Eligibility:NearestStructure,0.1089,396.5,8,,ZoneBirthShortV170RiskBandExcluded,OPF_0.1,OPF_RESEARCH_2.14,MNQ_0.1,MNQ_1Contract_Target150_200,OPF_PROFILE_0.1,2026-03-19T18:40:00.0000000,1347,2026-03-19 20:50:00,1373,Short,TrendPullback,40,45.0,24427.5,24452.75,25.25,24427.75,24428.25,True,359802,429481,2.5,10.25,264.0,1350.0,,,,,,,,,,,,,26,GlobexCloseout,Skip,"ZoneBirthShortV170RiskBandExcluded:risk=25.25,allowed=<=8|>12<=18|AggressiveExpansionV164RiskCapExceeded:risk=25.25,max=25|RiskTooWideHard:risk=25.25,max=25|EstimatedRRTooLow:rr=0.1089,min=0.25,reward=2.75,model=AggressiveExpansionV164Eligibility:NearestStructure",,both
OPF-20260725-095814,OPF_0.1,OPF_RESEARCH_2.14,MNQ_0.1,MNQ_1Contract_Target150_200,OPF_PROFILE_0.1,20260319-1840-BEAR-OBS-001347-Z001347-OC,2026-03-19 18:45:00,1348,Skip,"SetupQualityTooLow:score=50,min=56",ActualCandidate,Short,TrendPullback,ObservationConfirm,40,50.0,False,24435.0,24452.75,24408.375,17.75,26.62,ObservationConfirmTargetR:1.5,1.4997,396.5,8,,SetupQualityTooLow,OPF_0.1,OPF_RESEARCH_2.14,MNQ_0.1,MNQ_1Contract_Target150_200,OPF_PROFILE_0.1,2026-03-19T18:45:00.0000000,1348,2026-03-19 20:50:00,1373,Short,TrendPullback,40,50.0,24435.0,24452.75,17.75,24434.5,24435.0,True,361656,429481,1.5,17.75,256.5,1350.0,1348.0,1349.0,,,,,,1349.0,1350.0,,,,25,GlobexCloseout,Skip,"SetupQualityTooLow:score=50,min=56",,both
OPF-20260725-095814,OPF_0.1,OPF_RESEARCH_2.14,MNQ_0.1,MNQ_1Contract_Target150_200,OPF_PROFILE_0.1,20260319-1840-BEAR-OBS-001347-Z001347-OC,2026-03-19 18:45:00,1348,Skip,"StrategyRegimeNotTrend:score=40|SetupQualityTooLow:score=50,min=70",ActualCandidate,Short,TrendPullback,ObservationConfirm_WideStop1_5R,40,50.0,False,24435.0,24461.62,24395.07,26.62,0.5,NearestStructure,0.0188,396.5,8,,StrategyRegimeNotTrend,OPF_0.1,OPF_RESEARCH_2.14,MNQ_0.1,MNQ_1Contract_Target150_200,OPF_PROFILE_0.1,2026-03-19T18:45:00.0000000,1348,2026-03-19 20:50:00,1373,Short,TrendPullback,40,50.0,24435.0,24461.62,26.62,24434.5,24435.0,True,361656,429481,1.5,17.75,256.5,1350.0,,,,,,,,,,,,,25,GlobexCloseout,Skip,"StrategyRegimeNotTrend:score=40|SetupQualityTooLow:score=50,min=70",,both
OPF-20260725-095814,OPF_0.1,OPF_RESEARCH_2.14,MNQ_0.1,MNQ_1Contract_Target150_200,OPF_PROFILE_0.1,20260319-1840-BEAR-OBS-001347-Z001347-OC-STR,2026-03-19 18:45:00,1348,Skip,"AggressiveExpansionV164SideDisabled:path=ObservationStrict_Other,side=Short",ActualCandidate,Short,TrendPullback,ObservationStrict_Other,40,50.0,True,24435.0,24452.75,24408.375,17.75,0.5,NearestStructure,0.0282,396.5,8,,AggressiveExpansionV164SideDisabled,OPF_0.1,OPF_RESEARCH_2.14,MNQ_0.1,MNQ_1Contract_Target150_200,OPF_PROFILE_0.1,2026-03-19T18:45:00.0000000,1348,2026-03-19 20:50:00,1373,Short,TrendPullback,40,50.0,24435.0,24452.75,17.75,24434.5,24435.0,True,361656,429481,1.5,17.75,256.5,1350.0,1348.0,1349.0,,,,,,1349.0,1350.0,,,,25,GlobexCloseout,Skip,"AggressiveExpansionV164SideDisabled:path=ObservationStrict_Other,side=Short",,both
OPF-20260725-095814,OPF_0.1,OPF_RESEARCH_2.14,MNQ_0.1,MNQ_1Contract_Target150_200,OPF_PROFILE_0.1,20260319-1840-BEAR-OBS-001347-Z001347-OC-STR,2026-03-19 18:45:00,1348,Skip,"StrategyRegimeNotTrend:score=40|SetupQualityTooLow:score=50,min=70",ActualCandidate,Short,TrendPullback,ObservationStrict_Other_WideStop1_5R,40,50.0,False,24435.0,24461.62,24395.07,26.62,0.5,NearestStructure,0.0188,396.5,8,,StrategyRegimeNotTrend,OPF_0.1,OPF_RESEARCH_2.14,MNQ_0.1,MNQ_1Contract_Target150_200,OPF_PROFILE_0.1,2026-03-19T18:45:00.0000000,1348,2026-03-19 20:50:00,1373,Short,TrendPullback,40,50.0,24435.0,24461.62,26.62,24434.5,24435.0,True,361656,429481,1.5,17.75,256.5,1350.0,,,,,,,,,,,,,25,GlobexCloseout,Skip,"StrategyRegimeNotTrend:score=40|SetupQualityTooLow:score=50,min=70",,both
OPF-20260725-095814,OPF_0.1,OPF_RESEARCH_2.14,MNQ_0.1,MNQ_1Contract_Target150_200,OPF_PROFILE_0.1,20260319-1905-BEAR-OBS-001352-Z001176,2026-03-19 19:05:00,1352,Skip,"SetupQualityTooLow:score=30,min=45",ActualCandidate,Short,TrendPullback,UnknownRegimeZoneTouch,20,30.0,False,24643.75,24671.75,24559.75,28.0,137.75,AggressiveExpansionV164Eligibility:NearestStructure,4.9196,396.5,8,,SetupQualityTooLow,OPF_0.1,OPF_RESEARCH_2.14,MNQ_0.1,MNQ_1Contract_Target150_200,OPF_PROFILE_0.1,2026-03-19T19:05:00.0000000,1352,2026-03-19 20:50:00,1373,Short,TrendPullback,20,30.0,24643.75,24671.75,28.0,24644.0,24644.75,True,383627,429481,3.0,99.25,47.75,1352.0,1352.0,1352.0,1352.0,1352.0,1358.0,1358.0,,1353.0,1353.0,1353.0,1353.0,,21,GlobexCloseout,Skip,"SetupQualityTooLow:score=30,min=45",,both
OPF-20260725-095814,OPF_0.1,OPF_RESEARCH_2.14,MNQ_0.1,MNQ_1Contract_Target150_200,OPF_PROFILE_0.1,20260319-1905-BEAR-OBS-001352-Z001176-OC,2026-03-19 19:10:00,1353,Skip,"SetupQualityTooLow:score=45,min=56",ActualCandidate,Short,TrendPullback,ObservationConfirm,20,45.0,False,24657.75,24671.75,24636.75,14.0,21.0,ObservationConfirmTargetR:1.5,1.5,396.5,8,,SetupQualityTooLow,OPF_0.1,OPF_RESEARCH_2.14,MNQ_0.1,MNQ_1Contract_Target150_200,OPF_PROFILE_0.1,2026-03-19T19:10:00.0000000,1353,2026-03-19 20:50:00,1373,Short,TrendPullback,20,45.0,24657.75,24671.75,14.0,24658.25,24658.75,True,390763,429481,1.5,113.25,33.75,1353.0,1353.0,1353.0,1353.0,1353.0,1353.0,1353.0,1356.0,1354.0,1354.0,1354.0,1354.0,1354.0,20,GlobexCloseout,Skip,"SetupQualityTooLow:score=45,min=56",,both
OPF-20260725-095814,OPF_0.1,OPF_RESEARCH_2.14,MNQ_0.1,MNQ_1Contract_Target150_200,OPF_PROFILE_0.1,20260319-1905-BEAR-OBS-001352-Z001176-OC,2026-03-19 19:10:00,1353,Skip,"StrategyRegimeNotTrend:score=20|SetupQualityTooLow:score=45,min=70",ActualCandidate,Short,TrendPullback,ObservationConfirm_WideStop1_5R,20,45.0,False,24657.75,24678.75,24626.25,21.0,74.0,NearestStructure,3.5238,396.5,8,,StrategyRegimeNotTrend,OPF_0.1,OPF_RESEARCH_2.14,MNQ_0.1,MNQ_1Contract_Target150_200,OPF_PROFILE_0.1,2026-03-19T19:10:00.0000000,1353,2026-03-19 20:50:00,1373,Short,TrendPullback,20,45.0,24657.75,24678.75,21.0,24658.25,24658.75,True,390763,429481,1.5,113.25,33.75,1353.0,1353.0,1353.0,1353.0,1353.0,1356.0,1356.0,1358.0,1354.0,1354.0,1354.0,1354.0,,20,GlobexCloseout,Skip,"StrategyRegimeNotTrend:score=20|SetupQualityTooLow:score=45,min=70",,both
OPF-20260725-095814,OPF_0.1,OPF_RESEARCH_2.14,MNQ_0.1,MNQ_1Contract_Target150_200,OPF_PROFILE_0.1,20260319-1905-BEAR-OBS-001352-Z001177,2026-03-19 19:05:00,1352,Skip,"SetupQualityTooLow:score=30,min=45",ActualCandidate,Short,TrendPullback,UnknownRegimeZoneTouch,20,30.0,False,24643.75,24663.5,24584.5,19.75,137.75,AggressiveExpansionV164Eligibility:NearestStructure,6.9747,396.5,8,,SetupQualityTooLow,OPF_0.1,OPF_RESEARCH_2.14,MNQ_0.1,MNQ_1Contract_Target150_200,OPF_PROFILE_0.1,2026-03-19T19:05:00.0000000,1352,2026-03-19 20:50:00,1373,Short,TrendPullback,20,30.0,24643.75,24663.5,19.75,24644.0,24644.75,True,383627,429481,3.0,99.25,47.75,1352.0,1352.0,1352.0,1352.0,1352.0,1352.0,1352.0,1358.0,1353.0,1353.0,1353.0,1353.0,1353.0,21,GlobexCloseout,Skip,"SetupQualityTooLow:score=30,min=45",,both
OPF-20260725-095814,OPF_0.1,OPF_RESEARCH_2.14,MNQ_0.1,MNQ_1Contract_Target150_200,OPF_PROFILE_0.1,20260319-1905-BEAR-OBS-001352-Z001177-OC,2026-03-19 19:10:00,1353,Skip,"SetupQualityTooLow:score=45,min=56",ActualCandidate,Short,TrendPullback,ObservationConfirm,20,45.0,False,24657.75,24663.5,24649.125,5.75,8.62,ObservationConfirmTargetR:1.5,1.4991,396.5,8,,SetupQualityTooLow,OPF_0.1,OPF_RESEARCH_2.14,MNQ_0.1,MNQ_1Contract_Target150_200,OPF_PROFILE_0.1,2026-03-19T19:10:00.0000000,1353,2026-03-19 20:50:00,1373,Short,TrendPullback,20,45.0,24657.75,24663.5,5.75,24658.25,24658.75,True,390763,429481,1.5,113.25,33.75,1353.0,1353.0,1353.0,1353.0,1353.0,1353.0,1353.0,1353.0,1354.0,1354.0,1354.0,1354.0,1354.0,20,GlobexCloseout,Skip,"SetupQualityTooLow:score=45,min=56",,both
OPF-20260725-095814,OPF_0.1,OPF_RESEARCH_2.14,MNQ_0.1,MNQ_1Contract_Target150_200,OPF_PROFILE_0.1,20260319-1905-BEAR-OBS-001352-Z001177-OC,2026-03-19 19:10:00,1353,Skip,"StrategyRegimeNotTrend:score=20|SetupQualityTooLow:score=45,min=70",ActualCandidate,Short,TrendPullback,ObservationConfirm_WideStop1_5R,20,45.0,False,24657.75,24666.37,24644.82,8.62,74.0,NearestStructure,8.5847,396.5,8,,StrategyRegimeNotTrend,OPF_0.1,OPF_RESEARCH_2.14,MNQ_0.1,MNQ_1Contract_Target150_200,OPF_PROFILE_0.1,2026-03-19T19:10:00.0000000,1353,2026-03-19 20:50:00,1373,Short,TrendPullback,20,45.0,24657.75,24666.37,8.62,24658.25,24658.75,True,390763,429481,1.5,113.25,33.75,1353.0,1353.0,1353.0,1353.0,1353.0,1353.0,1353.0,1353.0,1354.0,1354.0,1354.0,1354.0,1354.0,20,GlobexCloseout,Skip,"StrategyRegimeNotTrend:score=20|SetupQualityTooLow:score=45,min=70",,both
OPF-20260725-095814,OPF_0.1,OPF_RESEARCH_2.14,MNQ_0.1,MNQ_1Contract_Target150_200,OPF_PROFILE_0.1,20260319-2020-BULL-OBS-001367-Z001367,2026-03-19 20:20:00,1367,Skip,"AggressiveExpansionV164SideDisabled:path=ZoneBirthResearch,side=Long",ActualCandidate,Long,TrendPullback,ZoneBirthResearch,50,61.0,True,24626.5,24612.5,24647.5,14.0,38.75,NearestStructure,2.7679,396.5,8,,AggressiveExpansionV164SideDisabled,OPF_0.1,OPF_RESEARCH_2.14,MNQ_0.1,MNQ_1Contract_Target150_200,OPF_PROFILE_0.1,2026-03-19T20:20:00.0000000,1367,2026-03-19 20:50:00,1373,Long,TrendPullback,50,61.0,24626.5,24612.5,14.0,24626.25,24626.75,True,428247,429481,1.5,6.5,15.5,1369.0,,,,,,,,,,,,,6,GlobexCloseout,Skip,"AggressiveExpansionV164SideDisabled:path=ZoneBirthResearch,side=Long",,both
OPF-20260725-095814,OPF_0.1,OPF_RESEARCH_2.14,MNQ_0.1,MNQ_1Contract_Target150_200,OPF_PROFILE_0.1,20260319-2020-BULL-OBS-001367-Z001367-OC,2026-03-19 20:25:00,1368,Execute,"TradeID:20260319-2025-Long-1368|LegacyV174PolicyV204:targetR=4|dailyCap=10|ActualExitPolicyV209:targetR=4|beTriggerR=0|timeStopBars=36|ObservationConfirmLongTarget2RV161:targetR=4,plannedRisk=9.5|ActualTargetOverride:targetR=4,risk=9.5,path=ObservationConfirm",ActualExecuted,Long,TrendPullback,ObservationConfirm,50,70.0,True,24622.0,24612.5,24660.0,9.5,38.0,ActualTargetOverride:4,4.0,396.5,8,20260319-2025-Long-1368,TradeID,OPF_0.1,OPF_RESEARCH_2.14,MNQ_0.1,MNQ_1Contract_Target150_200,OPF_PROFILE_0.1,2026-03-19T20:25:00.0000000,1368,2026-03-19 20:50:00,1373,Long,TrendPullback,50,70.0,24622.0,24612.5,9.5,24622.0,24622.5,True,428427,429481,4.0,9.5,11.0,1369.0,1368.0,1368.0,,,,,,1369.0,1369.0,,,,5,GlobexCloseout,Execute,"TradeID:20260319-2025-Long-1368|LegacyV174PolicyV204:targetR=4|dailyCap=10|ActualExitPolicyV209:targetR=4|beTriggerR=0|timeStopBars=36|ObservationConfirmLongTarget2RV161:targetR=4,plannedRisk=9.5|ActualTargetOverride:targetR=4,risk=9.5,path=ObservationConfirm",20260319-2025-Long-1368,both
OPF-20260725-095814,OPF_0.1,OPF_RESEARCH_2.14,MNQ_0.1,MNQ_1Contract_Target150_200,OPF_PROFILE_0.1,20260319-2020-BULL-OBS-001367-Z001367-OC,2026-03-19 20:25:00,1368,Skip,"StrictEntryRiskBandExcludedV208:risk=14.25,excluded=(13.25,16]",ActualCandidate,Long,TrendPullback,ObservationConfirm_WideStop1_5R,50,70.0,True,24622.0,24607.75,24664.75,14.25,42.75,ActualTargetOverride:3,3.0,396.5,9,,StrictEntryRiskBandExcludedV208,OPF_0.1,OPF_RESEARCH_2.14,MNQ_0.1,MNQ_1Contract_Target150_200,OPF_PROFILE_0.1,2026-03-19T20:25:00.0000000,1368,2026-03-19 20:50:00,1373,Long,TrendPullback,50,70.0,24622.0,24607.75,14.25,24622.0,24622.5,True,428427,429481,3.0,9.5,11.0,,,,,,,,,,,,,,5,GlobexCloseout,Skip,"StrictEntryRiskBandExcludedV208:risk=14.25,excluded=(13.25,16]",,both
OPF-20260725-095814,OPF_0.1,OPF_RESEARCH_2.14,MNQ_0.1,MNQ_1Contract_Target150_200,OPF_PROFILE_0.1,20260319-2020-BULL-OBS-001367-Z001367-OC-STR,2026-03-19 20:25:00,1368,Skip,PathDisabled,ResearchOnly,Long,TrendPullback,ObservationStrict_BullFresh,50,70.0,True,24622.0,24612.5,24636.25,9.5,11.4,StrictBullFreshMin1_2R,1.2,396.5,9,,PathDisabled,OPF_0.1,OPF_RESEARCH_2.14,MNQ_0.1,MNQ_1Contract_Target150_200,OPF_PROFILE_0.1,2026-03-19T20:25:00.0000000,1368,2026-03-19 20:50:00,1373,Long,TrendPullback,50,70.0,24622.0,24612.5,9.5,24622.0,24622.5,True,428427,429481,1.5,9.5,11.0,1369.0,1368.0,1368.0,,,,,,1369.0,1369.0,,,,5,GlobexCloseout,Skip,PathDisabled,,both
OPF-20260725-095814,OPF_0.1,OPF_RESEARCH_2.14,MNQ_0.1,MNQ_1Contract_Target150_200,OPF_PROFILE_0.1,20260319-2020-BULL-OBS-001367-Z001367-OC-STR,2026-03-19 20:25:00,1368,Skip,ActualPathDisabledV209:side=Long|path=ObservationStrict_BullFresh_WideStop1_5R,ActualCandidate,Long,TrendPullback,ObservationStrict_BullFresh_WideStop1_5R,50,70.0,True,24622.0,24607.75,24664.75,14.25,1.0,AggressiveExpansionV164Eligibility:NearestStructure,0.0702,396.5,9,,ActualPathDisabledV209,OPF_0.1,OPF_RESEARCH_2.14,MNQ_0.1,MNQ_1Contract_Target150_200,OPF_PROFILE_0.1,2026-03-19T20:25:00.0000000,1368,2026-03-19 20:50:00,1373,Long,TrendPullback,50,70.0,24622.0,24607.75,14.25,24622.0,24622.5,True,428427,429481,3.0,9.5,11.0,,,,,,,,,,,,,,5,GlobexCloseout,Skip,ActualPathDisabledV209:side=Long|path=ObservationStrict_BullFresh_WideStop1_5R,,both
OPF-20260725-095814,OPF_0.1,OPF_RESEARCH_2.14,MNQ_0.1,MNQ_1Contract_Target150_200,OPF_PROFILE_0.1,20260319-2030-BULL-OBS-001369-Z001367,2026-03-19 20:30:00,1369,Skip,"StrategyRegimeNotTrend:score=0|SetupQualityTooLow:score=30,min=70",ActualCandidate,Long,TrendPullback,UnknownRegimeZoneTouch,0,30.0,False,24616.75,24612.5,24623.125,4.25,0.25,NearestStructure,0.0588,338.0,9,,StrategyRegimeNotTrend,OPF_0.1,OPF_RESEARCH_2.14,MNQ_0.1,MNQ_1Contract_Target150_200,OPF_PROFILE_0.1,2026-03-19T20:30:00.0000000,1369,2026-03-19 20:50:00,1373,Long,TrendPullback,0,30.0,24616.75,24612.5,4.25,24617.0,24617.5,True,428800,429481,1.5,10.5,5.75,1369.0,1369.0,1369.0,1371.0,1372.0,,,,1370.0,1370.0,1372.0,1372.0,,4,GlobexCloseout,Skip,"StrategyRegimeNotTrend:score=0|SetupQualityTooLow:score=30,min=70",,both
OPF-20260725-095814,OPF_0.1,OPF_RESEARCH_2.14,MNQ_0.1,MNQ_1Contract_Target150_200,OPF_PROFILE_0.1,20260319-2030-BULL-OBS-001369-Z001367-OC,2026-03-19 20:35:00,1370,Skip,"SetupQualityTooLow:score=52,min=56",ActualCandidate,Long,TrendPullback,ObservationConfirm,0,52.0,False,24619.5,24612.5,24647.5,7.0,28.0,ActualTargetOverride:4,4.0,338.0,9,,SetupQualityTooLow,OPF_0.1,OPF_RESEARCH_2.14,MNQ_0.1,MNQ_1Contract_Target150_200,OPF_PROFILE_0.1,2026-03-19T20:35:00.0000000,1370,2026-03-19 20:50:00,1373,Long,TrendPullback,0,52.0,24619.5,24612.5,7.0,24619.5,24620.0,True,428904,429481,4.0,7.75,8.5,1373.0,1372.0,1372.0,,,,,,1373.0,1373.0,,,,3,GlobexCloseout,Skip,"SetupQualityTooLow:score=52,min=56",,both
OPF-20260725-095814,OPF_0.1,OPF_RESEARCH_2.14,MNQ_0.1,MNQ_1Contract_Target150_200,OPF_PROFILE_0.1,20260319-2030-BULL-OBS-001369-Z001367-OC,2026-03-19 20:35:00,1370,Skip,"StrategyRegimeNotTrend:score=0|SetupQualityTooLow:score=52,min=70",ActualCandidate,Long,TrendPullback,ObservationConfirm_WideStop1_5R,0,52.0,False,24619.5,24609.0,24651.0,10.5,31.5,ActualTargetOverride:3,3.0,338.0,9,,StrategyRegimeNotTrend,OPF_0.1,OPF_RESEARCH_2.14,MNQ_0.1,MNQ_1Contract_Target150_200,OPF_PROFILE_0.1,2026-03-19T20:35:00.0000000,1370,2026-03-19 20:50:00,1373,Long,TrendPullback,0,52.0,24619.5,24609.0,10.5,24619.5,24620.0,True,428904,429481,3.0,7.75,8.5,,,,,,,,,,,,,,3,GlobexCloseout,Skip,"StrategyRegimeNotTrend:score=0|SetupQualityTooLow:score=52,min=70",,both
OPF-20260725-100040,OPF_0.1,OPF_RESEARCH_2.14,MNQ_0.1,MNQ_1Contract_Target150_200,OPF_PROFILE_0.1,20260519-2220-BEAR-OBS-001108-Z001108,2026-05-19 22:20:00,1108,Execute,"TradeID:20260519-2220-Short-1108|LegacyV174PolicyV204:targetR=2.5|dailyCap=10|AggressiveExpansionV164:ZoneBirthShortV168,risk=17.75,score=41,eligibilityRr=0.3239,targetR=2.5|DynamicExpansionV168:ZoneBirthShortV168,targetR=2.5|ZoneBirthShortDualRiskBandV170:MidRiskGt12Le18,risk=17.75|ZoneBirthSplitRunnerV208:baseQty=2,runnerQty=1,baseTargetR=2.5,runnerTargetR=4,runnerBeAfter=BaseTP|ActualTargetOverride:targetR=2.5,risk=17.75,path=ZoneBirthResearch",ActualExecuted,Short,TrendPullback,ZoneBirthResearch,20,41.0,True,28902.75,28920.5,28858.375,17.75,5.75,AggressiveExpansionV164Eligibility:NearestStructure,0.3239,0.0,0,20260519-2220-Short-1108,TradeID,OPF_0.1,OPF_RESEARCH_2.14,MNQ_0.1,MNQ_1Contract_Target150_200,OPF_PROFILE_0.1,2026-05-19T22:20:00.0000000,1108,2026-05-20 01:20:00,1144,Short,TrendPullback,20,41.0,28902.75,28920.5,17.75,28902.5,28903.25,True,5898,48987,2.5,106.75,121.75,1117.0,1109.0,1109.0,1109.0,1109.0,1129.0,1130.0,1130.0,1110.0,1110.0,1110.0,1110.0,1134.0,36,MaxBars,Execute,"TradeID:20260519-2220-Short-1108|LegacyV174PolicyV204:targetR=2.5|dailyCap=10|AggressiveExpansionV164:ZoneBirthShortV168,risk=17.75,score=41,eligibilityRr=0.3239,targetR=2.5|DynamicExpansionV168:ZoneBirthShortV168,targetR=2.5|ZoneBirthShortDualRiskBandV170:MidRiskGt12Le18,risk=17.75|ZoneBirthSplitRunnerV208:baseQty=2,runnerQty=1,baseTargetR=2.5,runnerTargetR=4,runnerBeAfter=BaseTP|ActualTargetOverride:targetR=2.5,risk=17.75,path=ZoneBirthResearch",20260519-2220-Short-1108,both
OPF-20260725-100040,OPF_0.1,OPF_RESEARCH_2.14,MNQ_0.1,MNQ_1Contract_Target150_200,OPF_PROFILE_0.1,20260519-2220-BEAR-OBS-001108-Z001108-OC,2026-05-19 22:25:00,1109,Skip,"ObservationConfirmRiskCapExceeded:risk=43.75,max=18|RiskTooWideHard:risk=43.75,max=25|RiskTooWideVolAdjusted:risk=43.75,max=20.37,atr14=33.96",ActualCandidate,Short,TrendPullback,ObservationConfirm,20,60.0,True,28876.75,28920.5,28811.125,43.75,65.62,ObservationConfirmTargetR:1.5,1.4999,0.0,1,,ObservationConfirmRiskCapExceeded,OPF_0.1,OPF_RESEARCH_2.14,MNQ_0.1,MNQ_1Contract_Target150_200,OPF_PROFILE_0.1,2026-05-19T22:25:00.0000000,1109,2026-05-20 01:25:00,1145,Short,TrendPullback,20,60.0,28876.75,28920.5,43.75,28875.5,28876.25,True,7337,50945,1.5,80.75,147.75,1117.0,1130.0,1130.0,1131.0,,,,,1133.0,1133.0,1133.0,1132.0,,36,MaxBars,Skip,"ObservationConfirmRiskCapExceeded:risk=43.75,max=18|RiskTooWideHard:risk=43.75,max=25|RiskTooWideVolAdjusted:risk=43.75,max=20.37,atr14=33.96",,both
OPF-20260725-100040,OPF_0.1,OPF_RESEARCH_2.14,MNQ_0.1,MNQ_1Contract_Target150_200,OPF_PROFILE_0.1,20260519-2220-BEAR-OBS-001108-Z001108-OC,2026-05-19 22:25:00,1109,Skip,"ObservationConfirmWideStopVolumeV131RiskCapExceeded:risk=65.62,max=22,side=Short|RiskTooWideHard:risk=65.62,max=25|EstimatedRRTooLow:rr=0,min=0.8,reward=0,model=NearestStructure",ActualCandidate,Short,TrendPullback,ObservationConfirm_WideStop1_5R,20,60.0,True,28876.75,28942.37,28778.32,65.62,0.0,NearestStructure,0.0,0.0,1,,ObservationConfirmWideStopVolumeV131RiskCapExceeded,OPF_0.1,OPF_RESEARCH_2.14,MNQ_0.1,MNQ_1Contract_Target150_200,OPF_PROFILE_0.1,2026-05-19T22:25:00.0000000,1109,2026-05-20 01:25:00,1145,Short,TrendPullback,20,60.0,28876.75,28942.37,65.62,28875.5,28876.25,True,7337,50945,1.5,80.75,147.75,1118.0,1130.0,1131.0,,,,,,1133.0,1133.0,,,,36,MaxBars,Skip,"ObservationConfirmWideStopVolumeV131RiskCapExceeded:risk=65.62,max=22,side=Short|RiskTooWideHard:risk=65.62,max=25|EstimatedRRTooLow:rr=0,min=0.8,reward=0,model=NearestStructure",,both
OPF-20260725-100040,OPF_0.1,OPF_RESEARCH_2.14,MNQ_0.1,MNQ_1Contract_Target150_200,OPF_PROFILE_0.1,20260519-2300-BEAR-OBS-001116-Z001108,2026-05-19 23:00:00,1116,Skip,"SetupQualityTooLow:score=27,min=45",ActualCandidate,Short,TrendPullback,UnknownRegimeZoneTouch,0,27.0,False,28918.0,28920.5,28910.5,2.5,4.25,AggressiveExpansionV164Eligibility:NearestStructure,1.7,0.0,1,,SetupQualityTooLow,OPF_0.1,OPF_RESEARCH_2.14,MNQ_0.1,MNQ_1Contract_Target150_200,OPF_PROFILE_0.1,2026-05-19T23:00:00.0000000,1116,2026-05-20 02:00:00,1152,Short,TrendPullback,0,27.0,28918.0,28920.5,2.5,28917.25,28918.0,True,11719,60948,3.0,122.0,106.5,1117.0,1116.0,1116.0,1116.0,1116.0,1116.0,1116.0,1116.0,1117.0,1117.0,1117.0,1117.0,1117.0,36,MaxBars,Skip,"SetupQualityTooLow:score=27,min=45",,both
OPF-20260725-100040,OPF_0.1,OPF_RESEARCH_2.14,MNQ_0.1,MNQ_1Contract_Target150_200,OPF_PROFILE_0.1,20260519-2300-BEAR-OBS-001116-Z001108-FR,2026-05-19 23:05:00,1117,Skip,"EstimatedRRTooLow:rr=0.1667,min=0.25,reward=1.5,model=AggressiveExpansionV164Eligibility:NearestStructure",ActualCandidate,Long,FailureReverse,FailureReverse_ObservationInvalidated,0,42.0,True,28926.5,28917.5,28949.0,9.0,1.5,AggressiveExpansionV164Eligibility:NearestStructure,0.1667,-121.01,1,,EstimatedRRTooLow,OPF_0.1,OPF_RESEARCH_2.14,MNQ_0.1,MNQ_1Contract_Target150_200,OPF_PROFILE_0.1,2026-05-19T23:05:00.0000000,1117,2026-05-20 02:05:00,1153,Long,FailureReverse,0,42.0,28926.5,28917.5,9.0,28926.0,28926.75,True,11951,62142,2.5,98.0,130.5,1117.0,1118.0,1118.0,1118.0,1118.0,1118.0,1119.0,1119.0,1128.0,1128.0,1128.0,1128.0,1128.0,36,MaxBars,Skip,"EstimatedRRTooLow:rr=0.1667,min=0.25,reward=1.5,model=AggressiveExpansionV164Eligibility:NearestStructure",,both
OPF-20260725-100040,OPF_0.1,OPF_RESEARCH_2.14,MNQ_0.1,MNQ_1Contract_Target150_200,OPF_PROFILE_0.1,20260519-2300-BEAR-OBS-001116-Z001108-FR,2026-05-19 23:05:00,1117,Skip,"SetupQualityTooLow:score=42,min=45",ActualCandidate,Long,FailureReverse,FailureReverse_ObservationInvalidated_WideStop1_5R,0,42.0,False,28926.5,28913.0,28967.0,13.5,1.5,AggressiveExpansionV164Eligibility:NearestStructure,0.1111,-121.01,1,,SetupQualityTooLow,OPF_0.1,OPF_RESEARCH_2.14,MNQ_0.1,MNQ_1Contract_Target150_200,OPF_PROFILE_0.1,2026-05-19T23:05:00.0000000,1117,2026-05-20 02:05:00,1153,Long,FailureReverse,0,42.0,28926.5,28913.0,13.5,28926.0,28926.75,True,11951,62142,3.0,98.0,130.5,1117.0,1118.0,1118.0,1118.0,1119.0,1119.0,1119.0,1122.0,1128.0,1128.0,1128.0,1119.0,1128.0,36,MaxBars,Skip,"SetupQualityTooLow:score=42,min=45",,both
OPF-20260725-100040,OPF_0.1,OPF_RESEARCH_2.14,MNQ_0.1,MNQ_1Contract_Target150_200,OPF_PROFILE_0.1,20260519-2310-BULL-OBS-001118-Z001118,2026-05-19 23:10:00,1118,Skip,"AggressiveExpansionV164SideDisabled:path=ZoneBirthResearch,side=Long",ActualCandidate,Long,TrendPullback,ZoneBirthResearch,40,45.0,True,28946.0,28919.5,28985.75,26.5,10.5,NearestStructure,0.3962,-121.01,1,,AggressiveExpansionV164SideDisabled,OPF_0.1,OPF_RESEARCH_2.14,MNQ_0.1,MNQ_1Contract_Target150_200,OPF_PROFILE_0.1,2026-05-19T23:10:00.0000000,1118,2026-05-20 02:10:00,1154,Long,TrendPullback,40,45.0,28946.0,28919.5,26.5,28945.5,28946.25,True,12350,63070,1.5,78.5,150.0,1128.0,1119.0,1120.0,1122.0,1122.0,1122.0,,,1127.0,1127.0,1127.0,1125.0,1127.0,36,MaxBars,Skip,"AggressiveExpansionV164SideDisabled:path=ZoneBirthResearch,side=Long",,both
OPF-20260725-100040,OPF_0.1,OPF_RESEARCH_2.14,MNQ_0.1,MNQ_1Contract_Target150_200,OPF_PROFILE_0.1,20260519-2310-BULL-OBS-001118-Z001118-OC,2026-05-19 23:15:00,1119,Skip,"LongObservationWideRiskCutV137:risk=42.75,max=12|ObservationConfirmRiskCapExceeded:risk=42.75,max=12|RiskTooWideHard:risk=42.75,max=25|RiskTooWideVolAdjusted:risk=42.75,max=15.99,atr14=26.64",ActualCandidate,Long,TrendPullback,ObservationConfirm,40,60.0,True,28962.25,28919.5,29133.25,42.75,171.0,ActualTargetOverride:4,4.0,-121.01,1,,LongObservationWideRiskCutV137,OPF_0.1,OPF_RESEARCH_2.14,MNQ_0.1,MNQ_1Contract_Target150_200,OPF_PROFILE_0.1,2026-05-19T23:15:00.0000000,1119,2026-05-20 02:15:00,1155,Long,TrendPullback,40,60.0,28962.25,28919.5,42.75,28961.5,28962.25,True,13347,64279,4.0,62.25,166.25,1128.0,1122.0,1122.0,,,,,,1126.0,1126.0,,,,36,MaxBars,Skip,"LongObservationWideRiskCutV137:risk=42.75,max=12|ObservationConfirmRiskCapExceeded:risk=42.75,max=12|RiskTooWideHard:risk=42.75,max=25|RiskTooWideVolAdjusted:risk=42.75,max=15.99,atr14=26.64",,both
OPF-20260725-100040,OPF_0.1,OPF_RESEARCH_2.14,MNQ_0.1,MNQ_1Contract_Target150_200,OPF_PROFILE_0.1,20260519-2310-BULL-OBS-001118-Z001118-OC,2026-05-19 23:15:00,1119,Skip,"DailyVolumeFloorRiskCapExceeded:risk=64.12,max=18|OCWideStopLowRiskV132RiskCapExceeded:risk=64.12,max=18,side=Long|RiskTooWideHard:risk=64.12,max=25",ActualCandidate,Long,TrendPullback,ObservationConfirm_WideStop1_5R,40,60.0,True,28962.25,28898.13,29154.61,64.12,192.36,ActualTargetOverride:3,3.0,-121.01,1,,DailyVolumeFloorRiskCapExceeded,OPF_0.1,OPF_RESEARCH_2.14,MNQ_0.1,MNQ_1Contract_Target150_200,OPF_PROFILE_0.1,2026-05-19T23:15:00.0000000,1119,2026-05-20 02:15:00,1155,Long,TrendPullback,40,60.0,28962.25,28898.13,64.12,28961.5,28962.25,True,13347,64279,3.0,62.25,166.25,1129.0,1122.0,,,,,,,1126.0,,,,,36,MaxBars,Skip,"DailyVolumeFloorRiskCapExceeded:risk=64.12,max=18|OCWideStopLowRiskV132RiskCapExceeded:risk=64.12,max=18,side=Long|RiskTooWideHard:risk=64.12,max=25",,both
OPF-20260725-100040,OPF_0.1,OPF_RESEARCH_2.14,MNQ_0.1,MNQ_1Contract_Target150_200,OPF_PROFILE_0.1,20260519-2315-BULL-OBS-001119-Z001119,2026-05-19 23:15:00,1119,Skip,"AggressiveExpansionV164SideDisabled:path=ZoneBirthResearch,side=Long",ActualCandidate,Long,TrendPullback,ZoneBirthResearch,40,45.0,True,28962.25,28928.25,29013.25,34.0,0.0,NearestStructure,0.0,-121.01,1,,AggressiveExpansionV164SideDisabled,OPF_0.1,OPF_RESEARCH_2.14,MNQ_0.1,MNQ_1Contract_Target150_200,OPF_PROFILE_0.1,2026-05-19T23:15:00.0000000,1119,2026-05-20 02:15:00,1155,Long,TrendPullback,40,45.0,28962.25,28928.25,34.0,28961.5,28962.25,True,13347,64279,1.5,62.25,166.25,1128.0,1122.0,1122.0,1122.0,,,,,1126.0,1126.0,1126.0,1123.0,,36,MaxBars,Skip,"AggressiveExpansionV164SideDisabled:path=ZoneBirthResearch,side=Long",,both
OPF-20260725-100040,OPF_0.1,OPF_RESEARCH_2.14,MNQ_0.1,MNQ_1Contract_Target150_200,OPF_PROFILE_0.1,20260519-2315-BULL-OBS-001119-Z001119-OC,2026-05-19 23:20:00,1120,Skip,"LongObservationWideRiskCutV137:risk=29.25,max=12|ObservationConfirmRiskCapExceeded:risk=29.25,max=12|RiskTooWideHard:risk=29.25,max=25|RiskTooWideVolAdjusted:risk=29.25,max=15.21,atr14=25.36",ActualCandidate,Long,TrendPullback,ObservationConfirm,40,53.0,True,28957.5,28928.25,29074.5,29.25,117.0,ActualTargetOverride:4,4.0,-121.01,1,,LongObservationWideRiskCutV137,OPF_0.1,OPF_RESEARCH_2.14,MNQ_0.1,MNQ_1Contract_Target150_200,OPF_PROFILE_0.1,2026-05-19T23:20:00.0000000,1120,2026-05-20 02:20:00,1156,Long,TrendPullback,40,53.0,28957.5,28928.25,29.25,28957.0,28957.5,True,14015,65069,4.0,67.0,161.5,1128.0,1122.0,1122.0,1122.0,1122.0,,,,1126.0,1126.0,1126.0,1123.0,,36,MaxBars,Skip,"LongObservationWideRiskCutV137:risk=29.25,max=12|ObservationConfirmRiskCapExceeded:risk=29.25,max=12|RiskTooWideHard:risk=29.25,max=25|RiskTooWideVolAdjusted:risk=29.25,max=15.21,atr14=25.36",,both
OPF-20260725-100040,OPF_0.1,OPF_RESEARCH_2.14,MNQ_0.1,MNQ_1Contract_Target150_200,OPF_PROFILE_0.1,20260519-2315-BULL-OBS-001119-Z001119-OC,2026-05-19 23:20:00,1120,Skip,"ObservationConfirmWideStopQualityTooLowV132:side=Long,score=53,min=56",ActualCandidate,Long,TrendPullback,ObservationConfirm_WideStop1_5R,40,53.0,True,28957.5,28913.62,29089.14,43.88,131.64,ActualTargetOverride:3,3.0,-121.01,1,,ObservationConfirmWideStopQualityTooLowV132,OPF_0.1,OPF_RESEARCH_2.14,MNQ_0.1,MNQ_1Contract_Target150_200,OPF_PROFILE_0.1,2026-05-19T23:20:00.0000000,1120,2026-05-20 02:20:00,1156,Long,TrendPullback,40,53.0,28957.5,28913.62,43.88,28957.0,28957.5,True,14015,65069,3.0,67.0,161.5,1128.0,1122.0,1122.0,1122.0,,,,,1126.0,1126.0,1126.0,1123.0,,36,MaxBars,Skip,"ObservationConfirmWideStopQualityTooLowV132:side=Long,score=53,min=56",,both
OPF-20260725-100040,OPF_0.1,OPF_RESEARCH_2.14,MNQ_0.1,MNQ_1Contract_Target150_200,OPF_PROFILE_0.1,20260519-2315-BULL-OBS-001119-Z001119-OC-STR,2026-05-19 23:20:00,1120,Skip,PathDisabled,ResearchOnly,Long,TrendPullback,ObservationStrict_BullFresh,40,53.0,True,28957.5,28928.25,29001.375,29.25,35.1,StrictBullFreshMin1_2R,1.2,-121.01,1,,PathDisabled,OPF_0.1,OPF_RESEARCH_2.14,MNQ_0.1,MNQ_1Contract_Target150_200,OPF_PROFILE_0.1,2026-05-19T23:20:00.0000000,1120,2026-05-20 02:20:00,1156,Long,TrendPullback,40,53.0,28957.5,28928.25,29.25,28957.0,28957.5,True,14015,65069,1.5,67.0,161.5,1128.0,1122.0,1122.0,1122.0,1122.0,,,,1126.0,1126.0,1126.0,1123.0,,36,MaxBars,Skip,PathDisabled,,both
OPF-20260725-100040,OPF_0.1,OPF_RESEARCH_2.14,MNQ_0.1,MNQ_1Contract_Target150_200,OPF_PROFILE_0.1,20260519-2315-BULL-OBS-001119-Z001119-OC-STR,2026-05-19 23:20:00,1120,Skip,ActualPathDisabledV209:side=Long|path=ObservationStrict_BullFresh_WideStop1_5R,ActualCandidate,Long,TrendPullback,ObservationStrict_BullFresh_WideStop1_5R,40,53.0,True,28957.5,28913.62,29089.14,43.88,14.75,AggressiveExpansionV164Eligibility:NearestStructure,0.3361,-121.01,1,,ActualPathDisabledV209,OPF_0.1,OPF_RESEARCH_2.14,MNQ_0.1,MNQ_1Contract_Target150_200,OPF_PROFILE_0.1,2026-05-19T23:20:00.0000000,1120,2026-05-20 02:20:00,1156,Long,TrendPullback,40,53.0,28957.5,28913.62,43.88,28957.0,28957.5,True,14015,65069,3.0,67.0,161.5,1128.0,1122.0,1122.0,1122.0,,,,,1126.0,1126.0,1126.0,1123.0,,36,MaxBars,Skip,ActualPathDisabledV209:side=Long|path=ObservationStrict_BullFresh_WideStop1_5R,,both
OPF-20260725-100040,OPF_0.1,OPF_RESEARCH_2.14,MNQ_0.1,MNQ_1Contract_Target150_200,OPF_PROFILE_0.1,20260519-2320-BULL-OBS-001120-Z001120,2026-05-19 23:20:00,1120,Skip,"StrategyRegimeNotTrend:score=40|SetupQualityTooLow:score=38,min=45",ActualCandidate,Long,TrendPullback,ZoneBirthResearch,40,38.0,False,28957.5,28950.25,28968.375,7.25,14.75,NearestStructure,2.0345,-121.01,1,,StrategyRegimeNotTrend,OPF_0.1,OPF_RESEARCH_2.14,MNQ_0.1,MNQ_1Contract_Target150_200,OPF_PROFILE_0.1,2026-05-19T23:20:00.0000000,1120,2026-05-20 02:20:00,1156,Long,TrendPullback,40,38.0,28957.5,28950.25,7.25,28957.0,28957.5,True,14015,65069,1.5,67.0,161.5,1126.0,1120.0,1120.0,1120.0,1120.0,1122.0,1122.0,1122.0,1121.0,1121.0,1121.0,1121.0,1126.0,36,MaxBars,Skip,"StrategyRegimeNotTrend:score=40|SetupQualityTooLow:score=38,min=45",,both
OPF-20260725-100040,OPF_0.1,OPF_RESEARCH_2.14,MNQ_0.1,MNQ_1Contract_Target150_200,OPF_PROFILE_0.1,20260519-2320-BULL-OBS-001120-Z001120-OC,2026-05-19 23:25:00,1121,Skip,"LongObservationWideRiskCutV137:risk=19.25,max=12|ObservationConfirmRiskCapExceeded:risk=19.25,max=12|LongObservationRiskExpansionDisabledV111:risk=19.25",ActualCandidate,Long,TrendPullback,ObservationConfirm,40,60.0,True,28969.5,28950.25,29046.5,19.25,77.0,ActualTargetOverride:4,4.0,-121.01,1,,LongObservationWideRiskCutV137,OPF_0.1,OPF_RESEARCH_2.14,MNQ_0.1,MNQ_1Contract_Target150_200,OPF_PROFILE_0.1,2026-05-19T23:25:00.0000000,1121,2026-05-20 02:25:00,1157,Long,TrendPullback,40,60.0,28969.5,28950.25,19.25,28968.75,28969.5,True,14234,66694,4.0,55.0,173.5,1126.0,1122.0,1122.0,1122.0,1122.0,1122.0,,,1125.0,1125.0,1125.0,1123.0,1125.0,36,MaxBars,Skip,"LongObservationWideRiskCutV137:risk=19.25,max=12|ObservationConfirmRiskCapExceeded:risk=19.25,max=12|LongObservationRiskExpansionDisabledV111:risk=19.25",,both
OPF-20260725-100040,OPF_0.1,OPF_RESEARCH_2.14,MNQ_0.1,MNQ_1Contract_Target150_200,OPF_PROFILE_0.1,20260519-2320-BULL-OBS-001120-Z001120-OC,2026-05-19 23:25:00,1121,Skip,"DailyVolumeFloorRiskCapExceeded:risk=28.88,max=18|OCWideStopLowRiskV132RiskCapExceeded:risk=28.88,max=18,side=Long|RiskTooWideHard:risk=28.88,max=25",ActualCandidate,Long,TrendPullback,ObservationConfirm_WideStop1_5R,40,60.0,True,28969.5,28940.62,29056.14,28.88,86.64,ActualTargetOverride:3,3.0,-121.01,1,,DailyVolumeFloorRiskCapExceeded,OPF_0.1,OPF_RESEARCH_2.14,MNQ_0.1,MNQ_1Contract_Target150_200,OPF_PROFILE_0.1,2026-05-19T23:25:00.0000000,1121,2026-05-20 02:25:00,1157,Long,TrendPullback,40,60.0,28969.5,28940.62,28.88,28968.75,28969.5,True,14234,66694,3.0,55.0,173.5,1127.0,1122.0,1122.0,1122.0,,,,,1125.0,1125.0,1125.0,1123.0,,36,MaxBars,Skip,"DailyVolumeFloorRiskCapExceeded:risk=28.88,max=18|OCWideStopLowRiskV132RiskCapExceeded:risk=28.88,max=18,side=Long|RiskTooWideHard:risk=28.88,max=25",,both
OPF-20260725-100040,OPF_0.1,OPF_RESEARCH_2.14,MNQ_0.1,MNQ_1Contract_Target150_200,OPF_PROFILE_0.1,20260519-2325-BULL-OBS-001121-Z001120,2026-05-19 23:25:00,1121,Skip,"StrategyRegimeNotTrend:score=40|SetupQualityTooLow:score=41,min=70",ActualCandidate,Long,TrendPullback,UnknownRegimeZoneTouch,40,41.0,False,28969.5,28950.25,28998.375,19.25,2.75,NearestStructure,0.1429,-121.01,1,,StrategyRegimeNotTrend,OPF_0.1,OPF_RESEARCH_2.14,MNQ_0.1,MNQ_1Contract_Target150_200,OPF_PROFILE_0.1,2026-05-19T23:25:00.0000000,1121,2026-05-20 02:25:00,1157,Long,TrendPullback,40,41.0,28969.5,28950.25,19.25,28968.75,28969.5,True,14234,66694,1.5,55.0,173.5,1126.0,1122.0,1122.0,1122.0,1122.0,1122.0,,,1125.0,1125.0,1125.0,1123.0,1125.0,36,MaxBars,Skip,"StrategyRegimeNotTrend:score=40|SetupQualityTooLow:score=41,min=70",,both
OPF-20260725-100040,OPF_0.1,OPF_RESEARCH_2.14,MNQ_0.1,MNQ_1Contract_Target150_200,OPF_PROFILE_0.1,20260519-2325-BULL-OBS-001121-Z001120-OC,2026-05-19 23:30:00,1122,Skip,"LongObservationWideRiskCutV137:risk=67.75,max=12|ObservationConfirmRiskCapExceeded:risk=67.75,max=12|RiskTooWideHard:risk=67.75,max=25|RiskTooWideVolAdjusted:risk=67.75,max=16.03,atr14=26.71",ActualCandidate,Long,TrendPullback,ObservationConfirm,40,56.0,True,29018.0,28950.25,29289.0,67.75,271.0,ActualTargetOverride:4,4.0,-121.01,1,,LongObservationWideRiskCutV137,OPF_0.1,OPF_RESEARCH_2.14,MNQ_0.1,MNQ_1Contract_Target150_200,OPF_PROFILE_0.1,2026-05-19T23:30:00.0000000,1122,2026-05-20 02:30:00,1158,Long,TrendPullback,40,56.0,29018.0,28950.25,67.75,29018.5,29019.25,True,15120,69773,4.0,6.5,222.0,1126.0,,,,,,,,,,,,,36,MaxBars,Skip,"LongObservationWideRiskCutV137:risk=67.75,max=12|ObservationConfirmRiskCapExceeded:risk=67.75,max=12|RiskTooWideHard:risk=67.75,max=25|RiskTooWideVolAdjusted:risk=67.75,max=16.03,atr14=26.71",,both
OPF-20260725-100040,OPF_0.1,OPF_RESEARCH_2.14,MNQ_0.1,MNQ_1Contract_Target150_200,OPF_PROFILE_0.1,20260519-2325-BULL-OBS-001121-Z001120-OC,2026-05-19 23:30:00,1122,Skip,"DailyVolumeFloorRiskCapExceeded:risk=101.62,max=18|OCWideStopLowRiskV132RiskCapExceeded:risk=101.62,max=18,side=Long|RiskTooWideHard:risk=101.62,max=25",ActualCandidate,Long,TrendPullback,ObservationConfirm_WideStop1_5R,40,56.0,True,29018.0,28916.38,29322.86,101.62,304.86,ActualTargetOverride:3,3.0,-121.01,1,,DailyVolumeFloorRiskCapExceeded,OPF_0.1,OPF_RESEARCH_2.14,MNQ_0.1,MNQ_1Contract_Target150_200,OPF_PROFILE_0.1,2026-05-19T23:30:00.0000000,1122,2026-05-20 02:30:00,1158,Long,TrendPullback,40,56.0,29018.0,28916.38,101.62,29018.5,29019.25,True,15120,69773,3.0,6.5,222.0,1128.0,,,,,,,,,,,,,36,MaxBars,Skip,"DailyVolumeFloorRiskCapExceeded:risk=101.62,max=18|OCWideStopLowRiskV132RiskCapExceeded:risk=101.62,max=18,side=Long|RiskTooWideHard:risk=101.62,max=25",,both
OPF-20260725-100040,OPF_0.1,OPF_RESEARCH_2.14,MNQ_0.1,MNQ_1Contract_Target150_200,OPF_PROFILE_0.1,20260519-2350-BEAR-OBS-001126-Z001126,2026-05-19 23:50:00,1126,Skip,"ZoneBirthShortV170RiskBandExcluded:risk=19.25,allowed=<=8|>12<=18",ActualCandidate,Short,TrendPullback,ZoneBirthResearch,0,41.0,True,28965.25,28984.5,28917.125,19.25,10.25,AggressiveExpansionV164Eligibility:NearestStructure,0.5325,-121.01,1,,ZoneBirthShortV170RiskBandExcluded,OPF_0.1,OPF_RESEARCH_2.14,MNQ_0.1,MNQ_1Contract_Target150_200,OPF_PROFILE_0.1,2026-05-19T23:50:00.0000000,1126,2026-05-20 02:50:00,1162,Short,TrendPullback,0,41.0,28965.25,28984.5,19.25,28964.5,28965.25,True,19322,74781,2.5,169.25,51.75,1144.0,1126.0,1127.0,1128.0,1128.0,1128.0,1129.0,1129.0,1127.0,1138.0,1138.0,1134.0,1138.0,36,MaxBars,Skip,"ZoneBirthShortV170RiskBandExcluded:risk=19.25,allowed=<=8|>12<=18",,both
OPF-20260725-100040,OPF_0.1,OPF_RESEARCH_2.14,MNQ_0.1,MNQ_1Contract_Target150_200,OPF_PROFILE_0.1,20260519-2350-BEAR-OBS-001126-Z001126-OC,2026-05-19 23:55:00,1127,Skip,"ObservationConfirmRiskCapExceeded:risk=34,max=18|RiskTooWideHard:risk=34,max=25|RiskTooWideVolAdjusted:risk=34,max=15.19,atr14=25.32",ActualCandidate,Short,TrendPullback,ObservationConfirm,0,60.0,True,28950.5,28984.5,28899.5,34.0,51.0,ObservationConfirmTargetR:1.5,1.5,-121.01,1,,ObservationConfirmRiskCapExceeded,OPF_0.1,OPF_RESEARCH_2.14,MNQ_0.1,MNQ_1Contract_Target150_200,OPF_PROFILE_0.1,2026-05-19T23:55:00.0000000,1127,2026-05-20 02:55:00,1163,Short,TrendPullback,0,60.0,28950.5,28984.5,34.0,28949.5,28950.25,True,20125,75809,1.5,154.5,66.5,1144.0,1128.0,1128.0,1129.0,1129.0,1129.0,1130.0,1131.0,1137.0,1137.0,1137.0,1134.0,1137.0,36,MaxBars,Skip,"ObservationConfirmRiskCapExceeded:risk=34,max=18|RiskTooWideHard:risk=34,max=25|RiskTooWideVolAdjusted:risk=34,max=15.19,atr14=25.32",,both
OPF-20260725-100040,OPF_0.1,OPF_RESEARCH_2.14,MNQ_0.1,MNQ_1Contract_Target150_200,OPF_PROFILE_0.1,20260519-2350-BEAR-OBS-001126-Z001126-OC,2026-05-19 23:55:00,1127,Skip,"ObservationConfirmWideStopVolumeV131RiskCapExceeded:risk=51,max=22,side=Short|RiskTooWideHard:risk=51,max=25|EstimatedRRTooLow:rr=0.0098,min=0.8,reward=0.5,model=NearestStructure",ActualCandidate,Short,TrendPullback,ObservationConfirm_WideStop1_5R,0,60.0,True,28950.5,29001.5,28874.0,51.0,0.5,NearestStructure,0.0098,-121.01,1,,ObservationConfirmWideStopVolumeV131RiskCapExceeded,OPF_0.1,OPF_RESEARCH_2.14,MNQ_0.1,MNQ_1Contract_Target150_200,OPF_PROFILE_0.1,2026-05-19T23:55:00.0000000,1127,2026-05-20 02:55:00,1163,Short,TrendPullback,0,60.0,28950.5,29001.5,51.0,28949.5,28950.25,True,20125,75809,1.5,154.5,66.5,1155.0,1128.0,1129.0,1129.0,1130.0,1130.0,1131.0,,1137.0,1137.0,1137.0,1134.0,1137.0,36,MaxBars,Skip,"ObservationConfirmWideStopVolumeV131RiskCapExceeded:risk=51,max=22,side=Short|RiskTooWideHard:risk=51,max=25|EstimatedRRTooLow:rr=0.0098,min=0.8,reward=0.5,model=NearestStructure",,both
OPF-20260725-100040,OPF_0.1,OPF_RESEARCH_2.14,MNQ_0.1,MNQ_1Contract_Target150_200,OPF_PROFILE_0.1,20260519-2350-BEAR-OBS-001126-Z001126-OC-STR,2026-05-19 23:55:00,1127,Skip,"AggressiveExpansionV164SideDisabled:path=ObservationStrict_Other,side=Short",ActualCandidate,Short,TrendPullback,ObservationStrict_Other,0,60.0,True,28950.5,28984.5,28899.5,34.0,0.5,NearestStructure,0.0147,-121.01,1,,AggressiveExpansionV164SideDisabled,OPF_0.1,OPF_RESEARCH_2.14,MNQ_0.1,MNQ_1Contract_Target150_200,OPF_PROFILE_0.1,2026-05-19T23:55:00.0000000,1127,2026-05-20 02:55:00,1163,Short,TrendPullback,0,60.0,28950.5,28984.5,34.0,28949.5,28950.25,True,20125,75809,1.5,154.5,66.5,1144.0,1128.0,1128.0,1129.0,1129.0,1129.0,1130.0,1131.0,1137.0,1137.0,1137.0,1134.0,1137.0,36,MaxBars,Skip,"AggressiveExpansionV164SideDisabled:path=ObservationStrict_Other,side=Short",,both
OPF-20260725-100040,OPF_0.1,OPF_RESEARCH_2.14,MNQ_0.1,MNQ_1Contract_Target150_200,OPF_PROFILE_0.1,20260519-2350-BEAR-OBS-001126-Z001126-OC-STR,2026-05-19 23:55:00,1127,Skip,"StrategyRegimeNotTrend:score=0|SetupQualityTooLow:score=60,min=70",ActualCandidate,Short,TrendPullback,ObservationStrict_Other_WideStop1_5R,0,60.0,False,28950.5,29001.5,28874.0,51.0,0.5,NearestStructure,0.0098,-121.01,1,,StrategyRegimeNotTrend,OPF_0.1,OPF_RESEARCH_2.14,MNQ_0.1,MNQ_1Contract_Target150_200,OPF_PROFILE_0.1,2026-05-19T23:55:00.0000000,1127,2026-05-20 02:55:00,1163,Short,TrendPullback,0,60.0,28950.5,29001.5,51.0,28949.5,28950.25,True,20125,75809,1.5,154.5,66.5,1155.0,1128.0,1129.0,1129.0,1130.0,1130.0,1131.0,,1137.0,1137.0,1137.0,1134.0,1137.0,36,MaxBars,Skip,"StrategyRegimeNotTrend:score=0|SetupQualityTooLow:score=60,min=70",,both
OPF-20260725-100040,OPF_0.1,OPF_RESEARCH_2.14,MNQ_0.1,MNQ_1Contract_Target150_200,OPF_PROFILE_0.1,20260519-2355-BEAR-OBS-001127-Z001127,2026-05-19 23:55:00,1127,Skip,"ZoneBirthShortV170RiskBandExcluded:risk=18.25,allowed=<=8|>12<=18|EstimatedRRTooLow:rr=0.0274,min=0.25,reward=0.5,model=AggressiveExpansionV164Eligibility:NearestStructure",ActualCandidate,Short,TrendPullback,ZoneBirthResearch,20,45.0,True,28950.5,28968.75,28904.875,18.25,0.5,AggressiveExpansionV164Eligibility:NearestStructure,0.0274,-121.01,1,,ZoneBirthShortV170RiskBandExcluded,OPF_0.1,OPF_RESEARCH_2.14,MNQ_0.1,MNQ_1Contract_Target150_200,OPF_PROFILE_0.1,2026-05-19T23:55:00.0000000,1127,2026-05-20 02:55:00,1163,Short,TrendPullback,20,45.0,28950.5,28968.75,18.25,28949.5,28950.25,True,20125,75809,2.5,154.5,66.5,1138.0,1128.0,1128.0,1128.0,1128.0,1129.0,1129.0,1129.0,1137.0,1137.0,1137.0,1134.0,1137.0,36,MaxBars,Skip,"ZoneBirthShortV170RiskBandExcluded:risk=18.25,allowed=<=8|>12<=18|EstimatedRRTooLow:rr=0.0274,min=0.25,reward=0.5,model=AggressiveExpansionV164Eligibility:NearestStructure",,both
OPF-20260725-100040,OPF_0.1,OPF_RESEARCH_2.14,MNQ_0.1,MNQ_1Contract_Target150_200,OPF_PROFILE_0.1,20260519-2355-BEAR-OBS-001127-Z001127-OC,2026-05-20 00:00:00,1128,Skip,"ObservationConfirmRiskCapExceeded:risk=52.5,max=18|RiskTooWideHard:risk=52.5,max=25|RiskTooWideVolAdjusted:risk=52.5,max=16.22,atr14=27.04",ActualCandidate,Short,TrendPullback,ObservationConfirm,20,60.0,True,28916.25,28968.75,28837.5,52.5,78.75,ObservationConfirmTargetR:1.5,1.5,-121.01,1,,ObservationConfirmRiskCapExceeded,OPF_0.1,OPF_RESEARCH_2.14,MNQ_0.1,MNQ_1Contract_Target150_200,OPF_PROFILE_0.1,2026-05-20T00:00:00.0000000,1128,2026-05-20 03:00:00,1164,Short,TrendPullback,20,60.0,28916.25,28968.75,52.5,28916.0,28916.75,True,21498,77552,1.5,120.25,100.75,1138.0,1129.0,1129.0,1130.0,1131.0,,,,1134.0,1134.0,1134.0,1133.0,,36,MaxBars,Skip,"ObservationConfirmRiskCapExceeded:risk=52.5,max=18|RiskTooWideHard:risk=52.5,max=25|RiskTooWideVolAdjusted:risk=52.5,max=16.22,atr14=27.04",,both
OPF-20260725-100040,OPF_0.1,OPF_RESEARCH_2.14,MNQ_0.1,MNQ_1Contract_Target150_200,OPF_PROFILE_0.1,20260519-2355-BEAR-OBS-001127-Z001127-OC,2026-05-20 00:00:00,1128,Skip,"ObservationConfirmWideStopVolumeV131RiskCapExceeded:risk=78.75,max=22,side=Short|RiskTooWideHard:risk=78.75,max=25|EstimatedRRTooLow:rr=0.0794,min=0.8,reward=6.25,model=NearestStructure",ActualCandidate,Short,TrendPullback,ObservationConfirm_WideStop1_5R,20,60.0,True,28916.25,28995.0,28798.125,78.75,6.25,NearestStructure,0.0794,-121.01,1,,ObservationConfirmWideStopVolumeV131RiskCapExceeded,OPF_0.1,OPF_RESEARCH_2.14,MNQ_0.1,MNQ_1Contract_Target150_200,OPF_PROFILE_0.1,2026-05-20T00:00:00.0000000,1128,2026-05-20 03:00:00,1164,Short,TrendPullback,20,60.0,28916.25,28995.0,78.75,28916.0,28916.75,True,21498,77552,1.5,120.25,100.75,1150.0,1129.0,1130.0,1131.0,,,,,1134.0,1134.0,1134.0,1132.0,,36,MaxBars,Skip,"ObservationConfirmWideStopVolumeV131RiskCapExceeded:risk=78.75,max=22,side=Short|RiskTooWideHard:risk=78.75,max=25|EstimatedRRTooLow:rr=0.0794,min=0.8,reward=6.25,model=NearestStructure",,both
OPF-20260725-100040,OPF_0.1,OPF_RESEARCH_2.14,MNQ_0.1,MNQ_1Contract_Target150_200,OPF_PROFILE_0.1,20260520-0035-BULL-OBS-001135-Z001135,2026-05-20 00:35:00,1135,Skip,"StrategyRegimeNotTrend:score=30|SetupQualityTooLow:score=35,min=45",ActualCandidate,Long,TrendPullback,ZoneBirthResearch,30,35.0,False,28910.0,28893.75,28934.375,16.25,4.0,NearestStructure,0.2462,-121.01,1,,StrategyRegimeNotTrend,OPF_0.1,OPF_RESEARCH_2.14,MNQ_0.1,MNQ_1Contract_Target150_200,OPF_PROFILE_0.1,2026-05-20T00:35:00.0000000,1135,2026-05-20 03:35:00,1171,Long,TrendPullback,30,35.0,28910.0,28893.75,16.25,28907.75,28908.75,True,36405,86085,1.5,107.0,71.25,1146.0,1135.0,1135.0,1135.0,1135.0,1137.0,1138.0,1142.0,1136.0,1136.0,1136.0,1136.0,1141.0,36,MaxBars,Skip,"StrategyRegimeNotTrend:score=30|SetupQualityTooLow:score=35,min=45",,both
OPF-20260725-100040,OPF_0.1,OPF_RESEARCH_2.14,MNQ_0.1,MNQ_1Contract_Target150_200,OPF_PROFILE_0.1,20260520-0035-BULL-OBS-001135-Z001135-OC,2026-05-20 00:40:00,1136,Skip,"LongObservationWideRiskCutV137:risk=35.5,max=12|ObservationConfirmRiskCapExceeded:risk=35.5,max=12|RiskTooWideHard:risk=35.5,max=25|RiskTooWideVolAdjusted:risk=35.5,max=25,atr14=43.68",ActualCandidate,Long,TrendPullback,ObservationConfirm,30,60.0,True,28929.25,28893.75,29071.25,35.5,142.0,ActualTargetOverride:4,4.0,-121.01,1,,LongObservationWideRiskCutV137,OPF_0.1,OPF_RESEARCH_2.14,MNQ_0.1,MNQ_1Contract_Target150_200,OPF_PROFILE_0.1,2026-05-20T00:40:00.0000000,1136,2026-05-20 03:40:00,1172,Long,TrendPullback,30,60.0,28929.25,28893.75,35.5,28928.25,28929.0,True,38363,87052,4.0,87.75,90.5,1146.0,1138.0,1138.0,1144.0,1155.0,,,,1139.0,1139.0,1145.0,1145.0,,36,MaxBars,Skip,"LongObservationWideRiskCutV137:risk=35.5,max=12|ObservationConfirmRiskCapExceeded:risk=35.5,max=12|RiskTooWideHard:risk=35.5,max=25|RiskTooWideVolAdjusted:risk=35.5,max=25,atr14=43.68",,both
OPF-20260725-100040,OPF_0.1,OPF_RESEARCH_2.14,MNQ_0.1,MNQ_1Contract_Target150_200,OPF_PROFILE_0.1,20260520-0035-BULL-OBS-001135-Z001135-OC,2026-05-20 00:40:00,1136,Skip,"DailyVolumeFloorRiskCapExceeded:risk=53.25,max=18|OCWideStopLowRiskV132RiskCapExceeded:risk=53.25,max=18,side=Long|RiskTooWideHard:risk=53.25,max=25",ActualCandidate,Long,TrendPullback,ObservationConfirm_WideStop1_5R,30,60.0,True,28929.25,28876.0,29089.0,53.25,159.75,ActualTargetOverride:3,3.0,-121.01,1,,DailyVolumeFloorRiskCapExceeded,OPF_0.1,OPF_RESEARCH_2.14,MNQ_0.1,MNQ_1Contract_Target150_200,OPF_PROFILE_0.1,2026-05-20T00:40:00.0000000,1136,2026-05-20 03:40:00,1172,Long,TrendPullback,30,60.0,28929.25,28876.0,53.25,28928.25,28929.0,True,38363,87052,3.0,87.75,90.5,1147.0,1138.0,1144.0,1156.0,,,,,1139.0,1145.0,1158.0,1157.0,,36,MaxBars,Skip,"DailyVolumeFloorRiskCapExceeded:risk=53.25,max=18|OCWideStopLowRiskV132RiskCapExceeded:risk=53.25,max=18,side=Long|RiskTooWideHard:risk=53.25,max=25",,both
OPF-20260725-100040,OPF_0.1,OPF_RESEARCH_2.14,MNQ_0.1,MNQ_1Contract_Target150_200,OPF_PROFILE_0.1,20260520-0040-BULL-OBS-001136-Z001135,2026-05-20 00:40:00,1136,Skip,"StrategyRegimeNotTrend:score=30|SetupQualityTooLow:score=37,min=70",ActualCandidate,Long,TrendPullback,UnknownRegimeZoneTouch,30,37.0,False,28929.25,28893.75,28982.5,35.5,15.5,NearestStructure,0.4366,-121.01,1,,StrategyRegimeNotTrend,OPF_0.1,OPF_RESEARCH_2.14,MNQ_0.1,MNQ_1Contract_Target150_200,OPF_PROFILE_0.1,2026-05-20T00:40:00.0000000,1136,2026-05-20 03:40:00,1172,Long,TrendPullback,30,37.0,28929.25,28893.75,35.5,28928.25,28929.0,True,38363,87052,1.5,87.75,90.5,1146.0,1138.0,1138.0,1144.0,1155.0,,,,1139.0,1139.0,1145.0,1145.0,,36,MaxBars,Skip,"StrategyRegimeNotTrend:score=30|SetupQualityTooLow:score=37,min=70",,both
OPF-20260725-100040,OPF_0.1,OPF_RESEARCH_2.14,MNQ_0.1,MNQ_1Contract_Target150_200,OPF_PROFILE_0.1,20260520-0040-BULL-OBS-001136-Z001135-OC,2026-05-20 00:45:00,1137,Skip,"LongObservationWideRiskCutV137:risk=51.5,max=12|ObservationConfirmRiskCapExceeded:risk=51.5,max=12|RiskTooWideHard:risk=51.5,max=25|RiskTooWideVolAdjusted:risk=51.5,max=25,atr14=43.45",ActualCandidate,Long,TrendPullback,ObservationConfirm,30,52.0,True,28945.25,28893.75,29151.25,51.5,206.0,ActualTargetOverride:4,4.0,-121.01,1,,LongObservationWideRiskCutV137,OPF_0.1,OPF_RESEARCH_2.14,MNQ_0.1,MNQ_1Contract_Target150_200,OPF_PROFILE_0.1,2026-05-20T00:45:00.0000000,1137,2026-05-20 03:45:00,1173,Long,TrendPullback,30,52.0,28945.25,28893.75,51.5,28944.25,28945.0,True,39566,87435,4.0,71.75,106.5,1146.0,1144.0,1150.0,,,,,,1145.0,1158.0,,,,36,MaxBars,Skip,"LongObservationWideRiskCutV137:risk=51.5,max=12|ObservationConfirmRiskCapExceeded:risk=51.5,max=12|RiskTooWideHard:risk=51.5,max=25|RiskTooWideVolAdjusted:risk=51.5,max=25,atr14=43.45",,both
OPF-20260725-100040,OPF_0.1,OPF_RESEARCH_2.14,MNQ_0.1,MNQ_1Contract_Target150_200,OPF_PROFILE_0.1,20260520-0040-BULL-OBS-001136-Z001135-OC,2026-05-20 00:45:00,1137,Skip,"ObservationConfirmWideStopQualityTooLowV132:side=Long,score=52,min=56",ActualCandidate,Long,TrendPullback,ObservationConfirm_WideStop1_5R,30,52.0,True,28945.25,28868.0,29177.0,77.25,231.75,ActualTargetOverride:3,3.0,-121.01,1,,ObservationConfirmWideStopQualityTooLowV132,OPF_0.1,OPF_RESEARCH_2.14,MNQ_0.1,MNQ_1Contract_Target150_200,OPF_PROFILE_0.1,2026-05-20T00:45:00.0000000,1137,2026-05-20 03:45:00,1173,Long,TrendPullback,30,52.0,28945.25,28868.0,77.25,28944.25,28945.0,True,39566,87435,3.0,71.75,106.5,1147.0,1156.0,,,,,,,1158.0,,,,,36,MaxBars,Skip,"ObservationConfirmWideStopQualityTooLowV132:side=Long,score=52,min=56",,both
OPF-20260725-100040,OPF_0.1,OPF_RESEARCH_2.14,MNQ_0.1,MNQ_1Contract_Target150_200,OPF_PROFILE_0.1,20260520-0040-BULL-OBS-001136-Z001135-OC-STR,2026-05-20 00:45:00,1137,Skip,"AggressiveExpansionV164RiskCapExceeded:risk=51.5,max=25|RiskTooWideHard:risk=51.5,max=25|EstimatedRRTooLow:rr=0.0777,min=0.25,reward=4,model=AggressiveExpansionV164Eligibility:NearestStructure",ActualCandidate,Long,TrendPullback,ObservationStrict_Other,30,52.0,True,28945.25,28893.75,29099.75,51.5,4.0,AggressiveExpansionV164Eligibility:NearestStructure,0.0777,-121.01,1,,AggressiveExpansionV164RiskCapExceeded,OPF_0.1,OPF_RESEARCH_2.14,MNQ_0.1,MNQ_1Contract_Target150_200,OPF_PROFILE_0.1,2026-05-20T00:45:00.0000000,1137,2026-05-20 03:45:00,1173,Long,TrendPullback,30,52.0,28945.25,28893.75,51.5,28944.25,28945.0,True,39566,87435,3.0,71.75,106.5,1146.0,1144.0,1150.0,,,,,,1145.0,1158.0,,,,36,MaxBars,Skip,"AggressiveExpansionV164RiskCapExceeded:risk=51.5,max=25|RiskTooWideHard:risk=51.5,max=25|EstimatedRRTooLow:rr=0.0777,min=0.25,reward=4,model=AggressiveExpansionV164Eligibility:NearestStructure",,both
OPF-20260725-100040,OPF_0.1,OPF_RESEARCH_2.14,MNQ_0.1,MNQ_1Contract_Target150_200,OPF_PROFILE_0.1,20260520-0040-BULL-OBS-001136-Z001135-OC-STR,2026-05-20 00:45:00,1137,Skip,"AggressiveExpansionV164RiskCapExceeded:risk=77.25,max=25|RiskTooWideHard:risk=77.25,max=25|EstimatedRRTooLow:rr=0.0518,min=0.25,reward=4,model=AggressiveExpansionV164Eligibility:NearestStructure",ActualCandidate,Long,TrendPullback,ObservationStrict_Other_WideStop1_5R,30,52.0,True,28945.25,28868.0,29177.0,77.25,4.0,AggressiveExpansionV164Eligibility:NearestStructure,0.0518,-121.01,1,,AggressiveExpansionV164RiskCapExceeded,OPF_0.1,OPF_RESEARCH_2.14,MNQ_0.1,MNQ_1Contract_Target150_200,OPF_PROFILE_0.1,2026-05-20T00:45:00.0000000,1137,2026-05-20 03:45:00,1173,Long,TrendPullback,30,52.0,28945.25,28868.0,77.25,28944.25,28945.0,True,39566,87435,3.0,71.75,106.5,1147.0,1156.0,,,,,,,1158.0,,,,,36,MaxBars,Skip,"AggressiveExpansionV164RiskCapExceeded:risk=77.25,max=25|RiskTooWideHard:risk=77.25,max=25|EstimatedRRTooLow:rr=0.0518,min=0.25,reward=4,model=AggressiveExpansionV164Eligibility:NearestStructure",,both
OPF-20260725-100040,OPF_0.1,OPF_RESEARCH_2.14,MNQ_0.1,MNQ_1Contract_Target150_200,OPF_PROFILE_0.1,20260520-0050-BEAR-OBS-001138-Z001127,2026-05-20 00:50:00,1138,Skip,"SetupQualityTooLow:score=30,min=45",ActualCandidate,Short,TrendPullback,UnknownRegimeZoneTouch,30,30.0,False,28959.5,28968.75,28931.75,9.25,4.5,AggressiveExpansionV164Eligibility:NearestStructure,0.4865,-121.01,1,,SetupQualityTooLow,OPF_0.1,OPF_RESEARCH_2.14,MNQ_0.1,MNQ_1Contract_Target150_200,OPF_PROFILE_0.1,2026-05-20T00:50:00.0000000,1138,2026-05-20 03:50:00,1174,Short,TrendPullback,30,30.0,28959.5,28968.75,9.25,28958.5,28959.25,True,40838,87928,3.0,120.75,57.5,1138.0,1138.0,1138.0,1138.0,1138.0,1138.0,1138.0,1140.0,1139.0,1139.0,1139.0,1139.0,1139.0,36,MaxBars,Skip,"SetupQualityTooLow:score=30,min=45",,both
OPF-20260725-100040,OPF_0.1,OPF_RESEARCH_2.14,MNQ_0.1,MNQ_1Contract_Target150_200,OPF_PROFILE_0.1,20260520-0050-BEAR-OBS-001138-Z001127-OC,2026-05-20 00:55:00,1139,Skip,"ObservationConfirmRiskCapExceeded:risk=29,max=20|RiskTooWideHard:risk=29,max=25|RiskTooWideVolAdjusted:risk=29,max=25,atr14=46.04",ActualCandidate,Short,TrendPullback,ObservationConfirm,30,52.0,True,28939.75,28968.75,28896.25,29.0,43.5,ObservationConfirmTargetR:1.5,1.5,-121.01,1,,ObservationConfirmRiskCapExceeded,OPF_0.1,OPF_RESEARCH_2.14,MNQ_0.1,MNQ_1Contract_Target150_200,OPF_PROFILE_0.1,2026-05-20T00:55:00.0000000,1139,2026-05-20 03:55:00,1175,Short,TrendPullback,30,52.0,28939.75,28968.75,29.0,28939.0,28939.75,True,41861,88499,1.5,101.0,77.25,1142.0,1140.0,1141.0,1146.0,1146.0,1147.0,1164.0,,1141.0,1142.0,1149.0,1149.0,1149.0,36,MaxBars,Skip,"ObservationConfirmRiskCapExceeded:risk=29,max=20|RiskTooWideHard:risk=29,max=25|RiskTooWideVolAdjusted:risk=29,max=25,atr14=46.04",,both
OPF-20260725-100040,OPF_0.1,OPF_RESEARCH_2.14,MNQ_0.1,MNQ_1Contract_Target150_200,OPF_PROFILE_0.1,20260520-0050-BEAR-OBS-001138-Z001127-OC,2026-05-20 00:55:00,1139,Skip,"ObservationConfirmWideStopQualityTooLowV132:side=Short,score=52,min=56",ActualCandidate,Short,TrendPullback,ObservationConfirm_WideStop1_5R,30,52.0,True,28939.75,28983.25,28874.5,43.5,0.25,NearestStructure,0.0057,-121.01,1,,ObservationConfirmWideStopQualityTooLowV132,OPF_0.1,OPF_RESEARCH_2.14,MNQ_0.1,MNQ_1Contract_Target150_200,OPF_PROFILE_0.1,2026-05-20T00:55:00.0000000,1139,2026-05-20 03:55:00,1175,Short,TrendPullback,30,52.0,28939.75,28983.25,43.5,28939.0,28939.75,True,41861,88499,1.5,101.0,77.25,1144.0,1141.0,1146.0,1147.0,1164.0,,,,1142.0,1149.0,1149.0,1148.0,,36,MaxBars,Skip,"ObservationConfirmWideStopQualityTooLowV132:side=Short,score=52,min=56",,both
OPF-20260725-100040,OPF_0.1,OPF_RESEARCH_2.14,MNQ_0.1,MNQ_1Contract_Target150_200,OPF_PROFILE_0.1,20260520-0110-BEAR-OBS-001142-Z001126,2026-05-20 01:10:00,1142,Skip,"SetupQualityTooLow:score=27,min=45",ActualCandidate,Short,TrendPullback,UnknownRegimeZoneTouch,0,27.0,False,28975.0,28984.5,28946.5,9.5,6.0,AggressiveExpansionV164Eligibility:NearestStructure,0.6316,-121.01,1,,SetupQualityTooLow,OPF_0.1,OPF_RESEARCH_2.14,MNQ_0.1,MNQ_1Contract_Target150_200,OPF_PROFILE_0.1,2026-05-20T01:10:00.0000000,1142,2026-05-20 04:10:00,1178,Short,TrendPullback,0,27.0,28975.0,28984.5,9.5,28973.75,28974.5,True,46484,91841,3.0,136.25,42.0,1144.0,1142.0,1142.0,1142.0,1142.0,1142.0,1144.0,1145.0,1143.0,1143.0,1143.0,1143.0,1143.0,36,MaxBars,Skip,"SetupQualityTooLow:score=27,min=45",,both
OPF-20260725-100040,OPF_0.1,OPF_RESEARCH_2.14,MNQ_0.1,MNQ_1Contract_Target150_200,OPF_PROFILE_0.1,20260520-0110-BEAR-OBS-001142-Z001126-OC,2026-05-20 01:15:00,1143,Skip,"StrictEntryRiskBandExcludedV208:risk=15,excluded=(13.25,16]|ShortObservationMidRiskQualityCutV112:score=48,min=60,risk=15",ActualCandidate,Short,TrendPullback,ObservationConfirm,0,48.0,True,28969.5,28984.5,28947.0,15.0,22.5,ObservationConfirmTargetR:1.5,1.5,-121.01,1,,StrictEntryRiskBandExcludedV208,OPF_0.1,OPF_RESEARCH_2.14,MNQ_0.1,MNQ_1Contract_Target150_200,OPF_PROFILE_0.1,2026-05-20T01:15:00.0000000,1143,2026-05-20 04:15:00,1179,Short,TrendPullback,0,48.0,28969.5,28984.5,15.0,28969.25,28969.75,True,47658,92509,1.5,130.75,47.5,1144.0,1143.0,1143.0,1144.0,1144.0,1145.0,1145.0,1145.0,1144.0,1144.0,1150.0,1150.0,1150.0,36,MaxBars,Skip,"StrictEntryRiskBandExcludedV208:risk=15,excluded=(13.25,16]|ShortObservationMidRiskQualityCutV112:score=48,min=60,risk=15",,both
OPF-20260725-100040,OPF_0.1,OPF_RESEARCH_2.14,MNQ_0.1,MNQ_1Contract_Target150_200,OPF_PROFILE_0.1,20260520-0110-BEAR-OBS-001142-Z001126-OC,2026-05-20 01:15:00,1143,Skip,"ObservationConfirmWideStopQualityTooLowV132:side=Short,score=48,min=56",ActualCandidate,Short,TrendPullback,ObservationConfirm_WideStop1_5R,0,48.0,True,28969.5,28992.0,28935.75,22.5,1.25,NearestStructure,0.0556,-121.01,1,,ObservationConfirmWideStopQualityTooLowV132,OPF_0.1,OPF_RESEARCH_2.14,MNQ_0.1,MNQ_1Contract_Target150_200,OPF_PROFILE_0.1,2026-05-20T01:15:00.0000000,1143,2026-05-20 04:15:00,1179,Short,TrendPullback,0,48.0,28969.5,28992.0,22.5,28969.25,28969.75,True,47658,92509,1.5,130.75,47.5,1150.0,1144.0,1144.0,1145.0,1145.0,1145.0,1145.0,1146.0,1150.0,1150.0,1150.0,1150.0,1150.0,36,MaxBars,Skip,"ObservationConfirmWideStopQualityTooLowV132:side=Short,score=48,min=56",,both
OPF-20260725-100040,OPF_0.1,OPF_RESEARCH_2.14,MNQ_0.1,MNQ_1Contract_Target150_200,OPF_PROFILE_0.1,20260520-0125-BEAR-OBS-001145-Z001145,2026-05-20 01:25:00,1145,Skip,"ZoneBirthShortV170RiskBandExcluded:risk=44.75,allowed=<=8|>12<=18|AggressiveExpansionV164RiskCapExceeded:risk=44.75,max=25|RiskTooWideHard:risk=44.75,max=25|EstimatedRRTooLow:rr=0.0223,min=0.25,reward=1,model=AggressiveExpansionV164Eligibility:NearestStructure",ActualCandidate,Short,TrendPullback,ZoneBirthResearch,0,45.0,True,28908.75,28953.5,28796.875,44.75,1.0,AggressiveExpansionV164Eligibility:NearestStructure,0.0223,-121.01,1,,ZoneBirthShortV170RiskBandExcluded,OPF_0.1,OPF_RESEARCH_2.14,MNQ_0.1,MNQ_1Contract_Target150_200,OPF_PROFILE_0.1,2026-05-20T01:25:00.0000000,1145,2026-05-20 04:25:00,1181,Short,TrendPullback,0,45.0,28908.75,28953.5,44.75,28908.75,28909.5,True,50945,93864,2.5,70.0,108.25,1150.0,1147.0,1147.0,1166.0,,,,,1149.0,1149.0,1171.0,1167.0,,36,MaxBars,Skip,"ZoneBirthShortV170RiskBandExcluded:risk=44.75,allowed=<=8|>12<=18|AggressiveExpansionV164RiskCapExceeded:risk=44.75,max=25|RiskTooWideHard:risk=44.75,max=25|EstimatedRRTooLow:rr=0.0223,min=0.25,reward=1,model=AggressiveExpansionV164Eligibility:NearestStructure",,both
OPF-20260725-100040,OPF_0.1,OPF_RESEARCH_2.14,MNQ_0.1,MNQ_1Contract_Target150_200,OPF_PROFILE_0.1,20260520-0125-BEAR-OBS-001145-Z001145-OC,2026-05-20 01:30:00,1146,Skip,"ObservationConfirmRiskCapExceeded:risk=71.5,max=18|RiskTooWideHard:risk=71.5,max=25|RiskTooWideVolAdjusted:risk=71.5,max=25,atr14=43.7",ActualCandidate,Short,TrendPullback,ObservationConfirm,0,60.0,True,28882.0,28953.5,28774.75,71.5,107.25,ObservationConfirmTargetR:1.5,1.5,-121.01,1,,ObservationConfirmRiskCapExceeded,OPF_0.1,OPF_RESEARCH_2.14,MNQ_0.1,MNQ_1Contract_Target150_200,OPF_PROFILE_0.1,2026-05-20T01:30:00.0000000,1146,2026-05-20 04:30:00,1182,Short,TrendPullback,0,60.0,28882.0,28953.5,71.5,28881.5,28882.25,True,53213,94755,1.5,43.25,135.0,1150.0,,,,,,,,,,,,,36,MaxBars,Skip,"ObservationConfirmRiskCapExceeded:risk=71.5,max=18|RiskTooWideHard:risk=71.5,max=25|RiskTooWideVolAdjusted:risk=71.5,max=25,atr14=43.7",,both
OPF-20260725-100040,OPF_0.1,OPF_RESEARCH_2.14,MNQ_0.1,MNQ_1Contract_Target150_200,OPF_PROFILE_0.1,20260520-0125-BEAR-OBS-001145-Z001145-OC,2026-05-20 01:30:00,1146,Skip,"ObservationConfirmWideStopVolumeV131RiskCapExceeded:risk=107.25,max=22,side=Short|RiskTooWideHard:risk=107.25,max=25|EstimatedRRTooLow:rr=0.2704,min=0.8,reward=29,model=NearestStructure",ActualCandidate,Short,TrendPullback,ObservationConfirm_WideStop1_5R,0,60.0,True,28882.0,28989.25,28721.125,107.25,29.0,NearestStructure,0.2704,-121.01,1,,ObservationConfirmWideStopVolumeV131RiskCapExceeded,OPF_0.1,OPF_RESEARCH_2.14,MNQ_0.1,MNQ_1Contract_Target150_200,OPF_PROFILE_0.1,2026-05-20T01:30:00.0000000,1146,2026-05-20 04:30:00,1182,Short,TrendPullback,0,60.0,28882.0,28989.25,107.25,28881.5,28882.25,True,53213,94755,1.5,43.25,135.0,1150.0,,,,,,,,,,,,,36,MaxBars,Skip,"ObservationConfirmWideStopVolumeV131RiskCapExceeded:risk=107.25,max=22,side=Short|RiskTooWideHard:risk=107.25,max=25|EstimatedRRTooLow:rr=0.2704,min=0.8,reward=29,model=NearestStructure",,both
OPF-20260725-100040,OPF_0.1,OPF_RESEARCH_2.14,MNQ_0.1,MNQ_1Contract_Target150_200,OPF_PROFILE_0.1,20260520-0130-BEAR-OBS-001146-Z001146,2026-05-20 01:30:00,1146,Skip,"ZoneBirthShortV170RiskBandExcluded:risk=56.25,allowed=<=8|>12<=18|AggressiveExpansionV164RiskCapExceeded:risk=56.25,max=25|RiskTooWideHard:risk=56.25,max=25",ActualCandidate,Short,TrendPullback,ZoneBirthResearch,0,45.0,True,28882.0,28938.25,28741.375,56.25,29.0,AggressiveExpansionV164Eligibility:NearestStructure,0.5156,-121.01,1,,ZoneBirthShortV170RiskBandExcluded,OPF_0.1,OPF_RESEARCH_2.14,MNQ_0.1,MNQ_1Contract_Target150_200,OPF_PROFILE_0.1,2026-05-20T01:30:00.0000000,1146,2026-05-20 04:30:00,1182,Short,TrendPullback,0,45.0,28882.0,28938.25,56.25,28881.5,28882.25,True,53213,94755,2.5,43.25,135.0,1149.0,1166.0,,,,,,,1168.0,,,,,36,MaxBars,Skip,"ZoneBirthShortV170RiskBandExcluded:risk=56.25,allowed=<=8|>12<=18|AggressiveExpansionV164RiskCapExceeded:risk=56.25,max=25|RiskTooWideHard:risk=56.25,max=25",,both
OPF-20260725-100040,OPF_0.1,OPF_RESEARCH_2.14,MNQ_0.1,MNQ_1Contract_Target150_200,OPF_PROFILE_0.1,20260520-0130-BEAR-OBS-001146-Z001146-OC,2026-05-20 01:35:00,1147,Skip,"ObservationConfirmRiskCapExceeded:risk=34.5,max=20|RiskTooWideHard:risk=34.5,max=25|RiskTooWideVolAdjusted:risk=34.5,max=25,atr14=42.91",ActualCandidate,Short,TrendPullback,ObservationConfirm,0,50.0,True,28903.75,28938.25,28852.0,34.5,51.75,ObservationConfirmTargetR:1.5,1.5,-121.01,1,,ObservationConfirmRiskCapExceeded,OPF_0.1,OPF_RESEARCH_2.14,MNQ_0.1,MNQ_1Contract_Target150_200,OPF_PROFILE_0.1,2026-05-20T01:35:00.0000000,1147,2026-05-20 04:35:00,1183,Short,TrendPullback,0,50.0,28903.75,28938.25,34.5,28902.5,28903.25,True,54918,95811,1.5,65.0,113.25,1149.0,1147.0,1147.0,1164.0,,,,,1148.0,1148.0,1171.0,1165.0,,36,MaxBars,Skip,"ObservationConfirmRiskCapExceeded:risk=34.5,max=20|RiskTooWideHard:risk=34.5,max=25|RiskTooWideVolAdjusted:risk=34.5,max=25,atr14=42.91",,both
OPF-20260725-100040,OPF_0.1,OPF_RESEARCH_2.14,MNQ_0.1,MNQ_1Contract_Target150_200,OPF_PROFILE_0.1,20260520-0130-BEAR-OBS-001146-Z001146-OC,2026-05-20 01:35:00,1147,Skip,"ObservationConfirmWideStopQualityTooLowV132:side=Short,score=50,min=56",ActualCandidate,Short,TrendPullback,ObservationConfirm_WideStop1_5R,0,50.0,True,28903.75,28955.5,28826.125,51.75,1.5,NearestStructure,0.029,-121.01,1,,ObservationConfirmWideStopQualityTooLowV132,OPF_0.1,OPF_RESEARCH_2.14,MNQ_0.1,MNQ_1Contract_Target150_200,OPF_PROFILE_0.1,2026-05-20T01:35:00.0000000,1147,2026-05-20 04:35:00,1183,Short,TrendPullback,0,50.0,28903.75,28955.5,51.75,28902.5,28903.25,True,54918,95811,1.5,65.0,113.25,1150.0,1147.0,1164.0,,,,,,1148.0,1171.0,,,,36,MaxBars,Skip,"ObservationConfirmWideStopQualityTooLowV132:side=Short,score=50,min=56",,both
OPF-20260725-100040,OPF_0.1,OPF_RESEARCH_2.14,MNQ_0.1,MNQ_1Contract_Target150_200,OPF_PROFILE_0.1,20260520-0130-BEAR-OBS-001146-Z001146-OC-STR,2026-05-20 01:35:00,1147,Skip,"AggressiveExpansionV164SideDisabled:path=ObservationStrict_Other,side=Short",ActualCandidate,Short,TrendPullback,ObservationStrict_Other,0,50.0,True,28903.75,28938.25,28852.0,34.5,1.5,NearestStructure,0.0435,-121.01,1,,AggressiveExpansionV164SideDisabled,OPF_0.1,OPF_RESEARCH_2.14,MNQ_0.1,MNQ_1Contract_Target150_200,OPF_PROFILE_0.1,2026-05-20T01:35:00.0000000,1147,2026-05-20 04:35:00,1183,Short,TrendPullback,0,50.0,28903.75,28938.25,34.5,28902.5,28903.25,True,54918,95811,1.5,65.0,113.25,1149.0,1147.0,1147.0,1164.0,,,,,1148.0,1148.0,1171.0,1165.0,,36,MaxBars,Skip,"AggressiveExpansionV164SideDisabled:path=ObservationStrict_Other,side=Short",,both
OPF-20260725-100040,OPF_0.1,OPF_RESEARCH_2.14,MNQ_0.1,MNQ_1Contract_Target150_200,OPF_PROFILE_0.1,20260520-0130-BEAR-OBS-001146-Z001146-OC-STR,2026-05-20 01:35:00,1147,Skip,"StrategyRegimeNotTrend:score=0|SetupQualityTooLow:score=50,min=70",ActualCandidate,Short,TrendPullback,ObservationStrict_Other_WideStop1_5R,0,50.0,False,28903.75,28955.5,28826.125,51.75,1.5,NearestStructure,0.029,-121.01,1,,StrategyRegimeNotTrend,OPF_0.1,OPF_RESEARCH_2.14,MNQ_0.1,MNQ_1Contract_Target150_200,OPF_PROFILE_0.1,2026-05-20T01:35:00.0000000,1147,2026-05-20 04:35:00,1183,Short,TrendPullback,0,50.0,28903.75,28955.5,51.75,28902.5,28903.25,True,54918,95811,1.5,65.0,113.25,1150.0,1147.0,1164.0,,,,,,1148.0,1171.0,,,,36,MaxBars,Skip,"StrategyRegimeNotTrend:score=0|SetupQualityTooLow:score=50,min=70",,both
OPF-20260725-100040,OPF_0.1,OPF_RESEARCH_2.14,MNQ_0.1,MNQ_1Contract_Target150_200,OPF_PROFILE_0.1,20260520-0305-BEAR-OBS-001165-Z001165,2026-05-20 03:05:00,1165,Skip,"StrictEntryRiskBandExcludedV208:risk=14.25,excluded=(13.25,16]",ActualCandidate,Short,TrendPullback,ZoneBirthResearch,10,35.0,True,28864.5,28878.75,28828.875,14.25,6.25,AggressiveExpansionV164Eligibility:NearestStructure,0.4386,-121.01,1,,StrictEntryRiskBandExcludedV208,OPF_0.1,OPF_RESEARCH_2.14,MNQ_0.1,MNQ_1Contract_Target150_200,OPF_PROFILE_0.1,2026-05-20T03:05:00.0000000,1165,2026-05-20 06:05:00,1201,Short,TrendPullback,10,35.0,28864.5,28878.75,14.25,28864.0,28864.75,True,78494,110924,2.5,25.75,118.5,1167.0,1165.0,1166.0,1166.0,,,,,1166.0,1167.0,1167.0,1167.0,,36,MaxBars,Skip,"StrictEntryRiskBandExcludedV208:risk=14.25,excluded=(13.25,16]",,both
OPF-20260725-100040,OPF_0.1,OPF_RESEARCH_2.14,MNQ_0.1,MNQ_1Contract_Target150_200,OPF_PROFILE_0.1,20260520-0305-BEAR-OBS-001165-Z001165-OC,2026-05-20 03:10:00,1166,Skip,"ObservationConfirmRiskCapExceeded:risk=33.5,max=18|RiskTooWideHard:risk=33.5,max=25|RiskTooWideVolAdjusted:risk=33.5,max=20.29,atr14=33.82",ActualCandidate,Short,TrendPullback,ObservationConfirm,10,60.0,True,28845.25,28878.75,28795.0,33.5,50.25,ObservationConfirmTargetR:1.5,1.5,-121.01,1,,ObservationConfirmRiskCapExceeded,OPF_0.1,OPF_RESEARCH_2.14,MNQ_0.1,MNQ_1Contract_Target150_200,OPF_PROFILE_0.1,2026-05-20T03:10:00.0000000,1166,2026-05-20 06:10:00,1202,Short,TrendPullback,10,60.0,28845.25,28878.75,33.5,28844.75,28845.25,True,79683,111612,1.5,6.5,137.75,1167.0,,,,,,,,,,,,,36,MaxBars,Skip,"ObservationConfirmRiskCapExceeded:risk=33.5,max=18|RiskTooWideHard:risk=33.5,max=25|RiskTooWideVolAdjusted:risk=33.5,max=20.29,atr14=33.82",,both
OPF-20260725-100040,OPF_0.1,OPF_RESEARCH_2.14,MNQ_0.1,MNQ_1Contract_Target150_200,OPF_PROFILE_0.1,20260520-0305-BEAR-OBS-001165-Z001165-OC,2026-05-20 03:10:00,1166,Skip,"ObservationConfirmWideStopVolumeV131RiskCapExceeded:risk=50.25,max=22,side=Short|RiskTooWideHard:risk=50.25,max=25|EstimatedRRTooLow:rr=0,min=0.8,reward=0,model=NearestStructure",ActualCandidate,Short,TrendPullback,ObservationConfirm_WideStop1_5R,10,60.0,True,28845.25,28895.5,28769.875,50.25,0.0,NearestStructure,0.0,-121.01,1,,ObservationConfirmWideStopVolumeV131RiskCapExceeded,OPF_0.1,OPF_RESEARCH_2.14,MNQ_0.1,MNQ_1Contract_Target150_200,OPF_PROFILE_0.1,2026-05-20T03:10:00.0000000,1166,2026-05-20 06:10:00,1202,Short,TrendPullback,10,60.0,28845.25,28895.5,50.25,28844.75,28845.25,True,79683,111612,1.5,6.5,137.75,1171.0,,,,,,,,,,,,,36,MaxBars,Skip,"ObservationConfirmWideStopVolumeV131RiskCapExceeded:risk=50.25,max=22,side=Short|RiskTooWideHard:risk=50.25,max=25|EstimatedRRTooLow:rr=0,min=0.8,reward=0,model=NearestStructure",,both
OPF-20260725-100040,OPF_0.1,OPF_RESEARCH_2.14,MNQ_0.1,MNQ_1Contract_Target150_200,OPF_PROFILE_0.1,20260520-0340-BULL-OBS-001172-Z001172,2026-05-20 03:40:00,1172,Skip,"StrategyRegimeNotTrend:score=0|SetupQualityTooLow:score=35,min=45",ActualCandidate,Long,TrendPullback,ZoneBirthResearch,0,35.0,False,28893.5,28888.0,28901.75,5.5,1.75,NearestStructure,0.3182,-121.01,1,,StrategyRegimeNotTrend,OPF_0.1,OPF_RESEARCH_2.14,MNQ_0.1,MNQ_1Contract_Target150_200,OPF_PROFILE_0.1,2026-05-20T03:40:00.0000000,1172,2026-05-20 06:40:00,1208,Long,TrendPullback,0,35.0,28893.5,28888.0,5.5,28893.25,28894.0,True,87052,117790,1.5,134.5,22.75,1173.0,1172.0,1172.0,1172.0,1172.0,1172.0,1172.0,1176.0,1173.0,1173.0,1173.0,1173.0,1173.0,36,MaxBars,Skip,"StrategyRegimeNotTrend:score=0|SetupQualityTooLow:score=35,min=45",,both
OPF-20260725-100040,OPF_0.1,OPF_RESEARCH_2.14,MNQ_0.1,MNQ_1Contract_Target150_200,OPF_PROFILE_0.1,20260520-0340-BULL-OBS-001172-Z001172-FR,2026-05-20 03:50:00,1174,Skip,ActualPathDisabledV209:side=Short|path=FailureReverse_ObservationInvalidated,ActualCandidate,Short,FailureReverse,FailureReverse_ObservationInvalidated,0,50.0,True,28885.0,28890.75,28870.625,5.75,3.5,AggressiveExpansionV164Eligibility:NearestStructure,0.6087,-121.01,1,,ActualPathDisabledV209,OPF_0.1,OPF_RESEARCH_2.14,MNQ_0.1,MNQ_1Contract_Target150_200,OPF_PROFILE_0.1,2026-05-20T03:50:00.0000000,1174,2026-05-20 06:50:00,1210,Short,FailureReverse,0,50.0,28885.0,28890.75,5.75,28885.0,28885.5,True,87928,119004,2.5,14.25,150.0,1174.0,1174.0,1186.0,1186.0,1187.0,,,,1175.0,1187.0,1187.0,1187.0,,36,MaxBars,Skip,ActualPathDisabledV209:side=Short|path=FailureReverse_ObservationInvalidated,,both
OPF-20260725-100040,OPF_0.1,OPF_RESEARCH_2.14,MNQ_0.1,MNQ_1Contract_Target150_200,OPF_PROFILE_0.1,20260520-0340-BULL-OBS-001172-Z001172-FR,2026-05-20 03:50:00,1174,Skip,"AggressiveExpansionWait1ScheduledV165:EntryBarStopTouched:high=28896.5,stop=28893.62",ActualCandidate,Short,FailureReverse,FailureReverse_ObservationInvalidated_WideStop1_5R,0,50.0,True,28885.0,28893.62,28850.52,8.62,3.5,AggressiveExpansionV164Eligibility:NearestStructure,0.406,-121.01,1,,AggressiveExpansionWait1ScheduledV165,OPF_0.1,OPF_RESEARCH_2.14,MNQ_0.1,MNQ_1Contract_Target150_200,OPF_PROFILE_0.1,2026-05-20T03:50:00.0000000,1174,2026-05-20 06:50:00,1210,Short,FailureReverse,0,50.0,28885.0,28893.62,8.62,28885.0,28885.5,True,87928,119004,4.0,14.25,150.0,1174.0,1186.0,1186.0,1187.0,,,,,1187.0,1187.0,1188.0,1188.0,,36,MaxBars,Skip,"AggressiveExpansionWait1ScheduledV165:EntryBarStopTouched:high=28896.5,stop=28893.62",,both
OPF-20260725-100040,OPF_0.1,OPF_RESEARCH_2.14,MNQ_0.1,MNQ_1Contract_Target150_200,OPF_PROFILE_0.1,20260520-0345-BULL-OBS-001173-Z001172,2026-05-20 03:45:00,1173,Skip,"StrategyRegimeNotTrend:score=0|SetupQualityTooLow:score=30,min=70",ActualCandidate,Long,TrendPullback,UnknownRegimeZoneTouch,0,30.0,False,28888.75,28888.0,28889.875,0.75,2.0,NearestStructure,2.6667,-121.01,1,,StrategyRegimeNotTrend,OPF_0.1,OPF_RESEARCH_2.14,MNQ_0.1,MNQ_1Contract_Target150_200,OPF_PROFILE_0.1,2026-05-20T03:45:00.0000000,1173,2026-05-20 06:45:00,1209,Long,TrendPullback,0,30.0,28888.75,28888.0,0.75,28888.25,28889.0,True,87435,118290,1.5,139.25,18.0,1173.0,1173.0,1173.0,1173.0,1173.0,1173.0,1173.0,1173.0,1174.0,1174.0,1174.0,1174.0,1174.0,36,MaxBars,Skip,"StrategyRegimeNotTrend:score=0|SetupQualityTooLow:score=30,min=70",,both
OPF-20260725-100040,OPF_0.1,OPF_RESEARCH_2.14,MNQ_0.1,MNQ_1Contract_Target150_200,OPF_PROFILE_0.1,20260520-0345-BULL-OBS-001173-Z001172-FR,2026-05-20 03:50:00,1174,Skip,ActualPathDisabledV209:side=Short|path=FailureReverse_ObservationInvalidated,ActualCandidate,Short,FailureReverse,FailureReverse_ObservationInvalidated,0,42.0,True,28885.0,28890.75,28870.625,5.75,3.5,AggressiveExpansionV164Eligibility:NearestStructure,0.6087,-121.01,1,,ActualPathDisabledV209,OPF_0.1,OPF_RESEARCH_2.14,MNQ_0.1,MNQ_1Contract_Target150_200,OPF_PROFILE_0.1,2026-05-20T03:50:00.0000000,1174,2026-05-20 06:50:00,1210,Short,FailureReverse,0,42.0,28885.0,28890.75,5.75,28885.0,28885.5,True,87928,119004,2.5,14.25,150.0,1174.0,1174.0,1186.0,1186.0,1187.0,,,,1175.0,1187.0,1187.0,1187.0,,36,MaxBars,Skip,ActualPathDisabledV209:side=Short|path=FailureReverse_ObservationInvalidated,,both
OPF-20260725-100040,OPF_0.1,OPF_RESEARCH_2.14,MNQ_0.1,MNQ_1Contract_Target150_200,OPF_PROFILE_0.1,20260520-0345-BULL-OBS-001173-Z001172-FR,2026-05-20 03:50:00,1174,Skip,"AggressiveExpansionWait1ScheduledV165:EntryBarStopTouched:high=28896.5,stop=28893.62",ActualCandidate,Short,FailureReverse,FailureReverse_ObservationInvalidated_WideStop1_5R,0,42.0,True,28885.0,28893.62,28850.52,8.62,3.5,AggressiveExpansionV164Eligibility:NearestStructure,0.406,-121.01,1,,AggressiveExpansionWait1ScheduledV165,OPF_0.1,OPF_RESEARCH_2.14,MNQ_0.1,MNQ_1Contract_Target150_200,OPF_PROFILE_0.1,2026-05-20T03:50:00.0000000,1174,2026-05-20 06:50:00,1210,Short,FailureReverse,0,42.0,28885.0,28893.62,8.62,28885.0,28885.5,True,87928,119004,4.0,14.25,150.0,1174.0,1186.0,1186.0,1187.0,,,,,1187.0,1187.0,1188.0,1188.0,,36,MaxBars,Skip,"AggressiveExpansionWait1ScheduledV165:EntryBarStopTouched:high=28896.5,stop=28893.62",,both
OPF-20260725-100040,OPF_0.1,OPF_RESEARCH_2.14,MNQ_0.1,MNQ_1Contract_Target150_200,OPF_PROFILE_0.1,20260520-0435-BEAR-OBS-001183-Z001183,2026-05-20 04:35:00,1183,Skip,"ZoneBirthShortV170RiskBandExcluded:risk=18.25,allowed=<=8|>12<=18|EstimatedRRTooLow:rr=0.1781,min=0.25,reward=3.25,model=AggressiveExpansionV164Eligibility:NearestStructure",ActualCandidate,Short,TrendPullback,ZoneBirthResearch,0,45.0,True,28893.5,28911.75,28847.875,18.25,3.25,AggressiveExpansionV164Eligibility:NearestStructure,0.1781,-121.01,1,,ZoneBirthShortV170RiskBandExcluded,OPF_0.1,OPF_RESEARCH_2.14,MNQ_0.1,MNQ_1Contract_Target150_200,OPF_PROFILE_0.1,2026-05-20T04:35:00.0000000,1183,2026-05-20 07:35:00,1219,Short,TrendPullback,0,45.0,28893.5,28911.75,18.25,28892.25,28893.0,True,95811,126206,2.5,22.75,171.5,1188.0,1186.0,1186.0,,,,,,1188.0,1188.0,,,,36,MaxBars,Skip,"ZoneBirthShortV170RiskBandExcluded:risk=18.25,allowed=<=8|>12<=18|EstimatedRRTooLow:rr=0.1781,min=0.25,reward=3.25,model=AggressiveExpansionV164Eligibility:NearestStructure",,both
OPF-20260725-100040,OPF_0.1,OPF_RESEARCH_2.14,MNQ_0.1,MNQ_1Contract_Target150_200,OPF_PROFILE_0.1,20260520-0435-BEAR-OBS-001183-Z001183-OC,2026-05-20 04:40:00,1184,Skip,"ObservationConfirmRiskCapExceeded:risk=26,max=18|RiskTooWideHard:risk=26,max=25|RiskTooWideVolAdjusted:risk=26,max=15.19,atr14=25.32",ActualCandidate,Short,TrendPullback,ObservationConfirm,0,60.0,True,28885.75,28911.75,28846.75,26.0,39.0,ObservationConfirmTargetR:1.5,1.5,-121.01,1,,ObservationConfirmRiskCapExceeded,OPF_0.1,OPF_RESEARCH_2.14,MNQ_0.1,MNQ_1Contract_Target150_200,OPF_PROFILE_0.1,2026-05-20T04:40:00.0000000,1184,2026-05-20 07:40:00,1220,Short,TrendPullback,0,60.0,28885.75,28911.75,26.0,28884.25,28885.0,True,96559,127280,1.5,15.0,179.25,1188.0,,,,,,,,,,,,,36,MaxBars,Skip,"ObservationConfirmRiskCapExceeded:risk=26,max=18|RiskTooWideHard:risk=26,max=25|RiskTooWideVolAdjusted:risk=26,max=15.19,atr14=25.32",,both
OPF-20260725-100040,OPF_0.1,OPF_RESEARCH_2.14,MNQ_0.1,MNQ_1Contract_Target150_200,OPF_PROFILE_0.1,20260520-0435-BEAR-OBS-001183-Z001183-OC,2026-05-20 04:40:00,1184,Skip,"ObservationConfirmWideStopVolumeV131RiskCapExceeded:risk=39,max=22,side=Short|RiskTooWideHard:risk=39,max=25|EstimatedRRTooLow:rr=0.109,min=0.8,reward=4.25,model=NearestStructure",ActualCandidate,Short,TrendPullback,ObservationConfirm_WideStop1_5R,0,60.0,True,28885.75,28924.75,28827.25,39.0,4.25,NearestStructure,0.109,-121.01,1,,ObservationConfirmWideStopVolumeV131RiskCapExceeded,OPF_0.1,OPF_RESEARCH_2.14,MNQ_0.1,MNQ_1Contract_Target150_200,OPF_PROFILE_0.1,2026-05-20T04:40:00.0000000,1184,2026-05-20 07:40:00,1220,Short,TrendPullback,0,60.0,28885.75,28924.75,39.0,28884.25,28885.0,True,96559,127280,1.5,15.0,179.25,1188.0,,,,,,,,,,,,,36,MaxBars,Skip,"ObservationConfirmWideStopVolumeV131RiskCapExceeded:risk=39,max=22,side=Short|RiskTooWideHard:risk=39,max=25|EstimatedRRTooLow:rr=0.109,min=0.8,reward=4.25,model=NearestStructure",,both
OPF-20260725-100040,OPF_0.1,OPF_RESEARCH_2.14,MNQ_0.1,MNQ_1Contract_Target150_200,OPF_PROFILE_0.1,20260520-0515-BEAR-OBS-001191-Z001191,2026-05-20 05:15:00,1191,Execute,"TradeID:20260520-0515-Short-1191|LegacyV174PolicyV204:targetR=2.5|dailyCap=10|AggressiveExpansionV164:ZoneBirthShortV168,risk=13,score=41,eligibilityRr=0.3269,targetR=2.5|DynamicExpansionV168:ZoneBirthShortV168,targetR=2.5|ZoneBirthShortDualRiskBandV170:MidRiskGt12Le18,risk=13|ZoneBirthSplitRunnerV208:baseQty=2,runnerQty=1,baseTargetR=2.5,runnerTargetR=4,runnerBeAfter=BaseTP|ActualTargetOverride:targetR=2.5,risk=13,path=ZoneBirthResearch",ActualExecuted,Short,TrendPullback,ZoneBirthResearch,30,41.0,True,28908.0,28921.0,28875.5,13.0,4.25,AggressiveExpansionV164Eligibility:NearestStructure,0.3269,-121.01,1,20260520-0515-Short-1191,TradeID,OPF_0.1,OPF_RESEARCH_2.14,MNQ_0.1,MNQ_1Contract_Target150_200,OPF_PROFILE_0.1,2026-05-20T05:15:00.0000000,1191,2026-05-20 08:15:00,1227,Short,TrendPullback,30,41.0,28908.0,28921.0,13.0,28909.75,28910.5,True,102269,133486,2.5,20.0,181.75,1192.0,1191.0,1191.0,1191.0,,,,,1192.0,1192.0,1192.0,1192.0,,36,MaxBars,Execute,"TradeID:20260520-0515-Short-1191|LegacyV174PolicyV204:targetR=2.5|dailyCap=10|AggressiveExpansionV164:ZoneBirthShortV168,risk=13,score=41,eligibilityRr=0.3269,targetR=2.5|DynamicExpansionV168:ZoneBirthShortV168,targetR=2.5|ZoneBirthShortDualRiskBandV170:MidRiskGt12Le18,risk=13|ZoneBirthSplitRunnerV208:baseQty=2,runnerQty=1,baseTargetR=2.5,runnerTargetR=4,runnerBeAfter=BaseTP|ActualTargetOverride:targetR=2.5,risk=13,path=ZoneBirthResearch",20260520-0515-Short-1191,both
OPF-20260725-100040,OPF_0.1,OPF_RESEARCH_2.14,MNQ_0.1,MNQ_1Contract_Target150_200,OPF_PROFILE_0.1,20260520-0515-BEAR-OBS-001191-Z001191-FR,2026-05-20 05:20:00,1192,Skip,"EstimatedRRTooLow:rr=0.0206,min=0.25,reward=0.5,model=AggressiveExpansionV164Eligibility:NearestStructure",ActualCandidate,Long,FailureReverse,FailureReverse_ObservationInvalidated,30,50.0,True,28937.0,28912.75,28997.625,24.25,0.5,AggressiveExpansionV164Eligibility:NearestStructure,0.0206,-188.51,2,,EstimatedRRTooLow,OPF_0.1,OPF_RESEARCH_2.14,MNQ_0.1,MNQ_1Contract_Target150_200,OPF_PROFILE_0.1,2026-05-20T05:20:00.0000000,1192,2026-05-20 08:20:00,1228,Long,FailureReverse,30,50.0,28937.0,28912.75,24.25,28935.75,28936.5,True,103511,134243,2.5,152.75,32.75,1192.0,1194.0,1194.0,1195.0,1203.0,1203.0,1203.0,1210.0,1197.0,1197.0,1197.0,1196.0,,36,MaxBars,Skip,"EstimatedRRTooLow:rr=0.0206,min=0.25,reward=0.5,model=AggressiveExpansionV164Eligibility:NearestStructure",,both
OPF-20260725-100040,OPF_0.1,OPF_RESEARCH_2.14,MNQ_0.1,MNQ_1Contract_Target150_200,OPF_PROFILE_0.1,20260520-0515-BEAR-OBS-001191-Z001191-FR,2026-05-20 05:20:00,1192,Skip,"AggressiveExpansionV164RiskCapExceeded:risk=36.38,max=25|RiskTooWideHard:risk=36.38,max=25|EstimatedRRTooLow:rr=0.0137,min=0.5,reward=0.5,model=AggressiveExpansionV164Eligibility:NearestStructure",ActualCandidate,Long,FailureReverse,FailureReverse_ObservationInvalidated_WideStop1_5R,30,50.0,True,28937.0,28900.62,29046.14,36.38,0.5,AggressiveExpansionV164Eligibility:NearestStructure,0.0137,-188.51,2,,AggressiveExpansionV164RiskCapExceeded,OPF_0.1,OPF_RESEARCH_2.14,MNQ_0.1,MNQ_1Contract_Target150_200,OPF_PROFILE_0.1,2026-05-20T05:20:00.0000000,1192,2026-05-20 08:20:00,1228,Long,FailureReverse,30,50.0,28937.0,28900.62,36.38,28935.75,28936.5,True,103511,134243,3.0,152.75,32.75,,1195.0,1195.0,1203.0,1203.0,1204.0,1212.0,1225.0,1197.0,1197.0,,,,36,MaxBars,Skip,"AggressiveExpansionV164RiskCapExceeded:risk=36.38,max=25|RiskTooWideHard:risk=36.38,max=25|EstimatedRRTooLow:rr=0.0137,min=0.5,reward=0.5,model=AggressiveExpansionV164Eligibility:NearestStructure",,both
OPF-20260725-100040,OPF_0.1,OPF_RESEARCH_2.14,MNQ_0.1,MNQ_1Contract_Target150_200,OPF_PROFILE_0.1,20260520-0515-BEAR-OBS-001191-Z001191-FR-RT,2026-05-20 05:30:00,1194,Skip,ActualPathDisabledV209:side=Long|path=FailureReverse_RetestFailed,ActualCandidate,Long,FailureReverse,FailureReverse_RetestFailed,30,60.0,True,28952.75,28912.75,29012.75,40.0,48.0,FailureRetestMin1_2R,1.2,-188.51,2,,ActualPathDisabledV209,OPF_0.1,OPF_RESEARCH_2.14,MNQ_0.1,MNQ_1Contract_Target150_200,OPF_PROFILE_0.1,2026-05-20T05:30:00.0000000,1194,2026-05-20 08:30:00,1230,Long,FailureReverse,30,60.0,28952.75,28912.75,40.0,28953.0,28953.75,True,105488,136475,1.5,157.25,38.75,,1196.0,1203.0,1203.0,1210.0,1216.0,1225.0,,1197.0,,,1207.0,,36,MaxBars,Skip,ActualPathDisabledV209:side=Long|path=FailureReverse_RetestFailed,,both
OPF-20260725-100040,OPF_0.1,OPF_RESEARCH_2.14,MNQ_0.1,MNQ_1Contract_Target150_200,OPF_PROFILE_0.1,20260520-0515-BEAR-OBS-001191-Z001191-FR-RT,2026-05-20 05:30:00,1194,Skip,"AggressiveExpansionV164SideDisabled:path=FailureReverse_RetestFailed_WideStop1_5R,side=Long",ActualCandidate,Long,FailureReverse,FailureReverse_RetestFailed_WideStop1_5R,30,60.0,True,28952.75,28892.75,29042.75,60.0,0.0,NearestStructure,0.0,-188.51,2,,AggressiveExpansionV164SideDisabled,OPF_0.1,OPF_RESEARCH_2.14,MNQ_0.1,MNQ_1Contract_Target150_200,OPF_PROFILE_0.1,2026-05-20T05:30:00.0000000,1194,2026-05-20 08:30:00,1230,Long,FailureReverse,30,60.0,28952.75,28892.75,60.0,28953.0,28953.75,True,105488,136475,1.5,157.25,38.75,,1203.0,1203.0,1212.0,1225.0,1230.0,,,,,,,,36,MaxBars,Skip,"AggressiveExpansionV164SideDisabled:path=FailureReverse_RetestFailed_WideStop1_5R,side=Long",,both
OPF-20260725-100040,OPF_0.1,OPF_RESEARCH_2.14,MNQ_0.1,MNQ_1Contract_Target150_200,OPF_PROFILE_0.1,20260520-0535-BULL-OBS-001195-Z001195,2026-05-20 05:35:00,1195,Skip,"AggressiveExpansionV164SideDisabled:path=ZoneBirthResearch,side=Long",ActualCandidate,Long,TrendPullback,ZoneBirthResearch,30,45.0,True,28978.75,28937.5,29040.625,41.25,0.0,NearestStructure,0.0,-188.51,2,,AggressiveExpansionV164SideDisabled,OPF_0.1,OPF_RESEARCH_2.14,MNQ_0.1,MNQ_1Contract_Target150_200,OPF_PROFILE_0.1,2026-05-20T05:35:00.0000000,1195,2026-05-20 08:35:00,1231,Long,TrendPullback,30,45.0,28978.75,28937.5,41.25,28978.75,28979.5,True,106548,137484,1.5,144.5,64.75,1197.0,1203.0,1203.0,1212.0,1216.0,1225.0,1230.0,,,,,1222.0,,36,MaxBars,Skip,"AggressiveExpansionV164SideDisabled:path=ZoneBirthResearch,side=Long",,both
OPF-20260725-100040,OPF_0.1,OPF_RESEARCH_2.14,MNQ_0.1,MNQ_1Contract_Target150_200,OPF_PROFILE_0.1,20260520-0535-BULL-OBS-001195-Z001195-FR,2026-05-20 05:45:00,1197,Skip,ActualPathDisabledV209:side=Short|path=FailureReverse_ObservationInvalidated,ActualCandidate,Short,FailureReverse,FailureReverse_ObservationInvalidated,30,50.0,True,28924.0,28949.0,28861.5,25.0,3.5,AggressiveExpansionV164Eligibility:NearestStructure,0.14,-188.51,2,,ActualPathDisabledV209,OPF_0.1,OPF_RESEARCH_2.14,MNQ_0.1,MNQ_1Contract_Target150_200,OPF_PROFILE_0.1,2026-05-20T05:45:00.0000000,1197,2026-05-20 08:45:00,1233,Short,FailureReverse,30,50.0,28924.0,28949.0,25.0,28923.25,28923.75,True,107684,139489,2.5,10.0,212.75,1198.0,,,,,,,,,,,,,36,MaxBars,Skip,ActualPathDisabledV209:side=Short|path=FailureReverse_ObservationInvalidated,,both
OPF-20260725-100040,OPF_0.1,OPF_RESEARCH_2.14,MNQ_0.1,MNQ_1Contract_Target150_200,OPF_PROFILE_0.1,20260520-0535-BULL-OBS-001195-Z001195-FR,2026-05-20 05:45:00,1197,Skip,"AggressiveExpansionV164RiskCapExceeded:risk=37.5,max=25|RiskTooWideHard:risk=37.5,max=25|EstimatedRRTooLow:rr=0.0933,min=0.25,reward=3.5,model=AggressiveExpansionV164Eligibility:NearestStructure",ActualCandidate,Short,FailureReverse,FailureReverse_ObservationInvalidated_WideStop1_5R,30,50.0,True,28924.0,28961.5,28774.0,37.5,3.5,AggressiveExpansionV164Eligibility:NearestStructure,0.0933,-188.51,2,,AggressiveExpansionV164RiskCapExceeded,OPF_0.1,OPF_RESEARCH_2.14,MNQ_0.1,MNQ_1Contract_Target150_200,OPF_PROFILE_0.1,2026-05-20T05:45:00.0000000,1197,2026-05-20 08:45:00,1233,Short,FailureReverse,30,50.0,28924.0,28961.5,37.5,28923.25,28923.75,True,107684,139489,4.0,10.0,212.75,1198.0,,,,,,,,,,,,,36,MaxBars,Skip,"AggressiveExpansionV164RiskCapExceeded:risk=37.5,max=25|RiskTooWideHard:risk=37.5,max=25|EstimatedRRTooLow:rr=0.0933,min=0.25,reward=3.5,model=AggressiveExpansionV164Eligibility:NearestStructure",,both
OPF-20260725-100040,OPF_0.1,OPF_RESEARCH_2.14,MNQ_0.1,MNQ_1Contract_Target150_200,OPF_PROFILE_0.1,20260520-0540-BULL-OBS-001196-Z001195,2026-05-20 05:40:00,1196,Skip,"StrategyRegimeNotTrend:score=10|SetupQualityTooLow:score=27,min=70",ActualCandidate,Long,TrendPullback,UnknownRegimeZoneTouch,10,27.0,False,28945.0,28937.5,28956.25,7.5,4.25,NearestStructure,0.5667,-188.51,2,,StrategyRegimeNotTrend,OPF_0.1,OPF_RESEARCH_2.14,MNQ_0.1,MNQ_1Contract_Target150_200,OPF_PROFILE_0.1,2026-05-20T05:40:00.0000000,1196,2026-05-20 08:40:00,1232,Long,TrendPullback,10,27.0,28945.0,28937.5,7.5,28945.25,28945.75,True,107194,138248,1.5,178.25,31.0,1197.0,1196.0,1196.0,1196.0,1196.0,1196.0,1196.0,1196.0,1197.0,1197.0,1197.0,1197.0,1197.0,36,MaxBars,Skip,"StrategyRegimeNotTrend:score=10|SetupQualityTooLow:score=27,min=70",,both
OPF-20260725-100040,OPF_0.1,OPF_RESEARCH_2.14,MNQ_0.1,MNQ_1Contract_Target150_200,OPF_PROFILE_0.1,20260520-0540-BULL-OBS-001196-Z001195-FR,2026-05-20 05:45:00,1197,Skip,ActualPathDisabledV209:side=Short|path=FailureReverse_ObservationInvalidated,ActualCandidate,Short,FailureReverse,FailureReverse_ObservationInvalidated,10,42.0,True,28924.0,28949.0,28861.5,25.0,3.5,AggressiveExpansionV164Eligibility:NearestStructure,0.14,-188.51,2,,ActualPathDisabledV209,OPF_0.1,OPF_RESEARCH_2.14,MNQ_0.1,MNQ_1Contract_Target150_200,OPF_PROFILE_0.1,2026-05-20T05:45:00.0000000,1197,2026-05-20 08:45:00,1233,Short,FailureReverse,10,42.0,28924.0,28949.0,25.0,28923.25,28923.75,True,107684,139489,2.5,10.0,212.75,1198.0,,,,,,,,,,,,,36,MaxBars,Skip,ActualPathDisabledV209:side=Short|path=FailureReverse_ObservationInvalidated,,both
OPF-20260725-100040,OPF_0.1,OPF_RESEARCH_2.14,MNQ_0.1,MNQ_1Contract_Target150_200,OPF_PROFILE_0.1,20260520-0540-BULL-OBS-001196-Z001195-FR,2026-05-20 05:45:00,1197,Skip,"AggressiveExpansionV164RiskCapExceeded:risk=37.5,max=25|RiskTooWideHard:risk=37.5,max=25|EstimatedRRTooLow:rr=0.0933,min=0.25,reward=3.5,model=AggressiveExpansionV164Eligibility:NearestStructure",ActualCandidate,Short,FailureReverse,FailureReverse_ObservationInvalidated_WideStop1_5R,10,42.0,True,28924.0,28961.5,28774.0,37.5,3.5,AggressiveExpansionV164Eligibility:NearestStructure,0.0933,-188.51,2,,AggressiveExpansionV164RiskCapExceeded,OPF_0.1,OPF_RESEARCH_2.14,MNQ_0.1,MNQ_1Contract_Target150_200,OPF_PROFILE_0.1,2026-05-20T05:45:00.0000000,1197,2026-05-20 08:45:00,1233,Short,FailureReverse,10,42.0,28924.0,28961.5,37.5,28923.25,28923.75,True,107684,139489,4.0,10.0,212.75,1198.0,,,,,,,,,,,,,36,MaxBars,Skip,"AggressiveExpansionV164RiskCapExceeded:risk=37.5,max=25|RiskTooWideHard:risk=37.5,max=25|EstimatedRRTooLow:rr=0.0933,min=0.25,reward=3.5,model=AggressiveExpansionV164Eligibility:NearestStructure",,both
OPF-20260725-100040,OPF_0.1,OPF_RESEARCH_2.14,MNQ_0.1,MNQ_1Contract_Target150_200,OPF_PROFILE_0.1,20260520-0545-BEAR-OBS-001197-Z001197,2026-05-20 05:45:00,1197,Skip,"ZoneBirthShortV170RiskBandExcluded:risk=25,allowed=<=8|>12<=18|EstimatedRRTooLow:rr=0.14,min=0.25,reward=3.5,model=AggressiveExpansionV164Eligibility:NearestStructure",ActualCandidate,Short,TrendPullback,ZoneBirthResearch,0,45.0,True,28924.0,28949.0,28861.5,25.0,3.5,AggressiveExpansionV164Eligibility:NearestStructure,0.14,-188.51,2,,ZoneBirthShortV170RiskBandExcluded,OPF_0.1,OPF_RESEARCH_2.14,MNQ_0.1,MNQ_1Contract_Target150_200,OPF_PROFILE_0.1,2026-05-20T05:45:00.0000000,1197,2026-05-20 08:45:00,1233,Short,TrendPullback,0,45.0,28924.0,28949.0,25.0,28923.25,28923.75,True,107684,139489,2.5,10.0,212.75,1198.0,,,,,,,,,,,,,36,MaxBars,Skip,"ZoneBirthShortV170RiskBandExcluded:risk=25,allowed=<=8|>12<=18|EstimatedRRTooLow:rr=0.14,min=0.25,reward=3.5,model=AggressiveExpansionV164Eligibility:NearestStructure",,both
OPF-20260725-100040,OPF_0.1,OPF_RESEARCH_2.14,MNQ_0.1,MNQ_1Contract_Target150_200,OPF_PROFILE_0.1,20260520-0545-BEAR-OBS-001197-Z001197-FR,2026-05-20 05:50:00,1198,Skip,"AggressiveExpansionWait1ScheduledV165:EntryBarStopTouched:low=28914,stop=28945.25",ActualCandidate,Long,FailureReverse,FailureReverse_ObservationInvalidated,0,50.0,True,28957.75,28945.25,28989.0,12.5,6.25,AggressiveExpansionV164Eligibility:NearestStructure,0.5,-188.51,2,,AggressiveExpansionWait1ScheduledV165,OPF_0.1,OPF_RESEARCH_2.14,MNQ_0.1,MNQ_1Contract_Target150_200,OPF_PROFILE_0.1,2026-05-20T05:50:00.0000000,1198,2026-05-20 08:50:00,1234,Long,FailureReverse,0,50.0,28957.75,28945.25,12.5,28956.5,28957.25,True,108601,139723,2.5,179.0,43.75,1198.0,1200.0,1200.0,1200.0,1203.0,1203.0,1203.0,1203.0,1201.0,1201.0,1201.0,1201.0,,36,MaxBars,Skip,"AggressiveExpansionWait1ScheduledV165:EntryBarStopTouched:low=28914,stop=28945.25",,both
OPF-20260725-100040,OPF_0.1,OPF_RESEARCH_2.14,MNQ_0.1,MNQ_1Contract_Target150_200,OPF_PROFILE_0.1,20260520-0545-BEAR-OBS-001197-Z001197-FR,2026-05-20 05:50:00,1198,Skip,"EstimatedRRTooLow:rr=0.3333,min=0.5,reward=6.25,model=AggressiveExpansionV164Eligibility:NearestStructure",ActualCandidate,Long,FailureReverse,FailureReverse_ObservationInvalidated_WideStop1_5R,0,50.0,True,28957.75,28939.0,29014.0,18.75,6.25,AggressiveExpansionV164Eligibility:NearestStructure,0.3333,-188.51,2,,EstimatedRRTooLow,OPF_0.1,OPF_RESEARCH_2.14,MNQ_0.1,MNQ_1Contract_Target150_200,OPF_PROFILE_0.1,2026-05-20T05:50:00.0000000,1198,2026-05-20 08:50:00,1234,Long,FailureReverse,0,50.0,28957.75,28939.0,18.75,28956.5,28957.25,True,108601,139723,3.0,179.0,43.75,1198.0,1200.0,1200.0,1203.0,1203.0,1203.0,1203.0,1210.0,1201.0,1201.0,,,,36,MaxBars,Skip,"EstimatedRRTooLow:rr=0.3333,min=0.5,reward=6.25,model=AggressiveExpansionV164Eligibility:NearestStructure",,both
OPF-20260725-100040,OPF_0.1,OPF_RESEARCH_2.14,MNQ_0.1,MNQ_1Contract_Target150_200,OPF_PROFILE_0.1,20260520-0555-BULL-OBS-001199-Z001199,2026-05-20 05:55:00,1199,Skip,"AggressiveExpansionV164SideDisabled:path=ZoneBirthResearch,side=Long",ActualCandidate,Long,TrendPullback,ZoneBirthResearch,60,58.0,True,28955.0,28945.25,28969.625,9.75,7.0,NearestStructure,0.7179,-188.51,2,,AggressiveExpansionV164SideDisabled,OPF_0.1,OPF_RESEARCH_2.14,MNQ_0.1,MNQ_1Contract_Target150_200,OPF_PROFILE_0.1,2026-05-20T05:55:00.0000000,1199,2026-05-20 08:55:00,1235,Long,TrendPullback,60,58.0,28955.0,28945.25,9.75,28954.0,28954.75,True,109207,140618,1.5,181.75,4.75,,1199.0,1200.0,1200.0,1200.0,1203.0,1203.0,1203.0,1200.0,1201.0,1201.0,1201.0,,36,MaxBars,Skip,"AggressiveExpansionV164SideDisabled:path=ZoneBirthResearch,side=Long",,both
OPF-20260725-100040,OPF_0.1,OPF_RESEARCH_2.14,MNQ_0.1,MNQ_1Contract_Target150_200,OPF_PROFILE_0.1,20260520-0555-BULL-OBS-001199-Z001199-OC,2026-05-20 06:00:00,1200,Skip,"LongObservationWideRiskCutV137:risk=23.75,max=12|ObservationConfirmRiskCapExceeded:risk=23.75,max=12|RiskTooWideVolAdjusted:risk=23.75,max=18.93,atr14=31.55",ActualCandidate,Long,TrendPullback,ObservationConfirm,60,80.0,True,28969.0,28945.25,29064.0,23.75,95.0,ActualTargetOverride:4,4.0,-188.51,2,,LongObservationWideRiskCutV137,OPF_0.1,OPF_RESEARCH_2.14,MNQ_0.1,MNQ_1Contract_Target150_200,OPF_PROFILE_0.1,2026-05-20T06:00:00.0000000,1200,2026-05-20 09:00:00,1236,Long,TrendPullback,60,80.0,28969.0,28945.25,23.75,28969.0,28969.75,True,110137,141425,4.0,167.75,18.5,,1203.0,1203.0,1203.0,1203.0,1210.0,1212.0,1217.0,,,,1207.0,,36,MaxBars,Skip,"LongObservationWideRiskCutV137:risk=23.75,max=12|ObservationConfirmRiskCapExceeded:risk=23.75,max=12|RiskTooWideVolAdjusted:risk=23.75,max=18.93,atr14=31.55",,both
OPF-20260725-100040,OPF_0.1,OPF_RESEARCH_2.14,MNQ_0.1,MNQ_1Contract_Target150_200,OPF_PROFILE_0.1,20260520-0555-BULL-OBS-001199-Z001199-OC,2026-05-20 06:00:00,1200,Skip,"ObservationConfirmWideStopVolumeV131RiskCapExceeded:risk=35.62,max=22,side=Long|RiskTooWideHard:risk=35.62,max=25",ActualCandidate,Long,TrendPullback,ObservationConfirm_WideStop1_5R,60,80.0,True,28969.0,28933.38,29075.86,35.62,106.86,ActualTargetOverride:3,3.0,-188.51,2,,ObservationConfirmWideStopVolumeV131RiskCapExceeded,OPF_0.1,OPF_RESEARCH_2.14,MNQ_0.1,MNQ_1Contract_Target150_200,OPF_PROFILE_0.1,2026-05-20T06:00:00.0000000,1200,2026-05-20 09:00:00,1236,Long,TrendPullback,60,80.0,28969.0,28933.38,35.62,28969.0,28969.75,True,110137,141425,3.0,167.75,18.5,,1203.0,1203.0,1203.0,1212.0,1216.0,1225.0,1231.0,,,,1205.0,,36,MaxBars,Skip,"ObservationConfirmWideStopVolumeV131RiskCapExceeded:risk=35.62,max=22,side=Long|RiskTooWideHard:risk=35.62,max=25",,both
OPF-20260725-100040,OPF_0.1,OPF_RESEARCH_2.14,MNQ_0.1,MNQ_1Contract_Target150_200,OPF_PROFILE_0.1,20260520-0725-BULL-BRK-001217-Z001217,2026-05-20 07:25:00,1217,Skip,BreakawayLongActualDisabledV135,ActualCandidate,Long,TrendPullback,BreakawayFvg,80,88.0,True,29055.5,29046.0,29069.75,9.5,14.25,BreakawayTargetR:1.5,1.5,-188.51,2,,BreakawayLongActualDisabledV135,OPF_0.1,OPF_RESEARCH_2.14,MNQ_0.1,MNQ_1Contract_Target150_200,OPF_PROFILE_0.1,2026-05-20T07:25:00.0000000,1217,2026-05-20 10:25:00,1253,Long,TrendPullback,80,88.0,29055.5,29046.0,9.5,29054.5,29055.0,True,124843,153713,1.5,100.25,41.25,1218.0,1217.0,1217.0,1224.0,1225.0,1225.0,1225.0,1229.0,1218.0,1218.0,1226.0,1225.0,1226.0,36,MaxBars,Skip,BreakawayLongActualDisabledV135,,both
OPF-20260725-100040,OPF_0.1,OPF_RESEARCH_2.14,MNQ_0.1,MNQ_1Contract_Target150_200,OPF_PROFILE_0.1,20260520-0725-BULL-OBS-001217-Z001217,2026-05-20 07:25:00,1217,Skip,"AggressiveExpansionV164SideDisabled:path=ZoneBirthResearch,side=Long",ActualCandidate,Long,TrendPullback,ZoneBirthResearch,80,78.0,True,29055.5,29046.0,29069.75,9.5,6.75,NearestStructure,0.7105,-188.51,2,,AggressiveExpansionV164SideDisabled,OPF_0.1,OPF_RESEARCH_2.14,MNQ_0.1,MNQ_1Contract_Target150_200,OPF_PROFILE_0.1,2026-05-20T07:25:00.0000000,1217,2026-05-20 10:25:00,1253,Long,TrendPullback,80,78.0,29055.5,29046.0,9.5,29054.5,29055.0,True,124843,153713,1.5,100.25,41.25,1218.0,1217.0,1217.0,1224.0,1225.0,1225.0,1225.0,1229.0,1218.0,1218.0,1226.0,1225.0,1226.0,36,MaxBars,Skip,"AggressiveExpansionV164SideDisabled:path=ZoneBirthResearch,side=Long",,both
OPF-20260725-100040,OPF_0.1,OPF_RESEARCH_2.14,MNQ_0.1,MNQ_1Contract_Target150_200,OPF_PROFILE_0.1,20260520-0725-BULL-OBS-001217-Z001217-FR,2026-05-20 07:30:00,1218,Skip,ActualPathDisabledV209:side=Short|path=FailureReverse_ObservationInvalidated,ActualCandidate,Short,FailureReverse,FailureReverse_ObservationInvalidated,80,90.0,True,29043.0,29048.25,29029.875,5.25,0.5,AggressiveExpansionV164Eligibility:NearestStructure,0.0952,-188.51,2,,ActualPathDisabledV209,OPF_0.1,OPF_RESEARCH_2.14,MNQ_0.1,MNQ_1Contract_Target150_200,OPF_PROFILE_0.1,2026-05-20T07:30:00.0000000,1218,2026-05-20 10:30:00,1254,Short,FailureReverse,80,90.0,29043.0,29048.25,5.25,29042.75,29043.5,True,125385,154633,2.5,28.75,112.75,1218.0,1218.0,1219.0,1219.0,1219.0,1219.0,1219.0,1219.0,1219.0,1220.0,1220.0,1220.0,1220.0,36,MaxBars,Skip,ActualPathDisabledV209:side=Short|path=FailureReverse_ObservationInvalidated,,both
OPF-20260725-100040,OPF_0.1,OPF_RESEARCH_2.14,MNQ_0.1,MNQ_1Contract_Target150_200,OPF_PROFILE_0.1,20260520-0725-BULL-OBS-001217-Z001217-FR,2026-05-20 07:30:00,1218,Skip,"EstimatedRRTooLow:rr=0.0635,min=0.25,reward=0.5,model=AggressiveExpansionV164Eligibility:NearestStructure",ActualCandidate,Short,FailureReverse,FailureReverse_ObservationInvalidated_WideStop1_5R,80,90.0,True,29043.0,29050.88,29011.48,7.88,0.5,AggressiveExpansionV164Eligibility:NearestStructure,0.0635,-188.51,2,,EstimatedRRTooLow,OPF_0.1,OPF_RESEARCH_2.14,MNQ_0.1,MNQ_1Contract_Target150_200,OPF_PROFILE_0.1,2026-05-20T07:30:00.0000000,1218,2026-05-20 10:30:00,1254,Short,FailureReverse,80,90.0,29043.0,29050.88,7.88,29042.75,29043.5,True,125385,154633,4.0,28.75,112.75,1218.0,1219.0,1219.0,1219.0,1219.0,1219.0,1222.0,,1220.0,1220.0,1220.0,1220.0,1220.0,36,MaxBars,Skip,"EstimatedRRTooLow:rr=0.0635,min=0.25,reward=0.5,model=AggressiveExpansionV164Eligibility:NearestStructure",,both
OPF-20260725-100040,OPF_0.1,OPF_RESEARCH_2.14,MNQ_0.1,MNQ_1Contract_Target150_200,OPF_PROFILE_0.1,20260520-0725-BULL-OBS-001217-Z001217-FR-RT,2026-05-20 07:45:00,1221,Skip,"FailureRetestRiskCapExceeded:risk=18.75,max=11|RiskTooWideVolAdjusted:risk=18.75,max=12.84,atr14=21.39",ActualCandidate,Short,FailureReverse,FailureReverse_RetestFailed,80,100.0,True,29029.5,29048.25,29001.375,18.75,22.5,FailureRetestMin1_2R,1.2,-263.51,3,,FailureRetestRiskCapExceeded,OPF_0.1,OPF_RESEARCH_2.14,MNQ_0.1,MNQ_1Contract_Target150_200,OPF_PROFILE_0.1,2026-05-20T07:45:00.0000000,1221,2026-05-20 10:45:00,1257,Short,FailureReverse,80,100.0,29029.5,29048.25,18.75,29030.0,29030.75,True,127800,157458,1.5,15.25,128.5,1221.0,1222.0,,,,,,,1223.0,,,,,36,MaxBars,Skip,"FailureRetestRiskCapExceeded:risk=18.75,max=11|RiskTooWideVolAdjusted:risk=18.75,max=12.84,atr14=21.39",,both
OPF-20260725-100040,OPF_0.1,OPF_RESEARCH_2.14,MNQ_0.1,MNQ_1Contract_Target150_200,OPF_PROFILE_0.1,20260520-0725-BULL-OBS-001217-Z001217-FR-RT,2026-05-20 07:45:00,1221,Skip,ActualPathDisabledV209:side=Short|path=FailureReverse_RetestFailed_WideStop1_5R,ActualCandidate,Short,FailureReverse,FailureReverse_RetestFailed_WideStop1_5R,80,100.0,True,29029.5,29057.62,28945.14,28.12,5.25,AggressiveExpansionV164Eligibility:NearestStructure,0.1867,-263.51,3,,ActualPathDisabledV209,OPF_0.1,OPF_RESEARCH_2.14,MNQ_0.1,MNQ_1Contract_Target150_200,OPF_PROFILE_0.1,2026-05-20T07:45:00.0000000,1221,2026-05-20 10:45:00,1257,Short,FailureReverse,80,100.0,29029.5,29057.62,28.12,29030.0,29030.75,True,127800,157458,3.0,15.25,128.5,1224.0,,,,,,,,,,,,,36,MaxBars,Skip,ActualPathDisabledV209:side=Short|path=FailureReverse_RetestFailed_WideStop1_5R,,both
OPF-20260725-100040,OPF_0.1,OPF_RESEARCH_2.14,MNQ_0.1,MNQ_1Contract_Target150_200,OPF_PROFILE_0.1,20260520-0735-BEAR-OBS-001219-Z001219,2026-05-20 07:35:00,1219,Execute,"TradeID:20260520-0735-Short-1219|LegacyV174PolicyV204:targetR=2.5|dailyCap=10|AggressiveExpansionV164:ZoneBirthShortV168,risk=12.25,score=41,eligibilityRr=0.4898,targetR=2.5|DynamicExpansionV168:ZoneBirthShortV168,targetR=2.5|ZoneBirthShortDualRiskBandV170:MidRiskGt12Le18,risk=12.25|ZoneBirthSplitRunnerV208:baseQty=2,runnerQty=1,baseTargetR=2.5,runnerTargetR=4,runnerBeAfter=BaseTP|ActualTargetOverride:targetR=2.5,risk=12.25,path=ZoneBirthResearch",ActualExecuted,Short,TrendPullback,ZoneBirthResearch,0,41.0,True,29036.0,29048.25,29005.375,12.25,6.0,AggressiveExpansionV164Eligibility:NearestStructure,0.4898,-188.51,2,20260520-0735-Short-1219,TradeID,OPF_0.1,OPF_RESEARCH_2.14,MNQ_0.1,MNQ_1Contract_Target150_200,OPF_PROFILE_0.1,2026-05-20T07:35:00.0000000,1219,2026-05-20 10:35:00,1255,Short,TrendPullback,0,41.0,29036.0,29048.25,12.25,29036.0,29036.5,True,126206,155961,2.5,21.75,122.0,1220.0,1219.0,1219.0,1222.0,,,,,1220.0,1220.0,1223.0,1223.0,,36,MaxBars,Execute,"TradeID:20260520-0735-Short-1219|LegacyV174PolicyV204:targetR=2.5|dailyCap=10|AggressiveExpansionV164:ZoneBirthShortV168,risk=12.25,score=41,eligibilityRr=0.4898,targetR=2.5|DynamicExpansionV168:ZoneBirthShortV168,targetR=2.5|ZoneBirthShortDualRiskBandV170:MidRiskGt12Le18,risk=12.25|ZoneBirthSplitRunnerV208:baseQty=2,runnerQty=1,baseTargetR=2.5,runnerTargetR=4,runnerBeAfter=BaseTP|ActualTargetOverride:targetR=2.5,risk=12.25,path=ZoneBirthResearch",20260520-0735-Short-1219,both
OPF-20260725-100040,OPF_0.1,OPF_RESEARCH_2.14,MNQ_0.1,MNQ_1Contract_Target150_200,OPF_PROFILE_0.1,20260520-0735-BEAR-OBS-001219-Z001219-OC,2026-05-20 07:45:00,1221,Skip,"ObservationConfirmRiskCapExceeded:risk=18.75,max=18",ActualCandidate,Short,TrendPullback,ObservationConfirm,0,60.0,True,29029.5,29048.25,29001.375,18.75,28.12,ObservationConfirmTargetR:1.5,1.4997,-263.51,3,,ObservationConfirmRiskCapExceeded,OPF_0.1,OPF_RESEARCH_2.14,MNQ_0.1,MNQ_1Contract_Target150_200,OPF_PROFILE_0.1,2026-05-20T07:45:00.0000000,1221,2026-05-20 10:45:00,1257,Short,TrendPullback,0,60.0,29029.5,29048.25,18.75,29030.0,29030.75,True,127800,157458,1.5,15.25,128.5,1221.0,1222.0,,,,,,,1223.0,,,,,36,MaxBars,Skip,"ObservationConfirmRiskCapExceeded:risk=18.75,max=18",,both
OPF-20260725-100040,OPF_0.1,OPF_RESEARCH_2.14,MNQ_0.1,MNQ_1Contract_Target150_200,OPF_PROFILE_0.1,20260520-0735-BEAR-OBS-001219-Z001219-OC,2026-05-20 07:45:00,1221,Skip,"ObservationConfirmWideStopVolumeV131RiskCapExceeded:risk=28.12,max=22,side=Short|RiskTooWideHard:risk=28.12,max=25|EstimatedRRTooLow:rr=0.1867,min=0.8,reward=5.25,model=NearestStructure",ActualCandidate,Short,TrendPullback,ObservationConfirm_WideStop1_5R,0,60.0,True,29029.5,29057.62,28987.32,28.12,5.25,NearestStructure,0.1867,-263.51,3,,ObservationConfirmWideStopVolumeV131RiskCapExceeded,OPF_0.1,OPF_RESEARCH_2.14,MNQ_0.1,MNQ_1Contract_Target150_200,OPF_PROFILE_0.1,2026-05-20T07:45:00.0000000,1221,2026-05-20 10:45:00,1257,Short,TrendPullback,0,60.0,29029.5,29057.62,28.12,29030.0,29030.75,True,127800,157458,1.5,15.25,128.5,1224.0,,,,,,,,,,,,,36,MaxBars,Skip,"ObservationConfirmWideStopVolumeV131RiskCapExceeded:risk=28.12,max=22,side=Short|RiskTooWideHard:risk=28.12,max=25|EstimatedRRTooLow:rr=0.1867,min=0.8,reward=5.25,model=NearestStructure",,both
OPF-20260725-100040,OPF_0.1,OPF_RESEARCH_2.14,MNQ_0.1,MNQ_1Contract_Target150_200,OPF_PROFILE_0.1,20260520-0740-BEAR-OBS-001220-Z001219,2026-05-20 07:40:00,1220,Skip,"SetupQualityTooLow:score=30,min=45",ActualCandidate,Short,TrendPullback,UnknownRegimeZoneTouch,0,30.0,False,29046.5,29048.25,29041.25,1.75,4.0,AggressiveExpansionV164Eligibility:NearestStructure,2.2857,-263.51,3,,SetupQualityTooLow,OPF_0.1,OPF_RESEARCH_2.14,MNQ_0.1,MNQ_1Contract_Target150_200,OPF_PROFILE_0.1,2026-05-20T07:40:00.0000000,1220,2026-05-20 10:40:00,1256,Short,TrendPullback,0,30.0,29046.5,29048.25,1.75,29045.25,29046.0,True,127280,156707,3.0,32.25,111.5,1220.0,1220.0,1220.0,1220.0,1220.0,1220.0,1220.0,1220.0,1221.0,1221.0,1221.0,1221.0,1221.0,36,MaxBars,Skip,"SetupQualityTooLow:score=30,min=45",,both
OPF-20260725-100040,OPF_0.1,OPF_RESEARCH_2.14,MNQ_0.1,MNQ_1Contract_Target150_200,OPF_PROFILE_0.1,20260520-0740-BEAR-OBS-001220-Z001219-OC,2026-05-20 07:45:00,1221,Skip,"EntryBarStopTouched:high=29050.5,stop=29048.25",ActualCandidate,Short,TrendPullback,ObservationConfirm,0,52.0,True,29029.5,29048.25,29001.375,18.75,28.12,ObservationConfirmTargetR:1.5,1.4997,-263.51,3,,EntryBarStopTouched,OPF_0.1,OPF_RESEARCH_2.14,MNQ_0.1,MNQ_1Contract_Target150_200,OPF_PROFILE_0.1,2026-05-20T07:45:00.0000000,1221,2026-05-20 10:45:00,1257,Short,TrendPullback,0,52.0,29029.5,29048.25,18.75,29030.0,29030.75,True,127800,157458,1.5,15.25,128.5,1221.0,1222.0,,,,,,,1223.0,,,,,36,MaxBars,Skip,"EntryBarStopTouched:high=29050.5,stop=29048.25",,both
OPF-20260725-100040,OPF_0.1,OPF_RESEARCH_2.14,MNQ_0.1,MNQ_1Contract_Target150_200,OPF_PROFILE_0.1,20260520-0740-BEAR-OBS-001220-Z001219-OC,2026-05-20 07:45:00,1221,Skip,"ObservationConfirmWideStopQualityTooLowV132:side=Short,score=52,min=56",ActualCandidate,Short,TrendPullback,ObservationConfirm_WideStop1_5R,0,52.0,True,29029.5,29057.62,28987.32,28.12,5.25,NearestStructure,0.1867,-263.51,3,,ObservationConfirmWideStopQualityTooLowV132,OPF_0.1,OPF_RESEARCH_2.14,MNQ_0.1,MNQ_1Contract_Target150_200,OPF_PROFILE_0.1,2026-05-20T07:45:00.0000000,1221,2026-05-20 10:45:00,1257,Short,TrendPullback,0,52.0,29029.5,29057.62,28.12,29030.0,29030.75,True,127800,157458,1.5,15.25,128.5,1224.0,,,,,,,,,,,,,36,MaxBars,Skip,"ObservationConfirmWideStopQualityTooLowV132:side=Short,score=52,min=56",,both
OPF-20260725-100040,OPF_0.1,OPF_RESEARCH_2.14,MNQ_0.1,MNQ_1Contract_Target150_200,OPF_PROFILE_0.1,20260520-0805-BULL-OBS-001225-Z001225,2026-05-20 08:05:00,1225,Skip,"StrategyRegimeNotTrend:score=30|SetupQualityTooLow:score=38,min=45",ActualCandidate,Long,TrendPullback,ZoneBirthResearch,30,38.0,False,29061.25,29048.5,29080.375,12.75,1.0,NearestStructure,0.0784,-263.51,3,,StrategyRegimeNotTrend,OPF_0.1,OPF_RESEARCH_2.14,MNQ_0.1,MNQ_1Contract_Target150_200,OPF_PROFILE_0.1,2026-05-20T08:05:00.0000000,1225,2026-05-20 11:05:00,1261,Long,TrendPullback,30,38.0,29061.25,29048.5,12.75,29061.75,29062.0,True,132065,160478,1.5,96.75,12.5,,1225.0,1225.0,1225.0,1225.0,1229.0,1230.0,1231.0,1226.0,1226.0,1226.0,1226.0,,36,MaxBars,Skip,"StrategyRegimeNotTrend:score=30|SetupQualityTooLow:score=38,min=45",,both
OPF-20260725-100040,OPF_0.1,OPF_RESEARCH_2.14,MNQ_0.1,MNQ_1Contract_Target150_200,OPF_PROFILE_0.1,20260520-0805-BULL-OBS-001225-Z001225-OC,2026-05-20 08:10:00,1226,Skip,"LongObservationWideRiskCutV137:risk=32.25,max=12|ObservationConfirmRiskCapExceeded:risk=32.25,max=12|RiskTooWideHard:risk=32.25,max=25|RiskTooWideVolAdjusted:risk=32.25,max=14.95,atr14=24.91",ActualCandidate,Long,TrendPullback,ObservationConfirm,30,60.0,True,29080.75,29048.5,29209.75,32.25,129.0,ActualTargetOverride:4,4.0,-263.51,3,,LongObservationWideRiskCutV137,OPF_0.1,OPF_RESEARCH_2.14,MNQ_0.1,MNQ_1Contract_Target150_200,OPF_PROFILE_0.1,2026-05-20T08:10:00.0000000,1226,2026-05-20 11:10:00,1262,Long,TrendPullback,30,60.0,29080.75,29048.5,32.25,29079.25,29079.75,True,132959,161019,4.0,77.25,32.0,,1230.0,1231.0,1233.0,1246.0,,,,1237.0,1237.0,1237.0,1234.0,,36,MaxBars,Skip,"LongObservationWideRiskCutV137:risk=32.25,max=12|ObservationConfirmRiskCapExceeded:risk=32.25,max=12|RiskTooWideHard:risk=32.25,max=25|RiskTooWideVolAdjusted:risk=32.25,max=14.95,atr14=24.91",,both
OPF-20260725-100040,OPF_0.1,OPF_RESEARCH_2.14,MNQ_0.1,MNQ_1Contract_Target150_200,OPF_PROFILE_0.1,20260520-0805-BULL-OBS-001225-Z001225-OC,2026-05-20 08:10:00,1226,Skip,"DailyVolumeFloorRiskCapExceeded:risk=48.38,max=18|OCWideStopLowRiskV132RiskCapExceeded:risk=48.38,max=18,side=Long|RiskTooWideHard:risk=48.38,max=25",ActualCandidate,Long,TrendPullback,ObservationConfirm_WideStop1_5R,30,60.0,True,29080.75,29032.37,29225.89,48.38,145.14,ActualTargetOverride:3,3.0,-263.51,3,,DailyVolumeFloorRiskCapExceeded,OPF_0.1,OPF_RESEARCH_2.14,MNQ_0.1,MNQ_1Contract_Target150_200,OPF_PROFILE_0.1,2026-05-20T08:10:00.0000000,1226,2026-05-20 11:10:00,1262,Long,TrendPullback,30,60.0,29080.75,29032.37,48.38,29079.25,29079.75,True,132959,161019,3.0,77.25,32.0,,1231.0,1233.0,1248.0,,,,,1237.0,1237.0,,1251.0,,36,MaxBars,Skip,"DailyVolumeFloorRiskCapExceeded:risk=48.38,max=18|OCWideStopLowRiskV132RiskCapExceeded:risk=48.38,max=18,side=Long|RiskTooWideHard:risk=48.38,max=25",,both
OPF-20260725-100040,OPF_0.1,OPF_RESEARCH_2.14,MNQ_0.1,MNQ_1Contract_Target150_200,OPF_PROFILE_0.1,20260520-0810-BULL-OBS-001226-Z001225,2026-05-20 08:10:00,1226,Skip,"StrategyRegimeNotTrend:score=30|SetupQualityTooLow:score=37,min=70",ActualCandidate,Long,TrendPullback,UnknownRegimeZoneTouch,30,37.0,False,29080.75,29048.5,29129.125,32.25,6.25,NearestStructure,0.1938,-263.51,3,,StrategyRegimeNotTrend,OPF_0.1,OPF_RESEARCH_2.14,MNQ_0.1,MNQ_1Contract_Target150_200,OPF_PROFILE_0.1,2026-05-20T08:10:00.0000000,1226,2026-05-20 11:10:00,1262,Long,TrendPullback,30,37.0,29080.75,29048.5,32.25,29079.25,29079.75,True,132959,161019,1.5,77.25,32.0,,1230.0,1231.0,1233.0,1246.0,,,,1237.0,1237.0,1237.0,1234.0,,36,MaxBars,Skip,"StrategyRegimeNotTrend:score=30|SetupQualityTooLow:score=37,min=70",,both
OPF-20260725-100040,OPF_0.1,OPF_RESEARCH_2.14,MNQ_0.1,MNQ_1Contract_Target150_200,OPF_PROFILE_0.1,20260520-0810-BULL-OBS-001226-Z001225-OC,2026-05-20 08:15:00,1227,Skip,"LongObservationWideRiskCutV137:risk=37.75,max=12|ObservationConfirmRiskCapExceeded:risk=37.75,max=12|RiskTooWideHard:risk=37.75,max=25|RiskTooWideVolAdjusted:risk=37.75,max=15.18,atr14=25.3",ActualCandidate,Long,TrendPullback,ObservationConfirm,30,52.0,True,29086.25,29048.5,29237.25,37.75,151.0,ActualTargetOverride:4,4.0,-263.51,3,,LongObservationWideRiskCutV137,OPF_0.1,OPF_RESEARCH_2.14,MNQ_0.1,MNQ_1Contract_Target150_200,OPF_PROFILE_0.1,2026-05-20T08:15:00.0000000,1227,2026-05-20 11:15:00,1263,Long,TrendPullback,30,52.0,29086.25,29048.5,37.75,29084.25,29084.75,True,133486,161703,4.0,71.75,26.25,,1231.0,1233.0,1246.0,,,,,1237.0,1237.0,,1247.0,,36,MaxBars,Skip,"LongObservationWideRiskCutV137:risk=37.75,max=12|ObservationConfirmRiskCapExceeded:risk=37.75,max=12|RiskTooWideHard:risk=37.75,max=25|RiskTooWideVolAdjusted:risk=37.75,max=15.18,atr14=25.3",,both
OPF-20260725-100040,OPF_0.1,OPF_RESEARCH_2.14,MNQ_0.1,MNQ_1Contract_Target150_200,OPF_PROFILE_0.1,20260520-0810-BULL-OBS-001226-Z001225-OC,2026-05-20 08:15:00,1227,Skip,"ObservationConfirmWideStopQualityTooLowV132:side=Long,score=52,min=56",ActualCandidate,Long,TrendPullback,ObservationConfirm_WideStop1_5R,30,52.0,True,29086.25,29029.63,29256.11,56.62,169.86,ActualTargetOverride:3,3.0,-263.51,3,,ObservationConfirmWideStopQualityTooLowV132,OPF_0.1,OPF_RESEARCH_2.14,MNQ_0.1,MNQ_1Contract_Target150_200,OPF_PROFILE_0.1,2026-05-20T08:15:00.0000000,1227,2026-05-20 11:15:00,1263,Long,TrendPullback,30,52.0,29086.25,29029.63,56.62,29084.25,29084.75,True,133486,161703,3.0,71.75,26.25,,1233.0,1246.0,,,,,,1237.0,,,,,36,MaxBars,Skip,"ObservationConfirmWideStopQualityTooLowV132:side=Long,score=52,min=56",,both
OPF-20260725-100040,OPF_0.1,OPF_RESEARCH_2.14,MNQ_0.1,MNQ_1Contract_Target150_200,OPF_PROFILE_0.1,20260520-0955-BULL-OBS-001247-Z001247,2026-05-20 09:55:00,1247,Skip,"StrategyRegimeNotTrend:score=20|SetupQualityTooLow:score=38,min=45",ActualCandidate,Long,TrendPullback,ZoneBirthResearch,20,38.0,False,29123.75,29111.25,29142.5,12.5,6.75,NearestStructure,0.54,-263.51,3,,StrategyRegimeNotTrend,OPF_0.1,OPF_RESEARCH_2.14,MNQ_0.1,MNQ_1Contract_Target150_200,OPF_PROFILE_0.1,2026-05-20T09:55:00.0000000,1247,2026-05-20 12:55:00,1283,Long,TrendPullback,20,38.0,29123.75,29111.25,12.5,29124.25,29125.0,True,149688,182698,1.5,47.0,64.0,1259.0,1247.0,1247.0,1248.0,1248.0,1248.0,1277.0,,1248.0,1248.0,1251.0,1250.0,1251.0,36,MaxBars,Skip,"StrategyRegimeNotTrend:score=20|SetupQualityTooLow:score=38,min=45",,both
OPF-20260725-100040,OPF_0.1,OPF_RESEARCH_2.14,MNQ_0.1,MNQ_1Contract_Target150_200,OPF_PROFILE_0.1,20260520-0955-BULL-OBS-001247-Z001247-OC,2026-05-20 10:00:00,1248,Skip,"LongObservationWideRiskCutV137:risk=28.5,max=12|ObservationConfirmRiskCapExceeded:risk=28.5,max=12|RiskTooWideHard:risk=28.5,max=25|RiskTooWideVolAdjusted:risk=28.5,max=13.09,atr14=21.82",ActualCandidate,Long,TrendPullback,ObservationConfirm,20,56.0,True,29139.75,29111.25,29253.75,28.5,114.0,ActualTargetOverride:4,4.0,-263.51,3,,LongObservationWideRiskCutV137,OPF_0.1,OPF_RESEARCH_2.14,MNQ_0.1,MNQ_1Contract_Target150_200,OPF_PROFILE_0.1,2026-05-20T10:00:00.0000000,1248,2026-05-20 13:00:00,1284,Long,TrendPullback,20,56.0,29139.75,29111.25,28.5,29139.25,29139.75,True,150573,184860,4.0,31.0,80.0,1259.0,1277.0,1278.0,,,,,,1278.0,1279.0,,,,36,MaxBars,Skip,"LongObservationWideRiskCutV137:risk=28.5,max=12|ObservationConfirmRiskCapExceeded:risk=28.5,max=12|RiskTooWideHard:risk=28.5,max=25|RiskTooWideVolAdjusted:risk=28.5,max=13.09,atr14=21.82",,both
OPF-20260725-100040,OPF_0.1,OPF_RESEARCH_2.14,MNQ_0.1,MNQ_1Contract_Target150_200,OPF_PROFILE_0.1,20260520-0955-BULL-OBS-001247-Z001247-OC,2026-05-20 10:00:00,1248,Skip,"DailyVolumeFloorRiskCapExceeded:risk=42.75,max=18|OCWideStopLowRiskV132RiskCapExceeded:risk=42.75,max=18,side=Long|RiskTooWideHard:risk=42.75,max=25",ActualCandidate,Long,TrendPullback,ObservationConfirm_WideStop1_5R,20,56.0,True,29139.75,29097.0,29268.0,42.75,128.25,ActualTargetOverride:3,3.0,-263.51,3,,DailyVolumeFloorRiskCapExceeded,OPF_0.1,OPF_RESEARCH_2.14,MNQ_0.1,MNQ_1Contract_Target150_200,OPF_PROFILE_0.1,2026-05-20T10:00:00.0000000,1248,2026-05-20 13:00:00,1284,Long,TrendPullback,20,56.0,29139.75,29097.0,42.75,29139.25,29139.75,True,150573,184860,3.0,31.0,80.0,1260.0,,,,,,,,,,,,,36,MaxBars,Skip,"DailyVolumeFloorRiskCapExceeded:risk=42.75,max=18|OCWideStopLowRiskV132RiskCapExceeded:risk=42.75,max=18,side=Long|RiskTooWideHard:risk=42.75,max=25",,both
OPF-20260725-100040,OPF_0.1,OPF_RESEARCH_2.14,MNQ_0.1,MNQ_1Contract_Target150_200,OPF_PROFILE_0.1,20260520-1050-BULL-OBS-001258-Z001247,2026-05-20 10:50:00,1258,Skip,"AggressiveExpansionV164SideDisabled:path=UnknownRegimeZoneTouch,side=Long",ActualCandidate,Long,TrendPullback,UnknownRegimeZoneTouch,50,54.0,True,29119.5,29111.25,29131.875,8.25,12.375,UnknownMicroRiskVolumeV126TargetR:1.5,1.5,-263.51,3,,AggressiveExpansionV164SideDisabled,OPF_0.1,OPF_RESEARCH_2.14,MNQ_0.1,MNQ_1Contract_Target150_200,OPF_PROFILE_0.1,2026-05-20T10:50:00.0000000,1258,2026-05-20 13:50:00,1294,Long,TrendPullback,50,54.0,29119.5,29111.25,8.25,29119.0,29119.75,True,157992,237691,1.5,75.75,96.75,1259.0,1258.0,1258.0,1276.0,1277.0,1277.0,1277.0,1277.0,1259.0,1259.0,1283.0,1280.0,1283.0,36,MaxBars,Skip,"AggressiveExpansionV164SideDisabled:path=UnknownRegimeZoneTouch,side=Long",,both
OPF-20260725-100040,OPF_0.1,OPF_RESEARCH_2.14,MNQ_0.1,MNQ_1Contract_Target150_200,OPF_PROFILE_0.1,20260520-1050-BULL-OBS-001258-Z001247-FR,2026-05-20 10:55:00,1259,Skip,ActualPathDisabledV209:side=Short|path=FailureReverse_ObservationInvalidated,ActualCandidate,Short,FailureReverse,FailureReverse_ObservationInvalidated,50,66.0,True,29108.0,29117.5,29084.25,9.5,7.75,AggressiveExpansionV164Eligibility:NearestStructure,0.8158,-263.51,3,,ActualPathDisabledV209,OPF_0.1,OPF_RESEARCH_2.14,MNQ_0.1,MNQ_1Contract_Target150_200,OPF_PROFILE_0.1,2026-05-20T10:55:00.0000000,1259,2026-05-20 13:55:00,1295,Short,FailureReverse,50,66.0,29108.0,29117.5,9.5,29109.25,29109.75,True,158865,245358,2.5,85.25,87.25,1259.0,1260.0,1260.0,1262.0,1268.0,1268.0,1268.0,1269.0,1261.0,1261.0,1263.0,1263.0,1272.0,36,MaxBars,Skip,ActualPathDisabledV209:side=Short|path=FailureReverse_ObservationInvalidated,,both
OPF-20260725-100040,OPF_0.1,OPF_RESEARCH_2.14,MNQ_0.1,MNQ_1Contract_Target150_200,OPF_PROFILE_0.1,20260520-1050-BULL-OBS-001258-Z001247-FR,2026-05-20 10:55:00,1259,Skip,"StrictEntryRiskBandExcludedV208:risk=14.25,excluded=(13.25,16]",ActualCandidate,Short,FailureReverse,FailureReverse_ObservationInvalidated_WideStop1_5R,50,66.0,True,29108.0,29122.25,29051.0,14.25,7.75,AggressiveExpansionV164Eligibility:NearestStructure,0.5439,-263.51,3,,StrictEntryRiskBandExcludedV208,OPF_0.1,OPF_RESEARCH_2.14,MNQ_0.1,MNQ_1Contract_Target150_200,OPF_PROFILE_0.1,2026-05-20T10:55:00.0000000,1259,2026-05-20 13:55:00,1295,Short,FailureReverse,50,66.0,29108.0,29122.25,14.25,29109.25,29109.75,True,158865,245358,4.0,85.25,87.25,1260.0,1260.0,1262.0,1268.0,1268.0,1269.0,1269.0,1291.0,1261.0,1263.0,1272.0,1269.0,1272.0,36,MaxBars,Skip,"StrictEntryRiskBandExcludedV208:risk=14.25,excluded=(13.25,16]",,both
OPF-20260725-100040,OPF_0.1,OPF_RESEARCH_2.14,MNQ_0.1,MNQ_1Contract_Target150_200,OPF_PROFILE_0.1,20260520-1050-BULL-OBS-001258-Z001247-FR-RT,2026-05-20 11:05:00,1261,Skip,"EntryBarStopTouched:high=29120,stop=29117.5",ActualCandidate,Short,FailureReverse,FailureReverse_RetestFailed,50,72.0,True,29106.75,29117.5,29090.625,10.75,12.9,FailureRetestMin1_2R,1.2,-336.51,4,,EntryBarStopTouched,OPF_0.1,OPF_RESEARCH_2.14,MNQ_0.1,MNQ_1Contract_Target150_200,OPF_PROFILE_0.1,2026-05-20T11:05:00.0000000,1261,2026-05-20 14:05:00,1297,Short,FailureReverse,50,72.0,29106.75,29117.5,10.75,29107.0,29107.5,True,160478,258345,1.5,84.0,88.5,1261.0,1262.0,1262.0,1268.0,1268.0,1268.0,1269.0,1269.0,1263.0,1263.0,1272.0,1269.0,1272.0,36,MaxBars,Skip,"EntryBarStopTouched:high=29120,stop=29117.5",,both
OPF-20260725-100040,OPF_0.1,OPF_RESEARCH_2.14,MNQ_0.1,MNQ_1Contract_Target150_200,OPF_PROFILE_0.1,20260520-1050-BULL-OBS-001258-Z001247-FR-RT,2026-05-20 11:05:00,1261,Skip,ActualPathDisabledV209:side=Short|path=FailureReverse_RetestFailed_WideStop1_5R,ActualCandidate,Short,FailureReverse,FailureReverse_RetestFailed_WideStop1_5R,50,72.0,True,29106.75,29122.87,29058.39,16.12,3.25,AggressiveExpansionV164Eligibility:NearestStructure,0.2016,-336.51,4,,ActualPathDisabledV209,OPF_0.1,OPF_RESEARCH_2.14,MNQ_0.1,MNQ_1Contract_Target150_200,OPF_PROFILE_0.1,2026-05-20T11:05:00.0000000,1261,2026-05-20 14:05:00,1297,Short,FailureReverse,50,72.0,29106.75,29122.87,16.12,29107.0,29107.5,True,160478,258345,3.0,84.0,88.5,1266.0,1262.0,1268.0,1268.0,1269.0,1269.0,1289.0,1291.0,1263.0,1272.0,1272.0,1269.0,1272.0,36,MaxBars,Skip,ActualPathDisabledV209:side=Short|path=FailureReverse_RetestFailed_WideStop1_5R,,both
OPF-20260725-100040,OPF_0.1,OPF_RESEARCH_2.14,MNQ_0.1,MNQ_1Contract_Target150_200,OPF_PROFILE_0.1,20260520-1055-BEAR-OBS-001259-Z001259,2026-05-20 10:55:00,1259,Execute,"TradeID:20260520-1055-Short-1259|LegacyV174PolicyV204:targetR=2.5|dailyCap=10|ZoneBirthVolumeV122:risk=13.25,score=45,rr=0.5849,dailyTrades=3|AggressiveExpansionV164:ZoneBirthShortV168,risk=13.25,score=45,eligibilityRr=0.5849,targetR=2.5|DynamicExpansionV168:ZoneBirthShortV168,targetR=2.5|ZoneBirthShortDualRiskBandV170:MidRiskGt12Le18,risk=13.25|ZoneBirthSplitRunnerV208:baseQty=2,runnerQty=1,baseTargetR=2.5,runnerTargetR=4,runnerBeAfter=BaseTP|ActualTargetOverride:targetR=2.5,risk=13.25,path=ZoneBirthResearch",ActualExecuted,Short,TrendPullback,ZoneBirthResearch,20,45.0,True,29108.0,29121.25,29074.875,13.25,7.75,AggressiveExpansionV164Eligibility:NearestStructure,0.5849,-263.51,3,20260520-1055-Short-1259,TradeID,OPF_0.1,OPF_RESEARCH_2.14,MNQ_0.1,MNQ_1Contract_Target150_200,OPF_PROFILE_0.1,2026-05-20T10:55:00.0000000,1259,2026-05-20 13:55:00,1295,Short,TrendPullback,20,45.0,29108.0,29121.25,13.25,29109.25,29109.75,True,158865,245358,2.5,85.25,87.25,1260.0,1260.0,1262.0,1268.0,1268.0,1269.0,1269.0,1289.0,1261.0,1263.0,1272.0,1269.0,1272.0,36,MaxBars,Execute,"TradeID:20260520-1055-Short-1259|LegacyV174PolicyV204:targetR=2.5|dailyCap=10|ZoneBirthVolumeV122:risk=13.25,score=45,rr=0.5849,dailyTrades=3|AggressiveExpansionV164:ZoneBirthShortV168,risk=13.25,score=45,eligibilityRr=0.5849,targetR=2.5|DynamicExpansionV168:ZoneBirthShortV168,targetR=2.5|ZoneBirthShortDualRiskBandV170:MidRiskGt12Le18,risk=13.25|ZoneBirthSplitRunnerV208:baseQty=2,runnerQty=1,baseTargetR=2.5,runnerTargetR=4,runnerBeAfter=BaseTP|ActualTargetOverride:targetR=2.5,risk=13.25,path=ZoneBirthResearch",20260520-1055-Short-1259,both
OPF-20260725-100040,OPF_0.1,OPF_RESEARCH_2.14,MNQ_0.1,MNQ_1Contract_Target150_200,OPF_PROFILE_0.1,20260520-1055-BEAR-OBS-001259-Z001259-OC,2026-05-20 11:00:00,1260,Skip,"ObservationConfirmRiskCapExceeded:risk=20.25,max=18|RiskTooWideVolAdjusted:risk=20.25,max=12.2,atr14=20.34",ActualCandidate,Short,TrendPullback,ObservationConfirm,20,60.0,True,29101.0,29121.25,29070.625,20.25,30.38,ObservationConfirmTargetR:1.5,1.5002,-336.51,4,,ObservationConfirmRiskCapExceeded,OPF_0.1,OPF_RESEARCH_2.14,MNQ_0.1,MNQ_1Contract_Target150_200,OPF_PROFILE_0.1,2026-05-20T11:00:00.0000000,1260,2026-05-20 14:00:00,1296,Short,TrendPullback,20,60.0,29101.0,29121.25,20.25,29101.0,29102.0,True,160444,252496,1.5,78.25,94.25,1260.0,1268.0,1268.0,1269.0,1269.0,1291.0,1291.0,,1272.0,1272.0,1272.0,1270.0,1292.0,36,MaxBars,Skip,"ObservationConfirmRiskCapExceeded:risk=20.25,max=18|RiskTooWideVolAdjusted:risk=20.25,max=12.2,atr14=20.34",,both
OPF-20260725-100040,OPF_0.1,OPF_RESEARCH_2.14,MNQ_0.1,MNQ_1Contract_Target150_200,OPF_PROFILE_0.1,20260520-1055-BEAR-OBS-001259-Z001259-OC,2026-05-20 11:00:00,1260,Skip,"ObservationConfirmWideStopVolumeV131RiskCapExceeded:risk=30.38,max=22,side=Short|RiskTooWideHard:risk=30.38,max=25|EstimatedRRTooLow:rr=0.0247,min=0.8,reward=0.75,model=NearestStructure",ActualCandidate,Short,TrendPullback,ObservationConfirm_WideStop1_5R,20,60.0,True,29101.0,29131.38,29055.43,30.38,0.75,NearestStructure,0.0247,-336.51,4,,ObservationConfirmWideStopVolumeV131RiskCapExceeded,OPF_0.1,OPF_RESEARCH_2.14,MNQ_0.1,MNQ_1Contract_Target150_200,OPF_PROFILE_0.1,2026-05-20T11:00:00.0000000,1260,2026-05-20 14:00:00,1296,Short,TrendPullback,20,60.0,29101.0,29131.38,30.38,29101.0,29102.0,True,160444,252496,1.5,78.25,94.25,1276.0,1268.0,1269.0,1289.0,1291.0,1291.0,,,1272.0,1272.0,1290.0,1290.0,1292.0,36,MaxBars,Skip,"ObservationConfirmWideStopVolumeV131RiskCapExceeded:risk=30.38,max=22,side=Short|RiskTooWideHard:risk=30.38,max=25|EstimatedRRTooLow:rr=0.0247,min=0.8,reward=0.75,model=NearestStructure",,both
OPF-20260725-100040,OPF_0.1,OPF_RESEARCH_2.14,MNQ_0.1,MNQ_1Contract_Target150_200,OPF_PROFILE_0.1,20260520-1100-BEAR-OBS-001260-Z001259,2026-05-20 11:00:00,1260,Skip,"SetupQualityTooLow:score=37,min=45",ActualCandidate,Short,TrendPullback,UnknownRegimeZoneTouch,20,37.0,False,29101.0,29121.25,29040.25,20.25,0.75,AggressiveExpansionV164Eligibility:NearestStructure,0.037,-336.51,4,,SetupQualityTooLow,OPF_0.1,OPF_RESEARCH_2.14,MNQ_0.1,MNQ_1Contract_Target150_200,OPF_PROFILE_0.1,2026-05-20T11:00:00.0000000,1260,2026-05-20 14:00:00,1296,Short,TrendPullback,20,37.0,29101.0,29121.25,20.25,29101.0,29102.0,True,160444,252496,3.0,78.25,94.25,1260.0,1268.0,1268.0,1269.0,1269.0,1291.0,1291.0,,1272.0,1272.0,1272.0,1270.0,1292.0,36,MaxBars,Skip,"SetupQualityTooLow:score=37,min=45",,both
OPF-20260725-100040,OPF_0.1,OPF_RESEARCH_2.14,MNQ_0.1,MNQ_1Contract_Target150_200,OPF_PROFILE_0.1,20260520-1100-BEAR-OBS-001260-Z001259-OC,2026-05-20 11:05:00,1261,Skip,"StrictEntryRiskBandExcludedV208:risk=14.5,excluded=(13.25,16]|ShortObservationMidRiskQualityCutV112:score=48,min=60,risk=14.5",ActualCandidate,Short,TrendPullback,ObservationConfirm,20,48.0,True,29106.75,29121.25,29085.0,14.5,21.75,ObservationConfirmTargetR:1.5,1.5,-336.51,4,,StrictEntryRiskBandExcludedV208,OPF_0.1,OPF_RESEARCH_2.14,MNQ_0.1,MNQ_1Contract_Target150_200,OPF_PROFILE_0.1,2026-05-20T11:05:00.0000000,1261,2026-05-20 14:05:00,1297,Short,TrendPullback,20,48.0,29106.75,29121.25,14.5,29107.0,29107.5,True,160478,258345,1.5,84.0,88.5,1262.0,1262.0,1268.0,1268.0,1269.0,1269.0,1269.0,1291.0,1263.0,1272.0,1272.0,1269.0,1272.0,36,MaxBars,Skip,"StrictEntryRiskBandExcludedV208:risk=14.5,excluded=(13.25,16]|ShortObservationMidRiskQualityCutV112:score=48,min=60,risk=14.5",,both
OPF-20260725-100040,OPF_0.1,OPF_RESEARCH_2.14,MNQ_0.1,MNQ_1Contract_Target150_200,OPF_PROFILE_0.1,20260520-1100-BEAR-OBS-001260-Z001259-OC,2026-05-20 11:05:00,1261,Skip,"ObservationConfirmWideStopQualityTooLowV132:side=Short,score=48,min=56",ActualCandidate,Short,TrendPullback,ObservationConfirm_WideStop1_5R,20,48.0,True,29106.75,29128.5,29074.125,21.75,3.25,NearestStructure,0.1494,-336.51,4,,ObservationConfirmWideStopQualityTooLowV132,OPF_0.1,OPF_RESEARCH_2.14,MNQ_0.1,MNQ_1Contract_Target150_200,OPF_PROFILE_0.1,2026-05-20T11:05:00.0000000,1261,2026-05-20 14:05:00,1297,Short,TrendPullback,20,48.0,29106.75,29128.5,21.75,29107.0,29107.5,True,160478,258345,1.5,84.0,88.5,1275.0,1268.0,1268.0,1269.0,1269.0,1291.0,1291.0,,1272.0,1272.0,1272.0,1270.0,1292.0,36,MaxBars,Skip,"ObservationConfirmWideStopQualityTooLowV132:side=Short,score=48,min=56",,both
OPF-20260725-100040,OPF_0.1,OPF_RESEARCH_2.14,MNQ_0.1,MNQ_1Contract_Target150_200,OPF_PROFILE_0.1,20260520-1140-BEAR-OBS-001268-Z001268,2026-05-20 11:40:00,1268,Skip,"ZoneBirthShortV170RiskBandExcluded:risk=24.25,allowed=<=8|>12<=18|EstimatedRRTooLow:rr=0,min=0.25,reward=0,model=AggressiveExpansionV164Eligibility:NearestStructure",ActualCandidate,Short,TrendPullback,ZoneBirthResearch,40,45.0,True,29089.0,29113.25,29028.375,24.25,0.0,AggressiveExpansionV164Eligibility:NearestStructure,0.0,-336.51,4,,ZoneBirthShortV170RiskBandExcluded,OPF_0.1,OPF_RESEARCH_2.14,MNQ_0.1,MNQ_1Contract_Target150_200,OPF_PROFILE_0.1,2026-05-20T11:40:00.0000000,1268,2026-05-20 14:40:00,1304,Short,TrendPullback,40,45.0,29089.0,29113.25,24.25,29089.25,29090.0,True,166476,310377,2.5,81.0,174.25,1273.0,1269.0,1269.0,1291.0,1291.0,1291.0,1298.0,,1271.0,1271.0,1292.0,1292.0,1292.0,36,MaxBars,Skip,"ZoneBirthShortV170RiskBandExcluded:risk=24.25,allowed=<=8|>12<=18|EstimatedRRTooLow:rr=0,min=0.25,reward=0,model=AggressiveExpansionV164Eligibility:NearestStructure",,both
OPF-20260725-100040,OPF_0.1,OPF_RESEARCH_2.14,MNQ_0.1,MNQ_1Contract_Target150_200,OPF_PROFILE_0.1,20260520-1140-BEAR-OBS-001268-Z001268-OC,2026-05-20 11:45:00,1269,Skip,"ObservationConfirmRiskCapExceeded:risk=40.5,max=18|RiskTooWideHard:risk=40.5,max=25|RiskTooWideVolAdjusted:risk=40.5,max=13.15,atr14=21.91",ActualCandidate,Short,TrendPullback,ObservationConfirm,40,60.0,True,29072.75,29113.25,29012.0,40.5,60.75,ObservationConfirmTargetR:1.5,1.5,-336.51,4,,ObservationConfirmRiskCapExceeded,OPF_0.1,OPF_RESEARCH_2.14,MNQ_0.1,MNQ_1Contract_Target150_200,OPF_PROFILE_0.1,2026-05-20T11:45:00.0000000,1269,2026-05-20 14:45:00,1305,Short,TrendPullback,40,60.0,29072.75,29113.25,40.5,29071.75,29072.5,True,167952,316426,1.5,64.75,190.5,1273.0,1291.0,1291.0,1298.0,,,,,1292.0,1292.0,1299.0,1299.0,,36,MaxBars,Skip,"ObservationConfirmRiskCapExceeded:risk=40.5,max=18|RiskTooWideHard:risk=40.5,max=25|RiskTooWideVolAdjusted:risk=40.5,max=13.15,atr14=21.91",,both
OPF-20260725-100040,OPF_0.1,OPF_RESEARCH_2.14,MNQ_0.1,MNQ_1Contract_Target150_200,OPF_PROFILE_0.1,20260520-1140-BEAR-OBS-001268-Z001268-OC,2026-05-20 11:45:00,1269,Skip,"ObservationConfirmWideStopVolumeV131RiskCapExceeded:risk=60.75,max=22,side=Short|RiskTooWideHard:risk=60.75,max=25|EstimatedRRTooLow:rr=0,min=0.8,reward=0,model=NearestStructure",ActualCandidate,Short,TrendPullback,ObservationConfirm_WideStop1_5R,40,60.0,True,29072.75,29133.5,28981.625,60.75,0.0,NearestStructure,0.0,-336.51,4,,ObservationConfirmWideStopVolumeV131RiskCapExceeded,OPF_0.1,OPF_RESEARCH_2.14,MNQ_0.1,MNQ_1Contract_Target150_200,OPF_PROFILE_0.1,2026-05-20T11:45:00.0000000,1269,2026-05-20 14:45:00,1305,Short,TrendPullback,40,60.0,29072.75,29133.5,60.75,29071.75,29072.5,True,167952,316426,1.5,64.75,190.5,1276.0,1291.0,1298.0,,,,,,1292.0,1299.0,,,,36,MaxBars,Skip,"ObservationConfirmWideStopVolumeV131RiskCapExceeded:risk=60.75,max=22,side=Short|RiskTooWideHard:risk=60.75,max=25|EstimatedRRTooLow:rr=0,min=0.8,reward=0,model=NearestStructure",,both
OPF-20260725-100040,OPF_0.1,OPF_RESEARCH_2.14,MNQ_0.1,MNQ_1Contract_Target150_200,OPF_PROFILE_0.1,20260520-1200-BEAR-OBS-001272-Z001268,2026-05-20 12:00:00,1272,Skip,"SetupQualityTooLow:score=31,min=45",ActualCandidate,Short,TrendPullback,UnknownRegimeZoneTouch,30,31.0,False,29108.75,29113.25,29095.25,4.5,2.0,AggressiveExpansionV164Eligibility:NearestStructure,0.4444,-336.51,4,,SetupQualityTooLow,OPF_0.1,OPF_RESEARCH_2.14,MNQ_0.1,MNQ_1Contract_Target150_200,OPF_PROFILE_0.1,2026-05-20T12:00:00.0000000,1272,2026-05-20 15:00:00,1308,Short,TrendPullback,30,31.0,29108.75,29113.25,4.5,29108.0,29108.5,True,170896,333157,3.0,100.75,176.0,1273.0,1272.0,1272.0,1272.0,1272.0,1272.0,1272.0,1272.0,1273.0,1273.0,1273.0,1273.0,1273.0,36,MaxBars,Skip,"SetupQualityTooLow:score=31,min=45",,both
OPF-20260725-100040,OPF_0.1,OPF_RESEARCH_2.14,MNQ_0.1,MNQ_1Contract_Target150_200,OPF_PROFILE_0.1,20260520-1200-BEAR-OBS-001272-Z001268-OC,2026-05-20 12:05:00,1273,Skip,"EntryBarStopTouched:high=29122.25,stop=29113.25",ActualCandidate,Short,TrendPullback,ObservationConfirm,30,52.0,True,29108.75,29113.25,29102.0,4.5,6.75,ObservationConfirmTargetR:1.5,1.5,-336.51,4,,EntryBarStopTouched,OPF_0.1,OPF_RESEARCH_2.14,MNQ_0.1,MNQ_1Contract_Target150_200,OPF_PROFILE_0.1,2026-05-20T12:05:00.0000000,1273,2026-05-20 15:05:00,1309,Short,TrendPullback,30,52.0,29108.75,29113.25,4.5,29107.75,29108.25,True,171641,337445,1.5,100.75,176.0,1273.0,1273.0,1273.0,1274.0,1284.0,1284.0,1286.0,1287.0,1274.0,1274.0,1275.0,1275.0,1285.0,36,MaxBars,Skip,"EntryBarStopTouched:high=29122.25,stop=29113.25",,both
OPF-20260725-100040,OPF_0.1,OPF_RESEARCH_2.14,MNQ_0.1,MNQ_1Contract_Target150_200,OPF_PROFILE_0.1,20260520-1200-BEAR-OBS-001272-Z001268-OC,2026-05-20 12:05:00,1273,Skip,"ObservationConfirmWideStopQualityTooLowV132:side=Short,score=52,min=56",ActualCandidate,Short,TrendPullback,ObservationConfirm_WideStop1_5R,30,52.0,True,29108.75,29115.5,29098.625,6.75,2.0,NearestStructure,0.2963,-336.51,4,,ObservationConfirmWideStopQualityTooLowV132,OPF_0.1,OPF_RESEARCH_2.14,MNQ_0.1,MNQ_1Contract_Target150_200,OPF_PROFILE_0.1,2026-05-20T12:05:00.0000000,1273,2026-05-20 15:05:00,1309,Short,TrendPullback,30,52.0,29108.75,29115.5,6.75,29107.75,29108.25,True,171641,337445,1.5,100.75,176.0,1273.0,1273.0,1274.0,1284.0,1286.0,1287.0,1287.0,1289.0,1274.0,1275.0,1285.0,1285.0,1288.0,36,MaxBars,Skip,"ObservationConfirmWideStopQualityTooLowV132:side=Short,score=52,min=56",,both
OPF-20260725-100040,OPF_0.1,OPF_RESEARCH_2.14,MNQ_0.1,MNQ_1Contract_Target150_200,OPF_PROFILE_0.1,20260520-1205-BULL-OBS-001273-Z001273,2026-05-20 12:05:00,1273,Skip,"StrategyRegimeNotTrend:score=20|SetupQualityTooLow:score=41,min=45",ActualCandidate,Long,TrendPullback,ZoneBirthResearch,20,41.0,False,29108.75,29096.25,29127.5,12.5,0.25,NearestStructure,0.02,-336.51,4,,StrategyRegimeNotTrend,OPF_0.1,OPF_RESEARCH_2.14,MNQ_0.1,MNQ_1Contract_Target150_200,OPF_PROFILE_0.1,2026-05-20T12:05:00.0000000,1273,2026-05-20 15:05:00,1309,Long,TrendPullback,20,41.0,29108.75,29096.25,12.5,29107.75,29108.25,True,171641,337445,1.5,176.0,100.75,1286.0,1273.0,1273.0,1275.0,1276.0,1277.0,1277.0,1277.0,1274.0,1274.0,1283.0,1276.0,1283.0,36,MaxBars,Skip,"StrategyRegimeNotTrend:score=20|SetupQualityTooLow:score=41,min=45",,both
OPF-20260725-100040,OPF_0.1,OPF_RESEARCH_2.14,MNQ_0.1,MNQ_1Contract_Target150_200,OPF_PROFILE_0.1,20260520-1205-BULL-OBS-001273-Z001273-OC,2026-05-20 12:10:00,1274,Skip,"LongObservationWideRiskCutV137:risk=25.5,max=12|ObservationConfirmRiskCapExceeded:risk=25.5,max=12|RiskTooWideHard:risk=25.5,max=25|RiskTooWideVolAdjusted:risk=25.5,max=14.19,atr14=23.64",ActualCandidate,Long,TrendPullback,ObservationConfirm,20,60.0,True,29121.75,29096.25,29223.75,25.5,102.0,ActualTargetOverride:4,4.0,-336.51,4,,LongObservationWideRiskCutV137,OPF_0.1,OPF_RESEARCH_2.14,MNQ_0.1,MNQ_1Contract_Target150_200,OPF_PROFILE_0.1,2026-05-20T12:10:00.0000000,1274,2026-05-20 15:10:00,1310,Long,TrendPullback,20,60.0,29121.75,29096.25,25.5,29120.75,29121.25,True,171677,340634,4.0,163.0,113.75,1286.0,1277.0,1277.0,1277.0,1293.0,1293.0,1299.0,1299.0,1280.0,1280.0,1280.0,1278.0,1294.0,36,MaxBars,Skip,"LongObservationWideRiskCutV137:risk=25.5,max=12|ObservationConfirmRiskCapExceeded:risk=25.5,max=12|RiskTooWideHard:risk=25.5,max=25|RiskTooWideVolAdjusted:risk=25.5,max=14.19,atr14=23.64",,both
OPF-20260725-100040,OPF_0.1,OPF_RESEARCH_2.14,MNQ_0.1,MNQ_1Contract_Target150_200,OPF_PROFILE_0.1,20260520-1205-BULL-OBS-001273-Z001273-OC,2026-05-20 12:10:00,1274,Skip,"DailyVolumeFloorRiskCapExceeded:risk=38.25,max=18|OCWideStopLowRiskV132RiskCapExceeded:risk=38.25,max=18,side=Long|RiskTooWideHard:risk=38.25,max=25",ActualCandidate,Long,TrendPullback,ObservationConfirm_WideStop1_5R,20,60.0,True,29121.75,29083.5,29236.5,38.25,114.75,ActualTargetOverride:3,3.0,-336.51,4,,DailyVolumeFloorRiskCapExceeded,OPF_0.1,OPF_RESEARCH_2.14,MNQ_0.1,MNQ_1Contract_Target150_200,OPF_PROFILE_0.1,2026-05-20T12:10:00.0000000,1274,2026-05-20 15:10:00,1310,Long,TrendPullback,20,60.0,29121.75,29083.5,38.25,29120.75,29121.25,True,171677,340634,3.0,163.0,113.75,1289.0,1277.0,1277.0,1293.0,1299.0,1299.0,1302.0,1307.0,1280.0,1280.0,1294.0,1294.0,1301.0,36,MaxBars,Skip,"DailyVolumeFloorRiskCapExceeded:risk=38.25,max=18|OCWideStopLowRiskV132RiskCapExceeded:risk=38.25,max=18,side=Long|RiskTooWideHard:risk=38.25,max=25",,both
OPF-20260725-100040,OPF_0.1,OPF_RESEARCH_2.14,MNQ_0.1,MNQ_1Contract_Target150_200,OPF_PROFILE_0.1,20260520-1210-BULL-OBS-001274-Z001273,2026-05-20 12:10:00,1274,Skip,"StrategyRegimeNotTrend:score=20|SetupQualityTooLow:score=41,min=70",ActualCandidate,Long,TrendPullback,UnknownRegimeZoneTouch,20,41.0,False,29121.75,29096.25,29160.0,25.5,0.5,NearestStructure,0.0196,-336.51,4,,StrategyRegimeNotTrend,OPF_0.1,OPF_RESEARCH_2.14,MNQ_0.1,MNQ_1Contract_Target150_200,OPF_PROFILE_0.1,2026-05-20T12:10:00.0000000,1274,2026-05-20 15:10:00,1310,Long,TrendPullback,20,41.0,29121.75,29096.25,25.5,29120.75,29121.25,True,171677,340634,1.5,163.0,113.75,1286.0,1277.0,1277.0,1277.0,1293.0,1293.0,1299.0,1299.0,1280.0,1280.0,1280.0,1278.0,1294.0,36,MaxBars,Skip,"StrategyRegimeNotTrend:score=20|SetupQualityTooLow:score=41,min=70",,both
OPF-20260725-100040,OPF_0.1,OPF_RESEARCH_2.14,MNQ_0.1,MNQ_1Contract_Target150_200,OPF_PROFILE_0.1,20260520-1210-BULL-OBS-001274-Z001273-OC,2026-05-20 12:15:00,1275,Skip,"LongObservationWideRiskCutV137:risk=26.5,max=12|ObservationConfirmRiskCapExceeded:risk=26.5,max=12|RiskTooWideHard:risk=26.5,max=25|RiskTooWideVolAdjusted:risk=26.5,max=13.99,atr14=23.32",ActualCandidate,Long,TrendPullback,ObservationConfirm,20,52.0,True,29122.75,29096.25,29228.75,26.5,106.0,ActualTargetOverride:4,4.0,-336.51,4,,LongObservationWideRiskCutV137,OPF_0.1,OPF_RESEARCH_2.14,MNQ_0.1,MNQ_1Contract_Target150_200,OPF_PROFILE_0.1,2026-05-20T12:15:00.0000000,1275,2026-05-20 15:15:00,1311,Long,TrendPullback,20,52.0,29122.75,29096.25,26.5,29122.5,29123.25,True,171679,351665,4.0,272.75,114.75,1286.0,1277.0,1277.0,1277.0,1293.0,1293.0,1299.0,1299.0,1280.0,1280.0,1280.0,1278.0,1294.0,36,MaxBars,Skip,"LongObservationWideRiskCutV137:risk=26.5,max=12|ObservationConfirmRiskCapExceeded:risk=26.5,max=12|RiskTooWideHard:risk=26.5,max=25|RiskTooWideVolAdjusted:risk=26.5,max=13.99,atr14=23.32",,both
OPF-20260725-100040,OPF_0.1,OPF_RESEARCH_2.14,MNQ_0.1,MNQ_1Contract_Target150_200,OPF_PROFILE_0.1,20260520-1210-BULL-OBS-001274-Z001273-OC,2026-05-20 12:15:00,1275,Skip,"ObservationConfirmWideStopQualityTooLowV132:side=Long,score=52,min=56",ActualCandidate,Long,TrendPullback,ObservationConfirm_WideStop1_5R,20,52.0,True,29122.75,29083.0,29242.0,39.75,119.25,ActualTargetOverride:3,3.0,-336.51,4,,ObservationConfirmWideStopQualityTooLowV132,OPF_0.1,OPF_RESEARCH_2.14,MNQ_0.1,MNQ_1Contract_Target150_200,OPF_PROFILE_0.1,2026-05-20T12:15:00.0000000,1275,2026-05-20 15:15:00,1311,Long,TrendPullback,20,52.0,29122.75,29083.0,39.75,29122.5,29123.25,True,171679,351665,3.0,272.75,114.75,1289.0,1277.0,1277.0,1293.0,1299.0,1299.0,1302.0,1308.0,1280.0,1280.0,1294.0,1294.0,1301.0,36,MaxBars,Skip,"ObservationConfirmWideStopQualityTooLowV132:side=Long,score=52,min=56",,both
OPF-20260725-100040,OPF_0.1,OPF_RESEARCH_2.14,MNQ_0.1,MNQ_1Contract_Target150_200,OPF_PROFILE_0.1,20260520-1210-BULL-OBS-001274-Z001273-OC-STR,2026-05-20 12:15:00,1275,Skip,"AggressiveExpansionV164RiskCapExceeded:risk=26.5,max=25|RiskTooWideHard:risk=26.5,max=25|EstimatedRRTooLow:rr=0.0377,min=0.25,reward=1,model=AggressiveExpansionV164Eligibility:NearestStructure",ActualCandidate,Long,TrendPullback,ObservationStrict_Other,20,52.0,True,29122.75,29096.25,29202.25,26.5,1.0,AggressiveExpansionV164Eligibility:NearestStructure,0.0377,-336.51,4,,AggressiveExpansionV164RiskCapExceeded,OPF_0.1,OPF_RESEARCH_2.14,MNQ_0.1,MNQ_1Contract_Target150_200,OPF_PROFILE_0.1,2026-05-20T12:15:00.0000000,1275,2026-05-20 15:15:00,1311,Long,TrendPullback,20,52.0,29122.75,29096.25,26.5,29122.5,29123.25,True,171679,351665,3.0,272.75,114.75,1286.0,1277.0,1277.0,1277.0,1293.0,1293.0,1299.0,1299.0,1280.0,1280.0,1280.0,1278.0,1294.0,36,MaxBars,Skip,"AggressiveExpansionV164RiskCapExceeded:risk=26.5,max=25|RiskTooWideHard:risk=26.5,max=25|EstimatedRRTooLow:rr=0.0377,min=0.25,reward=1,model=AggressiveExpansionV164Eligibility:NearestStructure",,both
OPF-20260725-100040,OPF_0.1,OPF_RESEARCH_2.14,MNQ_0.1,MNQ_1Contract_Target150_200,OPF_PROFILE_0.1,20260520-1210-BULL-OBS-001274-Z001273-OC-STR,2026-05-20 12:15:00,1275,Skip,"AggressiveExpansionV164RiskCapExceeded:risk=39.75,max=25|RiskTooWideHard:risk=39.75,max=25|EstimatedRRTooLow:rr=0.0252,min=0.25,reward=1,model=AggressiveExpansionV164Eligibility:NearestStructure",ActualCandidate,Long,TrendPullback,ObservationStrict_Other_WideStop1_5R,20,52.0,True,29122.75,29083.0,29242.0,39.75,1.0,AggressiveExpansionV164Eligibility:NearestStructure,0.0252,-336.51,4,,AggressiveExpansionV164RiskCapExceeded,OPF_0.1,OPF_RESEARCH_2.14,MNQ_0.1,MNQ_1Contract_Target150_200,OPF_PROFILE_0.1,2026-05-20T12:15:00.0000000,1275,2026-05-20 15:15:00,1311,Long,TrendPullback,20,52.0,29122.75,29083.0,39.75,29122.5,29123.25,True,171679,351665,3.0,272.75,114.75,1289.0,1277.0,1277.0,1293.0,1299.0,1299.0,1302.0,1308.0,1280.0,1280.0,1294.0,1294.0,1301.0,36,MaxBars,Skip,"AggressiveExpansionV164RiskCapExceeded:risk=39.75,max=25|RiskTooWideHard:risk=39.75,max=25|EstimatedRRTooLow:rr=0.0252,min=0.25,reward=1,model=AggressiveExpansionV164Eligibility:NearestStructure",,both
OPF-20260725-100040,OPF_0.1,OPF_RESEARCH_2.14,MNQ_0.1,MNQ_1Contract_Target150_200,OPF_PROFILE_0.1,20260520-1225-BULL-OBS-001277-Z001277,2026-05-20 12:25:00,1277,Skip,"StrategyRegimeNotTrend:score=40|SetupQualityTooLow:score=41,min=45",ActualCandidate,Long,TrendPullback,ZoneBirthResearch,40,41.0,False,29148.0,29129.25,29176.125,18.75,0.0,NearestStructure,0.0,-336.51,4,,StrategyRegimeNotTrend,OPF_0.1,OPF_RESEARCH_2.14,MNQ_0.1,MNQ_1Contract_Target150_200,OPF_PROFILE_0.1,2026-05-20T12:25:00.0000000,1277,2026-05-20 15:25:00,1313,Long,TrendPullback,40,41.0,29148.0,29129.25,18.75,29147.75,29148.5,True,174727,361981,1.5,247.5,140.0,1280.0,1277.0,1278.0,1293.0,1293.0,1293.0,1299.0,1299.0,1278.0,1279.0,1294.0,1294.0,1294.0,36,MaxBars,Skip,"StrategyRegimeNotTrend:score=40|SetupQualityTooLow:score=41,min=45",,both
OPF-20260725-100040,OPF_0.1,OPF_RESEARCH_2.14,MNQ_0.1,MNQ_1Contract_Target150_200,OPF_PROFILE_0.1,20260520-1225-BULL-OBS-001277-Z001277-OC,2026-05-20 12:30:00,1278,Skip,"LongObservationWideRiskCutV137:risk=37,max=12|ObservationConfirmRiskCapExceeded:risk=37,max=12|RiskTooWideHard:risk=37,max=25|RiskTooWideVolAdjusted:risk=37,max=15.41,atr14=25.68",ActualCandidate,Long,TrendPullback,ObservationConfirm,40,60.0,True,29166.25,29129.25,29314.25,37.0,148.0,ActualTargetOverride:4,4.0,-336.51,4,,LongObservationWideRiskCutV137,OPF_0.1,OPF_RESEARCH_2.14,MNQ_0.1,MNQ_1Contract_Target150_200,OPF_PROFILE_0.1,2026-05-20T12:30:00.0000000,1278,2026-05-20 15:30:00,1314,Long,TrendPullback,40,60.0,29166.25,29129.25,37.0,29166.25,29167.0,True,176138,366732,4.0,229.25,158.25,1280.0,1293.0,1299.0,1299.0,1302.0,1302.0,1307.0,1311.0,1294.0,1300.0,1300.0,1300.0,,36,MaxBars,Skip,"LongObservationWideRiskCutV137:risk=37,max=12|ObservationConfirmRiskCapExceeded:risk=37,max=12|RiskTooWideHard:risk=37,max=25|RiskTooWideVolAdjusted:risk=37,max=15.41,atr14=25.68",,both
OPF-20260725-100040,OPF_0.1,OPF_RESEARCH_2.14,MNQ_0.1,MNQ_1Contract_Target150_200,OPF_PROFILE_0.1,20260520-1225-BULL-OBS-001277-Z001277-OC,2026-05-20 12:30:00,1278,Skip,"DailyVolumeFloorRiskCapExceeded:risk=55.5,max=18|OCWideStopLowRiskV132RiskCapExceeded:risk=55.5,max=18,side=Long|RiskTooWideHard:risk=55.5,max=25",ActualCandidate,Long,TrendPullback,ObservationConfirm_WideStop1_5R,40,60.0,True,29166.25,29110.75,29332.75,55.5,166.5,ActualTargetOverride:3,3.0,-336.51,4,,DailyVolumeFloorRiskCapExceeded,OPF_0.1,OPF_RESEARCH_2.14,MNQ_0.1,MNQ_1Contract_Target150_200,OPF_PROFILE_0.1,2026-05-20T12:30:00.0000000,1278,2026-05-20 15:30:00,1314,Long,TrendPullback,40,60.0,29166.25,29110.75,55.5,29166.25,29167.0,True,176138,366732,3.0,229.25,158.25,1283.0,1299.0,1299.0,1302.0,1307.0,1311.0,1311.0,1311.0,1300.0,1300.0,,1303.0,,36,MaxBars,Skip,"DailyVolumeFloorRiskCapExceeded:risk=55.5,max=18|OCWideStopLowRiskV132RiskCapExceeded:risk=55.5,max=18,side=Long|RiskTooWideHard:risk=55.5,max=25",,both
OPF-20260725-100040,OPF_0.1,OPF_RESEARCH_2.14,MNQ_0.1,MNQ_1Contract_Target150_200,OPF_PROFILE_0.1,20260520-1300-BEAR-OBS-001284-Z001284,2026-05-20 13:00:00,1284,Skip,"ZoneBirthShortV170RiskBandExcluded:risk=18.5,allowed=<=8|>12<=18|EstimatedRRTooLow:rr=0.0135,min=0.25,reward=0.25,model=AggressiveExpansionV164Eligibility:NearestStructure",ActualCandidate,Short,TrendPullback,ZoneBirthResearch,20,38.0,True,29107.0,29125.5,29060.75,18.5,0.25,AggressiveExpansionV164Eligibility:NearestStructure,0.0135,-336.51,4,,ZoneBirthShortV170RiskBandExcluded,OPF_0.1,OPF_RESEARCH_2.14,MNQ_0.1,MNQ_1Contract_Target150_200,OPF_PROFILE_0.1,2026-05-20T13:00:00.0000000,1284,2026-05-20 16:00:00,1320,Short,TrendPullback,20,38.0,29107.0,29125.5,18.5,29107.0,29107.5,True,184860,388584,2.5,99.0,288.5,1290.0,1287.0,1287.0,1289.0,1289.0,1289.0,1291.0,1291.0,1288.0,1288.0,1290.0,1290.0,1290.0,36,MaxBars,Skip,"ZoneBirthShortV170RiskBandExcluded:risk=18.5,allowed=<=8|>12<=18|EstimatedRRTooLow:rr=0.0135,min=0.25,reward=0.25,model=AggressiveExpansionV164Eligibility:NearestStructure",,both
OPF-20260725-100040,OPF_0.1,OPF_RESEARCH_2.14,MNQ_0.1,MNQ_1Contract_Target150_200,OPF_PROFILE_0.1,20260520-1300-BEAR-OBS-001284-Z001284-OC,2026-05-20 13:05:00,1285,Skip,"StrictEntryRiskBandExcludedV208:risk=15.5,excluded=(13.25,16]",ActualCandidate,Short,TrendPullback,ObservationConfirm,20,53.0,True,29110.0,29125.5,29086.75,15.5,23.25,ObservationConfirmTargetR:1.5,1.5,-336.51,4,,StrictEntryRiskBandExcludedV208,OPF_0.1,OPF_RESEARCH_2.14,MNQ_0.1,MNQ_1Contract_Target150_200,OPF_PROFILE_0.1,2026-05-20T13:05:00.0000000,1285,2026-05-20 16:05:00,1321,Short,TrendPullback,20,53.0,29110.0,29125.5,15.5,29108.75,29109.0,True,185908,390282,1.5,102.0,285.5,1290.0,1286.0,1287.0,1289.0,1289.0,1289.0,1289.0,1291.0,1288.0,1288.0,1290.0,1290.0,1290.0,36,MaxBars,Skip,"StrictEntryRiskBandExcludedV208:risk=15.5,excluded=(13.25,16]",,both
OPF-20260725-100040,OPF_0.1,OPF_RESEARCH_2.14,MNQ_0.1,MNQ_1Contract_Target150_200,OPF_PROFILE_0.1,20260520-1300-BEAR-OBS-001284-Z001284-OC,2026-05-20 13:05:00,1285,Skip,"ObservationConfirmWideStopQualityTooLowV132:side=Short,score=53,min=56",ActualCandidate,Short,TrendPullback,ObservationConfirm_WideStop1_5R,20,53.0,True,29110.0,29133.25,29075.125,23.25,0.25,NearestStructure,0.0108,-336.51,4,,ObservationConfirmWideStopQualityTooLowV132,OPF_0.1,OPF_RESEARCH_2.14,MNQ_0.1,MNQ_1Contract_Target150_200,OPF_PROFILE_0.1,2026-05-20T13:05:00.0000000,1285,2026-05-20 16:05:00,1321,Short,TrendPullback,20,53.0,29110.0,29133.25,23.25,29108.75,29109.0,True,185908,390282,1.5,102.0,285.5,1290.0,1287.0,1289.0,1289.0,1289.0,1291.0,1291.0,1298.0,1288.0,1290.0,1290.0,1290.0,1292.0,36,MaxBars,Skip,"ObservationConfirmWideStopQualityTooLowV132:side=Short,score=53,min=56",,both
OPF-20260725-100040,OPF_0.1,OPF_RESEARCH_2.14,MNQ_0.1,MNQ_1Contract_Target150_200,OPF_PROFILE_0.1,20260520-1305-BEAR-OBS-001285-Z001284,2026-05-20 13:05:00,1285,Skip,"SetupQualityTooLow:score=34,min=45",ActualCandidate,Short,TrendPullback,UnknownRegimeZoneTouch,20,34.0,False,29110.0,29125.5,29063.5,15.5,0.25,AggressiveExpansionV164Eligibility:NearestStructure,0.0161,-336.51,4,,SetupQualityTooLow,OPF_0.1,OPF_RESEARCH_2.14,MNQ_0.1,MNQ_1Contract_Target150_200,OPF_PROFILE_0.1,2026-05-20T13:05:00.0000000,1285,2026-05-20 16:05:00,1321,Short,TrendPullback,20,34.0,29110.0,29125.5,15.5,29108.75,29109.0,True,185908,390282,3.0,102.0,285.5,1290.0,1286.0,1287.0,1289.0,1289.0,1289.0,1289.0,1291.0,1288.0,1288.0,1290.0,1290.0,1290.0,36,MaxBars,Skip,"SetupQualityTooLow:score=34,min=45",,both
OPF-20260725-100040,OPF_0.1,OPF_RESEARCH_2.14,MNQ_0.1,MNQ_1Contract_Target150_200,OPF_PROFILE_0.1,20260520-1305-BEAR-OBS-001285-Z001284-OC,2026-05-20 13:10:00,1286,Skip,"ObservationConfirmRiskCapExceeded:risk=25.25,max=20|RiskTooWideHard:risk=25.25,max=25|RiskTooWideVolAdjusted:risk=25.25,max=14.7,atr14=24.5",ActualCandidate,Short,TrendPullback,ObservationConfirm,20,56.0,True,29100.25,29125.5,29062.375,25.25,37.88,ObservationConfirmTargetR:1.5,1.5002,-336.51,4,,ObservationConfirmRiskCapExceeded,OPF_0.1,OPF_RESEARCH_2.14,MNQ_0.1,MNQ_1Contract_Target150_200,OPF_PROFILE_0.1,2026-05-20T13:10:00.0000000,1286,2026-05-20 16:10:00,1322,Short,TrendPullback,20,56.0,29100.25,29125.5,25.25,29098.75,29099.25,True,186606,394013,1.5,92.25,295.25,1290.0,1289.0,1289.0,1289.0,1291.0,1291.0,1291.0,,1290.0,1290.0,1290.0,1290.0,1292.0,36,MaxBars,Skip,"ObservationConfirmRiskCapExceeded:risk=25.25,max=20|RiskTooWideHard:risk=25.25,max=25|RiskTooWideVolAdjusted:risk=25.25,max=14.7,atr14=24.5",,both
OPF-20260725-100040,OPF_0.1,OPF_RESEARCH_2.14,MNQ_0.1,MNQ_1Contract_Target150_200,OPF_PROFILE_0.1,20260520-1305-BEAR-OBS-001285-Z001284-OC,2026-05-20 13:10:00,1286,Skip,"DailyVolumeFloorRiskCapExceeded:risk=37.88,max=18|OCWideStopLowRiskV132RiskCapExceeded:risk=37.88,max=18,side=Short|RiskTooWideHard:risk=37.88,max=25|EstimatedRRTooLow:rr=0.0726,min=0.5,reward=2.75,model=NearestStructure",ActualCandidate,Short,TrendPullback,ObservationConfirm_WideStop1_5R,20,56.0,True,29100.25,29138.13,29043.43,37.88,2.75,NearestStructure,0.0726,-336.51,4,,DailyVolumeFloorRiskCapExceeded,OPF_0.1,OPF_RESEARCH_2.14,MNQ_0.1,MNQ_1Contract_Target150_200,OPF_PROFILE_0.1,2026-05-20T13:10:00.0000000,1286,2026-05-20 16:10:00,1322,Short,TrendPullback,20,56.0,29100.25,29138.13,37.88,29098.75,29099.25,True,186606,394013,1.5,92.25,295.25,1290.0,1289.0,1289.0,1291.0,1291.0,,,,1290.0,1290.0,1292.0,1292.0,,36,MaxBars,Skip,"DailyVolumeFloorRiskCapExceeded:risk=37.88,max=18|OCWideStopLowRiskV132RiskCapExceeded:risk=37.88,max=18,side=Short|RiskTooWideHard:risk=37.88,max=25|EstimatedRRTooLow:rr=0.0726,min=0.5,reward=2.75,model=NearestStructure",,both
OPF-20260725-100040,OPF_0.1,OPF_RESEARCH_2.14,MNQ_0.1,MNQ_1Contract_Target150_200,OPF_PROFILE_0.1,20260520-1305-BEAR-OBS-001285-Z001284-OC-STR,2026-05-20 13:10:00,1286,Skip,"AggressiveExpansionV164SideDisabled:path=ObservationStrict_Other,side=Short",ActualCandidate,Short,TrendPullback,ObservationStrict_Other,20,56.0,True,29100.25,29125.5,29062.375,25.25,2.75,NearestStructure,0.1089,-336.51,4,,AggressiveExpansionV164SideDisabled,OPF_0.1,OPF_RESEARCH_2.14,MNQ_0.1,MNQ_1Contract_Target150_200,OPF_PROFILE_0.1,2026-05-20T13:10:00.0000000,1286,2026-05-20 16:10:00,1322,Short,TrendPullback,20,56.0,29100.25,29125.5,25.25,29098.75,29099.25,True,186606,394013,1.5,92.25,295.25,1290.0,1289.0,1289.0,1289.0,1291.0,1291.0,1291.0,,1290.0,1290.0,1290.0,1290.0,1292.0,36,MaxBars,Skip,"AggressiveExpansionV164SideDisabled:path=ObservationStrict_Other,side=Short",,both
OPF-20260725-100040,OPF_0.1,OPF_RESEARCH_2.14,MNQ_0.1,MNQ_1Contract_Target150_200,OPF_PROFILE_0.1,20260520-1305-BEAR-OBS-001285-Z001284-OC-STR,2026-05-20 13:10:00,1286,Skip,"StrategyRegimeNotTrend:score=20|SetupQualityTooLow:score=56,min=70",ActualCandidate,Short,TrendPullback,ObservationStrict_Other_WideStop1_5R,20,56.0,False,29100.25,29138.13,29043.43,37.88,2.75,NearestStructure,0.0726,-336.51,4,,StrategyRegimeNotTrend,OPF_0.1,OPF_RESEARCH_2.14,MNQ_0.1,MNQ_1Contract_Target150_200,OPF_PROFILE_0.1,2026-05-20T13:10:00.0000000,1286,2026-05-20 16:10:00,1322,Short,TrendPullback,20,56.0,29100.25,29138.13,37.88,29098.75,29099.25,True,186606,394013,1.5,92.25,295.25,1290.0,1289.0,1289.0,1291.0,1291.0,,,,1290.0,1290.0,1292.0,1292.0,,36,MaxBars,Skip,"StrategyRegimeNotTrend:score=20|SetupQualityTooLow:score=56,min=70",,both
OPF-20260725-100040,OPF_0.1,OPF_RESEARCH_2.14,MNQ_0.1,MNQ_1Contract_Target150_200,OPF_PROFILE_0.1,20260520-1335-BULL-SHD-001291-Z001225-SCB,2026-05-20 14:15:00,1299,Skip,PathDisabled,ResearchOnly,Long,TrendPullback,StructureConfirmShadow,70,75.0,True,29167.5,29048.5,29346.0,119.0,0.25,NearestStructure,0.0021,-336.51,4,,PathDisabled,OPF_0.1,OPF_RESEARCH_2.14,MNQ_0.1,MNQ_1Contract_Target150_200,OPF_PROFILE_0.1,2026-05-20T14:15:00.0000000,1299,2026-05-20 17:15:00,1335,Long,TrendPullback,70,75.0,29167.5,29048.5,119.0,29167.5,29168.0,True,275908,446952,1.5,228.0,93.5,,1302.0,1311.0,1311.0,,,,,,,,1313.0,,36,MaxBars,Skip,PathDisabled,,both
OPF-20260725-100040,OPF_0.1,OPF_RESEARCH_2.14,MNQ_0.1,MNQ_1Contract_Target150_200,OPF_PROFILE_0.1,20260520-1550-BULL-OBS-001318-Z001318,2026-05-20 15:50:00,1318,Skip,"StrategyRegimeNotTrend:score=30|SetupQualityTooLow:score=41,min=45",ActualCandidate,Long,TrendPullback,ZoneBirthResearch,30,41.0,False,29345.25,29329.0,29369.625,16.25,0.25,NearestStructure,0.0154,-336.51,4,,StrategyRegimeNotTrend,OPF_0.1,OPF_RESEARCH_2.14,MNQ_0.1,MNQ_1Contract_Target150_200,OPF_PROFILE_0.1,2026-05-20T15:50:00.0000000,1318,2026-05-20 18:50:00,1354,Long,TrendPullback,30,41.0,29345.25,29329.0,16.25,29345.5,29346.0,True,381129,493075,1.5,13.25,135.5,1319.0,1318.0,,,,,,,1319.0,,,,,36,MaxBars,Skip,"StrategyRegimeNotTrend:score=30|SetupQualityTooLow:score=41,min=45",,both
OPF-20260725-100040,OPF_0.1,OPF_RESEARCH_2.14,MNQ_0.1,MNQ_1Contract_Target150_200,OPF_PROFILE_0.1,20260520-1550-BULL-OBS-001318-Z001318-FR,2026-05-20 16:00:00,1320,Skip,ActualPathDisabledV209:side=Short|path=FailureReverse_ObservationInvalidated,ActualCandidate,Short,FailureReverse,FailureReverse_ObservationInvalidated,30,46.0,True,29316.0,29333.25,29272.875,17.25,1.0,AggressiveExpansionV164Eligibility:NearestStructure,0.058,-336.51,4,,ActualPathDisabledV209,OPF_0.1,OPF_RESEARCH_2.14,MNQ_0.1,MNQ_1Contract_Target150_200,OPF_PROFILE_0.1,2026-05-20T16:00:00.0000000,1320,2026-05-20 19:00:00,1356,Short,FailureReverse,30,46.0,29316.0,29333.25,17.25,29315.5,29315.75,True,388584,496721,2.5,106.25,29.0,1320.0,1320.0,1322.0,1322.0,1323.0,1323.0,1323.0,1323.0,1321.0,1339.0,1339.0,1323.0,1339.0,36,MaxBars,Skip,ActualPathDisabledV209:side=Short|path=FailureReverse_ObservationInvalidated,,both
OPF-20260725-100040,OPF_0.1,OPF_RESEARCH_2.14,MNQ_0.1,MNQ_1Contract_Target150_200,OPF_PROFILE_0.1,20260520-1550-BULL-OBS-001318-Z001318-FR,2026-05-20 16:00:00,1320,Skip,"AggressiveExpansionV164RiskCapExceeded:risk=25.88,max=25|RiskTooWideHard:risk=25.88,max=25|EstimatedRRTooLow:rr=0.0386,min=0.25,reward=1,model=AggressiveExpansionV164Eligibility:NearestStructure",ActualCandidate,Short,FailureReverse,FailureReverse_ObservationInvalidated_WideStop1_5R,30,46.0,True,29316.0,29341.88,29212.48,25.88,1.0,AggressiveExpansionV164Eligibility:NearestStructure,0.0386,-336.51,4,,AggressiveExpansionV164RiskCapExceeded,OPF_0.1,OPF_RESEARCH_2.14,MNQ_0.1,MNQ_1Contract_Target150_200,OPF_PROFILE_0.1,2026-05-20T16:00:00.0000000,1320,2026-05-20 19:00:00,1356,Short,FailureReverse,30,46.0,29316.0,29341.88,25.88,29315.5,29315.75,True,388584,496721,4.0,106.25,29.0,1351.0,1322.0,1322.0,1323.0,1323.0,1323.0,1324.0,1325.0,1339.0,1339.0,1339.0,1329.0,1339.0,36,MaxBars,Skip,"AggressiveExpansionV164RiskCapExceeded:risk=25.88,max=25|RiskTooWideHard:risk=25.88,max=25|EstimatedRRTooLow:rr=0.0386,min=0.25,reward=1,model=AggressiveExpansionV164Eligibility:NearestStructure",,both
OPF-20260725-100040,OPF_0.1,OPF_RESEARCH_2.14,MNQ_0.1,MNQ_1Contract_Target150_200,OPF_PROFILE_0.1,20260520-1555-BULL-OBS-001319-Z001318,2026-05-20 15:55:00,1319,Skip,"StrategyRegimeNotTrend:score=30|SetupQualityTooLow:score=30,min=70",ActualCandidate,Long,TrendPullback,UnknownRegimeZoneTouch,30,30.0,False,29332.0,29329.0,29336.5,3.0,3.0,NearestStructure,1.0,-336.51,4,,StrategyRegimeNotTrend,OPF_0.1,OPF_RESEARCH_2.14,MNQ_0.1,MNQ_1Contract_Target150_200,OPF_PROFILE_0.1,2026-05-20T15:55:00.0000000,1319,2026-05-20 18:55:00,1355,Long,TrendPullback,30,30.0,29332.0,29329.0,3.0,29332.5,29333.0,True,385269,493892,1.5,19.5,122.25,1319.0,1319.0,1319.0,1319.0,1319.0,1319.0,1319.0,1319.0,1320.0,1320.0,1320.0,1320.0,1320.0,36,MaxBars,Skip,"StrategyRegimeNotTrend:score=30|SetupQualityTooLow:score=30,min=70",,both
OPF-20260725-100040,OPF_0.1,OPF_RESEARCH_2.14,MNQ_0.1,MNQ_1Contract_Target150_200,OPF_PROFILE_0.1,20260520-1555-BULL-OBS-001319-Z001318-FR,2026-05-20 16:00:00,1320,Skip,ActualPathDisabledV209:side=Short|path=FailureReverse_ObservationInvalidated,ActualCandidate,Short,FailureReverse,FailureReverse_ObservationInvalidated,30,38.0,True,29316.0,29333.25,29272.875,17.25,1.0,AggressiveExpansionV164Eligibility:NearestStructure,0.058,-336.51,4,,ActualPathDisabledV209,OPF_0.1,OPF_RESEARCH_2.14,MNQ_0.1,MNQ_1Contract_Target150_200,OPF_PROFILE_0.1,2026-05-20T16:00:00.0000000,1320,2026-05-20 19:00:00,1356,Short,FailureReverse,30,38.0,29316.0,29333.25,17.25,29315.5,29315.75,True,388584,496721,2.5,106.25,29.0,1320.0,1320.0,1322.0,1322.0,1323.0,1323.0,1323.0,1323.0,1321.0,1339.0,1339.0,1323.0,1339.0,36,MaxBars,Skip,ActualPathDisabledV209:side=Short|path=FailureReverse_ObservationInvalidated,,both
OPF-20260725-100040,OPF_0.1,OPF_RESEARCH_2.14,MNQ_0.1,MNQ_1Contract_Target150_200,OPF_PROFILE_0.1,20260520-1555-BULL-OBS-001319-Z001318-FR,2026-05-20 16:00:00,1320,Skip,"AggressiveExpansionV164RiskCapExceeded:risk=25.88,max=25|RiskTooWideHard:risk=25.88,max=25|EstimatedRRTooLow:rr=0.0386,min=0.25,reward=1,model=AggressiveExpansionV164Eligibility:NearestStructure",ActualCandidate,Short,FailureReverse,FailureReverse_ObservationInvalidated_WideStop1_5R,30,38.0,True,29316.0,29341.88,29212.48,25.88,1.0,AggressiveExpansionV164Eligibility:NearestStructure,0.0386,-336.51,4,,AggressiveExpansionV164RiskCapExceeded,OPF_0.1,OPF_RESEARCH_2.14,MNQ_0.1,MNQ_1Contract_Target150_200,OPF_PROFILE_0.1,2026-05-20T16:00:00.0000000,1320,2026-05-20 19:00:00,1356,Short,FailureReverse,30,38.0,29316.0,29341.88,25.88,29315.5,29315.75,True,388584,496721,4.0,106.25,29.0,1351.0,1322.0,1322.0,1323.0,1323.0,1323.0,1324.0,1325.0,1339.0,1339.0,1339.0,1329.0,1339.0,36,MaxBars,Skip,"AggressiveExpansionV164RiskCapExceeded:risk=25.88,max=25|RiskTooWideHard:risk=25.88,max=25|EstimatedRRTooLow:rr=0.0386,min=0.25,reward=1,model=AggressiveExpansionV164Eligibility:NearestStructure",,both
OPF-20260725-100040,OPF_0.1,OPF_RESEARCH_2.14,MNQ_0.1,MNQ_1Contract_Target150_200,OPF_PROFILE_0.1,20260520-1625-BEAR-OBS-001325-Z001325,2026-05-20 16:25:00,1325,Skip,"ZoneBirthShortV170RiskBandExcluded:risk=11.25,allowed=<=8|>12<=18|EstimatedRRTooLow:rr=0.2222,min=0.25,reward=2.5,model=AggressiveExpansionV164Eligibility:NearestStructure",ActualCandidate,Short,TrendPullback,ZoneBirthResearch,50,61.0,True,29236.0,29247.25,29207.875,11.25,2.5,AggressiveExpansionV164Eligibility:NearestStructure,0.2222,-336.51,4,,ZoneBirthShortV170RiskBandExcluded,OPF_0.1,OPF_RESEARCH_2.14,MNQ_0.1,MNQ_1Contract_Target150_200,OPF_PROFILE_0.1,2026-05-20T16:25:00.0000000,1325,2026-05-20 19:25:00,1361,Short,TrendPullback,50,61.0,29236.0,29247.25,11.25,29236.75,29237.0,True,410228,506346,2.5,26.25,114.0,1326.0,1325.0,1325.0,1325.0,1325.0,,,,1326.0,1326.0,1326.0,1326.0,,36,MaxBars,Skip,"ZoneBirthShortV170RiskBandExcluded:risk=11.25,allowed=<=8|>12<=18|EstimatedRRTooLow:rr=0.2222,min=0.25,reward=2.5,model=AggressiveExpansionV164Eligibility:NearestStructure",,both
OPF-20260725-100040,OPF_0.1,OPF_RESEARCH_2.14,MNQ_0.1,MNQ_1Contract_Target150_200,OPF_PROFILE_0.1,20260520-1625-BEAR-OBS-001325-Z001325-OC,2026-05-20 16:30:00,1326,Skip,"StrictEntryRiskBandExcludedV208:risk=15.5,excluded=(13.25,16]",ActualCandidate,Short,TrendPullback,ObservationConfirm,50,80.0,True,29231.75,29247.25,29208.5,15.5,23.25,ObservationConfirmTargetR:1.5,1.5,-336.51,4,,StrictEntryRiskBandExcludedV208,OPF_0.1,OPF_RESEARCH_2.14,MNQ_0.1,MNQ_1Contract_Target150_200,OPF_PROFILE_0.1,2026-05-20T16:30:00.0000000,1326,2026-05-20 19:30:00,1362,Short,TrendPullback,50,80.0,29231.75,29247.25,15.5,29232.0,29232.5,True,415485,507961,1.5,11.0,118.25,1326.0,,,,,,,,,,,,,36,MaxBars,Skip,"StrictEntryRiskBandExcludedV208:risk=15.5,excluded=(13.25,16]",,both
OPF-20260725-100040,OPF_0.1,OPF_RESEARCH_2.14,MNQ_0.1,MNQ_1Contract_Target150_200,OPF_PROFILE_0.1,20260520-1625-BEAR-OBS-001325-Z001325-OC,2026-05-20 16:30:00,1326,Skip,"ObservationConfirmWideStopVolumeV131RiskCapExceeded:risk=23.25,max=22,side=Short|EstimatedRRTooLow:rr=0.0108,min=0.8,reward=0.25,model=NearestStructure",ActualCandidate,Short,TrendPullback,ObservationConfirm_WideStop1_5R,50,80.0,True,29231.75,29255.0,29196.875,23.25,0.25,NearestStructure,0.0108,-336.51,4,,ObservationConfirmWideStopVolumeV131RiskCapExceeded,OPF_0.1,OPF_RESEARCH_2.14,MNQ_0.1,MNQ_1Contract_Target150_200,OPF_PROFILE_0.1,2026-05-20T16:30:00.0000000,1326,2026-05-20 19:30:00,1362,Short,TrendPullback,50,80.0,29231.75,29255.0,23.25,29232.0,29232.5,True,415485,507961,1.5,11.0,118.25,1326.0,,,,,,,,,,,,,36,MaxBars,Skip,"ObservationConfirmWideStopVolumeV131RiskCapExceeded:risk=23.25,max=22,side=Short|EstimatedRRTooLow:rr=0.0108,min=0.8,reward=0.25,model=NearestStructure",,both
OPF-20260725-100040,OPF_0.1,OPF_RESEARCH_2.14,MNQ_0.1,MNQ_1Contract_Target150_200,OPF_PROFILE_0.1,20260520-1630-BEAR-OBS-001326-Z001325,2026-05-20 16:30:00,1326,Skip,"StrictEntryRiskBandExcludedV208:risk=15.5,excluded=(13.25,16]|EstimatedRRTooLow:rr=0.0161,min=0.25,reward=0.25,model=AggressiveExpansionV164Eligibility:NearestStructure",ActualCandidate,Short,TrendPullback,UnknownRegimeZoneTouch,50,57.0,True,29231.75,29247.25,29185.25,15.5,0.25,AggressiveExpansionV164Eligibility:NearestStructure,0.0161,-336.51,4,,StrictEntryRiskBandExcludedV208,OPF_0.1,OPF_RESEARCH_2.14,MNQ_0.1,MNQ_1Contract_Target150_200,OPF_PROFILE_0.1,2026-05-20T16:30:00.0000000,1326,2026-05-20 19:30:00,1362,Short,TrendPullback,50,57.0,29231.75,29247.25,15.5,29232.0,29232.5,True,415485,507961,3.0,11.0,118.25,1326.0,,,,,,,,,,,,,36,MaxBars,Skip,"StrictEntryRiskBandExcludedV208:risk=15.5,excluded=(13.25,16]|EstimatedRRTooLow:rr=0.0161,min=0.25,reward=0.25,model=AggressiveExpansionV164Eligibility:NearestStructure",,both
OPF-20260725-100040,OPF_0.1,OPF_RESEARCH_2.14,MNQ_0.1,MNQ_1Contract_Target150_200,OPF_PROFILE_0.1,20260520-1630-BEAR-OBS-001326-Z001325-OC,2026-05-20 16:35:00,1327,Skip,"EntryBarStopTouched:high=29253,stop=29247.25",ActualCandidate,Short,TrendPullback,ObservationConfirm,50,68.0,True,29234.0,29247.25,29214.125,13.25,19.88,ObservationConfirmTargetR:1.5,1.5004,-336.51,4,,EntryBarStopTouched,OPF_0.1,OPF_RESEARCH_2.14,MNQ_0.1,MNQ_1Contract_Target150_200,OPF_PROFILE_0.1,2026-05-20T16:35:00.0000000,1327,2026-05-20 19:35:00,1363,Short,TrendPullback,50,68.0,29234.0,29247.25,13.25,29233.0,29233.25,True,418686,510987,1.5,12.0,142.5,1327.0,1327.0,,,,,,,1328.0,,,,,36,MaxBars,Skip,"EntryBarStopTouched:high=29253,stop=29247.25",,both
OPF-20260725-100040,OPF_0.1,OPF_RESEARCH_2.14,MNQ_0.1,MNQ_1Contract_Target150_200,OPF_PROFILE_0.1,20260520-1630-BEAR-OBS-001326-Z001325-OC,2026-05-20 16:35:00,1327,Skip,"EstimatedRRTooLow:rr=0.0252,min=0.8,reward=0.5,model=NearestStructure",ActualCandidate,Short,TrendPullback,ObservationConfirm_WideStop1_5R,50,68.0,True,29234.0,29253.88,29204.18,19.88,0.5,NearestStructure,0.0252,-336.51,4,,EstimatedRRTooLow,OPF_0.1,OPF_RESEARCH_2.14,MNQ_0.1,MNQ_1Contract_Target150_200,OPF_PROFILE_0.1,2026-05-20T16:35:00.0000000,1327,2026-05-20 19:35:00,1363,Short,TrendPullback,50,68.0,29234.0,29253.88,19.88,29233.0,29233.25,True,418686,510987,1.5,12.0,142.5,1328.0,,,,,,,,,,,,,36,MaxBars,Skip,"EstimatedRRTooLow:rr=0.0252,min=0.8,reward=0.5,model=NearestStructure",,both
OPF-20260725-100040,OPF_0.1,OPF_RESEARCH_2.14,MNQ_0.1,MNQ_1Contract_Target150_200,OPF_PROFILE_0.1,20260520-1715-BULL-OBS-001335-Z001335,2026-05-20 17:15:00,1335,Skip,"StrategyRegimeNotTrend:score=30|SetupQualityTooLow:score=38,min=45",ActualCandidate,Long,TrendPullback,ZoneBirthResearch,30,38.0,False,29278.0,29259.25,29306.125,18.75,6.0,NearestStructure,0.32,-336.51,4,,StrategyRegimeNotTrend,OPF_0.1,OPF_RESEARCH_2.14,MNQ_0.1,MNQ_1Contract_Target150_200,OPF_PROFILE_0.1,2026-05-20T17:15:00.0000000,1335,2026-05-20 20:15:00,1371,Long,TrendPullback,30,38.0,29278.0,29259.25,18.75,29277.0,29277.5,True,446952,525045,1.5,119.0,20.75,1344.0,1336.0,1337.0,1338.0,1339.0,1339.0,1351.0,1363.0,1337.0,1338.0,1344.0,1339.0,1344.0,36,MaxBars,Skip,"StrategyRegimeNotTrend:score=30|SetupQualityTooLow:score=38,min=45",,both
OPF-20260725-100040,OPF_0.1,OPF_RESEARCH_2.14,MNQ_0.1,MNQ_1Contract_Target150_200,OPF_PROFILE_0.1,20260520-1715-BULL-OBS-001335-Z001335-OC,2026-05-20 17:20:00,1336,Skip,"LongObservationWideRiskCutV137:risk=12.25,max=12|ObservationConfirmRiskCapExceeded:risk=12.25,max=12|LongObservationRiskExpansionDisabledV111:risk=12.25",ActualCandidate,Long,TrendPullback,ObservationConfirm,30,53.0,True,29271.5,29259.25,29320.5,12.25,49.0,ActualTargetOverride:4,4.0,-336.51,4,,LongObservationWideRiskCutV137,OPF_0.1,OPF_RESEARCH_2.14,MNQ_0.1,MNQ_1Contract_Target150_200,OPF_PROFILE_0.1,2026-05-20T17:20:00.0000000,1336,2026-05-20 20:20:00,1372,Long,TrendPullback,30,53.0,29271.5,29259.25,12.25,29271.25,29271.75,True,449538,530210,4.0,125.5,24.0,1344.0,1336.0,1336.0,1336.0,1337.0,1337.0,1338.0,1339.0,1337.0,1337.0,1337.0,1337.0,1344.0,36,MaxBars,Skip,"LongObservationWideRiskCutV137:risk=12.25,max=12|ObservationConfirmRiskCapExceeded:risk=12.25,max=12|LongObservationRiskExpansionDisabledV111:risk=12.25",,both
OPF-20260725-100040,OPF_0.1,OPF_RESEARCH_2.14,MNQ_0.1,MNQ_1Contract_Target150_200,OPF_PROFILE_0.1,20260520-1715-BULL-OBS-001335-Z001335-OC,2026-05-20 17:20:00,1336,Skip,"ObservationConfirmWideStopQualityTooLowV132:side=Long,score=53,min=56",ActualCandidate,Long,TrendPullback,ObservationConfirm_WideStop1_5R,30,53.0,True,29271.5,29253.12,29326.64,18.38,55.14,ActualTargetOverride:3,3.0,-336.51,4,,ObservationConfirmWideStopQualityTooLowV132,OPF_0.1,OPF_RESEARCH_2.14,MNQ_0.1,MNQ_1Contract_Target150_200,OPF_PROFILE_0.1,2026-05-20T17:20:00.0000000,1336,2026-05-20 20:20:00,1372,Long,TrendPullback,30,53.0,29271.5,29253.12,18.38,29271.25,29271.75,True,449538,530210,3.0,125.5,24.0,1372.0,1336.0,1336.0,1337.0,1338.0,1339.0,1345.0,1359.0,1337.0,1337.0,1344.0,1338.0,1344.0,36,MaxBars,Skip,"ObservationConfirmWideStopQualityTooLowV132:side=Long,score=53,min=56",,both
OPF-20260725-100040,OPF_0.1,OPF_RESEARCH_2.14,MNQ_0.1,MNQ_1Contract_Target150_200,OPF_PROFILE_0.1,20260520-1835-BULL-OBS-001351-Z001351,2026-05-20 18:35:00,1351,Skip,"AggressiveExpansionV164SideDisabled:path=ZoneBirthResearch,side=Long",ActualCandidate,Long,TrendPullback,ZoneBirthResearch,50,65.0,True,29334.5,29306.25,29376.875,28.25,0.0,NearestStructure,0.0,-336.51,4,,AggressiveExpansionV164SideDisabled,OPF_0.1,OPF_RESEARCH_2.14,MNQ_0.1,MNQ_1Contract_Target150_200,OPF_PROFILE_0.1,2026-05-20T18:35:00.0000000,1351,2026-05-20 20:50:00,1378,Long,TrendPullback,50,65.0,29334.5,29306.25,28.25,29334.5,29334.75,True,486049,539050,1.5,62.5,87.0,1352.0,1363.0,1363.0,1366.0,1367.0,,,,1371.0,1371.0,1371.0,1367.0,,27,GlobexCloseout,Skip,"AggressiveExpansionV164SideDisabled:path=ZoneBirthResearch,side=Long",,both
OPF-20260725-100040,OPF_0.1,OPF_RESEARCH_2.14,MNQ_0.1,MNQ_1Contract_Target150_200,OPF_PROFILE_0.1,20260520-1835-BULL-OBS-001351-Z001351-FR,2026-05-20 18:40:00,1352,Skip,ActualPathDisabledV209:side=Short|path=FailureReverse_ObservationInvalidated,ActualCandidate,Short,FailureReverse,FailureReverse_ObservationInvalidated,50,70.0,True,29297.75,29309.5,29268.375,11.75,8.0,AggressiveExpansionV164Eligibility:NearestStructure,0.6809,-336.51,4,,ActualPathDisabledV209,OPF_0.1,OPF_RESEARCH_2.14,MNQ_0.1,MNQ_1Contract_Target150_200,OPF_PROFILE_0.1,2026-05-20T18:40:00.0000000,1352,2026-05-20 20:50:00,1378,Short,FailureReverse,50,70.0,29297.75,29309.5,11.75,29298.0,29298.5,True,488528,539050,2.5,50.25,99.25,1352.0,1354.0,1372.0,1372.0,1372.0,1372.0,1372.0,1372.0,1355.0,1373.0,1373.0,1373.0,1373.0,26,GlobexCloseout,Skip,ActualPathDisabledV209:side=Short|path=FailureReverse_ObservationInvalidated,,both
OPF-20260725-100040,OPF_0.1,OPF_RESEARCH_2.14,MNQ_0.1,MNQ_1Contract_Target150_200,OPF_PROFILE_0.1,20260520-1835-BULL-OBS-001351-Z001351-FR,2026-05-20 18:40:00,1352,Skip,"AggressiveExpansionWait1ScheduledV165:EntryBarStopTouched:high=29338.25,stop=29315.37",ActualCandidate,Short,FailureReverse,FailureReverse_ObservationInvalidated_WideStop1_5R,50,70.0,True,29297.75,29315.37,29227.27,17.62,8.0,AggressiveExpansionV164Eligibility:NearestStructure,0.454,-336.51,4,,AggressiveExpansionWait1ScheduledV165,OPF_0.1,OPF_RESEARCH_2.14,MNQ_0.1,MNQ_1Contract_Target150_200,OPF_PROFILE_0.1,2026-05-20T18:40:00.0000000,1352,2026-05-20 20:50:00,1378,Short,FailureReverse,50,70.0,29297.75,29315.37,17.62,29298.0,29298.5,True,488528,539050,4.0,50.25,99.25,1352.0,1372.0,1372.0,1372.0,1372.0,1372.0,,,1373.0,1373.0,1373.0,1373.0,1373.0,26,GlobexCloseout,Skip,"AggressiveExpansionWait1ScheduledV165:EntryBarStopTouched:high=29338.25,stop=29315.37",,both
OPF-20260725-100040,OPF_0.1,OPF_RESEARCH_2.14,MNQ_0.1,MNQ_1Contract_Target150_200,OPF_PROFILE_0.1,20260520-1835-BULL-OBS-001351-Z001351-FR-RT,2026-05-20 18:50:00,1354,Skip,"FailureRetestRiskCapExceeded:risk=11.5,max=11",ActualCandidate,Short,FailureReverse,FailureReverse_RetestFailed,50,80.0,True,29298.0,29309.5,29280.75,11.5,13.8,FailureRetestMin1_2R,1.2,-336.51,4,,FailureRetestRiskCapExceeded,OPF_0.1,OPF_RESEARCH_2.14,MNQ_0.1,MNQ_1Contract_Target150_200,OPF_PROFILE_0.1,2026-05-20T18:50:00.0000000,1354,2026-05-20 20:50:00,1378,Short,FailureReverse,50,80.0,29298.0,29309.5,11.5,29297.75,29298.0,True,493075,539050,1.5,50.5,99.0,1354.0,1354.0,1372.0,1372.0,1372.0,1372.0,1372.0,1372.0,1355.0,1373.0,1373.0,1373.0,1373.0,24,GlobexCloseout,Skip,"FailureRetestRiskCapExceeded:risk=11.5,max=11",,both
OPF-20260725-100040,OPF_0.1,OPF_RESEARCH_2.14,MNQ_0.1,MNQ_1Contract_Target150_200,OPF_PROFILE_0.1,20260520-1835-BULL-OBS-001351-Z001351-FR-RT,2026-05-20 18:50:00,1354,Skip,ActualPathDisabledV209:side=Short|path=FailureReverse_RetestFailed_WideStop1_5R,ActualCandidate,Short,FailureReverse,FailureReverse_RetestFailed_WideStop1_5R,50,80.0,True,29298.0,29315.25,29246.25,17.25,1.5,AggressiveExpansionV164Eligibility:NearestStructure,0.087,-336.51,4,,ActualPathDisabledV209,OPF_0.1,OPF_RESEARCH_2.14,MNQ_0.1,MNQ_1Contract_Target150_200,OPF_PROFILE_0.1,2026-05-20T18:50:00.0000000,1354,2026-05-20 20:50:00,1378,Short,FailureReverse,50,80.0,29298.0,29315.25,17.25,29297.75,29298.0,True,493075,539050,3.0,50.5,99.0,1356.0,1372.0,1372.0,1372.0,1372.0,1372.0,,,1373.0,1373.0,1373.0,1373.0,1373.0,24,GlobexCloseout,Skip,ActualPathDisabledV209:side=Short|path=FailureReverse_RetestFailed_WideStop1_5R,,both
OPF-20260725-100040,OPF_0.1,OPF_RESEARCH_2.14,MNQ_0.1,MNQ_1Contract_Target150_200,OPF_PROFILE_0.1,20260520-1915-BULL-OBS-001359-Z001359,2026-05-20 19:15:00,1359,Skip,"AggressiveExpansionV164SideDisabled:path=ZoneBirthResearch,side=Long",ActualCandidate,Long,TrendPullback,ZoneBirthResearch,50,61.0,True,29339.75,29322.25,29366.0,17.5,5.25,NearestStructure,0.3,-336.51,4,,AggressiveExpansionV164SideDisabled,OPF_0.1,OPF_RESEARCH_2.14,MNQ_0.1,MNQ_1Contract_Target150_200,OPF_PROFILE_0.1,2026-05-20T19:15:00.0000000,1359,2026-05-20 20:50:00,1378,Long,TrendPullback,50,61.0,29339.75,29322.25,17.5,29340.25,29340.75,True,503646,539050,1.5,57.25,92.25,1371.0,1363.0,1363.0,1363.0,1363.0,1366.0,1367.0,,1366.0,1366.0,1366.0,1364.0,1371.0,19,GlobexCloseout,Skip,"AggressiveExpansionV164SideDisabled:path=ZoneBirthResearch,side=Long",,both
OPF-20260725-100040,OPF_0.1,OPF_RESEARCH_2.14,MNQ_0.1,MNQ_1Contract_Target150_200,OPF_PROFILE_0.1,20260520-1915-BULL-OBS-001359-Z001359-OC,2026-05-20 19:20:00,1360,Skip,"LongObservationWideRiskCutV137:risk=21.25,max=12|ObservationConfirmRiskCapExceeded:risk=21.25,max=12",ActualCandidate,Long,TrendPullback,ObservationConfirm,50,76.0,True,29343.5,29322.25,29428.5,21.25,85.0,ActualTargetOverride:4,4.0,-336.51,4,,LongObservationWideRiskCutV137,OPF_0.1,OPF_RESEARCH_2.14,MNQ_0.1,MNQ_1Contract_Target150_200,OPF_PROFILE_0.1,2026-05-20T19:20:00.0000000,1360,2026-05-20 20:50:00,1378,Long,TrendPullback,50,76.0,29343.5,29322.25,21.25,29343.75,29344.25,True,505150,539050,4.0,53.5,96.0,1371.0,1363.0,1363.0,1363.0,1367.0,1368.0,,,1366.0,1366.0,1366.0,1364.0,1370.0,18,GlobexCloseout,Skip,"LongObservationWideRiskCutV137:risk=21.25,max=12|ObservationConfirmRiskCapExceeded:risk=21.25,max=12",,both
OPF-20260725-100040,OPF_0.1,OPF_RESEARCH_2.14,MNQ_0.1,MNQ_1Contract_Target150_200,OPF_PROFILE_0.1,20260520-1915-BULL-OBS-001359-Z001359-OC,2026-05-20 19:20:00,1360,Skip,"ObservationConfirmWideStopVolumeV131RiskCapExceeded:risk=31.88,max=22,side=Long|RiskTooWideHard:risk=31.88,max=25",ActualCandidate,Long,TrendPullback,ObservationConfirm_WideStop1_5R,50,76.0,True,29343.5,29311.62,29439.14,31.88,95.64,ActualTargetOverride:3,3.0,-336.51,4,,ObservationConfirmWideStopVolumeV131RiskCapExceeded,OPF_0.1,OPF_RESEARCH_2.14,MNQ_0.1,MNQ_1Contract_Target150_200,OPF_PROFILE_0.1,2026-05-20T19:20:00.0000000,1360,2026-05-20 20:50:00,1378,Long,TrendPullback,50,76.0,29343.5,29311.62,31.88,29343.75,29344.25,True,505150,539050,3.0,53.5,96.0,1371.0,1363.0,1363.0,1367.0,,,,,1366.0,1366.0,1370.0,1368.0,,18,GlobexCloseout,Skip,"ObservationConfirmWideStopVolumeV131RiskCapExceeded:risk=31.88,max=22,side=Long|RiskTooWideHard:risk=31.88,max=25",,both
OPF-20260725-100040,OPF_0.1,OPF_RESEARCH_2.14,MNQ_0.1,MNQ_1Contract_Target150_200,OPF_PROFILE_0.1,20260520-1915-BULL-OBS-001359-Z001359-OC-STR,2026-05-20 19:20:00,1360,Skip,PathDisabled,ResearchOnly,Long,TrendPullback,ObservationStrict_BullFresh,50,76.0,True,29343.5,29322.25,29375.375,21.25,25.5,StrictBullFreshMin1_2R,1.2,-336.51,4,,PathDisabled,OPF_0.1,OPF_RESEARCH_2.14,MNQ_0.1,MNQ_1Contract_Target150_200,OPF_PROFILE_0.1,2026-05-20T19:20:00.0000000,1360,2026-05-20 20:50:00,1378,Long,TrendPullback,50,76.0,29343.5,29322.25,21.25,29343.75,29344.25,True,505150,539050,1.5,53.5,96.0,1371.0,1363.0,1363.0,1363.0,1367.0,1368.0,,,1366.0,1366.0,1366.0,1364.0,1370.0,18,GlobexCloseout,Skip,PathDisabled,,both
OPF-20260725-100040,OPF_0.1,OPF_RESEARCH_2.14,MNQ_0.1,MNQ_1Contract_Target150_200,OPF_PROFILE_0.1,20260520-1915-BULL-OBS-001359-Z001359-OC-STR,2026-05-20 19:20:00,1360,Skip,ActualPathDisabledV209:side=Long|path=ObservationStrict_BullFresh_WideStop1_5R,ActualCandidate,Long,TrendPullback,ObservationStrict_BullFresh_WideStop1_5R,50,76.0,True,29343.5,29311.62,29439.14,31.88,1.5,AggressiveExpansionV164Eligibility:NearestStructure,0.0471,-336.51,4,,ActualPathDisabledV209,OPF_0.1,OPF_RESEARCH_2.14,MNQ_0.1,MNQ_1Contract_Target150_200,OPF_PROFILE_0.1,2026-05-20T19:20:00.0000000,1360,2026-05-20 20:50:00,1378,Long,TrendPullback,50,76.0,29343.5,29311.62,31.88,29343.75,29344.25,True,505150,539050,3.0,53.5,96.0,1371.0,1363.0,1363.0,1367.0,,,,,1366.0,1366.0,1370.0,1368.0,,18,GlobexCloseout,Skip,ActualPathDisabledV209:side=Long|path=ObservationStrict_BullFresh_WideStop1_5R,,both
OPF-20260725-100040,OPF_0.1,OPF_RESEARCH_2.14,MNQ_0.1,MNQ_1Contract_Target150_200,OPF_PROFILE_0.1,20260520-1925-BULL-PB-001361-Z001359,2026-05-20 19:25:00,1361,Skip,"EstimatedRRTooLow:rr=0.2297,min=0.25,reward=4.25,model=AggressiveExpansionV164Eligibility:NearestStructure",ActualCandidate,Long,TrendPullback,AlmostConfirmed,70,69.0,True,29340.75,29322.25,29414.75,18.5,4.25,AggressiveExpansionV164Eligibility:NearestStructure,0.2297,-336.51,4,,EstimatedRRTooLow,OPF_0.1,OPF_RESEARCH_2.14,MNQ_0.1,MNQ_1Contract_Target150_200,OPF_PROFILE_0.1,2026-05-20T19:25:00.0000000,1361,2026-05-20 20:50:00,1378,Long,TrendPullback,70,69.0,29340.75,29322.25,18.5,29340.75,29341.25,True,506346,539050,4.0,56.25,93.25,1371.0,1363.0,1363.0,1363.0,1366.0,1367.0,1368.0,,1366.0,1366.0,1366.0,1364.0,1371.0,17,GlobexCloseout,Skip,"EstimatedRRTooLow:rr=0.2297,min=0.25,reward=4.25,model=AggressiveExpansionV164Eligibility:NearestStructure",,both
OPF-20260725-100040,OPF_0.1,OPF_RESEARCH_2.14,MNQ_0.1,MNQ_1Contract_Target150_200,OPF_PROFILE_0.1,20260520-1925-BULL-PB-001361-Z001359-SCB,2026-05-20 19:35:00,1363,Skip,PathDisabled,ResearchOnly,Long,TrendPullback,StructureConfirmShadow,70,91.0,True,29360.5,29322.25,29417.875,38.25,0.0,NearestStructure,0.0,-336.51,4,,PathDisabled,OPF_0.1,OPF_RESEARCH_2.14,MNQ_0.1,MNQ_1Contract_Target150_200,OPF_PROFILE_0.1,2026-05-20T19:35:00.0000000,1363,2026-05-20 20:50:00,1378,Long,TrendPullback,70,91.0,29360.5,29322.25,38.25,29359.25,29359.5,True,510987,539050,1.5,36.5,113.0,1371.0,1367.0,,,,,,,1368.0,,,,,15,GlobexCloseout,Skip,PathDisabled,,both
OPF-20260725-100040,OPF_0.1,OPF_RESEARCH_2.14,MNQ_0.1,MNQ_1Contract_Target150_200,OPF_PROFILE_0.1,20260520-1925-BULL-PB-001361-Z001359-TRG,2026-05-20 19:35:00,1363,Skip,"AggressiveExpansionV164SideDisabled:path=TrendPullbackConfirmed,side=Long",ActualCandidate,Long,TrendPullback,TrendPullbackConfirmed,70,92.0,True,29360.5,29322.25,29417.875,38.25,57.38,TrendPullbackTargetR:1.5,1.5001,-336.51,4,,AggressiveExpansionV164SideDisabled,OPF_0.1,OPF_RESEARCH_2.14,MNQ_0.1,MNQ_1Contract_Target150_200,OPF_PROFILE_0.1,2026-05-20T19:35:00.0000000,1363,2026-05-20 20:50:00,1378,Long,TrendPullback,70,92.0,29360.5,29322.25,38.25,29359.25,29359.5,True,510987,539050,1.5,36.5,113.0,1371.0,1367.0,,,,,,,1368.0,,,,,15,GlobexCloseout,Skip,"AggressiveExpansionV164SideDisabled:path=TrendPullbackConfirmed,side=Long",,both
OPF-20260725-100040,OPF_0.1,OPF_RESEARCH_2.14,MNQ_0.1,MNQ_1Contract_Target150_200,OPF_PROFILE_0.1,20260520-1930-BULL-SHD-001362-Z001359,2026-05-20 19:35:00,1363,Skip,"AggressiveExpansionV164SideDisabled:path=ShadowCandidate,side=Long",ActualCandidate,Long,TrendPullback,ShadowCandidate,70,65.0,True,29360.5,29322.25,29417.875,38.25,57.38,ShadowCandidateTargetR:1.5,1.5001,-336.51,4,,AggressiveExpansionV164SideDisabled,OPF_0.1,OPF_RESEARCH_2.14,MNQ_0.1,MNQ_1Contract_Target150_200,OPF_PROFILE_0.1,2026-05-20T19:35:00.0000000,1363,2026-05-20 20:50:00,1378,Long,TrendPullback,70,65.0,29360.5,29322.25,38.25,29359.25,29359.5,True,510987,539050,1.5,36.5,113.0,1371.0,1367.0,,,,,,,1368.0,,,,,15,GlobexCloseout,Skip,"AggressiveExpansionV164SideDisabled:path=ShadowCandidate,side=Long",,both
OPF-20260725-100040,OPF_0.1,OPF_RESEARCH_2.14,MNQ_0.1,MNQ_1Contract_Target150_200,OPF_PROFILE_0.1,20260520-1930-BULL-SHD-001362-Z001359-SCB,2026-05-20 19:55:00,1367,Skip,PathDisabled,ResearchOnly,Long,TrendPullback,StructureConfirmShadow,70,79.0,True,29395.25,29322.25,29504.75,73.0,0.0,NearestStructure,0.0,-445.51,5,,PathDisabled,OPF_0.1,OPF_RESEARCH_2.14,MNQ_0.1,MNQ_1Contract_Target150_200,OPF_PROFILE_0.1,2026-05-20T19:55:00.0000000,1367,2026-05-20 20:50:00,1378,Long,TrendPullback,70,79.0,29395.25,29322.25,73.0,29394.75,29395.5,True,519901,539050,1.5,1.75,147.75,1371.0,,,,,,,,,,,,,11,GlobexCloseout,Skip,PathDisabled,,both
OPF-20260725-100040,OPF_0.1,OPF_RESEARCH_2.14,MNQ_0.1,MNQ_1Contract_Target150_200,OPF_PROFILE_0.1,20260520-1940-BULL-BRK-001364-Z001364,2026-05-20 19:40:00,1364,Skip,BreakawayLongActualDisabledV135,ActualCandidate,Long,TrendPullback,BreakawayFvg,70,85.0,True,29353.5,29346.5,29364.0,7.0,10.5,BreakawayTargetR:1.5,1.5,-336.51,4,,BreakawayLongActualDisabledV135,OPF_0.1,OPF_RESEARCH_2.14,MNQ_0.1,MNQ_1Contract_Target150_200,OPF_PROFILE_0.1,2026-05-20T19:40:00.0000000,1364,2026-05-20 20:50:00,1378,Long,TrendPullback,70,85.0,29353.5,29346.5,7.0,29353.25,29353.5,True,512501,539050,1.5,43.5,106.0,1365.0,1364.0,1364.0,1365.0,1365.0,1365.0,1366.0,1366.0,1365.0,1365.0,1366.0,1366.0,1366.0,14,GlobexCloseout,Skip,BreakawayLongActualDisabledV135,,both
OPF-20260725-100040,OPF_0.1,OPF_RESEARCH_2.14,MNQ_0.1,MNQ_1Contract_Target150_200,OPF_PROFILE_0.1,20260520-1940-BULL-OBS-001364-Z001364,2026-05-20 19:40:00,1364,Skip,"AggressiveExpansionV164SideDisabled:path=ZoneBirthResearch,side=Long",ActualCandidate,Long,TrendPullback,ZoneBirthResearch,70,75.0,True,29353.5,29346.5,29364.0,7.0,23.0,NearestStructure,3.2857,-336.51,4,,AggressiveExpansionV164SideDisabled,OPF_0.1,OPF_RESEARCH_2.14,MNQ_0.1,MNQ_1Contract_Target150_200,OPF_PROFILE_0.1,2026-05-20T19:40:00.0000000,1364,2026-05-20 20:50:00,1378,Long,TrendPullback,70,75.0,29353.5,29346.5,7.0,29353.25,29353.5,True,512501,539050,1.5,43.5,106.0,1365.0,1364.0,1364.0,1365.0,1365.0,1365.0,1366.0,1366.0,1365.0,1365.0,1366.0,1366.0,1366.0,14,GlobexCloseout,Skip,"AggressiveExpansionV164SideDisabled:path=ZoneBirthResearch,side=Long",,both
OPF-20260725-100040,OPF_0.1,OPF_RESEARCH_2.14,MNQ_0.1,MNQ_1Contract_Target150_200,OPF_PROFILE_0.1,20260520-1940-BULL-OBS-001364-Z001364-OC,2026-05-20 19:45:00,1365,Skip,"LongObservationWideRiskCutV137:risk=12.5,max=12|ObservationConfirmRiskCapExceeded:risk=12.5,max=12",ActualCandidate,Long,TrendPullback,ObservationConfirm,70,96.0,True,29359.0,29346.5,29409.0,12.5,50.0,ActualTargetOverride:4,4.0,-336.51,4,,LongObservationWideRiskCutV137,OPF_0.1,OPF_RESEARCH_2.14,MNQ_0.1,MNQ_1Contract_Target150_200,OPF_PROFILE_0.1,2026-05-20T19:45:00.0000000,1365,2026-05-20 20:50:00,1378,Long,TrendPullback,70,96.0,29359.0,29346.5,12.5,29358.0,29358.75,True,514312,539050,4.0,38.0,111.5,1365.0,1365.0,1365.0,1366.0,1366.0,1367.0,1368.0,,1366.0,1366.0,1367.0,1367.0,1368.0,13,GlobexCloseout,Skip,"LongObservationWideRiskCutV137:risk=12.5,max=12|ObservationConfirmRiskCapExceeded:risk=12.5,max=12",,both
OPF-20260725-100040,OPF_0.1,OPF_RESEARCH_2.14,MNQ_0.1,MNQ_1Contract_Target150_200,OPF_PROFILE_0.1,20260520-1940-BULL-OBS-001364-Z001364-OC,2026-05-20 19:45:00,1365,Execute,"TradeID:20260520-1945-Long-1365|LegacyV174PolicyV204:targetR=3|dailyCap=10|ActualExitPolicyV209:targetR=3|beTriggerR=0|timeStopBars=12|DailyVolumeFloor:ObservationConfirm_WideStop1_5R,dailyTrades=4/7|OCWideStopLongRisk22V131:risk=18.75,score=96,rr=3,dailyTrades=4|ActualTargetOverride:targetR=3,risk=18.75,path=ObservationConfirm_WideStop1_5R",ActualExecuted,Long,TrendPullback,ObservationConfirm_WideStop1_5R,70,96.0,True,29359.0,29340.25,29415.25,18.75,56.25,ActualTargetOverride:3,3.0,-336.51,4,20260520-1945-Long-1365,TradeID,OPF_0.1,OPF_RESEARCH_2.14,MNQ_0.1,MNQ_1Contract_Target150_200,OPF_PROFILE_0.1,2026-05-20T19:45:00.0000000,1365,2026-05-20 20:50:00,1378,Long,TrendPullback,70,96.0,29359.0,29340.25,18.75,29358.0,29358.75,True,514312,539050,3.0,38.0,111.5,1366.0,1366.0,1366.0,1367.0,1368.0,,,,1367.0,1367.0,1368.0,1368.0,,13,GlobexCloseout,Execute,"TradeID:20260520-1945-Long-1365|LegacyV174PolicyV204:targetR=3|dailyCap=10|ActualExitPolicyV209:targetR=3|beTriggerR=0|timeStopBars=12|DailyVolumeFloor:ObservationConfirm_WideStop1_5R,dailyTrades=4/7|OCWideStopLongRisk22V131:risk=18.75,score=96,rr=3,dailyTrades=4|ActualTargetOverride:targetR=3,risk=18.75,path=ObservationConfirm_WideStop1_5R",20260520-1945-Long-1365,both
OPF-20260725-100040,OPF_0.1,OPF_RESEARCH_2.14,MNQ_0.1,MNQ_1Contract_Target150_200,OPF_PROFILE_0.1,20260520-1940-BULL-SHD-001364-Z001364,2026-05-20 19:45:00,1365,Skip,"AggressiveExpansionV164SideDisabled:path=ShadowCandidate,side=Long",ActualCandidate,Long,TrendPullback,ShadowCandidate,70,75.0,True,29359.0,29346.5,29377.75,12.5,18.75,ShadowCandidateTargetR:1.5,1.5,-336.51,4,,AggressiveExpansionV164SideDisabled,OPF_0.1,OPF_RESEARCH_2.14,MNQ_0.1,MNQ_1Contract_Target150_200,OPF_PROFILE_0.1,2026-05-20T19:45:00.0000000,1365,2026-05-20 20:50:00,1378,Long,TrendPullback,70,75.0,29359.0,29346.5,12.5,29358.0,29358.75,True,514312,539050,1.5,38.0,111.5,1365.0,1365.0,1365.0,1366.0,1366.0,1367.0,1368.0,,1366.0,1366.0,1367.0,1367.0,1368.0,13,GlobexCloseout,Skip,"AggressiveExpansionV164SideDisabled:path=ShadowCandidate,side=Long",,both
OPF-20260725-100040,OPF_0.1,OPF_RESEARCH_2.14,MNQ_0.1,MNQ_1Contract_Target150_200,OPF_PROFILE_0.1,20260520-1940-BULL-SHD-001364-Z001364-SCB,2026-05-20 19:55:00,1367,Skip,PathDisabled,ResearchOnly,Long,TrendPullback,StructureConfirmShadow,70,95.0,True,29395.25,29346.5,29468.375,48.75,0.0,NearestStructure,0.0,-445.51,5,,PathDisabled,OPF_0.1,OPF_RESEARCH_2.14,MNQ_0.1,MNQ_1Contract_Target150_200,OPF_PROFILE_0.1,2026-05-20T19:55:00.0000000,1367,2026-05-20 20:50:00,1378,Long,TrendPullback,70,95.0,29395.25,29346.5,48.75,29394.75,29395.5,True,519901,539050,1.5,1.75,147.75,1370.0,,,,,,,,,,,,,11,GlobexCloseout,Skip,PathDisabled,,both
OPF-20260725-100040,OPF_0.1,OPF_RESEARCH_2.14,MNQ_0.1,MNQ_1Contract_Target150_200,OPF_PROFILE_0.1,20260520-1945-BULL-OBS-001365-Z001364,2026-05-20 19:45:00,1365,Skip,"AggressiveExpansionV164SideDisabled:path=UnknownRegimeZoneTouch,side=Long",ActualCandidate,Long,TrendPullback,UnknownRegimeZoneTouch,50,53.0,True,29359.0,29346.5,29377.75,12.5,18.75,UnknownMicroRiskVolumeV126TargetR:1.5,1.5,-336.51,5,,AggressiveExpansionV164SideDisabled,OPF_0.1,OPF_RESEARCH_2.14,MNQ_0.1,MNQ_1Contract_Target150_200,OPF_PROFILE_0.1,2026-05-20T19:45:00.0000000,1365,2026-05-20 20:50:00,1378,Long,TrendPullback,50,53.0,29359.0,29346.5,12.5,29358.0,29358.75,True,514312,539050,1.5,38.0,111.5,1365.0,1365.0,1365.0,1366.0,1366.0,1367.0,1368.0,,1366.0,1366.0,1367.0,1367.0,1368.0,13,GlobexCloseout,Skip,"AggressiveExpansionV164SideDisabled:path=UnknownRegimeZoneTouch,side=Long",,both
OPF-20260725-100040,OPF_0.1,OPF_RESEARCH_2.14,MNQ_0.1,MNQ_1Contract_Target150_200,OPF_PROFILE_0.1,20260520-1945-BULL-OBS-001365-Z001364-OC,2026-05-20 19:50:00,1366,Skip,"LongObservationWideRiskCutV137:risk=16.5,max=12|ObservationConfirmRiskCapExceeded:risk=16.5,max=12|LongObservationRiskExpansionDisabledV111:risk=16.5",ActualCandidate,Long,TrendPullback,ObservationConfirm,50,68.0,True,29363.0,29346.5,29429.0,16.5,66.0,ActualTargetOverride:4,4.0,-445.51,5,,LongObservationWideRiskCutV137,OPF_0.1,OPF_RESEARCH_2.14,MNQ_0.1,MNQ_1Contract_Target150_200,OPF_PROFILE_0.1,2026-05-20T19:50:00.0000000,1366,2026-05-20 20:50:00,1378,Long,TrendPullback,50,68.0,29363.0,29346.5,16.5,29362.5,29363.0,True,517393,539050,4.0,34.0,115.5,1366.0,1366.0,1366.0,1367.0,1367.0,,,,1367.0,1367.0,1368.0,1368.0,,12,GlobexCloseout,Skip,"LongObservationWideRiskCutV137:risk=16.5,max=12|ObservationConfirmRiskCapExceeded:risk=16.5,max=12|LongObservationRiskExpansionDisabledV111:risk=16.5",,both
OPF-20260725-100040,OPF_0.1,OPF_RESEARCH_2.14,MNQ_0.1,MNQ_1Contract_Target150_200,OPF_PROFILE_0.1,20260520-1945-BULL-OBS-001365-Z001364-OC,2026-05-20 19:50:00,1366,Skip,"DailyVolumeFloorRiskCapExceeded:risk=24.75,max=18|OCWideStopLowRiskV132RiskCapExceeded:risk=24.75,max=18,side=Long",ActualCandidate,Long,TrendPullback,ObservationConfirm_WideStop1_5R,50,68.0,True,29363.0,29338.25,29437.25,24.75,74.25,ActualTargetOverride:3,3.0,-445.51,5,,DailyVolumeFloorRiskCapExceeded,OPF_0.1,OPF_RESEARCH_2.14,MNQ_0.1,MNQ_1Contract_Target150_200,OPF_PROFILE_0.1,2026-05-20T19:50:00.0000000,1366,2026-05-20 20:50:00,1378,Long,TrendPullback,50,68.0,29363.0,29338.25,24.75,29362.5,29363.0,True,517393,539050,3.0,34.0,115.5,1366.0,1366.0,1367.0,,,,,,1367.0,1368.0,,,,12,GlobexCloseout,Skip,"DailyVolumeFloorRiskCapExceeded:risk=24.75,max=18|OCWideStopLowRiskV132RiskCapExceeded:risk=24.75,max=18,side=Long",,both
OPF-20260725-100040,OPF_0.1,OPF_RESEARCH_2.14,MNQ_0.1,MNQ_1Contract_Target150_200,OPF_PROFILE_0.1,20260520-1945-BULL-PB-001365-Z001364,2026-05-20 19:45:00,1365,Skip,"AggressiveExpansionWait1ScheduledV165:EntryBarStopTouched:low=29345,stop=29346.5",ActualCandidate,Long,TrendPullback,AlmostConfirmed,70,76.0,True,29359.0,29346.5,29409.0,12.5,3.5,AggressiveExpansionV164Eligibility:NearestStructure,0.28,-336.51,4,,AggressiveExpansionWait1ScheduledV165,OPF_0.1,OPF_RESEARCH_2.14,MNQ_0.1,MNQ_1Contract_Target150_200,OPF_PROFILE_0.1,2026-05-20T19:45:00.0000000,1365,2026-05-20 20:50:00,1378,Long,TrendPullback,70,76.0,29359.0,29346.5,12.5,29358.0,29358.75,True,514312,539050,4.0,38.0,111.5,1365.0,1365.0,1365.0,1366.0,1366.0,1367.0,1368.0,,1366.0,1366.0,1367.0,1367.0,1368.0,13,GlobexCloseout,Skip,"AggressiveExpansionWait1ScheduledV165:EntryBarStopTouched:low=29345,stop=29346.5",,both
OPF-20260725-100040,OPF_0.1,OPF_RESEARCH_2.14,MNQ_0.1,MNQ_1Contract_Target150_200,OPF_PROFILE_0.1,20260520-1945-BULL-PB-001365-Z001364-SCB,2026-05-20 19:55:00,1367,Skip,PathDisabled,ResearchOnly,Long,TrendPullback,StructureConfirmShadow,70,95.0,True,29395.25,29346.5,29468.375,48.75,0.0,NearestStructure,0.0,-445.51,5,,PathDisabled,OPF_0.1,OPF_RESEARCH_2.14,MNQ_0.1,MNQ_1Contract_Target150_200,OPF_PROFILE_0.1,2026-05-20T19:55:00.0000000,1367,2026-05-20 20:50:00,1378,Long,TrendPullback,70,95.0,29395.25,29346.5,48.75,29394.75,29395.5,True,519901,539050,1.5,1.75,147.75,1370.0,,,,,,,,,,,,,11,GlobexCloseout,Skip,PathDisabled,,both
