Arm,PrimaryQuantity,SecondaryQuantity,SecondaryPolicy,RiskCap,ConservativeGross5m,ConservativeGross10m,RobustConservativeGross,RobustPF,RobustPositiveWeekPct,RobustMaxDD,RobustWorstWeek,RobustTrades,RobustJanFebGross,RobustMarAprGross,RobustMayJunGross,RobustSecondaryGross,RobustSecondaryExpectancy,SecondaryAccepted,SameDirectionOverlapPct,PeakConcurrentRisk,DailyLossTriggeredDays,TargetMet
D_3plus3,3,3,PathRiskA20G0_0,300.0,21926.07,22063.62,21926.07,1.3522,74.07,1679.56,-846.29,989,3479.86,8142.79,10303.43,3185.77,18.22,148,81.08,297.75,14,False
D_3plus3,3,3,PathRiskA20G0_0,450.0,21807.35,21944.9,21807.35,1.3484,74.07,1679.56,-846.29,990,3479.86,8202.79,10124.71,3067.05,17.26,149,81.21,309.75,14,False
D_3plus3,3,3,PathRiskA20G0_0,600.0,21807.35,21944.9,21807.35,1.3484,74.07,1679.56,-846.29,990,3479.86,8202.79,10124.71,3067.05,17.26,149,81.21,309.75,14,False
D_3plus3,3,3,PathRiskA20G0_0,9999.0,21807.35,21944.9,21807.35,1.3484,74.07,1679.56,-846.29,990,3479.86,8202.79,10124.71,3067.05,17.26,149,81.21,309.75,14,False
D_3plus3,3,3,PathRiskA20G6_0,300.0,21619.77,22496.22,21619.77,1.3778,74.07,1642.46,-629.4,909,3471.75,8159.58,9988.43,2222.11,43.68,49,89.8,294.75,13,False
D_3plus3,3,3,PathRiskA50G6_0,300.0,21524.22,22173.38,21524.22,1.3829,74.07,1642.46,-629.4,895,4037.07,8159.58,9327.57,2049.0,62.5,33,90.91,294.75,12,False
D_3plus3,3,3,PathRiskA20G6_0,450.0,21501.05,22377.5,21501.05,1.3736,74.07,1642.46,-629.4,910,3471.75,8219.58,9809.71,2103.4,40.22,50,90.0,309.75,13,False
D_3plus3,3,3,PathRiskA20G6_0,600.0,21501.05,22377.5,21501.05,1.3736,74.07,1642.46,-629.4,910,3471.75,8219.58,9809.71,2103.4,40.22,50,90.0,309.75,13,False
D_3plus3,3,3,PathRiskA20G6_0,9999.0,21501.05,22377.5,21501.05,1.3736,74.07,1642.46,-629.4,910,3471.75,8219.58,9809.71,2103.4,40.22,50,90.0,309.75,13,False
D_3plus3,3,3,PathRiskA50G6_0,450.0,21405.5,22054.66,21405.5,1.3787,74.07,1642.46,-629.4,896,4037.07,8219.58,9148.85,1930.28,56.72,34,91.18,309.75,12,False
D_3plus3,3,3,PathRiskA50G6_0,600.0,21405.5,22054.66,21405.5,1.3787,74.07,1642.46,-629.4,896,4037.07,8219.58,9148.85,1930.28,56.72,34,91.18,309.75,12,False
D_3plus3,3,3,PathRiskA50G6_0,9999.0,21405.5,22054.66,21405.5,1.3787,74.07,1642.46,-629.4,896,4037.07,8219.58,9148.85,1930.28,56.72,34,91.18,309.75,12,False
D_3plus3,3,3,PathRiskA10G6_0,300.0,21116.67,22260.62,21116.67,1.3633,70.37,1642.46,-629.4,917,3300.87,7950.9,9864.91,2050.92,31.16,61,90.16,294.75,14,False
D_3plus3,3,3,PathRiskA50G4_0,300.0,21055.69,22068.31,21055.69,1.3662,70.37,1642.46,-629.4,906,3202.37,8159.58,9693.73,1777.18,34.21,49,89.8,294.75,14,False
D_3plus3,3,3,PathRiskA10G0_0,300.0,21054.67,21282.5,21054.67,1.3353,74.07,1679.56,-846.29,982,3079.46,8142.79,9832.43,2407.37,13.84,140,80.71,297.75,14,False
D_3plus3,3,3,PathRiskA10G6_0,450.0,20997.95,22141.9,20997.95,1.3593,70.37,1642.46,-629.4,918,3300.87,8010.9,9686.19,1932.2,28.6,62,90.32,309.75,14,False
D_3plus3,3,3,PathRiskA10G6_0,600.0,20997.95,22141.9,20997.95,1.3593,70.37,1642.46,-629.4,918,3300.87,8010.9,9686.19,1932.2,28.6,62,90.32,309.75,14,False
D_3plus3,3,3,PathRiskA10G6_0,9999.0,20997.95,22141.9,20997.95,1.3593,70.37,1642.46,-629.4,918,3300.87,8010.9,9686.19,1932.2,28.6,62,90.32,309.75,14,False
D_3plus3,3,3,PathRiskA50G4_0,450.0,20936.97,21949.59,20936.97,1.3621,70.37,1642.46,-629.4,907,3202.37,8219.58,9515.02,1658.46,30.95,50,90.0,309.75,14,False
D_3plus3,3,3,PathRiskA50G4_0,600.0,20936.97,21949.59,20936.97,1.3621,70.37,1642.46,-629.4,907,3202.37,8219.58,9515.02,1658.46,30.95,50,90.0,309.75,14,False
D_3plus3,3,3,PathRiskA50G4_0,9999.0,20936.97,21949.59,20936.97,1.3621,70.37,1642.46,-629.4,907,3202.37,8219.58,9515.02,1658.46,30.95,50,90.0,309.75,14,False
D_3plus3,3,3,PathRiskA10G0_0,450.0,20935.95,21163.78,20935.95,1.3316,74.07,1679.56,-846.29,983,3079.46,8202.79,9653.71,2288.65,12.87,141,80.85,309.75,14,False
D_3plus3,3,3,PathRiskA10G0_0,600.0,20935.95,21163.78,20935.95,1.3316,74.07,1679.56,-846.29,983,3079.46,8202.79,9653.71,2288.65,12.87,141,80.85,309.75,14,False
D_3plus3,3,3,PathRiskA10G0_0,9999.0,20935.95,21163.78,20935.95,1.3316,74.07,1679.56,-846.29,983,3079.46,8202.79,9653.71,2288.65,12.87,141,80.85,309.75,14,False
D_3plus3,3,3,PathRiskA10G4_0,300.0,20861.27,21257.4,20861.27,1.3478,74.07,1674.84,-635.96,935,3390.92,7611.17,9859.19,2405.33,23.73,90,87.78,297.75,15,False
D_3plus3,3,3,PathRiskA10G4_0,450.0,20742.55,21138.68,20742.55,1.3439,74.07,1674.84,-635.96,936,3390.92,7671.17,9680.47,2286.61,22.09,91,87.91,309.75,15,False
D_3plus3,3,3,PathRiskA10G4_0,600.0,20742.55,21138.68,20742.55,1.3439,74.07,1674.84,-635.96,936,3390.92,7671.17,9680.47,2286.61,22.09,91,87.91,309.75,15,False
D_3plus3,3,3,PathRiskA10G4_0,9999.0,20742.55,21138.68,20742.55,1.3439,74.07,1674.84,-635.96,936,3390.92,7671.17,9680.47,2286.61,22.09,91,87.91,309.75,15,False
D_3plus3,3,3,PathRiskA10G2_0,300.0,20733.8,21348.07,20733.8,1.3407,74.07,1674.84,-635.96,947,3554.14,7531.54,9648.12,2277.85,19.18,102,87.25,297.75,15,False
D_3plus3,3,3,PathRiskA20G2_0,300.0,20719.88,21233.51,20719.88,1.3411,74.07,1674.84,-635.96,945,3554.14,7445.9,9719.84,2263.94,19.5,100,88.0,297.75,15,False
D_3plus3,3,3,PathRiskA50G2_0,300.0,20670.51,21309.06,20670.51,1.3429,74.07,1674.84,-635.96,937,3554.14,7487.89,9628.49,2214.57,21.01,92,86.96,297.75,15,False
D_3plus3,3,3,PathRiskA10G1_0,300.0,20638.66,21037.4,20638.66,1.3342,74.07,1679.56,-635.96,963,3371.58,7817.88,9449.2,2054.47,13.96,119,82.35,297.75,14,False
D_3plus3,3,3,PathRiskA10G2_0,450.0,20615.08,21229.35,20615.08,1.3368,74.07,1674.84,-635.96,948,3554.14,7591.54,9469.4,2159.13,17.78,103,87.38,309.75,15,False
D_3plus3,3,3,PathRiskA10G2_0,600.0,20615.08,21229.35,20615.08,1.3368,74.07,1674.84,-635.96,948,3554.14,7591.54,9469.4,2159.13,17.78,103,87.38,309.75,15,False
D_3plus3,3,3,PathRiskA10G2_0,9999.0,20615.08,21229.35,20615.08,1.3368,74.07,1674.84,-635.96,948,3554.14,7591.54,9469.4,2159.13,17.78,103,87.38,309.75,15,False
D_3plus3,3,3,PathRiskA20G2_0,450.0,20601.17,21114.79,20601.17,1.3372,74.07,1674.84,-635.96,946,3554.14,7505.9,9541.12,2145.22,18.07,101,88.12,309.75,15,False
D_3plus3,3,3,PathRiskA20G2_0,600.0,20601.17,21114.79,20601.17,1.3372,74.07,1674.84,-635.96,946,3554.14,7505.9,9541.12,2145.22,18.07,101,88.12,309.75,15,False
D_3plus3,3,3,PathRiskA20G2_0,9999.0,20601.17,21114.79,20601.17,1.3372,74.07,1674.84,-635.96,946,3554.14,7505.9,9541.12,2145.22,18.07,101,88.12,309.75,15,False
D_3plus3,3,3,PathRiskA50G2_0,450.0,20551.79,21190.34,20551.79,1.339,74.07,1674.84,-635.96,938,3554.14,7547.89,9449.77,2095.85,19.43,93,87.1,309.75,15,False
D_3plus3,3,3,PathRiskA50G2_0,600.0,20551.79,21190.34,20551.79,1.339,74.07,1674.84,-635.96,938,3554.14,7547.89,9449.77,2095.85,19.43,93,87.1,309.75,15,False
D_3plus3,3,3,PathRiskA50G2_0,9999.0,20551.79,21190.34,20551.79,1.339,74.07,1674.84,-635.96,938,3554.14,7547.89,9449.77,2095.85,19.43,93,87.1,309.75,15,False
D_3plus3,3,3,PathRiskA10G1_0,450.0,20519.94,20918.68,20519.94,1.3305,74.07,1679.56,-635.96,964,3371.58,7877.88,9270.48,1935.75,12.8,120,82.5,309.75,14,False
D_3plus3,3,3,PathRiskA10G1_0,600.0,20519.94,20918.68,20519.94,1.3305,74.07,1679.56,-635.96,964,3371.58,7877.88,9270.48,1935.75,12.8,120,82.5,309.75,14,False
D_3plus3,3,3,PathRiskA10G1_0,9999.0,20519.94,20918.68,20519.94,1.3305,74.07,1679.56,-635.96,964,3371.58,7877.88,9270.48,1935.75,12.8,120,82.5,309.75,14,False
D_3plus3,3,3,PathRiskA20G4_0,300.0,20417.53,21612.01,20417.53,1.3418,74.07,1642.46,-629.4,927,3624.71,7520.26,9272.56,2051.89,24.51,75,89.33,297.75,15,False
D_3plus3,3,3,PathRiskA20G1_0,300.0,20413.48,20812.22,20413.48,1.3277,74.07,1679.56,-635.96,967,3146.4,7817.88,9449.2,1829.28,11.52,123,82.93,297.75,14,False
D_3plus3,3,3,PathSessionA10G6_0,450.0,20407.26,21221.53,20407.26,1.3444,70.37,1642.46,-560.67,936,3287.49,7876.11,9243.66,1761.31,18.7,80,72.5,304.5,13,False
D_3plus3,3,3,PathSessionA10G6_0,600.0,20407.26,21221.53,20407.26,1.3444,70.37,1642.46,-560.67,936,3287.49,7876.11,9243.66,1761.31,18.7,80,72.5,304.5,13,False
D_3plus3,3,3,PathSessionA10G6_0,9999.0,20407.26,21221.53,20407.26,1.3444,70.37,1642.46,-560.67,936,3287.49,7876.11,9243.66,1761.31,18.7,80,72.5,304.5,13,False
D_3plus3,3,3,PathSessionA10G4_0,450.0,20383.35,21173.18,20383.35,1.3407,74.07,1642.46,-560.67,944,3420.58,7645.05,9317.72,1737.4,16.37,88,71.59,304.5,13,False
D_3plus3,3,3,PathSessionA10G4_0,600.0,20383.35,21173.18,20383.35,1.3407,74.07,1642.46,-560.67,944,3420.58,7645.05,9317.72,1737.4,16.37,88,71.59,304.5,13,False
D_3plus3,3,3,PathSessionA10G4_0,9999.0,20383.35,21173.18,20383.35,1.3407,74.07,1642.46,-560.67,944,3420.58,7645.05,9317.72,1737.4,16.37,88,71.59,304.5,13,False
D_3plus3,3,3,PathRiskA20G4_0,450.0,20298.81,21493.29,20298.81,1.3379,74.07,1642.46,-629.4,928,3624.71,7580.26,9093.84,1933.17,22.52,76,89.47,309.75,15,False
D_3plus3,3,3,PathRiskA20G4_0,600.0,20298.81,21493.29,20298.81,1.3379,74.07,1642.46,-629.4,928,3624.71,7580.26,9093.84,1933.17,22.52,76,89.47,309.75,15,False
D_3plus3,3,3,PathRiskA20G4_0,9999.0,20298.81,21493.29,20298.81,1.3379,74.07,1642.46,-629.4,928,3624.71,7580.26,9093.84,1933.17,22.52,76,89.47,309.75,15,False
D_3plus3,3,3,PathRiskA20G1_0,450.0,20294.76,20693.5,20294.76,1.324,74.07,1679.56,-635.96,968,3146.4,7877.88,9270.48,1710.57,10.42,124,83.06,309.75,14,False
D_3plus3,3,3,PathRiskA20G1_0,600.0,20294.76,20693.5,20294.76,1.324,74.07,1679.56,-635.96,968,3146.4,7877.88,9270.48,1710.57,10.42,124,83.06,309.75,14,False
D_3plus3,3,3,PathRiskA20G1_0,9999.0,20294.76,20693.5,20294.76,1.324,74.07,1679.56,-635.96,968,3146.4,7877.88,9270.48,1710.57,10.42,124,83.06,309.75,14,False
D_3plus3,3,3,PathSessionA50G6_0,450.0,20288.04,21075.79,20288.04,1.3619,70.37,1599.1,-496.8,891,3351.22,7902.26,9034.56,1066.31,40.83,25,76.0,304.5,11,False
D_3plus3,3,3,PathSessionA50G6_0,600.0,20288.04,21075.79,20288.04,1.3619,70.37,1599.1,-496.8,891,3351.22,7902.26,9034.56,1066.31,40.83,25,76.0,304.5,11,False
D_3plus3,3,3,PathSessionA50G6_0,9999.0,20288.04,21075.79,20288.04,1.3619,70.37,1599.1,-496.8,891,3351.22,7902.26,9034.56,1066.31,40.83,25,76.0,304.5,11,False
D_3plus3,3,3,PathQualityA50G6_0,300.0,20240.56,20990.61,20240.56,1.3493,77.78,1599.1,-533.38,906,3248.39,7255.06,9737.11,1555.59,34.34,43,74.42,294.75,12,False
D_3plus3,3,3,PathQualityA10G6_0,300.0,20214.23,22127.34,20214.23,1.3458,70.37,1599.1,-533.38,913,3161.69,6117.3,10935.24,2368.42,37.95,59,79.66,294.75,13,False
C_3plus1,3,1,PathRiskA20G0_0,300.0,20191.54,20732.01,20191.54,1.3599,74.07,1499.65,-689.74,1007,3327.7,7623.45,9240.38,1000.53,5.56,150,81.33,209.5,10,False
C_3plus1,3,1,PathRiskA20G0_0,450.0,20191.54,20732.01,20191.54,1.3599,74.07,1499.65,-689.74,1007,3327.7,7623.45,9240.38,1000.53,5.56,150,81.33,209.5,10,False
C_3plus1,3,1,PathRiskA20G0_0,600.0,20191.54,20732.01,20191.54,1.3599,74.07,1499.65,-689.74,1007,3327.7,7623.45,9240.38,1000.53,5.56,150,81.33,209.5,10,False
C_3plus1,3,1,PathRiskA20G0_0,9999.0,20191.54,20732.01,20191.54,1.3599,74.07,1499.65,-689.74,1007,3327.7,7623.45,9240.38,1000.53,5.56,150,81.33,209.5,10,False
D_3plus3,3,3,PathSessionA10G6_0,300.0,20182.84,20997.11,20182.84,1.3384,70.37,1642.46,-560.67,937,3287.49,7651.69,9243.66,1536.89,15.61,81,72.84,294.75,13,False
D_3plus3,3,3,PathSessionA10G4_0,300.0,20158.93,20948.76,20158.93,1.3348,74.07,1642.46,-560.67,945,3420.58,7420.63,9317.72,1512.98,13.59,89,71.91,294.75,13,False
D_3plus3,3,3,PathQualityA10G4_0,300.0,20106.98,21963.11,20106.98,1.3358,70.37,1602.3,-539.7,933,3261.34,6199.55,10646.08,2218.15,24.84,80,81.25,294.75,13,False
D_3plus3,3,3,PathRiskA50G1_0,300.0,20103.42,20502.91,20103.42,1.3216,74.07,1674.84,-635.96,965,3122.68,7531.54,9449.2,1586.94,9.85,120,85.0,297.75,14,False
D_3plus3,3,3,Opposite,300.0,20228.17,20086.49,20086.49,1.3588,81.48,1155.8,-664.8,925,3451.05,8266.37,8369.07,-101.13,-4.64,97,0.0,256.5,10,False
D_3plus3,3,3,Opposite,450.0,20228.17,20086.49,20086.49,1.3588,81.48,1155.8,-664.8,925,3451.05,8266.37,8369.07,-101.13,-4.64,97,0.0,256.5,10,False
D_3plus3,3,3,Opposite,600.0,20228.17,20086.49,20086.49,1.3588,81.48,1155.8,-664.8,925,3451.05,8266.37,8369.07,-101.13,-4.64,97,0.0,256.5,10,False
D_3plus3,3,3,Opposite,9999.0,20228.17,20086.49,20086.49,1.3588,81.48,1155.8,-664.8,925,3451.05,8266.37,8369.07,-101.13,-4.64,97,0.0,256.5,10,False
D_3plus3,3,3,PathSessionA50G6_0,300.0,20063.62,20851.37,20063.62,1.3555,70.37,1599.1,-496.8,892,3351.22,7677.84,9034.56,841.89,30.08,26,76.92,294.75,11,False
D_3plus3,3,3,PathQualityA50G6_0,450.0,20061.84,20811.89,20061.84,1.344,77.78,1599.1,-533.38,907,3248.39,7255.06,9558.39,1376.87,29.18,44,75.0,309.75,12,False
D_3plus3,3,3,PathQualityA50G6_0,600.0,20061.84,20811.89,20061.84,1.344,77.78,1599.1,-533.38,907,3248.39,7255.06,9558.39,1376.87,29.18,44,75.0,309.75,12,False
D_3plus3,3,3,PathQualityA50G6_0,9999.0,20061.84,20811.89,20061.84,1.344,77.78,1599.1,-533.38,907,3248.39,7255.06,9558.39,1376.87,29.18,44,75.0,309.75,12,False
D_3plus3,3,3,PathSessionA20G4_0,450.0,20056.17,20846.0,20056.17,1.3355,74.07,1642.46,-560.67,938,3423.02,7645.05,8988.1,1410.22,13.81,82,71.95,304.5,13,False
D_3plus3,3,3,PathSessionA20G4_0,600.0,20056.17,20846.0,20056.17,1.3355,74.07,1642.46,-560.67,938,3423.02,7645.05,8988.1,1410.22,13.81,82,71.95,304.5,13,False
D_3plus3,3,3,PathSessionA20G4_0,9999.0,20056.17,20846.0,20056.17,1.3355,74.07,1642.46,-560.67,938,3423.02,7645.05,8988.1,1410.22,13.81,82,71.95,304.5,13,False
D_3plus3,3,3,PathQualityA10G6_0,450.0,20035.51,22173.04,20035.51,1.3405,70.37,1599.1,-533.38,914,3161.69,6117.3,10756.52,2189.7,34.15,60,80.0,309.75,13,False
D_3plus3,3,3,PathQualityA10G6_0,600.0,20035.51,22173.04,20035.51,1.3405,70.37,1599.1,-533.38,914,3161.69,6117.3,10756.52,2189.7,34.15,60,80.0,309.75,13,False
D_3plus3,3,3,PathQualityA10G6_0,9999.0,20035.51,22173.04,20035.51,1.3405,70.37,1599.1,-533.38,914,3161.69,6117.3,10756.52,2189.7,34.15,60,80.0,309.75,13,False
D_3plus3,3,3,PathSessionA20G0_0,300.0,20021.38,23390.28,20021.38,1.2893,74.07,1667.49,-1130.12,1067,3348.05,5678.26,10995.07,3252.18,10.24,238,78.57,294.75,15,False
D_3plus3,3,3,PathSessionA20G0_0,450.0,20021.38,23614.69,20021.38,1.2893,74.07,1667.49,-1130.12,1067,3348.05,5678.26,10995.07,3252.18,10.24,238,78.57,294.75,15,False
D_3plus3,3,3,PathSessionA20G0_0,600.0,20021.38,23614.69,20021.38,1.2893,74.07,1667.49,-1130.12,1067,3348.05,5678.26,10995.07,3252.18,10.24,238,78.57,294.75,15,False
D_3plus3,3,3,PathSessionA20G0_0,9999.0,20021.38,23614.69,20021.38,1.2893,74.07,1667.49,-1130.12,1067,3348.05,5678.26,10995.07,3252.18,10.24,238,78.57,294.75,15,False
D_3plus3,3,3,PathSessionA10G2_0,300.0,20002.21,22332.08,20002.21,1.304,77.78,1540.73,-649.31,1015,3240.13,6475.24,10286.83,2941.03,12.92,181,80.11,294.75,16,False
D_3plus3,3,3,PathSessionA10G2_0,450.0,20002.21,22556.49,20002.21,1.304,77.78,1540.73,-649.31,1015,3240.13,6475.24,10286.83,2941.03,12.92,181,80.11,294.75,16,False
D_3plus3,3,3,PathSessionA10G2_0,600.0,20002.21,22556.49,20002.21,1.304,77.78,1540.73,-649.31,1015,3240.13,6475.24,10286.83,2941.03,12.92,181,80.11,294.75,16,False
D_3plus3,3,3,PathSessionA10G2_0,9999.0,20002.21,22556.49,20002.21,1.304,77.78,1540.73,-649.31,1015,3240.13,6475.24,10286.83,2941.03,12.92,181,80.11,294.75,16,False
D_3plus3,3,3,PathQualityA20G4_0,300.0,19992.96,21781.2,19992.96,1.3379,70.37,1602.3,-533.38,920,3164.31,6114.1,10714.55,2104.13,28.77,67,80.6,294.75,13,False
D_3plus3,3,3,PathRiskA50G1_0,450.0,19984.7,20384.19,19984.7,1.3179,74.07,1674.84,-635.96,966,3122.68,7591.54,9270.48,1468.22,8.74,121,85.12,309.75,14,False
D_3plus3,3,3,PathRiskA50G1_0,600.0,19984.7,20384.19,19984.7,1.3179,74.07,1674.84,-635.96,966,3122.68,7591.54,9270.48,1468.22,8.74,121,85.12,309.75,14,False
D_3plus3,3,3,PathRiskA50G1_0,9999.0,19984.7,20384.19,19984.7,1.3179,74.07,1674.84,-635.96,966,3122.68,7591.54,9270.48,1468.22,8.74,121,85.12,309.75,14,False
C_3plus1,3,1,PathRiskA20G6_0,300.0,19984.58,20588.79,19984.58,1.3661,74.07,1494.59,-541.0,914,3101.51,7867.44,9015.63,701.13,13.41,50,90.0,209.5,10,False
C_3plus1,3,1,PathRiskA20G6_0,450.0,19984.58,20588.79,19984.58,1.3661,74.07,1494.59,-541.0,914,3101.51,7867.44,9015.63,701.13,13.41,50,90.0,209.5,10,False
C_3plus1,3,1,PathRiskA20G6_0,600.0,19984.58,20588.79,19984.58,1.3661,74.07,1494.59,-541.0,914,3101.51,7867.44,9015.63,701.13,13.41,50,90.0,209.5,10,False
C_3plus1,3,1,PathRiskA20G6_0,9999.0,19984.58,20588.79,19984.58,1.3661,74.07,1494.59,-541.0,914,3101.51,7867.44,9015.63,701.13,13.41,50,90.0,209.5,10,False
C_3plus1,3,1,PathA10G6_0,300.0,19960.22,20406.92,19960.22,1.3633,74.07,1494.59,-524.4,926,2990.3,7685.28,9284.65,676.77,10.08,62,80.65,213.75,10,False
C_3plus1,3,1,PathA10G6_0,450.0,19960.22,20406.92,19960.22,1.3633,74.07,1494.59,-524.4,926,2990.3,7685.28,9284.65,676.77,10.08,62,80.65,213.75,10,False
C_3plus1,3,1,PathA10G6_0,600.0,19960.22,20406.92,19960.22,1.3633,74.07,1494.59,-524.4,926,2990.3,7685.28,9284.65,676.77,10.08,62,80.65,213.75,10,False
C_3plus1,3,1,PathA10G6_0,9999.0,19960.22,20406.92,19960.22,1.3633,74.07,1494.59,-524.4,926,2990.3,7685.28,9284.65,676.77,10.08,62,80.65,213.75,10,False
D_3plus3,3,3,PathA50G6_0,300.0,19955.2,20621.01,19955.2,1.3387,66.67,1642.46,-562.69,910,2609.55,7395.32,9950.32,1125.28,20.86,48,81.25,294.75,13,False
D_3plus3,3,3,PathQualityA10G4_0,450.0,19928.26,22008.8,19928.26,1.3307,70.37,1602.3,-539.7,934,3261.34,6199.55,10467.36,2039.43,22.22,81,81.48,309.75,13,False
D_3plus3,3,3,PathQualityA10G4_0,600.0,19928.26,22008.8,19928.26,1.3307,70.37,1602.3,-539.7,934,3261.34,6199.55,10467.36,2039.43,22.22,81,81.48,309.75,13,False
D_3plus3,3,3,PathQualityA10G4_0,9999.0,19928.26,22008.8,19928.26,1.3307,70.37,1602.3,-539.7,934,3261.34,6199.55,10467.36,2039.43,22.22,81,81.48,309.75,13,False
C_3plus1,3,1,PathRiskA50G6_0,300.0,19926.88,20475.97,19926.88,1.3674,74.07,1494.59,-541.0,898,3264.09,7867.44,8795.34,643.43,18.91,34,91.18,209.5,10,False
C_3plus1,3,1,PathRiskA50G6_0,450.0,19926.88,20475.97,19926.88,1.3674,74.07,1494.59,-541.0,898,3264.09,7867.44,8795.34,643.43,18.91,34,91.18,209.5,10,False
C_3plus1,3,1,PathRiskA50G6_0,600.0,19926.88,20475.97,19926.88,1.3674,74.07,1494.59,-541.0,898,3264.09,7867.44,8795.34,643.43,18.91,34,91.18,209.5,10,False
C_3plus1,3,1,PathRiskA50G6_0,9999.0,19926.88,20475.97,19926.88,1.3674,74.07,1494.59,-541.0,898,3264.09,7867.44,8795.34,643.43,18.91,34,91.18,209.5,10,False
C_3plus1,3,1,PathQualityA10G6_0,300.0,19911.57,20540.43,19911.57,1.3629,77.78,1523.69,-489.98,925,3144.22,7455.54,9311.81,902.59,14.1,61,80.33,213.75,10,False
C_3plus1,3,1,PathQualityA10G6_0,450.0,19911.57,20540.43,19911.57,1.3629,77.78,1523.69,-489.98,925,3144.22,7455.54,9311.81,902.59,14.1,61,80.33,213.75,10,False
C_3plus1,3,1,PathQualityA10G6_0,600.0,19911.57,20540.43,19911.57,1.3629,77.78,1523.69,-489.98,925,3144.22,7455.54,9311.81,902.59,14.1,61,80.33,213.75,10,False
C_3plus1,3,1,PathQualityA10G6_0,9999.0,19911.57,20540.43,19911.57,1.3629,77.78,1523.69,-489.98,925,3144.22,7455.54,9311.81,902.59,14.1,61,80.33,213.75,10,False
C_3plus1,3,1,PathQualityA10G4_0,300.0,19861.48,20485.68,19861.48,1.3588,77.78,1540.29,-492.08,946,3177.44,7468.61,9215.43,852.51,9.46,82,81.71,213.75,10,False
C_3plus1,3,1,PathQualityA10G4_0,450.0,19861.48,20485.68,19861.48,1.3588,77.78,1540.29,-492.08,946,3177.44,7468.61,9215.43,852.51,9.46,82,81.71,213.75,10,False
C_3plus1,3,1,PathQualityA10G4_0,600.0,19861.48,20485.68,19861.48,1.3588,77.78,1540.29,-492.08,946,3177.44,7468.61,9215.43,852.51,9.46,82,81.71,213.75,10,False
C_3plus1,3,1,PathQualityA10G4_0,9999.0,19861.48,20485.68,19861.48,1.3588,77.78,1540.29,-492.08,946,3177.44,7468.61,9215.43,852.51,9.46,82,81.71,213.75,10,False
D_3plus3,3,3,PathRiskA50G0_0,300.0,19858.28,21975.96,19858.28,1.3007,74.07,1679.56,-896.07,1021,3322.33,6341.33,10194.62,2470.32,9.68,188,77.13,297.75,16,False
C_3plus1,3,1,PathRiskA50G4_0,300.0,19836.27,20446.15,19836.27,1.3623,74.07,1494.59,-541.0,914,3051.43,7867.44,8917.4,552.82,10.32,50,90.0,209.5,10,False
C_3plus1,3,1,PathRiskA50G4_0,450.0,19836.27,20446.15,19836.27,1.3623,74.07,1494.59,-541.0,914,3051.43,7867.44,8917.4,552.82,10.32,50,90.0,209.5,10,False
C_3plus1,3,1,PathRiskA50G4_0,600.0,19836.27,20446.15,19836.27,1.3623,74.07,1494.59,-541.0,914,3051.43,7867.44,8917.4,552.82,10.32,50,90.0,209.5,10,False
C_3plus1,3,1,PathRiskA50G4_0,9999.0,19836.27,20446.15,19836.27,1.3623,74.07,1494.59,-541.0,914,3051.43,7867.44,8917.4,552.82,10.32,50,90.0,209.5,10,False
D_3plus3,3,3,PathSessionA20G4_0,300.0,19831.75,20621.58,19831.75,1.3295,74.07,1642.46,-560.67,939,3423.02,7420.63,8988.1,1185.8,10.86,83,72.29,294.75,13,False
C_3plus1,3,1,PathA20G2_0,300.0,19827.16,20517.86,19827.16,1.3537,74.07,1494.59,-499.08,972,2856.66,7641.62,9328.88,756.47,5.87,109,81.65,213.75,10,False
C_3plus1,3,1,PathA20G2_0,450.0,19827.16,20517.86,19827.16,1.3537,74.07,1494.59,-499.08,972,2856.66,7641.62,9328.88,756.47,5.87,109,81.65,213.75,10,False
C_3plus1,3,1,PathA20G2_0,600.0,19827.16,20517.86,19827.16,1.3537,74.07,1494.59,-499.08,972,2856.66,7641.62,9328.88,756.47,5.87,109,81.65,213.75,10,False
C_3plus1,3,1,PathA20G2_0,9999.0,19827.16,20517.86,19827.16,1.3537,74.07,1494.59,-499.08,972,2856.66,7641.62,9328.88,756.47,5.87,109,81.65,213.75,10,False
C_3plus1,3,1,PathQualityA20G4_0,300.0,19823.47,20425.04,19823.47,1.3596,77.78,1540.29,-489.98,933,3145.09,7440.13,9238.25,814.5,10.96,69,81.16,213.75,10,False
C_3plus1,3,1,PathQualityA20G4_0,450.0,19823.47,20425.04,19823.47,1.3596,77.78,1540.29,-489.98,933,3145.09,7440.13,9238.25,814.5,10.96,69,81.16,213.75,10,False
C_3plus1,3,1,PathQualityA20G4_0,600.0,19823.47,20425.04,19823.47,1.3596,77.78,1540.29,-489.98,933,3145.09,7440.13,9238.25,814.5,10.96,69,81.16,213.75,10,False
C_3plus1,3,1,PathQualityA20G4_0,9999.0,19823.47,20425.04,19823.47,1.3596,77.78,1540.29,-489.98,933,3145.09,7440.13,9238.25,814.5,10.96,69,81.16,213.75,10,False
C_3plus1,3,1,PathA20G6_0,300.0,19814.63,20261.32,19814.63,1.3606,74.07,1494.59,-496.8,922,2990.3,7685.28,9139.05,531.18,8.29,58,79.31,213.75,10,False
C_3plus1,3,1,PathA20G6_0,450.0,19814.63,20261.32,19814.63,1.3606,74.07,1494.59,-496.8,922,2990.3,7685.28,9139.05,531.18,8.29,58,79.31,213.75,10,False
C_3plus1,3,1,PathA20G6_0,600.0,19814.63,20261.32,19814.63,1.3606,74.07,1494.59,-496.8,922,2990.3,7685.28,9139.05,531.18,8.29,58,79.31,213.75,10,False
C_3plus1,3,1,PathA20G6_0,9999.0,19814.63,20261.32,19814.63,1.3606,74.07,1494.59,-496.8,922,2990.3,7685.28,9139.05,531.18,8.29,58,79.31,213.75,10,False
C_3plus1,3,1,PathA50G4_0,300.0,19814.63,20261.32,19814.63,1.3606,74.07,1494.59,-496.8,922,2990.3,7685.28,9139.05,531.18,8.29,58,79.31,213.75,10,False
C_3plus1,3,1,PathA50G4_0,450.0,19814.63,20261.32,19814.63,1.3606,74.07,1494.59,-496.8,922,2990.3,7685.28,9139.05,531.18,8.29,58,79.31,213.75,10,False
C_3plus1,3,1,PathA50G4_0,600.0,19814.63,20261.32,19814.63,1.3606,74.07,1494.59,-496.8,922,2990.3,7685.28,9139.05,531.18,8.29,58,79.31,213.75,10,False
C_3plus1,3,1,PathA50G4_0,9999.0,19814.63,20261.32,19814.63,1.3606,74.07,1494.59,-496.8,922,2990.3,7685.28,9139.05,531.18,8.29,58,79.31,213.75,10,False
D_3plus3,3,3,PathQualityA20G4_0,450.0,19814.24,21826.89,19814.24,1.3326,70.37,1602.3,-533.38,921,3164.31,6114.1,10535.83,1925.42,25.57,68,80.88,309.75,13,False
D_3plus3,3,3,PathQualityA20G4_0,600.0,19814.24,21826.89,19814.24,1.3326,70.37,1602.3,-533.38,921,3164.31,6114.1,10535.83,1925.42,25.57,68,80.88,309.75,13,False
D_3plus3,3,3,PathQualityA20G4_0,9999.0,19814.24,21826.89,19814.24,1.3326,70.37,1602.3,-533.38,921,3164.31,6114.1,10535.83,1925.42,25.57,68,80.88,309.75,13,False
D_3plus3,3,3,PathSessionA50G0_0,300.0,19802.41,23168.59,19802.41,1.2834,74.07,1667.49,-1133.32,1072,3310.3,5678.26,10813.85,3033.21,9.04,243,78.19,297.75,15,False
D_3plus3,3,3,PathSessionA50G0_0,450.0,19802.41,23393.01,19802.41,1.2834,74.07,1667.49,-1133.32,1072,3310.3,5678.26,10813.85,3033.21,9.04,243,78.19,297.75,15,False
D_3plus3,3,3,PathSessionA50G0_0,600.0,19802.41,23393.01,19802.41,1.2834,74.07,1667.49,-1133.32,1072,3310.3,5678.26,10813.85,3033.21,9.04,243,78.19,297.75,15,False
D_3plus3,3,3,PathSessionA50G0_0,9999.0,19802.41,23393.01,19802.41,1.2834,74.07,1667.49,-1133.32,1072,3310.3,5678.26,10813.85,3033.21,9.04,243,78.19,297.75,15,False
D_3plus3,3,3,PathSessionA20G2_0,300.0,19789.12,22135.49,19789.12,1.3053,77.78,1295.31,-708.09,1011,3393.88,6471.81,9923.43,2727.94,12.08,176,78.98,294.75,16,False
D_3plus3,3,3,PathSessionA20G2_0,450.0,19789.12,22359.91,19789.12,1.3053,77.78,1295.31,-708.09,1011,3393.88,6471.81,9923.43,2727.94,12.08,176,78.98,294.75,16,False
D_3plus3,3,3,PathSessionA20G2_0,600.0,19789.12,22359.91,19789.12,1.3053,77.78,1295.31,-708.09,1011,3393.88,6471.81,9923.43,2727.94,12.08,176,78.98,294.75,16,False
D_3plus3,3,3,PathSessionA20G2_0,9999.0,19789.12,22359.91,19789.12,1.3053,77.78,1295.31,-708.09,1011,3393.88,6471.81,9923.43,2727.94,12.08,176,78.98,294.75,16,False
D_3plus3,3,3,PathA50G6_0,450.0,19776.48,20442.29,19776.48,1.3335,66.67,1642.46,-562.69,911,2609.55,7395.32,9771.6,946.56,16.54,49,81.63,309.75,13,False
D_3plus3,3,3,PathA50G6_0,600.0,19776.48,20442.29,19776.48,1.3335,66.67,1642.46,-562.69,911,2609.55,7395.32,9771.6,946.56,16.54,49,81.63,309.75,13,False
D_3plus3,3,3,PathA50G6_0,9999.0,19776.48,20442.29,19776.48,1.3335,66.67,1642.46,-562.69,911,2609.55,7395.32,9771.6,946.56,16.54,49,81.63,309.75,13,False
C_3plus1,3,1,PathA50G2_0,300.0,19762.91,20453.6,19762.91,1.3534,74.07,1494.59,-499.08,963,2918.78,7478.79,9365.33,692.21,5.86,100,82.0,213.75,10,False
C_3plus1,3,1,PathA50G2_0,450.0,19762.91,20453.6,19762.91,1.3534,74.07,1494.59,-499.08,963,2918.78,7478.79,9365.33,692.21,5.86,100,82.0,213.75,10,False
C_3plus1,3,1,PathA50G2_0,600.0,19762.91,20453.6,19762.91,1.3534,74.07,1494.59,-499.08,963,2918.78,7478.79,9365.33,692.21,5.86,100,82.0,213.75,10,False
C_3plus1,3,1,PathA50G2_0,9999.0,19762.91,20453.6,19762.91,1.3534,74.07,1494.59,-499.08,963,2918.78,7478.79,9365.33,692.21,5.86,100,82.0,213.75,10,False
C_3plus1,3,1,PathQualityA20G6_0,300.0,19741.65,20379.85,19741.65,1.3599,77.78,1523.69,-489.98,919,3119.9,7455.54,9166.22,732.68,12.62,55,78.18,213.75,10,False
C_3plus1,3,1,PathQualityA20G6_0,450.0,19741.65,20379.85,19741.65,1.3599,77.78,1523.69,-489.98,919,3119.9,7455.54,9166.22,732.68,12.62,55,78.18,213.75,10,False
C_3plus1,3,1,PathQualityA20G6_0,600.0,19741.65,20379.85,19741.65,1.3599,77.78,1523.69,-489.98,919,3119.9,7455.54,9166.22,732.68,12.62,55,78.18,213.75,10,False
C_3plus1,3,1,PathQualityA20G6_0,9999.0,19741.65,20379.85,19741.65,1.3599,77.78,1523.69,-489.98,919,3119.9,7455.54,9166.22,732.68,12.62,55,78.18,213.75,10,False
D_3plus3,3,3,PathQualityA50G1_0,300.0,19734.65,21514.28,19734.65,1.3048,74.07,1562.31,-1018.35,995,3691.17,6245.62,9797.85,2012.8,9.47,156,80.13,294.75,16,False
C_3plus1,3,1,PathRiskA10G6_0,300.0,19714.76,20510.25,19714.76,1.3582,74.07,1494.59,-541.0,925,3084.26,7656.04,8974.45,644.07,9.53,62,90.32,209.5,10,False
C_3plus1,3,1,PathRiskA10G6_0,450.0,19714.76,20510.25,19714.76,1.3582,74.07,1494.59,-541.0,925,3084.26,7656.04,8974.45,644.07,9.53,62,90.32,209.5,10,False
C_3plus1,3,1,PathRiskA10G6_0,600.0,19714.76,20510.25,19714.76,1.3582,74.07,1494.59,-541.0,925,3084.26,7656.04,8974.45,644.07,9.53,62,90.32,209.5,10,False
C_3plus1,3,1,PathRiskA10G6_0,9999.0,19714.76,20510.25,19714.76,1.3582,74.07,1494.59,-541.0,925,3084.26,7656.04,8974.45,644.07,9.53,62,90.32,209.5,10,False
C_3plus1,3,1,PathRiskA10G0_0,300.0,19709.54,20471.64,19709.54,1.3491,74.07,1499.65,-689.74,999,3002.7,7623.45,9083.38,741.06,4.09,142,80.99,209.5,11,False
C_3plus1,3,1,PathRiskA10G0_0,450.0,19709.54,20471.64,19709.54,1.3491,74.07,1499.65,-689.74,999,3002.7,7623.45,9083.38,741.06,4.09,142,80.99,209.5,11,False
C_3plus1,3,1,PathRiskA10G0_0,600.0,19709.54,20471.64,19709.54,1.3491,74.07,1499.65,-689.74,999,3002.7,7623.45,9083.38,741.06,4.09,142,80.99,209.5,11,False
C_3plus1,3,1,PathRiskA10G0_0,9999.0,19709.54,20471.64,19709.54,1.3491,74.07,1499.65,-689.74,999,3002.7,7623.45,9083.38,741.06,4.09,142,80.99,209.5,11,False
D_3plus3,3,3,PathA50G2_0,300.0,19707.03,21768.62,19707.03,1.3189,66.67,1648.75,-683.5,948,2547.61,6063.62,11095.8,1737.28,14.5,98,81.63,294.75,16,False
C_3plus1,3,1,PathA10G4_0,300.0,19687.89,20325.0,19687.89,1.3541,77.78,1494.59,-524.4,948,3050.61,7442.62,9194.65,617.19,6.24,85,78.82,213.75,10,False
C_3plus1,3,1,PathA10G4_0,450.0,19687.89,20325.0,19687.89,1.3541,77.78,1494.59,-524.4,948,3050.61,7442.62,9194.65,617.19,6.24,85,78.82,213.75,10,False
C_3plus1,3,1,PathA10G4_0,600.0,19687.89,20325.0,19687.89,1.3541,77.78,1494.59,-524.4,948,3050.61,7442.62,9194.65,617.19,6.24,85,78.82,213.75,10,False
C_3plus1,3,1,PathA10G4_0,9999.0,19687.89,20325.0,19687.89,1.3541,77.78,1494.59,-524.4,948,3050.61,7442.62,9194.65,617.19,6.24,85,78.82,213.75,10,False
C_3plus1,3,1,PathQualityA50G1_0,300.0,19682.54,20610.11,19682.54,1.3453,77.78,1494.19,-547.29,1018,3250.04,7279.32,9153.18,579.09,2.51,158,80.38,213.75,13,False
C_3plus1,3,1,PathQualityA50G1_0,450.0,19682.54,20610.11,19682.54,1.3453,77.78,1494.19,-547.29,1018,3250.04,7279.32,9153.18,579.09,2.51,158,80.38,213.75,13,False
C_3plus1,3,1,PathQualityA50G1_0,600.0,19682.54,20610.11,19682.54,1.3453,77.78,1494.19,-547.29,1018,3250.04,7279.32,9153.18,579.09,2.51,158,80.38,213.75,13,False
C_3plus1,3,1,PathQualityA50G1_0,9999.0,19682.54,20610.11,19682.54,1.3453,77.78,1494.19,-547.29,1018,3250.04,7279.32,9153.18,579.09,2.51,158,80.38,213.75,13,False
D_3plus3,3,3,PathA10G6_0,300.0,19681.71,21541.33,19681.71,1.3315,66.67,1642.46,-569.01,913,2570.39,6257.56,10853.75,1690.95,25.55,60,80.0,294.75,14,False
D_3plus3,3,3,PathRiskA50G0_0,450.0,19679.56,21857.24,19679.56,1.296,74.07,1679.56,-896.07,1022,3322.33,6341.33,10015.9,2291.6,8.65,189,77.25,309.75,16,False
D_3plus3,3,3,PathRiskA50G0_0,600.0,19679.56,21857.24,19679.56,1.296,74.07,1679.56,-896.07,1022,3322.33,6341.33,10015.9,2291.6,8.65,189,77.25,309.75,16,False
D_3plus3,3,3,PathRiskA50G0_0,9999.0,19679.56,21857.24,19679.56,1.296,74.07,1679.56,-896.07,1022,3322.33,6341.33,10015.9,2291.6,8.65,189,77.25,309.75,16,False
C_3plus1,3,1,PathSessionA10G2_0,300.0,19671.75,20464.66,19671.75,1.3417,81.48,1224.97,-651.78,1042,2890.87,7464.63,9316.25,1130.77,5.08,183,80.33,213.75,12,False
C_3plus1,3,1,PathSessionA10G2_0,450.0,19671.75,20464.66,19671.75,1.3417,81.48,1224.97,-651.78,1042,2890.87,7464.63,9316.25,1130.77,5.08,183,80.33,213.75,12,False
C_3plus1,3,1,PathSessionA10G2_0,600.0,19671.75,20464.66,19671.75,1.3417,81.48,1224.97,-651.78,1042,2890.87,7464.63,9316.25,1130.77,5.08,183,80.33,213.75,12,False
C_3plus1,3,1,PathSessionA10G2_0,9999.0,19671.75,20464.66,19671.75,1.3417,81.48,1224.97,-651.78,1042,2890.87,7464.63,9316.25,1130.77,5.08,183,80.33,213.75,12,False
C_3plus1,3,1,PathQualityA50G4_0,300.0,19667.48,20296.34,19667.48,1.358,77.78,1540.29,-489.98,920,3144.22,7440.13,9083.13,658.51,10.99,56,78.57,213.75,10,False
C_3plus1,3,1,PathQualityA50G4_0,450.0,19667.48,20296.34,19667.48,1.358,77.78,1540.29,-489.98,920,3144.22,7440.13,9083.13,658.51,10.99,56,78.57,213.75,10,False
C_3plus1,3,1,PathQualityA50G4_0,600.0,19667.48,20296.34,19667.48,1.358,77.78,1540.29,-489.98,920,3144.22,7440.13,9083.13,658.51,10.99,56,78.57,213.75,10,False
C_3plus1,3,1,PathQualityA50G4_0,9999.0,19667.48,20296.34,19667.48,1.358,77.78,1540.29,-489.98,920,3144.22,7440.13,9083.13,658.51,10.99,56,78.57,213.75,10,False
C_3plus1,3,1,PathSessionA10G6_0,300.0,19657.8,20424.44,19657.8,1.3566,74.07,1494.59,-499.08,944,3078.16,7611.12,8968.52,587.1,6.23,80,72.5,213.75,10,False
C_3plus1,3,1,PathSessionA10G6_0,450.0,19657.8,20424.44,19657.8,1.3566,74.07,1494.59,-499.08,944,3078.16,7611.12,8968.52,587.1,6.23,80,72.5,213.75,10,False
C_3plus1,3,1,PathSessionA10G6_0,600.0,19657.8,20424.44,19657.8,1.3566,74.07,1494.59,-499.08,944,3078.16,7611.12,8968.52,587.1,6.23,80,72.5,213.75,10,False
C_3plus1,3,1,PathSessionA10G6_0,9999.0,19657.8,20424.44,19657.8,1.3566,74.07,1494.59,-499.08,944,3078.16,7611.12,8968.52,587.1,6.23,80,72.5,213.75,10,False
C_3plus1,3,1,PathSessionA10G4_0,300.0,19649.82,20408.32,19649.82,1.3553,77.78,1494.59,-499.08,952,3122.52,7534.09,8993.21,579.13,5.46,88,71.59,213.75,10,False
C_3plus1,3,1,PathSessionA10G4_0,450.0,19649.82,20408.32,19649.82,1.3553,77.78,1494.59,-499.08,952,3122.52,7534.09,8993.21,579.13,5.46,88,71.59,213.75,10,False
C_3plus1,3,1,PathSessionA10G4_0,600.0,19649.82,20408.32,19649.82,1.3553,77.78,1494.59,-499.08,952,3122.52,7534.09,8993.21,579.13,5.46,88,71.59,213.75,10,False
C_3plus1,3,1,PathSessionA10G4_0,9999.0,19649.82,20408.32,19649.82,1.3553,77.78,1494.59,-499.08,952,3122.52,7534.09,8993.21,579.13,5.46,88,71.59,213.75,10,False
D_3plus3,3,3,PathQualityA20G6_0,300.0,19646.23,21587.37,19646.23,1.3334,70.37,1599.1,-533.38,912,3088.73,6117.3,10440.2,1858.68,32.84,53,77.36,294.75,13,False
C_3plus1,3,1,PathA20G4_0,300.0,19601.65,20244.78,19601.65,1.3533,74.07,1494.59,-524.4,935,2990.3,7416.7,9194.65,530.96,6.39,72,79.17,213.75,10,False
C_3plus1,3,1,PathA20G4_0,450.0,19601.65,20244.78,19601.65,1.3533,74.07,1494.59,-524.4,935,2990.3,7416.7,9194.65,530.96,6.39,72,79.17,213.75,10,False
C_3plus1,3,1,PathA20G4_0,600.0,19601.65,20244.78,19601.65,1.3533,74.07,1494.59,-524.4,935,2990.3,7416.7,9194.65,530.96,6.39,72,79.17,213.75,10,False
C_3plus1,3,1,PathA20G4_0,9999.0,19601.65,20244.78,19601.65,1.3533,74.07,1494.59,-524.4,935,2990.3,7416.7,9194.65,530.96,6.39,72,79.17,213.75,10,False
C_3plus1,3,1,PathSessionA20G2_0,300.0,19600.72,20399.13,19600.72,1.3422,81.48,1143.16,-671.38,1038,2942.12,7463.49,9195.12,1059.74,4.82,178,79.21,213.75,12,False
C_3plus1,3,1,PathSessionA20G2_0,450.0,19600.72,20399.13,19600.72,1.3422,81.48,1143.16,-671.38,1038,2942.12,7463.49,9195.12,1059.74,4.82,178,79.21,213.75,12,False
C_3plus1,3,1,PathSessionA20G2_0,600.0,19600.72,20399.13,19600.72,1.3422,81.48,1143.16,-671.38,1038,2942.12,7463.49,9195.12,1059.74,4.82,178,79.21,213.75,12,False
C_3plus1,3,1,PathSessionA20G2_0,9999.0,19600.72,20399.13,19600.72,1.3422,81.48,1143.16,-671.38,1038,2942.12,7463.49,9195.12,1059.74,4.82,178,79.21,213.75,12,False
C_3plus1,3,1,PathA50G6_0,300.0,19598.97,20044.76,19598.97,1.3571,74.07,1494.59,-496.8,913,3003.35,7592.69,9002.93,315.52,5.51,49,81.63,213.75,10,False
C_3plus1,3,1,PathA50G6_0,450.0,19598.97,20044.76,19598.97,1.3571,74.07,1494.59,-496.8,913,3003.35,7592.69,9002.93,315.52,5.51,49,81.63,213.75,10,False
C_3plus1,3,1,PathA50G6_0,600.0,19598.97,20044.76,19598.97,1.3571,74.07,1494.59,-496.8,913,3003.35,7592.69,9002.93,315.52,5.51,49,81.63,213.75,10,False
C_3plus1,3,1,PathA50G6_0,9999.0,19598.97,20044.76,19598.97,1.3571,74.07,1494.59,-496.8,913,3003.35,7592.69,9002.93,315.52,5.51,49,81.63,213.75,10,False
C_3plus1,3,1,Opposite,300.0,19589.95,20001.08,19589.95,1.3594,77.78,1447.4,-592.84,946,3190.75,7930.85,8468.35,157.23,0.77,80,0.0,188.5,11,False
C_3plus1,3,1,Opposite,450.0,19589.95,20001.08,19589.95,1.3594,77.78,1447.4,-592.84,946,3190.75,7930.85,8468.35,157.23,0.77,80,0.0,188.5,11,False
C_3plus1,3,1,Opposite,600.0,19589.95,20001.08,19589.95,1.3594,77.78,1447.4,-592.84,946,3190.75,7930.85,8468.35,157.23,0.77,80,0.0,188.5,11,False
C_3plus1,3,1,Opposite,9999.0,19589.95,20001.08,19589.95,1.3594,77.78,1447.4,-592.84,946,3190.75,7930.85,8468.35,157.23,0.77,80,0.0,188.5,11,False
D_3plus3,3,3,PathSessionA50G4_0,450.0,19586.55,20415.12,19586.55,1.3313,66.67,1642.46,-560.67,921,3348.67,7584.31,8653.57,998.86,13.33,60,75.0,304.5,13,False
D_3plus3,3,3,PathSessionA50G4_0,600.0,19586.55,20415.12,19586.55,1.3313,66.67,1642.46,-560.67,921,3348.67,7584.31,8653.57,998.86,13.33,60,75.0,304.5,13,False
D_3plus3,3,3,PathSessionA50G4_0,9999.0,19586.55,20415.12,19586.55,1.3313,66.67,1642.46,-560.67,921,3348.67,7584.31,8653.57,998.86,13.33,60,75.0,304.5,13,False
C_3plus1,3,1,PathRiskA50G0_0,300.0,19582.36,20783.31,19582.36,1.3421,74.07,1499.65,-702.12,1045,2924.45,7453.8,9204.11,914.74,3.64,191,77.49,209.5,11,False
C_3plus1,3,1,PathRiskA50G0_0,450.0,19582.36,20783.31,19582.36,1.3421,74.07,1499.65,-702.12,1045,2924.45,7453.8,9204.11,914.74,3.64,191,77.49,209.5,11,False
C_3plus1,3,1,PathRiskA50G0_0,600.0,19582.36,20783.31,19582.36,1.3421,74.07,1499.65,-702.12,1045,2924.45,7453.8,9204.11,914.74,3.64,191,77.49,209.5,11,False
C_3plus1,3,1,PathRiskA50G0_0,9999.0,19582.36,20783.31,19582.36,1.3421,74.07,1499.65,-702.12,1045,2924.45,7453.8,9204.11,914.74,3.64,191,77.49,209.5,11,False
C_3plus1,3,1,PathSessionA50G6_0,300.0,19577.17,20193.13,19577.17,1.3623,74.07,1523.69,-496.8,891,3099.4,7720.52,8757.24,355.44,13.61,25,76.0,213.75,10,False
C_3plus1,3,1,PathSessionA50G6_0,450.0,19577.17,20193.13,19577.17,1.3623,74.07,1523.69,-496.8,891,3099.4,7720.52,8757.24,355.44,13.61,25,76.0,213.75,10,False
C_3plus1,3,1,PathSessionA50G6_0,600.0,19577.17,20193.13,19577.17,1.3623,74.07,1523.69,-496.8,891,3099.4,7720.52,8757.24,355.44,13.61,25,76.0,213.75,10,False
C_3plus1,3,1,PathSessionA50G6_0,9999.0,19577.17,20193.13,19577.17,1.3623,74.07,1523.69,-496.8,891,3099.4,7720.52,8757.24,355.44,13.61,25,76.0,213.75,10,False
D_3plus3,3,3,ExpansionOnly:LongFailureRetestQuality,450.0,19560.61,20181.07,19560.61,1.351,77.78,1127.32,-611.86,906,3165.28,7922.45,8472.88,134.06,0.34,34,67.65,403.5,8,False
D_3plus3,3,3,ExpansionOnly:LongFailureRetestQuality,600.0,19560.61,20181.07,19560.61,1.351,77.78,1127.32,-611.86,906,3165.28,7922.45,8472.88,134.06,0.34,34,67.65,403.5,8,False
D_3plus3,3,3,ExpansionOnly:LongFailureRetestQuality,9999.0,19560.61,20181.07,19560.61,1.351,77.78,1127.32,-611.86,906,3165.28,7922.45,8472.88,134.06,0.34,34,67.65,403.5,8,False
D_3plus3,3,3,PathQualityA50G1_0,450.0,19555.93,21559.98,19555.93,1.3,74.07,1562.31,-1018.35,996,3691.17,6245.62,9619.13,1834.08,8.23,157,80.25,309.75,16,False
D_3plus3,3,3,PathQualityA50G1_0,600.0,19555.93,21559.98,19555.93,1.3,74.07,1562.31,-1018.35,996,3691.17,6245.62,9619.13,1834.08,8.23,157,80.25,309.75,16,False
D_3plus3,3,3,PathQualityA50G1_0,9999.0,19555.93,21559.98,19555.93,1.3,74.07,1562.31,-1018.35,996,3691.17,6245.62,9619.13,1834.08,8.23,157,80.25,309.75,16,False
C_3plus1,3,1,PathSessionA20G4_0,300.0,19540.76,20299.26,19540.76,1.3534,77.78,1494.59,-499.08,946,3123.33,7534.09,8883.34,470.07,4.6,82,71.95,213.75,10,False
C_3plus1,3,1,PathSessionA20G4_0,450.0,19540.76,20299.26,19540.76,1.3534,77.78,1494.59,-499.08,946,3123.33,7534.09,8883.34,470.07,4.6,82,71.95,213.75,10,False
C_3plus1,3,1,PathSessionA20G4_0,600.0,19540.76,20299.26,19540.76,1.3534,77.78,1494.59,-499.08,946,3123.33,7534.09,8883.34,470.07,4.6,82,71.95,213.75,10,False
C_3plus1,3,1,PathSessionA20G4_0,9999.0,19540.76,20299.26,19540.76,1.3534,77.78,1494.59,-499.08,946,3123.33,7534.09,8883.34,470.07,4.6,82,71.95,213.75,10,False
C_3plus1,3,1,PathA10G2_0,300.0,19538.69,20485.14,19538.69,1.347,74.07,1494.59,-714.69,973,2856.66,7353.15,9328.88,685.11,5.09,111,81.98,213.75,10,False
C_3plus1,3,1,PathA10G2_0,450.0,19538.69,20485.14,19538.69,1.347,74.07,1494.59,-714.69,973,2856.66,7353.15,9328.88,685.11,5.09,111,81.98,213.75,10,False
C_3plus1,3,1,PathA10G2_0,600.0,19538.69,20485.14,19538.69,1.347,74.07,1494.59,-714.69,973,2856.66,7353.15,9328.88,685.11,5.09,111,81.98,213.75,10,False
C_3plus1,3,1,PathA10G2_0,9999.0,19538.69,20485.14,19538.69,1.347,74.07,1494.59,-714.69,973,2856.66,7353.15,9328.88,685.11,5.09,111,81.98,213.75,10,False
C_3plus1,3,1,PathRiskA10G1_0,300.0,19528.79,20512.9,19528.79,1.3475,74.07,1499.65,-663.93,980,3100.08,7473.07,8955.64,623.43,4.04,121,82.64,209.5,11,False
C_3plus1,3,1,PathRiskA10G1_0,450.0,19528.79,20512.9,19528.79,1.3475,74.07,1499.65,-663.93,980,3100.08,7473.07,8955.64,623.43,4.04,121,82.64,209.5,11,False
C_3plus1,3,1,PathRiskA10G1_0,600.0,19528.79,20512.9,19528.79,1.3475,74.07,1499.65,-663.93,980,3100.08,7473.07,8955.64,623.43,4.04,121,82.64,209.5,11,False
C_3plus1,3,1,PathRiskA10G1_0,9999.0,19528.79,20512.9,19528.79,1.3475,74.07,1499.65,-663.93,980,3100.08,7473.07,8955.64,623.43,4.04,121,82.64,209.5,11,False
D_3plus3,3,3,PathA50G2_0,450.0,19528.31,21814.32,19528.31,1.314,66.67,1648.75,-683.5,949,2547.61,6063.62,10917.08,1558.56,12.47,99,81.82,309.75,16,False
D_3plus3,3,3,PathA50G2_0,600.0,19528.31,21814.32,19528.31,1.314,66.67,1648.75,-683.5,949,2547.61,6063.62,10917.08,1558.56,12.47,99,81.82,309.75,16,False
D_3plus3,3,3,PathA50G2_0,9999.0,19528.31,21814.32,19528.31,1.314,66.67,1648.75,-683.5,949,2547.61,6063.62,10917.08,1558.56,12.47,99,81.82,309.75,16,False
C_3plus1,3,1,PathRiskA10G4_0,300.0,19518.3,20518.03,19518.3,1.3499,74.07,1474.3,-661.82,950,2977.43,7426.74,9114.13,762.2,7.36,91,87.91,209.5,11,False
C_3plus1,3,1,PathRiskA10G4_0,450.0,19518.3,20518.03,19518.3,1.3499,74.07,1474.3,-661.82,950,2977.43,7426.74,9114.13,762.2,7.36,91,87.91,209.5,11,False
C_3plus1,3,1,PathRiskA10G4_0,600.0,19518.3,20518.03,19518.3,1.3499,74.07,1474.3,-661.82,950,2977.43,7426.74,9114.13,762.2,7.36,91,87.91,209.5,11,False
C_3plus1,3,1,PathRiskA10G4_0,9999.0,19518.3,20518.03,19518.3,1.3499,74.07,1474.3,-661.82,950,2977.43,7426.74,9114.13,762.2,7.36,91,87.91,209.5,11,False
D_3plus3,3,3,PathA10G6_0,450.0,19502.99,21587.03,19502.99,1.3263,66.67,1642.46,-569.01,914,2570.39,6257.56,10675.03,1512.23,22.03,61,80.33,309.75,14,False
D_3plus3,3,3,PathA10G6_0,600.0,19502.99,21587.03,19502.99,1.3263,66.67,1642.46,-569.01,914,2570.39,6257.56,10675.03,1512.23,22.03,61,80.33,309.75,14,False
D_3plus3,3,3,PathA10G6_0,9999.0,19502.99,21587.03,19502.99,1.3263,66.67,1642.46,-569.01,914,2570.39,6257.56,10675.03,1512.23,22.03,61,80.33,309.75,14,False
C_3plus1,3,1,ExpansionOnly:LongFailureRetestQuality,300.0,19502.25,19803.63,19502.25,1.36,74.07,1185.46,-516.14,905,3016.81,7915.42,8570.02,44.69,0.11,34,67.65,197.25,9,False
C_3plus1,3,1,ExpansionOnly:LongFailureRetestQuality,450.0,19502.25,19803.63,19502.25,1.36,74.07,1185.46,-516.14,905,3016.81,7915.42,8570.02,44.69,0.11,34,67.65,197.25,9,False
C_3plus1,3,1,ExpansionOnly:LongFailureRetestQuality,600.0,19502.25,19803.63,19502.25,1.36,74.07,1185.46,-516.14,905,3016.81,7915.42,8570.02,44.69,0.11,34,67.65,197.25,9,False
C_3plus1,3,1,ExpansionOnly:LongFailureRetestQuality,9999.0,19502.25,19803.63,19502.25,1.36,74.07,1185.46,-516.14,905,3016.81,7915.42,8570.02,44.69,0.11,34,67.65,197.25,9,False
C_3plus1,3,1,PathQualityA10G0_0,300.0,19500.03,20749.34,19500.03,1.3356,74.07,1494.19,-732.78,1055,3117.93,7210.37,9171.74,481.44,1.28,196,79.59,213.75,12,False
C_3plus1,3,1,PathQualityA10G0_0,450.0,19500.03,20749.34,19500.03,1.3356,74.07,1494.19,-732.78,1055,3117.93,7210.37,9171.74,481.44,1.28,196,79.59,213.75,12,False
C_3plus1,3,1,PathQualityA10G0_0,600.0,19500.03,20749.34,19500.03,1.3356,74.07,1494.19,-732.78,1055,3117.93,7210.37,9171.74,481.44,1.28,196,79.59,213.75,12,False
C_3plus1,3,1,PathQualityA10G0_0,9999.0,19500.03,20749.34,19500.03,1.3356,74.07,1494.19,-732.78,1055,3117.93,7210.37,9171.74,481.44,1.28,196,79.59,213.75,12,False
C_3plus1,3,1,RR2,300.0,19494.18,19883.16,19494.18,1.3499,77.78,1034.75,-772.73,947,3070.34,7857.89,8565.96,194.85,1.18,83,86.75,213.75,11,False
C_3plus1,3,1,RR2,450.0,19494.18,19883.16,19494.18,1.3499,77.78,1034.75,-772.73,947,3070.34,7857.89,8565.96,194.85,1.18,83,86.75,213.75,11,False
C_3plus1,3,1,RR2,600.0,19494.18,19883.16,19494.18,1.3499,77.78,1034.75,-772.73,947,3070.34,7857.89,8565.96,194.85,1.18,83,86.75,213.75,11,False
C_3plus1,3,1,RR2,9999.0,19494.18,19883.16,19494.18,1.3499,77.78,1034.75,-772.73,947,3070.34,7857.89,8565.96,194.85,1.18,83,86.75,213.75,11,False
D_3plus3,3,3,PathSessionA20G6_0,450.0,19489.92,20301.47,19489.92,1.33,66.67,1642.46,-560.67,919,3177.14,7704.65,8608.13,902.23,12.23,58,74.14,304.5,13,False
D_3plus3,3,3,PathSessionA20G6_0,600.0,19489.92,20301.47,19489.92,1.33,66.67,1642.46,-560.67,919,3177.14,7704.65,8608.13,902.23,12.23,58,74.14,304.5,13,False
D_3plus3,3,3,PathSessionA20G6_0,9999.0,19489.92,20301.47,19489.92,1.33,66.67,1642.46,-560.67,919,3177.14,7704.65,8608.13,902.23,12.23,58,74.14,304.5,13,False
C_3plus1,3,1,PathRiskA10G2_0,300.0,19475.81,20508.54,19475.81,1.3473,74.07,1474.3,-663.93,962,3031.84,7400.2,9043.77,719.71,5.93,103,87.38,209.5,11,False
C_3plus1,3,1,PathRiskA10G2_0,450.0,19475.81,20508.54,19475.81,1.3473,74.07,1474.3,-663.93,962,3031.84,7400.2,9043.77,719.71,5.93,103,87.38,209.5,11,False
C_3plus1,3,1,PathRiskA10G2_0,600.0,19475.81,20508.54,19475.81,1.3473,74.07,1474.3,-663.93,962,3031.84,7400.2,9043.77,719.71,5.93,103,87.38,209.5,11,False
C_3plus1,3,1,PathRiskA10G2_0,9999.0,19475.81,20508.54,19475.81,1.3473,74.07,1474.3,-663.93,962,3031.84,7400.2,9043.77,719.71,5.93,103,87.38,209.5,11,False
C_3plus1,3,1,PathQualityA20G2_0,300.0,19475.34,20376.09,19475.34,1.3421,74.07,1494.19,-534.76,1004,2876.13,7328.2,9271.02,464.89,2.1,143,77.62,213.75,13,False
C_3plus1,3,1,PathQualityA20G2_0,450.0,19475.34,20376.09,19475.34,1.3421,74.07,1494.19,-534.76,1004,2876.13,7328.2,9271.02,464.89,2.1,143,77.62,213.75,13,False
C_3plus1,3,1,PathQualityA20G2_0,600.0,19475.34,20376.09,19475.34,1.3421,74.07,1494.19,-534.76,1004,2876.13,7328.2,9271.02,464.89,2.1,143,77.62,213.75,13,False
C_3plus1,3,1,PathQualityA20G2_0,9999.0,19475.34,20376.09,19475.34,1.3421,74.07,1494.19,-534.76,1004,2876.13,7328.2,9271.02,464.89,2.1,143,77.62,213.75,13,False
C_3plus1,3,1,PathRiskA20G2_0,300.0,19471.17,20470.36,19471.17,1.3475,74.07,1474.3,-663.93,960,3031.84,7371.66,9067.68,715.07,6.02,101,88.12,209.5,11,False
C_3plus1,3,1,PathRiskA20G2_0,450.0,19471.17,20470.36,19471.17,1.3475,74.07,1474.3,-663.93,960,3031.84,7371.66,9067.68,715.07,6.02,101,88.12,209.5,11,False
C_3plus1,3,1,PathRiskA20G2_0,600.0,19471.17,20470.36,19471.17,1.3475,74.07,1474.3,-663.93,960,3031.84,7371.66,9067.68,715.07,6.02,101,88.12,209.5,11,False
C_3plus1,3,1,PathRiskA20G2_0,9999.0,19471.17,20470.36,19471.17,1.3475,74.07,1474.3,-663.93,960,3031.84,7371.66,9067.68,715.07,6.02,101,88.12,209.5,11,False
C_3plus1,3,1,PathQualityA50G6_0,300.0,19467.93,20106.13,19467.93,1.3554,77.78,1523.69,-489.98,908,3173.12,7362.95,8931.86,458.96,9.73,44,75.0,213.75,10,False
C_3plus1,3,1,PathQualityA50G6_0,450.0,19467.93,20106.13,19467.93,1.3554,77.78,1523.69,-489.98,908,3173.12,7362.95,8931.86,458.96,9.73,44,75.0,213.75,10,False
C_3plus1,3,1,PathQualityA50G6_0,600.0,19467.93,20106.13,19467.93,1.3554,77.78,1523.69,-489.98,908,3173.12,7362.95,8931.86,458.96,9.73,44,75.0,213.75,10,False
C_3plus1,3,1,PathQualityA50G6_0,9999.0,19467.93,20106.13,19467.93,1.3554,77.78,1523.69,-489.98,908,3173.12,7362.95,8931.86,458.96,9.73,44,75.0,213.75,10,False
D_3plus3,3,3,PathQualityA20G6_0,450.0,19467.51,21633.06,19467.51,1.3281,70.37,1599.1,-533.38,913,3088.73,6117.3,10261.48,1679.96,28.71,54,77.78,309.75,13,False
D_3plus3,3,3,PathQualityA20G6_0,600.0,19467.51,21633.06,19467.51,1.3281,70.37,1599.1,-533.38,913,3088.73,6117.3,10261.48,1679.96,28.71,54,77.78,309.75,13,False
D_3plus3,3,3,PathQualityA20G6_0,9999.0,19467.51,21633.06,19467.51,1.3281,70.37,1599.1,-533.38,913,3088.73,6117.3,10261.48,1679.96,28.71,54,77.78,309.75,13,False
D_3plus3,3,3,PathQualityA50G4_0,300.0,19466.73,21336.83,19466.73,1.3294,70.37,1602.3,-533.38,912,3161.69,6114.1,10190.94,1636.16,27.86,54,77.78,294.75,13,False
C_3plus1,3,1,PathRiskA50G2_0,300.0,19454.71,20495.54,19454.71,1.3481,74.07,1474.3,-661.82,952,3031.84,7385.65,9037.23,698.62,6.48,93,87.1,209.5,11,False
C_3plus1,3,1,PathRiskA50G2_0,450.0,19454.71,20495.54,19454.71,1.3481,74.07,1474.3,-661.82,952,3031.84,7385.65,9037.23,698.62,6.48,93,87.1,209.5,11,False
C_3plus1,3,1,PathRiskA50G2_0,600.0,19454.71,20495.54,19454.71,1.3481,74.07,1474.3,-661.82,952,3031.84,7385.65,9037.23,698.62,6.48,93,87.1,209.5,11,False
C_3plus1,3,1,PathRiskA50G2_0,9999.0,19454.71,20495.54,19454.71,1.3481,74.07,1474.3,-661.82,952,3031.84,7385.65,9037.23,698.62,6.48,93,87.1,209.5,11,False
C_3plus1,3,1,PathRiskA20G1_0,300.0,19453.73,20437.84,19453.73,1.3451,74.07,1499.65,-663.93,984,3025.02,7473.07,8955.64,548.37,3.26,125,83.2,209.5,11,False
C_3plus1,3,1,PathRiskA20G1_0,450.0,19453.73,20437.84,19453.73,1.3451,74.07,1499.65,-663.93,984,3025.02,7473.07,8955.64,548.37,3.26,125,83.2,209.5,11,False
C_3plus1,3,1,PathRiskA20G1_0,600.0,19453.73,20437.84,19453.73,1.3451,74.07,1499.65,-663.93,984,3025.02,7473.07,8955.64,548.37,3.26,125,83.2,209.5,11,False
C_3plus1,3,1,PathRiskA20G1_0,9999.0,19453.73,20437.84,19453.73,1.3451,74.07,1499.65,-663.93,984,3025.02,7473.07,8955.64,548.37,3.26,125,83.2,209.5,11,False
C_3plus1,3,1,PathQualityA10G1_0,300.0,19444.0,20410.43,19444.0,1.3392,74.07,1494.19,-534.76,1019,2967.01,7305.25,9171.74,433.55,1.58,158,78.48,213.75,13,False
C_3plus1,3,1,PathQualityA10G1_0,450.0,19444.0,20410.43,19444.0,1.3392,74.07,1494.19,-534.76,1019,2967.01,7305.25,9171.74,433.55,1.58,158,78.48,213.75,13,False
C_3plus1,3,1,PathQualityA10G1_0,600.0,19444.0,20410.43,19444.0,1.3392,74.07,1494.19,-534.76,1019,2967.01,7305.25,9171.74,433.55,1.58,158,78.48,213.75,13,False
C_3plus1,3,1,PathQualityA10G1_0,9999.0,19444.0,20410.43,19444.0,1.3392,74.07,1494.19,-534.76,1019,2967.01,7305.25,9171.74,433.55,1.58,158,78.48,213.75,13,False
C_3plus1,3,1,PathQualityA20G1_0,300.0,19444.0,20405.34,19444.0,1.3392,74.07,1494.19,-534.76,1019,2967.01,7305.25,9171.74,433.55,1.58,158,78.48,213.75,13,False
C_3plus1,3,1,PathQualityA20G1_0,450.0,19444.0,20405.34,19444.0,1.3392,74.07,1494.19,-534.76,1019,2967.01,7305.25,9171.74,433.55,1.58,158,78.48,213.75,13,False
C_3plus1,3,1,PathQualityA20G1_0,600.0,19444.0,20405.34,19444.0,1.3392,74.07,1494.19,-534.76,1019,2967.01,7305.25,9171.74,433.55,1.58,158,78.48,213.75,13,False
C_3plus1,3,1,PathQualityA20G1_0,9999.0,19444.0,20405.34,19444.0,1.3392,74.07,1494.19,-534.76,1019,2967.01,7305.25,9171.74,433.55,1.58,158,78.48,213.75,13,False
D_3plus3,3,3,ExpansionOnly:LongFailureRetestQuality+LongFailureObservationLowRR,450.0,19443.48,19828.53,19443.48,1.3274,74.07,1127.32,-496.8,966,3173.05,8144.7,8125.73,905.25,5.54,99,32.32,403.5,10,False
D_3plus3,3,3,ExpansionOnly:LongFailureRetestQuality+LongFailureObservationLowRR,600.0,19443.48,19828.53,19443.48,1.3274,74.07,1127.32,-496.8,966,3173.05,8144.7,8125.73,905.25,5.54,99,32.32,403.5,10,False
D_3plus3,3,3,ExpansionOnly:LongFailureRetestQuality+LongFailureObservationLowRR,9999.0,19443.48,19828.53,19443.48,1.3274,74.07,1127.32,-496.8,966,3173.05,8144.7,8125.73,905.25,5.54,99,32.32,403.5,10,False
D_3plus3,3,3,RR2,450.0,19442.09,19548.14,19442.09,1.3243,77.78,1342.86,-967.27,936,3166.53,7750.5,8525.05,584.56,3.53,83,86.75,309.75,13,False
D_3plus3,3,3,RR2,600.0,19442.09,19548.14,19442.09,1.3243,77.78,1342.86,-967.27,936,3166.53,7750.5,8525.05,584.56,3.53,83,86.75,309.75,13,False
D_3plus3,3,3,RR2,9999.0,19442.09,19548.14,19442.09,1.3243,77.78,1342.86,-967.27,936,3166.53,7750.5,8525.05,584.56,3.53,83,86.75,309.75,13,False
C_3plus1,3,1,PathQualityA50G2_0,300.0,19428.64,20240.8,19428.64,1.3455,74.07,1540.29,-493.18,976,2877.04,7397.52,9154.08,409.94,2.43,115,78.26,213.75,12,False
C_3plus1,3,1,PathQualityA50G2_0,450.0,19428.64,20240.8,19428.64,1.3455,74.07,1540.29,-493.18,976,2877.04,7397.52,9154.08,409.94,2.43,115,78.26,213.75,12,False
C_3plus1,3,1,PathQualityA50G2_0,600.0,19428.64,20240.8,19428.64,1.3455,74.07,1540.29,-493.18,976,2877.04,7397.52,9154.08,409.94,2.43,115,78.26,213.75,12,False
C_3plus1,3,1,PathQualityA50G2_0,9999.0,19428.64,20240.8,19428.64,1.3455,74.07,1540.29,-493.18,976,2877.04,7397.52,9154.08,409.94,2.43,115,78.26,213.75,12,False
D_3plus3,3,3,ExpansionOnly:LongFailureRetestQuality,300.0,19422.48,20042.95,19422.48,1.3481,77.78,1127.32,-611.86,904,3090.97,7922.45,8409.07,-4.06,-3.73,32,65.62,279.0,8,False
D_3plus3,3,3,PathA20G2_0,300.0,19416.8,21478.39,19416.8,1.3103,66.67,1760.39,-683.5,954,2361.23,6552.12,10503.45,1930.04,14.78,107,81.31,294.75,17,False
C_3plus1,3,1,PathSessionA50G4_0,300.0,19403.64,20175.06,19403.64,1.3534,74.07,1494.59,-499.08,924,3098.55,7513.85,8791.25,332.95,4.44,60,75.0,213.75,10,False
C_3plus1,3,1,PathSessionA50G4_0,450.0,19403.64,20175.06,19403.64,1.3534,74.07,1494.59,-499.08,924,3098.55,7513.85,8791.25,332.95,4.44,60,75.0,213.75,10,False
C_3plus1,3,1,PathSessionA50G4_0,600.0,19403.64,20175.06,19403.64,1.3534,74.07,1494.59,-499.08,924,3098.55,7513.85,8791.25,332.95,4.44,60,75.0,213.75,10,False
C_3plus1,3,1,PathSessionA50G4_0,9999.0,19403.64,20175.06,19403.64,1.3534,74.07,1494.59,-499.08,924,3098.55,7513.85,8791.25,332.95,4.44,60,75.0,213.75,10,False
D_3plus3,3,3,RR2,300.0,19396.39,19502.44,19396.39,1.3235,77.78,1342.86,-967.27,936,3166.53,7526.08,8703.77,538.87,2.97,83,86.75,294.75,13,False
C_3plus1,3,1,PathSessionA20G0_0,300.0,19382.12,20859.88,19382.12,1.3309,81.48,1502.93,-691.8,1094,2818.99,7010.8,9552.33,1262.65,4.11,241,78.84,213.75,12,False
C_3plus1,3,1,PathSessionA20G0_0,450.0,19382.12,20859.88,19382.12,1.3309,81.48,1502.93,-691.8,1094,2818.99,7010.8,9552.33,1262.65,4.11,241,78.84,213.75,12,False
C_3plus1,3,1,PathSessionA20G0_0,600.0,19382.12,20859.88,19382.12,1.3309,81.48,1502.93,-691.8,1094,2818.99,7010.8,9552.33,1262.65,4.11,241,78.84,213.75,12,False
C_3plus1,3,1,PathSessionA20G0_0,9999.0,19382.12,20859.88,19382.12,1.3309,81.48,1502.93,-691.8,1094,2818.99,7010.8,9552.33,1262.65,4.11,241,78.84,213.75,12,False
D_3plus3,3,3,PathSessionA50G1_0,300.0,19381.69,22341.58,19381.69,1.2811,77.78,1433.94,-1130.12,1052,2580.1,6244.2,10557.4,2330.24,7.14,220,78.64,294.75,14,False
D_3plus3,3,3,PathSessionA50G1_0,450.0,19381.69,22565.99,19381.69,1.2811,77.78,1433.94,-1130.12,1052,2580.1,6244.2,10557.4,2330.24,7.14,220,78.64,294.75,14,False
D_3plus3,3,3,PathSessionA50G1_0,600.0,19381.69,22565.99,19381.69,1.2811,77.78,1433.94,-1130.12,1052,2580.1,6244.2,10557.4,2330.24,7.14,220,78.64,294.75,14,False
D_3plus3,3,3,PathSessionA50G1_0,9999.0,19381.69,22565.99,19381.69,1.2811,77.78,1433.94,-1130.12,1052,2580.1,6244.2,10557.4,2330.24,7.14,220,78.64,294.75,14,False
D_3plus3,3,3,ExpansionOnly:LongFailureRetestQuality+LongFailureObservationLowRR,300.0,19379.66,19764.72,19379.66,1.3261,74.07,1127.32,-496.8,965,3173.05,8144.7,8061.92,841.44,4.99,98,31.63,270.0,10,False
C_3plus1,3,1,PathRiskA50G1_0,300.0,19372.95,20334.74,19372.95,1.3436,74.07,1474.3,-663.93,981,3017.11,7400.2,8955.64,467.59,2.7,122,85.25,209.5,11,False
C_3plus1,3,1,PathRiskA50G1_0,450.0,19372.95,20334.74,19372.95,1.3436,74.07,1474.3,-663.93,981,3017.11,7400.2,8955.64,467.59,2.7,122,85.25,209.5,11,False
C_3plus1,3,1,PathRiskA50G1_0,600.0,19372.95,20334.74,19372.95,1.3436,74.07,1474.3,-663.93,981,3017.11,7400.2,8955.64,467.59,2.7,122,85.25,209.5,11,False
C_3plus1,3,1,PathRiskA50G1_0,9999.0,19372.95,20334.74,19372.95,1.3436,74.07,1474.3,-663.93,981,3017.11,7400.2,8955.64,467.59,2.7,122,85.25,209.5,11,False
C_3plus1,3,1,PathSessionA20G6_0,300.0,19371.43,20137.17,19371.43,1.3529,74.07,1494.59,-499.08,922,3041.37,7553.96,8776.1,300.74,4.08,58,74.14,213.75,10,False
C_3plus1,3,1,PathSessionA20G6_0,450.0,19371.43,20137.17,19371.43,1.3529,74.07,1494.59,-499.08,922,3041.37,7553.96,8776.1,300.74,4.08,58,74.14,213.75,10,False
C_3plus1,3,1,PathSessionA20G6_0,600.0,19371.43,20137.17,19371.43,1.3529,74.07,1494.59,-499.08,922,3041.37,7553.96,8776.1,300.74,4.08,58,74.14,213.75,10,False
C_3plus1,3,1,PathSessionA20G6_0,9999.0,19371.43,20137.17,19371.43,1.3529,74.07,1494.59,-499.08,922,3041.37,7553.96,8776.1,300.74,4.08,58,74.14,213.75,10,False
C_3plus1,3,1,PathRiskA20G4_0,300.0,19368.44,20408.41,19368.44,1.3482,74.07,1494.59,-661.82,937,3062.68,7367.76,8938.0,644.39,7.51,76,89.47,209.5,11,False
C_3plus1,3,1,PathRiskA20G4_0,450.0,19368.44,20408.41,19368.44,1.3482,74.07,1494.59,-661.82,937,3062.68,7367.76,8938.0,644.39,7.51,76,89.47,209.5,11,False
C_3plus1,3,1,PathRiskA20G4_0,600.0,19368.44,20408.41,19368.44,1.3482,74.07,1494.59,-661.82,937,3062.68,7367.76,8938.0,644.39,7.51,76,89.47,209.5,11,False
C_3plus1,3,1,PathRiskA20G4_0,9999.0,19368.44,20408.41,19368.44,1.3482,74.07,1494.59,-661.82,937,3062.68,7367.76,8938.0,644.39,7.51,76,89.47,209.5,11,False
D_3plus3,3,3,PathSessionA50G4_0,300.0,19362.13,20190.71,19362.13,1.3253,66.67,1642.46,-560.67,922,3348.67,7359.89,8653.57,774.44,9.31,61,75.41,294.75,13,False
C_3plus1,3,1,PathSessionA50G1_0,300.0,19357.05,20522.4,19357.05,1.3313,85.19,1129.55,-691.8,1079,2563.0,7387.61,9406.44,955.33,3.14,223,78.92,213.75,11,False
C_3plus1,3,1,PathSessionA50G1_0,450.0,19357.05,20522.4,19357.05,1.3313,85.19,1129.55,-691.8,1079,2563.0,7387.61,9406.44,955.33,3.14,223,78.92,213.75,11,False
C_3plus1,3,1,PathSessionA50G1_0,600.0,19357.05,20522.4,19357.05,1.3313,85.19,1129.55,-691.8,1079,2563.0,7387.61,9406.44,955.33,3.14,223,78.92,213.75,11,False
C_3plus1,3,1,PathSessionA50G1_0,9999.0,19357.05,20522.4,19357.05,1.3313,85.19,1129.55,-691.8,1079,2563.0,7387.61,9406.44,955.33,3.14,223,78.92,213.75,11,False
C_3plus1,3,1,ExpansionOnly:LongFailureRetestQuality+LongFailureObservationLowRR,300.0,19349.58,19508.27,19349.58,1.3473,74.07,1185.46,-496.8,972,2789.77,7994.24,8565.57,252.02,1.32,100,33.0,198.0,8,False
C_3plus1,3,1,ExpansionOnly:LongFailureRetestQuality+LongFailureObservationLowRR,450.0,19349.58,19508.27,19349.58,1.3473,74.07,1185.46,-496.8,972,2789.77,7994.24,8565.57,252.02,1.32,100,33.0,198.0,8,False
C_3plus1,3,1,ExpansionOnly:LongFailureRetestQuality+LongFailureObservationLowRR,600.0,19349.58,19508.27,19349.58,1.3473,74.07,1185.46,-496.8,972,2789.77,7994.24,8565.57,252.02,1.32,100,33.0,198.0,8,False
C_3plus1,3,1,ExpansionOnly:LongFailureRetestQuality+LongFailureObservationLowRR,9999.0,19349.58,19508.27,19349.58,1.3473,74.07,1185.46,-496.8,972,2789.77,7994.24,8565.57,252.02,1.32,100,33.0,198.0,8,False
C_3plus1,3,1,PathQualityA10G2_0,300.0,19327.91,20313.54,19327.91,1.3382,74.07,1494.19,-534.76,1007,2827.98,7279.32,9220.61,317.46,1.0,146,76.71,213.75,13,False
C_3plus1,3,1,PathQualityA10G2_0,450.0,19327.91,20313.54,19327.91,1.3382,74.07,1494.19,-534.76,1007,2827.98,7279.32,9220.61,317.46,1.0,146,76.71,213.75,13,False
C_3plus1,3,1,PathQualityA10G2_0,600.0,19327.91,20313.54,19327.91,1.3382,74.07,1494.19,-534.76,1007,2827.98,7279.32,9220.61,317.46,1.0,146,76.71,213.75,13,False
C_3plus1,3,1,PathQualityA10G2_0,9999.0,19327.91,20313.54,19327.91,1.3382,74.07,1494.19,-534.76,1007,2827.98,7279.32,9220.61,317.46,1.0,146,76.71,213.75,13,False
C_3plus1,3,1,PathSessionA50G0_0,300.0,19309.13,20785.98,19309.13,1.3286,81.48,1502.93,-692.87,1099,2806.4,7010.8,9491.92,1189.66,3.7,246,78.46,213.75,12,False
C_3plus1,3,1,PathSessionA50G0_0,450.0,19309.13,20785.98,19309.13,1.3286,81.48,1502.93,-692.87,1099,2806.4,7010.8,9491.92,1189.66,3.7,246,78.46,213.75,12,False
C_3plus1,3,1,PathSessionA50G0_0,600.0,19309.13,20785.98,19309.13,1.3286,81.48,1502.93,-692.87,1099,2806.4,7010.8,9491.92,1189.66,3.7,246,78.46,213.75,12,False
C_3plus1,3,1,PathSessionA50G0_0,9999.0,19309.13,20785.98,19309.13,1.3286,81.48,1502.93,-692.87,1099,2806.4,7010.8,9491.92,1189.66,3.7,246,78.46,213.75,12,False
D_3plus3,3,3,PathA10G4_0,300.0,19290.22,21295.58,19290.22,1.3149,74.07,1642.46,-656.18,935,2751.33,5955.12,10583.76,1512.22,15.07,83,78.31,294.75,15,False
D_3plus3,3,3,PathQualityA50G4_0,450.0,19288.01,21382.52,19288.01,1.3242,70.37,1602.3,-533.38,913,3161.69,6114.1,10012.22,1457.44,23.9,55,78.18,309.75,13,False
D_3plus3,3,3,PathQualityA50G4_0,600.0,19288.01,21382.52,19288.01,1.3242,70.37,1602.3,-533.38,913,3161.69,6114.1,10012.22,1457.44,23.9,55,78.18,309.75,13,False
D_3plus3,3,3,PathQualityA50G4_0,9999.0,19288.01,21382.52,19288.01,1.3242,70.37,1602.3,-533.38,913,3161.69,6114.1,10012.22,1457.44,23.9,55,78.18,309.75,13,False
C_3plus1,3,1,PathSessionA50G2_0,300.0,19272.44,19966.59,19272.44,1.3364,81.48,1143.16,-671.38,1024,2942.12,7355.11,8975.21,731.45,3.32,164,79.27,213.75,12,False
C_3plus1,3,1,PathSessionA50G2_0,450.0,19272.44,19966.59,19272.44,1.3364,81.48,1143.16,-671.38,1024,2942.12,7355.11,8975.21,731.45,3.32,164,79.27,213.75,12,False
C_3plus1,3,1,PathSessionA50G2_0,600.0,19272.44,19966.59,19272.44,1.3364,81.48,1143.16,-671.38,1024,2942.12,7355.11,8975.21,731.45,3.32,164,79.27,213.75,12,False
C_3plus1,3,1,PathSessionA50G2_0,9999.0,19272.44,19966.59,19272.44,1.3364,81.48,1143.16,-671.38,1024,2942.12,7355.11,8975.21,731.45,3.32,164,79.27,213.75,12,False
D_3plus3,3,3,PathSessionA20G6_0,300.0,19265.5,20077.05,19265.5,1.3239,66.67,1642.46,-560.67,920,3177.14,7480.23,8608.13,677.81,8.09,59,74.58,294.75,13,False
C_3plus1,3,1,PathA10G1_0,300.0,19247.83,20373.6,19247.83,1.3359,74.07,1494.59,-714.69,1001,2565.79,7353.15,9328.88,534.75,2.65,141,82.98,213.75,11,False
C_3plus1,3,1,PathA10G1_0,450.0,19247.83,20373.6,19247.83,1.3359,74.07,1494.59,-714.69,1001,2565.79,7353.15,9328.88,534.75,2.65,141,82.98,213.75,11,False
C_3plus1,3,1,PathA10G1_0,600.0,19247.83,20373.6,19247.83,1.3359,74.07,1494.59,-714.69,1001,2565.79,7353.15,9328.88,534.75,2.65,141,82.98,213.75,11,False
C_3plus1,3,1,PathA10G1_0,9999.0,19247.83,20373.6,19247.83,1.3359,74.07,1494.59,-714.69,1001,2565.79,7353.15,9328.88,534.75,2.65,141,82.98,213.75,11,False
C_3plus1,3,1,PathA20G1_0,300.0,19247.83,20373.6,19247.83,1.3359,74.07,1494.59,-714.69,1001,2565.79,7353.15,9328.88,534.75,2.65,141,82.98,213.75,11,False
C_3plus1,3,1,PathA20G1_0,450.0,19247.83,20373.6,19247.83,1.3359,74.07,1494.59,-714.69,1001,2565.79,7353.15,9328.88,534.75,2.65,141,82.98,213.75,11,False
C_3plus1,3,1,PathA20G1_0,600.0,19247.83,20373.6,19247.83,1.3359,74.07,1494.59,-714.69,1001,2565.79,7353.15,9328.88,534.75,2.65,141,82.98,213.75,11,False
C_3plus1,3,1,PathA20G1_0,9999.0,19247.83,20373.6,19247.83,1.3359,74.07,1494.59,-714.69,1001,2565.79,7353.15,9328.88,534.75,2.65,141,82.98,213.75,11,False
C_3plus1,3,1,PathA50G1_0,300.0,19242.64,20368.42,19242.64,1.3357,74.07,1494.59,-714.69,1002,2560.61,7353.15,9328.88,529.57,2.58,142,82.39,213.75,11,False
C_3plus1,3,1,PathA50G1_0,450.0,19242.64,20368.42,19242.64,1.3357,74.07,1494.59,-714.69,1002,2560.61,7353.15,9328.88,529.57,2.58,142,82.39,213.75,11,False
C_3plus1,3,1,PathA50G1_0,600.0,19242.64,20368.42,19242.64,1.3357,74.07,1494.59,-714.69,1002,2560.61,7353.15,9328.88,529.57,2.58,142,82.39,213.75,11,False
C_3plus1,3,1,PathA50G1_0,9999.0,19242.64,20368.42,19242.64,1.3357,74.07,1494.59,-714.69,1002,2560.61,7353.15,9328.88,529.57,2.58,142,82.39,213.75,11,False
D_3plus3,3,3,PathSessionA10G0_0,300.0,19241.06,23010.35,19241.06,1.2755,74.07,1667.49,-1130.12,1062,2445.29,5740.98,11054.79,2471.86,7.15,233,78.54,294.75,15,False
D_3plus3,3,3,PathSessionA10G0_0,450.0,19241.06,23234.77,19241.06,1.2755,74.07,1667.49,-1130.12,1062,2445.29,5740.98,11054.79,2471.86,7.15,233,78.54,294.75,15,False
D_3plus3,3,3,PathSessionA10G0_0,600.0,19241.06,23234.77,19241.06,1.2755,74.07,1667.49,-1130.12,1062,2445.29,5740.98,11054.79,2471.86,7.15,233,78.54,294.75,15,False
D_3plus3,3,3,PathSessionA10G0_0,9999.0,19241.06,23234.77,19241.06,1.2755,74.07,1667.49,-1130.12,1062,2445.29,5740.98,11054.79,2471.86,7.15,233,78.54,294.75,15,False
D_3plus3,3,3,PathA20G2_0,450.0,19238.08,21524.08,19238.08,1.3054,66.67,1760.39,-683.5,955,2361.23,6552.12,10324.73,1751.32,12.92,108,81.48,309.75,17,False
D_3plus3,3,3,PathA20G2_0,600.0,19238.08,21524.08,19238.08,1.3054,66.67,1760.39,-683.5,955,2361.23,6552.12,10324.73,1751.32,12.92,108,81.48,309.75,17,False
D_3plus3,3,3,PathA20G2_0,9999.0,19238.08,21524.08,19238.08,1.3054,66.67,1760.39,-683.5,955,2361.23,6552.12,10324.73,1751.32,12.92,108,81.48,309.75,17,False
A_3x1,3,0,All,9999.0,19221.73,19720.78,19221.73,1.3603,74.07,1485.98,-496.8,867,2973.49,7629.66,8618.59,0.0,0.0,0,0.0,180.0,10,False
C_3plus1,3,1,SQ60,300.0,19207.77,19456.0,19207.77,1.3288,81.48,1463.47,-631.55,1058,3162.19,7164.7,8880.88,541.0,1.52,200,88.5,213.75,10,False
C_3plus1,3,1,SQ60,450.0,19207.77,19456.0,19207.77,1.3288,81.48,1463.47,-631.55,1058,3162.19,7164.7,8880.88,541.0,1.52,200,88.5,213.75,10,False
C_3plus1,3,1,SQ60,600.0,19207.77,19456.0,19207.77,1.3288,81.48,1463.47,-631.55,1058,3162.19,7164.7,8880.88,541.0,1.52,200,88.5,213.75,10,False
C_3plus1,3,1,SQ60,9999.0,19207.77,19456.0,19207.77,1.3288,81.48,1463.47,-631.55,1058,3162.19,7164.7,8880.88,541.0,1.52,200,88.5,213.75,10,False
D_3plus3,3,3,PathQualityA20G0_0,300.0,19198.51,22572.21,19198.51,1.2818,74.07,1666.46,-904.0,1033,2823.08,6521.92,9853.51,2317.84,8.11,200,78.0,294.75,16,False
D_3plus3,3,3,PathA20G6_0,300.0,19186.67,21046.29,19186.67,1.3203,66.67,1642.46,-569.01,914,2570.39,6257.56,10358.71,1254.17,19.63,56,78.57,294.75,14,False
D_3plus3,3,3,PathA50G4_0,300.0,19186.67,21046.29,19186.67,1.3203,66.67,1642.46,-569.01,914,2570.39,6257.56,10358.71,1254.17,19.63,56,78.57,294.75,14,False
D_3plus3,3,3,PathQualityA10G0_0,300.0,19162.53,21821.89,19162.53,1.2814,74.07,1666.46,-1058.53,1028,2787.1,6521.92,9853.51,1719.83,5.36,194,79.38,294.75,17,False
C_3plus1,3,1,PathA50G0_0,300.0,19132.14,20396.65,19132.14,1.3285,77.78,1502.93,-604.57,1042,2685.32,7183.36,9263.46,774.43,3.01,186,83.33,213.75,11,False
C_3plus1,3,1,PathA50G0_0,450.0,19132.14,20396.65,19132.14,1.3285,77.78,1502.93,-604.57,1042,2685.32,7183.36,9263.46,774.43,3.01,186,83.33,213.75,11,False
C_3plus1,3,1,PathA50G0_0,600.0,19132.14,20396.65,19132.14,1.3285,77.78,1502.93,-604.57,1042,2685.32,7183.36,9263.46,774.43,3.01,186,83.33,213.75,11,False
C_3plus1,3,1,PathA50G0_0,9999.0,19132.14,20396.65,19132.14,1.3285,77.78,1502.93,-604.57,1042,2685.32,7183.36,9263.46,774.43,3.01,186,83.33,213.75,11,False
C_3plus1,3,1,PathSessionA10G0_0,300.0,19122.01,20745.33,19122.01,1.3257,81.48,1502.93,-691.8,1089,2518.07,7031.71,9572.23,1002.54,3.1,236,78.81,213.75,12,False
C_3plus1,3,1,PathSessionA10G0_0,450.0,19122.01,20745.33,19122.01,1.3257,81.48,1502.93,-691.8,1089,2518.07,7031.71,9572.23,1002.54,3.1,236,78.81,213.75,12,False
C_3plus1,3,1,PathSessionA10G0_0,600.0,19122.01,20745.33,19122.01,1.3257,81.48,1502.93,-691.8,1089,2518.07,7031.71,9572.23,1002.54,3.1,236,78.81,213.75,12,False
C_3plus1,3,1,PathSessionA10G0_0,9999.0,19122.01,20745.33,19122.01,1.3257,81.48,1502.93,-691.8,1089,2518.07,7031.71,9572.23,1002.54,3.1,236,78.81,213.75,12,False
D_3plus3,3,3,ExpansionOnly:LongFailureObservationLowRR,300.0,19113.35,19709.6,19113.35,1.3313,77.78,1485.98,-496.8,937,2998.64,7843.27,8271.43,851.99,7.91,74,18.92,270.0,11,False
D_3plus3,3,3,ExpansionOnly:LongFailureObservationLowRR,450.0,19113.35,19709.6,19113.35,1.3313,77.78,1485.98,-496.8,937,2998.64,7843.27,8271.43,851.99,7.91,74,18.92,270.0,11,False
D_3plus3,3,3,ExpansionOnly:LongFailureObservationLowRR,600.0,19113.35,19709.6,19113.35,1.3313,77.78,1485.98,-496.8,937,2998.64,7843.27,8271.43,851.99,7.91,74,18.92,270.0,11,False
D_3plus3,3,3,ExpansionOnly:LongFailureObservationLowRR,9999.0,19113.35,19709.6,19113.35,1.3313,77.78,1485.98,-496.8,937,2998.64,7843.27,8271.43,851.99,7.91,74,18.92,270.0,11,False
D_3plus3,3,3,PathA10G4_0,450.0,19111.5,21341.27,19111.5,1.3099,74.07,1642.46,-656.18,936,2751.33,5955.12,10405.04,1333.5,12.66,84,78.57,309.75,15,False
D_3plus3,3,3,PathA10G4_0,600.0,19111.5,21341.27,19111.5,1.3099,74.07,1642.46,-656.18,936,2751.33,5955.12,10405.04,1333.5,12.66,84,78.57,309.75,15,False
D_3plus3,3,3,PathA10G4_0,9999.0,19111.5,21341.27,19111.5,1.3099,74.07,1642.46,-656.18,936,2751.33,5955.12,10405.04,1333.5,12.66,84,78.57,309.75,15,False
D_3plus3,3,3,PathA50G0_0,300.0,19100.56,21014.59,19100.56,1.2794,66.67,1667.49,-981.23,1023,2514.58,6278.81,10307.17,1983.94,7.3,184,83.15,294.75,16,False
D_3plus3,3,3,PathA20G4_0,300.0,19031.5,21054.91,19031.5,1.3125,66.67,1642.46,-569.01,922,2570.39,5877.34,10583.76,1253.5,14.83,70,78.57,294.75,15,False
D_3plus3,3,3,PathQualityA20G0_0,450.0,19019.79,22617.9,19019.79,1.2773,74.07,1666.46,-904.0,1034,2823.08,6521.92,9674.8,2139.12,7.15,201,78.11,309.75,16,False
D_3plus3,3,3,PathQualityA20G0_0,600.0,19019.79,22617.9,19019.79,1.2773,74.07,1666.46,-904.0,1034,2823.08,6521.92,9674.8,2139.12,7.15,201,78.11,309.75,16,False
D_3plus3,3,3,PathQualityA20G0_0,9999.0,19019.79,22617.9,19019.79,1.2773,74.07,1666.46,-904.0,1034,2823.08,6521.92,9674.8,2139.12,7.15,201,78.11,309.75,16,False
D_3plus3,3,3,PathA20G6_0,450.0,19007.95,21091.99,19007.95,1.3152,66.67,1642.46,-569.01,915,2570.39,6257.56,10179.99,1075.45,15.95,57,78.95,309.75,14,False
D_3plus3,3,3,PathA20G6_0,600.0,19007.95,21091.99,19007.95,1.3152,66.67,1642.46,-569.01,915,2570.39,6257.56,10179.99,1075.45,15.95,57,78.95,309.75,14,False
D_3plus3,3,3,PathA20G6_0,9999.0,19007.95,21091.99,19007.95,1.3152,66.67,1642.46,-569.01,915,2570.39,6257.56,10179.99,1075.45,15.95,57,78.95,309.75,14,False
D_3plus3,3,3,PathA50G4_0,450.0,19007.95,21091.99,19007.95,1.3152,66.67,1642.46,-569.01,915,2570.39,6257.56,10179.99,1075.45,15.95,57,78.95,309.75,14,False
D_3plus3,3,3,PathA50G4_0,600.0,19007.95,21091.99,19007.95,1.3152,66.67,1642.46,-569.01,915,2570.39,6257.56,10179.99,1075.45,15.95,57,78.95,309.75,14,False
D_3plus3,3,3,PathA50G4_0,9999.0,19007.95,21091.99,19007.95,1.3152,66.67,1642.46,-569.01,915,2570.39,6257.56,10179.99,1075.45,15.95,57,78.95,309.75,14,False
C_3plus1,3,1,PathQualityA20G0_0,300.0,19007.81,21163.43,19007.81,1.325,77.78,1494.19,-732.78,1059,2625.7,7210.37,9171.74,680.77,2.2,202,78.22,213.75,12,False
C_3plus1,3,1,PathQualityA20G0_0,450.0,19007.81,21163.43,19007.81,1.325,77.78,1494.19,-732.78,1059,2625.7,7210.37,9171.74,680.77,2.2,202,78.22,213.75,12,False
C_3plus1,3,1,PathQualityA20G0_0,600.0,19007.81,21163.43,19007.81,1.325,77.78,1494.19,-732.78,1059,2625.7,7210.37,9171.74,680.77,2.2,202,78.22,213.75,12,False
C_3plus1,3,1,PathQualityA20G0_0,9999.0,19007.81,21163.43,19007.81,1.325,77.78,1494.19,-732.78,1059,2625.7,7210.37,9171.74,680.77,2.2,202,78.22,213.75,12,False
D_3plus3,3,3,PathA10G2_0,300.0,18985.6,21380.23,18985.6,1.3006,66.67,1760.39,-780.5,955,2361.23,6120.93,10503.45,1715.96,12.44,109,81.65,294.75,17,False
D_3plus3,3,3,PathQualityA10G0_0,450.0,18983.81,21867.59,18983.81,1.2769,74.07,1666.46,-1058.53,1029,2787.1,6521.92,9674.8,1541.11,4.39,195,79.49,309.75,17,False
D_3plus3,3,3,PathQualityA10G0_0,600.0,18983.81,21867.59,18983.81,1.2769,74.07,1666.46,-1058.53,1029,2787.1,6521.92,9674.8,1541.11,4.39,195,79.49,309.75,17,False
D_3plus3,3,3,PathQualityA10G0_0,9999.0,18983.81,21867.59,18983.81,1.2769,74.07,1666.46,-1058.53,1029,2787.1,6521.92,9674.8,1541.11,4.39,195,79.49,309.75,17,False
D_3plus3,3,3,PathQualityA50G0_0,300.0,18977.07,22392.49,18977.07,1.276,74.07,1666.46,-984.1,1037,2710.58,6480.2,9786.3,2096.4,6.78,204,78.43,294.75,16,False
D_3plus3,3,3,PathQualityA20G2_0,300.0,18975.04,20485.52,18975.04,1.2943,70.37,1562.31,-856.03,980,2431.44,6392.24,10151.35,1670.19,8.42,141,77.3,294.75,17,False
C_3plus1,3,1,ExpansionOnly:LongFailureObservationLowRR,300.0,18956.58,19523.91,18956.58,1.3423,74.07,1485.98,-496.8,945,2636.84,7705.6,8614.14,234.27,1.92,75,20.0,198.0,9,False
C_3plus1,3,1,ExpansionOnly:LongFailureObservationLowRR,450.0,18956.58,19523.91,18956.58,1.3423,74.07,1485.98,-496.8,945,2636.84,7705.6,8614.14,234.27,1.92,75,20.0,198.0,9,False
C_3plus1,3,1,ExpansionOnly:LongFailureObservationLowRR,600.0,18956.58,19523.91,18956.58,1.3423,74.07,1485.98,-496.8,945,2636.84,7705.6,8614.14,234.27,1.92,75,20.0,198.0,9,False
C_3plus1,3,1,ExpansionOnly:LongFailureObservationLowRR,9999.0,18956.58,19523.91,18956.58,1.3423,74.07,1485.98,-496.8,945,2636.84,7705.6,8614.14,234.27,1.92,75,20.0,198.0,9,False
C_3plus1,3,1,PathSessionA10G1_0,300.0,18951.44,20597.35,18951.44,1.3228,81.48,1502.93,-714.39,1080,2554.5,6969.62,9427.32,831.97,2.51,227,79.3,213.75,12,False
C_3plus1,3,1,PathSessionA10G1_0,450.0,18951.44,20597.35,18951.44,1.3228,81.48,1502.93,-714.39,1080,2554.5,6969.62,9427.32,831.97,2.51,227,79.3,213.75,12,False
C_3plus1,3,1,PathSessionA10G1_0,600.0,18951.44,20597.35,18951.44,1.3228,81.48,1502.93,-714.39,1080,2554.5,6969.62,9427.32,831.97,2.51,227,79.3,213.75,12,False
C_3plus1,3,1,PathSessionA10G1_0,9999.0,18951.44,20597.35,18951.44,1.3228,81.48,1502.93,-714.39,1080,2554.5,6969.62,9427.32,831.97,2.51,227,79.3,213.75,12,False
C_3plus1,3,1,Regime40,300.0,18947.76,19722.68,18947.76,1.3233,77.78,1443.18,-682.0,1050,2921.79,7068.7,8957.27,445.13,1.16,190,88.95,213.75,11,False
C_3plus1,3,1,Regime40,450.0,18947.76,19722.68,18947.76,1.3233,77.78,1443.18,-682.0,1050,2921.79,7068.7,8957.27,445.13,1.16,190,88.95,213.75,11,False
C_3plus1,3,1,Regime40,600.0,18947.76,19722.68,18947.76,1.3233,77.78,1443.18,-682.0,1050,2921.79,7068.7,8957.27,445.13,1.16,190,88.95,213.75,11,False
C_3plus1,3,1,Regime40,9999.0,18947.76,19722.68,18947.76,1.3233,77.78,1443.18,-682.0,1050,2921.79,7068.7,8957.27,445.13,1.16,190,88.95,213.75,11,False
C_3plus1,3,1,PathA10G0_0,300.0,18937.76,20155.85,18937.76,1.3241,74.07,1502.93,-624.16,1040,2510.53,7163.77,9263.46,580.06,1.99,184,82.61,213.75,11,False
C_3plus1,3,1,PathA10G0_0,450.0,18937.76,20155.85,18937.76,1.3241,74.07,1502.93,-624.16,1040,2510.53,7163.77,9263.46,580.06,1.99,184,82.61,213.75,11,False
C_3plus1,3,1,PathA10G0_0,600.0,18937.76,20155.85,18937.76,1.3241,74.07,1502.93,-624.16,1040,2510.53,7163.77,9263.46,580.06,1.99,184,82.61,213.75,11,False
C_3plus1,3,1,PathA10G0_0,9999.0,18937.76,20155.85,18937.76,1.3241,74.07,1502.93,-624.16,1040,2510.53,7163.77,9263.46,580.06,1.99,184,82.61,213.75,11,False
C_3plus1,3,1,PathA20G0_0,300.0,18937.76,20155.85,18937.76,1.3241,74.07,1502.93,-624.16,1040,2510.53,7163.77,9263.46,580.06,1.99,184,82.61,213.75,11,False
C_3plus1,3,1,PathA20G0_0,450.0,18937.76,20155.85,18937.76,1.3241,74.07,1502.93,-624.16,1040,2510.53,7163.77,9263.46,580.06,1.99,184,82.61,213.75,11,False
C_3plus1,3,1,PathA20G0_0,600.0,18937.76,20155.85,18937.76,1.3241,74.07,1502.93,-624.16,1040,2510.53,7163.77,9263.46,580.06,1.99,184,82.61,213.75,11,False
C_3plus1,3,1,PathA20G0_0,9999.0,18937.76,20155.85,18937.76,1.3241,74.07,1502.93,-624.16,1040,2510.53,7163.77,9263.46,580.06,1.99,184,82.61,213.75,11,False
C_3plus1,3,1,PathQualityA50G0_0,300.0,18934.0,21103.52,18934.0,1.3228,77.78,1494.19,-732.78,1063,2588.2,7196.46,9149.33,606.96,1.78,206,78.64,213.75,12,False
C_3plus1,3,1,PathQualityA50G0_0,450.0,18934.0,21103.52,18934.0,1.3228,77.78,1494.19,-732.78,1063,2588.2,7196.46,9149.33,606.96,1.78,206,78.64,213.75,12,False
C_3plus1,3,1,PathQualityA50G0_0,600.0,18934.0,21103.52,18934.0,1.3228,77.78,1494.19,-732.78,1063,2588.2,7196.46,9149.33,606.96,1.78,206,78.64,213.75,12,False
C_3plus1,3,1,PathQualityA50G0_0,9999.0,18934.0,21103.52,18934.0,1.3228,77.78,1494.19,-732.78,1063,2588.2,7196.46,9149.33,606.96,1.78,206,78.64,213.75,12,False
D_3plus3,3,3,PathA50G0_0,450.0,18921.84,20835.87,18921.84,1.2749,66.67,1667.49,-981.23,1024,2514.58,6278.81,10128.45,1805.22,6.26,185,83.24,309.75,16,False
D_3plus3,3,3,PathA50G0_0,600.0,18921.84,20835.87,18921.84,1.2749,66.67,1667.49,-981.23,1024,2514.58,6278.81,10128.45,1805.22,6.26,185,83.24,309.75,16,False
D_3plus3,3,3,PathA50G0_0,9999.0,18921.84,20835.87,18921.84,1.2749,66.67,1667.49,-981.23,1024,2514.58,6278.81,10128.45,1805.22,6.26,185,83.24,309.75,16,False
C_3plus1,3,1,PathSessionA20G1_0,300.0,18915.64,20590.86,18915.64,1.3225,81.48,1502.93,-714.39,1076,2539.59,6969.62,9406.44,796.18,2.42,223,78.92,213.75,12,False
C_3plus1,3,1,PathSessionA20G1_0,450.0,18915.64,20590.86,18915.64,1.3225,81.48,1502.93,-714.39,1076,2539.59,6969.62,9406.44,796.18,2.42,223,78.92,213.75,12,False
C_3plus1,3,1,PathSessionA20G1_0,600.0,18915.64,20590.86,18915.64,1.3225,81.48,1502.93,-714.39,1076,2539.59,6969.62,9406.44,796.18,2.42,223,78.92,213.75,12,False
C_3plus1,3,1,PathSessionA20G1_0,9999.0,18915.64,20590.86,18915.64,1.3225,81.48,1502.93,-714.39,1076,2539.59,6969.62,9406.44,796.18,2.42,223,78.92,213.75,12,False
D_3plus3,3,3,PathQualityA50G2_0,300.0,18882.5,20871.31,18882.5,1.2988,66.67,1602.3,-856.03,961,2434.16,5986.27,10462.06,890.45,4.42,113,77.88,294.75,15,False
D_3plus3,3,3,PathA20G4_0,450.0,18852.78,21100.61,18852.78,1.3074,66.67,1642.46,-569.01,923,2570.39,5877.34,10405.04,1074.78,11.98,71,78.87,309.75,15,False
D_3plus3,3,3,PathA20G4_0,600.0,18852.78,21100.61,18852.78,1.3074,66.67,1642.46,-569.01,923,2570.39,5877.34,10405.04,1074.78,11.98,71,78.87,309.75,15,False
D_3plus3,3,3,PathA20G4_0,9999.0,18852.78,21100.61,18852.78,1.3074,66.67,1642.46,-569.01,923,2570.39,5877.34,10405.04,1074.78,11.98,71,78.87,309.75,15,False
C_3plus1,3,1,LongOnly,300.0,18832.73,19433.52,18832.73,1.3297,74.07,1494.32,-643.89,1011,2606.4,7361.87,8864.47,3.96,-1.17,150,78.67,198.25,10,False
C_3plus1,3,1,LongOnly,450.0,18832.73,19433.52,18832.73,1.3297,74.07,1494.32,-643.89,1011,2606.4,7361.87,8864.47,3.96,-1.17,150,78.67,198.25,10,False
C_3plus1,3,1,LongOnly,600.0,18832.73,19433.52,18832.73,1.3297,74.07,1494.32,-643.89,1011,2606.4,7361.87,8864.47,3.96,-1.17,150,78.67,198.25,10,False
C_3plus1,3,1,LongOnly,9999.0,18832.73,19433.52,18832.73,1.3297,74.07,1494.32,-643.89,1011,2606.4,7361.87,8864.47,3.96,-1.17,150,78.67,198.25,10,False
D_3plus3,3,3,PathQualityA10G1_0,300.0,18814.04,20524.29,18814.04,1.2851,74.07,1563.42,-964.03,996,2704.09,6256.43,9853.51,1576.16,6.63,156,78.21,294.75,17,False
D_3plus3,3,3,PathQualityA20G1_0,300.0,18814.04,20509.01,18814.04,1.2851,74.07,1563.42,-964.03,996,2704.09,6256.43,9853.51,1576.16,6.63,156,78.21,294.75,17,False
D_3plus3,3,3,PathA10G2_0,450.0,18806.88,21425.92,18806.88,1.2957,66.67,1760.39,-780.5,956,2361.23,6120.93,10324.73,1537.24,10.63,110,81.82,309.75,17,False
D_3plus3,3,3,PathA10G2_0,600.0,18806.88,21425.92,18806.88,1.2957,66.67,1760.39,-780.5,956,2361.23,6120.93,10324.73,1537.24,10.63,110,81.82,309.75,17,False
D_3plus3,3,3,PathA10G2_0,9999.0,18806.88,21425.92,18806.88,1.2957,66.67,1760.39,-780.5,956,2361.23,6120.93,10324.73,1537.24,10.63,110,81.82,309.75,17,False
D_3plus3,3,3,PathSessionA50G2_0,300.0,18804.26,20837.88,18804.26,1.2889,74.07,1432.79,-708.09,997,3393.88,6146.68,9263.7,1743.08,7.29,162,79.01,294.75,16,False
D_3plus3,3,3,PathSessionA50G2_0,450.0,18804.26,21062.29,18804.26,1.2889,74.07,1432.79,-708.09,997,3393.88,6146.68,9263.7,1743.08,7.29,162,79.01,294.75,16,False
D_3plus3,3,3,PathSessionA50G2_0,600.0,18804.26,21062.29,18804.26,1.2889,74.07,1432.79,-708.09,997,3393.88,6146.68,9263.7,1743.08,7.29,162,79.01,294.75,16,False
D_3plus3,3,3,PathSessionA50G2_0,9999.0,18804.26,21062.29,18804.26,1.2889,74.07,1432.79,-708.09,997,3393.88,6146.68,9263.7,1743.08,7.29,162,79.01,294.75,16,False
D_3plus3,3,3,PathQualityA50G0_0,450.0,18798.35,22438.19,18798.35,1.2715,74.07,1666.46,-984.1,1038,2710.58,6480.2,9607.58,1917.68,5.85,205,78.54,309.75,16,False
D_3plus3,3,3,PathQualityA50G0_0,600.0,18798.35,22438.19,18798.35,1.2715,74.07,1666.46,-984.1,1038,2710.58,6480.2,9607.58,1917.68,5.85,205,78.54,309.75,16,False
D_3plus3,3,3,PathQualityA50G0_0,9999.0,18798.35,22438.19,18798.35,1.2715,74.07,1666.46,-984.1,1038,2710.58,6480.2,9607.58,1917.68,5.85,205,78.54,309.75,16,False
D_3plus3,3,3,PathQualityA20G2_0,450.0,18796.32,20531.22,18796.32,1.2895,70.37,1562.31,-856.03,981,2431.44,6392.24,9972.63,1491.47,7.05,142,77.46,309.75,17,False
D_3plus3,3,3,PathQualityA20G2_0,600.0,18796.32,20531.22,18796.32,1.2895,70.37,1562.31,-856.03,981,2431.44,6392.24,9972.63,1491.47,7.05,142,77.46,309.75,17,False
D_3plus3,3,3,PathQualityA20G2_0,9999.0,18796.32,20531.22,18796.32,1.2895,70.37,1562.31,-856.03,981,2431.44,6392.24,9972.63,1491.47,7.05,142,77.46,309.75,17,False
C_3plus1,3,1,ShortOnly,300.0,18736.34,20144.91,18736.34,1.3168,77.78,1434.37,-687.18,1063,2873.23,7128.7,8734.41,558.37,1.48,211,75.83,213.75,13,False
C_3plus1,3,1,ShortOnly,450.0,18736.34,20144.91,18736.34,1.3168,77.78,1434.37,-687.18,1063,2873.23,7128.7,8734.41,558.37,1.48,211,75.83,213.75,13,False
C_3plus1,3,1,ShortOnly,600.0,18736.34,20144.91,18736.34,1.3168,77.78,1434.37,-687.18,1063,2873.23,7128.7,8734.41,558.37,1.48,211,75.83,213.75,13,False
C_3plus1,3,1,ShortOnly,9999.0,18736.34,20144.91,18736.34,1.3168,77.78,1434.37,-687.18,1063,2873.23,7128.7,8734.41,558.37,1.48,211,75.83,213.75,13,False
D_3plus3,3,3,PathSessionA10G1_0,300.0,18729.34,22566.41,18729.34,1.2675,74.07,1667.49,-1197.9,1053,2554.58,5554.7,10620.05,1960.14,5.27,224,79.02,294.75,15,False
D_3plus3,3,3,PathSessionA10G1_0,450.0,18729.34,22790.82,18729.34,1.2675,74.07,1667.49,-1197.9,1053,2554.58,5554.7,10620.05,1960.14,5.27,224,79.02,294.75,15,False
D_3plus3,3,3,PathSessionA10G1_0,600.0,18729.34,22790.82,18729.34,1.2675,74.07,1667.49,-1197.9,1053,2554.58,5554.7,10620.05,1960.14,5.27,224,79.02,294.75,15,False
D_3plus3,3,3,PathSessionA10G1_0,9999.0,18729.34,22790.82,18729.34,1.2675,74.07,1667.49,-1197.9,1053,2554.58,5554.7,10620.05,1960.14,5.27,224,79.02,294.75,15,False
D_3plus3,3,3,PathQualityA50G2_0,450.0,18703.78,20917.01,18703.78,1.2939,66.67,1602.3,-856.03,962,2434.16,5986.27,10283.34,711.73,2.75,114,78.07,309.75,15,False
D_3plus3,3,3,PathQualityA50G2_0,600.0,18703.78,20917.01,18703.78,1.2939,66.67,1602.3,-856.03,962,2434.16,5986.27,10283.34,711.73,2.75,114,78.07,309.75,15,False
D_3plus3,3,3,PathQualityA50G2_0,9999.0,18703.78,20917.01,18703.78,1.2939,66.67,1602.3,-856.03,962,2434.16,5986.27,10283.34,711.73,2.75,114,78.07,309.75,15,False
D_3plus3,3,3,PathQualityA10G1_0,450.0,18635.32,20569.99,18635.32,1.2805,74.07,1563.42,-964.03,997,2704.09,6256.43,9674.8,1397.44,5.42,157,78.34,309.75,17,False
D_3plus3,3,3,PathQualityA10G1_0,600.0,18635.32,20569.99,18635.32,1.2805,74.07,1563.42,-964.03,997,2704.09,6256.43,9674.8,1397.44,5.42,157,78.34,309.75,17,False
D_3plus3,3,3,PathQualityA10G1_0,9999.0,18635.32,20569.99,18635.32,1.2805,74.07,1563.42,-964.03,997,2704.09,6256.43,9674.8,1397.44,5.42,157,78.34,309.75,17,False
D_3plus3,3,3,PathQualityA20G1_0,450.0,18635.32,20554.71,18635.32,1.2805,74.07,1563.42,-964.03,997,2704.09,6256.43,9674.8,1397.44,5.42,157,78.34,309.75,17,False
D_3plus3,3,3,PathQualityA20G1_0,600.0,18635.32,20554.71,18635.32,1.2805,74.07,1563.42,-964.03,997,2704.09,6256.43,9674.8,1397.44,5.42,157,78.34,309.75,17,False
D_3plus3,3,3,PathQualityA20G1_0,9999.0,18635.32,20554.71,18635.32,1.2805,74.07,1563.42,-964.03,997,2704.09,6256.43,9674.8,1397.44,5.42,157,78.34,309.75,17,False
D_3plus3,3,3,PathSessionA20G1_0,300.0,18621.96,22546.93,18621.96,1.2665,74.07,1667.49,-1197.9,1049,2509.86,5554.7,10557.4,1852.77,4.94,220,78.64,294.75,15,False
D_3plus3,3,3,PathSessionA20G1_0,450.0,18621.96,22771.35,18621.96,1.2665,74.07,1667.49,-1197.9,1049,2509.86,5554.7,10557.4,1852.77,4.94,220,78.64,294.75,15,False
D_3plus3,3,3,PathSessionA20G1_0,600.0,18621.96,22771.35,18621.96,1.2665,74.07,1667.49,-1197.9,1049,2509.86,5554.7,10557.4,1852.77,4.94,220,78.64,294.75,15,False
D_3plus3,3,3,PathSessionA20G1_0,9999.0,18621.96,22771.35,18621.96,1.2665,74.07,1667.49,-1197.9,1049,2509.86,5554.7,10557.4,1852.77,4.94,220,78.64,294.75,15,False
D_3plus3,3,3,PathA10G1_0,300.0,18575.53,21160.9,18575.53,1.2809,66.67,1760.39,-949.41,983,1951.15,6120.93,10503.45,1264.89,5.63,139,82.73,294.75,17,False
D_3plus3,3,3,PathA20G1_0,300.0,18575.53,21160.9,18575.53,1.2809,66.67,1760.39,-949.41,983,1951.15,6120.93,10503.45,1264.89,5.63,139,82.73,294.75,17,False
D_3plus3,3,3,PathA50G1_0,300.0,18559.98,21145.35,18559.98,1.2804,66.67,1808.71,-949.41,984,1935.6,6120.93,10503.45,1249.34,5.45,140,82.14,294.75,17,False
D_3plus3,3,3,PathQualityA10G2_0,300.0,18532.76,20297.86,18532.76,1.2837,70.37,1562.31,-964.03,983,2287.0,6245.62,10000.13,1227.91,5.05,144,76.39,294.75,17,False
D_3plus3,3,3,ShortOnly,300.0,18520.75,21346.27,18520.75,1.2676,74.07,2133.2,-889.19,1039,3401.86,6111.13,9007.76,1309.41,2.88,205,75.61,294.75,16,False
C_3plus1,3,1,ExpansionOnly:LongOcWideLowRR+LongFailureObservationLowRR,300.0,18459.42,19356.13,18459.42,1.3099,70.37,1502.52,-632.48,1091,2668.2,6924.57,8866.64,364.16,0.38,231,69.26,198.0,11,False
C_3plus1,3,1,ExpansionOnly:LongOcWideLowRR+LongFailureObservationLowRR,450.0,18459.42,19356.13,18459.42,1.3099,70.37,1502.52,-632.48,1091,2668.2,6924.57,8866.64,364.16,0.38,231,69.26,198.0,11,False
C_3plus1,3,1,ExpansionOnly:LongOcWideLowRR+LongFailureObservationLowRR,600.0,18459.42,19356.13,18459.42,1.3099,70.37,1502.52,-632.48,1091,2668.2,6924.57,8866.64,364.16,0.38,231,69.26,198.0,11,False
C_3plus1,3,1,ExpansionOnly:LongOcWideLowRR+LongFailureObservationLowRR,9999.0,18459.42,19356.13,18459.42,1.3099,70.37,1502.52,-632.48,1091,2668.2,6924.57,8866.64,364.16,0.38,231,69.26,198.0,11,False
D_3plus3,3,3,All,300.0,18401.57,21137.07,18401.57,1.2365,66.67,1607.27,-765.61,1137,3030.47,5925.82,9445.28,1741.69,1.78,327,81.04,297.75,19,False
D_3plus3,3,3,PathA10G1_0,450.0,18396.81,21206.6,18396.81,1.2763,66.67,1760.39,-949.41,984,1951.15,6120.93,10324.73,1086.17,4.27,140,82.86,309.75,17,False
D_3plus3,3,3,PathA10G1_0,600.0,18396.81,21206.6,18396.81,1.2763,66.67,1760.39,-949.41,984,1951.15,6120.93,10324.73,1086.17,4.27,140,82.86,309.75,17,False
D_3plus3,3,3,PathA10G1_0,9999.0,18396.81,21206.6,18396.81,1.2763,66.67,1760.39,-949.41,984,1951.15,6120.93,10324.73,1086.17,4.27,140,82.86,309.75,17,False
D_3plus3,3,3,PathA20G1_0,450.0,18396.81,21206.6,18396.81,1.2763,66.67,1760.39,-949.41,984,1951.15,6120.93,10324.73,1086.17,4.27,140,82.86,309.75,17,False
D_3plus3,3,3,PathA20G1_0,600.0,18396.81,21206.6,18396.81,1.2763,66.67,1760.39,-949.41,984,1951.15,6120.93,10324.73,1086.17,4.27,140,82.86,309.75,17,False
D_3plus3,3,3,PathA20G1_0,9999.0,18396.81,21206.6,18396.81,1.2763,66.67,1760.39,-949.41,984,1951.15,6120.93,10324.73,1086.17,4.27,140,82.86,309.75,17,False
D_3plus3,3,3,PathA50G1_0,450.0,18381.26,21191.05,18381.26,1.2758,66.67,1808.71,-949.41,985,1935.6,6120.93,10324.73,1070.62,4.1,141,82.27,309.75,17,False
D_3plus3,3,3,PathA50G1_0,600.0,18381.26,21191.05,18381.26,1.2758,66.67,1808.71,-949.41,985,1935.6,6120.93,10324.73,1070.62,4.1,141,82.27,309.75,17,False
D_3plus3,3,3,PathA50G1_0,9999.0,18381.26,21191.05,18381.26,1.2758,66.67,1808.71,-949.41,985,1935.6,6120.93,10324.73,1070.62,4.1,141,82.27,309.75,17,False
D_3plus3,3,3,PathQualityA10G2_0,450.0,18354.04,20343.56,18354.04,1.279,70.37,1562.31,-964.03,984,2287.0,6245.62,9821.41,1049.19,3.74,145,76.55,309.75,17,False
D_3plus3,3,3,PathQualityA10G2_0,600.0,18354.04,20343.56,18354.04,1.279,70.37,1562.31,-964.03,984,2287.0,6245.62,9821.41,1049.19,3.74,145,76.55,309.75,17,False
D_3plus3,3,3,PathQualityA10G2_0,9999.0,18354.04,20343.56,18354.04,1.279,70.37,1562.31,-964.03,984,2287.0,6245.62,9821.41,1049.19,3.74,145,76.55,309.75,17,False
D_3plus3,3,3,ShortOnly,450.0,18342.03,21391.97,18342.03,1.2631,74.07,2133.2,-889.19,1040,3401.86,6111.13,8829.04,1130.69,1.97,206,75.73,309.75,16,False
D_3plus3,3,3,ShortOnly,600.0,18342.03,21391.97,18342.03,1.2631,74.07,2133.2,-889.19,1040,3401.86,6111.13,8829.04,1130.69,1.97,206,75.73,309.75,16,False
D_3plus3,3,3,ShortOnly,9999.0,18342.03,21391.97,18342.03,1.2631,74.07,2133.2,-889.19,1040,3401.86,6111.13,8829.04,1130.69,1.97,206,75.73,309.75,16,False
C_3plus1,3,1,ExpansionOnly:LongOcWideLowRR,300.0,18285.64,19489.76,18285.64,1.3124,74.07,1502.52,-742.68,1031,2490.7,6982.75,8812.19,19.32,-1.09,171,91.81,186.0,12,False
C_3plus1,3,1,ExpansionOnly:LongOcWideLowRR,450.0,18285.64,19489.76,18285.64,1.3124,74.07,1502.52,-742.68,1031,2490.7,6982.75,8812.19,19.32,-1.09,171,91.81,186.0,12,False
C_3plus1,3,1,ExpansionOnly:LongOcWideLowRR,600.0,18285.64,19489.76,18285.64,1.3124,74.07,1502.52,-742.68,1031,2490.7,6982.75,8812.19,19.32,-1.09,171,91.81,186.0,12,False
C_3plus1,3,1,ExpansionOnly:LongOcWideLowRR,9999.0,18285.64,19489.76,18285.64,1.3124,74.07,1502.52,-742.68,1031,2490.7,6982.75,8812.19,19.32,-1.09,171,91.81,186.0,12,False
C_3plus1,3,1,ExpansionOnly:LongFailureRetestQuality+LongOcWideLowRR+LongFailureObservationLowRR,300.0,18280.86,19186.2,18280.86,1.3034,70.37,1502.52,-623.37,1108,2651.99,6898.0,8730.88,234.86,-0.25,248,68.55,198.0,11,False
C_3plus1,3,1,ExpansionOnly:LongFailureRetestQuality+LongOcWideLowRR+LongFailureObservationLowRR,450.0,18280.86,19186.2,18280.86,1.3034,70.37,1502.52,-623.37,1108,2651.99,6898.0,8730.88,234.86,-0.25,248,68.55,198.0,11,False
C_3plus1,3,1,ExpansionOnly:LongFailureRetestQuality+LongOcWideLowRR+LongFailureObservationLowRR,600.0,18280.86,19186.2,18280.86,1.3034,70.37,1502.52,-623.37,1108,2651.99,6898.0,8730.88,234.86,-0.25,248,68.55,198.0,11,False
C_3plus1,3,1,ExpansionOnly:LongFailureRetestQuality+LongOcWideLowRR+LongFailureObservationLowRR,9999.0,18280.86,19186.2,18280.86,1.3034,70.37,1502.52,-623.37,1108,2651.99,6898.0,8730.88,234.86,-0.25,248,68.55,198.0,11,False
C_3plus1,3,1,SQ50,300.0,18274.58,19155.34,18274.58,1.299,77.78,1471.81,-613.09,1130,2471.69,6893.33,8909.56,291.2,-0.17,285,85.96,213.75,14,False
C_3plus1,3,1,SQ50,450.0,18274.58,19155.34,18274.58,1.299,77.78,1471.81,-613.09,1130,2471.69,6893.33,8909.56,291.2,-0.17,285,85.96,213.75,14,False
C_3plus1,3,1,SQ50,600.0,18274.58,19155.34,18274.58,1.299,77.78,1471.81,-613.09,1130,2471.69,6893.33,8909.56,291.2,-0.17,285,85.96,213.75,14,False
C_3plus1,3,1,SQ50,9999.0,18274.58,19155.34,18274.58,1.299,77.78,1471.81,-613.09,1130,2471.69,6893.33,8909.56,291.2,-0.17,285,85.96,213.75,14,False
C_3plus1,3,1,All,300.0,18229.64,19411.42,18229.64,1.2939,81.48,1442.71,-578.83,1175,2441.2,6772.24,9016.2,683.64,0.85,336,81.25,213.75,14,False
C_3plus1,3,1,All,450.0,18229.64,19411.42,18229.64,1.2939,81.48,1442.71,-578.83,1175,2441.2,6772.24,9016.2,683.64,0.85,336,81.25,213.75,14,False
C_3plus1,3,1,All,600.0,18229.64,19411.42,18229.64,1.2939,81.48,1442.71,-578.83,1175,2441.2,6772.24,9016.2,683.64,0.85,336,81.25,213.75,14,False
C_3plus1,3,1,All,9999.0,18229.64,19411.42,18229.64,1.2939,81.48,1442.71,-578.83,1175,2441.2,6772.24,9016.2,683.64,0.85,336,81.25,213.75,14,False
D_3plus3,3,3,SQ60,300.0,18227.02,19727.23,18227.02,1.2631,70.37,2062.2,-751.97,1023,4274.65,4913.04,9039.33,1172.9,2.48,194,88.14,297.75,19,False
D_3plus3,3,3,All,450.0,18222.85,21182.76,18222.85,1.2326,66.67,1607.27,-765.61,1138,3030.47,5925.82,9266.56,1562.97,1.21,328,81.1,309.75,19,False
D_3plus3,3,3,All,600.0,18222.85,21182.76,18222.85,1.2326,66.67,1607.27,-765.61,1138,3030.47,5925.82,9266.56,1562.97,1.21,328,81.1,309.75,19,False
D_3plus3,3,3,All,9999.0,18222.85,21182.76,18222.85,1.2326,66.67,1607.27,-765.61,1138,3030.47,5925.82,9266.56,1562.97,1.21,328,81.1,309.75,19,False
D_3plus3,3,3,PathA10G0_0,300.0,18193.42,20055.49,18193.42,1.2614,66.67,1672.05,-949.41,1020,1666.22,6220.03,10307.17,1400.8,4.18,182,82.42,294.75,17,False
D_3plus3,3,3,PathA20G0_0,300.0,18193.42,20055.49,18193.42,1.2614,66.67,1672.05,-949.41,1020,1666.22,6220.03,10307.17,1400.8,4.18,182,82.42,294.75,17,False
C_3plus1,3,1,ExpansionOnly:LongFailureRetestQuality+LongOcWideLowRR,300.0,18176.25,19268.47,18176.25,1.3076,74.07,1502.52,-784.22,1049,2611.77,6888.06,8676.42,-92.78,-1.69,190,87.37,197.25,12,False
C_3plus1,3,1,ExpansionOnly:LongFailureRetestQuality+LongOcWideLowRR,450.0,18176.25,19268.47,18176.25,1.3076,74.07,1502.52,-784.22,1049,2611.77,6888.06,8676.42,-92.78,-1.69,190,87.37,197.25,12,False
C_3plus1,3,1,ExpansionOnly:LongFailureRetestQuality+LongOcWideLowRR,600.0,18176.25,19268.47,18176.25,1.3076,74.07,1502.52,-784.22,1049,2611.77,6888.06,8676.42,-92.78,-1.69,190,87.37,197.25,12,False
C_3plus1,3,1,ExpansionOnly:LongFailureRetestQuality+LongOcWideLowRR,9999.0,18176.25,19268.47,18176.25,1.3076,74.07,1502.52,-784.22,1049,2611.77,6888.06,8676.42,-92.78,-1.69,190,87.37,197.25,12,False
D_3plus3,3,3,SQ60,450.0,18048.3,19772.92,18048.3,1.2587,70.37,2062.2,-751.97,1024,4274.65,4913.04,8860.61,994.18,1.52,195,88.21,309.75,19,False
D_3plus3,3,3,SQ60,600.0,18048.3,19772.92,18048.3,1.2587,70.37,2062.2,-751.97,1024,4274.65,4913.04,8860.61,994.18,1.52,195,88.21,309.75,19,False
D_3plus3,3,3,SQ60,9999.0,18048.3,19772.92,18048.3,1.2587,70.37,2062.2,-751.97,1024,4274.65,4913.04,8860.61,994.18,1.52,195,88.21,309.75,19,False
C_3plus1,3,1,Risk25,300.0,18045.13,19244.22,18045.13,1.2918,77.78,1442.71,-578.83,1174,2197.12,6772.24,9075.77,499.13,0.3,334,81.14,213.75,14,False
C_3plus1,3,1,Risk25,450.0,18045.13,19244.22,18045.13,1.2918,77.78,1442.71,-578.83,1174,2197.12,6772.24,9075.77,499.13,0.3,334,81.14,213.75,14,False
C_3plus1,3,1,Risk25,600.0,18045.13,19244.22,18045.13,1.2918,77.78,1442.71,-578.83,1174,2197.12,6772.24,9075.77,499.13,0.3,334,81.14,213.75,14,False
C_3plus1,3,1,Risk25,9999.0,18045.13,19244.22,18045.13,1.2918,77.78,1442.71,-578.83,1174,2197.12,6772.24,9075.77,499.13,0.3,334,81.14,213.75,14,False
D_3plus3,3,3,PathA10G0_0,450.0,18014.7,19876.77,18014.7,1.257,66.67,1672.05,-949.41,1021,1666.22,6220.03,10128.45,1222.08,3.15,183,82.51,309.75,17,False
D_3plus3,3,3,PathA10G0_0,600.0,18014.7,19876.77,18014.7,1.257,66.67,1672.05,-949.41,1021,1666.22,6220.03,10128.45,1222.08,3.15,183,82.51,309.75,17,False
D_3plus3,3,3,PathA10G0_0,9999.0,18014.7,19876.77,18014.7,1.257,66.67,1672.05,-949.41,1021,1666.22,6220.03,10128.45,1222.08,3.15,183,82.51,309.75,17,False
D_3plus3,3,3,PathA20G0_0,450.0,18014.7,19876.77,18014.7,1.257,66.67,1672.05,-949.41,1021,1666.22,6220.03,10128.45,1222.08,3.15,183,82.51,309.75,17,False
D_3plus3,3,3,PathA20G0_0,600.0,18014.7,19876.77,18014.7,1.257,66.67,1672.05,-949.41,1021,1666.22,6220.03,10128.45,1222.08,3.15,183,82.51,309.75,17,False
D_3plus3,3,3,PathA20G0_0,9999.0,18014.7,19876.77,18014.7,1.257,66.67,1672.05,-949.41,1021,1666.22,6220.03,10128.45,1222.08,3.15,183,82.51,309.75,17,False
D_3plus3,3,3,LongOnly,300.0,17992.41,19006.86,17992.41,1.2788,74.07,1511.0,-850.39,997,1565.23,7668.1,8759.08,11.88,-3.52,150,78.67,297.75,16,False
D_3plus3,3,3,LongOnly,450.0,17992.41,19006.86,17992.41,1.2788,74.07,1511.0,-850.39,997,1565.23,7668.1,8759.08,11.88,-3.52,150,78.67,297.75,16,False
D_3plus3,3,3,LongOnly,600.0,17992.41,19006.86,17992.41,1.2788,74.07,1511.0,-850.39,997,1565.23,7668.1,8759.08,11.88,-3.52,150,78.67,297.75,16,False
D_3plus3,3,3,LongOnly,9999.0,17992.41,19006.86,17992.41,1.2788,74.07,1511.0,-850.39,997,1565.23,7668.1,8759.08,11.88,-3.52,150,78.67,297.75,16,False
D_3plus3,3,3,ExpansionOnly:LongOcWideLowRR+LongFailureObservationLowRR,300.0,17822.62,18764.77,17822.62,1.256,62.96,3075.64,-1408.84,1054,1408.4,7320.92,9093.3,1302.94,2.24,223,69.96,270.0,17,False
D_3plus3,3,3,ExpansionOnly:LongOcWideLowRR+LongFailureObservationLowRR,450.0,17822.62,18764.77,17822.62,1.256,62.96,3075.64,-1408.84,1054,1408.4,7320.92,9093.3,1302.94,2.24,223,69.96,270.0,17,False
D_3plus3,3,3,ExpansionOnly:LongOcWideLowRR+LongFailureObservationLowRR,600.0,17822.62,18764.77,17822.62,1.256,62.96,3075.64,-1408.84,1054,1408.4,7320.92,9093.3,1302.94,2.24,223,69.96,270.0,17,False
D_3plus3,3,3,ExpansionOnly:LongOcWideLowRR+LongFailureObservationLowRR,9999.0,17822.62,18764.77,17822.62,1.256,62.96,3075.64,-1408.84,1054,1408.4,7320.92,9093.3,1302.94,2.24,223,69.96,270.0,17,False
D_3plus3,3,3,Regime40,300.0,17689.98,19121.89,17689.98,1.2594,66.67,1878.57,-720.17,1017,3612.93,4791.78,9285.27,902.08,1.3,185,88.65,297.75,18,False
D_3plus3,3,3,Risk25,300.0,17669.32,20456.73,17669.32,1.2269,62.96,1607.27,-765.61,1137,2298.22,5925.82,9445.28,1009.44,-0.48,326,80.98,297.75,19,False
D_3plus3,3,3,Risk25,450.0,17669.32,20681.15,17669.32,1.2269,62.96,1607.27,-765.61,1137,2298.22,5925.82,9445.28,1009.44,-0.48,326,80.98,297.75,19,False
D_3plus3,3,3,Risk25,600.0,17669.32,20681.15,17669.32,1.2269,62.96,1607.27,-765.61,1137,2298.22,5925.82,9445.28,1009.44,-0.48,326,80.98,297.75,19,False
D_3plus3,3,3,Risk25,9999.0,17669.32,20681.15,17669.32,1.2269,62.96,1607.27,-765.61,1137,2298.22,5925.82,9445.28,1009.44,-0.48,326,80.98,297.75,19,False
D_3plus3,3,3,SQ50,300.0,17566.73,20110.17,17566.73,1.2312,70.37,1985.48,-696.57,1095,2856.37,5584.99,9125.37,641.94,-1.27,278,85.61,297.75,19,False
D_3plus3,3,3,Regime40,450.0,17511.26,19167.59,17511.26,1.255,66.67,1878.57,-720.17,1018,3612.93,4791.78,9106.55,723.36,0.31,186,88.71,309.75,18,False
D_3plus3,3,3,Regime40,600.0,17511.26,19167.59,17511.26,1.255,66.67,1878.57,-720.17,1018,3612.93,4791.78,9106.55,723.36,0.31,186,88.71,309.75,18,False
D_3plus3,3,3,Regime40,9999.0,17511.26,19167.59,17511.26,1.255,66.67,1878.57,-720.17,1018,3612.93,4791.78,9106.55,723.36,0.31,186,88.71,309.75,18,False
D_3plus3,3,3,ExpansionOnly:LongFailureRetestQuality+LongOcWideLowRR+LongFailureObservationLowRR,450.0,17477.03,18258.27,17477.03,1.2433,62.96,2976.76,-1408.84,1072,1555.3,7235.74,8685.99,835.49,-0.1,239,69.04,403.5,16,False
D_3plus3,3,3,ExpansionOnly:LongFailureRetestQuality+LongOcWideLowRR+LongFailureObservationLowRR,600.0,17477.03,18258.27,17477.03,1.2433,62.96,2976.76,-1408.84,1072,1555.3,7235.74,8685.99,835.49,-0.1,239,69.04,403.5,16,False
D_3plus3,3,3,ExpansionOnly:LongFailureRetestQuality+LongOcWideLowRR+LongFailureObservationLowRR,9999.0,17477.03,18258.27,17477.03,1.2433,62.96,2976.76,-1408.84,1072,1555.3,7235.74,8685.99,835.49,-0.1,239,69.04,403.5,16,False
D_3plus3,3,3,ExpansionOnly:LongOcWideLowRR,300.0,17459.4,18941.46,17459.4,1.2562,66.67,2978.28,-1407.88,1012,908.98,7286.66,9263.75,147.48,-2.73,170,91.76,270.0,17,False
D_3plus3,3,3,ExpansionOnly:LongOcWideLowRR,450.0,17459.4,18941.46,17459.4,1.2562,66.67,2978.28,-1407.88,1012,908.98,7286.66,9263.75,147.48,-2.73,170,91.76,270.0,17,False
D_3plus3,3,3,ExpansionOnly:LongOcWideLowRR,600.0,17459.4,18941.46,17459.4,1.2562,66.67,2978.28,-1407.88,1012,908.98,7286.66,9263.75,147.48,-2.73,170,91.76,270.0,17,False
D_3plus3,3,3,ExpansionOnly:LongOcWideLowRR,9999.0,17459.4,18941.46,17459.4,1.2562,66.67,2978.28,-1407.88,1012,908.98,7286.66,9263.75,147.48,-2.73,170,91.76,270.0,17,False
C_3plus1,3,1,Risk20,300.0,17438.29,18533.72,17438.29,1.2807,74.07,1442.71,-565.03,1162,2122.43,6524.49,8791.36,-107.71,-1.54,322,80.12,213.75,14,False
C_3plus1,3,1,Risk20,450.0,17438.29,18533.72,17438.29,1.2807,74.07,1442.71,-565.03,1162,2122.43,6524.49,8791.36,-107.71,-1.54,322,80.12,213.75,14,False
C_3plus1,3,1,Risk20,600.0,17438.29,18533.72,17438.29,1.2807,74.07,1442.71,-565.03,1162,2122.43,6524.49,8791.36,-107.71,-1.54,322,80.12,213.75,14,False
C_3plus1,3,1,Risk20,9999.0,17438.29,18533.72,17438.29,1.2807,74.07,1442.71,-565.03,1162,2122.43,6524.49,8791.36,-107.71,-1.54,322,80.12,213.75,14,False
D_3plus3,3,3,ExpansionOnly:LongFailureRetestQuality+LongOcWideLowRR+LongFailureObservationLowRR,300.0,17413.22,18194.46,17413.22,1.2422,62.96,2976.76,-1408.84,1071,1555.3,7235.74,8622.18,771.68,-0.36,238,68.91,270.0,16,False
D_3plus3,3,3,SQ50,450.0,17388.01,20155.87,17388.01,1.2271,70.37,1985.48,-696.57,1096,2856.37,5584.99,8946.65,463.22,-1.93,279,85.66,309.75,19,False
D_3plus3,3,3,SQ50,600.0,17388.01,20155.87,17388.01,1.2271,70.37,1985.48,-696.57,1096,2856.37,5584.99,8946.65,463.22,-1.93,279,85.66,309.75,19,False
D_3plus3,3,3,SQ50,9999.0,17388.01,20155.87,17388.01,1.2271,70.37,1985.48,-696.57,1096,2856.37,5584.99,8946.65,463.22,-1.93,279,85.66,309.75,19,False
D_3plus3,3,3,ExpansionOnly:LongFailureRetestQuality+LongOcWideLowRR,450.0,17103.45,18447.68,17103.45,1.2418,66.67,2950.07,-1468.33,1035,1249.85,6997.16,8856.45,-278.35,-5.07,190,87.37,403.5,16,False
D_3plus3,3,3,ExpansionOnly:LongFailureRetestQuality+LongOcWideLowRR,600.0,17103.45,18447.68,17103.45,1.2418,66.67,2950.07,-1468.33,1035,1249.85,6997.16,8856.45,-278.35,-5.07,190,87.37,403.5,16,False
D_3plus3,3,3,ExpansionOnly:LongFailureRetestQuality+LongOcWideLowRR,9999.0,17103.45,18447.68,17103.45,1.2418,66.67,2950.07,-1468.33,1035,1249.85,6997.16,8856.45,-278.35,-5.07,190,87.37,403.5,16,False
D_3plus3,3,3,ExpansionOnly:LongFailureRetestQuality+LongOcWideLowRR,300.0,16965.33,18309.56,16965.33,1.2393,66.67,2950.07,-1468.33,1033,1175.54,6997.16,8792.64,-416.47,-5.82,188,87.23,279.0,16,False
D_3plus3,3,3,Risk20,300.0,16650.44,18484.75,16650.44,1.2118,59.26,1607.27,-765.61,1128,2193.32,5865.07,8592.05,-128.59,-4.01,314,79.94,284.25,18,False
D_3plus3,3,3,Risk20,450.0,16650.44,18484.75,16650.44,1.2118,59.26,1607.27,-765.61,1128,2193.32,5865.07,8592.05,-128.59,-4.01,314,79.94,284.25,18,False
D_3plus3,3,3,Risk20,600.0,16650.44,18484.75,16650.44,1.2118,59.26,1607.27,-765.61,1128,2193.32,5865.07,8592.05,-128.59,-4.01,314,79.94,284.25,18,False
D_3plus3,3,3,Risk20,9999.0,16650.44,18484.75,16650.44,1.2118,59.26,1607.27,-765.61,1128,2193.32,5865.07,8592.05,-128.59,-4.01,314,79.94,284.25,18,False
B_2plus1,2,1,PathQualityA10G6_0,300.0,13437.19,13729.3,13437.19,1.3525,77.78,774.8,-379.55,943,1828.86,5194.19,6414.14,1085.29,16.89,62,80.65,155.5,1,False
B_2plus1,2,1,PathQualityA10G6_0,450.0,13437.19,13729.3,13437.19,1.3525,77.78,774.8,-379.55,943,1828.86,5194.19,6414.14,1085.29,16.89,62,80.65,155.5,1,False
B_2plus1,2,1,PathQualityA10G6_0,600.0,13437.19,13729.3,13437.19,1.3525,77.78,774.8,-379.55,943,1828.86,5194.19,6414.14,1085.29,16.89,62,80.65,155.5,1,False
B_2plus1,2,1,PathQualityA10G6_0,9999.0,13437.19,13729.3,13437.19,1.3525,77.78,774.8,-379.55,943,1828.86,5194.19,6414.14,1085.29,16.89,62,80.65,155.5,1,False
B_2plus1,2,1,PathRiskA20G0_0,300.0,13406.9,13693.01,13406.9,1.3339,77.78,841.96,-531.58,1031,1780.13,5284.06,6342.71,1102.99,6.01,155,81.94,155.5,1,False
B_2plus1,2,1,PathRiskA20G0_0,450.0,13406.9,13693.01,13406.9,1.3339,77.78,841.96,-531.58,1031,1780.13,5284.06,6342.71,1102.99,6.01,155,81.94,155.5,1,False
B_2plus1,2,1,PathRiskA20G0_0,600.0,13406.9,13693.01,13406.9,1.3339,77.78,841.96,-531.58,1031,1780.13,5284.06,6342.71,1102.99,6.01,155,81.94,155.5,1,False
B_2plus1,2,1,PathRiskA20G0_0,9999.0,13406.9,13693.01,13406.9,1.3339,77.78,841.96,-531.58,1031,1780.13,5284.06,6342.71,1102.99,6.01,155,81.94,155.5,1,False
B_2plus1,2,1,PathQualityA10G4_0,300.0,13387.1,13674.56,13387.1,1.3467,77.78,774.8,-381.65,964,1862.08,5207.27,6317.75,1035.2,11.58,83,81.93,155.5,1,False
B_2plus1,2,1,PathQualityA10G4_0,450.0,13387.1,13674.56,13387.1,1.3467,77.78,774.8,-381.65,964,1862.08,5207.27,6317.75,1035.2,11.58,83,81.93,155.5,1,False
B_2plus1,2,1,PathQualityA10G4_0,600.0,13387.1,13674.56,13387.1,1.3467,77.78,774.8,-381.65,964,1862.08,5207.27,6317.75,1035.2,11.58,83,81.93,155.5,1,False
B_2plus1,2,1,PathQualityA10G4_0,9999.0,13387.1,13674.56,13387.1,1.3467,77.78,774.8,-381.65,964,1862.08,5207.27,6317.75,1035.2,11.58,83,81.93,155.5,1,False
B_2plus1,2,1,PathRiskA20G6_0,300.0,13352.93,13530.76,13352.93,1.3507,77.78,767.98,-402.61,934,1761.52,5473.46,6117.95,859.19,15.98,52,90.38,155.5,1,False
B_2plus1,2,1,PathRiskA20G6_0,450.0,13352.93,13530.76,13352.93,1.3507,77.78,767.98,-402.61,934,1761.52,5473.46,6117.95,859.19,15.98,52,90.38,155.5,1,False
B_2plus1,2,1,PathRiskA20G6_0,600.0,13352.93,13530.76,13352.93,1.3507,77.78,767.98,-402.61,934,1761.52,5473.46,6117.95,859.19,15.98,52,90.38,155.5,1,False
B_2plus1,2,1,PathRiskA20G6_0,9999.0,13352.93,13530.76,13352.93,1.3507,77.78,767.98,-402.61,934,1761.52,5473.46,6117.95,859.19,15.98,52,90.38,155.5,1,False
B_2plus1,2,1,PathQualityA20G4_0,300.0,13349.09,13613.92,13349.09,1.3478,77.78,774.8,-379.55,951,1829.74,5178.78,6340.57,997.19,13.46,70,81.43,155.5,1,False
B_2plus1,2,1,PathQualityA20G4_0,450.0,13349.09,13613.92,13349.09,1.3478,77.78,774.8,-379.55,951,1829.74,5178.78,6340.57,997.19,13.46,70,81.43,155.5,1,False
B_2plus1,2,1,PathQualityA20G4_0,600.0,13349.09,13613.92,13349.09,1.3478,77.78,774.8,-379.55,951,1829.74,5178.78,6340.57,997.19,13.46,70,81.43,155.5,1,False
B_2plus1,2,1,PathQualityA20G4_0,9999.0,13349.09,13613.92,13349.09,1.3478,77.78,774.8,-379.55,951,1829.74,5178.78,6340.57,997.19,13.46,70,81.43,155.5,1,False
B_2plus1,2,1,PathA10G6_0,300.0,13335.21,13503.05,13335.21,1.3471,77.78,774.8,-386.02,946,1656.94,5291.29,6386.97,841.47,12.37,64,81.25,155.5,1,False
B_2plus1,2,1,PathA10G6_0,450.0,13335.21,13503.05,13335.21,1.3471,77.78,774.8,-386.02,946,1656.94,5291.29,6386.97,841.47,12.37,64,81.25,155.5,1,False
B_2plus1,2,1,PathA10G6_0,600.0,13335.21,13503.05,13335.21,1.3471,77.78,774.8,-386.02,946,1656.94,5291.29,6386.97,841.47,12.37,64,81.25,155.5,1,False
B_2plus1,2,1,PathA10G6_0,9999.0,13335.21,13503.05,13335.21,1.3471,77.78,774.8,-386.02,946,1656.94,5291.29,6386.97,841.47,12.37,64,81.25,155.5,1,False
B_2plus1,2,1,PathSessionA20G0_0,300.0,13298.78,14192.36,13298.78,1.3164,77.78,803.77,-616.77,1117,1672.51,4971.62,6654.65,1417.9,4.63,246,78.86,155.5,1,False
B_2plus1,2,1,PathSessionA20G0_0,450.0,13298.78,14192.36,13298.78,1.3164,77.78,803.77,-616.77,1117,1672.51,4971.62,6654.65,1417.9,4.63,246,78.86,155.5,1,False
B_2plus1,2,1,PathSessionA20G0_0,600.0,13298.78,14192.36,13298.78,1.3164,77.78,803.77,-616.77,1117,1672.51,4971.62,6654.65,1417.9,4.63,246,78.86,155.5,1,False
B_2plus1,2,1,PathSessionA20G0_0,9999.0,13298.78,14192.36,13298.78,1.3164,77.78,803.77,-616.77,1117,1672.51,4971.62,6654.65,1417.9,4.63,246,78.86,155.5,1,False
B_2plus1,2,1,PathRiskA50G6_0,300.0,13295.23,13448.96,13295.23,1.3525,77.78,767.98,-402.61,918,1924.11,5473.46,5897.67,801.49,22.37,36,91.67,155.5,1,False
B_2plus1,2,1,PathRiskA50G6_0,450.0,13295.23,13448.96,13295.23,1.3525,77.78,767.98,-402.61,918,1924.11,5473.46,5897.67,801.49,22.37,36,91.67,155.5,1,False
B_2plus1,2,1,PathRiskA50G6_0,600.0,13295.23,13448.96,13295.23,1.3525,77.78,767.98,-402.61,918,1924.11,5473.46,5897.67,801.49,22.37,36,91.67,155.5,1,False
B_2plus1,2,1,PathRiskA50G6_0,9999.0,13295.23,13448.96,13295.23,1.3525,77.78,767.98,-402.61,918,1924.11,5473.46,5897.67,801.49,22.37,36,91.67,155.5,1,False
B_2plus1,2,1,PathSessionA50G0_0,300.0,13282.32,14174.99,13282.32,1.3148,77.78,821.19,-562.51,1123,1716.46,4971.62,6594.25,1401.44,4.43,252,78.57,155.5,1,False
B_2plus1,2,1,PathSessionA50G0_0,450.0,13282.32,14174.99,13282.32,1.3148,77.78,821.19,-562.51,1123,1716.46,4971.62,6594.25,1401.44,4.43,252,78.57,155.5,1,False
B_2plus1,2,1,PathSessionA50G0_0,600.0,13282.32,14174.99,13282.32,1.3148,77.78,821.19,-562.51,1123,1716.46,4971.62,6594.25,1401.44,4.43,252,78.57,155.5,1,False
B_2plus1,2,1,PathSessionA50G0_0,9999.0,13282.32,14174.99,13282.32,1.3148,77.78,821.19,-562.51,1123,1716.46,4971.62,6594.25,1401.44,4.43,252,78.57,155.5,1,False
B_2plus1,2,1,PathQualityA20G6_0,300.0,13267.27,13568.73,13267.27,1.3481,77.78,774.8,-379.55,937,1804.54,5194.19,6268.54,915.38,15.75,56,78.57,155.5,1,False
B_2plus1,2,1,PathQualityA20G6_0,450.0,13267.27,13568.73,13267.27,1.3481,77.78,774.8,-379.55,937,1804.54,5194.19,6268.54,915.38,15.75,56,78.57,155.5,1,False
B_2plus1,2,1,PathQualityA20G6_0,600.0,13267.27,13568.73,13267.27,1.3481,77.78,774.8,-379.55,937,1804.54,5194.19,6268.54,915.38,15.75,56,78.57,155.5,1,False
B_2plus1,2,1,PathQualityA20G6_0,9999.0,13267.27,13568.73,13267.27,1.3481,77.78,774.8,-379.55,937,1804.54,5194.19,6268.54,915.38,15.75,56,78.57,155.5,1,False
B_2plus1,2,1,PathA20G2_0,300.0,13250.43,13591.36,13250.43,1.3349,77.78,864.89,-388.65,993,1500.67,5318.56,6431.21,898.53,6.97,112,82.14,155.5,1,False
B_2plus1,2,1,PathA20G2_0,450.0,13250.43,13591.36,13250.43,1.3349,77.78,864.89,-388.65,993,1500.67,5318.56,6431.21,898.53,6.97,112,82.14,155.5,1,False
B_2plus1,2,1,PathA20G2_0,600.0,13250.43,13591.36,13250.43,1.3349,77.78,864.89,-388.65,993,1500.67,5318.56,6431.21,898.53,6.97,112,82.14,155.5,1,False
B_2plus1,2,1,PathA20G2_0,9999.0,13250.43,13591.36,13250.43,1.3349,77.78,864.89,-388.65,993,1500.67,5318.56,6431.21,898.53,6.97,112,82.14,155.5,1,False
B_2plus1,2,1,PathRiskA50G4_0,300.0,13204.62,13388.12,13204.62,1.3453,77.78,767.98,-402.61,934,1711.44,5473.46,6019.72,710.88,13.02,52,90.38,155.5,1,False
B_2plus1,2,1,PathRiskA50G4_0,450.0,13204.62,13388.12,13204.62,1.3453,77.78,767.98,-402.61,934,1711.44,5473.46,6019.72,710.88,13.02,52,90.38,155.5,1,False
B_2plus1,2,1,PathRiskA50G4_0,600.0,13204.62,13388.12,13204.62,1.3453,77.78,767.98,-402.61,934,1711.44,5473.46,6019.72,710.88,13.02,52,90.38,155.5,1,False
B_2plus1,2,1,PathRiskA50G4_0,9999.0,13204.62,13388.12,13204.62,1.3453,77.78,767.98,-402.61,934,1711.44,5473.46,6019.72,710.88,13.02,52,90.38,155.5,1,False
B_2plus1,2,1,PathQualityA50G4_0,300.0,13193.1,13485.22,13193.1,1.3454,77.78,774.8,-379.55,938,1828.86,5178.78,6185.46,841.2,14.09,57,78.95,155.5,1,False
B_2plus1,2,1,PathQualityA50G4_0,450.0,13193.1,13485.22,13193.1,1.3454,77.78,774.8,-379.55,938,1828.86,5178.78,6185.46,841.2,14.09,57,78.95,155.5,1,False
B_2plus1,2,1,PathQualityA50G4_0,600.0,13193.1,13485.22,13193.1,1.3454,77.78,774.8,-379.55,938,1828.86,5178.78,6185.46,841.2,14.09,57,78.95,155.5,1,False
B_2plus1,2,1,PathQualityA50G4_0,9999.0,13193.1,13485.22,13193.1,1.3454,77.78,774.8,-379.55,938,1828.86,5178.78,6185.46,841.2,14.09,57,78.95,155.5,1,False
B_2plus1,2,1,PathA20G6_0,300.0,13189.61,13357.46,13189.61,1.3433,77.78,774.8,-358.41,942,1656.94,5291.29,6241.38,695.87,10.8,60,80.0,155.5,1,False
B_2plus1,2,1,PathA20G6_0,450.0,13189.61,13357.46,13189.61,1.3433,77.78,774.8,-358.41,942,1656.94,5291.29,6241.38,695.87,10.8,60,80.0,155.5,1,False
B_2plus1,2,1,PathA20G6_0,600.0,13189.61,13357.46,13189.61,1.3433,77.78,774.8,-358.41,942,1656.94,5291.29,6241.38,695.87,10.8,60,80.0,155.5,1,False
B_2plus1,2,1,PathA20G6_0,9999.0,13189.61,13357.46,13189.61,1.3433,77.78,774.8,-358.41,942,1656.94,5291.29,6241.38,695.87,10.8,60,80.0,155.5,1,False
B_2plus1,2,1,PathA50G4_0,300.0,13189.61,13357.46,13189.61,1.3433,77.78,774.8,-358.41,942,1656.94,5291.29,6241.38,695.87,10.8,60,80.0,155.5,1,False
B_2plus1,2,1,PathA50G4_0,450.0,13189.61,13357.46,13189.61,1.3433,77.78,774.8,-358.41,942,1656.94,5291.29,6241.38,695.87,10.8,60,80.0,155.5,1,False
B_2plus1,2,1,PathA50G4_0,600.0,13189.61,13357.46,13189.61,1.3433,77.78,774.8,-358.41,942,1656.94,5291.29,6241.38,695.87,10.8,60,80.0,155.5,1,False
B_2plus1,2,1,PathA50G4_0,9999.0,13189.61,13357.46,13189.61,1.3433,77.78,774.8,-358.41,942,1656.94,5291.29,6241.38,695.87,10.8,60,80.0,155.5,1,False
B_2plus1,2,1,PathA50G2_0,300.0,13186.18,13527.1,13186.18,1.3344,77.78,827.68,-388.65,984,1562.8,5155.72,6467.66,834.28,7.06,103,82.52,155.5,1,False
B_2plus1,2,1,PathA50G2_0,450.0,13186.18,13527.1,13186.18,1.3344,77.78,827.68,-388.65,984,1562.8,5155.72,6467.66,834.28,7.06,103,82.52,155.5,1,False
B_2plus1,2,1,PathA50G2_0,600.0,13186.18,13527.1,13186.18,1.3344,77.78,827.68,-388.65,984,1562.8,5155.72,6467.66,834.28,7.06,103,82.52,155.5,1,False
B_2plus1,2,1,PathA50G2_0,9999.0,13186.18,13527.1,13186.18,1.3344,77.78,827.68,-388.65,984,1562.8,5155.72,6467.66,834.28,7.06,103,82.52,155.5,1,False
B_2plus1,2,1,PathRiskA10G6_0,300.0,13154.03,13452.23,13154.03,1.3417,77.78,767.98,-402.61,945,1744.27,5332.98,6076.78,802.13,11.74,64,90.62,155.5,1,False
B_2plus1,2,1,PathRiskA10G6_0,450.0,13154.03,13452.23,13154.03,1.3417,77.78,767.98,-402.61,945,1744.27,5332.98,6076.78,802.13,11.74,64,90.62,155.5,1,False
B_2plus1,2,1,PathRiskA10G6_0,600.0,13154.03,13452.23,13154.03,1.3417,77.78,767.98,-402.61,945,1744.27,5332.98,6076.78,802.13,11.74,64,90.62,155.5,1,False
B_2plus1,2,1,PathRiskA10G6_0,9999.0,13154.03,13452.23,13154.03,1.3417,77.78,767.98,-402.61,945,1744.27,5332.98,6076.78,802.13,11.74,64,90.62,155.5,1,False
B_2plus1,2,1,PathQualityA50G1_0,300.0,13130.95,13523.15,13130.95,1.3226,77.78,861.79,-427.21,1042,1849.22,5026.23,6255.51,724.37,3.3,163,80.98,155.5,1,False
B_2plus1,2,1,PathQualityA50G1_0,450.0,13130.95,13523.15,13130.95,1.3226,77.78,861.79,-427.21,1042,1849.22,5026.23,6255.51,724.37,3.3,163,80.98,155.5,1,False
B_2plus1,2,1,PathQualityA50G1_0,600.0,13130.95,13523.15,13130.95,1.3226,77.78,861.79,-427.21,1042,1849.22,5026.23,6255.51,724.37,3.3,163,80.98,155.5,1,False
B_2plus1,2,1,PathQualityA50G1_0,9999.0,13130.95,13523.15,13130.95,1.3226,77.78,861.79,-427.21,1042,1849.22,5026.23,6255.51,724.37,3.3,163,80.98,155.5,1,False
B_2plus1,2,1,PathA10G4_0,300.0,13106.79,13394.13,13106.79,1.3351,77.78,803.0,-388.65,969,1690.26,5119.56,6296.98,754.89,7.58,88,79.55,155.5,1,False
B_2plus1,2,1,PathA10G4_0,450.0,13106.79,13394.13,13106.79,1.3351,77.78,803.0,-388.65,969,1690.26,5119.56,6296.98,754.89,7.58,88,79.55,155.5,1,False
B_2plus1,2,1,PathA10G4_0,600.0,13106.79,13394.13,13106.79,1.3351,77.78,803.0,-388.65,969,1690.26,5119.56,6296.98,754.89,7.58,88,79.55,155.5,1,False
B_2plus1,2,1,PathA10G4_0,9999.0,13106.79,13394.13,13106.79,1.3351,77.78,803.0,-388.65,969,1690.26,5119.56,6296.98,754.89,7.58,88,79.55,155.5,1,False
B_2plus1,2,1,PathSessionA10G6_0,300.0,13103.7,13391.04,13103.7,1.3398,77.78,774.8,-388.65,964,1744.8,5288.05,6070.85,751.8,8.08,82,73.17,155.5,1,False
B_2plus1,2,1,PathSessionA10G6_0,450.0,13103.7,13391.04,13103.7,1.3398,77.78,774.8,-388.65,964,1744.8,5288.05,6070.85,751.8,8.08,82,73.17,155.5,1,False
B_2plus1,2,1,PathSessionA10G6_0,600.0,13103.7,13391.04,13103.7,1.3398,77.78,774.8,-388.65,964,1744.8,5288.05,6070.85,751.8,8.08,82,73.17,155.5,1,False
B_2plus1,2,1,PathSessionA10G6_0,9999.0,13103.7,13391.04,13103.7,1.3398,77.78,774.8,-388.65,964,1744.8,5288.05,6070.85,751.8,8.08,82,73.17,155.5,1,False
B_2plus1,2,1,PathSessionA10G2_0,300.0,13087.01,13810.29,13087.01,1.3182,77.78,904.34,-493.62,1061,1707.94,4960.5,6418.57,1113.93,4.89,186,80.11,155.5,1,False
B_2plus1,2,1,PathSessionA10G2_0,450.0,13087.01,13810.29,13087.01,1.3182,77.78,904.34,-493.62,1061,1707.94,4960.5,6418.57,1113.93,4.89,186,80.11,155.5,1,False
B_2plus1,2,1,PathSessionA10G2_0,600.0,13087.01,13810.29,13087.01,1.3182,77.78,904.34,-493.62,1061,1707.94,4960.5,6418.57,1113.93,4.89,186,80.11,155.5,1,False
B_2plus1,2,1,PathSessionA10G2_0,9999.0,13087.01,13810.29,13087.01,1.3182,77.78,904.34,-493.62,1061,1707.94,4960.5,6418.57,1113.93,4.89,186,80.11,155.5,1,False
B_2plus1,2,1,PathRiskA10G0_0,300.0,13085.44,13432.63,13085.44,1.3239,77.78,841.96,-531.58,1024,1615.66,5284.06,6185.71,843.52,4.62,147,81.63,155.5,1,False
B_2plus1,2,1,PathRiskA10G0_0,450.0,13085.44,13432.63,13085.44,1.3239,77.78,841.96,-531.58,1024,1615.66,5284.06,6185.71,843.52,4.62,147,81.63,155.5,1,False
B_2plus1,2,1,PathRiskA10G0_0,600.0,13085.44,13432.63,13085.44,1.3239,77.78,841.96,-531.58,1024,1615.66,5284.06,6185.71,843.52,4.62,147,81.63,155.5,1,False
B_2plus1,2,1,PathRiskA10G0_0,9999.0,13085.44,13432.63,13085.44,1.3239,77.78,841.96,-531.58,1024,1615.66,5284.06,6185.71,843.52,4.62,147,81.63,155.5,1,False
B_2plus1,2,1,PathRiskA10G4_0,300.0,13077.48,13589.54,13077.48,1.3325,77.78,767.98,-480.22,974,1752.63,5108.39,6216.45,877.64,8.24,95,88.42,155.5,1,False
B_2plus1,2,1,PathRiskA10G4_0,450.0,13077.48,13589.54,13077.48,1.3325,77.78,767.98,-480.22,974,1752.63,5108.39,6216.45,877.64,8.24,95,88.42,155.5,1,False
B_2plus1,2,1,PathRiskA10G4_0,600.0,13077.48,13589.54,13077.48,1.3325,77.78,767.98,-480.22,974,1752.63,5108.39,6216.45,877.64,8.24,95,88.42,155.5,1,False
B_2plus1,2,1,PathRiskA10G4_0,9999.0,13077.48,13589.54,13077.48,1.3325,77.78,767.98,-480.22,974,1752.63,5108.39,6216.45,877.64,8.24,95,88.42,155.5,1,False
B_2plus1,2,1,PathSessionA10G4_0,300.0,13068.73,13347.92,13068.73,1.3367,77.78,803.0,-388.65,973,1762.16,5211.03,6095.54,716.83,6.76,91,72.53,155.5,1,False
B_2plus1,2,1,PathSessionA10G4_0,450.0,13068.73,13347.92,13068.73,1.3367,77.78,803.0,-388.65,973,1762.16,5211.03,6095.54,716.83,6.76,91,72.53,155.5,1,False
B_2plus1,2,1,PathSessionA10G4_0,600.0,13068.73,13347.92,13068.73,1.3367,77.78,803.0,-388.65,973,1762.16,5211.03,6095.54,716.83,6.76,91,72.53,155.5,1,False
B_2plus1,2,1,PathSessionA10G4_0,9999.0,13068.73,13347.92,13068.73,1.3367,77.78,803.0,-388.65,973,1762.16,5211.03,6095.54,716.83,6.76,91,72.53,155.5,1,False
B_2plus1,2,1,SQ60,300.0,13066.1,13162.83,13066.1,1.3131,77.78,855.2,-493.17,1081,2162.72,4920.17,5983.21,725.69,2.34,206,88.83,155.5,1,False
B_2plus1,2,1,SQ60,450.0,13066.1,13162.83,13066.1,1.3131,77.78,855.2,-493.17,1081,2162.72,4920.17,5983.21,725.69,2.34,206,88.83,155.5,1,False
B_2plus1,2,1,SQ60,600.0,13066.1,13162.83,13066.1,1.3131,77.78,855.2,-493.17,1081,2162.72,4920.17,5983.21,725.69,2.34,206,88.83,155.5,1,False
B_2plus1,2,1,SQ60,9999.0,13066.1,13162.83,13066.1,1.3131,77.78,855.2,-493.17,1081,2162.72,4920.17,5983.21,725.69,2.34,206,88.83,155.5,1,False
B_2plus1,2,1,PathSessionA10G0_0,300.0,13051.65,13945.23,13051.65,1.3096,74.07,812.01,-616.77,1111,1384.57,4992.52,6674.56,1170.76,3.74,240,78.75,155.5,1,False
B_2plus1,2,1,PathSessionA10G0_0,450.0,13051.65,13945.23,13051.65,1.3096,74.07,812.01,-616.77,1111,1384.57,4992.52,6674.56,1170.76,3.74,240,78.75,155.5,1,False
B_2plus1,2,1,PathSessionA10G0_0,600.0,13051.65,13945.23,13051.65,1.3096,74.07,812.01,-616.77,1111,1384.57,4992.52,6674.56,1170.76,3.74,240,78.75,155.5,1,False
B_2plus1,2,1,PathSessionA10G0_0,9999.0,13051.65,13945.23,13051.65,1.3096,74.07,812.01,-616.77,1111,1384.57,4992.52,6674.56,1170.76,3.74,240,78.75,155.5,1,False
B_2plus1,2,1,PathA20G4_0,300.0,13047.55,13340.91,13047.55,1.3351,77.78,774.8,-388.65,955,1656.94,5093.63,6296.98,695.65,8.46,74,79.73,155.5,1,False
B_2plus1,2,1,PathA20G4_0,450.0,13047.55,13340.91,13047.55,1.3351,77.78,774.8,-388.65,955,1656.94,5093.63,6296.98,695.65,8.46,74,79.73,155.5,1,False
B_2plus1,2,1,PathA20G4_0,600.0,13047.55,13340.91,13047.55,1.3351,77.78,774.8,-388.65,955,1656.94,5093.63,6296.98,695.65,8.46,74,79.73,155.5,1,False
B_2plus1,2,1,PathA20G4_0,9999.0,13047.55,13340.91,13047.55,1.3351,77.78,774.8,-388.65,955,1656.94,5093.63,6296.98,695.65,8.46,74,79.73,155.5,1,False
B_2plus1,2,1,PathRiskA10G2_0,300.0,13034.99,13580.05,13034.99,1.3289,77.78,767.98,-482.33,986,1807.04,5081.85,6146.1,835.14,6.75,107,87.85,155.5,1,False
B_2plus1,2,1,PathRiskA10G2_0,450.0,13034.99,13580.05,13034.99,1.3289,77.78,767.98,-482.33,986,1807.04,5081.85,6146.1,835.14,6.75,107,87.85,155.5,1,False
B_2plus1,2,1,PathRiskA10G2_0,600.0,13034.99,13580.05,13034.99,1.3289,77.78,767.98,-482.33,986,1807.04,5081.85,6146.1,835.14,6.75,107,87.85,155.5,1,False
B_2plus1,2,1,PathRiskA10G2_0,9999.0,13034.99,13580.05,13034.99,1.3289,77.78,767.98,-482.33,986,1807.04,5081.85,6146.1,835.14,6.75,107,87.85,155.5,1,False
B_2plus1,2,1,PathA10G2_0,300.0,13034.33,13558.64,13034.33,1.3276,77.78,864.89,-533.09,994,1500.67,5102.46,6431.21,827.17,6.19,114,82.46,155.5,1,False
B_2plus1,2,1,PathA10G2_0,450.0,13034.33,13558.64,13034.33,1.3276,77.78,864.89,-533.09,994,1500.67,5102.46,6431.21,827.17,6.19,114,82.46,155.5,1,False
B_2plus1,2,1,PathA10G2_0,600.0,13034.33,13558.64,13034.33,1.3276,77.78,864.89,-533.09,994,1500.67,5102.46,6431.21,827.17,6.19,114,82.46,155.5,1,False
B_2plus1,2,1,PathA10G2_0,9999.0,13034.33,13558.64,13034.33,1.3276,77.78,864.89,-533.09,994,1500.67,5102.46,6431.21,827.17,6.19,114,82.46,155.5,1,False
B_2plus1,2,1,PathRiskA20G2_0,300.0,13030.35,13541.86,13030.35,1.3291,77.78,767.98,-482.33,984,1807.04,5053.31,6170.0,830.51,6.86,105,88.57,155.5,1,False
B_2plus1,2,1,PathRiskA20G2_0,450.0,13030.35,13541.86,13030.35,1.3291,77.78,767.98,-482.33,984,1807.04,5053.31,6170.0,830.51,6.86,105,88.57,155.5,1,False
B_2plus1,2,1,PathRiskA20G2_0,600.0,13030.35,13541.86,13030.35,1.3291,77.78,767.98,-482.33,984,1807.04,5053.31,6170.0,830.51,6.86,105,88.57,155.5,1,False
B_2plus1,2,1,PathRiskA20G2_0,9999.0,13030.35,13541.86,13030.35,1.3291,77.78,767.98,-482.33,984,1807.04,5053.31,6170.0,830.51,6.86,105,88.57,155.5,1,False
B_2plus1,2,1,PathSessionA20G2_0,300.0,13015.98,13744.76,13015.98,1.3189,77.78,822.53,-513.22,1057,1759.18,4959.36,6297.44,1042.9,4.63,181,79.01,155.5,1,False
B_2plus1,2,1,PathSessionA20G2_0,450.0,13015.98,13744.76,13015.98,1.3189,77.78,822.53,-513.22,1057,1759.18,4959.36,6297.44,1042.9,4.63,181,79.01,155.5,1,False
B_2plus1,2,1,PathSessionA20G2_0,600.0,13015.98,13744.76,13015.98,1.3189,77.78,822.53,-513.22,1057,1759.18,4959.36,6297.44,1042.9,4.63,181,79.01,155.5,1,False
B_2plus1,2,1,PathSessionA20G2_0,9999.0,13015.98,13744.76,13015.98,1.3189,77.78,822.53,-513.22,1057,1759.18,4959.36,6297.44,1042.9,4.63,181,79.01,155.5,1,False
B_2plus1,2,1,PathRiskA50G2_0,300.0,13013.89,13567.04,13013.89,1.33,77.78,767.98,-480.22,976,1807.04,5067.3,6139.55,814.05,7.37,97,87.63,155.5,1,False
B_2plus1,2,1,PathRiskA50G2_0,450.0,13013.89,13567.04,13013.89,1.33,77.78,767.98,-480.22,976,1807.04,5067.3,6139.55,814.05,7.37,97,87.63,155.5,1,False
B_2plus1,2,1,PathRiskA50G2_0,600.0,13013.89,13567.04,13013.89,1.33,77.78,767.98,-480.22,976,1807.04,5067.3,6139.55,814.05,7.37,97,87.63,155.5,1,False
B_2plus1,2,1,PathRiskA50G2_0,9999.0,13013.89,13567.04,13013.89,1.33,77.78,767.98,-480.22,976,1807.04,5067.3,6139.55,814.05,7.37,97,87.63,155.5,1,False
B_2plus1,2,1,PathSessionA50G6_0,300.0,13013.87,13221.45,13013.87,1.3483,77.78,774.8,-358.41,910,1766.04,5388.26,5859.57,520.13,18.8,27,77.78,155.5,1,False
B_2plus1,2,1,PathSessionA50G6_0,450.0,13013.87,13221.45,13013.87,1.3483,77.78,774.8,-358.41,910,1766.04,5388.26,5859.57,520.13,18.8,27,77.78,155.5,1,False
B_2plus1,2,1,PathSessionA50G6_0,600.0,13013.87,13221.45,13013.87,1.3483,77.78,774.8,-358.41,910,1766.04,5388.26,5859.57,520.13,18.8,27,77.78,155.5,1,False
B_2plus1,2,1,PathSessionA50G6_0,9999.0,13013.87,13221.45,13013.87,1.3483,77.78,774.8,-358.41,910,1766.04,5388.26,5859.57,520.13,18.8,27,77.78,155.5,1,False
B_2plus1,2,1,PathRiskA20G4_0,300.0,13009.61,13479.92,13009.61,1.3338,77.78,767.98,-480.22,958,1852.22,5117.06,6040.33,802.45,9.36,78,89.74,155.5,1,False
B_2plus1,2,1,PathRiskA20G4_0,450.0,13009.61,13479.92,13009.61,1.3338,77.78,767.98,-480.22,958,1852.22,5117.06,6040.33,802.45,9.36,78,89.74,155.5,1,False
B_2plus1,2,1,PathRiskA20G4_0,600.0,13009.61,13479.92,13009.61,1.3338,77.78,767.98,-480.22,958,1852.22,5117.06,6040.33,802.45,9.36,78,89.74,155.5,1,False
B_2plus1,2,1,PathRiskA20G4_0,9999.0,13009.61,13479.92,13009.61,1.3338,77.78,767.98,-480.22,958,1852.22,5117.06,6040.33,802.45,9.36,78,89.74,155.5,1,False
B_2plus1,2,1,PathQualityA50G6_0,300.0,12993.55,13295.0,12993.55,1.3415,77.78,774.8,-379.55,926,1857.76,5101.61,6034.18,641.65,13.72,45,75.56,154.25,1,False
B_2plus1,2,1,PathQualityA50G6_0,450.0,12993.55,13295.0,12993.55,1.3415,77.78,774.8,-379.55,926,1857.76,5101.61,6034.18,641.65,13.72,45,75.56,154.25,1,False
B_2plus1,2,1,PathQualityA50G6_0,600.0,12993.55,13295.0,12993.55,1.3415,77.78,774.8,-379.55,926,1857.76,5101.61,6034.18,641.65,13.72,45,75.56,154.25,1,False
B_2plus1,2,1,PathQualityA50G6_0,9999.0,12993.55,13295.0,12993.55,1.3415,77.78,774.8,-379.55,926,1857.76,5101.61,6034.18,641.65,13.72,45,75.56,154.25,1,False
B_2plus1,2,1,PathQualityA20G2_0,300.0,12979.19,13312.68,12979.19,1.3205,77.78,824.5,-424.33,1025,1530.75,5075.1,6373.34,634.61,3.24,145,77.93,155.5,1,False
B_2plus1,2,1,PathQualityA20G2_0,450.0,12979.19,13312.68,12979.19,1.3205,77.78,824.5,-424.33,1025,1530.75,5075.1,6373.34,634.61,3.24,145,77.93,155.5,1,False
B_2plus1,2,1,PathQualityA20G2_0,600.0,12979.19,13312.68,12979.19,1.3205,77.78,824.5,-424.33,1025,1530.75,5075.1,6373.34,634.61,3.24,145,77.93,155.5,1,False
B_2plus1,2,1,PathQualityA20G2_0,9999.0,12979.19,13312.68,12979.19,1.3205,77.78,824.5,-424.33,1025,1530.75,5075.1,6373.34,634.61,3.24,145,77.93,155.5,1,False
B_2plus1,2,1,PathA50G6_0,300.0,12973.95,13140.89,12973.95,1.3381,77.78,774.8,-358.41,933,1670.0,5198.71,6105.25,480.21,8.6,51,82.35,154.25,1,False
B_2plus1,2,1,PathA50G6_0,450.0,12973.95,13140.89,12973.95,1.3381,77.78,774.8,-358.41,933,1670.0,5198.71,6105.25,480.21,8.6,51,82.35,154.25,1,False
B_2plus1,2,1,PathA50G6_0,600.0,12973.95,13140.89,12973.95,1.3381,77.78,774.8,-358.41,933,1670.0,5198.71,6105.25,480.21,8.6,51,82.35,154.25,1,False
B_2plus1,2,1,PathA50G6_0,9999.0,12973.95,13140.89,12973.95,1.3381,77.78,774.8,-358.41,933,1670.0,5198.71,6105.25,480.21,8.6,51,82.35,154.25,1,False
B_2plus1,2,1,PathRiskA50G0_0,300.0,12970.64,13675.18,12970.64,1.3142,77.78,828.01,-546.07,1071,1550.7,5113.5,6306.44,1016.29,4.01,197,78.17,155.5,1,False
B_2plus1,2,1,PathRiskA50G0_0,450.0,12970.64,13675.18,12970.64,1.3142,77.78,828.01,-546.07,1071,1550.7,5113.5,6306.44,1016.29,4.01,197,78.17,155.5,1,False
B_2plus1,2,1,PathRiskA50G0_0,600.0,12970.64,13675.18,12970.64,1.3142,77.78,828.01,-546.07,1071,1550.7,5113.5,6306.44,1016.29,4.01,197,78.17,155.5,1,False
B_2plus1,2,1,PathRiskA50G0_0,9999.0,12970.64,13675.18,12970.64,1.3142,77.78,828.01,-546.07,1071,1550.7,5113.5,6306.44,1016.29,4.01,197,78.17,155.5,1,False
B_2plus1,2,1,PathSessionA20G4_0,300.0,12959.67,13238.86,12959.67,1.3341,77.78,803.0,-388.65,967,1762.98,5211.03,5985.66,607.77,6.04,85,72.94,155.5,1,False
B_2plus1,2,1,PathSessionA20G4_0,450.0,12959.67,13238.86,12959.67,1.3341,77.78,803.0,-388.65,967,1762.98,5211.03,5985.66,607.77,6.04,85,72.94,155.5,1,False
B_2plus1,2,1,PathSessionA20G4_0,600.0,12959.67,13238.86,12959.67,1.3341,77.78,803.0,-388.65,967,1762.98,5211.03,5985.66,607.77,6.04,85,72.94,155.5,1,False
B_2plus1,2,1,PathSessionA20G4_0,9999.0,12959.67,13238.86,12959.67,1.3341,77.78,803.0,-388.65,967,1762.98,5211.03,5985.66,607.77,6.04,85,72.94,155.5,1,False
B_2plus1,2,1,PathA50G0_0,300.0,12935.9,13549.64,12935.9,1.3115,74.07,882.56,-459.89,1065,1463.98,5106.14,6365.78,926.33,3.7,191,83.77,155.5,1,False
B_2plus1,2,1,PathA50G0_0,450.0,12935.9,13549.64,12935.9,1.3115,74.07,882.56,-459.89,1065,1463.98,5106.14,6365.78,926.33,3.7,191,83.77,155.5,1,False
B_2plus1,2,1,PathA50G0_0,600.0,12935.9,13549.64,12935.9,1.3115,74.07,882.56,-459.89,1065,1463.98,5106.14,6365.78,926.33,3.7,191,83.77,155.5,1,False
B_2plus1,2,1,PathA50G0_0,9999.0,12935.9,13549.64,12935.9,1.3115,74.07,882.56,-459.89,1065,1463.98,5106.14,6365.78,926.33,3.7,191,83.77,155.5,1,False
B_2plus1,2,1,PathRiskA10G1_0,300.0,12925.73,13444.29,12925.73,1.3223,77.78,831.85,-482.33,1005,1713.04,5154.72,6057.97,725.89,4.65,126,83.33,155.5,1,False
B_2plus1,2,1,PathRiskA10G1_0,450.0,12925.73,13444.29,12925.73,1.3223,77.78,831.85,-482.33,1005,1713.04,5154.72,6057.97,725.89,4.65,126,83.33,155.5,1,False
B_2plus1,2,1,PathRiskA10G1_0,600.0,12925.73,13444.29,12925.73,1.3223,77.78,831.85,-482.33,1005,1713.04,5154.72,6057.97,725.89,4.65,126,83.33,155.5,1,False
B_2plus1,2,1,PathRiskA10G1_0,9999.0,12925.73,13444.29,12925.73,1.3223,77.78,831.85,-482.33,1005,1713.04,5154.72,6057.97,725.89,4.65,126,83.33,155.5,1,False
B_2plus1,2,1,PathQualityA10G1_0,300.0,12924.31,13324.38,12924.31,1.3155,77.78,831.33,-424.33,1042,1598.1,5052.15,6274.06,579.73,2.42,162,79.01,155.5,1,False
B_2plus1,2,1,PathQualityA10G1_0,450.0,12924.31,13324.38,12924.31,1.3155,77.78,831.33,-424.33,1042,1598.1,5052.15,6274.06,579.73,2.42,162,79.01,155.5,1,False
B_2plus1,2,1,PathQualityA10G1_0,600.0,12924.31,13324.38,12924.31,1.3155,77.78,831.33,-424.33,1042,1598.1,5052.15,6274.06,579.73,2.42,162,79.01,155.5,1,False
B_2plus1,2,1,PathQualityA10G1_0,9999.0,12924.31,13324.38,12924.31,1.3155,77.78,831.33,-424.33,1042,1598.1,5052.15,6274.06,579.73,2.42,162,79.01,155.5,1,False
B_2plus1,2,1,PathQualityA20G1_0,300.0,12924.31,13319.29,12924.31,1.3155,77.78,831.33,-424.33,1042,1598.1,5052.15,6274.06,579.73,2.42,162,79.01,155.5,1,False
B_2plus1,2,1,PathQualityA20G1_0,450.0,12924.31,13319.29,12924.31,1.3155,77.78,831.33,-424.33,1042,1598.1,5052.15,6274.06,579.73,2.42,162,79.01,155.5,1,False
B_2plus1,2,1,PathQualityA20G1_0,600.0,12924.31,13319.29,12924.31,1.3155,77.78,831.33,-424.33,1042,1598.1,5052.15,6274.06,579.73,2.42,162,79.01,155.5,1,False
B_2plus1,2,1,PathQualityA20G1_0,9999.0,12924.31,13319.29,12924.31,1.3155,77.78,831.33,-424.33,1042,1598.1,5052.15,6274.06,579.73,2.42,162,79.01,155.5,1,False
B_2plus1,2,1,PathQualityA50G2_0,300.0,12924.24,13239.1,12924.24,1.3247,77.78,824.5,-381.65,997,1531.66,5136.17,6256.41,579.66,3.84,117,78.63,155.5,1,False
B_2plus1,2,1,PathQualityA50G2_0,450.0,12924.24,13239.1,12924.24,1.3247,77.78,824.5,-381.65,997,1531.66,5136.17,6256.41,579.66,3.84,117,78.63,155.5,1,False
B_2plus1,2,1,PathQualityA50G2_0,600.0,12924.24,13239.1,12924.24,1.3247,77.78,824.5,-381.65,997,1531.66,5136.17,6256.41,579.66,3.84,117,78.63,155.5,1,False
B_2plus1,2,1,PathQualityA50G2_0,9999.0,12924.24,13239.1,12924.24,1.3247,77.78,824.5,-381.65,997,1531.66,5136.17,6256.41,579.66,3.84,117,78.63,155.5,1,False
B_2plus1,2,1,PathSessionA10G1_0,300.0,12881.07,13797.25,12881.07,1.3055,74.07,803.77,-639.37,1102,1421.0,4930.43,6529.65,1000.19,3.19,231,79.22,155.5,1,False
B_2plus1,2,1,PathSessionA10G1_0,450.0,12881.07,13797.25,12881.07,1.3055,74.07,803.77,-639.37,1102,1421.0,4930.43,6529.65,1000.19,3.19,231,79.22,155.5,1,False
B_2plus1,2,1,PathSessionA10G1_0,600.0,12881.07,13797.25,12881.07,1.3055,74.07,803.77,-639.37,1102,1421.0,4930.43,6529.65,1000.19,3.19,231,79.22,155.5,1,False
B_2plus1,2,1,PathSessionA10G1_0,9999.0,12881.07,13797.25,12881.07,1.3055,74.07,803.77,-639.37,1102,1421.0,4930.43,6529.65,1000.19,3.19,231,79.22,155.5,1,False
B_2plus1,2,1,PathA10G1_0,300.0,12879.02,13450.77,12879.02,1.3163,74.07,864.89,-533.09,1023,1345.36,5102.46,6431.21,679.18,3.58,144,83.33,155.5,1,False
B_2plus1,2,1,PathA10G1_0,450.0,12879.02,13450.77,12879.02,1.3163,74.07,864.89,-533.09,1023,1345.36,5102.46,6431.21,679.18,3.58,144,83.33,155.5,1,False
B_2plus1,2,1,PathA10G1_0,600.0,12879.02,13450.77,12879.02,1.3163,74.07,864.89,-533.09,1023,1345.36,5102.46,6431.21,679.18,3.58,144,83.33,155.5,1,False
B_2plus1,2,1,PathA10G1_0,9999.0,12879.02,13450.77,12879.02,1.3163,74.07,864.89,-533.09,1023,1345.36,5102.46,6431.21,679.18,3.58,144,83.33,155.5,1,False
B_2plus1,2,1,PathA20G1_0,300.0,12879.02,13450.77,12879.02,1.3163,74.07,864.89,-533.09,1023,1345.36,5102.46,6431.21,679.18,3.58,144,83.33,155.5,1,False
B_2plus1,2,1,PathA20G1_0,450.0,12879.02,13450.77,12879.02,1.3163,74.07,864.89,-533.09,1023,1345.36,5102.46,6431.21,679.18,3.58,144,83.33,155.5,1,False
B_2plus1,2,1,PathA20G1_0,600.0,12879.02,13450.77,12879.02,1.3163,74.07,864.89,-533.09,1023,1345.36,5102.46,6431.21,679.18,3.58,144,83.33,155.5,1,False
B_2plus1,2,1,PathA20G1_0,9999.0,12879.02,13450.77,12879.02,1.3163,74.07,864.89,-533.09,1023,1345.36,5102.46,6431.21,679.18,3.58,144,83.33,155.5,1,False
B_2plus1,2,1,PathQualityA10G0_0,300.0,12875.64,13615.96,12875.64,1.3071,77.78,833.44,-553.29,1078,1572.85,5028.73,6274.06,611.99,1.88,201,80.1,155.5,1,False
B_2plus1,2,1,PathQualityA10G0_0,450.0,12875.64,13615.96,12875.64,1.3071,77.78,833.44,-553.29,1078,1572.85,5028.73,6274.06,611.99,1.88,201,80.1,155.5,1,False
B_2plus1,2,1,PathQualityA10G0_0,600.0,12875.64,13615.96,12875.64,1.3071,77.78,833.44,-553.29,1078,1572.85,5028.73,6274.06,611.99,1.88,201,80.1,155.5,1,False
B_2plus1,2,1,PathQualityA10G0_0,9999.0,12875.64,13615.96,12875.64,1.3071,77.78,833.44,-553.29,1078,1572.85,5028.73,6274.06,611.99,1.88,201,80.1,155.5,1,False
B_2plus1,2,1,PathA50G1_0,300.0,12872.94,13444.68,12872.94,1.3159,74.07,883.1,-533.09,1025,1339.27,5102.46,6431.21,673.09,3.47,146,82.88,155.5,1,False
B_2plus1,2,1,PathA50G1_0,450.0,12872.94,13444.68,12872.94,1.3159,74.07,883.1,-533.09,1025,1339.27,5102.46,6431.21,673.09,3.47,146,82.88,155.5,1,False
B_2plus1,2,1,PathA50G1_0,600.0,12872.94,13444.68,12872.94,1.3159,74.07,883.1,-533.09,1025,1339.27,5102.46,6431.21,673.09,3.47,146,82.88,155.5,1,False
B_2plus1,2,1,PathA50G1_0,9999.0,12872.94,13444.68,12872.94,1.3159,74.07,883.1,-533.09,1025,1339.27,5102.46,6431.21,673.09,3.47,146,82.88,155.5,1,False
B_2plus1,2,1,PathRiskA20G1_0,300.0,12850.67,13369.23,12850.67,1.319,77.78,841.96,-482.33,1009,1637.98,5154.72,6057.97,650.82,3.88,130,83.85,155.5,1,False
B_2plus1,2,1,PathRiskA20G1_0,450.0,12850.67,13369.23,12850.67,1.319,77.78,841.96,-482.33,1009,1637.98,5154.72,6057.97,650.82,3.88,130,83.85,155.5,1,False
B_2plus1,2,1,PathRiskA20G1_0,600.0,12850.67,13369.23,12850.67,1.319,77.78,841.96,-482.33,1009,1637.98,5154.72,6057.97,650.82,3.88,130,83.85,155.5,1,False
B_2plus1,2,1,PathRiskA20G1_0,9999.0,12850.67,13369.23,12850.67,1.319,77.78,841.96,-482.33,1009,1637.98,5154.72,6057.97,650.82,3.88,130,83.85,155.5,1,False
B_2plus1,2,1,PathSessionA50G4_0,300.0,12849.55,13141.66,12849.55,1.335,77.78,774.8,-388.65,944,1765.19,5190.78,5893.57,497.65,6.96,62,75.81,155.5,1,False
B_2plus1,2,1,PathSessionA50G4_0,450.0,12849.55,13141.66,12849.55,1.335,77.78,774.8,-388.65,944,1765.19,5190.78,5893.57,497.65,6.96,62,75.81,155.5,1,False
B_2plus1,2,1,PathSessionA50G4_0,600.0,12849.55,13141.66,12849.55,1.335,77.78,774.8,-388.65,944,1765.19,5190.78,5893.57,497.65,6.96,62,75.81,155.5,1,False
B_2plus1,2,1,PathSessionA50G4_0,9999.0,12849.55,13141.66,12849.55,1.335,77.78,774.8,-388.65,944,1765.19,5190.78,5893.57,497.65,6.96,62,75.81,155.5,1,False
B_2plus1,2,1,Regime40,300.0,12849.48,13179.77,12849.48,1.3069,74.07,816.02,-495.34,1075,1970.35,4819.53,6059.59,647.83,2.12,196,89.29,155.5,1,False
B_2plus1,2,1,Regime40,450.0,12849.48,13179.77,12849.48,1.3069,74.07,816.02,-495.34,1075,1970.35,4819.53,6059.59,647.83,2.12,196,89.29,155.5,1,False
B_2plus1,2,1,Regime40,600.0,12849.48,13179.77,12849.48,1.3069,74.07,816.02,-495.34,1075,1970.35,4819.53,6059.59,647.83,2.12,196,89.29,155.5,1,False
B_2plus1,2,1,Regime40,9999.0,12849.48,13179.77,12849.48,1.3069,74.07,816.02,-495.34,1075,1970.35,4819.53,6059.59,647.83,2.12,196,89.29,155.5,1,False
B_2plus1,2,1,PathSessionA20G1_0,300.0,12845.28,13790.76,12845.28,1.3051,74.07,803.77,-639.37,1098,1406.09,4930.43,6508.76,964.4,3.11,227,78.85,155.5,1,False
B_2plus1,2,1,PathSessionA20G1_0,450.0,12845.28,13790.76,12845.28,1.3051,74.07,803.77,-639.37,1098,1406.09,4930.43,6508.76,964.4,3.11,227,78.85,155.5,1,False
B_2plus1,2,1,PathSessionA20G1_0,600.0,12845.28,13790.76,12845.28,1.3051,74.07,803.77,-639.37,1098,1406.09,4930.43,6508.76,964.4,3.11,227,78.85,155.5,1,False
B_2plus1,2,1,PathSessionA20G1_0,9999.0,12845.28,13790.76,12845.28,1.3051,74.07,803.77,-639.37,1098,1406.09,4930.43,6508.76,964.4,3.11,227,78.85,155.5,1,False
B_2plus1,2,1,PathQualityA10G2_0,300.0,12831.76,13250.12,12831.76,1.315,77.78,824.5,-424.33,1028,1482.6,5026.23,6322.93,487.18,2.14,148,77.03,155.5,1,False
B_2plus1,2,1,PathQualityA10G2_0,450.0,12831.76,13250.12,12831.76,1.315,77.78,824.5,-424.33,1028,1482.6,5026.23,6322.93,487.18,2.14,148,77.03,155.5,1,False
B_2plus1,2,1,PathQualityA10G2_0,600.0,12831.76,13250.12,12831.76,1.315,77.78,824.5,-424.33,1028,1482.6,5026.23,6322.93,487.18,2.14,148,77.03,155.5,1,False
B_2plus1,2,1,PathQualityA10G2_0,9999.0,12831.76,13250.12,12831.76,1.315,77.78,824.5,-424.33,1028,1482.6,5026.23,6322.93,487.18,2.14,148,77.03,155.5,1,False
B_2plus1,2,1,PathSessionA50G1_0,300.0,12821.75,13722.3,12821.75,1.3048,74.07,803.77,-616.77,1097,1429.5,4883.48,6508.76,940.86,3.02,226,78.76,155.5,1,False
B_2plus1,2,1,PathSessionA50G1_0,450.0,12821.75,13722.3,12821.75,1.3048,74.07,803.77,-616.77,1097,1429.5,4883.48,6508.76,940.86,3.02,226,78.76,155.5,1,False
B_2plus1,2,1,PathSessionA50G1_0,600.0,12821.75,13722.3,12821.75,1.3048,74.07,803.77,-616.77,1097,1429.5,4883.48,6508.76,940.86,3.02,226,78.76,155.5,1,False
B_2plus1,2,1,PathSessionA50G1_0,9999.0,12821.75,13722.3,12821.75,1.3048,74.07,803.77,-616.77,1097,1429.5,4883.48,6508.76,940.86,3.02,226,78.76,155.5,1,False
B_2plus1,2,1,PathSessionA20G6_0,300.0,12817.34,13103.77,12817.34,1.3343,77.78,774.8,-388.65,942,1708.02,5230.89,5878.42,465.44,6.69,60,75.0,155.5,1,False
B_2plus1,2,1,PathSessionA20G6_0,450.0,12817.34,13103.77,12817.34,1.3343,77.78,774.8,-388.65,942,1708.02,5230.89,5878.42,465.44,6.69,60,75.0,155.5,1,False
B_2plus1,2,1,PathSessionA20G6_0,600.0,12817.34,13103.77,12817.34,1.3343,77.78,774.8,-388.65,942,1708.02,5230.89,5878.42,465.44,6.69,60,75.0,155.5,1,False
B_2plus1,2,1,PathSessionA20G6_0,9999.0,12817.34,13103.77,12817.34,1.3343,77.78,774.8,-388.65,942,1708.02,5230.89,5878.42,465.44,6.69,60,75.0,155.5,1,False
B_2plus1,2,1,PathRiskA50G1_0,300.0,12769.89,13266.12,12769.89,1.3169,77.78,841.96,-482.33,1006,1630.07,5081.85,6057.97,570.04,3.36,127,85.83,155.5,1,False
B_2plus1,2,1,PathRiskA50G1_0,450.0,12769.89,13266.12,12769.89,1.3169,77.78,841.96,-482.33,1006,1630.07,5081.85,6057.97,570.04,3.36,127,85.83,155.5,1,False
B_2plus1,2,1,PathRiskA50G1_0,600.0,12769.89,13266.12,12769.89,1.3169,77.78,841.96,-482.33,1006,1630.07,5081.85,6057.97,570.04,3.36,127,85.83,155.5,1,False
B_2plus1,2,1,PathRiskA50G1_0,9999.0,12769.89,13266.12,12769.89,1.3169,77.78,841.96,-482.33,1006,1630.07,5081.85,6057.97,570.04,3.36,127,85.83,155.5,1,False
B_2plus1,2,1,ExpansionOnly:LongFailureRetestQuality+LongFailureObservationLowRR,300.0,12762.21,12952.93,12762.21,1.3306,74.07,780.62,-358.41,983,1832.39,5261.92,5667.9,213.79,0.92,101,32.67,153.5,1,False
B_2plus1,2,1,ExpansionOnly:LongFailureRetestQuality+LongFailureObservationLowRR,450.0,12762.21,12952.93,12762.21,1.3306,74.07,780.62,-358.41,983,1832.39,5261.92,5667.9,213.79,0.92,101,32.67,153.5,1,False
B_2plus1,2,1,ExpansionOnly:LongFailureRetestQuality+LongFailureObservationLowRR,600.0,12762.21,12952.93,12762.21,1.3306,74.07,780.62,-358.41,983,1832.39,5261.92,5667.9,213.79,0.92,101,32.67,153.5,1,False
B_2plus1,2,1,ExpansionOnly:LongFailureRetestQuality+LongFailureObservationLowRR,9999.0,12762.21,12952.93,12762.21,1.3306,74.07,780.62,-358.41,983,1832.39,5261.92,5667.9,213.79,0.92,101,32.67,153.5,1,False
B_2plus1,2,1,PathA10G0_0,300.0,12741.52,13355.26,12741.52,1.3052,74.07,925.33,-479.48,1063,1289.19,5086.55,6365.78,731.95,2.71,189,83.07,155.5,1,False
B_2plus1,2,1,PathA10G0_0,450.0,12741.52,13355.26,12741.52,1.3052,74.07,925.33,-479.48,1063,1289.19,5086.55,6365.78,731.95,2.71,189,83.07,155.5,1,False
B_2plus1,2,1,PathA10G0_0,600.0,12741.52,13355.26,12741.52,1.3052,74.07,925.33,-479.48,1063,1289.19,5086.55,6365.78,731.95,2.71,189,83.07,155.5,1,False
B_2plus1,2,1,PathA10G0_0,9999.0,12741.52,13355.26,12741.52,1.3052,74.07,925.33,-479.48,1063,1289.19,5086.55,6365.78,731.95,2.71,189,83.07,155.5,1,False
B_2plus1,2,1,PathA20G0_0,300.0,12741.52,13355.26,12741.52,1.3052,74.07,925.33,-479.48,1063,1289.19,5086.55,6365.78,731.95,2.71,189,83.07,155.5,1,False
B_2plus1,2,1,PathA20G0_0,450.0,12741.52,13355.26,12741.52,1.3052,74.07,925.33,-479.48,1063,1289.19,5086.55,6365.78,731.95,2.71,189,83.07,155.5,1,False
B_2plus1,2,1,PathA20G0_0,600.0,12741.52,13355.26,12741.52,1.3052,74.07,925.33,-479.48,1063,1289.19,5086.55,6365.78,731.95,2.71,189,83.07,155.5,1,False
B_2plus1,2,1,PathA20G0_0,9999.0,12741.52,13355.26,12741.52,1.3052,74.07,925.33,-479.48,1063,1289.19,5086.55,6365.78,731.95,2.71,189,83.07,155.5,1,False
B_2plus1,2,1,All,300.0,12741.13,13303.41,12741.13,1.2857,77.78,928.67,-447.67,1205,1478.52,5144.09,6118.52,933.89,1.54,344,81.4,155.5,1,False
B_2plus1,2,1,All,450.0,12741.13,13303.41,12741.13,1.2857,77.78,928.67,-447.67,1205,1478.52,5144.09,6118.52,933.89,1.54,344,81.4,155.5,1,False
B_2plus1,2,1,All,600.0,12741.13,13303.41,12741.13,1.2857,77.78,928.67,-447.67,1205,1478.52,5144.09,6118.52,933.89,1.54,344,81.4,155.5,1,False
B_2plus1,2,1,All,9999.0,12741.13,13303.41,12741.13,1.2857,77.78,928.67,-447.67,1205,1478.52,5144.09,6118.52,933.89,1.54,344,81.4,155.5,1,False
B_2plus1,2,1,ShortOnly,300.0,12733.16,13462.4,12733.16,1.3015,77.78,765.35,-514.63,1092,1655.33,5241.09,5836.74,790.51,2.51,216,75.93,155.5,1,False
B_2plus1,2,1,ShortOnly,450.0,12733.16,13462.4,12733.16,1.3015,77.78,765.35,-514.63,1092,1655.33,5241.09,5836.74,790.51,2.51,216,75.93,155.5,1,False
B_2plus1,2,1,ShortOnly,600.0,12733.16,13462.4,12733.16,1.3015,77.78,765.35,-514.63,1092,1655.33,5241.09,5836.74,790.51,2.51,216,75.93,155.5,1,False
B_2plus1,2,1,ShortOnly,9999.0,12733.16,13462.4,12733.16,1.3015,77.78,765.35,-514.63,1092,1655.33,5241.09,5836.74,790.51,2.51,216,75.93,155.5,1,False
B_2plus1,2,1,PathSessionA50G2_0,300.0,12687.69,13312.22,12687.69,1.3105,77.78,822.53,-513.22,1043,1759.18,4850.98,6077.53,714.62,3.13,167,79.04,155.5,1,False
B_2plus1,2,1,PathSessionA50G2_0,450.0,12687.69,13312.22,12687.69,1.3105,77.78,822.53,-513.22,1043,1759.18,4850.98,6077.53,714.62,3.13,167,79.04,155.5,1,False
B_2plus1,2,1,PathSessionA50G2_0,600.0,12687.69,13312.22,12687.69,1.3105,77.78,822.53,-513.22,1043,1759.18,4850.98,6077.53,714.62,3.13,167,79.04,155.5,1,False
B_2plus1,2,1,PathSessionA50G2_0,9999.0,12687.69,13312.22,12687.69,1.3105,77.78,822.53,-513.22,1043,1759.18,4850.98,6077.53,714.62,3.13,167,79.04,155.5,1,False
B_2plus1,2,1,ExpansionOnly:LongFailureObservationLowRR,300.0,12682.46,12937.55,12682.46,1.3322,74.07,809.69,-358.41,959,1710.46,5255.53,5716.46,196.04,1.38,76,19.74,141.5,1,False
B_2plus1,2,1,ExpansionOnly:LongFailureObservationLowRR,450.0,12682.46,12937.55,12682.46,1.3322,74.07,809.69,-358.41,959,1710.46,5255.53,5716.46,196.04,1.38,76,19.74,141.5,1,False
B_2plus1,2,1,ExpansionOnly:LongFailureObservationLowRR,600.0,12682.46,12937.55,12682.46,1.3322,74.07,809.69,-358.41,959,1710.46,5255.53,5716.46,196.04,1.38,76,19.74,141.5,1,False
B_2plus1,2,1,ExpansionOnly:LongFailureObservationLowRR,9999.0,12682.46,12937.55,12682.46,1.3322,74.07,809.69,-358.41,959,1710.46,5255.53,5716.46,196.04,1.38,76,19.74,141.5,1,False
B_2plus1,2,1,Opposite,300.0,12679.12,12774.57,12679.12,1.3305,74.07,836.42,-482.41,965,1726.12,5382.33,5570.68,185.38,1.09,81,0.0,137.51999999999998,1,False
B_2plus1,2,1,Opposite,450.0,12679.12,12774.57,12679.12,1.3305,74.07,836.42,-482.41,965,1726.12,5382.33,5570.68,185.38,1.09,81,0.0,137.51999999999998,1,False
B_2plus1,2,1,Opposite,600.0,12679.12,12774.57,12679.12,1.3305,74.07,836.42,-482.41,965,1726.12,5382.33,5570.68,185.38,1.09,81,0.0,137.51999999999998,1,False
B_2plus1,2,1,Opposite,9999.0,12679.12,12774.57,12679.12,1.3305,74.07,836.42,-482.41,965,1726.12,5382.33,5570.68,185.38,1.09,81,0.0,137.51999999999998,1,False
B_2plus1,2,1,SQ50,300.0,12660.63,13173.32,12660.63,1.288,74.07,918.72,-474.7,1160,1477.06,5171.69,6011.89,543.92,0.68,292,86.3,155.5,1,False
B_2plus1,2,1,SQ50,450.0,12660.63,13173.32,12660.63,1.288,74.07,918.72,-474.7,1160,1477.06,5171.69,6011.89,543.92,0.68,292,86.3,155.5,1,False
B_2plus1,2,1,SQ50,600.0,12660.63,13173.32,12660.63,1.288,74.07,918.72,-474.7,1160,1477.06,5171.69,6011.89,543.92,0.68,292,86.3,155.5,1,False
B_2plus1,2,1,SQ50,9999.0,12660.63,13173.32,12660.63,1.288,74.07,918.72,-474.7,1160,1477.06,5171.69,6011.89,543.92,0.68,292,86.3,155.5,1,False
B_2plus1,2,1,PathQualityA20G0_0,300.0,12613.94,13853.89,12613.94,1.2991,77.78,861.79,-553.29,1082,1311.14,5028.73,6274.06,811.32,2.76,207,78.74,155.5,1,False
B_2plus1,2,1,PathQualityA20G0_0,450.0,12613.94,13853.89,12613.94,1.2991,77.78,861.79,-553.29,1082,1311.14,5028.73,6274.06,811.32,2.76,207,78.74,155.5,1,False
B_2plus1,2,1,PathQualityA20G0_0,600.0,12613.94,13853.89,12613.94,1.2991,77.78,861.79,-553.29,1082,1311.14,5028.73,6274.06,811.32,2.76,207,78.74,155.5,1,False
B_2plus1,2,1,PathQualityA20G0_0,9999.0,12613.94,13853.89,12613.94,1.2991,77.78,861.79,-553.29,1082,1311.14,5028.73,6274.06,811.32,2.76,207,78.74,155.5,1,False
B_2plus1,2,1,Risk25,300.0,12556.62,13136.2,12556.62,1.2827,74.07,873.97,-447.67,1204,1234.44,5144.09,6178.1,749.38,1.0,342,81.29,155.5,1,False
B_2plus1,2,1,Risk25,450.0,12556.62,13136.2,12556.62,1.2827,74.07,873.97,-447.67,1204,1234.44,5144.09,6178.1,749.38,1.0,342,81.29,155.5,1,False
B_2plus1,2,1,Risk25,600.0,12556.62,13136.2,12556.62,1.2827,74.07,873.97,-447.67,1204,1234.44,5144.09,6178.1,749.38,1.0,342,81.29,155.5,1,False
B_2plus1,2,1,Risk25,9999.0,12556.62,13136.2,12556.62,1.2827,74.07,873.97,-447.67,1204,1234.44,5144.09,6178.1,749.38,1.0,342,81.29,155.5,1,False
B_2plus1,2,1,PathQualityA50G0_0,300.0,12540.13,13793.98,12540.13,1.296,77.78,874.99,-553.29,1086,1273.65,5014.83,6251.65,737.51,2.33,211,79.15,155.5,1,False
B_2plus1,2,1,PathQualityA50G0_0,450.0,12540.13,13793.98,12540.13,1.296,77.78,874.99,-553.29,1086,1273.65,5014.83,6251.65,737.51,2.33,211,79.15,155.5,1,False
B_2plus1,2,1,PathQualityA50G0_0,600.0,12540.13,13793.98,12540.13,1.296,77.78,874.99,-553.29,1086,1273.65,5014.83,6251.65,737.51,2.33,211,79.15,155.5,1,False
B_2plus1,2,1,PathQualityA50G0_0,9999.0,12540.13,13793.98,12540.13,1.296,77.78,874.99,-553.29,1086,1273.65,5014.83,6251.65,737.51,2.33,211,79.15,155.5,1,False
B_2plus1,2,1,ExpansionOnly:LongFailureRetestQuality,300.0,12538.43,12862.97,12538.43,1.3342,74.07,815.09,-405.71,918,1747.87,5118.21,5672.34,44.69,0.11,34,67.65,153.5,1,False
B_2plus1,2,1,ExpansionOnly:LongFailureRetestQuality,450.0,12538.43,12862.97,12538.43,1.3342,74.07,815.09,-405.71,918,1747.87,5118.21,5672.34,44.69,0.11,34,67.65,153.5,1,False
B_2plus1,2,1,ExpansionOnly:LongFailureRetestQuality,600.0,12538.43,12862.97,12538.43,1.3342,74.07,815.09,-405.71,918,1747.87,5118.21,5672.34,44.69,0.11,34,67.65,153.5,1,False
B_2plus1,2,1,ExpansionOnly:LongFailureRetestQuality,9999.0,12538.43,12862.97,12538.43,1.3342,74.07,815.09,-405.71,918,1747.87,5118.21,5672.34,44.69,0.11,34,67.65,153.5,1,False
B_2plus1,2,1,RR2,300.0,12499.46,12868.14,12499.46,1.3163,77.78,771.26,-586.07,966,1715.3,5115.87,5668.28,155.96,0.63,86,87.21,155.5,1,False
B_2plus1,2,1,RR2,450.0,12499.46,12868.14,12499.46,1.3163,77.78,771.26,-586.07,966,1715.3,5115.87,5668.28,155.96,0.63,86,87.21,155.5,1,False
B_2plus1,2,1,RR2,600.0,12499.46,12868.14,12499.46,1.3163,77.78,771.26,-586.07,966,1715.3,5115.87,5668.28,155.96,0.63,86,87.21,155.5,1,False
B_2plus1,2,1,RR2,9999.0,12499.46,12868.14,12499.46,1.3163,77.78,771.26,-586.07,966,1715.3,5115.87,5668.28,155.96,0.63,86,87.21,155.5,1,False
B_2plus1,2,1,ExpansionOnly:LongOcWideLowRR+LongFailureObservationLowRR,300.0,12288.59,12650.16,12288.59,1.2859,66.67,1116.15,-405.83,1111,1436.2,4883.43,5968.97,253.52,-0.12,234,69.23,141.5,2,False
B_2plus1,2,1,ExpansionOnly:LongOcWideLowRR+LongFailureObservationLowRR,450.0,12288.59,12650.16,12288.59,1.2859,66.67,1116.15,-405.83,1111,1436.2,4883.43,5968.97,253.52,-0.12,234,69.23,141.5,2,False
B_2plus1,2,1,ExpansionOnly:LongOcWideLowRR+LongFailureObservationLowRR,600.0,12288.59,12650.16,12288.59,1.2859,66.67,1116.15,-405.83,1111,1436.2,4883.43,5968.97,253.52,-0.12,234,69.23,141.5,2,False
B_2plus1,2,1,ExpansionOnly:LongOcWideLowRR+LongFailureObservationLowRR,9999.0,12288.59,12650.16,12288.59,1.2859,66.67,1116.15,-405.83,1111,1436.2,4883.43,5968.97,253.52,-0.12,234,69.23,141.5,2,False
B_2plus1,2,1,LongOnly,300.0,12252.48,12645.48,12252.48,1.3018,77.78,818.03,-499.21,1030,1256.44,5029.25,5966.79,-25.93,-1.37,153,79.08,148.75,1,False
B_2plus1,2,1,LongOnly,450.0,12252.48,12645.48,12252.48,1.3018,77.78,818.03,-499.21,1030,1256.44,5029.25,5966.79,-25.93,-1.37,153,79.08,148.75,1,False
B_2plus1,2,1,LongOnly,600.0,12252.48,12645.48,12252.48,1.3018,77.78,818.03,-499.21,1030,1256.44,5029.25,5966.79,-25.93,-1.37,153,79.08,148.75,1,False
B_2plus1,2,1,LongOnly,9999.0,12252.48,12645.48,12252.48,1.3018,77.78,818.03,-499.21,1030,1256.44,5029.25,5966.79,-25.93,-1.37,153,79.08,148.75,1,False
B_2plus1,2,1,ExpansionOnly:LongFailureRetestQuality+LongOcWideLowRR+LongFailureObservationLowRR,300.0,12190.94,12480.24,12190.94,1.2803,66.67,1096.07,-428.55,1126,1501.8,4855.94,5833.2,154.05,-0.58,250,68.4,153.5,1,False
B_2plus1,2,1,ExpansionOnly:LongFailureRetestQuality+LongOcWideLowRR+LongFailureObservationLowRR,450.0,12190.94,12480.24,12190.94,1.2803,66.67,1096.07,-428.55,1126,1501.8,4855.94,5833.2,154.05,-0.58,250,68.4,153.5,1,False
B_2plus1,2,1,ExpansionOnly:LongFailureRetestQuality+LongOcWideLowRR+LongFailureObservationLowRR,600.0,12190.94,12480.24,12190.94,1.2803,66.67,1096.07,-428.55,1126,1501.8,4855.94,5833.2,154.05,-0.58,250,68.4,153.5,1,False
B_2plus1,2,1,ExpansionOnly:LongFailureRetestQuality+LongOcWideLowRR+LongFailureObservationLowRR,9999.0,12190.94,12480.24,12190.94,1.2803,66.67,1096.07,-428.55,1126,1501.8,4855.94,5833.2,154.05,-0.58,250,68.4,153.5,1,False
B_2plus1,2,1,ExpansionOnly:LongOcWideLowRR,300.0,11970.56,12563.97,11970.56,1.2839,66.67,1071.21,-516.03,1052,1258.44,4797.6,5914.52,-9.84,-1.26,173,91.91,138.0,1,False
B_2plus1,2,1,ExpansionOnly:LongOcWideLowRR,450.0,11970.56,12563.97,11970.56,1.2839,66.67,1071.21,-516.03,1052,1258.44,4797.6,5914.52,-9.84,-1.26,173,91.91,138.0,1,False
B_2plus1,2,1,ExpansionOnly:LongOcWideLowRR,600.0,11970.56,12563.97,11970.56,1.2839,66.67,1071.21,-516.03,1052,1258.44,4797.6,5914.52,-9.84,-1.26,173,91.91,138.0,1,False
B_2plus1,2,1,ExpansionOnly:LongOcWideLowRR,9999.0,11970.56,12563.97,11970.56,1.2839,66.67,1071.21,-516.03,1052,1258.44,4797.6,5914.52,-9.84,-1.26,173,91.91,138.0,1,False
B_2plus1,2,1,ExpansionOnly:LongFailureRetestQuality+LongOcWideLowRR,300.0,11860.27,12374.36,11860.27,1.2773,66.67,1051.13,-559.68,1070,1379.51,4702.01,5778.75,-121.94,-1.84,192,87.5,153.5,1,False
B_2plus1,2,1,ExpansionOnly:LongFailureRetestQuality+LongOcWideLowRR,450.0,11860.27,12374.36,11860.27,1.2773,66.67,1051.13,-559.68,1070,1379.51,4702.01,5778.75,-121.94,-1.84,192,87.5,153.5,1,False
B_2plus1,2,1,ExpansionOnly:LongFailureRetestQuality+LongOcWideLowRR,600.0,11860.27,12374.36,11860.27,1.2773,66.67,1051.13,-559.68,1070,1379.51,4702.01,5778.75,-121.94,-1.84,192,87.5,153.5,1,False
B_2plus1,2,1,ExpansionOnly:LongFailureRetestQuality+LongOcWideLowRR,9999.0,11860.27,12374.36,11860.27,1.2773,66.67,1051.13,-559.68,1070,1379.51,4702.01,5778.75,-121.94,-1.84,192,87.5,153.5,1,False
B_2plus1,2,1,Risk20,300.0,11767.09,12425.7,11767.09,1.2619,74.07,883.49,-447.67,1191,1159.75,4713.65,5893.69,-40.15,-1.32,329,80.24,154.25,1,False
B_2plus1,2,1,Risk20,450.0,11767.09,12425.7,11767.09,1.2619,74.07,883.49,-447.67,1191,1159.75,4713.65,5893.69,-40.15,-1.32,329,80.24,154.25,1,False
B_2plus1,2,1,Risk20,600.0,11767.09,12425.7,11767.09,1.2619,74.07,883.49,-447.67,1191,1159.75,4713.65,5893.69,-40.15,-1.32,329,80.24,154.25,1,False
B_2plus1,2,1,Risk20,9999.0,11767.09,12425.7,11767.09,1.2619,74.07,883.49,-447.67,1191,1159.75,4713.65,5893.69,-40.15,-1.32,329,80.24,154.25,1,False
