Arm,PrimaryQuantity,SecondaryQuantity,SecondaryPolicy,RiskCap,DelayMinutes,NormalTrades,ObservedGross,ConservativeGrossLower,ConservativePF,ConservativePositiveWeekPct,ConservativeMaxDD,ConservativeWorstWeek,ConservativeJanFebGross,ConservativeMarAprGross,ConservativeMayJunGross,SecondaryConservativeGross,SecondaryConservativeNet,ExecutionRiskReserve,CalibrationErrorReserve,SecondaryConservativeExpectancy,PrimaryAccepted,SecondaryAccepted,ActiveBlocked,SecondaryGateBlocked,RiskBlocked,StaticBlocked,CapBlocked,LossBlocked,DailyLossTriggeredDays,SameDirectionOverlap,PeakConcurrentRisk,PeakConcurrentContracts,SameDirectionOverlapPct
A_3x1,3,0,All,9999.0,5.0,867,21014.74,19221.73,1.3603,74.07,1485.98,-496.8,2973.49,7629.66,8618.59,0.0,0.0,1390.64,402.36,0.0,894,0,545,0,0,458,0,33,9,0,180.0,3,0.0
B_2plus1,2,1,All,300.0,5.0,1205,14883.08,12741.13,1.2857,77.78,928.67,-447.67,1478.52,5144.09,6118.52,933.89,524.69,1824.58,317.37,1.54,890,344,194,0,0,458,42,2,1,280,155.5,3,81.4
B_2plus1,2,1,All,450.0,5.0,1205,14883.08,12741.13,1.2857,77.78,928.67,-447.67,1478.52,5144.09,6118.52,933.89,524.69,1824.58,317.37,1.54,890,344,194,0,0,458,42,2,1,280,155.5,3,81.4
B_2plus1,2,1,All,600.0,5.0,1205,14883.08,12741.13,1.2857,77.78,928.67,-447.67,1478.52,5144.09,6118.52,933.89,524.69,1824.58,317.37,1.54,890,344,194,0,0,458,42,2,1,280,155.5,3,81.4
B_2plus1,2,1,All,9999.0,5.0,1205,14883.08,12741.13,1.2857,77.78,928.67,-447.67,1478.52,5144.09,6118.52,933.89,524.69,1824.58,317.37,1.54,890,344,194,0,0,458,42,2,1,280,155.5,3,81.4
B_2plus1,2,1,Opposite,300.0,5.0,965,14228.1,12679.12,1.3305,74.07,836.42,-482.41,1726.12,5382.33,5570.68,185.38,88.18,1264.9,284.08,1.09,911,81,49,426,0,458,3,2,1,0,137.51999999999998,3,0.0
B_2plus1,2,1,Opposite,450.0,5.0,965,14228.1,12679.12,1.3305,74.07,836.42,-482.41,1726.12,5382.33,5570.68,185.38,88.18,1264.9,284.08,1.09,911,81,49,426,0,458,3,2,1,0,137.51999999999998,3,0.0
B_2plus1,2,1,Opposite,600.0,5.0,965,14228.1,12679.12,1.3305,74.07,836.42,-482.41,1726.12,5382.33,5570.68,185.38,88.18,1264.9,284.08,1.09,911,81,49,426,0,458,3,2,1,0,137.51999999999998,3,0.0
B_2plus1,2,1,Opposite,9999.0,5.0,965,14228.1,12679.12,1.3305,74.07,836.42,-482.41,1726.12,5382.33,5570.68,185.38,88.18,1264.9,284.08,1.09,911,81,49,426,0,458,3,2,1,0,137.51999999999998,3,0.0
B_2plus1,2,1,LongOnly,300.0,5.0,1030,14002.59,12252.48,1.3018,77.78,818.03,-499.21,1256.44,5029.25,5966.79,-25.93,-209.53,1437.27,312.84,-1.37,904,153,103,297,0,458,13,2,1,121,148.75,3,79.08
B_2plus1,2,1,LongOnly,450.0,5.0,1030,14002.59,12252.48,1.3018,77.78,818.03,-499.21,1256.44,5029.25,5966.79,-25.93,-209.53,1437.27,312.84,-1.37,904,153,103,297,0,458,13,2,1,121,148.75,3,79.08
B_2plus1,2,1,LongOnly,600.0,5.0,1030,14002.59,12252.48,1.3018,77.78,818.03,-499.21,1256.44,5029.25,5966.79,-25.93,-209.53,1437.27,312.84,-1.37,904,153,103,297,0,458,13,2,1,121,148.75,3,79.08
B_2plus1,2,1,LongOnly,9999.0,5.0,1030,14002.59,12252.48,1.3018,77.78,818.03,-499.21,1256.44,5029.25,5966.79,-25.93,-209.53,1437.27,312.84,-1.37,904,153,103,297,0,458,13,2,1,121,148.75,3,79.08
B_2plus1,2,1,ShortOnly,300.0,5.0,1092,14574.79,12733.16,1.3015,77.78,765.35,-514.63,1655.33,5241.09,5836.74,790.51,534.91,1556.58,285.05,2.51,906,216,118,220,0,458,10,2,1,164,155.5,3,75.93
B_2plus1,2,1,ShortOnly,450.0,5.0,1092,14574.79,12733.16,1.3015,77.78,765.35,-514.63,1655.33,5241.09,5836.74,790.51,534.91,1556.58,285.05,2.51,906,216,118,220,0,458,10,2,1,164,155.5,3,75.93
B_2plus1,2,1,ShortOnly,600.0,5.0,1092,14574.79,12733.16,1.3015,77.78,765.35,-514.63,1655.33,5241.09,5836.74,790.51,534.91,1556.58,285.05,2.51,906,216,118,220,0,458,10,2,1,164,155.5,3,75.93
B_2plus1,2,1,ShortOnly,9999.0,5.0,1092,14574.79,12733.16,1.3015,77.78,765.35,-514.63,1655.33,5241.09,5836.74,790.51,534.91,1556.58,285.05,2.51,906,216,118,220,0,458,10,2,1,164,155.5,3,75.93
B_2plus1,2,1,SQ50,300.0,5.0,1160,14751.33,12660.63,1.288,74.07,918.72,-474.7,1477.06,5171.69,6011.89,543.92,195.92,1777.85,312.84,0.68,897,292,169,84,0,458,28,2,1,252,155.5,3,86.3
B_2plus1,2,1,SQ50,450.0,5.0,1160,14751.33,12660.63,1.288,74.07,918.72,-474.7,1477.06,5171.69,6011.89,543.92,195.92,1777.85,312.84,0.68,897,292,169,84,0,458,28,2,1,252,155.5,3,86.3
B_2plus1,2,1,SQ50,600.0,5.0,1160,14751.33,12660.63,1.288,74.07,918.72,-474.7,1477.06,5171.69,6011.89,543.92,195.92,1777.85,312.84,0.68,897,292,169,84,0,458,28,2,1,252,155.5,3,86.3
B_2plus1,2,1,SQ50,9999.0,5.0,1160,14751.33,12660.63,1.288,74.07,918.72,-474.7,1477.06,5171.69,6011.89,543.92,195.92,1777.85,312.84,0.68,897,292,169,84,0,458,28,2,1,252,155.5,3,86.3
B_2plus1,2,1,SQ60,300.0,5.0,1081,15025.5,13066.1,1.3131,77.78,855.2,-493.17,2162.72,4920.17,5983.21,725.69,479.69,1654.31,305.09,2.34,903,206,134,208,0,458,19,2,1,183,155.5,3,88.83
B_2plus1,2,1,SQ60,450.0,5.0,1081,15025.5,13066.1,1.3131,77.78,855.2,-493.17,2162.72,4920.17,5983.21,725.69,479.69,1654.31,305.09,2.34,903,206,134,208,0,458,19,2,1,183,155.5,3,88.83
B_2plus1,2,1,SQ60,600.0,5.0,1081,15025.5,13066.1,1.3131,77.78,855.2,-493.17,2162.72,4920.17,5983.21,725.69,479.69,1654.31,305.09,2.34,903,206,134,208,0,458,19,2,1,183,155.5,3,88.83
B_2plus1,2,1,SQ60,9999.0,5.0,1081,15025.5,13066.1,1.3131,77.78,855.2,-493.17,2162.72,4920.17,5983.21,725.69,479.69,1654.31,305.09,2.34,903,206,134,208,0,458,19,2,1,183,155.5,3,88.83
B_2plus1,2,1,Regime40,300.0,5.0,1075,14789.96,12849.48,1.3069,74.07,816.02,-495.34,1970.35,4819.53,6059.59,647.83,413.83,1633.45,307.02,2.12,907,196,123,235,0,458,9,2,1,175,155.5,3,89.29
B_2plus1,2,1,Regime40,450.0,5.0,1075,14789.96,12849.48,1.3069,74.07,816.02,-495.34,1970.35,4819.53,6059.59,647.83,413.83,1633.45,307.02,2.12,907,196,123,235,0,458,9,2,1,175,155.5,3,89.29
B_2plus1,2,1,Regime40,600.0,5.0,1075,14789.96,12849.48,1.3069,74.07,816.02,-495.34,1970.35,4819.53,6059.59,647.83,413.83,1633.45,307.02,2.12,907,196,123,235,0,458,9,2,1,175,155.5,3,89.29
B_2plus1,2,1,Regime40,9999.0,5.0,1075,14789.96,12849.48,1.3069,74.07,816.02,-495.34,1970.35,4819.53,6059.59,647.83,413.83,1633.45,307.02,2.12,907,196,123,235,0,458,9,2,1,175,155.5,3,89.29
B_2plus1,2,1,Risk20,300.0,5.0,1191,13847.08,11767.09,1.2619,74.07,883.49,-447.67,1159.75,4713.65,5893.69,-40.15,-432.55,1766.18,313.81,-1.32,890,329,183,27,0,458,41,2,1,264,154.25,3,80.24
B_2plus1,2,1,Risk20,450.0,5.0,1191,13847.08,11767.09,1.2619,74.07,883.49,-447.67,1159.75,4713.65,5893.69,-40.15,-432.55,1766.18,313.81,-1.32,890,329,183,27,0,458,41,2,1,264,154.25,3,80.24
B_2plus1,2,1,Risk20,600.0,5.0,1191,13847.08,11767.09,1.2619,74.07,883.49,-447.67,1159.75,4713.65,5893.69,-40.15,-432.55,1766.18,313.81,-1.32,890,329,183,27,0,458,41,2,1,264,154.25,3,80.24
B_2plus1,2,1,Risk20,9999.0,5.0,1191,13847.08,11767.09,1.2619,74.07,883.49,-447.67,1159.75,4713.65,5893.69,-40.15,-432.55,1766.18,313.81,-1.32,890,329,183,27,0,458,41,2,1,264,154.25,3,80.24
B_2plus1,2,1,Risk25,300.0,5.0,1204,14698.83,12556.62,1.2827,74.07,873.97,-447.67,1234.44,5144.09,6178.1,749.38,341.38,1825.48,316.72,1.0,890,342,193,3,0,458,42,2,1,278,155.5,3,81.29
B_2plus1,2,1,Risk25,450.0,5.0,1204,14698.83,12556.62,1.2827,74.07,873.97,-447.67,1234.44,5144.09,6178.1,749.38,341.38,1825.48,316.72,1.0,890,342,193,3,0,458,42,2,1,278,155.5,3,81.29
B_2plus1,2,1,Risk25,600.0,5.0,1204,14698.83,12556.62,1.2827,74.07,873.97,-447.67,1234.44,5144.09,6178.1,749.38,341.38,1825.48,316.72,1.0,890,342,193,3,0,458,42,2,1,278,155.5,3,81.29
B_2plus1,2,1,Risk25,9999.0,5.0,1204,14698.83,12556.62,1.2827,74.07,873.97,-447.67,1234.44,5144.09,6178.1,749.38,341.38,1825.48,316.72,1.0,890,342,193,3,0,458,42,2,1,278,155.5,3,81.29
B_2plus1,2,1,RR2,300.0,5.0,966,14298.83,12499.46,1.3163,77.78,771.26,-586.07,1715.3,5115.87,5668.28,155.96,53.96,1499.78,299.59,0.63,908,86,80,391,0,458,5,2,1,75,155.5,3,87.21
B_2plus1,2,1,RR2,450.0,5.0,966,14298.83,12499.46,1.3163,77.78,771.26,-586.07,1715.3,5115.87,5668.28,155.96,53.96,1499.78,299.59,0.63,908,86,80,391,0,458,5,2,1,75,155.5,3,87.21
B_2plus1,2,1,RR2,600.0,5.0,966,14298.83,12499.46,1.3163,77.78,771.26,-586.07,1715.3,5115.87,5668.28,155.96,53.96,1499.78,299.59,0.63,908,86,80,391,0,458,5,2,1,75,155.5,3,87.21
B_2plus1,2,1,RR2,9999.0,5.0,966,14298.83,12499.46,1.3163,77.78,771.26,-586.07,1715.3,5115.87,5668.28,155.96,53.96,1499.78,299.59,0.63,908,86,80,391,0,458,5,2,1,75,155.5,3,87.21
B_2plus1,2,1,PathA10G0_0,300.0,5.0,1065,14661.79,12666.36,1.3021,77.78,925.33,-479.48,1305.12,5052.7,6308.54,656.79,429.99,1672.89,322.54,2.28,903,191,130,232,0,458,14,2,1,159,155.5,3,83.25
B_2plus1,2,1,PathA10G0_0,450.0,5.0,1065,14661.79,12666.36,1.3021,77.78,925.33,-479.48,1305.12,5052.7,6308.54,656.79,429.99,1672.89,322.54,2.28,903,191,130,232,0,458,14,2,1,159,155.5,3,83.25
B_2plus1,2,1,PathA10G0_0,600.0,5.0,1065,14661.79,12666.36,1.3021,77.78,925.33,-479.48,1305.12,5052.7,6308.54,656.79,429.99,1672.89,322.54,2.28,903,191,130,232,0,458,14,2,1,159,155.5,3,83.25
B_2plus1,2,1,PathA10G0_0,9999.0,5.0,1065,14661.79,12666.36,1.3021,77.78,925.33,-479.48,1305.12,5052.7,6308.54,656.79,429.99,1672.89,322.54,2.28,903,191,130,232,0,458,14,2,1,159,155.5,3,83.25
B_2plus1,2,1,PathA10G1_0,300.0,5.0,1029,14706.79,12759.39,1.3106,77.78,907.12,-476.66,1311.21,5074.21,6373.97,557.73,378.93,1634.88,312.52,2.54,907,151,114,289,0,458,9,2,1,125,155.5,3,82.78
B_2plus1,2,1,PathA10G1_0,450.0,5.0,1029,14706.79,12759.39,1.3106,77.78,907.12,-476.66,1311.21,5074.21,6373.97,557.73,378.93,1634.88,312.52,2.54,907,151,114,289,0,458,9,2,1,125,155.5,3,82.78
B_2plus1,2,1,PathA10G1_0,600.0,5.0,1029,14706.79,12759.39,1.3106,77.78,907.12,-476.66,1311.21,5074.21,6373.97,557.73,378.93,1634.88,312.52,2.54,907,151,114,289,0,458,9,2,1,125,155.5,3,82.78
B_2plus1,2,1,PathA10G1_0,9999.0,5.0,1029,14706.79,12759.39,1.3106,77.78,907.12,-476.66,1311.21,5074.21,6373.97,557.73,378.93,1634.88,312.52,2.54,907,151,114,289,0,458,9,2,1,125,155.5,3,82.78
B_2plus1,2,1,PathA10G2_0,300.0,5.0,1003,14762.05,12892.16,1.3206,77.78,883.25,-476.66,1443.98,5074.21,6373.97,683.19,536.79,1566.42,303.47,4.4,908,124,98,333,0,458,7,2,1,102,155.5,3,82.26
B_2plus1,2,1,PathA10G2_0,450.0,5.0,1003,14762.05,12892.16,1.3206,77.78,883.25,-476.66,1443.98,5074.21,6373.97,683.19,536.79,1566.42,303.47,4.4,908,124,98,333,0,458,7,2,1,102,155.5,3,82.26
B_2plus1,2,1,PathA10G2_0,600.0,5.0,1003,14762.05,12892.16,1.3206,77.78,883.25,-476.66,1443.98,5074.21,6373.97,683.19,536.79,1566.42,303.47,4.4,908,124,98,333,0,458,7,2,1,102,155.5,3,82.26
B_2plus1,2,1,PathA10G2_0,9999.0,5.0,1003,14762.05,12892.16,1.3206,77.78,883.25,-476.66,1443.98,5074.21,6373.97,683.19,536.79,1566.42,303.47,4.4,908,124,98,333,0,458,7,2,1,102,155.5,3,82.26
B_2plus1,2,1,PathA10G4_0,300.0,5.0,979,14630.45,12804.74,1.3225,77.78,803.0,-478.76,1641.25,4944.76,6218.74,597.58,481.18,1526.11,299.59,4.96,909,99,78,379,0,458,5,2,1,79,155.5,3,79.8
B_2plus1,2,1,PathA10G4_0,450.0,5.0,979,14630.45,12804.74,1.3225,77.78,803.0,-478.76,1641.25,4944.76,6218.74,597.58,481.18,1526.11,299.59,4.96,909,99,78,379,0,458,5,2,1,79,155.5,3,79.8
B_2plus1,2,1,PathA10G4_0,600.0,5.0,979,14630.45,12804.74,1.3225,77.78,803.0,-478.76,1641.25,4944.76,6218.74,597.58,481.18,1526.11,299.59,4.96,909,99,78,379,0,458,5,2,1,79,155.5,3,79.8
B_2plus1,2,1,PathA10G4_0,9999.0,5.0,979,14630.45,12804.74,1.3225,77.78,803.0,-478.76,1641.25,4944.76,6218.74,597.58,481.18,1526.11,299.59,4.96,909,99,78,379,0,458,5,2,1,79,155.5,3,79.8
B_2plus1,2,1,PathA10G6_0,300.0,5.0,958,15003.71,13259.57,1.3419,77.78,774.8,-410.3,1675.87,5274.97,6308.73,765.84,677.04,1448.74,295.39,9.15,911,76,71,409,0,458,3,2,1,62,155.5,3,81.58
B_2plus1,2,1,PathA10G6_0,450.0,5.0,958,15003.71,13259.57,1.3419,77.78,774.8,-410.3,1675.87,5274.97,6308.73,765.84,677.04,1448.74,295.39,9.15,911,76,71,409,0,458,3,2,1,62,155.5,3,81.58
B_2plus1,2,1,PathA10G6_0,600.0,5.0,958,15003.71,13259.57,1.3419,77.78,774.8,-410.3,1675.87,5274.97,6308.73,765.84,677.04,1448.74,295.39,9.15,911,76,71,409,0,458,3,2,1,62,155.5,3,81.58
B_2plus1,2,1,PathA10G6_0,9999.0,5.0,958,15003.71,13259.57,1.3419,77.78,774.8,-410.3,1675.87,5274.97,6308.73,765.84,677.04,1448.74,295.39,9.15,911,76,71,409,0,458,3,2,1,62,155.5,3,81.58
B_2plus1,2,1,PathA20G0_0,300.0,5.0,1066,14830.49,12850.55,1.308,77.78,882.56,-479.48,1489.32,5052.7,6308.54,840.98,612.98,1657.72,322.21,3.23,903,192,133,228,0,458,14,2,1,160,155.5,3,83.33
B_2plus1,2,1,PathA20G0_0,450.0,5.0,1066,14830.49,12850.55,1.308,77.78,882.56,-479.48,1489.32,5052.7,6308.54,840.98,612.98,1657.72,322.21,3.23,903,192,133,228,0,458,14,2,1,160,155.5,3,83.33
B_2plus1,2,1,PathA20G0_0,600.0,5.0,1066,14830.49,12850.55,1.308,77.78,882.56,-479.48,1489.32,5052.7,6308.54,840.98,612.98,1657.72,322.21,3.23,903,192,133,228,0,458,14,2,1,160,155.5,3,83.33
B_2plus1,2,1,PathA20G0_0,9999.0,5.0,1066,14830.49,12850.55,1.308,77.78,882.56,-479.48,1489.32,5052.7,6308.54,840.98,612.98,1657.72,322.21,3.23,903,192,133,228,0,458,14,2,1,160,155.5,3,83.33
B_2plus1,2,1,PathA20G1_0,300.0,5.0,1031,14699.79,12753.3,1.3102,77.78,925.33,-476.66,1305.12,5074.21,6373.97,551.64,370.44,1634.29,312.2,2.45,907,153,115,286,0,458,9,2,1,126,155.5,3,82.35
B_2plus1,2,1,PathA20G1_0,450.0,5.0,1031,14699.79,12753.3,1.3102,77.78,925.33,-476.66,1305.12,5074.21,6373.97,551.64,370.44,1634.29,312.2,2.45,907,153,115,286,0,458,9,2,1,126,155.5,3,82.35
B_2plus1,2,1,PathA20G1_0,600.0,5.0,1031,14699.79,12753.3,1.3102,77.78,925.33,-476.66,1305.12,5074.21,6373.97,551.64,370.44,1634.29,312.2,2.45,907,153,115,286,0,458,9,2,1,126,155.5,3,82.35
B_2plus1,2,1,PathA20G1_0,9999.0,5.0,1031,14699.79,12753.3,1.3102,77.78,925.33,-476.66,1305.12,5074.21,6373.97,551.64,370.44,1634.29,312.2,2.45,907,153,115,286,0,458,9,2,1,126,155.5,3,82.35
B_2plus1,2,1,PathA20G2_0,300.0,5.0,1003,14796.05,12925.71,1.3216,77.78,883.25,-476.66,1443.98,5107.76,6373.97,716.73,570.33,1566.54,303.79,4.67,908,124,99,332,0,458,7,2,1,102,155.5,3,82.26
B_2plus1,2,1,PathA20G2_0,450.0,5.0,1003,14796.05,12925.71,1.3216,77.78,883.25,-476.66,1443.98,5107.76,6373.97,716.73,570.33,1566.54,303.79,4.67,908,124,99,332,0,458,7,2,1,102,155.5,3,82.26
B_2plus1,2,1,PathA20G2_0,600.0,5.0,1003,14796.05,12925.71,1.3216,77.78,883.25,-476.66,1443.98,5107.76,6373.97,716.73,570.33,1566.54,303.79,4.67,908,124,99,332,0,458,7,2,1,102,155.5,3,82.26
B_2plus1,2,1,PathA20G2_0,9999.0,5.0,1003,14796.05,12925.71,1.3216,77.78,883.25,-476.66,1443.98,5107.76,6373.97,716.73,570.33,1566.54,303.79,4.67,908,124,99,332,0,458,7,2,1,102,155.5,3,82.26
B_2plus1,2,1,PathA20G4_0,300.0,5.0,972,14578.21,12779.22,1.3226,77.78,774.8,-478.76,1641.65,4918.83,6218.74,572.06,464.06,1500.69,298.3,5.16,909,92,77,387,0,458,5,2,1,75,155.5,3,81.52
B_2plus1,2,1,PathA20G4_0,450.0,5.0,972,14578.21,12779.22,1.3226,77.78,774.8,-478.76,1641.65,4918.83,6218.74,572.06,464.06,1500.69,298.3,5.16,909,92,77,387,0,458,5,2,1,75,155.5,3,81.52
B_2plus1,2,1,PathA20G4_0,600.0,5.0,972,14578.21,12779.22,1.3226,77.78,774.8,-478.76,1641.65,4918.83,6218.74,572.06,464.06,1500.69,298.3,5.16,909,92,77,387,0,458,5,2,1,75,155.5,3,81.52
B_2plus1,2,1,PathA20G4_0,9999.0,5.0,972,14578.21,12779.22,1.3226,77.78,774.8,-478.76,1641.65,4918.83,6218.74,572.06,464.06,1500.69,298.3,5.16,909,92,77,387,0,458,5,2,1,75,155.5,3,81.52
B_2plus1,2,1,PathA20G6_0,300.0,5.0,951,14834.24,13095.54,1.3379,77.78,774.8,-382.69,1657.44,5274.97,6163.14,601.81,521.41,1443.3,295.39,7.78,911,69,66,421,0,458,3,2,1,55,155.5,3,79.71
B_2plus1,2,1,PathA20G6_0,450.0,5.0,951,14834.24,13095.54,1.3379,77.78,774.8,-382.69,1657.44,5274.97,6163.14,601.81,521.41,1443.3,295.39,7.78,911,69,66,421,0,458,3,2,1,55,155.5,3,79.71
B_2plus1,2,1,PathA20G6_0,600.0,5.0,951,14834.24,13095.54,1.3379,77.78,774.8,-382.69,1657.44,5274.97,6163.14,601.81,521.41,1443.3,295.39,7.78,911,69,66,421,0,458,3,2,1,55,155.5,3,79.71
B_2plus1,2,1,PathA20G6_0,9999.0,5.0,951,14834.24,13095.54,1.3379,77.78,774.8,-382.69,1657.44,5274.97,6163.14,601.81,521.41,1443.3,295.39,7.78,911,69,66,421,0,458,3,2,1,55,155.5,3,79.71
B_2plus1,2,1,PathA50G0_0,300.0,5.0,1081,14870.74,12888.61,1.3077,77.78,882.56,-459.89,1521.59,5072.29,6294.73,817.04,569.84,1660.88,321.24,2.77,902,208,140,205,0,458,15,2,1,170,155.5,3,81.73
B_2plus1,2,1,PathA50G0_0,450.0,5.0,1081,14870.74,12888.61,1.3077,77.78,882.56,-459.89,1521.59,5072.29,6294.73,817.04,569.84,1660.88,321.24,2.77,902,208,140,205,0,458,15,2,1,170,155.5,3,81.73
B_2plus1,2,1,PathA50G0_0,600.0,5.0,1081,14870.74,12888.61,1.3077,77.78,882.56,-459.89,1521.59,5072.29,6294.73,817.04,569.84,1660.88,321.24,2.77,902,208,140,205,0,458,15,2,1,170,155.5,3,81.73
B_2plus1,2,1,PathA50G0_0,9999.0,5.0,1081,14870.74,12888.61,1.3077,77.78,882.56,-459.89,1521.59,5072.29,6294.73,817.04,569.84,1660.88,321.24,2.77,902,208,140,205,0,458,15,2,1,170,155.5,3,81.73
B_2plus1,2,1,PathA50G1_0,300.0,5.0,1031,14699.79,12753.3,1.3102,77.78,925.33,-476.66,1305.12,5074.21,6373.97,551.64,370.44,1634.29,312.2,2.45,907,153,115,286,0,458,9,2,1,126,155.5,3,82.35
B_2plus1,2,1,PathA50G1_0,450.0,5.0,1031,14699.79,12753.3,1.3102,77.78,925.33,-476.66,1305.12,5074.21,6373.97,551.64,370.44,1634.29,312.2,2.45,907,153,115,286,0,458,9,2,1,126,155.5,3,82.35
B_2plus1,2,1,PathA50G1_0,600.0,5.0,1031,14699.79,12753.3,1.3102,77.78,925.33,-476.66,1305.12,5074.21,6373.97,551.64,370.44,1634.29,312.2,2.45,907,153,115,286,0,458,9,2,1,126,155.5,3,82.35
B_2plus1,2,1,PathA50G1_0,9999.0,5.0,1031,14699.79,12753.3,1.3102,77.78,925.33,-476.66,1305.12,5074.21,6373.97,551.64,370.44,1634.29,312.2,2.45,907,153,115,286,0,458,9,2,1,126,155.5,3,82.35
B_2plus1,2,1,PathA50G2_0,300.0,5.0,1025,14722.05,12776.46,1.3122,77.78,883.25,-478.76,1222.28,5143.76,6410.42,576.62,403.82,1633.07,312.52,2.8,908,146,115,294,0,458,7,2,1,120,155.5,3,82.19
B_2plus1,2,1,PathA50G2_0,450.0,5.0,1025,14722.05,12776.46,1.3122,77.78,883.25,-478.76,1222.28,5143.76,6410.42,576.62,403.82,1633.07,312.52,2.8,908,146,115,294,0,458,7,2,1,120,155.5,3,82.19
B_2plus1,2,1,PathA50G2_0,600.0,5.0,1025,14722.05,12776.46,1.3122,77.78,883.25,-478.76,1222.28,5143.76,6410.42,576.62,403.82,1633.07,312.52,2.8,908,146,115,294,0,458,7,2,1,120,155.5,3,82.19
B_2plus1,2,1,PathA50G2_0,9999.0,5.0,1025,14722.05,12776.46,1.3122,77.78,883.25,-478.76,1222.28,5143.76,6410.42,576.62,403.82,1633.07,312.52,2.8,908,146,115,294,0,458,7,2,1,120,155.5,3,82.19
B_2plus1,2,1,PathA50G4_0,300.0,5.0,951,14834.24,13095.54,1.3379,77.78,774.8,-382.69,1657.44,5274.97,6163.14,601.81,521.41,1443.3,295.39,7.78,911,69,66,421,0,458,3,2,1,55,155.5,3,79.71
B_2plus1,2,1,PathA50G4_0,450.0,5.0,951,14834.24,13095.54,1.3379,77.78,774.8,-382.69,1657.44,5274.97,6163.14,601.81,521.41,1443.3,295.39,7.78,911,69,66,421,0,458,3,2,1,55,155.5,3,79.71
B_2plus1,2,1,PathA50G4_0,600.0,5.0,951,14834.24,13095.54,1.3379,77.78,774.8,-382.69,1657.44,5274.97,6163.14,601.81,521.41,1443.3,295.39,7.78,911,69,66,421,0,458,3,2,1,55,155.5,3,79.71
B_2plus1,2,1,PathA50G4_0,9999.0,5.0,951,14834.24,13095.54,1.3379,77.78,774.8,-382.69,1657.44,5274.97,6163.14,601.81,521.41,1443.3,295.39,7.78,911,69,66,421,0,458,3,2,1,55,155.5,3,79.71
B_2plus1,2,1,PathA50G6_0,300.0,5.0,944,14718.46,12988.79,1.3354,77.78,774.8,-382.69,1670.49,5291.29,6027.01,495.05,423.05,1435.57,294.1,7.05,911,62,61,433,0,458,3,2,1,52,155.5,3,83.87
B_2plus1,2,1,PathA50G6_0,450.0,5.0,944,14718.46,12988.79,1.3354,77.78,774.8,-382.69,1670.49,5291.29,6027.01,495.05,423.05,1435.57,294.1,7.05,911,62,61,433,0,458,3,2,1,52,155.5,3,83.87
B_2plus1,2,1,PathA50G6_0,600.0,5.0,944,14718.46,12988.79,1.3354,77.78,774.8,-382.69,1670.49,5291.29,6027.01,495.05,423.05,1435.57,294.1,7.05,911,62,61,433,0,458,3,2,1,52,155.5,3,83.87
B_2plus1,2,1,PathA50G6_0,9999.0,5.0,944,14718.46,12988.79,1.3354,77.78,774.8,-382.69,1670.49,5291.29,6027.01,495.05,423.05,1435.57,294.1,7.05,911,62,61,433,0,458,3,2,1,52,155.5,3,83.87
B_2plus1,2,1,PathSessionA10G0_0,300.0,5.0,1118,14884.8,12935.26,1.3044,74.07,845.57,-616.77,1360.14,4995.04,6580.09,1054.38,761.58,1636.69,312.84,3.12,901,247,160,145,0,458,17,2,1,192,155.5,3,77.73
B_2plus1,2,1,PathSessionA10G0_0,450.0,5.0,1118,14884.8,12935.26,1.3044,74.07,845.57,-616.77,1360.14,4995.04,6580.09,1054.38,761.58,1636.69,312.84,3.12,901,247,160,145,0,458,17,2,1,192,155.5,3,77.73
B_2plus1,2,1,PathSessionA10G0_0,600.0,5.0,1118,14884.8,12935.26,1.3044,74.07,845.57,-616.77,1360.14,4995.04,6580.09,1054.38,761.58,1636.69,312.84,3.12,901,247,160,145,0,458,17,2,1,192,155.5,3,77.73
B_2plus1,2,1,PathSessionA10G0_0,9999.0,5.0,1118,14884.8,12935.26,1.3044,74.07,845.57,-616.77,1360.14,4995.04,6580.09,1054.38,761.58,1636.69,312.84,3.12,901,247,160,145,0,458,17,2,1,192,155.5,3,77.73
B_2plus1,2,1,PathSessionA10G1_0,300.0,5.0,1109,14706.05,12754.96,1.2999,74.07,794.52,-639.37,1386.85,4932.94,6435.17,874.08,592.08,1637.6,313.49,2.52,901,238,158,157,0,458,16,2,1,187,155.5,3,78.57
B_2plus1,2,1,PathSessionA10G1_0,450.0,5.0,1109,14706.05,12754.96,1.2999,74.07,794.52,-639.37,1386.85,4932.94,6435.17,874.08,592.08,1637.6,313.49,2.52,901,238,158,157,0,458,16,2,1,187,155.5,3,78.57
B_2plus1,2,1,PathSessionA10G1_0,600.0,5.0,1109,14706.05,12754.96,1.2999,74.07,794.52,-639.37,1386.85,4932.94,6435.17,874.08,592.08,1637.6,313.49,2.52,901,238,158,157,0,458,16,2,1,187,155.5,3,78.57
B_2plus1,2,1,PathSessionA10G1_0,9999.0,5.0,1109,14706.05,12754.96,1.2999,74.07,794.52,-639.37,1386.85,4932.94,6435.17,874.08,592.08,1637.6,313.49,2.52,901,238,158,157,0,458,16,2,1,187,155.5,3,78.57
B_2plus1,2,1,PathSessionA10G2_0,300.0,5.0,1068,14819.86,12937.57,1.3117,77.78,924.81,-493.62,1635.65,4960.5,6341.43,964.5,736.5,1573.0,309.29,3.88,905,193,139,221,0,458,12,2,1,155,155.5,3,80.31
B_2plus1,2,1,PathSessionA10G2_0,450.0,5.0,1068,14819.86,12937.57,1.3117,77.78,924.81,-493.62,1635.65,4960.5,6341.43,964.5,736.5,1573.0,309.29,3.88,905,193,139,221,0,458,12,2,1,155,155.5,3,80.31
B_2plus1,2,1,PathSessionA10G2_0,600.0,5.0,1068,14819.86,12937.57,1.3117,77.78,924.81,-493.62,1635.65,4960.5,6341.43,964.5,736.5,1573.0,309.29,3.88,905,193,139,221,0,458,12,2,1,155,155.5,3,80.31
B_2plus1,2,1,PathSessionA10G2_0,9999.0,5.0,1068,14819.86,12937.57,1.3117,77.78,924.81,-493.62,1635.65,4960.5,6341.43,964.5,736.5,1573.0,309.29,3.88,905,193,139,221,0,458,12,2,1,155,155.5,3,80.31
B_2plus1,2,1,PathSessionA10G4_0,300.0,5.0,985,14526.02,12807.02,1.3253,77.78,803.0,-478.76,1723.91,5062.31,6020.8,599.86,476.26,1423.28,295.71,4.62,909,104,76,376,0,458,5,2,1,77,155.5,3,74.04
B_2plus1,2,1,PathSessionA10G4_0,450.0,5.0,985,14526.02,12807.02,1.3253,77.78,803.0,-478.76,1723.91,5062.31,6020.8,599.86,476.26,1423.28,295.71,4.62,909,104,76,376,0,458,5,2,1,77,155.5,3,74.04
B_2plus1,2,1,PathSessionA10G4_0,600.0,5.0,985,14526.02,12807.02,1.3253,77.78,803.0,-478.76,1723.91,5062.31,6020.8,599.86,476.26,1423.28,295.71,4.62,909,104,76,376,0,458,5,2,1,77,155.5,3,74.04
B_2plus1,2,1,PathSessionA10G4_0,9999.0,5.0,985,14526.02,12807.02,1.3253,77.78,803.0,-478.76,1723.91,5062.31,6020.8,599.86,476.26,1423.28,295.71,4.62,909,104,76,376,0,458,5,2,1,77,155.5,3,74.04
B_2plus1,2,1,PathSessionA10G6_0,300.0,5.0,974,14509.77,12806.82,1.3273,77.78,774.8,-478.76,1671.38,5139.33,5996.11,599.66,489.26,1407.55,295.39,5.32,909,93,65,398,0,458,5,2,1,69,155.5,3,74.19
B_2plus1,2,1,PathSessionA10G6_0,450.0,5.0,974,14509.77,12806.82,1.3273,77.78,774.8,-478.76,1671.38,5139.33,5996.11,599.66,489.26,1407.55,295.39,5.32,909,93,65,398,0,458,5,2,1,69,155.5,3,74.19
B_2plus1,2,1,PathSessionA10G6_0,600.0,5.0,974,14509.77,12806.82,1.3273,77.78,774.8,-478.76,1671.38,5139.33,5996.11,599.66,489.26,1407.55,295.39,5.32,909,93,65,398,0,458,5,2,1,69,155.5,3,74.19
B_2plus1,2,1,PathSessionA10G6_0,9999.0,5.0,974,14509.77,12806.82,1.3273,77.78,774.8,-478.76,1671.38,5139.33,5996.11,599.66,489.26,1407.55,295.39,5.32,909,93,65,398,0,458,5,2,1,69,155.5,3,74.19
B_2plus1,2,1,PathSessionA20G0_0,300.0,5.0,1122,15119.28,13163.98,1.3107,77.78,822.76,-616.77,1638.36,4945.54,6580.09,1283.1,985.5,1642.45,312.84,3.97,901,251,164,137,0,458,17,2,1,197,155.5,3,78.49
B_2plus1,2,1,PathSessionA20G0_0,450.0,5.0,1122,15119.28,13163.98,1.3107,77.78,822.76,-616.77,1638.36,4945.54,6580.09,1283.1,985.5,1642.45,312.84,3.97,901,251,164,137,0,458,17,2,1,197,155.5,3,78.49
B_2plus1,2,1,PathSessionA20G0_0,600.0,5.0,1122,15119.28,13163.98,1.3107,77.78,822.76,-616.77,1638.36,4945.54,6580.09,1283.1,985.5,1642.45,312.84,3.97,901,251,164,137,0,458,17,2,1,197,155.5,3,78.49
B_2plus1,2,1,PathSessionA20G0_0,9999.0,5.0,1122,15119.28,13163.98,1.3107,77.78,822.76,-616.77,1638.36,4945.54,6580.09,1283.1,985.5,1642.45,312.84,3.97,901,251,164,137,0,458,17,2,1,197,155.5,3,78.49
B_2plus1,2,1,PathSessionA20G1_0,300.0,5.0,1110,14716.55,12772.37,1.3005,74.07,797.85,-616.77,1404.26,4932.94,6435.17,891.49,608.29,1631.33,312.84,2.58,901,239,159,154,0,458,17,2,1,187,155.5,3,78.24
B_2plus1,2,1,PathSessionA20G1_0,450.0,5.0,1110,14716.55,12772.37,1.3005,74.07,797.85,-616.77,1404.26,4932.94,6435.17,891.49,608.29,1631.33,312.84,2.58,901,239,159,154,0,458,17,2,1,187,155.5,3,78.24
B_2plus1,2,1,PathSessionA20G1_0,600.0,5.0,1110,14716.55,12772.37,1.3005,74.07,797.85,-616.77,1404.26,4932.94,6435.17,891.49,608.29,1631.33,312.84,2.58,901,239,159,154,0,458,17,2,1,187,155.5,3,78.24
B_2plus1,2,1,PathSessionA20G1_0,9999.0,5.0,1110,14716.55,12772.37,1.3005,74.07,797.85,-616.77,1404.26,4932.94,6435.17,891.49,608.29,1631.33,312.84,2.58,901,239,159,154,0,458,17,2,1,187,155.5,3,78.24
B_2plus1,2,1,PathSessionA20G2_0,300.0,5.0,1069,14802.36,12916.44,1.3108,77.78,924.81,-493.62,1614.52,4960.5,6341.43,943.36,714.16,1576.31,309.61,3.74,905,194,139,220,0,458,12,2,1,156,155.5,3,80.41
B_2plus1,2,1,PathSessionA20G2_0,450.0,5.0,1069,14802.36,12916.44,1.3108,77.78,924.81,-493.62,1614.52,4960.5,6341.43,943.36,714.16,1576.31,309.61,3.74,905,194,139,220,0,458,12,2,1,156,155.5,3,80.41
B_2plus1,2,1,PathSessionA20G2_0,600.0,5.0,1069,14802.36,12916.44,1.3108,77.78,924.81,-493.62,1614.52,4960.5,6341.43,943.36,714.16,1576.31,309.61,3.74,905,194,139,220,0,458,12,2,1,156,155.5,3,80.41
B_2plus1,2,1,PathSessionA20G2_0,9999.0,5.0,1069,14802.36,12916.44,1.3108,77.78,924.81,-493.62,1614.52,4960.5,6341.43,943.36,714.16,1576.31,309.61,3.74,905,194,139,220,0,458,12,2,1,156,155.5,3,80.41
B_2plus1,2,1,PathSessionA20G4_0,300.0,5.0,979,14460.77,12740.3,1.3238,77.78,803.0,-478.76,1681.88,5062.31,5996.11,533.14,416.74,1424.43,296.04,4.3,909,98,68,390,0,458,5,2,1,73,155.5,3,74.49
B_2plus1,2,1,PathSessionA20G4_0,450.0,5.0,979,14460.77,12740.3,1.3238,77.78,803.0,-478.76,1681.88,5062.31,5996.11,533.14,416.74,1424.43,296.04,4.3,909,98,68,390,0,458,5,2,1,73,155.5,3,74.49
B_2plus1,2,1,PathSessionA20G4_0,600.0,5.0,979,14460.77,12740.3,1.3238,77.78,803.0,-478.76,1681.88,5062.31,5996.11,533.14,416.74,1424.43,296.04,4.3,909,98,68,390,0,458,5,2,1,73,155.5,3,74.49
B_2plus1,2,1,PathSessionA20G4_0,9999.0,5.0,979,14460.77,12740.3,1.3238,77.78,803.0,-478.76,1681.88,5062.31,5996.11,533.14,416.74,1424.43,296.04,4.3,909,98,68,390,0,458,5,2,1,73,155.5,3,74.49
B_2plus1,2,1,PathSessionA20G6_0,300.0,5.0,950,14288.77,12641.53,1.3265,77.78,774.8,-478.76,1708.51,5082.18,5850.84,434.37,352.77,1355.08,292.16,5.19,909,69,57,430,0,458,5,2,1,53,155.5,3,76.81
B_2plus1,2,1,PathSessionA20G6_0,450.0,5.0,950,14288.77,12641.53,1.3265,77.78,774.8,-478.76,1708.51,5082.18,5850.84,434.37,352.77,1355.08,292.16,5.19,909,69,57,430,0,458,5,2,1,53,155.5,3,76.81
B_2plus1,2,1,PathSessionA20G6_0,600.0,5.0,950,14288.77,12641.53,1.3265,77.78,774.8,-478.76,1708.51,5082.18,5850.84,434.37,352.77,1355.08,292.16,5.19,909,69,57,430,0,458,5,2,1,53,155.5,3,76.81
B_2plus1,2,1,PathSessionA20G6_0,9999.0,5.0,950,14288.77,12641.53,1.3265,77.78,774.8,-478.76,1708.51,5082.18,5850.84,434.37,352.77,1355.08,292.16,5.19,909,69,57,430,0,458,5,2,1,53,155.5,3,76.81
B_2plus1,2,1,PathSessionA50G0_0,300.0,5.0,1134,14853.81,12887.24,1.3005,81.48,834.85,-579.62,1270.33,4945.54,6671.37,1357.74,1044.54,1653.72,312.84,4.0,900,264,173,114,0,458,19,2,1,208,155.5,3,78.79
B_2plus1,2,1,PathSessionA50G0_0,450.0,5.0,1134,14853.81,12887.24,1.3005,81.48,834.85,-579.62,1270.33,4945.54,6671.37,1357.74,1044.54,1653.72,312.84,4.0,900,264,173,114,0,458,19,2,1,208,155.5,3,78.79
B_2plus1,2,1,PathSessionA50G0_0,600.0,5.0,1134,14853.81,12887.24,1.3005,81.48,834.85,-579.62,1270.33,4945.54,6671.37,1357.74,1044.54,1653.72,312.84,4.0,900,264,173,114,0,458,19,2,1,208,155.5,3,78.79
B_2plus1,2,1,PathSessionA50G0_0,9999.0,5.0,1134,14853.81,12887.24,1.3005,81.48,834.85,-579.62,1270.33,4945.54,6671.37,1357.74,1044.54,1653.72,312.84,4.0,900,264,173,114,0,458,19,2,1,208,155.5,3,78.79
B_2plus1,2,1,PathSessionA50G1_0,300.0,5.0,1106,14889.77,12954.17,1.3068,77.78,794.52,-616.77,1682.48,4857.4,6414.29,1073.29,794.89,1624.05,311.55,3.43,901,235,153,164,0,458,17,2,1,185,155.5,3,78.72
B_2plus1,2,1,PathSessionA50G1_0,450.0,5.0,1106,14889.77,12954.17,1.3068,77.78,794.52,-616.77,1682.48,4857.4,6414.29,1073.29,794.89,1624.05,311.55,3.43,901,235,153,164,0,458,17,2,1,185,155.5,3,78.72
B_2plus1,2,1,PathSessionA50G1_0,600.0,5.0,1106,14889.77,12954.17,1.3068,77.78,794.52,-616.77,1682.48,4857.4,6414.29,1073.29,794.89,1624.05,311.55,3.43,901,235,153,164,0,458,17,2,1,185,155.5,3,78.72
B_2plus1,2,1,PathSessionA50G1_0,9999.0,5.0,1106,14889.77,12954.17,1.3068,77.78,794.52,-616.77,1682.48,4857.4,6414.29,1073.29,794.89,1624.05,311.55,3.43,901,235,153,164,0,458,17,2,1,185,155.5,3,78.72
B_2plus1,2,1,PathSessionA50G2_0,300.0,5.0,1065,14155.86,12272.36,1.2902,77.78,924.81,-513.22,1418.59,4850.98,6002.79,299.28,74.88,1571.95,311.55,0.4,905,190,128,235,0,458,12,2,1,150,155.5,3,78.95
B_2plus1,2,1,PathSessionA50G2_0,450.0,5.0,1065,14155.86,12272.36,1.2902,77.78,924.81,-513.22,1418.59,4850.98,6002.79,299.28,74.88,1571.95,311.55,0.4,905,190,128,235,0,458,12,2,1,150,155.5,3,78.95
B_2plus1,2,1,PathSessionA50G2_0,600.0,5.0,1065,14155.86,12272.36,1.2902,77.78,924.81,-513.22,1418.59,4850.98,6002.79,299.28,74.88,1571.95,311.55,0.4,905,190,128,235,0,458,12,2,1,150,155.5,3,78.95
B_2plus1,2,1,PathSessionA50G2_0,9999.0,5.0,1065,14155.86,12272.36,1.2902,77.78,924.81,-513.22,1418.59,4850.98,6002.79,299.28,74.88,1571.95,311.55,0.4,905,190,128,235,0,458,12,2,1,150,155.5,3,78.95
B_2plus1,2,1,PathSessionA50G4_0,300.0,5.0,952,14267.51,12615.66,1.3253,77.78,774.8,-478.76,1707.6,5042.06,5865.99,408.5,324.5,1359.69,292.16,4.64,909,71,59,426,0,458,5,2,1,55,155.5,3,77.46
B_2plus1,2,1,PathSessionA50G4_0,450.0,5.0,952,14267.51,12615.66,1.3253,77.78,774.8,-478.76,1707.6,5042.06,5865.99,408.5,324.5,1359.69,292.16,4.64,909,71,59,426,0,458,5,2,1,55,155.5,3,77.46
B_2plus1,2,1,PathSessionA50G4_0,600.0,5.0,952,14267.51,12615.66,1.3253,77.78,774.8,-478.76,1707.6,5042.06,5865.99,408.5,324.5,1359.69,292.16,4.64,909,71,59,426,0,458,5,2,1,55,155.5,3,77.46
B_2plus1,2,1,PathSessionA50G4_0,9999.0,5.0,952,14267.51,12615.66,1.3253,77.78,774.8,-478.76,1707.6,5042.06,5865.99,408.5,324.5,1359.69,292.16,4.64,909,71,59,426,0,458,5,2,1,55,155.5,3,77.46
B_2plus1,2,1,PathSessionA50G6_0,300.0,5.0,919,14515.72,12949.51,1.3443,77.78,774.8,-358.41,1718.0,5371.94,5859.57,455.77,413.77,1282.78,283.43,11.82,911,36,26,494,0,458,3,2,1,26,155.5,3,72.22
B_2plus1,2,1,PathSessionA50G6_0,450.0,5.0,919,14515.72,12949.51,1.3443,77.78,774.8,-358.41,1718.0,5371.94,5859.57,455.77,413.77,1282.78,283.43,11.82,911,36,26,494,0,458,3,2,1,26,155.5,3,72.22
B_2plus1,2,1,PathSessionA50G6_0,600.0,5.0,919,14515.72,12949.51,1.3443,77.78,774.8,-358.41,1718.0,5371.94,5859.57,455.77,413.77,1282.78,283.43,11.82,911,36,26,494,0,458,3,2,1,26,155.5,3,72.22
B_2plus1,2,1,PathSessionA50G6_0,9999.0,5.0,919,14515.72,12949.51,1.3443,77.78,774.8,-358.41,1718.0,5371.94,5859.57,455.77,413.77,1282.78,283.43,11.82,911,36,26,494,0,458,3,2,1,26,155.5,3,72.22
B_2plus1,2,1,PathQualityA10G0_0,300.0,5.0,1085,14306.71,12327.62,1.2889,77.78,833.44,-548.21,1154.28,4977.51,6195.82,526.81,278.41,1668.84,310.26,1.34,905,209,142,204,0,458,10,2,1,165,155.5,3,78.95
B_2plus1,2,1,PathQualityA10G0_0,450.0,5.0,1085,14306.71,12327.62,1.2889,77.78,833.44,-548.21,1154.28,4977.51,6195.82,526.81,278.41,1668.84,310.26,1.34,905,209,142,204,0,458,10,2,1,165,155.5,3,78.95
B_2plus1,2,1,PathQualityA10G0_0,600.0,5.0,1085,14306.71,12327.62,1.2889,77.78,833.44,-548.21,1154.28,4977.51,6195.82,526.81,278.41,1668.84,310.26,1.34,905,209,142,204,0,458,10,2,1,165,155.5,3,78.95
B_2plus1,2,1,PathQualityA10G0_0,9999.0,5.0,1085,14306.71,12327.62,1.2889,77.78,833.44,-548.21,1154.28,4977.51,6195.82,526.81,278.41,1668.84,310.26,1.34,905,209,142,204,0,458,10,2,1,165,155.5,3,78.95
B_2plus1,2,1,PathQualityA10G1_0,300.0,5.0,1052,14532.74,12601.78,1.3027,77.78,844.06,-514.44,1535.19,4870.77,6195.82,401.93,196.73,1624.91,306.06,1.15,908,173,116,267,0,458,6,2,1,137,155.5,3,79.19
B_2plus1,2,1,PathQualityA10G1_0,450.0,5.0,1052,14532.74,12601.78,1.3027,77.78,844.06,-514.44,1535.19,4870.77,6195.82,401.93,196.73,1624.91,306.06,1.15,908,173,116,267,0,458,6,2,1,137,155.5,3,79.19
B_2plus1,2,1,PathQualityA10G1_0,600.0,5.0,1052,14532.74,12601.78,1.3027,77.78,844.06,-514.44,1535.19,4870.77,6195.82,401.93,196.73,1624.91,306.06,1.15,908,173,116,267,0,458,6,2,1,137,155.5,3,79.19
B_2plus1,2,1,PathQualityA10G1_0,9999.0,5.0,1052,14532.74,12601.78,1.3027,77.78,844.06,-514.44,1535.19,4870.77,6195.82,401.93,196.73,1624.91,306.06,1.15,908,173,116,267,0,458,6,2,1,137,155.5,3,79.19
B_2plus1,2,1,PathQualityA10G2_0,300.0,5.0,1038,14406.98,12505.73,1.302,77.78,824.5,-514.44,1418.79,4842.25,6244.69,305.89,117.49,1597.13,304.12,0.75,908,159,100,297,0,458,6,2,1,124,155.5,3,77.99
B_2plus1,2,1,PathQualityA10G2_0,450.0,5.0,1038,14406.98,12505.73,1.302,77.78,824.5,-514.44,1418.79,4842.25,6244.69,305.89,117.49,1597.13,304.12,0.75,908,159,100,297,0,458,6,2,1,124,155.5,3,77.99
B_2plus1,2,1,PathQualityA10G2_0,600.0,5.0,1038,14406.98,12505.73,1.302,77.78,824.5,-514.44,1418.79,4842.25,6244.69,305.89,117.49,1597.13,304.12,0.75,908,159,100,297,0,458,6,2,1,124,155.5,3,77.99
B_2plus1,2,1,PathQualityA10G2_0,9999.0,5.0,1038,14406.98,12505.73,1.302,77.78,824.5,-514.44,1418.79,4842.25,6244.69,305.89,117.49,1597.13,304.12,0.75,908,159,100,297,0,458,6,2,1,124,155.5,3,77.99
B_2plus1,2,1,PathQualityA10G4_0,300.0,5.0,973,14955.73,13183.41,1.3376,77.78,774.8,-471.77,1805.4,5138.5,6239.51,976.25,867.05,1476.6,295.71,9.53,909,93,79,384,0,458,5,2,1,76,155.5,3,81.72
B_2plus1,2,1,PathQualityA10G4_0,450.0,5.0,973,14955.73,13183.41,1.3376,77.78,774.8,-471.77,1805.4,5138.5,6239.51,976.25,867.05,1476.6,295.71,9.53,909,93,79,384,0,458,5,2,1,76,155.5,3,81.72
B_2plus1,2,1,PathQualityA10G4_0,600.0,5.0,973,14955.73,13183.41,1.3376,77.78,774.8,-471.77,1805.4,5138.5,6239.51,976.25,867.05,1476.6,295.71,9.53,909,93,79,384,0,458,5,2,1,76,155.5,3,81.72
B_2plus1,2,1,PathQualityA10G4_0,9999.0,5.0,973,14955.73,13183.41,1.3376,77.78,774.8,-471.77,1805.4,5138.5,6239.51,976.25,867.05,1476.6,295.71,9.53,909,93,79,384,0,458,5,2,1,76,155.5,3,81.72
B_2plus1,2,1,PathQualityA10G6_0,300.0,5.0,955,15086.95,13340.89,1.3463,77.78,774.8,-365.0,1798.29,5206.7,6335.9,988.99,902.59,1453.25,292.8,12.54,910,74,74,408,0,458,4,2,1,60,155.5,3,81.08
B_2plus1,2,1,PathQualityA10G6_0,450.0,5.0,955,15086.95,13340.89,1.3463,77.78,774.8,-365.0,1798.29,5206.7,6335.9,988.99,902.59,1453.25,292.8,12.54,910,74,74,408,0,458,4,2,1,60,155.5,3,81.08
B_2plus1,2,1,PathQualityA10G6_0,600.0,5.0,955,15086.95,13340.89,1.3463,77.78,774.8,-365.0,1798.29,5206.7,6335.9,988.99,902.59,1453.25,292.8,12.54,910,74,74,408,0,458,4,2,1,60,155.5,3,81.08
B_2plus1,2,1,PathQualityA10G6_0,9999.0,5.0,955,15086.95,13340.89,1.3463,77.78,774.8,-365.0,1798.29,5206.7,6335.9,988.99,902.59,1453.25,292.8,12.54,910,74,74,408,0,458,4,2,1,60,155.5,3,81.08
B_2plus1,2,1,PathQualityA20G0_0,300.0,5.0,1088,14440.69,12478.0,1.2934,77.78,861.79,-514.44,1327.07,4977.51,6173.41,677.2,425.2,1653.08,309.61,2.02,905,212,146,197,0,458,10,2,1,167,155.5,3,78.77
B_2plus1,2,1,PathQualityA20G0_0,450.0,5.0,1088,14440.69,12478.0,1.2934,77.78,861.79,-514.44,1327.07,4977.51,6173.41,677.2,425.2,1653.08,309.61,2.02,905,212,146,197,0,458,10,2,1,167,155.5,3,78.77
B_2plus1,2,1,PathQualityA20G0_0,600.0,5.0,1088,14440.69,12478.0,1.2934,77.78,861.79,-514.44,1327.07,4977.51,6173.41,677.2,425.2,1653.08,309.61,2.02,905,212,146,197,0,458,10,2,1,167,155.5,3,78.77
B_2plus1,2,1,PathQualityA20G0_0,9999.0,5.0,1088,14440.69,12478.0,1.2934,77.78,861.79,-514.44,1327.07,4977.51,6173.41,677.2,425.2,1653.08,309.61,2.02,905,212,146,197,0,458,10,2,1,167,155.5,3,78.77
B_2plus1,2,1,PathQualityA20G1_0,300.0,5.0,1057,14598.74,12663.24,1.304,77.78,862.27,-514.44,1596.65,4870.77,6195.82,463.4,252.2,1629.44,306.06,1.43,908,178,120,257,0,458,7,2,1,142,155.5,3,79.78
B_2plus1,2,1,PathQualityA20G1_0,450.0,5.0,1057,14598.74,12663.24,1.304,77.78,862.27,-514.44,1596.65,4870.77,6195.82,463.4,252.2,1629.44,306.06,1.43,908,178,120,257,0,458,7,2,1,142,155.5,3,79.78
B_2plus1,2,1,PathQualityA20G1_0,600.0,5.0,1057,14598.74,12663.24,1.304,77.78,862.27,-514.44,1596.65,4870.77,6195.82,463.4,252.2,1629.44,306.06,1.43,908,178,120,257,0,458,7,2,1,142,155.5,3,79.78
B_2plus1,2,1,PathQualityA20G1_0,9999.0,5.0,1057,14598.74,12663.24,1.304,77.78,862.27,-514.44,1596.65,4870.77,6195.82,463.4,252.2,1629.44,306.06,1.43,908,178,120,257,0,458,7,2,1,142,155.5,3,79.78
B_2plus1,2,1,PathQualityA20G2_0,300.0,5.0,1033,14596.24,12707.2,1.3101,77.78,824.5,-514.44,1418.79,4993.31,6295.1,507.35,324.95,1585.89,303.15,2.14,908,154,100,302,0,458,6,2,1,120,155.5,3,77.92
B_2plus1,2,1,PathQualityA20G2_0,450.0,5.0,1033,14596.24,12707.2,1.3101,77.78,824.5,-514.44,1418.79,4993.31,6295.1,507.35,324.95,1585.89,303.15,2.14,908,154,100,302,0,458,6,2,1,120,155.5,3,77.92
B_2plus1,2,1,PathQualityA20G2_0,600.0,5.0,1033,14596.24,12707.2,1.3101,77.78,824.5,-514.44,1418.79,4993.31,6295.1,507.35,324.95,1585.89,303.15,2.14,908,154,100,302,0,458,6,2,1,120,155.5,3,77.92
B_2plus1,2,1,PathQualityA20G2_0,9999.0,5.0,1033,14596.24,12707.2,1.3101,77.78,824.5,-514.44,1418.79,4993.31,6295.1,507.35,324.95,1585.89,303.15,2.14,908,154,100,302,0,458,6,2,1,120,155.5,3,77.92
B_2plus1,2,1,PathQualityA20G4_0,300.0,5.0,966,14994.45,13227.35,1.3403,77.78,774.8,-365.0,1805.4,5159.62,6262.33,875.45,775.85,1472.03,295.07,9.35,910,85,77,394,0,458,4,2,1,70,155.5,3,82.35
B_2plus1,2,1,PathQualityA20G4_0,450.0,5.0,966,14994.45,13227.35,1.3403,77.78,774.8,-365.0,1805.4,5159.62,6262.33,875.45,775.85,1472.03,295.07,9.35,910,85,77,394,0,458,4,2,1,70,155.5,3,82.35
B_2plus1,2,1,PathQualityA20G4_0,600.0,5.0,966,14994.45,13227.35,1.3403,77.78,774.8,-365.0,1805.4,5159.62,6262.33,875.45,775.85,1472.03,295.07,9.35,910,85,77,394,0,458,4,2,1,70,155.5,3,82.35
B_2plus1,2,1,PathQualityA20G4_0,9999.0,5.0,966,14994.45,13227.35,1.3403,77.78,774.8,-365.0,1805.4,5159.62,6262.33,875.45,775.85,1472.03,295.07,9.35,910,85,77,394,0,458,4,2,1,70,155.5,3,82.35
B_2plus1,2,1,PathQualityA20G6_0,300.0,5.0,939,14988.73,13278.29,1.3478,77.78,774.8,-333.39,1762.14,5247.61,6268.54,926.39,859.19,1419.57,290.87,15.34,910,58,57,441,0,458,4,2,1,46,155.5,3,79.31
B_2plus1,2,1,PathQualityA20G6_0,450.0,5.0,939,14988.73,13278.29,1.3478,77.78,774.8,-333.39,1762.14,5247.61,6268.54,926.39,859.19,1419.57,290.87,15.34,910,58,57,441,0,458,4,2,1,46,155.5,3,79.31
B_2plus1,2,1,PathQualityA20G6_0,600.0,5.0,939,14988.73,13278.29,1.3478,77.78,774.8,-333.39,1762.14,5247.61,6268.54,926.39,859.19,1419.57,290.87,15.34,910,58,57,441,0,458,4,2,1,46,155.5,3,79.31
B_2plus1,2,1,PathQualityA20G6_0,9999.0,5.0,939,14988.73,13278.29,1.3478,77.78,774.8,-333.39,1762.14,5247.61,6268.54,926.39,859.19,1419.57,290.87,15.34,910,58,57,441,0,458,4,2,1,46,155.5,3,79.31
B_2plus1,2,1,PathQualityA50G0_0,300.0,5.0,1107,14310.97,12339.05,1.287,74.07,885.09,-526.12,1269.67,4890.37,6179.01,675.57,392.37,1657.79,314.13,1.66,898,238,153,162,0,458,19,2,1,193,155.5,3,81.09
B_2plus1,2,1,PathQualityA50G0_0,450.0,5.0,1107,14310.97,12339.05,1.287,74.07,885.09,-526.12,1269.67,4890.37,6179.01,675.57,392.37,1657.79,314.13,1.66,898,238,153,162,0,458,19,2,1,193,155.5,3,81.09
B_2plus1,2,1,PathQualityA50G0_0,600.0,5.0,1107,14310.97,12339.05,1.287,74.07,885.09,-526.12,1269.67,4890.37,6179.01,675.57,392.37,1657.79,314.13,1.66,898,238,153,162,0,458,19,2,1,193,155.5,3,81.09
B_2plus1,2,1,PathQualityA50G0_0,9999.0,5.0,1107,14310.97,12339.05,1.287,74.07,885.09,-526.12,1269.67,4890.37,6179.01,675.57,392.37,1657.79,314.13,1.66,898,238,153,162,0,458,19,2,1,193,155.5,3,81.09
B_2plus1,2,1,PathQualityA50G1_0,300.0,5.0,1060,14365.28,12472.58,1.2983,77.78,861.79,-514.44,1441.73,4835.03,6195.82,562.13,344.93,1588.58,304.12,1.91,906,183,126,246,0,458,9,2,1,147,155.5,3,80.33
B_2plus1,2,1,PathQualityA50G1_0,450.0,5.0,1060,14365.28,12472.58,1.2983,77.78,861.79,-514.44,1441.73,4835.03,6195.82,562.13,344.93,1588.58,304.12,1.91,906,183,126,246,0,458,9,2,1,147,155.5,3,80.33
B_2plus1,2,1,PathQualityA50G1_0,600.0,5.0,1060,14365.28,12472.58,1.2983,77.78,861.79,-514.44,1441.73,4835.03,6195.82,562.13,344.93,1588.58,304.12,1.91,906,183,126,246,0,458,9,2,1,147,155.5,3,80.33
B_2plus1,2,1,PathQualityA50G1_0,9999.0,5.0,1060,14365.28,12472.58,1.2983,77.78,861.79,-514.44,1441.73,4835.03,6195.82,562.13,344.93,1588.58,304.12,1.91,906,183,126,246,0,458,9,2,1,147,155.5,3,80.33
B_2plus1,2,1,PathQualityA50G2_0,300.0,5.0,1009,14503.74,12664.37,1.3137,77.78,824.5,-471.77,1418.79,5067.41,6178.17,464.52,310.92,1539.46,299.91,2.43,908,130,90,336,0,458,6,2,1,101,155.5,3,77.69
B_2plus1,2,1,PathQualityA50G2_0,450.0,5.0,1009,14503.74,12664.37,1.3137,77.78,824.5,-471.77,1418.79,5067.41,6178.17,464.52,310.92,1539.46,299.91,2.43,908,130,90,336,0,458,6,2,1,101,155.5,3,77.69
B_2plus1,2,1,PathQualityA50G2_0,600.0,5.0,1009,14503.74,12664.37,1.3137,77.78,824.5,-471.77,1418.79,5067.41,6178.17,464.52,310.92,1539.46,299.91,2.43,908,130,90,336,0,458,6,2,1,101,155.5,3,77.69
B_2plus1,2,1,PathQualityA50G2_0,9999.0,5.0,1009,14503.74,12664.37,1.3137,77.78,824.5,-471.77,1418.79,5067.41,6178.17,464.52,310.92,1539.46,299.91,2.43,908,130,90,336,0,458,6,2,1,101,155.5,3,77.69
B_2plus1,2,1,PathQualityA50G4_0,300.0,5.0,945,14872.22,13134.68,1.3416,77.78,774.8,-337.39,1779.85,5247.61,6107.22,782.78,708.38,1445.06,292.48,11.43,910,64,68,424,0,458,4,2,1,52,155.5,3,81.25
B_2plus1,2,1,PathQualityA50G4_0,450.0,5.0,945,14872.22,13134.68,1.3416,77.78,774.8,-337.39,1779.85,5247.61,6107.22,782.78,708.38,1445.06,292.48,11.43,910,64,68,424,0,458,4,2,1,52,155.5,3,81.25
B_2plus1,2,1,PathQualityA50G4_0,600.0,5.0,945,14872.22,13134.68,1.3416,77.78,774.8,-337.39,1779.85,5247.61,6107.22,782.78,708.38,1445.06,292.48,11.43,910,64,68,424,0,458,4,2,1,52,155.5,3,81.25
B_2plus1,2,1,PathQualityA50G4_0,9999.0,5.0,945,14872.22,13134.68,1.3416,77.78,774.8,-337.39,1779.85,5247.61,6107.22,782.78,708.38,1445.06,292.48,11.43,910,64,68,424,0,458,4,2,1,52,155.5,3,81.25
B_2plus1,2,1,PathQualityA50G6_0,300.0,5.0,930,14742.97,13043.73,1.3415,77.78,774.8,-379.55,1815.36,5194.19,6034.18,691.83,635.43,1409.99,289.25,13.52,910,49,52,455,0,458,4,2,1,38,155.5,3,77.55
B_2plus1,2,1,PathQualityA50G6_0,450.0,5.0,930,14742.97,13043.73,1.3415,77.78,774.8,-379.55,1815.36,5194.19,6034.18,691.83,635.43,1409.99,289.25,13.52,910,49,52,455,0,458,4,2,1,38,155.5,3,77.55
B_2plus1,2,1,PathQualityA50G6_0,600.0,5.0,930,14742.97,13043.73,1.3415,77.78,774.8,-379.55,1815.36,5194.19,6034.18,691.83,635.43,1409.99,289.25,13.52,910,49,52,455,0,458,4,2,1,38,155.5,3,77.55
B_2plus1,2,1,PathQualityA50G6_0,9999.0,5.0,930,14742.97,13043.73,1.3415,77.78,774.8,-379.55,1815.36,5194.19,6034.18,691.83,635.43,1409.99,289.25,13.52,910,49,52,455,0,458,4,2,1,38,155.5,3,77.55
B_2plus1,2,1,PathRiskA10G0_0,300.0,5.0,1025,14627.27,12909.82,1.3177,77.78,841.96,-531.19,1477.92,5278.7,6153.2,708.16,534.16,1416.57,300.88,3.68,907,147,98,310,0,458,8,2,1,121,155.5,3,82.31
B_2plus1,2,1,PathRiskA10G0_0,450.0,5.0,1025,14627.27,12909.82,1.3177,77.78,841.96,-531.19,1477.92,5278.7,6153.2,708.16,534.16,1416.57,300.88,3.68,907,147,98,310,0,458,8,2,1,121,155.5,3,82.31
B_2plus1,2,1,PathRiskA10G0_0,600.0,5.0,1025,14627.27,12909.82,1.3177,77.78,841.96,-531.19,1477.92,5278.7,6153.2,708.16,534.16,1416.57,300.88,3.68,907,147,98,310,0,458,8,2,1,121,155.5,3,82.31
B_2plus1,2,1,PathRiskA10G0_0,9999.0,5.0,1025,14627.27,12909.82,1.3177,77.78,841.96,-531.19,1477.92,5278.7,6153.2,708.16,534.16,1416.57,300.88,3.68,907,147,98,310,0,458,8,2,1,121,155.5,3,82.31
B_2plus1,2,1,PathRiskA10G1_0,300.0,5.0,1013,14461.27,12789.09,1.3161,77.78,831.85,-482.33,1560.89,5202.75,6025.46,589.25,430.85,1374.2,297.98,3.26,908,134,89,333,0,458,6,2,1,112,155.5,3,83.58
B_2plus1,2,1,PathRiskA10G1_0,450.0,5.0,1013,14461.27,12789.09,1.3161,77.78,831.85,-482.33,1560.89,5202.75,6025.46,589.25,430.85,1374.2,297.98,3.26,908,134,89,333,0,458,6,2,1,112,155.5,3,83.58
B_2plus1,2,1,PathRiskA10G1_0,600.0,5.0,1013,14461.27,12789.09,1.3161,77.78,831.85,-482.33,1560.89,5202.75,6025.46,589.25,430.85,1374.2,297.98,3.26,908,134,89,333,0,458,6,2,1,112,155.5,3,83.58
B_2plus1,2,1,PathRiskA10G1_0,9999.0,5.0,1013,14461.27,12789.09,1.3161,77.78,831.85,-482.33,1560.89,5202.75,6025.46,589.25,430.85,1374.2,297.98,3.26,908,134,89,333,0,458,6,2,1,112,155.5,3,83.58
B_2plus1,2,1,PathRiskA10G2_0,300.0,5.0,993,14593.94,12958.1,1.3249,77.78,770.09,-482.33,1806.13,5060.2,6091.76,758.26,623.86,1338.18,297.65,5.57,908,114,80,362,0,458,6,2,1,98,155.5,3,85.96
B_2plus1,2,1,PathRiskA10G2_0,450.0,5.0,993,14593.94,12958.1,1.3249,77.78,770.09,-482.33,1806.13,5060.2,6091.76,758.26,623.86,1338.18,297.65,5.57,908,114,80,362,0,458,6,2,1,98,155.5,3,85.96
B_2plus1,2,1,PathRiskA10G2_0,600.0,5.0,993,14593.94,12958.1,1.3249,77.78,770.09,-482.33,1806.13,5060.2,6091.76,758.26,623.86,1338.18,297.65,5.57,908,114,80,362,0,458,6,2,1,98,155.5,3,85.96
B_2plus1,2,1,PathRiskA10G2_0,9999.0,5.0,993,14593.94,12958.1,1.3249,77.78,770.09,-482.33,1806.13,5060.2,6091.76,758.26,623.86,1338.18,297.65,5.57,908,114,80,362,0,458,6,2,1,98,155.5,3,85.96
B_2plus1,2,1,PathRiskA10G4_0,300.0,5.0,978,14577.72,12964.48,1.3275,77.78,767.98,-482.33,1752.63,5073.64,6138.21,764.64,648.24,1317.84,295.39,6.68,908,99,67,390,0,458,6,2,1,88,155.5,3,88.89
B_2plus1,2,1,PathRiskA10G4_0,450.0,5.0,978,14577.72,12964.48,1.3275,77.78,767.98,-482.33,1752.63,5073.64,6138.21,764.64,648.24,1317.84,295.39,6.68,908,99,67,390,0,458,6,2,1,88,155.5,3,88.89
B_2plus1,2,1,PathRiskA10G4_0,600.0,5.0,978,14577.72,12964.48,1.3275,77.78,767.98,-482.33,1752.63,5073.64,6138.21,764.64,648.24,1317.84,295.39,6.68,908,99,67,390,0,458,6,2,1,88,155.5,3,88.89
B_2plus1,2,1,PathRiskA10G4_0,9999.0,5.0,978,14577.72,12964.48,1.3275,77.78,767.98,-482.33,1752.63,5073.64,6138.21,764.64,648.24,1317.84,295.39,6.68,908,99,67,390,0,458,6,2,1,88,155.5,3,88.89
B_2plus1,2,1,PathRiskA10G6_0,300.0,5.0,952,14674.74,13111.32,1.3385,77.78,767.98,-402.61,1823.89,5265.82,6021.62,759.43,676.63,1272.22,291.19,9.81,910,71,56,429,0,458,4,2,1,64,155.5,3,90.14
B_2plus1,2,1,PathRiskA10G6_0,450.0,5.0,952,14674.74,13111.32,1.3385,77.78,767.98,-402.61,1823.89,5265.82,6021.62,759.43,676.63,1272.22,291.19,9.81,910,71,56,429,0,458,4,2,1,64,155.5,3,90.14
B_2plus1,2,1,PathRiskA10G6_0,600.0,5.0,952,14674.74,13111.32,1.3385,77.78,767.98,-402.61,1823.89,5265.82,6021.62,759.43,676.63,1272.22,291.19,9.81,910,71,56,429,0,458,4,2,1,64,155.5,3,90.14
B_2plus1,2,1,PathRiskA10G6_0,9999.0,5.0,952,14674.74,13111.32,1.3385,77.78,767.98,-402.61,1823.89,5265.82,6021.62,759.43,676.63,1272.22,291.19,9.81,910,71,56,429,0,458,4,2,1,64,155.5,3,90.14
B_2plus1,2,1,PathRiskA20G0_0,300.0,5.0,1050,14736.96,12991.9,1.317,77.78,841.96,-507.23,1547.98,5146.58,6297.34,749.98,544.78,1444.82,300.24,3.19,906,173,108,272,0,458,11,2,1,144,155.5,3,83.24
B_2plus1,2,1,PathRiskA20G0_0,450.0,5.0,1050,14736.96,12991.9,1.317,77.78,841.96,-507.23,1547.98,5146.58,6297.34,749.98,544.78,1444.82,300.24,3.19,906,173,108,272,0,458,11,2,1,144,155.5,3,83.24
B_2plus1,2,1,PathRiskA20G0_0,600.0,5.0,1050,14736.96,12991.9,1.317,77.78,841.96,-507.23,1547.98,5146.58,6297.34,749.98,544.78,1444.82,300.24,3.19,906,173,108,272,0,458,11,2,1,144,155.5,3,83.24
B_2plus1,2,1,PathRiskA20G0_0,9999.0,5.0,1050,14736.96,12991.9,1.317,77.78,841.96,-507.23,1547.98,5146.58,6297.34,749.98,544.78,1444.82,300.24,3.19,906,173,108,272,0,458,11,2,1,144,155.5,3,83.24
B_2plus1,2,1,PathRiskA20G1_0,300.0,5.0,1016,14333.01,12659.18,1.3113,77.78,841.96,-482.33,1477.92,5155.8,6025.46,459.34,297.34,1375.85,297.98,2.2,908,137,90,329,0,458,6,2,1,116,155.5,3,84.67
B_2plus1,2,1,PathRiskA20G1_0,450.0,5.0,1016,14333.01,12659.18,1.3113,77.78,841.96,-482.33,1477.92,5155.8,6025.46,459.34,297.34,1375.85,297.98,2.2,908,137,90,329,0,458,6,2,1,116,155.5,3,84.67
B_2plus1,2,1,PathRiskA20G1_0,600.0,5.0,1016,14333.01,12659.18,1.3113,77.78,841.96,-482.33,1477.92,5155.8,6025.46,459.34,297.34,1375.85,297.98,2.2,908,137,90,329,0,458,6,2,1,116,155.5,3,84.67
B_2plus1,2,1,PathRiskA20G1_0,9999.0,5.0,1016,14333.01,12659.18,1.3113,77.78,841.96,-482.33,1477.92,5155.8,6025.46,459.34,297.34,1375.85,297.98,2.2,908,137,90,329,0,458,6,2,1,116,155.5,3,84.67
B_2plus1,2,1,PathRiskA20G2_0,300.0,5.0,990,14537.2,12903.63,1.3235,77.78,770.09,-482.33,1806.13,5005.73,6091.76,703.79,572.99,1335.59,297.98,5.26,908,111,81,364,0,458,6,2,1,97,155.5,3,87.39
B_2plus1,2,1,PathRiskA20G2_0,450.0,5.0,990,14537.2,12903.63,1.3235,77.78,770.09,-482.33,1806.13,5005.73,6091.76,703.79,572.99,1335.59,297.98,5.26,908,111,81,364,0,458,6,2,1,97,155.5,3,87.39
B_2plus1,2,1,PathRiskA20G2_0,600.0,5.0,990,14537.2,12903.63,1.3235,77.78,770.09,-482.33,1806.13,5005.73,6091.76,703.79,572.99,1335.59,297.98,5.26,908,111,81,364,0,458,6,2,1,97,155.5,3,87.39
B_2plus1,2,1,PathRiskA20G2_0,9999.0,5.0,990,14537.2,12903.63,1.3235,77.78,770.09,-482.33,1806.13,5005.73,6091.76,703.79,572.99,1335.59,297.98,5.26,908,111,81,364,0,458,6,2,1,97,155.5,3,87.39
B_2plus1,2,1,PathRiskA20G4_0,300.0,5.0,967,14447.24,12850.24,1.3261,77.78,767.98,-480.22,1781.86,5083.22,5985.17,643.08,541.08,1302.9,294.1,6.37,909,87,61,408,0,458,5,2,1,78,155.5,3,89.66
B_2plus1,2,1,PathRiskA20G4_0,450.0,5.0,967,14447.24,12850.24,1.3261,77.78,767.98,-480.22,1781.86,5083.22,5985.17,643.08,541.08,1302.9,294.1,6.37,909,87,61,408,0,458,5,2,1,78,155.5,3,89.66
B_2plus1,2,1,PathRiskA20G4_0,600.0,5.0,967,14447.24,12850.24,1.3261,77.78,767.98,-480.22,1781.86,5083.22,5985.17,643.08,541.08,1302.9,294.1,6.37,909,87,61,408,0,458,5,2,1,78,155.5,3,89.66
B_2plus1,2,1,PathRiskA20G4_0,9999.0,5.0,967,14447.24,12850.24,1.3261,77.78,767.98,-480.22,1781.86,5083.22,5985.17,643.08,541.08,1302.9,294.1,6.37,909,87,61,408,0,458,5,2,1,78,155.5,3,89.66
B_2plus1,2,1,PathRiskA20G6_0,300.0,5.0,945,14659.76,13102.86,1.3394,77.78,767.98,-402.61,1768.1,5299.11,6035.65,750.96,676.56,1267.32,289.57,10.91,910,64,46,446,0,458,4,2,1,58,155.5,3,90.62
B_2plus1,2,1,PathRiskA20G6_0,450.0,5.0,945,14659.76,13102.86,1.3394,77.78,767.98,-402.61,1768.1,5299.11,6035.65,750.96,676.56,1267.32,289.57,10.91,910,64,46,446,0,458,4,2,1,58,155.5,3,90.62
B_2plus1,2,1,PathRiskA20G6_0,600.0,5.0,945,14659.76,13102.86,1.3394,77.78,767.98,-402.61,1768.1,5299.11,6035.65,750.96,676.56,1267.32,289.57,10.91,910,64,46,446,0,458,4,2,1,58,155.5,3,90.62
B_2plus1,2,1,PathRiskA20G6_0,9999.0,5.0,945,14659.76,13102.86,1.3394,77.78,767.98,-402.61,1768.1,5299.11,6035.65,750.96,676.56,1267.32,289.57,10.91,910,64,46,446,0,458,4,2,1,58,155.5,3,90.62
B_2plus1,2,1,PathRiskA50G0_0,300.0,5.0,1072,14587.02,12823.37,1.3093,77.78,828.01,-525.12,1398.54,5127.49,6297.34,869.03,633.83,1464.05,299.59,3.23,903,198,120,235,0,458,14,2,1,155,155.5,3,78.28
B_2plus1,2,1,PathRiskA50G0_0,450.0,5.0,1072,14587.02,12823.37,1.3093,77.78,828.01,-525.12,1398.54,5127.49,6297.34,869.03,633.83,1464.05,299.59,3.23,903,198,120,235,0,458,14,2,1,155,155.5,3,78.28
B_2plus1,2,1,PathRiskA50G0_0,600.0,5.0,1072,14587.02,12823.37,1.3093,77.78,828.01,-525.12,1398.54,5127.49,6297.34,869.03,633.83,1464.05,299.59,3.23,903,198,120,235,0,458,14,2,1,155,155.5,3,78.28
B_2plus1,2,1,PathRiskA50G0_0,9999.0,5.0,1072,14587.02,12823.37,1.3093,77.78,828.01,-525.12,1398.54,5127.49,6297.34,869.03,633.83,1464.05,299.59,3.23,903,198,120,235,0,458,14,2,1,155,155.5,3,78.28
B_2plus1,2,1,PathRiskA50G1_0,300.0,5.0,1026,14399.23,12707.96,1.3119,77.78,841.96,-531.19,1583.26,5099.25,6025.46,444.31,267.91,1392.64,298.62,1.82,906,149,100,305,0,458,10,2,1,126,155.5,3,84.56
B_2plus1,2,1,PathRiskA50G1_0,450.0,5.0,1026,14399.23,12707.96,1.3119,77.78,841.96,-531.19,1583.26,5099.25,6025.46,444.31,267.91,1392.64,298.62,1.82,906,149,100,305,0,458,10,2,1,126,155.5,3,84.56
B_2plus1,2,1,PathRiskA50G1_0,600.0,5.0,1026,14399.23,12707.96,1.3119,77.78,841.96,-531.19,1583.26,5099.25,6025.46,444.31,267.91,1392.64,298.62,1.82,906,149,100,305,0,458,10,2,1,126,155.5,3,84.56
B_2plus1,2,1,PathRiskA50G1_0,9999.0,5.0,1026,14399.23,12707.96,1.3119,77.78,841.96,-531.19,1583.26,5099.25,6025.46,444.31,267.91,1392.64,298.62,1.82,906,149,100,305,0,458,10,2,1,126,155.5,3,84.56
B_2plus1,2,1,PathRiskA50G2_0,300.0,5.0,983,14388.43,12763.01,1.3202,77.78,770.09,-482.33,1646.07,5032.55,6084.39,563.17,440.77,1329.05,296.36,4.32,908,104,71,381,0,458,6,2,1,92,155.5,3,88.46
B_2plus1,2,1,PathRiskA50G2_0,450.0,5.0,983,14388.43,12763.01,1.3202,77.78,770.09,-482.33,1646.07,5032.55,6084.39,563.17,440.77,1329.05,296.36,4.32,908,104,71,381,0,458,6,2,1,92,155.5,3,88.46
B_2plus1,2,1,PathRiskA50G2_0,600.0,5.0,983,14388.43,12763.01,1.3202,77.78,770.09,-482.33,1646.07,5032.55,6084.39,563.17,440.77,1329.05,296.36,4.32,908,104,71,381,0,458,6,2,1,92,155.5,3,88.46
B_2plus1,2,1,PathRiskA50G2_0,9999.0,5.0,983,14388.43,12763.01,1.3202,77.78,770.09,-482.33,1646.07,5032.55,6084.39,563.17,440.77,1329.05,296.36,4.32,908,104,71,381,0,458,6,2,1,92,155.5,3,88.46
B_2plus1,2,1,PathRiskA50G4_0,300.0,5.0,942,14847.72,13288.45,1.3464,77.78,767.98,-402.61,1764.2,5406.3,6117.95,794.71,725.11,1268.72,290.54,12.5,911,60,48,448,0,458,3,2,1,55,155.5,3,91.67
B_2plus1,2,1,PathRiskA50G4_0,450.0,5.0,942,14847.72,13288.45,1.3464,77.78,767.98,-402.61,1764.2,5406.3,6117.95,794.71,725.11,1268.72,290.54,12.5,911,60,48,448,0,458,3,2,1,55,155.5,3,91.67
B_2plus1,2,1,PathRiskA50G4_0,600.0,5.0,942,14847.72,13288.45,1.3464,77.78,767.98,-402.61,1764.2,5406.3,6117.95,794.71,725.11,1268.72,290.54,12.5,911,60,48,448,0,458,3,2,1,55,155.5,3,91.67
B_2plus1,2,1,PathRiskA50G4_0,9999.0,5.0,942,14847.72,13288.45,1.3464,77.78,767.98,-402.61,1764.2,5406.3,6117.95,794.71,725.11,1268.72,290.54,12.5,911,60,48,448,0,458,3,2,1,55,155.5,3,91.67
B_2plus1,2,1,PathRiskA50G6_0,300.0,5.0,931,14668.72,13134.81,1.3433,77.78,767.98,-402.61,1763.68,5473.46,5897.67,641.07,584.67,1245.63,288.28,12.44,911,49,39,468,0,458,3,2,1,45,155.5,3,91.84
B_2plus1,2,1,PathRiskA50G6_0,450.0,5.0,931,14668.72,13134.81,1.3433,77.78,767.98,-402.61,1763.68,5473.46,5897.67,641.07,584.67,1245.63,288.28,12.44,911,49,39,468,0,458,3,2,1,45,155.5,3,91.84
B_2plus1,2,1,PathRiskA50G6_0,600.0,5.0,931,14668.72,13134.81,1.3433,77.78,767.98,-402.61,1763.68,5473.46,5897.67,641.07,584.67,1245.63,288.28,12.44,911,49,39,468,0,458,3,2,1,45,155.5,3,91.84
B_2plus1,2,1,PathRiskA50G6_0,9999.0,5.0,931,14668.72,13134.81,1.3433,77.78,767.98,-402.61,1763.68,5473.46,5897.67,641.07,584.67,1245.63,288.28,12.44,911,49,39,468,0,458,3,2,1,45,155.5,3,91.84
C_3plus1,3,1,All,300.0,5.0,1175,20682.86,18229.64,1.2939,81.48,1442.71,-578.83,2441.2,6772.24,9016.2,683.64,284.04,2015.95,437.27,0.85,867,336,189,0,0,458,39,41,13,273,213.75,4,81.25
C_3plus1,3,1,All,450.0,5.0,1175,20682.86,18229.64,1.2939,81.48,1442.71,-578.83,2441.2,6772.24,9016.2,683.64,284.04,2015.95,437.27,0.85,867,336,189,0,0,458,39,41,13,273,213.75,4,81.25
C_3plus1,3,1,All,600.0,5.0,1175,20682.86,18229.64,1.2939,81.48,1442.71,-578.83,2441.2,6772.24,9016.2,683.64,284.04,2015.95,437.27,0.85,867,336,189,0,0,458,39,41,13,273,213.75,4,81.25
C_3plus1,3,1,All,9999.0,5.0,1175,20682.86,18229.64,1.2939,81.48,1442.71,-578.83,2441.2,6772.24,9016.2,683.64,284.04,2015.95,437.27,0.85,867,336,189,0,0,458,39,41,13,273,213.75,4,81.25
C_3plus1,3,1,Opposite,300.0,5.0,946,21530.76,19589.95,1.3594,77.78,1447.4,-592.84,3190.75,7930.85,8468.35,157.23,61.23,1530.05,410.77,0.77,893,80,48,416,0,458,3,32,10,0,188.5,4,0.0
C_3plus1,3,1,Opposite,450.0,5.0,946,21530.76,19589.95,1.3594,77.78,1447.4,-592.84,3190.75,7930.85,8468.35,157.23,61.23,1530.05,410.77,0.77,893,80,48,416,0,458,3,32,10,0,188.5,4,0.0
C_3plus1,3,1,Opposite,600.0,5.0,946,21530.76,19589.95,1.3594,77.78,1447.4,-592.84,3190.75,7930.85,8468.35,157.23,61.23,1530.05,410.77,0.77,893,80,48,416,0,458,3,32,10,0,188.5,4,0.0
C_3plus1,3,1,Opposite,9999.0,5.0,946,21530.76,19589.95,1.3594,77.78,1447.4,-592.84,3190.75,7930.85,8468.35,157.23,61.23,1530.05,410.77,0.77,893,80,48,416,0,458,3,32,10,0,188.5,4,0.0
C_3plus1,3,1,LongOnly,300.0,5.0,1011,20964.0,18832.73,1.3297,74.07,1494.32,-643.89,2606.4,7361.87,8864.47,3.96,-176.04,1691.74,439.53,-1.17,888,150,99,291,0,458,13,31,9,118,198.25,4,78.67
C_3plus1,3,1,LongOnly,450.0,5.0,1011,20964.0,18832.73,1.3297,74.07,1494.32,-643.89,2606.4,7361.87,8864.47,3.96,-176.04,1691.74,439.53,-1.17,888,150,99,291,0,458,13,31,9,118,198.25,4,78.67
C_3plus1,3,1,LongOnly,600.0,5.0,1011,20964.0,18832.73,1.3297,74.07,1494.32,-643.89,2606.4,7361.87,8864.47,3.96,-176.04,1691.74,439.53,-1.17,888,150,99,291,0,458,13,31,9,118,198.25,4,78.67
C_3plus1,3,1,LongOnly,9999.0,5.0,1011,20964.0,18832.73,1.3297,74.07,1494.32,-643.89,2606.4,7361.87,8864.47,3.96,-176.04,1691.74,439.53,-1.17,888,150,99,291,0,458,13,31,9,118,198.25,4,78.67
C_3plus1,3,1,ShortOnly,300.0,5.0,1063,20916.07,18736.34,1.3168,77.78,1434.37,-687.18,2873.23,7128.7,8734.41,558.37,308.77,1773.49,406.24,1.48,880,211,117,212,0,458,10,42,12,160,213.75,4,75.83
C_3plus1,3,1,ShortOnly,450.0,5.0,1063,20916.07,18736.34,1.3168,77.78,1434.37,-687.18,2873.23,7128.7,8734.41,558.37,308.77,1773.49,406.24,1.48,880,211,117,212,0,458,10,42,12,160,213.75,4,75.83
C_3plus1,3,1,ShortOnly,600.0,5.0,1063,20916.07,18736.34,1.3168,77.78,1434.37,-687.18,2873.23,7128.7,8734.41,558.37,308.77,1773.49,406.24,1.48,880,211,117,212,0,458,10,42,12,160,213.75,4,75.83
C_3plus1,3,1,ShortOnly,9999.0,5.0,1063,20916.07,18736.34,1.3168,77.78,1434.37,-687.18,2873.23,7128.7,8734.41,558.37,308.77,1773.49,406.24,1.48,880,211,117,212,0,458,10,42,12,160,213.75,4,75.83
C_3plus1,3,1,SQ50,300.0,5.0,1130,20679.53,18274.58,1.299,77.78,1471.81,-613.09,2471.69,6893.33,8909.56,291.2,-48.4,1971.56,433.39,-0.17,872,285,165,82,0,458,28,40,12,245,213.75,4,85.96
C_3plus1,3,1,SQ50,450.0,5.0,1130,20679.53,18274.58,1.299,77.78,1471.81,-613.09,2471.69,6893.33,8909.56,291.2,-48.4,1971.56,433.39,-0.17,872,285,165,82,0,458,28,40,12,245,213.75,4,85.96
C_3plus1,3,1,SQ50,600.0,5.0,1130,20679.53,18274.58,1.299,77.78,1471.81,-613.09,2471.69,6893.33,8909.56,291.2,-48.4,1971.56,433.39,-0.17,872,285,165,82,0,458,28,40,12,245,213.75,4,85.96
C_3plus1,3,1,SQ50,9999.0,5.0,1130,20679.53,18274.58,1.299,77.78,1471.81,-613.09,2471.69,6893.33,8909.56,291.2,-48.4,1971.56,433.39,-0.17,872,285,165,82,0,458,28,40,12,245,213.75,4,85.96
C_3plus1,3,1,SQ60,300.0,5.0,1058,21519.41,19207.77,1.3288,81.48,1463.47,-631.55,3162.19,7164.7,8880.88,541.0,302.2,1880.84,430.8,1.52,886,200,130,206,0,458,19,31,9,177,213.75,4,88.5
C_3plus1,3,1,SQ60,450.0,5.0,1058,21519.41,19207.77,1.3288,81.48,1463.47,-631.55,3162.19,7164.7,8880.88,541.0,302.2,1880.84,430.8,1.52,886,200,130,206,0,458,19,31,9,177,213.75,4,88.5
C_3plus1,3,1,SQ60,600.0,5.0,1058,21519.41,19207.77,1.3288,81.48,1463.47,-631.55,3162.19,7164.7,8880.88,541.0,302.2,1880.84,430.8,1.52,886,200,130,206,0,458,19,31,9,177,213.75,4,88.5
C_3plus1,3,1,SQ60,9999.0,5.0,1058,21519.41,19207.77,1.3288,81.48,1463.47,-631.55,3162.19,7164.7,8880.88,541.0,302.2,1880.84,430.8,1.52,886,200,130,206,0,458,19,31,9,177,213.75,4,88.5
C_3plus1,3,1,Regime40,300.0,5.0,1050,21246.37,18947.76,1.3233,77.78,1443.18,-682.0,2921.79,7068.7,8957.27,445.13,218.33,1866.19,432.42,1.16,888,190,118,232,0,458,9,35,10,169,213.75,4,88.95
C_3plus1,3,1,Regime40,450.0,5.0,1050,21246.37,18947.76,1.3233,77.78,1443.18,-682.0,2921.79,7068.7,8957.27,445.13,218.33,1866.19,432.42,1.16,888,190,118,232,0,458,9,35,10,169,213.75,4,88.95
C_3plus1,3,1,Regime40,600.0,5.0,1050,21246.37,18947.76,1.3233,77.78,1443.18,-682.0,2921.79,7068.7,8957.27,445.13,218.33,1866.19,432.42,1.16,888,190,118,232,0,458,9,35,10,169,213.75,4,88.95
C_3plus1,3,1,Regime40,9999.0,5.0,1050,21246.37,18947.76,1.3233,77.78,1443.18,-682.0,2921.79,7068.7,8957.27,445.13,218.33,1866.19,432.42,1.16,888,190,118,232,0,458,9,35,10,169,213.75,4,88.95
C_3plus1,3,1,Risk20,300.0,5.0,1162,19846.86,17438.29,1.2807,74.07,1442.71,-565.03,2122.43,6524.49,8791.36,-107.71,-491.71,1974.54,434.04,-1.54,867,322,178,26,0,458,38,41,13,258,213.75,4,80.12
C_3plus1,3,1,Risk20,450.0,5.0,1162,19846.86,17438.29,1.2807,74.07,1442.71,-565.03,2122.43,6524.49,8791.36,-107.71,-491.71,1974.54,434.04,-1.54,867,322,178,26,0,458,38,41,13,258,213.75,4,80.12
C_3plus1,3,1,Risk20,600.0,5.0,1162,19846.86,17438.29,1.2807,74.07,1442.71,-565.03,2122.43,6524.49,8791.36,-107.71,-491.71,1974.54,434.04,-1.54,867,322,178,26,0,458,38,41,13,258,213.75,4,80.12
C_3plus1,3,1,Risk20,9999.0,5.0,1162,19846.86,17438.29,1.2807,74.07,1442.71,-565.03,2122.43,6524.49,8791.36,-107.71,-491.71,1974.54,434.04,-1.54,867,322,178,26,0,458,38,41,13,258,213.75,4,80.12
C_3plus1,3,1,Risk25,300.0,5.0,1174,20498.61,18045.13,1.2918,77.78,1442.71,-578.83,2197.12,6772.24,9075.77,499.13,100.73,2016.86,436.62,0.3,867,334,188,3,0,458,39,41,13,271,213.75,4,81.14
C_3plus1,3,1,Risk25,450.0,5.0,1174,20498.61,18045.13,1.2918,77.78,1442.71,-578.83,2197.12,6772.24,9075.77,499.13,100.73,2016.86,436.62,0.3,867,334,188,3,0,458,39,41,13,271,213.75,4,81.14
C_3plus1,3,1,Risk25,600.0,5.0,1174,20498.61,18045.13,1.2918,77.78,1442.71,-578.83,2197.12,6772.24,9075.77,499.13,100.73,2016.86,436.62,0.3,867,334,188,3,0,458,39,41,13,271,213.75,4,81.14
C_3plus1,3,1,Risk25,9999.0,5.0,1174,20498.61,18045.13,1.2918,77.78,1442.71,-578.83,2197.12,6772.24,9075.77,499.13,100.73,2016.86,436.62,0.3,867,334,188,3,0,458,39,41,13,271,213.75,4,81.14
C_3plus1,3,1,RR2,300.0,5.0,947,21824.74,19494.18,1.3499,77.78,1034.75,-772.73,3070.34,7857.89,8565.96,194.85,96.45,1903.63,426.93,1.18,892,83,78,383,0,458,5,31,10,72,213.75,4,86.75
C_3plus1,3,1,RR2,450.0,5.0,947,21824.74,19494.18,1.3499,77.78,1034.75,-772.73,3070.34,7857.89,8565.96,194.85,96.45,1903.63,426.93,1.18,892,83,78,383,0,458,5,31,10,72,213.75,4,86.75
C_3plus1,3,1,RR2,600.0,5.0,947,21824.74,19494.18,1.3499,77.78,1034.75,-772.73,3070.34,7857.89,8565.96,194.85,96.45,1903.63,426.93,1.18,892,83,78,383,0,458,5,31,10,72,213.75,4,86.75
C_3plus1,3,1,RR2,9999.0,5.0,947,21824.74,19494.18,1.3499,77.78,1034.75,-772.73,3070.34,7857.89,8565.96,194.85,96.45,1903.63,426.93,1.18,892,83,78,383,0,458,5,31,10,72,213.75,4,86.75
C_3plus1,3,1,PathA10G0_0,300.0,5.0,1042,21213.95,18862.6,1.3219,74.07,1502.93,-624.16,2526.46,7129.92,9206.22,504.9,284.1,1904.71,446.64,1.54,885,186,126,228,0,458,14,33,11,154,213.75,4,82.8
C_3plus1,3,1,PathA10G0_0,450.0,5.0,1042,21213.95,18862.6,1.3219,74.07,1502.93,-624.16,2526.46,7129.92,9206.22,504.9,284.1,1904.71,446.64,1.54,885,186,126,228,0,458,14,33,11,154,213.75,4,82.8
C_3plus1,3,1,PathA10G0_0,600.0,5.0,1042,21213.95,18862.6,1.3219,74.07,1502.93,-624.16,2526.46,7129.92,9206.22,504.9,284.1,1904.71,446.64,1.54,885,186,126,228,0,458,14,33,11,154,213.75,4,82.8
C_3plus1,3,1,PathA10G0_0,9999.0,5.0,1042,21213.95,18862.6,1.3219,74.07,1502.93,-624.16,2526.46,7129.92,9206.22,504.9,284.1,1904.71,446.64,1.54,885,186,126,228,0,458,14,33,11,154,213.75,4,82.8
C_3plus1,3,1,PathA10G1_0,300.0,5.0,1007,21447.45,19129.1,1.3319,74.07,1494.59,-656.15,2531.64,7325.81,9271.64,413.3,238.1,1881.73,436.62,1.63,888,148,110,282,0,458,9,35,11,122,213.75,4,82.43
C_3plus1,3,1,PathA10G1_0,450.0,5.0,1007,21447.45,19129.1,1.3319,74.07,1494.59,-656.15,2531.64,7325.81,9271.64,413.3,238.1,1881.73,436.62,1.63,888,148,110,282,0,458,9,35,11,122,213.75,4,82.43
C_3plus1,3,1,PathA10G1_0,600.0,5.0,1007,21447.45,19129.1,1.3319,74.07,1494.59,-656.15,2531.64,7325.81,9271.64,413.3,238.1,1881.73,436.62,1.63,888,148,110,282,0,458,9,35,11,122,213.75,4,82.43
C_3plus1,3,1,PathA10G1_0,9999.0,5.0,1007,21447.45,19129.1,1.3319,74.07,1494.59,-656.15,2531.64,7325.81,9271.64,413.3,238.1,1881.73,436.62,1.63,888,148,110,282,0,458,9,35,11,122,213.75,4,82.43
C_3plus1,3,1,PathA10G2_0,300.0,5.0,982,21638.71,19397.43,1.342,74.07,1494.59,-656.15,2799.97,7325.81,9271.64,541.12,398.32,1812.74,428.54,3.35,890,121,95,325,0,458,7,34,10,99,213.75,4,81.82
C_3plus1,3,1,PathA10G2_0,450.0,5.0,982,21638.71,19397.43,1.342,74.07,1494.59,-656.15,2799.97,7325.81,9271.64,541.12,398.32,1812.74,428.54,3.35,890,121,95,325,0,458,7,34,10,99,213.75,4,81.82
C_3plus1,3,1,PathA10G2_0,600.0,5.0,982,21638.71,19397.43,1.342,74.07,1494.59,-656.15,2799.97,7325.81,9271.64,541.12,398.32,1812.74,428.54,3.35,890,121,95,325,0,458,7,34,10,99,213.75,4,81.82
C_3plus1,3,1,PathA10G2_0,9999.0,5.0,982,21638.71,19397.43,1.342,74.07,1494.59,-656.15,2799.97,7325.81,9271.64,541.12,398.32,1812.74,428.54,3.35,890,121,95,325,0,458,7,34,10,99,213.75,4,81.82
C_3plus1,3,1,PathA10G4_0,300.0,5.0,958,21509.11,19313.47,1.3436,77.78,1494.59,-660.36,3001.6,7195.46,9116.41,459.89,347.09,1770.97,424.66,3.69,891,96,77,369,0,458,5,34,10,76,213.75,4,79.17
C_3plus1,3,1,PathA10G4_0,450.0,5.0,958,21509.11,19313.47,1.3436,77.78,1494.59,-660.36,3001.6,7195.46,9116.41,459.89,347.09,1770.97,424.66,3.69,891,96,77,369,0,458,5,34,10,76,213.75,4,79.17
C_3plus1,3,1,PathA10G4_0,600.0,5.0,958,21509.11,19313.47,1.3436,77.78,1494.59,-660.36,3001.6,7195.46,9116.41,459.89,347.09,1770.97,424.66,3.69,891,96,77,369,0,458,5,34,10,76,213.75,4,79.17
C_3plus1,3,1,PathA10G4_0,9999.0,5.0,958,21509.11,19313.47,1.3436,77.78,1494.59,-660.36,3001.6,7195.46,9116.41,459.89,347.09,1770.97,424.66,3.69,891,96,77,369,0,458,5,34,10,76,213.75,4,79.17
C_3plus1,3,1,PathA10G6_0,300.0,5.0,938,22013.37,19884.59,1.3596,74.07,1494.59,-548.68,3009.23,7668.96,9206.41,601.14,514.74,1707.35,421.43,7.15,893,74,70,398,0,458,3,34,10,60,213.75,4,81.08
C_3plus1,3,1,PathA10G6_0,450.0,5.0,938,22013.37,19884.59,1.3596,74.07,1494.59,-548.68,3009.23,7668.96,9206.41,601.14,514.74,1707.35,421.43,7.15,893,74,70,398,0,458,3,34,10,60,213.75,4,81.08
C_3plus1,3,1,PathA10G6_0,600.0,5.0,938,22013.37,19884.59,1.3596,74.07,1494.59,-548.68,3009.23,7668.96,9206.41,601.14,514.74,1707.35,421.43,7.15,893,74,70,398,0,458,3,34,10,60,213.75,4,81.08
C_3plus1,3,1,PathA10G6_0,9999.0,5.0,938,22013.37,19884.59,1.3596,74.07,1494.59,-548.68,3009.23,7668.96,9206.41,601.14,514.74,1707.35,421.43,7.15,893,74,70,398,0,458,3,34,10,60,213.75,4,81.08
C_3plus1,3,1,PathA20G0_0,300.0,5.0,1043,21382.65,19046.79,1.326,77.78,1502.93,-624.16,2710.65,7129.92,9206.22,689.09,467.09,1889.54,446.32,2.52,885,187,129,224,0,458,14,33,11,155,213.75,4,82.89
C_3plus1,3,1,PathA20G0_0,450.0,5.0,1043,21382.65,19046.79,1.326,77.78,1502.93,-624.16,2710.65,7129.92,9206.22,689.09,467.09,1889.54,446.32,2.52,885,187,129,224,0,458,14,33,11,155,213.75,4,82.89
C_3plus1,3,1,PathA20G0_0,600.0,5.0,1043,21382.65,19046.79,1.326,77.78,1502.93,-624.16,2710.65,7129.92,9206.22,689.09,467.09,1889.54,446.32,2.52,885,187,129,224,0,458,14,33,11,155,213.75,4,82.89
C_3plus1,3,1,PathA20G0_0,9999.0,5.0,1043,21382.65,19046.79,1.326,77.78,1502.93,-624.16,2710.65,7129.92,9206.22,689.09,467.09,1889.54,446.32,2.52,885,187,129,224,0,458,14,33,11,155,213.75,4,82.89
C_3plus1,3,1,PathA20G1_0,300.0,5.0,1008,21440.45,19123.91,1.3317,74.07,1494.59,-656.15,2526.46,7325.81,9271.64,408.12,231.72,1880.24,436.3,1.58,888,149,111,280,0,458,9,35,11,122,213.75,4,81.88
C_3plus1,3,1,PathA20G1_0,450.0,5.0,1008,21440.45,19123.91,1.3317,74.07,1494.59,-656.15,2526.46,7325.81,9271.64,408.12,231.72,1880.24,436.3,1.58,888,149,111,280,0,458,9,35,11,122,213.75,4,81.88
C_3plus1,3,1,PathA20G1_0,600.0,5.0,1008,21440.45,19123.91,1.3317,74.07,1494.59,-656.15,2526.46,7325.81,9271.64,408.12,231.72,1880.24,436.3,1.58,888,149,111,280,0,458,9,35,11,122,213.75,4,81.88
C_3plus1,3,1,PathA20G1_0,9999.0,5.0,1008,21440.45,19123.91,1.3317,74.07,1494.59,-656.15,2526.46,7325.81,9271.64,408.12,231.72,1880.24,436.3,1.58,888,149,111,280,0,458,9,35,11,122,213.75,4,81.88
C_3plus1,3,1,PathA20G2_0,300.0,5.0,982,21672.71,19430.98,1.3428,74.07,1494.59,-656.15,2799.97,7359.36,9271.64,574.67,431.87,1812.87,428.87,3.63,890,121,96,324,0,458,7,34,10,99,213.75,4,81.82
C_3plus1,3,1,PathA20G2_0,450.0,5.0,982,21672.71,19430.98,1.3428,74.07,1494.59,-656.15,2799.97,7359.36,9271.64,574.67,431.87,1812.87,428.87,3.63,890,121,96,324,0,458,7,34,10,99,213.75,4,81.82
C_3plus1,3,1,PathA20G2_0,600.0,5.0,982,21672.71,19430.98,1.3428,74.07,1494.59,-656.15,2799.97,7359.36,9271.64,574.67,431.87,1812.87,428.87,3.63,890,121,96,324,0,458,7,34,10,99,213.75,4,81.82
C_3plus1,3,1,PathA20G2_0,9999.0,5.0,982,21672.71,19430.98,1.3428,74.07,1494.59,-656.15,2799.97,7359.36,9271.64,574.67,431.87,1812.87,428.87,3.63,890,121,96,324,0,458,7,34,10,99,213.75,4,81.82
C_3plus1,3,1,PathA20G4_0,300.0,5.0,952,21435.87,19260.95,1.3429,74.07,1494.59,-660.36,2975.01,7169.53,9116.41,407.36,301.76,1751.23,423.69,3.43,891,90,76,376,0,458,5,34,10,73,213.75,4,81.11
C_3plus1,3,1,PathA20G4_0,450.0,5.0,952,21435.87,19260.95,1.3429,74.07,1494.59,-660.36,2975.01,7169.53,9116.41,407.36,301.76,1751.23,423.69,3.43,891,90,76,376,0,458,5,34,10,73,213.75,4,81.11
C_3plus1,3,1,PathA20G4_0,600.0,5.0,952,21435.87,19260.95,1.3429,74.07,1494.59,-660.36,2975.01,7169.53,9116.41,407.36,301.76,1751.23,423.69,3.43,891,90,76,376,0,458,5,34,10,73,213.75,4,81.11
C_3plus1,3,1,PathA20G4_0,9999.0,5.0,952,21435.87,19260.95,1.3429,74.07,1494.59,-660.36,2975.01,7169.53,9116.41,407.36,301.76,1751.23,423.69,3.43,891,90,76,376,0,458,5,34,10,73,213.75,4,81.11
C_3plus1,3,1,PathA20G6_0,300.0,5.0,931,21843.9,19720.56,1.3568,74.07,1494.59,-521.08,2990.79,7668.96,9060.82,437.11,359.11,1701.91,421.43,5.52,893,67,65,410,0,458,3,34,10,53,213.75,4,79.1
C_3plus1,3,1,PathA20G6_0,450.0,5.0,931,21843.9,19720.56,1.3568,74.07,1494.59,-521.08,2990.79,7668.96,9060.82,437.11,359.11,1701.91,421.43,5.52,893,67,65,410,0,458,3,34,10,53,213.75,4,79.1
C_3plus1,3,1,PathA20G6_0,600.0,5.0,931,21843.9,19720.56,1.3568,74.07,1494.59,-521.08,2990.79,7668.96,9060.82,437.11,359.11,1701.91,421.43,5.52,893,67,65,410,0,458,3,34,10,53,213.75,4,79.1
C_3plus1,3,1,PathA20G6_0,9999.0,5.0,931,21843.9,19720.56,1.3568,74.07,1494.59,-521.08,2990.79,7668.96,9060.82,437.11,359.11,1701.91,421.43,5.52,893,67,65,410,0,458,3,34,10,53,213.75,4,79.1
C_3plus1,3,1,PathA50G0_0,300.0,5.0,1058,21447.9,19115.85,1.3267,77.78,1502.93,-604.57,2773.93,7149.52,9192.4,665.15,423.95,1887.03,445.02,2.11,884,203,136,201,0,458,15,33,11,165,213.75,4,81.28
C_3plus1,3,1,PathA50G0_0,450.0,5.0,1058,21447.9,19115.85,1.3267,77.78,1502.93,-604.57,2773.93,7149.52,9192.4,665.15,423.95,1887.03,445.02,2.11,884,203,136,201,0,458,15,33,11,165,213.75,4,81.28
C_3plus1,3,1,PathA50G0_0,600.0,5.0,1058,21447.9,19115.85,1.3267,77.78,1502.93,-604.57,2773.93,7149.52,9192.4,665.15,423.95,1887.03,445.02,2.11,884,203,136,201,0,458,15,33,11,165,213.75,4,81.28
C_3plus1,3,1,PathA50G0_0,9999.0,5.0,1058,21447.9,19115.85,1.3267,77.78,1502.93,-604.57,2773.93,7149.52,9192.4,665.15,423.95,1887.03,445.02,2.11,884,203,136,201,0,458,15,33,11,165,213.75,4,81.28
C_3plus1,3,1,PathA50G1_0,300.0,5.0,1008,21440.45,19123.91,1.3317,74.07,1494.59,-656.15,2526.46,7325.81,9271.64,408.12,231.72,1880.24,436.3,1.58,888,149,111,280,0,458,9,35,11,122,213.75,4,81.88
C_3plus1,3,1,PathA50G1_0,450.0,5.0,1008,21440.45,19123.91,1.3317,74.07,1494.59,-656.15,2526.46,7325.81,9271.64,408.12,231.72,1880.24,436.3,1.58,888,149,111,280,0,458,9,35,11,122,213.75,4,81.88
C_3plus1,3,1,PathA50G1_0,600.0,5.0,1008,21440.45,19123.91,1.3317,74.07,1494.59,-656.15,2526.46,7325.81,9271.64,408.12,231.72,1880.24,436.3,1.58,888,149,111,280,0,458,9,35,11,122,213.75,4,81.88
C_3plus1,3,1,PathA50G1_0,9999.0,5.0,1008,21440.45,19123.91,1.3317,74.07,1494.59,-656.15,2526.46,7325.81,9271.64,408.12,231.72,1880.24,436.3,1.58,888,149,111,280,0,458,9,35,11,122,213.75,4,81.88
C_3plus1,3,1,PathA50G2_0,300.0,5.0,1003,21462.71,19145.26,1.333,74.07,1494.59,-660.36,2442.71,7394.46,9308.09,432.19,262.99,1880.83,436.62,1.87,889,143,111,287,0,458,7,35,11,117,213.75,4,81.82
C_3plus1,3,1,PathA50G2_0,450.0,5.0,1003,21462.71,19145.26,1.333,74.07,1494.59,-660.36,2442.71,7394.46,9308.09,432.19,262.99,1880.83,436.62,1.87,889,143,111,287,0,458,7,35,11,117,213.75,4,81.82
C_3plus1,3,1,PathA50G2_0,600.0,5.0,1003,21462.71,19145.26,1.333,74.07,1494.59,-660.36,2442.71,7394.46,9308.09,432.19,262.99,1880.83,436.62,1.87,889,143,111,287,0,458,7,35,11,117,213.75,4,81.82
C_3plus1,3,1,PathA50G2_0,9999.0,5.0,1003,21462.71,19145.26,1.333,74.07,1494.59,-660.36,2442.71,7394.46,9308.09,432.19,262.99,1880.83,436.62,1.87,889,143,111,287,0,458,7,35,11,117,213.75,4,81.82
C_3plus1,3,1,PathA50G4_0,300.0,5.0,931,21843.9,19720.56,1.3568,74.07,1494.59,-521.08,2990.79,7668.96,9060.82,437.11,359.11,1701.91,421.43,5.52,893,67,65,410,0,458,3,34,10,53,213.75,4,79.1
C_3plus1,3,1,PathA50G4_0,450.0,5.0,931,21843.9,19720.56,1.3568,74.07,1494.59,-521.08,2990.79,7668.96,9060.82,437.11,359.11,1701.91,421.43,5.52,893,67,65,410,0,458,3,34,10,53,213.75,4,79.1
C_3plus1,3,1,PathA50G4_0,600.0,5.0,931,21843.9,19720.56,1.3568,74.07,1494.59,-521.08,2990.79,7668.96,9060.82,437.11,359.11,1701.91,421.43,5.52,893,67,65,410,0,458,3,34,10,53,213.75,4,79.1
C_3plus1,3,1,PathA50G4_0,9999.0,5.0,931,21843.9,19720.56,1.3568,74.07,1494.59,-521.08,2990.79,7668.96,9060.82,437.11,359.11,1701.91,421.43,5.52,893,67,65,410,0,458,3,34,10,53,213.75,4,79.1
C_3plus1,3,1,PathA50G6_0,300.0,5.0,924,21728.12,19613.81,1.3552,74.07,1494.59,-521.08,3003.84,7685.28,8924.69,330.35,260.75,1694.17,420.14,4.5,893,60,60,422,0,458,3,34,10,50,213.75,4,83.33
C_3plus1,3,1,PathA50G6_0,450.0,5.0,924,21728.12,19613.81,1.3552,74.07,1494.59,-521.08,3003.84,7685.28,8924.69,330.35,260.75,1694.17,420.14,4.5,893,60,60,422,0,458,3,34,10,50,213.75,4,83.33
C_3plus1,3,1,PathA50G6_0,600.0,5.0,924,21728.12,19613.81,1.3552,74.07,1494.59,-521.08,3003.84,7685.28,8924.69,330.35,260.75,1694.17,420.14,4.5,893,60,60,422,0,458,3,34,10,50,213.75,4,83.33
C_3plus1,3,1,PathA50G6_0,9999.0,5.0,924,21728.12,19613.81,1.3552,74.07,1494.59,-521.08,3003.84,7685.28,8924.69,330.35,260.75,1694.17,420.14,4.5,893,60,60,422,0,458,3,34,10,50,213.75,4,83.33
C_3plus1,3,1,PathSessionA10G0_0,300.0,5.0,1096,21291.79,19005.62,1.3219,77.78,1502.93,-691.8,2493.64,7034.22,9477.76,886.16,598.16,1848.58,437.59,2.49,883,243,158,140,0,458,17,31,11,189,213.75,4,77.78
C_3plus1,3,1,PathSessionA10G0_0,450.0,5.0,1096,21291.79,19005.62,1.3219,77.78,1502.93,-691.8,2493.64,7034.22,9477.76,886.16,598.16,1848.58,437.59,2.49,883,243,158,140,0,458,17,31,11,189,213.75,4,77.78
C_3plus1,3,1,PathSessionA10G0_0,600.0,5.0,1096,21291.79,19005.62,1.3219,77.78,1502.93,-691.8,2493.64,7034.22,9477.76,886.16,598.16,1848.58,437.59,2.49,883,243,158,140,0,458,17,31,11,189,213.75,4,77.78
C_3plus1,3,1,PathSessionA10G0_0,9999.0,5.0,1096,21291.79,19005.62,1.3219,77.78,1502.93,-691.8,2493.64,7034.22,9477.76,886.16,598.16,1848.58,437.59,2.49,883,243,158,140,0,458,17,31,11,189,213.75,4,77.78
C_3plus1,3,1,PathSessionA10G1_0,300.0,5.0,1087,21113.04,18825.33,1.3187,77.78,1502.93,-714.39,2520.35,6972.13,9332.85,705.86,428.66,1849.48,438.24,1.86,883,234,156,152,0,458,16,31,11,184,213.75,4,78.63
C_3plus1,3,1,PathSessionA10G1_0,450.0,5.0,1087,21113.04,18825.33,1.3187,77.78,1502.93,-714.39,2520.35,6972.13,9332.85,705.86,428.66,1849.48,438.24,1.86,883,234,156,152,0,458,16,31,11,184,213.75,4,78.63
C_3plus1,3,1,PathSessionA10G1_0,600.0,5.0,1087,21113.04,18825.33,1.3187,77.78,1502.93,-714.39,2520.35,6972.13,9332.85,705.86,428.66,1849.48,438.24,1.86,883,234,156,152,0,458,16,31,11,184,213.75,4,78.63
C_3plus1,3,1,PathSessionA10G1_0,9999.0,5.0,1087,21113.04,18825.33,1.3187,77.78,1502.93,-714.39,2520.35,6972.13,9332.85,705.86,428.66,1849.48,438.24,1.86,883,234,156,152,0,458,16,31,11,184,213.75,4,78.63
C_3plus1,3,1,PathSessionA10G2_0,300.0,5.0,1048,21920.02,19523.22,1.3371,77.78,1224.97,-651.78,2819.49,7464.63,9239.1,982.24,759.04,1959.86,436.94,4.08,889,189,138,214,0,458,12,30,11,152,213.75,4,80.42
C_3plus1,3,1,PathSessionA10G2_0,450.0,5.0,1048,21920.02,19523.22,1.3371,77.78,1224.97,-651.78,2819.49,7464.63,9239.1,982.24,759.04,1959.86,436.94,4.08,889,189,138,214,0,458,12,30,11,152,213.75,4,80.42
C_3plus1,3,1,PathSessionA10G2_0,600.0,5.0,1048,21920.02,19523.22,1.3371,77.78,1224.97,-651.78,2819.49,7464.63,9239.1,982.24,759.04,1959.86,436.94,4.08,889,189,138,214,0,458,12,30,11,152,213.75,4,80.42
C_3plus1,3,1,PathSessionA10G2_0,9999.0,5.0,1048,21920.02,19523.22,1.3371,77.78,1224.97,-651.78,2819.49,7464.63,9239.1,982.24,759.04,1959.86,436.94,4.08,889,189,138,214,0,458,12,30,11,152,213.75,4,80.42
C_3plus1,3,1,PathSessionA10G4_0,300.0,5.0,964,21404.68,19315.75,1.3457,77.78,1494.59,-660.36,3084.27,7313.01,8918.47,462.16,342.16,1668.14,420.79,3.42,891,101,75,366,0,458,5,34,10,74,213.75,4,73.27
C_3plus1,3,1,PathSessionA10G4_0,450.0,5.0,964,21404.68,19315.75,1.3457,77.78,1494.59,-660.36,3084.27,7313.01,8918.47,462.16,342.16,1668.14,420.79,3.42,891,101,75,366,0,458,5,34,10,74,213.75,4,73.27
C_3plus1,3,1,PathSessionA10G4_0,600.0,5.0,964,21404.68,19315.75,1.3457,77.78,1494.59,-660.36,3084.27,7313.01,8918.47,462.16,342.16,1668.14,420.79,3.42,891,101,75,366,0,458,5,34,10,74,213.75,4,73.27
C_3plus1,3,1,PathSessionA10G4_0,9999.0,5.0,964,21404.68,19315.75,1.3457,77.78,1494.59,-660.36,3084.27,7313.01,8918.47,462.16,342.16,1668.14,420.79,3.42,891,101,75,366,0,458,5,34,10,74,213.75,4,73.27
C_3plus1,3,1,PathSessionA10G6_0,300.0,5.0,954,21367.43,19288.55,1.3462,74.07,1494.59,-660.36,3004.74,7390.03,8893.78,434.97,326.97,1658.09,420.79,3.63,891,91,64,387,0,458,5,34,10,67,213.75,4,73.63
C_3plus1,3,1,PathSessionA10G6_0,450.0,5.0,954,21367.43,19288.55,1.3462,74.07,1494.59,-660.36,3004.74,7390.03,8893.78,434.97,326.97,1658.09,420.79,3.63,891,91,64,387,0,458,5,34,10,67,213.75,4,73.63
C_3plus1,3,1,PathSessionA10G6_0,600.0,5.0,954,21367.43,19288.55,1.3462,74.07,1494.59,-660.36,3004.74,7390.03,8893.78,434.97,326.97,1658.09,420.79,3.63,891,91,64,387,0,458,5,34,10,67,213.75,4,73.63
C_3plus1,3,1,PathSessionA10G6_0,9999.0,5.0,954,21367.43,19288.55,1.3462,74.07,1494.59,-660.36,3004.74,7390.03,8893.78,434.97,326.97,1658.09,420.79,3.63,891,91,64,387,0,458,5,34,10,67,213.75,4,73.63
C_3plus1,3,1,PathSessionA20G0_0,300.0,5.0,1099,21537.27,19247.32,1.3268,81.48,1502.93,-691.8,2784.84,6984.72,9477.76,1127.85,836.25,1852.36,437.59,3.44,883,246,162,133,0,458,17,31,11,193,213.75,4,78.46
C_3plus1,3,1,PathSessionA20G0_0,450.0,5.0,1099,21537.27,19247.32,1.3268,81.48,1502.93,-691.8,2784.84,6984.72,9477.76,1127.85,836.25,1852.36,437.59,3.44,883,246,162,133,0,458,17,31,11,193,213.75,4,78.46
C_3plus1,3,1,PathSessionA20G0_0,600.0,5.0,1099,21537.27,19247.32,1.3268,81.48,1502.93,-691.8,2784.84,6984.72,9477.76,1127.85,836.25,1852.36,437.59,3.44,883,246,162,133,0,458,17,31,11,193,213.75,4,78.46
C_3plus1,3,1,PathSessionA20G0_0,9999.0,5.0,1099,21537.27,19247.32,1.3268,81.48,1502.93,-691.8,2784.84,6984.72,9477.76,1127.85,836.25,1852.36,437.59,3.44,883,246,162,133,0,458,17,31,11,193,213.75,4,78.46
C_3plus1,3,1,PathSessionA20G1_0,300.0,5.0,1088,21123.54,18842.74,1.3192,77.78,1502.93,-691.8,2537.76,6972.13,9332.85,723.27,444.87,1843.22,437.59,1.92,883,235,157,149,0,458,17,31,11,184,213.75,4,78.3
C_3plus1,3,1,PathSessionA20G1_0,450.0,5.0,1088,21123.54,18842.74,1.3192,77.78,1502.93,-691.8,2537.76,6972.13,9332.85,723.27,444.87,1843.22,437.59,1.92,883,235,157,149,0,458,17,31,11,184,213.75,4,78.3
C_3plus1,3,1,PathSessionA20G1_0,600.0,5.0,1088,21123.54,18842.74,1.3192,77.78,1502.93,-691.8,2537.76,6972.13,9332.85,723.27,444.87,1843.22,437.59,1.92,883,235,157,149,0,458,17,31,11,184,213.75,4,78.3
C_3plus1,3,1,PathSessionA20G1_0,9999.0,5.0,1088,21123.54,18842.74,1.3192,77.78,1502.93,-691.8,2537.76,6972.13,9332.85,723.27,444.87,1843.22,437.59,1.92,883,235,157,149,0,458,17,31,11,184,213.75,4,78.3
C_3plus1,3,1,PathSessionA20G2_0,300.0,5.0,1049,21902.52,19502.09,1.3365,77.78,1224.97,-651.78,2798.36,7464.63,9239.1,961.11,736.71,1963.16,437.27,3.94,889,190,138,213,0,458,12,30,11,153,213.75,4,80.53
C_3plus1,3,1,PathSessionA20G2_0,450.0,5.0,1049,21902.52,19502.09,1.3365,77.78,1224.97,-651.78,2798.36,7464.63,9239.1,961.11,736.71,1963.16,437.27,3.94,889,190,138,213,0,458,12,30,11,153,213.75,4,80.53
C_3plus1,3,1,PathSessionA20G2_0,600.0,5.0,1049,21902.52,19502.09,1.3365,77.78,1224.97,-651.78,2798.36,7464.63,9239.1,961.11,736.71,1963.16,437.27,3.94,889,190,138,213,0,458,12,30,11,153,213.75,4,80.53
C_3plus1,3,1,PathSessionA20G2_0,9999.0,5.0,1049,21902.52,19502.09,1.3365,77.78,1224.97,-651.78,2798.36,7464.63,9239.1,961.11,736.71,1963.16,437.27,3.94,889,190,138,213,0,458,12,30,11,153,213.75,4,80.53
C_3plus1,3,1,PathSessionA20G4_0,300.0,5.0,958,21339.43,19249.03,1.3446,77.78,1494.59,-660.36,3042.24,7313.01,8893.78,395.45,282.65,1669.29,421.11,3.01,891,95,67,380,0,458,5,34,10,70,213.75,4,73.68
C_3plus1,3,1,PathSessionA20G4_0,450.0,5.0,958,21339.43,19249.03,1.3446,77.78,1494.59,-660.36,3042.24,7313.01,8893.78,395.45,282.65,1669.29,421.11,3.01,891,95,67,380,0,458,5,34,10,70,213.75,4,73.68
C_3plus1,3,1,PathSessionA20G4_0,600.0,5.0,958,21339.43,19249.03,1.3446,77.78,1494.59,-660.36,3042.24,7313.01,8893.78,395.45,282.65,1669.29,421.11,3.01,891,95,67,380,0,458,5,34,10,70,213.75,4,73.68
C_3plus1,3,1,PathSessionA20G4_0,9999.0,5.0,958,21339.43,19249.03,1.3446,77.78,1494.59,-660.36,3042.24,7313.01,8893.78,395.45,282.65,1669.29,421.11,3.01,891,95,67,380,0,458,5,34,10,70,213.75,4,73.68
C_3plus1,3,1,PathSessionA20G6_0,300.0,5.0,930,21146.43,19123.26,1.3458,74.07,1494.59,-660.36,3041.86,7332.88,8748.52,269.67,190.47,1605.62,417.55,2.89,891,67,56,419,0,458,5,34,10,51,213.75,4,76.12
C_3plus1,3,1,PathSessionA20G6_0,450.0,5.0,930,21146.43,19123.26,1.3458,74.07,1494.59,-660.36,3041.86,7332.88,8748.52,269.67,190.47,1605.62,417.55,2.89,891,67,56,419,0,458,5,34,10,51,213.75,4,76.12
C_3plus1,3,1,PathSessionA20G6_0,600.0,5.0,930,21146.43,19123.26,1.3458,74.07,1494.59,-660.36,3041.86,7332.88,8748.52,269.67,190.47,1605.62,417.55,2.89,891,67,56,419,0,458,5,34,10,51,213.75,4,76.12
C_3plus1,3,1,PathSessionA20G6_0,9999.0,5.0,930,21146.43,19123.26,1.3458,74.07,1494.59,-660.36,3041.86,7332.88,8748.52,269.67,190.47,1605.62,417.55,2.89,891,67,56,419,0,458,5,34,10,51,213.75,4,76.12
C_3plus1,3,1,PathSessionA50G0_0,300.0,5.0,1110,21034.34,18733.99,1.3144,81.48,1502.93,-709.97,2180.22,6984.72,9569.05,1141.6,835.6,1863.09,437.27,3.28,882,258,169,113,0,458,19,31,11,203,213.75,4,78.68
C_3plus1,3,1,PathSessionA50G0_0,450.0,5.0,1110,21034.34,18733.99,1.3144,81.48,1502.93,-709.97,2180.22,6984.72,9569.05,1141.6,835.6,1863.09,437.27,3.28,882,258,169,113,0,458,19,31,11,203,213.75,4,78.68
C_3plus1,3,1,PathSessionA50G0_0,600.0,5.0,1110,21034.34,18733.99,1.3144,81.48,1502.93,-709.97,2180.22,6984.72,9569.05,1141.6,835.6,1863.09,437.27,3.28,882,258,169,113,0,458,19,31,11,203,213.75,4,78.68
C_3plus1,3,1,PathSessionA50G0_0,9999.0,5.0,1110,21034.34,18733.99,1.3144,81.48,1502.93,-709.97,2180.22,6984.72,9569.05,1141.6,835.6,1863.09,437.27,3.28,882,258,169,113,0,458,19,31,11,203,213.75,4,78.68
C_3plus1,3,1,PathSessionA50G1_0,300.0,5.0,1087,21945.76,19502.45,1.333,85.19,1120.31,-691.8,2828.95,7361.53,9311.96,1100.73,827.13,2003.78,439.53,3.63,886,231,151,160,0,458,17,27,10,182,213.75,4,78.79
C_3plus1,3,1,PathSessionA50G1_0,450.0,5.0,1087,21945.76,19502.45,1.333,85.19,1120.31,-691.8,2828.95,7361.53,9311.96,1100.73,827.13,2003.78,439.53,3.63,886,231,151,160,0,458,17,27,10,182,213.75,4,78.79
C_3plus1,3,1,PathSessionA50G1_0,600.0,5.0,1087,21945.76,19502.45,1.333,85.19,1120.31,-691.8,2828.95,7361.53,9311.96,1100.73,827.13,2003.78,439.53,3.63,886,231,151,160,0,458,17,27,10,182,213.75,4,78.79
C_3plus1,3,1,PathSessionA50G1_0,9999.0,5.0,1087,21945.76,19502.45,1.333,85.19,1120.31,-691.8,2828.95,7361.53,9311.96,1100.73,827.13,2003.78,439.53,3.63,886,231,151,160,0,458,17,27,10,182,213.75,4,78.79
C_3plus1,3,1,PathSessionA50G2_0,300.0,5.0,1045,21256.02,18855.64,1.3217,77.78,1224.97,-671.38,2600.07,7355.11,8900.47,314.66,95.06,1961.18,439.21,0.52,889,186,126,229,0,458,12,30,11,147,213.75,4,79.03
C_3plus1,3,1,PathSessionA50G2_0,450.0,5.0,1045,21256.02,18855.64,1.3217,77.78,1224.97,-671.38,2600.07,7355.11,8900.47,314.66,95.06,1961.18,439.21,0.52,889,186,126,229,0,458,12,30,11,147,213.75,4,79.03
C_3plus1,3,1,PathSessionA50G2_0,600.0,5.0,1045,21256.02,18855.64,1.3217,77.78,1224.97,-671.38,2600.07,7355.11,8900.47,314.66,95.06,1961.18,439.21,0.52,889,186,126,229,0,458,12,30,11,147,213.75,4,79.03
C_3plus1,3,1,PathSessionA50G2_0,9999.0,5.0,1045,21256.02,18855.64,1.3217,77.78,1224.97,-671.38,2600.07,7355.11,8900.47,314.66,95.06,1961.18,439.21,0.52,889,186,126,229,0,458,12,30,11,147,213.75,4,79.03
C_3plus1,3,1,PathSessionA50G4_0,300.0,5.0,932,21125.17,19097.39,1.345,74.07,1494.59,-660.36,3040.96,7292.76,8763.67,243.8,162.2,1610.23,417.55,2.39,891,69,58,415,0,458,5,34,10,53,213.75,4,76.81
C_3plus1,3,1,PathSessionA50G4_0,450.0,5.0,932,21125.17,19097.39,1.345,74.07,1494.59,-660.36,3040.96,7292.76,8763.67,243.8,162.2,1610.23,417.55,2.39,891,69,58,415,0,458,5,34,10,53,213.75,4,76.81
C_3plus1,3,1,PathSessionA50G4_0,600.0,5.0,932,21125.17,19097.39,1.345,74.07,1494.59,-660.36,3040.96,7292.76,8763.67,243.8,162.2,1610.23,417.55,2.39,891,69,58,415,0,458,5,34,10,53,213.75,4,76.81
C_3plus1,3,1,PathSessionA50G4_0,9999.0,5.0,932,21125.17,19097.39,1.345,74.07,1494.59,-660.36,3040.96,7292.76,8763.67,243.8,162.2,1610.23,417.55,2.39,891,69,58,415,0,458,5,34,10,53,213.75,4,76.81
C_3plus1,3,1,PathSessionA50G6_0,300.0,5.0,900,21464.63,19512.81,1.3595,74.07,1523.69,-496.8,3051.36,7704.2,8757.24,291.07,251.47,1541.38,410.44,7.62,894,34,25,483,0,458,3,33,9,24,213.75,4,70.59
C_3plus1,3,1,PathSessionA50G6_0,450.0,5.0,900,21464.63,19512.81,1.3595,74.07,1523.69,-496.8,3051.36,7704.2,8757.24,291.07,251.47,1541.38,410.44,7.62,894,34,25,483,0,458,3,33,9,24,213.75,4,70.59
C_3plus1,3,1,PathSessionA50G6_0,600.0,5.0,900,21464.63,19512.81,1.3595,74.07,1523.69,-496.8,3051.36,7704.2,8757.24,291.07,251.47,1541.38,410.44,7.62,894,34,25,483,0,458,3,33,9,24,213.75,4,70.59
C_3plus1,3,1,PathSessionA50G6_0,9999.0,5.0,900,21464.63,19512.81,1.3595,74.07,1523.69,-496.8,3051.36,7704.2,8757.24,291.07,251.47,1541.38,410.44,7.62,894,34,25,483,0,458,3,33,9,24,213.75,4,70.59
C_3plus1,3,1,PathQualityA10G0_0,300.0,5.0,1066,21684.25,19185.52,1.3265,77.78,1091.54,-696.04,2468.84,7623.18,9093.5,578.96,335.36,2060.81,437.91,1.65,890,205,138,200,0,458,10,29,10,161,213.75,4,78.54
C_3plus1,3,1,PathQualityA10G0_0,450.0,5.0,1066,21684.25,19185.52,1.3265,77.78,1091.54,-696.04,2468.84,7623.18,9093.5,578.96,335.36,2060.81,437.91,1.65,890,205,138,200,0,458,10,29,10,161,213.75,4,78.54
C_3plus1,3,1,PathQualityA10G0_0,600.0,5.0,1066,21684.25,19185.52,1.3265,77.78,1091.54,-696.04,2468.84,7623.18,9093.5,578.96,335.36,2060.81,437.91,1.65,890,205,138,200,0,458,10,29,10,161,213.75,4,78.54
C_3plus1,3,1,PathQualityA10G0_0,9999.0,5.0,1066,21684.25,19185.52,1.3265,77.78,1091.54,-696.04,2468.84,7623.18,9093.5,578.96,335.36,2060.81,437.91,1.65,890,205,138,200,0,458,10,29,10,161,213.75,4,78.54
C_3plus1,3,1,PathQualityA10G1_0,300.0,5.0,1033,21976.4,19514.04,1.3375,77.78,1077.46,-696.04,2904.1,7516.44,9093.5,438.44,236.84,2028.65,433.71,1.41,892,170,114,260,0,458,6,30,11,134,213.75,4,78.82
C_3plus1,3,1,PathQualityA10G1_0,450.0,5.0,1033,21976.4,19514.04,1.3375,77.78,1077.46,-696.04,2904.1,7516.44,9093.5,438.44,236.84,2028.65,433.71,1.41,892,170,114,260,0,458,6,30,11,134,213.75,4,78.82
C_3plus1,3,1,PathQualityA10G1_0,600.0,5.0,1033,21976.4,19514.04,1.3375,77.78,1077.46,-696.04,2904.1,7516.44,9093.5,438.44,236.84,2028.65,433.71,1.41,892,170,114,260,0,458,6,30,11,134,213.75,4,78.82
C_3plus1,3,1,PathQualityA10G1_0,9999.0,5.0,1033,21976.4,19514.04,1.3375,77.78,1077.46,-696.04,2904.1,7516.44,9093.5,438.44,236.84,2028.65,433.71,1.41,892,170,114,260,0,458,6,30,11,134,213.75,4,78.82
C_3plus1,3,1,PathQualityA10G2_0,300.0,5.0,1020,21831.64,19395.36,1.3365,77.78,1094.45,-696.04,2765.07,7487.92,9142.37,319.77,133.77,2004.18,432.1,0.86,892,157,100,287,0,458,6,30,11,122,213.75,4,77.71
C_3plus1,3,1,PathQualityA10G2_0,450.0,5.0,1020,21831.64,19395.36,1.3365,77.78,1094.45,-696.04,2765.07,7487.92,9142.37,319.77,133.77,2004.18,432.1,0.86,892,157,100,287,0,458,6,30,11,122,213.75,4,77.71
C_3plus1,3,1,PathQualityA10G2_0,600.0,5.0,1020,21831.64,19395.36,1.3365,77.78,1094.45,-696.04,2765.07,7487.92,9142.37,319.77,133.77,2004.18,432.1,0.86,892,157,100,287,0,458,6,30,11,122,213.75,4,77.71
C_3plus1,3,1,PathQualityA10G2_0,9999.0,5.0,1020,21831.64,19395.36,1.3365,77.78,1094.45,-696.04,2765.07,7487.92,9142.37,319.77,133.77,2004.18,432.1,0.86,892,157,100,287,0,458,6,30,11,122,213.75,4,77.71
C_3plus1,3,1,PathQualityA10G4_0,300.0,5.0,955,21740.64,19585.42,1.3509,77.78,1523.69,-653.37,3120.75,7327.48,9137.19,793.55,685.55,1732.82,422.4,7.62,892,92,79,371,0,458,5,33,9,75,213.75,4,81.52
C_3plus1,3,1,PathQualityA10G4_0,450.0,5.0,955,21740.64,19585.42,1.3509,77.78,1523.69,-653.37,3120.75,7327.48,9137.19,793.55,685.55,1732.82,422.4,7.62,892,92,79,371,0,458,5,33,9,75,213.75,4,81.52
C_3plus1,3,1,PathQualityA10G4_0,600.0,5.0,955,21740.64,19585.42,1.3509,77.78,1523.69,-653.37,3120.75,7327.48,9137.19,793.55,685.55,1732.82,422.4,7.62,892,92,79,371,0,458,5,33,9,75,213.75,4,81.52
C_3plus1,3,1,PathQualityA10G4_0,9999.0,5.0,955,21740.64,19585.42,1.3509,77.78,1523.69,-653.37,3120.75,7327.48,9137.19,793.55,685.55,1732.82,422.4,7.62,892,92,79,371,0,458,5,33,9,75,213.75,4,81.52
C_3plus1,3,1,PathQualityA10G6_0,300.0,5.0,937,21947.86,19815.27,1.3585,77.78,1523.69,-503.38,3113.65,7468.05,9233.57,806.3,721.1,1712.78,419.82,10.16,893,73,74,395,0,458,4,33,9,59,213.75,4,80.82
C_3plus1,3,1,PathQualityA10G6_0,450.0,5.0,937,21947.86,19815.27,1.3585,77.78,1523.69,-503.38,3113.65,7468.05,9233.57,806.3,721.1,1712.78,419.82,10.16,893,73,74,395,0,458,4,33,9,59,213.75,4,80.82
C_3plus1,3,1,PathQualityA10G6_0,600.0,5.0,937,21947.86,19815.27,1.3585,77.78,1523.69,-503.38,3113.65,7468.05,9233.57,806.3,721.1,1712.78,419.82,10.16,893,73,74,395,0,458,4,33,9,59,213.75,4,80.82
C_3plus1,3,1,PathQualityA10G6_0,9999.0,5.0,937,21947.86,19815.27,1.3585,77.78,1523.69,-503.38,3113.65,7468.05,9233.57,806.3,721.1,1712.78,419.82,10.16,893,73,74,395,0,458,4,33,9,59,213.75,4,80.82
C_3plus1,3,1,PathQualityA20G0_0,300.0,5.0,1069,21818.23,19335.91,1.3297,81.48,1105.81,-696.04,2641.63,7623.18,9071.09,729.34,482.14,2045.05,437.27,2.34,890,208,142,193,0,458,10,29,10,163,213.75,4,78.37
C_3plus1,3,1,PathQualityA20G0_0,450.0,5.0,1069,21818.23,19335.91,1.3297,81.48,1105.81,-696.04,2641.63,7623.18,9071.09,729.34,482.14,2045.05,437.27,2.34,890,208,142,193,0,458,10,29,10,163,213.75,4,78.37
C_3plus1,3,1,PathQualityA20G0_0,600.0,5.0,1069,21818.23,19335.91,1.3297,81.48,1105.81,-696.04,2641.63,7623.18,9071.09,729.34,482.14,2045.05,437.27,2.34,890,208,142,193,0,458,10,29,10,163,213.75,4,78.37
C_3plus1,3,1,PathQualityA20G0_0,9999.0,5.0,1069,21818.23,19335.91,1.3297,81.48,1105.81,-696.04,2641.63,7623.18,9071.09,729.34,482.14,2045.05,437.27,2.34,890,208,142,193,0,458,10,29,10,163,213.75,4,78.37
C_3plus1,3,1,PathQualityA20G1_0,300.0,5.0,1037,22042.4,19576.42,1.3385,77.78,1077.46,-696.04,2966.48,7516.44,9093.5,500.82,294.42,2032.27,433.71,1.71,892,174,118,251,0,458,7,30,11,138,213.75,4,79.31
C_3plus1,3,1,PathQualityA20G1_0,450.0,5.0,1037,22042.4,19576.42,1.3385,77.78,1077.46,-696.04,2966.48,7516.44,9093.5,500.82,294.42,2032.27,433.71,1.71,892,174,118,251,0,458,7,30,11,138,213.75,4,79.31
C_3plus1,3,1,PathQualityA20G1_0,600.0,5.0,1037,22042.4,19576.42,1.3385,77.78,1077.46,-696.04,2966.48,7516.44,9093.5,500.82,294.42,2032.27,433.71,1.71,892,174,118,251,0,458,7,30,11,138,213.75,4,79.31
C_3plus1,3,1,PathQualityA20G1_0,9999.0,5.0,1037,22042.4,19576.42,1.3385,77.78,1077.46,-696.04,2966.48,7516.44,9093.5,500.82,294.42,2032.27,433.71,1.71,892,174,118,251,0,458,7,30,11,138,213.75,4,79.31
C_3plus1,3,1,PathQualityA20G2_0,300.0,5.0,1016,21960.15,19535.11,1.3403,77.78,1094.45,-696.04,2765.07,7577.26,9192.78,521.23,341.23,1992.94,432.1,2.27,893,152,100,292,0,458,6,29,10,118,213.75,4,77.63
C_3plus1,3,1,PathQualityA20G2_0,450.0,5.0,1016,21960.15,19535.11,1.3403,77.78,1094.45,-696.04,2765.07,7577.26,9192.78,521.23,341.23,1992.94,432.1,2.27,893,152,100,292,0,458,6,29,10,118,213.75,4,77.63
C_3plus1,3,1,PathQualityA20G2_0,600.0,5.0,1016,21960.15,19535.11,1.3403,77.78,1094.45,-696.04,2765.07,7577.26,9192.78,521.23,341.23,1992.94,432.1,2.27,893,152,100,292,0,458,6,29,10,118,213.75,4,77.63
C_3plus1,3,1,PathQualityA20G2_0,9999.0,5.0,1016,21960.15,19535.11,1.3403,77.78,1094.45,-696.04,2765.07,7577.26,9192.78,521.23,341.23,1992.94,432.1,2.27,893,152,100,292,0,458,6,29,10,118,213.75,4,77.63
C_3plus1,3,1,PathQualityA20G4_0,300.0,5.0,948,21855.36,19701.73,1.3544,77.78,1523.69,-503.38,3120.75,7420.97,9160.01,692.76,594.36,1731.55,422.08,7.25,893,84,77,381,0,458,4,33,9,69,213.75,4,82.14
C_3plus1,3,1,PathQualityA20G4_0,450.0,5.0,948,21855.36,19701.73,1.3544,77.78,1523.69,-503.38,3120.75,7420.97,9160.01,692.76,594.36,1731.55,422.08,7.25,893,84,77,381,0,458,4,33,9,69,213.75,4,82.14
C_3plus1,3,1,PathQualityA20G4_0,600.0,5.0,948,21855.36,19701.73,1.3544,77.78,1523.69,-503.38,3120.75,7420.97,9160.01,692.76,594.36,1731.55,422.08,7.25,893,84,77,381,0,458,4,33,9,69,213.75,4,82.14
C_3plus1,3,1,PathQualityA20G4_0,9999.0,5.0,948,21855.36,19701.73,1.3544,77.78,1523.69,-503.38,3120.75,7420.97,9160.01,692.76,594.36,1731.55,422.08,7.25,893,84,77,381,0,458,4,33,9,69,213.75,4,82.14
C_3plus1,3,1,PathQualityA20G6_0,300.0,5.0,921,21849.64,19752.67,1.3597,77.78,1523.69,-451.5,3077.5,7508.96,9166.22,743.7,677.7,1679.09,417.88,12.32,893,57,57,428,0,458,4,33,9,45,213.75,4,78.95
C_3plus1,3,1,PathQualityA20G6_0,450.0,5.0,921,21849.64,19752.67,1.3597,77.78,1523.69,-451.5,3077.5,7508.96,9166.22,743.7,677.7,1679.09,417.88,12.32,893,57,57,428,0,458,4,33,9,45,213.75,4,78.95
C_3plus1,3,1,PathQualityA20G6_0,600.0,5.0,921,21849.64,19752.67,1.3597,77.78,1523.69,-451.5,3077.5,7508.96,9166.22,743.7,677.7,1679.09,417.88,12.32,893,57,57,428,0,458,4,33,9,45,213.75,4,78.95
C_3plus1,3,1,PathQualityA20G6_0,9999.0,5.0,921,21849.64,19752.67,1.3597,77.78,1523.69,-451.5,3077.5,7508.96,9166.22,743.7,677.7,1679.09,417.88,12.32,893,57,57,428,0,458,4,33,9,45,213.75,4,78.95
C_3plus1,3,1,PathQualityA50G0_0,300.0,5.0,1087,21590.01,19119.92,1.3242,81.48,1129.11,-589.17,2584.23,7459.01,9076.68,719.35,442.15,2029.59,440.5,1.91,883,233,149,159,0,458,19,29,10,188,213.75,4,80.69
C_3plus1,3,1,PathQualityA50G0_0,450.0,5.0,1087,21590.01,19119.92,1.3242,81.48,1129.11,-589.17,2584.23,7459.01,9076.68,719.35,442.15,2029.59,440.5,1.91,883,233,149,159,0,458,19,29,10,188,213.75,4,80.69
C_3plus1,3,1,PathQualityA50G0_0,600.0,5.0,1087,21590.01,19119.92,1.3242,81.48,1129.11,-589.17,2584.23,7459.01,9076.68,719.35,442.15,2029.59,440.5,1.91,883,233,149,159,0,458,19,29,10,188,213.75,4,80.69
C_3plus1,3,1,PathQualityA50G0_0,9999.0,5.0,1087,21590.01,19119.92,1.3242,81.48,1129.11,-589.17,2584.23,7459.01,9076.68,719.35,442.15,2029.59,440.5,1.91,883,233,149,159,0,458,19,29,10,188,213.75,4,80.69
C_3plus1,3,1,PathQualityA50G1_0,300.0,5.0,1041,21787.48,19370.59,1.3343,81.48,1105.81,-696.04,2796.39,7480.7,9093.5,599.54,387.14,1984.79,432.1,2.19,891,179,124,240,0,458,9,29,10,143,213.75,4,79.89
C_3plus1,3,1,PathQualityA50G1_0,450.0,5.0,1041,21787.48,19370.59,1.3343,81.48,1105.81,-696.04,2796.39,7480.7,9093.5,599.54,387.14,1984.79,432.1,2.19,891,179,124,240,0,458,9,29,10,143,213.75,4,79.89
C_3plus1,3,1,PathQualityA50G1_0,600.0,5.0,1041,21787.48,19370.59,1.3343,81.48,1105.81,-696.04,2796.39,7480.7,9093.5,599.54,387.14,1984.79,432.1,2.19,891,179,124,240,0,458,9,29,10,143,213.75,4,79.89
C_3plus1,3,1,PathQualityA50G1_0,9999.0,5.0,1041,21787.48,19370.59,1.3343,81.48,1105.81,-696.04,2796.39,7480.7,9093.5,599.54,387.14,1984.79,432.1,2.19,891,179,124,240,0,458,9,29,10,143,213.75,4,79.89
C_3plus1,3,1,PathQualityA50G2_0,300.0,5.0,987,21298.65,19097.31,1.3362,74.07,1523.69,-653.37,2765.07,7256.39,9075.85,295.71,145.71,1776.68,424.66,1.17,889,127,90,325,0,458,6,35,11,98,213.75,4,77.17
C_3plus1,3,1,PathQualityA50G2_0,450.0,5.0,987,21298.65,19097.31,1.3362,74.07,1523.69,-653.37,2765.07,7256.39,9075.85,295.71,145.71,1776.68,424.66,1.17,889,127,90,325,0,458,6,35,11,98,213.75,4,77.17
C_3plus1,3,1,PathQualityA50G2_0,600.0,5.0,987,21298.65,19097.31,1.3362,74.07,1523.69,-653.37,2765.07,7256.39,9075.85,295.71,145.71,1776.68,424.66,1.17,889,127,90,325,0,458,6,35,11,98,213.75,4,77.17
C_3plus1,3,1,PathQualityA50G2_0,9999.0,5.0,987,21298.65,19097.31,1.3362,74.07,1523.69,-653.37,2765.07,7256.39,9075.85,295.71,145.71,1776.68,424.66,1.17,889,127,90,325,0,458,6,35,11,98,213.75,4,77.17
C_3plus1,3,1,PathQualityA50G4_0,300.0,5.0,927,21733.13,19609.06,1.3554,77.78,1523.69,-475.78,3095.21,7508.96,9004.89,600.09,526.89,1704.58,419.49,8.64,893,63,68,411,0,458,4,33,9,51,213.75,4,80.95
C_3plus1,3,1,PathQualityA50G4_0,450.0,5.0,927,21733.13,19609.06,1.3554,77.78,1523.69,-475.78,3095.21,7508.96,9004.89,600.09,526.89,1704.58,419.49,8.64,893,63,68,411,0,458,4,33,9,51,213.75,4,80.95
C_3plus1,3,1,PathQualityA50G4_0,600.0,5.0,927,21733.13,19609.06,1.3554,77.78,1523.69,-475.78,3095.21,7508.96,9004.89,600.09,526.89,1704.58,419.49,8.64,893,63,68,411,0,458,4,33,9,51,213.75,4,80.95
C_3plus1,3,1,PathQualityA50G4_0,9999.0,5.0,927,21733.13,19609.06,1.3554,77.78,1523.69,-475.78,3095.21,7508.96,9004.89,600.09,526.89,1704.58,419.49,8.64,893,63,68,411,0,458,4,33,9,51,213.75,4,80.95
C_3plus1,3,1,PathQualityA50G6_0,300.0,5.0,912,21603.88,19518.11,1.3553,77.78,1523.69,-489.98,3130.72,7455.54,8931.86,509.14,453.94,1669.51,416.26,9.87,893,48,52,442,0,458,4,33,9,37,213.75,4,77.08
C_3plus1,3,1,PathQualityA50G6_0,450.0,5.0,912,21603.88,19518.11,1.3553,77.78,1523.69,-489.98,3130.72,7455.54,8931.86,509.14,453.94,1669.51,416.26,9.87,893,48,52,442,0,458,4,33,9,37,213.75,4,77.08
C_3plus1,3,1,PathQualityA50G6_0,600.0,5.0,912,21603.88,19518.11,1.3553,77.78,1523.69,-489.98,3130.72,7455.54,8931.86,509.14,453.94,1669.51,416.26,9.87,893,48,52,442,0,458,4,33,9,37,213.75,4,77.08
C_3plus1,3,1,PathQualityA50G6_0,9999.0,5.0,912,21603.88,19518.11,1.3553,77.78,1523.69,-489.98,3130.72,7455.54,8931.86,509.14,453.94,1669.51,416.26,9.87,893,48,52,442,0,458,4,33,9,37,213.75,4,77.08
C_3plus1,3,1,PathRiskA10G0_0,300.0,5.0,1000,21574.43,19513.79,1.3441,74.07,1499.65,-710.68,2864.96,7597.96,9050.87,605.7,437.7,1635.98,424.66,3.13,887,142,96,305,0,458,8,34,11,116,209.5,4,81.69
C_3plus1,3,1,PathRiskA10G0_0,450.0,5.0,1000,21574.43,19513.79,1.3441,74.07,1499.65,-710.68,2864.96,7597.96,9050.87,605.7,437.7,1635.98,424.66,3.13,887,142,96,305,0,458,8,34,11,116,209.5,4,81.69
C_3plus1,3,1,PathRiskA10G0_0,600.0,5.0,1000,21574.43,19513.79,1.3441,74.07,1499.65,-710.68,2864.96,7597.96,9050.87,605.7,437.7,1635.98,424.66,3.13,887,142,96,305,0,458,8,34,11,116,209.5,4,81.69
C_3plus1,3,1,PathRiskA10G0_0,9999.0,5.0,1000,21574.43,19513.79,1.3441,74.07,1499.65,-710.68,2864.96,7597.96,9050.87,605.7,437.7,1635.98,424.66,3.13,887,142,96,305,0,458,8,34,11,116,209.5,4,81.69
C_3plus1,3,1,PathRiskA10G1_0,300.0,5.0,988,21408.43,19392.16,1.343,74.07,1499.65,-663.93,2947.93,7521.1,8923.13,486.79,334.39,1594.52,421.75,2.63,888,129,87,328,0,458,6,34,11,107,209.5,4,82.95
C_3plus1,3,1,PathRiskA10G1_0,450.0,5.0,988,21408.43,19392.16,1.343,74.07,1499.65,-663.93,2947.93,7521.1,8923.13,486.79,334.39,1594.52,421.75,2.63,888,129,87,328,0,458,6,34,11,107,209.5,4,82.95
C_3plus1,3,1,PathRiskA10G1_0,600.0,5.0,988,21408.43,19392.16,1.343,74.07,1499.65,-663.93,2947.93,7521.1,8923.13,486.79,334.39,1594.52,421.75,2.63,888,129,87,328,0,458,6,34,11,107,209.5,4,82.95
C_3plus1,3,1,PathRiskA10G1_0,9999.0,5.0,988,21408.43,19392.16,1.343,74.07,1499.65,-663.93,2947.93,7521.1,8923.13,486.79,334.39,1594.52,421.75,2.63,888,129,87,328,0,458,6,34,11,107,209.5,4,82.95
C_3plus1,3,1,PathRiskA10G2_0,300.0,5.0,968,21395.1,19399.83,1.3445,74.07,1474.3,-663.93,3031.84,7378.55,8989.44,643.73,515.33,1573.84,421.43,4.82,888,109,78,355,0,458,6,36,11,93,209.5,4,85.32
C_3plus1,3,1,PathRiskA10G2_0,450.0,5.0,968,21395.1,19399.83,1.3445,74.07,1474.3,-663.93,3031.84,7378.55,8989.44,643.73,515.33,1573.84,421.43,4.82,888,109,78,355,0,458,6,36,11,93,209.5,4,85.32
C_3plus1,3,1,PathRiskA10G2_0,600.0,5.0,968,21395.1,19399.83,1.3445,74.07,1474.3,-663.93,3031.84,7378.55,8989.44,643.73,515.33,1573.84,421.43,4.82,888,109,78,355,0,458,6,36,11,93,209.5,4,85.32
C_3plus1,3,1,PathRiskA10G2_0,9999.0,5.0,968,21395.1,19399.83,1.3445,74.07,1474.3,-663.93,3031.84,7378.55,8989.44,643.73,515.33,1573.84,421.43,4.82,888,109,78,355,0,458,6,36,11,93,209.5,4,85.32
C_3plus1,3,1,PathRiskA10G4_0,300.0,5.0,954,21378.88,19405.31,1.3463,74.07,1474.3,-663.93,2977.43,7391.99,9035.89,649.21,537.61,1554.4,419.17,5.78,888,95,65,382,0,458,6,36,11,84,209.5,4,88.42
C_3plus1,3,1,PathRiskA10G4_0,450.0,5.0,954,21378.88,19405.31,1.3463,74.07,1474.3,-663.93,2977.43,7391.99,9035.89,649.21,537.61,1554.4,419.17,5.78,888,95,65,382,0,458,6,36,11,84,209.5,4,88.42
C_3plus1,3,1,PathRiskA10G4_0,600.0,5.0,954,21378.88,19405.31,1.3463,74.07,1474.3,-663.93,2977.43,7391.99,9035.89,649.21,537.61,1554.4,419.17,5.78,888,95,65,382,0,458,6,36,11,84,209.5,4,88.42
C_3plus1,3,1,PathRiskA10G4_0,9999.0,5.0,954,21378.88,19405.31,1.3463,74.07,1474.3,-663.93,2977.43,7391.99,9035.89,649.21,537.61,1554.4,419.17,5.78,888,95,65,382,0,458,6,36,11,84,209.5,4,88.42
C_3plus1,3,1,PathRiskA10G6_0,300.0,5.0,932,21617.4,19672.05,1.3559,74.07,1494.59,-541.0,3163.88,7588.88,8919.29,601.36,520.96,1528.44,416.91,7.78,892,69,55,418,0,458,4,34,10,62,209.5,4,89.86
C_3plus1,3,1,PathRiskA10G6_0,450.0,5.0,932,21617.4,19672.05,1.3559,74.07,1494.59,-541.0,3163.88,7588.88,8919.29,601.36,520.96,1528.44,416.91,7.78,892,69,55,418,0,458,4,34,10,62,209.5,4,89.86
C_3plus1,3,1,PathRiskA10G6_0,600.0,5.0,932,21617.4,19672.05,1.3559,74.07,1494.59,-541.0,3163.88,7588.88,8919.29,601.36,520.96,1528.44,416.91,7.78,892,69,55,418,0,458,4,34,10,62,209.5,4,89.86
C_3plus1,3,1,PathRiskA10G6_0,9999.0,5.0,932,21617.4,19672.05,1.3559,74.07,1494.59,-541.0,3163.88,7588.88,8919.29,601.36,520.96,1528.44,416.91,7.78,892,69,55,418,0,458,4,34,10,62,209.5,4,89.86
C_3plus1,3,1,PathRiskA20G0_0,300.0,5.0,1026,21831.12,19745.53,1.3468,74.07,1499.65,-665.39,3064.55,7485.97,9195.01,647.52,448.32,1660.92,424.66,2.7,887,168,106,267,0,458,11,33,10,139,209.5,4,82.74
C_3plus1,3,1,PathRiskA20G0_0,450.0,5.0,1026,21831.12,19745.53,1.3468,74.07,1499.65,-665.39,3064.55,7485.97,9195.01,647.52,448.32,1660.92,424.66,2.7,887,168,106,267,0,458,11,33,10,139,209.5,4,82.74
C_3plus1,3,1,PathRiskA20G0_0,600.0,5.0,1026,21831.12,19745.53,1.3468,74.07,1499.65,-665.39,3064.55,7485.97,9195.01,647.52,448.32,1660.92,424.66,2.7,887,168,106,267,0,458,11,33,10,139,209.5,4,82.74
C_3plus1,3,1,PathRiskA20G0_0,9999.0,5.0,1026,21831.12,19745.53,1.3468,74.07,1499.65,-665.39,3064.55,7485.97,9195.01,647.52,448.32,1660.92,424.66,2.7,887,168,106,267,0,458,11,33,10,139,209.5,4,82.74
C_3plus1,3,1,PathRiskA20G1_0,300.0,5.0,991,21280.17,19262.25,1.3396,74.07,1474.3,-663.93,2864.96,7474.15,8923.13,356.88,200.88,1596.17,421.75,1.55,888,132,88,324,0,458,6,34,11,111,209.5,4,84.09
C_3plus1,3,1,PathRiskA20G1_0,450.0,5.0,991,21280.17,19262.25,1.3396,74.07,1474.3,-663.93,2864.96,7474.15,8923.13,356.88,200.88,1596.17,421.75,1.55,888,132,88,324,0,458,6,34,11,111,209.5,4,84.09
C_3plus1,3,1,PathRiskA20G1_0,600.0,5.0,991,21280.17,19262.25,1.3396,74.07,1474.3,-663.93,2864.96,7474.15,8923.13,356.88,200.88,1596.17,421.75,1.55,888,132,88,324,0,458,6,34,11,111,209.5,4,84.09
C_3plus1,3,1,PathRiskA20G1_0,9999.0,5.0,991,21280.17,19262.25,1.3396,74.07,1474.3,-663.93,2864.96,7474.15,8923.13,356.88,200.88,1596.17,421.75,1.55,888,132,88,324,0,458,6,34,11,111,209.5,4,84.09
C_3plus1,3,1,PathRiskA20G2_0,300.0,5.0,965,21338.36,19345.36,1.3435,74.07,1474.3,-663.93,3031.84,7324.08,8989.44,589.26,464.46,1571.25,421.75,4.47,888,106,79,357,0,458,6,36,11,92,209.5,4,86.79
C_3plus1,3,1,PathRiskA20G2_0,450.0,5.0,965,21338.36,19345.36,1.3435,74.07,1474.3,-663.93,3031.84,7324.08,8989.44,589.26,464.46,1571.25,421.75,4.47,888,106,79,357,0,458,6,36,11,92,209.5,4,86.79
C_3plus1,3,1,PathRiskA20G2_0,600.0,5.0,965,21338.36,19345.36,1.3435,74.07,1474.3,-663.93,3031.84,7324.08,8989.44,589.26,464.46,1571.25,421.75,4.47,888,106,79,357,0,458,6,36,11,92,209.5,4,86.79
C_3plus1,3,1,PathRiskA20G2_0,9999.0,5.0,965,21338.36,19345.36,1.3435,74.07,1474.3,-663.93,3031.84,7324.08,8989.44,589.26,464.46,1571.25,421.75,4.47,888,106,79,357,0,458,6,36,11,92,209.5,4,86.79
C_3plus1,3,1,PathRiskA20G4_0,300.0,5.0,945,21195.4,19227.07,1.3434,74.07,1494.59,-661.82,3010.31,7333.91,8882.84,503.02,404.62,1550.13,418.2,4.93,890,84,59,399,0,458,5,35,11,75,209.5,4,89.29
C_3plus1,3,1,PathRiskA20G4_0,450.0,5.0,945,21195.4,19227.07,1.3434,74.07,1494.59,-661.82,3010.31,7333.91,8882.84,503.02,404.62,1550.13,418.2,4.93,890,84,59,399,0,458,5,35,11,75,209.5,4,89.29
C_3plus1,3,1,PathRiskA20G4_0,600.0,5.0,945,21195.4,19227.07,1.3434,74.07,1494.59,-661.82,3010.31,7333.91,8882.84,503.02,404.62,1550.13,418.2,4.93,890,84,59,399,0,458,5,35,11,75,209.5,4,89.29
C_3plus1,3,1,PathRiskA20G4_0,9999.0,5.0,945,21195.4,19227.07,1.3434,74.07,1494.59,-661.82,3010.31,7333.91,8882.84,503.02,404.62,1550.13,418.2,4.93,890,84,59,399,0,458,5,35,11,75,209.5,4,89.29
C_3plus1,3,1,PathRiskA20G6_0,300.0,5.0,925,21602.42,19663.59,1.3566,74.07,1494.59,-541.0,3108.09,7622.18,8933.32,592.9,520.9,1523.54,415.29,8.68,892,62,45,435,0,458,4,34,10,56,209.5,4,90.32
C_3plus1,3,1,PathRiskA20G6_0,450.0,5.0,925,21602.42,19663.59,1.3566,74.07,1494.59,-541.0,3108.09,7622.18,8933.32,592.9,520.9,1523.54,415.29,8.68,892,62,45,435,0,458,4,34,10,56,209.5,4,90.32
C_3plus1,3,1,PathRiskA20G6_0,600.0,5.0,925,21602.42,19663.59,1.3566,74.07,1494.59,-541.0,3108.09,7622.18,8933.32,592.9,520.9,1523.54,415.29,8.68,892,62,45,435,0,458,4,34,10,56,209.5,4,90.32
C_3plus1,3,1,PathRiskA20G6_0,9999.0,5.0,925,21602.42,19663.59,1.3566,74.07,1494.59,-541.0,3108.09,7622.18,8933.32,592.9,520.9,1523.54,415.29,8.68,892,62,45,435,0,458,4,34,10,56,209.5,4,90.32
C_3plus1,3,1,PathRiskA50G0_0,300.0,5.0,1046,21529.22,19435.09,1.3386,74.07,1499.65,-681.17,2772.3,7467.79,9195.01,767.47,539.47,1671.72,422.4,2.84,883,192,118,229,0,458,14,36,11,149,209.5,4,77.6
C_3plus1,3,1,PathRiskA50G0_0,450.0,5.0,1046,21529.22,19435.09,1.3386,74.07,1499.65,-681.17,2772.3,7467.79,9195.01,767.47,539.47,1671.72,422.4,2.84,883,192,118,229,0,458,14,36,11,149,209.5,4,77.6
C_3plus1,3,1,PathRiskA50G0_0,600.0,5.0,1046,21529.22,19435.09,1.3386,74.07,1499.65,-681.17,2772.3,7467.79,9195.01,767.47,539.47,1671.72,422.4,2.84,883,192,118,229,0,458,14,36,11,149,209.5,4,77.6
C_3plus1,3,1,PathRiskA50G0_0,9999.0,5.0,1046,21529.22,19435.09,1.3386,74.07,1499.65,-681.17,2772.3,7467.79,9195.01,767.47,539.47,1671.72,422.4,2.84,883,192,118,229,0,458,14,36,11,149,209.5,4,77.6
C_3plus1,3,1,PathRiskA50G1_0,300.0,5.0,1002,21501.89,19472.46,1.3438,74.07,1474.3,-710.68,3130.83,7418.5,8923.13,341.85,171.45,1606.38,423.05,1.21,887,144,98,300,0,458,10,33,10,121,209.5,4,84.03
C_3plus1,3,1,PathRiskA50G1_0,450.0,5.0,1002,21501.89,19472.46,1.3438,74.07,1474.3,-710.68,3130.83,7418.5,8923.13,341.85,171.45,1606.38,423.05,1.21,887,144,98,300,0,458,10,33,10,121,209.5,4,84.03
C_3plus1,3,1,PathRiskA50G1_0,600.0,5.0,1002,21501.89,19472.46,1.3438,74.07,1474.3,-710.68,3130.83,7418.5,8923.13,341.85,171.45,1606.38,423.05,1.21,887,144,98,300,0,458,10,33,10,121,209.5,4,84.03
C_3plus1,3,1,PathRiskA50G1_0,9999.0,5.0,1002,21501.89,19472.46,1.3438,74.07,1474.3,-710.68,3130.83,7418.5,8923.13,341.85,171.45,1606.38,423.05,1.21,887,144,98,300,0,458,10,33,10,121,209.5,4,84.03
C_3plus1,3,1,PathRiskA50G2_0,300.0,5.0,958,21189.59,19204.74,1.3413,74.07,1474.3,-663.93,2871.78,7350.9,8982.07,448.64,332.24,1564.71,420.14,3.43,888,99,69,374,0,458,6,36,11,87,209.5,4,87.88
C_3plus1,3,1,PathRiskA50G2_0,450.0,5.0,958,21189.59,19204.74,1.3413,74.07,1474.3,-663.93,2871.78,7350.9,8982.07,448.64,332.24,1564.71,420.14,3.43,888,99,69,374,0,458,6,36,11,87,209.5,4,87.88
C_3plus1,3,1,PathRiskA50G2_0,600.0,5.0,958,21189.59,19204.74,1.3413,74.07,1474.3,-663.93,2871.78,7350.9,8982.07,448.64,332.24,1564.71,420.14,3.43,888,99,69,374,0,458,6,36,11,87,209.5,4,87.88
C_3plus1,3,1,PathRiskA50G2_0,9999.0,5.0,958,21189.59,19204.74,1.3413,74.07,1474.3,-663.93,2871.78,7350.9,8982.07,448.64,332.24,1564.71,420.14,3.43,888,99,69,374,0,458,6,36,11,87,209.5,4,87.88
C_3plus1,3,1,PathRiskA50G4_0,300.0,5.0,921,21735.88,19790.57,1.3602,74.07,1494.59,-541.0,2974.66,7800.29,9015.63,636.65,569.45,1529.69,415.61,10.17,892,58,47,437,0,458,3,35,11,53,209.5,4,91.38
C_3plus1,3,1,PathRiskA50G4_0,450.0,5.0,921,21735.88,19790.57,1.3602,74.07,1494.59,-541.0,2974.66,7800.29,9015.63,636.65,569.45,1529.69,415.61,10.17,892,58,47,437,0,458,3,35,11,53,209.5,4,91.38
C_3plus1,3,1,PathRiskA50G4_0,600.0,5.0,921,21735.88,19790.57,1.3602,74.07,1494.59,-541.0,2974.66,7800.29,9015.63,636.65,569.45,1529.69,415.61,10.17,892,58,47,437,0,458,3,35,11,53,209.5,4,91.38
C_3plus1,3,1,PathRiskA50G4_0,9999.0,5.0,921,21735.88,19790.57,1.3602,74.07,1494.59,-541.0,2974.66,7800.29,9015.63,636.65,569.45,1529.69,415.61,10.17,892,58,47,437,0,458,3,35,11,53,209.5,4,91.38
C_3plus1,3,1,PathRiskA50G6_0,300.0,5.0,911,21687.38,19766.46,1.3609,74.07,1494.59,-541.0,3103.67,7867.44,8795.34,483.0,429.0,1506.6,414.32,9.53,893,47,38,457,0,458,3,34,10,43,209.5,4,91.49
C_3plus1,3,1,PathRiskA50G6_0,450.0,5.0,911,21687.38,19766.46,1.3609,74.07,1494.59,-541.0,3103.67,7867.44,8795.34,483.0,429.0,1506.6,414.32,9.53,893,47,38,457,0,458,3,34,10,43,209.5,4,91.49
C_3plus1,3,1,PathRiskA50G6_0,600.0,5.0,911,21687.38,19766.46,1.3609,74.07,1494.59,-541.0,3103.67,7867.44,8795.34,483.0,429.0,1506.6,414.32,9.53,893,47,38,457,0,458,3,34,10,43,209.5,4,91.49
C_3plus1,3,1,PathRiskA50G6_0,9999.0,5.0,911,21687.38,19766.46,1.3609,74.07,1494.59,-541.0,3103.67,7867.44,8795.34,483.0,429.0,1506.6,414.32,9.53,893,47,38,457,0,458,3,34,10,43,209.5,4,91.49
D_3plus3,3,3,All,300.0,5.0,1137,22196.4,18401.57,1.2365,66.67,1607.27,-765.61,3030.47,5925.82,9445.28,1741.69,575.29,3280.0,514.83,1.78,835,327,184,0,1,458,39,86,19,265,297.75,6,81.04
D_3plus3,3,3,All,450.0,5.0,1138,22018.65,18222.85,1.2326,66.67,1607.27,-765.61,3030.47,5925.82,9266.56,1562.97,392.97,3280.0,515.8,1.21,835,328,184,0,0,458,39,86,19,266,309.75,6,81.1
D_3plus3,3,3,All,600.0,5.0,1138,22018.65,18222.85,1.2326,66.67,1607.27,-765.61,3030.47,5925.82,9266.56,1562.97,392.97,3280.0,515.8,1.21,835,328,184,0,0,458,39,86,19,266,309.75,6,81.1
D_3plus3,3,3,All,9999.0,5.0,1138,22018.65,18222.85,1.2326,66.67,1607.27,-765.61,3030.47,5925.82,9266.56,1562.97,392.97,3280.0,515.8,1.21,835,328,184,0,0,458,39,86,19,266,309.75,6,81.1
D_3plus3,3,3,Opposite,300.0,5.0,948,22645.31,20228.17,1.3514,81.48,1229.42,-841.96,3368.24,8692.04,8167.89,471.68,183.68,1984.72,432.42,2.3,895,80,48,417,0,458,3,29,9,0,266.28,6,0.0
D_3plus3,3,3,Opposite,450.0,5.0,948,22645.31,20228.17,1.3514,81.48,1229.42,-841.96,3368.24,8692.04,8167.89,471.68,183.68,1984.72,432.42,2.3,895,80,48,417,0,458,3,29,9,0,266.28,6,0.0
D_3plus3,3,3,Opposite,600.0,5.0,948,22645.31,20228.17,1.3514,81.48,1229.42,-841.96,3368.24,8692.04,8167.89,471.68,183.68,1984.72,432.42,2.3,895,80,48,417,0,458,3,29,9,0,266.28,6,0.0
D_3plus3,3,3,Opposite,9999.0,5.0,948,22645.31,20228.17,1.3514,81.48,1229.42,-841.96,3368.24,8692.04,8167.89,471.68,183.68,1984.72,432.42,2.3,895,80,48,417,0,458,3,29,9,0,266.28,6,0.0
D_3plus3,3,3,LongOnly,300.0,5.0,997,20844.52,17992.41,1.2788,74.07,1511.0,-850.39,1565.23,7668.1,8759.08,11.88,-528.12,2340.19,511.92,-3.52,874,150,99,288,0,458,13,48,14,118,297.75,6,78.67
D_3plus3,3,3,LongOnly,450.0,5.0,997,20844.52,17992.41,1.2788,74.07,1511.0,-850.39,1565.23,7668.1,8759.08,11.88,-528.12,2340.19,511.92,-3.52,874,150,99,288,0,458,13,48,14,118,297.75,6,78.67
D_3plus3,3,3,LongOnly,600.0,5.0,997,20844.52,17992.41,1.2788,74.07,1511.0,-850.39,1565.23,7668.1,8759.08,11.88,-528.12,2340.19,511.92,-3.52,874,150,99,288,0,458,13,48,14,118,297.75,6,78.67
D_3plus3,3,3,LongOnly,9999.0,5.0,997,20844.52,17992.41,1.2788,74.07,1511.0,-850.39,1565.23,7668.1,8759.08,11.88,-528.12,2340.19,511.92,-3.52,874,150,99,288,0,458,13,48,14,118,297.75,6,78.67
D_3plus3,3,3,ShortOnly,300.0,5.0,1039,21430.53,18520.75,1.2676,74.07,2133.2,-889.19,3401.86,6111.13,9007.76,1309.41,582.21,2490.93,418.85,2.88,859,205,115,210,1,458,10,72,15,155,294.75,6,75.61
D_3plus3,3,3,ShortOnly,450.0,5.0,1040,21252.78,18342.03,1.2631,74.07,2133.2,-889.19,3401.86,6111.13,8829.04,1130.69,399.89,2490.93,419.82,1.97,859,206,115,210,0,458,10,72,15,156,309.75,6,75.73
D_3plus3,3,3,ShortOnly,600.0,5.0,1040,21252.78,18342.03,1.2631,74.07,2133.2,-889.19,3401.86,6111.13,8829.04,1130.69,399.89,2490.93,419.82,1.97,859,206,115,210,0,458,10,72,15,156,309.75,6,75.73
D_3plus3,3,3,ShortOnly,9999.0,5.0,1040,21252.78,18342.03,1.2631,74.07,2133.2,-889.19,3401.86,6111.13,8829.04,1130.69,399.89,2490.93,419.82,1.97,859,206,115,210,0,458,10,72,15,156,309.75,6,75.73
D_3plus3,3,3,SQ50,300.0,5.0,1095,21169.9,17566.73,1.2312,70.37,1985.48,-696.57,2856.37,5584.99,9125.37,641.94,-351.66,3103.85,499.32,-1.27,841,278,162,78,1,458,28,84,18,238,297.75,6,85.61
D_3plus3,3,3,SQ50,450.0,5.0,1096,20992.15,17388.01,1.2271,70.37,1985.48,-696.57,2856.37,5584.99,8946.65,463.22,-533.98,3103.85,500.29,-1.93,841,279,162,78,0,458,28,84,18,239,309.75,6,85.66
D_3plus3,3,3,SQ50,600.0,5.0,1096,20992.15,17388.01,1.2271,70.37,1985.48,-696.57,2856.37,5584.99,8946.65,463.22,-533.98,3103.85,500.29,-1.93,841,279,162,78,0,458,28,84,18,239,309.75,6,85.66
D_3plus3,3,3,SQ50,9999.0,5.0,1096,20992.15,17388.01,1.2271,70.37,1985.48,-696.57,2856.37,5584.99,8946.65,463.22,-533.98,3103.85,500.29,-1.93,841,279,162,78,0,458,28,84,18,239,309.75,6,85.66
D_3plus3,3,3,SQ60,300.0,5.0,1023,21434.53,18227.02,1.2631,70.37,2062.2,-751.97,4274.65,4913.04,9039.33,1172.9,478.1,2732.43,475.08,2.48,855,194,127,203,1,458,19,73,17,171,297.75,6,88.14
D_3plus3,3,3,SQ60,450.0,5.0,1024,21256.78,18048.3,1.2587,70.37,2062.2,-751.97,4274.65,4913.04,8860.61,994.18,295.78,2732.43,476.05,1.52,855,195,127,203,0,458,19,73,17,172,309.75,6,88.21
D_3plus3,3,3,SQ60,600.0,5.0,1024,21256.78,18048.3,1.2587,70.37,2062.2,-751.97,4274.65,4913.04,8860.61,994.18,295.78,2732.43,476.05,1.52,855,195,127,203,0,458,19,73,17,172,309.75,6,88.21
D_3plus3,3,3,SQ60,9999.0,5.0,1024,21256.78,18048.3,1.2587,70.37,2062.2,-751.97,4274.65,4913.04,8860.61,994.18,295.78,2732.43,476.05,1.52,855,195,127,203,0,458,19,73,17,172,309.75,6,88.21
D_3plus3,3,3,Regime40,300.0,5.0,1017,20803.63,17689.98,1.2594,66.67,1878.57,-720.17,3612.93,4791.78,9285.27,902.08,239.68,2634.69,478.96,1.3,859,185,115,228,1,458,9,75,16,164,297.75,6,88.65
D_3plus3,3,3,Regime40,450.0,5.0,1018,20625.88,17511.26,1.255,66.67,1878.57,-720.17,3612.93,4791.78,9106.55,723.36,57.36,2634.69,479.93,0.31,859,186,115,228,0,458,9,75,16,165,309.75,6,88.71
D_3plus3,3,3,Regime40,600.0,5.0,1018,20625.88,17511.26,1.255,66.67,1878.57,-720.17,3612.93,4791.78,9106.55,723.36,57.36,2634.69,479.93,0.31,859,186,115,228,0,458,9,75,16,165,309.75,6,88.71
D_3plus3,3,3,Regime40,9999.0,5.0,1018,20625.88,17511.26,1.255,66.67,1878.57,-720.17,3612.93,4791.78,9106.55,723.36,57.36,2634.69,479.93,0.31,859,186,115,228,0,458,9,75,16,165,309.75,6,88.71
D_3plus3,3,3,Risk20,300.0,5.0,1128,20329.65,16650.44,1.2118,59.26,1607.27,-765.61,2193.32,5865.07,8592.05,-128.59,-1251.79,3173.11,506.11,-4.01,838,314,175,24,0,458,38,83,18,251,284.25,6,79.94
D_3plus3,3,3,Risk20,450.0,5.0,1128,20329.65,16650.44,1.2118,59.26,1607.27,-765.61,2193.32,5865.07,8592.05,-128.59,-1251.79,3173.11,506.11,-4.01,838,314,175,24,0,458,38,83,18,251,284.25,6,79.94
D_3plus3,3,3,Risk20,600.0,5.0,1128,20329.65,16650.44,1.2118,59.26,1607.27,-765.61,2193.32,5865.07,8592.05,-128.59,-1251.79,3173.11,506.11,-4.01,838,314,175,24,0,458,38,83,18,251,284.25,6,79.94
D_3plus3,3,3,Risk20,9999.0,5.0,1128,20329.65,16650.44,1.2118,59.26,1607.27,-765.61,2193.32,5865.07,8592.05,-128.59,-1251.79,3173.11,506.11,-4.01,838,314,175,24,0,458,38,83,18,251,284.25,6,79.94
D_3plus3,3,3,Risk25,300.0,5.0,1137,21465.9,17669.32,1.2269,62.96,1607.27,-765.61,2298.22,5925.82,9445.28,1009.44,-156.96,3282.72,513.86,-0.48,835,326,183,3,0,458,39,86,19,264,297.75,6,80.98
D_3plus3,3,3,Risk25,450.0,5.0,1137,21465.9,17669.32,1.2269,62.96,1607.27,-765.61,2298.22,5925.82,9445.28,1009.44,-156.96,3282.72,513.86,-0.48,835,326,183,3,0,458,39,86,19,264,297.75,6,80.98
D_3plus3,3,3,Risk25,600.0,5.0,1137,21465.9,17669.32,1.2269,62.96,1607.27,-765.61,2298.22,5925.82,9445.28,1009.44,-156.96,3282.72,513.86,-0.48,835,326,183,3,0,458,39,86,19,264,297.75,6,80.98
D_3plus3,3,3,Risk25,9999.0,5.0,1137,21465.9,17669.32,1.2269,62.96,1607.27,-765.61,2298.22,5925.82,9445.28,1009.44,-156.96,3282.72,513.86,-0.48,835,326,183,3,0,458,39,86,19,264,297.75,6,80.98
D_3plus3,3,3,RR2,300.0,5.0,936,22586.74,19396.39,1.3235,77.78,1342.86,-967.27,3166.53,7526.08,8703.77,538.87,243.67,2721.09,469.26,2.97,880,83,76,380,2,458,5,46,12,72,294.75,6,86.75
D_3plus3,3,3,RR2,450.0,5.0,936,22581.49,19442.09,1.3243,77.78,1342.86,-967.27,3166.53,7750.5,8525.05,584.56,289.36,2670.14,469.26,3.53,880,83,78,380,0,458,5,46,12,72,309.75,6,86.75
D_3plus3,3,3,RR2,600.0,5.0,936,22581.49,19442.09,1.3243,77.78,1342.86,-967.27,3166.53,7750.5,8525.05,584.56,289.36,2670.14,469.26,3.53,880,83,78,380,0,458,5,46,12,72,309.75,6,86.75
D_3plus3,3,3,RR2,9999.0,5.0,936,22581.49,19442.09,1.3243,77.78,1342.86,-967.27,3166.53,7750.5,8525.05,584.56,289.36,2670.14,469.26,3.53,880,83,78,380,0,458,5,46,12,72,309.75,6,86.75
D_3plus3,3,3,PathA10G0_0,300.0,5.0,1021,21403.12,18037.19,1.2575,70.37,1672.05,-949.41,1714.01,6118.49,10204.69,1244.57,592.97,2832.68,533.25,3.28,864,183,123,227,1,458,14,60,16,151,297.75,6,82.51
D_3plus3,3,3,PathA10G0_0,450.0,5.0,1022,21225.37,17858.47,1.2531,70.37,1672.05,-949.41,1714.01,6118.49,10025.97,1065.85,410.65,2832.68,534.22,2.26,864,184,123,227,0,458,14,60,16,152,309.75,6,82.61
D_3plus3,3,3,PathA10G0_0,600.0,5.0,1022,21225.37,17858.47,1.2531,70.37,1672.05,-949.41,1714.01,6118.49,10025.97,1065.85,410.65,2832.68,534.22,2.26,864,184,123,227,0,458,14,60,16,152,309.75,6,82.61
D_3plus3,3,3,PathA10G0_0,9999.0,5.0,1022,21225.37,17858.47,1.2531,70.37,1672.05,-949.41,1714.01,6118.49,10025.97,1065.85,410.65,2832.68,534.22,2.26,864,184,123,227,0,458,14,60,16,152,309.75,6,82.61
D_3plus3,3,3,PathA10G1_0,300.0,5.0,985,21364.12,18163.99,1.271,66.67,1760.39,-949.41,1729.55,6033.47,10400.97,969.77,454.97,2698.87,501.26,3.18,866,145,107,281,1,458,9,63,17,119,297.75,6,82.07
D_3plus3,3,3,PathA10G1_0,450.0,5.0,986,21186.37,17985.27,1.2664,66.67,1760.39,-949.41,1729.55,6033.47,10222.25,791.05,272.65,2698.87,502.23,1.89,866,146,107,281,0,458,9,63,17,120,309.75,6,82.19
D_3plus3,3,3,PathA10G1_0,600.0,5.0,986,21186.37,17985.27,1.2664,66.67,1760.39,-949.41,1729.55,6033.47,10222.25,791.05,272.65,2698.87,502.23,1.89,866,146,107,281,0,458,9,63,17,120,309.75,6,82.19
D_3plus3,3,3,PathA10G1_0,9999.0,5.0,986,21186.37,17985.27,1.2664,66.67,1760.39,-949.41,1729.55,6033.47,10222.25,791.05,272.65,2698.87,502.23,1.89,866,146,107,281,0,458,9,63,17,120,309.75,6,82.19
D_3plus3,3,3,PathA10G2_0,300.0,5.0,963,21598.9,18625.61,1.2889,62.96,1760.39,-646.84,2191.17,6033.47,10400.97,1353.24,935.64,2498.21,475.08,8.07,871,118,92,324,1,458,7,59,16,96,297.75,6,81.36
D_3plus3,3,3,PathA10G2_0,450.0,5.0,964,21421.15,18446.89,1.2842,62.96,1760.39,-646.84,2191.17,6033.47,10222.25,1174.52,753.32,2498.21,476.05,6.44,871,119,92,324,0,458,7,59,16,97,309.75,6,81.51
D_3plus3,3,3,PathA10G2_0,600.0,5.0,964,21421.15,18446.89,1.2842,62.96,1760.39,-646.84,2191.17,6033.47,10222.25,1174.52,753.32,2498.21,476.05,6.44,871,119,92,324,0,458,7,59,16,97,309.75,6,81.51
D_3plus3,3,3,PathA10G2_0,9999.0,5.0,964,21421.15,18446.89,1.2842,62.96,1760.39,-646.84,2191.17,6033.47,10222.25,1174.52,753.32,2498.21,476.05,6.44,871,119,92,324,0,458,7,59,16,97,309.75,6,81.51
D_3plus3,3,3,PathA10G4_0,300.0,5.0,944,21540.1,18670.42,1.2969,66.67,1642.46,-619.52,2604.31,5647.84,10418.28,1109.54,781.94,2404.29,465.38,8.59,877,93,74,369,1,458,5,53,14,73,297.75,6,78.49
D_3plus3,3,3,PathA10G4_0,450.0,5.0,945,21362.35,18491.71,1.292,66.67,1642.46,-619.52,2604.31,5647.84,10239.56,930.82,599.62,2404.29,466.35,6.52,877,94,74,369,0,458,5,53,14,74,309.75,6,78.72
D_3plus3,3,3,PathA10G4_0,600.0,5.0,945,21362.35,18491.71,1.292,66.67,1642.46,-619.52,2604.31,5647.84,10239.56,930.82,599.62,2404.29,466.35,6.52,877,94,74,369,0,458,5,53,14,74,309.75,6,78.72
D_3plus3,3,3,PathA10G4_0,9999.0,5.0,945,21362.35,18491.71,1.292,66.67,1642.46,-619.52,2604.31,5647.84,10239.56,930.82,599.62,2404.29,466.35,6.52,877,94,74,369,0,458,5,53,14,74,309.75,6,78.72
D_3plus3,3,3,PathA10G6_0,300.0,5.0,921,22004.38,19404.91,1.3226,62.96,1642.46,-568.2,2508.04,6208.6,10688.27,1533.3,1284.9,2147.66,451.81,18.62,876,71,67,398,1,458,3,56,15,57,297.75,6,80.28
D_3plus3,3,3,PathA10G6_0,450.0,5.0,922,21826.63,19226.19,1.3175,62.96,1642.46,-568.2,2508.04,6208.6,10509.55,1354.58,1102.58,2147.66,452.78,15.75,876,72,67,398,0,458,3,56,15,58,309.75,6,80.56
D_3plus3,3,3,PathA10G6_0,600.0,5.0,922,21826.63,19226.19,1.3175,62.96,1642.46,-568.2,2508.04,6208.6,10509.55,1354.58,1102.58,2147.66,452.78,15.75,876,72,67,398,0,458,3,56,15,58,309.75,6,80.56
D_3plus3,3,3,PathA10G6_0,9999.0,5.0,922,21826.63,19226.19,1.3175,62.96,1642.46,-568.2,2508.04,6208.6,10509.55,1354.58,1102.58,2147.66,452.78,15.75,876,72,67,398,0,458,3,56,15,58,309.75,6,80.56
D_3plus3,3,3,PathA20G0_0,300.0,5.0,1023,22233.22,18913.77,1.2747,70.37,1667.49,-949.41,2590.59,6118.49,10204.69,1797.15,1141.95,2787.17,532.28,6.27,865,184,126,223,1,458,14,59,15,152,297.75,6,82.61
D_3plus3,3,3,PathA20G0_0,450.0,5.0,1024,22055.47,18735.05,1.2702,70.37,1667.49,-949.41,2590.59,6118.49,10025.97,1618.43,959.63,2787.17,533.25,5.24,865,185,126,223,0,458,14,59,15,153,309.75,6,82.7
D_3plus3,3,3,PathA20G0_0,600.0,5.0,1024,22055.47,18735.05,1.2702,70.37,1667.49,-949.41,2590.59,6118.49,10025.97,1618.43,959.63,2787.17,533.25,5.24,865,185,126,223,0,458,14,59,15,153,309.75,6,82.7
D_3plus3,3,3,PathA20G0_0,9999.0,5.0,1024,22055.47,18735.05,1.2702,70.37,1667.49,-949.41,2590.59,6118.49,10025.97,1618.43,959.63,2787.17,533.25,5.24,865,185,126,223,0,458,14,59,15,153,309.75,6,82.7
D_3plus3,3,3,PathA20G1_0,300.0,5.0,986,21343.12,18148.44,1.2705,66.67,1808.71,-949.41,1714.01,6033.47,10400.97,954.23,435.83,2694.39,500.29,3.03,866,146,108,279,1,458,9,63,17,119,297.75,6,81.51
D_3plus3,3,3,PathA20G1_0,450.0,5.0,987,21165.37,17969.72,1.266,66.67,1808.71,-949.41,1714.01,6033.47,10222.25,775.51,253.51,2694.39,501.26,1.75,866,147,108,279,0,458,9,63,17,120,309.75,6,81.63
D_3plus3,3,3,PathA20G1_0,600.0,5.0,987,21165.37,17969.72,1.266,66.67,1808.71,-949.41,1714.01,6033.47,10222.25,775.51,253.51,2694.39,501.26,1.75,866,147,108,279,0,458,9,63,17,120,309.75,6,81.63
D_3plus3,3,3,PathA20G1_0,9999.0,5.0,987,21165.37,17969.72,1.266,66.67,1808.71,-949.41,1714.01,6033.47,10222.25,775.51,253.51,2694.39,501.26,1.75,866,147,108,279,0,458,9,63,17,120,309.75,6,81.63
D_3plus3,3,3,PathA20G2_0,300.0,5.0,963,21700.9,18726.26,1.291,62.96,1760.39,-646.84,2191.17,6134.12,10400.97,1453.89,1036.29,2498.59,476.05,8.93,871,118,93,323,1,458,7,59,16,96,297.75,6,81.36
D_3plus3,3,3,PathA20G2_0,450.0,5.0,964,21523.15,18547.54,1.2862,62.96,1760.39,-646.84,2191.17,6134.12,10222.25,1275.17,853.97,2498.59,477.02,7.3,871,119,93,323,0,458,7,59,16,97,309.75,6,81.51
D_3plus3,3,3,PathA20G2_0,600.0,5.0,964,21523.15,18547.54,1.2862,62.96,1760.39,-646.84,2191.17,6134.12,10222.25,1275.17,853.97,2498.59,477.02,7.3,871,119,93,323,0,458,7,59,16,97,309.75,6,81.51
D_3plus3,3,3,PathA20G2_0,9999.0,5.0,964,21523.15,18547.54,1.2862,62.96,1760.39,-646.84,2191.17,6134.12,10222.25,1275.17,853.97,2498.59,477.02,7.3,871,119,93,323,0,458,7,59,16,97,309.75,6,81.51
D_3plus3,3,3,PathA20G4_0,300.0,5.0,935,21183.88,18393.71,1.2939,62.96,1642.46,-619.52,2405.38,5570.06,10418.28,951.97,645.97,2327.69,462.48,7.6,874,87,73,376,1,458,5,56,15,70,297.75,6,80.46
D_3plus3,3,3,PathA20G4_0,450.0,5.0,936,21006.13,18215.0,1.289,62.96,1642.46,-619.52,2405.38,5570.06,10239.56,773.25,463.65,2327.69,463.45,5.39,874,88,73,376,0,458,5,56,15,71,309.75,6,80.68
D_3plus3,3,3,PathA20G4_0,600.0,5.0,936,21006.13,18215.0,1.289,62.96,1642.46,-619.52,2405.38,5570.06,10239.56,773.25,463.65,2327.69,463.45,5.39,874,88,73,376,0,458,5,56,15,71,309.75,6,80.68
D_3plus3,3,3,PathA20G4_0,9999.0,5.0,936,21006.13,18215.0,1.289,62.96,1642.46,-619.52,2405.38,5570.06,10239.56,773.25,463.65,2327.69,463.45,5.39,874,88,73,376,0,458,5,56,15,71,309.75,6,80.68
D_3plus3,3,3,PathA20G6_0,300.0,5.0,919,21450.97,18849.67,1.3109,62.96,1642.46,-532.35,2452.72,6208.6,10188.34,971.97,745.17,2145.61,455.69,11.83,880,65,63,410,1,458,3,50,15,51,297.75,6,78.46
D_3plus3,3,3,PathA20G6_0,450.0,5.0,920,21273.22,18670.95,1.3058,62.96,1642.46,-532.35,2452.72,6208.6,10009.63,793.25,562.85,2145.61,456.66,8.79,880,66,63,410,0,458,3,50,15,52,309.75,6,78.79
D_3plus3,3,3,PathA20G6_0,600.0,5.0,920,21273.22,18670.95,1.3058,62.96,1642.46,-532.35,2452.72,6208.6,10009.63,793.25,562.85,2145.61,456.66,8.79,880,66,63,410,0,458,3,50,15,52,309.75,6,78.79
D_3plus3,3,3,PathA20G6_0,9999.0,5.0,920,21273.22,18670.95,1.3058,62.96,1642.46,-532.35,2452.72,6208.6,10009.63,793.25,562.85,2145.61,456.66,8.79,880,66,63,410,0,458,3,50,15,52,309.75,6,78.79
D_3plus3,3,3,PathA50G0_0,300.0,5.0,1038,22278.97,18934.94,1.272,70.37,1667.49,-1022.57,2594.43,6177.27,10163.25,1725.33,1012.53,2813.68,530.34,5.11,864,200,133,200,1,458,15,59,15,162,297.75,6,81.0
D_3plus3,3,3,PathA50G0_0,450.0,5.0,1039,22101.22,18756.22,1.2676,70.37,1667.49,-1022.57,2594.43,6177.27,9984.53,1546.61,830.21,2813.68,531.31,4.17,864,201,133,200,0,458,15,59,15,163,309.75,6,81.09
D_3plus3,3,3,PathA50G0_0,600.0,5.0,1039,22101.22,18756.22,1.2676,70.37,1667.49,-1022.57,2594.43,6177.27,9984.53,1546.61,830.21,2813.68,531.31,4.17,864,201,133,200,0,458,15,59,15,163,309.75,6,81.09
D_3plus3,3,3,PathA50G0_0,9999.0,5.0,1039,22101.22,18756.22,1.2676,70.37,1667.49,-1022.57,2594.43,6177.27,9984.53,1546.61,830.21,2813.68,531.31,4.17,864,201,133,200,0,458,15,59,15,163,309.75,6,81.09
D_3plus3,3,3,PathA50G1_0,300.0,5.0,986,21343.12,18148.44,1.2705,66.67,1808.71,-949.41,1714.01,6033.47,10400.97,954.23,435.83,2694.39,500.29,3.03,866,146,108,279,1,458,9,63,17,119,297.75,6,81.51
D_3plus3,3,3,PathA50G1_0,450.0,5.0,987,21165.37,17969.72,1.266,66.67,1808.71,-949.41,1714.01,6033.47,10222.25,775.51,253.51,2694.39,501.26,1.75,866,147,108,279,0,458,9,63,17,120,309.75,6,81.63
D_3plus3,3,3,PathA50G1_0,600.0,5.0,987,21165.37,17969.72,1.266,66.67,1808.71,-949.41,1714.01,6033.47,10222.25,775.51,253.51,2694.39,501.26,1.75,866,147,108,279,0,458,9,63,17,120,309.75,6,81.63
D_3plus3,3,3,PathA50G1_0,9999.0,5.0,987,21165.37,17969.72,1.266,66.67,1808.71,-949.41,1714.01,6033.47,10222.25,775.51,253.51,2694.39,501.26,1.75,866,147,108,279,0,458,9,63,17,120,309.75,6,81.63
D_3plus3,3,3,PathA50G2_0,300.0,5.0,987,22047.4,18820.07,1.2844,62.96,1760.39,-949.41,1581.92,6244.84,10993.32,1026.43,529.63,2725.1,502.23,3.84,873,140,108,287,1,458,7,56,15,114,297.75,6,81.43
D_3plus3,3,3,PathA50G2_0,450.0,5.0,988,21869.65,18641.35,1.2798,62.96,1760.39,-949.41,1581.92,6244.84,10814.6,847.71,347.31,2725.1,503.2,2.5,873,141,108,287,0,458,7,56,15,115,309.75,6,81.56
D_3plus3,3,3,PathA50G2_0,600.0,5.0,988,21869.65,18641.35,1.2798,62.96,1760.39,-949.41,1581.92,6244.84,10814.6,847.71,347.31,2725.1,503.2,2.5,873,141,108,287,0,458,7,56,15,115,309.75,6,81.56
D_3plus3,3,3,PathA50G2_0,9999.0,5.0,988,21869.65,18641.35,1.2798,62.96,1760.39,-949.41,1581.92,6244.84,10814.6,847.71,347.31,2725.1,503.2,2.5,873,141,108,287,0,458,7,56,15,115,309.75,6,81.56
D_3plus3,3,3,PathA50G4_0,300.0,5.0,919,21450.97,18849.67,1.3109,62.96,1642.46,-532.35,2452.72,6208.6,10188.34,971.97,745.17,2145.61,455.69,11.83,880,65,63,410,1,458,3,50,15,51,297.75,6,78.46
D_3plus3,3,3,PathA50G4_0,450.0,5.0,920,21273.22,18670.95,1.3058,62.96,1642.46,-532.35,2452.72,6208.6,10009.63,793.25,562.85,2145.61,456.66,8.79,880,66,63,410,0,458,3,50,15,52,309.75,6,78.79
D_3plus3,3,3,PathA50G4_0,600.0,5.0,920,21273.22,18670.95,1.3058,62.96,1642.46,-532.35,2452.72,6208.6,10009.63,793.25,562.85,2145.61,456.66,8.79,880,66,63,410,0,458,3,50,15,52,309.75,6,78.79
D_3plus3,3,3,PathA50G4_0,9999.0,5.0,920,21273.22,18670.95,1.3058,62.96,1642.46,-532.35,2452.72,6208.6,10009.63,793.25,562.85,2145.61,456.66,8.79,880,66,63,410,0,458,3,50,15,52,309.75,6,78.79
D_3plus3,3,3,PathA50G6_0,300.0,5.0,912,21103.63,18529.4,1.3059,59.26,1642.46,-526.03,2491.88,6257.56,9779.96,651.7,450.1,2122.42,451.81,8.04,880,58,58,422,1,458,3,50,15,48,297.75,6,82.76
D_3plus3,3,3,PathA50G6_0,450.0,5.0,913,20925.88,18350.68,1.3008,59.26,1642.46,-526.03,2491.88,6257.56,9601.24,472.98,267.78,2122.42,452.78,4.7,880,59,58,422,0,458,3,50,15,49,309.75,6,83.05
D_3plus3,3,3,PathA50G6_0,600.0,5.0,913,20925.88,18350.68,1.3008,59.26,1642.46,-526.03,2491.88,6257.56,9601.24,472.98,267.78,2122.42,452.78,4.7,880,59,58,422,0,458,3,50,15,49,309.75,6,83.05
D_3plus3,3,3,PathA50G6_0,9999.0,5.0,913,20925.88,18350.68,1.3008,59.26,1642.46,-526.03,2491.88,6257.56,9601.24,472.98,267.78,2122.42,452.78,4.7,880,59,58,422,0,458,3,50,15,49,309.75,6,83.05
D_3plus3,3,3,PathSessionA10G0_0,300.0,5.0,1066,22019.43,18782.64,1.2645,74.07,1667.49,-1130.12,2372.01,5748.52,10662.11,2191.95,1342.35,2734.56,502.23,5.69,853,239,155,136,0,458,17,72,16,185,297.75,6,77.41
D_3plus3,3,3,PathSessionA10G0_0,450.0,5.0,1066,22019.43,18782.64,1.2645,74.07,1667.49,-1130.12,2372.01,5748.52,10662.11,2191.95,1342.35,2734.56,502.23,5.69,853,239,155,136,0,458,17,72,16,185,297.75,6,77.41
D_3plus3,3,3,PathSessionA10G0_0,600.0,5.0,1066,22019.43,18782.64,1.2645,74.07,1667.49,-1130.12,2372.01,5748.52,10662.11,2191.95,1342.35,2734.56,502.23,5.69,853,239,155,136,0,458,17,72,16,185,297.75,6,77.41
D_3plus3,3,3,PathSessionA10G0_0,9999.0,5.0,1066,22019.43,18782.64,1.2645,74.07,1667.49,-1130.12,2372.01,5748.52,10662.11,2191.95,1342.35,2734.56,502.23,5.69,853,239,155,136,0,458,17,72,16,185,297.75,6,77.41
D_3plus3,3,3,PathSessionA10G1_0,300.0,5.0,1057,21483.18,18241.75,1.2558,74.07,1667.49,-1197.9,2452.13,5562.24,10227.37,1651.05,833.85,2737.27,504.17,3.67,853,230,153,148,0,458,16,72,16,180,297.75,6,78.26
D_3plus3,3,3,PathSessionA10G1_0,450.0,5.0,1057,21483.18,18241.75,1.2558,74.07,1667.49,-1197.9,2452.13,5562.24,10227.37,1651.05,833.85,2737.27,504.17,3.67,853,230,153,148,0,458,16,72,16,180,297.75,6,78.26
D_3plus3,3,3,PathSessionA10G1_0,600.0,5.0,1057,21483.18,18241.75,1.2558,74.07,1667.49,-1197.9,2452.13,5562.24,10227.37,1651.05,833.85,2737.27,504.17,3.67,853,230,153,148,0,458,16,72,16,180,297.75,6,78.26
D_3plus3,3,3,PathSessionA10G1_0,9999.0,5.0,1057,21483.18,18241.75,1.2558,74.07,1667.49,-1197.9,2452.13,5562.24,10227.37,1651.05,833.85,2737.27,504.17,3.67,853,230,153,148,0,458,16,72,16,180,297.75,6,78.26
D_3plus3,3,3,PathSessionA10G2_0,300.0,5.0,1020,22835.12,19625.86,1.2938,77.78,1540.73,-649.31,3025.99,6475.24,10124.63,2564.68,1905.88,2717.69,491.56,10.41,860,186,135,210,0,458,12,69,16,149,297.75,6,80.11
D_3plus3,3,3,PathSessionA10G2_0,450.0,5.0,1020,22835.12,19625.86,1.2938,77.78,1540.73,-649.31,3025.99,6475.24,10124.63,2564.68,1905.88,2717.69,491.56,10.41,860,186,135,210,0,458,12,69,16,149,297.75,6,80.11
D_3plus3,3,3,PathSessionA10G2_0,600.0,5.0,1020,22835.12,19625.86,1.2938,77.78,1540.73,-649.31,3025.99,6475.24,10124.63,2564.68,1905.88,2717.69,491.56,10.41,860,186,135,210,0,458,12,69,16,149,297.75,6,80.11
D_3plus3,3,3,PathSessionA10G2_0,9999.0,5.0,1020,22835.12,19625.86,1.2938,77.78,1540.73,-649.31,3025.99,6475.24,10124.63,2564.68,1905.88,2717.69,491.56,10.41,860,186,135,210,0,458,12,69,16,149,297.75,6,80.11
D_3plus3,3,3,PathSessionA10G4_0,300.0,5.0,956,22409.56,19660.16,1.319,70.37,1642.46,-617.52,3305.83,7191.59,9162.74,1231.32,871.32,2290.8,458.6,8.71,880,101,72,365,1,458,5,48,12,74,297.75,6,73.27
D_3plus3,3,3,PathSessionA10G4_0,450.0,5.0,955,22582.06,19884.58,1.3249,70.37,1642.46,-617.52,3305.83,7416.0,9162.74,1455.73,1099.33,2239.86,457.63,11.1,880,100,74,365,0,458,5,48,12,73,304.5,6,73.0
D_3plus3,3,3,PathSessionA10G4_0,600.0,5.0,955,22582.06,19884.58,1.3249,70.37,1642.46,-617.52,3305.83,7416.0,9162.74,1455.73,1099.33,2239.86,457.63,11.1,880,100,74,365,0,458,5,48,12,73,304.5,6,73.0
D_3plus3,3,3,PathSessionA10G4_0,9999.0,5.0,955,22582.06,19884.58,1.3249,70.37,1642.46,-617.52,3305.83,7416.0,9162.74,1455.73,1099.33,2239.86,457.63,11.1,880,100,74,365,0,458,5,48,12,73,304.5,6,73.0
D_3plus3,3,3,PathSessionA10G6_0,300.0,5.0,946,22297.81,19578.57,1.3205,66.67,1642.46,-617.52,3067.24,7422.65,9088.68,1149.73,825.73,2260.64,458.6,9.17,880,91,61,386,1,458,5,48,12,67,297.75,6,73.63
D_3plus3,3,3,PathSessionA10G6_0,450.0,5.0,945,22470.31,19802.99,1.3264,66.67,1642.46,-617.52,3067.24,7647.07,9088.68,1374.14,1053.74,2209.69,457.63,11.84,880,90,63,386,0,458,5,48,12,66,304.5,6,73.33
D_3plus3,3,3,PathSessionA10G6_0,600.0,5.0,945,22470.31,19802.99,1.3264,66.67,1642.46,-617.52,3067.24,7647.07,9088.68,1374.14,1053.74,2209.69,457.63,11.84,880,90,63,386,0,458,5,48,12,66,304.5,6,73.33
D_3plus3,3,3,PathSessionA10G6_0,9999.0,5.0,945,22470.31,19802.99,1.3264,66.67,1642.46,-617.52,3067.24,7647.07,9088.68,1374.14,1053.74,2209.69,457.63,11.84,880,90,63,386,0,458,5,48,12,66,304.5,6,73.33
D_3plus3,3,3,PathSessionA20G0_0,300.0,5.0,1069,22755.87,19507.73,1.2775,74.07,1667.49,-1130.12,3245.59,5600.02,10662.11,2917.03,2056.63,2745.92,502.23,8.61,853,242,159,129,0,458,17,72,16,189,297.75,6,78.1
D_3plus3,3,3,PathSessionA20G0_0,450.0,5.0,1069,22755.87,19507.73,1.2775,74.07,1667.49,-1130.12,3245.59,5600.02,10662.11,2917.03,2056.63,2745.92,502.23,8.61,853,242,159,129,0,458,17,72,16,189,297.75,6,78.1
D_3plus3,3,3,PathSessionA20G0_0,600.0,5.0,1069,22755.87,19507.73,1.2775,74.07,1667.49,-1130.12,3245.59,5600.02,10662.11,2917.03,2056.63,2745.92,502.23,8.61,853,242,159,129,0,458,17,72,16,189,297.75,6,78.1
D_3plus3,3,3,PathSessionA20G0_0,9999.0,5.0,1069,22755.87,19507.73,1.2775,74.07,1667.49,-1130.12,3245.59,5600.02,10662.11,2917.03,2056.63,2745.92,502.23,8.61,853,242,159,129,0,458,17,72,16,189,297.75,6,78.1
D_3plus3,3,3,PathSessionA20G1_0,300.0,5.0,1058,21514.68,18293.98,1.2569,74.07,1667.49,-1130.12,2504.36,5562.24,10227.37,1703.28,882.48,2718.47,502.23,3.87,853,231,154,145,0,458,17,72,16,180,297.75,6,77.92
D_3plus3,3,3,PathSessionA20G1_0,450.0,5.0,1058,21514.68,18293.98,1.2569,74.07,1667.49,-1130.12,2504.36,5562.24,10227.37,1703.28,882.48,2718.47,502.23,3.87,853,231,154,145,0,458,17,72,16,180,297.75,6,77.92
D_3plus3,3,3,PathSessionA20G1_0,600.0,5.0,1058,21514.68,18293.98,1.2569,74.07,1667.49,-1130.12,2504.36,5562.24,10227.37,1703.28,882.48,2718.47,502.23,3.87,853,231,154,145,0,458,17,72,16,180,297.75,6,77.92
D_3plus3,3,3,PathSessionA20G1_0,9999.0,5.0,1058,21514.68,18293.98,1.2569,74.07,1667.49,-1130.12,2504.36,5562.24,10227.37,1703.28,882.48,2718.47,502.23,3.87,853,231,154,145,0,458,17,72,16,180,297.75,6,77.92
D_3plus3,3,3,PathSessionA20G2_0,300.0,5.0,1021,22782.62,19562.47,1.2921,77.78,1540.73,-649.31,2962.6,6475.24,10124.63,2501.29,1838.89,2727.62,492.53,9.99,860,187,135,209,0,458,12,69,16,150,297.75,6,80.21
D_3plus3,3,3,PathSessionA20G2_0,450.0,5.0,1021,22782.62,19562.47,1.2921,77.78,1540.73,-649.31,2962.6,6475.24,10124.63,2501.29,1838.89,2727.62,492.53,9.99,860,187,135,209,0,458,12,69,16,150,297.75,6,80.21
D_3plus3,3,3,PathSessionA20G2_0,600.0,5.0,1021,22782.62,19562.47,1.2921,77.78,1540.73,-649.31,2962.6,6475.24,10124.63,2501.29,1838.89,2727.62,492.53,9.99,860,187,135,209,0,458,12,69,16,150,297.75,6,80.21
D_3plus3,3,3,PathSessionA20G2_0,9999.0,5.0,1021,22782.62,19562.47,1.2921,77.78,1540.73,-649.31,2962.6,6475.24,10124.63,2501.29,1838.89,2727.62,492.53,9.99,860,187,135,209,0,458,12,69,16,150,297.75,6,80.21
D_3plus3,3,3,PathSessionA20G4_0,300.0,5.0,950,22213.81,19460.01,1.3161,70.37,1642.46,-617.52,3179.74,7191.59,9088.68,1031.17,692.77,2294.23,459.57,7.37,880,95,64,379,1,458,5,48,12,70,297.75,6,73.68
D_3plus3,3,3,PathSessionA20G4_0,450.0,5.0,949,22386.31,19684.43,1.3219,70.37,1642.46,-617.52,3179.74,7416.0,9088.68,1255.58,920.78,2243.28,458.6,9.9,880,94,66,379,0,458,5,48,12,69,304.5,6,73.4
D_3plus3,3,3,PathSessionA20G4_0,600.0,5.0,949,22386.31,19684.43,1.3219,70.37,1642.46,-617.52,3179.74,7416.0,9088.68,1255.58,920.78,2243.28,458.6,9.9,880,94,66,379,0,458,5,48,12,69,304.5,6,73.4
D_3plus3,3,3,PathSessionA20G4_0,9999.0,5.0,949,22386.31,19684.43,1.3219,70.37,1642.46,-617.52,3179.74,7416.0,9088.68,1255.58,920.78,2243.28,458.6,9.9,880,94,66,379,0,458,5,48,12,69,304.5,6,73.4
D_3plus3,3,3,PathSessionA20G6_0,300.0,5.0,925,21390.31,18836.05,1.3123,66.67,1642.46,-617.52,3059.47,7251.19,8525.39,584.61,343.41,2100.51,453.75,5.13,882,68,54,418,1,458,5,44,13,52,297.75,6,76.47
D_3plus3,3,3,PathSessionA20G6_0,450.0,5.0,924,21562.81,19060.47,1.3183,66.67,1642.46,-617.52,3059.47,7475.6,8525.39,809.02,571.42,2049.56,452.78,8.66,882,67,56,418,0,458,5,44,13,51,304.5,6,76.12
D_3plus3,3,3,PathSessionA20G6_0,600.0,5.0,924,21562.81,19060.47,1.3183,66.67,1642.46,-617.52,3059.47,7475.6,8525.39,809.02,571.42,2049.56,452.78,8.66,882,67,56,418,0,458,5,44,13,51,304.5,6,76.12
D_3plus3,3,3,PathSessionA20G6_0,9999.0,5.0,924,21562.81,19060.47,1.3183,66.67,1642.46,-617.52,3059.47,7475.6,8525.39,809.02,571.42,2049.56,452.78,8.66,882,67,56,418,0,458,5,44,13,51,304.5,6,76.12
D_3plus3,3,3,PathSessionA50G0_0,300.0,5.0,1078,22470.84,19195.33,1.2693,74.07,1667.49,-1184.64,2659.34,5600.02,10935.97,2958.27,2054.67,2772.31,503.2,8.19,850,254,166,109,0,458,19,74,17,199,297.75,6,78.35
D_3plus3,3,3,PathSessionA50G0_0,450.0,5.0,1078,22470.84,19195.33,1.2693,74.07,1667.49,-1184.64,2659.34,5600.02,10935.97,2958.27,2054.67,2772.31,503.2,8.19,850,254,166,109,0,458,19,74,17,199,297.75,6,78.35
D_3plus3,3,3,PathSessionA50G0_0,600.0,5.0,1078,22470.84,19195.33,1.2693,74.07,1667.49,-1184.64,2659.34,5600.02,10935.97,2958.27,2054.67,2772.31,503.2,8.19,850,254,166,109,0,458,19,74,17,199,297.75,6,78.35
D_3plus3,3,3,PathSessionA50G0_0,9999.0,5.0,1078,22470.84,19195.33,1.2693,74.07,1667.49,-1184.64,2659.34,5600.02,10935.97,2958.27,2054.67,2772.31,503.2,8.19,850,254,166,109,0,458,19,74,17,199,297.75,6,78.35
D_3plus3,3,3,PathSessionA50G1_0,300.0,5.0,1059,23283.84,19887.12,1.2879,77.78,1406.21,-1130.12,3377.95,6165.96,10343.22,2835.67,2029.27,2894.49,502.23,9.06,858,227,148,157,0,458,17,65,14,178,297.75,6,78.41
D_3plus3,3,3,PathSessionA50G1_0,450.0,5.0,1059,23283.84,19887.12,1.2879,77.78,1406.21,-1130.12,3377.95,6165.96,10343.22,2835.67,2029.27,2894.49,502.23,9.06,858,227,148,157,0,458,17,65,14,178,297.75,6,78.41
D_3plus3,3,3,PathSessionA50G1_0,600.0,5.0,1059,23283.84,19887.12,1.2879,77.78,1406.21,-1130.12,3377.95,6165.96,10343.22,2835.67,2029.27,2894.49,502.23,9.06,858,227,148,157,0,458,17,65,14,178,297.75,6,78.41
D_3plus3,3,3,PathSessionA50G1_0,9999.0,5.0,1059,23283.84,19887.12,1.2879,77.78,1406.21,-1130.12,3377.95,6165.96,10343.22,2835.67,2029.27,2894.49,502.23,9.06,858,227,148,157,0,458,17,65,14,178,297.75,6,78.41
D_3plus3,3,3,PathSessionA50G2_0,300.0,5.0,1017,20843.12,17623.12,1.2526,74.07,1582.44,-890.23,2367.71,6146.68,9108.73,561.94,-86.06,2721.65,498.35,-0.48,860,183,123,225,0,458,12,69,16,144,297.75,6,78.69
D_3plus3,3,3,PathSessionA50G2_0,450.0,5.0,1017,20843.12,17623.12,1.2526,74.07,1582.44,-890.23,2367.71,6146.68,9108.73,561.94,-86.06,2721.65,498.35,-0.48,860,183,123,225,0,458,12,69,16,144,297.75,6,78.69
D_3plus3,3,3,PathSessionA50G2_0,600.0,5.0,1017,20843.12,17623.12,1.2526,74.07,1582.44,-890.23,2367.71,6146.68,9108.73,561.94,-86.06,2721.65,498.35,-0.48,860,183,123,225,0,458,12,69,16,144,297.75,6,78.69
D_3plus3,3,3,PathSessionA50G2_0,9999.0,5.0,1017,20843.12,17623.12,1.2526,74.07,1582.44,-890.23,2367.71,6146.68,9108.73,561.94,-86.06,2721.65,498.35,-0.48,860,183,123,225,0,458,12,69,16,144,297.75,6,78.69
D_3plus3,3,3,PathSessionA50G4_0,300.0,5.0,927,21326.53,18758.43,1.31,66.67,1642.46,-617.52,3056.75,7130.85,8570.83,506.99,258.59,2114.35,453.75,3.75,882,70,56,414,1,458,5,44,13,54,297.75,6,77.14
D_3plus3,3,3,PathSessionA50G4_0,450.0,5.0,926,21499.03,18982.84,1.3159,66.67,1642.46,-617.52,3056.75,7355.26,8570.83,731.4,486.6,2063.41,452.78,7.16,882,69,58,414,0,458,5,44,13,53,304.5,6,76.81
D_3plus3,3,3,PathSessionA50G4_0,600.0,5.0,926,21499.03,18982.84,1.3159,66.67,1642.46,-617.52,3056.75,7355.26,8570.83,731.4,486.6,2063.41,452.78,7.16,882,69,58,414,0,458,5,44,13,53,304.5,6,76.81
D_3plus3,3,3,PathSessionA50G4_0,9999.0,5.0,926,21499.03,18982.84,1.3159,66.67,1642.46,-617.52,3056.75,7355.26,8570.83,731.4,486.6,2063.41,452.78,7.16,882,69,58,414,0,458,5,44,13,53,304.5,6,76.81
D_3plus3,3,3,PathSessionA50G6_0,300.0,5.0,901,22191.91,19870.54,1.3474,70.37,1599.1,-496.8,3207.1,7628.88,9034.56,648.8,526.4,1893.8,427.57,15.48,891,35,23,483,1,458,3,36,10,25,294.75,6,71.43
D_3plus3,3,3,PathSessionA50G6_0,450.0,5.0,900,22364.41,20094.95,1.3537,70.37,1599.1,-496.8,3207.1,7853.3,9034.56,873.22,754.42,1842.85,426.6,22.86,891,34,25,483,0,458,3,36,10,24,304.5,6,70.59
D_3plus3,3,3,PathSessionA50G6_0,600.0,5.0,900,22364.41,20094.95,1.3537,70.37,1599.1,-496.8,3207.1,7853.3,9034.56,873.22,754.42,1842.85,426.6,22.86,891,34,25,483,0,458,3,36,10,24,304.5,6,70.59
D_3plus3,3,3,PathSessionA50G6_0,9999.0,5.0,900,22364.41,20094.95,1.3537,70.37,1599.1,-496.8,3207.1,7853.3,9034.56,873.22,754.42,1842.85,426.6,22.86,891,34,25,483,0,458,3,36,10,24,304.5,6,70.59
D_3plus3,3,3,PathQualityA10G0_0,300.0,5.0,1035,21659.03,18160.62,1.2589,74.07,1879.12,-1176.31,2222.97,6249.62,9688.04,1533.54,817.14,3002.97,495.44,4.11,859,201,135,197,1,458,10,69,17,157,297.75,6,78.11
D_3plus3,3,3,PathQualityA10G0_0,450.0,5.0,1036,21481.28,17981.9,1.2545,74.07,1879.12,-1176.31,2222.97,6249.62,9509.32,1354.83,634.83,3002.97,496.41,3.17,859,202,135,197,0,458,10,69,17,158,309.75,6,78.22
D_3plus3,3,3,PathQualityA10G0_0,600.0,5.0,1036,21481.28,17981.9,1.2545,74.07,1879.12,-1176.31,2222.97,6249.62,9509.32,1354.83,634.83,3002.97,496.41,3.17,859,202,135,197,0,458,10,69,17,158,309.75,6,78.22
D_3plus3,3,3,PathQualityA10G0_0,9999.0,5.0,1036,21481.28,17981.9,1.2545,74.07,1879.12,-1176.31,2222.97,6249.62,9509.32,1354.83,634.83,3002.97,496.41,3.17,859,202,135,197,0,458,10,69,17,158,309.75,6,78.22
D_3plus3,3,3,PathQualityA10G1_0,300.0,5.0,1002,21351.22,18013.64,1.266,70.37,1776.08,-946.04,2396.22,5929.39,9688.04,1112.01,521.61,2855.71,481.87,3.18,861,166,111,257,1,458,6,70,18,130,297.75,6,78.31
D_3plus3,3,3,PathQualityA10G1_0,450.0,5.0,1003,21173.47,17834.92,1.2615,70.37,1776.08,-946.04,2396.22,5929.39,9509.32,933.29,339.29,2855.71,482.84,2.06,861,167,111,257,0,458,6,70,18,131,309.75,6,78.44
D_3plus3,3,3,PathQualityA10G1_0,600.0,5.0,1003,21173.47,17834.92,1.2615,70.37,1776.08,-946.04,2396.22,5929.39,9509.32,933.29,339.29,2855.71,482.84,2.06,861,167,111,257,0,458,6,70,18,131,309.75,6,78.44
D_3plus3,3,3,PathQualityA10G1_0,9999.0,5.0,1003,21173.47,17834.92,1.2615,70.37,1776.08,-946.04,2396.22,5929.39,9509.32,933.29,339.29,2855.71,482.84,2.06,861,167,111,257,0,458,6,70,18,131,309.75,6,78.44
D_3plus3,3,3,PathQualityA10G2_0,300.0,5.0,991,21119.44,17843.72,1.2654,66.67,1774.97,-946.04,2098.27,5910.8,9834.65,755.98,212.38,2799.67,476.05,1.41,863,153,97,284,1,458,6,68,17,118,297.75,6,77.12
D_3plus3,3,3,PathQualityA10G2_0,450.0,5.0,992,20941.69,17665.0,1.2608,66.67,1774.97,-946.04,2098.27,5910.8,9655.93,577.26,30.06,2799.67,477.02,0.2,863,154,97,284,0,458,6,68,17,119,309.75,6,77.27
D_3plus3,3,3,PathQualityA10G2_0,600.0,5.0,992,20941.69,17665.0,1.2608,66.67,1774.97,-946.04,2098.27,5910.8,9655.93,577.26,30.06,2799.67,477.02,0.2,863,154,97,284,0,458,6,68,17,119,309.75,6,77.27
D_3plus3,3,3,PathQualityA10G2_0,9999.0,5.0,992,20941.69,17665.0,1.2608,66.67,1774.97,-946.04,2098.27,5910.8,9655.93,577.26,30.06,2799.67,477.02,0.2,863,154,97,284,0,458,6,68,17,119,309.75,6,77.27
D_3plus3,3,3,PathQualityA10G4_0,300.0,5.0,942,22486.69,19739.24,1.3233,70.37,1599.1,-596.54,3091.29,6167.35,10480.6,2110.54,1797.34,2289.82,457.63,20.66,879,89,76,371,1,458,5,51,12,72,297.75,6,80.9
D_3plus3,3,3,PathQualityA10G4_0,450.0,5.0,943,22308.94,19560.52,1.3182,70.37,1599.1,-596.54,3091.29,6167.35,10301.88,1931.82,1615.02,2289.82,458.6,18.35,879,90,76,371,0,458,5,51,12,73,309.75,6,81.11
D_3plus3,3,3,PathQualityA10G4_0,600.0,5.0,943,22308.94,19560.52,1.3182,70.37,1599.1,-596.54,3091.29,6167.35,10301.88,1931.82,1615.02,2289.82,458.6,18.35,879,90,76,371,0,458,5,51,12,73,309.75,6,81.11
D_3plus3,3,3,PathQualityA10G4_0,9999.0,5.0,943,22308.94,19560.52,1.3182,70.37,1599.1,-596.54,3091.29,6167.35,10301.88,1931.82,1615.02,2289.82,458.6,18.35,879,90,76,371,0,458,5,51,12,73,309.75,6,81.11
D_3plus3,3,3,PathQualityA10G6_0,300.0,5.0,924,22652.35,19994.57,1.3357,70.37,1599.1,-553.36,3069.97,6154.84,10769.76,2148.76,1903.96,2209.85,447.93,28.0,880,70,71,395,1,458,4,51,12,56,297.75,6,80.0
D_3plus3,3,3,PathQualityA10G6_0,450.0,5.0,925,22474.6,19815.85,1.3305,70.37,1599.1,-553.36,3069.97,6154.84,10591.04,1970.04,1721.64,2209.85,448.9,24.95,880,71,71,395,0,458,4,51,12,57,309.75,6,80.28
D_3plus3,3,3,PathQualityA10G6_0,600.0,5.0,925,22474.6,19815.85,1.3305,70.37,1599.1,-553.36,3069.97,6154.84,10591.04,1970.04,1721.64,2209.85,448.9,24.95,880,71,71,395,0,458,4,51,12,57,309.75,6,80.28
D_3plus3,3,3,PathQualityA10G6_0,9999.0,5.0,925,22474.6,19815.85,1.3305,70.37,1599.1,-553.36,3069.97,6154.84,10591.04,1970.04,1721.64,2209.85,448.9,24.95,880,71,71,395,0,458,4,51,12,57,309.75,6,80.28
D_3plus3,3,3,PathQualityA20G0_0,300.0,5.0,1039,22191.47,18741.3,1.2699,74.07,1879.12,-904.0,2870.87,6249.62,9620.82,1984.7,1257.5,2955.7,494.47,6.23,860,204,139,190,1,458,10,68,16,159,297.75,6,77.94
D_3plus3,3,3,PathQualityA20G0_0,450.0,5.0,1040,22013.72,18562.58,1.2655,74.07,1879.12,-904.0,2870.87,6249.62,9442.1,1805.98,1075.18,2955.7,495.44,5.3,860,205,139,190,0,458,10,68,16,160,309.75,6,78.05
D_3plus3,3,3,PathQualityA20G0_0,600.0,5.0,1040,22013.72,18562.58,1.2655,74.07,1879.12,-904.0,2870.87,6249.62,9442.1,1805.98,1075.18,2955.7,495.44,5.3,860,205,139,190,0,458,10,68,16,160,309.75,6,78.05
D_3plus3,3,3,PathQualityA20G0_0,9999.0,5.0,1040,22013.72,18562.58,1.2655,74.07,1879.12,-904.0,2870.87,6249.62,9442.1,1805.98,1075.18,2955.7,495.44,5.3,860,205,139,190,0,458,10,68,16,160,309.75,6,78.05
D_3plus3,3,3,PathQualityA20G1_0,300.0,5.0,1006,21549.22,18200.76,1.2689,70.37,1776.08,-1000.36,2583.34,5929.39,9688.04,1299.13,694.33,2866.59,481.87,4.13,861,170,115,248,1,458,7,70,18,134,297.75,6,78.82
D_3plus3,3,3,PathQualityA20G1_0,450.0,5.0,1007,21371.47,18022.04,1.2644,70.37,1776.08,-1000.36,2583.34,5929.39,9509.32,1120.41,512.01,2866.59,482.84,3.03,861,171,115,248,0,458,7,70,18,135,309.75,6,78.95
D_3plus3,3,3,PathQualityA20G1_0,600.0,5.0,1007,21371.47,18022.04,1.2644,70.37,1776.08,-1000.36,2583.34,5929.39,9509.32,1120.41,512.01,2866.59,482.84,3.03,861,171,115,248,0,458,7,70,18,135,309.75,6,78.95
D_3plus3,3,3,PathQualityA20G1_0,9999.0,5.0,1007,21371.47,18022.04,1.2644,70.37,1776.08,-1000.36,2583.34,5929.39,9509.32,1120.41,512.01,2866.59,482.84,3.03,861,171,115,248,0,458,7,70,18,135,309.75,6,78.95
D_3plus3,3,3,PathQualityA20G2_0,300.0,5.0,987,21626.47,18386.4,1.279,66.67,1774.97,-946.04,2098.27,6302.26,9985.87,1360.38,834.78,2765.96,474.11,5.72,864,148,97,289,1,458,6,67,16,114,297.75,6,77.03
D_3plus3,3,3,PathQualityA20G2_0,450.0,5.0,988,21448.72,18207.68,1.2743,66.67,1774.97,-946.04,2098.27,6302.26,9807.15,1181.66,652.46,2765.96,475.08,4.44,864,149,97,289,0,458,6,67,16,115,309.75,6,77.18
D_3plus3,3,3,PathQualityA20G2_0,600.0,5.0,988,21448.72,18207.68,1.2743,66.67,1774.97,-946.04,2098.27,6302.26,9807.15,1181.66,652.46,2765.96,475.08,4.44,864,149,97,289,0,458,6,67,16,115,309.75,6,77.18
D_3plus3,3,3,PathQualityA20G2_0,9999.0,5.0,988,21448.72,18207.68,1.2743,66.67,1774.97,-946.04,2098.27,6302.26,9807.15,1181.66,652.46,2765.96,475.08,4.44,864,149,97,289,0,458,6,67,16,115,309.75,6,77.18
D_3plus3,3,3,PathQualityA20G4_0,300.0,5.0,935,22374.85,19653.95,1.3241,70.37,1599.1,-553.36,3091.29,6013.6,10549.07,1808.15,1523.75,2266.18,454.72,19.29,880,81,74,381,1,458,4,51,12,66,297.75,6,81.48
D_3plus3,3,3,PathQualityA20G4_0,450.0,5.0,936,22197.1,19475.24,1.319,70.37,1599.1,-553.36,3091.29,6013.6,10370.35,1629.43,1341.43,2266.18,455.69,16.77,880,82,74,381,0,458,4,51,12,67,309.75,6,81.71
D_3plus3,3,3,PathQualityA20G4_0,600.0,5.0,936,22197.1,19475.24,1.319,70.37,1599.1,-553.36,3091.29,6013.6,10370.35,1629.43,1341.43,2266.18,455.69,16.77,880,82,74,381,0,458,4,51,12,67,309.75,6,81.71
D_3plus3,3,3,PathQualityA20G4_0,9999.0,5.0,936,22197.1,19475.24,1.319,70.37,1599.1,-553.36,3091.29,6013.6,10370.35,1629.43,1341.43,2266.18,455.69,16.77,880,82,74,381,0,458,4,51,12,67,309.75,6,81.71
D_3plus3,3,3,PathQualityA20G6_0,300.0,5.0,914,22249.69,19679.28,1.3328,70.37,1599.1,-427.04,2961.52,6277.56,10440.2,1891.73,1700.93,2123.45,446.96,32.09,885,55,55,428,1,458,4,44,12,43,294.75,6,78.18
D_3plus3,3,3,PathQualityA20G6_0,450.0,5.0,915,22071.94,19500.56,1.3276,70.37,1599.1,-427.04,2961.52,6277.56,10261.48,1713.01,1518.61,2123.45,447.93,28.12,885,56,55,428,0,458,4,44,12,44,309.75,6,78.57
D_3plus3,3,3,PathQualityA20G6_0,600.0,5.0,915,22071.94,19500.56,1.3276,70.37,1599.1,-427.04,2961.52,6277.56,10261.48,1713.01,1518.61,2123.45,447.93,28.12,885,56,55,428,0,458,4,44,12,44,309.75,6,78.57
D_3plus3,3,3,PathQualityA20G6_0,9999.0,5.0,915,22071.94,19500.56,1.3276,70.37,1599.1,-427.04,2961.52,6277.56,10261.48,1713.01,1518.61,2123.45,447.93,28.12,885,56,55,428,0,458,4,44,12,44,309.75,6,78.57
D_3plus3,3,3,PathQualityA50G0_0,300.0,5.0,1056,21866.81,18349.05,1.257,70.37,1523.59,-984.1,2698.65,6029.58,9620.82,1768.83,958.83,3007.78,509.98,4.26,854,227,146,158,1,458,18,68,16,182,297.75,6,80.18
D_3plus3,3,3,PathQualityA50G0_0,450.0,5.0,1057,21689.06,18170.33,1.2527,70.37,1523.59,-984.1,2698.65,6029.58,9442.1,1590.11,776.51,3007.78,510.95,3.44,854,228,146,158,0,458,18,68,16,183,309.75,6,80.26
D_3plus3,3,3,PathQualityA50G0_0,600.0,5.0,1057,21689.06,18170.33,1.2527,70.37,1523.59,-984.1,2698.65,6029.58,9442.1,1590.11,776.51,3007.78,510.95,3.44,854,228,146,158,0,458,18,68,16,183,309.75,6,80.26
D_3plus3,3,3,PathQualityA50G0_0,9999.0,5.0,1057,21689.06,18170.33,1.2527,70.37,1523.59,-984.1,2698.65,6029.58,9442.1,1590.11,776.51,3007.78,510.95,3.44,854,228,146,158,0,458,18,68,16,183,309.75,6,80.26
D_3plus3,3,3,PathQualityA50G1_0,300.0,5.0,1010,21628.72,18386.86,1.272,70.37,1879.12,-883.59,2876.65,5822.17,9688.04,1595.31,972.51,2763.87,477.99,5.62,860,175,121,237,1,458,9,69,17,139,297.75,6,79.43
D_3plus3,3,3,PathQualityA50G1_0,450.0,5.0,1011,21450.97,18208.14,1.2675,70.37,1879.12,-883.59,2876.65,5822.17,9509.32,1416.59,790.19,2763.87,478.96,4.54,860,176,121,237,0,458,9,69,17,140,309.75,6,79.55
D_3plus3,3,3,PathQualityA50G1_0,600.0,5.0,1011,21450.97,18208.14,1.2675,70.37,1879.12,-883.59,2876.65,5822.17,9509.32,1416.59,790.19,2763.87,478.96,4.54,860,176,121,237,0,458,9,69,17,140,309.75,6,79.55
D_3plus3,3,3,PathQualityA50G1_0,9999.0,5.0,1011,21450.97,18208.14,1.2675,70.37,1879.12,-883.59,2876.65,5822.17,9509.32,1416.59,790.19,2763.87,478.96,4.54,860,176,121,237,0,458,9,69,17,140,309.75,6,79.55
D_3plus3,3,3,PathQualityA50G2_0,300.0,5.0,972,21271.72,18348.92,1.2831,62.96,1599.1,-946.04,2098.27,5954.07,10296.58,617.0,177.8,2455.47,467.32,1.46,874,124,87,325,1,458,6,55,14,95,297.75,6,76.61
D_3plus3,3,3,PathQualityA50G2_0,450.0,5.0,973,21093.97,18170.2,1.2783,62.96,1599.1,-946.04,2098.27,5954.07,10117.86,438.28,-4.52,2455.47,468.29,-0.04,874,125,87,325,0,458,6,55,14,96,309.75,6,76.8
D_3plus3,3,3,PathQualityA50G2_0,600.0,5.0,973,21093.97,18170.2,1.2783,62.96,1599.1,-946.04,2098.27,5954.07,10117.86,438.28,-4.52,2455.47,468.29,-0.04,874,125,87,325,0,458,6,55,14,96,309.75,6,76.8
D_3plus3,3,3,PathQualityA50G2_0,9999.0,5.0,973,21093.97,18170.2,1.2783,62.96,1599.1,-946.04,2098.27,5954.07,10117.86,438.28,-4.52,2455.47,468.29,-0.04,874,125,87,325,0,458,6,55,14,96,309.75,6,76.8
D_3plus3,3,3,PathQualityA50G4_0,300.0,5.0,919,21963.16,19312.79,1.3226,70.37,1599.1,-427.04,3014.66,6277.56,10020.57,1460.89,1248.49,2199.53,450.84,21.16,884,61,66,411,1,458,4,45,12,49,297.75,6,80.33
D_3plus3,3,3,PathQualityA50G4_0,450.0,5.0,920,21785.41,19134.07,1.3175,70.37,1599.1,-427.04,3014.66,6277.56,9841.85,1282.18,1066.18,2199.53,451.81,17.77,884,62,66,411,0,458,4,45,12,50,309.75,6,80.65
D_3plus3,3,3,PathQualityA50G4_0,600.0,5.0,920,21785.41,19134.07,1.3175,70.37,1599.1,-427.04,3014.66,6277.56,9841.85,1282.18,1066.18,2199.53,451.81,17.77,884,62,66,411,0,458,4,45,12,50,309.75,6,80.65
D_3plus3,3,3,PathQualityA50G4_0,9999.0,5.0,920,21785.41,19134.07,1.3175,70.37,1599.1,-427.04,3014.66,6277.56,9841.85,1282.18,1066.18,2199.53,451.81,17.77,884,62,66,411,0,458,4,45,12,50,309.75,6,80.65
D_3plus3,3,3,PathQualityA50G6_0,300.0,5.0,905,21512.41,18975.59,1.3202,70.37,1599.1,-533.38,3121.18,6117.3,9737.11,1188.04,1029.64,2094.7,442.12,23.4,885,46,50,442,1,458,4,44,12,35,294.75,6,76.09
D_3plus3,3,3,PathQualityA50G6_0,450.0,5.0,906,21334.66,18796.87,1.315,70.37,1599.1,-533.38,3121.18,6117.3,9558.39,1009.32,847.32,2094.7,443.09,18.83,885,47,50,442,0,458,4,44,12,36,309.75,6,76.6
D_3plus3,3,3,PathQualityA50G6_0,600.0,5.0,906,21334.66,18796.87,1.315,70.37,1599.1,-533.38,3121.18,6117.3,9558.39,1009.32,847.32,2094.7,443.09,18.83,885,47,50,442,0,458,4,44,12,36,309.75,6,76.6
D_3plus3,3,3,PathQualityA50G6_0,9999.0,5.0,906,21334.66,18796.87,1.315,70.37,1599.1,-533.38,3121.18,6117.3,9558.39,1009.32,847.32,2094.7,443.09,18.83,885,47,50,442,0,458,4,44,12,36,309.75,6,76.6
D_3plus3,3,3,PathRiskA10G0_0,300.0,5.0,983,23236.81,20591.98,1.325,74.07,1679.56,-781.11,2666.23,8187.08,9738.67,2005.06,1508.26,2176.54,468.29,10.93,869,140,93,304,2,458,8,56,14,114,297.75,6,81.43
D_3plus3,3,3,PathRiskA10G0_0,450.0,5.0,984,23119.06,20473.26,1.3214,74.07,1679.56,-781.11,2666.23,8247.08,9559.95,1886.34,1385.94,2176.54,469.26,9.97,869,141,95,303,0,458,8,56,14,115,309.75,6,81.56
D_3plus3,3,3,PathRiskA10G0_0,600.0,5.0,984,23119.06,20473.26,1.3214,74.07,1679.56,-781.11,2666.23,8247.08,9559.95,1886.34,1385.94,2176.54,469.26,9.97,869,141,95,303,0,458,8,56,14,115,309.75,6,81.56
D_3plus3,3,3,PathRiskA10G0_0,9999.0,5.0,984,23119.06,20473.26,1.3214,74.07,1679.56,-781.11,2666.23,8247.08,9559.95,1886.34,1385.94,2176.54,469.26,9.97,869,141,95,303,0,458,8,56,14,115,309.75,6,81.56
D_3plus3,3,3,PathRiskA10G1_0,300.0,5.0,971,22738.81,20232.53,1.3221,74.07,1679.56,-711.41,2915.13,7961.96,9355.44,1648.33,1198.33,2046.72,459.57,9.59,870,127,84,327,2,458,6,56,14,105,297.75,6,82.68
D_3plus3,3,3,PathRiskA10G1_0,450.0,5.0,972,22621.06,20113.81,1.3184,74.07,1679.56,-711.41,2915.13,8021.96,9176.72,1529.62,1076.02,2046.72,460.54,8.54,870,128,86,326,0,458,6,56,14,106,309.75,6,82.81
D_3plus3,3,3,PathRiskA10G1_0,600.0,5.0,972,22621.06,20113.81,1.3184,74.07,1679.56,-711.41,2915.13,8021.96,9176.72,1529.62,1076.02,2046.72,460.54,8.54,870,128,86,326,0,458,6,56,14,106,309.75,6,82.81
D_3plus3,3,3,PathRiskA10G1_0,9999.0,5.0,972,22621.06,20113.81,1.3184,74.07,1679.56,-711.41,2915.13,8021.96,9176.72,1529.62,1076.02,2046.72,460.54,8.54,870,128,86,326,0,458,6,56,14,106,309.75,6,82.81
D_3plus3,3,3,PathRiskA10G2_0,300.0,5.0,952,22975.57,20575.1,1.3349,74.07,1674.84,-635.96,3554.14,7466.6,9554.36,2119.16,1741.16,1941.87,458.6,16.58,871,107,75,355,2,458,6,56,15,91,297.75,6,85.05
D_3plus3,3,3,PathRiskA10G2_0,450.0,5.0,953,22857.82,20456.38,1.3312,74.07,1674.84,-635.96,3554.14,7526.6,9375.64,2000.44,1618.84,1941.87,459.57,15.27,871,108,77,354,0,458,6,56,15,92,309.75,6,85.19
D_3plus3,3,3,PathRiskA10G2_0,600.0,5.0,953,22857.82,20456.38,1.3312,74.07,1674.84,-635.96,3554.14,7526.6,9375.64,2000.44,1618.84,1941.87,459.57,15.27,871,108,77,354,0,458,6,56,15,92,309.75,6,85.19
D_3plus3,3,3,PathRiskA10G2_0,9999.0,5.0,953,22857.82,20456.38,1.3312,74.07,1674.84,-635.96,3554.14,7526.6,9375.64,2000.44,1618.84,1941.87,459.57,15.27,871,108,77,354,0,458,6,56,15,92,309.75,6,85.19
D_3plus3,3,3,PathRiskA10G4_0,300.0,5.0,938,22926.91,20591.53,1.3399,74.07,1674.84,-635.96,3390.92,7506.91,9693.71,2135.59,1807.99,1883.57,451.81,19.87,871,93,62,382,2,458,6,56,15,82,297.75,6,88.17
D_3plus3,3,3,PathRiskA10G4_0,450.0,5.0,939,22809.16,20472.81,1.3361,74.07,1674.84,-635.96,3390.92,7566.91,9514.99,2016.87,1685.67,1883.57,452.78,18.32,871,94,64,381,0,458,6,56,15,83,309.75,6,88.3
D_3plus3,3,3,PathRiskA10G4_0,600.0,5.0,939,22809.16,20472.81,1.3361,74.07,1674.84,-635.96,3390.92,7566.91,9514.99,2016.87,1685.67,1883.57,452.78,18.32,871,94,64,381,0,458,6,56,15,83,309.75,6,88.3
D_3plus3,3,3,PathRiskA10G4_0,9999.0,5.0,939,22809.16,20472.81,1.3361,74.07,1674.84,-635.96,3390.92,7566.91,9514.99,2016.87,1685.67,1883.57,452.78,18.32,871,94,64,381,0,458,6,56,15,83,309.75,6,88.3
D_3plus3,3,3,PathRiskA10G6_0,300.0,5.0,924,23229.97,20988.55,1.3568,70.37,1642.46,-629.4,3539.71,7749.42,9699.43,1922.81,1685.21,1795.42,445.99,25.53,882,68,53,419,2,458,4,44,14,61,297.75,6,89.71
D_3plus3,3,3,PathRiskA10G6_0,450.0,5.0,925,23112.22,20869.84,1.3528,70.37,1642.46,-629.4,3539.71,7809.42,9520.71,1804.09,1562.89,1795.42,446.96,23.33,882,69,55,418,0,458,4,44,14,62,309.75,6,89.86
D_3plus3,3,3,PathRiskA10G6_0,600.0,5.0,925,23112.22,20869.84,1.3528,70.37,1642.46,-629.4,3539.71,7809.42,9520.71,1804.09,1562.89,1795.42,446.96,23.33,882,69,55,418,0,458,4,44,14,62,309.75,6,89.86
D_3plus3,3,3,PathRiskA10G6_0,9999.0,5.0,925,23112.22,20869.84,1.3528,70.37,1642.46,-629.4,3539.71,7809.42,9520.71,1804.09,1562.89,1795.42,446.96,23.33,882,69,55,418,0,458,4,44,14,62,309.75,6,89.86
D_3plus3,3,3,PathRiskA20G0_0,300.0,5.0,1002,22064.38,19490.79,1.2981,70.37,1679.56,-773.22,2876.41,6443.3,10171.08,1672.44,1085.64,2110.14,463.45,6.66,863,165,103,265,1,458,11,64,15,136,297.75,6,82.42
D_3plus3,3,3,PathRiskA20G0_0,450.0,5.0,1003,21886.63,19312.07,1.2933,70.37,1679.56,-773.22,2876.41,6443.3,9992.36,1493.72,903.32,2110.14,464.42,5.51,863,166,103,265,0,458,11,64,15,137,309.75,6,82.53
D_3plus3,3,3,PathRiskA20G0_0,600.0,5.0,1003,21886.63,19312.07,1.2933,70.37,1679.56,-773.22,2876.41,6443.3,9992.36,1493.72,903.32,2110.14,464.42,5.51,863,166,103,265,0,458,11,64,15,137,309.75,6,82.53
D_3plus3,3,3,PathRiskA20G0_0,9999.0,5.0,1003,21886.63,19312.07,1.2933,70.37,1679.56,-773.22,2876.41,6443.3,9992.36,1493.72,903.32,2110.14,464.42,5.51,863,166,103,265,0,458,11,64,15,137,309.75,6,82.53
D_3plus3,3,3,PathRiskA20G1_0,300.0,5.0,975,22287.28,19775.07,1.3108,74.07,1674.84,-738.73,2666.23,7753.4,9355.44,1258.59,797.79,2051.68,460.54,6.23,871,130,85,324,2,458,6,54,14,109,297.75,6,83.85
D_3plus3,3,3,PathRiskA20G1_0,450.0,5.0,976,22169.53,19656.35,1.3072,74.07,1674.84,-738.73,2666.23,7813.4,9176.72,1139.87,675.47,2051.68,461.51,5.24,871,131,87,323,0,458,6,54,14,110,309.75,6,83.97
D_3plus3,3,3,PathRiskA20G1_0,600.0,5.0,976,22169.53,19656.35,1.3072,74.07,1674.84,-738.73,2666.23,7813.4,9176.72,1139.87,675.47,2051.68,461.51,5.24,871,131,87,323,0,458,6,54,14,110,309.75,6,83.97
D_3plus3,3,3,PathRiskA20G1_0,9999.0,5.0,976,22169.53,19656.35,1.3072,74.07,1674.84,-738.73,2666.23,7813.4,9176.72,1139.87,675.47,2051.68,461.51,5.24,871,131,87,323,0,458,6,54,14,110,309.75,6,83.97
D_3plus3,3,3,PathRiskA20G2_0,300.0,5.0,949,22805.35,20411.69,1.3321,74.07,1674.84,-635.96,3554.14,7303.19,9554.36,1955.74,1588.54,1934.1,459.57,15.57,871,104,76,357,2,458,6,56,15,90,297.75,6,86.54
D_3plus3,3,3,PathRiskA20G2_0,450.0,5.0,950,22687.6,20292.97,1.3283,74.07,1674.84,-635.96,3554.14,7363.19,9375.64,1837.02,1466.22,1934.1,460.54,14.24,871,105,78,356,0,458,6,56,15,91,309.75,6,86.67
D_3plus3,3,3,PathRiskA20G2_0,600.0,5.0,950,22687.6,20292.97,1.3283,74.07,1674.84,-635.96,3554.14,7363.19,9375.64,1837.02,1466.22,1934.1,460.54,14.24,871,105,78,356,0,458,6,56,15,91,309.75,6,86.67
D_3plus3,3,3,PathRiskA20G2_0,9999.0,5.0,950,22687.6,20292.97,1.3283,74.07,1674.84,-635.96,3554.14,7363.19,9375.64,1837.02,1466.22,1934.1,460.54,14.24,871,105,78,356,0,458,6,56,15,91,309.75,6,86.67
D_3plus3,3,3,PathRiskA20G4_0,300.0,5.0,935,22310.47,19993.41,1.3282,70.37,1642.46,-629.4,3467.61,7418.72,9107.08,1627.77,1336.17,1863.31,453.75,16.5,878,83,57,399,2,458,5,48,15,74,297.75,6,89.16
D_3plus3,3,3,PathRiskA20G4_0,450.0,5.0,936,22192.72,19874.69,1.3244,70.37,1642.46,-629.4,3467.61,7478.72,8928.36,1509.05,1213.85,1863.31,454.72,14.8,878,84,59,398,0,458,5,48,15,75,309.75,6,89.29
D_3plus3,3,3,PathRiskA20G4_0,600.0,5.0,936,22192.72,19874.69,1.3244,70.37,1642.46,-629.4,3467.61,7478.72,8928.36,1509.05,1213.85,1863.31,454.72,14.8,878,84,59,398,0,458,5,48,15,75,309.75,6,89.29
D_3plus3,3,3,PathRiskA20G4_0,9999.0,5.0,936,22192.72,19874.69,1.3244,70.37,1642.46,-629.4,3467.61,7478.72,8928.36,1509.05,1213.85,1863.31,454.72,14.8,878,84,59,398,0,458,5,48,15,75,309.75,6,89.29
D_3plus3,3,3,PathRiskA20G6_0,300.0,5.0,917,23185.03,20963.16,1.3586,70.37,1642.46,-629.4,3372.35,7849.3,9741.51,1897.42,1685.02,1780.72,441.15,28.56,882,61,43,436,2,458,4,44,14,55,297.75,6,90.16
D_3plus3,3,3,PathRiskA20G6_0,450.0,5.0,918,23067.28,20844.44,1.3546,70.37,1642.46,-629.4,3372.35,7909.3,9562.79,1778.7,1562.7,1780.72,442.12,26.05,882,62,45,435,0,458,4,44,14,56,309.75,6,90.32
D_3plus3,3,3,PathRiskA20G6_0,600.0,5.0,918,23067.28,20844.44,1.3546,70.37,1642.46,-629.4,3372.35,7909.3,9562.79,1778.7,1562.7,1780.72,442.12,26.05,882,62,45,435,0,458,4,44,14,56,309.75,6,90.32
D_3plus3,3,3,PathRiskA20G6_0,9999.0,5.0,918,23067.28,20844.44,1.3546,70.37,1642.46,-629.4,3372.35,7909.3,9562.79,1778.7,1562.7,1780.72,442.12,26.05,882,62,45,435,0,458,4,44,14,56,309.75,6,90.32
D_3plus3,3,3,PathRiskA50G0_0,300.0,5.0,1022,22070.44,19420.26,1.2914,70.37,1679.56,-857.86,2865.87,6383.3,10171.08,2032.3,1359.1,2187.71,462.48,7.27,859,189,115,227,1,458,14,67,16,146,297.75,6,77.25
D_3plus3,3,3,PathRiskA50G0_0,450.0,5.0,1023,21892.69,19241.54,1.2867,70.37,1679.56,-857.86,2865.87,6383.3,9992.36,1853.58,1176.78,2187.71,463.45,6.26,859,190,115,227,0,458,14,67,16,147,309.75,6,77.37
D_3plus3,3,3,PathRiskA50G0_0,600.0,5.0,1023,21892.69,19241.54,1.2867,70.37,1679.56,-857.86,2865.87,6383.3,9992.36,1853.58,1176.78,2187.71,463.45,6.26,859,190,115,227,0,458,14,67,16,147,309.75,6,77.37
D_3plus3,3,3,PathRiskA50G0_0,9999.0,5.0,1023,21892.69,19241.54,1.2867,70.37,1679.56,-857.86,2865.87,6383.3,9992.36,1853.58,1176.78,2187.71,463.45,6.26,859,190,115,227,0,458,14,67,16,147,309.75,6,77.37
D_3plus3,3,3,PathRiskA50G1_0,300.0,5.0,985,22410.94,19825.69,1.3092,74.07,1674.84,-816.51,2889.25,7581.01,9355.44,1213.5,709.5,2121.8,463.45,5.07,869,142,95,300,2,458,10,54,14,119,297.75,6,83.8
D_3plus3,3,3,PathRiskA50G1_0,450.0,5.0,986,22293.19,19706.97,1.3057,74.07,1674.84,-816.51,2889.25,7641.01,9176.72,1094.78,587.18,2121.8,464.42,4.16,869,143,97,299,0,458,10,54,14,120,309.75,6,83.92
D_3plus3,3,3,PathRiskA50G1_0,600.0,5.0,986,22293.19,19706.97,1.3057,74.07,1674.84,-816.51,2889.25,7641.01,9176.72,1094.78,587.18,2121.8,464.42,4.16,869,143,97,299,0,458,10,54,14,120,309.75,6,83.92
D_3plus3,3,3,PathRiskA50G1_0,9999.0,5.0,986,22293.19,19706.97,1.3057,74.07,1674.84,-816.51,2889.25,7641.01,9176.72,1094.78,587.18,2121.8,464.42,4.16,869,143,97,299,0,458,10,54,14,120,309.75,6,83.92
D_3plus3,3,3,PathRiskA50G2_0,300.0,5.0,943,22305.04,19920.6,1.3238,74.07,1674.84,-738.73,3073.96,7383.63,9463.01,1464.65,1119.05,1928.75,455.69,11.66,871,98,67,372,2,458,6,56,15,86,297.75,6,87.76
D_3plus3,3,3,PathRiskA50G2_0,450.0,5.0,944,22187.29,19801.88,1.32,74.07,1674.84,-738.73,3073.96,7443.63,9284.29,1345.93,996.73,1928.75,456.66,10.28,871,99,69,371,0,458,6,56,15,87,309.75,6,87.88
D_3plus3,3,3,PathRiskA50G2_0,600.0,5.0,944,22187.29,19801.88,1.32,74.07,1674.84,-738.73,3073.96,7443.63,9284.29,1345.93,996.73,1928.75,456.66,10.28,871,99,69,371,0,458,6,56,15,87,309.75,6,87.88
D_3plus3,3,3,PathRiskA50G2_0,9999.0,5.0,944,22187.29,19801.88,1.32,74.07,1674.84,-738.73,3073.96,7443.63,9284.29,1345.93,996.73,1928.75,456.66,10.28,871,99,69,371,0,458,6,56,15,87,309.75,6,87.88
D_3plus3,3,3,PathRiskA50G4_0,300.0,5.0,914,23520.91,21307.18,1.3681,70.37,1642.46,-629.4,3360.65,7958.1,9988.43,2028.67,1830.67,1770.64,443.09,33.28,883,57,45,438,2,458,3,44,14,52,297.75,6,91.23
D_3plus3,3,3,PathRiskA50G4_0,450.0,5.0,915,23403.16,21188.46,1.3641,70.37,1642.46,-629.4,3360.65,8018.1,9809.71,1909.95,1708.35,1770.64,444.05,30.51,883,58,47,437,0,458,3,44,14,53,309.75,6,91.38
D_3plus3,3,3,PathRiskA50G4_0,600.0,5.0,915,23403.16,21188.46,1.3641,70.37,1642.46,-629.4,3360.65,8018.1,9809.71,1909.95,1708.35,1770.64,444.05,30.51,883,58,47,437,0,458,3,44,14,53,309.75,6,91.38
D_3plus3,3,3,PathRiskA50G4_0,9999.0,5.0,915,23403.16,21188.46,1.3641,70.37,1642.46,-629.4,3360.65,8018.1,9809.71,1909.95,1708.35,1770.64,444.05,30.51,883,58,47,437,0,458,3,44,14,53,309.75,6,91.38
D_3plus3,3,3,PathRiskA50G6_0,300.0,5.0,903,22983.91,20846.24,1.362,70.37,1642.46,-629.4,3359.09,8159.58,9327.57,1567.73,1409.33,1701.37,436.3,32.03,883,46,36,458,2,458,3,44,14,42,297.75,6,91.3
D_3plus3,3,3,PathRiskA50G6_0,450.0,5.0,904,22866.16,20727.52,1.3579,70.37,1642.46,-629.4,3359.09,8219.58,9148.85,1449.01,1287.01,1701.37,437.27,28.6,883,47,38,457,0,458,3,44,14,43,309.75,6,91.49
D_3plus3,3,3,PathRiskA50G6_0,600.0,5.0,904,22866.16,20727.52,1.3579,70.37,1642.46,-629.4,3359.09,8219.58,9148.85,1449.01,1287.01,1701.37,437.27,28.6,883,47,38,457,0,458,3,44,14,43,309.75,6,91.49
D_3plus3,3,3,PathRiskA50G6_0,9999.0,5.0,904,22866.16,20727.52,1.3579,70.37,1642.46,-629.4,3359.09,8219.58,9148.85,1449.01,1287.01,1701.37,437.27,28.6,883,47,38,457,0,458,3,44,14,43,309.75,6,91.49
A_3x1,3,0,All,9999.0,10.0,832,21565.3,19720.78,1.3909,74.07,1114.74,-496.8,3130.47,7537.61,9052.71,0.0,0.0,1460.58,383.94,0.0,859,0,591,0,0,458,0,22,6,0,180.0,3,0.0
B_2plus1,2,1,All,300.0,10.0,1180,15362.28,13303.41,1.3148,77.78,852.63,-460.62,1879.57,5136.87,6286.96,941.24,521.24,1752.81,306.06,1.49,856,352,235,0,0,458,27,2,1,276,155.5,3,78.41
B_2plus1,2,1,All,450.0,10.0,1180,15362.28,13303.41,1.3148,77.78,852.63,-460.62,1879.57,5136.87,6286.96,941.24,521.24,1752.81,306.06,1.49,856,352,235,0,0,458,27,2,1,276,155.5,3,78.41
B_2plus1,2,1,All,600.0,10.0,1180,15362.28,13303.41,1.3148,77.78,852.63,-460.62,1879.57,5136.87,6286.96,941.24,521.24,1752.81,306.06,1.49,856,352,235,0,0,458,27,2,1,276,155.5,3,78.41
B_2plus1,2,1,All,9999.0,10.0,1180,15362.28,13303.41,1.3148,77.78,852.63,-460.62,1879.57,5136.87,6286.96,941.24,521.24,1752.81,306.06,1.49,856,352,235,0,0,458,27,2,1,276,155.5,3,78.41
B_2plus1,2,1,Opposite,300.0,10.0,939,14235.13,12774.57,1.349,74.07,767.5,-313.11,1738.18,5253.95,5782.45,-5.55,-123.15,1189.08,271.47,-1.26,868,98,62,442,0,458,0,2,1,0,137.0,3,0.0
B_2plus1,2,1,Opposite,450.0,10.0,939,14235.13,12774.57,1.349,74.07,767.5,-313.11,1738.18,5253.95,5782.45,-5.55,-123.15,1189.08,271.47,-1.26,868,98,62,442,0,458,0,2,1,0,137.0,3,0.0
B_2plus1,2,1,Opposite,600.0,10.0,939,14235.13,12774.57,1.349,74.07,767.5,-313.11,1738.18,5253.95,5782.45,-5.55,-123.15,1189.08,271.47,-1.26,868,98,62,442,0,458,0,2,1,0,137.0,3,0.0
B_2plus1,2,1,Opposite,9999.0,10.0,939,14235.13,12774.57,1.349,74.07,767.5,-313.11,1738.18,5253.95,5782.45,-5.55,-123.15,1189.08,271.47,-1.26,868,98,62,442,0,458,0,2,1,0,137.0,3,0.0
B_2plus1,2,1,LongOnly,300.0,10.0,1000,14334.63,12645.48,1.3298,74.07,829.29,-401.84,1430.81,5051.71,6162.97,111.67,-82.73,1388.26,300.88,-0.51,865,162,119,314,0,458,10,2,1,121,148.75,3,74.69
B_2plus1,2,1,LongOnly,450.0,10.0,1000,14334.63,12645.48,1.3298,74.07,829.29,-401.84,1430.81,5051.71,6162.97,111.67,-82.73,1388.26,300.88,-0.51,865,162,119,314,0,458,10,2,1,121,148.75,3,74.69
B_2plus1,2,1,LongOnly,600.0,10.0,1000,14334.63,12645.48,1.3298,74.07,829.29,-401.84,1430.81,5051.71,6162.97,111.67,-82.73,1388.26,300.88,-0.51,865,162,119,314,0,458,10,2,1,121,148.75,3,74.69
B_2plus1,2,1,LongOnly,9999.0,10.0,1000,14334.63,12645.48,1.3298,74.07,829.29,-401.84,1430.81,5051.71,6162.97,111.67,-82.73,1388.26,300.88,-0.51,865,162,119,314,0,458,10,2,1,121,148.75,3,74.69
B_2plus1,2,1,ShortOnly,300.0,10.0,1062,15240.25,13462.4,1.3413,74.07,828.06,-514.63,1970.64,5402.11,6089.65,726.57,457.77,1505.73,272.12,2.04,865,226,143,231,0,458,5,2,1,167,155.5,3,73.89
B_2plus1,2,1,ShortOnly,450.0,10.0,1062,15240.25,13462.4,1.3413,74.07,828.06,-514.63,1970.64,5402.11,6089.65,726.57,457.77,1505.73,272.12,2.04,865,226,143,231,0,458,5,2,1,167,155.5,3,73.89
B_2plus1,2,1,ShortOnly,600.0,10.0,1062,15240.25,13462.4,1.3413,74.07,828.06,-514.63,1970.64,5402.11,6089.65,726.57,457.77,1505.73,272.12,2.04,865,226,143,231,0,458,5,2,1,167,155.5,3,73.89
B_2plus1,2,1,ShortOnly,9999.0,10.0,1062,15240.25,13462.4,1.3413,74.07,828.06,-514.63,1970.64,5402.11,6089.65,726.57,457.77,1505.73,272.12,2.04,865,226,143,231,0,458,5,2,1,167,155.5,3,73.89
B_2plus1,2,1,SQ50,300.0,10.0,1138,15193.53,13173.32,1.3157,77.78,841.92,-474.7,1838.26,5178.78,6156.28,477.47,112.67,1717.38,302.82,0.37,861,305,196,88,0,458,20,2,1,255,155.5,3,83.61
B_2plus1,2,1,SQ50,450.0,10.0,1138,15193.53,13173.32,1.3157,77.78,841.92,-474.7,1838.26,5178.78,6156.28,477.47,112.67,1717.38,302.82,0.37,861,305,196,88,0,458,20,2,1,255,155.5,3,83.61
B_2plus1,2,1,SQ50,600.0,10.0,1138,15193.53,13173.32,1.3157,77.78,841.92,-474.7,1838.26,5178.78,6156.28,477.47,112.67,1717.38,302.82,0.37,861,305,196,88,0,458,20,2,1,255,155.5,3,83.61
B_2plus1,2,1,SQ50,9999.0,10.0,1138,15193.53,13173.32,1.3157,77.78,841.92,-474.7,1838.26,5178.78,6156.28,477.47,112.67,1717.38,302.82,0.37,861,305,196,88,0,458,20,2,1,255,155.5,3,83.61
B_2plus1,2,1,SQ60,300.0,10.0,1052,15070.03,13162.83,1.3308,74.07,801.15,-493.17,2096.67,4882.13,6184.03,534.76,279.16,1615.04,292.16,1.31,866,213,154,229,0,458,8,2,1,183,155.5,3,85.92
B_2plus1,2,1,SQ60,450.0,10.0,1052,15070.03,13162.83,1.3308,74.07,801.15,-493.17,2096.67,4882.13,6184.03,534.76,279.16,1615.04,292.16,1.31,866,213,154,229,0,458,8,2,1,183,155.5,3,85.92
B_2plus1,2,1,SQ60,600.0,10.0,1052,15070.03,13162.83,1.3308,74.07,801.15,-493.17,2096.67,4882.13,6184.03,534.76,279.16,1615.04,292.16,1.31,866,213,154,229,0,458,8,2,1,183,155.5,3,85.92
B_2plus1,2,1,SQ60,9999.0,10.0,1052,15070.03,13162.83,1.3308,74.07,801.15,-493.17,2096.67,4882.13,6184.03,534.76,279.16,1615.04,292.16,1.31,866,213,154,229,0,458,8,2,1,183,155.5,3,85.92
B_2plus1,2,1,Regime40,300.0,10.0,1040,15045.99,13179.77,1.3343,74.07,823.9,-482.57,2048.14,4813.9,6317.74,544.38,304.38,1573.09,293.13,1.52,867,200,135,264,0,458,4,2,1,174,155.5,3,87.0
B_2plus1,2,1,Regime40,450.0,10.0,1040,15045.99,13179.77,1.3343,74.07,823.9,-482.57,2048.14,4813.9,6317.74,544.38,304.38,1573.09,293.13,1.52,867,200,135,264,0,458,4,2,1,174,155.5,3,87.0
B_2plus1,2,1,Regime40,600.0,10.0,1040,15045.99,13179.77,1.3343,74.07,823.9,-482.57,2048.14,4813.9,6317.74,544.38,304.38,1573.09,293.13,1.52,867,200,135,264,0,458,4,2,1,174,155.5,3,87.0
B_2plus1,2,1,Regime40,9999.0,10.0,1040,15045.99,13179.77,1.3343,74.07,823.9,-482.57,2048.14,4813.9,6317.74,544.38,304.38,1573.09,293.13,1.52,867,200,135,264,0,458,4,2,1,174,155.5,3,87.0
B_2plus1,2,1,Risk20,300.0,10.0,1164,14417.54,12425.7,1.2924,77.78,851.19,-460.62,1603.3,4760.27,6062.13,63.53,-337.27,1689.66,302.18,-1.01,856,336,222,29,0,458,27,2,1,260,154.25,3,77.38
B_2plus1,2,1,Risk20,450.0,10.0,1164,14417.54,12425.7,1.2924,77.78,851.19,-460.62,1603.3,4760.27,6062.13,63.53,-337.27,1689.66,302.18,-1.01,856,336,222,29,0,458,27,2,1,260,154.25,3,77.38
B_2plus1,2,1,Risk20,600.0,10.0,1164,14417.54,12425.7,1.2924,77.78,851.19,-460.62,1603.3,4760.27,6062.13,63.53,-337.27,1689.66,302.18,-1.01,856,336,222,29,0,458,27,2,1,260,154.25,3,77.38
B_2plus1,2,1,Risk20,9999.0,10.0,1164,14417.54,12425.7,1.2924,77.78,851.19,-460.62,1603.3,4760.27,6062.13,63.53,-337.27,1689.66,302.18,-1.01,856,336,222,29,0,458,27,2,1,260,154.25,3,77.38
B_2plus1,2,1,Risk25,300.0,10.0,1178,15178.03,13136.2,1.3104,77.78,852.63,-460.62,1635.49,5154.18,6346.54,774.03,356.43,1736.74,305.09,1.02,856,350,234,3,0,458,27,2,1,274,155.5,3,78.29
B_2plus1,2,1,Risk25,450.0,10.0,1178,15178.03,13136.2,1.3104,77.78,852.63,-460.62,1635.49,5154.18,6346.54,774.03,356.43,1736.74,305.09,1.02,856,350,234,3,0,458,27,2,1,274,155.5,3,78.29
B_2plus1,2,1,Risk25,600.0,10.0,1178,15178.03,13136.2,1.3104,77.78,852.63,-460.62,1635.49,5154.18,6346.54,774.03,356.43,1736.74,305.09,1.02,856,350,234,3,0,458,27,2,1,274,155.5,3,78.29
B_2plus1,2,1,Risk25,9999.0,10.0,1178,15178.03,13136.2,1.3104,77.78,852.63,-460.62,1635.49,5154.18,6346.54,774.03,356.43,1736.74,305.09,1.02,856,350,234,3,0,458,27,2,1,274,155.5,3,78.29
B_2plus1,2,1,RR2,300.0,10.0,932,14590.62,12868.14,1.3457,74.07,854.94,-402.46,1827.39,5167.35,5873.4,88.02,-21.18,1436.13,286.34,-0.23,868,92,88,422,0,458,0,2,1,77,155.5,3,83.7
B_2plus1,2,1,RR2,450.0,10.0,932,14590.62,12868.14,1.3457,74.07,854.94,-402.46,1827.39,5167.35,5873.4,88.02,-21.18,1436.13,286.34,-0.23,868,92,88,422,0,458,0,2,1,77,155.5,3,83.7
B_2plus1,2,1,RR2,600.0,10.0,932,14590.62,12868.14,1.3457,74.07,854.94,-402.46,1827.39,5167.35,5873.4,88.02,-21.18,1436.13,286.34,-0.23,868,92,88,422,0,458,0,2,1,77,155.5,3,83.7
B_2plus1,2,1,RR2,9999.0,10.0,932,14590.62,12868.14,1.3457,74.07,854.94,-402.46,1827.39,5167.35,5873.4,88.02,-21.18,1436.13,286.34,-0.23,868,92,88,422,0,458,0,2,1,77,155.5,3,83.7
B_2plus1,2,1,PathA10G0_0,300.0,10.0,1032,15027.07,13097.44,1.3312,74.07,841.5,-425.74,1496.48,5023.32,6577.63,839.79,604.59,1619.7,309.93,3.08,863,198,152,245,0,458,12,2,1,158,155.5,3,79.8
B_2plus1,2,1,PathA10G0_0,450.0,10.0,1032,15027.07,13097.44,1.3312,74.07,841.5,-425.74,1496.48,5023.32,6577.63,839.79,604.59,1619.7,309.93,3.08,863,198,152,245,0,458,12,2,1,158,155.5,3,79.8
B_2plus1,2,1,PathA10G0_0,600.0,10.0,1032,15027.07,13097.44,1.3312,74.07,841.5,-425.74,1496.48,5023.32,6577.63,839.79,604.59,1619.7,309.93,3.08,863,198,152,245,0,458,12,2,1,158,155.5,3,79.8
B_2plus1,2,1,PathA10G0_0,9999.0,10.0,1032,15027.07,13097.44,1.3312,74.07,841.5,-425.74,1496.48,5023.32,6577.63,839.79,604.59,1619.7,309.93,3.08,863,198,152,245,0,458,12,2,1,158,155.5,3,79.8
B_2plus1,2,1,PathA10G1_0,300.0,10.0,998,15237.32,13354.38,1.3452,74.07,839.4,-425.74,1502.57,5188.43,6663.38,581.58,391.98,1581.08,301.85,2.48,867,160,129,310,0,458,4,2,1,130,155.5,3,81.25
B_2plus1,2,1,PathA10G1_0,450.0,10.0,998,15237.32,13354.38,1.3452,74.07,839.4,-425.74,1502.57,5188.43,6663.38,581.58,391.98,1581.08,301.85,2.48,867,160,129,310,0,458,4,2,1,130,155.5,3,81.25
B_2plus1,2,1,PathA10G1_0,600.0,10.0,998,15237.32,13354.38,1.3452,74.07,839.4,-425.74,1502.57,5188.43,6663.38,581.58,391.98,1581.08,301.85,2.48,867,160,129,310,0,458,4,2,1,130,155.5,3,81.25
B_2plus1,2,1,PathA10G1_0,9999.0,10.0,998,15237.32,13354.38,1.3452,74.07,839.4,-425.74,1502.57,5188.43,6663.38,581.58,391.98,1581.08,301.85,2.48,867,160,129,310,0,458,4,2,1,130,155.5,3,81.25
B_2plus1,2,1,PathA10G2_0,300.0,10.0,972,15255.07,13439.72,1.3541,74.07,839.4,-365.0,1587.91,5188.43,6663.38,659.6,502.4,1522.54,292.8,3.84,868,133,112,354,0,458,3,2,1,109,155.5,3,81.95
B_2plus1,2,1,PathA10G2_0,450.0,10.0,972,15255.07,13439.72,1.3541,74.07,839.4,-365.0,1587.91,5188.43,6663.38,659.6,502.4,1522.54,292.8,3.84,868,133,112,354,0,458,3,2,1,109,155.5,3,81.95
B_2plus1,2,1,PathA10G2_0,600.0,10.0,972,15255.07,13439.72,1.3541,74.07,839.4,-365.0,1587.91,5188.43,6663.38,659.6,502.4,1522.54,292.8,3.84,868,133,112,354,0,458,3,2,1,109,155.5,3,81.95
B_2plus1,2,1,PathA10G2_0,9999.0,10.0,972,15255.07,13439.72,1.3541,74.07,839.4,-365.0,1587.91,5188.43,6663.38,659.6,502.4,1522.54,292.8,3.84,868,133,112,354,0,458,3,2,1,109,155.5,3,81.95
B_2plus1,2,1,PathA10G4_0,300.0,10.0,948,15042.47,13272.66,1.3538,74.07,891.96,-410.3,1737.27,5027.25,6508.15,492.54,364.14,1481.2,288.6,3.4,868,109,93,397,0,458,3,2,1,86,155.5,3,78.9
B_2plus1,2,1,PathA10G4_0,450.0,10.0,948,15042.47,13272.66,1.3538,74.07,891.96,-410.3,1737.27,5027.25,6508.15,492.54,364.14,1481.2,288.6,3.4,868,109,93,397,0,458,3,2,1,86,155.5,3,78.9
B_2plus1,2,1,PathA10G4_0,600.0,10.0,948,15042.47,13272.66,1.3538,74.07,891.96,-410.3,1737.27,5027.25,6508.15,492.54,364.14,1481.2,288.6,3.4,868,109,93,397,0,458,3,2,1,86,155.5,3,78.9
B_2plus1,2,1,PathA10G4_0,9999.0,10.0,948,15042.47,13272.66,1.3538,74.07,891.96,-410.3,1737.27,5027.25,6508.15,492.54,364.14,1481.2,288.6,3.4,868,109,93,397,0,458,3,2,1,86,155.5,3,78.9
B_2plus1,2,1,PathA10G6_0,300.0,10.0,922,15115.49,13433.1,1.3656,74.07,863.76,-410.3,1777.91,5057.04,6598.15,652.97,555.77,1399.93,282.46,6.86,868,83,81,438,0,458,0,2,1,69,155.5,3,83.13
B_2plus1,2,1,PathA10G6_0,450.0,10.0,922,15115.49,13433.1,1.3656,74.07,863.76,-410.3,1777.91,5057.04,6598.15,652.97,555.77,1399.93,282.46,6.86,868,83,81,438,0,458,0,2,1,69,155.5,3,83.13
B_2plus1,2,1,PathA10G6_0,600.0,10.0,922,15115.49,13433.1,1.3656,74.07,863.76,-410.3,1777.91,5057.04,6598.15,652.97,555.77,1399.93,282.46,6.86,868,83,81,438,0,458,0,2,1,69,155.5,3,83.13
B_2plus1,2,1,PathA10G6_0,9999.0,10.0,922,15115.49,13433.1,1.3656,74.07,863.76,-410.3,1777.91,5057.04,6598.15,652.97,555.77,1399.93,282.46,6.86,868,83,81,438,0,458,0,2,1,69,155.5,3,83.13
B_2plus1,2,1,PathA20G0_0,300.0,10.0,1033,15195.77,13281.63,1.3373,74.07,869.85,-425.74,1680.67,5023.32,6577.63,1023.98,787.58,1604.53,309.61,4.0,863,199,155,241,0,458,12,2,1,159,155.5,3,79.9
B_2plus1,2,1,PathA20G0_0,450.0,10.0,1033,15195.77,13281.63,1.3373,74.07,869.85,-425.74,1680.67,5023.32,6577.63,1023.98,787.58,1604.53,309.61,4.0,863,199,155,241,0,458,12,2,1,159,155.5,3,79.9
B_2plus1,2,1,PathA20G0_0,600.0,10.0,1033,15195.77,13281.63,1.3373,74.07,869.85,-425.74,1680.67,5023.32,6577.63,1023.98,787.58,1604.53,309.61,4.0,863,199,155,241,0,458,12,2,1,159,155.5,3,79.9
B_2plus1,2,1,PathA20G0_0,9999.0,10.0,1033,15195.77,13281.63,1.3373,74.07,869.85,-425.74,1680.67,5023.32,6577.63,1023.98,787.58,1604.53,309.61,4.0,863,199,155,241,0,458,12,2,1,159,155.5,3,79.9
B_2plus1,2,1,PathA20G1_0,300.0,10.0,1000,15230.32,13348.29,1.3448,74.07,841.5,-425.74,1496.48,5188.43,6663.38,575.49,383.49,1580.49,301.53,2.4,867,162,130,307,0,458,4,2,1,131,155.5,3,80.86
B_2plus1,2,1,PathA20G1_0,450.0,10.0,1000,15230.32,13348.29,1.3448,74.07,841.5,-425.74,1496.48,5188.43,6663.38,575.49,383.49,1580.49,301.53,2.4,867,162,130,307,0,458,4,2,1,131,155.5,3,80.86
B_2plus1,2,1,PathA20G1_0,600.0,10.0,1000,15230.32,13348.29,1.3448,74.07,841.5,-425.74,1496.48,5188.43,6663.38,575.49,383.49,1580.49,301.53,2.4,867,162,130,307,0,458,4,2,1,131,155.5,3,80.86
B_2plus1,2,1,PathA20G1_0,9999.0,10.0,1000,15230.32,13348.29,1.3448,74.07,841.5,-425.74,1496.48,5188.43,6663.38,575.49,383.49,1580.49,301.53,2.4,867,162,130,307,0,458,4,2,1,131,155.5,3,80.86
B_2plus1,2,1,PathA20G2_0,300.0,10.0,972,15255.07,13439.72,1.3541,74.07,839.4,-365.0,1587.91,5188.43,6663.38,659.6,502.4,1522.54,292.8,3.84,868,133,112,354,0,458,3,2,1,109,155.5,3,81.95
B_2plus1,2,1,PathA20G2_0,450.0,10.0,972,15255.07,13439.72,1.3541,74.07,839.4,-365.0,1587.91,5188.43,6663.38,659.6,502.4,1522.54,292.8,3.84,868,133,112,354,0,458,3,2,1,109,155.5,3,81.95
B_2plus1,2,1,PathA20G2_0,600.0,10.0,972,15255.07,13439.72,1.3541,74.07,839.4,-365.0,1587.91,5188.43,6663.38,659.6,502.4,1522.54,292.8,3.84,868,133,112,354,0,458,3,2,1,109,155.5,3,81.95
B_2plus1,2,1,PathA20G2_0,9999.0,10.0,972,15255.07,13439.72,1.3541,74.07,839.4,-365.0,1587.91,5188.43,6663.38,659.6,502.4,1522.54,292.8,3.84,868,133,112,354,0,458,3,2,1,109,155.5,3,81.95
B_2plus1,2,1,PathA20G4_0,300.0,10.0,940,15003.73,13260.96,1.3548,74.07,863.76,-410.3,1751.49,5001.32,6508.15,480.84,362.04,1455.78,286.99,3.66,868,101,91,407,0,458,3,2,1,82,155.5,3,81.19
B_2plus1,2,1,PathA20G4_0,450.0,10.0,940,15003.73,13260.96,1.3548,74.07,863.76,-410.3,1751.49,5001.32,6508.15,480.84,362.04,1455.78,286.99,3.66,868,101,91,407,0,458,3,2,1,82,155.5,3,81.19
B_2plus1,2,1,PathA20G4_0,600.0,10.0,940,15003.73,13260.96,1.3548,74.07,863.76,-410.3,1751.49,5001.32,6508.15,480.84,362.04,1455.78,286.99,3.66,868,101,91,407,0,458,3,2,1,82,155.5,3,81.19
B_2plus1,2,1,PathA20G4_0,9999.0,10.0,940,15003.73,13260.96,1.3548,74.07,863.76,-410.3,1751.49,5001.32,6508.15,480.84,362.04,1455.78,286.99,3.66,868,101,91,407,0,458,3,2,1,82,155.5,3,81.19
B_2plus1,2,1,PathA20G6_0,300.0,10.0,915,14946.02,13269.07,1.3615,74.07,863.76,-382.69,1759.47,5057.04,6452.55,488.94,400.14,1394.49,282.46,5.41,868,76,74,452,0,458,0,2,1,62,155.5,3,81.58
B_2plus1,2,1,PathA20G6_0,450.0,10.0,915,14946.02,13269.07,1.3615,74.07,863.76,-382.69,1759.47,5057.04,6452.55,488.94,400.14,1394.49,282.46,5.41,868,76,74,452,0,458,0,2,1,62,155.5,3,81.58
B_2plus1,2,1,PathA20G6_0,600.0,10.0,915,14946.02,13269.07,1.3615,74.07,863.76,-382.69,1759.47,5057.04,6452.55,488.94,400.14,1394.49,282.46,5.41,868,76,74,452,0,458,0,2,1,62,155.5,3,81.58
B_2plus1,2,1,PathA20G6_0,9999.0,10.0,915,14946.02,13269.07,1.3615,74.07,863.76,-382.69,1759.47,5057.04,6452.55,488.94,400.14,1394.49,282.46,5.41,868,76,74,452,0,458,0,2,1,62,155.5,3,81.58
B_2plus1,2,1,PathA50G0_0,300.0,10.0,1049,15187.02,13261.71,1.3344,74.07,869.85,-490.07,1654.98,5042.92,6563.82,1004.06,748.46,1616.67,308.64,3.51,863,215,165,214,0,458,13,2,1,169,155.5,3,78.6
B_2plus1,2,1,PathA50G0_0,450.0,10.0,1049,15187.02,13261.71,1.3344,74.07,869.85,-490.07,1654.98,5042.92,6563.82,1004.06,748.46,1616.67,308.64,3.51,863,215,165,214,0,458,13,2,1,169,155.5,3,78.6
B_2plus1,2,1,PathA50G0_0,600.0,10.0,1049,15187.02,13261.71,1.3344,74.07,869.85,-490.07,1654.98,5042.92,6563.82,1004.06,748.46,1616.67,308.64,3.51,863,215,165,214,0,458,13,2,1,169,155.5,3,78.6
B_2plus1,2,1,PathA50G0_0,9999.0,10.0,1049,15187.02,13261.71,1.3344,74.07,869.85,-490.07,1654.98,5042.92,6563.82,1004.06,748.46,1616.67,308.64,3.51,863,215,165,214,0,458,13,2,1,169,155.5,3,78.6
B_2plus1,2,1,PathA50G1_0,300.0,10.0,1000,15230.32,13348.29,1.3448,74.07,841.5,-425.74,1496.48,5188.43,6663.38,575.49,383.49,1580.49,301.53,2.4,867,162,130,307,0,458,4,2,1,131,155.5,3,80.86
B_2plus1,2,1,PathA50G1_0,450.0,10.0,1000,15230.32,13348.29,1.3448,74.07,841.5,-425.74,1496.48,5188.43,6663.38,575.49,383.49,1580.49,301.53,2.4,867,162,130,307,0,458,4,2,1,131,155.5,3,80.86
B_2plus1,2,1,PathA50G1_0,600.0,10.0,1000,15230.32,13348.29,1.3448,74.07,841.5,-425.74,1496.48,5188.43,6663.38,575.49,383.49,1580.49,301.53,2.4,867,162,130,307,0,458,4,2,1,131,155.5,3,80.86
B_2plus1,2,1,PathA50G1_0,9999.0,10.0,1000,15230.32,13348.29,1.3448,74.07,841.5,-425.74,1496.48,5188.43,6663.38,575.49,383.49,1580.49,301.53,2.4,867,162,130,307,0,458,4,2,1,131,155.5,3,80.86
B_2plus1,2,1,PathA50G2_0,300.0,10.0,994,15196.82,13317.05,1.345,74.07,839.4,-425.74,1390.98,5226.25,6699.83,544.25,359.45,1578.23,301.53,2.33,867,156,129,314,0,458,4,2,1,126,155.5,3,80.77
B_2plus1,2,1,PathA50G2_0,450.0,10.0,994,15196.82,13317.05,1.345,74.07,839.4,-425.74,1390.98,5226.25,6699.83,544.25,359.45,1578.23,301.53,2.33,867,156,129,314,0,458,4,2,1,126,155.5,3,80.77
B_2plus1,2,1,PathA50G2_0,600.0,10.0,994,15196.82,13317.05,1.345,74.07,839.4,-425.74,1390.98,5226.25,6699.83,544.25,359.45,1578.23,301.53,2.33,867,156,129,314,0,458,4,2,1,126,155.5,3,80.77
B_2plus1,2,1,PathA50G2_0,9999.0,10.0,994,15196.82,13317.05,1.345,74.07,839.4,-425.74,1390.98,5226.25,6699.83,544.25,359.45,1578.23,301.53,2.33,867,156,129,314,0,458,4,2,1,126,155.5,3,80.77
B_2plus1,2,1,PathA50G4_0,300.0,10.0,915,14946.02,13269.07,1.3615,74.07,863.76,-382.69,1759.47,5057.04,6452.55,488.94,400.14,1394.49,282.46,5.41,868,76,74,452,0,458,0,2,1,62,155.5,3,81.58
B_2plus1,2,1,PathA50G4_0,450.0,10.0,915,14946.02,13269.07,1.3615,74.07,863.76,-382.69,1759.47,5057.04,6452.55,488.94,400.14,1394.49,282.46,5.41,868,76,74,452,0,458,0,2,1,62,155.5,3,81.58
B_2plus1,2,1,PathA50G4_0,600.0,10.0,915,14946.02,13269.07,1.3615,74.07,863.76,-382.69,1759.47,5057.04,6452.55,488.94,400.14,1394.49,282.46,5.41,868,76,74,452,0,458,0,2,1,62,155.5,3,81.58
B_2plus1,2,1,PathA50G4_0,9999.0,10.0,915,14946.02,13269.07,1.3615,74.07,863.76,-382.69,1759.47,5057.04,6452.55,488.94,400.14,1394.49,282.46,5.41,868,76,74,452,0,458,0,2,1,62,155.5,3,81.58
B_2plus1,2,1,PathA50G6_0,300.0,10.0,909,14830.24,13161.4,1.3588,74.07,863.76,-382.69,1771.62,5073.36,6316.43,381.28,299.68,1387.66,281.17,4.41,868,70,70,462,0,458,0,2,1,59,155.5,3,84.29
B_2plus1,2,1,PathA50G6_0,450.0,10.0,909,14830.24,13161.4,1.3588,74.07,863.76,-382.69,1771.62,5073.36,6316.43,381.28,299.68,1387.66,281.17,4.41,868,70,70,462,0,458,0,2,1,59,155.5,3,84.29
B_2plus1,2,1,PathA50G6_0,600.0,10.0,909,14830.24,13161.4,1.3588,74.07,863.76,-382.69,1771.62,5073.36,6316.43,381.28,299.68,1387.66,281.17,4.41,868,70,70,462,0,458,0,2,1,59,155.5,3,84.29
B_2plus1,2,1,PathA50G6_0,9999.0,10.0,909,14830.24,13161.4,1.3588,74.07,863.76,-382.69,1771.62,5073.36,6316.43,381.28,299.68,1387.66,281.17,4.41,868,70,70,462,0,458,0,2,1,59,155.5,3,84.29
B_2plus1,2,1,PathSessionA10G0_0,300.0,10.0,1088,15699.31,13775.0,1.3458,77.78,783.99,-530.56,1470.85,5498.31,6805.85,1253.69,953.69,1621.16,303.15,3.81,865,252,190,156,0,458,7,2,1,193,155.5,3,76.59
B_2plus1,2,1,PathSessionA10G0_0,450.0,10.0,1088,15699.31,13775.0,1.3458,77.78,783.99,-530.56,1470.85,5498.31,6805.85,1253.69,953.69,1621.16,303.15,3.81,865,252,190,156,0,458,7,2,1,193,155.5,3,76.59
B_2plus1,2,1,PathSessionA10G0_0,600.0,10.0,1088,15699.31,13775.0,1.3458,77.78,783.99,-530.56,1470.85,5498.31,6805.85,1253.69,953.69,1621.16,303.15,3.81,865,252,190,156,0,458,7,2,1,193,155.5,3,76.59
B_2plus1,2,1,PathSessionA10G0_0,9999.0,10.0,1088,15699.31,13775.0,1.3458,77.78,783.99,-530.56,1470.85,5498.31,6805.85,1253.69,953.69,1621.16,303.15,3.81,865,252,190,156,0,458,7,2,1,193,155.5,3,76.59
B_2plus1,2,1,PathSessionA10G1_0,300.0,10.0,1078,15586.82,13671.14,1.3445,77.78,783.99,-530.56,1520.15,5490.05,6660.94,1149.82,861.82,1612.53,303.15,3.59,865,242,187,169,0,458,7,2,1,188,155.5,3,77.69
B_2plus1,2,1,PathSessionA10G1_0,450.0,10.0,1078,15586.82,13671.14,1.3445,77.78,783.99,-530.56,1520.15,5490.05,6660.94,1149.82,861.82,1612.53,303.15,3.59,865,242,187,169,0,458,7,2,1,188,155.5,3,77.69
B_2plus1,2,1,PathSessionA10G1_0,600.0,10.0,1078,15586.82,13671.14,1.3445,77.78,783.99,-530.56,1520.15,5490.05,6660.94,1149.82,861.82,1612.53,303.15,3.59,865,242,187,169,0,458,7,2,1,188,155.5,3,77.69
B_2plus1,2,1,PathSessionA10G1_0,9999.0,10.0,1078,15586.82,13671.14,1.3445,77.78,783.99,-530.56,1520.15,5490.05,6660.94,1149.82,861.82,1612.53,303.15,3.59,865,242,187,169,0,458,7,2,1,188,155.5,3,77.69
B_2plus1,2,1,PathSessionA10G2_0,300.0,10.0,1043,15514.39,13660.86,1.3514,77.78,900.09,-447.87,1634.04,5418.27,6608.54,1029.89,785.09,1554.91,298.62,3.85,866,206,158,235,0,458,5,2,1,162,155.5,3,78.64
B_2plus1,2,1,PathSessionA10G2_0,450.0,10.0,1043,15514.39,13660.86,1.3514,77.78,900.09,-447.87,1634.04,5418.27,6608.54,1029.89,785.09,1554.91,298.62,3.85,866,206,158,235,0,458,5,2,1,162,155.5,3,78.64
B_2plus1,2,1,PathSessionA10G2_0,600.0,10.0,1043,15514.39,13660.86,1.3514,77.78,900.09,-447.87,1634.04,5418.27,6608.54,1029.89,785.09,1554.91,298.62,3.85,866,206,158,235,0,458,5,2,1,162,155.5,3,78.64
B_2plus1,2,1,PathSessionA10G2_0,9999.0,10.0,1043,15514.39,13660.86,1.3514,77.78,900.09,-447.87,1634.04,5418.27,6608.54,1029.89,785.09,1554.91,298.62,3.85,866,206,158,235,0,458,5,2,1,162,155.5,3,78.64
B_2plus1,2,1,PathSessionA10G4_0,300.0,10.0,954,14991.8,13314.96,1.3588,74.07,891.96,-365.0,1806.11,5198.64,6310.21,534.83,399.23,1392.44,284.4,3.53,868,114,88,397,0,458,3,2,1,86,155.5,3,75.44
B_2plus1,2,1,PathSessionA10G4_0,450.0,10.0,954,14991.8,13314.96,1.3588,74.07,891.96,-365.0,1806.11,5198.64,6310.21,534.83,399.23,1392.44,284.4,3.53,868,114,88,397,0,458,3,2,1,86,155.5,3,75.44
B_2plus1,2,1,PathSessionA10G4_0,600.0,10.0,954,14991.8,13314.96,1.3588,74.07,891.96,-365.0,1806.11,5198.64,6310.21,534.83,399.23,1392.44,284.4,3.53,868,114,88,397,0,458,3,2,1,86,155.5,3,75.44
B_2plus1,2,1,PathSessionA10G4_0,9999.0,10.0,954,14991.8,13314.96,1.3588,74.07,891.96,-365.0,1806.11,5198.64,6310.21,534.83,399.23,1392.44,284.4,3.53,868,114,88,397,0,458,3,2,1,86,155.5,3,75.44
B_2plus1,2,1,PathSessionA10G6_0,300.0,10.0,942,14989.05,13328.58,1.3616,74.07,863.76,-365.0,1767.4,5275.66,6285.52,548.46,427.26,1376.71,283.76,4.23,868,102,73,424,0,458,3,2,1,78,155.5,3,76.47
B_2plus1,2,1,PathSessionA10G6_0,450.0,10.0,942,14989.05,13328.58,1.3616,74.07,863.76,-365.0,1767.4,5275.66,6285.52,548.46,427.26,1376.71,283.76,4.23,868,102,73,424,0,458,3,2,1,78,155.5,3,76.47
B_2plus1,2,1,PathSessionA10G6_0,600.0,10.0,942,14989.05,13328.58,1.3616,74.07,863.76,-365.0,1767.4,5275.66,6285.52,548.46,427.26,1376.71,283.76,4.23,868,102,73,424,0,458,3,2,1,78,155.5,3,76.47
B_2plus1,2,1,PathSessionA10G6_0,9999.0,10.0,942,14989.05,13328.58,1.3616,74.07,863.76,-365.0,1767.4,5275.66,6285.52,548.46,427.26,1376.71,283.76,4.23,868,102,73,424,0,458,3,2,1,78,155.5,3,76.47
B_2plus1,2,1,PathSessionA20G0_0,300.0,10.0,1093,15933.79,14002.82,1.3522,81.48,761.18,-530.56,1749.07,5447.9,6805.85,1481.51,1175.51,1627.82,303.15,4.61,865,257,194,147,0,458,7,2,1,198,155.5,3,77.04
B_2plus1,2,1,PathSessionA20G0_0,450.0,10.0,1093,15933.79,14002.82,1.3522,81.48,761.18,-530.56,1749.07,5447.9,6805.85,1481.51,1175.51,1627.82,303.15,4.61,865,257,194,147,0,458,7,2,1,198,155.5,3,77.04
B_2plus1,2,1,PathSessionA20G0_0,600.0,10.0,1093,15933.79,14002.82,1.3522,81.48,761.18,-530.56,1749.07,5447.9,6805.85,1481.51,1175.51,1627.82,303.15,4.61,865,257,194,147,0,458,7,2,1,198,155.5,3,77.04
B_2plus1,2,1,PathSessionA20G0_0,9999.0,10.0,1093,15933.79,14002.82,1.3522,81.48,761.18,-530.56,1749.07,5447.9,6805.85,1481.51,1175.51,1627.82,303.15,4.61,865,257,194,147,0,458,7,2,1,198,155.5,3,77.04
B_2plus1,2,1,PathSessionA20G1_0,300.0,10.0,1080,15531.06,13612.12,1.3419,77.78,783.99,-530.56,1514.97,5436.21,6660.94,1090.8,800.4,1615.79,303.15,3.31,865,244,188,166,0,458,7,2,1,188,155.5,3,77.05
B_2plus1,2,1,PathSessionA20G1_0,450.0,10.0,1080,15531.06,13612.12,1.3419,77.78,783.99,-530.56,1514.97,5436.21,6660.94,1090.8,800.4,1615.79,303.15,3.31,865,244,188,166,0,458,7,2,1,188,155.5,3,77.05
B_2plus1,2,1,PathSessionA20G1_0,600.0,10.0,1080,15531.06,13612.12,1.3419,77.78,783.99,-530.56,1514.97,5436.21,6660.94,1090.8,800.4,1615.79,303.15,3.31,865,244,188,166,0,458,7,2,1,188,155.5,3,77.05
B_2plus1,2,1,PathSessionA20G1_0,9999.0,10.0,1080,15531.06,13612.12,1.3419,77.78,783.99,-530.56,1514.97,5436.21,6660.94,1090.8,800.4,1615.79,303.15,3.31,865,244,188,166,0,458,7,2,1,188,155.5,3,77.05
B_2plus1,2,1,PathSessionA20G2_0,300.0,10.0,1044,15496.89,13639.72,1.3504,77.78,900.09,-447.87,1612.91,5418.27,6608.54,1008.76,762.76,1558.22,298.95,3.72,866,207,158,234,0,458,5,2,1,163,155.5,3,78.74
B_2plus1,2,1,PathSessionA20G2_0,450.0,10.0,1044,15496.89,13639.72,1.3504,77.78,900.09,-447.87,1612.91,5418.27,6608.54,1008.76,762.76,1558.22,298.95,3.72,866,207,158,234,0,458,5,2,1,163,155.5,3,78.74
B_2plus1,2,1,PathSessionA20G2_0,600.0,10.0,1044,15496.89,13639.72,1.3504,77.78,900.09,-447.87,1612.91,5418.27,6608.54,1008.76,762.76,1558.22,298.95,3.72,866,207,158,234,0,458,5,2,1,163,155.5,3,78.74
B_2plus1,2,1,PathSessionA20G2_0,9999.0,10.0,1044,15496.89,13639.72,1.3504,77.78,900.09,-447.87,1612.91,5418.27,6608.54,1008.76,762.76,1558.22,298.95,3.72,866,207,158,234,0,458,5,2,1,163,155.5,3,78.74
B_2plus1,2,1,PathSessionA20G4_0,300.0,10.0,948,14926.55,13248.24,1.3572,74.07,891.96,-365.0,1764.08,5198.64,6285.52,468.11,339.71,1393.58,284.73,3.17,868,108,77,414,0,458,3,2,1,82,155.5,3,75.93
B_2plus1,2,1,PathSessionA20G4_0,450.0,10.0,948,14926.55,13248.24,1.3572,74.07,891.96,-365.0,1764.08,5198.64,6285.52,468.11,339.71,1393.58,284.73,3.17,868,108,77,414,0,458,3,2,1,82,155.5,3,75.93
B_2plus1,2,1,PathSessionA20G4_0,600.0,10.0,948,14926.55,13248.24,1.3572,74.07,891.96,-365.0,1764.08,5198.64,6285.52,468.11,339.71,1393.58,284.73,3.17,868,108,77,414,0,458,3,2,1,82,155.5,3,75.93
B_2plus1,2,1,PathSessionA20G4_0,9999.0,10.0,948,14926.55,13248.24,1.3572,74.07,891.96,-365.0,1764.08,5198.64,6285.52,468.11,339.71,1393.58,284.73,3.17,868,108,77,414,0,458,3,2,1,82,155.5,3,75.93
B_2plus1,2,1,PathSessionA20G6_0,300.0,10.0,919,14768.05,13162.38,1.3611,74.07,863.76,-358.41,1803.62,5218.5,6140.26,382.26,288.66,1325.14,280.52,3.7,868,79,66,454,0,458,3,2,1,62,155.5,3,78.48
B_2plus1,2,1,PathSessionA20G6_0,450.0,10.0,919,14768.05,13162.38,1.3611,74.07,863.76,-358.41,1803.62,5218.5,6140.26,382.26,288.66,1325.14,280.52,3.7,868,79,66,454,0,458,3,2,1,62,155.5,3,78.48
B_2plus1,2,1,PathSessionA20G6_0,600.0,10.0,919,14768.05,13162.38,1.3611,74.07,863.76,-358.41,1803.62,5218.5,6140.26,382.26,288.66,1325.14,280.52,3.7,868,79,66,454,0,458,3,2,1,62,155.5,3,78.48
B_2plus1,2,1,PathSessionA20G6_0,9999.0,10.0,919,14768.05,13162.38,1.3611,74.07,863.76,-358.41,1803.62,5218.5,6140.26,382.26,288.66,1325.14,280.52,3.7,868,79,66,454,0,458,3,2,1,62,155.5,3,78.48
B_2plus1,2,1,PathSessionA50G0_0,300.0,10.0,1106,16148.74,14233.41,1.3581,81.48,726.1,-468.12,1888.37,5447.9,6897.14,1650.1,1327.3,1613.15,302.18,4.93,864,271,204,122,0,458,9,2,1,208,155.5,3,76.75
B_2plus1,2,1,PathSessionA50G0_0,450.0,10.0,1106,16148.74,14233.41,1.3581,81.48,726.1,-468.12,1888.37,5447.9,6897.14,1650.1,1327.3,1613.15,302.18,4.93,864,271,204,122,0,458,9,2,1,208,155.5,3,76.75
B_2plus1,2,1,PathSessionA50G0_0,600.0,10.0,1106,16148.74,14233.41,1.3581,81.48,726.1,-468.12,1888.37,5447.9,6897.14,1650.1,1327.3,1613.15,302.18,4.93,864,271,204,122,0,458,9,2,1,208,155.5,3,76.75
B_2plus1,2,1,PathSessionA50G0_0,9999.0,10.0,1106,16148.74,14233.41,1.3581,81.48,726.1,-468.12,1888.37,5447.9,6897.14,1650.1,1327.3,1613.15,302.18,4.93,864,271,204,122,0,458,9,2,1,208,155.5,3,76.75
B_2plus1,2,1,PathSessionA50G1_0,300.0,10.0,1077,15711.78,13800.89,1.3488,81.48,761.18,-530.56,1793.19,5338.35,6669.35,1279.58,992.78,1609.03,301.85,4.15,865,241,181,176,0,458,7,2,1,185,155.5,3,76.76
B_2plus1,2,1,PathSessionA50G1_0,450.0,10.0,1077,15711.78,13800.89,1.3488,81.48,761.18,-530.56,1793.19,5338.35,6669.35,1279.58,992.78,1609.03,301.85,4.15,865,241,181,176,0,458,7,2,1,185,155.5,3,76.76
B_2plus1,2,1,PathSessionA50G1_0,600.0,10.0,1077,15711.78,13800.89,1.3488,81.48,761.18,-530.56,1793.19,5338.35,6669.35,1279.58,992.78,1609.03,301.85,4.15,865,241,181,176,0,458,7,2,1,185,155.5,3,76.76
B_2plus1,2,1,PathSessionA50G1_0,9999.0,10.0,1077,15711.78,13800.89,1.3488,81.48,761.18,-530.56,1793.19,5338.35,6669.35,1279.58,992.78,1609.03,301.85,4.15,865,241,181,176,0,458,7,2,1,185,155.5,3,76.76
B_2plus1,2,1,PathSessionA50G2_0,300.0,10.0,1036,14742.64,12905.98,1.3264,74.07,900.09,-480.35,1426.07,5210.0,6269.91,275.01,38.61,1536.42,300.24,0.2,866,199,148,252,0,458,5,2,1,155,155.5,3,77.89
B_2plus1,2,1,PathSessionA50G2_0,450.0,10.0,1036,14742.64,12905.98,1.3264,74.07,900.09,-480.35,1426.07,5210.0,6269.91,275.01,38.61,1536.42,300.24,0.2,866,199,148,252,0,458,5,2,1,155,155.5,3,77.89
B_2plus1,2,1,PathSessionA50G2_0,600.0,10.0,1036,14742.64,12905.98,1.3264,74.07,900.09,-480.35,1426.07,5210.0,6269.91,275.01,38.61,1536.42,300.24,0.2,866,199,148,252,0,458,5,2,1,155,155.5,3,77.89
B_2plus1,2,1,PathSessionA50G2_0,9999.0,10.0,1036,14742.64,12905.98,1.3264,74.07,900.09,-480.35,1426.07,5210.0,6269.91,275.01,38.61,1536.42,300.24,0.2,866,199,148,252,0,458,5,2,1,155,155.5,3,77.89
B_2plus1,2,1,PathSessionA50G4_0,300.0,10.0,921,14746.79,13136.51,1.3598,74.07,863.76,-358.41,1802.71,5178.39,6155.41,356.38,260.38,1329.75,280.52,3.25,868,81,68,450,0,458,3,2,1,64,155.5,3,79.01
B_2plus1,2,1,PathSessionA50G4_0,450.0,10.0,921,14746.79,13136.51,1.3598,74.07,863.76,-358.41,1802.71,5178.39,6155.41,356.38,260.38,1329.75,280.52,3.25,868,81,68,450,0,458,3,2,1,64,155.5,3,79.01
B_2plus1,2,1,PathSessionA50G4_0,600.0,10.0,921,14746.79,13136.51,1.3598,74.07,863.76,-358.41,1802.71,5178.39,6155.41,356.38,260.38,1329.75,280.52,3.25,868,81,68,450,0,458,3,2,1,64,155.5,3,79.01
B_2plus1,2,1,PathSessionA50G4_0,9999.0,10.0,921,14746.79,13136.51,1.3598,74.07,863.76,-358.41,1802.71,5178.39,6155.41,356.38,260.38,1329.75,280.52,3.25,868,81,68,450,0,458,3,2,1,64,155.5,3,79.01
B_2plus1,2,1,PathSessionA50G6_0,300.0,10.0,883,14642.5,13136.25,1.3694,74.07,863.76,-358.41,1807.43,5179.83,6148.98,356.13,305.73,1236.71,269.54,7.28,868,43,33,526,0,458,0,2,1,33,155.5,3,76.74
B_2plus1,2,1,PathSessionA50G6_0,450.0,10.0,883,14642.5,13136.25,1.3694,74.07,863.76,-358.41,1807.43,5179.83,6148.98,356.13,305.73,1236.71,269.54,7.28,868,43,33,526,0,458,0,2,1,33,155.5,3,76.74
B_2plus1,2,1,PathSessionA50G6_0,600.0,10.0,883,14642.5,13136.25,1.3694,74.07,863.76,-358.41,1807.43,5179.83,6148.98,356.13,305.73,1236.71,269.54,7.28,868,43,33,526,0,458,0,2,1,33,155.5,3,76.74
B_2plus1,2,1,PathSessionA50G6_0,9999.0,10.0,883,14642.5,13136.25,1.3694,74.07,863.76,-358.41,1807.43,5179.83,6148.98,356.13,305.73,1236.71,269.54,7.28,868,43,33,526,0,458,0,2,1,33,155.5,3,76.74
B_2plus1,2,1,PathQualityA10G0_0,300.0,10.0,1055,15474.5,13562.67,1.3426,74.07,877.92,-474.99,1801.46,5315.52,6445.69,727.86,468.66,1612.24,299.59,2.17,866,218,166,214,0,458,6,2,1,172,155.5,3,78.9
B_2plus1,2,1,PathQualityA10G0_0,450.0,10.0,1055,15474.5,13562.67,1.3426,74.07,877.92,-474.99,1801.46,5315.52,6445.69,727.86,468.66,1612.24,299.59,2.17,866,218,166,214,0,458,6,2,1,172,155.5,3,78.9
B_2plus1,2,1,PathQualityA10G0_0,600.0,10.0,1055,15474.5,13562.67,1.3426,74.07,877.92,-474.99,1801.46,5315.52,6445.69,727.86,468.66,1612.24,299.59,2.17,866,218,166,214,0,458,6,2,1,172,155.5,3,78.9
B_2plus1,2,1,PathQualityA10G0_0,9999.0,10.0,1055,15474.5,13562.67,1.3426,74.07,877.92,-474.99,1801.46,5315.52,6445.69,727.86,468.66,1612.24,299.59,2.17,866,218,166,214,0,458,6,2,1,172,155.5,3,78.9
B_2plus1,2,1,PathQualityA10G1_0,300.0,10.0,1020,15078.02,13209.97,1.3372,74.07,875.81,-435.46,1659.75,5104.52,6445.69,437.16,221.16,1572.66,295.39,1.23,867,182,137,280,0,458,4,2,1,143,155.5,3,78.57
B_2plus1,2,1,PathQualityA10G1_0,450.0,10.0,1020,15078.02,13209.97,1.3372,74.07,875.81,-435.46,1659.75,5104.52,6445.69,437.16,221.16,1572.66,295.39,1.23,867,182,137,280,0,458,4,2,1,143,155.5,3,78.57
B_2plus1,2,1,PathQualityA10G1_0,600.0,10.0,1020,15078.02,13209.97,1.3372,74.07,875.81,-435.46,1659.75,5104.52,6445.69,437.16,221.16,1572.66,295.39,1.23,867,182,137,280,0,458,4,2,1,143,155.5,3,78.57
B_2plus1,2,1,PathQualityA10G1_0,9999.0,10.0,1020,15078.02,13209.97,1.3372,74.07,875.81,-435.46,1659.75,5104.52,6445.69,437.16,221.16,1572.66,295.39,1.23,867,182,137,280,0,458,4,2,1,143,155.5,3,78.57
B_2plus1,2,1,PathQualityA10G2_0,300.0,10.0,1005,14977.75,13139.89,1.3379,74.07,868.97,-435.46,1527.19,5078.6,6534.11,367.09,169.09,1544.73,293.13,1.02,867,167,121,311,0,458,4,2,1,130,155.5,3,77.84
B_2plus1,2,1,PathQualityA10G2_0,450.0,10.0,1005,14977.75,13139.89,1.3379,74.07,868.97,-435.46,1527.19,5078.6,6534.11,367.09,169.09,1544.73,293.13,1.02,867,167,121,311,0,458,4,2,1,130,155.5,3,77.84
B_2plus1,2,1,PathQualityA10G2_0,600.0,10.0,1005,14977.75,13139.89,1.3379,74.07,868.97,-435.46,1527.19,5078.6,6534.11,367.09,169.09,1544.73,293.13,1.02,867,167,121,311,0,458,4,2,1,130,155.5,3,77.84
B_2plus1,2,1,PathQualityA10G2_0,9999.0,10.0,1005,14977.75,13139.89,1.3379,74.07,868.97,-435.46,1527.19,5078.6,6534.11,367.09,169.09,1544.73,293.13,1.02,867,167,121,311,0,458,4,2,1,130,155.5,3,77.84
B_2plus1,2,1,PathQualityA10G4_0,300.0,10.0,939,15454.51,13746.19,1.3748,74.07,863.76,-365.0,1856.07,5361.19,6528.92,966.06,848.46,1424.56,283.76,8.66,868,100,95,404,0,458,3,2,1,82,155.5,3,82.0
B_2plus1,2,1,PathQualityA10G4_0,450.0,10.0,939,15454.51,13746.19,1.3748,74.07,863.76,-365.0,1856.07,5361.19,6528.92,966.06,848.46,1424.56,283.76,8.66,868,100,95,404,0,458,3,2,1,82,155.5,3,82.0
B_2plus1,2,1,PathQualityA10G4_0,600.0,10.0,939,15454.51,13746.19,1.3748,74.07,863.76,-365.0,1856.07,5361.19,6528.92,966.06,848.46,1424.56,283.76,8.66,868,100,95,404,0,458,3,2,1,82,155.5,3,82.0
B_2plus1,2,1,PathQualityA10G4_0,9999.0,10.0,939,15454.51,13746.19,1.3748,74.07,863.76,-365.0,1856.07,5361.19,6528.92,966.06,848.46,1424.56,283.76,8.66,868,100,95,404,0,458,3,2,1,82,155.5,3,82.0
B_2plus1,2,1,PathQualityA10G6_0,300.0,10.0,922,15460.23,13763.59,1.3791,74.07,863.76,-365.0,1876.26,5262.02,6625.31,983.46,886.26,1415.79,280.85,10.94,868,83,86,430,0,458,3,2,1,69,155.5,3,83.13
B_2plus1,2,1,PathQualityA10G6_0,450.0,10.0,922,15460.23,13763.59,1.3791,74.07,863.76,-365.0,1876.26,5262.02,6625.31,983.46,886.26,1415.79,280.85,10.94,868,83,86,430,0,458,3,2,1,69,155.5,3,83.13
B_2plus1,2,1,PathQualityA10G6_0,600.0,10.0,922,15460.23,13763.59,1.3791,74.07,863.76,-365.0,1876.26,5262.02,6625.31,983.46,886.26,1415.79,280.85,10.94,868,83,86,430,0,458,3,2,1,69,155.5,3,83.13
B_2plus1,2,1,PathQualityA10G6_0,9999.0,10.0,922,15460.23,13763.59,1.3791,74.07,863.76,-365.0,1876.26,5262.02,6625.31,983.46,886.26,1415.79,280.85,10.94,868,83,86,430,0,458,3,2,1,69,155.5,3,83.13
B_2plus1,2,1,PathQualityA20G0_0,300.0,10.0,1059,15601.48,13705.14,1.3469,74.07,906.26,-435.3,1966.34,5315.52,6423.28,870.34,606.34,1597.39,298.95,2.76,866,222,169,207,0,458,6,2,1,175,155.5,3,78.83
B_2plus1,2,1,PathQualityA20G0_0,450.0,10.0,1059,15601.48,13705.14,1.3469,74.07,906.26,-435.3,1966.34,5315.52,6423.28,870.34,606.34,1597.39,298.95,2.76,866,222,169,207,0,458,6,2,1,175,155.5,3,78.83
B_2plus1,2,1,PathQualityA20G0_0,600.0,10.0,1059,15601.48,13705.14,1.3469,74.07,906.26,-435.3,1966.34,5315.52,6423.28,870.34,606.34,1597.39,298.95,2.76,866,222,169,207,0,458,6,2,1,175,155.5,3,78.83
B_2plus1,2,1,PathQualityA20G0_0,9999.0,10.0,1059,15601.48,13705.14,1.3469,74.07,906.26,-435.3,1966.34,5315.52,6423.28,870.34,606.34,1597.39,298.95,2.76,866,222,169,207,0,458,6,2,1,175,155.5,3,78.83
B_2plus1,2,1,PathQualityA20G1_0,300.0,10.0,1025,15184.02,13310.53,1.3403,74.07,877.92,-453.56,1760.31,5104.52,6445.69,537.72,315.72,1578.1,295.39,1.71,867,187,141,271,0,458,4,2,1,148,155.5,3,79.14
B_2plus1,2,1,PathQualityA20G1_0,450.0,10.0,1025,15184.02,13310.53,1.3403,74.07,877.92,-453.56,1760.31,5104.52,6445.69,537.72,315.72,1578.1,295.39,1.71,867,187,141,271,0,458,4,2,1,148,155.5,3,79.14
B_2plus1,2,1,PathQualityA20G1_0,600.0,10.0,1025,15184.02,13310.53,1.3403,74.07,877.92,-453.56,1760.31,5104.52,6445.69,537.72,315.72,1578.1,295.39,1.71,867,187,141,271,0,458,4,2,1,148,155.5,3,79.14
B_2plus1,2,1,PathQualityA20G1_0,9999.0,10.0,1025,15184.02,13310.53,1.3403,74.07,877.92,-453.56,1760.31,5104.52,6445.69,537.72,315.72,1578.1,295.39,1.71,867,187,141,271,0,458,4,2,1,148,155.5,3,79.14
B_2plus1,2,1,PathQualityA20G2_0,300.0,10.0,1000,15166.77,13346.33,1.3471,74.07,868.97,-435.46,1527.19,5234.62,6584.51,573.52,381.52,1528.6,291.84,2.38,867,162,121,316,0,458,4,2,1,127,155.5,3,78.4
B_2plus1,2,1,PathQualityA20G2_0,450.0,10.0,1000,15166.77,13346.33,1.3471,74.07,868.97,-435.46,1527.19,5234.62,6584.51,573.52,381.52,1528.6,291.84,2.38,867,162,121,316,0,458,4,2,1,127,155.5,3,78.4
B_2plus1,2,1,PathQualityA20G2_0,600.0,10.0,1000,15166.77,13346.33,1.3471,74.07,868.97,-435.46,1527.19,5234.62,6584.51,573.52,381.52,1528.6,291.84,2.38,867,162,121,316,0,458,4,2,1,127,155.5,3,78.4
B_2plus1,2,1,PathQualityA20G2_0,9999.0,10.0,1000,15166.77,13346.33,1.3471,74.07,868.97,-435.46,1527.19,5234.62,6584.51,573.52,381.52,1528.6,291.84,2.38,867,162,121,316,0,458,4,2,1,127,155.5,3,78.4
B_2plus1,2,1,PathQualityA20G4_0,300.0,10.0,931,15341.23,13645.39,1.373,74.07,863.76,-365.0,1856.07,5237.57,6551.75,865.27,757.27,1413.37,282.46,8.41,868,92,92,415,0,458,3,2,1,76,155.5,3,82.61
B_2plus1,2,1,PathQualityA20G4_0,450.0,10.0,931,15341.23,13645.39,1.373,74.07,863.76,-365.0,1856.07,5237.57,6551.75,865.27,757.27,1413.37,282.46,8.41,868,92,92,415,0,458,3,2,1,76,155.5,3,82.61
B_2plus1,2,1,PathQualityA20G4_0,600.0,10.0,931,15341.23,13645.39,1.373,74.07,863.76,-365.0,1856.07,5237.57,6551.75,865.27,757.27,1413.37,282.46,8.41,868,92,92,415,0,458,3,2,1,76,155.5,3,82.61
B_2plus1,2,1,PathQualityA20G4_0,9999.0,10.0,931,15341.23,13645.39,1.373,74.07,863.76,-365.0,1856.07,5237.57,6551.75,865.27,757.27,1413.37,282.46,8.41,868,92,92,415,0,458,3,2,1,76,155.5,3,82.61
B_2plus1,2,1,PathQualityA20G6_0,300.0,10.0,906,15329.51,13669.42,1.3795,74.07,863.76,-318.37,1849.44,5262.02,6557.96,889.3,811.3,1381.18,278.91,12.48,868,67,67,465,0,458,3,2,1,54,155.5,3,80.6
B_2plus1,2,1,PathQualityA20G6_0,450.0,10.0,906,15329.51,13669.42,1.3795,74.07,863.76,-318.37,1849.44,5262.02,6557.96,889.3,811.3,1381.18,278.91,12.48,868,67,67,465,0,458,3,2,1,54,155.5,3,80.6
B_2plus1,2,1,PathQualityA20G6_0,600.0,10.0,906,15329.51,13669.42,1.3795,74.07,863.76,-318.37,1849.44,5262.02,6557.96,889.3,811.3,1381.18,278.91,12.48,868,67,67,465,0,458,3,2,1,54,155.5,3,80.6
B_2plus1,2,1,PathQualityA20G6_0,9999.0,10.0,906,15329.51,13669.42,1.3795,74.07,863.76,-318.37,1849.44,5262.02,6557.96,889.3,811.3,1381.18,278.91,12.48,868,67,67,465,0,458,3,2,1,54,155.5,3,80.6
B_2plus1,2,1,PathQualityA50G0_0,300.0,10.0,1079,15219.51,13305.7,1.3311,70.37,929.57,-462.0,1908.94,4967.88,6428.88,986.05,693.25,1611.63,302.18,2.84,862,246,179,168,0,458,15,2,1,197,155.5,3,80.08
B_2plus1,2,1,PathQualityA50G0_0,450.0,10.0,1079,15219.51,13305.7,1.3311,70.37,929.57,-462.0,1908.94,4967.88,6428.88,986.05,693.25,1611.63,302.18,2.84,862,246,179,168,0,458,15,2,1,197,155.5,3,80.08
B_2plus1,2,1,PathQualityA50G0_0,600.0,10.0,1079,15219.51,13305.7,1.3311,70.37,929.57,-462.0,1908.94,4967.88,6428.88,986.05,693.25,1611.63,302.18,2.84,862,246,179,168,0,458,15,2,1,197,155.5,3,80.08
B_2plus1,2,1,PathQualityA50G0_0,9999.0,10.0,1079,15219.51,13305.7,1.3311,70.37,929.57,-462.0,1908.94,4967.88,6428.88,986.05,693.25,1611.63,302.18,2.84,862,246,179,168,0,458,15,2,1,197,155.5,3,80.08
B_2plus1,2,1,PathQualityA50G1_0,300.0,10.0,1030,15300.98,13466.84,1.3452,74.07,906.26,-423.75,1949.78,5071.38,6445.69,632.04,402.84,1540.03,294.1,2.11,866,193,146,259,0,458,6,2,1,153,155.5,3,79.27
B_2plus1,2,1,PathQualityA50G1_0,450.0,10.0,1030,15300.98,13466.84,1.3452,74.07,906.26,-423.75,1949.78,5071.38,6445.69,632.04,402.84,1540.03,294.1,2.11,866,193,146,259,0,458,6,2,1,153,155.5,3,79.27
B_2plus1,2,1,PathQualityA50G1_0,600.0,10.0,1030,15300.98,13466.84,1.3452,74.07,906.26,-423.75,1949.78,5071.38,6445.69,632.04,402.84,1540.03,294.1,2.11,866,193,146,259,0,458,6,2,1,153,155.5,3,79.27
B_2plus1,2,1,PathQualityA50G1_0,9999.0,10.0,1030,15300.98,13466.84,1.3452,74.07,906.26,-423.75,1949.78,5071.38,6445.69,632.04,402.84,1540.03,294.1,2.11,866,193,146,259,0,458,6,2,1,153,155.5,3,79.27
B_2plus1,2,1,PathQualityA50G2_0,300.0,10.0,976,15055.77,13284.87,1.3508,74.07,868.97,-435.46,1527.19,5290.1,6467.58,512.06,348.86,1482.29,288.6,2.57,867,138,106,355,0,458,4,2,1,107,155.5,3,77.54
B_2plus1,2,1,PathQualityA50G2_0,450.0,10.0,976,15055.77,13284.87,1.3508,74.07,868.97,-435.46,1527.19,5290.1,6467.58,512.06,348.86,1482.29,288.6,2.57,867,138,106,355,0,458,4,2,1,107,155.5,3,77.54
B_2plus1,2,1,PathQualityA50G2_0,600.0,10.0,976,15055.77,13284.87,1.3508,74.07,868.97,-435.46,1527.19,5290.1,6467.58,512.06,348.86,1482.29,288.6,2.57,867,138,106,355,0,458,4,2,1,107,155.5,3,77.54
B_2plus1,2,1,PathQualityA50G2_0,9999.0,10.0,976,15055.77,13284.87,1.3508,74.07,868.97,-435.46,1527.19,5290.1,6467.58,512.06,348.86,1482.29,288.6,2.57,867,138,106,355,0,458,4,2,1,107,155.5,3,77.54
B_2plus1,2,1,PathQualityA50G4_0,300.0,10.0,913,15205.5,13516.47,1.3724,74.07,863.76,-337.39,1857.82,5262.02,6396.63,736.35,649.95,1408.5,280.52,9.03,868,74,78,447,0,458,3,2,1,61,155.5,3,82.43
B_2plus1,2,1,PathQualityA50G4_0,450.0,10.0,913,15205.5,13516.47,1.3724,74.07,863.76,-337.39,1857.82,5262.02,6396.63,736.35,649.95,1408.5,280.52,9.03,868,74,78,447,0,458,3,2,1,61,155.5,3,82.43
B_2plus1,2,1,PathQualityA50G4_0,600.0,10.0,913,15205.5,13516.47,1.3724,74.07,863.76,-337.39,1857.82,5262.02,6396.63,736.35,649.95,1408.5,280.52,9.03,868,74,78,447,0,458,3,2,1,61,155.5,3,82.43
B_2plus1,2,1,PathQualityA50G4_0,9999.0,10.0,913,15205.5,13516.47,1.3724,74.07,863.76,-337.39,1857.82,5262.02,6396.63,736.35,649.95,1408.5,280.52,9.03,868,74,78,447,0,458,3,2,1,61,155.5,3,82.43
B_2plus1,2,1,PathQualityA50G6_0,300.0,10.0,897,14999.75,13350.86,1.3698,74.07,863.76,-313.11,1902.66,5124.6,6323.59,570.74,503.54,1371.59,277.29,8.99,868,58,60,484,0,458,0,2,1,46,155.5,3,79.31
B_2plus1,2,1,PathQualityA50G6_0,450.0,10.0,897,14999.75,13350.86,1.3698,74.07,863.76,-313.11,1902.66,5124.6,6323.59,570.74,503.54,1371.59,277.29,8.99,868,58,60,484,0,458,0,2,1,46,155.5,3,79.31
B_2plus1,2,1,PathQualityA50G6_0,600.0,10.0,897,14999.75,13350.86,1.3698,74.07,863.76,-313.11,1902.66,5124.6,6323.59,570.74,503.54,1371.59,277.29,8.99,868,58,60,484,0,458,0,2,1,46,155.5,3,79.31
B_2plus1,2,1,PathQualityA50G6_0,9999.0,10.0,897,14999.75,13350.86,1.3698,74.07,863.76,-313.11,1902.66,5124.6,6323.59,570.74,503.54,1371.59,277.29,8.99,868,58,60,484,0,458,0,2,1,46,155.5,3,79.31
B_2plus1,2,1,PathRiskA10G0_0,300.0,10.0,995,15036.54,13356.4,1.3493,74.07,930.91,-454.5,1588.11,5368.82,6399.47,576.27,391.47,1389.92,290.22,2.54,868,155,113,332,0,458,2,2,1,127,155.5,3,81.94
B_2plus1,2,1,PathRiskA10G0_0,450.0,10.0,995,15036.54,13356.4,1.3493,74.07,930.91,-454.5,1588.11,5368.82,6399.47,576.27,391.47,1389.92,290.22,2.54,868,155,113,332,0,458,2,2,1,127,155.5,3,81.94
B_2plus1,2,1,PathRiskA10G0_0,600.0,10.0,995,15036.54,13356.4,1.3493,74.07,930.91,-454.5,1588.11,5368.82,6399.47,576.27,391.47,1389.92,290.22,2.54,868,155,113,332,0,458,2,2,1,127,155.5,3,81.94
B_2plus1,2,1,PathRiskA10G0_0,9999.0,10.0,995,15036.54,13356.4,1.3493,74.07,930.91,-454.5,1588.11,5368.82,6399.47,576.27,391.47,1389.92,290.22,2.54,868,155,113,332,0,458,2,2,1,127,155.5,3,81.94
B_2plus1,2,1,PathRiskA10G1_0,300.0,10.0,981,14886.54,13253.81,1.3488,74.07,920.81,-454.5,1671.08,5311.01,6271.72,473.69,305.69,1345.74,286.99,2.18,868,141,104,355,0,458,2,2,1,117,155.5,3,82.98
B_2plus1,2,1,PathRiskA10G1_0,450.0,10.0,981,14886.54,13253.81,1.3488,74.07,920.81,-454.5,1671.08,5311.01,6271.72,473.69,305.69,1345.74,286.99,2.18,868,141,104,355,0,458,2,2,1,117,155.5,3,82.98
B_2plus1,2,1,PathRiskA10G1_0,600.0,10.0,981,14886.54,13253.81,1.3488,74.07,920.81,-454.5,1671.08,5311.01,6271.72,473.69,305.69,1345.74,286.99,2.18,868,141,104,355,0,458,2,2,1,117,155.5,3,82.98
B_2plus1,2,1,PathRiskA10G1_0,9999.0,10.0,981,14886.54,13253.81,1.3488,74.07,920.81,-454.5,1671.08,5311.01,6271.72,473.69,305.69,1345.74,286.99,2.18,868,141,104,355,0,458,2,2,1,117,155.5,3,82.98
B_2plus1,2,1,PathRiskA10G2_0,300.0,10.0,961,15045.71,13449.32,1.3594,74.07,859.04,-454.5,1922.0,5146.14,6381.18,669.19,525.19,1309.72,286.66,4.38,868,121,95,384,0,458,2,2,1,101,155.5,3,83.47
B_2plus1,2,1,PathRiskA10G2_0,450.0,10.0,961,15045.71,13449.32,1.3594,74.07,859.04,-454.5,1922.0,5146.14,6381.18,669.19,525.19,1309.72,286.66,4.38,868,121,95,384,0,458,2,2,1,101,155.5,3,83.47
B_2plus1,2,1,PathRiskA10G2_0,600.0,10.0,961,15045.71,13449.32,1.3594,74.07,859.04,-454.5,1922.0,5146.14,6381.18,669.19,525.19,1309.72,286.66,4.38,868,121,95,384,0,458,2,2,1,101,155.5,3,83.47
B_2plus1,2,1,PathRiskA10G2_0,9999.0,10.0,961,15045.71,13449.32,1.3594,74.07,859.04,-454.5,1922.0,5146.14,6381.18,669.19,525.19,1309.72,286.66,4.38,868,121,95,384,0,458,2,2,1,101,155.5,3,83.47
B_2plus1,2,1,PathRiskA10G4_0,300.0,10.0,946,15045.25,13476.54,1.3634,74.07,856.94,-454.5,1868.5,5180.42,6427.63,696.42,570.42,1284.62,284.08,5.43,868,106,84,410,0,458,2,2,1,92,155.5,3,86.79
B_2plus1,2,1,PathRiskA10G4_0,450.0,10.0,946,15045.25,13476.54,1.3634,74.07,856.94,-454.5,1868.5,5180.42,6427.63,696.42,570.42,1284.62,284.08,5.43,868,106,84,410,0,458,2,2,1,92,155.5,3,86.79
B_2plus1,2,1,PathRiskA10G4_0,600.0,10.0,946,15045.25,13476.54,1.3634,74.07,856.94,-454.5,1868.5,5180.42,6427.63,696.42,570.42,1284.62,284.08,5.43,868,106,84,410,0,458,2,2,1,92,155.5,3,86.79
B_2plus1,2,1,PathRiskA10G4_0,9999.0,10.0,946,15045.25,13476.54,1.3634,74.07,856.94,-454.5,1868.5,5180.42,6427.63,696.42,570.42,1284.62,284.08,5.43,868,106,84,410,0,458,2,2,1,92,155.5,3,86.79
B_2plus1,2,1,PathRiskA10G6_0,300.0,10.0,915,14913.77,13409.52,1.3689,74.07,856.94,-402.61,1908.76,5189.73,6311.03,629.4,540.6,1226.31,277.94,7.31,868,75,64,463,0,458,0,2,1,67,155.5,3,89.33
B_2plus1,2,1,PathRiskA10G6_0,450.0,10.0,915,14913.77,13409.52,1.3689,74.07,856.94,-402.61,1908.76,5189.73,6311.03,629.4,540.6,1226.31,277.94,7.31,868,75,64,463,0,458,0,2,1,67,155.5,3,89.33
B_2plus1,2,1,PathRiskA10G6_0,600.0,10.0,915,14913.77,13409.52,1.3689,74.07,856.94,-402.61,1908.76,5189.73,6311.03,629.4,540.6,1226.31,277.94,7.31,868,75,64,463,0,458,0,2,1,67,155.5,3,89.33
B_2plus1,2,1,PathRiskA10G6_0,9999.0,10.0,915,14913.77,13409.52,1.3689,74.07,856.94,-402.61,1908.76,5189.73,6311.03,629.4,540.6,1226.31,277.94,7.31,868,75,64,463,0,458,0,2,1,67,155.5,3,89.33
B_2plus1,2,1,PathRiskA20G0_0,300.0,10.0,1023,15097.98,13384.09,1.3459,74.07,930.91,-377.88,1663.27,5196.45,6524.38,611.29,391.69,1423.99,289.9,2.14,867,184,126,290,0,458,3,2,1,152,155.5,3,82.61
B_2plus1,2,1,PathRiskA20G0_0,450.0,10.0,1023,15097.98,13384.09,1.3459,74.07,930.91,-377.88,1663.27,5196.45,6524.38,611.29,391.69,1423.99,289.9,2.14,867,184,126,290,0,458,3,2,1,152,155.5,3,82.61
B_2plus1,2,1,PathRiskA20G0_0,600.0,10.0,1023,15097.98,13384.09,1.3459,74.07,930.91,-377.88,1663.27,5196.45,6524.38,611.29,391.69,1423.99,289.9,2.14,867,184,126,290,0,458,3,2,1,152,155.5,3,82.61
B_2plus1,2,1,PathRiskA20G0_0,9999.0,10.0,1023,15097.98,13384.09,1.3459,74.07,930.91,-377.88,1663.27,5196.45,6524.38,611.29,391.69,1423.99,289.9,2.14,867,184,126,290,0,458,3,2,1,152,155.5,3,82.61
B_2plus1,2,1,PathRiskA20G1_0,300.0,10.0,985,14736.28,13101.58,1.3427,74.07,930.91,-454.5,1588.11,5241.74,6271.72,321.45,148.65,1347.39,287.31,1.03,868,145,104,351,0,458,2,2,1,121,155.5,3,83.45
B_2plus1,2,1,PathRiskA20G1_0,450.0,10.0,985,14736.28,13101.58,1.3427,74.07,930.91,-454.5,1588.11,5241.74,6271.72,321.45,148.65,1347.39,287.31,1.03,868,145,104,351,0,458,2,2,1,121,155.5,3,83.45
B_2plus1,2,1,PathRiskA20G1_0,600.0,10.0,985,14736.28,13101.58,1.3427,74.07,930.91,-454.5,1588.11,5241.74,6271.72,321.45,148.65,1347.39,287.31,1.03,868,145,104,351,0,458,2,2,1,121,155.5,3,83.45
B_2plus1,2,1,PathRiskA20G1_0,9999.0,10.0,985,14736.28,13101.58,1.3427,74.07,930.91,-454.5,1588.11,5241.74,6271.72,321.45,148.65,1347.39,287.31,1.03,868,145,104,351,0,458,2,2,1,121,155.5,3,83.45
B_2plus1,2,1,PathRiskA20G2_0,300.0,10.0,958,14954.97,13361.3,1.3568,74.07,859.04,-454.5,1922.0,5058.12,6381.18,581.17,440.77,1307.0,286.66,3.77,868,118,95,387,0,458,2,2,1,100,155.5,3,84.75
B_2plus1,2,1,PathRiskA20G2_0,450.0,10.0,958,14954.97,13361.3,1.3568,74.07,859.04,-454.5,1922.0,5058.12,6381.18,581.17,440.77,1307.0,286.66,3.77,868,118,95,387,0,458,2,2,1,100,155.5,3,84.75
B_2plus1,2,1,PathRiskA20G2_0,600.0,10.0,958,14954.97,13361.3,1.3568,74.07,859.04,-454.5,1922.0,5058.12,6381.18,581.17,440.77,1307.0,286.66,3.77,868,118,95,387,0,458,2,2,1,100,155.5,3,84.75
B_2plus1,2,1,PathRiskA20G2_0,9999.0,10.0,958,14954.97,13361.3,1.3568,74.07,859.04,-454.5,1922.0,5058.12,6381.18,581.17,440.77,1307.0,286.66,3.77,868,118,95,387,0,458,2,2,1,100,155.5,3,84.75
B_2plus1,2,1,PathRiskA20G4_0,300.0,10.0,933,14893.27,13344.22,1.362,74.07,856.94,-402.61,1890.4,5179.23,6274.58,564.1,453.7,1266.91,282.14,4.93,868,93,72,435,0,458,2,2,1,82,155.5,3,88.17
B_2plus1,2,1,PathRiskA20G4_0,450.0,10.0,933,14893.27,13344.22,1.362,74.07,856.94,-402.61,1890.4,5179.23,6274.58,564.1,453.7,1266.91,282.14,4.93,868,93,72,435,0,458,2,2,1,82,155.5,3,88.17
B_2plus1,2,1,PathRiskA20G4_0,600.0,10.0,933,14893.27,13344.22,1.362,74.07,856.94,-402.61,1890.4,5179.23,6274.58,564.1,453.7,1266.91,282.14,4.93,868,93,72,435,0,458,2,2,1,82,155.5,3,88.17
B_2plus1,2,1,PathRiskA20G4_0,9999.0,10.0,933,14893.27,13344.22,1.362,74.07,856.94,-402.61,1890.4,5179.23,6274.58,564.1,453.7,1266.91,282.14,4.93,868,93,72,435,0,458,2,2,1,82,155.5,3,88.17
B_2plus1,2,1,PathRiskA20G6_0,300.0,10.0,906,14925.29,13428.2,1.3713,74.07,856.94,-402.61,1867.8,5235.35,6325.06,648.08,570.08,1221.41,275.68,8.77,868,66,51,485,0,458,0,2,1,59,155.5,3,89.39
B_2plus1,2,1,PathRiskA20G6_0,450.0,10.0,906,14925.29,13428.2,1.3713,74.07,856.94,-402.61,1867.8,5235.35,6325.06,648.08,570.08,1221.41,275.68,8.77,868,66,51,485,0,458,0,2,1,59,155.5,3,89.39
B_2plus1,2,1,PathRiskA20G6_0,600.0,10.0,906,14925.29,13428.2,1.3713,74.07,856.94,-402.61,1867.8,5235.35,6325.06,648.08,570.08,1221.41,275.68,8.77,868,66,51,485,0,458,0,2,1,59,155.5,3,89.39
B_2plus1,2,1,PathRiskA20G6_0,9999.0,10.0,906,14925.29,13428.2,1.3713,74.07,856.94,-402.61,1867.8,5235.35,6325.06,648.08,570.08,1221.41,275.68,8.77,868,66,51,485,0,458,0,2,1,59,155.5,3,89.39
B_2plus1,2,1,PathRiskA50G0_0,300.0,10.0,1048,15151.22,13424.62,1.3438,74.07,916.96,-435.11,1838.63,5061.61,6524.38,734.55,482.55,1437.02,289.57,2.3,865,211,143,242,0,458,9,2,1,164,155.5,3,77.73
B_2plus1,2,1,PathRiskA50G0_0,450.0,10.0,1048,15151.22,13424.62,1.3438,74.07,916.96,-435.11,1838.63,5061.61,6524.38,734.55,482.55,1437.02,289.57,2.3,865,211,143,242,0,458,9,2,1,164,155.5,3,77.73
B_2plus1,2,1,PathRiskA50G0_0,600.0,10.0,1048,15151.22,13424.62,1.3438,74.07,916.96,-435.11,1838.63,5061.61,6524.38,734.55,482.55,1437.02,289.57,2.3,865,211,143,242,0,458,9,2,1,164,155.5,3,77.73
B_2plus1,2,1,PathRiskA50G0_0,9999.0,10.0,1048,15151.22,13424.62,1.3438,74.07,916.96,-435.11,1838.63,5061.61,6524.38,734.55,482.55,1437.02,289.57,2.3,865,211,143,242,0,458,9,2,1,164,155.5,3,77.73
B_2plus1,2,1,PathRiskA50G1_0,300.0,10.0,997,14738.5,13076.23,1.3399,74.07,930.91,-454.5,1637.45,5167.05,6271.72,303.42,115.02,1373.67,288.6,0.73,867,158,114,327,0,458,4,2,1,131,155.5,3,82.91
B_2plus1,2,1,PathRiskA50G1_0,450.0,10.0,997,14738.5,13076.23,1.3399,74.07,930.91,-454.5,1637.45,5167.05,6271.72,303.42,115.02,1373.67,288.6,0.73,867,158,114,327,0,458,4,2,1,131,155.5,3,82.91
B_2plus1,2,1,PathRiskA50G1_0,600.0,10.0,997,14738.5,13076.23,1.3399,74.07,930.91,-454.5,1637.45,5167.05,6271.72,303.42,115.02,1373.67,288.6,0.73,867,158,114,327,0,458,4,2,1,131,155.5,3,82.91
B_2plus1,2,1,PathRiskA50G1_0,9999.0,10.0,997,14738.5,13076.23,1.3399,74.07,930.91,-454.5,1637.45,5167.05,6271.72,303.42,115.02,1373.67,288.6,0.73,867,158,114,327,0,458,4,2,1,131,155.5,3,82.91
B_2plus1,2,1,PathRiskA50G2_0,300.0,10.0,953,14849.2,13262.33,1.3546,74.07,859.04,-430.22,1761.94,5126.58,6373.81,482.2,347.8,1301.5,285.37,3.11,868,113,89,398,0,458,2,2,1,97,155.5,3,85.84
B_2plus1,2,1,PathRiskA50G2_0,450.0,10.0,953,14849.2,13262.33,1.3546,74.07,859.04,-430.22,1761.94,5126.58,6373.81,482.2,347.8,1301.5,285.37,3.11,868,113,89,398,0,458,2,2,1,97,155.5,3,85.84
B_2plus1,2,1,PathRiskA50G2_0,600.0,10.0,953,14849.2,13262.33,1.3546,74.07,859.04,-430.22,1761.94,5126.58,6373.81,482.2,347.8,1301.5,285.37,3.11,868,113,89,398,0,458,2,2,1,97,155.5,3,85.84
B_2plus1,2,1,PathRiskA50G2_0,9999.0,10.0,953,14849.2,13262.33,1.3546,74.07,859.04,-430.22,1761.94,5126.58,6373.81,482.2,347.8,1301.5,285.37,3.11,868,113,89,398,0,458,2,2,1,97,155.5,3,85.84
B_2plus1,2,1,PathRiskA50G4_0,300.0,10.0,903,14946.75,13457.13,1.3732,74.07,856.94,-402.61,1849.07,5200.69,6407.37,677.01,602.61,1213.29,276.32,9.72,868,63,53,486,0,458,0,2,1,57,155.5,3,90.48
B_2plus1,2,1,PathRiskA50G4_0,450.0,10.0,903,14946.75,13457.13,1.3732,74.07,856.94,-402.61,1849.07,5200.69,6407.37,677.01,602.61,1213.29,276.32,9.72,868,63,53,486,0,458,0,2,1,57,155.5,3,90.48
B_2plus1,2,1,PathRiskA50G4_0,600.0,10.0,903,14946.75,13457.13,1.3732,74.07,856.94,-402.61,1849.07,5200.69,6407.37,677.01,602.61,1213.29,276.32,9.72,868,63,53,486,0,458,0,2,1,57,155.5,3,90.48
B_2plus1,2,1,PathRiskA50G4_0,9999.0,10.0,903,14946.75,13457.13,1.3732,74.07,856.94,-402.61,1849.07,5200.69,6407.37,677.01,602.61,1213.29,276.32,9.72,868,63,53,486,0,458,0,2,1,57,155.5,3,90.48
B_2plus1,2,1,PathRiskA50G6_0,300.0,10.0,891,14807.75,13343.23,1.372,74.07,856.94,-402.61,1862.47,5293.68,6187.08,563.1,503.1,1191.11,273.41,10.06,868,51,46,505,0,458,0,2,1,45,155.5,3,88.24
B_2plus1,2,1,PathRiskA50G6_0,450.0,10.0,891,14807.75,13343.23,1.372,74.07,856.94,-402.61,1862.47,5293.68,6187.08,563.1,503.1,1191.11,273.41,10.06,868,51,46,505,0,458,0,2,1,45,155.5,3,88.24
B_2plus1,2,1,PathRiskA50G6_0,600.0,10.0,891,14807.75,13343.23,1.372,74.07,856.94,-402.61,1862.47,5293.68,6187.08,563.1,503.1,1191.11,273.41,10.06,868,51,46,505,0,458,0,2,1,45,155.5,3,88.24
B_2plus1,2,1,PathRiskA50G6_0,9999.0,10.0,891,14807.75,13343.23,1.372,74.07,856.94,-402.61,1862.47,5293.68,6187.08,563.1,503.1,1191.11,273.41,10.06,868,51,46,505,0,458,0,2,1,45,155.5,3,88.24
C_3plus1,3,1,All,300.0,10.0,1156,21929.04,19411.42,1.3319,77.78,1037.65,-713.71,3077.71,7004.37,9329.35,873.68,462.08,2094.57,423.05,1.35,838,345,228,0,0,458,24,37,12,270,213.75,4,78.26
C_3plus1,3,1,All,450.0,10.0,1156,21929.04,19411.42,1.3319,77.78,1037.65,-713.71,3077.71,7004.37,9329.35,873.68,462.08,2094.57,423.05,1.35,838,345,228,0,0,458,24,37,12,270,213.75,4,78.26
C_3plus1,3,1,All,600.0,10.0,1156,21929.04,19411.42,1.3319,77.78,1037.65,-713.71,3077.71,7004.37,9329.35,873.68,462.08,2094.57,423.05,1.35,838,345,228,0,0,458,24,37,12,270,213.75,4,78.26
C_3plus1,3,1,All,9999.0,10.0,1156,21929.04,19411.42,1.3319,77.78,1037.65,-713.71,3077.71,7004.37,9329.35,873.68,462.08,2094.57,423.05,1.35,838,345,228,0,0,458,24,37,12,270,213.75,4,78.26
C_3plus1,3,1,Opposite,300.0,10.0,928,21980.81,20001.08,1.3843,77.78,1049.92,-451.5,3376.21,7800.04,8824.83,-33.71,-150.11,1584.48,395.25,-1.55,858,97,59,437,0,458,0,21,8,0,188.5,4,0.0
C_3plus1,3,1,Opposite,450.0,10.0,928,21980.81,20001.08,1.3843,77.78,1049.92,-451.5,3376.21,7800.04,8824.83,-33.71,-150.11,1584.48,395.25,-1.55,858,97,59,437,0,458,0,21,8,0,188.5,4,0.0
C_3plus1,3,1,Opposite,600.0,10.0,928,21980.81,20001.08,1.3843,77.78,1049.92,-451.5,3376.21,7800.04,8824.83,-33.71,-150.11,1584.48,395.25,-1.55,858,97,59,437,0,458,0,21,8,0,188.5,4,0.0
C_3plus1,3,1,Opposite,9999.0,10.0,928,21980.81,20001.08,1.3843,77.78,1049.92,-451.5,3376.21,7800.04,8824.83,-33.71,-150.11,1584.48,395.25,-1.55,858,97,59,437,0,458,0,21,8,0,188.5,4,0.0
C_3plus1,3,1,LongOnly,300.0,10.0,987,21636.06,19433.52,1.3592,77.78,1096.85,-562.81,2787.09,7441.09,9205.35,134.3,-58.9,1779.17,423.37,-0.37,853,161,117,306,0,458,10,25,7,120,198.25,4,74.53
C_3plus1,3,1,LongOnly,450.0,10.0,987,21636.06,19433.52,1.3592,77.78,1096.85,-562.81,2787.09,7441.09,9205.35,134.3,-58.9,1779.17,423.37,-0.37,853,161,117,306,0,458,10,25,7,120,198.25,4,74.53
C_3plus1,3,1,LongOnly,600.0,10.0,987,21636.06,19433.52,1.3592,77.78,1096.85,-562.81,2787.09,7441.09,9205.35,134.3,-58.9,1779.17,423.37,-0.37,853,161,117,306,0,458,10,25,7,120,198.25,4,74.53
C_3plus1,3,1,LongOnly,9999.0,10.0,987,21636.06,19433.52,1.3592,77.78,1096.85,-562.81,2787.09,7441.09,9205.35,134.3,-58.9,1779.17,423.37,-0.37,853,161,117,306,0,458,10,25,7,120,198.25,4,74.53
C_3plus1,3,1,ShortOnly,300.0,10.0,1039,22422.51,20144.91,1.365,77.78,1107.7,-653.02,3361.07,7651.8,9132.03,602.59,339.79,1885.91,391.7,1.55,845,221,139,226,0,458,5,36,11,163,213.75,4,73.76
C_3plus1,3,1,ShortOnly,450.0,10.0,1039,22422.51,20144.91,1.365,77.78,1107.7,-653.02,3361.07,7651.8,9132.03,602.59,339.79,1885.91,391.7,1.55,845,221,139,226,0,458,5,36,11,163,213.75,4,73.76
C_3plus1,3,1,ShortOnly,600.0,10.0,1039,22422.51,20144.91,1.365,77.78,1107.7,-653.02,3361.07,7651.8,9132.03,602.59,339.79,1885.91,391.7,1.55,845,221,139,226,0,458,5,36,11,163,213.75,4,73.76
C_3plus1,3,1,ShortOnly,9999.0,10.0,1039,22422.51,20144.91,1.365,77.78,1107.7,-653.02,3361.07,7651.8,9132.03,602.59,339.79,1885.91,391.7,1.55,845,221,139,226,0,458,5,36,11,163,213.75,4,73.76
C_3plus1,3,1,SQ50,300.0,10.0,1112,21647.21,19155.34,1.3305,77.78,1202.3,-636.0,2779.09,7177.59,9198.66,231.75,-123.45,2071.4,420.46,-0.42,841,297,192,86,0,458,20,36,11,250,213.75,4,84.18
C_3plus1,3,1,SQ50,450.0,10.0,1112,21647.21,19155.34,1.3305,77.78,1202.3,-636.0,2779.09,7177.59,9198.66,231.75,-123.45,2071.4,420.46,-0.42,841,297,192,86,0,458,20,36,11,250,213.75,4,84.18
C_3plus1,3,1,SQ50,600.0,10.0,1112,21647.21,19155.34,1.3305,77.78,1202.3,-636.0,2779.09,7177.59,9198.66,231.75,-123.45,2071.4,420.46,-0.42,841,297,192,86,0,458,20,36,11,250,213.75,4,84.18
C_3plus1,3,1,SQ50,9999.0,10.0,1112,21647.21,19155.34,1.3305,77.78,1202.3,-636.0,2779.09,7177.59,9198.66,231.75,-123.45,2071.4,420.46,-0.42,841,297,192,86,0,458,20,36,11,250,213.75,4,84.18
C_3plus1,3,1,SQ60,300.0,10.0,1034,21883.46,19456.0,1.3482,77.78,1234.92,-631.55,2843.29,7386.3,9226.41,342.31,92.71,2012.17,415.29,0.45,853,208,150,227,0,458,8,26,9,180,213.75,4,86.54
C_3plus1,3,1,SQ60,450.0,10.0,1034,21883.46,19456.0,1.3482,77.78,1234.92,-631.55,2843.29,7386.3,9226.41,342.31,92.71,2012.17,415.29,0.45,853,208,150,227,0,458,8,26,9,180,213.75,4,86.54
C_3plus1,3,1,SQ60,600.0,10.0,1034,21883.46,19456.0,1.3482,77.78,1234.92,-631.55,2843.29,7386.3,9226.41,342.31,92.71,2012.17,415.29,0.45,853,208,150,227,0,458,8,26,9,180,213.75,4,86.54
C_3plus1,3,1,SQ60,9999.0,10.0,1034,21883.46,19456.0,1.3482,77.78,1234.92,-631.55,2843.29,7386.3,9226.41,342.31,92.71,2012.17,415.29,0.45,853,208,150,227,0,458,8,26,9,180,213.75,4,86.54
C_3plus1,3,1,Regime40,300.0,10.0,1025,22115.92,19722.68,1.356,77.78,1116.68,-620.95,3065.0,7297.56,9360.12,468.49,232.09,1976.01,417.23,1.18,855,197,132,259,0,458,4,25,8,171,213.75,4,86.8
C_3plus1,3,1,Regime40,450.0,10.0,1025,22115.92,19722.68,1.356,77.78,1116.68,-620.95,3065.0,7297.56,9360.12,468.49,232.09,1976.01,417.23,1.18,855,197,132,259,0,458,4,25,8,171,213.75,4,86.8
C_3plus1,3,1,Regime40,600.0,10.0,1025,22115.92,19722.68,1.356,77.78,1116.68,-620.95,3065.0,7297.56,9360.12,468.49,232.09,1976.01,417.23,1.18,855,197,132,259,0,458,4,25,8,171,213.75,4,86.8
C_3plus1,3,1,Regime40,9999.0,10.0,1025,22115.92,19722.68,1.356,77.78,1116.68,-620.95,3065.0,7297.56,9360.12,468.49,232.09,1976.01,417.23,1.18,855,197,132,259,0,458,4,25,8,171,213.75,4,86.8
C_3plus1,3,1,Risk20,300.0,10.0,1140,20984.3,18533.72,1.3158,77.78,1060.07,-713.71,2801.44,6627.76,9104.51,-4.02,-396.42,2031.42,419.17,-1.21,838,329,215,29,0,458,24,37,12,254,213.75,4,77.2
C_3plus1,3,1,Risk20,450.0,10.0,1140,20984.3,18533.72,1.3158,77.78,1060.07,-713.71,2801.44,6627.76,9104.51,-4.02,-396.42,2031.42,419.17,-1.21,838,329,215,29,0,458,24,37,12,254,213.75,4,77.2
C_3plus1,3,1,Risk20,600.0,10.0,1140,20984.3,18533.72,1.3158,77.78,1060.07,-713.71,2801.44,6627.76,9104.51,-4.02,-396.42,2031.42,419.17,-1.21,838,329,215,29,0,458,24,37,12,254,213.75,4,77.2
C_3plus1,3,1,Risk20,9999.0,10.0,1140,20984.3,18533.72,1.3158,77.78,1060.07,-713.71,2801.44,6627.76,9104.51,-4.02,-396.42,2031.42,419.17,-1.21,838,329,215,29,0,458,24,37,12,254,213.75,4,77.2
C_3plus1,3,1,Risk25,300.0,10.0,1154,21744.79,19244.22,1.3287,77.78,1037.65,-713.71,2833.63,7021.67,9388.92,706.48,297.28,2078.5,422.08,0.87,838,343,227,3,0,458,24,37,12,268,213.75,4,78.13
C_3plus1,3,1,Risk25,450.0,10.0,1154,21744.79,19244.22,1.3287,77.78,1037.65,-713.71,2833.63,7021.67,9388.92,706.48,297.28,2078.5,422.08,0.87,838,343,227,3,0,458,24,37,12,268,213.75,4,78.13
C_3plus1,3,1,Risk25,600.0,10.0,1154,21744.79,19244.22,1.3287,77.78,1037.65,-713.71,2833.63,7021.67,9388.92,706.48,297.28,2078.5,422.08,0.87,838,343,227,3,0,458,24,37,12,268,213.75,4,78.13
C_3plus1,3,1,Risk25,9999.0,10.0,1154,21744.79,19244.22,1.3287,77.78,1037.65,-713.71,2833.63,7021.67,9388.92,706.48,297.28,2078.5,422.08,0.87,838,343,227,3,0,458,24,37,12,268,213.75,4,78.13
C_3plus1,3,1,RR2,300.0,10.0,919,22122.05,19883.16,1.3766,74.07,1051.59,-540.84,3287.49,7679.89,8915.79,110.65,2.65,1830.06,408.83,0.03,856,91,86,414,0,458,0,25,8,76,213.75,4,83.52
C_3plus1,3,1,RR2,450.0,10.0,919,22122.05,19883.16,1.3766,74.07,1051.59,-540.84,3287.49,7679.89,8915.79,110.65,2.65,1830.06,408.83,0.03,856,91,86,414,0,458,0,25,8,76,213.75,4,83.52
C_3plus1,3,1,RR2,600.0,10.0,919,22122.05,19883.16,1.3766,74.07,1051.59,-540.84,3287.49,7679.89,8915.79,110.65,2.65,1830.06,408.83,0.03,856,91,86,414,0,458,0,25,8,76,213.75,4,83.52
C_3plus1,3,1,RR2,9999.0,10.0,919,22122.05,19883.16,1.3766,74.07,1051.59,-540.84,3287.49,7679.89,8915.79,110.65,2.65,1830.06,408.83,0.03,856,91,86,414,0,458,0,25,8,76,213.75,4,83.52
C_3plus1,3,1,PathA10G0_0,300.0,10.0,1018,22203.75,19763.6,1.3571,74.07,1057.75,-636.72,2803.59,7340.0,9620.01,863.32,630.52,2009.02,431.13,3.25,851,196,150,238,0,458,12,25,8,156,213.75,4,79.59
C_3plus1,3,1,PathA10G0_0,450.0,10.0,1018,22203.75,19763.6,1.3571,74.07,1057.75,-636.72,2803.59,7340.0,9620.01,863.32,630.52,2009.02,431.13,3.25,851,196,150,238,0,458,12,25,8,156,213.75,4,79.59
C_3plus1,3,1,PathA10G0_0,600.0,10.0,1018,22203.75,19763.6,1.3571,74.07,1057.75,-636.72,2803.59,7340.0,9620.01,863.32,630.52,2009.02,431.13,3.25,851,196,150,238,0,458,12,25,8,156,213.75,4,79.59
C_3plus1,3,1,PathA10G0_0,9999.0,10.0,1018,22203.75,19763.6,1.3571,74.07,1057.75,-636.72,2803.59,7340.0,9620.01,863.32,630.52,2009.02,431.13,3.25,851,196,150,238,0,458,12,25,8,156,213.75,4,79.59
C_3plus1,3,1,PathA10G1_0,300.0,10.0,985,22689.0,20277.22,1.3726,74.07,1057.75,-636.72,2808.77,7762.69,9705.76,604.21,415.81,1987.44,424.34,2.65,855,159,127,302,0,458,4,25,8,129,213.75,4,81.13
C_3plus1,3,1,PathA10G1_0,450.0,10.0,985,22689.0,20277.22,1.3726,74.07,1057.75,-636.72,2808.77,7762.69,9705.76,604.21,415.81,1987.44,424.34,2.65,855,159,127,302,0,458,4,25,8,129,213.75,4,81.13
C_3plus1,3,1,PathA10G1_0,600.0,10.0,985,22689.0,20277.22,1.3726,74.07,1057.75,-636.72,2808.77,7762.69,9705.76,604.21,415.81,1987.44,424.34,2.65,855,159,127,302,0,458,4,25,8,129,213.75,4,81.13
C_3plus1,3,1,PathA10G1_0,9999.0,10.0,985,22689.0,20277.22,1.3726,74.07,1057.75,-636.72,2808.77,7762.69,9705.76,604.21,415.81,1987.44,424.34,2.65,855,159,127,302,0,458,4,25,8,129,213.75,4,81.13
C_3plus1,3,1,PathA10G2_0,300.0,10.0,959,22712.25,20366.22,1.3792,74.07,1036.05,-556.79,2897.77,7762.69,9705.76,682.23,526.23,1930.74,415.29,4.05,856,132,110,346,0,458,3,25,8,108,213.75,4,81.82
C_3plus1,3,1,PathA10G2_0,450.0,10.0,959,22712.25,20366.22,1.3792,74.07,1036.05,-556.79,2897.77,7762.69,9705.76,682.23,526.23,1930.74,415.29,4.05,856,132,110,346,0,458,3,25,8,108,213.75,4,81.82
C_3plus1,3,1,PathA10G2_0,600.0,10.0,959,22712.25,20366.22,1.3792,74.07,1036.05,-556.79,2897.77,7762.69,9705.76,682.23,526.23,1930.74,415.29,4.05,856,132,110,346,0,458,3,25,8,108,213.75,4,81.82
C_3plus1,3,1,PathA10G2_0,9999.0,10.0,959,22712.25,20366.22,1.3792,74.07,1036.05,-556.79,2897.77,7762.69,9705.76,682.23,526.23,1930.74,415.29,4.05,856,132,110,346,0,458,3,25,8,108,213.75,4,81.82
C_3plus1,3,1,PathA10G4_0,300.0,10.0,935,22501.65,20203.53,1.3793,74.07,1084.24,-556.79,3051.49,7601.5,9550.53,519.54,392.34,1887.03,411.09,3.7,856,108,93,387,0,458,3,25,8,85,213.75,4,78.7
C_3plus1,3,1,PathA10G4_0,450.0,10.0,935,22501.65,20203.53,1.3793,74.07,1084.24,-556.79,3051.49,7601.5,9550.53,519.54,392.34,1887.03,411.09,3.7,856,108,93,387,0,458,3,25,8,85,213.75,4,78.7
C_3plus1,3,1,PathA10G4_0,600.0,10.0,935,22501.65,20203.53,1.3793,74.07,1084.24,-556.79,3051.49,7601.5,9550.53,519.54,392.34,1887.03,411.09,3.7,856,108,93,387,0,458,3,25,8,85,213.75,4,78.7
C_3plus1,3,1,PathA10G4_0,9999.0,10.0,935,22501.65,20203.53,1.3793,74.07,1084.24,-556.79,3051.49,7601.5,9550.53,519.54,392.34,1887.03,411.09,3.7,856,108,93,387,0,458,3,25,8,85,213.75,4,78.7
C_3plus1,3,1,PathA10G6_0,300.0,10.0,910,22553.67,20336.96,1.3868,74.07,1084.24,-548.68,3065.14,7631.3,9640.53,652.97,555.77,1811.44,405.27,6.86,856,83,81,427,0,458,0,25,8,69,213.75,4,83.13
C_3plus1,3,1,PathA10G6_0,450.0,10.0,910,22553.67,20336.96,1.3868,74.07,1084.24,-548.68,3065.14,7631.3,9640.53,652.97,555.77,1811.44,405.27,6.86,856,83,81,427,0,458,0,25,8,69,213.75,4,83.13
C_3plus1,3,1,PathA10G6_0,600.0,10.0,910,22553.67,20336.96,1.3868,74.07,1084.24,-548.68,3065.14,7631.3,9640.53,652.97,555.77,1811.44,405.27,6.86,856,83,81,427,0,458,0,25,8,69,213.75,4,83.13
C_3plus1,3,1,PathA10G6_0,9999.0,10.0,910,22553.67,20336.96,1.3868,74.07,1084.24,-548.68,3065.14,7631.3,9640.53,652.97,555.77,1811.44,405.27,6.86,856,83,81,427,0,458,0,25,8,69,213.75,4,83.13
C_3plus1,3,1,PathA20G0_0,300.0,10.0,1019,22372.45,19947.8,1.3614,77.78,1064.4,-636.72,2987.78,7340.0,9620.01,1047.52,813.52,1993.85,430.8,4.17,851,197,153,234,0,458,12,25,8,157,213.75,4,79.7
C_3plus1,3,1,PathA20G0_0,450.0,10.0,1019,22372.45,19947.8,1.3614,77.78,1064.4,-636.72,2987.78,7340.0,9620.01,1047.52,813.52,1993.85,430.8,4.17,851,197,153,234,0,458,12,25,8,157,213.75,4,79.7
C_3plus1,3,1,PathA20G0_0,600.0,10.0,1019,22372.45,19947.8,1.3614,77.78,1064.4,-636.72,2987.78,7340.0,9620.01,1047.52,813.52,1993.85,430.8,4.17,851,197,153,234,0,458,12,25,8,157,213.75,4,79.7
C_3plus1,3,1,PathA20G0_0,9999.0,10.0,1019,22372.45,19947.8,1.3614,77.78,1064.4,-636.72,2987.78,7340.0,9620.01,1047.52,813.52,1993.85,430.8,4.17,851,197,153,234,0,458,12,25,8,157,213.75,4,79.7
C_3plus1,3,1,PathA20G1_0,300.0,10.0,986,22682.0,20272.04,1.3724,74.07,1057.75,-636.72,2803.59,7762.69,9705.76,599.03,409.43,1985.95,424.02,2.59,855,160,128,300,0,458,4,25,8,129,213.75,4,80.62
C_3plus1,3,1,PathA20G1_0,450.0,10.0,986,22682.0,20272.04,1.3724,74.07,1057.75,-636.72,2803.59,7762.69,9705.76,599.03,409.43,1985.95,424.02,2.59,855,160,128,300,0,458,4,25,8,129,213.75,4,80.62
C_3plus1,3,1,PathA20G1_0,600.0,10.0,986,22682.0,20272.04,1.3724,74.07,1057.75,-636.72,2803.59,7762.69,9705.76,599.03,409.43,1985.95,424.02,2.59,855,160,128,300,0,458,4,25,8,129,213.75,4,80.62
C_3plus1,3,1,PathA20G1_0,9999.0,10.0,986,22682.0,20272.04,1.3724,74.07,1057.75,-636.72,2803.59,7762.69,9705.76,599.03,409.43,1985.95,424.02,2.59,855,160,128,300,0,458,4,25,8,129,213.75,4,80.62
C_3plus1,3,1,PathA20G2_0,300.0,10.0,959,22712.25,20366.22,1.3792,74.07,1036.05,-556.79,2897.77,7762.69,9705.76,682.23,526.23,1930.74,415.29,4.05,856,132,110,346,0,458,3,25,8,108,213.75,4,81.82
C_3plus1,3,1,PathA20G2_0,450.0,10.0,959,22712.25,20366.22,1.3792,74.07,1036.05,-556.79,2897.77,7762.69,9705.76,682.23,526.23,1930.74,415.29,4.05,856,132,110,346,0,458,3,25,8,108,213.75,4,81.82
C_3plus1,3,1,PathA20G2_0,600.0,10.0,959,22712.25,20366.22,1.3792,74.07,1036.05,-556.79,2897.77,7762.69,9705.76,682.23,526.23,1930.74,415.29,4.05,856,132,110,346,0,458,3,25,8,108,213.75,4,81.82
C_3plus1,3,1,PathA20G2_0,9999.0,10.0,959,22712.25,20366.22,1.3792,74.07,1036.05,-556.79,2897.77,7762.69,9705.76,682.23,526.23,1930.74,415.29,4.05,856,132,110,346,0,458,3,25,8,108,213.75,4,81.82
C_3plus1,3,1,PathA20G4_0,300.0,10.0,928,22441.91,20164.83,1.3791,74.07,1084.24,-556.79,3038.72,7575.57,9550.53,480.84,362.04,1867.29,409.8,3.66,856,101,91,396,0,458,3,25,8,82,213.75,4,81.19
C_3plus1,3,1,PathA20G4_0,450.0,10.0,928,22441.91,20164.83,1.3791,74.07,1084.24,-556.79,3038.72,7575.57,9550.53,480.84,362.04,1867.29,409.8,3.66,856,101,91,396,0,458,3,25,8,82,213.75,4,81.19
C_3plus1,3,1,PathA20G4_0,600.0,10.0,928,22441.91,20164.83,1.3791,74.07,1084.24,-556.79,3038.72,7575.57,9550.53,480.84,362.04,1867.29,409.8,3.66,856,101,91,396,0,458,3,25,8,82,213.75,4,81.19
C_3plus1,3,1,PathA20G4_0,9999.0,10.0,928,22441.91,20164.83,1.3791,74.07,1084.24,-556.79,3038.72,7575.57,9550.53,480.84,362.04,1867.29,409.8,3.66,856,101,91,396,0,458,3,25,8,82,213.75,4,81.19
C_3plus1,3,1,PathA20G6_0,300.0,10.0,903,22384.2,20172.93,1.384,74.07,1084.24,-527.74,3046.7,7631.3,9494.94,488.94,400.14,1806.0,405.27,5.41,856,76,74,441,0,458,0,25,8,62,213.75,4,81.58
C_3plus1,3,1,PathA20G6_0,450.0,10.0,903,22384.2,20172.93,1.384,74.07,1084.24,-527.74,3046.7,7631.3,9494.94,488.94,400.14,1806.0,405.27,5.41,856,76,74,441,0,458,0,25,8,62,213.75,4,81.58
C_3plus1,3,1,PathA20G6_0,600.0,10.0,903,22384.2,20172.93,1.384,74.07,1084.24,-527.74,3046.7,7631.3,9494.94,488.94,400.14,1806.0,405.27,5.41,856,76,74,441,0,458,0,25,8,62,213.75,4,81.58
C_3plus1,3,1,PathA20G6_0,9999.0,10.0,903,22384.2,20172.93,1.384,74.07,1084.24,-527.74,3046.7,7631.3,9494.94,488.94,400.14,1806.0,405.27,5.41,856,76,74,441,0,458,0,25,8,62,213.75,4,81.58
C_3plus1,3,1,PathA50G0_0,300.0,10.0,1033,22416.2,19989.93,1.3613,77.78,1064.4,-634.2,3024.13,7359.59,9606.2,1043.23,791.23,1996.76,429.51,3.77,850,212,161,207,0,458,13,29,8,166,213.75,4,78.3
C_3plus1,3,1,PathA50G0_0,450.0,10.0,1033,22416.2,19989.93,1.3613,77.78,1064.4,-634.2,3024.13,7359.59,9606.2,1043.23,791.23,1996.76,429.51,3.77,850,212,161,207,0,458,13,29,8,166,213.75,4,78.3
C_3plus1,3,1,PathA50G0_0,600.0,10.0,1033,22416.2,19989.93,1.3613,77.78,1064.4,-634.2,3024.13,7359.59,9606.2,1043.23,791.23,1996.76,429.51,3.77,850,212,161,207,0,458,13,29,8,166,213.75,4,78.3
C_3plus1,3,1,PathA50G0_0,9999.0,10.0,1033,22416.2,19989.93,1.3613,77.78,1064.4,-634.2,3024.13,7359.59,9606.2,1043.23,791.23,1996.76,429.51,3.77,850,212,161,207,0,458,13,29,8,166,213.75,4,78.3
C_3plus1,3,1,PathA50G1_0,300.0,10.0,986,22682.0,20272.04,1.3724,74.07,1057.75,-636.72,2803.59,7762.69,9705.76,599.03,409.43,1985.95,424.02,2.59,855,160,128,300,0,458,4,25,8,129,213.75,4,80.62
C_3plus1,3,1,PathA50G1_0,450.0,10.0,986,22682.0,20272.04,1.3724,74.07,1057.75,-636.72,2803.59,7762.69,9705.76,599.03,409.43,1985.95,424.02,2.59,855,160,128,300,0,458,4,25,8,129,213.75,4,80.62
C_3plus1,3,1,PathA50G1_0,600.0,10.0,986,22682.0,20272.04,1.3724,74.07,1057.75,-636.72,2803.59,7762.69,9705.76,599.03,409.43,1985.95,424.02,2.59,855,160,128,300,0,458,4,25,8,129,213.75,4,80.62
C_3plus1,3,1,PathA50G1_0,9999.0,10.0,986,22682.0,20272.04,1.3724,74.07,1057.75,-636.72,2803.59,7762.69,9705.76,599.03,409.43,1985.95,424.02,2.59,855,160,128,300,0,458,4,25,8,129,213.75,4,80.62
C_3plus1,3,1,PathA50G2_0,300.0,10.0,981,22648.5,20239.89,1.3726,74.07,1057.75,-636.72,2697.18,7800.5,9742.21,566.88,383.28,1984.59,424.02,2.51,855,155,127,306,0,458,4,25,8,125,213.75,4,80.65
C_3plus1,3,1,PathA50G2_0,450.0,10.0,981,22648.5,20239.89,1.3726,74.07,1057.75,-636.72,2697.18,7800.5,9742.21,566.88,383.28,1984.59,424.02,2.51,855,155,127,306,0,458,4,25,8,125,213.75,4,80.65
C_3plus1,3,1,PathA50G2_0,600.0,10.0,981,22648.5,20239.89,1.3726,74.07,1057.75,-636.72,2697.18,7800.5,9742.21,566.88,383.28,1984.59,424.02,2.51,855,155,127,306,0,458,4,25,8,125,213.75,4,80.65
C_3plus1,3,1,PathA50G2_0,9999.0,10.0,981,22648.5,20239.89,1.3726,74.07,1057.75,-636.72,2697.18,7800.5,9742.21,566.88,383.28,1984.59,424.02,2.51,855,155,127,306,0,458,4,25,8,125,213.75,4,80.65
C_3plus1,3,1,PathA50G4_0,300.0,10.0,903,22384.2,20172.93,1.384,74.07,1084.24,-527.74,3046.7,7631.3,9494.94,488.94,400.14,1806.0,405.27,5.41,856,76,74,441,0,458,0,25,8,62,213.75,4,81.58
C_3plus1,3,1,PathA50G4_0,450.0,10.0,903,22384.2,20172.93,1.384,74.07,1084.24,-527.74,3046.7,7631.3,9494.94,488.94,400.14,1806.0,405.27,5.41,856,76,74,441,0,458,0,25,8,62,213.75,4,81.58
C_3plus1,3,1,PathA50G4_0,600.0,10.0,903,22384.2,20172.93,1.384,74.07,1084.24,-527.74,3046.7,7631.3,9494.94,488.94,400.14,1806.0,405.27,5.41,856,76,74,441,0,458,0,25,8,62,213.75,4,81.58
C_3plus1,3,1,PathA50G4_0,9999.0,10.0,903,22384.2,20172.93,1.384,74.07,1084.24,-527.74,3046.7,7631.3,9494.94,488.94,400.14,1806.0,405.27,5.41,856,76,74,441,0,458,0,25,8,62,213.75,4,81.58
C_3plus1,3,1,PathA50G6_0,300.0,10.0,897,22268.42,20065.27,1.3822,74.07,1084.24,-527.74,3058.84,7647.62,9358.81,381.28,299.68,1799.17,403.98,4.41,856,70,70,451,0,458,0,25,8,59,213.75,4,84.29
C_3plus1,3,1,PathA50G6_0,450.0,10.0,897,22268.42,20065.27,1.3822,74.07,1084.24,-527.74,3058.84,7647.62,9358.81,381.28,299.68,1799.17,403.98,4.41,856,70,70,451,0,458,0,25,8,59,213.75,4,84.29
C_3plus1,3,1,PathA50G6_0,600.0,10.0,897,22268.42,20065.27,1.3822,74.07,1084.24,-527.74,3058.84,7647.62,9358.81,381.28,299.68,1799.17,403.98,4.41,856,70,70,451,0,458,0,25,8,59,213.75,4,84.29
C_3plus1,3,1,PathA50G6_0,9999.0,10.0,897,22268.42,20065.27,1.3822,74.07,1084.24,-527.74,3058.84,7647.62,9358.81,381.28,299.68,1799.17,403.98,4.41,856,70,70,451,0,458,0,25,8,59,213.75,4,84.29
C_3plus1,3,1,PathSessionA10G0_0,300.0,10.0,1075,23003.82,20575.1,1.371,81.48,1027.8,-669.24,2753.39,7973.48,9848.23,1252.53,954.93,2002.44,426.28,3.85,854,250,187,152,0,458,7,22,9,192,213.75,4,76.8
C_3plus1,3,1,PathSessionA10G0_0,450.0,10.0,1075,23003.82,20575.1,1.371,81.48,1027.8,-669.24,2753.39,7973.48,9848.23,1252.53,954.93,2002.44,426.28,3.85,854,250,187,152,0,458,7,22,9,192,213.75,4,76.8
C_3plus1,3,1,PathSessionA10G0_0,600.0,10.0,1075,23003.82,20575.1,1.371,81.48,1027.8,-669.24,2753.39,7973.48,9848.23,1252.53,954.93,2002.44,426.28,3.85,854,250,187,152,0,458,7,22,9,192,213.75,4,76.8
C_3plus1,3,1,PathSessionA10G0_0,9999.0,10.0,1075,23003.82,20575.1,1.371,81.48,1027.8,-669.24,2753.39,7973.48,9848.23,1252.53,954.93,2002.44,426.28,3.85,854,250,187,152,0,458,7,22,9,192,213.75,4,76.8
C_3plus1,3,1,PathSessionA10G1_0,300.0,10.0,1065,22891.33,20471.24,1.3701,81.48,1027.8,-669.24,2802.69,7965.23,9703.32,1148.66,863.06,1993.82,426.28,3.63,854,240,184,165,0,458,7,22,9,187,213.75,4,77.92
C_3plus1,3,1,PathSessionA10G1_0,450.0,10.0,1065,22891.33,20471.24,1.3701,81.48,1027.8,-669.24,2802.69,7965.23,9703.32,1148.66,863.06,1993.82,426.28,3.63,854,240,184,165,0,458,7,22,9,187,213.75,4,77.92
C_3plus1,3,1,PathSessionA10G1_0,600.0,10.0,1065,22891.33,20471.24,1.3701,81.48,1027.8,-669.24,2802.69,7965.23,9703.32,1148.66,863.06,1993.82,426.28,3.63,854,240,184,165,0,458,7,22,9,187,213.75,4,77.92
C_3plus1,3,1,PathSessionA10G1_0,9999.0,10.0,1065,22891.33,20471.24,1.3701,81.48,1027.8,-669.24,2802.69,7965.23,9703.32,1148.66,863.06,1993.82,426.28,3.63,854,240,184,165,0,458,7,22,9,187,213.75,4,77.92
C_3plus1,3,1,PathSessionA10G2_0,300.0,10.0,1026,22673.07,20316.13,1.3724,77.78,1090.27,-586.25,2771.76,7893.44,9650.93,1029.64,788.44,1937.13,419.82,3.92,852,203,157,228,0,458,5,27,10,160,213.75,4,78.82
C_3plus1,3,1,PathSessionA10G2_0,450.0,10.0,1026,22673.07,20316.13,1.3724,77.78,1090.27,-586.25,2771.76,7893.44,9650.93,1029.64,788.44,1937.13,419.82,3.92,852,203,157,228,0,458,5,27,10,160,213.75,4,78.82
C_3plus1,3,1,PathSessionA10G2_0,600.0,10.0,1026,22673.07,20316.13,1.3724,77.78,1090.27,-586.25,2771.76,7893.44,9650.93,1029.64,788.44,1937.13,419.82,3.92,852,203,157,228,0,458,5,27,10,160,213.75,4,78.82
C_3plus1,3,1,PathSessionA10G2_0,9999.0,10.0,1026,22673.07,20316.13,1.3724,77.78,1090.27,-586.25,2771.76,7893.44,9650.93,1029.64,788.44,1937.13,419.82,3.92,852,203,157,228,0,458,5,27,10,160,213.75,4,78.82
C_3plus1,3,1,PathSessionA10G4_0,300.0,10.0,942,22581.48,20375.35,1.3858,74.07,1084.24,-503.38,3249.87,7772.89,9352.59,561.83,427.43,1798.27,407.86,3.82,857,113,88,387,0,458,3,24,7,85,213.75,4,75.22
C_3plus1,3,1,PathSessionA10G4_0,450.0,10.0,942,22581.48,20375.35,1.3858,74.07,1084.24,-503.38,3249.87,7772.89,9352.59,561.83,427.43,1798.27,407.86,3.82,857,113,88,387,0,458,3,24,7,85,213.75,4,75.22
C_3plus1,3,1,PathSessionA10G4_0,600.0,10.0,942,22581.48,20375.35,1.3858,74.07,1084.24,-503.38,3249.87,7772.89,9352.59,561.83,427.43,1798.27,407.86,3.82,857,113,88,387,0,458,3,24,7,85,213.75,4,75.22
C_3plus1,3,1,PathSessionA10G4_0,9999.0,10.0,942,22581.48,20375.35,1.3858,74.07,1084.24,-503.38,3249.87,7772.89,9352.59,561.83,427.43,1798.27,407.86,3.82,857,113,88,387,0,458,3,24,7,85,213.75,4,75.22
C_3plus1,3,1,PathSessionA10G6_0,300.0,10.0,931,22557.73,20361.98,1.3869,74.07,1084.24,-503.38,3184.16,7849.91,9327.91,548.46,427.26,1788.22,407.53,4.23,857,102,73,413,0,458,3,24,7,78,213.75,4,76.47
C_3plus1,3,1,PathSessionA10G6_0,450.0,10.0,931,22557.73,20361.98,1.3869,74.07,1084.24,-503.38,3184.16,7849.91,9327.91,548.46,427.26,1788.22,407.53,4.23,857,102,73,413,0,458,3,24,7,78,213.75,4,76.47
C_3plus1,3,1,PathSessionA10G6_0,600.0,10.0,931,22557.73,20361.98,1.3869,74.07,1084.24,-503.38,3184.16,7849.91,9327.91,548.46,427.26,1788.22,407.53,4.23,857,102,73,413,0,458,3,24,7,78,213.75,4,76.47
C_3plus1,3,1,PathSessionA10G6_0,9999.0,10.0,931,22557.73,20361.98,1.3869,74.07,1084.24,-503.38,3184.16,7849.91,9327.91,548.46,427.26,1788.22,407.53,4.23,857,102,73,413,0,458,3,24,7,78,213.75,4,76.47
C_3plus1,3,1,PathSessionA20G0_0,300.0,10.0,1076,23100.8,20670.33,1.373,85.19,1027.8,-669.24,2899.03,7923.07,9848.23,1418.79,1117.59,2005.16,425.31,4.45,852,253,190,144,0,458,7,26,9,195,213.75,4,77.08
C_3plus1,3,1,PathSessionA20G0_0,450.0,10.0,1076,23100.8,20670.33,1.373,85.19,1027.8,-669.24,2899.03,7923.07,9848.23,1418.79,1117.59,2005.16,425.31,4.45,852,253,190,144,0,458,7,26,9,195,213.75,4,77.08
C_3plus1,3,1,PathSessionA20G0_0,600.0,10.0,1076,23100.8,20670.33,1.373,85.19,1027.8,-669.24,2899.03,7923.07,9848.23,1418.79,1117.59,2005.16,425.31,4.45,852,253,190,144,0,458,7,26,9,195,213.75,4,77.08
C_3plus1,3,1,PathSessionA20G0_0,9999.0,10.0,1076,23100.8,20670.33,1.373,85.19,1027.8,-669.24,2899.03,7923.07,9848.23,1418.79,1117.59,2005.16,425.31,4.45,852,253,190,144,0,458,7,26,9,195,213.75,4,77.08
C_3plus1,3,1,PathSessionA20G1_0,300.0,10.0,1067,22835.57,20412.22,1.3683,81.48,1027.8,-669.24,2797.51,7911.39,9703.32,1089.64,801.64,1997.08,426.28,3.34,854,242,185,162,0,458,7,22,9,187,213.75,4,77.27
C_3plus1,3,1,PathSessionA20G1_0,450.0,10.0,1067,22835.57,20412.22,1.3683,81.48,1027.8,-669.24,2797.51,7911.39,9703.32,1089.64,801.64,1997.08,426.28,3.34,854,242,185,162,0,458,7,22,9,187,213.75,4,77.27
C_3plus1,3,1,PathSessionA20G1_0,600.0,10.0,1067,22835.57,20412.22,1.3683,81.48,1027.8,-669.24,2797.51,7911.39,9703.32,1089.64,801.64,1997.08,426.28,3.34,854,242,185,162,0,458,7,22,9,187,213.75,4,77.27
C_3plus1,3,1,PathSessionA20G1_0,9999.0,10.0,1067,22835.57,20412.22,1.3683,81.48,1027.8,-669.24,2797.51,7911.39,9703.32,1089.64,801.64,1997.08,426.28,3.34,854,242,185,162,0,458,7,22,9,187,213.75,4,77.27
C_3plus1,3,1,PathSessionA20G2_0,300.0,10.0,1027,22655.57,20295.0,1.3717,77.78,1090.27,-586.25,2750.62,7893.44,9650.93,1008.5,766.1,1940.44,420.14,3.79,852,204,157,227,0,458,5,27,10,161,213.75,4,78.92
C_3plus1,3,1,PathSessionA20G2_0,450.0,10.0,1027,22655.57,20295.0,1.3717,77.78,1090.27,-586.25,2750.62,7893.44,9650.93,1008.5,766.1,1940.44,420.14,3.79,852,204,157,227,0,458,5,27,10,161,213.75,4,78.92
C_3plus1,3,1,PathSessionA20G2_0,600.0,10.0,1027,22655.57,20295.0,1.3717,77.78,1090.27,-586.25,2750.62,7893.44,9650.93,1008.5,766.1,1940.44,420.14,3.79,852,204,157,227,0,458,5,27,10,161,213.75,4,78.92
C_3plus1,3,1,PathSessionA20G2_0,9999.0,10.0,1027,22655.57,20295.0,1.3717,77.78,1090.27,-586.25,2750.62,7893.44,9650.93,1008.5,766.1,1940.44,420.14,3.79,852,204,157,227,0,458,5,27,10,161,213.75,4,78.92
C_3plus1,3,1,PathSessionA20G4_0,300.0,10.0,936,22516.23,20308.64,1.3847,74.07,1084.24,-503.38,3207.84,7772.89,9327.91,495.11,367.91,1799.41,408.18,3.47,857,107,77,404,0,458,3,24,7,81,213.75,4,75.7
C_3plus1,3,1,PathSessionA20G4_0,450.0,10.0,936,22516.23,20308.64,1.3847,74.07,1084.24,-503.38,3207.84,7772.89,9327.91,495.11,367.91,1799.41,408.18,3.47,857,107,77,404,0,458,3,24,7,81,213.75,4,75.7
C_3plus1,3,1,PathSessionA20G4_0,600.0,10.0,936,22516.23,20308.64,1.3847,74.07,1084.24,-503.38,3207.84,7772.89,9327.91,495.11,367.91,1799.41,408.18,3.47,857,107,77,404,0,458,3,24,7,81,213.75,4,75.7
C_3plus1,3,1,PathSessionA20G4_0,9999.0,10.0,936,22516.23,20308.64,1.3847,74.07,1084.24,-503.38,3207.84,7772.89,9327.91,495.11,367.91,1799.41,408.18,3.47,857,107,77,404,0,458,3,24,7,81,213.75,4,75.7
C_3plus1,3,1,PathSessionA20G6_0,300.0,10.0,908,22336.73,20195.78,1.3868,74.07,1084.24,-496.8,3220.38,7792.76,9182.64,382.26,288.66,1736.65,404.3,3.7,857,79,66,443,0,458,3,24,7,62,213.75,4,78.48
C_3plus1,3,1,PathSessionA20G6_0,450.0,10.0,908,22336.73,20195.78,1.3868,74.07,1084.24,-496.8,3220.38,7792.76,9182.64,382.26,288.66,1736.65,404.3,3.7,857,79,66,443,0,458,3,24,7,62,213.75,4,78.48
C_3plus1,3,1,PathSessionA20G6_0,600.0,10.0,908,22336.73,20195.78,1.3868,74.07,1084.24,-496.8,3220.38,7792.76,9182.64,382.26,288.66,1736.65,404.3,3.7,857,79,66,443,0,458,3,24,7,62,213.75,4,78.48
C_3plus1,3,1,PathSessionA20G6_0,9999.0,10.0,908,22336.73,20195.78,1.3868,74.07,1084.24,-496.8,3220.38,7792.76,9182.64,382.26,288.66,1736.65,404.3,3.7,857,79,66,443,0,458,3,24,7,62,213.75,4,78.48
C_3plus1,3,1,PathSessionA50G0_0,300.0,10.0,1089,23481.25,21078.63,1.3818,85.19,1010.98,-595.28,3216.04,7923.07,9939.52,1616.65,1299.85,1977.96,424.66,4.92,852,266,197,122,0,458,9,26,9,204,213.75,4,76.69
C_3plus1,3,1,PathSessionA50G0_0,450.0,10.0,1089,23481.25,21078.63,1.3818,85.19,1010.98,-595.28,3216.04,7923.07,9939.52,1616.65,1299.85,1977.96,424.66,4.92,852,266,197,122,0,458,9,26,9,204,213.75,4,76.69
C_3plus1,3,1,PathSessionA50G0_0,600.0,10.0,1089,23481.25,21078.63,1.3818,85.19,1010.98,-595.28,3216.04,7923.07,9939.52,1616.65,1299.85,1977.96,424.66,4.92,852,266,197,122,0,458,9,26,9,204,213.75,4,76.69
C_3plus1,3,1,PathSessionA50G0_0,9999.0,10.0,1089,23481.25,21078.63,1.3818,85.19,1010.98,-595.28,3216.04,7923.07,9939.52,1616.65,1299.85,1977.96,424.66,4.92,852,266,197,122,0,458,9,26,9,204,213.75,4,76.69
C_3plus1,3,1,PathSessionA50G1_0,300.0,10.0,1060,22878.79,20468.4,1.3706,85.19,1027.8,-669.24,2943.14,7813.52,9711.73,1216.86,934.86,1986.37,424.02,3.98,852,237,177,173,0,458,7,26,9,182,213.75,4,76.79
C_3plus1,3,1,PathSessionA50G1_0,450.0,10.0,1060,22878.79,20468.4,1.3706,85.19,1027.8,-669.24,2943.14,7813.52,9711.73,1216.86,934.86,1986.37,424.02,3.98,852,237,177,173,0,458,7,26,9,182,213.75,4,76.79
C_3plus1,3,1,PathSessionA50G1_0,600.0,10.0,1060,22878.79,20468.4,1.3706,85.19,1027.8,-669.24,2943.14,7813.52,9711.73,1216.86,934.86,1986.37,424.02,3.98,852,237,177,173,0,458,7,26,9,182,213.75,4,76.79
C_3plus1,3,1,PathSessionA50G1_0,9999.0,10.0,1060,22878.79,20468.4,1.3706,85.19,1027.8,-669.24,2943.14,7813.52,9711.73,1216.86,934.86,1986.37,424.02,3.98,852,237,177,173,0,458,7,26,9,182,213.75,4,76.79
C_3plus1,3,1,PathSessionA50G2_0,300.0,10.0,1019,21901.32,19561.25,1.3547,74.07,1090.27,-691.33,2563.79,7685.17,9312.29,274.76,41.96,1918.64,421.43,0.22,852,196,147,245,0,458,5,27,10,153,213.75,4,78.06
C_3plus1,3,1,PathSessionA50G2_0,450.0,10.0,1019,21901.32,19561.25,1.3547,74.07,1090.27,-691.33,2563.79,7685.17,9312.29,274.76,41.96,1918.64,421.43,0.22,852,196,147,245,0,458,5,27,10,153,213.75,4,78.06
C_3plus1,3,1,PathSessionA50G2_0,600.0,10.0,1019,21901.32,19561.25,1.3547,74.07,1090.27,-691.33,2563.79,7685.17,9312.29,274.76,41.96,1918.64,421.43,0.22,852,196,147,245,0,458,5,27,10,153,213.75,4,78.06
C_3plus1,3,1,PathSessionA50G2_0,9999.0,10.0,1019,21901.32,19561.25,1.3547,74.07,1090.27,-691.33,2563.79,7685.17,9312.29,274.76,41.96,1918.64,421.43,0.22,852,196,147,245,0,458,5,27,10,153,213.75,4,78.06
C_3plus1,3,1,PathSessionA50G4_0,300.0,10.0,910,22315.47,20169.9,1.3859,74.07,1084.24,-496.8,3219.47,7752.65,9197.79,356.38,260.38,1741.26,404.3,3.25,857,81,68,439,0,458,3,24,7,64,213.75,4,79.01
C_3plus1,3,1,PathSessionA50G4_0,450.0,10.0,910,22315.47,20169.9,1.3859,74.07,1084.24,-496.8,3219.47,7752.65,9197.79,356.38,260.38,1741.26,404.3,3.25,857,81,68,439,0,458,3,24,7,64,213.75,4,79.01
C_3plus1,3,1,PathSessionA50G4_0,600.0,10.0,910,22315.47,20169.9,1.3859,74.07,1084.24,-496.8,3219.47,7752.65,9197.79,356.38,260.38,1741.26,404.3,3.25,857,81,68,439,0,458,3,24,7,64,213.75,4,79.01
C_3plus1,3,1,PathSessionA50G4_0,9999.0,10.0,910,22315.47,20169.9,1.3859,74.07,1084.24,-496.8,3219.47,7752.65,9197.79,356.38,260.38,1741.26,404.3,3.25,857,81,68,439,0,458,3,24,7,64,213.75,4,79.01
C_3plus1,3,1,PathSessionA50G6_0,300.0,10.0,873,22150.43,20107.93,1.3907,74.07,1084.24,-496.8,3224.19,7692.37,9191.37,356.13,305.73,1648.22,394.28,7.28,858,43,33,515,0,458,0,23,6,33,213.75,4,76.74
C_3plus1,3,1,PathSessionA50G6_0,450.0,10.0,873,22150.43,20107.93,1.3907,74.07,1084.24,-496.8,3224.19,7692.37,9191.37,356.13,305.73,1648.22,394.28,7.28,858,43,33,515,0,458,0,23,6,33,213.75,4,76.74
C_3plus1,3,1,PathSessionA50G6_0,600.0,10.0,873,22150.43,20107.93,1.3907,74.07,1084.24,-496.8,3224.19,7692.37,9191.37,356.13,305.73,1648.22,394.28,7.28,858,43,33,515,0,458,0,23,6,33,213.75,4,76.74
C_3plus1,3,1,PathSessionA50G6_0,9999.0,10.0,873,22150.43,20107.93,1.3907,74.07,1084.24,-496.8,3224.19,7692.37,9191.37,356.13,305.73,1648.22,394.28,7.28,858,43,33,515,0,458,0,23,6,33,213.75,4,76.74
C_3plus1,3,1,PathQualityA10G0_0,300.0,10.0,1037,23149.68,20742.67,1.3786,74.07,1058.29,-619.12,3364.83,7889.77,9488.07,780.0,525.6,1986.55,420.46,2.48,852,214,162,208,0,458,6,30,9,168,213.75,4,78.5
C_3plus1,3,1,PathQualityA10G0_0,450.0,10.0,1037,23149.68,20742.67,1.3786,74.07,1058.29,-619.12,3364.83,7889.77,9488.07,780.0,525.6,1986.55,420.46,2.48,852,214,162,208,0,458,6,30,9,168,213.75,4,78.5
C_3plus1,3,1,PathQualityA10G0_0,600.0,10.0,1037,23149.68,20742.67,1.3786,74.07,1058.29,-619.12,3364.83,7889.77,9488.07,780.0,525.6,1986.55,420.46,2.48,852,214,162,208,0,458,6,30,9,168,213.75,4,78.5
C_3plus1,3,1,PathQualityA10G0_0,9999.0,10.0,1037,23149.68,20742.67,1.3786,74.07,1058.29,-619.12,3364.83,7889.77,9488.07,780.0,525.6,1986.55,420.46,2.48,852,214,162,208,0,458,6,30,9,168,213.75,4,78.5
C_3plus1,3,1,PathQualityA10G1_0,300.0,10.0,1005,22675.7,20296.02,1.3721,77.78,1058.29,-646.44,3129.17,7678.78,9488.07,472.77,259.17,1962.78,416.91,1.46,854,180,135,273,0,458,4,26,9,141,213.75,4,78.33
C_3plus1,3,1,PathQualityA10G1_0,450.0,10.0,1005,22675.7,20296.02,1.3721,77.78,1058.29,-646.44,3129.17,7678.78,9488.07,472.77,259.17,1962.78,416.91,1.46,854,180,135,273,0,458,4,26,9,141,213.75,4,78.33
C_3plus1,3,1,PathQualityA10G1_0,600.0,10.0,1005,22675.7,20296.02,1.3721,77.78,1058.29,-646.44,3129.17,7678.78,9488.07,472.77,259.17,1962.78,416.91,1.46,854,180,135,273,0,458,4,26,9,141,213.75,4,78.33
C_3plus1,3,1,PathQualityA10G1_0,9999.0,10.0,1005,22675.7,20296.02,1.3721,77.78,1058.29,-646.44,3129.17,7678.78,9488.07,472.77,259.17,1962.78,416.91,1.46,854,180,135,273,0,458,4,26,9,141,213.75,4,78.33
C_3plus1,3,1,PathQualityA10G2_0,300.0,10.0,991,22556.43,20203.31,1.372,77.78,1075.29,-646.44,2973.97,7652.85,9576.49,380.06,183.26,1938.15,414.97,1.12,854,166,121,301,0,458,4,26,9,129,213.75,4,77.71
C_3plus1,3,1,PathQualityA10G2_0,450.0,10.0,991,22556.43,20203.31,1.372,77.78,1075.29,-646.44,2973.97,7652.85,9576.49,380.06,183.26,1938.15,414.97,1.12,854,166,121,301,0,458,4,26,9,129,213.75,4,77.71
C_3plus1,3,1,PathQualityA10G2_0,600.0,10.0,991,22556.43,20203.31,1.372,77.78,1075.29,-646.44,2973.97,7652.85,9576.49,380.06,183.26,1938.15,414.97,1.12,854,166,121,301,0,458,4,26,9,129,213.75,4,77.71
C_3plus1,3,1,PathQualityA10G2_0,9999.0,10.0,991,22556.43,20203.31,1.372,77.78,1075.29,-646.44,2973.97,7652.85,9576.49,380.06,183.26,1938.15,414.97,1.12,854,166,121,301,0,458,4,26,9,129,213.75,4,77.71
C_3plus1,3,1,PathQualityA10G4_0,300.0,10.0,929,22806.44,20557.31,1.39,74.07,1084.24,-541.9,3112.28,7873.73,9571.31,966.06,848.46,1841.59,407.53,8.66,858,100,95,393,0,458,3,23,7,82,213.75,4,82.0
C_3plus1,3,1,PathQualityA10G4_0,450.0,10.0,929,22806.44,20557.31,1.39,74.07,1084.24,-541.9,3112.28,7873.73,9571.31,966.06,848.46,1841.59,407.53,8.66,858,100,95,393,0,458,3,23,7,82,213.75,4,82.0
C_3plus1,3,1,PathQualityA10G4_0,600.0,10.0,929,22806.44,20557.31,1.39,74.07,1084.24,-541.9,3112.28,7873.73,9571.31,966.06,848.46,1841.59,407.53,8.66,858,100,95,393,0,458,3,23,7,82,213.75,4,82.0
C_3plus1,3,1,PathQualityA10G4_0,9999.0,10.0,929,22806.44,20557.31,1.39,74.07,1084.24,-541.9,3112.28,7873.73,9571.31,966.06,848.46,1841.59,407.53,8.66,858,100,95,393,0,458,3,23,7,82,213.75,4,82.0
C_3plus1,3,1,PathQualityA10G6_0,300.0,10.0,912,22812.16,20574.71,1.393,74.07,1084.24,-524.79,3132.46,7774.56,9667.69,983.46,886.26,1832.82,404.63,10.94,858,83,86,419,0,458,3,23,7,69,213.75,4,83.13
C_3plus1,3,1,PathQualityA10G6_0,450.0,10.0,912,22812.16,20574.71,1.393,74.07,1084.24,-524.79,3132.46,7774.56,9667.69,983.46,886.26,1832.82,404.63,10.94,858,83,86,419,0,458,3,23,7,69,213.75,4,83.13
C_3plus1,3,1,PathQualityA10G6_0,600.0,10.0,912,22812.16,20574.71,1.393,74.07,1084.24,-524.79,3132.46,7774.56,9667.69,983.46,886.26,1832.82,404.63,10.94,858,83,86,419,0,458,3,23,7,69,213.75,4,83.13
C_3plus1,3,1,PathQualityA10G6_0,9999.0,10.0,912,22812.16,20574.71,1.393,74.07,1084.24,-524.79,3132.46,7774.56,9667.69,983.46,886.26,1832.82,404.63,10.94,858,83,86,419,0,458,3,23,7,69,213.75,4,83.13
C_3plus1,3,1,PathQualityA20G0_0,300.0,10.0,1042,23407.16,21014.68,1.3845,77.78,1086.64,-503.38,3659.24,7889.77,9465.67,922.48,663.28,1971.7,420.79,3.07,853,218,165,201,0,458,6,29,8,171,213.75,4,78.44
C_3plus1,3,1,PathQualityA20G0_0,450.0,10.0,1042,23407.16,21014.68,1.3845,77.78,1086.64,-503.38,3659.24,7889.77,9465.67,922.48,663.28,1971.7,420.79,3.07,853,218,165,201,0,458,6,29,8,171,213.75,4,78.44
C_3plus1,3,1,PathQualityA20G0_0,600.0,10.0,1042,23407.16,21014.68,1.3845,77.78,1086.64,-503.38,3659.24,7889.77,9465.67,922.48,663.28,1971.7,420.79,3.07,853,218,165,201,0,458,6,29,8,171,213.75,4,78.44
C_3plus1,3,1,PathQualityA20G0_0,9999.0,10.0,1042,23407.16,21014.68,1.3845,77.78,1086.64,-503.38,3659.24,7889.77,9465.67,922.48,663.28,1971.7,420.79,3.07,853,218,165,201,0,458,6,29,8,171,213.75,4,78.44
C_3plus1,3,1,PathQualityA20G1_0,300.0,10.0,1009,22781.7,20397.48,1.3743,77.78,1058.29,-664.55,3230.63,7678.78,9488.07,574.23,355.83,1967.31,416.91,1.96,854,184,139,265,0,458,4,26,9,145,213.75,4,78.8
C_3plus1,3,1,PathQualityA20G1_0,450.0,10.0,1009,22781.7,20397.48,1.3743,77.78,1058.29,-664.55,3230.63,7678.78,9488.07,574.23,355.83,1967.31,416.91,1.96,854,184,139,265,0,458,4,26,9,145,213.75,4,78.8
C_3plus1,3,1,PathQualityA20G1_0,600.0,10.0,1009,22781.7,20397.48,1.3743,77.78,1058.29,-664.55,3230.63,7678.78,9488.07,574.23,355.83,1967.31,416.91,1.96,854,184,139,265,0,458,4,26,9,145,213.75,4,78.8
C_3plus1,3,1,PathQualityA20G1_0,9999.0,10.0,1009,22781.7,20397.48,1.3743,77.78,1058.29,-664.55,3230.63,7678.78,9488.07,574.23,355.83,1967.31,416.91,1.96,854,184,139,265,0,458,4,26,9,145,213.75,4,78.8
C_3plus1,3,1,PathQualityA20G2_0,300.0,10.0,987,22684.7,20348.03,1.3765,77.78,1075.29,-646.44,2973.97,7747.16,9626.9,586.49,395.69,1922.03,414.64,2.49,855,161,121,306,0,458,4,25,8,126,213.75,4,78.26
C_3plus1,3,1,PathQualityA20G2_0,450.0,10.0,987,22684.7,20348.03,1.3765,77.78,1075.29,-646.44,2973.97,7747.16,9626.9,586.49,395.69,1922.03,414.64,2.49,855,161,121,306,0,458,4,25,8,126,213.75,4,78.26
C_3plus1,3,1,PathQualityA20G2_0,600.0,10.0,987,22684.7,20348.03,1.3765,77.78,1075.29,-646.44,2973.97,7747.16,9626.9,586.49,395.69,1922.03,414.64,2.49,855,161,121,306,0,458,4,25,8,126,213.75,4,78.26
C_3plus1,3,1,PathQualityA20G2_0,9999.0,10.0,987,22684.7,20348.03,1.3765,77.78,1075.29,-646.44,2973.97,7747.16,9626.9,586.49,395.69,1922.03,414.64,2.49,855,161,121,306,0,458,4,25,8,126,213.75,4,78.26
C_3plus1,3,1,PathQualityA20G4_0,300.0,10.0,921,22693.16,20456.52,1.3888,74.07,1084.24,-541.9,3112.28,7750.11,9594.13,865.27,757.27,1830.4,406.24,8.41,858,92,92,404,0,458,3,23,7,76,213.75,4,82.61
C_3plus1,3,1,PathQualityA20G4_0,450.0,10.0,921,22693.16,20456.52,1.3888,74.07,1084.24,-541.9,3112.28,7750.11,9594.13,865.27,757.27,1830.4,406.24,8.41,858,92,92,404,0,458,3,23,7,76,213.75,4,82.61
C_3plus1,3,1,PathQualityA20G4_0,600.0,10.0,921,22693.16,20456.52,1.3888,74.07,1084.24,-541.9,3112.28,7750.11,9594.13,865.27,757.27,1830.4,406.24,8.41,858,92,92,404,0,458,3,23,7,76,213.75,4,82.61
C_3plus1,3,1,PathQualityA20G4_0,9999.0,10.0,921,22693.16,20456.52,1.3888,74.07,1084.24,-541.9,3112.28,7750.11,9594.13,865.27,757.27,1830.4,406.24,8.41,858,92,92,404,0,458,3,23,7,76,213.75,4,82.61
C_3plus1,3,1,PathQualityA20G6_0,300.0,10.0,896,22681.44,20480.55,1.3933,74.07,1084.24,-496.98,3105.65,7774.56,9600.34,889.3,811.3,1798.2,402.69,12.48,858,67,67,454,0,458,3,23,7,54,213.75,4,80.6
C_3plus1,3,1,PathQualityA20G6_0,450.0,10.0,896,22681.44,20480.55,1.3933,74.07,1084.24,-496.98,3105.65,7774.56,9600.34,889.3,811.3,1798.2,402.69,12.48,858,67,67,454,0,458,3,23,7,54,213.75,4,80.6
C_3plus1,3,1,PathQualityA20G6_0,600.0,10.0,896,22681.44,20480.55,1.3933,74.07,1084.24,-496.98,3105.65,7774.56,9600.34,889.3,811.3,1798.2,402.69,12.48,858,67,67,454,0,458,3,23,7,54,213.75,4,80.6
C_3plus1,3,1,PathQualityA20G6_0,9999.0,10.0,896,22681.44,20480.55,1.3933,74.07,1084.24,-496.98,3105.65,7774.56,9600.34,889.3,811.3,1798.2,402.69,12.48,858,67,67,454,0,458,3,23,7,54,213.75,4,80.6
C_3plus1,3,1,PathQualityA50G0_0,300.0,10.0,1062,22750.19,20357.65,1.3676,74.07,1109.94,-503.38,3601.84,7284.56,9471.26,1038.19,750.19,1969.81,422.72,3.13,849,242,175,162,0,458,15,29,8,193,213.75,4,79.75
C_3plus1,3,1,PathQualityA50G0_0,450.0,10.0,1062,22750.19,20357.65,1.3676,74.07,1109.94,-503.38,3601.84,7284.56,9471.26,1038.19,750.19,1969.81,422.72,3.13,849,242,175,162,0,458,15,29,8,193,213.75,4,79.75
C_3plus1,3,1,PathQualityA50G0_0,600.0,10.0,1062,22750.19,20357.65,1.3676,74.07,1109.94,-503.38,3601.84,7284.56,9471.26,1038.19,750.19,1969.81,422.72,3.13,849,242,175,162,0,458,15,29,8,193,213.75,4,79.75
C_3plus1,3,1,PathQualityA50G0_0,9999.0,10.0,1062,22750.19,20357.65,1.3676,74.07,1109.94,-503.38,3601.84,7284.56,9471.26,1038.19,750.19,1969.81,422.72,3.13,849,242,175,162,0,458,15,29,8,193,213.75,4,79.75
C_3plus1,3,1,PathQualityA50G1_0,300.0,10.0,1014,22923.66,20584.8,1.3788,77.78,1086.64,-634.73,3451.1,7645.63,9488.07,668.55,442.95,1923.57,415.29,2.36,853,190,144,253,0,458,6,26,9,150,213.75,4,78.95
C_3plus1,3,1,PathQualityA50G1_0,450.0,10.0,1014,22923.66,20584.8,1.3788,77.78,1086.64,-634.73,3451.1,7645.63,9488.07,668.55,442.95,1923.57,415.29,2.36,853,190,144,253,0,458,6,26,9,150,213.75,4,78.95
C_3plus1,3,1,PathQualityA50G1_0,600.0,10.0,1014,22923.66,20584.8,1.3788,77.78,1086.64,-634.73,3451.1,7645.63,9488.07,668.55,442.95,1923.57,415.29,2.36,853,190,144,253,0,458,6,26,9,150,213.75,4,78.95
C_3plus1,3,1,PathQualityA50G1_0,9999.0,10.0,1014,22923.66,20584.8,1.3788,77.78,1086.64,-634.73,3451.1,7645.63,9488.07,668.55,442.95,1923.57,415.29,2.36,853,190,144,253,0,458,6,26,9,150,213.75,4,78.95
C_3plus1,3,1,PathQualityA50G2_0,300.0,10.0,963,22573.7,20286.57,1.3794,77.78,1075.29,-646.44,2973.97,7802.63,9509.97,525.04,363.04,1875.72,411.41,2.69,855,137,106,345,0,458,4,25,8,106,213.75,4,77.37
C_3plus1,3,1,PathQualityA50G2_0,450.0,10.0,963,22573.7,20286.57,1.3794,77.78,1075.29,-646.44,2973.97,7802.63,9509.97,525.04,363.04,1875.72,411.41,2.69,855,137,106,345,0,458,4,25,8,106,213.75,4,77.37
C_3plus1,3,1,PathQualityA50G2_0,600.0,10.0,963,22573.7,20286.57,1.3794,77.78,1075.29,-646.44,2973.97,7802.63,9509.97,525.04,363.04,1875.72,411.41,2.69,855,137,106,345,0,458,4,25,8,106,213.75,4,77.37
C_3plus1,3,1,PathQualityA50G2_0,9999.0,10.0,963,22573.7,20286.57,1.3794,77.78,1075.29,-646.44,2973.97,7802.63,9509.97,525.04,363.04,1875.72,411.41,2.69,855,137,106,345,0,458,4,25,8,106,213.75,4,77.37
C_3plus1,3,1,PathQualityA50G4_0,300.0,10.0,903,22557.43,20327.6,1.3885,74.07,1084.24,-512.84,3114.03,7774.56,9439.01,736.35,649.95,1825.53,404.3,9.03,858,74,78,436,0,458,3,23,7,61,213.75,4,82.43
C_3plus1,3,1,PathQualityA50G4_0,450.0,10.0,903,22557.43,20327.6,1.3885,74.07,1084.24,-512.84,3114.03,7774.56,9439.01,736.35,649.95,1825.53,404.3,9.03,858,74,78,436,0,458,3,23,7,61,213.75,4,82.43
C_3plus1,3,1,PathQualityA50G4_0,600.0,10.0,903,22557.43,20327.6,1.3885,74.07,1084.24,-512.84,3114.03,7774.56,9439.01,736.35,649.95,1825.53,404.3,9.03,858,74,78,436,0,458,3,23,7,61,213.75,4,82.43
C_3plus1,3,1,PathQualityA50G4_0,9999.0,10.0,903,22557.43,20327.6,1.3885,74.07,1084.24,-512.84,3114.03,7774.56,9439.01,736.35,649.95,1825.53,404.3,9.03,858,74,78,436,0,458,3,23,7,61,213.75,4,82.43
C_3plus1,3,1,PathQualityA50G6_0,300.0,10.0,887,22351.68,20161.99,1.3867,74.07,1084.24,-496.98,3158.87,7637.14,9365.98,570.74,503.54,1788.62,401.07,8.99,858,58,60,473,0,458,0,23,7,46,213.75,4,79.31
C_3plus1,3,1,PathQualityA50G6_0,450.0,10.0,887,22351.68,20161.99,1.3867,74.07,1084.24,-496.98,3158.87,7637.14,9365.98,570.74,503.54,1788.62,401.07,8.99,858,58,60,473,0,458,0,23,7,46,213.75,4,79.31
C_3plus1,3,1,PathQualityA50G6_0,600.0,10.0,887,22351.68,20161.99,1.3867,74.07,1084.24,-496.98,3158.87,7637.14,9365.98,570.74,503.54,1788.62,401.07,8.99,858,58,60,473,0,458,0,23,7,46,213.75,4,79.31
C_3plus1,3,1,PathQualityA50G6_0,9999.0,10.0,887,22351.68,20161.99,1.3867,74.07,1084.24,-496.98,3158.87,7637.14,9365.98,570.74,503.54,1788.62,401.07,8.99,858,58,60,473,0,458,0,23,7,46,213.75,4,79.31
C_3plus1,3,1,PathRiskA10G0_0,300.0,10.0,978,22617.72,20425.02,1.3805,74.07,1132.09,-592.88,3040.09,7943.08,9441.85,590.79,410.79,1780.97,411.74,2.74,855,151,112,326,0,458,2,26,9,123,209.5,4,81.46
C_3plus1,3,1,PathRiskA10G0_0,450.0,10.0,978,22617.72,20425.02,1.3805,74.07,1132.09,-592.88,3040.09,7943.08,9441.85,590.79,410.79,1780.97,411.74,2.74,855,151,112,326,0,458,2,26,9,123,209.5,4,81.46
C_3plus1,3,1,PathRiskA10G0_0,600.0,10.0,978,22617.72,20425.02,1.3805,74.07,1132.09,-592.88,3040.09,7943.08,9441.85,590.79,410.79,1780.97,411.74,2.74,855,151,112,326,0,458,2,26,9,123,209.5,4,81.46
C_3plus1,3,1,PathRiskA10G0_0,9999.0,10.0,978,22617.72,20425.02,1.3805,74.07,1132.09,-592.88,3040.09,7943.08,9441.85,590.79,410.79,1780.97,411.74,2.74,855,151,112,326,0,458,2,26,9,123,209.5,4,81.46
C_3plus1,3,1,PathRiskA10G1_0,300.0,10.0,964,22467.72,20322.43,1.3803,77.78,1121.98,-592.88,3123.05,7885.27,9314.11,488.2,325.0,1736.79,408.5,2.39,855,137,103,349,0,458,2,26,9,113,209.5,4,82.48
C_3plus1,3,1,PathRiskA10G1_0,450.0,10.0,964,22467.72,20322.43,1.3803,77.78,1121.98,-592.88,3123.05,7885.27,9314.11,488.2,325.0,1736.79,408.5,2.39,855,137,103,349,0,458,2,26,9,113,209.5,4,82.48
C_3plus1,3,1,PathRiskA10G1_0,600.0,10.0,964,22467.72,20322.43,1.3803,77.78,1121.98,-592.88,3123.05,7885.27,9314.11,488.2,325.0,1736.79,408.5,2.39,855,137,103,349,0,458,2,26,9,113,209.5,4,82.48
C_3plus1,3,1,PathRiskA10G1_0,9999.0,10.0,964,22467.72,20322.43,1.3803,77.78,1121.98,-592.88,3123.05,7885.27,9314.11,488.2,325.0,1736.79,408.5,2.39,855,137,103,349,0,458,2,26,9,113,209.5,4,82.48
C_3plus1,3,1,PathRiskA10G2_0,300.0,10.0,947,22504.89,20378.72,1.3831,77.78,1051.59,-592.88,3234.76,7720.4,9423.56,694.73,553.13,1717.02,409.15,4.69,856,119,94,376,0,458,2,25,8,99,209.5,4,83.19
C_3plus1,3,1,PathRiskA10G2_0,450.0,10.0,947,22504.89,20378.72,1.3831,77.78,1051.59,-592.88,3234.76,7720.4,9423.56,694.73,553.13,1717.02,409.15,4.69,856,119,94,376,0,458,2,25,8,99,209.5,4,83.19
C_3plus1,3,1,PathRiskA10G2_0,600.0,10.0,947,22504.89,20378.72,1.3831,77.78,1051.59,-592.88,3234.76,7720.4,9423.56,694.73,553.13,1717.02,409.15,4.69,856,119,94,376,0,458,2,25,8,99,209.5,4,83.19
C_3plus1,3,1,PathRiskA10G2_0,9999.0,10.0,947,22504.89,20378.72,1.3831,77.78,1051.59,-592.88,3234.76,7720.4,9423.56,694.73,553.13,1717.02,409.15,4.69,856,119,94,376,0,458,2,25,8,99,209.5,4,83.19
C_3plus1,3,1,PathRiskA10G4_0,300.0,10.0,933,22504.43,20405.04,1.386,74.07,1051.59,-592.88,3180.36,7754.67,9470.01,721.05,596.25,1692.82,406.57,5.73,856,105,83,401,0,458,2,25,8,91,209.5,4,86.67
C_3plus1,3,1,PathRiskA10G4_0,450.0,10.0,933,22504.43,20405.04,1.386,74.07,1051.59,-592.88,3180.36,7754.67,9470.01,721.05,596.25,1692.82,406.57,5.73,856,105,83,401,0,458,2,25,8,91,209.5,4,86.67
C_3plus1,3,1,PathRiskA10G4_0,600.0,10.0,933,22504.43,20405.04,1.386,74.07,1051.59,-592.88,3180.36,7754.67,9470.01,721.05,596.25,1692.82,406.57,5.73,856,105,83,401,0,458,2,25,8,91,209.5,4,86.67
C_3plus1,3,1,PathRiskA10G4_0,9999.0,10.0,933,22504.43,20405.04,1.386,74.07,1051.59,-592.88,3180.36,7754.67,9470.01,721.05,596.25,1692.82,406.57,5.73,856,105,83,401,0,458,2,25,8,91,209.5,4,86.67
C_3plus1,3,1,PathRiskA10G6_0,300.0,10.0,903,22503.45,20467.55,1.393,74.07,1051.59,-541.0,3350.15,7763.98,9353.42,654.03,566.43,1634.51,401.39,7.76,857,74,63,454,0,458,0,24,7,66,209.5,4,89.19
C_3plus1,3,1,PathRiskA10G6_0,450.0,10.0,903,22503.45,20467.55,1.393,74.07,1051.59,-541.0,3350.15,7763.98,9353.42,654.03,566.43,1634.51,401.39,7.76,857,74,63,454,0,458,0,24,7,66,209.5,4,89.19
C_3plus1,3,1,PathRiskA10G6_0,600.0,10.0,903,22503.45,20467.55,1.393,74.07,1051.59,-541.0,3350.15,7763.98,9353.42,654.03,566.43,1634.51,401.39,7.76,857,74,63,454,0,458,0,24,7,66,209.5,4,89.19
C_3plus1,3,1,PathRiskA10G6_0,9999.0,10.0,903,22503.45,20467.55,1.393,74.07,1051.59,-541.0,3350.15,7763.98,9353.42,654.03,566.43,1634.51,401.39,7.76,857,74,63,454,0,458,0,24,7,66,209.5,4,89.19
C_3plus1,3,1,PathRiskA20G0_0,300.0,10.0,1006,22673.66,20449.05,1.3779,74.07,1132.09,-576.77,3111.59,7770.7,9566.76,625.8,411.0,1813.2,411.41,2.3,854,180,125,284,0,458,3,26,9,148,209.5,4,82.22
C_3plus1,3,1,PathRiskA20G0_0,450.0,10.0,1006,22673.66,20449.05,1.3779,74.07,1132.09,-576.77,3111.59,7770.7,9566.76,625.8,411.0,1813.2,411.41,2.3,854,180,125,284,0,458,3,26,9,148,209.5,4,82.22
C_3plus1,3,1,PathRiskA20G0_0,600.0,10.0,1006,22673.66,20449.05,1.3779,74.07,1132.09,-576.77,3111.59,7770.7,9566.76,625.8,411.0,1813.2,411.41,2.3,854,180,125,284,0,458,3,26,9,148,209.5,4,82.22
C_3plus1,3,1,PathRiskA20G0_0,9999.0,10.0,1006,22673.66,20449.05,1.3779,74.07,1132.09,-576.77,3111.59,7770.7,9566.76,625.8,411.0,1813.2,411.41,2.3,854,180,125,284,0,458,3,26,9,148,209.5,4,82.22
C_3plus1,3,1,PathRiskA20G1_0,300.0,10.0,968,22317.46,20170.19,1.376,74.07,1132.09,-592.88,3040.09,7816.0,9314.11,335.96,167.96,1738.44,408.83,1.2,855,141,103,345,0,458,2,26,9,117,209.5,4,82.98
C_3plus1,3,1,PathRiskA20G1_0,450.0,10.0,968,22317.46,20170.19,1.376,74.07,1132.09,-592.88,3040.09,7816.0,9314.11,335.96,167.96,1738.44,408.83,1.2,855,141,103,345,0,458,2,26,9,117,209.5,4,82.98
C_3plus1,3,1,PathRiskA20G1_0,600.0,10.0,968,22317.46,20170.19,1.376,74.07,1132.09,-592.88,3040.09,7816.0,9314.11,335.96,167.96,1738.44,408.83,1.2,855,141,103,345,0,458,2,26,9,117,209.5,4,82.98
C_3plus1,3,1,PathRiskA20G1_0,9999.0,10.0,968,22317.46,20170.19,1.376,74.07,1132.09,-592.88,3040.09,7816.0,9314.11,335.96,167.96,1738.44,408.83,1.2,855,141,103,345,0,458,2,26,9,117,209.5,4,82.98
C_3plus1,3,1,PathRiskA20G2_0,300.0,10.0,944,22414.15,20290.7,1.3813,77.78,1051.59,-592.88,3234.76,7632.38,9423.56,606.71,468.71,1714.3,409.15,4.08,856,116,94,379,0,458,2,25,8,98,209.5,4,84.48
C_3plus1,3,1,PathRiskA20G2_0,450.0,10.0,944,22414.15,20290.7,1.3813,77.78,1051.59,-592.88,3234.76,7632.38,9423.56,606.71,468.71,1714.3,409.15,4.08,856,116,94,379,0,458,2,25,8,98,209.5,4,84.48
C_3plus1,3,1,PathRiskA20G2_0,600.0,10.0,944,22414.15,20290.7,1.3813,77.78,1051.59,-592.88,3234.76,7632.38,9423.56,606.71,468.71,1714.3,409.15,4.08,856,116,94,379,0,458,2,25,8,98,209.5,4,84.48
C_3plus1,3,1,PathRiskA20G2_0,9999.0,10.0,944,22414.15,20290.7,1.3813,77.78,1051.59,-592.88,3234.76,7632.38,9423.56,606.71,468.71,1714.3,409.15,4.08,856,116,94,379,0,458,2,25,8,98,209.5,4,84.48
C_3plus1,3,1,PathRiskA20G4_0,300.0,10.0,920,22352.45,20272.72,1.3851,74.07,1051.59,-541.0,3202.26,7753.49,9316.97,588.73,479.53,1675.1,404.63,5.27,856,92,71,426,0,458,2,25,8,81,209.5,4,88.04
C_3plus1,3,1,PathRiskA20G4_0,450.0,10.0,920,22352.45,20272.72,1.3851,74.07,1051.59,-541.0,3202.26,7753.49,9316.97,588.73,479.53,1675.1,404.63,5.27,856,92,71,426,0,458,2,25,8,81,209.5,4,88.04
C_3plus1,3,1,PathRiskA20G4_0,600.0,10.0,920,22352.45,20272.72,1.3851,74.07,1051.59,-541.0,3202.26,7753.49,9316.97,588.73,479.53,1675.1,404.63,5.27,856,92,71,426,0,458,2,25,8,81,209.5,4,88.04
C_3plus1,3,1,PathRiskA20G4_0,9999.0,10.0,920,22352.45,20272.72,1.3851,74.07,1051.59,-541.0,3202.26,7753.49,9316.97,588.73,479.53,1675.1,404.63,5.27,856,92,71,426,0,458,2,25,8,81,209.5,4,88.04
C_3plus1,3,1,PathRiskA20G6_0,300.0,10.0,894,22514.97,20486.23,1.3947,74.07,1051.59,-541.0,3309.19,7809.6,9367.44,672.71,595.91,1629.61,399.13,9.31,857,65,50,476,0,458,0,24,7,58,209.5,4,89.23
C_3plus1,3,1,PathRiskA20G6_0,450.0,10.0,894,22514.97,20486.23,1.3947,74.07,1051.59,-541.0,3309.19,7809.6,9367.44,672.71,595.91,1629.61,399.13,9.31,857,65,50,476,0,458,0,24,7,58,209.5,4,89.23
C_3plus1,3,1,PathRiskA20G6_0,600.0,10.0,894,22514.97,20486.23,1.3947,74.07,1051.59,-541.0,3309.19,7809.6,9367.44,672.71,595.91,1629.61,399.13,9.31,857,65,50,476,0,458,0,24,7,58,209.5,4,89.23
C_3plus1,3,1,PathRiskA20G6_0,9999.0,10.0,894,22514.97,20486.23,1.3947,74.07,1051.59,-541.0,3309.19,7809.6,9367.44,672.71,595.91,1629.61,399.13,9.31,857,65,50,476,0,458,0,24,7,58,209.5,4,89.23
C_3plus1,3,1,PathRiskA50G0_0,300.0,10.0,1029,22728.4,20512.62,1.3778,77.78,1118.14,-576.88,3382.36,7563.5,9566.76,767.06,521.06,1805.66,410.12,2.54,851,206,141,235,0,458,9,30,9,159,209.5,4,77.18
C_3plus1,3,1,PathRiskA50G0_0,450.0,10.0,1029,22728.4,20512.62,1.3778,77.78,1118.14,-576.88,3382.36,7563.5,9566.76,767.06,521.06,1805.66,410.12,2.54,851,206,141,235,0,458,9,30,9,159,209.5,4,77.18
C_3plus1,3,1,PathRiskA50G0_0,600.0,10.0,1029,22728.4,20512.62,1.3778,77.78,1118.14,-576.88,3382.36,7563.5,9566.76,767.06,521.06,1805.66,410.12,2.54,851,206,141,235,0,458,9,30,9,159,209.5,4,77.18
C_3plus1,3,1,PathRiskA50G0_0,9999.0,10.0,1029,22728.4,20512.62,1.3778,77.78,1118.14,-576.88,3382.36,7563.5,9566.76,767.06,521.06,1805.66,410.12,2.54,851,206,141,235,0,458,9,30,9,159,209.5,4,77.18
C_3plus1,3,1,PathRiskA50G1_0,300.0,10.0,979,22354.68,20187.6,1.3754,74.07,1132.09,-592.88,3132.19,7741.3,9314.11,317.93,134.33,1756.96,410.12,0.88,853,154,113,321,0,458,4,27,9,127,209.5,4,82.47
C_3plus1,3,1,PathRiskA50G1_0,450.0,10.0,979,22354.68,20187.6,1.3754,74.07,1132.09,-592.88,3132.19,7741.3,9314.11,317.93,134.33,1756.96,410.12,0.88,853,154,113,321,0,458,4,27,9,127,209.5,4,82.47
C_3plus1,3,1,PathRiskA50G1_0,600.0,10.0,979,22354.68,20187.6,1.3754,74.07,1132.09,-592.88,3132.19,7741.3,9314.11,317.93,134.33,1756.96,410.12,0.88,853,154,113,321,0,458,4,27,9,127,209.5,4,82.47
C_3plus1,3,1,PathRiskA50G1_0,9999.0,10.0,979,22354.68,20187.6,1.3754,74.07,1132.09,-592.88,3132.19,7741.3,9314.11,317.93,134.33,1756.96,410.12,0.88,853,154,113,321,0,458,4,27,9,127,209.5,4,82.47
C_3plus1,3,1,PathRiskA50G2_0,300.0,10.0,939,22308.38,20191.73,1.3799,77.78,1051.59,-590.47,3074.71,7700.83,9416.19,507.74,375.74,1708.79,407.86,3.42,856,111,88,390,0,458,2,25,8,95,209.5,4,85.59
C_3plus1,3,1,PathRiskA50G2_0,450.0,10.0,939,22308.38,20191.73,1.3799,77.78,1051.59,-590.47,3074.71,7700.83,9416.19,507.74,375.74,1708.79,407.86,3.42,856,111,88,390,0,458,2,25,8,95,209.5,4,85.59
C_3plus1,3,1,PathRiskA50G2_0,600.0,10.0,939,22308.38,20191.73,1.3799,77.78,1051.59,-590.47,3074.71,7700.83,9416.19,507.74,375.74,1708.79,407.86,3.42,856,111,88,390,0,458,2,25,8,95,209.5,4,85.59
C_3plus1,3,1,PathRiskA50G2_0,9999.0,10.0,939,22308.38,20191.73,1.3799,77.78,1051.59,-590.47,3074.71,7700.83,9416.19,507.74,375.74,1708.79,407.86,3.42,856,111,88,390,0,458,2,25,8,95,209.5,4,85.59
C_3plus1,3,1,PathRiskA50G4_0,300.0,10.0,890,22405.93,20385.63,1.3931,74.07,1051.59,-541.0,3160.93,7774.95,9449.75,701.64,628.44,1621.49,398.81,10.3,856,62,52,477,0,458,0,25,8,56,209.5,4,90.32
C_3plus1,3,1,PathRiskA50G4_0,450.0,10.0,890,22405.93,20385.63,1.3931,74.07,1051.59,-541.0,3160.93,7774.95,9449.75,701.64,628.44,1621.49,398.81,10.3,856,62,52,477,0,458,0,25,8,56,209.5,4,90.32
C_3plus1,3,1,PathRiskA50G4_0,600.0,10.0,890,22405.93,20385.63,1.3931,74.07,1051.59,-541.0,3160.93,7774.95,9449.75,701.64,628.44,1621.49,398.81,10.3,856,62,52,477,0,458,0,25,8,56,209.5,4,90.32
C_3plus1,3,1,PathRiskA50G4_0,9999.0,10.0,890,22405.93,20385.63,1.3931,74.07,1051.59,-541.0,3160.93,7774.95,9449.75,701.64,628.44,1621.49,398.81,10.3,856,62,52,477,0,458,0,25,8,56,209.5,4,90.32
C_3plus1,3,1,PathRiskA50G6_0,300.0,10.0,879,22397.43,20401.25,1.3953,74.07,1051.59,-541.0,3303.86,7867.93,9229.46,587.73,528.93,1599.31,396.87,10.79,857,50,45,496,0,458,0,24,7,44,209.5,4,88.0
C_3plus1,3,1,PathRiskA50G6_0,450.0,10.0,879,22397.43,20401.25,1.3953,74.07,1051.59,-541.0,3303.86,7867.93,9229.46,587.73,528.93,1599.31,396.87,10.79,857,50,45,496,0,458,0,24,7,44,209.5,4,88.0
C_3plus1,3,1,PathRiskA50G6_0,600.0,10.0,879,22397.43,20401.25,1.3953,74.07,1051.59,-541.0,3303.86,7867.93,9229.46,587.73,528.93,1599.31,396.87,10.79,857,50,45,496,0,458,0,24,7,44,209.5,4,88.0
C_3plus1,3,1,PathRiskA50G6_0,9999.0,10.0,879,22397.43,20401.25,1.3953,74.07,1051.59,-541.0,3303.86,7867.93,9229.46,587.73,528.93,1599.31,396.87,10.79,857,50,45,496,0,458,0,24,7,44,209.5,4,88.0
D_3plus3,3,3,All,300.0,10.0,1126,25213.56,21137.07,1.2906,70.37,1376.01,-963.17,3657.84,7962.74,9516.48,2605.47,1395.87,3569.42,507.08,4.15,812,338,224,0,2,458,24,72,17,264,297.75,6,78.11
D_3plus3,3,3,All,450.0,10.0,1126,25208.31,21182.76,1.2914,70.37,1376.01,-963.17,3657.84,8187.16,9337.76,2651.17,1441.57,3518.47,507.08,4.29,812,338,226,0,0,458,24,72,17,264,309.75,6,78.11
D_3plus3,3,3,All,600.0,10.0,1126,25208.31,21182.76,1.2914,70.37,1376.01,-963.17,3657.84,8187.16,9337.76,2651.17,1441.57,3518.47,507.08,4.29,812,338,226,0,0,458,24,72,17,264,309.75,6,78.11
D_3plus3,3,3,All,9999.0,10.0,1126,25208.31,21182.76,1.2914,70.37,1376.01,-963.17,3657.84,8187.16,9337.76,2651.17,1441.57,3518.47,507.08,4.29,812,338,226,0,0,458,24,72,17,264,309.75,6,78.11
D_3plus3,3,3,Opposite,300.0,10.0,925,22355.84,20086.49,1.3588,81.48,1155.8,-664.8,3451.05,8266.37,8369.07,-101.13,-450.33,1850.5,418.85,-4.64,855,97,58,434,0,458,0,28,9,0,256.5,6,0.0
D_3plus3,3,3,Opposite,450.0,10.0,925,22355.84,20086.49,1.3588,81.48,1155.8,-664.8,3451.05,8266.37,8369.07,-101.13,-450.33,1850.5,418.85,-4.64,855,97,58,434,0,458,0,28,9,0,256.5,6,0.0
D_3plus3,3,3,Opposite,600.0,10.0,925,22355.84,20086.49,1.3588,81.48,1155.8,-664.8,3451.05,8266.37,8369.07,-101.13,-450.33,1850.5,418.85,-4.64,855,97,58,434,0,458,0,28,9,0,256.5,6,0.0
D_3plus3,3,3,Opposite,9999.0,10.0,925,22355.84,20086.49,1.3588,81.48,1155.8,-664.8,3451.05,8266.37,8369.07,-101.13,-450.33,1850.5,418.85,-4.64,855,97,58,434,0,458,0,28,9,0,256.5,6,0.0
D_3plus3,3,3,LongOnly,300.0,10.0,975,21956.08,19006.86,1.3083,74.07,1402.26,-781.73,2066.61,8026.78,8913.48,424.69,-147.71,2446.02,503.2,-0.93,843,159,115,306,0,458,10,39,12,118,297.75,6,74.21
D_3plus3,3,3,LongOnly,450.0,10.0,975,21956.08,19006.86,1.3083,74.07,1402.26,-781.73,2066.61,8026.78,8913.48,424.69,-147.71,2446.02,503.2,-0.93,843,159,115,306,0,458,10,39,12,118,297.75,6,74.21
D_3plus3,3,3,LongOnly,600.0,10.0,975,21956.08,19006.86,1.3083,74.07,1402.26,-781.73,2066.61,8026.78,8913.48,424.69,-147.71,2446.02,503.2,-0.93,843,159,115,306,0,458,10,39,12,118,297.75,6,74.21
D_3plus3,3,3,LongOnly,9999.0,10.0,975,21956.08,19006.86,1.3083,74.07,1402.26,-781.73,2066.61,8026.78,8913.48,424.69,-147.71,2446.02,503.2,-0.93,843,159,115,306,0,458,10,39,12,118,297.75,6,74.21
D_3plus3,3,3,ShortOnly,300.0,10.0,1020,24592.5,21346.27,1.3353,77.78,1516.58,-889.19,3559.95,8258.67,9527.66,1527.52,753.52,2837.08,409.15,3.5,827,217,137,220,2,458,5,64,12,161,294.75,6,74.19
D_3plus3,3,3,ShortOnly,450.0,10.0,1020,24587.25,21391.97,1.3361,77.78,1516.58,-889.19,3559.95,8483.08,9348.94,1573.21,799.21,2786.13,409.15,3.72,827,217,139,220,0,458,5,64,12,161,309.75,6,74.19
D_3plus3,3,3,ShortOnly,600.0,10.0,1020,24587.25,21391.97,1.3361,77.78,1516.58,-889.19,3559.95,8483.08,9348.94,1573.21,799.21,2786.13,409.15,3.72,827,217,139,220,0,458,5,64,12,161,309.75,6,74.19
D_3plus3,3,3,ShortOnly,9999.0,10.0,1020,24587.25,21391.97,1.3361,77.78,1516.58,-889.19,3559.95,8483.08,9348.94,1573.21,799.21,2786.13,409.15,3.72,827,217,139,220,0,458,5,64,12,161,309.75,6,74.19
D_3plus3,3,3,SQ50,300.0,10.0,1091,24082.06,20110.17,1.2813,77.78,1548.27,-906.82,3266.86,7718.88,9124.43,1345.92,291.12,3471.6,500.29,0.99,820,294,189,84,2,458,20,63,14,246,297.75,6,83.67
D_3plus3,3,3,SQ50,450.0,10.0,1091,24076.81,20155.87,1.282,77.78,1548.27,-906.82,3266.86,7943.3,8945.71,1391.61,336.81,3420.65,500.29,1.15,820,294,191,84,0,458,20,63,14,246,309.75,6,83.67
D_3plus3,3,3,SQ50,600.0,10.0,1091,24076.81,20155.87,1.282,77.78,1548.27,-906.82,3266.86,7943.3,8945.71,1391.61,336.81,3420.65,500.29,1.15,820,294,191,84,0,458,20,63,14,246,309.75,6,83.67
D_3plus3,3,3,SQ50,9999.0,10.0,1091,24076.81,20155.87,1.282,77.78,1548.27,-906.82,3266.86,7943.3,8945.71,1391.61,336.81,3420.65,500.29,1.15,820,294,191,84,0,458,20,63,14,246,309.75,6,83.67
D_3plus3,3,3,SQ60,300.0,10.0,1004,23306.59,19727.23,1.3009,70.37,1446.52,-751.97,3669.87,6849.69,9207.67,944.4,213.6,3113.98,465.38,1.05,826,203,147,222,2,458,8,64,15,175,297.75,6,86.21
D_3plus3,3,3,SQ60,450.0,10.0,1004,23301.34,19772.92,1.3017,70.37,1446.52,-751.97,3669.87,7074.1,9028.95,990.1,259.3,3063.03,465.38,1.28,826,203,149,222,0,458,8,64,15,175,309.75,6,86.21
D_3plus3,3,3,SQ60,600.0,10.0,1004,23301.34,19772.92,1.3017,70.37,1446.52,-751.97,3669.87,7074.1,9028.95,990.1,259.3,3063.03,465.38,1.28,826,203,149,222,0,458,8,64,15,175,309.75,6,86.21
D_3plus3,3,3,SQ60,9999.0,10.0,1004,23301.34,19772.92,1.3017,70.37,1446.52,-751.97,3669.87,7074.1,9028.95,990.1,259.3,3063.03,465.38,1.28,826,203,149,222,0,458,8,64,15,175,309.75,6,86.21
D_3plus3,3,3,Regime40,300.0,10.0,998,22435.66,19121.89,1.2967,66.67,1545.81,-720.17,3772.58,5723.74,9625.58,962.43,274.83,2845.47,468.29,1.44,833,191,126,255,2,458,4,61,13,165,297.75,6,86.39
D_3plus3,3,3,Regime40,450.0,10.0,998,22430.41,19167.59,1.2975,66.67,1545.81,-720.17,3772.58,5948.15,9446.86,1008.13,320.53,2794.53,468.29,1.68,833,191,128,255,0,458,4,61,13,165,309.75,6,86.39
D_3plus3,3,3,Regime40,600.0,10.0,998,22430.41,19167.59,1.2975,66.67,1545.81,-720.17,3772.58,5948.15,9446.86,1008.13,320.53,2794.53,468.29,1.68,833,191,128,255,0,458,4,61,13,165,309.75,6,86.39
D_3plus3,3,3,Regime40,9999.0,10.0,998,22430.41,19167.59,1.2975,66.67,1545.81,-720.17,3772.58,5948.15,9446.86,1008.13,320.53,2794.53,468.29,1.68,833,191,128,255,0,458,4,61,13,165,309.75,6,86.39
D_3plus3,3,3,Risk20,300.0,10.0,1111,22320.09,18484.75,1.2488,66.67,1427.31,-963.17,2829.04,6992.45,8663.25,18.05,-1133.95,3338.93,496.41,-3.54,813,322,214,29,0,458,24,70,16,248,284.25,6,77.02
D_3plus3,3,3,Risk20,450.0,10.0,1111,22320.09,18484.75,1.2488,66.67,1427.31,-963.17,2829.04,6992.45,8663.25,18.05,-1133.95,3338.93,496.41,-3.54,813,322,214,29,0,458,24,70,16,248,284.25,6,77.02
D_3plus3,3,3,Risk20,600.0,10.0,1111,22320.09,18484.75,1.2488,66.67,1427.31,-963.17,2829.04,6992.45,8663.25,18.05,-1133.95,3338.93,496.41,-3.54,813,322,214,29,0,458,24,70,16,248,284.25,6,77.02
D_3plus3,3,3,Risk20,9999.0,10.0,1111,22320.09,18484.75,1.2488,66.67,1427.31,-963.17,2829.04,6992.45,8663.25,18.05,-1133.95,3338.93,496.41,-3.54,813,322,214,29,0,458,24,70,16,248,284.25,6,77.02
D_3plus3,3,3,Risk25,300.0,10.0,1125,24483.06,20456.73,1.2785,70.37,1376.01,-963.17,2925.59,8014.66,9516.48,1925.14,719.14,3521.19,505.14,2.15,812,337,223,3,1,458,24,72,17,263,297.75,6,78.04
D_3plus3,3,3,Risk25,450.0,10.0,1124,24655.56,20681.15,1.2834,70.37,1376.01,-963.17,2925.59,8239.08,9516.48,2149.56,947.16,3470.24,504.17,2.84,812,336,225,3,0,458,24,72,17,262,304.5,6,77.98
D_3plus3,3,3,Risk25,600.0,10.0,1124,24655.56,20681.15,1.2834,70.37,1376.01,-963.17,2925.59,8239.08,9516.48,2149.56,947.16,3470.24,504.17,2.84,812,336,225,3,0,458,24,72,17,262,304.5,6,77.98
D_3plus3,3,3,Risk25,9999.0,10.0,1124,24655.56,20681.15,1.2834,70.37,1376.01,-963.17,2925.59,8239.08,9516.48,2149.56,947.16,3470.24,504.17,2.84,812,336,225,3,0,458,24,72,17,262,304.5,6,77.98
D_3plus3,3,3,RR2,300.0,10.0,908,22595.05,19502.44,1.3384,77.78,1179.64,-609.37,3262.01,7355.42,8885.02,256.65,-63.75,2634.98,457.63,-0.72,845,90,84,409,2,458,0,42,11,76,294.75,6,84.44
D_3plus3,3,3,RR2,450.0,10.0,908,22589.8,19548.14,1.3393,77.78,1179.64,-609.37,3262.01,7579.83,8706.3,302.34,-18.06,2584.03,457.63,-0.2,845,90,86,409,0,458,0,42,11,76,309.75,6,84.44
D_3plus3,3,3,RR2,600.0,10.0,908,22589.8,19548.14,1.3393,77.78,1179.64,-609.37,3262.01,7579.83,8706.3,302.34,-18.06,2584.03,457.63,-0.2,845,90,86,409,0,458,0,42,11,76,309.75,6,84.44
D_3plus3,3,3,RR2,9999.0,10.0,908,22589.8,19548.14,1.3393,77.78,1179.64,-609.37,3262.01,7579.83,8706.3,302.34,-18.06,2584.03,457.63,-0.2,845,90,86,409,0,458,0,42,11,76,309.75,6,84.44
D_3plus3,3,3,PathA10G0_0,300.0,10.0,997,23299.9,19794.3,1.3013,70.37,1483.53,-909.0,2225.36,6991.1,10577.84,2341.64,1661.24,2982.04,523.56,8.79,832,191,145,239,1,458,12,52,14,151,297.75,6,79.06
D_3plus3,3,3,PathA10G0_0,450.0,10.0,998,23122.15,19615.58,1.2966,70.37,1483.53,-909.0,2225.36,6991.1,10399.12,2162.92,1478.92,2982.04,524.53,7.78,832,192,145,239,0,458,12,52,14,152,309.75,6,79.17
D_3plus3,3,3,PathA10G0_0,600.0,10.0,998,23122.15,19615.58,1.2966,70.37,1483.53,-909.0,2225.36,6991.1,10399.12,2162.92,1478.92,2982.04,524.53,7.78,832,192,145,239,0,458,12,52,14,152,309.75,6,79.17
D_3plus3,3,3,PathA10G0_0,9999.0,10.0,998,23122.15,19615.58,1.2966,70.37,1483.53,-909.0,2225.36,6991.1,10399.12,2162.92,1478.92,2982.04,524.53,7.78,832,192,145,239,0,458,12,52,14,152,309.75,6,79.17
D_3plus3,3,3,PathA10G1_0,300.0,10.0,971,24548.65,21005.88,1.3338,74.07,1463.98,-909.0,2240.91,7929.89,10835.09,1883.06,1325.06,3042.48,500.29,8.55,840,157,122,302,2,458,4,45,13,127,297.75,6,80.89
D_3plus3,3,3,PathA10G1_0,450.0,10.0,971,24543.4,21051.58,1.3347,74.07,1463.98,-909.0,2240.91,8154.3,10656.37,1928.76,1370.76,2991.53,500.29,8.84,840,157,124,302,0,458,4,45,13,127,309.75,6,80.89
D_3plus3,3,3,PathA10G1_0,600.0,10.0,971,24543.4,21051.58,1.3347,74.07,1463.98,-909.0,2240.91,8154.3,10656.37,1928.76,1370.76,2991.53,500.29,8.84,840,157,124,302,0,458,4,45,13,127,309.75,6,80.89
D_3plus3,3,3,PathA10G1_0,9999.0,10.0,971,24543.4,21051.58,1.3347,74.07,1463.98,-909.0,2240.91,8154.3,10656.37,1928.76,1370.76,2991.53,500.29,8.84,840,157,124,302,0,458,4,45,13,127,309.75,6,80.89
D_3plus3,3,3,PathA10G2_0,300.0,10.0,947,24508.9,21157.61,1.3475,74.07,1435.21,-769.72,2392.63,7929.89,10835.09,2070.22,1605.82,2877.18,474.11,12.45,842,131,107,346,2,458,3,41,13,107,297.75,6,81.68
D_3plus3,3,3,PathA10G2_0,450.0,10.0,947,24503.65,21203.3,1.3483,74.07,1435.21,-769.72,2392.63,8154.3,10656.37,2115.92,1651.52,2826.24,474.11,12.8,842,131,109,346,0,458,3,41,13,107,309.75,6,81.68
D_3plus3,3,3,PathA10G2_0,600.0,10.0,947,24503.65,21203.3,1.3483,74.07,1435.21,-769.72,2392.63,8154.3,10656.37,2115.92,1651.52,2826.24,474.11,12.8,842,131,109,346,0,458,3,41,13,107,309.75,6,81.68
D_3plus3,3,3,PathA10G2_0,9999.0,10.0,947,24503.65,21203.3,1.3483,74.07,1435.21,-769.72,2392.63,8154.3,10656.37,2115.92,1651.52,2826.24,474.11,12.8,842,131,109,346,0,458,3,41,13,107,309.75,6,81.68
D_3plus3,3,3,PathA10G4_0,300.0,10.0,927,24306.1,21065.3,1.3546,77.78,1278.95,-769.72,2766.56,7446.33,10852.4,1582.15,1204.15,2777.36,463.45,11.47,846,107,90,386,2,458,3,38,11,84,297.75,6,78.5
D_3plus3,3,3,PathA10G4_0,450.0,10.0,927,24300.85,21110.99,1.3555,77.78,1278.95,-769.72,2766.56,7670.75,10673.68,1627.85,1249.85,2726.41,463.45,11.9,846,107,92,386,0,458,3,38,11,84,309.75,6,78.5
D_3plus3,3,3,PathA10G4_0,600.0,10.0,927,24300.85,21110.99,1.3555,77.78,1278.95,-769.72,2766.56,7670.75,10673.68,1627.85,1249.85,2726.41,463.45,11.9,846,107,92,386,0,458,3,38,11,84,309.75,6,78.5
D_3plus3,3,3,PathA10G4_0,9999.0,10.0,927,24300.85,21110.99,1.3555,77.78,1278.95,-769.72,2766.56,7670.75,10673.68,1627.85,1249.85,2726.41,463.45,11.9,846,107,92,386,0,458,3,38,11,84,309.75,6,78.5
D_3plus3,3,3,PathA10G6_0,300.0,10.0,903,24408.16,21400.71,1.3729,74.07,1204.86,-718.4,2807.49,7470.82,11122.4,1982.46,1694.46,2560.49,446.96,21.18,847,82,78,427,2,458,0,36,10,68,297.75,6,82.93
D_3plus3,3,3,PathA10G6_0,450.0,10.0,903,24402.91,21446.4,1.3738,74.07,1204.86,-718.4,2807.49,7695.24,10943.68,2028.15,1740.15,2509.54,446.96,21.75,847,82,80,427,0,458,0,36,10,68,309.75,6,82.93
D_3plus3,3,3,PathA10G6_0,600.0,10.0,903,24402.91,21446.4,1.3738,74.07,1204.86,-718.4,2807.49,7695.24,10943.68,2028.15,1740.15,2509.54,446.96,21.75,847,82,80,427,0,458,0,36,10,68,309.75,6,82.93
D_3plus3,3,3,PathA10G6_0,9999.0,10.0,903,24402.91,21446.4,1.3738,74.07,1204.86,-718.4,2807.49,7695.24,10943.68,2028.15,1740.15,2509.54,446.96,21.75,847,82,80,427,0,458,0,36,10,68,309.75,6,82.93
D_3plus3,3,3,PathA20G0_0,300.0,10.0,999,24130.0,20670.88,1.3191,70.37,1463.98,-909.0,3101.94,6991.1,10577.84,2894.21,2210.21,2936.53,522.59,11.63,833,192,148,235,1,458,12,51,13,152,297.75,6,79.17
D_3plus3,3,3,PathA20G0_0,450.0,10.0,1000,23952.25,20492.16,1.3143,70.37,1463.98,-909.0,3101.94,6991.1,10399.12,2715.49,2027.89,2936.53,523.56,10.62,833,193,148,235,0,458,12,51,13,153,309.75,6,79.27
D_3plus3,3,3,PathA20G0_0,600.0,10.0,1000,23952.25,20492.16,1.3143,70.37,1463.98,-909.0,3101.94,6991.1,10399.12,2715.49,2027.89,2936.53,523.56,10.62,833,193,148,235,0,458,12,51,13,153,309.75,6,79.27
D_3plus3,3,3,PathA20G0_0,9999.0,10.0,1000,23952.25,20492.16,1.3143,70.37,1463.98,-909.0,3101.94,6991.1,10399.12,2715.49,2027.89,2936.53,523.56,10.62,833,193,148,235,0,458,12,51,13,153,309.75,6,79.27
D_3plus3,3,3,PathA20G1_0,300.0,10.0,972,24527.65,20990.34,1.3333,74.07,1483.53,-909.0,2225.36,7929.89,10835.09,1867.51,1305.91,3038.0,499.32,8.37,840,158,123,300,2,458,4,45,13,127,297.75,6,80.38
D_3plus3,3,3,PathA20G1_0,450.0,10.0,972,24522.4,21036.03,1.3341,74.07,1483.53,-909.0,2225.36,8154.3,10656.37,1913.21,1351.61,2987.05,499.32,8.66,840,158,125,300,0,458,4,45,13,127,309.75,6,80.38
D_3plus3,3,3,PathA20G1_0,600.0,10.0,972,24522.4,21036.03,1.3341,74.07,1483.53,-909.0,2225.36,8154.3,10656.37,1913.21,1351.61,2987.05,499.32,8.66,840,158,125,300,0,458,4,45,13,127,309.75,6,80.38
D_3plus3,3,3,PathA20G1_0,9999.0,10.0,972,24522.4,21036.03,1.3341,74.07,1483.53,-909.0,2225.36,8154.3,10656.37,1913.21,1351.61,2987.05,499.32,8.66,840,158,125,300,0,458,4,45,13,127,309.75,6,80.38
D_3plus3,3,3,PathA20G2_0,300.0,10.0,947,24508.9,21157.61,1.3475,74.07,1435.21,-769.72,2392.63,7929.89,10835.09,2070.22,1605.82,2877.18,474.11,12.45,842,131,107,346,2,458,3,41,13,107,297.75,6,81.68
D_3plus3,3,3,PathA20G2_0,450.0,10.0,947,24503.65,21203.3,1.3483,74.07,1435.21,-769.72,2392.63,8154.3,10656.37,2115.92,1651.52,2826.24,474.11,12.8,842,131,109,346,0,458,3,41,13,107,309.75,6,81.68
D_3plus3,3,3,PathA20G2_0,600.0,10.0,947,24503.65,21203.3,1.3483,74.07,1435.21,-769.72,2392.63,8154.3,10656.37,2115.92,1651.52,2826.24,474.11,12.8,842,131,109,346,0,458,3,41,13,107,309.75,6,81.68
D_3plus3,3,3,PathA20G2_0,9999.0,10.0,947,24503.65,21203.3,1.3483,74.07,1435.21,-769.72,2392.63,8154.3,10656.37,2115.92,1651.52,2826.24,474.11,12.8,842,131,109,346,0,458,3,41,13,107,309.75,6,81.68
D_3plus3,3,3,PathA20G4_0,300.0,10.0,920,24126.88,20949.2,1.354,74.07,1204.86,-769.72,2728.25,7368.55,10852.4,1466.05,1113.25,2718.11,459.57,11.36,846,100,88,395,2,458,3,38,11,81,297.75,6,81.0
D_3plus3,3,3,PathA20G4_0,450.0,10.0,920,24121.63,20994.9,1.3548,74.07,1204.86,-769.72,2728.25,7592.97,10673.68,1511.75,1158.95,2667.17,459.57,11.83,846,100,90,395,0,458,3,38,11,81,309.75,6,81.0
D_3plus3,3,3,PathA20G4_0,600.0,10.0,920,24121.63,20994.9,1.3548,74.07,1204.86,-769.72,2728.25,7592.97,10673.68,1511.75,1158.95,2667.17,459.57,11.83,846,100,90,395,0,458,3,38,11,81,309.75,6,81.0
D_3plus3,3,3,PathA20G4_0,9999.0,10.0,920,24121.63,20994.9,1.3548,74.07,1204.86,-769.72,2728.25,7592.97,10673.68,1511.75,1158.95,2667.17,459.57,11.83,846,100,90,395,0,458,3,38,11,81,309.75,6,81.0
D_3plus3,3,3,PathA20G6_0,300.0,10.0,901,23854.75,20845.47,1.361,74.07,1204.86,-682.55,2752.18,7470.82,10622.47,1421.12,1154.72,2558.44,450.84,15.6,851,76,72,441,2,458,0,30,10,62,297.75,6,81.58
D_3plus3,3,3,PathA20G6_0,450.0,10.0,901,23849.5,20891.16,1.3619,74.07,1204.86,-682.55,2752.18,7695.24,10443.75,1466.82,1200.42,2507.49,450.84,16.22,851,76,74,441,0,458,0,30,10,62,309.75,6,81.58
D_3plus3,3,3,PathA20G6_0,600.0,10.0,901,23849.5,20891.16,1.3619,74.07,1204.86,-682.55,2752.18,7695.24,10443.75,1466.82,1200.42,2507.49,450.84,16.22,851,76,74,441,0,458,0,30,10,62,309.75,6,81.58
D_3plus3,3,3,PathA20G6_0,9999.0,10.0,901,23849.5,20891.16,1.3619,74.07,1204.86,-682.55,2752.18,7695.24,10443.75,1466.82,1200.42,2507.49,450.84,16.22,851,76,74,441,0,458,0,30,10,62,309.75,6,81.58
D_3plus3,3,3,PathA50G0_0,300.0,10.0,1016,24136.75,20623.3,1.3139,70.37,1310.64,-1046.41,3076.81,7010.09,10536.4,2859.56,2114.36,2992.8,520.65,10.21,833,209,158,208,1,458,13,50,12,163,297.75,6,77.99
D_3plus3,3,3,PathA50G0_0,450.0,10.0,1017,23959.0,20444.58,1.3092,70.37,1310.64,-1046.41,3076.81,7010.09,10357.68,2680.84,1932.04,2992.8,521.62,9.29,833,210,158,208,0,458,13,50,12,164,309.75,6,78.1
D_3plus3,3,3,PathA50G0_0,600.0,10.0,1017,23959.0,20444.58,1.3092,70.37,1310.64,-1046.41,3076.81,7010.09,10357.68,2680.84,1932.04,2992.8,521.62,9.29,833,210,158,208,0,458,13,50,12,164,309.75,6,78.1
D_3plus3,3,3,PathA50G0_0,9999.0,10.0,1017,23959.0,20444.58,1.3092,70.37,1310.64,-1046.41,3076.81,7010.09,10357.68,2680.84,1932.04,2992.8,521.62,9.29,833,210,158,208,0,458,13,50,12,164,309.75,6,78.1
D_3plus3,3,3,PathA50G1_0,300.0,10.0,972,24527.65,20990.34,1.3333,74.07,1483.53,-909.0,2225.36,7929.89,10835.09,1867.51,1305.91,3038.0,499.32,8.37,840,158,123,300,2,458,4,45,13,127,297.75,6,80.38
D_3plus3,3,3,PathA50G1_0,450.0,10.0,972,24522.4,21036.03,1.3341,74.07,1483.53,-909.0,2225.36,8154.3,10656.37,1913.21,1351.61,2987.05,499.32,8.66,840,158,125,300,0,458,4,45,13,127,309.75,6,80.38
D_3plus3,3,3,PathA50G1_0,600.0,10.0,972,24522.4,21036.03,1.3341,74.07,1483.53,-909.0,2225.36,8154.3,10656.37,1913.21,1351.61,2987.05,499.32,8.66,840,158,125,300,0,458,4,45,13,127,309.75,6,80.38
D_3plus3,3,3,PathA50G1_0,9999.0,10.0,972,24522.4,21036.03,1.3341,74.07,1483.53,-909.0,2225.36,8154.3,10656.37,1913.21,1351.61,2987.05,499.32,8.66,840,158,125,300,0,458,4,45,13,127,309.75,6,80.38
D_3plus3,3,3,PathA50G2_0,300.0,10.0,970,24928.15,21376.89,1.343,70.37,1463.98,-909.0,1906.13,8043.33,11427.44,1771.07,1227.47,3050.97,500.29,8.13,843,153,122,307,2,458,4,41,12,123,297.75,6,80.39
D_3plus3,3,3,PathA50G2_0,450.0,10.0,970,24922.9,21422.59,1.3438,70.37,1463.98,-909.0,1906.13,8267.74,11248.72,1816.77,1273.17,3000.02,500.29,8.43,843,153,124,307,0,458,4,41,12,123,309.75,6,80.39
D_3plus3,3,3,PathA50G2_0,600.0,10.0,970,24922.9,21422.59,1.3438,70.37,1463.98,-909.0,1906.13,8267.74,11248.72,1816.77,1273.17,3000.02,500.29,8.43,843,153,124,307,0,458,4,41,12,123,309.75,6,80.39
D_3plus3,3,3,PathA50G2_0,9999.0,10.0,970,24922.9,21422.59,1.3438,70.37,1463.98,-909.0,1906.13,8267.74,11248.72,1816.77,1273.17,3000.02,500.29,8.43,843,153,124,307,0,458,4,41,12,123,309.75,6,80.39
D_3plus3,3,3,PathA50G4_0,300.0,10.0,901,23854.75,20845.47,1.361,74.07,1204.86,-682.55,2752.18,7470.82,10622.47,1421.12,1154.72,2558.44,450.84,15.6,851,76,72,441,2,458,0,30,10,62,297.75,6,81.58
D_3plus3,3,3,PathA50G4_0,450.0,10.0,901,23849.5,20891.16,1.3619,74.07,1204.86,-682.55,2752.18,7695.24,10443.75,1466.82,1200.42,2507.49,450.84,16.22,851,76,74,441,0,458,0,30,10,62,309.75,6,81.58
D_3plus3,3,3,PathA50G4_0,600.0,10.0,901,23849.5,20891.16,1.3619,74.07,1204.86,-682.55,2752.18,7695.24,10443.75,1466.82,1200.42,2507.49,450.84,16.22,851,76,74,441,0,458,0,30,10,62,309.75,6,81.58
D_3plus3,3,3,PathA50G4_0,9999.0,10.0,901,23849.5,20891.16,1.3619,74.07,1204.86,-682.55,2752.18,7695.24,10443.75,1466.82,1200.42,2507.49,450.84,16.22,851,76,74,441,0,458,0,30,10,62,309.75,6,81.58
D_3plus3,3,3,PathA50G6_0,300.0,10.0,895,23507.41,20522.48,1.3559,70.37,1204.86,-682.55,2788.62,7519.78,10214.08,1098.14,853.34,2537.97,446.96,12.55,851,70,68,451,2,458,0,30,10,59,297.75,6,84.29
D_3plus3,3,3,PathA50G6_0,450.0,10.0,895,23502.16,20568.18,1.3568,70.37,1204.86,-682.55,2788.62,7744.2,10035.36,1143.83,899.03,2487.02,446.96,13.22,851,70,70,451,0,458,0,30,10,59,309.75,6,84.29
D_3plus3,3,3,PathA50G6_0,600.0,10.0,895,23502.16,20568.18,1.3568,70.37,1204.86,-682.55,2788.62,7744.2,10035.36,1143.83,899.03,2487.02,446.96,13.22,851,70,70,451,0,458,0,30,10,59,309.75,6,84.29
D_3plus3,3,3,PathA50G6_0,9999.0,10.0,895,23502.16,20568.18,1.3568,70.37,1204.86,-682.55,2788.62,7744.2,10035.36,1143.83,899.03,2487.02,446.96,13.22,851,70,70,451,0,458,0,30,10,59,309.75,6,84.29
D_3plus3,3,3,PathSessionA10G0_0,300.0,10.0,1050,26052.9,22390.42,1.3437,81.48,1374.11,-936.64,2724.98,8760.16,10905.28,3631.63,2749.63,3160.26,502.23,11.22,828,247,182,147,1,458,7,60,14,189,297.75,6,76.52
D_3plus3,3,3,PathSessionA10G0_0,450.0,10.0,1049,26225.4,22614.83,1.3492,81.48,1374.11,-936.64,2724.98,8984.57,10905.28,3856.05,2977.65,3109.31,501.26,12.2,828,246,184,147,0,458,7,60,14,188,304.5,6,76.42
D_3plus3,3,3,PathSessionA10G0_0,600.0,10.0,1049,26225.4,22614.83,1.3492,81.48,1374.11,-936.64,2724.98,8984.57,10905.28,3856.05,2977.65,3109.31,501.26,12.2,828,246,184,147,0,458,7,60,14,188,304.5,6,76.42
D_3plus3,3,3,PathSessionA10G0_0,9999.0,10.0,1049,26225.4,22614.83,1.3492,81.48,1374.11,-936.64,2724.98,8984.57,10905.28,3856.05,2977.65,3109.31,501.26,12.2,828,246,184,147,0,458,7,60,14,188,304.5,6,76.42
D_3plus3,3,3,PathSessionA10G1_0,300.0,10.0,1040,25715.43,22078.82,1.3412,85.19,1374.11,-936.64,2872.87,8735.4,10470.54,3320.03,2474.03,3134.39,502.23,10.53,828,237,179,160,1,458,7,60,14,184,297.75,6,77.64
D_3plus3,3,3,PathSessionA10G1_0,450.0,10.0,1039,25887.93,22303.23,1.3468,85.19,1374.11,-936.64,2872.87,8959.81,10470.54,3544.45,2702.05,3083.44,501.26,11.55,828,236,181,160,0,458,7,60,14,183,304.5,6,77.54
D_3plus3,3,3,PathSessionA10G1_0,600.0,10.0,1039,25887.93,22303.23,1.3468,85.19,1374.11,-936.64,2872.87,8959.81,10470.54,3544.45,2702.05,3083.44,501.26,11.55,828,236,181,160,0,458,7,60,14,183,304.5,6,77.54
D_3plus3,3,3,PathSessionA10G1_0,9999.0,10.0,1039,25887.93,22303.23,1.3468,85.19,1374.11,-936.64,2872.87,8959.81,10470.54,3544.45,2702.05,3083.44,501.26,11.55,828,236,181,160,0,458,7,60,14,183,304.5,6,77.54
D_3plus3,3,3,PathSessionA10G2_0,300.0,10.0,1004,25394.15,21955.73,1.3526,81.48,1356.51,-677.9,2943.82,8520.05,10491.86,3054.53,2338.13,2951.7,486.71,11.75,828,201,153,222,1,458,5,62,14,158,297.75,6,78.61
D_3plus3,3,3,PathSessionA10G2_0,450.0,10.0,1003,25566.65,22180.15,1.3583,81.48,1356.51,-677.9,2943.82,8744.46,10491.86,3278.95,2566.15,2900.76,485.75,12.96,828,200,155,222,0,458,5,62,14,157,304.5,6,78.5
D_3plus3,3,3,PathSessionA10G2_0,600.0,10.0,1003,25566.65,22180.15,1.3583,81.48,1356.51,-677.9,2943.82,8744.46,10491.86,3278.95,2566.15,2900.76,485.75,12.96,828,200,155,222,0,458,5,62,14,157,304.5,6,78.5
D_3plus3,3,3,PathSessionA10G2_0,9999.0,10.0,1003,25566.65,22180.15,1.3583,81.48,1356.51,-677.9,2943.82,8744.46,10491.86,3278.95,2566.15,2900.76,485.75,12.96,828,200,155,222,0,458,5,62,14,157,304.5,6,78.5
D_3plus3,3,3,PathSessionA10G4_0,300.0,10.0,934,23875.84,20919.09,1.3563,74.07,1122.41,-504.92,3426.62,7895.61,9596.86,1530.31,1127.11,2503.96,452.78,10.06,846,113,85,386,1,458,3,38,9,85,297.75,6,75.22
D_3plus3,3,3,PathSessionA10G4_0,450.0,10.0,933,24048.34,21143.51,1.3624,74.07,1122.41,-504.92,3426.62,8120.02,9596.86,1754.73,1355.13,2453.02,451.81,12.21,846,112,87,386,0,458,3,38,9,84,304.5,6,75.0
D_3plus3,3,3,PathSessionA10G4_0,600.0,10.0,933,24048.34,21143.51,1.3624,74.07,1122.41,-504.92,3426.62,8120.02,9596.86,1754.73,1355.13,2453.02,451.81,12.21,846,112,87,386,0,458,3,38,9,84,304.5,6,75.0
D_3plus3,3,3,PathSessionA10G4_0,9999.0,10.0,933,24048.34,21143.51,1.3624,74.07,1122.41,-504.92,3426.62,8120.02,9596.86,1754.73,1355.13,2453.02,451.81,12.21,846,112,87,386,0,458,3,38,9,84,304.5,6,75.0
D_3plus3,3,3,PathSessionA10G6_0,300.0,10.0,923,23804.59,20878.98,1.3593,66.67,1146.41,-469.07,3229.5,8126.67,9522.8,1490.2,1126.6,2473.8,451.81,11.15,846,102,70,412,1,458,3,38,9,78,297.75,6,76.47
D_3plus3,3,3,PathSessionA10G6_0,450.0,10.0,922,23977.09,21103.39,1.3655,66.67,1146.41,-469.07,3229.5,8351.09,9522.8,1714.61,1354.61,2422.86,450.84,13.55,846,101,72,412,0,458,3,38,9,77,304.5,6,76.24
D_3plus3,3,3,PathSessionA10G6_0,600.0,10.0,922,23977.09,21103.39,1.3655,66.67,1146.41,-469.07,3229.5,8351.09,9522.8,1714.61,1354.61,2422.86,450.84,13.55,846,101,72,412,0,458,3,38,9,77,304.5,6,76.24
D_3plus3,3,3,PathSessionA10G6_0,9999.0,10.0,922,23977.09,21103.39,1.3655,66.67,1146.41,-469.07,3229.5,8351.09,9522.8,1714.61,1354.61,2422.86,450.84,13.55,846,101,72,412,0,458,3,38,9,77,304.5,6,76.24
D_3plus3,3,3,PathSessionA20G0_0,300.0,10.0,1048,26378.37,22712.39,1.3503,81.48,1374.11,-936.64,3198.17,8608.94,10905.28,3905.41,3016.21,3165.7,500.29,12.21,824,249,185,139,1,458,7,67,14,192,297.75,6,77.11
D_3plus3,3,3,PathSessionA20G0_0,450.0,10.0,1047,26550.87,22936.8,1.3559,81.48,1374.11,-936.64,3198.17,8833.35,10905.28,4129.83,3244.23,3114.75,499.32,13.19,824,248,187,139,0,458,7,67,14,191,304.5,6,77.02
D_3plus3,3,3,PathSessionA20G0_0,600.0,10.0,1047,26550.87,22936.8,1.3559,81.48,1374.11,-936.64,3198.17,8833.35,10905.28,4129.83,3244.23,3114.75,499.32,13.19,824,248,187,139,0,458,7,67,14,191,304.5,6,77.02
D_3plus3,3,3,PathSessionA20G0_0,9999.0,10.0,1047,26550.87,22936.8,1.3559,81.48,1374.11,-936.64,3198.17,8833.35,10905.28,4129.83,3244.23,3114.75,499.32,13.19,824,248,187,139,0,458,7,67,14,191,304.5,6,77.02
D_3plus3,3,3,PathSessionA20G1_0,300.0,10.0,1042,25548.15,21901.75,1.3364,81.48,1374.11,-936.64,2857.33,8573.88,10470.54,3142.97,2289.77,3144.17,502.23,9.66,828,239,180,157,1,458,7,60,14,184,297.75,6,76.99
D_3plus3,3,3,PathSessionA20G1_0,450.0,10.0,1041,25720.65,22126.17,1.3419,81.48,1374.11,-936.64,2857.33,8798.29,10470.54,3367.38,2517.78,3093.23,501.26,10.67,828,238,182,157,0,458,7,60,14,183,304.5,6,76.89
D_3plus3,3,3,PathSessionA20G1_0,600.0,10.0,1041,25720.65,22126.17,1.3419,81.48,1374.11,-936.64,2857.33,8798.29,10470.54,3367.38,2517.78,3093.23,501.26,10.67,828,238,182,157,0,458,7,60,14,183,304.5,6,76.89
D_3plus3,3,3,PathSessionA20G1_0,9999.0,10.0,1041,25720.65,22126.17,1.3419,81.48,1374.11,-936.64,2857.33,8798.29,10470.54,3367.38,2517.78,3093.23,501.26,10.67,828,238,182,157,0,458,7,60,14,183,304.5,6,76.89
D_3plus3,3,3,PathSessionA20G2_0,300.0,10.0,1005,25341.65,21892.34,1.3507,81.48,1356.51,-677.9,2880.43,8520.05,10491.86,2991.14,2271.14,2961.63,487.68,11.36,828,202,153,221,1,458,5,62,14,159,297.75,6,78.71
D_3plus3,3,3,PathSessionA20G2_0,450.0,10.0,1004,25514.15,22116.75,1.3565,81.48,1356.51,-677.9,2880.43,8744.46,10491.86,3215.55,2499.15,2910.68,486.71,12.56,828,201,155,221,0,458,5,62,14,158,304.5,6,78.61
D_3plus3,3,3,PathSessionA20G2_0,600.0,10.0,1004,25514.15,22116.75,1.3565,81.48,1356.51,-677.9,2880.43,8744.46,10491.86,3215.55,2499.15,2910.68,486.71,12.56,828,201,155,221,0,458,5,62,14,158,304.5,6,78.61
D_3plus3,3,3,PathSessionA20G2_0,9999.0,10.0,1004,25514.15,22116.75,1.3565,81.48,1356.51,-677.9,2880.43,8744.46,10491.86,3215.55,2499.15,2910.68,486.71,12.56,828,201,155,221,0,458,5,62,14,158,304.5,6,78.61
D_3plus3,3,3,PathSessionA20G4_0,300.0,10.0,928,23680.09,20718.95,1.3533,70.37,1146.41,-469.07,3300.54,7895.61,9522.8,1330.17,948.57,2507.39,453.75,8.95,846,107,74,403,1,458,3,38,9,81,297.75,6,75.7
D_3plus3,3,3,PathSessionA20G4_0,450.0,10.0,927,23852.59,20943.36,1.3595,70.37,1146.41,-469.07,3300.54,8120.02,9522.8,1554.58,1176.58,2456.45,452.78,11.21,846,106,76,403,0,458,3,38,9,80,304.5,6,75.47
D_3plus3,3,3,PathSessionA20G4_0,600.0,10.0,927,23852.59,20943.36,1.3595,70.37,1146.41,-469.07,3300.54,8120.02,9522.8,1554.58,1176.58,2456.45,452.78,11.21,846,106,76,403,0,458,3,38,9,80,304.5,6,75.47
D_3plus3,3,3,PathSessionA20G4_0,9999.0,10.0,927,23852.59,20943.36,1.3595,70.37,1146.41,-469.07,3300.54,8120.02,9522.8,1554.58,1176.58,2456.45,452.78,11.21,846,106,76,403,0,458,3,38,9,80,304.5,6,75.47
D_3plus3,3,3,PathSessionA20G6_0,300.0,10.0,906,23033.59,20252.88,1.3523,70.37,1069.59,-496.8,3338.16,7955.21,8959.51,922.36,637.96,2333.75,446.96,8.08,851,80,64,442,1,458,3,31,9,63,297.75,6,78.75
D_3plus3,3,3,PathSessionA20G6_0,450.0,10.0,905,23206.09,20477.29,1.3586,70.37,1069.59,-496.8,3338.16,8179.63,8959.51,1146.77,865.97,2282.8,445.99,11.1,851,79,66,442,0,458,3,31,9,62,304.5,6,78.48
D_3plus3,3,3,PathSessionA20G6_0,600.0,10.0,905,23206.09,20477.29,1.3586,70.37,1069.59,-496.8,3338.16,8179.63,8959.51,1146.77,865.97,2282.8,445.99,11.1,851,79,66,442,0,458,3,31,9,62,304.5,6,78.48
D_3plus3,3,3,PathSessionA20G6_0,9999.0,10.0,905,23206.09,20477.29,1.3586,70.37,1069.59,-496.8,3338.16,8179.63,8959.51,1146.77,865.97,2282.8,445.99,11.1,851,79,66,442,0,458,3,31,9,62,304.5,6,78.48
D_3plus3,3,3,PathSessionA50G0_0,300.0,10.0,1063,27219.69,23577.75,1.3636,85.19,1143.04,-859.74,3789.67,8608.94,11179.14,4677.08,3733.88,3142.62,499.32,14.25,824,264,196,117,1,458,9,61,14,202,297.75,6,76.52
D_3plus3,3,3,PathSessionA50G0_0,450.0,10.0,1062,27392.19,23802.17,1.3692,85.19,1143.04,-859.74,3789.67,8833.35,11179.14,4901.5,3961.9,3091.67,498.35,15.18,824,263,198,117,0,458,9,61,14,201,304.5,6,76.43
D_3plus3,3,3,PathSessionA50G0_0,600.0,10.0,1062,27392.19,23802.17,1.3692,85.19,1143.04,-859.74,3789.67,8833.35,11179.14,4901.5,3961.9,3091.67,498.35,15.18,824,263,198,117,0,458,9,61,14,201,304.5,6,76.43
D_3plus3,3,3,PathSessionA50G0_0,9999.0,10.0,1062,27392.19,23802.17,1.3692,85.19,1143.04,-859.74,3789.67,8833.35,11179.14,4901.5,3961.9,3091.67,498.35,15.18,824,263,198,117,0,458,9,61,14,201,304.5,6,76.43
D_3plus3,3,3,PathSessionA50G1_0,300.0,10.0,1034,25890.84,22285.09,1.3472,81.48,1374.11,-936.64,3330.52,8280.29,10674.29,3299.62,2468.02,3109.34,496.41,10.68,826,233,172,169,1,458,7,64,13,179,297.75,6,76.82
D_3plus3,3,3,PathSessionA50G1_0,450.0,10.0,1033,26063.34,22509.51,1.3528,81.48,1374.11,-936.64,3330.52,8504.7,10674.29,3524.04,2696.04,3058.39,495.44,11.72,826,232,174,169,0,458,7,64,13,178,304.5,6,76.72
D_3plus3,3,3,PathSessionA50G1_0,600.0,10.0,1033,26063.34,22509.51,1.3528,81.48,1374.11,-936.64,3330.52,8504.7,10674.29,3524.04,2696.04,3058.39,495.44,11.72,826,232,174,169,0,458,7,64,13,178,304.5,6,76.72
D_3plus3,3,3,PathSessionA50G1_0,9999.0,10.0,1033,26063.34,22509.51,1.3528,81.48,1374.11,-936.64,3330.52,8504.7,10674.29,3524.04,2696.04,3058.39,495.44,11.72,826,232,174,169,0,458,7,64,13,178,304.5,6,76.72
D_3plus3,3,3,PathSessionA50G2_0,300.0,10.0,997,23078.9,19684.0,1.3054,70.37,1431.58,-1072.81,2312.81,7895.23,9475.96,782.8,91.6,2903.34,491.56,0.48,828,194,142,240,1,458,5,62,14,151,297.75,6,77.84
D_3plus3,3,3,PathSessionA50G2_0,450.0,10.0,996,23251.4,19908.41,1.311,70.37,1431.58,-1072.81,2312.81,8119.65,9475.96,1007.21,319.61,2852.39,490.59,1.67,828,193,144,240,0,458,5,62,14,150,304.5,6,77.72
D_3plus3,3,3,PathSessionA50G2_0,600.0,10.0,996,23251.4,19908.41,1.311,70.37,1431.58,-1072.81,2312.81,8119.65,9475.96,1007.21,319.61,2852.39,490.59,1.67,828,193,144,240,0,458,5,62,14,150,304.5,6,77.72
D_3plus3,3,3,PathSessionA50G2_0,9999.0,10.0,996,23251.4,19908.41,1.311,70.37,1431.58,-1072.81,2312.81,8119.65,9475.96,1007.21,319.61,2852.39,490.59,1.67,828,193,144,240,0,458,5,62,14,150,304.5,6,77.72
D_3plus3,3,3,PathSessionA50G4_0,300.0,10.0,908,22969.81,20175.25,1.3498,70.37,1069.59,-496.8,3335.44,7834.87,9004.95,844.73,553.13,2347.59,446.96,6.83,851,82,66,438,1,458,3,31,9,65,297.75,6,79.27
D_3plus3,3,3,PathSessionA50G4_0,450.0,10.0,907,23142.31,20399.67,1.3561,70.37,1069.59,-496.8,3335.44,8059.28,9004.95,1069.15,781.15,2296.65,445.99,9.76,851,81,68,438,0,458,3,31,9,64,304.5,6,79.01
D_3plus3,3,3,PathSessionA50G4_0,600.0,10.0,907,23142.31,20399.67,1.3561,70.37,1069.59,-496.8,3335.44,8059.28,9004.95,1069.15,781.15,2296.65,445.99,9.76,851,81,68,438,0,458,3,31,9,64,304.5,6,79.01
D_3plus3,3,3,PathSessionA50G4_0,9999.0,10.0,907,23142.31,20399.67,1.3561,70.37,1069.59,-496.8,3335.44,8059.28,9004.95,1069.15,781.15,2296.65,445.99,9.76,851,81,68,438,0,458,3,31,9,64,304.5,6,79.01
D_3plus3,3,3,PathSessionA50G6_0,300.0,10.0,874,23097.19,20595.76,1.3769,74.07,1023.26,-496.8,3349.61,7777.48,9468.68,843.96,689.16,2085.49,415.94,16.03,855,44,31,515,1,458,0,26,7,34,294.75,6,77.27
D_3plus3,3,3,PathSessionA50G6_0,450.0,10.0,873,23269.69,20820.18,1.3835,74.07,1023.26,-496.8,3349.61,8001.89,9468.68,1068.38,917.18,2034.54,414.97,21.84,855,43,33,515,0,458,0,26,7,33,304.5,6,76.74
D_3plus3,3,3,PathSessionA50G6_0,600.0,10.0,873,23269.69,20820.18,1.3835,74.07,1023.26,-496.8,3349.61,8001.89,9468.68,1068.38,917.18,2034.54,414.97,21.84,855,43,33,515,0,458,0,26,7,33,304.5,6,76.74
D_3plus3,3,3,PathSessionA50G6_0,9999.0,10.0,873,23269.69,20820.18,1.3835,74.07,1023.26,-496.8,3349.61,8001.89,9468.68,1068.38,917.18,2034.54,414.97,21.84,855,43,33,515,0,458,0,26,7,33,304.5,6,76.74
D_3plus3,3,3,PathQualityA10G0_0,300.0,10.0,1017,25152.94,21524.64,1.3323,77.78,1344.42,-1001.17,3462.19,8058.93,10003.52,2430.36,1674.36,3138.68,489.62,7.97,830,212,159,205,2,458,6,58,15,166,297.75,6,78.3
D_3plus3,3,3,PathQualityA10G0_0,450.0,10.0,1017,25147.69,21570.33,1.3331,77.78,1344.42,-1001.17,3462.19,8283.35,9824.8,2476.05,1720.05,3087.73,489.62,8.19,830,212,161,205,0,458,6,58,15,166,309.75,6,78.3
D_3plus3,3,3,PathQualityA10G0_0,600.0,10.0,1017,25147.69,21570.33,1.3331,77.78,1344.42,-1001.17,3462.19,8283.35,9824.8,2476.05,1720.05,3087.73,489.62,8.19,830,212,161,205,0,458,6,58,15,166,309.75,6,78.3
D_3plus3,3,3,PathQualityA10G0_0,9999.0,10.0,1017,25147.69,21570.33,1.3331,77.78,1344.42,-1001.17,3462.19,8283.35,9824.8,2476.05,1720.05,3087.73,489.62,8.19,830,212,161,205,0,458,6,58,15,166,309.75,6,78.3
D_3plus3,3,3,PathQualityA10G1_0,300.0,10.0,983,23627.5,20136.67,1.3152,77.78,1197.31,-982.32,2707.2,7425.95,10003.52,1511.36,881.36,3012.84,477.99,5.04,831,177,132,268,2,458,4,58,16,138,297.75,6,77.97
D_3plus3,3,3,PathQualityA10G1_0,450.0,10.0,983,23622.25,20182.37,1.316,77.78,1197.31,-982.32,2707.2,7650.37,9824.8,1557.06,927.06,2961.89,477.99,5.3,831,177,134,268,0,458,4,58,16,138,309.75,6,77.97
D_3plus3,3,3,PathQualityA10G1_0,600.0,10.0,983,23622.25,20182.37,1.316,77.78,1197.31,-982.32,2707.2,7650.37,9824.8,1557.06,927.06,2961.89,477.99,5.3,831,177,134,268,0,458,4,58,16,138,309.75,6,77.97
D_3plus3,3,3,PathQualityA10G1_0,9999.0,10.0,983,23622.25,20182.37,1.316,77.78,1197.31,-982.32,2707.2,7650.37,9824.8,1557.06,927.06,2961.89,477.99,5.3,831,177,134,268,0,458,4,58,16,138,309.75,6,77.97
D_3plus3,3,3,PathQualityA10G2_0,300.0,10.0,968,23335.69,19925.53,1.3162,74.07,1197.31,-982.32,2241.61,7415.14,10268.77,1233.25,653.65,2938.96,471.2,4.06,830,163,118,296,2,458,4,59,16,126,297.75,6,77.3
D_3plus3,3,3,PathQualityA10G2_0,450.0,10.0,968,23330.44,19971.23,1.317,74.07,1197.31,-982.32,2241.61,7639.56,10090.05,1278.94,699.34,2888.01,471.2,4.34,830,163,120,296,0,458,4,59,16,126,309.75,6,77.3
D_3plus3,3,3,PathQualityA10G2_0,600.0,10.0,968,23330.44,19971.23,1.317,74.07,1197.31,-982.32,2241.61,7639.56,10090.05,1278.94,699.34,2888.01,471.2,4.34,830,163,120,296,0,458,4,59,16,126,309.75,6,77.3
D_3plus3,3,3,PathQualityA10G2_0,9999.0,10.0,968,23330.44,19971.23,1.317,74.07,1197.31,-982.32,2241.61,7639.56,10090.05,1278.94,699.34,2888.01,471.2,4.34,830,163,120,296,0,458,4,59,16,126,309.75,6,77.3
D_3plus3,3,3,PathQualityA10G4_0,300.0,10.0,922,25338.97,22247.24,1.3878,77.78,1286.18,-655.79,3010.97,8321.55,10914.73,2921.73,2572.53,2639.92,451.81,26.52,849,99,92,393,2,458,3,34,9,81,297.75,6,81.82
D_3plus3,3,3,PathQualityA10G4_0,450.0,10.0,922,25333.72,22292.94,1.3886,77.78,1286.18,-655.79,3010.97,8545.96,10736.01,2967.43,2618.23,2588.97,451.81,26.99,849,99,94,393,0,458,3,34,9,81,309.75,6,81.82
D_3plus3,3,3,PathQualityA10G4_0,600.0,10.0,922,25333.72,22292.94,1.3886,77.78,1286.18,-655.79,3010.97,8545.96,10736.01,2967.43,2618.23,2588.97,451.81,26.99,849,99,94,393,0,458,3,34,9,81,309.75,6,81.82
D_3plus3,3,3,PathQualityA10G4_0,9999.0,10.0,922,25333.72,22292.94,1.3886,77.78,1286.18,-655.79,3010.97,8545.96,10736.01,2967.43,2618.23,2588.97,451.81,26.99,849,99,94,393,0,458,3,34,9,81,309.75,6,81.82
D_3plus3,3,3,PathQualityA10G6_0,300.0,10.0,905,25356.13,22299.44,1.3963,77.78,1286.18,-604.47,3071.52,8024.04,11203.88,2973.93,2685.93,2613.61,443.09,33.57,849,82,83,419,2,458,3,34,9,68,297.75,6,82.93
D_3plus3,3,3,PathQualityA10G6_0,450.0,10.0,905,25350.88,22345.14,1.3972,77.78,1286.18,-604.47,3071.52,8248.46,11025.16,3019.62,2731.62,2562.66,443.09,34.15,849,82,85,419,0,458,3,34,9,68,309.75,6,82.93
D_3plus3,3,3,PathQualityA10G6_0,600.0,10.0,905,25350.88,22345.14,1.3972,77.78,1286.18,-604.47,3071.52,8248.46,11025.16,3019.62,2731.62,2562.66,443.09,34.15,849,82,85,419,0,458,3,34,9,68,309.75,6,82.93
D_3plus3,3,3,PathQualityA10G6_0,9999.0,10.0,905,25350.88,22345.14,1.3972,77.78,1286.18,-604.47,3071.52,8248.46,11025.16,3019.62,2731.62,2562.66,443.09,34.15,849,82,85,419,0,458,3,34,9,68,309.75,6,82.93
D_3plus3,3,3,PathQualityA20G0_0,300.0,10.0,1022,25664.38,22081.6,1.3428,77.78,1344.42,-756.18,4086.37,8058.93,9936.3,2857.79,2087.39,3094.13,488.65,9.75,831,216,162,198,2,458,6,57,14,169,297.75,6,78.24
D_3plus3,3,3,PathQualityA20G0_0,450.0,10.0,1022,25659.13,22127.3,1.3436,77.78,1344.42,-756.18,4086.37,8283.35,9757.58,2903.48,2133.08,3043.18,488.65,9.97,831,216,164,198,0,458,6,57,14,169,309.75,6,78.24
D_3plus3,3,3,PathQualityA20G0_0,600.0,10.0,1022,25659.13,22127.3,1.3436,77.78,1344.42,-756.18,4086.37,8283.35,9757.58,2903.48,2133.08,3043.18,488.65,9.97,831,216,164,198,0,458,6,57,14,169,309.75,6,78.24
D_3plus3,3,3,PathQualityA20G0_0,9999.0,10.0,1022,25659.13,22127.3,1.3436,77.78,1344.42,-756.18,4086.37,8283.35,9757.58,2903.48,2133.08,3043.18,488.65,9.97,831,216,164,198,0,458,6,57,14,169,309.75,6,78.24
D_3plus3,3,3,PathQualityA20G1_0,300.0,10.0,987,23945.5,20441.08,1.3211,77.78,1197.31,-1036.64,3011.6,7425.95,10003.52,1815.76,1171.36,3026.44,477.99,6.54,831,181,136,260,2,458,4,58,16,142,297.75,6,78.45
D_3plus3,3,3,PathQualityA20G1_0,450.0,10.0,987,23940.25,20486.77,1.322,77.78,1197.31,-1036.64,3011.6,7650.37,9824.8,1861.46,1217.06,2975.49,477.99,6.8,831,181,138,260,0,458,4,58,16,142,309.75,6,78.45
D_3plus3,3,3,PathQualityA20G1_0,600.0,10.0,987,23940.25,20486.77,1.322,77.78,1197.31,-1036.64,3011.6,7650.37,9824.8,1861.46,1217.06,2975.49,477.99,6.8,831,181,138,260,0,458,4,58,16,142,309.75,6,78.45
D_3plus3,3,3,PathQualityA20G1_0,9999.0,10.0,987,23940.25,20486.77,1.322,77.78,1197.31,-1036.64,3011.6,7650.37,9824.8,1861.46,1217.06,2975.49,477.99,6.8,831,181,138,260,0,458,4,58,16,142,309.75,6,78.45
D_3plus3,3,3,PathQualityA20G2_0,300.0,10.0,965,23788.0,20418.22,1.3298,74.07,1197.31,-982.32,2241.61,7756.61,10419.99,1852.55,1290.95,2900.52,469.26,8.28,832,158,118,302,2,458,4,56,14,123,297.75,6,77.85
D_3plus3,3,3,PathQualityA20G2_0,450.0,10.0,965,23782.75,20463.91,1.3306,74.07,1197.31,-982.32,2241.61,7981.03,10241.27,1898.24,1336.64,2849.57,469.26,8.57,832,158,120,302,0,458,4,56,14,123,309.75,6,77.85
D_3plus3,3,3,PathQualityA20G2_0,600.0,10.0,965,23782.75,20463.91,1.3306,74.07,1197.31,-982.32,2241.61,7981.03,10241.27,1898.24,1336.64,2849.57,469.26,8.57,832,158,120,302,0,458,4,56,14,123,309.75,6,77.85
D_3plus3,3,3,PathQualityA20G2_0,9999.0,10.0,965,23782.75,20463.91,1.3306,74.07,1197.31,-982.32,2241.61,7981.03,10241.27,1898.24,1336.64,2849.57,469.26,8.57,832,158,120,302,0,458,4,56,14,123,309.75,6,77.85
D_3plus3,3,3,PathQualityA20G4_0,300.0,10.0,914,24999.13,21944.85,1.3844,77.78,1286.18,-655.79,3010.97,7950.69,10983.19,2619.34,2298.94,2606.34,447.93,25.83,849,91,89,404,2,458,3,34,9,75,297.75,6,82.42
D_3plus3,3,3,PathQualityA20G4_0,450.0,10.0,914,24993.88,21990.55,1.3853,77.78,1286.18,-655.79,3010.97,8175.1,10804.48,2665.04,2344.64,2555.4,447.93,26.34,849,91,91,404,0,458,3,34,9,75,309.75,6,82.42
D_3plus3,3,3,PathQualityA20G4_0,600.0,10.0,914,24993.88,21990.55,1.3853,77.78,1286.18,-655.79,3010.97,8175.1,10804.48,2665.04,2344.64,2555.4,447.93,26.34,849,91,91,404,0,458,3,34,9,75,309.75,6,82.42
D_3plus3,3,3,PathQualityA20G4_0,9999.0,10.0,914,24993.88,21990.55,1.3853,77.78,1286.18,-655.79,3010.97,8175.1,10804.48,2665.04,2344.64,2555.4,447.93,26.34,849,91,91,404,0,458,3,34,9,75,309.75,6,82.42
D_3plus3,3,3,PathQualityA20G6_0,300.0,10.0,895,24855.97,21889.45,1.391,77.78,1286.18,-521.04,2991.09,8024.04,10874.32,2622.2,2388.2,2524.41,442.12,36.74,854,67,65,454,2,458,3,27,9,54,294.75,6,80.6
D_3plus3,3,3,PathQualityA20G6_0,450.0,10.0,895,24850.72,21935.14,1.3919,77.78,1286.18,-521.04,2991.09,8248.46,10695.6,2667.89,2433.89,2473.46,442.12,37.44,854,67,67,454,0,458,3,27,9,54,309.75,6,80.6
D_3plus3,3,3,PathQualityA20G6_0,600.0,10.0,895,24850.72,21935.14,1.3919,77.78,1286.18,-521.04,2991.09,8248.46,10695.6,2667.89,2433.89,2473.46,442.12,37.44,854,67,67,454,0,458,3,27,9,54,309.75,6,80.6
D_3plus3,3,3,PathQualityA20G6_0,9999.0,10.0,895,24850.72,21935.14,1.3919,77.78,1286.18,-521.04,2991.09,8248.46,10695.6,2667.89,2433.89,2473.46,442.12,37.44,854,67,67,454,0,458,3,27,9,54,309.75,6,80.6
D_3plus3,3,3,PathQualityA50G0_0,300.0,10.0,1035,23682.97,20214.11,1.302,70.37,1702.18,-836.28,3914.15,6363.66,9936.3,2725.36,1882.96,2970.51,498.35,8.05,824,236,172,163,1,458,14,62,14,187,297.75,6,79.24
D_3plus3,3,3,PathQualityA50G0_0,450.0,10.0,1036,23505.22,20035.39,1.2974,70.37,1702.18,-836.28,3914.15,6363.66,9757.58,2546.64,1700.64,2970.51,499.32,7.24,824,237,172,163,0,458,14,62,14,188,309.75,6,79.32
D_3plus3,3,3,PathQualityA50G0_0,600.0,10.0,1036,23505.22,20035.39,1.2974,70.37,1702.18,-836.28,3914.15,6363.66,9757.58,2546.64,1700.64,2970.51,499.32,7.24,824,237,172,163,0,458,14,62,14,188,309.75,6,79.32
D_3plus3,3,3,PathQualityA50G0_0,9999.0,10.0,1036,23505.22,20035.39,1.2974,70.37,1702.18,-836.28,3914.15,6363.66,9757.58,2546.64,1700.64,2970.51,499.32,7.24,824,237,172,163,0,458,14,62,14,188,309.75,6,79.32
D_3plus3,3,3,PathQualityA50G1_0,300.0,10.0,993,24545.38,21141.03,1.3343,77.78,1197.31,-947.19,3810.99,7326.51,10003.52,2098.72,1432.72,2929.27,475.08,7.74,831,187,141,248,2,458,6,57,15,147,297.75,6,78.61
D_3plus3,3,3,PathQualityA50G1_0,450.0,10.0,993,24540.13,21186.72,1.3351,77.78,1197.31,-947.19,3810.99,7550.93,9824.8,2144.41,1478.41,2878.33,475.08,7.99,831,187,143,248,0,458,6,57,15,147,309.75,6,78.61
D_3plus3,3,3,PathQualityA50G1_0,600.0,10.0,993,24540.13,21186.72,1.3351,77.78,1197.31,-947.19,3810.99,7550.93,9824.8,2144.41,1478.41,2878.33,475.08,7.99,831,187,143,248,0,458,6,57,15,147,309.75,6,78.61
D_3plus3,3,3,PathQualityA50G1_0,9999.0,10.0,993,24540.13,21186.72,1.3351,77.78,1197.31,-947.19,3810.99,7550.93,9824.8,2144.41,1478.41,2878.33,475.08,7.99,831,187,143,248,0,458,6,57,15,147,309.75,6,78.61
D_3plus3,3,3,PathQualityA50G2_0,300.0,10.0,954,24330.25,21080.58,1.3481,74.07,1197.31,-982.32,2241.61,8108.27,10730.7,1601.37,1122.57,2784.28,465.38,8.44,845,135,103,345,2,458,4,38,10,104,297.75,6,77.04
D_3plus3,3,3,PathQualityA50G2_0,450.0,10.0,954,24325.0,21126.28,1.349,74.07,1197.31,-982.32,2241.61,8332.68,10551.98,1647.07,1168.27,2733.34,465.38,8.78,845,135,105,345,0,458,4,38,10,104,309.75,6,77.04
D_3plus3,3,3,PathQualityA50G2_0,600.0,10.0,954,24325.0,21126.28,1.349,74.07,1197.31,-982.32,2241.61,8332.68,10551.98,1647.07,1168.27,2733.34,465.38,8.78,845,135,105,345,0,458,4,38,10,104,309.75,6,77.04
D_3plus3,3,3,PathQualityA50G2_0,9999.0,10.0,954,24325.0,21126.28,1.349,74.07,1197.31,-982.32,2241.61,8332.68,10551.98,1647.07,1168.27,2733.34,465.38,8.78,845,135,105,345,0,458,4,38,10,104,309.75,6,77.04
D_3plus3,3,3,PathQualityA50G4_0,300.0,10.0,901,24546.94,21494.94,1.3793,77.78,1286.18,-568.62,3016.21,8024.04,10454.69,2163.34,1904.14,2606.01,445.99,26.45,853,74,76,436,2,458,3,28,9,61,297.75,6,82.43
D_3plus3,3,3,PathQualityA50G4_0,450.0,10.0,901,24541.69,21540.64,1.3802,77.78,1286.18,-568.62,3016.21,8248.46,10275.97,2209.04,1949.84,2555.06,445.99,27.08,853,74,78,436,0,458,3,28,9,61,309.75,6,82.43
D_3plus3,3,3,PathQualityA50G4_0,600.0,10.0,901,24541.69,21540.64,1.3802,77.78,1286.18,-568.62,3016.21,8248.46,10275.97,2209.04,1949.84,2555.06,445.99,27.08,853,74,78,436,0,458,3,28,9,61,309.75,6,82.43
D_3plus3,3,3,PathQualityA50G4_0,9999.0,10.0,901,24541.69,21540.64,1.3802,77.78,1286.18,-568.62,3016.21,8248.46,10275.97,2209.04,1949.84,2555.06,445.99,27.08,853,74,78,436,0,458,3,28,9,61,309.75,6,82.43
D_3plus3,3,3,PathQualityA50G6_0,300.0,10.0,886,23866.69,20933.76,1.3721,77.78,1204.86,-521.04,3150.74,7611.78,10171.23,1666.51,1464.91,2495.66,437.27,26.16,854,58,58,473,2,458,0,27,9,46,294.75,6,79.31
D_3plus3,3,3,PathQualityA50G6_0,450.0,10.0,886,23861.44,20979.46,1.373,77.78,1204.86,-521.04,3150.74,7836.2,9992.51,1712.21,1510.61,2444.72,437.27,26.98,854,58,60,473,0,458,0,27,9,46,309.75,6,79.31
D_3plus3,3,3,PathQualityA50G6_0,600.0,10.0,886,23861.44,20979.46,1.373,77.78,1204.86,-521.04,3150.74,7836.2,9992.51,1712.21,1510.61,2444.72,437.27,26.98,854,58,60,473,0,458,0,27,9,46,309.75,6,79.31
D_3plus3,3,3,PathQualityA50G6_0,9999.0,10.0,886,23861.44,20979.46,1.373,77.78,1204.86,-521.04,3150.74,7836.2,9992.51,1712.21,1510.61,2444.72,437.27,26.98,854,58,60,473,0,458,0,27,9,46,309.75,6,79.31
D_3plus3,3,3,PathRiskA10G0_0,300.0,10.0,959,23482.81,20777.51,1.3408,74.07,1807.96,-763.14,2959.31,7774.86,10043.35,1518.15,996.15,2242.82,462.48,6.87,838,146,107,325,2,458,2,52,13,118,297.75,6,80.82
D_3plus3,3,3,PathRiskA10G0_0,450.0,10.0,960,23365.06,20658.79,1.337,74.07,1807.96,-763.14,2959.31,7834.86,9864.63,1399.43,873.83,2242.82,463.45,5.99,838,147,109,324,0,458,2,52,13,119,309.75,6,80.95
D_3plus3,3,3,PathRiskA10G0_0,600.0,10.0,960,23365.06,20658.79,1.337,74.07,1807.96,-763.14,2959.31,7834.86,9864.63,1399.43,873.83,2242.82,463.45,5.99,838,147,109,324,0,458,2,52,13,119,309.75,6,80.95
D_3plus3,3,3,PathRiskA10G0_0,9999.0,10.0,960,23365.06,20658.79,1.337,74.07,1807.96,-763.14,2959.31,7834.86,9864.63,1399.43,873.83,2242.82,463.45,5.99,838,147,109,324,0,458,2,52,13,119,309.75,6,80.95
D_3plus3,3,3,PathRiskA10G1_0,300.0,10.0,945,23032.81,20469.75,1.3397,74.07,1807.96,-735.82,3208.21,7601.42,9660.12,1210.39,738.79,2110.28,452.78,5.64,838,132,98,348,2,458,2,52,13,108,297.75,6,81.82
D_3plus3,3,3,PathRiskA10G1_0,450.0,10.0,946,22915.06,20351.03,1.3358,74.07,1807.96,-735.82,3208.21,7661.42,9481.4,1091.67,616.47,2110.28,453.75,4.67,838,133,100,347,0,458,2,52,13,109,309.75,6,81.95
D_3plus3,3,3,PathRiskA10G1_0,600.0,10.0,946,22915.06,20351.03,1.3358,74.07,1807.96,-735.82,3208.21,7661.42,9481.4,1091.67,616.47,2110.28,453.75,4.67,838,133,100,347,0,458,2,52,13,109,309.75,6,81.95
D_3plus3,3,3,PathRiskA10G1_0,9999.0,10.0,946,22915.06,20351.03,1.3358,74.07,1807.96,-735.82,3208.21,7661.42,9481.4,1091.67,616.47,2110.28,453.75,4.67,838,133,100,347,0,458,2,52,13,109,309.75,6,81.95
D_3plus3,3,3,PathRiskA10G2_0,300.0,10.0,928,23487.82,21027.85,1.3584,74.07,1802.49,-635.96,3932.56,7106.81,9988.48,1829.99,1423.19,2008.16,451.81,12.59,839,114,89,375,2,458,2,51,13,94,297.75,6,82.46
D_3plus3,3,3,PathRiskA10G2_0,450.0,10.0,929,23370.07,20909.13,1.3544,74.07,1802.49,-635.96,3932.56,7166.81,9809.76,1711.27,1300.87,2008.16,452.78,11.41,839,115,91,374,0,458,2,51,13,95,309.75,6,82.61
D_3plus3,3,3,PathRiskA10G2_0,600.0,10.0,929,23370.07,20909.13,1.3544,74.07,1802.49,-635.96,3932.56,7166.81,9809.76,1711.27,1300.87,2008.16,452.78,11.41,839,115,91,374,0,458,2,51,13,95,309.75,6,82.61
D_3plus3,3,3,PathRiskA10G2_0,9999.0,10.0,929,23370.07,20909.13,1.3544,74.07,1802.49,-635.96,3932.56,7166.81,9809.76,1711.27,1300.87,2008.16,452.78,11.41,839,115,91,374,0,458,2,51,13,95,309.75,6,82.61
D_3plus3,3,3,PathRiskA10G4_0,300.0,10.0,911,23349.94,20987.66,1.3653,74.07,1802.49,-635.96,3650.19,7209.64,10127.83,1908.94,1552.54,1918.22,444.05,15.68,836,100,78,400,2,458,2,54,14,86,297.75,6,86.0
D_3plus3,3,3,PathRiskA10G4_0,450.0,10.0,912,23232.19,20868.94,1.3613,74.07,1802.49,-635.96,3650.19,7269.64,9949.11,1790.22,1430.22,1918.22,445.02,14.3,836,101,80,399,0,458,2,54,14,87,309.75,6,86.14
D_3plus3,3,3,PathRiskA10G4_0,600.0,10.0,912,23232.19,20868.94,1.3613,74.07,1802.49,-635.96,3650.19,7269.64,9949.11,1790.22,1430.22,1918.22,445.02,14.3,836,101,80,399,0,458,2,54,14,87,309.75,6,86.14
D_3plus3,3,3,PathRiskA10G4_0,9999.0,10.0,912,23232.19,20868.94,1.3613,74.07,1802.49,-635.96,3650.19,7269.64,9949.11,1790.22,1430.22,1918.22,445.02,14.3,836,101,80,399,0,458,2,54,14,87,309.75,6,86.14
D_3plus3,3,3,PathRiskA10G6_0,300.0,10.0,899,24536.5,22132.5,1.3982,70.37,969.06,-629.4,3965.65,8033.3,10133.55,2080.8,1821.6,1967.7,436.3,25.3,851,73,61,452,2,458,0,33,9,65,297.75,6,89.04
D_3plus3,3,3,PathRiskA10G6_0,450.0,10.0,900,24418.75,22013.78,1.394,70.37,969.06,-629.4,3965.65,8093.3,9954.83,1962.08,1699.28,1967.7,437.27,23.28,851,74,63,451,0,458,0,33,9,66,309.75,6,89.19
D_3plus3,3,3,PathRiskA10G6_0,600.0,10.0,900,24418.75,22013.78,1.394,70.37,969.06,-629.4,3965.65,8093.3,9954.83,1962.08,1699.28,1967.7,437.27,23.28,851,74,63,451,0,458,0,33,9,66,309.75,6,89.19
D_3plus3,3,3,PathRiskA10G6_0,9999.0,10.0,900,24418.75,22013.78,1.394,70.37,969.06,-629.4,3965.65,8093.3,9954.83,1962.08,1699.28,1967.7,437.27,23.28,851,74,63,451,0,458,0,33,9,66,309.75,6,89.19
D_3plus3,3,3,PathRiskA20G0_0,300.0,10.0,987,23683.63,20871.57,1.3346,74.07,1807.96,-722.03,3195.76,7257.72,10418.09,1623.19,996.79,2350.55,461.51,5.73,837,175,120,283,2,458,3,52,13,143,297.75,6,81.71
D_3plus3,3,3,PathRiskA20G0_0,450.0,10.0,988,23565.88,20752.86,1.3309,74.07,1807.96,-722.03,3195.76,7317.72,10239.37,1504.47,874.47,2350.55,462.48,5.0,837,176,122,282,0,458,3,52,13,144,309.75,6,81.82
D_3plus3,3,3,PathRiskA20G0_0,600.0,10.0,988,23565.88,20752.86,1.3309,74.07,1807.96,-722.03,3195.76,7317.72,10239.37,1504.47,874.47,2350.55,462.48,5.0,837,176,122,282,0,458,3,52,13,144,309.75,6,81.82
D_3plus3,3,3,PathRiskA20G0_0,9999.0,10.0,988,23565.88,20752.86,1.3309,74.07,1807.96,-722.03,3195.76,7317.72,10239.37,1504.47,874.47,2350.55,462.48,5.0,837,176,122,282,0,458,3,52,13,144,309.75,6,81.82
D_3plus3,3,3,PathRiskA20G1_0,300.0,10.0,949,22582.03,20013.04,1.328,74.07,1802.49,-763.14,2959.31,7393.61,9660.12,753.68,267.68,2115.24,453.75,1.98,838,136,98,344,2,458,2,52,13,112,297.75,6,82.35
D_3plus3,3,3,PathRiskA20G1_0,450.0,10.0,950,22464.28,19894.32,1.3243,74.07,1802.49,-763.14,2959.31,7453.61,9481.4,634.96,145.36,2115.24,454.72,1.07,838,137,100,343,0,458,2,52,13,113,309.75,6,82.48
D_3plus3,3,3,PathRiskA20G1_0,600.0,10.0,950,22464.28,19894.32,1.3243,74.07,1802.49,-763.14,2959.31,7453.61,9481.4,634.96,145.36,2115.24,454.72,1.07,838,137,100,343,0,458,2,52,13,113,309.75,6,82.48
D_3plus3,3,3,PathRiskA20G1_0,9999.0,10.0,950,22464.28,19894.32,1.3243,74.07,1802.49,-763.14,2959.31,7453.61,9481.4,634.96,145.36,2115.24,454.72,1.07,838,137,100,343,0,458,2,52,13,113,309.75,6,82.48
D_3plus3,3,3,PathRiskA20G2_0,300.0,10.0,925,23215.6,20763.79,1.3533,74.07,1802.49,-635.96,3932.56,6842.75,9988.48,1565.93,1169.93,2000.0,451.81,10.64,839,111,89,378,2,458,2,51,13,93,297.75,6,83.78
D_3plus3,3,3,PathRiskA20G2_0,450.0,10.0,926,23097.85,20645.07,1.3494,74.07,1802.49,-635.96,3932.56,6902.75,9809.76,1447.21,1047.61,2000.0,452.78,9.44,839,112,91,377,0,458,2,51,13,94,309.75,6,83.93
D_3plus3,3,3,PathRiskA20G2_0,600.0,10.0,926,23097.85,20645.07,1.3494,74.07,1802.49,-635.96,3932.56,6902.75,9809.76,1447.21,1047.61,2000.0,452.78,9.44,839,112,91,377,0,458,2,51,13,94,309.75,6,83.93
D_3plus3,3,3,PathRiskA20G2_0,9999.0,10.0,926,23097.85,20645.07,1.3494,74.07,1802.49,-635.96,3932.56,6902.75,9809.76,1447.21,1047.61,2000.0,452.78,9.44,839,112,91,377,0,458,2,51,13,94,309.75,6,83.93
D_3plus3,3,3,PathRiskA20G4_0,300.0,10.0,909,23743.0,21258.93,1.3724,74.07,1107.98,-629.4,3715.91,8001.82,9541.2,1938.9,1618.5,2038.08,445.99,18.19,844,90,68,425,2,458,2,41,12,79,297.75,6,87.78
D_3plus3,3,3,PathRiskA20G4_0,450.0,10.0,910,23625.25,21140.21,1.3683,74.07,1107.98,-629.4,3715.91,8061.82,9362.48,1820.18,1496.18,2038.08,446.96,16.62,844,91,70,424,0,458,2,41,12,80,309.75,6,87.91
D_3plus3,3,3,PathRiskA20G4_0,600.0,10.0,910,23625.25,21140.21,1.3683,74.07,1107.98,-629.4,3715.91,8061.82,9362.48,1820.18,1496.18,2038.08,446.96,16.62,844,91,70,424,0,458,2,41,12,80,309.75,6,87.91
D_3plus3,3,3,PathRiskA20G4_0,9999.0,10.0,910,23625.25,21140.21,1.3683,74.07,1107.98,-629.4,3715.91,8061.82,9362.48,1820.18,1496.18,2038.08,446.96,16.62,844,91,70,424,0,458,2,41,12,80,309.75,6,87.91
D_3plus3,3,3,PathRiskA20G6_0,300.0,10.0,890,24571.06,22188.55,1.4032,70.37,951.88,-629.4,3842.76,8170.15,10175.64,2136.85,1910.05,1953.0,429.51,30.32,851,64,48,474,2,458,0,33,9,57,297.75,6,89.06
D_3plus3,3,3,PathRiskA20G6_0,450.0,10.0,891,24453.31,22069.83,1.3988,70.37,951.88,-629.4,3842.76,8230.15,9996.92,2018.13,1787.73,1953.0,430.48,27.93,851,65,50,473,0,458,0,33,9,58,309.75,6,89.23
D_3plus3,3,3,PathRiskA20G6_0,600.0,10.0,891,24453.31,22069.83,1.3988,70.37,951.88,-629.4,3842.76,8230.15,9996.92,2018.13,1787.73,1953.0,430.48,27.93,851,65,50,473,0,458,0,33,9,58,309.75,6,89.23
D_3plus3,3,3,PathRiskA20G6_0,9999.0,10.0,891,24453.31,22069.83,1.3988,70.37,951.88,-629.4,3842.76,8230.15,9996.92,2018.13,1787.73,1953.0,430.48,27.93,851,65,50,473,0,458,0,33,9,58,309.75,6,89.23
D_3plus3,3,3,PathRiskA50G0_0,300.0,10.0,1009,24162.88,21288.45,1.3375,74.07,1807.96,-874.45,3800.03,7070.32,10418.09,1992.98,1269.38,2413.9,460.54,6.32,832,202,137,234,2,458,9,56,13,155,297.75,6,76.73
D_3plus3,3,3,PathRiskA50G0_0,450.0,10.0,1010,24045.13,21169.73,1.3338,74.07,1807.96,-874.45,3800.03,7130.32,10239.37,1874.26,1147.06,2413.9,461.51,5.68,832,203,139,233,0,458,9,56,13,156,309.75,6,76.85
D_3plus3,3,3,PathRiskA50G0_0,600.0,10.0,1010,24045.13,21169.73,1.3338,74.07,1807.96,-874.45,3800.03,7130.32,10239.37,1874.26,1147.06,2413.9,461.51,5.68,832,203,139,233,0,458,9,56,13,156,309.75,6,76.85
D_3plus3,3,3,PathRiskA50G0_0,9999.0,10.0,1010,24045.13,21169.73,1.3338,74.07,1807.96,-874.45,3800.03,7130.32,10239.37,1874.26,1147.06,2413.9,461.51,5.68,832,203,139,233,0,458,9,56,13,156,309.75,6,76.85
D_3plus3,3,3,PathRiskA50G1_0,300.0,10.0,960,22656.19,19999.94,1.3245,74.07,1802.49,-713.28,3170.29,7169.53,9660.12,699.58,166.78,2199.59,456.66,1.13,836,149,108,320,2,458,4,53,13,122,297.75,6,81.88
D_3plus3,3,3,PathRiskA50G1_0,450.0,10.0,961,22538.44,19881.22,1.3208,74.07,1802.49,-713.28,3170.29,7229.53,9481.4,580.87,44.47,2199.59,457.63,0.3,836,150,110,319,0,458,4,53,13,123,309.75,6,82.0
D_3plus3,3,3,PathRiskA50G1_0,600.0,10.0,961,22538.44,19881.22,1.3208,74.07,1802.49,-713.28,3170.29,7229.53,9481.4,580.87,44.47,2199.59,457.63,0.3,836,150,110,319,0,458,4,53,13,123,309.75,6,82.0
D_3plus3,3,3,PathRiskA50G1_0,9999.0,10.0,961,22538.44,19881.22,1.3208,74.07,1802.49,-713.28,3170.29,7229.53,9481.4,580.87,44.47,2199.59,457.63,0.3,836,150,110,319,0,458,4,53,13,123,309.75,6,82.0
D_3plus3,3,3,PathRiskA50G2_0,300.0,10.0,921,22844.29,20397.63,1.3471,74.07,1802.49,-763.14,3452.38,7048.12,9897.13,1199.77,818.17,1997.76,448.9,7.72,839,107,84,387,2,458,2,51,13,91,297.75,6,85.05
D_3plus3,3,3,PathRiskA50G2_0,450.0,10.0,922,22726.54,20278.91,1.3431,74.07,1802.49,-763.14,3452.38,7108.12,9718.41,1081.05,695.85,1997.76,449.87,6.5,839,108,86,386,0,458,2,51,13,92,309.75,6,85.19
D_3plus3,3,3,PathRiskA50G2_0,600.0,10.0,922,22726.54,20278.91,1.3431,74.07,1802.49,-763.14,3452.38,7108.12,9718.41,1081.05,695.85,1997.76,449.87,6.5,839,108,86,386,0,458,2,51,13,92,309.75,6,85.19
D_3plus3,3,3,PathRiskA50G2_0,9999.0,10.0,922,22726.54,20278.91,1.3431,74.07,1802.49,-763.14,3452.38,7108.12,9718.41,1081.05,695.85,1997.76,449.87,6.5,839,108,86,386,0,458,2,51,13,92,309.75,6,85.19
D_3plus3,3,3,PathRiskA50G4_0,300.0,10.0,886,24504.94,22145.81,1.4042,74.07,969.06,-629.4,3657.06,8066.19,10422.55,2223.64,2007.64,1928.65,430.48,33.46,850,61,50,475,2,458,0,34,10,55,297.75,6,90.16
D_3plus3,3,3,PathRiskA50G4_0,450.0,10.0,887,24387.19,22027.09,1.3999,74.07,969.06,-629.4,3657.06,8126.19,10243.83,2104.92,1885.32,1928.65,431.45,30.91,850,62,52,474,0,458,0,34,10,56,309.75,6,90.32
D_3plus3,3,3,PathRiskA50G4_0,600.0,10.0,887,24387.19,22027.09,1.3999,74.07,969.06,-629.4,3657.06,8126.19,10243.83,2104.92,1885.32,1928.65,431.45,30.91,850,62,52,474,0,458,0,34,10,56,309.75,6,90.32
D_3plus3,3,3,PathRiskA50G4_0,9999.0,10.0,887,24387.19,22027.09,1.3999,74.07,969.06,-629.4,3657.06,8126.19,10243.83,2104.92,1885.32,1928.65,431.45,30.91,850,62,52,474,0,458,0,34,10,56,309.75,6,90.32
D_3plus3,3,3,PathRiskA50G6_0,300.0,10.0,875,24218.44,21933.62,1.4049,74.07,951.88,-629.4,3826.78,8345.14,9761.69,1881.92,1709.12,1862.1,422.72,35.61,851,49,43,494,2,458,0,33,9,43,297.75,6,87.76
D_3plus3,3,3,PathRiskA50G6_0,450.0,10.0,876,24100.69,21814.9,1.4005,74.07,951.88,-629.4,3826.78,8405.14,9582.97,1763.2,1586.8,1862.1,423.69,32.38,851,50,45,493,0,458,0,33,9,44,309.75,6,88.0
D_3plus3,3,3,PathRiskA50G6_0,600.0,10.0,876,24100.69,21814.9,1.4005,74.07,951.88,-629.4,3826.78,8405.14,9582.97,1763.2,1586.8,1862.1,423.69,32.38,851,50,45,493,0,458,0,33,9,44,309.75,6,88.0
D_3plus3,3,3,PathRiskA50G6_0,9999.0,10.0,876,24100.69,21814.9,1.4005,74.07,951.88,-629.4,3826.78,8405.14,9582.97,1763.2,1586.8,1862.1,423.69,32.38,851,50,45,493,0,458,0,33,9,44,309.75,6,88.0
