SnapshotID,StrategyVersion,ResearchSchemaVersion,InstrumentProfileName,ExecutionProfileName,ProfileCatalogVersion,SignalID,Time,Bar,Side,ResearchPath,ModelVersion,ModelSHA256,ObservedPolicy,ObservedScoreR,ObservedGatePassed,ObservedReferenceCount,ConservativePolicy,ConservativeScoreR,ConservativeGatePassed,ConservativeReferenceCount,UnavailableReason,NumericFeatures,CategoricalFeatures
"OPF-20260725-100040","OPF_0.1","OPF_RESEARCH_2.14","MNQ_0.1","MNQ_1Contract_Target150_200","OPF_PROFILE_0.1","20260519-2220-BEAR-OBS-001108-Z001108","2026-05-19T22:20:00.0000000",1108,"Short","ZoneBirthResearch","OPF_KNN_SHADOW_1.97","A378B7478A0A4022A525CB66887BDC1D9C540E2A3A7D9C94FBCFA7735D8483D3","ProtectBE1R_Then3R",0.7467375927064687,True,40,"ProtectBE1R_Then3R",0.30961805670055004,True,40,"","RegimeScore=20;SetupQualityScore=41;InitialRiskPoints=17.75;EstimatedRR=0.3239;ATR14=32.9;ZoneWidth=2;ZoneTouchCount=0;PullbackCountInRegime=0;CandleRange=23.25;BodyRatio=0.10752688;CloseLocation=0.34408602;ZoneAge=0;BullScore=0;BearScore=0;TrendStrength=0;Alignment=0;ConfirmRange=0;ConfirmBodyRatio=0;ConfirmCloseLocation=0.5;ConfirmAlignment=0;ConfirmPrevBreak=0;ConfirmZoneReclaim=0;HourSin=-0.42261826;HourCos=0.90630779;DayOfWeek=1","Season=H1;Session=Late;ZoneType=BearFVG;ZoneFreshness=Fresh;RegimeBucket=WeakLT50;SetupQualityBucket=QLT50;RiskBucket=RiskGT15;EstimatedRRBucket=RR_LT_1_0;TimeBucket=Late;SkipPattern=20260519-2220-Short-1108+ObservationResearch+Regime+ReplayExecuted+ZoneBirthResearch+ZoneJustCreated;HasZoneBirthResearch=True;HasObservationConfirmResearch=False;HasObservationStrictResearch=False;HasFailureReverseResearch=False;HasFailureRetestTrigger=False;HasBreakawayQualified=False;ConfirmAvailable=False;ConfirmReason=Unknown"
"OPF-20260725-100040","OPF_0.1","OPF_RESEARCH_2.14","MNQ_0.1","MNQ_1Contract_Target150_200","OPF_PROFILE_0.1","20260519-2220-BEAR-OBS-001108-Z001108-OC","2026-05-19T22:25:00.0000000",1109,"Short","ObservationConfirm","OPF_KNN_SHADOW_1.97","A378B7478A0A4022A525CB66887BDC1D9C540E2A3A7D9C94FBCFA7735D8483D3","ProtectBE1R_Then3R",0.2095323934731553,True,40,"ProtectBE1R_Then3R",0.10690859122306798,True,40,"","RegimeScore=20;SetupQualityScore=60;InitialRiskPoints=43.75;EstimatedRR=1.4999;ATR14=33.9583;ZoneWidth=2;ZoneTouchCount=0;PullbackCountInRegime=0;CandleRange=39.25;BodyRatio=0.68789809;CloseLocation=0.31210191;ZoneAge=1;BullScore=0;BearScore=0;TrendStrength=0;Alignment=0;ConfirmRange=39.25;ConfirmBodyRatio=0.68789809;ConfirmCloseLocation=0.31210191;ConfirmAlignment=27;ConfirmPrevBreak=18;ConfirmZoneReclaim=41.25;HourSin=-0.40274669;HourCos=0.91531148;DayOfWeek=1","Season=H1;Session=Late;ZoneType=BearFVG;ZoneFreshness=Fresh;RegimeBucket=WeakLT50;SetupQualityBucket=Q50_69;RiskBucket=RiskGT15;EstimatedRRBucket=RR_GE_1_2;TimeBucket=Late;SkipPattern=ObservationConfirmResearch+ObservationResearch+ReclaimZoneLow+Regime+ZoneBirthResearch+ZoneJustCreated;HasZoneBirthResearch=True;HasObservationConfirmResearch=True;HasObservationStrictResearch=False;HasFailureReverseResearch=False;HasFailureRetestTrigger=False;HasBreakawayQualified=False;ConfirmAvailable=True;ConfirmReason=ReclaimZoneLow"
"OPF-20260725-100040","OPF_0.1","OPF_RESEARCH_2.14","MNQ_0.1","MNQ_1Contract_Target150_200","OPF_PROFILE_0.1","20260519-2220-BEAR-OBS-001108-Z001108-OC","2026-05-19T22:25:00.0000000",1109,"Short","ObservationConfirm_WideStop1_5R","OPF_KNN_SHADOW_1.97","A378B7478A0A4022A525CB66887BDC1D9C540E2A3A7D9C94FBCFA7735D8483D3","Fixed3R",0.28982874127101216,True,40,"Fixed3R",0.1209113966155928,True,40,"","RegimeScore=20;SetupQualityScore=60;InitialRiskPoints=65.62;EstimatedRR=0;ATR14=33.9583;ZoneWidth=2;ZoneTouchCount=0;PullbackCountInRegime=0;CandleRange=39.25;BodyRatio=0.68789809;CloseLocation=0.31210191;ZoneAge=1;BullScore=0;BearScore=0;TrendStrength=0;Alignment=0;ConfirmRange=39.25;ConfirmBodyRatio=0.68789809;ConfirmCloseLocation=0.31210191;ConfirmAlignment=27;ConfirmPrevBreak=18;ConfirmZoneReclaim=41.25;HourSin=-0.40274669;HourCos=0.91531148;DayOfWeek=1","Season=H1;Session=Late;ZoneType=BearFVG;ZoneFreshness=Fresh;RegimeBucket=WeakLT50;SetupQualityBucket=Q50_69;RiskBucket=RiskGT15;EstimatedRRBucket=RR_LT_1_0;TimeBucket=Late;SkipPattern=ObservationConfirmResearch+ObservationResearch+ReclaimZoneLow+Regime+ZoneBirthResearch+ZoneJustCreated;HasZoneBirthResearch=True;HasObservationConfirmResearch=True;HasObservationStrictResearch=False;HasFailureReverseResearch=False;HasFailureRetestTrigger=False;HasBreakawayQualified=False;ConfirmAvailable=True;ConfirmReason=ReclaimZoneLow"
"OPF-20260725-100040","OPF_0.1","OPF_RESEARCH_2.14","MNQ_0.1","MNQ_1Contract_Target150_200","OPF_PROFILE_0.1","20260519-2300-BEAR-OBS-001116-Z001108","2026-05-19T23:00:00.0000000",1116,"Short","UnknownRegimeZoneTouch","OPF_KNN_SHADOW_1.97","A378B7478A0A4022A525CB66887BDC1D9C540E2A3A7D9C94FBCFA7735D8483D3","Protect1RAfter1_5R_Then3R",0.6604392619192065,True,40,"Protect1RAfter1_5R_Then3R",0.18635317354462497,True,40,"","RegimeScore=0;SetupQualityScore=27;InitialRiskPoints=2.5;EstimatedRR=1.7;ATR14=28.4808;ZoneWidth=2;ZoneTouchCount=1;PullbackCountInRegime=0;CandleRange=16.75;BodyRatio=0.43283582;CloseLocation=0.88059701;ZoneAge=8;BullScore=0;BearScore=0;TrendStrength=0;Alignment=0;ConfirmRange=0;ConfirmBodyRatio=0;ConfirmCloseLocation=0.5;ConfirmAlignment=0;ConfirmPrevBreak=0;ConfirmZoneReclaim=0;HourSin=-0.25881905;HourCos=0.96592583;DayOfWeek=1","Season=H1;Session=Late;ZoneType=BearFVG;ZoneFreshness=SecondTouch;RegimeBucket=WeakLT50;SetupQualityBucket=QLT50;RiskBucket=RiskLE8_5;EstimatedRRBucket=RR_GE_1_5;TimeBucket=Late;SkipPattern=ObservationResearch+Regime+RegimeUnknown;HasZoneBirthResearch=False;HasObservationConfirmResearch=False;HasObservationStrictResearch=False;HasFailureReverseResearch=False;HasFailureRetestTrigger=False;HasBreakawayQualified=False;ConfirmAvailable=False;ConfirmReason=Unknown"
"OPF-20260725-100040","OPF_0.1","OPF_RESEARCH_2.14","MNQ_0.1","MNQ_1Contract_Target150_200","OPF_PROFILE_0.1","20260519-2300-BEAR-OBS-001116-Z001108-FR","2026-05-19T23:05:00.0000000",1117,"Long","FailureReverse_ObservationInvalidated","OPF_KNN_SHADOW_1.97","A378B7478A0A4022A525CB66887BDC1D9C540E2A3A7D9C94FBCFA7735D8483D3","Fixed2R",0.039150520623247545,False,40,"Fixed2R",0.0706171829292927,False,40,"","RegimeScore=0;SetupQualityScore=42;InitialRiskPoints=9;EstimatedRR=0.1667;ATR14=27.7857;ZoneWidth=2;ZoneTouchCount=1;PullbackCountInRegime=0;CandleRange=18.75;BodyRatio=0.50666667;CloseLocation=0.88;ZoneAge=9;BullScore=0;BearScore=0;TrendStrength=0;Alignment=0;ConfirmRange=0;ConfirmBodyRatio=0;ConfirmCloseLocation=0.5;ConfirmAlignment=0;ConfirmPrevBreak=0;ConfirmZoneReclaim=0;HourSin=-0.23768589;HourCos=0.97134207;DayOfWeek=1","Season=H1;Session=Late;ZoneType=BearFVG;ZoneFreshness=SecondTouch;RegimeBucket=WeakLT50;SetupQualityBucket=QLT50;RiskBucket=RiskLE11;EstimatedRRBucket=RR_LT_1_0;TimeBucket=Late;SkipPattern=FailureReverseResearch+FailureSource+FailureSourceSignalID+FailureSourceZoneFreshness+RegimeUnknown+UnknownRegimeZoneTouch;HasZoneBirthResearch=False;HasObservationConfirmResearch=False;HasObservationStrictResearch=False;HasFailureReverseResearch=True;HasFailureRetestTrigger=False;HasBreakawayQualified=False;ConfirmAvailable=False;ConfirmReason=Unknown"
"OPF-20260725-100040","OPF_0.1","OPF_RESEARCH_2.14","MNQ_0.1","MNQ_1Contract_Target150_200","OPF_PROFILE_0.1","20260519-2300-BEAR-OBS-001116-Z001108-FR","2026-05-19T23:05:00.0000000",1117,"Long","FailureReverse_ObservationInvalidated_WideStop1_5R","OPF_KNN_SHADOW_1.97","A378B7478A0A4022A525CB66887BDC1D9C540E2A3A7D9C94FBCFA7735D8483D3","ProtectBE1R_Then3R",1.8515565352377363,True,3,"ProtectBE1R_Then3R",0.10860478182159618,True,3,"","RegimeScore=0;SetupQualityScore=42;InitialRiskPoints=13.5;EstimatedRR=0.1111;ATR14=27.7857;ZoneWidth=2;ZoneTouchCount=1;PullbackCountInRegime=0;CandleRange=18.75;BodyRatio=0.50666667;CloseLocation=0.88;ZoneAge=9;BullScore=0;BearScore=0;TrendStrength=0;Alignment=0;ConfirmRange=0;ConfirmBodyRatio=0;ConfirmCloseLocation=0.5;ConfirmAlignment=0;ConfirmPrevBreak=0;ConfirmZoneReclaim=0;HourSin=-0.23768589;HourCos=0.97134207;DayOfWeek=1","Season=H1;Session=Late;ZoneType=BearFVG;ZoneFreshness=SecondTouch;RegimeBucket=WeakLT50;SetupQualityBucket=QLT50;RiskBucket=RiskLE15;EstimatedRRBucket=RR_LT_1_0;TimeBucket=Late;SkipPattern=FailureReverseResearch+FailureSource+FailureSourceSignalID+FailureSourceZoneFreshness+RegimeUnknown+UnknownRegimeZoneTouch;HasZoneBirthResearch=False;HasObservationConfirmResearch=False;HasObservationStrictResearch=False;HasFailureReverseResearch=True;HasFailureRetestTrigger=False;HasBreakawayQualified=False;ConfirmAvailable=False;ConfirmReason=Unknown"
"OPF-20260725-100040","OPF_0.1","OPF_RESEARCH_2.14","MNQ_0.1","MNQ_1Contract_Target150_200","OPF_PROFILE_0.1","20260519-2310-BULL-OBS-001118-Z001118","2026-05-19T23:10:00.0000000",1118,"Long","ZoneBirthResearch","OPF_KNN_SHADOW_1.97","A378B7478A0A4022A525CB66887BDC1D9C540E2A3A7D9C94FBCFA7735D8483D3","",0,False,0,"",0,False,0,"PathMissing","RegimeScore=40;SetupQualityScore=45;InitialRiskPoints=26.5;EstimatedRR=0.3962;ATR14=26.9107;ZoneWidth=5.75;ZoneTouchCount=0;PullbackCountInRegime=0;CandleRange=25;BodyRatio=0.8;CloseLocation=0.81;ZoneAge=0;BullScore=0;BearScore=0;TrendStrength=0;Alignment=0;ConfirmRange=0;ConfirmBodyRatio=0;ConfirmCloseLocation=0.5;ConfirmAlignment=0;ConfirmPrevBreak=0;ConfirmZoneReclaim=0;HourSin=-0.21643961;HourCos=0.97629601;DayOfWeek=1","Season=H1;Session=Late;ZoneType=BullFVG;ZoneFreshness=Fresh;RegimeBucket=WeakLT50;SetupQualityBucket=QLT50;RiskBucket=RiskGT15;EstimatedRRBucket=RR_LT_1_0;TimeBucket=Late;SkipPattern=ObservationResearch+Regime+ZoneJustCreated;HasZoneBirthResearch=False;HasObservationConfirmResearch=False;HasObservationStrictResearch=False;HasFailureReverseResearch=False;HasFailureRetestTrigger=False;HasBreakawayQualified=False;ConfirmAvailable=False;ConfirmReason=Unknown"
"OPF-20260725-100040","OPF_0.1","OPF_RESEARCH_2.14","MNQ_0.1","MNQ_1Contract_Target150_200","OPF_PROFILE_0.1","20260519-2310-BULL-OBS-001118-Z001118-OC","2026-05-19T23:15:00.0000000",1119,"Long","ObservationConfirm","OPF_KNN_SHADOW_1.97","A378B7478A0A4022A525CB66887BDC1D9C540E2A3A7D9C94FBCFA7735D8483D3","",0,False,0,"",0,False,0,"PathMissing","RegimeScore=40;SetupQualityScore=60;InitialRiskPoints=42.75;EstimatedRR=4;ATR14=26.6429;ZoneWidth=5.75;ZoneTouchCount=0;PullbackCountInRegime=0;CandleRange=32.75;BodyRatio=0.49618321;CloseLocation=0.69465649;ZoneAge=1;BullScore=0;BearScore=0;TrendStrength=0;Alignment=0;ConfirmRange=32.75;ConfirmBodyRatio=0.49618321;ConfirmCloseLocation=0.69465649;ConfirmAlignment=16.25;ConfirmPrevBreak=11.5;ConfirmZoneReclaim=36.5;HourSin=-0.19509032;HourCos=0.98078528;DayOfWeek=1","Season=H1;Session=Late;ZoneType=BullFVG;ZoneFreshness=Fresh;RegimeBucket=WeakLT50;SetupQualityBucket=Q50_69;RiskBucket=RiskGT15;EstimatedRRBucket=RR_GE_1_5;TimeBucket=Late;SkipPattern=ObservationConfirmResearch+ObservationResearch+ReclaimZoneHigh+Regime+ZoneBirthResearch+ZoneJustCreated;HasZoneBirthResearch=True;HasObservationConfirmResearch=True;HasObservationStrictResearch=False;HasFailureReverseResearch=False;HasFailureRetestTrigger=False;HasBreakawayQualified=False;ConfirmAvailable=True;ConfirmReason=ReclaimZoneHigh"
"OPF-20260725-100040","OPF_0.1","OPF_RESEARCH_2.14","MNQ_0.1","MNQ_1Contract_Target150_200","OPF_PROFILE_0.1","20260519-2310-BULL-OBS-001118-Z001118-OC","2026-05-19T23:15:00.0000000",1119,"Long","ObservationConfirm_WideStop1_5R","OPF_KNN_SHADOW_1.97","A378B7478A0A4022A525CB66887BDC1D9C540E2A3A7D9C94FBCFA7735D8483D3","Fixed2R",0.3675980257063573,True,40,"Fixed2R",0.14293383337416107,True,40,"","RegimeScore=40;SetupQualityScore=60;InitialRiskPoints=64.12;EstimatedRR=3;ATR14=26.6429;ZoneWidth=5.75;ZoneTouchCount=0;PullbackCountInRegime=0;CandleRange=32.75;BodyRatio=0.49618321;CloseLocation=0.69465649;ZoneAge=1;BullScore=0;BearScore=0;TrendStrength=0;Alignment=0;ConfirmRange=32.75;ConfirmBodyRatio=0.49618321;ConfirmCloseLocation=0.69465649;ConfirmAlignment=16.25;ConfirmPrevBreak=11.5;ConfirmZoneReclaim=36.5;HourSin=-0.19509032;HourCos=0.98078528;DayOfWeek=1","Season=H1;Session=Late;ZoneType=BullFVG;ZoneFreshness=Fresh;RegimeBucket=WeakLT50;SetupQualityBucket=Q50_69;RiskBucket=RiskGT15;EstimatedRRBucket=RR_GE_1_5;TimeBucket=Late;SkipPattern=ObservationConfirmResearch+ObservationResearch+ReclaimZoneHigh+Regime+ZoneBirthResearch+ZoneJustCreated;HasZoneBirthResearch=True;HasObservationConfirmResearch=True;HasObservationStrictResearch=False;HasFailureReverseResearch=False;HasFailureRetestTrigger=False;HasBreakawayQualified=False;ConfirmAvailable=True;ConfirmReason=ReclaimZoneHigh"
"OPF-20260725-100040","OPF_0.1","OPF_RESEARCH_2.14","MNQ_0.1","MNQ_1Contract_Target150_200","OPF_PROFILE_0.1","20260519-2315-BULL-OBS-001119-Z001119","2026-05-19T23:15:00.0000000",1119,"Long","ZoneBirthResearch","OPF_KNN_SHADOW_1.97","A378B7478A0A4022A525CB66887BDC1D9C540E2A3A7D9C94FBCFA7735D8483D3","",0,False,0,"",0,False,0,"PathMissing","RegimeScore=40;SetupQualityScore=45;InitialRiskPoints=34;EstimatedRR=0;ATR14=26.6429;ZoneWidth=10.75;ZoneTouchCount=0;PullbackCountInRegime=0;CandleRange=32.75;BodyRatio=0.49618321;CloseLocation=0.69465649;ZoneAge=0;BullScore=0;BearScore=0;TrendStrength=0;Alignment=0;ConfirmRange=0;ConfirmBodyRatio=0;ConfirmCloseLocation=0.5;ConfirmAlignment=0;ConfirmPrevBreak=0;ConfirmZoneReclaim=0;HourSin=-0.19509032;HourCos=0.98078528;DayOfWeek=1","Season=H1;Session=Late;ZoneType=BullFVG;ZoneFreshness=Fresh;RegimeBucket=WeakLT50;SetupQualityBucket=QLT50;RiskBucket=RiskGT15;EstimatedRRBucket=RR_LT_1_0;TimeBucket=Late;SkipPattern=ObservationResearch+Regime+ZoneJustCreated;HasZoneBirthResearch=False;HasObservationConfirmResearch=False;HasObservationStrictResearch=False;HasFailureReverseResearch=False;HasFailureRetestTrigger=False;HasBreakawayQualified=False;ConfirmAvailable=False;ConfirmReason=Unknown"
"OPF-20260725-100040","OPF_0.1","OPF_RESEARCH_2.14","MNQ_0.1","MNQ_1Contract_Target150_200","OPF_PROFILE_0.1","20260519-2315-BULL-OBS-001119-Z001119-OC","2026-05-19T23:20:00.0000000",1120,"Long","ObservationConfirm","OPF_KNN_SHADOW_1.97","A378B7478A0A4022A525CB66887BDC1D9C540E2A3A7D9C94FBCFA7735D8483D3","",0,False,0,"",0,False,0,"PathMissing","RegimeScore=40;SetupQualityScore=53;InitialRiskPoints=29.25;EstimatedRR=4;ATR14=25.3571;ZoneWidth=10.75;ZoneTouchCount=0;PullbackCountInRegime=0;CandleRange=18.5;BodyRatio=0.25675676;CloseLocation=0.13513514;ZoneAge=1;BullScore=0;BearScore=0;TrendStrength=0;Alignment=0;ConfirmRange=18.5;ConfirmBodyRatio=0.25675676;ConfirmCloseLocation=0.13513514;ConfirmAlignment=-4.75;ConfirmPrevBreak=-14.75;ConfirmZoneReclaim=18;HourSin=-0.17364818;HourCos=0.98480775;DayOfWeek=1","Season=H1;Session=Late;ZoneType=BullFVG;ZoneFreshness=Fresh;RegimeBucket=WeakLT50;SetupQualityBucket=Q50_69;RiskBucket=RiskGT15;EstimatedRRBucket=RR_GE_1_5;TimeBucket=Late;SkipPattern=ObservationConfirmResearch+ObservationResearch+ReclaimZoneHigh+Regime+ZoneBirthResearch+ZoneJustCreated;HasZoneBirthResearch=True;HasObservationConfirmResearch=True;HasObservationStrictResearch=False;HasFailureReverseResearch=False;HasFailureRetestTrigger=False;HasBreakawayQualified=False;ConfirmAvailable=True;ConfirmReason=ReclaimZoneHigh"
"OPF-20260725-100040","OPF_0.1","OPF_RESEARCH_2.14","MNQ_0.1","MNQ_1Contract_Target150_200","OPF_PROFILE_0.1","20260519-2315-BULL-OBS-001119-Z001119-OC","2026-05-19T23:20:00.0000000",1120,"Long","ObservationConfirm_WideStop1_5R","OPF_KNN_SHADOW_1.97","A378B7478A0A4022A525CB66887BDC1D9C540E2A3A7D9C94FBCFA7735D8483D3","Fixed1_5R",0.48309896841358474,True,40,"Fixed1_5R",0.17338702063919556,True,40,"","RegimeScore=40;SetupQualityScore=53;InitialRiskPoints=43.88;EstimatedRR=3;ATR14=25.3571;ZoneWidth=10.75;ZoneTouchCount=0;PullbackCountInRegime=0;CandleRange=18.5;BodyRatio=0.25675676;CloseLocation=0.13513514;ZoneAge=1;BullScore=0;BearScore=0;TrendStrength=0;Alignment=0;ConfirmRange=18.5;ConfirmBodyRatio=0.25675676;ConfirmCloseLocation=0.13513514;ConfirmAlignment=-4.75;ConfirmPrevBreak=-14.75;ConfirmZoneReclaim=18;HourSin=-0.17364818;HourCos=0.98480775;DayOfWeek=1","Season=H1;Session=Late;ZoneType=BullFVG;ZoneFreshness=Fresh;RegimeBucket=WeakLT50;SetupQualityBucket=Q50_69;RiskBucket=RiskGT15;EstimatedRRBucket=RR_GE_1_5;TimeBucket=Late;SkipPattern=ObservationConfirmResearch+ObservationResearch+ReclaimZoneHigh+Regime+ZoneBirthResearch+ZoneJustCreated;HasZoneBirthResearch=True;HasObservationConfirmResearch=True;HasObservationStrictResearch=False;HasFailureReverseResearch=False;HasFailureRetestTrigger=False;HasBreakawayQualified=False;ConfirmAvailable=True;ConfirmReason=ReclaimZoneHigh"
"OPF-20260725-100040","OPF_0.1","OPF_RESEARCH_2.14","MNQ_0.1","MNQ_1Contract_Target150_200","OPF_PROFILE_0.1","20260519-2315-BULL-OBS-001119-Z001119-OC-STR","2026-05-19T23:20:00.0000000",1120,"Long","ObservationStrict_BullFresh","OPF_KNN_SHADOW_1.97","A378B7478A0A4022A525CB66887BDC1D9C540E2A3A7D9C94FBCFA7735D8483D3","",0,False,0,"",0,False,0,"PathMissing","RegimeScore=40;SetupQualityScore=53;InitialRiskPoints=29.25;EstimatedRR=1.2;ATR14=25.3571;ZoneWidth=10.75;ZoneTouchCount=0;PullbackCountInRegime=0;CandleRange=18.5;BodyRatio=0.25675676;CloseLocation=0.13513514;ZoneAge=1;BullScore=0;BearScore=0;TrendStrength=0;Alignment=0;ConfirmRange=18.5;ConfirmBodyRatio=0.25675676;ConfirmCloseLocation=0.13513514;ConfirmAlignment=-4.75;ConfirmPrevBreak=-14.75;ConfirmZoneReclaim=18;HourSin=-0.17364818;HourCos=0.98480775;DayOfWeek=1","Season=H1;Session=Late;ZoneType=BullFVG;ZoneFreshness=Fresh;RegimeBucket=WeakLT50;SetupQualityBucket=Q50_69;RiskBucket=RiskGT15;EstimatedRRBucket=RR_GE_1_2;TimeBucket=Late;SkipPattern=ObservationConfirmResearch+ObservationConfirmStrictResearch+ObservationResearch+ObservationStrict_BullFresh+ReclaimZoneHigh+Regime+ZoneBirthResearch+ZoneJustCreated;HasZoneBirthResearch=True;HasObservationConfirmResearch=True;HasObservationStrictResearch=True;HasFailureReverseResearch=False;HasFailureRetestTrigger=False;HasBreakawayQualified=False;ConfirmAvailable=True;ConfirmReason=ReclaimZoneHigh"
"OPF-20260725-100040","OPF_0.1","OPF_RESEARCH_2.14","MNQ_0.1","MNQ_1Contract_Target150_200","OPF_PROFILE_0.1","20260519-2315-BULL-OBS-001119-Z001119-OC-STR","2026-05-19T23:20:00.0000000",1120,"Long","ObservationStrict_BullFresh_WideStop1_5R","OPF_KNN_SHADOW_1.97","A378B7478A0A4022A525CB66887BDC1D9C540E2A3A7D9C94FBCFA7735D8483D3","ProtectBE0_75R_Then2_5R",1.1728175716567322,True,10,"ProtectBE0_75R_Then2_5R",0.13006446446088735,True,10,"","RegimeScore=40;SetupQualityScore=53;InitialRiskPoints=43.88;EstimatedRR=0.3361;ATR14=25.3571;ZoneWidth=10.75;ZoneTouchCount=0;PullbackCountInRegime=0;CandleRange=18.5;BodyRatio=0.25675676;CloseLocation=0.13513514;ZoneAge=1;BullScore=0;BearScore=0;TrendStrength=0;Alignment=0;ConfirmRange=18.5;ConfirmBodyRatio=0.25675676;ConfirmCloseLocation=0.13513514;ConfirmAlignment=-4.75;ConfirmPrevBreak=-14.75;ConfirmZoneReclaim=18;HourSin=-0.17364818;HourCos=0.98480775;DayOfWeek=1","Season=H1;Session=Late;ZoneType=BullFVG;ZoneFreshness=Fresh;RegimeBucket=WeakLT50;SetupQualityBucket=Q50_69;RiskBucket=RiskGT15;EstimatedRRBucket=RR_LT_1_0;TimeBucket=Late;SkipPattern=ObservationConfirmResearch+ObservationConfirmStrictResearch+ObservationResearch+ObservationStrict_BullFresh+ReclaimZoneHigh+Regime+ZoneBirthResearch+ZoneJustCreated;HasZoneBirthResearch=True;HasObservationConfirmResearch=True;HasObservationStrictResearch=True;HasFailureReverseResearch=False;HasFailureRetestTrigger=False;HasBreakawayQualified=False;ConfirmAvailable=True;ConfirmReason=ReclaimZoneHigh"
"OPF-20260725-100040","OPF_0.1","OPF_RESEARCH_2.14","MNQ_0.1","MNQ_1Contract_Target150_200","OPF_PROFILE_0.1","20260519-2320-BULL-OBS-001120-Z001120","2026-05-19T23:20:00.0000000",1120,"Long","ZoneBirthResearch","OPF_KNN_SHADOW_1.97","A378B7478A0A4022A525CB66887BDC1D9C540E2A3A7D9C94FBCFA7735D8483D3","",0,False,0,"",0,False,0,"PathMissing","RegimeScore=40;SetupQualityScore=38;InitialRiskPoints=7.25;EstimatedRR=2.0345;ATR14=25.3571;ZoneWidth=4.25;ZoneTouchCount=0;PullbackCountInRegime=0;CandleRange=18.5;BodyRatio=0.25675676;CloseLocation=0.13513514;ZoneAge=0;BullScore=0;BearScore=0;TrendStrength=0;Alignment=0;ConfirmRange=0;ConfirmBodyRatio=0;ConfirmCloseLocation=0.5;ConfirmAlignment=0;ConfirmPrevBreak=0;ConfirmZoneReclaim=0;HourSin=-0.17364818;HourCos=0.98480775;DayOfWeek=1","Season=H1;Session=Late;ZoneType=BullFVG;ZoneFreshness=Fresh;RegimeBucket=WeakLT50;SetupQualityBucket=QLT50;RiskBucket=RiskLE8_5;EstimatedRRBucket=RR_GE_1_5;TimeBucket=Late;SkipPattern=ObservationResearch+Regime+ZoneJustCreated;HasZoneBirthResearch=False;HasObservationConfirmResearch=False;HasObservationStrictResearch=False;HasFailureReverseResearch=False;HasFailureRetestTrigger=False;HasBreakawayQualified=False;ConfirmAvailable=False;ConfirmReason=Unknown"
"OPF-20260725-100040","OPF_0.1","OPF_RESEARCH_2.14","MNQ_0.1","MNQ_1Contract_Target150_200","OPF_PROFILE_0.1","20260519-2320-BULL-OBS-001120-Z001120-OC","2026-05-19T23:25:00.0000000",1121,"Long","ObservationConfirm","OPF_KNN_SHADOW_1.97","A378B7478A0A4022A525CB66887BDC1D9C540E2A3A7D9C94FBCFA7735D8483D3","",0,False,0,"",0,False,0,"PathMissing","RegimeScore=40;SetupQualityScore=60;InitialRiskPoints=19.25;EstimatedRR=4;ATR14=24.4107;ZoneWidth=4.25;ZoneTouchCount=0;PullbackCountInRegime=0;CandleRange=17.75;BodyRatio=0.67605634;CloseLocation=0.92957746;ZoneAge=1;BullScore=0;BearScore=0;TrendStrength=0;Alignment=0;ConfirmRange=17.75;ConfirmBodyRatio=0.67605634;ConfirmCloseLocation=0.92957746;ConfirmAlignment=12;ConfirmPrevBreak=-4;ConfirmZoneReclaim=14.5;HourSin=-0.15212339;HourCos=0.98836151;DayOfWeek=1","Season=H1;Session=Late;ZoneType=BullFVG;ZoneFreshness=Fresh;RegimeBucket=WeakLT50;SetupQualityBucket=Q50_69;RiskBucket=RiskGT15;EstimatedRRBucket=RR_GE_1_5;TimeBucket=Late;SkipPattern=ObservationConfirmResearch+ObservationResearch+ReclaimZoneHigh+Regime+ZoneBirthResearch+ZoneJustCreated;HasZoneBirthResearch=True;HasObservationConfirmResearch=True;HasObservationStrictResearch=False;HasFailureReverseResearch=False;HasFailureRetestTrigger=False;HasBreakawayQualified=False;ConfirmAvailable=True;ConfirmReason=ReclaimZoneHigh"
"OPF-20260725-100040","OPF_0.1","OPF_RESEARCH_2.14","MNQ_0.1","MNQ_1Contract_Target150_200","OPF_PROFILE_0.1","20260519-2320-BULL-OBS-001120-Z001120-OC","2026-05-19T23:25:00.0000000",1121,"Long","ObservationConfirm_WideStop1_5R","OPF_KNN_SHADOW_1.97","A378B7478A0A4022A525CB66887BDC1D9C540E2A3A7D9C94FBCFA7735D8483D3","Fixed3R",0.7614147084001072,True,40,"Fixed3R",0.2753549899081613,True,40,"","RegimeScore=40;SetupQualityScore=60;InitialRiskPoints=28.88;EstimatedRR=3;ATR14=24.4107;ZoneWidth=4.25;ZoneTouchCount=0;PullbackCountInRegime=0;CandleRange=17.75;BodyRatio=0.67605634;CloseLocation=0.92957746;ZoneAge=1;BullScore=0;BearScore=0;TrendStrength=0;Alignment=0;ConfirmRange=17.75;ConfirmBodyRatio=0.67605634;ConfirmCloseLocation=0.92957746;ConfirmAlignment=12;ConfirmPrevBreak=-4;ConfirmZoneReclaim=14.5;HourSin=-0.15212339;HourCos=0.98836151;DayOfWeek=1","Season=H1;Session=Late;ZoneType=BullFVG;ZoneFreshness=Fresh;RegimeBucket=WeakLT50;SetupQualityBucket=Q50_69;RiskBucket=RiskGT15;EstimatedRRBucket=RR_GE_1_5;TimeBucket=Late;SkipPattern=ObservationConfirmResearch+ObservationResearch+ReclaimZoneHigh+Regime+ZoneBirthResearch+ZoneJustCreated;HasZoneBirthResearch=True;HasObservationConfirmResearch=True;HasObservationStrictResearch=False;HasFailureReverseResearch=False;HasFailureRetestTrigger=False;HasBreakawayQualified=False;ConfirmAvailable=True;ConfirmReason=ReclaimZoneHigh"
"OPF-20260725-100040","OPF_0.1","OPF_RESEARCH_2.14","MNQ_0.1","MNQ_1Contract_Target150_200","OPF_PROFILE_0.1","20260519-2325-BULL-OBS-001121-Z001120","2026-05-19T23:25:00.0000000",1121,"Long","UnknownRegimeZoneTouch","OPF_KNN_SHADOW_1.97","A378B7478A0A4022A525CB66887BDC1D9C540E2A3A7D9C94FBCFA7735D8483D3","",0,False,0,"",0,False,0,"PathMissing","RegimeScore=40;SetupQualityScore=41;InitialRiskPoints=19.25;EstimatedRR=0.1429;ATR14=24.4107;ZoneWidth=4.25;ZoneTouchCount=1;PullbackCountInRegime=0;CandleRange=17.75;BodyRatio=0.67605634;CloseLocation=0.92957746;ZoneAge=1;BullScore=0;BearScore=0;TrendStrength=0;Alignment=0;ConfirmRange=0;ConfirmBodyRatio=0;ConfirmCloseLocation=0.5;ConfirmAlignment=0;ConfirmPrevBreak=0;ConfirmZoneReclaim=0;HourSin=-0.15212339;HourCos=0.98836151;DayOfWeek=1","Season=H1;Session=Late;ZoneType=BullFVG;ZoneFreshness=SecondTouch;RegimeBucket=WeakLT50;SetupQualityBucket=QLT50;RiskBucket=RiskGT15;EstimatedRRBucket=RR_LT_1_0;TimeBucket=Late;SkipPattern=ObservationResearch+Regime+RegimeUnknown;HasZoneBirthResearch=False;HasObservationConfirmResearch=False;HasObservationStrictResearch=False;HasFailureReverseResearch=False;HasFailureRetestTrigger=False;HasBreakawayQualified=False;ConfirmAvailable=False;ConfirmReason=Unknown"
"OPF-20260725-100040","OPF_0.1","OPF_RESEARCH_2.14","MNQ_0.1","MNQ_1Contract_Target150_200","OPF_PROFILE_0.1","20260519-2325-BULL-OBS-001121-Z001120-OC","2026-05-19T23:30:00.0000000",1122,"Long","ObservationConfirm","OPF_KNN_SHADOW_1.97","A378B7478A0A4022A525CB66887BDC1D9C540E2A3A7D9C94FBCFA7735D8483D3","",0,False,0,"",0,False,0,"PathMissing","RegimeScore=40;SetupQualityScore=56;InitialRiskPoints=67.75;EstimatedRR=4;ATR14=26.7143;ZoneWidth=4.25;ZoneTouchCount=1;PullbackCountInRegime=0;CandleRange=55.5;BodyRatio=0.87387387;CloseLocation=0.88288288;ZoneAge=2;BullScore=0;BearScore=0;TrendStrength=0;Alignment=0;ConfirmRange=55.5;ConfirmBodyRatio=0.87387387;ConfirmCloseLocation=0.88288288;ConfirmAlignment=48.5;ConfirmPrevBreak=47.25;ConfirmZoneReclaim=63;HourSin=-0.13052619;HourCos=0.99144486;DayOfWeek=1","Season=H1;Session=Late;ZoneType=BullFVG;ZoneFreshness=SecondTouch;RegimeBucket=WeakLT50;SetupQualityBucket=Q50_69;RiskBucket=RiskGT15;EstimatedRRBucket=RR_GE_1_5;TimeBucket=Late;SkipPattern=ObservationConfirmResearch+ObservationResearch+ReclaimZoneHigh+Regime+RegimeUnknown+UnknownRegimeZoneTouch;HasZoneBirthResearch=False;HasObservationConfirmResearch=True;HasObservationStrictResearch=False;HasFailureReverseResearch=False;HasFailureRetestTrigger=False;HasBreakawayQualified=False;ConfirmAvailable=True;ConfirmReason=ReclaimZoneHigh"
"OPF-20260725-100040","OPF_0.1","OPF_RESEARCH_2.14","MNQ_0.1","MNQ_1Contract_Target150_200","OPF_PROFILE_0.1","20260519-2325-BULL-OBS-001121-Z001120-OC","2026-05-19T23:30:00.0000000",1122,"Long","ObservationConfirm_WideStop1_5R","OPF_KNN_SHADOW_1.97","A378B7478A0A4022A525CB66887BDC1D9C540E2A3A7D9C94FBCFA7735D8483D3","SplitBase_Runner3R_BE0_75R",0.5974764698548086,True,40,"SplitBase_Runner3R_BE0_75R",0.17574912054162653,True,40,"","RegimeScore=40;SetupQualityScore=56;InitialRiskPoints=101.62;EstimatedRR=3;ATR14=26.7143;ZoneWidth=4.25;ZoneTouchCount=1;PullbackCountInRegime=0;CandleRange=55.5;BodyRatio=0.87387387;CloseLocation=0.88288288;ZoneAge=2;BullScore=0;BearScore=0;TrendStrength=0;Alignment=0;ConfirmRange=55.5;ConfirmBodyRatio=0.87387387;ConfirmCloseLocation=0.88288288;ConfirmAlignment=48.5;ConfirmPrevBreak=47.25;ConfirmZoneReclaim=63;HourSin=-0.13052619;HourCos=0.99144486;DayOfWeek=1","Season=H1;Session=Late;ZoneType=BullFVG;ZoneFreshness=SecondTouch;RegimeBucket=WeakLT50;SetupQualityBucket=Q50_69;RiskBucket=RiskGT15;EstimatedRRBucket=RR_GE_1_5;TimeBucket=Late;SkipPattern=ObservationConfirmResearch+ObservationResearch+ReclaimZoneHigh+Regime+RegimeUnknown+UnknownRegimeZoneTouch;HasZoneBirthResearch=False;HasObservationConfirmResearch=True;HasObservationStrictResearch=False;HasFailureReverseResearch=False;HasFailureRetestTrigger=False;HasBreakawayQualified=False;ConfirmAvailable=True;ConfirmReason=ReclaimZoneHigh"
"OPF-20260725-100040","OPF_0.1","OPF_RESEARCH_2.14","MNQ_0.1","MNQ_1Contract_Target150_200","OPF_PROFILE_0.1","20260519-2350-BEAR-OBS-001126-Z001126","2026-05-19T23:50:00.0000000",1126,"Short","ZoneBirthResearch","OPF_KNN_SHADOW_1.97","A378B7478A0A4022A525CB66887BDC1D9C540E2A3A7D9C94FBCFA7735D8483D3","Fixed2_5R",0.8667423782099187,True,40,"Fixed2_5R",0.3800367583359597,True,40,"","RegimeScore=0;SetupQualityScore=41;InitialRiskPoints=19.25;EstimatedRR=0.5325;ATR14=25.1786;ZoneWidth=8.25;ZoneTouchCount=0;PullbackCountInRegime=0;CandleRange=25.75;BodyRatio=0.27184466;CloseLocation=0.59223301;ZoneAge=0;BullScore=0;BearScore=0;TrendStrength=0;Alignment=0;ConfirmRange=0;ConfirmBodyRatio=0;ConfirmCloseLocation=0.5;ConfirmAlignment=0;ConfirmPrevBreak=0;ConfirmZoneReclaim=0;HourSin=-0.04361939;HourCos=0.99904822;DayOfWeek=1","Season=H1;Session=Late;ZoneType=BearFVG;ZoneFreshness=Fresh;RegimeBucket=WeakLT50;SetupQualityBucket=QLT50;RiskBucket=RiskGT15;EstimatedRRBucket=RR_LT_1_0;TimeBucket=Late;SkipPattern=ObservationResearch+Regime+ZoneJustCreated;HasZoneBirthResearch=False;HasObservationConfirmResearch=False;HasObservationStrictResearch=False;HasFailureReverseResearch=False;HasFailureRetestTrigger=False;HasBreakawayQualified=False;ConfirmAvailable=False;ConfirmReason=Unknown"
"OPF-20260725-100040","OPF_0.1","OPF_RESEARCH_2.14","MNQ_0.1","MNQ_1Contract_Target150_200","OPF_PROFILE_0.1","20260519-2350-BEAR-OBS-001126-Z001126-OC","2026-05-19T23:55:00.0000000",1127,"Short","ObservationConfirm","OPF_KNN_SHADOW_1.97","A378B7478A0A4022A525CB66887BDC1D9C540E2A3A7D9C94FBCFA7735D8483D3","ProtectBE1R_Then3R",0.4425160168955863,True,40,"ProtectBE1R_Then3R",0.1741388140415258,True,40,"","RegimeScore=0;SetupQualityScore=60;InitialRiskPoints=34;EstimatedRR=1.5;ATR14=25.3214;ZoneWidth=8.25;ZoneTouchCount=0;PullbackCountInRegime=0;CandleRange=27.75;BodyRatio=0.52252252;CloseLocation=0.38738739;ZoneAge=1;BullScore=0;BearScore=0;TrendStrength=0;Alignment=0;ConfirmRange=27.75;ConfirmBodyRatio=0.52252252;ConfirmCloseLocation=0.38738739;ConfirmAlignment=14.5;ConfirmPrevBreak=-0.5;ConfirmZoneReclaim=25.25;HourSin=-0.02181489;HourCos=0.99976203;DayOfWeek=1","Season=H1;Session=Late;ZoneType=BearFVG;ZoneFreshness=Fresh;RegimeBucket=WeakLT50;SetupQualityBucket=Q50_69;RiskBucket=RiskGT15;EstimatedRRBucket=RR_GE_1_5;TimeBucket=Late;SkipPattern=ObservationConfirmResearch+ObservationResearch+ReclaimZoneLow+Regime+ZoneBirthResearch+ZoneJustCreated;HasZoneBirthResearch=True;HasObservationConfirmResearch=True;HasObservationStrictResearch=False;HasFailureReverseResearch=False;HasFailureRetestTrigger=False;HasBreakawayQualified=False;ConfirmAvailable=True;ConfirmReason=ReclaimZoneLow"
"OPF-20260725-100040","OPF_0.1","OPF_RESEARCH_2.14","MNQ_0.1","MNQ_1Contract_Target150_200","OPF_PROFILE_0.1","20260519-2350-BEAR-OBS-001126-Z001126-OC","2026-05-19T23:55:00.0000000",1127,"Short","ObservationConfirm_WideStop1_5R","OPF_KNN_SHADOW_1.97","A378B7478A0A4022A525CB66887BDC1D9C540E2A3A7D9C94FBCFA7735D8483D3","Fixed3R",0.2286258375597091,True,40,"Fixed3R",0.11342847530478627,True,40,"","RegimeScore=0;SetupQualityScore=60;InitialRiskPoints=51;EstimatedRR=0.0098;ATR14=25.3214;ZoneWidth=8.25;ZoneTouchCount=0;PullbackCountInRegime=0;CandleRange=27.75;BodyRatio=0.52252252;CloseLocation=0.38738739;ZoneAge=1;BullScore=0;BearScore=0;TrendStrength=0;Alignment=0;ConfirmRange=27.75;ConfirmBodyRatio=0.52252252;ConfirmCloseLocation=0.38738739;ConfirmAlignment=14.5;ConfirmPrevBreak=-0.5;ConfirmZoneReclaim=25.25;HourSin=-0.02181489;HourCos=0.99976203;DayOfWeek=1","Season=H1;Session=Late;ZoneType=BearFVG;ZoneFreshness=Fresh;RegimeBucket=WeakLT50;SetupQualityBucket=Q50_69;RiskBucket=RiskGT15;EstimatedRRBucket=RR_LT_1_0;TimeBucket=Late;SkipPattern=ObservationConfirmResearch+ObservationResearch+ReclaimZoneLow+Regime+ZoneBirthResearch+ZoneJustCreated;HasZoneBirthResearch=True;HasObservationConfirmResearch=True;HasObservationStrictResearch=False;HasFailureReverseResearch=False;HasFailureRetestTrigger=False;HasBreakawayQualified=False;ConfirmAvailable=True;ConfirmReason=ReclaimZoneLow"
"OPF-20260725-100040","OPF_0.1","OPF_RESEARCH_2.14","MNQ_0.1","MNQ_1Contract_Target150_200","OPF_PROFILE_0.1","20260519-2350-BEAR-OBS-001126-Z001126-OC-STR","2026-05-19T23:55:00.0000000",1127,"Short","ObservationStrict_Other","OPF_KNN_SHADOW_1.97","A378B7478A0A4022A525CB66887BDC1D9C540E2A3A7D9C94FBCFA7735D8483D3","",0,False,0,"",0,False,0,"PathMissing","RegimeScore=0;SetupQualityScore=60;InitialRiskPoints=34;EstimatedRR=0.0147;ATR14=25.3214;ZoneWidth=8.25;ZoneTouchCount=0;PullbackCountInRegime=0;CandleRange=27.75;BodyRatio=0.52252252;CloseLocation=0.38738739;ZoneAge=1;BullScore=0;BearScore=0;TrendStrength=0;Alignment=0;ConfirmRange=27.75;ConfirmBodyRatio=0.52252252;ConfirmCloseLocation=0.38738739;ConfirmAlignment=14.5;ConfirmPrevBreak=-0.5;ConfirmZoneReclaim=25.25;HourSin=-0.02181489;HourCos=0.99976203;DayOfWeek=1","Season=H1;Session=Late;ZoneType=BearFVG;ZoneFreshness=Fresh;RegimeBucket=WeakLT50;SetupQualityBucket=Q50_69;RiskBucket=RiskGT15;EstimatedRRBucket=RR_LT_1_0;TimeBucket=Late;SkipPattern=ObservationConfirmResearch+ObservationConfirmStrictResearch+ObservationResearch+ObservationStrict_Other+ReclaimZoneLow+Regime+ZoneBirthResearch+ZoneJustCreated;HasZoneBirthResearch=True;HasObservationConfirmResearch=True;HasObservationStrictResearch=True;HasFailureReverseResearch=False;HasFailureRetestTrigger=False;HasBreakawayQualified=False;ConfirmAvailable=True;ConfirmReason=ReclaimZoneLow"
"OPF-20260725-100040","OPF_0.1","OPF_RESEARCH_2.14","MNQ_0.1","MNQ_1Contract_Target150_200","OPF_PROFILE_0.1","20260519-2350-BEAR-OBS-001126-Z001126-OC-STR","2026-05-19T23:55:00.0000000",1127,"Short","ObservationStrict_Other_WideStop1_5R","OPF_KNN_SHADOW_1.97","A378B7478A0A4022A525CB66887BDC1D9C540E2A3A7D9C94FBCFA7735D8483D3","",0,False,0,"",0,False,0,"PathMissing","RegimeScore=0;SetupQualityScore=60;InitialRiskPoints=51;EstimatedRR=0.0098;ATR14=25.3214;ZoneWidth=8.25;ZoneTouchCount=0;PullbackCountInRegime=0;CandleRange=27.75;BodyRatio=0.52252252;CloseLocation=0.38738739;ZoneAge=1;BullScore=0;BearScore=0;TrendStrength=0;Alignment=0;ConfirmRange=27.75;ConfirmBodyRatio=0.52252252;ConfirmCloseLocation=0.38738739;ConfirmAlignment=14.5;ConfirmPrevBreak=-0.5;ConfirmZoneReclaim=25.25;HourSin=-0.02181489;HourCos=0.99976203;DayOfWeek=1","Season=H1;Session=Late;ZoneType=BearFVG;ZoneFreshness=Fresh;RegimeBucket=WeakLT50;SetupQualityBucket=Q50_69;RiskBucket=RiskGT15;EstimatedRRBucket=RR_LT_1_0;TimeBucket=Late;SkipPattern=ObservationConfirmResearch+ObservationConfirmStrictResearch+ObservationResearch+ObservationStrict_Other+ReclaimZoneLow+Regime+ZoneBirthResearch+ZoneJustCreated;HasZoneBirthResearch=True;HasObservationConfirmResearch=True;HasObservationStrictResearch=True;HasFailureReverseResearch=False;HasFailureRetestTrigger=False;HasBreakawayQualified=False;ConfirmAvailable=True;ConfirmReason=ReclaimZoneLow"
"OPF-20260725-100040","OPF_0.1","OPF_RESEARCH_2.14","MNQ_0.1","MNQ_1Contract_Target150_200","OPF_PROFILE_0.1","20260519-2355-BEAR-OBS-001127-Z001127","2026-05-19T23:55:00.0000000",1127,"Short","ZoneBirthResearch","OPF_KNN_SHADOW_1.97","A378B7478A0A4022A525CB66887BDC1D9C540E2A3A7D9C94FBCFA7735D8483D3","ProtectBE1R_Then3R",0.8282406067400491,True,40,"Fixed3R",0.34071366007022347,True,40,"","RegimeScore=20;SetupQualityScore=45;InitialRiskPoints=18.25;EstimatedRR=0.0274;ATR14=25.3214;ZoneWidth=0.75;ZoneTouchCount=0;PullbackCountInRegime=0;CandleRange=27.75;BodyRatio=0.52252252;CloseLocation=0.38738739;ZoneAge=0;BullScore=0;BearScore=0;TrendStrength=0;Alignment=0;ConfirmRange=0;ConfirmBodyRatio=0;ConfirmCloseLocation=0.5;ConfirmAlignment=0;ConfirmPrevBreak=0;ConfirmZoneReclaim=0;HourSin=-0.02181489;HourCos=0.99976203;DayOfWeek=1","Season=H1;Session=Late;ZoneType=BearFVG;ZoneFreshness=Fresh;RegimeBucket=WeakLT50;SetupQualityBucket=QLT50;RiskBucket=RiskGT15;EstimatedRRBucket=RR_LT_1_0;TimeBucket=Late;SkipPattern=ObservationResearch+Regime+ZoneJustCreated;HasZoneBirthResearch=False;HasObservationConfirmResearch=False;HasObservationStrictResearch=False;HasFailureReverseResearch=False;HasFailureRetestTrigger=False;HasBreakawayQualified=False;ConfirmAvailable=False;ConfirmReason=Unknown"
"OPF-20260725-100040","OPF_0.1","OPF_RESEARCH_2.14","MNQ_0.1","MNQ_1Contract_Target150_200","OPF_PROFILE_0.1","20260519-2355-BEAR-OBS-001127-Z001127-OC","2026-05-20T00:00:00.0000000",1128,"Short","ObservationConfirm","OPF_KNN_SHADOW_1.97","A378B7478A0A4022A525CB66887BDC1D9C540E2A3A7D9C94FBCFA7735D8483D3","SplitBase_Runner3R_BE0_75R",0.21886885809124304,True,40,"SplitBase_Runner3R_BE0_75R",0.10752868482938817,True,40,"","RegimeScore=20;SetupQualityScore=60;InitialRiskPoints=52.5;EstimatedRR=1.5;ATR14=27.0357;ZoneWidth=0.75;ZoneTouchCount=0;PullbackCountInRegime=0;CandleRange=43.25;BodyRatio=0.76878613;CloseLocation=0.19653179;ZoneAge=1;BullScore=0;BearScore=0;TrendStrength=0;Alignment=0;ConfirmRange=43.25;ConfirmBodyRatio=0.76878613;ConfirmCloseLocation=0.19653179;ConfirmAlignment=33.25;ConfirmPrevBreak=23.5;ConfirmZoneReclaim=51.25;HourSin=0;HourCos=1;DayOfWeek=2","Season=H1;Session=Asia;ZoneType=BearFVG;ZoneFreshness=Fresh;RegimeBucket=WeakLT50;SetupQualityBucket=Q50_69;RiskBucket=RiskGT15;EstimatedRRBucket=RR_GE_1_5;TimeBucket=Pre10;SkipPattern=ObservationConfirmResearch+ObservationResearch+ReclaimZoneLow+Regime+ZoneBirthResearch+ZoneJustCreated;HasZoneBirthResearch=True;HasObservationConfirmResearch=True;HasObservationStrictResearch=False;HasFailureReverseResearch=False;HasFailureRetestTrigger=False;HasBreakawayQualified=False;ConfirmAvailable=True;ConfirmReason=ReclaimZoneLow"
"OPF-20260725-100040","OPF_0.1","OPF_RESEARCH_2.14","MNQ_0.1","MNQ_1Contract_Target150_200","OPF_PROFILE_0.1","20260519-2355-BEAR-OBS-001127-Z001127-OC","2026-05-20T00:00:00.0000000",1128,"Short","ObservationConfirm_WideStop1_5R","OPF_KNN_SHADOW_1.97","A378B7478A0A4022A525CB66887BDC1D9C540E2A3A7D9C94FBCFA7735D8483D3","Fixed1_5R",0.12473909434166129,True,40,"Fixed1_5R",0.08820055077810726,True,40,"","RegimeScore=20;SetupQualityScore=60;InitialRiskPoints=78.75;EstimatedRR=0.0794;ATR14=27.0357;ZoneWidth=0.75;ZoneTouchCount=0;PullbackCountInRegime=0;CandleRange=43.25;BodyRatio=0.76878613;CloseLocation=0.19653179;ZoneAge=1;BullScore=0;BearScore=0;TrendStrength=0;Alignment=0;ConfirmRange=43.25;ConfirmBodyRatio=0.76878613;ConfirmCloseLocation=0.19653179;ConfirmAlignment=33.25;ConfirmPrevBreak=23.5;ConfirmZoneReclaim=51.25;HourSin=0;HourCos=1;DayOfWeek=2","Season=H1;Session=Asia;ZoneType=BearFVG;ZoneFreshness=Fresh;RegimeBucket=WeakLT50;SetupQualityBucket=Q50_69;RiskBucket=RiskGT15;EstimatedRRBucket=RR_LT_1_0;TimeBucket=Pre10;SkipPattern=ObservationConfirmResearch+ObservationResearch+ReclaimZoneLow+Regime+ZoneBirthResearch+ZoneJustCreated;HasZoneBirthResearch=True;HasObservationConfirmResearch=True;HasObservationStrictResearch=False;HasFailureReverseResearch=False;HasFailureRetestTrigger=False;HasBreakawayQualified=False;ConfirmAvailable=True;ConfirmReason=ReclaimZoneLow"
"OPF-20260725-100040","OPF_0.1","OPF_RESEARCH_2.14","MNQ_0.1","MNQ_1Contract_Target150_200","OPF_PROFILE_0.1","20260520-0035-BULL-OBS-001135-Z001135","2026-05-20T00:35:00.0000000",1135,"Long","ZoneBirthResearch","OPF_KNN_SHADOW_1.97","A378B7478A0A4022A525CB66887BDC1D9C540E2A3A7D9C94FBCFA7735D8483D3","",0,False,0,"",0,False,0,"PathMissing","RegimeScore=30;SetupQualityScore=35;InitialRiskPoints=16.25;EstimatedRR=0.2462;ATR14=44.5536;ZoneWidth=8;ZoneTouchCount=0;PullbackCountInRegime=0;CandleRange=42.5;BodyRatio=0.38823529;CloseLocation=0.18235294;ZoneAge=0;BullScore=0;BearScore=0;TrendStrength=0;Alignment=0;ConfirmRange=0;ConfirmBodyRatio=0;ConfirmCloseLocation=0.5;ConfirmAlignment=0;ConfirmPrevBreak=0;ConfirmZoneReclaim=0;HourSin=0.15212339;HourCos=0.98836151;DayOfWeek=2","Season=H1;Session=Asia;ZoneType=BullFVG;ZoneFreshness=Fresh;RegimeBucket=WeakLT50;SetupQualityBucket=QLT50;RiskBucket=RiskGT15;EstimatedRRBucket=RR_LT_1_0;TimeBucket=Pre10;SkipPattern=ObservationResearch+Regime+ZoneJustCreated;HasZoneBirthResearch=False;HasObservationConfirmResearch=False;HasObservationStrictResearch=False;HasFailureReverseResearch=False;HasFailureRetestTrigger=False;HasBreakawayQualified=False;ConfirmAvailable=False;ConfirmReason=Unknown"
"OPF-20260725-100040","OPF_0.1","OPF_RESEARCH_2.14","MNQ_0.1","MNQ_1Contract_Target150_200","OPF_PROFILE_0.1","20260520-0035-BULL-OBS-001135-Z001135-OC","2026-05-20T00:40:00.0000000",1136,"Long","ObservationConfirm","OPF_KNN_SHADOW_1.97","A378B7478A0A4022A525CB66887BDC1D9C540E2A3A7D9C94FBCFA7735D8483D3","",0,False,0,"",0,False,0,"PathMissing","RegimeScore=30;SetupQualityScore=60;InitialRiskPoints=35.5;EstimatedRR=4;ATR14=43.6786;ZoneWidth=8;ZoneTouchCount=0;PullbackCountInRegime=0;CandleRange=43.25;BodyRatio=0.46242775;CloseLocation=0.72254335;ZoneAge=1;BullScore=0;BearScore=0;TrendStrength=0;Alignment=0;ConfirmRange=43.25;ConfirmBodyRatio=0.46242775;ConfirmCloseLocation=0.72254335;ConfirmAlignment=20;ConfirmPrevBreak=-15.5;ConfirmZoneReclaim=27;HourSin=0.17364818;HourCos=0.98480775;DayOfWeek=2","Season=H1;Session=Asia;ZoneType=BullFVG;ZoneFreshness=Fresh;RegimeBucket=WeakLT50;SetupQualityBucket=Q50_69;RiskBucket=RiskGT15;EstimatedRRBucket=RR_GE_1_5;TimeBucket=Pre10;SkipPattern=ObservationConfirmResearch+ObservationResearch+ReclaimZoneHigh+Regime+ZoneBirthResearch+ZoneJustCreated;HasZoneBirthResearch=True;HasObservationConfirmResearch=True;HasObservationStrictResearch=False;HasFailureReverseResearch=False;HasFailureRetestTrigger=False;HasBreakawayQualified=False;ConfirmAvailable=True;ConfirmReason=ReclaimZoneHigh"
"OPF-20260725-100040","OPF_0.1","OPF_RESEARCH_2.14","MNQ_0.1","MNQ_1Contract_Target150_200","OPF_PROFILE_0.1","20260520-0035-BULL-OBS-001135-Z001135-OC","2026-05-20T00:40:00.0000000",1136,"Long","ObservationConfirm_WideStop1_5R","OPF_KNN_SHADOW_1.97","A378B7478A0A4022A525CB66887BDC1D9C540E2A3A7D9C94FBCFA7735D8483D3","ProtectBE0_75R_Then2_5R",0.40623216966454945,True,40,"ProtectBE0_75R_Then2_5R",0.14000385873474344,True,40,"","RegimeScore=30;SetupQualityScore=60;InitialRiskPoints=53.25;EstimatedRR=3;ATR14=43.6786;ZoneWidth=8;ZoneTouchCount=0;PullbackCountInRegime=0;CandleRange=43.25;BodyRatio=0.46242775;CloseLocation=0.72254335;ZoneAge=1;BullScore=0;BearScore=0;TrendStrength=0;Alignment=0;ConfirmRange=43.25;ConfirmBodyRatio=0.46242775;ConfirmCloseLocation=0.72254335;ConfirmAlignment=20;ConfirmPrevBreak=-15.5;ConfirmZoneReclaim=27;HourSin=0.17364818;HourCos=0.98480775;DayOfWeek=2","Season=H1;Session=Asia;ZoneType=BullFVG;ZoneFreshness=Fresh;RegimeBucket=WeakLT50;SetupQualityBucket=Q50_69;RiskBucket=RiskGT15;EstimatedRRBucket=RR_GE_1_5;TimeBucket=Pre10;SkipPattern=ObservationConfirmResearch+ObservationResearch+ReclaimZoneHigh+Regime+ZoneBirthResearch+ZoneJustCreated;HasZoneBirthResearch=True;HasObservationConfirmResearch=True;HasObservationStrictResearch=False;HasFailureReverseResearch=False;HasFailureRetestTrigger=False;HasBreakawayQualified=False;ConfirmAvailable=True;ConfirmReason=ReclaimZoneHigh"
"OPF-20260725-100040","OPF_0.1","OPF_RESEARCH_2.14","MNQ_0.1","MNQ_1Contract_Target150_200","OPF_PROFILE_0.1","20260520-0040-BULL-OBS-001136-Z001135","2026-05-20T00:40:00.0000000",1136,"Long","UnknownRegimeZoneTouch","OPF_KNN_SHADOW_1.97","A378B7478A0A4022A525CB66887BDC1D9C540E2A3A7D9C94FBCFA7735D8483D3","",0,False,0,"",0,False,0,"PathMissing","RegimeScore=30;SetupQualityScore=37;InitialRiskPoints=35.5;EstimatedRR=0.4366;ATR14=43.6786;ZoneWidth=8;ZoneTouchCount=1;PullbackCountInRegime=0;CandleRange=43.25;BodyRatio=0.46242775;CloseLocation=0.72254335;ZoneAge=1;BullScore=0;BearScore=0;TrendStrength=0;Alignment=0;ConfirmRange=0;ConfirmBodyRatio=0;ConfirmCloseLocation=0.5;ConfirmAlignment=0;ConfirmPrevBreak=0;ConfirmZoneReclaim=0;HourSin=0.17364818;HourCos=0.98480775;DayOfWeek=2","Season=H1;Session=Asia;ZoneType=BullFVG;ZoneFreshness=SecondTouch;RegimeBucket=WeakLT50;SetupQualityBucket=QLT50;RiskBucket=RiskGT15;EstimatedRRBucket=RR_LT_1_0;TimeBucket=Pre10;SkipPattern=ObservationResearch+Regime+RegimeUnknown;HasZoneBirthResearch=False;HasObservationConfirmResearch=False;HasObservationStrictResearch=False;HasFailureReverseResearch=False;HasFailureRetestTrigger=False;HasBreakawayQualified=False;ConfirmAvailable=False;ConfirmReason=Unknown"
"OPF-20260725-100040","OPF_0.1","OPF_RESEARCH_2.14","MNQ_0.1","MNQ_1Contract_Target150_200","OPF_PROFILE_0.1","20260520-0040-BULL-OBS-001136-Z001135-OC","2026-05-20T00:45:00.0000000",1137,"Long","ObservationConfirm","OPF_KNN_SHADOW_1.97","A378B7478A0A4022A525CB66887BDC1D9C540E2A3A7D9C94FBCFA7735D8483D3","",0,False,0,"",0,False,0,"PathMissing","RegimeScore=30;SetupQualityScore=52;InitialRiskPoints=51.5;EstimatedRR=4;ATR14=43.4464;ZoneWidth=8;ZoneTouchCount=1;PullbackCountInRegime=0;CandleRange=34;BodyRatio=0.50735294;CloseLocation=0.69117647;ZoneAge=2;BullScore=0;BearScore=0;TrendStrength=0;Alignment=0;ConfirmRange=34;ConfirmBodyRatio=0.50735294;ConfirmCloseLocation=0.69117647;ConfirmAlignment=17.25;ConfirmPrevBreak=4;ConfirmZoneReclaim=43;HourSin=0.19509032;HourCos=0.98078528;DayOfWeek=2","Season=H1;Session=Asia;ZoneType=BullFVG;ZoneFreshness=SecondTouch;RegimeBucket=WeakLT50;SetupQualityBucket=Q50_69;RiskBucket=RiskGT15;EstimatedRRBucket=RR_GE_1_5;TimeBucket=Pre10;SkipPattern=ObservationConfirmResearch+ObservationResearch+ReclaimZoneHigh+Regime+RegimeUnknown+UnknownRegimeZoneTouch;HasZoneBirthResearch=False;HasObservationConfirmResearch=True;HasObservationStrictResearch=False;HasFailureReverseResearch=False;HasFailureRetestTrigger=False;HasBreakawayQualified=False;ConfirmAvailable=True;ConfirmReason=ReclaimZoneHigh"
"OPF-20260725-100040","OPF_0.1","OPF_RESEARCH_2.14","MNQ_0.1","MNQ_1Contract_Target150_200","OPF_PROFILE_0.1","20260520-0040-BULL-OBS-001136-Z001135-OC","2026-05-20T00:45:00.0000000",1137,"Long","ObservationConfirm_WideStop1_5R","OPF_KNN_SHADOW_1.97","A378B7478A0A4022A525CB66887BDC1D9C540E2A3A7D9C94FBCFA7735D8483D3","ProtectBE0_75R_Then2_5R",0.37542981881406995,True,40,"ProtectBE0_75R_Then2_5R",0.136463640660485,True,40,"","RegimeScore=30;SetupQualityScore=52;InitialRiskPoints=77.25;EstimatedRR=3;ATR14=43.4464;ZoneWidth=8;ZoneTouchCount=1;PullbackCountInRegime=0;CandleRange=34;BodyRatio=0.50735294;CloseLocation=0.69117647;ZoneAge=2;BullScore=0;BearScore=0;TrendStrength=0;Alignment=0;ConfirmRange=34;ConfirmBodyRatio=0.50735294;ConfirmCloseLocation=0.69117647;ConfirmAlignment=17.25;ConfirmPrevBreak=4;ConfirmZoneReclaim=43;HourSin=0.19509032;HourCos=0.98078528;DayOfWeek=2","Season=H1;Session=Asia;ZoneType=BullFVG;ZoneFreshness=SecondTouch;RegimeBucket=WeakLT50;SetupQualityBucket=Q50_69;RiskBucket=RiskGT15;EstimatedRRBucket=RR_GE_1_5;TimeBucket=Pre10;SkipPattern=ObservationConfirmResearch+ObservationResearch+ReclaimZoneHigh+Regime+RegimeUnknown+UnknownRegimeZoneTouch;HasZoneBirthResearch=False;HasObservationConfirmResearch=True;HasObservationStrictResearch=False;HasFailureReverseResearch=False;HasFailureRetestTrigger=False;HasBreakawayQualified=False;ConfirmAvailable=True;ConfirmReason=ReclaimZoneHigh"
"OPF-20260725-100040","OPF_0.1","OPF_RESEARCH_2.14","MNQ_0.1","MNQ_1Contract_Target150_200","OPF_PROFILE_0.1","20260520-0040-BULL-OBS-001136-Z001135-OC-STR","2026-05-20T00:45:00.0000000",1137,"Long","ObservationStrict_Other","OPF_KNN_SHADOW_1.97","A378B7478A0A4022A525CB66887BDC1D9C540E2A3A7D9C94FBCFA7735D8483D3","Fixed3R",1.0993295117947341,True,40,"Fixed3R",0.24530398833430833,True,40,"","RegimeScore=30;SetupQualityScore=52;InitialRiskPoints=51.5;EstimatedRR=0.0777;ATR14=43.4464;ZoneWidth=8;ZoneTouchCount=1;PullbackCountInRegime=0;CandleRange=34;BodyRatio=0.50735294;CloseLocation=0.69117647;ZoneAge=2;BullScore=0;BearScore=0;TrendStrength=0;Alignment=0;ConfirmRange=34;ConfirmBodyRatio=0.50735294;ConfirmCloseLocation=0.69117647;ConfirmAlignment=17.25;ConfirmPrevBreak=4;ConfirmZoneReclaim=43;HourSin=0.19509032;HourCos=0.98078528;DayOfWeek=2","Season=H1;Session=Asia;ZoneType=BullFVG;ZoneFreshness=SecondTouch;RegimeBucket=WeakLT50;SetupQualityBucket=Q50_69;RiskBucket=RiskGT15;EstimatedRRBucket=RR_LT_1_0;TimeBucket=Pre10;SkipPattern=ObservationConfirmResearch+ObservationConfirmStrictResearch+ObservationResearch+ObservationStrict_Other+ReclaimZoneHigh+Regime+RegimeUnknown+UnknownRegimeZoneTouch;HasZoneBirthResearch=False;HasObservationConfirmResearch=True;HasObservationStrictResearch=True;HasFailureReverseResearch=False;HasFailureRetestTrigger=False;HasBreakawayQualified=False;ConfirmAvailable=True;ConfirmReason=ReclaimZoneHigh"
"OPF-20260725-100040","OPF_0.1","OPF_RESEARCH_2.14","MNQ_0.1","MNQ_1Contract_Target150_200","OPF_PROFILE_0.1","20260520-0040-BULL-OBS-001136-Z001135-OC-STR","2026-05-20T00:45:00.0000000",1137,"Long","ObservationStrict_Other_WideStop1_5R","OPF_KNN_SHADOW_1.97","A378B7478A0A4022A525CB66887BDC1D9C540E2A3A7D9C94FBCFA7735D8483D3","Fixed3R",1.3637251027625628,True,26,"Fixed3R",0.21397482012615912,True,26,"","RegimeScore=30;SetupQualityScore=52;InitialRiskPoints=77.25;EstimatedRR=0.0518;ATR14=43.4464;ZoneWidth=8;ZoneTouchCount=1;PullbackCountInRegime=0;CandleRange=34;BodyRatio=0.50735294;CloseLocation=0.69117647;ZoneAge=2;BullScore=0;BearScore=0;TrendStrength=0;Alignment=0;ConfirmRange=34;ConfirmBodyRatio=0.50735294;ConfirmCloseLocation=0.69117647;ConfirmAlignment=17.25;ConfirmPrevBreak=4;ConfirmZoneReclaim=43;HourSin=0.19509032;HourCos=0.98078528;DayOfWeek=2","Season=H1;Session=Asia;ZoneType=BullFVG;ZoneFreshness=SecondTouch;RegimeBucket=WeakLT50;SetupQualityBucket=Q50_69;RiskBucket=RiskGT15;EstimatedRRBucket=RR_LT_1_0;TimeBucket=Pre10;SkipPattern=ObservationConfirmResearch+ObservationConfirmStrictResearch+ObservationResearch+ObservationStrict_Other+ReclaimZoneHigh+Regime+RegimeUnknown+UnknownRegimeZoneTouch;HasZoneBirthResearch=False;HasObservationConfirmResearch=True;HasObservationStrictResearch=True;HasFailureReverseResearch=False;HasFailureRetestTrigger=False;HasBreakawayQualified=False;ConfirmAvailable=True;ConfirmReason=ReclaimZoneHigh"
"OPF-20260725-100040","OPF_0.1","OPF_RESEARCH_2.14","MNQ_0.1","MNQ_1Contract_Target150_200","OPF_PROFILE_0.1","20260520-0050-BEAR-OBS-001138-Z001127","2026-05-20T00:50:00.0000000",1138,"Short","UnknownRegimeZoneTouch","OPF_KNN_SHADOW_1.97","A378B7478A0A4022A525CB66887BDC1D9C540E2A3A7D9C94FBCFA7735D8483D3","Protect1RAfter1_5R_Then3R",0.6578296246388275,True,40,"Protect1RAfter1_5R_Then3R",0.18350540351160607,True,40,"","RegimeScore=30;SetupQualityScore=30;InitialRiskPoints=9.25;EstimatedRR=0.4865;ATR14=45.4286;ZoneWidth=0.75;ZoneTouchCount=1;PullbackCountInRegime=0;CandleRange=44.75;BodyRatio=0.31843575;CloseLocation=0.70391061;ZoneAge=11;BullScore=0;BearScore=0;TrendStrength=0;Alignment=0;ConfirmRange=0;ConfirmBodyRatio=0;ConfirmCloseLocation=0.5;ConfirmAlignment=0;ConfirmPrevBreak=0;ConfirmZoneReclaim=0;HourSin=0.21643961;HourCos=0.97629601;DayOfWeek=2","Season=H1;Session=Asia;ZoneType=BearFVG;ZoneFreshness=SecondTouch;RegimeBucket=WeakLT50;SetupQualityBucket=QLT50;RiskBucket=RiskLE11;EstimatedRRBucket=RR_LT_1_0;TimeBucket=Pre10;SkipPattern=ObservationResearch+Regime+RegimeUnknown;HasZoneBirthResearch=False;HasObservationConfirmResearch=False;HasObservationStrictResearch=False;HasFailureReverseResearch=False;HasFailureRetestTrigger=False;HasBreakawayQualified=False;ConfirmAvailable=False;ConfirmReason=Unknown"
"OPF-20260725-100040","OPF_0.1","OPF_RESEARCH_2.14","MNQ_0.1","MNQ_1Contract_Target150_200","OPF_PROFILE_0.1","20260520-0050-BEAR-OBS-001138-Z001127-OC","2026-05-20T00:55:00.0000000",1139,"Short","ObservationConfirm","OPF_KNN_SHADOW_1.97","A378B7478A0A4022A525CB66887BDC1D9C540E2A3A7D9C94FBCFA7735D8483D3","ProtectBE1R_Then3R",0.25066796940746366,True,40,"ProtectBE1R_Then3R",0.11985479933969027,True,40,"","RegimeScore=30;SetupQualityScore=52;InitialRiskPoints=29;EstimatedRR=1.5;ATR14=46.0357;ZoneWidth=0.75;ZoneTouchCount=1;PullbackCountInRegime=0;CandleRange=36.5;BodyRatio=0.53424658;CloseLocation=0.30821918;ZoneAge=12;BullScore=0;BearScore=0;TrendStrength=0;Alignment=0;ConfirmRange=36.5;ConfirmBodyRatio=0.53424658;ConfirmCloseLocation=0.30821918;ConfirmAlignment=19.5;ConfirmPrevBreak=-11.75;ConfirmZoneReclaim=27.75;HourSin=0.23768589;HourCos=0.97134207;DayOfWeek=2","Season=H1;Session=Asia;ZoneType=BearFVG;ZoneFreshness=SecondTouch;RegimeBucket=WeakLT50;SetupQualityBucket=Q50_69;RiskBucket=RiskGT15;EstimatedRRBucket=RR_GE_1_5;TimeBucket=Pre10;SkipPattern=ObservationConfirmResearch+ObservationResearch+ReclaimZoneLow+Regime+RegimeUnknown+UnknownRegimeZoneTouch;HasZoneBirthResearch=False;HasObservationConfirmResearch=True;HasObservationStrictResearch=False;HasFailureReverseResearch=False;HasFailureRetestTrigger=False;HasBreakawayQualified=False;ConfirmAvailable=True;ConfirmReason=ReclaimZoneLow"
"OPF-20260725-100040","OPF_0.1","OPF_RESEARCH_2.14","MNQ_0.1","MNQ_1Contract_Target150_200","OPF_PROFILE_0.1","20260520-0050-BEAR-OBS-001138-Z001127-OC","2026-05-20T00:55:00.0000000",1139,"Short","ObservationConfirm_WideStop1_5R","OPF_KNN_SHADOW_1.97","A378B7478A0A4022A525CB66887BDC1D9C540E2A3A7D9C94FBCFA7735D8483D3","Fixed1_5R",0.09267934611255231,True,40,"Fixed1_5R",0.0821782247383135,True,40,"","RegimeScore=30;SetupQualityScore=52;InitialRiskPoints=43.5;EstimatedRR=0.0057;ATR14=46.0357;ZoneWidth=0.75;ZoneTouchCount=1;PullbackCountInRegime=0;CandleRange=36.5;BodyRatio=0.53424658;CloseLocation=0.30821918;ZoneAge=12;BullScore=0;BearScore=0;TrendStrength=0;Alignment=0;ConfirmRange=36.5;ConfirmBodyRatio=0.53424658;ConfirmCloseLocation=0.30821918;ConfirmAlignment=19.5;ConfirmPrevBreak=-11.75;ConfirmZoneReclaim=27.75;HourSin=0.23768589;HourCos=0.97134207;DayOfWeek=2","Season=H1;Session=Asia;ZoneType=BearFVG;ZoneFreshness=SecondTouch;RegimeBucket=WeakLT50;SetupQualityBucket=Q50_69;RiskBucket=RiskGT15;EstimatedRRBucket=RR_LT_1_0;TimeBucket=Pre10;SkipPattern=ObservationConfirmResearch+ObservationResearch+ReclaimZoneLow+Regime+RegimeUnknown+UnknownRegimeZoneTouch;HasZoneBirthResearch=False;HasObservationConfirmResearch=True;HasObservationStrictResearch=False;HasFailureReverseResearch=False;HasFailureRetestTrigger=False;HasBreakawayQualified=False;ConfirmAvailable=True;ConfirmReason=ReclaimZoneLow"
"OPF-20260725-100040","OPF_0.1","OPF_RESEARCH_2.14","MNQ_0.1","MNQ_1Contract_Target150_200","OPF_PROFILE_0.1","20260520-0110-BEAR-OBS-001142-Z001126","2026-05-20T01:10:00.0000000",1142,"Short","UnknownRegimeZoneTouch","OPF_KNN_SHADOW_1.97","A378B7478A0A4022A525CB66887BDC1D9C540E2A3A7D9C94FBCFA7735D8483D3","Protect1RAfter1_5R_Then3R",0.622766532035187,True,40,"ProtectBE1R_Then3R",0.18038539952193341,True,40,"","RegimeScore=0;SetupQualityScore=27;InitialRiskPoints=9.5;EstimatedRR=0.6316;ATR14=48;ZoneWidth=8.25;ZoneTouchCount=1;PullbackCountInRegime=0;CandleRange=30;BodyRatio=0.725;CloseLocation=0.83333333;ZoneAge=16;BullScore=0;BearScore=0;TrendStrength=0;Alignment=0;ConfirmRange=0;ConfirmBodyRatio=0;ConfirmCloseLocation=0.5;ConfirmAlignment=0;ConfirmPrevBreak=0;ConfirmZoneReclaim=0;HourSin=0.3007058;HourCos=0.95371695;DayOfWeek=2","Season=H1;Session=Asia;ZoneType=BearFVG;ZoneFreshness=SecondTouch;RegimeBucket=WeakLT50;SetupQualityBucket=QLT50;RiskBucket=RiskLE11;EstimatedRRBucket=RR_LT_1_0;TimeBucket=Pre10;SkipPattern=ObservationResearch+Regime+RegimeUnknown;HasZoneBirthResearch=False;HasObservationConfirmResearch=False;HasObservationStrictResearch=False;HasFailureReverseResearch=False;HasFailureRetestTrigger=False;HasBreakawayQualified=False;ConfirmAvailable=False;ConfirmReason=Unknown"
"OPF-20260725-100040","OPF_0.1","OPF_RESEARCH_2.14","MNQ_0.1","MNQ_1Contract_Target150_200","OPF_PROFILE_0.1","20260520-0110-BEAR-OBS-001142-Z001126-OC","2026-05-20T01:15:00.0000000",1143,"Short","ObservationConfirm","OPF_KNN_SHADOW_1.97","A378B7478A0A4022A525CB66887BDC1D9C540E2A3A7D9C94FBCFA7735D8483D3","Fixed2R",0.21732686058715958,True,40,"Fixed2R",0.11625199075783954,True,40,"","RegimeScore=0;SetupQualityScore=48;InitialRiskPoints=15;EstimatedRR=1.5;ATR14=44.7143;ZoneWidth=8.25;ZoneTouchCount=1;PullbackCountInRegime=0;CandleRange=26.25;BodyRatio=0.18095238;CloseLocation=0.62857143;ZoneAge=17;BullScore=70;BearScore=0;TrendStrength=70;Alignment=-70;ConfirmRange=26.25;ConfirmBodyRatio=0.18095238;ConfirmCloseLocation=0.62857143;ConfirmAlignment=4.75;ConfirmPrevBreak=-19.5;ConfirmZoneReclaim=6.25;HourSin=0.32143947;HourCos=0.94693013;DayOfWeek=2","Season=H1;Session=Asia;ZoneType=BearFVG;ZoneFreshness=SecondTouch;RegimeBucket=WeakLT50;SetupQualityBucket=QLT50;RiskBucket=RiskLE15;EstimatedRRBucket=RR_GE_1_5;TimeBucket=Pre10;SkipPattern=ObservationConfirmResearch+ObservationResearch+ReclaimZoneLow+Regime+RegimeUnknown+UnknownRegimeZoneTouch;HasZoneBirthResearch=False;HasObservationConfirmResearch=True;HasObservationStrictResearch=False;HasFailureReverseResearch=False;HasFailureRetestTrigger=False;HasBreakawayQualified=False;ConfirmAvailable=True;ConfirmReason=ReclaimZoneLow"
"OPF-20260725-100040","OPF_0.1","OPF_RESEARCH_2.14","MNQ_0.1","MNQ_1Contract_Target150_200","OPF_PROFILE_0.1","20260520-0110-BEAR-OBS-001142-Z001126-OC","2026-05-20T01:15:00.0000000",1143,"Short","ObservationConfirm_WideStop1_5R","OPF_KNN_SHADOW_1.97","A378B7478A0A4022A525CB66887BDC1D9C540E2A3A7D9C94FBCFA7735D8483D3","Protect1RAfter1_5R_Then2_5R",0.2659855181188547,True,40,"Protect1RAfter1_5R_Then2_5R",0.11124338697821222,True,40,"","RegimeScore=0;SetupQualityScore=48;InitialRiskPoints=22.5;EstimatedRR=0.0556;ATR14=44.7143;ZoneWidth=8.25;ZoneTouchCount=1;PullbackCountInRegime=0;CandleRange=26.25;BodyRatio=0.18095238;CloseLocation=0.62857143;ZoneAge=17;BullScore=70;BearScore=0;TrendStrength=70;Alignment=-70;ConfirmRange=26.25;ConfirmBodyRatio=0.18095238;ConfirmCloseLocation=0.62857143;ConfirmAlignment=4.75;ConfirmPrevBreak=-19.5;ConfirmZoneReclaim=6.25;HourSin=0.32143947;HourCos=0.94693013;DayOfWeek=2","Season=H1;Session=Asia;ZoneType=BearFVG;ZoneFreshness=SecondTouch;RegimeBucket=WeakLT50;SetupQualityBucket=QLT50;RiskBucket=RiskGT15;EstimatedRRBucket=RR_LT_1_0;TimeBucket=Pre10;SkipPattern=ObservationConfirmResearch+ObservationResearch+ReclaimZoneLow+Regime+RegimeUnknown+UnknownRegimeZoneTouch;HasZoneBirthResearch=False;HasObservationConfirmResearch=True;HasObservationStrictResearch=False;HasFailureReverseResearch=False;HasFailureRetestTrigger=False;HasBreakawayQualified=False;ConfirmAvailable=True;ConfirmReason=ReclaimZoneLow"
"OPF-20260725-100040","OPF_0.1","OPF_RESEARCH_2.14","MNQ_0.1","MNQ_1Contract_Target150_200","OPF_PROFILE_0.1","20260520-0125-BEAR-OBS-001145-Z001145","2026-05-20T01:25:00.0000000",1145,"Short","ZoneBirthResearch","OPF_KNN_SHADOW_1.97","A378B7478A0A4022A525CB66887BDC1D9C540E2A3A7D9C94FBCFA7735D8483D3","ProtectBE1R_Then2_5R",0.5740956729942244,True,40,"ProtectBE1R_Then2_5R",0.21019071931668343,True,40,"","RegimeScore=0;SetupQualityScore=45;InitialRiskPoints=44.75;EstimatedRR=0.0223;ATR14=43.0536;ZoneWidth=3;ZoneTouchCount=0;PullbackCountInRegime=0;CandleRange=48.5;BodyRatio=0.59278351;CloseLocation=0.14948454;ZoneAge=0;BullScore=50;BearScore=0;TrendStrength=50;Alignment=-50;ConfirmRange=0;ConfirmBodyRatio=0;ConfirmCloseLocation=0.5;ConfirmAlignment=0;ConfirmPrevBreak=0;ConfirmZoneReclaim=0;HourSin=0.36243804;HourCos=0.93200787;DayOfWeek=2","Season=H1;Session=Asia;ZoneType=BearFVG;ZoneFreshness=Fresh;RegimeBucket=WeakLT50;SetupQualityBucket=QLT50;RiskBucket=RiskGT15;EstimatedRRBucket=RR_LT_1_0;TimeBucket=Pre10;SkipPattern=ObservationResearch+Regime+ZoneJustCreated;HasZoneBirthResearch=False;HasObservationConfirmResearch=False;HasObservationStrictResearch=False;HasFailureReverseResearch=False;HasFailureRetestTrigger=False;HasBreakawayQualified=False;ConfirmAvailable=False;ConfirmReason=Unknown"
"OPF-20260725-100040","OPF_0.1","OPF_RESEARCH_2.14","MNQ_0.1","MNQ_1Contract_Target150_200","OPF_PROFILE_0.1","20260520-0125-BEAR-OBS-001145-Z001145-OC","2026-05-20T01:30:00.0000000",1146,"Short","ObservationConfirm","OPF_KNN_SHADOW_1.97","A378B7478A0A4022A525CB66887BDC1D9C540E2A3A7D9C94FBCFA7735D8483D3","ProtectBE1R_Then3R",0.1253118184903508,True,40,"ProtectBE1R_Then3R",0.08859256861544312,True,40,"","RegimeScore=0;SetupQualityScore=60;InitialRiskPoints=71.5;EstimatedRR=1.5;ATR14=43.6964;ZoneWidth=3;ZoneTouchCount=0;PullbackCountInRegime=0;CandleRange=46.75;BodyRatio=0.57754011;CloseLocation=0.06417112;ZoneAge=1;BullScore=50;BearScore=0;TrendStrength=50;Alignment=-50;ConfirmRange=46.75;ConfirmBodyRatio=0.57754011;ConfirmCloseLocation=0.06417112;ConfirmAlignment=27;ConfirmPrevBreak=19.5;ConfirmZoneReclaim=68;HourSin=0.38268343;HourCos=0.92387953;DayOfWeek=2","Season=H1;Session=Asia;ZoneType=BearFVG;ZoneFreshness=Fresh;RegimeBucket=WeakLT50;SetupQualityBucket=Q50_69;RiskBucket=RiskGT15;EstimatedRRBucket=RR_GE_1_5;TimeBucket=Pre10;SkipPattern=ObservationConfirmResearch+ObservationResearch+ReclaimZoneLow+Regime+ZoneBirthResearch+ZoneJustCreated;HasZoneBirthResearch=True;HasObservationConfirmResearch=True;HasObservationStrictResearch=False;HasFailureReverseResearch=False;HasFailureRetestTrigger=False;HasBreakawayQualified=False;ConfirmAvailable=True;ConfirmReason=ReclaimZoneLow"
"OPF-20260725-100040","OPF_0.1","OPF_RESEARCH_2.14","MNQ_0.1","MNQ_1Contract_Target150_200","OPF_PROFILE_0.1","20260520-0125-BEAR-OBS-001145-Z001145-OC","2026-05-20T01:30:00.0000000",1146,"Short","ObservationConfirm_WideStop1_5R","OPF_KNN_SHADOW_1.97","A378B7478A0A4022A525CB66887BDC1D9C540E2A3A7D9C94FBCFA7735D8483D3","Fixed1_5R",0.17376561323427067,True,40,"Fixed1_5R",0.09718176441356664,True,40,"","RegimeScore=0;SetupQualityScore=60;InitialRiskPoints=107.25;EstimatedRR=0.2704;ATR14=43.6964;ZoneWidth=3;ZoneTouchCount=0;PullbackCountInRegime=0;CandleRange=46.75;BodyRatio=0.57754011;CloseLocation=0.06417112;ZoneAge=1;BullScore=50;BearScore=0;TrendStrength=50;Alignment=-50;ConfirmRange=46.75;ConfirmBodyRatio=0.57754011;ConfirmCloseLocation=0.06417112;ConfirmAlignment=27;ConfirmPrevBreak=19.5;ConfirmZoneReclaim=68;HourSin=0.38268343;HourCos=0.92387953;DayOfWeek=2","Season=H1;Session=Asia;ZoneType=BearFVG;ZoneFreshness=Fresh;RegimeBucket=WeakLT50;SetupQualityBucket=Q50_69;RiskBucket=RiskGT15;EstimatedRRBucket=RR_LT_1_0;TimeBucket=Pre10;SkipPattern=ObservationConfirmResearch+ObservationResearch+ReclaimZoneLow+Regime+ZoneBirthResearch+ZoneJustCreated;HasZoneBirthResearch=True;HasObservationConfirmResearch=True;HasObservationStrictResearch=False;HasFailureReverseResearch=False;HasFailureRetestTrigger=False;HasBreakawayQualified=False;ConfirmAvailable=True;ConfirmReason=ReclaimZoneLow"
"OPF-20260725-100040","OPF_0.1","OPF_RESEARCH_2.14","MNQ_0.1","MNQ_1Contract_Target150_200","OPF_PROFILE_0.1","20260520-0130-BEAR-OBS-001146-Z001146","2026-05-20T01:30:00.0000000",1146,"Short","ZoneBirthResearch","OPF_KNN_SHADOW_1.97","A378B7478A0A4022A525CB66887BDC1D9C540E2A3A7D9C94FBCFA7735D8483D3","ProtectBE1R_Then2_5R",0.6454995556571237,True,40,"ProtectBE1R_Then2_5R",0.22376825694414124,True,40,"","RegimeScore=0;SetupQualityScore=45;InitialRiskPoints=56.25;EstimatedRR=0.5156;ATR14=43.6964;ZoneWidth=12;ZoneTouchCount=0;PullbackCountInRegime=0;CandleRange=46.75;BodyRatio=0.57754011;CloseLocation=0.06417112;ZoneAge=0;BullScore=50;BearScore=0;TrendStrength=50;Alignment=-50;ConfirmRange=0;ConfirmBodyRatio=0;ConfirmCloseLocation=0.5;ConfirmAlignment=0;ConfirmPrevBreak=0;ConfirmZoneReclaim=0;HourSin=0.38268343;HourCos=0.92387953;DayOfWeek=2","Season=H1;Session=Asia;ZoneType=BearFVG;ZoneFreshness=Fresh;RegimeBucket=WeakLT50;SetupQualityBucket=QLT50;RiskBucket=RiskGT15;EstimatedRRBucket=RR_LT_1_0;TimeBucket=Pre10;SkipPattern=ObservationResearch+Regime+ZoneJustCreated;HasZoneBirthResearch=False;HasObservationConfirmResearch=False;HasObservationStrictResearch=False;HasFailureReverseResearch=False;HasFailureRetestTrigger=False;HasBreakawayQualified=False;ConfirmAvailable=False;ConfirmReason=Unknown"
"OPF-20260725-100040","OPF_0.1","OPF_RESEARCH_2.14","MNQ_0.1","MNQ_1Contract_Target150_200","OPF_PROFILE_0.1","20260520-0130-BEAR-OBS-001146-Z001146-OC","2026-05-20T01:35:00.0000000",1147,"Short","ObservationConfirm","OPF_KNN_SHADOW_1.97","A378B7478A0A4022A525CB66887BDC1D9C540E2A3A7D9C94FBCFA7735D8483D3","Protect1RAfter1_5R_Then3R",0.5575872743691273,True,40,"Protect1RAfter1_5R_Then3R",0.15776927934728754,True,40,"","RegimeScore=0;SetupQualityScore=50;InitialRiskPoints=34.5;EstimatedRR=1.5;ATR14=42.9107;ZoneWidth=12;ZoneTouchCount=0;PullbackCountInRegime=0;CandleRange=48.25;BodyRatio=0.46632124;CloseLocation=0.94300518;ZoneAge=1;BullScore=50;BearScore=0;TrendStrength=50;Alignment=-50;ConfirmRange=48.25;ConfirmBodyRatio=0.46632124;ConfirmCloseLocation=0.94300518;ConfirmAlignment=-22.5;ConfirmPrevBreak=-24.75;ConfirmZoneReclaim=22;HourSin=0.40274669;HourCos=0.91531148;DayOfWeek=2","Season=H1;Session=Asia;ZoneType=BearFVG;ZoneFreshness=Fresh;RegimeBucket=WeakLT50;SetupQualityBucket=Q50_69;RiskBucket=RiskGT15;EstimatedRRBucket=RR_GE_1_5;TimeBucket=Pre10;SkipPattern=ObservationConfirmResearch+ObservationResearch+ReclaimZoneLow+Regime+ZoneBirthResearch+ZoneJustCreated;HasZoneBirthResearch=True;HasObservationConfirmResearch=True;HasObservationStrictResearch=False;HasFailureReverseResearch=False;HasFailureRetestTrigger=False;HasBreakawayQualified=False;ConfirmAvailable=True;ConfirmReason=ReclaimZoneLow"
"OPF-20260725-100040","OPF_0.1","OPF_RESEARCH_2.14","MNQ_0.1","MNQ_1Contract_Target150_200","OPF_PROFILE_0.1","20260520-0130-BEAR-OBS-001146-Z001146-OC","2026-05-20T01:35:00.0000000",1147,"Short","ObservationConfirm_WideStop1_5R","OPF_KNN_SHADOW_1.97","A378B7478A0A4022A525CB66887BDC1D9C540E2A3A7D9C94FBCFA7735D8483D3","ProtectBE0_75R_Then2_5R",0.3873361697566042,True,40,"ProtectBE0_75R_Then2_5R",0.13437714829447,True,40,"","RegimeScore=0;SetupQualityScore=50;InitialRiskPoints=51.75;EstimatedRR=0.029;ATR14=42.9107;ZoneWidth=12;ZoneTouchCount=0;PullbackCountInRegime=0;CandleRange=48.25;BodyRatio=0.46632124;CloseLocation=0.94300518;ZoneAge=1;BullScore=50;BearScore=0;TrendStrength=50;Alignment=-50;ConfirmRange=48.25;ConfirmBodyRatio=0.46632124;ConfirmCloseLocation=0.94300518;ConfirmAlignment=-22.5;ConfirmPrevBreak=-24.75;ConfirmZoneReclaim=22;HourSin=0.40274669;HourCos=0.91531148;DayOfWeek=2","Season=H1;Session=Asia;ZoneType=BearFVG;ZoneFreshness=Fresh;RegimeBucket=WeakLT50;SetupQualityBucket=Q50_69;RiskBucket=RiskGT15;EstimatedRRBucket=RR_LT_1_0;TimeBucket=Pre10;SkipPattern=ObservationConfirmResearch+ObservationResearch+ReclaimZoneLow+Regime+ZoneBirthResearch+ZoneJustCreated;HasZoneBirthResearch=True;HasObservationConfirmResearch=True;HasObservationStrictResearch=False;HasFailureReverseResearch=False;HasFailureRetestTrigger=False;HasBreakawayQualified=False;ConfirmAvailable=True;ConfirmReason=ReclaimZoneLow"
"OPF-20260725-100040","OPF_0.1","OPF_RESEARCH_2.14","MNQ_0.1","MNQ_1Contract_Target150_200","OPF_PROFILE_0.1","20260520-0130-BEAR-OBS-001146-Z001146-OC-STR","2026-05-20T01:35:00.0000000",1147,"Short","ObservationStrict_Other","OPF_KNN_SHADOW_1.97","A378B7478A0A4022A525CB66887BDC1D9C540E2A3A7D9C94FBCFA7735D8483D3","",0,False,0,"",0,False,0,"PathMissing","RegimeScore=0;SetupQualityScore=50;InitialRiskPoints=34.5;EstimatedRR=0.0435;ATR14=42.9107;ZoneWidth=12;ZoneTouchCount=0;PullbackCountInRegime=0;CandleRange=48.25;BodyRatio=0.46632124;CloseLocation=0.94300518;ZoneAge=1;BullScore=50;BearScore=0;TrendStrength=50;Alignment=-50;ConfirmRange=48.25;ConfirmBodyRatio=0.46632124;ConfirmCloseLocation=0.94300518;ConfirmAlignment=-22.5;ConfirmPrevBreak=-24.75;ConfirmZoneReclaim=22;HourSin=0.40274669;HourCos=0.91531148;DayOfWeek=2","Season=H1;Session=Asia;ZoneType=BearFVG;ZoneFreshness=Fresh;RegimeBucket=WeakLT50;SetupQualityBucket=Q50_69;RiskBucket=RiskGT15;EstimatedRRBucket=RR_LT_1_0;TimeBucket=Pre10;SkipPattern=ObservationConfirmResearch+ObservationConfirmStrictResearch+ObservationResearch+ObservationStrict_Other+ReclaimZoneLow+Regime+ZoneBirthResearch+ZoneJustCreated;HasZoneBirthResearch=True;HasObservationConfirmResearch=True;HasObservationStrictResearch=True;HasFailureReverseResearch=False;HasFailureRetestTrigger=False;HasBreakawayQualified=False;ConfirmAvailable=True;ConfirmReason=ReclaimZoneLow"
"OPF-20260725-100040","OPF_0.1","OPF_RESEARCH_2.14","MNQ_0.1","MNQ_1Contract_Target150_200","OPF_PROFILE_0.1","20260520-0130-BEAR-OBS-001146-Z001146-OC-STR","2026-05-20T01:35:00.0000000",1147,"Short","ObservationStrict_Other_WideStop1_5R","OPF_KNN_SHADOW_1.97","A378B7478A0A4022A525CB66887BDC1D9C540E2A3A7D9C94FBCFA7735D8483D3","",0,False,0,"",0,False,0,"PathMissing","RegimeScore=0;SetupQualityScore=50;InitialRiskPoints=51.75;EstimatedRR=0.029;ATR14=42.9107;ZoneWidth=12;ZoneTouchCount=0;PullbackCountInRegime=0;CandleRange=48.25;BodyRatio=0.46632124;CloseLocation=0.94300518;ZoneAge=1;BullScore=50;BearScore=0;TrendStrength=50;Alignment=-50;ConfirmRange=48.25;ConfirmBodyRatio=0.46632124;ConfirmCloseLocation=0.94300518;ConfirmAlignment=-22.5;ConfirmPrevBreak=-24.75;ConfirmZoneReclaim=22;HourSin=0.40274669;HourCos=0.91531148;DayOfWeek=2","Season=H1;Session=Asia;ZoneType=BearFVG;ZoneFreshness=Fresh;RegimeBucket=WeakLT50;SetupQualityBucket=Q50_69;RiskBucket=RiskGT15;EstimatedRRBucket=RR_LT_1_0;TimeBucket=Pre10;SkipPattern=ObservationConfirmResearch+ObservationConfirmStrictResearch+ObservationResearch+ObservationStrict_Other+ReclaimZoneLow+Regime+ZoneBirthResearch+ZoneJustCreated;HasZoneBirthResearch=True;HasObservationConfirmResearch=True;HasObservationStrictResearch=True;HasFailureReverseResearch=False;HasFailureRetestTrigger=False;HasBreakawayQualified=False;ConfirmAvailable=True;ConfirmReason=ReclaimZoneLow"
"OPF-20260725-100040","OPF_0.1","OPF_RESEARCH_2.14","MNQ_0.1","MNQ_1Contract_Target150_200","OPF_PROFILE_0.1","20260520-0305-BEAR-OBS-001165-Z001165","2026-05-20T03:05:00.0000000",1165,"Short","ZoneBirthResearch","OPF_KNN_SHADOW_1.97","A378B7478A0A4022A525CB66887BDC1D9C540E2A3A7D9C94FBCFA7735D8483D3","Protect1RAfter1_5R_Then2_5R",0.6746354576349697,True,40,"Protect1RAfter1_5R_Then2_5R",0.293984652234817,True,40,"","RegimeScore=10;SetupQualityScore=35;InitialRiskPoints=14.25;EstimatedRR=0.4386;ATR14=33.8393;ZoneWidth=7.75;ZoneTouchCount=0;PullbackCountInRegime=0;CandleRange=17.5;BodyRatio=0.38571429;CloseLocation=0.65714286;ZoneAge=0;BullScore=50;BearScore=0;TrendStrength=50;Alignment=-50;ConfirmRange=0;ConfirmBodyRatio=0;ConfirmCloseLocation=0.5;ConfirmAlignment=0;ConfirmPrevBreak=0;ConfirmZoneReclaim=0;HourSin=0.72236396;HourCos=0.69151306;DayOfWeek=2","Season=H1;Session=Asia;ZoneType=BearFVG;ZoneFreshness=Fresh;RegimeBucket=WeakLT50;SetupQualityBucket=QLT50;RiskBucket=RiskLE15;EstimatedRRBucket=RR_LT_1_0;TimeBucket=Pre10;SkipPattern=ObservationResearch+Regime+ZoneJustCreated;HasZoneBirthResearch=False;HasObservationConfirmResearch=False;HasObservationStrictResearch=False;HasFailureReverseResearch=False;HasFailureRetestTrigger=False;HasBreakawayQualified=False;ConfirmAvailable=False;ConfirmReason=Unknown"
"OPF-20260725-100040","OPF_0.1","OPF_RESEARCH_2.14","MNQ_0.1","MNQ_1Contract_Target150_200","OPF_PROFILE_0.1","20260520-0305-BEAR-OBS-001165-Z001165-OC","2026-05-20T03:10:00.0000000",1166,"Short","ObservationConfirm","OPF_KNN_SHADOW_1.97","A378B7478A0A4022A525CB66887BDC1D9C540E2A3A7D9C94FBCFA7735D8483D3","ProtectBE1R_Then3R",0.15817652139719807,True,40,"ProtectBE1R_Then3R",0.09980997738360205,True,40,"","RegimeScore=10;SetupQualityScore=60;InitialRiskPoints=33.5;EstimatedRR=1.5;ATR14=33.8214;ZoneWidth=7.75;ZoneTouchCount=0;PullbackCountInRegime=0;CandleRange=26.25;BodyRatio=0.73333333;CloseLocation=0.24761905;ZoneAge=1;BullScore=50;BearScore=0;TrendStrength=50;Alignment=-50;ConfirmRange=26.25;ConfirmBodyRatio=0.73333333;ConfirmCloseLocation=0.24761905;ConfirmAlignment=19.25;ConfirmPrevBreak=7.75;ConfirmZoneReclaim=25.25;HourSin=0.73727734;HourCos=0.67559021;DayOfWeek=2","Season=H1;Session=Asia;ZoneType=BearFVG;ZoneFreshness=Fresh;RegimeBucket=WeakLT50;SetupQualityBucket=Q50_69;RiskBucket=RiskGT15;EstimatedRRBucket=RR_GE_1_5;TimeBucket=Pre10;SkipPattern=ObservationConfirmResearch+ObservationResearch+ReclaimZoneLow+Regime+ZoneBirthResearch+ZoneJustCreated;HasZoneBirthResearch=True;HasObservationConfirmResearch=True;HasObservationStrictResearch=False;HasFailureReverseResearch=False;HasFailureRetestTrigger=False;HasBreakawayQualified=False;ConfirmAvailable=True;ConfirmReason=ReclaimZoneLow"
"OPF-20260725-100040","OPF_0.1","OPF_RESEARCH_2.14","MNQ_0.1","MNQ_1Contract_Target150_200","OPF_PROFILE_0.1","20260520-0305-BEAR-OBS-001165-Z001165-OC","2026-05-20T03:10:00.0000000",1166,"Short","ObservationConfirm_WideStop1_5R","OPF_KNN_SHADOW_1.97","A378B7478A0A4022A525CB66887BDC1D9C540E2A3A7D9C94FBCFA7735D8483D3","Fixed1_5R",0.23477854245305968,True,40,"Fixed1_5R",0.11396995957667783,True,40,"","RegimeScore=10;SetupQualityScore=60;InitialRiskPoints=50.25;EstimatedRR=0;ATR14=33.8214;ZoneWidth=7.75;ZoneTouchCount=0;PullbackCountInRegime=0;CandleRange=26.25;BodyRatio=0.73333333;CloseLocation=0.24761905;ZoneAge=1;BullScore=50;BearScore=0;TrendStrength=50;Alignment=-50;ConfirmRange=26.25;ConfirmBodyRatio=0.73333333;ConfirmCloseLocation=0.24761905;ConfirmAlignment=19.25;ConfirmPrevBreak=7.75;ConfirmZoneReclaim=25.25;HourSin=0.73727734;HourCos=0.67559021;DayOfWeek=2","Season=H1;Session=Asia;ZoneType=BearFVG;ZoneFreshness=Fresh;RegimeBucket=WeakLT50;SetupQualityBucket=Q50_69;RiskBucket=RiskGT15;EstimatedRRBucket=RR_LT_1_0;TimeBucket=Pre10;SkipPattern=ObservationConfirmResearch+ObservationResearch+ReclaimZoneLow+Regime+ZoneBirthResearch+ZoneJustCreated;HasZoneBirthResearch=True;HasObservationConfirmResearch=True;HasObservationStrictResearch=False;HasFailureReverseResearch=False;HasFailureRetestTrigger=False;HasBreakawayQualified=False;ConfirmAvailable=True;ConfirmReason=ReclaimZoneLow"
"OPF-20260725-100040","OPF_0.1","OPF_RESEARCH_2.14","MNQ_0.1","MNQ_1Contract_Target150_200","OPF_PROFILE_0.1","20260520-0340-BULL-OBS-001172-Z001172","2026-05-20T03:40:00.0000000",1172,"Long","ZoneBirthResearch","OPF_KNN_SHADOW_1.97","A378B7478A0A4022A525CB66887BDC1D9C540E2A3A7D9C94FBCFA7735D8483D3","",0,False,0,"",0,False,0,"PathMissing","RegimeScore=0;SetupQualityScore=35;InitialRiskPoints=5.5;EstimatedRR=0.3182;ATR14=31.7857;ZoneWidth=1.75;ZoneTouchCount=0;PullbackCountInRegime=0;CandleRange=24;BodyRatio=0.6875;CloseLocation=0.13541667;ZoneAge=0;BullScore=50;BearScore=0;TrendStrength=50;Alignment=50;ConfirmRange=0;ConfirmBodyRatio=0;ConfirmCloseLocation=0.5;ConfirmAlignment=0;ConfirmPrevBreak=0;ConfirmZoneReclaim=0;HourSin=0.81915204;HourCos=0.57357644;DayOfWeek=2","Season=H1;Session=Asia;ZoneType=BullFVG;ZoneFreshness=Fresh;RegimeBucket=WeakLT50;SetupQualityBucket=QLT50;RiskBucket=RiskLE8_5;EstimatedRRBucket=RR_LT_1_0;TimeBucket=Pre10;SkipPattern=ObservationResearch+Regime+ZoneJustCreated;HasZoneBirthResearch=False;HasObservationConfirmResearch=False;HasObservationStrictResearch=False;HasFailureReverseResearch=False;HasFailureRetestTrigger=False;HasBreakawayQualified=False;ConfirmAvailable=False;ConfirmReason=Unknown"
"OPF-20260725-100040","OPF_0.1","OPF_RESEARCH_2.14","MNQ_0.1","MNQ_1Contract_Target150_200","OPF_PROFILE_0.1","20260520-0345-BULL-OBS-001173-Z001172","2026-05-20T03:45:00.0000000",1173,"Long","UnknownRegimeZoneTouch","OPF_KNN_SHADOW_1.97","A378B7478A0A4022A525CB66887BDC1D9C540E2A3A7D9C94FBCFA7735D8483D3","",0,False,0,"",0,False,0,"PathMissing","RegimeScore=0;SetupQualityScore=30;InitialRiskPoints=0.75;EstimatedRR=2.6667;ATR14=30.6786;ZoneWidth=1.75;ZoneTouchCount=1;PullbackCountInRegime=0;CandleRange=20.75;BodyRatio=0.21686747;CloseLocation=0.51807229;ZoneAge=1;BullScore=50;BearScore=0;TrendStrength=50;Alignment=50;ConfirmRange=0;ConfirmBodyRatio=0;ConfirmCloseLocation=0.5;ConfirmAlignment=0;ConfirmPrevBreak=0;ConfirmZoneReclaim=0;HourSin=0.83146961;HourCos=0.55557023;DayOfWeek=2","Season=H1;Session=Asia;ZoneType=BullFVG;ZoneFreshness=SecondTouch;RegimeBucket=WeakLT50;SetupQualityBucket=QLT50;RiskBucket=RiskLE8_5;EstimatedRRBucket=RR_GE_1_5;TimeBucket=Pre10;SkipPattern=ObservationResearch+Regime+RegimeUnknown;HasZoneBirthResearch=False;HasObservationConfirmResearch=False;HasObservationStrictResearch=False;HasFailureReverseResearch=False;HasFailureRetestTrigger=False;HasBreakawayQualified=False;ConfirmAvailable=False;ConfirmReason=Unknown"
"OPF-20260725-100040","OPF_0.1","OPF_RESEARCH_2.14","MNQ_0.1","MNQ_1Contract_Target150_200","OPF_PROFILE_0.1","20260520-0345-BULL-OBS-001173-Z001172-FR","2026-05-20T03:50:00.0000000",1174,"Short","FailureReverse_ObservationInvalidated","OPF_KNN_SHADOW_1.97","A378B7478A0A4022A525CB66887BDC1D9C540E2A3A7D9C94FBCFA7735D8483D3","Protect1RAfter1_5R_Then2_5R",0.03042760603183002,False,40,"Fixed1_5R",0.06365615448061826,False,40,"","RegimeScore=0;SetupQualityScore=42;InitialRiskPoints=5.75;EstimatedRR=0.6087;ATR14=29.4107;ZoneWidth=1.75;ZoneTouchCount=1;PullbackCountInRegime=0;CandleRange=16.5;BodyRatio=0.21212121;CloseLocation=0.3030303;ZoneAge=2;BullScore=50;BearScore=0;TrendStrength=50;Alignment=-50;ConfirmRange=0;ConfirmBodyRatio=0;ConfirmCloseLocation=0.5;ConfirmAlignment=0;ConfirmPrevBreak=0;ConfirmZoneReclaim=0;HourSin=0.84339145;HourCos=0.53729961;DayOfWeek=2","Season=H1;Session=Asia;ZoneType=BullFVG;ZoneFreshness=SecondTouch;RegimeBucket=WeakLT50;SetupQualityBucket=QLT50;RiskBucket=RiskLE8_5;EstimatedRRBucket=RR_LT_1_0;TimeBucket=Pre10;SkipPattern=FailureReverseResearch+FailureSource+FailureSourceSignalID+FailureSourceZoneFreshness+RegimeUnknown+UnknownRegimeZoneTouch;HasZoneBirthResearch=False;HasObservationConfirmResearch=False;HasObservationStrictResearch=False;HasFailureReverseResearch=True;HasFailureRetestTrigger=False;HasBreakawayQualified=False;ConfirmAvailable=False;ConfirmReason=Unknown"
"OPF-20260725-100040","OPF_0.1","OPF_RESEARCH_2.14","MNQ_0.1","MNQ_1Contract_Target150_200","OPF_PROFILE_0.1","20260520-0345-BULL-OBS-001173-Z001172-FR","2026-05-20T03:50:00.0000000",1174,"Short","FailureReverse_ObservationInvalidated_WideStop1_5R","OPF_KNN_SHADOW_1.97","A378B7478A0A4022A525CB66887BDC1D9C540E2A3A7D9C94FBCFA7735D8483D3","Fixed3R",0.7231945958028163,True,40,"Fixed3R",0.24096364664288336,True,40,"","RegimeScore=0;SetupQualityScore=42;InitialRiskPoints=8.62;EstimatedRR=0.406;ATR14=29.4107;ZoneWidth=1.75;ZoneTouchCount=1;PullbackCountInRegime=0;CandleRange=16.5;BodyRatio=0.21212121;CloseLocation=0.3030303;ZoneAge=2;BullScore=50;BearScore=0;TrendStrength=50;Alignment=-50;ConfirmRange=0;ConfirmBodyRatio=0;ConfirmCloseLocation=0.5;ConfirmAlignment=0;ConfirmPrevBreak=0;ConfirmZoneReclaim=0;HourSin=0.84339145;HourCos=0.53729961;DayOfWeek=2","Season=H1;Session=Asia;ZoneType=BullFVG;ZoneFreshness=SecondTouch;RegimeBucket=WeakLT50;SetupQualityBucket=QLT50;RiskBucket=RiskLE11;EstimatedRRBucket=RR_LT_1_0;TimeBucket=Pre10;SkipPattern=FailureReverseResearch+FailureSource+FailureSourceSignalID+FailureSourceZoneFreshness+RegimeUnknown+UnknownRegimeZoneTouch;HasZoneBirthResearch=False;HasObservationConfirmResearch=False;HasObservationStrictResearch=False;HasFailureReverseResearch=True;HasFailureRetestTrigger=False;HasBreakawayQualified=False;ConfirmAvailable=False;ConfirmReason=Unknown"
"OPF-20260725-100040","OPF_0.1","OPF_RESEARCH_2.14","MNQ_0.1","MNQ_1Contract_Target150_200","OPF_PROFILE_0.1","20260520-0340-BULL-OBS-001172-Z001172-FR","2026-05-20T03:50:00.0000000",1174,"Short","FailureReverse_ObservationInvalidated","OPF_KNN_SHADOW_1.97","A378B7478A0A4022A525CB66887BDC1D9C540E2A3A7D9C94FBCFA7735D8483D3","Protect1RAfter1_5R_Then3R",0.2500964190571402,True,40,"Fixed1_5R",0.11336748077450483,True,40,"","RegimeScore=0;SetupQualityScore=50;InitialRiskPoints=5.75;EstimatedRR=0.6087;ATR14=29.4107;ZoneWidth=1.75;ZoneTouchCount=0;PullbackCountInRegime=0;CandleRange=16.5;BodyRatio=0.21212121;CloseLocation=0.3030303;ZoneAge=2;BullScore=50;BearScore=0;TrendStrength=50;Alignment=-50;ConfirmRange=0;ConfirmBodyRatio=0;ConfirmCloseLocation=0.5;ConfirmAlignment=0;ConfirmPrevBreak=0;ConfirmZoneReclaim=0;HourSin=0.84339145;HourCos=0.53729961;DayOfWeek=2","Season=H1;Session=Asia;ZoneType=BullFVG;ZoneFreshness=Fresh;RegimeBucket=WeakLT50;SetupQualityBucket=Q50_69;RiskBucket=RiskLE8_5;EstimatedRRBucket=RR_LT_1_0;TimeBucket=Pre10;SkipPattern=FailureReverseResearch+FailureSource+FailureSourceSignalID+FailureSourceZoneFreshness+ZoneBirthResearch+ZoneJustCreated;HasZoneBirthResearch=True;HasObservationConfirmResearch=False;HasObservationStrictResearch=False;HasFailureReverseResearch=True;HasFailureRetestTrigger=False;HasBreakawayQualified=False;ConfirmAvailable=False;ConfirmReason=Unknown"
"OPF-20260725-100040","OPF_0.1","OPF_RESEARCH_2.14","MNQ_0.1","MNQ_1Contract_Target150_200","OPF_PROFILE_0.1","20260520-0340-BULL-OBS-001172-Z001172-FR","2026-05-20T03:50:00.0000000",1174,"Short","FailureReverse_ObservationInvalidated_WideStop1_5R","OPF_KNN_SHADOW_1.97","A378B7478A0A4022A525CB66887BDC1D9C540E2A3A7D9C94FBCFA7735D8483D3","Fixed3R",0.5504674568514695,True,40,"Fixed3R",0.1956725616475036,True,40,"","RegimeScore=0;SetupQualityScore=50;InitialRiskPoints=8.62;EstimatedRR=0.406;ATR14=29.4107;ZoneWidth=1.75;ZoneTouchCount=0;PullbackCountInRegime=0;CandleRange=16.5;BodyRatio=0.21212121;CloseLocation=0.3030303;ZoneAge=2;BullScore=50;BearScore=0;TrendStrength=50;Alignment=-50;ConfirmRange=0;ConfirmBodyRatio=0;ConfirmCloseLocation=0.5;ConfirmAlignment=0;ConfirmPrevBreak=0;ConfirmZoneReclaim=0;HourSin=0.84339145;HourCos=0.53729961;DayOfWeek=2","Season=H1;Session=Asia;ZoneType=BullFVG;ZoneFreshness=Fresh;RegimeBucket=WeakLT50;SetupQualityBucket=Q50_69;RiskBucket=RiskLE11;EstimatedRRBucket=RR_LT_1_0;TimeBucket=Pre10;SkipPattern=FailureReverseResearch+FailureSource+FailureSourceSignalID+FailureSourceZoneFreshness+ZoneBirthResearch+ZoneJustCreated;HasZoneBirthResearch=True;HasObservationConfirmResearch=False;HasObservationStrictResearch=False;HasFailureReverseResearch=True;HasFailureRetestTrigger=False;HasBreakawayQualified=False;ConfirmAvailable=False;ConfirmReason=Unknown"
"OPF-20260725-100040","OPF_0.1","OPF_RESEARCH_2.14","MNQ_0.1","MNQ_1Contract_Target150_200","OPF_PROFILE_0.1","20260520-0340-BULL-OBS-001172-Z001172-FR-AEW1","2026-05-20T03:55:00.0000000",1175,"Short","FailureReverse_ObservationInvalidated_WideStop1_5R","OPF_KNN_SHADOW_1.97","A378B7478A0A4022A525CB66887BDC1D9C540E2A3A7D9C94FBCFA7735D8483D3","Fixed3R",0.5478149144013041,True,40,"Fixed3R",0.19179635119734753,True,40,"","RegimeScore=0;SetupQualityScore=50;InitialRiskPoints=8.62;EstimatedRR=0.6381;ATR14=28.5536;ZoneWidth=1.75;ZoneTouchCount=0;PullbackCountInRegime=0;CandleRange=24;BodyRatio=0.4375;CloseLocation=0.59375;ZoneAge=3;BullScore=50;BearScore=0;TrendStrength=50;Alignment=-50;ConfirmRange=0;ConfirmBodyRatio=0;ConfirmCloseLocation=0.5;ConfirmAlignment=0;ConfirmPrevBreak=0;ConfirmZoneReclaim=0;HourSin=0.85491187;HourCos=0.51877326;DayOfWeek=2","Season=H1;Session=Asia;ZoneType=BullFVG;ZoneFreshness=Fresh;RegimeBucket=WeakLT50;SetupQualityBucket=Q50_69;RiskBucket=RiskLE11;EstimatedRRBucket=RR_LT_1_0;TimeBucket=Pre10;SkipPattern=AggressiveExpansionWait1ConfirmBarStopV166+AggressiveExpansionWait1V165+FailureReverseResearch+FailureSource+FailureSourceSignalID+FailureSourceZoneFreshness+OriginPath+ZoneBirthResearch+ZoneJustCreated;HasZoneBirthResearch=True;HasObservationConfirmResearch=False;HasObservationStrictResearch=False;HasFailureReverseResearch=True;HasFailureRetestTrigger=False;HasBreakawayQualified=False;ConfirmAvailable=False;ConfirmReason=Unknown"
"OPF-20260725-100040","OPF_0.1","OPF_RESEARCH_2.14","MNQ_0.1","MNQ_1Contract_Target150_200","OPF_PROFILE_0.1","20260520-0345-BULL-OBS-001173-Z001172-FR-AEW1","2026-05-20T03:55:00.0000000",1175,"Short","FailureReverse_ObservationInvalidated_WideStop1_5R","OPF_KNN_SHADOW_1.97","A378B7478A0A4022A525CB66887BDC1D9C540E2A3A7D9C94FBCFA7735D8483D3","Fixed3R",0.7244537148114859,True,40,"Fixed3R",0.23648092177986352,True,40,"","RegimeScore=0;SetupQualityScore=42;InitialRiskPoints=8.62;EstimatedRR=0.6381;ATR14=28.5536;ZoneWidth=1.75;ZoneTouchCount=1;PullbackCountInRegime=0;CandleRange=24;BodyRatio=0.4375;CloseLocation=0.59375;ZoneAge=3;BullScore=50;BearScore=0;TrendStrength=50;Alignment=-50;ConfirmRange=0;ConfirmBodyRatio=0;ConfirmCloseLocation=0.5;ConfirmAlignment=0;ConfirmPrevBreak=0;ConfirmZoneReclaim=0;HourSin=0.85491187;HourCos=0.51877326;DayOfWeek=2","Season=H1;Session=Asia;ZoneType=BullFVG;ZoneFreshness=SecondTouch;RegimeBucket=WeakLT50;SetupQualityBucket=QLT50;RiskBucket=RiskLE11;EstimatedRRBucket=RR_LT_1_0;TimeBucket=Pre10;SkipPattern=AggressiveExpansionWait1ConfirmBarStopV166+AggressiveExpansionWait1V165+FailureReverseResearch+FailureSource+FailureSourceSignalID+FailureSourceZoneFreshness+OriginPath+RegimeUnknown+UnknownRegimeZoneTouch;HasZoneBirthResearch=False;HasObservationConfirmResearch=False;HasObservationStrictResearch=False;HasFailureReverseResearch=True;HasFailureRetestTrigger=False;HasBreakawayQualified=False;ConfirmAvailable=False;ConfirmReason=Unknown"
"OPF-20260725-100040","OPF_0.1","OPF_RESEARCH_2.14","MNQ_0.1","MNQ_1Contract_Target150_200","OPF_PROFILE_0.1","20260520-0435-BEAR-OBS-001183-Z001183","2026-05-20T04:35:00.0000000",1183,"Short","ZoneBirthResearch","OPF_KNN_SHADOW_1.97","A378B7478A0A4022A525CB66887BDC1D9C540E2A3A7D9C94FBCFA7735D8483D3","Fixed2_5R",0.770631133300202,True,40,"Fixed2_5R",0.32900385064586796,True,40,"","RegimeScore=0;SetupQualityScore=45;InitialRiskPoints=18.25;EstimatedRR=0.1781;ATR14=26.3393;ZoneWidth=4.75;ZoneTouchCount=0;PullbackCountInRegime=0;CandleRange=19;BodyRatio=0.68421053;CloseLocation=0.31578947;ZoneAge=0;BullScore=50;BearScore=0;TrendStrength=50;Alignment=-50;ConfirmRange=0;ConfirmBodyRatio=0;ConfirmCloseLocation=0.5;ConfirmAlignment=0;ConfirmPrevBreak=0;ConfirmZoneReclaim=0;HourSin=0.93200787;HourCos=0.36243804;DayOfWeek=2","Season=H1;Session=Asia;ZoneType=BearFVG;ZoneFreshness=Fresh;RegimeBucket=WeakLT50;SetupQualityBucket=QLT50;RiskBucket=RiskGT15;EstimatedRRBucket=RR_LT_1_0;TimeBucket=Pre10;SkipPattern=ObservationResearch+Regime+ZoneJustCreated;HasZoneBirthResearch=False;HasObservationConfirmResearch=False;HasObservationStrictResearch=False;HasFailureReverseResearch=False;HasFailureRetestTrigger=False;HasBreakawayQualified=False;ConfirmAvailable=False;ConfirmReason=Unknown"
"OPF-20260725-100040","OPF_0.1","OPF_RESEARCH_2.14","MNQ_0.1","MNQ_1Contract_Target150_200","OPF_PROFILE_0.1","20260520-0435-BEAR-OBS-001183-Z001183-OC","2026-05-20T04:40:00.0000000",1184,"Short","ObservationConfirm","OPF_KNN_SHADOW_1.97","A378B7478A0A4022A525CB66887BDC1D9C540E2A3A7D9C94FBCFA7735D8483D3","ProtectBE0_75R_Then2_5R",0.04569213827759237,False,40,"ProtectBE0_75R_Then2_5R",0.06901088546317118,False,40,"","RegimeScore=0;SetupQualityScore=60;InitialRiskPoints=26;EstimatedRR=1.5;ATR14=25.3214;ZoneWidth=4.75;ZoneTouchCount=0;PullbackCountInRegime=0;CandleRange=17.5;BodyRatio=0.47142857;CloseLocation=0.12857143;ZoneAge=1;BullScore=50;BearScore=0;TrendStrength=50;Alignment=-50;ConfirmRange=17.5;ConfirmBodyRatio=0.47142857;ConfirmCloseLocation=0.12857143;ConfirmAlignment=8.25;ConfirmPrevBreak=1.75;ConfirmZoneReclaim=20.75;HourSin=0.93969262;HourCos=0.34202014;DayOfWeek=2","Season=H1;Session=Asia;ZoneType=BearFVG;ZoneFreshness=Fresh;RegimeBucket=WeakLT50;SetupQualityBucket=Q50_69;RiskBucket=RiskGT15;EstimatedRRBucket=RR_GE_1_5;TimeBucket=Pre10;SkipPattern=ObservationConfirmResearch+ObservationResearch+ReclaimZoneLow+Regime+ZoneBirthResearch+ZoneJustCreated;HasZoneBirthResearch=True;HasObservationConfirmResearch=True;HasObservationStrictResearch=False;HasFailureReverseResearch=False;HasFailureRetestTrigger=False;HasBreakawayQualified=False;ConfirmAvailable=True;ConfirmReason=ReclaimZoneLow"
"OPF-20260725-100040","OPF_0.1","OPF_RESEARCH_2.14","MNQ_0.1","MNQ_1Contract_Target150_200","OPF_PROFILE_0.1","20260520-0435-BEAR-OBS-001183-Z001183-OC","2026-05-20T04:40:00.0000000",1184,"Short","ObservationConfirm_WideStop1_5R","OPF_KNN_SHADOW_1.97","A378B7478A0A4022A525CB66887BDC1D9C540E2A3A7D9C94FBCFA7735D8483D3","Fixed1_5R",0.16765446918838375,True,40,"Fixed1_5R",0.10141130297885421,True,40,"","RegimeScore=0;SetupQualityScore=60;InitialRiskPoints=39;EstimatedRR=0.109;ATR14=25.3214;ZoneWidth=4.75;ZoneTouchCount=0;PullbackCountInRegime=0;CandleRange=17.5;BodyRatio=0.47142857;CloseLocation=0.12857143;ZoneAge=1;BullScore=50;BearScore=0;TrendStrength=50;Alignment=-50;ConfirmRange=17.5;ConfirmBodyRatio=0.47142857;ConfirmCloseLocation=0.12857143;ConfirmAlignment=8.25;ConfirmPrevBreak=1.75;ConfirmZoneReclaim=20.75;HourSin=0.93969262;HourCos=0.34202014;DayOfWeek=2","Season=H1;Session=Asia;ZoneType=BearFVG;ZoneFreshness=Fresh;RegimeBucket=WeakLT50;SetupQualityBucket=Q50_69;RiskBucket=RiskGT15;EstimatedRRBucket=RR_LT_1_0;TimeBucket=Pre10;SkipPattern=ObservationConfirmResearch+ObservationResearch+ReclaimZoneLow+Regime+ZoneBirthResearch+ZoneJustCreated;HasZoneBirthResearch=True;HasObservationConfirmResearch=True;HasObservationStrictResearch=False;HasFailureReverseResearch=False;HasFailureRetestTrigger=False;HasBreakawayQualified=False;ConfirmAvailable=True;ConfirmReason=ReclaimZoneLow"
"OPF-20260725-100040","OPF_0.1","OPF_RESEARCH_2.14","MNQ_0.1","MNQ_1Contract_Target150_200","OPF_PROFILE_0.1","20260520-0515-BEAR-OBS-001191-Z001191","2026-05-20T05:15:00.0000000",1191,"Short","ZoneBirthResearch","OPF_KNN_SHADOW_1.97","A378B7478A0A4022A525CB66887BDC1D9C540E2A3A7D9C94FBCFA7735D8483D3","Protect1RAfter1_5R_Then2_5R",0.7348339947550653,True,40,"Protect1RAfter1_5R_Then2_5R",0.3423683050718089,True,40,"","RegimeScore=30;SetupQualityScore=41;InitialRiskPoints=13;EstimatedRR=0.3269;ATR14=25.2679;ZoneWidth=7.25;ZoneTouchCount=0;PullbackCountInRegime=0;CandleRange=25.25;BodyRatio=0.1980198;CloseLocation=0.79207921;ZoneAge=0;BullScore=50;BearScore=0;TrendStrength=50;Alignment=-50;ConfirmRange=0;ConfirmBodyRatio=0;ConfirmCloseLocation=0.5;ConfirmAlignment=0;ConfirmPrevBreak=0;ConfirmZoneReclaim=0;HourSin=0.98078528;HourCos=0.19509032;DayOfWeek=2","Season=H1;Session=Asia;ZoneType=BearFVG;ZoneFreshness=Fresh;RegimeBucket=WeakLT50;SetupQualityBucket=QLT50;RiskBucket=RiskLE15;EstimatedRRBucket=RR_LT_1_0;TimeBucket=Pre10;SkipPattern=20260520-0515-Short-1191+ObservationResearch+Regime+ReplayExecuted+ZoneBirthResearch+ZoneJustCreated;HasZoneBirthResearch=True;HasObservationConfirmResearch=False;HasObservationStrictResearch=False;HasFailureReverseResearch=False;HasFailureRetestTrigger=False;HasBreakawayQualified=False;ConfirmAvailable=False;ConfirmReason=Unknown"
"OPF-20260725-100040","OPF_0.1","OPF_RESEARCH_2.14","MNQ_0.1","MNQ_1Contract_Target150_200","OPF_PROFILE_0.1","20260520-0515-BEAR-OBS-001191-Z001191-FR","2026-05-20T05:20:00.0000000",1192,"Long","FailureReverse_ObservationInvalidated","OPF_KNN_SHADOW_1.97","A378B7478A0A4022A525CB66887BDC1D9C540E2A3A7D9C94FBCFA7735D8483D3","Fixed2_5R",0.050184170478178296,False,40,"Fixed2_5R",0.07313527917231753,False,40,"","RegimeScore=30;SetupQualityScore=50;InitialRiskPoints=24.25;EstimatedRR=0.0206;ATR14=24.75;ZoneWidth=7.25;ZoneTouchCount=0;PullbackCountInRegime=0;CandleRange=31.5;BodyRatio=0.9047619;CloseLocation=0.9047619;ZoneAge=1;BullScore=50;BearScore=0;TrendStrength=50;Alignment=50;ConfirmRange=0;ConfirmBodyRatio=0;ConfirmCloseLocation=0.5;ConfirmAlignment=0;ConfirmPrevBreak=0;ConfirmZoneReclaim=0;HourSin=0.98480775;HourCos=0.17364818;DayOfWeek=2","Season=H1;Session=Asia;ZoneType=BearFVG;ZoneFreshness=Fresh;RegimeBucket=WeakLT50;SetupQualityBucket=Q50_69;RiskBucket=RiskGT15;EstimatedRRBucket=RR_LT_1_0;TimeBucket=Pre10;SkipPattern=FailureReverseResearch+FailureSource+FailureSourceSignalID+FailureSourceZoneFreshness+ZoneBirthResearch+ZoneJustCreated;HasZoneBirthResearch=True;HasObservationConfirmResearch=False;HasObservationStrictResearch=False;HasFailureReverseResearch=True;HasFailureRetestTrigger=False;HasBreakawayQualified=False;ConfirmAvailable=False;ConfirmReason=Unknown"
"OPF-20260725-100040","OPF_0.1","OPF_RESEARCH_2.14","MNQ_0.1","MNQ_1Contract_Target150_200","OPF_PROFILE_0.1","20260520-0515-BEAR-OBS-001191-Z001191-FR","2026-05-20T05:20:00.0000000",1192,"Long","FailureReverse_ObservationInvalidated_WideStop1_5R","OPF_KNN_SHADOW_1.97","A378B7478A0A4022A525CB66887BDC1D9C540E2A3A7D9C94FBCFA7735D8483D3","ProtectBE1R_Then3R",1.8877047638627558,True,3,"ProtectBE1R_Then3R",0.11178045102932578,True,3,"","RegimeScore=30;SetupQualityScore=50;InitialRiskPoints=36.38;EstimatedRR=0.0137;ATR14=24.75;ZoneWidth=7.25;ZoneTouchCount=0;PullbackCountInRegime=0;CandleRange=31.5;BodyRatio=0.9047619;CloseLocation=0.9047619;ZoneAge=1;BullScore=50;BearScore=0;TrendStrength=50;Alignment=50;ConfirmRange=0;ConfirmBodyRatio=0;ConfirmCloseLocation=0.5;ConfirmAlignment=0;ConfirmPrevBreak=0;ConfirmZoneReclaim=0;HourSin=0.98480775;HourCos=0.17364818;DayOfWeek=2","Season=H1;Session=Asia;ZoneType=BearFVG;ZoneFreshness=Fresh;RegimeBucket=WeakLT50;SetupQualityBucket=Q50_69;RiskBucket=RiskGT15;EstimatedRRBucket=RR_LT_1_0;TimeBucket=Pre10;SkipPattern=FailureReverseResearch+FailureSource+FailureSourceSignalID+FailureSourceZoneFreshness+ZoneBirthResearch+ZoneJustCreated;HasZoneBirthResearch=True;HasObservationConfirmResearch=False;HasObservationStrictResearch=False;HasFailureReverseResearch=True;HasFailureRetestTrigger=False;HasBreakawayQualified=False;ConfirmAvailable=False;ConfirmReason=Unknown"
"OPF-20260725-100040","OPF_0.1","OPF_RESEARCH_2.14","MNQ_0.1","MNQ_1Contract_Target150_200","OPF_PROFILE_0.1","20260520-0515-BEAR-OBS-001191-Z001191-FR-RT","2026-05-20T05:30:00.0000000",1194,"Long","FailureReverse_RetestFailed","OPF_KNN_SHADOW_1.97","A378B7478A0A4022A525CB66887BDC1D9C540E2A3A7D9C94FBCFA7735D8483D3","Fixed2R",0.11971404494809257,True,34,"Fixed2R",0.0863077676690964,True,34,"","RegimeScore=30;SetupQualityScore=60;InitialRiskPoints=40;EstimatedRR=1.2;ATR14=27.1071;ZoneWidth=7.25;ZoneTouchCount=0;PullbackCountInRegime=0;CandleRange=50;BodyRatio=0.775;CloseLocation=0.775;ZoneAge=3;BullScore=50;BearScore=0;TrendStrength=50;Alignment=50;ConfirmRange=0;ConfirmBodyRatio=0;ConfirmCloseLocation=0.5;ConfirmAlignment=0;ConfirmPrevBreak=0;ConfirmZoneReclaim=0;HourSin=0.99144486;HourCos=0.13052619;DayOfWeek=2","Season=H1;Session=Asia;ZoneType=BearFVG;ZoneFreshness=Fresh;RegimeBucket=WeakLT50;SetupQualityBucket=Q50_69;RiskBucket=RiskGT15;EstimatedRRBucket=RR_GE_1_2;TimeBucket=Pre10;SkipPattern=FailureRetestFailedTriggered+FailureReverseResearch+FailureSource+FailureSourceSignalID+FailureSourceZoneFreshness+ReclaimZoneHigh+ZoneBirthResearch+ZoneJustCreated;HasZoneBirthResearch=True;HasObservationConfirmResearch=False;HasObservationStrictResearch=False;HasFailureReverseResearch=True;HasFailureRetestTrigger=True;HasBreakawayQualified=False;ConfirmAvailable=False;ConfirmReason=Unknown"
"OPF-20260725-100040","OPF_0.1","OPF_RESEARCH_2.14","MNQ_0.1","MNQ_1Contract_Target150_200","OPF_PROFILE_0.1","20260520-0515-BEAR-OBS-001191-Z001191-FR-RT","2026-05-20T05:30:00.0000000",1194,"Long","FailureReverse_RetestFailed_WideStop1_5R","OPF_KNN_SHADOW_1.97","A378B7478A0A4022A525CB66887BDC1D9C540E2A3A7D9C94FBCFA7735D8483D3","",0,False,0,"",0,False,0,"PathMissing","RegimeScore=30;SetupQualityScore=60;InitialRiskPoints=60;EstimatedRR=0;ATR14=27.1071;ZoneWidth=7.25;ZoneTouchCount=0;PullbackCountInRegime=0;CandleRange=50;BodyRatio=0.775;CloseLocation=0.775;ZoneAge=3;BullScore=50;BearScore=0;TrendStrength=50;Alignment=50;ConfirmRange=0;ConfirmBodyRatio=0;ConfirmCloseLocation=0.5;ConfirmAlignment=0;ConfirmPrevBreak=0;ConfirmZoneReclaim=0;HourSin=0.99144486;HourCos=0.13052619;DayOfWeek=2","Season=H1;Session=Asia;ZoneType=BearFVG;ZoneFreshness=Fresh;RegimeBucket=WeakLT50;SetupQualityBucket=Q50_69;RiskBucket=RiskGT15;EstimatedRRBucket=RR_LT_1_0;TimeBucket=Pre10;SkipPattern=FailureRetestFailedTriggered+FailureReverseResearch+FailureSource+FailureSourceSignalID+FailureSourceZoneFreshness+ReclaimZoneHigh+ZoneBirthResearch+ZoneJustCreated;HasZoneBirthResearch=True;HasObservationConfirmResearch=False;HasObservationStrictResearch=False;HasFailureReverseResearch=True;HasFailureRetestTrigger=True;HasBreakawayQualified=False;ConfirmAvailable=False;ConfirmReason=Unknown"
"OPF-20260725-100040","OPF_0.1","OPF_RESEARCH_2.14","MNQ_0.1","MNQ_1Contract_Target150_200","OPF_PROFILE_0.1","20260520-0535-BULL-OBS-001195-Z001195","2026-05-20T05:35:00.0000000",1195,"Long","ZoneBirthResearch","OPF_KNN_SHADOW_1.97","A378B7478A0A4022A525CB66887BDC1D9C540E2A3A7D9C94FBCFA7735D8483D3","",0,False,0,"",0,False,0,"PathMissing","RegimeScore=30;SetupQualityScore=45;InitialRiskPoints=41.25;EstimatedRR=0;ATR14=27.9107;ZoneWidth=10.5;ZoneTouchCount=0;PullbackCountInRegime=0;CandleRange=31.25;BodyRatio=0.808;CloseLocation=0.968;ZoneAge=0;BullScore=50;BearScore=0;TrendStrength=50;Alignment=50;ConfirmRange=0;ConfirmBodyRatio=0;ConfirmCloseLocation=0.5;ConfirmAlignment=0;ConfirmPrevBreak=0;ConfirmZoneReclaim=0;HourSin=0.99405634;HourCos=0.10886687;DayOfWeek=2","Season=H1;Session=Asia;ZoneType=BullFVG;ZoneFreshness=Fresh;RegimeBucket=WeakLT50;SetupQualityBucket=QLT50;RiskBucket=RiskGT15;EstimatedRRBucket=RR_LT_1_0;TimeBucket=Pre10;SkipPattern=ObservationResearch+Regime+ZoneJustCreated;HasZoneBirthResearch=False;HasObservationConfirmResearch=False;HasObservationStrictResearch=False;HasFailureReverseResearch=False;HasFailureRetestTrigger=False;HasBreakawayQualified=False;ConfirmAvailable=False;ConfirmReason=Unknown"
"OPF-20260725-100040","OPF_0.1","OPF_RESEARCH_2.14","MNQ_0.1","MNQ_1Contract_Target150_200","OPF_PROFILE_0.1","20260520-0540-BULL-OBS-001196-Z001195","2026-05-20T05:40:00.0000000",1196,"Long","UnknownRegimeZoneTouch","OPF_KNN_SHADOW_1.97","A378B7478A0A4022A525CB66887BDC1D9C540E2A3A7D9C94FBCFA7735D8483D3","",0,False,0,"",0,False,0,"PathMissing","RegimeScore=10;SetupQualityScore=27;InitialRiskPoints=7.5;EstimatedRR=0.5667;ATR14=28.5;ZoneWidth=10.5;ZoneTouchCount=1;PullbackCountInRegime=0;CandleRange=39.75;BodyRatio=0.86163522;CloseLocation=0.04402516;ZoneAge=1;BullScore=50;BearScore=0;TrendStrength=50;Alignment=50;ConfirmRange=0;ConfirmBodyRatio=0;ConfirmCloseLocation=0.5;ConfirmAlignment=0;ConfirmPrevBreak=0;ConfirmZoneReclaim=0;HourSin=0.9961947;HourCos=0.08715574;DayOfWeek=2","Season=H1;Session=Asia;ZoneType=BullFVG;ZoneFreshness=SecondTouch;RegimeBucket=WeakLT50;SetupQualityBucket=QLT50;RiskBucket=RiskLE8_5;EstimatedRRBucket=RR_LT_1_0;TimeBucket=Pre10;SkipPattern=ObservationResearch+Regime+RegimeUnknown;HasZoneBirthResearch=False;HasObservationConfirmResearch=False;HasObservationStrictResearch=False;HasFailureReverseResearch=False;HasFailureRetestTrigger=False;HasBreakawayQualified=False;ConfirmAvailable=False;ConfirmReason=Unknown"
"OPF-20260725-100040","OPF_0.1","OPF_RESEARCH_2.14","MNQ_0.1","MNQ_1Contract_Target150_200","OPF_PROFILE_0.1","20260520-0540-BULL-OBS-001196-Z001195-FR","2026-05-20T05:45:00.0000000",1197,"Short","FailureReverse_ObservationInvalidated","OPF_KNN_SHADOW_1.97","A378B7478A0A4022A525CB66887BDC1D9C540E2A3A7D9C94FBCFA7735D8483D3","Fixed1_5R",0.2977674720386947,True,40,"Fixed1_5R",0.12786938447238108,True,40,"","RegimeScore=10;SetupQualityScore=42;InitialRiskPoints=25;EstimatedRR=0.14;ATR14=29.1071;ZoneWidth=10.5;ZoneTouchCount=1;PullbackCountInRegime=0;CandleRange=27.5;BodyRatio=0.76363636;CloseLocation=0.20909091;ZoneAge=2;BullScore=50;BearScore=0;TrendStrength=50;Alignment=-50;ConfirmRange=0;ConfirmBodyRatio=0;ConfirmCloseLocation=0.5;ConfirmAlignment=0;ConfirmPrevBreak=0;ConfirmZoneReclaim=0;HourSin=0.99785892;HourCos=0.06540313;DayOfWeek=2","Season=H1;Session=Asia;ZoneType=BullFVG;ZoneFreshness=SecondTouch;RegimeBucket=WeakLT50;SetupQualityBucket=QLT50;RiskBucket=RiskGT15;EstimatedRRBucket=RR_LT_1_0;TimeBucket=Pre10;SkipPattern=FailureReverseResearch+FailureSource+FailureSourceSignalID+FailureSourceZoneFreshness+RegimeUnknown+UnknownRegimeZoneTouch;HasZoneBirthResearch=False;HasObservationConfirmResearch=False;HasObservationStrictResearch=False;HasFailureReverseResearch=True;HasFailureRetestTrigger=False;HasBreakawayQualified=False;ConfirmAvailable=False;ConfirmReason=Unknown"
"OPF-20260725-100040","OPF_0.1","OPF_RESEARCH_2.14","MNQ_0.1","MNQ_1Contract_Target150_200","OPF_PROFILE_0.1","20260520-0540-BULL-OBS-001196-Z001195-FR","2026-05-20T05:45:00.0000000",1197,"Short","FailureReverse_ObservationInvalidated_WideStop1_5R","OPF_KNN_SHADOW_1.97","A378B7478A0A4022A525CB66887BDC1D9C540E2A3A7D9C94FBCFA7735D8483D3","Fixed3R",0.6191733925510157,True,40,"Fixed3R",0.18918141210111503,True,40,"","RegimeScore=10;SetupQualityScore=42;InitialRiskPoints=37.5;EstimatedRR=0.0933;ATR14=29.1071;ZoneWidth=10.5;ZoneTouchCount=1;PullbackCountInRegime=0;CandleRange=27.5;BodyRatio=0.76363636;CloseLocation=0.20909091;ZoneAge=2;BullScore=50;BearScore=0;TrendStrength=50;Alignment=-50;ConfirmRange=0;ConfirmBodyRatio=0;ConfirmCloseLocation=0.5;ConfirmAlignment=0;ConfirmPrevBreak=0;ConfirmZoneReclaim=0;HourSin=0.99785892;HourCos=0.06540313;DayOfWeek=2","Season=H1;Session=Asia;ZoneType=BullFVG;ZoneFreshness=SecondTouch;RegimeBucket=WeakLT50;SetupQualityBucket=QLT50;RiskBucket=RiskGT15;EstimatedRRBucket=RR_LT_1_0;TimeBucket=Pre10;SkipPattern=FailureReverseResearch+FailureSource+FailureSourceSignalID+FailureSourceZoneFreshness+RegimeUnknown+UnknownRegimeZoneTouch;HasZoneBirthResearch=False;HasObservationConfirmResearch=False;HasObservationStrictResearch=False;HasFailureReverseResearch=True;HasFailureRetestTrigger=False;HasBreakawayQualified=False;ConfirmAvailable=False;ConfirmReason=Unknown"
"OPF-20260725-100040","OPF_0.1","OPF_RESEARCH_2.14","MNQ_0.1","MNQ_1Contract_Target150_200","OPF_PROFILE_0.1","20260520-0535-BULL-OBS-001195-Z001195-FR","2026-05-20T05:45:00.0000000",1197,"Short","FailureReverse_ObservationInvalidated","OPF_KNN_SHADOW_1.97","A378B7478A0A4022A525CB66887BDC1D9C540E2A3A7D9C94FBCFA7735D8483D3","Protect1RAfter1_5R_Then3R",0.36432667280990555,True,40,"Protect1RAfter1_5R_Then3R",0.14218985730826417,True,40,"","RegimeScore=30;SetupQualityScore=50;InitialRiskPoints=25;EstimatedRR=0.14;ATR14=29.1071;ZoneWidth=10.5;ZoneTouchCount=0;PullbackCountInRegime=0;CandleRange=27.5;BodyRatio=0.76363636;CloseLocation=0.20909091;ZoneAge=2;BullScore=50;BearScore=0;TrendStrength=50;Alignment=-50;ConfirmRange=0;ConfirmBodyRatio=0;ConfirmCloseLocation=0.5;ConfirmAlignment=0;ConfirmPrevBreak=0;ConfirmZoneReclaim=0;HourSin=0.99785892;HourCos=0.06540313;DayOfWeek=2","Season=H1;Session=Asia;ZoneType=BullFVG;ZoneFreshness=Fresh;RegimeBucket=WeakLT50;SetupQualityBucket=Q50_69;RiskBucket=RiskGT15;EstimatedRRBucket=RR_LT_1_0;TimeBucket=Pre10;SkipPattern=FailureReverseResearch+FailureSource+FailureSourceSignalID+FailureSourceZoneFreshness+ZoneBirthResearch+ZoneJustCreated;HasZoneBirthResearch=True;HasObservationConfirmResearch=False;HasObservationStrictResearch=False;HasFailureReverseResearch=True;HasFailureRetestTrigger=False;HasBreakawayQualified=False;ConfirmAvailable=False;ConfirmReason=Unknown"
"OPF-20260725-100040","OPF_0.1","OPF_RESEARCH_2.14","MNQ_0.1","MNQ_1Contract_Target150_200","OPF_PROFILE_0.1","20260520-0535-BULL-OBS-001195-Z001195-FR","2026-05-20T05:45:00.0000000",1197,"Short","FailureReverse_ObservationInvalidated_WideStop1_5R","OPF_KNN_SHADOW_1.97","A378B7478A0A4022A525CB66887BDC1D9C540E2A3A7D9C94FBCFA7735D8483D3","Fixed3R",0.5274894729667629,True,40,"Fixed3R",0.17005232523843025,True,40,"","RegimeScore=30;SetupQualityScore=50;InitialRiskPoints=37.5;EstimatedRR=0.0933;ATR14=29.1071;ZoneWidth=10.5;ZoneTouchCount=0;PullbackCountInRegime=0;CandleRange=27.5;BodyRatio=0.76363636;CloseLocation=0.20909091;ZoneAge=2;BullScore=50;BearScore=0;TrendStrength=50;Alignment=-50;ConfirmRange=0;ConfirmBodyRatio=0;ConfirmCloseLocation=0.5;ConfirmAlignment=0;ConfirmPrevBreak=0;ConfirmZoneReclaim=0;HourSin=0.99785892;HourCos=0.06540313;DayOfWeek=2","Season=H1;Session=Asia;ZoneType=BullFVG;ZoneFreshness=Fresh;RegimeBucket=WeakLT50;SetupQualityBucket=Q50_69;RiskBucket=RiskGT15;EstimatedRRBucket=RR_LT_1_0;TimeBucket=Pre10;SkipPattern=FailureReverseResearch+FailureSource+FailureSourceSignalID+FailureSourceZoneFreshness+ZoneBirthResearch+ZoneJustCreated;HasZoneBirthResearch=True;HasObservationConfirmResearch=False;HasObservationStrictResearch=False;HasFailureReverseResearch=True;HasFailureRetestTrigger=False;HasBreakawayQualified=False;ConfirmAvailable=False;ConfirmReason=Unknown"
"OPF-20260725-100040","OPF_0.1","OPF_RESEARCH_2.14","MNQ_0.1","MNQ_1Contract_Target150_200","OPF_PROFILE_0.1","20260520-0545-BEAR-OBS-001197-Z001197","2026-05-20T05:45:00.0000000",1197,"Short","ZoneBirthResearch","OPF_KNN_SHADOW_1.97","A378B7478A0A4022A525CB66887BDC1D9C540E2A3A7D9C94FBCFA7735D8483D3","Fixed3R",0.7092677369077821,True,40,"Fixed3R",0.282301532962794,True,40,"","RegimeScore=0;SetupQualityScore=45;InitialRiskPoints=25;EstimatedRR=0.14;ATR14=29.1071;ZoneWidth=2.75;ZoneTouchCount=0;PullbackCountInRegime=0;CandleRange=27.5;BodyRatio=0.76363636;CloseLocation=0.20909091;ZoneAge=0;BullScore=50;BearScore=0;TrendStrength=50;Alignment=-50;ConfirmRange=0;ConfirmBodyRatio=0;ConfirmCloseLocation=0.5;ConfirmAlignment=0;ConfirmPrevBreak=0;ConfirmZoneReclaim=0;HourSin=0.99785892;HourCos=0.06540313;DayOfWeek=2","Season=H1;Session=Asia;ZoneType=BearFVG;ZoneFreshness=Fresh;RegimeBucket=WeakLT50;SetupQualityBucket=QLT50;RiskBucket=RiskGT15;EstimatedRRBucket=RR_LT_1_0;TimeBucket=Pre10;SkipPattern=ObservationResearch+Regime+ZoneJustCreated;HasZoneBirthResearch=False;HasObservationConfirmResearch=False;HasObservationStrictResearch=False;HasFailureReverseResearch=False;HasFailureRetestTrigger=False;HasBreakawayQualified=False;ConfirmAvailable=False;ConfirmReason=Unknown"
"OPF-20260725-100040","OPF_0.1","OPF_RESEARCH_2.14","MNQ_0.1","MNQ_1Contract_Target150_200","OPF_PROFILE_0.1","20260520-0545-BEAR-OBS-001197-Z001197-FR","2026-05-20T05:50:00.0000000",1198,"Long","FailureReverse_ObservationInvalidated","OPF_KNN_SHADOW_1.97","A378B7478A0A4022A525CB66887BDC1D9C540E2A3A7D9C94FBCFA7735D8483D3","Fixed2_5R",-0.009391897186201698,False,40,"Fixed2_5R",0.05761950701123214,False,40,"","RegimeScore=0;SetupQualityScore=50;InitialRiskPoints=12.5;EstimatedRR=0.5;ATR14=31.2857;ZoneWidth=2.75;ZoneTouchCount=0;PullbackCountInRegime=0;CandleRange=48;BodyRatio=0.69791667;CloseLocation=0.91145833;ZoneAge=1;BullScore=50;BearScore=0;TrendStrength=50;Alignment=50;ConfirmRange=0;ConfirmBodyRatio=0;ConfirmCloseLocation=0.5;ConfirmAlignment=0;ConfirmPrevBreak=0;ConfirmZoneReclaim=0;HourSin=0.99904822;HourCos=0.04361939;DayOfWeek=2","Season=H1;Session=Asia;ZoneType=BearFVG;ZoneFreshness=Fresh;RegimeBucket=WeakLT50;SetupQualityBucket=Q50_69;RiskBucket=RiskLE15;EstimatedRRBucket=RR_LT_1_0;TimeBucket=Pre10;SkipPattern=FailureReverseResearch+FailureSource+FailureSourceSignalID+FailureSourceZoneFreshness+ZoneBirthResearch+ZoneJustCreated;HasZoneBirthResearch=True;HasObservationConfirmResearch=False;HasObservationStrictResearch=False;HasFailureReverseResearch=True;HasFailureRetestTrigger=False;HasBreakawayQualified=False;ConfirmAvailable=False;ConfirmReason=Unknown"
"OPF-20260725-100040","OPF_0.1","OPF_RESEARCH_2.14","MNQ_0.1","MNQ_1Contract_Target150_200","OPF_PROFILE_0.1","20260520-0545-BEAR-OBS-001197-Z001197-FR","2026-05-20T05:50:00.0000000",1198,"Long","FailureReverse_ObservationInvalidated_WideStop1_5R","OPF_KNN_SHADOW_1.97","A378B7478A0A4022A525CB66887BDC1D9C540E2A3A7D9C94FBCFA7735D8483D3","ProtectBE1R_Then3R",1.8530983251549458,True,3,"ProtectBE1R_Then3R",0.112177764264566,True,3,"","RegimeScore=0;SetupQualityScore=50;InitialRiskPoints=18.75;EstimatedRR=0.3333;ATR14=31.2857;ZoneWidth=2.75;ZoneTouchCount=0;PullbackCountInRegime=0;CandleRange=48;BodyRatio=0.69791667;CloseLocation=0.91145833;ZoneAge=1;BullScore=50;BearScore=0;TrendStrength=50;Alignment=50;ConfirmRange=0;ConfirmBodyRatio=0;ConfirmCloseLocation=0.5;ConfirmAlignment=0;ConfirmPrevBreak=0;ConfirmZoneReclaim=0;HourSin=0.99904822;HourCos=0.04361939;DayOfWeek=2","Season=H1;Session=Asia;ZoneType=BearFVG;ZoneFreshness=Fresh;RegimeBucket=WeakLT50;SetupQualityBucket=Q50_69;RiskBucket=RiskGT15;EstimatedRRBucket=RR_LT_1_0;TimeBucket=Pre10;SkipPattern=FailureReverseResearch+FailureSource+FailureSourceSignalID+FailureSourceZoneFreshness+ZoneBirthResearch+ZoneJustCreated;HasZoneBirthResearch=True;HasObservationConfirmResearch=False;HasObservationStrictResearch=False;HasFailureReverseResearch=True;HasFailureRetestTrigger=False;HasBreakawayQualified=False;ConfirmAvailable=False;ConfirmReason=Unknown"
"OPF-20260725-100040","OPF_0.1","OPF_RESEARCH_2.14","MNQ_0.1","MNQ_1Contract_Target150_200","OPF_PROFILE_0.1","20260520-0545-BEAR-OBS-001197-Z001197-FR-AEW1","2026-05-20T05:55:00.0000000",1199,"Long","FailureReverse_ObservationInvalidated","OPF_KNN_SHADOW_1.97","A378B7478A0A4022A525CB66887BDC1D9C540E2A3A7D9C94FBCFA7735D8483D3","Fixed2_5R",-0.011835885491155879,False,40,"Fixed2_5R",0.05739424231302013,False,40,"","RegimeScore=0;SetupQualityScore=50;InitialRiskPoints=12.5;EstimatedRR=0.56;ATR14=31.375;ZoneWidth=2.75;ZoneTouchCount=0;PullbackCountInRegime=0;CandleRange=13.75;BodyRatio=0.16363636;CloseLocation=0.34545455;ZoneAge=2;BullScore=50;BearScore=0;TrendStrength=50;Alignment=50;ConfirmRange=0;ConfirmBodyRatio=0;ConfirmCloseLocation=0.5;ConfirmAlignment=0;ConfirmPrevBreak=0;ConfirmZoneReclaim=0;HourSin=0.99976203;HourCos=0.02181489;DayOfWeek=2","Season=H1;Session=Asia;ZoneType=BearFVG;ZoneFreshness=Fresh;RegimeBucket=WeakLT50;SetupQualityBucket=Q50_69;RiskBucket=RiskLE15;EstimatedRRBucket=RR_LT_1_0;TimeBucket=Pre10;SkipPattern=AggressiveExpansionWait1ConfirmBarStopV166+AggressiveExpansionWait1V165+FailureReverseResearch+FailureSource+FailureSourceSignalID+FailureSourceZoneFreshness+OriginPath+ZoneBirthResearch+ZoneJustCreated;HasZoneBirthResearch=True;HasObservationConfirmResearch=False;HasObservationStrictResearch=False;HasFailureReverseResearch=True;HasFailureRetestTrigger=False;HasBreakawayQualified=False;ConfirmAvailable=False;ConfirmReason=Unknown"
"OPF-20260725-100040","OPF_0.1","OPF_RESEARCH_2.14","MNQ_0.1","MNQ_1Contract_Target150_200","OPF_PROFILE_0.1","20260520-0555-BULL-OBS-001199-Z001199","2026-05-20T05:55:00.0000000",1199,"Long","ZoneBirthResearch","OPF_KNN_SHADOW_1.97","A378B7478A0A4022A525CB66887BDC1D9C540E2A3A7D9C94FBCFA7735D8483D3","",0,False,0,"",0,False,0,"PathMissing","RegimeScore=60;SetupQualityScore=58;InitialRiskPoints=9.75;EstimatedRR=0.7179;ATR14=31.375;ZoneWidth=4.5;ZoneTouchCount=0;PullbackCountInRegime=0;CandleRange=13.75;BodyRatio=0.16363636;CloseLocation=0.34545455;ZoneAge=0;BullScore=50;BearScore=0;TrendStrength=50;Alignment=50;ConfirmRange=0;ConfirmBodyRatio=0;ConfirmCloseLocation=0.5;ConfirmAlignment=0;ConfirmPrevBreak=0;ConfirmZoneReclaim=0;HourSin=0.99976203;HourCos=0.02181489;DayOfWeek=2","Season=H1;Session=Asia;ZoneType=BullFVG;ZoneFreshness=Fresh;RegimeBucket=Weak50_69;SetupQualityBucket=Q50_69;RiskBucket=RiskLE11;EstimatedRRBucket=RR_LT_1_0;TimeBucket=Pre10;SkipPattern=ObservationResearch+Regime+ZoneJustCreated;HasZoneBirthResearch=False;HasObservationConfirmResearch=False;HasObservationStrictResearch=False;HasFailureReverseResearch=False;HasFailureRetestTrigger=False;HasBreakawayQualified=False;ConfirmAvailable=False;ConfirmReason=Unknown"
"OPF-20260725-100040","OPF_0.1","OPF_RESEARCH_2.14","MNQ_0.1","MNQ_1Contract_Target150_200","OPF_PROFILE_0.1","20260520-0555-BULL-OBS-001199-Z001199-OC","2026-05-20T06:00:00.0000000",1200,"Long","ObservationConfirm","OPF_KNN_SHADOW_1.97","A378B7478A0A4022A525CB66887BDC1D9C540E2A3A7D9C94FBCFA7735D8483D3","",0,False,0,"",0,False,0,"PathMissing","RegimeScore=60;SetupQualityScore=80;InitialRiskPoints=23.75;EstimatedRR=4;ATR14=31.5536;ZoneWidth=4.5;ZoneTouchCount=0;PullbackCountInRegime=0;CandleRange=26.5;BodyRatio=0.51886792;CloseLocation=0.69811321;ZoneAge=1;BullScore=50;BearScore=0;TrendStrength=50;Alignment=50;ConfirmRange=26.5;ConfirmBodyRatio=0.51886792;ConfirmCloseLocation=0.69811321;ConfirmAlignment=13.75;ConfirmPrevBreak=5;ConfirmZoneReclaim=18.75;HourSin=1;HourCos=0;DayOfWeek=2","Season=H1;Session=Europe;ZoneType=BullFVG;ZoneFreshness=Fresh;RegimeBucket=Weak50_69;SetupQualityBucket=Q80Plus;RiskBucket=RiskGT15;EstimatedRRBucket=RR_GE_1_5;TimeBucket=Pre10;SkipPattern=ObservationConfirmResearch+ObservationResearch+ReclaimZoneHigh+Regime+ZoneBirthResearch+ZoneJustCreated;HasZoneBirthResearch=True;HasObservationConfirmResearch=True;HasObservationStrictResearch=False;HasFailureReverseResearch=False;HasFailureRetestTrigger=False;HasBreakawayQualified=False;ConfirmAvailable=True;ConfirmReason=ReclaimZoneHigh"
"OPF-20260725-100040","OPF_0.1","OPF_RESEARCH_2.14","MNQ_0.1","MNQ_1Contract_Target150_200","OPF_PROFILE_0.1","20260520-0555-BULL-OBS-001199-Z001199-OC","2026-05-20T06:00:00.0000000",1200,"Long","ObservationConfirm_WideStop1_5R","OPF_KNN_SHADOW_1.97","A378B7478A0A4022A525CB66887BDC1D9C540E2A3A7D9C94FBCFA7735D8483D3","Fixed3R",0.2336822411368052,True,40,"Fixed3R",0.12109654261407955,True,40,"","RegimeScore=60;SetupQualityScore=80;InitialRiskPoints=35.62;EstimatedRR=3;ATR14=31.5536;ZoneWidth=4.5;ZoneTouchCount=0;PullbackCountInRegime=0;CandleRange=26.5;BodyRatio=0.51886792;CloseLocation=0.69811321;ZoneAge=1;BullScore=50;BearScore=0;TrendStrength=50;Alignment=50;ConfirmRange=26.5;ConfirmBodyRatio=0.51886792;ConfirmCloseLocation=0.69811321;ConfirmAlignment=13.75;ConfirmPrevBreak=5;ConfirmZoneReclaim=18.75;HourSin=1;HourCos=0;DayOfWeek=2","Season=H1;Session=Europe;ZoneType=BullFVG;ZoneFreshness=Fresh;RegimeBucket=Weak50_69;SetupQualityBucket=Q80Plus;RiskBucket=RiskGT15;EstimatedRRBucket=RR_GE_1_5;TimeBucket=Pre10;SkipPattern=ObservationConfirmResearch+ObservationResearch+ReclaimZoneHigh+Regime+ZoneBirthResearch+ZoneJustCreated;HasZoneBirthResearch=True;HasObservationConfirmResearch=True;HasObservationStrictResearch=False;HasFailureReverseResearch=False;HasFailureRetestTrigger=False;HasBreakawayQualified=False;ConfirmAvailable=True;ConfirmReason=ReclaimZoneHigh"
"OPF-20260725-100040","OPF_0.1","OPF_RESEARCH_2.14","MNQ_0.1","MNQ_1Contract_Target150_200","OPF_PROFILE_0.1","20260520-0725-BULL-BRK-001217-Z001217","2026-05-20T07:25:00.0000000",1217,"Long","BreakawayFvg","OPF_KNN_SHADOW_1.97","A378B7478A0A4022A525CB66887BDC1D9C540E2A3A7D9C94FBCFA7735D8483D3","",0,False,0,"",0,False,0,"PathMissing","RegimeScore=80;SetupQualityScore=88;InitialRiskPoints=9.5;EstimatedRR=1.5;ATR14=21;ZoneWidth=1.25;ZoneTouchCount=0;PullbackCountInRegime=0;CandleRange=17.25;BodyRatio=0.31884058;CloseLocation=0.44927536;ZoneAge=0;BullScore=80;BearScore=0;TrendStrength=80;Alignment=80;ConfirmRange=0;ConfirmBodyRatio=0;ConfirmCloseLocation=0.5;ConfirmAlignment=0;ConfirmPrevBreak=0;ConfirmZoneReclaim=0;HourSin=0.93200787;HourCos=-0.36243804;DayOfWeek=2","Season=H1;Session=Europe;ZoneType=BullFVG;ZoneFreshness=Fresh;RegimeBucket=Passed;SetupQualityBucket=Q80Plus;RiskBucket=RiskLE11;EstimatedRRBucket=RR_GE_1_5;TimeBucket=Pre10;SkipPattern=BreakawayFvgResearch;HasZoneBirthResearch=False;HasObservationConfirmResearch=False;HasObservationStrictResearch=False;HasFailureReverseResearch=False;HasFailureRetestTrigger=False;HasBreakawayQualified=False;ConfirmAvailable=False;ConfirmReason=Unknown"
"OPF-20260725-100040","OPF_0.1","OPF_RESEARCH_2.14","MNQ_0.1","MNQ_1Contract_Target150_200","OPF_PROFILE_0.1","20260520-0725-BULL-OBS-001217-Z001217","2026-05-20T07:25:00.0000000",1217,"Long","ZoneBirthResearch","OPF_KNN_SHADOW_1.97","A378B7478A0A4022A525CB66887BDC1D9C540E2A3A7D9C94FBCFA7735D8483D3","",0,False,0,"",0,False,0,"PathMissing","RegimeScore=80;SetupQualityScore=78;InitialRiskPoints=9.5;EstimatedRR=0.7105;ATR14=21;ZoneWidth=1.25;ZoneTouchCount=0;PullbackCountInRegime=0;CandleRange=17.25;BodyRatio=0.31884058;CloseLocation=0.44927536;ZoneAge=0;BullScore=80;BearScore=0;TrendStrength=80;Alignment=80;ConfirmRange=0;ConfirmBodyRatio=0;ConfirmCloseLocation=0.5;ConfirmAlignment=0;ConfirmPrevBreak=0;ConfirmZoneReclaim=0;HourSin=0.93200787;HourCos=-0.36243804;DayOfWeek=2","Season=H1;Session=Europe;ZoneType=BullFVG;ZoneFreshness=Fresh;RegimeBucket=Passed;SetupQualityBucket=Q70_79;RiskBucket=RiskLE11;EstimatedRRBucket=RR_LT_1_0;TimeBucket=Pre10;SkipPattern=ObservationResearch+Regime+ZoneJustCreated;HasZoneBirthResearch=False;HasObservationConfirmResearch=False;HasObservationStrictResearch=False;HasFailureReverseResearch=False;HasFailureRetestTrigger=False;HasBreakawayQualified=False;ConfirmAvailable=False;ConfirmReason=Unknown"
"OPF-20260725-100040","OPF_0.1","OPF_RESEARCH_2.14","MNQ_0.1","MNQ_1Contract_Target150_200","OPF_PROFILE_0.1","20260520-0725-BULL-OBS-001217-Z001217-FR","2026-05-20T07:30:00.0000000",1218,"Short","FailureReverse_ObservationInvalidated","OPF_KNN_SHADOW_1.97","A378B7478A0A4022A525CB66887BDC1D9C540E2A3A7D9C94FBCFA7735D8483D3","Fixed3R",0.4626489826098115,True,40,"Fixed3R",0.1714849800304196,True,40,"","RegimeScore=80;SetupQualityScore=90;InitialRiskPoints=5.25;EstimatedRR=0.0952;ATR14=20.9286;ZoneWidth=1.25;ZoneTouchCount=0;PullbackCountInRegime=0;CandleRange=17.25;BodyRatio=0.71014493;CloseLocation=0.28985507;ZoneAge=1;BullScore=60;BearScore=0;TrendStrength=60;Alignment=-60;ConfirmRange=0;ConfirmBodyRatio=0;ConfirmCloseLocation=0.5;ConfirmAlignment=0;ConfirmPrevBreak=0;ConfirmZoneReclaim=0;HourSin=0.92387953;HourCos=-0.38268343;DayOfWeek=2","Season=H1;Session=Europe;ZoneType=BullFVG;ZoneFreshness=Fresh;RegimeBucket=Passed;SetupQualityBucket=Q80Plus;RiskBucket=RiskLE8_5;EstimatedRRBucket=RR_LT_1_0;TimeBucket=Pre10;SkipPattern=FailureReverseResearch+FailureSource+FailureSourceSignalID+FailureSourceZoneFreshness+ZoneBirthResearch+ZoneJustCreated;HasZoneBirthResearch=True;HasObservationConfirmResearch=False;HasObservationStrictResearch=False;HasFailureReverseResearch=True;HasFailureRetestTrigger=False;HasBreakawayQualified=False;ConfirmAvailable=False;ConfirmReason=Unknown"
"OPF-20260725-100040","OPF_0.1","OPF_RESEARCH_2.14","MNQ_0.1","MNQ_1Contract_Target150_200","OPF_PROFILE_0.1","20260520-0725-BULL-OBS-001217-Z001217-FR","2026-05-20T07:30:00.0000000",1218,"Short","FailureReverse_ObservationInvalidated_WideStop1_5R","OPF_KNN_SHADOW_1.97","A378B7478A0A4022A525CB66887BDC1D9C540E2A3A7D9C94FBCFA7735D8483D3","Fixed3R",0.6117615662946843,True,40,"Fixed3R",0.1993529721713372,True,40,"","RegimeScore=80;SetupQualityScore=90;InitialRiskPoints=7.88;EstimatedRR=0.0635;ATR14=20.9286;ZoneWidth=1.25;ZoneTouchCount=0;PullbackCountInRegime=0;CandleRange=17.25;BodyRatio=0.71014493;CloseLocation=0.28985507;ZoneAge=1;BullScore=60;BearScore=0;TrendStrength=60;Alignment=-60;ConfirmRange=0;ConfirmBodyRatio=0;ConfirmCloseLocation=0.5;ConfirmAlignment=0;ConfirmPrevBreak=0;ConfirmZoneReclaim=0;HourSin=0.92387953;HourCos=-0.38268343;DayOfWeek=2","Season=H1;Session=Europe;ZoneType=BullFVG;ZoneFreshness=Fresh;RegimeBucket=Passed;SetupQualityBucket=Q80Plus;RiskBucket=RiskLE8_5;EstimatedRRBucket=RR_LT_1_0;TimeBucket=Pre10;SkipPattern=FailureReverseResearch+FailureSource+FailureSourceSignalID+FailureSourceZoneFreshness+ZoneBirthResearch+ZoneJustCreated;HasZoneBirthResearch=True;HasObservationConfirmResearch=False;HasObservationStrictResearch=False;HasFailureReverseResearch=True;HasFailureRetestTrigger=False;HasBreakawayQualified=False;ConfirmAvailable=False;ConfirmReason=Unknown"
"OPF-20260725-100040","OPF_0.1","OPF_RESEARCH_2.14","MNQ_0.1","MNQ_1Contract_Target150_200","OPF_PROFILE_0.1","20260520-0735-BEAR-OBS-001219-Z001219","2026-05-20T07:35:00.0000000",1219,"Short","ZoneBirthResearch","OPF_KNN_SHADOW_1.97","A378B7478A0A4022A525CB66887BDC1D9C540E2A3A7D9C94FBCFA7735D8483D3","ProtectBE1R_Then2_5R",0.27614285961209045,True,40,"ProtectBE1R_Then2_5R",0.1624423948930491,True,40,"","RegimeScore=0;SetupQualityScore=41;InitialRiskPoints=12.25;EstimatedRR=0.4898;ATR14=21.3393;ZoneWidth=2.5;ZoneTouchCount=0;PullbackCountInRegime=0;CandleRange=24;BodyRatio=0.3125;CloseLocation=0.61458333;ZoneAge=0;BullScore=80;BearScore=0;TrendStrength=80;Alignment=-80;ConfirmRange=0;ConfirmBodyRatio=0;ConfirmCloseLocation=0.5;ConfirmAlignment=0;ConfirmPrevBreak=0;ConfirmZoneReclaim=0;HourSin=0.91531148;HourCos=-0.40274669;DayOfWeek=2","Season=H1;Session=Europe;ZoneType=BearFVG;ZoneFreshness=Fresh;RegimeBucket=WeakLT50;SetupQualityBucket=QLT50;RiskBucket=RiskLE15;EstimatedRRBucket=RR_LT_1_0;TimeBucket=Pre10;SkipPattern=20260520-0735-Short-1219+ObservationResearch+Regime+ReplayExecuted+ZoneBirthResearch+ZoneJustCreated;HasZoneBirthResearch=True;HasObservationConfirmResearch=False;HasObservationStrictResearch=False;HasFailureReverseResearch=False;HasFailureRetestTrigger=False;HasBreakawayQualified=False;ConfirmAvailable=False;ConfirmReason=Unknown"
"OPF-20260725-100040","OPF_0.1","OPF_RESEARCH_2.14","MNQ_0.1","MNQ_1Contract_Target150_200","OPF_PROFILE_0.1","20260520-0740-BEAR-OBS-001220-Z001219","2026-05-20T07:40:00.0000000",1220,"Short","UnknownRegimeZoneTouch","OPF_KNN_SHADOW_1.97","A378B7478A0A4022A525CB66887BDC1D9C540E2A3A7D9C94FBCFA7735D8483D3","Protect1RAfter1_5R_Then3R",0.7136584153192063,True,40,"Protect1RAfter1_5R_Then3R",0.20136983996450109,True,40,"","RegimeScore=0;SetupQualityScore=30;InitialRiskPoints=1.75;EstimatedRR=2.2857;ATR14=21.8929;ZoneWidth=2.5;ZoneTouchCount=1;PullbackCountInRegime=0;CandleRange=28.75;BodyRatio=0.35652174;CloseLocation=0.57391304;ZoneAge=1;BullScore=50;BearScore=0;TrendStrength=50;Alignment=-50;ConfirmRange=0;ConfirmBodyRatio=0;ConfirmCloseLocation=0.5;ConfirmAlignment=0;ConfirmPrevBreak=0;ConfirmZoneReclaim=0;HourSin=0.90630779;HourCos=-0.42261826;DayOfWeek=2","Season=H1;Session=Europe;ZoneType=BearFVG;ZoneFreshness=SecondTouch;RegimeBucket=WeakLT50;SetupQualityBucket=QLT50;RiskBucket=RiskLE8_5;EstimatedRRBucket=RR_GE_1_5;TimeBucket=Pre10;SkipPattern=ObservationResearch+Regime+RegimeUnknown;HasZoneBirthResearch=False;HasObservationConfirmResearch=False;HasObservationStrictResearch=False;HasFailureReverseResearch=False;HasFailureRetestTrigger=False;HasBreakawayQualified=False;ConfirmAvailable=False;ConfirmReason=Unknown"
"OPF-20260725-100040","OPF_0.1","OPF_RESEARCH_2.14","MNQ_0.1","MNQ_1Contract_Target150_200","OPF_PROFILE_0.1","20260520-0740-BEAR-OBS-001220-Z001219-OC","2026-05-20T07:45:00.0000000",1221,"Short","ObservationConfirm","OPF_KNN_SHADOW_1.97","A378B7478A0A4022A525CB66887BDC1D9C540E2A3A7D9C94FBCFA7735D8483D3","SplitBase_Runner3R_BE0_75R",0.08765950436282592,True,40,"SplitBase_Runner3R_BE0_75R",0.08214644008451072,True,40,"","RegimeScore=0;SetupQualityScore=52;InitialRiskPoints=18.75;EstimatedRR=1.4997;ATR14=21.3929;ZoneWidth=2.5;ZoneTouchCount=1;PullbackCountInRegime=0;CandleRange=22;BodyRatio=0.75;CloseLocation=0.04545455;ZoneAge=2;BullScore=50;BearScore=0;TrendStrength=50;Alignment=-50;ConfirmRange=22;ConfirmBodyRatio=0.75;ConfirmCloseLocation=0.04545455;ConfirmAlignment=16.5;ConfirmPrevBreak=0.5;ConfirmZoneReclaim=15.75;HourSin=0.89687274;HourCos=-0.44228869;DayOfWeek=2","Season=H1;Session=Europe;ZoneType=BearFVG;ZoneFreshness=SecondTouch;RegimeBucket=WeakLT50;SetupQualityBucket=Q50_69;RiskBucket=RiskGT15;EstimatedRRBucket=RR_GE_1_2;TimeBucket=Pre10;SkipPattern=ObservationConfirmResearch+ObservationResearch+ReclaimZoneLow+Regime+RegimeUnknown+UnknownRegimeZoneTouch;HasZoneBirthResearch=False;HasObservationConfirmResearch=True;HasObservationStrictResearch=False;HasFailureReverseResearch=False;HasFailureRetestTrigger=False;HasBreakawayQualified=False;ConfirmAvailable=True;ConfirmReason=ReclaimZoneLow"
"OPF-20260725-100040","OPF_0.1","OPF_RESEARCH_2.14","MNQ_0.1","MNQ_1Contract_Target150_200","OPF_PROFILE_0.1","20260520-0740-BEAR-OBS-001220-Z001219-OC","2026-05-20T07:45:00.0000000",1221,"Short","ObservationConfirm_WideStop1_5R","OPF_KNN_SHADOW_1.97","A378B7478A0A4022A525CB66887BDC1D9C540E2A3A7D9C94FBCFA7735D8483D3","Fixed1_5R",0.33252045406292713,True,40,"Fixed1_5R",0.1457416364713507,True,40,"","RegimeScore=0;SetupQualityScore=52;InitialRiskPoints=28.12;EstimatedRR=0.1867;ATR14=21.3929;ZoneWidth=2.5;ZoneTouchCount=1;PullbackCountInRegime=0;CandleRange=22;BodyRatio=0.75;CloseLocation=0.04545455;ZoneAge=2;BullScore=50;BearScore=0;TrendStrength=50;Alignment=-50;ConfirmRange=22;ConfirmBodyRatio=0.75;ConfirmCloseLocation=0.04545455;ConfirmAlignment=16.5;ConfirmPrevBreak=0.5;ConfirmZoneReclaim=15.75;HourSin=0.89687274;HourCos=-0.44228869;DayOfWeek=2","Season=H1;Session=Europe;ZoneType=BearFVG;ZoneFreshness=SecondTouch;RegimeBucket=WeakLT50;SetupQualityBucket=Q50_69;RiskBucket=RiskGT15;EstimatedRRBucket=RR_LT_1_0;TimeBucket=Pre10;SkipPattern=ObservationConfirmResearch+ObservationResearch+ReclaimZoneLow+Regime+RegimeUnknown+UnknownRegimeZoneTouch;HasZoneBirthResearch=False;HasObservationConfirmResearch=True;HasObservationStrictResearch=False;HasFailureReverseResearch=False;HasFailureRetestTrigger=False;HasBreakawayQualified=False;ConfirmAvailable=True;ConfirmReason=ReclaimZoneLow"
"OPF-20260725-100040","OPF_0.1","OPF_RESEARCH_2.14","MNQ_0.1","MNQ_1Contract_Target150_200","OPF_PROFILE_0.1","20260520-0735-BEAR-OBS-001219-Z001219-OC","2026-05-20T07:45:00.0000000",1221,"Short","ObservationConfirm","OPF_KNN_SHADOW_1.97","A378B7478A0A4022A525CB66887BDC1D9C540E2A3A7D9C94FBCFA7735D8483D3","ProtectBE0_75R_Then2_5R",0.10459818173995819,True,40,"ProtectBE0_75R_Then2_5R",0.08774237751464295,True,40,"","RegimeScore=0;SetupQualityScore=60;InitialRiskPoints=18.75;EstimatedRR=1.4997;ATR14=21.3929;ZoneWidth=2.5;ZoneTouchCount=0;PullbackCountInRegime=0;CandleRange=22;BodyRatio=0.75;CloseLocation=0.04545455;ZoneAge=2;BullScore=50;BearScore=0;TrendStrength=50;Alignment=-50;ConfirmRange=22;ConfirmBodyRatio=0.75;ConfirmCloseLocation=0.04545455;ConfirmAlignment=16.5;ConfirmPrevBreak=0.5;ConfirmZoneReclaim=15.75;HourSin=0.89687274;HourCos=-0.44228869;DayOfWeek=2","Season=H1;Session=Europe;ZoneType=BearFVG;ZoneFreshness=Fresh;RegimeBucket=WeakLT50;SetupQualityBucket=Q50_69;RiskBucket=RiskGT15;EstimatedRRBucket=RR_GE_1_2;TimeBucket=Pre10;SkipPattern=ObservationConfirmResearch+ObservationResearch+ReclaimZoneLow+Regime+ZoneBirthResearch+ZoneJustCreated;HasZoneBirthResearch=True;HasObservationConfirmResearch=True;HasObservationStrictResearch=False;HasFailureReverseResearch=False;HasFailureRetestTrigger=False;HasBreakawayQualified=False;ConfirmAvailable=True;ConfirmReason=ReclaimZoneLow"
"OPF-20260725-100040","OPF_0.1","OPF_RESEARCH_2.14","MNQ_0.1","MNQ_1Contract_Target150_200","OPF_PROFILE_0.1","20260520-0735-BEAR-OBS-001219-Z001219-OC","2026-05-20T07:45:00.0000000",1221,"Short","ObservationConfirm_WideStop1_5R","OPF_KNN_SHADOW_1.97","A378B7478A0A4022A525CB66887BDC1D9C540E2A3A7D9C94FBCFA7735D8483D3","Fixed1_5R",0.36546391606972223,True,40,"Fixed1_5R",0.15835614812578108,True,40,"","RegimeScore=0;SetupQualityScore=60;InitialRiskPoints=28.12;EstimatedRR=0.1867;ATR14=21.3929;ZoneWidth=2.5;ZoneTouchCount=0;PullbackCountInRegime=0;CandleRange=22;BodyRatio=0.75;CloseLocation=0.04545455;ZoneAge=2;BullScore=50;BearScore=0;TrendStrength=50;Alignment=-50;ConfirmRange=22;ConfirmBodyRatio=0.75;ConfirmCloseLocation=0.04545455;ConfirmAlignment=16.5;ConfirmPrevBreak=0.5;ConfirmZoneReclaim=15.75;HourSin=0.89687274;HourCos=-0.44228869;DayOfWeek=2","Season=H1;Session=Europe;ZoneType=BearFVG;ZoneFreshness=Fresh;RegimeBucket=WeakLT50;SetupQualityBucket=Q50_69;RiskBucket=RiskGT15;EstimatedRRBucket=RR_LT_1_0;TimeBucket=Pre10;SkipPattern=ObservationConfirmResearch+ObservationResearch+ReclaimZoneLow+Regime+ZoneBirthResearch+ZoneJustCreated;HasZoneBirthResearch=True;HasObservationConfirmResearch=True;HasObservationStrictResearch=False;HasFailureReverseResearch=False;HasFailureRetestTrigger=False;HasBreakawayQualified=False;ConfirmAvailable=True;ConfirmReason=ReclaimZoneLow"
"OPF-20260725-100040","OPF_0.1","OPF_RESEARCH_2.14","MNQ_0.1","MNQ_1Contract_Target150_200","OPF_PROFILE_0.1","20260520-0725-BULL-OBS-001217-Z001217-FR-RT","2026-05-20T07:45:00.0000000",1221,"Short","FailureReverse_RetestFailed","OPF_KNN_SHADOW_1.97","A378B7478A0A4022A525CB66887BDC1D9C540E2A3A7D9C94FBCFA7735D8483D3","Protect1RAfter1_5R_Then2_5R",0.12371183249351751,True,40,"Fixed1_5R",0.08257592851301358,True,40,"","RegimeScore=80;SetupQualityScore=100;InitialRiskPoints=18.75;EstimatedRR=1.2;ATR14=21.3929;ZoneWidth=1.25;ZoneTouchCount=0;PullbackCountInRegime=0;CandleRange=22;BodyRatio=0.75;CloseLocation=0.04545455;ZoneAge=4;BullScore=50;BearScore=0;TrendStrength=50;Alignment=-50;ConfirmRange=0;ConfirmBodyRatio=0;ConfirmCloseLocation=0.5;ConfirmAlignment=0;ConfirmPrevBreak=0;ConfirmZoneReclaim=0;HourSin=0.89687274;HourCos=-0.44228869;DayOfWeek=2","Season=H1;Session=Europe;ZoneType=BullFVG;ZoneFreshness=Fresh;RegimeBucket=Passed;SetupQualityBucket=Q80Plus;RiskBucket=RiskGT15;EstimatedRRBucket=RR_GE_1_2;TimeBucket=Pre10;SkipPattern=FailureRetestFailedTriggered+FailureReverseResearch+FailureSource+FailureSourceSignalID+FailureSourceZoneFreshness+ReclaimZoneLow+ZoneBirthResearch+ZoneJustCreated;HasZoneBirthResearch=True;HasObservationConfirmResearch=False;HasObservationStrictResearch=False;HasFailureReverseResearch=True;HasFailureRetestTrigger=True;HasBreakawayQualified=False;ConfirmAvailable=False;ConfirmReason=Unknown"
"OPF-20260725-100040","OPF_0.1","OPF_RESEARCH_2.14","MNQ_0.1","MNQ_1Contract_Target150_200","OPF_PROFILE_0.1","20260520-0725-BULL-OBS-001217-Z001217-FR-RT","2026-05-20T07:45:00.0000000",1221,"Short","FailureReverse_RetestFailed_WideStop1_5R","OPF_KNN_SHADOW_1.97","A378B7478A0A4022A525CB66887BDC1D9C540E2A3A7D9C94FBCFA7735D8483D3","Protect1RAfter1_5R_Then2_5R",0.5546095752820099,True,23,"Protect1RAfter1_5R_Then2_5R",0.1380706708297288,True,23,"","RegimeScore=80;SetupQualityScore=100;InitialRiskPoints=28.12;EstimatedRR=0.1867;ATR14=21.3929;ZoneWidth=1.25;ZoneTouchCount=0;PullbackCountInRegime=0;CandleRange=22;BodyRatio=0.75;CloseLocation=0.04545455;ZoneAge=4;BullScore=50;BearScore=0;TrendStrength=50;Alignment=-50;ConfirmRange=0;ConfirmBodyRatio=0;ConfirmCloseLocation=0.5;ConfirmAlignment=0;ConfirmPrevBreak=0;ConfirmZoneReclaim=0;HourSin=0.89687274;HourCos=-0.44228869;DayOfWeek=2","Season=H1;Session=Europe;ZoneType=BullFVG;ZoneFreshness=Fresh;RegimeBucket=Passed;SetupQualityBucket=Q80Plus;RiskBucket=RiskGT15;EstimatedRRBucket=RR_LT_1_0;TimeBucket=Pre10;SkipPattern=FailureRetestFailedTriggered+FailureReverseResearch+FailureSource+FailureSourceSignalID+FailureSourceZoneFreshness+ReclaimZoneLow+ZoneBirthResearch+ZoneJustCreated;HasZoneBirthResearch=True;HasObservationConfirmResearch=False;HasObservationStrictResearch=False;HasFailureReverseResearch=True;HasFailureRetestTrigger=True;HasBreakawayQualified=False;ConfirmAvailable=False;ConfirmReason=Unknown"
"OPF-20260725-100040","OPF_0.1","OPF_RESEARCH_2.14","MNQ_0.1","MNQ_1Contract_Target150_200","OPF_PROFILE_0.1","20260520-0805-BULL-OBS-001225-Z001225","2026-05-20T08:05:00.0000000",1225,"Long","ZoneBirthResearch","OPF_KNN_SHADOW_1.97","A378B7478A0A4022A525CB66887BDC1D9C540E2A3A7D9C94FBCFA7735D8483D3","",0,False,0,"",0,False,0,"PathMissing","RegimeScore=30;SetupQualityScore=38;InitialRiskPoints=12.75;EstimatedRR=0.0784;ATR14=24.0536;ZoneWidth=6.75;ZoneTouchCount=0;PullbackCountInRegime=0;CandleRange=31.25;BodyRatio=0.28;CloseLocation=0.176;ZoneAge=0;BullScore=50;BearScore=0;TrendStrength=50;Alignment=50;ConfirmRange=0;ConfirmBodyRatio=0;ConfirmCloseLocation=0.5;ConfirmAlignment=0;ConfirmPrevBreak=0;ConfirmZoneReclaim=0;HourSin=0.85491187;HourCos=-0.51877326;DayOfWeek=2","Season=H1;Session=Europe;ZoneType=BullFVG;ZoneFreshness=Fresh;RegimeBucket=WeakLT50;SetupQualityBucket=QLT50;RiskBucket=RiskLE15;EstimatedRRBucket=RR_LT_1_0;TimeBucket=Pre10;SkipPattern=ObservationResearch+Regime+ZoneJustCreated;HasZoneBirthResearch=False;HasObservationConfirmResearch=False;HasObservationStrictResearch=False;HasFailureReverseResearch=False;HasFailureRetestTrigger=False;HasBreakawayQualified=False;ConfirmAvailable=False;ConfirmReason=Unknown"
"OPF-20260725-100040","OPF_0.1","OPF_RESEARCH_2.14","MNQ_0.1","MNQ_1Contract_Target150_200","OPF_PROFILE_0.1","20260520-0805-BULL-OBS-001225-Z001225-OC","2026-05-20T08:10:00.0000000",1226,"Long","ObservationConfirm","OPF_KNN_SHADOW_1.97","A378B7478A0A4022A525CB66887BDC1D9C540E2A3A7D9C94FBCFA7735D8483D3","",0,False,0,"",0,False,0,"PathMissing","RegimeScore=30;SetupQualityScore=60;InitialRiskPoints=32.25;EstimatedRR=4;ATR14=24.9107;ZoneWidth=6.75;ZoneTouchCount=0;PullbackCountInRegime=0;CandleRange=34.75;BodyRatio=0.55395683;CloseLocation=0.92086331;ZoneAge=1;BullScore=50;BearScore=0;TrendStrength=50;Alignment=50;ConfirmRange=34.75;ConfirmBodyRatio=0.55395683;ConfirmCloseLocation=0.92086331;ConfirmAlignment=19.25;ConfirmPrevBreak=-6.25;ConfirmZoneReclaim=25;HourSin=0.84339145;HourCos=-0.53729961;DayOfWeek=2","Season=H1;Session=Europe;ZoneType=BullFVG;ZoneFreshness=Fresh;RegimeBucket=WeakLT50;SetupQualityBucket=Q50_69;RiskBucket=RiskGT15;EstimatedRRBucket=RR_GE_1_5;TimeBucket=Pre10;SkipPattern=ObservationConfirmResearch+ObservationResearch+ReclaimZoneHigh+Regime+ZoneBirthResearch+ZoneJustCreated;HasZoneBirthResearch=True;HasObservationConfirmResearch=True;HasObservationStrictResearch=False;HasFailureReverseResearch=False;HasFailureRetestTrigger=False;HasBreakawayQualified=False;ConfirmAvailable=True;ConfirmReason=ReclaimZoneHigh"
"OPF-20260725-100040","OPF_0.1","OPF_RESEARCH_2.14","MNQ_0.1","MNQ_1Contract_Target150_200","OPF_PROFILE_0.1","20260520-0805-BULL-OBS-001225-Z001225-OC","2026-05-20T08:10:00.0000000",1226,"Long","ObservationConfirm_WideStop1_5R","OPF_KNN_SHADOW_1.97","A378B7478A0A4022A525CB66887BDC1D9C540E2A3A7D9C94FBCFA7735D8483D3","ProtectBE0_75R_Then2_5R",0.2512418210778049,True,40,"ProtectBE0_75R_Then2_5R",0.11262189052622143,True,40,"","RegimeScore=30;SetupQualityScore=60;InitialRiskPoints=48.38;EstimatedRR=3;ATR14=24.9107;ZoneWidth=6.75;ZoneTouchCount=0;PullbackCountInRegime=0;CandleRange=34.75;BodyRatio=0.55395683;CloseLocation=0.92086331;ZoneAge=1;BullScore=50;BearScore=0;TrendStrength=50;Alignment=50;ConfirmRange=34.75;ConfirmBodyRatio=0.55395683;ConfirmCloseLocation=0.92086331;ConfirmAlignment=19.25;ConfirmPrevBreak=-6.25;ConfirmZoneReclaim=25;HourSin=0.84339145;HourCos=-0.53729961;DayOfWeek=2","Season=H1;Session=Europe;ZoneType=BullFVG;ZoneFreshness=Fresh;RegimeBucket=WeakLT50;SetupQualityBucket=Q50_69;RiskBucket=RiskGT15;EstimatedRRBucket=RR_GE_1_5;TimeBucket=Pre10;SkipPattern=ObservationConfirmResearch+ObservationResearch+ReclaimZoneHigh+Regime+ZoneBirthResearch+ZoneJustCreated;HasZoneBirthResearch=True;HasObservationConfirmResearch=True;HasObservationStrictResearch=False;HasFailureReverseResearch=False;HasFailureRetestTrigger=False;HasBreakawayQualified=False;ConfirmAvailable=True;ConfirmReason=ReclaimZoneHigh"
"OPF-20260725-100040","OPF_0.1","OPF_RESEARCH_2.14","MNQ_0.1","MNQ_1Contract_Target150_200","OPF_PROFILE_0.1","20260520-0810-BULL-OBS-001226-Z001225","2026-05-20T08:10:00.0000000",1226,"Long","UnknownRegimeZoneTouch","OPF_KNN_SHADOW_1.97","A378B7478A0A4022A525CB66887BDC1D9C540E2A3A7D9C94FBCFA7735D8483D3","",0,False,0,"",0,False,0,"PathMissing","RegimeScore=30;SetupQualityScore=37;InitialRiskPoints=32.25;EstimatedRR=0.1938;ATR14=24.9107;ZoneWidth=6.75;ZoneTouchCount=1;PullbackCountInRegime=0;CandleRange=34.75;BodyRatio=0.55395683;CloseLocation=0.92086331;ZoneAge=1;BullScore=50;BearScore=0;TrendStrength=50;Alignment=50;ConfirmRange=0;ConfirmBodyRatio=0;ConfirmCloseLocation=0.5;ConfirmAlignment=0;ConfirmPrevBreak=0;ConfirmZoneReclaim=0;HourSin=0.84339145;HourCos=-0.53729961;DayOfWeek=2","Season=H1;Session=Europe;ZoneType=BullFVG;ZoneFreshness=SecondTouch;RegimeBucket=WeakLT50;SetupQualityBucket=QLT50;RiskBucket=RiskGT15;EstimatedRRBucket=RR_LT_1_0;TimeBucket=Pre10;SkipPattern=ObservationResearch+Regime+RegimeUnknown;HasZoneBirthResearch=False;HasObservationConfirmResearch=False;HasObservationStrictResearch=False;HasFailureReverseResearch=False;HasFailureRetestTrigger=False;HasBreakawayQualified=False;ConfirmAvailable=False;ConfirmReason=Unknown"
"OPF-20260725-100040","OPF_0.1","OPF_RESEARCH_2.14","MNQ_0.1","MNQ_1Contract_Target150_200","OPF_PROFILE_0.1","20260520-0810-BULL-OBS-001226-Z001225-OC","2026-05-20T08:15:00.0000000",1227,"Long","ObservationConfirm","OPF_KNN_SHADOW_1.97","A378B7478A0A4022A525CB66887BDC1D9C540E2A3A7D9C94FBCFA7735D8483D3","",0,False,0,"",0,False,0,"PathMissing","RegimeScore=30;SetupQualityScore=52;InitialRiskPoints=37.75;EstimatedRR=4;ATR14=25.3036;ZoneWidth=6.75;ZoneTouchCount=1;PullbackCountInRegime=0;CandleRange=26.25;BodyRatio=0.25714286;CloseLocation=0.86666667;ZoneAge=2;BullScore=50;BearScore=0;TrendStrength=50;Alignment=50;ConfirmRange=26.25;ConfirmBodyRatio=0.25714286;ConfirmCloseLocation=0.86666667;ConfirmAlignment=6.75;ConfirmPrevBreak=2.75;ConfirmZoneReclaim=30.5;HourSin=0.83146961;HourCos=-0.55557023;DayOfWeek=2","Season=H1;Session=Europe;ZoneType=BullFVG;ZoneFreshness=SecondTouch;RegimeBucket=WeakLT50;SetupQualityBucket=Q50_69;RiskBucket=RiskGT15;EstimatedRRBucket=RR_GE_1_5;TimeBucket=Pre10;SkipPattern=ObservationConfirmResearch+ObservationResearch+ReclaimZoneHigh+Regime+RegimeUnknown+UnknownRegimeZoneTouch;HasZoneBirthResearch=False;HasObservationConfirmResearch=True;HasObservationStrictResearch=False;HasFailureReverseResearch=False;HasFailureRetestTrigger=False;HasBreakawayQualified=False;ConfirmAvailable=True;ConfirmReason=ReclaimZoneHigh"
"OPF-20260725-100040","OPF_0.1","OPF_RESEARCH_2.14","MNQ_0.1","MNQ_1Contract_Target150_200","OPF_PROFILE_0.1","20260520-0810-BULL-OBS-001226-Z001225-OC","2026-05-20T08:15:00.0000000",1227,"Long","ObservationConfirm_WideStop1_5R","OPF_KNN_SHADOW_1.97","A378B7478A0A4022A525CB66887BDC1D9C540E2A3A7D9C94FBCFA7735D8483D3","Fixed3R",0.3457881604308344,True,40,"Fixed3R",0.14376712317139623,True,40,"","RegimeScore=30;SetupQualityScore=52;InitialRiskPoints=56.62;EstimatedRR=3;ATR14=25.3036;ZoneWidth=6.75;ZoneTouchCount=1;PullbackCountInRegime=0;CandleRange=26.25;BodyRatio=0.25714286;CloseLocation=0.86666667;ZoneAge=2;BullScore=50;BearScore=0;TrendStrength=50;Alignment=50;ConfirmRange=26.25;ConfirmBodyRatio=0.25714286;ConfirmCloseLocation=0.86666667;ConfirmAlignment=6.75;ConfirmPrevBreak=2.75;ConfirmZoneReclaim=30.5;HourSin=0.83146961;HourCos=-0.55557023;DayOfWeek=2","Season=H1;Session=Europe;ZoneType=BullFVG;ZoneFreshness=SecondTouch;RegimeBucket=WeakLT50;SetupQualityBucket=Q50_69;RiskBucket=RiskGT15;EstimatedRRBucket=RR_GE_1_5;TimeBucket=Pre10;SkipPattern=ObservationConfirmResearch+ObservationResearch+ReclaimZoneHigh+Regime+RegimeUnknown+UnknownRegimeZoneTouch;HasZoneBirthResearch=False;HasObservationConfirmResearch=True;HasObservationStrictResearch=False;HasFailureReverseResearch=False;HasFailureRetestTrigger=False;HasBreakawayQualified=False;ConfirmAvailable=True;ConfirmReason=ReclaimZoneHigh"
"OPF-20260725-100040","OPF_0.1","OPF_RESEARCH_2.14","MNQ_0.1","MNQ_1Contract_Target150_200","OPF_PROFILE_0.1","20260520-0955-BULL-OBS-001247-Z001247","2026-05-20T09:55:00.0000000",1247,"Long","ZoneBirthResearch","OPF_KNN_SHADOW_1.97","A378B7478A0A4022A525CB66887BDC1D9C540E2A3A7D9C94FBCFA7735D8483D3","",0,False,0,"",0,False,0,"PathMissing","RegimeScore=20;SetupQualityScore=38;InitialRiskPoints=12.5;EstimatedRR=0.54;ATR14=20.75;ZoneWidth=5.25;ZoneTouchCount=0;PullbackCountInRegime=0;CandleRange=22.25;BodyRatio=0.24719101;CloseLocation=0.30337079;ZoneAge=0;BullScore=50;BearScore=0;TrendStrength=50;Alignment=50;ConfirmRange=0;ConfirmBodyRatio=0;ConfirmCloseLocation=0.5;ConfirmAlignment=0;ConfirmPrevBreak=0;ConfirmZoneReclaim=0;HourSin=0.51877326;HourCos=-0.85491187;DayOfWeek=2","Season=H1;Session=Europe;ZoneType=BullFVG;ZoneFreshness=Fresh;RegimeBucket=WeakLT50;SetupQualityBucket=QLT50;RiskBucket=RiskLE15;EstimatedRRBucket=RR_LT_1_0;TimeBucket=Pre10;SkipPattern=ObservationResearch+Regime+ZoneJustCreated;HasZoneBirthResearch=False;HasObservationConfirmResearch=False;HasObservationStrictResearch=False;HasFailureReverseResearch=False;HasFailureRetestTrigger=False;HasBreakawayQualified=False;ConfirmAvailable=False;ConfirmReason=Unknown"
"OPF-20260725-100040","OPF_0.1","OPF_RESEARCH_2.14","MNQ_0.1","MNQ_1Contract_Target150_200","OPF_PROFILE_0.1","20260520-0955-BULL-OBS-001247-Z001247-OC","2026-05-20T10:00:00.0000000",1248,"Long","ObservationConfirm","OPF_KNN_SHADOW_1.97","A378B7478A0A4022A525CB66887BDC1D9C540E2A3A7D9C94FBCFA7735D8483D3","",0,False,0,"",0,False,0,"PathMissing","RegimeScore=20;SetupQualityScore=56;InitialRiskPoints=28.5;EstimatedRR=4;ATR14=21.8214;ZoneWidth=5.25;ZoneTouchCount=0;PullbackCountInRegime=0;CandleRange=32.75;BodyRatio=0.45801527;CloseLocation=0.51145038;ZoneAge=1;BullScore=50;BearScore=0;TrendStrength=50;Alignment=50;ConfirmRange=32.75;ConfirmBodyRatio=0.45801527;ConfirmCloseLocation=0.51145038;ConfirmAlignment=15;ConfirmPrevBreak=0.5;ConfirmZoneReclaim=22.75;HourSin=0.5;HourCos=-0.8660254;DayOfWeek=2","Season=H1;Session=Europe;ZoneType=BullFVG;ZoneFreshness=Fresh;RegimeBucket=WeakLT50;SetupQualityBucket=Q50_69;RiskBucket=RiskGT15;EstimatedRRBucket=RR_GE_1_5;TimeBucket=Morning;SkipPattern=ObservationConfirmResearch+ObservationResearch+ReclaimZoneHigh+Regime+ZoneBirthResearch+ZoneJustCreated;HasZoneBirthResearch=True;HasObservationConfirmResearch=True;HasObservationStrictResearch=False;HasFailureReverseResearch=False;HasFailureRetestTrigger=False;HasBreakawayQualified=False;ConfirmAvailable=True;ConfirmReason=ReclaimZoneHigh"
"OPF-20260725-100040","OPF_0.1","OPF_RESEARCH_2.14","MNQ_0.1","MNQ_1Contract_Target150_200","OPF_PROFILE_0.1","20260520-0955-BULL-OBS-001247-Z001247-OC","2026-05-20T10:00:00.0000000",1248,"Long","ObservationConfirm_WideStop1_5R","OPF_KNN_SHADOW_1.97","A378B7478A0A4022A525CB66887BDC1D9C540E2A3A7D9C94FBCFA7735D8483D3","ProtectBE0_75R_Then2_5R",0.3693047784005208,True,40,"ProtectBE0_75R_Then2_5R",0.1402109377657774,True,40,"","RegimeScore=20;SetupQualityScore=56;InitialRiskPoints=42.75;EstimatedRR=3;ATR14=21.8214;ZoneWidth=5.25;ZoneTouchCount=0;PullbackCountInRegime=0;CandleRange=32.75;BodyRatio=0.45801527;CloseLocation=0.51145038;ZoneAge=1;BullScore=50;BearScore=0;TrendStrength=50;Alignment=50;ConfirmRange=32.75;ConfirmBodyRatio=0.45801527;ConfirmCloseLocation=0.51145038;ConfirmAlignment=15;ConfirmPrevBreak=0.5;ConfirmZoneReclaim=22.75;HourSin=0.5;HourCos=-0.8660254;DayOfWeek=2","Season=H1;Session=Europe;ZoneType=BullFVG;ZoneFreshness=Fresh;RegimeBucket=WeakLT50;SetupQualityBucket=Q50_69;RiskBucket=RiskGT15;EstimatedRRBucket=RR_GE_1_5;TimeBucket=Morning;SkipPattern=ObservationConfirmResearch+ObservationResearch+ReclaimZoneHigh+Regime+ZoneBirthResearch+ZoneJustCreated;HasZoneBirthResearch=True;HasObservationConfirmResearch=True;HasObservationStrictResearch=False;HasFailureReverseResearch=False;HasFailureRetestTrigger=False;HasBreakawayQualified=False;ConfirmAvailable=True;ConfirmReason=ReclaimZoneHigh"
"OPF-20260725-100040","OPF_0.1","OPF_RESEARCH_2.14","MNQ_0.1","MNQ_1Contract_Target150_200","OPF_PROFILE_0.1","20260520-1050-BULL-OBS-001258-Z001247","2026-05-20T10:50:00.0000000",1258,"Long","UnknownRegimeZoneTouch","OPF_KNN_SHADOW_1.97","A378B7478A0A4022A525CB66887BDC1D9C540E2A3A7D9C94FBCFA7735D8483D3","",0,False,0,"",0,False,0,"PathMissing","RegimeScore=50;SetupQualityScore=54;InitialRiskPoints=8.25;EstimatedRR=1.5;ATR14=21.6607;ZoneWidth=5.25;ZoneTouchCount=1;PullbackCountInRegime=0;CandleRange=14;BodyRatio=0.25;CloseLocation=0.35714286;ZoneAge=11;BullScore=50;BearScore=0;TrendStrength=50;Alignment=50;ConfirmRange=0;ConfirmBodyRatio=0;ConfirmCloseLocation=0.5;ConfirmAlignment=0;ConfirmPrevBreak=0;ConfirmZoneReclaim=0;HourSin=0.3007058;HourCos=-0.95371695;DayOfWeek=2","Season=H1;Session=Europe;ZoneType=BullFVG;ZoneFreshness=SecondTouch;RegimeBucket=Weak50_69;SetupQualityBucket=Q50_69;RiskBucket=RiskLE8_5;EstimatedRRBucket=RR_GE_1_5;TimeBucket=Morning;SkipPattern=ObservationResearch+Regime+RegimeUnknown;HasZoneBirthResearch=False;HasObservationConfirmResearch=False;HasObservationStrictResearch=False;HasFailureReverseResearch=False;HasFailureRetestTrigger=False;HasBreakawayQualified=False;ConfirmAvailable=False;ConfirmReason=Unknown"
"OPF-20260725-100040","OPF_0.1","OPF_RESEARCH_2.14","MNQ_0.1","MNQ_1Contract_Target150_200","OPF_PROFILE_0.1","20260520-1050-BULL-OBS-001258-Z001247-FR","2026-05-20T10:55:00.0000000",1259,"Short","FailureReverse_ObservationInvalidated","OPF_KNN_SHADOW_1.97","A378B7478A0A4022A525CB66887BDC1D9C540E2A3A7D9C94FBCFA7735D8483D3","Fixed3R",0.5703765515308036,True,40,"Fixed3R",0.18124564508042051,True,40,"","RegimeScore=50;SetupQualityScore=66;InitialRiskPoints=9.5;EstimatedRR=0.8158;ATR14=21.6429;ZoneWidth=5.25;ZoneTouchCount=1;PullbackCountInRegime=0;CandleRange=16;BodyRatio=0.71875;CloseLocation=0.28125;ZoneAge=12;BullScore=50;BearScore=0;TrendStrength=50;Alignment=-50;ConfirmRange=0;ConfirmBodyRatio=0;ConfirmCloseLocation=0.5;ConfirmAlignment=0;ConfirmPrevBreak=0;ConfirmZoneReclaim=0;HourSin=0.27982901;HourCos=-0.96004985;DayOfWeek=2","Season=H1;Session=Europe;ZoneType=BullFVG;ZoneFreshness=SecondTouch;RegimeBucket=Weak50_69;SetupQualityBucket=Q50_69;RiskBucket=RiskLE11;EstimatedRRBucket=RR_LT_1_0;TimeBucket=Morning;SkipPattern=FailureReverseResearch+FailureSource+FailureSourceSignalID+FailureSourceZoneFreshness+RegimeUnknown+UnknownRegimeZoneTouch;HasZoneBirthResearch=False;HasObservationConfirmResearch=False;HasObservationStrictResearch=False;HasFailureReverseResearch=True;HasFailureRetestTrigger=False;HasBreakawayQualified=False;ConfirmAvailable=False;ConfirmReason=Unknown"
"OPF-20260725-100040","OPF_0.1","OPF_RESEARCH_2.14","MNQ_0.1","MNQ_1Contract_Target150_200","OPF_PROFILE_0.1","20260520-1050-BULL-OBS-001258-Z001247-FR","2026-05-20T10:55:00.0000000",1259,"Short","FailureReverse_ObservationInvalidated_WideStop1_5R","OPF_KNN_SHADOW_1.97","A378B7478A0A4022A525CB66887BDC1D9C540E2A3A7D9C94FBCFA7735D8483D3","Fixed3R",0.6181440275105091,True,40,"Fixed3R",0.18752506393496685,True,40,"","RegimeScore=50;SetupQualityScore=66;InitialRiskPoints=14.25;EstimatedRR=0.5439;ATR14=21.6429;ZoneWidth=5.25;ZoneTouchCount=1;PullbackCountInRegime=0;CandleRange=16;BodyRatio=0.71875;CloseLocation=0.28125;ZoneAge=12;BullScore=50;BearScore=0;TrendStrength=50;Alignment=-50;ConfirmRange=0;ConfirmBodyRatio=0;ConfirmCloseLocation=0.5;ConfirmAlignment=0;ConfirmPrevBreak=0;ConfirmZoneReclaim=0;HourSin=0.27982901;HourCos=-0.96004985;DayOfWeek=2","Season=H1;Session=Europe;ZoneType=BullFVG;ZoneFreshness=SecondTouch;RegimeBucket=Weak50_69;SetupQualityBucket=Q50_69;RiskBucket=RiskLE15;EstimatedRRBucket=RR_LT_1_0;TimeBucket=Morning;SkipPattern=FailureReverseResearch+FailureSource+FailureSourceSignalID+FailureSourceZoneFreshness+RegimeUnknown+UnknownRegimeZoneTouch;HasZoneBirthResearch=False;HasObservationConfirmResearch=False;HasObservationStrictResearch=False;HasFailureReverseResearch=True;HasFailureRetestTrigger=False;HasBreakawayQualified=False;ConfirmAvailable=False;ConfirmReason=Unknown"
"OPF-20260725-100040","OPF_0.1","OPF_RESEARCH_2.14","MNQ_0.1","MNQ_1Contract_Target150_200","OPF_PROFILE_0.1","20260520-1055-BEAR-OBS-001259-Z001259","2026-05-20T10:55:00.0000000",1259,"Short","ZoneBirthResearch","OPF_KNN_SHADOW_1.97","A378B7478A0A4022A525CB66887BDC1D9C540E2A3A7D9C94FBCFA7735D8483D3","Fixed3R",0.6986587474110786,True,40,"Fixed3R",0.3101762653071843,True,40,"","RegimeScore=20;SetupQualityScore=45;InitialRiskPoints=13.25;EstimatedRR=0.5849;ATR14=21.6429;ZoneWidth=1.25;ZoneTouchCount=0;PullbackCountInRegime=0;CandleRange=16;BodyRatio=0.71875;CloseLocation=0.28125;ZoneAge=0;BullScore=50;BearScore=0;TrendStrength=50;Alignment=-50;ConfirmRange=0;ConfirmBodyRatio=0;ConfirmCloseLocation=0.5;ConfirmAlignment=0;ConfirmPrevBreak=0;ConfirmZoneReclaim=0;HourSin=0.27982901;HourCos=-0.96004985;DayOfWeek=2","Season=H1;Session=Europe;ZoneType=BearFVG;ZoneFreshness=Fresh;RegimeBucket=WeakLT50;SetupQualityBucket=QLT50;RiskBucket=RiskLE15;EstimatedRRBucket=RR_LT_1_0;TimeBucket=Morning;SkipPattern=20260520-1055-Short-1259+ObservationResearch+Regime+ReplayExecuted+ZoneBirthResearch+ZoneJustCreated;HasZoneBirthResearch=True;HasObservationConfirmResearch=False;HasObservationStrictResearch=False;HasFailureReverseResearch=False;HasFailureRetestTrigger=False;HasBreakawayQualified=False;ConfirmAvailable=False;ConfirmReason=Unknown"
"OPF-20260725-100040","OPF_0.1","OPF_RESEARCH_2.14","MNQ_0.1","MNQ_1Contract_Target150_200","OPF_PROFILE_0.1","20260520-1055-BEAR-OBS-001259-Z001259-OC","2026-05-20T11:00:00.0000000",1260,"Short","ObservationConfirm","OPF_KNN_SHADOW_1.97","A378B7478A0A4022A525CB66887BDC1D9C540E2A3A7D9C94FBCFA7735D8483D3","ProtectBE0_75R_Then2_5R",-0.14073412741056426,False,40,"ProtectBE0_75R_Then2_5R",0.013266502556244035,False,40,"","RegimeScore=20;SetupQualityScore=60;InitialRiskPoints=20.25;EstimatedRR=1.5002;ATR14=20.3393;ZoneWidth=1.25;ZoneTouchCount=0;PullbackCountInRegime=0;CandleRange=31.25;BodyRatio=0.216;CloseLocation=0.136;ZoneAge=1;BullScore=50;BearScore=0;TrendStrength=50;Alignment=-50;ConfirmRange=31.25;ConfirmBodyRatio=0.216;ConfirmCloseLocation=0.136;ConfirmAlignment=6.75;ConfirmPrevBreak=2.5;ConfirmZoneReclaim=18.5;HourSin=0.25881905;HourCos=-0.96592583;DayOfWeek=2","Season=H1;Session=Europe;ZoneType=BearFVG;ZoneFreshness=Fresh;RegimeBucket=WeakLT50;SetupQualityBucket=Q50_69;RiskBucket=RiskGT15;EstimatedRRBucket=RR_GE_1_5;TimeBucket=Morning;SkipPattern=ObservationConfirmResearch+ObservationResearch+ReclaimZoneLow+Regime+ZoneBirthResearch+ZoneJustCreated;HasZoneBirthResearch=True;HasObservationConfirmResearch=True;HasObservationStrictResearch=False;HasFailureReverseResearch=False;HasFailureRetestTrigger=False;HasBreakawayQualified=False;ConfirmAvailable=True;ConfirmReason=ReclaimZoneLow"
"OPF-20260725-100040","OPF_0.1","OPF_RESEARCH_2.14","MNQ_0.1","MNQ_1Contract_Target150_200","OPF_PROFILE_0.1","20260520-1055-BEAR-OBS-001259-Z001259-OC","2026-05-20T11:00:00.0000000",1260,"Short","ObservationConfirm_WideStop1_5R","OPF_KNN_SHADOW_1.97","A378B7478A0A4022A525CB66887BDC1D9C540E2A3A7D9C94FBCFA7735D8483D3","Fixed1_5R",0.2669875286868365,True,40,"Fixed1_5R",0.12751415521835766,True,40,"","RegimeScore=20;SetupQualityScore=60;InitialRiskPoints=30.38;EstimatedRR=0.0247;ATR14=20.3393;ZoneWidth=1.25;ZoneTouchCount=0;PullbackCountInRegime=0;CandleRange=31.25;BodyRatio=0.216;CloseLocation=0.136;ZoneAge=1;BullScore=50;BearScore=0;TrendStrength=50;Alignment=-50;ConfirmRange=31.25;ConfirmBodyRatio=0.216;ConfirmCloseLocation=0.136;ConfirmAlignment=6.75;ConfirmPrevBreak=2.5;ConfirmZoneReclaim=18.5;HourSin=0.25881905;HourCos=-0.96592583;DayOfWeek=2","Season=H1;Session=Europe;ZoneType=BearFVG;ZoneFreshness=Fresh;RegimeBucket=WeakLT50;SetupQualityBucket=Q50_69;RiskBucket=RiskGT15;EstimatedRRBucket=RR_LT_1_0;TimeBucket=Morning;SkipPattern=ObservationConfirmResearch+ObservationResearch+ReclaimZoneLow+Regime+ZoneBirthResearch+ZoneJustCreated;HasZoneBirthResearch=True;HasObservationConfirmResearch=True;HasObservationStrictResearch=False;HasFailureReverseResearch=False;HasFailureRetestTrigger=False;HasBreakawayQualified=False;ConfirmAvailable=True;ConfirmReason=ReclaimZoneLow"
"OPF-20260725-100040","OPF_0.1","OPF_RESEARCH_2.14","MNQ_0.1","MNQ_1Contract_Target150_200","OPF_PROFILE_0.1","20260520-1100-BEAR-OBS-001260-Z001259","2026-05-20T11:00:00.0000000",1260,"Short","UnknownRegimeZoneTouch","OPF_KNN_SHADOW_1.97","A378B7478A0A4022A525CB66887BDC1D9C540E2A3A7D9C94FBCFA7735D8483D3","Protect1RAfter1_5R_Then3R",0.6575709749873154,True,40,"Protect1RAfter1_5R_Then3R",0.18797839491379137,True,40,"","RegimeScore=20;SetupQualityScore=37;InitialRiskPoints=20.25;EstimatedRR=0.037;ATR14=20.3393;ZoneWidth=1.25;ZoneTouchCount=1;PullbackCountInRegime=0;CandleRange=31.25;BodyRatio=0.216;CloseLocation=0.136;ZoneAge=1;BullScore=50;BearScore=0;TrendStrength=50;Alignment=-50;ConfirmRange=0;ConfirmBodyRatio=0;ConfirmCloseLocation=0.5;ConfirmAlignment=0;ConfirmPrevBreak=0;ConfirmZoneReclaim=0;HourSin=0.25881905;HourCos=-0.96592583;DayOfWeek=2","Season=H1;Session=Europe;ZoneType=BearFVG;ZoneFreshness=SecondTouch;RegimeBucket=WeakLT50;SetupQualityBucket=QLT50;RiskBucket=RiskGT15;EstimatedRRBucket=RR_LT_1_0;TimeBucket=Morning;SkipPattern=ObservationResearch+Regime+RegimeUnknown;HasZoneBirthResearch=False;HasObservationConfirmResearch=False;HasObservationStrictResearch=False;HasFailureReverseResearch=False;HasFailureRetestTrigger=False;HasBreakawayQualified=False;ConfirmAvailable=False;ConfirmReason=Unknown"
"OPF-20260725-100040","OPF_0.1","OPF_RESEARCH_2.14","MNQ_0.1","MNQ_1Contract_Target150_200","OPF_PROFILE_0.1","20260520-1100-BEAR-OBS-001260-Z001259-OC","2026-05-20T11:05:00.0000000",1261,"Short","ObservationConfirm","OPF_KNN_SHADOW_1.97","A378B7478A0A4022A525CB66887BDC1D9C540E2A3A7D9C94FBCFA7735D8483D3","ProtectBE0_75R_Then2_5R",-0.1353343661298495,False,40,"ProtectBE0_75R_Then2_5R",0.009038407381776829,False,40,"","RegimeScore=20;SetupQualityScore=48;InitialRiskPoints=14.5;EstimatedRR=1.5;ATR14=20.1071;ZoneWidth=1.25;ZoneTouchCount=1;PullbackCountInRegime=0;CandleRange=18.5;BodyRatio=0.28378378;CloseLocation=0.28378378;ZoneAge=2;BullScore=50;BearScore=0;TrendStrength=50;Alignment=-50;ConfirmRange=18.5;ConfirmBodyRatio=0.28378378;ConfirmCloseLocation=0.28378378;ConfirmAlignment=-5.25;ConfirmPrevBreak=-10;ConfirmZoneReclaim=12.75;HourSin=0.23768589;HourCos=-0.97134207;DayOfWeek=2","Season=H1;Session=Europe;ZoneType=BearFVG;ZoneFreshness=SecondTouch;RegimeBucket=WeakLT50;SetupQualityBucket=QLT50;RiskBucket=RiskLE15;EstimatedRRBucket=RR_GE_1_5;TimeBucket=Morning;SkipPattern=ObservationConfirmResearch+ObservationResearch+ReclaimZoneLow+Regime+RegimeUnknown+UnknownRegimeZoneTouch;HasZoneBirthResearch=False;HasObservationConfirmResearch=True;HasObservationStrictResearch=False;HasFailureReverseResearch=False;HasFailureRetestTrigger=False;HasBreakawayQualified=False;ConfirmAvailable=True;ConfirmReason=ReclaimZoneLow"
"OPF-20260725-100040","OPF_0.1","OPF_RESEARCH_2.14","MNQ_0.1","MNQ_1Contract_Target150_200","OPF_PROFILE_0.1","20260520-1100-BEAR-OBS-001260-Z001259-OC","2026-05-20T11:05:00.0000000",1261,"Short","ObservationConfirm_WideStop1_5R","OPF_KNN_SHADOW_1.97","A378B7478A0A4022A525CB66887BDC1D9C540E2A3A7D9C94FBCFA7735D8483D3","Fixed1_5R",0.04362926083927381,False,40,"Fixed1_5R",0.06938777132924229,False,40,"","RegimeScore=20;SetupQualityScore=48;InitialRiskPoints=21.75;EstimatedRR=0.1494;ATR14=20.1071;ZoneWidth=1.25;ZoneTouchCount=1;PullbackCountInRegime=0;CandleRange=18.5;BodyRatio=0.28378378;CloseLocation=0.28378378;ZoneAge=2;BullScore=50;BearScore=0;TrendStrength=50;Alignment=-50;ConfirmRange=18.5;ConfirmBodyRatio=0.28378378;ConfirmCloseLocation=0.28378378;ConfirmAlignment=-5.25;ConfirmPrevBreak=-10;ConfirmZoneReclaim=12.75;HourSin=0.23768589;HourCos=-0.97134207;DayOfWeek=2","Season=H1;Session=Europe;ZoneType=BearFVG;ZoneFreshness=SecondTouch;RegimeBucket=WeakLT50;SetupQualityBucket=QLT50;RiskBucket=RiskGT15;EstimatedRRBucket=RR_LT_1_0;TimeBucket=Morning;SkipPattern=ObservationConfirmResearch+ObservationResearch+ReclaimZoneLow+Regime+RegimeUnknown+UnknownRegimeZoneTouch;HasZoneBirthResearch=False;HasObservationConfirmResearch=True;HasObservationStrictResearch=False;HasFailureReverseResearch=False;HasFailureRetestTrigger=False;HasBreakawayQualified=False;ConfirmAvailable=True;ConfirmReason=ReclaimZoneLow"
"OPF-20260725-100040","OPF_0.1","OPF_RESEARCH_2.14","MNQ_0.1","MNQ_1Contract_Target150_200","OPF_PROFILE_0.1","20260520-1050-BULL-OBS-001258-Z001247-FR-RT","2026-05-20T11:05:00.0000000",1261,"Short","FailureReverse_RetestFailed","OPF_KNN_SHADOW_1.97","A378B7478A0A4022A525CB66887BDC1D9C540E2A3A7D9C94FBCFA7735D8483D3","Protect1RAfter1_5R_Then2_5R",0.08889004160176762,True,40,"Fixed1_5R",0.07395953517646879,False,40,"","RegimeScore=50;SetupQualityScore=72;InitialRiskPoints=10.75;EstimatedRR=1.2;ATR14=20.1071;ZoneWidth=5.25;ZoneTouchCount=1;PullbackCountInRegime=0;CandleRange=18.5;BodyRatio=0.28378378;CloseLocation=0.28378378;ZoneAge=14;BullScore=50;BearScore=0;TrendStrength=50;Alignment=-50;ConfirmRange=0;ConfirmBodyRatio=0;ConfirmCloseLocation=0.5;ConfirmAlignment=0;ConfirmPrevBreak=0;ConfirmZoneReclaim=0;HourSin=0.23768589;HourCos=-0.97134207;DayOfWeek=2","Season=H1;Session=Europe;ZoneType=BullFVG;ZoneFreshness=SecondTouch;RegimeBucket=Weak50_69;SetupQualityBucket=Q70_79;RiskBucket=RiskLE11;EstimatedRRBucket=RR_GE_1_2;TimeBucket=Morning;SkipPattern=FailureRetestFailedTriggered+FailureReverseResearch+FailureSource+FailureSourceSignalID+FailureSourceZoneFreshness+ReclaimZoneLow+RegimeUnknown+UnknownRegimeZoneTouch;HasZoneBirthResearch=False;HasObservationConfirmResearch=False;HasObservationStrictResearch=False;HasFailureReverseResearch=True;HasFailureRetestTrigger=True;HasBreakawayQualified=False;ConfirmAvailable=False;ConfirmReason=Unknown"
"OPF-20260725-100040","OPF_0.1","OPF_RESEARCH_2.14","MNQ_0.1","MNQ_1Contract_Target150_200","OPF_PROFILE_0.1","20260520-1050-BULL-OBS-001258-Z001247-FR-RT","2026-05-20T11:05:00.0000000",1261,"Short","FailureReverse_RetestFailed_WideStop1_5R","OPF_KNN_SHADOW_1.97","A378B7478A0A4022A525CB66887BDC1D9C540E2A3A7D9C94FBCFA7735D8483D3","Protect1RAfter1_5R_Then2_5R",0.5488594159352561,True,23,"Protect1RAfter1_5R_Then2_5R",0.13833836227361868,True,23,"","RegimeScore=50;SetupQualityScore=72;InitialRiskPoints=16.12;EstimatedRR=0.2016;ATR14=20.1071;ZoneWidth=5.25;ZoneTouchCount=1;PullbackCountInRegime=0;CandleRange=18.5;BodyRatio=0.28378378;CloseLocation=0.28378378;ZoneAge=14;BullScore=50;BearScore=0;TrendStrength=50;Alignment=-50;ConfirmRange=0;ConfirmBodyRatio=0;ConfirmCloseLocation=0.5;ConfirmAlignment=0;ConfirmPrevBreak=0;ConfirmZoneReclaim=0;HourSin=0.23768589;HourCos=-0.97134207;DayOfWeek=2","Season=H1;Session=Europe;ZoneType=BullFVG;ZoneFreshness=SecondTouch;RegimeBucket=Weak50_69;SetupQualityBucket=Q70_79;RiskBucket=RiskGT15;EstimatedRRBucket=RR_LT_1_0;TimeBucket=Morning;SkipPattern=FailureRetestFailedTriggered+FailureReverseResearch+FailureSource+FailureSourceSignalID+FailureSourceZoneFreshness+ReclaimZoneLow+RegimeUnknown+UnknownRegimeZoneTouch;HasZoneBirthResearch=False;HasObservationConfirmResearch=False;HasObservationStrictResearch=False;HasFailureReverseResearch=True;HasFailureRetestTrigger=True;HasBreakawayQualified=False;ConfirmAvailable=False;ConfirmReason=Unknown"
"OPF-20260725-100040","OPF_0.1","OPF_RESEARCH_2.14","MNQ_0.1","MNQ_1Contract_Target150_200","OPF_PROFILE_0.1","20260520-1140-BEAR-OBS-001268-Z001268","2026-05-20T11:40:00.0000000",1268,"Short","ZoneBirthResearch","OPF_KNN_SHADOW_1.97","A378B7478A0A4022A525CB66887BDC1D9C540E2A3A7D9C94FBCFA7735D8483D3","ProtectBE1R_Then2_5R",0.6378063555457105,True,40,"ProtectBE1R_Then2_5R",0.2764118643935501,True,40,"","RegimeScore=40;SetupQualityScore=45;InitialRiskPoints=24.25;EstimatedRR=0;ATR14=20.9821;ZoneWidth=3.75;ZoneTouchCount=0;PullbackCountInRegime=0;CandleRange=31;BodyRatio=0.39516129;CloseLocation=0.35483871;ZoneAge=0;BullScore=50;BearScore=0;TrendStrength=50;Alignment=-50;ConfirmRange=0;ConfirmBodyRatio=0;ConfirmCloseLocation=0.5;ConfirmAlignment=0;ConfirmPrevBreak=0;ConfirmZoneReclaim=0;HourSin=0.08715574;HourCos=-0.9961947;DayOfWeek=2","Season=H1;Session=Europe;ZoneType=BearFVG;ZoneFreshness=Fresh;RegimeBucket=WeakLT50;SetupQualityBucket=QLT50;RiskBucket=RiskGT15;EstimatedRRBucket=RR_LT_1_0;TimeBucket=Midday;SkipPattern=ObservationResearch+Regime+ZoneJustCreated;HasZoneBirthResearch=False;HasObservationConfirmResearch=False;HasObservationStrictResearch=False;HasFailureReverseResearch=False;HasFailureRetestTrigger=False;HasBreakawayQualified=False;ConfirmAvailable=False;ConfirmReason=Unknown"
"OPF-20260725-100040","OPF_0.1","OPF_RESEARCH_2.14","MNQ_0.1","MNQ_1Contract_Target150_200","OPF_PROFILE_0.1","20260520-1140-BEAR-OBS-001268-Z001268-OC","2026-05-20T11:45:00.0000000",1269,"Short","ObservationConfirm","OPF_KNN_SHADOW_1.97","A378B7478A0A4022A525CB66887BDC1D9C540E2A3A7D9C94FBCFA7735D8483D3","ProtectBE1R_Then3R",0.12691410876052506,True,40,"ProtectBE1R_Then3R",0.09020387886703464,True,40,"","RegimeScore=40;SetupQualityScore=60;InitialRiskPoints=40.5;EstimatedRR=1.5;ATR14=21.9107;ZoneWidth=3.75;ZoneTouchCount=0;PullbackCountInRegime=0;CandleRange=41;BodyRatio=0.41463415;CloseLocation=0.31707317;ZoneAge=1;BullScore=50;BearScore=0;TrendStrength=50;Alignment=-50;ConfirmRange=41;ConfirmBodyRatio=0.41463415;ConfirmCloseLocation=0.31707317;ConfirmAlignment=17;ConfirmPrevBreak=5.25;ConfirmZoneReclaim=36.25;HourSin=0.06540313;HourCos=-0.99785892;DayOfWeek=2","Season=H1;Session=Europe;ZoneType=BearFVG;ZoneFreshness=Fresh;RegimeBucket=WeakLT50;SetupQualityBucket=Q50_69;RiskBucket=RiskGT15;EstimatedRRBucket=RR_GE_1_5;TimeBucket=Midday;SkipPattern=ObservationConfirmResearch+ObservationResearch+ReclaimZoneLow+Regime+ZoneBirthResearch+ZoneJustCreated;HasZoneBirthResearch=True;HasObservationConfirmResearch=True;HasObservationStrictResearch=False;HasFailureReverseResearch=False;HasFailureRetestTrigger=False;HasBreakawayQualified=False;ConfirmAvailable=True;ConfirmReason=ReclaimZoneLow"
"OPF-20260725-100040","OPF_0.1","OPF_RESEARCH_2.14","MNQ_0.1","MNQ_1Contract_Target150_200","OPF_PROFILE_0.1","20260520-1140-BEAR-OBS-001268-Z001268-OC","2026-05-20T11:45:00.0000000",1269,"Short","ObservationConfirm_WideStop1_5R","OPF_KNN_SHADOW_1.97","A378B7478A0A4022A525CB66887BDC1D9C540E2A3A7D9C94FBCFA7735D8483D3","Fixed1_5R",0.07157989529108319,False,40,"Fixed1_5R",0.0778516170126838,True,40,"","RegimeScore=40;SetupQualityScore=60;InitialRiskPoints=60.75;EstimatedRR=0;ATR14=21.9107;ZoneWidth=3.75;ZoneTouchCount=0;PullbackCountInRegime=0;CandleRange=41;BodyRatio=0.41463415;CloseLocation=0.31707317;ZoneAge=1;BullScore=50;BearScore=0;TrendStrength=50;Alignment=-50;ConfirmRange=41;ConfirmBodyRatio=0.41463415;ConfirmCloseLocation=0.31707317;ConfirmAlignment=17;ConfirmPrevBreak=5.25;ConfirmZoneReclaim=36.25;HourSin=0.06540313;HourCos=-0.99785892;DayOfWeek=2","Season=H1;Session=Europe;ZoneType=BearFVG;ZoneFreshness=Fresh;RegimeBucket=WeakLT50;SetupQualityBucket=Q50_69;RiskBucket=RiskGT15;EstimatedRRBucket=RR_LT_1_0;TimeBucket=Midday;SkipPattern=ObservationConfirmResearch+ObservationResearch+ReclaimZoneLow+Regime+ZoneBirthResearch+ZoneJustCreated;HasZoneBirthResearch=True;HasObservationConfirmResearch=True;HasObservationStrictResearch=False;HasFailureReverseResearch=False;HasFailureRetestTrigger=False;HasBreakawayQualified=False;ConfirmAvailable=True;ConfirmReason=ReclaimZoneLow"
"OPF-20260725-100040","OPF_0.1","OPF_RESEARCH_2.14","MNQ_0.1","MNQ_1Contract_Target150_200","OPF_PROFILE_0.1","20260520-1200-BEAR-OBS-001272-Z001268","2026-05-20T12:00:00.0000000",1272,"Short","UnknownRegimeZoneTouch","OPF_KNN_SHADOW_1.97","A378B7478A0A4022A525CB66887BDC1D9C540E2A3A7D9C94FBCFA7735D8483D3","Protect1RAfter1_5R_Then3R",0.6568748617892247,True,40,"Protect1RAfter1_5R_Then3R",0.18515103430593743,True,40,"","RegimeScore=30;SetupQualityScore=31;InitialRiskPoints=4.5;EstimatedRR=0.4444;ATR14=24.0357;ZoneWidth=3.75;ZoneTouchCount=1;PullbackCountInRegime=0;CandleRange=37.75;BodyRatio=0.71523179;CloseLocation=0.95364238;ZoneAge=4;BullScore=50;BearScore=0;TrendStrength=50;Alignment=-50;ConfirmRange=0;ConfirmBodyRatio=0;ConfirmCloseLocation=0.5;ConfirmAlignment=0;ConfirmPrevBreak=0;ConfirmZoneReclaim=0;HourSin=0;HourCos=-1;DayOfWeek=2","Season=H1;Session=Europe;ZoneType=BearFVG;ZoneFreshness=SecondTouch;RegimeBucket=WeakLT50;SetupQualityBucket=QLT50;RiskBucket=RiskLE8_5;EstimatedRRBucket=RR_LT_1_0;TimeBucket=Midday;SkipPattern=ObservationResearch+Regime+RegimeUnknown;HasZoneBirthResearch=False;HasObservationConfirmResearch=False;HasObservationStrictResearch=False;HasFailureReverseResearch=False;HasFailureRetestTrigger=False;HasBreakawayQualified=False;ConfirmAvailable=False;ConfirmReason=Unknown"
"OPF-20260725-100040","OPF_0.1","OPF_RESEARCH_2.14","MNQ_0.1","MNQ_1Contract_Target150_200","OPF_PROFILE_0.1","20260520-1200-BEAR-OBS-001272-Z001268-OC","2026-05-20T12:05:00.0000000",1273,"Short","ObservationConfirm","OPF_KNN_SHADOW_1.97","A378B7478A0A4022A525CB66887BDC1D9C540E2A3A7D9C94FBCFA7735D8483D3","Protect1RAfter1_5R_Then2_5R",-0.006498395394326734,False,40,"Fixed2R",0.052774070967122104,False,40,"","RegimeScore=30;SetupQualityScore=52;InitialRiskPoints=4.5;EstimatedRR=1.5;ATR14=24.2321;ZoneWidth=3.75;ZoneTouchCount=1;PullbackCountInRegime=0;CandleRange=18.75;BodyRatio=0.01333333;CloseLocation=0.28;ZoneAge=5;BullScore=50;BearScore=0;TrendStrength=50;Alignment=-50;ConfirmRange=18.75;ConfirmBodyRatio=0.01333333;ConfirmCloseLocation=0.28;ConfirmAlignment=-0.25;ConfirmPrevBreak=-36;ConfirmZoneReclaim=0.25;HourSin=-0.02181489;HourCos=-0.99976203;DayOfWeek=2","Season=H1;Session=Europe;ZoneType=BearFVG;ZoneFreshness=SecondTouch;RegimeBucket=WeakLT50;SetupQualityBucket=Q50_69;RiskBucket=RiskLE8_5;EstimatedRRBucket=RR_GE_1_5;TimeBucket=Midday;SkipPattern=ObservationConfirmResearch+ObservationResearch+ReclaimZoneLow+Regime+RegimeUnknown+UnknownRegimeZoneTouch;HasZoneBirthResearch=False;HasObservationConfirmResearch=True;HasObservationStrictResearch=False;HasFailureReverseResearch=False;HasFailureRetestTrigger=False;HasBreakawayQualified=False;ConfirmAvailable=True;ConfirmReason=ReclaimZoneLow"
"OPF-20260725-100040","OPF_0.1","OPF_RESEARCH_2.14","MNQ_0.1","MNQ_1Contract_Target150_200","OPF_PROFILE_0.1","20260520-1200-BEAR-OBS-001272-Z001268-OC","2026-05-20T12:05:00.0000000",1273,"Short","ObservationConfirm_WideStop1_5R","OPF_KNN_SHADOW_1.97","A378B7478A0A4022A525CB66887BDC1D9C540E2A3A7D9C94FBCFA7735D8483D3","Fixed2R",-0.15686960853528922,False,40,"Fixed2R",0.015930861467628392,False,40,"","RegimeScore=30;SetupQualityScore=52;InitialRiskPoints=6.75;EstimatedRR=0.2963;ATR14=24.2321;ZoneWidth=3.75;ZoneTouchCount=1;PullbackCountInRegime=0;CandleRange=18.75;BodyRatio=0.01333333;CloseLocation=0.28;ZoneAge=5;BullScore=50;BearScore=0;TrendStrength=50;Alignment=-50;ConfirmRange=18.75;ConfirmBodyRatio=0.01333333;ConfirmCloseLocation=0.28;ConfirmAlignment=-0.25;ConfirmPrevBreak=-36;ConfirmZoneReclaim=0.25;HourSin=-0.02181489;HourCos=-0.99976203;DayOfWeek=2","Season=H1;Session=Europe;ZoneType=BearFVG;ZoneFreshness=SecondTouch;RegimeBucket=WeakLT50;SetupQualityBucket=Q50_69;RiskBucket=RiskLE8_5;EstimatedRRBucket=RR_LT_1_0;TimeBucket=Midday;SkipPattern=ObservationConfirmResearch+ObservationResearch+ReclaimZoneLow+Regime+RegimeUnknown+UnknownRegimeZoneTouch;HasZoneBirthResearch=False;HasObservationConfirmResearch=True;HasObservationStrictResearch=False;HasFailureReverseResearch=False;HasFailureRetestTrigger=False;HasBreakawayQualified=False;ConfirmAvailable=True;ConfirmReason=ReclaimZoneLow"
"OPF-20260725-100040","OPF_0.1","OPF_RESEARCH_2.14","MNQ_0.1","MNQ_1Contract_Target150_200","OPF_PROFILE_0.1","20260520-1205-BULL-OBS-001273-Z001273","2026-05-20T12:05:00.0000000",1273,"Long","ZoneBirthResearch","OPF_KNN_SHADOW_1.97","A378B7478A0A4022A525CB66887BDC1D9C540E2A3A7D9C94FBCFA7735D8483D3","",0,False,0,"",0,False,0,"PathMissing","RegimeScore=20;SetupQualityScore=41;InitialRiskPoints=12.5;EstimatedRR=0.02;ATR14=24.2321;ZoneWidth=6.75;ZoneTouchCount=0;PullbackCountInRegime=0;CandleRange=18.75;BodyRatio=0.01333333;CloseLocation=0.28;ZoneAge=0;BullScore=50;BearScore=0;TrendStrength=50;Alignment=50;ConfirmRange=0;ConfirmBodyRatio=0;ConfirmCloseLocation=0.5;ConfirmAlignment=0;ConfirmPrevBreak=0;ConfirmZoneReclaim=0;HourSin=-0.02181489;HourCos=-0.99976203;DayOfWeek=2","Season=H1;Session=Europe;ZoneType=BullFVG;ZoneFreshness=Fresh;RegimeBucket=WeakLT50;SetupQualityBucket=QLT50;RiskBucket=RiskLE15;EstimatedRRBucket=RR_LT_1_0;TimeBucket=Midday;SkipPattern=ObservationResearch+Regime+ZoneJustCreated;HasZoneBirthResearch=False;HasObservationConfirmResearch=False;HasObservationStrictResearch=False;HasFailureReverseResearch=False;HasFailureRetestTrigger=False;HasBreakawayQualified=False;ConfirmAvailable=False;ConfirmReason=Unknown"
"OPF-20260725-100040","OPF_0.1","OPF_RESEARCH_2.14","MNQ_0.1","MNQ_1Contract_Target150_200","OPF_PROFILE_0.1","20260520-1205-BULL-OBS-001273-Z001273-OC","2026-05-20T12:10:00.0000000",1274,"Long","ObservationConfirm","OPF_KNN_SHADOW_1.97","A378B7478A0A4022A525CB66887BDC1D9C540E2A3A7D9C94FBCFA7735D8483D3","",0,False,0,"",0,False,0,"PathMissing","RegimeScore=20;SetupQualityScore=60;InitialRiskPoints=25.5;EstimatedRR=4;ATR14=23.6429;ZoneWidth=6.75;ZoneTouchCount=0;PullbackCountInRegime=0;CandleRange=23;BodyRatio=0.56521739;CloseLocation=0.91304348;ZoneAge=1;BullScore=50;BearScore=0;TrendStrength=50;Alignment=50;ConfirmRange=23;ConfirmBodyRatio=0.56521739;ConfirmCloseLocation=0.91304348;ConfirmAlignment=13;ConfirmPrevBreak=-0.5;ConfirmZoneReclaim=18.25;HourSin=-0.04361939;HourCos=-0.99904822;DayOfWeek=2","Season=H1;Session=Europe;ZoneType=BullFVG;ZoneFreshness=Fresh;RegimeBucket=WeakLT50;SetupQualityBucket=Q50_69;RiskBucket=RiskGT15;EstimatedRRBucket=RR_GE_1_5;TimeBucket=Midday;SkipPattern=ObservationConfirmResearch+ObservationResearch+ReclaimZoneHigh+Regime+ZoneBirthResearch+ZoneJustCreated;HasZoneBirthResearch=True;HasObservationConfirmResearch=True;HasObservationStrictResearch=False;HasFailureReverseResearch=False;HasFailureRetestTrigger=False;HasBreakawayQualified=False;ConfirmAvailable=True;ConfirmReason=ReclaimZoneHigh"
"OPF-20260725-100040","OPF_0.1","OPF_RESEARCH_2.14","MNQ_0.1","MNQ_1Contract_Target150_200","OPF_PROFILE_0.1","20260520-1205-BULL-OBS-001273-Z001273-OC","2026-05-20T12:10:00.0000000",1274,"Long","ObservationConfirm_WideStop1_5R","OPF_KNN_SHADOW_1.97","A378B7478A0A4022A525CB66887BDC1D9C540E2A3A7D9C94FBCFA7735D8483D3","ProtectBE0_75R_Then2_5R",0.08037601304196787,True,40,"Fixed3R",0.07392304571862705,False,40,"","RegimeScore=20;SetupQualityScore=60;InitialRiskPoints=38.25;EstimatedRR=3;ATR14=23.6429;ZoneWidth=6.75;ZoneTouchCount=0;PullbackCountInRegime=0;CandleRange=23;BodyRatio=0.56521739;CloseLocation=0.91304348;ZoneAge=1;BullScore=50;BearScore=0;TrendStrength=50;Alignment=50;ConfirmRange=23;ConfirmBodyRatio=0.56521739;ConfirmCloseLocation=0.91304348;ConfirmAlignment=13;ConfirmPrevBreak=-0.5;ConfirmZoneReclaim=18.25;HourSin=-0.04361939;HourCos=-0.99904822;DayOfWeek=2","Season=H1;Session=Europe;ZoneType=BullFVG;ZoneFreshness=Fresh;RegimeBucket=WeakLT50;SetupQualityBucket=Q50_69;RiskBucket=RiskGT15;EstimatedRRBucket=RR_GE_1_5;TimeBucket=Midday;SkipPattern=ObservationConfirmResearch+ObservationResearch+ReclaimZoneHigh+Regime+ZoneBirthResearch+ZoneJustCreated;HasZoneBirthResearch=True;HasObservationConfirmResearch=True;HasObservationStrictResearch=False;HasFailureReverseResearch=False;HasFailureRetestTrigger=False;HasBreakawayQualified=False;ConfirmAvailable=True;ConfirmReason=ReclaimZoneHigh"
"OPF-20260725-100040","OPF_0.1","OPF_RESEARCH_2.14","MNQ_0.1","MNQ_1Contract_Target150_200","OPF_PROFILE_0.1","20260520-1210-BULL-OBS-001274-Z001273","2026-05-20T12:10:00.0000000",1274,"Long","UnknownRegimeZoneTouch","OPF_KNN_SHADOW_1.97","A378B7478A0A4022A525CB66887BDC1D9C540E2A3A7D9C94FBCFA7735D8483D3","",0,False,0,"",0,False,0,"PathMissing","RegimeScore=20;SetupQualityScore=41;InitialRiskPoints=25.5;EstimatedRR=0.0196;ATR14=23.6429;ZoneWidth=6.75;ZoneTouchCount=1;PullbackCountInRegime=0;CandleRange=23;BodyRatio=0.56521739;CloseLocation=0.91304348;ZoneAge=1;BullScore=50;BearScore=0;TrendStrength=50;Alignment=50;ConfirmRange=0;ConfirmBodyRatio=0;ConfirmCloseLocation=0.5;ConfirmAlignment=0;ConfirmPrevBreak=0;ConfirmZoneReclaim=0;HourSin=-0.04361939;HourCos=-0.99904822;DayOfWeek=2","Season=H1;Session=Europe;ZoneType=BullFVG;ZoneFreshness=SecondTouch;RegimeBucket=WeakLT50;SetupQualityBucket=QLT50;RiskBucket=RiskGT15;EstimatedRRBucket=RR_LT_1_0;TimeBucket=Midday;SkipPattern=ObservationResearch+Regime+RegimeUnknown;HasZoneBirthResearch=False;HasObservationConfirmResearch=False;HasObservationStrictResearch=False;HasFailureReverseResearch=False;HasFailureRetestTrigger=False;HasBreakawayQualified=False;ConfirmAvailable=False;ConfirmReason=Unknown"
"OPF-20260725-100040","OPF_0.1","OPF_RESEARCH_2.14","MNQ_0.1","MNQ_1Contract_Target150_200","OPF_PROFILE_0.1","20260520-1210-BULL-OBS-001274-Z001273-OC","2026-05-20T12:15:00.0000000",1275,"Long","ObservationConfirm","OPF_KNN_SHADOW_1.97","A378B7478A0A4022A525CB66887BDC1D9C540E2A3A7D9C94FBCFA7735D8483D3","",0,False,0,"",0,False,0,"PathMissing","RegimeScore=20;SetupQualityScore=52;InitialRiskPoints=26.5;EstimatedRR=4;ATR14=23.3214;ZoneWidth=6.75;ZoneTouchCount=1;PullbackCountInRegime=0;CandleRange=14.5;BodyRatio=0.13793103;CloseLocation=0.51724138;ZoneAge=2;BullScore=50;BearScore=0;TrendStrength=50;Alignment=50;ConfirmRange=14.5;ConfirmBodyRatio=0.13793103;ConfirmCloseLocation=0.51724138;ConfirmAlignment=2;ConfirmPrevBreak=-1;ConfirmZoneReclaim=19.25;HourSin=-0.06540313;HourCos=-0.99785892;DayOfWeek=2","Season=H1;Session=Europe;ZoneType=BullFVG;ZoneFreshness=SecondTouch;RegimeBucket=WeakLT50;SetupQualityBucket=Q50_69;RiskBucket=RiskGT15;EstimatedRRBucket=RR_GE_1_5;TimeBucket=Midday;SkipPattern=ObservationConfirmResearch+ObservationResearch+ReclaimZoneHigh+Regime+RegimeUnknown+UnknownRegimeZoneTouch;HasZoneBirthResearch=False;HasObservationConfirmResearch=True;HasObservationStrictResearch=False;HasFailureReverseResearch=False;HasFailureRetestTrigger=False;HasBreakawayQualified=False;ConfirmAvailable=True;ConfirmReason=ReclaimZoneHigh"
"OPF-20260725-100040","OPF_0.1","OPF_RESEARCH_2.14","MNQ_0.1","MNQ_1Contract_Target150_200","OPF_PROFILE_0.1","20260520-1210-BULL-OBS-001274-Z001273-OC","2026-05-20T12:15:00.0000000",1275,"Long","ObservationConfirm_WideStop1_5R","OPF_KNN_SHADOW_1.97","A378B7478A0A4022A525CB66887BDC1D9C540E2A3A7D9C94FBCFA7735D8483D3","ProtectBE1R_Then2_5R",0.24975346134582593,True,40,"ProtectBE1R_Then2_5R",0.12334287302553182,True,40,"","RegimeScore=20;SetupQualityScore=52;InitialRiskPoints=39.75;EstimatedRR=3;ATR14=23.3214;ZoneWidth=6.75;ZoneTouchCount=1;PullbackCountInRegime=0;CandleRange=14.5;BodyRatio=0.13793103;CloseLocation=0.51724138;ZoneAge=2;BullScore=50;BearScore=0;TrendStrength=50;Alignment=50;ConfirmRange=14.5;ConfirmBodyRatio=0.13793103;ConfirmCloseLocation=0.51724138;ConfirmAlignment=2;ConfirmPrevBreak=-1;ConfirmZoneReclaim=19.25;HourSin=-0.06540313;HourCos=-0.99785892;DayOfWeek=2","Season=H1;Session=Europe;ZoneType=BullFVG;ZoneFreshness=SecondTouch;RegimeBucket=WeakLT50;SetupQualityBucket=Q50_69;RiskBucket=RiskGT15;EstimatedRRBucket=RR_GE_1_5;TimeBucket=Midday;SkipPattern=ObservationConfirmResearch+ObservationResearch+ReclaimZoneHigh+Regime+RegimeUnknown+UnknownRegimeZoneTouch;HasZoneBirthResearch=False;HasObservationConfirmResearch=True;HasObservationStrictResearch=False;HasFailureReverseResearch=False;HasFailureRetestTrigger=False;HasBreakawayQualified=False;ConfirmAvailable=True;ConfirmReason=ReclaimZoneHigh"
"OPF-20260725-100040","OPF_0.1","OPF_RESEARCH_2.14","MNQ_0.1","MNQ_1Contract_Target150_200","OPF_PROFILE_0.1","20260520-1210-BULL-OBS-001274-Z001273-OC-STR","2026-05-20T12:15:00.0000000",1275,"Long","ObservationStrict_Other","OPF_KNN_SHADOW_1.97","A378B7478A0A4022A525CB66887BDC1D9C540E2A3A7D9C94FBCFA7735D8483D3","Fixed3R",0.7176170405510048,True,40,"Fixed3R",0.22868268385781912,True,40,"","RegimeScore=20;SetupQualityScore=52;InitialRiskPoints=26.5;EstimatedRR=0.0377;ATR14=23.3214;ZoneWidth=6.75;ZoneTouchCount=1;PullbackCountInRegime=0;CandleRange=14.5;BodyRatio=0.13793103;CloseLocation=0.51724138;ZoneAge=2;BullScore=50;BearScore=0;TrendStrength=50;Alignment=50;ConfirmRange=14.5;ConfirmBodyRatio=0.13793103;ConfirmCloseLocation=0.51724138;ConfirmAlignment=2;ConfirmPrevBreak=-1;ConfirmZoneReclaim=19.25;HourSin=-0.06540313;HourCos=-0.99785892;DayOfWeek=2","Season=H1;Session=Europe;ZoneType=BullFVG;ZoneFreshness=SecondTouch;RegimeBucket=WeakLT50;SetupQualityBucket=Q50_69;RiskBucket=RiskGT15;EstimatedRRBucket=RR_LT_1_0;TimeBucket=Midday;SkipPattern=ObservationConfirmResearch+ObservationConfirmStrictResearch+ObservationResearch+ObservationStrict_Other+ReclaimZoneHigh+Regime+RegimeUnknown+UnknownRegimeZoneTouch;HasZoneBirthResearch=False;HasObservationConfirmResearch=True;HasObservationStrictResearch=True;HasFailureReverseResearch=False;HasFailureRetestTrigger=False;HasBreakawayQualified=False;ConfirmAvailable=True;ConfirmReason=ReclaimZoneHigh"
"OPF-20260725-100040","OPF_0.1","OPF_RESEARCH_2.14","MNQ_0.1","MNQ_1Contract_Target150_200","OPF_PROFILE_0.1","20260520-1210-BULL-OBS-001274-Z001273-OC-STR","2026-05-20T12:15:00.0000000",1275,"Long","ObservationStrict_Other_WideStop1_5R","OPF_KNN_SHADOW_1.97","A378B7478A0A4022A525CB66887BDC1D9C540E2A3A7D9C94FBCFA7735D8483D3","Fixed3R",1.3432557008159476,True,26,"Fixed3R",0.2518065733610205,True,26,"","RegimeScore=20;SetupQualityScore=52;InitialRiskPoints=39.75;EstimatedRR=0.0252;ATR14=23.3214;ZoneWidth=6.75;ZoneTouchCount=1;PullbackCountInRegime=0;CandleRange=14.5;BodyRatio=0.13793103;CloseLocation=0.51724138;ZoneAge=2;BullScore=50;BearScore=0;TrendStrength=50;Alignment=50;ConfirmRange=14.5;ConfirmBodyRatio=0.13793103;ConfirmCloseLocation=0.51724138;ConfirmAlignment=2;ConfirmPrevBreak=-1;ConfirmZoneReclaim=19.25;HourSin=-0.06540313;HourCos=-0.99785892;DayOfWeek=2","Season=H1;Session=Europe;ZoneType=BullFVG;ZoneFreshness=SecondTouch;RegimeBucket=WeakLT50;SetupQualityBucket=Q50_69;RiskBucket=RiskGT15;EstimatedRRBucket=RR_LT_1_0;TimeBucket=Midday;SkipPattern=ObservationConfirmResearch+ObservationConfirmStrictResearch+ObservationResearch+ObservationStrict_Other+ReclaimZoneHigh+Regime+RegimeUnknown+UnknownRegimeZoneTouch;HasZoneBirthResearch=False;HasObservationConfirmResearch=True;HasObservationStrictResearch=True;HasFailureReverseResearch=False;HasFailureRetestTrigger=False;HasBreakawayQualified=False;ConfirmAvailable=True;ConfirmReason=ReclaimZoneHigh"
"OPF-20260725-100040","OPF_0.1","OPF_RESEARCH_2.14","MNQ_0.1","MNQ_1Contract_Target150_200","OPF_PROFILE_0.1","20260520-1225-BULL-OBS-001277-Z001277","2026-05-20T12:25:00.0000000",1277,"Long","ZoneBirthResearch","OPF_KNN_SHADOW_1.97","A378B7478A0A4022A525CB66887BDC1D9C540E2A3A7D9C94FBCFA7735D8483D3","",0,False,0,"",0,False,0,"PathMissing","RegimeScore=40;SetupQualityScore=41;InitialRiskPoints=18.75;EstimatedRR=0;ATR14=24.4464;ZoneWidth=1.75;ZoneTouchCount=0;PullbackCountInRegime=0;CandleRange=33.75;BodyRatio=0.42222222;CloseLocation=0.48888889;ZoneAge=0;BullScore=50;BearScore=0;TrendStrength=50;Alignment=50;ConfirmRange=0;ConfirmBodyRatio=0;ConfirmCloseLocation=0.5;ConfirmAlignment=0;ConfirmPrevBreak=0;ConfirmZoneReclaim=0;HourSin=-0.10886687;HourCos=-0.99405634;DayOfWeek=2","Season=H1;Session=Europe;ZoneType=BullFVG;ZoneFreshness=Fresh;RegimeBucket=WeakLT50;SetupQualityBucket=QLT50;RiskBucket=RiskGT15;EstimatedRRBucket=RR_LT_1_0;TimeBucket=Midday;SkipPattern=ObservationResearch+Regime+ZoneJustCreated;HasZoneBirthResearch=False;HasObservationConfirmResearch=False;HasObservationStrictResearch=False;HasFailureReverseResearch=False;HasFailureRetestTrigger=False;HasBreakawayQualified=False;ConfirmAvailable=False;ConfirmReason=Unknown"
"OPF-20260725-100040","OPF_0.1","OPF_RESEARCH_2.14","MNQ_0.1","MNQ_1Contract_Target150_200","OPF_PROFILE_0.1","20260520-1225-BULL-OBS-001277-Z001277-OC","2026-05-20T12:30:00.0000000",1278,"Long","ObservationConfirm","OPF_KNN_SHADOW_1.97","A378B7478A0A4022A525CB66887BDC1D9C540E2A3A7D9C94FBCFA7735D8483D3","",0,False,0,"",0,False,0,"PathMissing","RegimeScore=40;SetupQualityScore=60;InitialRiskPoints=37;EstimatedRR=4;ATR14=25.6786;ZoneWidth=1.75;ZoneTouchCount=0;PullbackCountInRegime=0;CandleRange=36.25;BodyRatio=0.48965517;CloseLocation=0.87586207;ZoneAge=1;BullScore=50;BearScore=0;TrendStrength=50;Alignment=50;ConfirmRange=36.25;ConfirmBodyRatio=0.48965517;ConfirmCloseLocation=0.87586207;ConfirmAlignment=17.75;ConfirmPrevBreak=1;ConfirmZoneReclaim=34.75;HourSin=-0.13052619;HourCos=-0.99144486;DayOfWeek=2","Season=H1;Session=Europe;ZoneType=BullFVG;ZoneFreshness=Fresh;RegimeBucket=WeakLT50;SetupQualityBucket=Q50_69;RiskBucket=RiskGT15;EstimatedRRBucket=RR_GE_1_5;TimeBucket=Midday;SkipPattern=ObservationConfirmResearch+ObservationResearch+ReclaimZoneHigh+Regime+ZoneBirthResearch+ZoneJustCreated;HasZoneBirthResearch=True;HasObservationConfirmResearch=True;HasObservationStrictResearch=False;HasFailureReverseResearch=False;HasFailureRetestTrigger=False;HasBreakawayQualified=False;ConfirmAvailable=True;ConfirmReason=ReclaimZoneHigh"
"OPF-20260725-100040","OPF_0.1","OPF_RESEARCH_2.14","MNQ_0.1","MNQ_1Contract_Target150_200","OPF_PROFILE_0.1","20260520-1225-BULL-OBS-001277-Z001277-OC","2026-05-20T12:30:00.0000000",1278,"Long","ObservationConfirm_WideStop1_5R","OPF_KNN_SHADOW_1.97","A378B7478A0A4022A525CB66887BDC1D9C540E2A3A7D9C94FBCFA7735D8483D3","ProtectBE0_75R_Then2_5R",0.22728786675663512,True,40,"ProtectBE0_75R_Then2_5R",0.10666579363548896,True,40,"","RegimeScore=40;SetupQualityScore=60;InitialRiskPoints=55.5;EstimatedRR=3;ATR14=25.6786;ZoneWidth=1.75;ZoneTouchCount=0;PullbackCountInRegime=0;CandleRange=36.25;BodyRatio=0.48965517;CloseLocation=0.87586207;ZoneAge=1;BullScore=50;BearScore=0;TrendStrength=50;Alignment=50;ConfirmRange=36.25;ConfirmBodyRatio=0.48965517;ConfirmCloseLocation=0.87586207;ConfirmAlignment=17.75;ConfirmPrevBreak=1;ConfirmZoneReclaim=34.75;HourSin=-0.13052619;HourCos=-0.99144486;DayOfWeek=2","Season=H1;Session=Europe;ZoneType=BullFVG;ZoneFreshness=Fresh;RegimeBucket=WeakLT50;SetupQualityBucket=Q50_69;RiskBucket=RiskGT15;EstimatedRRBucket=RR_GE_1_5;TimeBucket=Midday;SkipPattern=ObservationConfirmResearch+ObservationResearch+ReclaimZoneHigh+Regime+ZoneBirthResearch+ZoneJustCreated;HasZoneBirthResearch=True;HasObservationConfirmResearch=True;HasObservationStrictResearch=False;HasFailureReverseResearch=False;HasFailureRetestTrigger=False;HasBreakawayQualified=False;ConfirmAvailable=True;ConfirmReason=ReclaimZoneHigh"
"OPF-20260725-100040","OPF_0.1","OPF_RESEARCH_2.14","MNQ_0.1","MNQ_1Contract_Target150_200","OPF_PROFILE_0.1","20260520-1300-BEAR-OBS-001284-Z001284","2026-05-20T13:00:00.0000000",1284,"Short","ZoneBirthResearch","OPF_KNN_SHADOW_1.97","A378B7478A0A4022A525CB66887BDC1D9C540E2A3A7D9C94FBCFA7735D8483D3","Protect1RAfter1_5R_Then2_5R",0.641332916927267,True,40,"Fixed1_5R",0.2806011118370356,True,40,"","RegimeScore=20;SetupQualityScore=38;InitialRiskPoints=18.5;EstimatedRR=0.0135;ATR14=26.0536;ZoneWidth=7.5;ZoneTouchCount=0;PullbackCountInRegime=0;CandleRange=20;BodyRatio=0.175;CloseLocation=0.475;ZoneAge=0;BullScore=50;BearScore=0;TrendStrength=50;Alignment=-50;ConfirmRange=0;ConfirmBodyRatio=0;ConfirmCloseLocation=0.5;ConfirmAlignment=0;ConfirmPrevBreak=0;ConfirmZoneReclaim=0;HourSin=-0.25881905;HourCos=-0.96592583;DayOfWeek=2","Season=H1;Session=US;ZoneType=BearFVG;ZoneFreshness=Fresh;RegimeBucket=WeakLT50;SetupQualityBucket=QLT50;RiskBucket=RiskGT15;EstimatedRRBucket=RR_LT_1_0;TimeBucket=Midday;SkipPattern=ObservationResearch+Regime+ZoneJustCreated;HasZoneBirthResearch=False;HasObservationConfirmResearch=False;HasObservationStrictResearch=False;HasFailureReverseResearch=False;HasFailureRetestTrigger=False;HasBreakawayQualified=False;ConfirmAvailable=False;ConfirmReason=Unknown"
"OPF-20260725-100040","OPF_0.1","OPF_RESEARCH_2.14","MNQ_0.1","MNQ_1Contract_Target150_200","OPF_PROFILE_0.1","20260520-1300-BEAR-OBS-001284-Z001284-OC","2026-05-20T13:05:00.0000000",1285,"Short","ObservationConfirm","OPF_KNN_SHADOW_1.97","A378B7478A0A4022A525CB66887BDC1D9C540E2A3A7D9C94FBCFA7735D8483D3","Fixed2R",-0.2552370910380352,False,40,"Fixed2R",-0.037809339490479626,False,40,"","RegimeScore=20;SetupQualityScore=53;InitialRiskPoints=15.5;EstimatedRR=1.5;ATR14=25.9464;ZoneWidth=7.5;ZoneTouchCount=0;PullbackCountInRegime=0;CandleRange=14.75;BodyRatio=0.18644068;CloseLocation=0.44067797;ZoneAge=1;BullScore=50;BearScore=0;TrendStrength=50;Alignment=-50;ConfirmRange=14.75;ConfirmBodyRatio=0.18644068;ConfirmCloseLocation=0.44067797;ConfirmAlignment=-2.75;ConfirmPrevBreak=-12.5;ConfirmZoneReclaim=7.5;HourSin=-0.27982901;HourCos=-0.96004985;DayOfWeek=2","Season=H1;Session=US;ZoneType=BearFVG;ZoneFreshness=Fresh;RegimeBucket=WeakLT50;SetupQualityBucket=Q50_69;RiskBucket=RiskGT15;EstimatedRRBucket=RR_GE_1_5;TimeBucket=Midday;SkipPattern=ObservationConfirmResearch+ObservationResearch+ReclaimZoneLow+Regime+ZoneBirthResearch+ZoneJustCreated;HasZoneBirthResearch=True;HasObservationConfirmResearch=True;HasObservationStrictResearch=False;HasFailureReverseResearch=False;HasFailureRetestTrigger=False;HasBreakawayQualified=False;ConfirmAvailable=True;ConfirmReason=ReclaimZoneLow"
"OPF-20260725-100040","OPF_0.1","OPF_RESEARCH_2.14","MNQ_0.1","MNQ_1Contract_Target150_200","OPF_PROFILE_0.1","20260520-1300-BEAR-OBS-001284-Z001284-OC","2026-05-20T13:05:00.0000000",1285,"Short","ObservationConfirm_WideStop1_5R","OPF_KNN_SHADOW_1.97","A378B7478A0A4022A525CB66887BDC1D9C540E2A3A7D9C94FBCFA7735D8483D3","Protect1RAfter1_5R_Then2_5R",0.10815416809254422,True,40,"Protect1RAfter1_5R_Then2_5R",0.08821145902879268,True,40,"","RegimeScore=20;SetupQualityScore=53;InitialRiskPoints=23.25;EstimatedRR=0.0108;ATR14=25.9464;ZoneWidth=7.5;ZoneTouchCount=0;PullbackCountInRegime=0;CandleRange=14.75;BodyRatio=0.18644068;CloseLocation=0.44067797;ZoneAge=1;BullScore=50;BearScore=0;TrendStrength=50;Alignment=-50;ConfirmRange=14.75;ConfirmBodyRatio=0.18644068;ConfirmCloseLocation=0.44067797;ConfirmAlignment=-2.75;ConfirmPrevBreak=-12.5;ConfirmZoneReclaim=7.5;HourSin=-0.27982901;HourCos=-0.96004985;DayOfWeek=2","Season=H1;Session=US;ZoneType=BearFVG;ZoneFreshness=Fresh;RegimeBucket=WeakLT50;SetupQualityBucket=Q50_69;RiskBucket=RiskGT15;EstimatedRRBucket=RR_LT_1_0;TimeBucket=Midday;SkipPattern=ObservationConfirmResearch+ObservationResearch+ReclaimZoneLow+Regime+ZoneBirthResearch+ZoneJustCreated;HasZoneBirthResearch=True;HasObservationConfirmResearch=True;HasObservationStrictResearch=False;HasFailureReverseResearch=False;HasFailureRetestTrigger=False;HasBreakawayQualified=False;ConfirmAvailable=True;ConfirmReason=ReclaimZoneLow"
"OPF-20260725-100040","OPF_0.1","OPF_RESEARCH_2.14","MNQ_0.1","MNQ_1Contract_Target150_200","OPF_PROFILE_0.1","20260520-1305-BEAR-OBS-001285-Z001284","2026-05-20T13:05:00.0000000",1285,"Short","UnknownRegimeZoneTouch","OPF_KNN_SHADOW_1.97","A378B7478A0A4022A525CB66887BDC1D9C540E2A3A7D9C94FBCFA7735D8483D3","Protect1RAfter1_5R_Then3R",0.6491547163106088,True,40,"Protect1RAfter1_5R_Then3R",0.18745765949151655,True,40,"","RegimeScore=20;SetupQualityScore=34;InitialRiskPoints=15.5;EstimatedRR=0.0161;ATR14=25.9464;ZoneWidth=7.5;ZoneTouchCount=1;PullbackCountInRegime=0;CandleRange=14.75;BodyRatio=0.18644068;CloseLocation=0.44067797;ZoneAge=1;BullScore=50;BearScore=0;TrendStrength=50;Alignment=-50;ConfirmRange=0;ConfirmBodyRatio=0;ConfirmCloseLocation=0.5;ConfirmAlignment=0;ConfirmPrevBreak=0;ConfirmZoneReclaim=0;HourSin=-0.27982901;HourCos=-0.96004985;DayOfWeek=2","Season=H1;Session=US;ZoneType=BearFVG;ZoneFreshness=SecondTouch;RegimeBucket=WeakLT50;SetupQualityBucket=QLT50;RiskBucket=RiskGT15;EstimatedRRBucket=RR_LT_1_0;TimeBucket=Midday;SkipPattern=ObservationResearch+Regime+RegimeUnknown;HasZoneBirthResearch=False;HasObservationConfirmResearch=False;HasObservationStrictResearch=False;HasFailureReverseResearch=False;HasFailureRetestTrigger=False;HasBreakawayQualified=False;ConfirmAvailable=False;ConfirmReason=Unknown"
"OPF-20260725-100040","OPF_0.1","OPF_RESEARCH_2.14","MNQ_0.1","MNQ_1Contract_Target150_200","OPF_PROFILE_0.1","20260520-1305-BEAR-OBS-001285-Z001284-OC","2026-05-20T13:10:00.0000000",1286,"Short","ObservationConfirm","OPF_KNN_SHADOW_1.97","A378B7478A0A4022A525CB66887BDC1D9C540E2A3A7D9C94FBCFA7735D8483D3","SplitBase_Runner3R_BE0_75R",-0.19105828544336556,False,40,"SplitBase_Runner3R_BE0_75R",-0.006198586952318106,False,40,"","RegimeScore=20;SetupQualityScore=56;InitialRiskPoints=25.25;EstimatedRR=1.5002;ATR14=24.5;ZoneWidth=7.5;ZoneTouchCount=1;PullbackCountInRegime=0;CandleRange=17.5;BodyRatio=0.52857143;CloseLocation=0.3;ZoneAge=2;BullScore=50;BearScore=0;TrendStrength=50;Alignment=-50;ConfirmRange=17.5;ConfirmBodyRatio=0.52857143;ConfirmCloseLocation=0.3;ConfirmAlignment=9.25;ConfirmPrevBreak=3.25;ConfirmZoneReclaim=17.25;HourSin=-0.3007058;HourCos=-0.95371695;DayOfWeek=2","Season=H1;Session=US;ZoneType=BearFVG;ZoneFreshness=SecondTouch;RegimeBucket=WeakLT50;SetupQualityBucket=Q50_69;RiskBucket=RiskGT15;EstimatedRRBucket=RR_GE_1_5;TimeBucket=Midday;SkipPattern=ObservationConfirmResearch+ObservationResearch+ReclaimZoneLow+Regime+RegimeUnknown+UnknownRegimeZoneTouch;HasZoneBirthResearch=False;HasObservationConfirmResearch=True;HasObservationStrictResearch=False;HasFailureReverseResearch=False;HasFailureRetestTrigger=False;HasBreakawayQualified=False;ConfirmAvailable=True;ConfirmReason=ReclaimZoneLow"
"OPF-20260725-100040","OPF_0.1","OPF_RESEARCH_2.14","MNQ_0.1","MNQ_1Contract_Target150_200","OPF_PROFILE_0.1","20260520-1305-BEAR-OBS-001285-Z001284-OC","2026-05-20T13:10:00.0000000",1286,"Short","ObservationConfirm_WideStop1_5R","OPF_KNN_SHADOW_1.97","A378B7478A0A4022A525CB66887BDC1D9C540E2A3A7D9C94FBCFA7735D8483D3","Fixed1_5R",0.09980557310809833,True,40,"Fixed1_5R",0.08452962438196658,True,40,"","RegimeScore=20;SetupQualityScore=56;InitialRiskPoints=37.88;EstimatedRR=0.0726;ATR14=24.5;ZoneWidth=7.5;ZoneTouchCount=1;PullbackCountInRegime=0;CandleRange=17.5;BodyRatio=0.52857143;CloseLocation=0.3;ZoneAge=2;BullScore=50;BearScore=0;TrendStrength=50;Alignment=-50;ConfirmRange=17.5;ConfirmBodyRatio=0.52857143;ConfirmCloseLocation=0.3;ConfirmAlignment=9.25;ConfirmPrevBreak=3.25;ConfirmZoneReclaim=17.25;HourSin=-0.3007058;HourCos=-0.95371695;DayOfWeek=2","Season=H1;Session=US;ZoneType=BearFVG;ZoneFreshness=SecondTouch;RegimeBucket=WeakLT50;SetupQualityBucket=Q50_69;RiskBucket=RiskGT15;EstimatedRRBucket=RR_LT_1_0;TimeBucket=Midday;SkipPattern=ObservationConfirmResearch+ObservationResearch+ReclaimZoneLow+Regime+RegimeUnknown+UnknownRegimeZoneTouch;HasZoneBirthResearch=False;HasObservationConfirmResearch=True;HasObservationStrictResearch=False;HasFailureReverseResearch=False;HasFailureRetestTrigger=False;HasBreakawayQualified=False;ConfirmAvailable=True;ConfirmReason=ReclaimZoneLow"
"OPF-20260725-100040","OPF_0.1","OPF_RESEARCH_2.14","MNQ_0.1","MNQ_1Contract_Target150_200","OPF_PROFILE_0.1","20260520-1305-BEAR-OBS-001285-Z001284-OC-STR","2026-05-20T13:10:00.0000000",1286,"Short","ObservationStrict_Other","OPF_KNN_SHADOW_1.97","A378B7478A0A4022A525CB66887BDC1D9C540E2A3A7D9C94FBCFA7735D8483D3","",0,False,0,"",0,False,0,"PathMissing","RegimeScore=20;SetupQualityScore=56;InitialRiskPoints=25.25;EstimatedRR=0.1089;ATR14=24.5;ZoneWidth=7.5;ZoneTouchCount=1;PullbackCountInRegime=0;CandleRange=17.5;BodyRatio=0.52857143;CloseLocation=0.3;ZoneAge=2;BullScore=50;BearScore=0;TrendStrength=50;Alignment=-50;ConfirmRange=17.5;ConfirmBodyRatio=0.52857143;ConfirmCloseLocation=0.3;ConfirmAlignment=9.25;ConfirmPrevBreak=3.25;ConfirmZoneReclaim=17.25;HourSin=-0.3007058;HourCos=-0.95371695;DayOfWeek=2","Season=H1;Session=US;ZoneType=BearFVG;ZoneFreshness=SecondTouch;RegimeBucket=WeakLT50;SetupQualityBucket=Q50_69;RiskBucket=RiskGT15;EstimatedRRBucket=RR_LT_1_0;TimeBucket=Midday;SkipPattern=ObservationConfirmResearch+ObservationConfirmStrictResearch+ObservationResearch+ObservationStrict_Other+ReclaimZoneLow+Regime+RegimeUnknown+UnknownRegimeZoneTouch;HasZoneBirthResearch=False;HasObservationConfirmResearch=True;HasObservationStrictResearch=True;HasFailureReverseResearch=False;HasFailureRetestTrigger=False;HasBreakawayQualified=False;ConfirmAvailable=True;ConfirmReason=ReclaimZoneLow"
"OPF-20260725-100040","OPF_0.1","OPF_RESEARCH_2.14","MNQ_0.1","MNQ_1Contract_Target150_200","OPF_PROFILE_0.1","20260520-1305-BEAR-OBS-001285-Z001284-OC-STR","2026-05-20T13:10:00.0000000",1286,"Short","ObservationStrict_Other_WideStop1_5R","OPF_KNN_SHADOW_1.97","A378B7478A0A4022A525CB66887BDC1D9C540E2A3A7D9C94FBCFA7735D8483D3","",0,False,0,"",0,False,0,"PathMissing","RegimeScore=20;SetupQualityScore=56;InitialRiskPoints=37.88;EstimatedRR=0.0726;ATR14=24.5;ZoneWidth=7.5;ZoneTouchCount=1;PullbackCountInRegime=0;CandleRange=17.5;BodyRatio=0.52857143;CloseLocation=0.3;ZoneAge=2;BullScore=50;BearScore=0;TrendStrength=50;Alignment=-50;ConfirmRange=17.5;ConfirmBodyRatio=0.52857143;ConfirmCloseLocation=0.3;ConfirmAlignment=9.25;ConfirmPrevBreak=3.25;ConfirmZoneReclaim=17.25;HourSin=-0.3007058;HourCos=-0.95371695;DayOfWeek=2","Season=H1;Session=US;ZoneType=BearFVG;ZoneFreshness=SecondTouch;RegimeBucket=WeakLT50;SetupQualityBucket=Q50_69;RiskBucket=RiskGT15;EstimatedRRBucket=RR_LT_1_0;TimeBucket=Midday;SkipPattern=ObservationConfirmResearch+ObservationConfirmStrictResearch+ObservationResearch+ObservationStrict_Other+ReclaimZoneLow+Regime+RegimeUnknown+UnknownRegimeZoneTouch;HasZoneBirthResearch=False;HasObservationConfirmResearch=True;HasObservationStrictResearch=True;HasFailureReverseResearch=False;HasFailureRetestTrigger=False;HasBreakawayQualified=False;ConfirmAvailable=True;ConfirmReason=ReclaimZoneLow"
"OPF-20260725-100040","OPF_0.1","OPF_RESEARCH_2.14","MNQ_0.1","MNQ_1Contract_Target150_200","OPF_PROFILE_0.1","20260520-1335-BULL-SHD-001291-Z001225","2026-05-20T13:40:00.0000000",1292,"Long","ShadowCandidate","OPF_KNN_SHADOW_1.97","A378B7478A0A4022A525CB66887BDC1D9C540E2A3A7D9C94FBCFA7735D8483D3","",0,False,0,"",0,False,0,"PathMissing","RegimeScore=70;SetupQualityScore=59;InitialRiskPoints=94;EstimatedRR=1.5;ATR14=43.8036;ZoneWidth=6.75;ZoneTouchCount=3;PullbackCountInRegime=1;CandleRange=111.5;BodyRatio=0.6793722;CloseLocation=0.93273543;ZoneAge=67;BullScore=60;BearScore=20;TrendStrength=60;Alignment=40;ConfirmRange=0;ConfirmBodyRatio=0;ConfirmCloseLocation=0.5;ConfirmAlignment=0;ConfirmPrevBreak=0;ConfirmZoneReclaim=0;HourSin=-0.42261826;HourCos=-0.90630779;DayOfWeek=2","Season=H1;Session=US;ZoneType=BullFVG;ZoneFreshness=Mitigated;RegimeBucket=Passed;SetupQualityBucket=Q50_69;RiskBucket=RiskGT15;EstimatedRRBucket=RR_GE_1_5;TimeBucket=Afternoon;SkipPattern=ReclaimZoneHigh+ShadowCandidateResearch+ZoneMitigated;HasZoneBirthResearch=False;HasObservationConfirmResearch=False;HasObservationStrictResearch=False;HasFailureReverseResearch=False;HasFailureRetestTrigger=False;HasBreakawayQualified=False;ConfirmAvailable=False;ConfirmReason=Unknown"
"OPF-20260725-100040","OPF_0.1","OPF_RESEARCH_2.14","MNQ_0.1","MNQ_1Contract_Target150_200","OPF_PROFILE_0.1","20260520-1335-BULL-SHD-001291-Z001225-SCB","2026-05-20T14:15:00.0000000",1299,"Long","StructureConfirmShadow","OPF_KNN_SHADOW_1.97","A378B7478A0A4022A525CB66887BDC1D9C540E2A3A7D9C94FBCFA7735D8483D3","",0,False,0,"",0,False,0,"PathMissing","RegimeScore=70;SetupQualityScore=75;InitialRiskPoints=119;EstimatedRR=0.0021;ATR14=76.3214;ZoneWidth=6.75;ZoneTouchCount=3;PullbackCountInRegime=0;CandleRange=159.5;BodyRatio=0.4984326;CloseLocation=0.5862069;ZoneAge=74;BullScore=60;BearScore=10;TrendStrength=60;Alignment=50;ConfirmRange=0;ConfirmBodyRatio=0;ConfirmCloseLocation=0.5;ConfirmAlignment=0;ConfirmPrevBreak=0;ConfirmZoneReclaim=0;HourSin=-0.55557023;HourCos=-0.83146961;DayOfWeek=2","Season=H1;Session=US;ZoneType=BullFVG;ZoneFreshness=Mitigated;RegimeBucket=Passed;SetupQualityBucket=Q70_79;RiskBucket=RiskGT15;EstimatedRRBucket=RR_LT_1_0;TimeBucket=Afternoon;SkipPattern=MicroBos3BreakHigh+ShadowAfterRetest+StructureConfirmShadowResearch;HasZoneBirthResearch=False;HasObservationConfirmResearch=False;HasObservationStrictResearch=False;HasFailureReverseResearch=False;HasFailureRetestTrigger=False;HasBreakawayQualified=False;ConfirmAvailable=False;ConfirmReason=Unknown"
"OPF-20260725-100040","OPF_0.1","OPF_RESEARCH_2.14","MNQ_0.1","MNQ_1Contract_Target150_200","OPF_PROFILE_0.1","20260520-1550-BULL-OBS-001318-Z001318","2026-05-20T15:50:00.0000000",1318,"Long","ZoneBirthResearch","OPF_KNN_SHADOW_1.97","A378B7478A0A4022A525CB66887BDC1D9C540E2A3A7D9C94FBCFA7735D8483D3","",0,False,0,"",0,False,0,"PathMissing","RegimeScore=30;SetupQualityScore=41;InitialRiskPoints=16.25;EstimatedRR=0.0154;ATR14=47.2679;ZoneWidth=3.25;ZoneTouchCount=0;PullbackCountInRegime=0;CandleRange=25.75;BodyRatio=0.01941748;CloseLocation=0.48543689;ZoneAge=0;BullScore=60;BearScore=10;TrendStrength=60;Alignment=50;ConfirmRange=0;ConfirmBodyRatio=0;ConfirmCloseLocation=0.5;ConfirmAlignment=0;ConfirmPrevBreak=0;ConfirmZoneReclaim=0;HourSin=-0.84339145;HourCos=-0.53729961;DayOfWeek=2","Season=H1;Session=US;ZoneType=BullFVG;ZoneFreshness=Fresh;RegimeBucket=WeakLT50;SetupQualityBucket=QLT50;RiskBucket=RiskGT15;EstimatedRRBucket=RR_LT_1_0;TimeBucket=Late;SkipPattern=ObservationResearch+Regime+ZoneJustCreated;HasZoneBirthResearch=False;HasObservationConfirmResearch=False;HasObservationStrictResearch=False;HasFailureReverseResearch=False;HasFailureRetestTrigger=False;HasBreakawayQualified=False;ConfirmAvailable=False;ConfirmReason=Unknown"
"OPF-20260725-100040","OPF_0.1","OPF_RESEARCH_2.14","MNQ_0.1","MNQ_1Contract_Target150_200","OPF_PROFILE_0.1","20260520-1555-BULL-OBS-001319-Z001318","2026-05-20T15:55:00.0000000",1319,"Long","UnknownRegimeZoneTouch","OPF_KNN_SHADOW_1.97","A378B7478A0A4022A525CB66887BDC1D9C540E2A3A7D9C94FBCFA7735D8483D3","",0,False,0,"",0,False,0,"PathMissing","RegimeScore=30;SetupQualityScore=30;InitialRiskPoints=3;EstimatedRR=1;ATR14=46.2143;ZoneWidth=3.25;ZoneTouchCount=1;PullbackCountInRegime=0;CandleRange=47.25;BodyRatio=0.29100529;CloseLocation=0.58730159;ZoneAge=1;BullScore=60;BearScore=10;TrendStrength=60;Alignment=50;ConfirmRange=0;ConfirmBodyRatio=0;ConfirmCloseLocation=0.5;ConfirmAlignment=0;ConfirmPrevBreak=0;ConfirmZoneReclaim=0;HourSin=-0.85491187;HourCos=-0.51877326;DayOfWeek=2","Season=H1;Session=US;ZoneType=BullFVG;ZoneFreshness=SecondTouch;RegimeBucket=WeakLT50;SetupQualityBucket=QLT50;RiskBucket=RiskLE8_5;EstimatedRRBucket=RR_GE_1_0;TimeBucket=Late;SkipPattern=ObservationResearch+Regime+RegimeUnknown;HasZoneBirthResearch=False;HasObservationConfirmResearch=False;HasObservationStrictResearch=False;HasFailureReverseResearch=False;HasFailureRetestTrigger=False;HasBreakawayQualified=False;ConfirmAvailable=False;ConfirmReason=Unknown"
"OPF-20260725-100040","OPF_0.1","OPF_RESEARCH_2.14","MNQ_0.1","MNQ_1Contract_Target150_200","OPF_PROFILE_0.1","20260520-1555-BULL-OBS-001319-Z001318-FR","2026-05-20T16:00:00.0000000",1320,"Short","FailureReverse_ObservationInvalidated","OPF_KNN_SHADOW_1.97","A378B7478A0A4022A525CB66887BDC1D9C540E2A3A7D9C94FBCFA7735D8483D3","Protect1RAfter1_5R_Then2_5R",0.4440842040979857,True,40,"Protect1RAfter1_5R_Then2_5R",0.14068681189347462,True,40,"","RegimeScore=30;SetupQualityScore=38;InitialRiskPoints=17.25;EstimatedRR=0.058;ATR14=44.1071;ZoneWidth=3.25;ZoneTouchCount=1;PullbackCountInRegime=0;CandleRange=36.75;BodyRatio=0.42857143;CloseLocation=0.40816327;ZoneAge=2;BullScore=60;BearScore=10;TrendStrength=60;Alignment=-50;ConfirmRange=0;ConfirmBodyRatio=0;ConfirmCloseLocation=0.5;ConfirmAlignment=0;ConfirmPrevBreak=0;ConfirmZoneReclaim=0;HourSin=-0.8660254;HourCos=-0.5;DayOfWeek=2","Season=H1;Session=US;ZoneType=BullFVG;ZoneFreshness=SecondTouch;RegimeBucket=WeakLT50;SetupQualityBucket=QLT50;RiskBucket=RiskGT15;EstimatedRRBucket=RR_LT_1_0;TimeBucket=Late;SkipPattern=FailureReverseResearch+FailureSource+FailureSourceSignalID+FailureSourceZoneFreshness+RegimeUnknown+UnknownRegimeZoneTouch;HasZoneBirthResearch=False;HasObservationConfirmResearch=False;HasObservationStrictResearch=False;HasFailureReverseResearch=True;HasFailureRetestTrigger=False;HasBreakawayQualified=False;ConfirmAvailable=False;ConfirmReason=Unknown"
"OPF-20260725-100040","OPF_0.1","OPF_RESEARCH_2.14","MNQ_0.1","MNQ_1Contract_Target150_200","OPF_PROFILE_0.1","20260520-1555-BULL-OBS-001319-Z001318-FR","2026-05-20T16:00:00.0000000",1320,"Short","FailureReverse_ObservationInvalidated_WideStop1_5R","OPF_KNN_SHADOW_1.97","A378B7478A0A4022A525CB66887BDC1D9C540E2A3A7D9C94FBCFA7735D8483D3","Fixed3R",0.6575159438381255,True,40,"Fixed3R",0.20748432458431346,True,40,"","RegimeScore=30;SetupQualityScore=38;InitialRiskPoints=25.88;EstimatedRR=0.0386;ATR14=44.1071;ZoneWidth=3.25;ZoneTouchCount=1;PullbackCountInRegime=0;CandleRange=36.75;BodyRatio=0.42857143;CloseLocation=0.40816327;ZoneAge=2;BullScore=60;BearScore=10;TrendStrength=60;Alignment=-50;ConfirmRange=0;ConfirmBodyRatio=0;ConfirmCloseLocation=0.5;ConfirmAlignment=0;ConfirmPrevBreak=0;ConfirmZoneReclaim=0;HourSin=-0.8660254;HourCos=-0.5;DayOfWeek=2","Season=H1;Session=US;ZoneType=BullFVG;ZoneFreshness=SecondTouch;RegimeBucket=WeakLT50;SetupQualityBucket=QLT50;RiskBucket=RiskGT15;EstimatedRRBucket=RR_LT_1_0;TimeBucket=Late;SkipPattern=FailureReverseResearch+FailureSource+FailureSourceSignalID+FailureSourceZoneFreshness+RegimeUnknown+UnknownRegimeZoneTouch;HasZoneBirthResearch=False;HasObservationConfirmResearch=False;HasObservationStrictResearch=False;HasFailureReverseResearch=True;HasFailureRetestTrigger=False;HasBreakawayQualified=False;ConfirmAvailable=False;ConfirmReason=Unknown"
"OPF-20260725-100040","OPF_0.1","OPF_RESEARCH_2.14","MNQ_0.1","MNQ_1Contract_Target150_200","OPF_PROFILE_0.1","20260520-1550-BULL-OBS-001318-Z001318-FR","2026-05-20T16:00:00.0000000",1320,"Short","FailureReverse_ObservationInvalidated","OPF_KNN_SHADOW_1.97","A378B7478A0A4022A525CB66887BDC1D9C540E2A3A7D9C94FBCFA7735D8483D3","Protect1RAfter1_5R_Then2_5R",0.4593465166814557,True,40,"Fixed1_5R",0.15479488762933738,True,40,"","RegimeScore=30;SetupQualityScore=46;InitialRiskPoints=17.25;EstimatedRR=0.058;ATR14=44.1071;ZoneWidth=3.25;ZoneTouchCount=0;PullbackCountInRegime=0;CandleRange=36.75;BodyRatio=0.42857143;CloseLocation=0.40816327;ZoneAge=2;BullScore=60;BearScore=10;TrendStrength=60;Alignment=-50;ConfirmRange=0;ConfirmBodyRatio=0;ConfirmCloseLocation=0.5;ConfirmAlignment=0;ConfirmPrevBreak=0;ConfirmZoneReclaim=0;HourSin=-0.8660254;HourCos=-0.5;DayOfWeek=2","Season=H1;Session=US;ZoneType=BullFVG;ZoneFreshness=Fresh;RegimeBucket=WeakLT50;SetupQualityBucket=QLT50;RiskBucket=RiskGT15;EstimatedRRBucket=RR_LT_1_0;TimeBucket=Late;SkipPattern=FailureReverseResearch+FailureSource+FailureSourceSignalID+FailureSourceZoneFreshness+ZoneBirthResearch+ZoneJustCreated;HasZoneBirthResearch=True;HasObservationConfirmResearch=False;HasObservationStrictResearch=False;HasFailureReverseResearch=True;HasFailureRetestTrigger=False;HasBreakawayQualified=False;ConfirmAvailable=False;ConfirmReason=Unknown"
"OPF-20260725-100040","OPF_0.1","OPF_RESEARCH_2.14","MNQ_0.1","MNQ_1Contract_Target150_200","OPF_PROFILE_0.1","20260520-1550-BULL-OBS-001318-Z001318-FR","2026-05-20T16:00:00.0000000",1320,"Short","FailureReverse_ObservationInvalidated_WideStop1_5R","OPF_KNN_SHADOW_1.97","A378B7478A0A4022A525CB66887BDC1D9C540E2A3A7D9C94FBCFA7735D8483D3","Fixed3R",0.5674979631028443,True,40,"Fixed3R",0.18672571033344118,True,40,"","RegimeScore=30;SetupQualityScore=46;InitialRiskPoints=25.88;EstimatedRR=0.0386;ATR14=44.1071;ZoneWidth=3.25;ZoneTouchCount=0;PullbackCountInRegime=0;CandleRange=36.75;BodyRatio=0.42857143;CloseLocation=0.40816327;ZoneAge=2;BullScore=60;BearScore=10;TrendStrength=60;Alignment=-50;ConfirmRange=0;ConfirmBodyRatio=0;ConfirmCloseLocation=0.5;ConfirmAlignment=0;ConfirmPrevBreak=0;ConfirmZoneReclaim=0;HourSin=-0.8660254;HourCos=-0.5;DayOfWeek=2","Season=H1;Session=US;ZoneType=BullFVG;ZoneFreshness=Fresh;RegimeBucket=WeakLT50;SetupQualityBucket=QLT50;RiskBucket=RiskGT15;EstimatedRRBucket=RR_LT_1_0;TimeBucket=Late;SkipPattern=FailureReverseResearch+FailureSource+FailureSourceSignalID+FailureSourceZoneFreshness+ZoneBirthResearch+ZoneJustCreated;HasZoneBirthResearch=True;HasObservationConfirmResearch=False;HasObservationStrictResearch=False;HasFailureReverseResearch=True;HasFailureRetestTrigger=False;HasBreakawayQualified=False;ConfirmAvailable=False;ConfirmReason=Unknown"
"OPF-20260725-100040","OPF_0.1","OPF_RESEARCH_2.14","MNQ_0.1","MNQ_1Contract_Target150_200","OPF_PROFILE_0.1","20260520-1625-BEAR-OBS-001325-Z001325","2026-05-20T16:25:00.0000000",1325,"Short","ZoneBirthResearch","OPF_KNN_SHADOW_1.97","A378B7478A0A4022A525CB66887BDC1D9C540E2A3A7D9C94FBCFA7735D8483D3","Fixed1_5R",0.52182752775198,True,40,"Fixed1_5R",0.2293811413414667,True,40,"","RegimeScore=50;SetupQualityScore=61;InitialRiskPoints=11.25;EstimatedRR=0.2222;ATR14=36.625;ZoneWidth=4.75;ZoneTouchCount=0;PullbackCountInRegime=0;CandleRange=32.25;BodyRatio=0.06976744;CloseLocation=0.81395349;ZoneAge=0;BullScore=60;BearScore=10;TrendStrength=60;Alignment=-50;ConfirmRange=0;ConfirmBodyRatio=0;ConfirmCloseLocation=0.5;ConfirmAlignment=0;ConfirmPrevBreak=0;ConfirmZoneReclaim=0;HourSin=-0.91531148;HourCos=-0.40274669;DayOfWeek=2","Season=H1;Session=US;ZoneType=BearFVG;ZoneFreshness=Fresh;RegimeBucket=Weak50_69;SetupQualityBucket=Q50_69;RiskBucket=RiskLE15;EstimatedRRBucket=RR_LT_1_0;TimeBucket=Late;SkipPattern=ObservationResearch+Regime+ZoneJustCreated;HasZoneBirthResearch=False;HasObservationConfirmResearch=False;HasObservationStrictResearch=False;HasFailureReverseResearch=False;HasFailureRetestTrigger=False;HasBreakawayQualified=False;ConfirmAvailable=False;ConfirmReason=Unknown"
"OPF-20260725-100040","OPF_0.1","OPF_RESEARCH_2.14","MNQ_0.1","MNQ_1Contract_Target150_200","OPF_PROFILE_0.1","20260520-1625-BEAR-OBS-001325-Z001325-OC","2026-05-20T16:30:00.0000000",1326,"Short","ObservationConfirm","OPF_KNN_SHADOW_1.97","A378B7478A0A4022A525CB66887BDC1D9C540E2A3A7D9C94FBCFA7735D8483D3","Fixed2R",0.159116179410695,True,40,"Fixed2R",0.09949426342030976,True,40,"","RegimeScore=50;SetupQualityScore=80;InitialRiskPoints=15.5;EstimatedRR=1.5;ATR14=36.75;ZoneWidth=4.75;ZoneTouchCount=0;PullbackCountInRegime=0;CandleRange=44.75;BodyRatio=0.10055866;CloseLocation=0.24581006;ZoneAge=1;BullScore=60;BearScore=10;TrendStrength=60;Alignment=-50;ConfirmRange=44.75;ConfirmBodyRatio=0.10055866;ConfirmCloseLocation=0.24581006;ConfirmAlignment=4.5;ConfirmPrevBreak=-22;ConfirmZoneReclaim=10.25;HourSin=-0.92387953;HourCos=-0.38268343;DayOfWeek=2","Season=H1;Session=US;ZoneType=BearFVG;ZoneFreshness=Fresh;RegimeBucket=Weak50_69;SetupQualityBucket=Q80Plus;RiskBucket=RiskGT15;EstimatedRRBucket=RR_GE_1_5;TimeBucket=Late;SkipPattern=ObservationConfirmResearch+ObservationResearch+ReclaimZoneLow+Regime+ZoneBirthResearch+ZoneJustCreated;HasZoneBirthResearch=True;HasObservationConfirmResearch=True;HasObservationStrictResearch=False;HasFailureReverseResearch=False;HasFailureRetestTrigger=False;HasBreakawayQualified=False;ConfirmAvailable=True;ConfirmReason=ReclaimZoneLow"
"OPF-20260725-100040","OPF_0.1","OPF_RESEARCH_2.14","MNQ_0.1","MNQ_1Contract_Target150_200","OPF_PROFILE_0.1","20260520-1625-BEAR-OBS-001325-Z001325-OC","2026-05-20T16:30:00.0000000",1326,"Short","ObservationConfirm_WideStop1_5R","OPF_KNN_SHADOW_1.97","A378B7478A0A4022A525CB66887BDC1D9C540E2A3A7D9C94FBCFA7735D8483D3","Fixed1_5R",0.1900270783619494,True,40,"Fixed1_5R",0.10623851678056753,True,40,"","RegimeScore=50;SetupQualityScore=80;InitialRiskPoints=23.25;EstimatedRR=0.0108;ATR14=36.75;ZoneWidth=4.75;ZoneTouchCount=0;PullbackCountInRegime=0;CandleRange=44.75;BodyRatio=0.10055866;CloseLocation=0.24581006;ZoneAge=1;BullScore=60;BearScore=10;TrendStrength=60;Alignment=-50;ConfirmRange=44.75;ConfirmBodyRatio=0.10055866;ConfirmCloseLocation=0.24581006;ConfirmAlignment=4.5;ConfirmPrevBreak=-22;ConfirmZoneReclaim=10.25;HourSin=-0.92387953;HourCos=-0.38268343;DayOfWeek=2","Season=H1;Session=US;ZoneType=BearFVG;ZoneFreshness=Fresh;RegimeBucket=Weak50_69;SetupQualityBucket=Q80Plus;RiskBucket=RiskGT15;EstimatedRRBucket=RR_LT_1_0;TimeBucket=Late;SkipPattern=ObservationConfirmResearch+ObservationResearch+ReclaimZoneLow+Regime+ZoneBirthResearch+ZoneJustCreated;HasZoneBirthResearch=True;HasObservationConfirmResearch=True;HasObservationStrictResearch=False;HasFailureReverseResearch=False;HasFailureRetestTrigger=False;HasBreakawayQualified=False;ConfirmAvailable=True;ConfirmReason=ReclaimZoneLow"
"OPF-20260725-100040","OPF_0.1","OPF_RESEARCH_2.14","MNQ_0.1","MNQ_1Contract_Target150_200","OPF_PROFILE_0.1","20260520-1630-BEAR-OBS-001326-Z001325","2026-05-20T16:30:00.0000000",1326,"Short","UnknownRegimeZoneTouch","OPF_KNN_SHADOW_1.97","A378B7478A0A4022A525CB66887BDC1D9C540E2A3A7D9C94FBCFA7735D8483D3","Protect1RAfter1_5R_Then3R",0.6236327710818177,True,40,"Protect1RAfter1_5R_Then3R",0.19668973634063544,True,40,"","RegimeScore=50;SetupQualityScore=57;InitialRiskPoints=15.5;EstimatedRR=0.0161;ATR14=36.75;ZoneWidth=4.75;ZoneTouchCount=1;PullbackCountInRegime=0;CandleRange=44.75;BodyRatio=0.10055866;CloseLocation=0.24581006;ZoneAge=1;BullScore=60;BearScore=10;TrendStrength=60;Alignment=-50;ConfirmRange=0;ConfirmBodyRatio=0;ConfirmCloseLocation=0.5;ConfirmAlignment=0;ConfirmPrevBreak=0;ConfirmZoneReclaim=0;HourSin=-0.92387953;HourCos=-0.38268343;DayOfWeek=2","Season=H1;Session=US;ZoneType=BearFVG;ZoneFreshness=SecondTouch;RegimeBucket=Weak50_69;SetupQualityBucket=Q50_69;RiskBucket=RiskGT15;EstimatedRRBucket=RR_LT_1_0;TimeBucket=Late;SkipPattern=ObservationResearch+Regime+RegimeUnknown;HasZoneBirthResearch=False;HasObservationConfirmResearch=False;HasObservationStrictResearch=False;HasFailureReverseResearch=False;HasFailureRetestTrigger=False;HasBreakawayQualified=False;ConfirmAvailable=False;ConfirmReason=Unknown"
"OPF-20260725-100040","OPF_0.1","OPF_RESEARCH_2.14","MNQ_0.1","MNQ_1Contract_Target150_200","OPF_PROFILE_0.1","20260520-1630-BEAR-OBS-001326-Z001325-OC","2026-05-20T16:35:00.0000000",1327,"Short","ObservationConfirm","OPF_KNN_SHADOW_1.97","A378B7478A0A4022A525CB66887BDC1D9C540E2A3A7D9C94FBCFA7735D8483D3","Fixed2R",-0.027425667490294046,False,40,"Fixed2R",0.04882714386836019,False,40,"","RegimeScore=50;SetupQualityScore=68;InitialRiskPoints=13.25;EstimatedRR=1.5004;ATR14=36.2143;ZoneWidth=4.75;ZoneTouchCount=1;PullbackCountInRegime=0;CandleRange=31;BodyRatio=0.05645161;CloseLocation=0.38709677;ZoneAge=2;BullScore=60;BearScore=10;TrendStrength=60;Alignment=-50;ConfirmRange=31;ConfirmBodyRatio=0.05645161;ConfirmCloseLocation=0.38709677;ConfirmAlignment=-1.75;ConfirmPrevBreak=-13.25;ConfirmZoneReclaim=8;HourSin=-0.93200787;HourCos=-0.36243804;DayOfWeek=2","Season=H1;Session=US;ZoneType=BearFVG;ZoneFreshness=SecondTouch;RegimeBucket=Weak50_69;SetupQualityBucket=Q50_69;RiskBucket=RiskLE15;EstimatedRRBucket=RR_GE_1_5;TimeBucket=Late;SkipPattern=ObservationConfirmResearch+ObservationResearch+ReclaimZoneLow+Regime+RegimeUnknown+UnknownRegimeZoneTouch;HasZoneBirthResearch=False;HasObservationConfirmResearch=True;HasObservationStrictResearch=False;HasFailureReverseResearch=False;HasFailureRetestTrigger=False;HasBreakawayQualified=False;ConfirmAvailable=True;ConfirmReason=ReclaimZoneLow"
"OPF-20260725-100040","OPF_0.1","OPF_RESEARCH_2.14","MNQ_0.1","MNQ_1Contract_Target150_200","OPF_PROFILE_0.1","20260520-1630-BEAR-OBS-001326-Z001325-OC","2026-05-20T16:35:00.0000000",1327,"Short","ObservationConfirm_WideStop1_5R","OPF_KNN_SHADOW_1.97","A378B7478A0A4022A525CB66887BDC1D9C540E2A3A7D9C94FBCFA7735D8483D3","Protect1RAfter1_5R_Then2_5R",0.037678212289169406,False,40,"Protect1RAfter1_5R_Then2_5R",0.06816367451080975,False,40,"","RegimeScore=50;SetupQualityScore=68;InitialRiskPoints=19.88;EstimatedRR=0.0252;ATR14=36.2143;ZoneWidth=4.75;ZoneTouchCount=1;PullbackCountInRegime=0;CandleRange=31;BodyRatio=0.05645161;CloseLocation=0.38709677;ZoneAge=2;BullScore=60;BearScore=10;TrendStrength=60;Alignment=-50;ConfirmRange=31;ConfirmBodyRatio=0.05645161;ConfirmCloseLocation=0.38709677;ConfirmAlignment=-1.75;ConfirmPrevBreak=-13.25;ConfirmZoneReclaim=8;HourSin=-0.93200787;HourCos=-0.36243804;DayOfWeek=2","Season=H1;Session=US;ZoneType=BearFVG;ZoneFreshness=SecondTouch;RegimeBucket=Weak50_69;SetupQualityBucket=Q50_69;RiskBucket=RiskGT15;EstimatedRRBucket=RR_LT_1_0;TimeBucket=Late;SkipPattern=ObservationConfirmResearch+ObservationResearch+ReclaimZoneLow+Regime+RegimeUnknown+UnknownRegimeZoneTouch;HasZoneBirthResearch=False;HasObservationConfirmResearch=True;HasObservationStrictResearch=False;HasFailureReverseResearch=False;HasFailureRetestTrigger=False;HasBreakawayQualified=False;ConfirmAvailable=True;ConfirmReason=ReclaimZoneLow"
"OPF-20260725-100040","OPF_0.1","OPF_RESEARCH_2.14","MNQ_0.1","MNQ_1Contract_Target150_200","OPF_PROFILE_0.1","20260520-1715-BULL-OBS-001335-Z001335","2026-05-20T17:15:00.0000000",1335,"Long","ZoneBirthResearch","OPF_KNN_SHADOW_1.97","A378B7478A0A4022A525CB66887BDC1D9C540E2A3A7D9C94FBCFA7735D8483D3","",0,False,0,"",0,False,0,"PathMissing","RegimeScore=30;SetupQualityScore=38;InitialRiskPoints=18.75;EstimatedRR=0.32;ATR14=42.8571;ZoneWidth=1.25;ZoneTouchCount=0;PullbackCountInRegime=0;CandleRange=31;BodyRatio=0.14516129;CloseLocation=0.5483871;ZoneAge=0;BullScore=60;BearScore=10;TrendStrength=60;Alignment=50;ConfirmRange=0;ConfirmBodyRatio=0;ConfirmCloseLocation=0.5;ConfirmAlignment=0;ConfirmPrevBreak=0;ConfirmZoneReclaim=0;HourSin=-0.98078528;HourCos=-0.19509032;DayOfWeek=2","Season=H1;Session=US;ZoneType=BullFVG;ZoneFreshness=Fresh;RegimeBucket=WeakLT50;SetupQualityBucket=QLT50;RiskBucket=RiskGT15;EstimatedRRBucket=RR_LT_1_0;TimeBucket=Late;SkipPattern=ObservationResearch+Regime+ZoneJustCreated;HasZoneBirthResearch=False;HasObservationConfirmResearch=False;HasObservationStrictResearch=False;HasFailureReverseResearch=False;HasFailureRetestTrigger=False;HasBreakawayQualified=False;ConfirmAvailable=False;ConfirmReason=Unknown"
"OPF-20260725-100040","OPF_0.1","OPF_RESEARCH_2.14","MNQ_0.1","MNQ_1Contract_Target150_200","OPF_PROFILE_0.1","20260520-1715-BULL-OBS-001335-Z001335-OC","2026-05-20T17:20:00.0000000",1336,"Long","ObservationConfirm","OPF_KNN_SHADOW_1.97","A378B7478A0A4022A525CB66887BDC1D9C540E2A3A7D9C94FBCFA7735D8483D3","",0,False,0,"",0,False,0,"PathMissing","RegimeScore=30;SetupQualityScore=53;InitialRiskPoints=12.25;EstimatedRR=4;ATR14=42.9464;ZoneWidth=1.25;ZoneTouchCount=0;PullbackCountInRegime=0;CandleRange=33.75;BodyRatio=0.19259259;CloseLocation=0.28148148;ZoneAge=1;BullScore=60;BearScore=10;TrendStrength=60;Alignment=50;ConfirmRange=33.75;ConfirmBodyRatio=0.19259259;ConfirmCloseLocation=0.28148148;ConfirmAlignment=-6.5;ConfirmPrevBreak=-20.5;ConfirmZoneReclaim=10.5;HourSin=-0.98480775;HourCos=-0.17364818;DayOfWeek=2","Season=H1;Session=US;ZoneType=BullFVG;ZoneFreshness=Fresh;RegimeBucket=WeakLT50;SetupQualityBucket=Q50_69;RiskBucket=RiskLE15;EstimatedRRBucket=RR_GE_1_5;TimeBucket=Late;SkipPattern=ObservationConfirmResearch+ObservationResearch+ReclaimZoneHigh+Regime+ZoneBirthResearch+ZoneJustCreated;HasZoneBirthResearch=True;HasObservationConfirmResearch=True;HasObservationStrictResearch=False;HasFailureReverseResearch=False;HasFailureRetestTrigger=False;HasBreakawayQualified=False;ConfirmAvailable=True;ConfirmReason=ReclaimZoneHigh"
"OPF-20260725-100040","OPF_0.1","OPF_RESEARCH_2.14","MNQ_0.1","MNQ_1Contract_Target150_200","OPF_PROFILE_0.1","20260520-1715-BULL-OBS-001335-Z001335-OC","2026-05-20T17:20:00.0000000",1336,"Long","ObservationConfirm_WideStop1_5R","OPF_KNN_SHADOW_1.97","A378B7478A0A4022A525CB66887BDC1D9C540E2A3A7D9C94FBCFA7735D8483D3","ProtectBE0_75R_Then2_5R",0.13650327595063386,True,40,"ProtectBE0_75R_Then2_5R",0.08837323537857693,True,40,"","RegimeScore=30;SetupQualityScore=53;InitialRiskPoints=18.38;EstimatedRR=3;ATR14=42.9464;ZoneWidth=1.25;ZoneTouchCount=0;PullbackCountInRegime=0;CandleRange=33.75;BodyRatio=0.19259259;CloseLocation=0.28148148;ZoneAge=1;BullScore=60;BearScore=10;TrendStrength=60;Alignment=50;ConfirmRange=33.75;ConfirmBodyRatio=0.19259259;ConfirmCloseLocation=0.28148148;ConfirmAlignment=-6.5;ConfirmPrevBreak=-20.5;ConfirmZoneReclaim=10.5;HourSin=-0.98480775;HourCos=-0.17364818;DayOfWeek=2","Season=H1;Session=US;ZoneType=BullFVG;ZoneFreshness=Fresh;RegimeBucket=WeakLT50;SetupQualityBucket=Q50_69;RiskBucket=RiskGT15;EstimatedRRBucket=RR_GE_1_5;TimeBucket=Late;SkipPattern=ObservationConfirmResearch+ObservationResearch+ReclaimZoneHigh+Regime+ZoneBirthResearch+ZoneJustCreated;HasZoneBirthResearch=True;HasObservationConfirmResearch=True;HasObservationStrictResearch=False;HasFailureReverseResearch=False;HasFailureRetestTrigger=False;HasBreakawayQualified=False;ConfirmAvailable=True;ConfirmReason=ReclaimZoneHigh"
"OPF-20260725-100040","OPF_0.1","OPF_RESEARCH_2.14","MNQ_0.1","MNQ_1Contract_Target150_200","OPF_PROFILE_0.1","20260520-1835-BULL-OBS-001351-Z001351","2026-05-20T18:35:00.0000000",1351,"Long","ZoneBirthResearch","OPF_KNN_SHADOW_1.97","A378B7478A0A4022A525CB66887BDC1D9C540E2A3A7D9C94FBCFA7735D8483D3","",0,False,0,"",0,False,0,"PathMissing","RegimeScore=50;SetupQualityScore=65;InitialRiskPoints=28.25;EstimatedRR=0;ATR14=30.1607;ZoneWidth=2.25;ZoneTouchCount=0;PullbackCountInRegime=0;CandleRange=36;BodyRatio=0.65277778;CloseLocation=0.70833333;ZoneAge=0;BullScore=50;BearScore=0;TrendStrength=50;Alignment=50;ConfirmRange=0;ConfirmBodyRatio=0;ConfirmCloseLocation=0.5;ConfirmAlignment=0;ConfirmPrevBreak=0;ConfirmZoneReclaim=0;HourSin=-0.98836151;HourCos=0.15212339;DayOfWeek=2","Season=H1;Session=US;ZoneType=BullFVG;ZoneFreshness=Fresh;RegimeBucket=Weak50_69;SetupQualityBucket=Q50_69;RiskBucket=RiskGT15;EstimatedRRBucket=RR_LT_1_0;TimeBucket=Late;SkipPattern=ObservationResearch+Regime+ZoneJustCreated;HasZoneBirthResearch=False;HasObservationConfirmResearch=False;HasObservationStrictResearch=False;HasFailureReverseResearch=False;HasFailureRetestTrigger=False;HasBreakawayQualified=False;ConfirmAvailable=False;ConfirmReason=Unknown"
"OPF-20260725-100040","OPF_0.1","OPF_RESEARCH_2.14","MNQ_0.1","MNQ_1Contract_Target150_200","OPF_PROFILE_0.1","20260520-1835-BULL-OBS-001351-Z001351-FR","2026-05-20T18:40:00.0000000",1352,"Short","FailureReverse_ObservationInvalidated","OPF_KNN_SHADOW_1.97","A378B7478A0A4022A525CB66887BDC1D9C540E2A3A7D9C94FBCFA7735D8483D3","Fixed3R",0.6890852166928118,True,40,"Fixed3R",0.2295701032138567,True,40,"","RegimeScore=50;SetupQualityScore=70;InitialRiskPoints=11.75;EstimatedRR=0.6809;ATR14=30.2857;ZoneWidth=2.25;ZoneTouchCount=0;PullbackCountInRegime=0;CandleRange=41.75;BodyRatio=0.88023952;CloseLocation=0.02994012;ZoneAge=1;BullScore=50;BearScore=0;TrendStrength=50;Alignment=-50;ConfirmRange=0;ConfirmBodyRatio=0;ConfirmCloseLocation=0.5;ConfirmAlignment=0;ConfirmPrevBreak=0;ConfirmZoneReclaim=0;HourSin=-0.98480775;HourCos=0.17364818;DayOfWeek=2","Season=H1;Session=US;ZoneType=BullFVG;ZoneFreshness=Fresh;RegimeBucket=Weak50_69;SetupQualityBucket=Q70_79;RiskBucket=RiskLE15;EstimatedRRBucket=RR_LT_1_0;TimeBucket=Late;SkipPattern=FailureReverseResearch+FailureSource+FailureSourceSignalID+FailureSourceZoneFreshness+ZoneBirthResearch+ZoneJustCreated;HasZoneBirthResearch=True;HasObservationConfirmResearch=False;HasObservationStrictResearch=False;HasFailureReverseResearch=True;HasFailureRetestTrigger=False;HasBreakawayQualified=False;ConfirmAvailable=False;ConfirmReason=Unknown"
"OPF-20260725-100040","OPF_0.1","OPF_RESEARCH_2.14","MNQ_0.1","MNQ_1Contract_Target150_200","OPF_PROFILE_0.1","20260520-1835-BULL-OBS-001351-Z001351-FR","2026-05-20T18:40:00.0000000",1352,"Short","FailureReverse_ObservationInvalidated_WideStop1_5R","OPF_KNN_SHADOW_1.97","A378B7478A0A4022A525CB66887BDC1D9C540E2A3A7D9C94FBCFA7735D8483D3","Fixed3R",0.5701610146231841,True,40,"Fixed3R",0.19640531855497884,True,40,"","RegimeScore=50;SetupQualityScore=70;InitialRiskPoints=17.62;EstimatedRR=0.454;ATR14=30.2857;ZoneWidth=2.25;ZoneTouchCount=0;PullbackCountInRegime=0;CandleRange=41.75;BodyRatio=0.88023952;CloseLocation=0.02994012;ZoneAge=1;BullScore=50;BearScore=0;TrendStrength=50;Alignment=-50;ConfirmRange=0;ConfirmBodyRatio=0;ConfirmCloseLocation=0.5;ConfirmAlignment=0;ConfirmPrevBreak=0;ConfirmZoneReclaim=0;HourSin=-0.98480775;HourCos=0.17364818;DayOfWeek=2","Season=H1;Session=US;ZoneType=BullFVG;ZoneFreshness=Fresh;RegimeBucket=Weak50_69;SetupQualityBucket=Q70_79;RiskBucket=RiskGT15;EstimatedRRBucket=RR_LT_1_0;TimeBucket=Late;SkipPattern=FailureReverseResearch+FailureSource+FailureSourceSignalID+FailureSourceZoneFreshness+ZoneBirthResearch+ZoneJustCreated;HasZoneBirthResearch=True;HasObservationConfirmResearch=False;HasObservationStrictResearch=False;HasFailureReverseResearch=True;HasFailureRetestTrigger=False;HasBreakawayQualified=False;ConfirmAvailable=False;ConfirmReason=Unknown"
"OPF-20260725-100040","OPF_0.1","OPF_RESEARCH_2.14","MNQ_0.1","MNQ_1Contract_Target150_200","OPF_PROFILE_0.1","20260520-1835-BULL-OBS-001351-Z001351-FR-AEW1","2026-05-20T18:45:00.0000000",1353,"Short","FailureReverse_ObservationInvalidated_WideStop1_5R","OPF_KNN_SHADOW_1.97","A378B7478A0A4022A525CB66887BDC1D9C540E2A3A7D9C94FBCFA7735D8483D3","Fixed3R",0.5671938632171423,True,40,"Fixed3R",0.19354080695861106,True,40,"","RegimeScore=50;SetupQualityScore=70;InitialRiskPoints=17.62;EstimatedRR=0.1844;ATR14=28.7857;ZoneWidth=2.25;ZoneTouchCount=0;PullbackCountInRegime=0;CandleRange=23.25;BodyRatio=0.19354839;CloseLocation=0.43010753;ZoneAge=2;BullScore=50;BearScore=0;TrendStrength=50;Alignment=-50;ConfirmRange=0;ConfirmBodyRatio=0;ConfirmCloseLocation=0.5;ConfirmAlignment=0;ConfirmPrevBreak=0;ConfirmZoneReclaim=0;HourSin=-0.98078528;HourCos=0.19509032;DayOfWeek=2","Season=H1;Session=US;ZoneType=BullFVG;ZoneFreshness=Fresh;RegimeBucket=Weak50_69;SetupQualityBucket=Q70_79;RiskBucket=RiskGT15;EstimatedRRBucket=RR_LT_1_0;TimeBucket=Late;SkipPattern=AggressiveExpansionWait1ConfirmBarStopV166+AggressiveExpansionWait1V165+FailureReverseResearch+FailureSource+FailureSourceSignalID+FailureSourceZoneFreshness+OriginPath+ZoneBirthResearch+ZoneJustCreated;HasZoneBirthResearch=True;HasObservationConfirmResearch=False;HasObservationStrictResearch=False;HasFailureReverseResearch=True;HasFailureRetestTrigger=False;HasBreakawayQualified=False;ConfirmAvailable=False;ConfirmReason=Unknown"
"OPF-20260725-100040","OPF_0.1","OPF_RESEARCH_2.14","MNQ_0.1","MNQ_1Contract_Target150_200","OPF_PROFILE_0.1","20260520-1835-BULL-OBS-001351-Z001351-FR-RT","2026-05-20T18:50:00.0000000",1354,"Short","FailureReverse_RetestFailed","OPF_KNN_SHADOW_1.97","A378B7478A0A4022A525CB66887BDC1D9C540E2A3A7D9C94FBCFA7735D8483D3","Protect1RAfter1_5R_Then2_5R",0.05121176887196105,False,40,"Fixed1_5R",0.06415910983190011,False,40,"","RegimeScore=50;SetupQualityScore=80;InitialRiskPoints=11.5;EstimatedRR=1.2;ATR14=29.0536;ZoneWidth=2.25;ZoneTouchCount=0;PullbackCountInRegime=0;CandleRange=23.25;BodyRatio=0.21505376;CloseLocation=0.39784946;ZoneAge=3;BullScore=50;BearScore=0;TrendStrength=50;Alignment=-50;ConfirmRange=0;ConfirmBodyRatio=0;ConfirmCloseLocation=0.5;ConfirmAlignment=0;ConfirmPrevBreak=0;ConfirmZoneReclaim=0;HourSin=-0.97629601;HourCos=0.21643961;DayOfWeek=2","Season=H1;Session=US;ZoneType=BullFVG;ZoneFreshness=Fresh;RegimeBucket=Weak50_69;SetupQualityBucket=Q80Plus;RiskBucket=RiskLE15;EstimatedRRBucket=RR_GE_1_2;TimeBucket=Late;SkipPattern=FailureRetestFailedTriggered+FailureReverseResearch+FailureSource+FailureSourceSignalID+FailureSourceZoneFreshness+ReclaimZoneLow+ZoneBirthResearch+ZoneJustCreated;HasZoneBirthResearch=True;HasObservationConfirmResearch=False;HasObservationStrictResearch=False;HasFailureReverseResearch=True;HasFailureRetestTrigger=True;HasBreakawayQualified=False;ConfirmAvailable=False;ConfirmReason=Unknown"
"OPF-20260725-100040","OPF_0.1","OPF_RESEARCH_2.14","MNQ_0.1","MNQ_1Contract_Target150_200","OPF_PROFILE_0.1","20260520-1835-BULL-OBS-001351-Z001351-FR-RT","2026-05-20T18:50:00.0000000",1354,"Short","FailureReverse_RetestFailed_WideStop1_5R","OPF_KNN_SHADOW_1.97","A378B7478A0A4022A525CB66887BDC1D9C540E2A3A7D9C94FBCFA7735D8483D3","Protect1RAfter1_5R_Then2_5R",0.5460090836175223,True,23,"Protect1RAfter1_5R_Then2_5R",0.14582108562479643,True,23,"","RegimeScore=50;SetupQualityScore=80;InitialRiskPoints=17.25;EstimatedRR=0.087;ATR14=29.0536;ZoneWidth=2.25;ZoneTouchCount=0;PullbackCountInRegime=0;CandleRange=23.25;BodyRatio=0.21505376;CloseLocation=0.39784946;ZoneAge=3;BullScore=50;BearScore=0;TrendStrength=50;Alignment=-50;ConfirmRange=0;ConfirmBodyRatio=0;ConfirmCloseLocation=0.5;ConfirmAlignment=0;ConfirmPrevBreak=0;ConfirmZoneReclaim=0;HourSin=-0.97629601;HourCos=0.21643961;DayOfWeek=2","Season=H1;Session=US;ZoneType=BullFVG;ZoneFreshness=Fresh;RegimeBucket=Weak50_69;SetupQualityBucket=Q80Plus;RiskBucket=RiskGT15;EstimatedRRBucket=RR_LT_1_0;TimeBucket=Late;SkipPattern=FailureRetestFailedTriggered+FailureReverseResearch+FailureSource+FailureSourceSignalID+FailureSourceZoneFreshness+ReclaimZoneLow+ZoneBirthResearch+ZoneJustCreated;HasZoneBirthResearch=True;HasObservationConfirmResearch=False;HasObservationStrictResearch=False;HasFailureReverseResearch=True;HasFailureRetestTrigger=True;HasBreakawayQualified=False;ConfirmAvailable=False;ConfirmReason=Unknown"
"OPF-20260725-100040","OPF_0.1","OPF_RESEARCH_2.14","MNQ_0.1","MNQ_1Contract_Target150_200","OPF_PROFILE_0.1","20260520-1915-BULL-OBS-001359-Z001359","2026-05-20T19:15:00.0000000",1359,"Long","ZoneBirthResearch","OPF_KNN_SHADOW_1.97","A378B7478A0A4022A525CB66887BDC1D9C540E2A3A7D9C94FBCFA7735D8483D3","",0,False,0,"",0,False,0,"PathMissing","RegimeScore=50;SetupQualityScore=61;InitialRiskPoints=17.5;EstimatedRR=0.3;ATR14=25.5714;ZoneWidth=10.25;ZoneTouchCount=0;PullbackCountInRegime=0;CandleRange=16.75;BodyRatio=0.13432836;CloseLocation=0.40298507;ZoneAge=0;BullScore=50;BearScore=0;TrendStrength=50;Alignment=50;ConfirmRange=0;ConfirmBodyRatio=0;ConfirmCloseLocation=0.5;ConfirmAlignment=0;ConfirmPrevBreak=0;ConfirmZoneReclaim=0;HourSin=-0.94693013;HourCos=0.32143947;DayOfWeek=2","Season=H1;Session=US;ZoneType=BullFVG;ZoneFreshness=Fresh;RegimeBucket=Weak50_69;SetupQualityBucket=Q50_69;RiskBucket=RiskGT15;EstimatedRRBucket=RR_LT_1_0;TimeBucket=Late;SkipPattern=ObservationResearch+Regime+ZoneJustCreated;HasZoneBirthResearch=False;HasObservationConfirmResearch=False;HasObservationStrictResearch=False;HasFailureReverseResearch=False;HasFailureRetestTrigger=False;HasBreakawayQualified=False;ConfirmAvailable=False;ConfirmReason=Unknown"
"OPF-20260725-100040","OPF_0.1","OPF_RESEARCH_2.14","MNQ_0.1","MNQ_1Contract_Target150_200","OPF_PROFILE_0.1","20260520-1915-BULL-OBS-001359-Z001359-OC","2026-05-20T19:20:00.0000000",1360,"Long","ObservationConfirm","OPF_KNN_SHADOW_1.97","A378B7478A0A4022A525CB66887BDC1D9C540E2A3A7D9C94FBCFA7735D8483D3","",0,False,0,"",0,False,0,"PathMissing","RegimeScore=50;SetupQualityScore=76;InitialRiskPoints=21.25;EstimatedRR=4;ATR14=25.0714;ZoneWidth=10.25;ZoneTouchCount=0;PullbackCountInRegime=0;CandleRange=15.25;BodyRatio=0.21311475;CloseLocation=0.57377049;ZoneAge=1;BullScore=50;BearScore=0;TrendStrength=50;Alignment=50;ConfirmRange=15.25;ConfirmBodyRatio=0.21311475;ConfirmCloseLocation=0.57377049;ConfirmAlignment=3.25;ConfirmPrevBreak=-6.25;ConfirmZoneReclaim=10.5;HourSin=-0.93969262;HourCos=0.34202014;DayOfWeek=2","Season=H1;Session=US;ZoneType=BullFVG;ZoneFreshness=Fresh;RegimeBucket=Weak50_69;SetupQualityBucket=Q70_79;RiskBucket=RiskGT15;EstimatedRRBucket=RR_GE_1_5;TimeBucket=Late;SkipPattern=ObservationConfirmResearch+ObservationResearch+ReclaimZoneHigh+Regime+ZoneBirthResearch+ZoneJustCreated;HasZoneBirthResearch=True;HasObservationConfirmResearch=True;HasObservationStrictResearch=False;HasFailureReverseResearch=False;HasFailureRetestTrigger=False;HasBreakawayQualified=False;ConfirmAvailable=True;ConfirmReason=ReclaimZoneHigh"
"OPF-20260725-100040","OPF_0.1","OPF_RESEARCH_2.14","MNQ_0.1","MNQ_1Contract_Target150_200","OPF_PROFILE_0.1","20260520-1915-BULL-OBS-001359-Z001359-OC","2026-05-20T19:20:00.0000000",1360,"Long","ObservationConfirm_WideStop1_5R","OPF_KNN_SHADOW_1.97","A378B7478A0A4022A525CB66887BDC1D9C540E2A3A7D9C94FBCFA7735D8483D3","ProtectBE0_75R_Then2_5R",0.19390422576550942,True,40,"ProtectBE0_75R_Then2_5R",0.10780600436456664,True,40,"","RegimeScore=50;SetupQualityScore=76;InitialRiskPoints=31.88;EstimatedRR=3;ATR14=25.0714;ZoneWidth=10.25;ZoneTouchCount=0;PullbackCountInRegime=0;CandleRange=15.25;BodyRatio=0.21311475;CloseLocation=0.57377049;ZoneAge=1;BullScore=50;BearScore=0;TrendStrength=50;Alignment=50;ConfirmRange=15.25;ConfirmBodyRatio=0.21311475;ConfirmCloseLocation=0.57377049;ConfirmAlignment=3.25;ConfirmPrevBreak=-6.25;ConfirmZoneReclaim=10.5;HourSin=-0.93969262;HourCos=0.34202014;DayOfWeek=2","Season=H1;Session=US;ZoneType=BullFVG;ZoneFreshness=Fresh;RegimeBucket=Weak50_69;SetupQualityBucket=Q70_79;RiskBucket=RiskGT15;EstimatedRRBucket=RR_GE_1_5;TimeBucket=Late;SkipPattern=ObservationConfirmResearch+ObservationResearch+ReclaimZoneHigh+Regime+ZoneBirthResearch+ZoneJustCreated;HasZoneBirthResearch=True;HasObservationConfirmResearch=True;HasObservationStrictResearch=False;HasFailureReverseResearch=False;HasFailureRetestTrigger=False;HasBreakawayQualified=False;ConfirmAvailable=True;ConfirmReason=ReclaimZoneHigh"
"OPF-20260725-100040","OPF_0.1","OPF_RESEARCH_2.14","MNQ_0.1","MNQ_1Contract_Target150_200","OPF_PROFILE_0.1","20260520-1915-BULL-OBS-001359-Z001359-OC-STR","2026-05-20T19:20:00.0000000",1360,"Long","ObservationStrict_BullFresh","OPF_KNN_SHADOW_1.97","A378B7478A0A4022A525CB66887BDC1D9C540E2A3A7D9C94FBCFA7735D8483D3","",0,False,0,"",0,False,0,"PathMissing","RegimeScore=50;SetupQualityScore=76;InitialRiskPoints=21.25;EstimatedRR=1.2;ATR14=25.0714;ZoneWidth=10.25;ZoneTouchCount=0;PullbackCountInRegime=0;CandleRange=15.25;BodyRatio=0.21311475;CloseLocation=0.57377049;ZoneAge=1;BullScore=50;BearScore=0;TrendStrength=50;Alignment=50;ConfirmRange=15.25;ConfirmBodyRatio=0.21311475;ConfirmCloseLocation=0.57377049;ConfirmAlignment=3.25;ConfirmPrevBreak=-6.25;ConfirmZoneReclaim=10.5;HourSin=-0.93969262;HourCos=0.34202014;DayOfWeek=2","Season=H1;Session=US;ZoneType=BullFVG;ZoneFreshness=Fresh;RegimeBucket=Weak50_69;SetupQualityBucket=Q70_79;RiskBucket=RiskGT15;EstimatedRRBucket=RR_GE_1_2;TimeBucket=Late;SkipPattern=ObservationConfirmResearch+ObservationConfirmStrictResearch+ObservationResearch+ObservationStrict_BullFresh+ReclaimZoneHigh+Regime+ZoneBirthResearch+ZoneJustCreated;HasZoneBirthResearch=True;HasObservationConfirmResearch=True;HasObservationStrictResearch=True;HasFailureReverseResearch=False;HasFailureRetestTrigger=False;HasBreakawayQualified=False;ConfirmAvailable=True;ConfirmReason=ReclaimZoneHigh"
"OPF-20260725-100040","OPF_0.1","OPF_RESEARCH_2.14","MNQ_0.1","MNQ_1Contract_Target150_200","OPF_PROFILE_0.1","20260520-1915-BULL-OBS-001359-Z001359-OC-STR","2026-05-20T19:20:00.0000000",1360,"Long","ObservationStrict_BullFresh_WideStop1_5R","OPF_KNN_SHADOW_1.97","A378B7478A0A4022A525CB66887BDC1D9C540E2A3A7D9C94FBCFA7735D8483D3","ProtectBE0_75R_Then2_5R",1.2022076244352755,True,10,"ProtectBE0_75R_Then2_5R",0.13334273140022726,True,10,"","RegimeScore=50;SetupQualityScore=76;InitialRiskPoints=31.88;EstimatedRR=0.0471;ATR14=25.0714;ZoneWidth=10.25;ZoneTouchCount=0;PullbackCountInRegime=0;CandleRange=15.25;BodyRatio=0.21311475;CloseLocation=0.57377049;ZoneAge=1;BullScore=50;BearScore=0;TrendStrength=50;Alignment=50;ConfirmRange=15.25;ConfirmBodyRatio=0.21311475;ConfirmCloseLocation=0.57377049;ConfirmAlignment=3.25;ConfirmPrevBreak=-6.25;ConfirmZoneReclaim=10.5;HourSin=-0.93969262;HourCos=0.34202014;DayOfWeek=2","Season=H1;Session=US;ZoneType=BullFVG;ZoneFreshness=Fresh;RegimeBucket=Weak50_69;SetupQualityBucket=Q70_79;RiskBucket=RiskGT15;EstimatedRRBucket=RR_LT_1_0;TimeBucket=Late;SkipPattern=ObservationConfirmResearch+ObservationConfirmStrictResearch+ObservationResearch+ObservationStrict_BullFresh+ReclaimZoneHigh+Regime+ZoneBirthResearch+ZoneJustCreated;HasZoneBirthResearch=True;HasObservationConfirmResearch=True;HasObservationStrictResearch=True;HasFailureReverseResearch=False;HasFailureRetestTrigger=False;HasBreakawayQualified=False;ConfirmAvailable=True;ConfirmReason=ReclaimZoneHigh"
"OPF-20260725-100040","OPF_0.1","OPF_RESEARCH_2.14","MNQ_0.1","MNQ_1Contract_Target150_200","OPF_PROFILE_0.1","20260520-1925-BULL-PB-001361-Z001359","2026-05-20T19:25:00.0000000",1361,"Long","AlmostConfirmed","OPF_KNN_SHADOW_1.97","A378B7478A0A4022A525CB66887BDC1D9C540E2A3A7D9C94FBCFA7735D8483D3","Fixed2_5R",0.8744151525213125,True,38,"Fixed2_5R",0.28098886631007025,True,38,"","RegimeScore=70;SetupQualityScore=69;InitialRiskPoints=18.5;EstimatedRR=0.2297;ATR14=25.1429;ZoneWidth=10.25;ZoneTouchCount=1;PullbackCountInRegime=1;CandleRange=20;BodyRatio=0.1625;CloseLocation=0.5625;ZoneAge=2;BullScore=70;BearScore=10;TrendStrength=70;Alignment=60;ConfirmRange=0;ConfirmBodyRatio=0;ConfirmCloseLocation=0.5;ConfirmAlignment=0;ConfirmPrevBreak=0;ConfirmZoneReclaim=0;HourSin=-0.93200787;HourCos=0.36243804;DayOfWeek=2","Season=H1;Session=US;ZoneType=BullFVG;ZoneFreshness=SecondTouch;RegimeBucket=Passed;SetupQualityBucket=Q50_69;RiskBucket=RiskGT15;EstimatedRRBucket=RR_LT_1_0;TimeBucket=Late;SkipPattern=ZoneTouch;HasZoneBirthResearch=False;HasObservationConfirmResearch=False;HasObservationStrictResearch=False;HasFailureReverseResearch=False;HasFailureRetestTrigger=False;HasBreakawayQualified=False;ConfirmAvailable=False;ConfirmReason=Unknown"
"OPF-20260725-100040","OPF_0.1","OPF_RESEARCH_2.14","MNQ_0.1","MNQ_1Contract_Target150_200","OPF_PROFILE_0.1","20260520-1925-BULL-PB-001361-Z001359-TRG","2026-05-20T19:35:00.0000000",1363,"Long","TrendPullbackConfirmed","OPF_KNN_SHADOW_1.97","A378B7478A0A4022A525CB66887BDC1D9C540E2A3A7D9C94FBCFA7735D8483D3","",0,False,0,"",0,False,0,"PathMissing","RegimeScore=70;SetupQualityScore=92;InitialRiskPoints=38.25;EstimatedRR=1.5001;ATR14=25.3036;ZoneWidth=10.25;ZoneTouchCount=1;PullbackCountInRegime=1;CandleRange=44.5;BodyRatio=0.46067416;CloseLocation=0.64044944;ZoneAge=4;BullScore=70;BearScore=10;TrendStrength=70;Alignment=60;ConfirmRange=0;ConfirmBodyRatio=0;ConfirmCloseLocation=0.5;ConfirmAlignment=0;ConfirmPrevBreak=0;ConfirmZoneReclaim=0;HourSin=-0.91531148;HourCos=0.40274669;DayOfWeek=2","Season=H1;Session=US;ZoneType=BullFVG;ZoneFreshness=SecondTouch;RegimeBucket=Passed;SetupQualityBucket=Q80Plus;RiskBucket=RiskGT15;EstimatedRRBucket=RR_GE_1_5;TimeBucket=Late;SkipPattern=ConfirmBar+ReclaimZoneHigh+TrendPullbackConfirmed+TriggeredAfterConfirmRetrace;HasZoneBirthResearch=False;HasObservationConfirmResearch=False;HasObservationStrictResearch=False;HasFailureReverseResearch=False;HasFailureRetestTrigger=False;HasBreakawayQualified=False;ConfirmAvailable=False;ConfirmReason=Unknown"
"OPF-20260725-100040","OPF_0.1","OPF_RESEARCH_2.14","MNQ_0.1","MNQ_1Contract_Target150_200","OPF_PROFILE_0.1","20260520-1930-BULL-SHD-001362-Z001359","2026-05-20T19:35:00.0000000",1363,"Long","ShadowCandidate","OPF_KNN_SHADOW_1.97","A378B7478A0A4022A525CB66887BDC1D9C540E2A3A7D9C94FBCFA7735D8483D3","",0,False,0,"",0,False,0,"PathMissing","RegimeScore=70;SetupQualityScore=65;InitialRiskPoints=38.25;EstimatedRR=1.5001;ATR14=25.3036;ZoneWidth=10.25;ZoneTouchCount=2;PullbackCountInRegime=1;CandleRange=44.5;BodyRatio=0.46067416;CloseLocation=0.64044944;ZoneAge=4;BullScore=70;BearScore=10;TrendStrength=70;Alignment=60;ConfirmRange=0;ConfirmBodyRatio=0;ConfirmCloseLocation=0.5;ConfirmAlignment=0;ConfirmPrevBreak=0;ConfirmZoneReclaim=0;HourSin=-0.91531148;HourCos=0.40274669;DayOfWeek=2","Season=H1;Session=US;ZoneType=BullFVG;ZoneFreshness=ThirdTouch;RegimeBucket=Passed;SetupQualityBucket=Q50_69;RiskBucket=RiskGT15;EstimatedRRBucket=RR_GE_1_5;TimeBucket=Late;SkipPattern=ReclaimZoneHigh+ShadowCandidateResearch+ZoneMitigated;HasZoneBirthResearch=False;HasObservationConfirmResearch=False;HasObservationStrictResearch=False;HasFailureReverseResearch=False;HasFailureRetestTrigger=False;HasBreakawayQualified=False;ConfirmAvailable=False;ConfirmReason=Unknown"
"OPF-20260725-100040","OPF_0.1","OPF_RESEARCH_2.14","MNQ_0.1","MNQ_1Contract_Target150_200","OPF_PROFILE_0.1","20260520-1925-BULL-PB-001361-Z001359-SCB","2026-05-20T19:35:00.0000000",1363,"Long","StructureConfirmShadow","OPF_KNN_SHADOW_1.97","A378B7478A0A4022A525CB66887BDC1D9C540E2A3A7D9C94FBCFA7735D8483D3","",0,False,0,"",0,False,0,"PathMissing","RegimeScore=70;SetupQualityScore=91;InitialRiskPoints=38.25;EstimatedRR=0;ATR14=25.3036;ZoneWidth=10.25;ZoneTouchCount=1;PullbackCountInRegime=1;CandleRange=44.5;BodyRatio=0.46067416;CloseLocation=0.64044944;ZoneAge=4;BullScore=70;BearScore=10;TrendStrength=70;Alignment=60;ConfirmRange=0;ConfirmBodyRatio=0;ConfirmCloseLocation=0.5;ConfirmAlignment=0;ConfirmPrevBreak=0;ConfirmZoneReclaim=0;HourSin=-0.91531148;HourCos=0.40274669;DayOfWeek=2","Season=H1;Session=US;ZoneType=BullFVG;ZoneFreshness=SecondTouch;RegimeBucket=Passed;SetupQualityBucket=Q80Plus;RiskBucket=RiskGT15;EstimatedRRBucket=RR_LT_1_0;TimeBucket=Late;SkipPattern=CandidateAfterRetest+MicroBos3BreakHigh+StructureConfirmShadowResearch;HasZoneBirthResearch=False;HasObservationConfirmResearch=False;HasObservationStrictResearch=False;HasFailureReverseResearch=False;HasFailureRetestTrigger=False;HasBreakawayQualified=False;ConfirmAvailable=False;ConfirmReason=Unknown"
"OPF-20260725-100040","OPF_0.1","OPF_RESEARCH_2.14","MNQ_0.1","MNQ_1Contract_Target150_200","OPF_PROFILE_0.1","20260520-1940-BULL-BRK-001364-Z001364","2026-05-20T19:40:00.0000000",1364,"Long","BreakawayFvg","OPF_KNN_SHADOW_1.97","A378B7478A0A4022A525CB66887BDC1D9C540E2A3A7D9C94FBCFA7735D8483D3","",0,False,0,"",0,False,0,"PathMissing","RegimeScore=70;SetupQualityScore=85;InitialRiskPoints=7;EstimatedRR=1.5;ATR14=25;ZoneWidth=1;ZoneTouchCount=0;PullbackCountInRegime=0;CandleRange=14.5;BodyRatio=0.44827586;CloseLocation=0.37931034;ZoneAge=0;BullScore=70;BearScore=10;TrendStrength=70;Alignment=60;ConfirmRange=0;ConfirmBodyRatio=0;ConfirmCloseLocation=0.5;ConfirmAlignment=0;ConfirmPrevBreak=0;ConfirmZoneReclaim=0;HourSin=-0.90630779;HourCos=0.42261826;DayOfWeek=2","Season=H1;Session=US;ZoneType=BullFVG;ZoneFreshness=Fresh;RegimeBucket=Passed;SetupQualityBucket=Q80Plus;RiskBucket=RiskLE8_5;EstimatedRRBucket=RR_GE_1_5;TimeBucket=Late;SkipPattern=BreakawayFvgResearch;HasZoneBirthResearch=False;HasObservationConfirmResearch=False;HasObservationStrictResearch=False;HasFailureReverseResearch=False;HasFailureRetestTrigger=False;HasBreakawayQualified=False;ConfirmAvailable=False;ConfirmReason=Unknown"
"OPF-20260725-100040","OPF_0.1","OPF_RESEARCH_2.14","MNQ_0.1","MNQ_1Contract_Target150_200","OPF_PROFILE_0.1","20260520-1940-BULL-OBS-001364-Z001364","2026-05-20T19:40:00.0000000",1364,"Long","ZoneBirthResearch","OPF_KNN_SHADOW_1.97","A378B7478A0A4022A525CB66887BDC1D9C540E2A3A7D9C94FBCFA7735D8483D3","",0,False,0,"",0,False,0,"PathMissing","RegimeScore=70;SetupQualityScore=75;InitialRiskPoints=7;EstimatedRR=3.2857;ATR14=25;ZoneWidth=1;ZoneTouchCount=0;PullbackCountInRegime=0;CandleRange=14.5;BodyRatio=0.44827586;CloseLocation=0.37931034;ZoneAge=0;BullScore=70;BearScore=10;TrendStrength=70;Alignment=60;ConfirmRange=0;ConfirmBodyRatio=0;ConfirmCloseLocation=0.5;ConfirmAlignment=0;ConfirmPrevBreak=0;ConfirmZoneReclaim=0;HourSin=-0.90630779;HourCos=0.42261826;DayOfWeek=2","Season=H1;Session=US;ZoneType=BullFVG;ZoneFreshness=Fresh;RegimeBucket=Passed;SetupQualityBucket=Q70_79;RiskBucket=RiskLE8_5;EstimatedRRBucket=RR_GE_1_5;TimeBucket=Late;SkipPattern=ObservationResearch+Regime+ZoneJustCreated;HasZoneBirthResearch=False;HasObservationConfirmResearch=False;HasObservationStrictResearch=False;HasFailureReverseResearch=False;HasFailureRetestTrigger=False;HasBreakawayQualified=False;ConfirmAvailable=False;ConfirmReason=Unknown"
"OPF-20260725-100040","OPF_0.1","OPF_RESEARCH_2.14","MNQ_0.1","MNQ_1Contract_Target150_200","OPF_PROFILE_0.1","20260520-1945-BULL-PB-001365-Z001364","2026-05-20T19:45:00.0000000",1365,"Long","AlmostConfirmed","OPF_KNN_SHADOW_1.97","A378B7478A0A4022A525CB66887BDC1D9C540E2A3A7D9C94FBCFA7735D8483D3","Fixed2_5R",0.900972887047724,True,38,"Fixed2_5R",0.29885540703074825,True,38,"","RegimeScore=70;SetupQualityScore=76;InitialRiskPoints=12.5;EstimatedRR=0.28;ATR14=24.3929;ZoneWidth=1;ZoneTouchCount=0;PullbackCountInRegime=2;CandleRange=27.5;BodyRatio=0.2;CloseLocation=0.50909091;ZoneAge=1;BullScore=50;BearScore=0;TrendStrength=50;Alignment=50;ConfirmRange=0;ConfirmBodyRatio=0;ConfirmCloseLocation=0.5;ConfirmAlignment=0;ConfirmPrevBreak=0;ConfirmZoneReclaim=0;HourSin=-0.89687274;HourCos=0.44228869;DayOfWeek=2","Season=H1;Session=US;ZoneType=BullFVG;ZoneFreshness=Fresh;RegimeBucket=Passed;SetupQualityBucket=Q70_79;RiskBucket=RiskLE15;EstimatedRRBucket=RR_LT_1_0;TimeBucket=Late;SkipPattern=MainlineRetest;HasZoneBirthResearch=False;HasObservationConfirmResearch=False;HasObservationStrictResearch=False;HasFailureReverseResearch=False;HasFailureRetestTrigger=False;HasBreakawayQualified=False;ConfirmAvailable=False;ConfirmReason=Unknown"
"OPF-20260725-100040","OPF_0.1","OPF_RESEARCH_2.14","MNQ_0.1","MNQ_1Contract_Target150_200","OPF_PROFILE_0.1","20260520-1940-BULL-SHD-001364-Z001364","2026-05-20T19:45:00.0000000",1365,"Long","ShadowCandidate","OPF_KNN_SHADOW_1.97","A378B7478A0A4022A525CB66887BDC1D9C540E2A3A7D9C94FBCFA7735D8483D3","",0,False,0,"",0,False,0,"PathMissing","RegimeScore=70;SetupQualityScore=75;InitialRiskPoints=12.5;EstimatedRR=1.5;ATR14=24.3929;ZoneWidth=1;ZoneTouchCount=0;PullbackCountInRegime=2;CandleRange=27.5;BodyRatio=0.2;CloseLocation=0.50909091;ZoneAge=1;BullScore=50;BearScore=0;TrendStrength=50;Alignment=50;ConfirmRange=0;ConfirmBodyRatio=0;ConfirmCloseLocation=0.5;ConfirmAlignment=0;ConfirmPrevBreak=0;ConfirmZoneReclaim=0;HourSin=-0.89687274;HourCos=0.44228869;DayOfWeek=2","Season=H1;Session=US;ZoneType=BullFVG;ZoneFreshness=Fresh;RegimeBucket=Passed;SetupQualityBucket=Q70_79;RiskBucket=RiskLE15;EstimatedRRBucket=RR_GE_1_5;TimeBucket=Late;SkipPattern=ReclaimZoneHigh+ShadowCandidateResearch+ZoneJustCreated;HasZoneBirthResearch=False;HasObservationConfirmResearch=False;HasObservationStrictResearch=False;HasFailureReverseResearch=False;HasFailureRetestTrigger=False;HasBreakawayQualified=False;ConfirmAvailable=False;ConfirmReason=Unknown"
"OPF-20260725-100040","OPF_0.1","OPF_RESEARCH_2.14","MNQ_0.1","MNQ_1Contract_Target150_200","OPF_PROFILE_0.1","20260520-1940-BULL-OBS-001364-Z001364-OC","2026-05-20T19:45:00.0000000",1365,"Long","ObservationConfirm","OPF_KNN_SHADOW_1.97","A378B7478A0A4022A525CB66887BDC1D9C540E2A3A7D9C94FBCFA7735D8483D3","",0,False,0,"",0,False,0,"PathMissing","RegimeScore=70;SetupQualityScore=96;InitialRiskPoints=12.5;EstimatedRR=4;ATR14=24.3929;ZoneWidth=1;ZoneTouchCount=0;PullbackCountInRegime=2;CandleRange=27.5;BodyRatio=0.2;CloseLocation=0.50909091;ZoneAge=1;BullScore=50;BearScore=0;TrendStrength=50;Alignment=50;ConfirmRange=27.5;ConfirmBodyRatio=0.2;ConfirmCloseLocation=0.50909091;ConfirmAlignment=5.5;ConfirmPrevBreak=-3.5;ConfirmZoneReclaim=11;HourSin=-0.89687274;HourCos=0.44228869;DayOfWeek=2","Season=H1;Session=US;ZoneType=BullFVG;ZoneFreshness=Fresh;RegimeBucket=Passed;SetupQualityBucket=Q80Plus;RiskBucket=RiskLE15;EstimatedRRBucket=RR_GE_1_5;TimeBucket=Late;SkipPattern=ObservationConfirmResearch+ObservationResearch+ReclaimZoneHigh+Regime+ZoneBirthResearch+ZoneJustCreated;HasZoneBirthResearch=True;HasObservationConfirmResearch=True;HasObservationStrictResearch=False;HasFailureReverseResearch=False;HasFailureRetestTrigger=False;HasBreakawayQualified=False;ConfirmAvailable=True;ConfirmReason=ReclaimZoneHigh"
"OPF-20260725-100040","OPF_0.1","OPF_RESEARCH_2.14","MNQ_0.1","MNQ_1Contract_Target150_200","OPF_PROFILE_0.1","20260520-1940-BULL-OBS-001364-Z001364-OC","2026-05-20T19:45:00.0000000",1365,"Long","ObservationConfirm_WideStop1_5R","OPF_KNN_SHADOW_1.97","A378B7478A0A4022A525CB66887BDC1D9C540E2A3A7D9C94FBCFA7735D8483D3","ProtectBE1R_Then2_5R",-0.04670566538603536,False,40,"ProtectBE1R_Then2_5R",0.03344726179871752,False,40,"","RegimeScore=70;SetupQualityScore=96;InitialRiskPoints=18.75;EstimatedRR=3;ATR14=24.3929;ZoneWidth=1;ZoneTouchCount=0;PullbackCountInRegime=2;CandleRange=27.5;BodyRatio=0.2;CloseLocation=0.50909091;ZoneAge=1;BullScore=50;BearScore=0;TrendStrength=50;Alignment=50;ConfirmRange=27.5;ConfirmBodyRatio=0.2;ConfirmCloseLocation=0.50909091;ConfirmAlignment=5.5;ConfirmPrevBreak=-3.5;ConfirmZoneReclaim=11;HourSin=-0.89687274;HourCos=0.44228869;DayOfWeek=2","Season=H1;Session=US;ZoneType=BullFVG;ZoneFreshness=Fresh;RegimeBucket=Passed;SetupQualityBucket=Q80Plus;RiskBucket=RiskGT15;EstimatedRRBucket=RR_GE_1_5;TimeBucket=Late;SkipPattern=20260520-1945-Long-1365+ObservationConfirmResearch+ObservationConfirm_WideStop1_5R+ObservationResearch+ReclaimZoneHigh+Regime+ReplayExecuted+ZoneBirthResearch+ZoneJustCreated;HasZoneBirthResearch=True;HasObservationConfirmResearch=True;HasObservationStrictResearch=False;HasFailureReverseResearch=False;HasFailureRetestTrigger=False;HasBreakawayQualified=False;ConfirmAvailable=True;ConfirmReason=ReclaimZoneHigh"
"OPF-20260725-100040","OPF_0.1","OPF_RESEARCH_2.14","MNQ_0.1","MNQ_1Contract_Target150_200","OPF_PROFILE_0.1","20260520-1945-BULL-OBS-001365-Z001364","2026-05-20T19:45:00.0000000",1365,"Long","UnknownRegimeZoneTouch","OPF_KNN_SHADOW_1.97","A378B7478A0A4022A525CB66887BDC1D9C540E2A3A7D9C94FBCFA7735D8483D3","",0,False,0,"",0,False,0,"PathMissing","RegimeScore=50;SetupQualityScore=53;InitialRiskPoints=12.5;EstimatedRR=1.5;ATR14=24.3929;ZoneWidth=1;ZoneTouchCount=1;PullbackCountInRegime=2;CandleRange=27.5;BodyRatio=0.2;CloseLocation=0.50909091;ZoneAge=1;BullScore=50;BearScore=0;TrendStrength=50;Alignment=50;ConfirmRange=0;ConfirmBodyRatio=0;ConfirmCloseLocation=0.5;ConfirmAlignment=0;ConfirmPrevBreak=0;ConfirmZoneReclaim=0;HourSin=-0.89687274;HourCos=0.44228869;DayOfWeek=2","Season=H1;Session=US;ZoneType=BullFVG;ZoneFreshness=SecondTouch;RegimeBucket=Weak50_69;SetupQualityBucket=Q50_69;RiskBucket=RiskLE15;EstimatedRRBucket=RR_GE_1_5;TimeBucket=Late;SkipPattern=ObservationResearch+Regime+RegimeUnknown;HasZoneBirthResearch=False;HasObservationConfirmResearch=False;HasObservationStrictResearch=False;HasFailureReverseResearch=False;HasFailureRetestTrigger=False;HasBreakawayQualified=False;ConfirmAvailable=False;ConfirmReason=Unknown"
"OPF-20260725-100040","OPF_0.1","OPF_RESEARCH_2.14","MNQ_0.1","MNQ_1Contract_Target150_200","OPF_PROFILE_0.1","20260520-1945-BULL-OBS-001365-Z001364-OC","2026-05-20T19:50:00.0000000",1366,"Long","ObservationConfirm","OPF_KNN_SHADOW_1.97","A378B7478A0A4022A525CB66887BDC1D9C540E2A3A7D9C94FBCFA7735D8483D3","",0,False,0,"",0,False,0,"PathMissing","RegimeScore=50;SetupQualityScore=68;InitialRiskPoints=16.5;EstimatedRR=4;ATR14=24.8214;ZoneWidth=1;ZoneTouchCount=1;PullbackCountInRegime=0;CandleRange=47.75;BodyRatio=0.08900524;CloseLocation=0.56020942;ZoneAge=2;BullScore=50;BearScore=0;TrendStrength=50;Alignment=50;ConfirmRange=47.75;ConfirmBodyRatio=0.08900524;ConfirmCloseLocation=0.56020942;ConfirmAlignment=4.25;ConfirmPrevBreak=-9.5;ConfirmZoneReclaim=15;HourSin=-0.88701083;HourCos=0.46174861;DayOfWeek=2","Season=H1;Session=US;ZoneType=BullFVG;ZoneFreshness=SecondTouch;RegimeBucket=Weak50_69;SetupQualityBucket=Q50_69;RiskBucket=RiskGT15;EstimatedRRBucket=RR_GE_1_5;TimeBucket=Late;SkipPattern=ObservationConfirmResearch+ObservationResearch+ReclaimZoneHigh+Regime+RegimeUnknown+UnknownRegimeZoneTouch;HasZoneBirthResearch=False;HasObservationConfirmResearch=True;HasObservationStrictResearch=False;HasFailureReverseResearch=False;HasFailureRetestTrigger=False;HasBreakawayQualified=False;ConfirmAvailable=True;ConfirmReason=ReclaimZoneHigh"
"OPF-20260725-100040","OPF_0.1","OPF_RESEARCH_2.14","MNQ_0.1","MNQ_1Contract_Target150_200","OPF_PROFILE_0.1","20260520-1945-BULL-OBS-001365-Z001364-OC","2026-05-20T19:50:00.0000000",1366,"Long","ObservationConfirm_WideStop1_5R","OPF_KNN_SHADOW_1.97","A378B7478A0A4022A525CB66887BDC1D9C540E2A3A7D9C94FBCFA7735D8483D3","ProtectBE0_75R_Then2_5R",0.39853324888986796,True,40,"Fixed2R",0.15449933980894562,True,40,"","RegimeScore=50;SetupQualityScore=68;InitialRiskPoints=24.75;EstimatedRR=3;ATR14=24.8214;ZoneWidth=1;ZoneTouchCount=1;PullbackCountInRegime=0;CandleRange=47.75;BodyRatio=0.08900524;CloseLocation=0.56020942;ZoneAge=2;BullScore=50;BearScore=0;TrendStrength=50;Alignment=50;ConfirmRange=47.75;ConfirmBodyRatio=0.08900524;ConfirmCloseLocation=0.56020942;ConfirmAlignment=4.25;ConfirmPrevBreak=-9.5;ConfirmZoneReclaim=15;HourSin=-0.88701083;HourCos=0.46174861;DayOfWeek=2","Season=H1;Session=US;ZoneType=BullFVG;ZoneFreshness=SecondTouch;RegimeBucket=Weak50_69;SetupQualityBucket=Q50_69;RiskBucket=RiskGT15;EstimatedRRBucket=RR_GE_1_5;TimeBucket=Late;SkipPattern=ObservationConfirmResearch+ObservationResearch+ReclaimZoneHigh+Regime+RegimeUnknown+UnknownRegimeZoneTouch;HasZoneBirthResearch=False;HasObservationConfirmResearch=True;HasObservationStrictResearch=False;HasFailureReverseResearch=False;HasFailureRetestTrigger=False;HasBreakawayQualified=False;ConfirmAvailable=True;ConfirmReason=ReclaimZoneHigh"
"OPF-20260725-100040","OPF_0.1","OPF_RESEARCH_2.14","MNQ_0.1","MNQ_1Contract_Target150_200","OPF_PROFILE_0.1","20260520-1940-BULL-SHD-001364-Z001364-SCB","2026-05-20T19:55:00.0000000",1367,"Long","StructureConfirmShadow","OPF_KNN_SHADOW_1.97","A378B7478A0A4022A525CB66887BDC1D9C540E2A3A7D9C94FBCFA7735D8483D3","",0,False,0,"",0,False,0,"PathMissing","RegimeScore=70;SetupQualityScore=95;InitialRiskPoints=48.75;EstimatedRR=0;ATR14=26.4286;ZoneWidth=1;ZoneTouchCount=0;PullbackCountInRegime=0;CandleRange=45.75;BodyRatio=0.70491803;CloseLocation=0.98360656;ZoneAge=3;BullScore=50;BearScore=0;TrendStrength=50;Alignment=50;ConfirmRange=0;ConfirmBodyRatio=0;ConfirmCloseLocation=0.5;ConfirmAlignment=0;ConfirmPrevBreak=0;ConfirmZoneReclaim=0;HourSin=-0.87672676;HourCos=0.48098877;DayOfWeek=2","Season=H1;Session=US;ZoneType=BullFVG;ZoneFreshness=Fresh;RegimeBucket=Passed;SetupQualityBucket=Q80Plus;RiskBucket=RiskGT15;EstimatedRRBucket=RR_LT_1_0;TimeBucket=Late;SkipPattern=MicroBos3BreakHigh+ShadowAfterRetest+StructureConfirmShadowResearch;HasZoneBirthResearch=False;HasObservationConfirmResearch=False;HasObservationStrictResearch=False;HasFailureReverseResearch=False;HasFailureRetestTrigger=False;HasBreakawayQualified=False;ConfirmAvailable=False;ConfirmReason=Unknown"
"OPF-20260725-100040","OPF_0.1","OPF_RESEARCH_2.14","MNQ_0.1","MNQ_1Contract_Target150_200","OPF_PROFILE_0.1","20260520-1945-BULL-PB-001365-Z001364-SCB","2026-05-20T19:55:00.0000000",1367,"Long","StructureConfirmShadow","OPF_KNN_SHADOW_1.97","A378B7478A0A4022A525CB66887BDC1D9C540E2A3A7D9C94FBCFA7735D8483D3","",0,False,0,"",0,False,0,"PathMissing","RegimeScore=70;SetupQualityScore=95;InitialRiskPoints=48.75;EstimatedRR=0;ATR14=26.4286;ZoneWidth=1;ZoneTouchCount=0;PullbackCountInRegime=0;CandleRange=45.75;BodyRatio=0.70491803;CloseLocation=0.98360656;ZoneAge=3;BullScore=50;BearScore=0;TrendStrength=50;Alignment=50;ConfirmRange=0;ConfirmBodyRatio=0;ConfirmCloseLocation=0.5;ConfirmAlignment=0;ConfirmPrevBreak=0;ConfirmZoneReclaim=0;HourSin=-0.87672676;HourCos=0.48098877;DayOfWeek=2","Season=H1;Session=US;ZoneType=BullFVG;ZoneFreshness=Fresh;RegimeBucket=Passed;SetupQualityBucket=Q80Plus;RiskBucket=RiskGT15;EstimatedRRBucket=RR_LT_1_0;TimeBucket=Late;SkipPattern=CandidateAfterRetest+MicroBos3BreakHigh+StructureConfirmShadowResearch;HasZoneBirthResearch=False;HasObservationConfirmResearch=False;HasObservationStrictResearch=False;HasFailureReverseResearch=False;HasFailureRetestTrigger=False;HasBreakawayQualified=False;ConfirmAvailable=False;ConfirmReason=Unknown"
"OPF-20260725-100040","OPF_0.1","OPF_RESEARCH_2.14","MNQ_0.1","MNQ_1Contract_Target150_200","OPF_PROFILE_0.1","20260520-1930-BULL-SHD-001362-Z001359-SCB","2026-05-20T19:55:00.0000000",1367,"Long","StructureConfirmShadow","OPF_KNN_SHADOW_1.97","A378B7478A0A4022A525CB66887BDC1D9C540E2A3A7D9C94FBCFA7735D8483D3","",0,False,0,"",0,False,0,"PathMissing","RegimeScore=70;SetupQualityScore=79;InitialRiskPoints=73;EstimatedRR=0;ATR14=26.4286;ZoneWidth=10.25;ZoneTouchCount=2;PullbackCountInRegime=0;CandleRange=45.75;BodyRatio=0.70491803;CloseLocation=0.98360656;ZoneAge=8;BullScore=50;BearScore=0;TrendStrength=50;Alignment=50;ConfirmRange=0;ConfirmBodyRatio=0;ConfirmCloseLocation=0.5;ConfirmAlignment=0;ConfirmPrevBreak=0;ConfirmZoneReclaim=0;HourSin=-0.87672676;HourCos=0.48098877;DayOfWeek=2","Season=H1;Session=US;ZoneType=BullFVG;ZoneFreshness=ThirdTouch;RegimeBucket=Passed;SetupQualityBucket=Q70_79;RiskBucket=RiskGT15;EstimatedRRBucket=RR_LT_1_0;TimeBucket=Late;SkipPattern=MicroBos3BreakHigh+ShadowAfterRetest+StructureConfirmShadowResearch;HasZoneBirthResearch=False;HasObservationConfirmResearch=False;HasObservationStrictResearch=False;HasFailureReverseResearch=False;HasFailureRetestTrigger=False;HasBreakawayQualified=False;ConfirmAvailable=False;ConfirmReason=Unknown"
"OPF-20260725-100040","OPF_0.1","OPF_RESEARCH_2.14","MNQ_0.1","MNQ_1Contract_Target150_200","OPF_PROFILE_0.1","20260520-2050-BULL-OBS-001378-Z001335","2026-05-20T20:50:00.0000000",1378,"Long","UnknownRegimeZoneTouch","OPF_KNN_SHADOW_1.97","A378B7478A0A4022A525CB66887BDC1D9C540E2A3A7D9C94FBCFA7735D8483D3","",0,False,0,"",0,False,0,"PathMissing","RegimeScore=30;SetupQualityScore=19;InitialRiskPoints=6.5;EstimatedRR=8.3846;ATR14=49.75;ZoneWidth=1.25;ZoneTouchCount=3;PullbackCountInRegime=0;CandleRange=50.5;BodyRatio=0.68811881;CloseLocation=0.26732673;ZoneAge=43;BullScore=50;BearScore=20;TrendStrength=50;Alignment=30;ConfirmRange=0;ConfirmBodyRatio=0;ConfirmCloseLocation=0.5;ConfirmAlignment=0;ConfirmPrevBreak=0;ConfirmZoneReclaim=0;HourSin=-0.73727734;HourCos=0.67559021;DayOfWeek=2","Season=H1;Session=Late;ZoneType=BullFVG;ZoneFreshness=Mitigated;RegimeBucket=WeakLT50;SetupQualityBucket=QLT50;RiskBucket=RiskLE8_5;EstimatedRRBucket=RR_GE_1_5;TimeBucket=Late;SkipPattern=ObservationResearch+Regime+RegimeUnknown;HasZoneBirthResearch=False;HasObservationConfirmResearch=False;HasObservationStrictResearch=False;HasFailureReverseResearch=False;HasFailureRetestTrigger=False;HasBreakawayQualified=False;ConfirmAvailable=False;ConfirmReason=Unknown"
"OPF-20260725-100040","OPF_0.1","OPF_RESEARCH_2.14","MNQ_0.1","MNQ_1Contract_Target150_200","OPF_PROFILE_0.1","20260520-2050-BULL-OBS-001378-Z001335-OC","2026-05-20T20:55:00.0000000",1379,"Long","ObservationConfirm","OPF_KNN_SHADOW_1.97","A378B7478A0A4022A525CB66887BDC1D9C540E2A3A7D9C94FBCFA7735D8483D3","",0,False,0,"",0,False,0,"PathMissing","RegimeScore=30;SetupQualityScore=40;InitialRiskPoints=19;EstimatedRR=4;ATR14=50.4643;ZoneWidth=1.25;ZoneTouchCount=3;PullbackCountInRegime=0;CandleRange=37.5;BodyRatio=0.35333333;CloseLocation=0.42;ZoneAge=44;BullScore=50;BearScore=20;TrendStrength=50;Alignment=30;ConfirmRange=37.5;ConfirmBodyRatio=0.35333333;ConfirmCloseLocation=0.42;ConfirmAlignment=13.25;ConfirmPrevBreak=-24.5;ConfirmZoneReclaim=17.25;HourSin=-0.72236396;HourCos=0.69151306;DayOfWeek=2","Season=H1;Session=Late;ZoneType=BullFVG;ZoneFreshness=Mitigated;RegimeBucket=WeakLT50;SetupQualityBucket=QLT50;RiskBucket=RiskGT15;EstimatedRRBucket=RR_GE_1_5;TimeBucket=Late;SkipPattern=ObservationConfirmResearch+ObservationResearch+ReclaimZoneHigh+Regime+RegimeUnknown+UnknownRegimeZoneTouch;HasZoneBirthResearch=False;HasObservationConfirmResearch=True;HasObservationStrictResearch=False;HasFailureReverseResearch=False;HasFailureRetestTrigger=False;HasBreakawayQualified=False;ConfirmAvailable=True;ConfirmReason=ReclaimZoneHigh"
"OPF-20260725-100040","OPF_0.1","OPF_RESEARCH_2.14","MNQ_0.1","MNQ_1Contract_Target150_200","OPF_PROFILE_0.1","20260520-2050-BULL-OBS-001378-Z001335-OC","2026-05-20T20:55:00.0000000",1379,"Long","ObservationConfirm_WideStop1_5R","OPF_KNN_SHADOW_1.97","A378B7478A0A4022A525CB66887BDC1D9C540E2A3A7D9C94FBCFA7735D8483D3","ProtectBE1R_Then2_5R",0.4102486616643815,True,40,"ProtectBE1R_Then2_5R",0.13712850771072413,True,40,"","RegimeScore=30;SetupQualityScore=40;InitialRiskPoints=28.5;EstimatedRR=3;ATR14=50.4643;ZoneWidth=1.25;ZoneTouchCount=3;PullbackCountInRegime=0;CandleRange=37.5;BodyRatio=0.35333333;CloseLocation=0.42;ZoneAge=44;BullScore=50;BearScore=20;TrendStrength=50;Alignment=30;ConfirmRange=37.5;ConfirmBodyRatio=0.35333333;ConfirmCloseLocation=0.42;ConfirmAlignment=13.25;ConfirmPrevBreak=-24.5;ConfirmZoneReclaim=17.25;HourSin=-0.72236396;HourCos=0.69151306;DayOfWeek=2","Season=H1;Session=Late;ZoneType=BullFVG;ZoneFreshness=Mitigated;RegimeBucket=WeakLT50;SetupQualityBucket=QLT50;RiskBucket=RiskGT15;EstimatedRRBucket=RR_GE_1_5;TimeBucket=Late;SkipPattern=ObservationConfirmResearch+ObservationResearch+ReclaimZoneHigh+Regime+RegimeUnknown+UnknownRegimeZoneTouch;HasZoneBirthResearch=False;HasObservationConfirmResearch=True;HasObservationStrictResearch=False;HasFailureReverseResearch=False;HasFailureRetestTrigger=False;HasBreakawayQualified=False;ConfirmAvailable=True;ConfirmReason=ReclaimZoneHigh"
