SnapshotID,TradeID,SignalID,EntryTime,ExitTime,TradingDate,Month,Side,ResearchPath,InitialRiskPoints,FilledRiskPoints,RiskGateBlocked,DeferredGateBlocked,Source,Priority,Classification,CountsTowardLimit,CountsTowardGross,Gross3,Net3,ParentTradeID,ExitReason,Week,Mode
OPF-20260724-163753,20260102-0040-Short-848,20260102-0040-BEAR-OBS-000848-Z000848,2026-01-02 00:40:00,2026-01-02 00:45:00,2026-01-02,2026-01,Short,ZoneBirthResearch,3.75,3.75,False,False,Core,0,Normal,True,True,-22.5,-26.1,,Base:Stop|Runner:Stop,2026-W01,Observed
OPF-20260724-163753,20260102-0110-Long-854,20260102-0105-BULL-OBS-000853-Z000853-OC,2026-01-02 01:10:00,2026-01-02 02:50:00,2026-01-02,2026-01,Long,ObservationConfirm_WideStop1_5R,24.75,26.25,False,False,Core,0,Abnormal,False,False,-9.0,-12.6,,Target,2026-W01,Observed
OPF-20260724-163753,RELEASED|20260102-0250-BULL-OBS-000874-Z000874-OC|ObservationConfirm,20260102-0250-BULL-OBS-000874-Z000874-OC,2026-01-02 02:55:00,2026-01-02 04:25:00,2026-01-02,2026-01,Long,ObservationConfirm,11.0,11.0,False,False,ActiveTrade,1,Normal,True,True,198.0,194.4,,Target,2026-W01,Observed
OPF-20260724-163753,20260102-0510-Short-902,20260102-0505-BEAR-OBS-000901-Z000900-OC,2026-01-02 05:10:00,2026-01-02 05:15:00,2026-01-02,2026-01,Short,ObservationConfirm,6.0,6.75,False,False,Core,0,Normal,True,True,-34.5,-38.1,,Stop,2026-W01,Observed
OPF-20260724-163753,20260102-0525-Long-905,20260102-0520-BULL-OBS-000904-Z000904-OC,2026-01-02 05:25:00,2026-01-02 05:35:00,2026-01-02,2026-01,Long,ObservationConfirm,6.0,6.25,False,False,Core,0,Normal,True,True,-36.0,-39.6,,Stop,2026-W01,Observed
OPF-20260724-163753,20260102-0600-Long-912,20260102-0555-BULL-OBS-000911-Z000911-OC,2026-01-02 06:00:00,2026-01-02 07:10:00,2026-01-02,2026-01,Long,ObservationConfirm,9.25,9.0,False,False,Core,0,Normal,True,True,-55.5,-59.1,,ProtectBE,2026-W01,Observed
OPF-20260724-163753,DEFERRED|20260102-0600-BULL-OBS-000912-Z000911-OC|ObservationConfirm,20260102-0600-BULL-OBS-000912-Z000911-OC,2026-01-02 07:15:00,2026-01-02 07:45:00,2026-01-02,2026-01,Long,ObservationConfirm,11.0,11.0,False,False,DeferredContinuation,2,Normal,True,True,0.0,-3.6,20260102-0600-Long-912,Stop,2026-W01,Observed
OPF-20260724-163753,20260102-0855-Long-947,20260102-0855-BULL-BRK-000947-Z000947-Q,2026-01-02 08:55:00,2026-01-02 09:00:00,2026-01-02,2026-01,Long,BreakawayFvg_Qualified,5.5,4.75,False,False,Core,0,Normal,True,True,42.0,38.4,,Target,2026-W01,Observed
OPF-20260724-163753,20260102-1030-Short-966,20260102-1025-BEAR-OBS-000965-Z000965-OC,2026-01-02 10:30:00,2026-01-02 10:40:00,2026-01-02,2026-01,Short,ObservationConfirm,17.5,17.75,False,False,Core,0,Normal,True,True,-109.5,-113.1,,Stop,2026-W01,Observed
OPF-20260724-163753,20260102-1220-Short-988,20260102-1200-BULL-OBS-000984-Z000946-FR-RT,2026-01-02 12:20:00,2026-01-02 12:35:00,2026-01-02,2026-01,Short,FailureReverse_RetestFailed_WideStop1_5R,16.88,16.5,False,False,Core,0,Normal,True,True,-97.5,-101.1,,Stop,2026-W01,Observed
OPF-20260724-163753,20260102-1420-Short-1012,20260102-1415-BEAR-OBS-001011-Z001011-OC,2026-01-02 14:20:00,2026-01-02 14:25:00,2026-01-02,2026-01,Short,ObservationConfirm,10.0,9.5,False,False,Core,0,Normal,True,True,-57.0,-60.6,,Stop,2026-W01,Observed
OPF-20260724-163955,20260104-2340-Short-836,20260104-2330-BULL-OBS-000834-Z000833-FR,2026-01-04 23:40:00,2026-01-04 23:45:00,2026-01-05,2026-01,Short,FailureReverse_ObservationInvalidated,17.75,17.75,False,False,Core,0,Normal,True,True,-108.0,-111.6,,ProtectBE,2026-W02,Observed
OPF-20260724-163955,20260105-0025-Long-845,20260105-0020-BULL-OBS-000844-Z000844-OC,2026-01-05 00:25:00,2026-01-05 00:30:00,2026-01-05,2026-01,Long,ObservationConfirm,10.0,10.375,False,False,Core,0,Normal,True,True,-62.25,-65.85,,Stop,2026-W02,Observed
OPF-20260724-163955,20260105-0040-Short-848,20260105-0040-BEAR-OBS-000848-Z000848,2026-01-05 00:40:00,2026-01-05 00:45:00,2026-01-05,2026-01,Short,ZoneBirthResearch,6.5,7.75,False,False,Core,0,Normal,True,True,-46.5,-50.1,,Base:Stop|Runner:Stop,2026-W02,Observed
OPF-20260724-163955,20260105-0155-Short-863,20260105-0150-BEAR-OBS-000862-Z000862-OC,2026-01-05 01:55:00,2026-01-05 02:00:00,2026-01-05,2026-01,Short,ObservationConfirm,17.25,18.25,False,False,Core,0,Normal,True,True,-108.0,-111.6,,Stop,2026-W02,Observed
OPF-20260724-164152,20260105-2320-Short-832,20260105-2310-BULL-OBS-000830-Z000829-FR,2026-01-05 23:20:00,2026-01-05 23:25:00,2026-01-06,2026-01,Short,FailureReverse_ObservationInvalidated_WideStop1_5R,4.5,5.0,False,False,Core,0,Normal,True,True,-30.75,-34.35,,Stop,2026-W02,Observed
OPF-20260724-164152,20260105-2335-Short-835,20260105-2335-BEAR-OBS-000835-Z000835,2026-01-05 23:35:00,2026-01-06 01:15:00,2026-01-06,2026-01,Short,ZoneBirthResearch,12.25,12.25,False,False,Core,0,Normal,True,True,-73.5,-77.1,,Base:Stop|Runner:Stop,2026-W02,Observed
OPF-20260724-164152,20260106-0130-Long-858,20260106-0125-BULL-OBS-000857-Z000857-OC,2026-01-06 01:30:00,2026-01-06 02:30:00,2026-01-06,2026-01,Long,ObservationConfirm,8.5,8.75,False,False,Core,0,Normal,True,True,97.5,93.9,,ProtectBE,2026-W02,Observed
OPF-20260724-164152,RELEASED|20260106-0225-BULL-OBS-000869-Z000869-OC|ObservationConfirm,20260106-0225-BULL-OBS-000869-Z000869-OC,2026-01-06 02:30:00,2026-01-06 02:45:00,2026-01-06,2026-01,Long,ObservationConfirm,6.5,6.5,False,False,ActiveTrade,1,Normal,True,True,117.0,113.4,,Target,2026-W02,Observed
OPF-20260724-164152,20260106-0250-Long-874,20260106-0250-BULL-BRK-000874-Z000874-Q,2026-01-06 02:50:00,2026-01-06 03:45:00,2026-01-06,2026-01,Long,BreakawayFvg_Qualified,6.75,7.5,False,False,Core,0,Normal,True,True,-32.25,-35.85,,Stop,2026-W02,Observed
OPF-20260724-164152,DEFERRED|20260106-0310-BULL-OBS-000878-Z000874-OC|ObservationConfirm,20260106-0310-BULL-OBS-000878-Z000874-OC,2026-01-06 03:50:00,2026-01-06 04:10:00,2026-01-06,2026-01,Long,ObservationConfirm,6.25,6.25,False,False,DeferredContinuation,2,Normal,True,True,112.5,108.9,20260106-0250-Long-874,Target,2026-W02,Observed
OPF-20260724-164152,20260106-0520-Long-904,20260106-0515-BULL-OBS-000903-Z000903-OC,2026-01-06 05:20:00,2026-01-06 05:35:00,2026-01-06,2026-01,Long,ObservationConfirm,6.75,6.75,False,False,Core,0,Normal,True,True,-40.5,-44.1,,Stop,2026-W02,Observed
OPF-20260724-164152,RELEASED|20260106-0525-BULL-OBS-000905-Z000903-OC|ObservationConfirm,20260106-0525-BULL-OBS-000905-Z000903-OC,2026-01-06 05:35:00,2026-01-06 05:40:00,2026-01-06,2026-01,Long,ObservationConfirm,5.75,5.75,False,False,ActiveTrade,1,Normal,True,True,-34.5,-38.1,,Stop,2026-W02,Observed
OPF-20260724-164152,20260106-0615-Long-915,20260106-0610-BULL-OBS-000914-Z000914-OC,2026-01-06 06:15:00,2026-01-06 06:25:00,2026-01-06,2026-01,Long,ObservationConfirm,5.0,5.75,False,False,Core,0,Normal,True,True,49.5,45.9,,ProtectBE,2026-W02,Observed
OPF-20260724-164152,20260106-0640-Long-920,20260106-0635-BULL-OBS-000919-Z000919-OC,2026-01-06 06:40:00,2026-01-06 06:45:00,2026-01-06,2026-01,Long,ObservationConfirm,6.75,7.0,False,False,Core,0,Normal,True,True,-43.5,-47.1,,Stop,2026-W02,Observed
OPF-20260724-164403,20260106-2355-Long-839,20260106-2350-BULL-OBS-000838-Z000838-OC,2026-01-06 23:55:00,2026-01-07 00:05:00,2026-01-07,2026-01,Long,ObservationConfirm,5.5,6.375,False,False,Core,0,Normal,True,True,53.25,49.65,,Target,2026-W02,Observed
OPF-20260724-164403,20260107-0245-Short-873,20260107-0235-BEAR-OBS-000871-Z000870-OC,2026-01-07 02:45:00,2026-01-07 03:00:00,2026-01-07,2026-01,Short,ObservationConfirm,4.75,4.75,False,False,Core,0,Normal,True,True,39.0,35.4,,ProtectBE,2026-W02,Observed
OPF-20260724-164403,20260107-0310-Long-878,20260107-0305-BULL-OBS-000877-Z000877-OC,2026-01-07 03:10:00,2026-01-07 03:30:00,2026-01-07,2026-01,Long,ObservationConfirm,4.25,5.0,False,False,Core,0,Normal,True,True,42.0,38.4,,ProtectBE,2026-W02,Observed
OPF-20260724-164403,20260107-0400-Short-888,20260107-0355-BEAR-OBS-000887-Z000887-OC,2026-01-07 04:00:00,2026-01-07 06:35:00,2026-01-07,2026-01,Short,ObservationConfirm,17.75,17.75,False,False,Core,0,Normal,True,True,159.0,155.4,,ProtectBE,2026-W02,Observed
OPF-20260724-164403,20260107-0645-Short-921,20260107-0640-BEAR-OBS-000920-Z000920-OC,2026-01-07 06:45:00,2026-01-07 08:15:00,2026-01-07,2026-01,Short,ObservationConfirm,9.75,9.75,False,False,Core,0,Normal,True,True,-61.5,-65.1,,ProtectBE,2026-W02,Observed
OPF-20260724-164403,RELEASED|20260107-0810-BULL-OBS-000938-Z000938-OC|ObservationConfirm,20260107-0810-BULL-OBS-000938-Z000938-OC,2026-01-07 08:15:00,2026-01-07 08:25:00,2026-01-07,2026-01,Long,ObservationConfirm,10.0,10.0,False,False,ActiveTrade,1,Normal,True,True,0.0,-3.6,,ProtectBE,2026-W02,Observed
OPF-20260724-164403,20260107-1020-Short-964,20260107-1020-BEAR-OBS-000964-Z000964,2026-01-07 10:20:00,2026-01-07 11:35:00,2026-01-07,2026-01,Short,ZoneBirthResearch,7.0,7.75,False,False,Core,0,Normal,True,True,-46.5,-50.1,,Base:Stop|Runner:Stop,2026-W02,Observed
OPF-20260724-164403,20260107-1145-Long-981,20260107-1140-BULL-OBS-000980-Z000980-OC,2026-01-07 11:45:00,2026-01-07 11:55:00,2026-01-07,2026-01,Long,ObservationConfirm,6.5,6.75,False,False,Core,0,Normal,True,True,61.5,57.9,,Target,2026-W02,Observed
OPF-20260724-164403,DEFERRED|20260107-1145-BULL-OBS-000981-Z000980-OC|ObservationConfirm,20260107-1145-BULL-OBS-000981-Z000980-OC,2026-01-07 12:00:00,2026-01-07 12:30:00,2026-01-07,2026-01,Long,ObservationConfirm,10.25,10.25,False,False,DeferredContinuation,2,Normal,True,True,0.0,-3.6,20260107-1145-Long-981,Stop,2026-W02,Observed
OPF-20260724-164403,20260107-1610-Long-1034,20260107-1605-BULL-OBS-001033-Z001033-OC,2026-01-07 16:10:00,2026-01-07 16:15:00,2026-01-07,2026-01,Long,ObservationConfirm_WideStop1_5R,24.75,25.25,False,False,Core,0,Normal,True,True,-151.5,-155.1,,Stop,2026-W02,Observed
OPF-20260724-164601,20260108-0000-Short-1116,20260107-2355-BEAR-OBS-001115-Z001115-OC,2026-01-08 00:00:00,2026-01-08 00:20:00,2026-01-08,2026-01,Short,ObservationConfirm,7.0,6.5,False,False,Core,0,Normal,True,True,37.5,33.9,,ProtectBE,2026-W02,Observed
OPF-20260724-164601,DEFERRED|20260108-0000-BEAR-OBS-001116-Z001115-OC|ObservationConfirm,20260108-0000-BEAR-OBS-001116-Z001115-OC,2026-01-08 00:25:00,2026-01-08 00:30:00,2026-01-08,2026-01,Short,ObservationConfirm,7.0,7.0,False,False,DeferredContinuation,2,Normal,True,True,-0.0,-3.6,20260108-0000-Short-1116,Stop,2026-W02,Observed
OPF-20260724-164601,20260108-0135-Short-1135,20260108-0135-BEAR-OBS-001135-Z001135,2026-01-08 01:35:00,2026-01-08 01:40:00,2026-01-08,2026-01,Short,ZoneBirthResearch,4.0,4.125,False,False,Core,0,Normal,True,True,-24.75,-28.35,,Base:Stop|Runner:Stop,2026-W02,Observed
OPF-20260724-164601,20260108-0150-Long-1138,20260108-0145-BULL-OBS-001137-Z001137-OC-STR,2026-01-08 01:50:00,2026-01-08 02:05:00,2026-01-08,2026-01,Long,ObservationStrict_BullFresh_WideStop1_5R,3.75,4.75,False,False,Core,0,Normal,True,True,-31.5,-35.1,,ProtectBE,2026-W02,Observed
OPF-20260724-164601,RELEASED|20260108-0200-BULL-OBS-001140-Z001137-OC|ObservationConfirm,20260108-0200-BULL-OBS-001140-Z001137-OC,2026-01-08 02:05:00,2026-01-08 02:10:00,2026-01-08,2026-01,Long,ObservationConfirm,8.5,8.5,False,False,ActiveTrade,1,Normal,True,True,-51.0,-54.6,,Stop,2026-W02,Observed
OPF-20260724-164601,20260108-0220-Short-1144,20260108-0215-BEAR-OBS-001143-Z001143-OC,2026-01-08 02:20:00,2026-01-08 02:35:00,2026-01-08,2026-01,Short,ObservationConfirm,11.5,12.0,False,False,Core,0,Normal,True,True,112.5,108.9,,Target,2026-W02,Observed
OPF-20260724-164601,20260108-0255-Short-1151,20260108-0250-BEAR-OBS-001150-Z001150-OC,2026-01-08 02:55:00,2026-01-08 03:40:00,2026-01-08,2026-01,Short,ObservationConfirm,10.25,10.5,False,False,Core,0,Normal,True,True,93.0,89.4,,ProtectBE,2026-W02,Observed
OPF-20260724-164601,20260108-0525-Short-1181,20260108-0515-BEAR-OBS-001179-Z001179-OC,2026-01-08 05:25:00,2026-01-08 05:35:00,2026-01-08,2026-01,Short,ObservationConfirm,12.75,12.75,False,False,Core,0,Normal,True,True,114.0,110.4,,Target,2026-W02,Observed
OPF-20260724-164601,20260108-0650-Long-1198,20260108-0645-BULL-OBS-001197-Z001197-OC,2026-01-08 06:50:00,2026-01-08 06:55:00,2026-01-08,2026-01,Long,ObservationConfirm,10.75,11.25,False,False,Core,0,Normal,True,True,-72.0,-75.6,,Stop,2026-W02,Observed
OPF-20260724-164601,20260108-0820-Long-1216,20260108-0815-BULL-OBS-001215-Z001215-OC,2026-01-08 08:20:00,2026-01-08 08:30:00,2026-01-08,2026-01,Long,ObservationConfirm,10.0,10.75,False,False,Core,0,Normal,True,True,123.0,119.4,,ProtectBE,2026-W02,Observed
OPF-20260724-164757,RELEASED|20260108-2330-BEAR-OBS-001110-Z001110-OC|ObservationConfirm,20260108-2330-BEAR-OBS-001110-Z001110-OC,2026-01-08 23:35:00,2026-01-09 00:10:00,2026-01-09,2026-01,Short,ObservationConfirm,12.25,12.25,False,False,ActiveTrade,1,Normal,True,True,0.0,-3.6,,ProtectBE,2026-W02,Observed
OPF-20260724-164757,20260109-0110-Short-1130,20260109-0105-BEAR-OBS-001129-Z001127-OC,2026-01-09 01:10:00,2026-01-09 01:15:00,2026-01-09,2026-01,Short,ObservationConfirm,16.25,17.0,False,False,Core,0,Normal,True,True,150.0,146.4,,ProtectBE,2026-W02,Observed
OPF-20260724-164757,20260109-0200-Long-1140,20260109-0155-BULL-OBS-001139-Z001139-OC,2026-01-09 02:00:00,2026-01-09 02:20:00,2026-01-09,2026-01,Long,ObservationConfirm_WideStop1_5R,18.0,18.875,False,False,Core,0,Normal,True,True,167.25,163.65,,ProtectBE,2026-W02,Observed
OPF-20260724-164757,20260109-0410-Long-1166,20260109-0400-BULL-OBS-001164-Z001144-OC,2026-01-09 04:10:00,2026-01-09 04:15:00,2026-01-09,2026-01,Long,ObservationConfirm,9.75,10.75,False,False,Core,0,Normal,True,True,-61.5,-65.1,,Stop,2026-W02,Observed
OPF-20260724-164757,DEFERRED|20260109-0400-BULL-OBS-001164-Z001144-OC-STR|ObservationStrict_Other,20260109-0400-BULL-OBS-001164-Z001144-OC-STR,2026-01-09 04:20:00,2026-01-09 05:45:00,2026-01-09,2026-01,Long,ObservationStrict_Other,9.75,9.75,False,False,DeferredContinuation,2,Normal,True,True,30.0,26.4,20260109-0410-Long-1166,TimeStop,2026-W02,Observed
OPF-20260724-164757,20260109-0635-Long-1195,20260109-0630-BULL-OBS-001194-Z001194-OC,2026-01-09 06:35:00,2026-01-09 07:15:00,2026-01-09,2026-01,Long,ObservationConfirm_WideStop1_5R,24.38,24.5,False,False,Core,0,Normal,True,True,-144.0,-147.6,,Stop,2026-W02,Observed
OPF-20260724-164757,20260109-0730-Short-1206,20260109-0730-BEAR-OBS-001206-Z001206,2026-01-09 07:30:00,2026-01-09 07:35:00,2026-01-09,2026-01,Short,ZoneBirthResearch,6.0,5.75,False,False,Core,0,Normal,True,True,-34.5,-38.1,,Base:Stop|Runner:Stop,2026-W02,Observed
OPF-20260724-164757,RELEASED|20260109-0730-BEAR-OBS-001206-Z001206-FR|FailureReverse_ObservationInvalidated_WideStop1_5R,20260109-0730-BEAR-OBS-001206-Z001206-FR,2026-01-09 07:35:00,2026-01-09 07:50:00,2026-01-09,2026-01,Long,FailureReverse_ObservationInvalidated_WideStop1_5R,12.75,12.75,False,False,ActiveTrade,1,Normal,True,True,0.0,-3.6,,ProtectBE,2026-W02,Observed
OPF-20260724-164757,20260109-0755-Long-1211,20260109-0750-BULL-OBS-001210-Z001209-OC-STR,2026-01-09 07:55:00,2026-01-09 08:00:00,2026-01-09,2026-01,Long,ObservationStrict_Other,4.0,4.0,False,False,Core,0,Normal,True,True,88.5,84.9,,Target,2026-W02,Observed
OPF-20260724-164757,20260109-1145-Long-1257,20260109-1140-BULL-OBS-001256-Z001255-OC-STR,2026-01-09 11:45:00,2026-01-09 11:50:00,2026-01-09,2026-01,Long,ObservationStrict_Other,5.0,5.5,False,False,Core,0,Normal,True,True,-33.0,-36.6,,Stop,2026-W02,Observed
OPF-20260724-164955,20260112-0045-Short-1125,20260112-0040-BEAR-OBS-001124-Z001124-OC,2026-01-12 00:45:00,2026-01-12 00:55:00,2026-01-12,2026-01,Short,ObservationConfirm,21.25,21.25,False,False,Core,0,Normal,True,True,189.0,185.4,,Target,2026-W03,Observed
OPF-20260724-164955,20260112-0205-Short-1141,20260112-0205-BEAR-BRK-001141-Z001141,2026-01-12 02:05:00,2026-01-12 03:40:00,2026-01-12,2026-01,Short,BreakawayFvg,19.75,19.75,False,False,Core,0,Normal,True,True,229.5,225.9,,ProtectBE,2026-W03,Observed
OPF-20260724-164955,20260112-0400-Short-1164,20260112-0355-BEAR-SHD-001163-Z001162,2026-01-12 04:00:00,2026-01-12 05:05:00,2026-01-12,2026-01,Short,ShadowCandidate,12.75,12.75,False,False,Core,0,Normal,True,True,-75.0,-78.6,,ProtectBE,2026-W03,Observed
OPF-20260724-164955,20260112-0520-Short-1180,20260112-0515-BEAR-OBS-001179-Z001179-OC,2026-01-12 05:20:00,2026-01-12 06:05:00,2026-01-12,2026-01,Short,ObservationConfirm,13.0,13.0,False,False,Core,0,Normal,True,True,115.5,111.9,,ProtectBE,2026-W03,Observed
OPF-20260724-164955,RELEASED|20260112-0620-BEAR-OBS-001192-Z001192|ZoneBirthResearch,20260112-0620-BEAR-OBS-001192-Z001192,2026-01-12 06:20:00,2026-01-12 06:25:00,2026-01-12,2026-01,Short,ZoneBirthResearch,6.0,6.0,False,False,ActiveTrade,1,Normal,True,True,-36.0,-39.6,,Base:Stop|Runner:Stop,2026-W03,Observed
OPF-20260724-164955,20260112-0720-Long-1204,20260112-0715-BULL-OBS-001203-Z001201-OC,2026-01-12 07:20:00,2026-01-12 08:05:00,2026-01-12,2026-01,Long,ObservationConfirm,10.25,10.5,False,False,Core,0,Normal,True,True,-63.0,-66.6,,ProtectBE,2026-W03,Observed
OPF-20260724-164955,20260112-0825-Short-1217,20260112-0825-BEAR-BRK-001217-Z001217,2026-01-12 08:25:00,2026-01-12 08:35:00,2026-01-12,2026-01,Short,BreakawayFvg,12.75,12.75,False,False,Core,0,Normal,True,True,151.5,147.9,,Target,2026-W03,Observed
OPF-20260724-164955,20260112-0840-Short-1220,20260112-0835-BEAR-OBS-001219-Z001219-OC,2026-01-12 08:40:00,2026-01-12 08:50:00,2026-01-12,2026-01,Short,ObservationConfirm,18.75,18.75,False,False,Core,0,Normal,True,True,-112.5,-116.1,,Stop,2026-W03,Observed
OPF-20260724-164955,20260112-0925-Short-1229,20260112-0925-BEAR-OBS-001229-Z001229,2026-01-12 09:25:00,2026-01-12 09:45:00,2026-01-12,2026-01,Short,ZoneBirthResearch,6.5,6.5,False,False,Core,0,Normal,True,True,-39.0,-42.6,,Base:Stop|Runner:Stop,2026-W03,Observed
OPF-20260724-164955,20260112-1050-Short-1246,20260112-1050-BEAR-OBS-001246-Z001246,2026-01-12 10:50:00,2026-01-12 11:00:00,2026-01-12,2026-01,Short,ZoneBirthResearch,4.0,4.0,False,False,Core,0,Normal,True,True,-24.0,-27.6,,Base:Stop|Runner:Stop,2026-W03,Observed
OPF-20260724-165152,20260112-2330-Short-1110,20260112-2330-BEAR-OBS-001110-Z001110,2026-01-12 23:30:00,2026-01-12 23:45:00,2026-01-13,2026-01,Short,ZoneBirthResearch,5.0,4.25,False,False,Core,0,Normal,True,True,76.5,72.9,,Base:Target|Runner:Target,2026-W03,Observed
OPF-20260724-165152,DEFERRED|20260112-2330-BEAR-OBS-001110-Z001110-OC|ObservationConfirm,20260112-2330-BEAR-OBS-001110-Z001110-OC,2026-01-12 23:50:00,2026-01-13 00:30:00,2026-01-13,2026-01,Short,ObservationConfirm,9.25,9.25,False,False,DeferredContinuation,2,Normal,True,True,166.5,162.9,20260112-2330-Short-1110,Target,2026-W03,Observed
OPF-20260724-165152,RELEASED|20260113-0035-BEAR-OBS-001123-Z001123-OC|ObservationConfirm,20260113-0035-BEAR-OBS-001123-Z001123-OC,2026-01-13 00:40:00,2026-01-13 01:40:00,2026-01-13,2026-01,Short,ObservationConfirm,8.0,8.0,False,False,ActiveTrade,1,Normal,True,True,144.0,140.4,,Target,2026-W03,Observed
OPF-20260724-165152,20260113-0140-Short-1136,20260113-0135-BEAR-OBS-001135-Z001135-OC,2026-01-13 01:40:00,2026-01-13 01:45:00,2026-01-13,2026-01,Short,ObservationConfirm,19.5,20.0,False,False,Core,0,Normal,True,True,-120.0,-123.6,,Stop,2026-W03,Observed
OPF-20260724-165152,20260113-0245-Long-1149,20260113-0240-BULL-OBS-001148-Z001148-OC,2026-01-13 02:45:00,2026-01-13 02:50:00,2026-01-13,2026-01,Long,ObservationConfirm,8.5,8.75,False,False,Core,0,Normal,True,True,-54.0,-57.6,,Stop,2026-W03,Observed
OPF-20260724-165152,20260113-0305-Long-1153,20260113-0255-BULL-OBS-001151-Z001139-OC,2026-01-13 03:05:00,2026-01-13 03:15:00,2026-01-13,2026-01,Long,ObservationConfirm,6.25,7.5,False,False,Core,0,Normal,True,True,67.5,63.9,,ProtectBE,2026-W03,Observed
OPF-20260724-165152,RELEASED|20260113-0310-BULL-OBS-001154-Z001154-OC|ObservationConfirm,20260113-0310-BULL-OBS-001154-Z001154-OC,2026-01-13 03:15:00,2026-01-13 03:30:00,2026-01-13,2026-01,Long,ObservationConfirm,4.25,4.25,False,False,ActiveTrade,1,Normal,True,True,0.0,-3.6,,ProtectBE,2026-W03,Observed
OPF-20260724-165152,RELEASED|20260113-0355-BULL-OBS-001163-Z001163-OC|ObservationConfirm,20260113-0355-BULL-OBS-001163-Z001163-OC,2026-01-13 04:00:00,2026-01-13 04:10:00,2026-01-13,2026-01,Long,ObservationConfirm,7.0,7.0,False,False,ActiveTrade,1,Normal,True,True,0.0,-3.6,,ProtectBE,2026-W03,Observed
OPF-20260724-165152,20260113-0455-Long-1175,20260113-0450-BULL-OBS-001174-Z001174-OC,2026-01-13 04:55:00,2026-01-13 05:00:00,2026-01-13,2026-01,Long,ObservationConfirm,4.75,5.75,False,False,Core,0,Normal,True,True,-34.5,-38.1,,Stop,2026-W03,Observed
OPF-20260724-165152,20260113-0540-Long-1184,20260113-0535-BULL-OBS-001183-Z001180-OC,2026-01-13 05:40:00,2026-01-13 06:45:00,2026-01-13,2026-01,Long,ObservationConfirm_WideStop1_5R,22.12,22.0,False,False,Core,0,Normal,True,True,199.5,195.9,,ProtectBE,2026-W03,Observed
OPF-20260724-170316,20260113-2325-Short-1109,20260113-2320-BEAR-OBS-001108-Z001107-OC,2026-01-13 23:25:00,2026-01-13 23:55:00,2026-01-14,2026-01,Short,ObservationConfirm,17.0,16.625,False,False,Core,0,Normal,True,True,-105.0,-108.6,,Stop,2026-W03,Observed
OPF-20260724-170316,20260114-0125-Long-1133,20260114-0120-BULL-OBS-001132-Z001132-OC,2026-01-14 01:25:00,2026-01-14 01:30:00,2026-01-14,2026-01,Long,ObservationConfirm,9.25,8.75,False,False,Core,0,Normal,True,True,-52.5,-56.1,,Stop,2026-W03,Observed
OPF-20260724-170316,20260114-0320-Long-1156,20260114-0310-BEAR-OBS-001154-Z001135-FR,2026-01-14 03:20:00,2026-01-14 03:25:00,2026-01-14,2026-01,Long,FailureReverse_ObservationInvalidated,3.75,4.25,False,False,Core,0,Normal,True,True,-25.5,-29.1,,Stop,2026-W03,Observed
OPF-20260724-170316,20260114-0455-Short-1175,20260114-0450-BEAR-OBS-001174-Z001174-OC,2026-01-14 04:55:00,2026-01-14 05:05:00,2026-01-14,2026-01,Short,ObservationConfirm,7.75,8.0,False,False,Core,0,Normal,True,True,69.0,65.4,,ProtectBE,2026-W03,Observed
OPF-20260724-170316,20260114-0530-Short-1182,20260114-0525-BEAR-OBS-001181-Z001181-OC,2026-01-14 05:30:00,2026-01-14 05:35:00,2026-01-14,2026-01,Short,ObservationConfirm,5.0,6.25,False,False,Core,0,Normal,True,True,-39.75,-43.35,,Stop,2026-W03,Observed
OPF-20260724-170316,20260114-0555-Short-1187,20260114-0550-BEAR-OBS-001186-Z001186-OC,2026-01-14 05:55:00,2026-01-14 06:00:00,2026-01-14,2026-01,Short,ObservationConfirm,9.0,8.5,False,False,Core,0,Normal,True,True,73.5,69.9,,ProtectBE,2026-W03,Observed
OPF-20260724-170316,20260114-0605-Short-1189,20260114-0605-BEAR-OBS-001189-Z001189,2026-01-14 06:05:00,2026-01-14 06:10:00,2026-01-14,2026-01,Short,ZoneBirthResearch,5.75,5.5,False,False,Core,0,Normal,True,True,-33.0,-36.6,,Base:Stop|Runner:Stop,2026-W03,Observed
OPF-20260724-170316,RELEASED|20260114-0610-BEAR-OBS-001190-Z001189-OC|ObservationConfirm,20260114-0610-BEAR-OBS-001190-Z001189-OC,2026-01-14 06:15:00,2026-01-14 06:25:00,2026-01-14,2026-01,Short,ObservationConfirm,9.25,9.25,False,False,ActiveTrade,1,Normal,True,True,-55.5,-59.1,,Stop,2026-W03,Observed
OPF-20260724-170316,20260114-0705-Long-1201,20260114-0700-BULL-OBS-001200-Z001200-OC,2026-01-14 07:05:00,2026-01-14 07:15:00,2026-01-14,2026-01,Long,ObservationConfirm,6.5,6.625,False,False,Core,0,Normal,True,True,-42.75,-46.35,,ProtectBE,2026-W03,Observed
OPF-20260724-170316,20260114-0930-Short-1230,20260114-0930-BEAR-OBS-001230-Z001230,2026-01-14 09:30:00,2026-01-14 10:10:00,2026-01-14,2026-01,Short,ZoneBirthResearch,7.25,8.25,False,False,Core,0,Normal,True,True,148.5,144.9,,Base:Target|Runner:Target,2026-W03,Observed
OPF-20260724-170522,20260115-0330-Short-1158,20260115-0330-BEAR-OBS-001158-Z001158,2026-01-15 03:30:00,2026-01-15 03:35:00,2026-01-15,2026-01,Short,ZoneBirthResearch,7.75,9.25,False,False,Core,0,Abnormal,False,False,-55.5,-59.1,,Base:Stop|Runner:Stop,2026-W03,Observed
OPF-20260724-170522,20260115-0400-Short-1164,20260115-0355-BEAR-OBS-001163-Z001163-OC,2026-01-15 04:00:00,2026-01-15 04:10:00,2026-01-15,2026-01,Short,ObservationConfirm,11.0,11.75,False,False,Core,0,Normal,True,True,-76.5,-80.1,,Stop,2026-W03,Observed
OPF-20260724-170522,20260115-0550-Long-1186,20260115-0550-BULL-PB-001186-Z001185,2026-01-15 05:50:00,2026-01-15 05:55:00,2026-01-15,2026-01,Long,AlmostConfirmed,7.0,7.875,False,False,Core,0,Normal,True,True,-48.0,-51.6,,Stop,2026-W03,Observed
OPF-20260724-170522,RELEASED|20260115-0600-BEAR-OBS-001188-Z001188|ZoneBirthResearch,20260115-0600-BEAR-OBS-001188-Z001188,2026-01-15 06:00:00,2026-01-15 06:10:00,2026-01-15,2026-01,Short,ZoneBirthResearch,6.75,6.75,False,False,ActiveTrade,1,Normal,True,True,-40.5,-44.1,,Base:Stop|Runner:Stop,2026-W03,Observed
OPF-20260724-170522,20260115-0650-Long-1198,20260115-0645-BULL-OBS-001197-Z001197-OC,2026-01-15 06:50:00,2026-01-15 07:00:00,2026-01-15,2026-01,Long,ObservationConfirm_WideStop1_5R,24.38,25.75,False,False,Core,0,Normal,True,True,-156.0,-159.6,,Stop,2026-W03,Observed
OPF-20260724-170720,20260115-2355-Long-1115,20260115-2350-BULL-OBS-001114-Z001114-OC,2026-01-15 23:55:00,2026-01-16 00:00:00,2026-01-16,2026-01,Long,ObservationConfirm,8.75,8.75,False,False,Core,0,Normal,True,True,-52.5,-56.1,,Stop,2026-W03,Observed
OPF-20260724-170720,20260116-0005-Short-1117,20260116-0005-BEAR-OBS-001117-Z001117,2026-01-16 00:05:00,2026-01-16 00:10:00,2026-01-16,2026-01,Short,ZoneBirthResearch,4.5,5.125,False,False,Core,0,Normal,True,True,-30.75,-34.35,,Base:Stop|Runner:Stop,2026-W03,Observed
OPF-20260724-170720,20260116-0150-Long-1138,20260116-0140-BULL-OBS-001136-Z001135-OC,2026-01-16 01:50:00,2026-01-16 01:55:00,2026-01-16,2026-01,Long,ObservationConfirm,10.75,11.0,False,False,Core,0,Normal,True,True,-66.0,-69.6,,Stop,2026-W03,Observed
OPF-20260724-170720,DEFERRED|20260116-0135-BULL-OBS-001135-Z001135-OC|ObservationConfirm,20260116-0135-BULL-OBS-001135-Z001135-OC,2026-01-16 02:00:00,2026-01-16 03:25:00,2026-01-16,2026-01,Long,ObservationConfirm,10.75,10.75,False,False,DeferredContinuation,2,Normal,True,True,124.5,120.9,20260116-0150-Long-1138,TimeStop,2026-W03,Observed
OPF-20260724-170720,20260116-0425-Long-1169,20260116-0420-BULL-OBS-001168-Z001168-OC,2026-01-16 04:25:00,2026-01-16 05:25:00,2026-01-16,2026-01,Long,ObservationConfirm,9.0,9.0,False,False,Core,0,Normal,True,True,105.0,101.4,,ProtectBE,2026-W03,Observed
OPF-20260724-170720,20260116-0545-Short-1185,20260116-0540-BEAR-OBS-001184-Z001184-OC,2026-01-16 05:45:00,2026-01-16 06:05:00,2026-01-16,2026-01,Short,ObservationConfirm,6.75,6.75,False,False,Core,0,Normal,True,True,-41.25,-44.85,,Stop,2026-W03,Observed
OPF-20260724-170720,20260116-1150-Short-1258,20260116-1145-BEAR-OBS-001257-Z001257-OC,2026-01-16 11:50:00,2026-01-16 12:55:00,2026-01-16,2026-01,Short,ObservationConfirm,17.5,18.75,False,False,Core,0,Normal,True,True,168.0,164.4,,ProtectBE,2026-W03,Observed
OPF-20260724-170720,20260116-1700-Short-1320,20260116-1655-BEAR-OBS-001319-Z001319-OC,2026-01-16 17:00:00,2026-01-16 17:40:00,2026-01-16,2026-01,Short,ObservationConfirm,21.5,23.0,False,False,Core,0,Normal,True,True,205.5,201.9,,ProtectBE,2026-W03,Observed
OPF-20260724-170720,20260116-1825-Short-1337,20260116-1820-BEAR-OBS-001336-Z001319-OC,2026-01-16 18:25:00,2026-01-16 18:30:00,2026-01-16,2026-01,Short,ObservationConfirm,12.0,12.0,False,False,Core,0,Normal,True,True,-72.0,-75.6,,Stop,2026-W03,Observed
OPF-20260724-170918,20260120-0215-Long-1095,20260120-0215-BULL-PB-001095-Z001085,2026-01-20 02:15:00,2026-01-20 02:20:00,2026-01-20,2026-01,Long,AlmostConfirmed,6.5,7.875,False,False,Core,0,Normal,True,True,-48.75,-52.35,,Stop,2026-W04,Observed
OPF-20260724-170918,20260120-0330-Short-1110,20260120-0325-BEAR-OBS-001109-Z001109-OC,2026-01-20 03:30:00,2026-01-20 04:05:00,2026-01-20,2026-01,Short,ObservationConfirm,12.25,11.625,False,False,Core,0,Normal,True,True,104.25,100.65,,Target,2026-W04,Observed
OPF-20260724-170918,20260120-0500-Short-1128,20260120-0500-BEAR-OBS-001128-Z001128,2026-01-20 05:00:00,2026-01-20 05:05:00,2026-01-20,2026-01,Short,ZoneBirthResearch,6.5,6.75,False,False,Core,0,Normal,True,True,-40.5,-44.1,,Base:Stop|Runner:Stop,2026-W04,Observed
OPF-20260724-170918,20260120-0545-Short-1137,20260120-0540-BEAR-OBS-001136-Z001136-OC,2026-01-20 05:45:00,2026-01-20 06:00:00,2026-01-20,2026-01,Short,ObservationConfirm,18.5,18.75,False,False,Core,0,Normal,True,True,169.5,165.9,,Target,2026-W04,Observed
OPF-20260724-170918,20260120-0825-Short-1169,20260120-0820-BEAR-OBS-001168-Z001168-OC,2026-01-20 08:25:00,2026-01-20 08:30:00,2026-01-20,2026-01,Short,ObservationConfirm,22.0,23.0,False,False,Core,0,Normal,True,True,207.0,203.4,,Target,2026-W04,Observed
OPF-20260724-170918,20260120-0845-Long-1173,20260120-0840-BEAR-OBS-001172-Z001172-FR,2026-01-20 08:45:00,2026-01-20 08:50:00,2026-01-20,2026-01,Long,FailureReverse_ObservationInvalidated_WideStop1_5R,20.62,20.75,False,False,Core,0,Normal,True,True,-124.5,-128.1,,Stop,2026-W04,Observed
OPF-20260724-170918,20260120-1825-Short-1289,20260120-1825-BEAR-BRK-001289-Z001289,2026-01-20 18:25:00,2026-01-20 18:35:00,2026-01-20,2026-01,Short,BreakawayFvg,19.25,20.5,False,False,Core,0,Normal,True,True,244.5,240.9,,Target,2026-W04,Observed
OPF-20260724-170918,20260120-2125-Short-1324,20260120-2120-BULL-OBS-001323-Z001322-FR,2026-01-20 21:25:00,2026-01-20 21:50:00,2026-01-20,2026-01,Short,FailureReverse_ObservationInvalidated,8.5,10.5,False,False,Core,0,Normal,True,True,13.5,9.9,,GlobexCloseout,2026-W04,Observed
OPF-20260724-171116,20260121-0125-Long-1084,20260121-0120-BULL-OBS-001083-Z001083-OC,2026-01-21 01:25:00,2026-01-21 01:30:00,2026-01-21,2026-01,Long,ObservationConfirm,9.0,9.75,False,False,Core,0,Normal,True,True,-55.5,-59.1,,Stop,2026-W04,Observed
OPF-20260724-171116,20260121-0205-Long-1092,20260121-0200-BULL-OBS-001091-Z001082-OC,2026-01-21 02:05:00,2026-01-21 02:10:00,2026-01-21,2026-01,Long,ObservationConfirm,6.75,7.25,False,False,Core,0,Normal,True,True,-46.5,-50.1,,ProtectBE,2026-W04,Observed
OPF-20260724-171116,20260121-0235-Long-1098,20260121-0230-BULL-OBS-001097-Z001075-OC,2026-01-21 02:35:00,2026-01-21 02:40:00,2026-01-21,2026-01,Long,ObservationConfirm,8.75,8.75,False,False,Core,0,Normal,True,True,105.0,101.4,,Target,2026-W04,Observed
OPF-20260724-171116,20260121-0250-Long-1101,20260121-0245-BULL-OBS-001100-Z001100-OC,2026-01-21 02:50:00,2026-01-21 02:55:00,2026-01-21,2026-01,Long,ObservationConfirm,8.0,7.5,False,False,Core,0,Normal,True,True,-42.0,-45.6,,Stop,2026-W04,Observed
OPF-20260724-171116,20260121-0515-Long-1130,20260121-0510-BULL-OBS-001129-Z001129-OC,2026-01-21 05:15:00,2026-01-21 05:20:00,2026-01-21,2026-01,Long,ObservationConfirm,11.75,11.75,False,False,Core,0,Normal,True,True,-70.5,-74.1,,Stop,2026-W04,Observed
OPF-20260724-171116,20260121-0555-Long-1138,20260121-0550-BULL-OBS-001137-Z001135-OC,2026-01-21 05:55:00,2026-01-21 06:00:00,2026-01-21,2026-01,Long,ObservationConfirm_WideStop1_5R,3.0,3.125,False,False,Core,0,Normal,True,True,-18.75,-22.35,,Stop,2026-W04,Observed
OPF-20260724-171116,20260121-0605-Long-1140,20260121-0600-BULL-OBS-001139-Z001134-OC,2026-01-21 06:05:00,2026-01-21 06:20:00,2026-01-21,2026-01,Long,ObservationConfirm,9.75,10.0,False,False,Core,0,Normal,True,True,-64.5,-68.1,,Stop,2026-W04,Observed
OPF-20260724-171116,20260121-0655-Short-1150,20260121-0650-BEAR-OBS-001149-Z001149-OC,2026-01-21 06:55:00,2026-01-21 07:00:00,2026-01-21,2026-01,Short,ObservationConfirm,16.75,17.0,False,False,Core,0,Normal,True,True,-99.75,-103.35,,Stop,2026-W04,Observed
OPF-20260724-171319,20260122-0135-Long-1086,20260122-0130-BULL-OBS-001085-Z001085-OC,2026-01-22 01:35:00,2026-01-22 02:00:00,2026-01-22,2026-01,Long,ObservationConfirm,7.75,7.5,False,False,Core,0,Normal,True,True,63.0,59.4,,ProtectBE,2026-W04,Observed
OPF-20260724-171319,20260122-0215-Short-1094,20260122-0215-BEAR-OBS-001094-Z001094,2026-01-22 02:15:00,2026-01-22 03:05:00,2026-01-22,2026-01,Short,ZoneBirthResearch,7.75,7.5,False,False,Core,0,Normal,True,True,75.0,71.4,,Base:Target|Runner:ProtectBE,2026-W04,Observed
OPF-20260724-171319,20260122-0310-Long-1105,20260122-0305-BULL-OBS-001104-Z001104-OC,2026-01-22 03:10:00,2026-01-22 04:10:00,2026-01-22,2026-01,Long,ObservationConfirm,9.25,10.0,False,False,Core,0,Normal,True,True,-60.0,-63.6,,ProtectBE,2026-W04,Observed
OPF-20260724-171319,20260122-0435-Short-1122,20260122-0420-BEAR-OBS-001119-Z001119-OC,2026-01-22 04:35:00,2026-01-22 05:35:00,2026-01-22,2026-01,Short,ObservationConfirm,12.5,12.875,False,False,Core,0,Normal,True,True,116.25,112.65,,Target,2026-W04,Observed
OPF-20260724-171319,DEFERRED|20260122-0520-BEAR-OBS-001131-Z001130-OC|ObservationConfirm,20260122-0520-BEAR-OBS-001131-Z001130-OC,2026-01-22 05:40:00,2026-01-22 05:40:00,2026-01-22,2026-01,Short,ObservationConfirm,3.75,3.75,False,False,DeferredContinuation,2,Normal,True,True,67.5,63.9,20260122-0435-Short-1122,Target,2026-W04,Observed
OPF-20260724-171319,20260122-0550-Short-1137,20260122-0545-BEAR-OBS-001136-Z001136-OC,2026-01-22 05:50:00,2026-01-22 06:05:00,2026-01-22,2026-01,Short,ObservationConfirm,21.75,22.5,False,False,Core,0,Normal,True,True,201.0,197.4,,ProtectBE,2026-W04,Observed
OPF-20260724-171319,RELEASED|20260122-0615-BEAR-OBS-001142-Z001142-OC|ObservationConfirm,20260122-0615-BEAR-OBS-001142-Z001142-OC,2026-01-22 06:20:00,2026-01-22 06:35:00,2026-01-22,2026-01,Short,ObservationConfirm,19.5,19.5,False,False,ActiveTrade,1,Normal,True,True,-117.0,-120.6,,Stop,2026-W04,Observed
OPF-20260724-171319,20260122-1315-Long-1226,20260122-1310-BULL-OBS-001225-Z001223-OC,2026-01-22 13:15:00,2026-01-22 13:25:00,2026-01-22,2026-01,Long,ObservationConfirm_WideStop1_5R,24.75,24.75,False,False,Core,0,Normal,True,True,-156.0,-159.6,,Stop,2026-W04,Observed
OPF-20260724-171319,20260122-1825-Short-1288,20260122-1815-BEAR-OBS-001286-Z001286-OC,2026-01-22 18:25:00,2026-01-22 18:30:00,2026-01-22,2026-01,Short,ObservationConfirm,11.5,11.5,False,False,Core,0,Normal,True,True,-63.75,-67.35,,Stop,2026-W04,Observed
OPF-20260724-171319,20260122-2000-Short-1307,20260122-2000-BEAR-OBS-001307-Z001307,2026-01-22 20:00:00,2026-01-22 20:15:00,2026-01-22,2026-01,Short,ZoneBirthResearch,16.25,17.0,False,False,Core,0,Normal,True,True,-102.0,-105.6,,Base:Stop|Runner:Stop,2026-W04,Observed
OPF-20260724-171518,20260122-2310-Short-1057,20260122-2305-BEAR-OBS-001056-Z001056-OC,2026-01-22 23:10:00,2026-01-22 23:15:00,2026-01-23,2026-01,Short,ObservationConfirm,19.25,20.0,False,False,Core,0,Normal,True,True,-126.75,-130.35,,Stop,2026-W04,Observed
OPF-20260724-171518,20260123-0045-Long-1076,20260123-0040-BULL-OBS-001075-Z001075-OC,2026-01-23 00:45:00,2026-01-23 00:50:00,2026-01-23,2026-01,Long,ObservationConfirm,7.25,7.5,False,False,Core,0,Normal,True,True,73.5,69.9,,Target,2026-W04,Observed
OPF-20260724-171518,20260123-0205-Long-1092,20260123-0200-BULL-OBS-001091-Z001090-OC-STR,2026-01-23 02:05:00,2026-01-23 02:20:00,2026-01-23,2026-01,Long,ObservationStrict_Other,3.5,4.5,False,False,Core,0,Normal,True,True,-28.5,-32.1,,Target,2026-W04,Observed
OPF-20260724-171518,RELEASED|20260123-0225-BEAR-OBS-001096-Z001096|ZoneBirthResearch,20260123-0225-BEAR-OBS-001096-Z001096,2026-01-23 02:25:00,2026-01-23 03:00:00,2026-01-23,2026-01,Short,ZoneBirthResearch,5.75,5.75,False,False,ActiveTrade,1,Normal,True,True,-34.5,-38.1,,Base:Stop|Runner:Stop,2026-W04,Observed
OPF-20260724-171518,20260123-0325-Long-1108,20260123-0320-BULL-OBS-001107-Z001107-OC,2026-01-23 03:25:00,2026-01-23 03:30:00,2026-01-23,2026-01,Long,ObservationConfirm,7.0,7.75,False,False,Core,0,Normal,True,True,-45.0,-48.6,,Stop,2026-W04,Observed
OPF-20260724-171518,20260123-0400-Short-1115,20260123-0325-BULL-OBS-001108-Z001107-FR-RT,2026-01-23 04:00:00,2026-01-23 04:25:00,2026-01-23,2026-01,Short,FailureReverse_RetestFailed,7.75,8.0,False,False,Core,0,Normal,True,True,-46.5,-50.1,,ProtectBE,2026-W04,Observed
OPF-20260724-171518,20260123-0435-Long-1122,20260123-0430-BULL-OBS-001121-Z001121-OC,2026-01-23 04:35:00,2026-01-23 04:40:00,2026-01-23,2026-01,Long,ObservationConfirm,6.25,6.75,False,False,Core,0,Normal,True,True,-42.0,-45.6,,Stop,2026-W04,Observed
OPF-20260724-171518,20260123-0505-Long-1128,20260123-0500-BULL-OBS-001127-Z001126-OC,2026-01-23 05:05:00,2026-01-23 05:55:00,2026-01-23,2026-01,Long,ObservationConfirm,8.5,8.5,False,False,Core,0,Normal,True,True,99.75,96.15,,Target,2026-W04,Observed
OPF-20260724-171518,DEFERRED|20260123-0455-BULL-OBS-001126-Z001126-OC|ObservationConfirm,20260123-0455-BULL-OBS-001126-Z001126-OC,2026-01-23 06:00:00,2026-01-23 06:35:00,2026-01-23,2026-01,Long,ObservationConfirm,8.5,8.5,False,False,DeferredContinuation,2,Normal,True,True,0.0,-3.6,20260123-0505-Long-1128,Stop,2026-W04,Observed
OPF-20260724-171518,20260123-0915-Short-1178,20260123-0915-BEAR-OBS-001178-Z001178,2026-01-23 09:15:00,2026-01-23 09:20:00,2026-01-23,2026-01,Short,ZoneBirthResearch,8.0,9.0,False,False,Core,0,Normal,True,True,-54.0,-57.6,,Base:Stop|Runner:Stop,2026-W04,Observed
OPF-20260724-171716,20260126-0245-Short-1148,20260126-0245-BEAR-OBS-001148-Z001148,2026-01-26 02:45:00,2026-01-26 03:00:00,2026-01-26,2026-01,Short,ZoneBirthResearch,17.75,18.75,False,False,Core,0,Normal,True,True,-112.5,-116.1,,Base:Stop|Runner:Stop,2026-W05,Observed
OPF-20260724-171716,20260126-0315-Short-1154,20260126-0310-BULL-OBS-001153-Z001153-FR,2026-01-26 03:15:00,2026-01-26 03:45:00,2026-01-26,2026-01,Short,FailureReverse_ObservationInvalidated_WideStop1_5R,11.25,11.25,False,False,Core,0,Normal,True,True,202.5,198.9,,ProtectBE,2026-W05,Observed
OPF-20260724-171716,20260126-0535-Long-1182,20260126-0530-BULL-OBS-001181-Z001181-OC,2026-01-26 05:35:00,2026-01-26 05:55:00,2026-01-26,2026-01,Long,ObservationConfirm,11.0,11.125,False,False,Core,0,Normal,True,True,128.25,124.65,,Target,2026-W05,Observed
OPF-20260724-171716,20260126-0610-Long-1189,20260126-0605-BULL-OBS-001188-Z001188-OC,2026-01-26 06:10:00,2026-01-26 06:30:00,2026-01-26,2026-01,Long,ObservationConfirm,11.25,11.75,False,False,Core,0,Normal,True,True,-66.0,-69.6,,ProtectBE,2026-W05,Observed
OPF-20260724-171716,20260126-0920-Short-1227,20260126-0915-BEAR-OBS-001226-Z001226-OC,2026-01-26 09:20:00,2026-01-26 09:25:00,2026-01-26,2026-01,Short,ObservationConfirm,20.0,20.5,False,False,Core,0,Normal,True,True,184.5,180.9,,Target,2026-W05,Observed
OPF-20260724-171716,20260126-1015-Short-1238,20260126-1015-BEAR-OBS-001238-Z001231,2026-01-26 10:15:00,2026-01-26 10:20:00,2026-01-26,2026-01,Short,UnknownRegimeZoneTouch,11.25,12.5,False,False,Core,0,Normal,True,True,-76.5,-80.1,,ProtectBE,2026-W05,Observed
OPF-20260724-171716,20260126-1105-Long-1248,20260126-1100-BULL-OBS-001247-Z001241-OC-STR,2026-01-26 11:05:00,2026-01-26 11:10:00,2026-01-26,2026-01,Long,ObservationStrict_Other,5.5,5.75,False,False,Core,0,Normal,True,True,-37.5,-41.1,,Stop,2026-W05,Observed
OPF-20260724-171716,20260126-1220-Short-1263,20260126-1220-BEAR-OBS-001263-Z001263,2026-01-26 12:20:00,2026-01-26 13:10:00,2026-01-26,2026-01,Short,ZoneBirthResearch,18.0,18.25,False,False,Core,0,Normal,True,True,-109.5,-113.1,,Base:Stop|Runner:Stop,2026-W05,Observed
OPF-20260724-171716,RELEASED|20260126-1335-BEAR-OBS-001278-Z001278|ZoneBirthResearch,20260126-1335-BEAR-OBS-001278-Z001278,2026-01-26 13:35:00,2026-01-26 13:45:00,2026-01-26,2026-01,Short,ZoneBirthResearch,12.75,12.75,False,False,ActiveTrade,1,Normal,True,True,-76.5,-80.1,,Base:Stop|Runner:Stop,2026-W05,Observed
OPF-20260724-171716,20260126-1555-Long-1306,20260126-1550-BULL-OBS-001305-Z001305-OC,2026-01-26 15:55:00,2026-01-26 16:15:00,2026-01-26,2026-01,Long,ObservationConfirm_WideStop1_5R,22.5,22.0,False,False,Core,0,Normal,True,True,-130.5,-134.1,,Stop,2026-W05,Observed
OPF-20260724-171912,20260126-2350-Long-1114,20260126-2345-BULL-OBS-001113-Z001113-OC,2026-01-26 23:50:00,2026-01-27 00:00:00,2026-01-27,2026-01,Long,ObservationConfirm,7.25,7.25,False,False,Core,0,Normal,True,True,-42.75,-46.35,,ProtectBE,2026-W05,Observed
OPF-20260724-171912,20260127-0245-Long-1149,20260127-0240-BULL-OBS-001148-Z001148-OC,2026-01-27 02:45:00,2026-01-27 03:50:00,2026-01-27,2026-01,Long,ObservationConfirm,9.0,9.25,False,False,Core,0,Normal,True,True,108.0,104.4,,Target,2026-W05,Observed
OPF-20260724-171912,20260127-0430-Long-1170,20260127-0420-BULL-OBS-001168-Z001166-OC,2026-01-27 04:30:00,2026-01-27 05:05:00,2026-01-27,2026-01,Long,ObservationConfirm,12.0,12.375,False,False,Core,0,Abnormal,False,False,-2.25,-5.85,,Stop,2026-W05,Observed
OPF-20260724-172115,20260127-2320-Short-1108,20260127-2320-BEAR-OBS-001108-Z001108,2026-01-27 23:20:00,2026-01-27 23:30:00,2026-01-28,2026-01,Short,ZoneBirthResearch,4.0,4.375,False,False,Core,0,Normal,True,True,-26.25,-29.85,,Base:Stop|Runner:Stop,2026-W05,Observed
OPF-20260724-172115,RELEASED|20260127-2320-BEAR-OBS-001108-Z001108-FR|FailureReverse_ObservationInvalidated_WideStop1_5R,20260127-2320-BEAR-OBS-001108-Z001108-FR,2026-01-27 23:30:00,2026-01-27 23:40:00,2026-01-28,2026-01,Long,FailureReverse_ObservationInvalidated_WideStop1_5R,5.62,5.62,False,False,ActiveTrade,1,Normal,True,True,-33.72,-37.32,,Stop,2026-W05,Observed
OPF-20260724-172115,20260128-0020-Long-1120,20260128-0015-BULL-OBS-001119-Z001119-OC,2026-01-28 00:20:00,2026-01-28 00:25:00,2026-01-28,2026-01,Long,ObservationConfirm,9.25,9.25,False,False,Core,0,Normal,True,True,103.5,99.9,,Target,2026-W05,Observed
OPF-20260724-172115,20260128-0110-Long-1130,20260128-0105-BULL-OBS-001129-Z001129-OC,2026-01-28 01:10:00,2026-01-28 03:20:00,2026-01-28,2026-01,Long,ObservationConfirm_WideStop1_5R,23.25,23.25,False,False,Core,0,Normal,True,True,-127.5,-131.1,,Stop,2026-W05,Observed
OPF-20260724-172115,20260128-0335-Short-1159,20260128-0330-BEAR-OBS-001158-Z001158-OC,2026-01-28 03:35:00,2026-01-28 03:40:00,2026-01-28,2026-01,Short,ObservationConfirm,7.25,8.0,False,False,Core,0,Normal,True,True,72.0,68.4,,ProtectBE,2026-W05,Observed
OPF-20260724-172115,RELEASED|20260128-0335-BEAR-OBS-001159-Z001158-OC|ObservationConfirm,20260128-0335-BEAR-OBS-001159-Z001158-OC,2026-01-28 03:40:00,2026-01-28 04:05:00,2026-01-28,2026-01,Short,ObservationConfirm,16.75,16.75,False,False,ActiveTrade,1,Normal,True,True,-100.5,-104.1,,Stop,2026-W05,Observed
OPF-20260724-172115,20260128-0415-Long-1167,20260128-0410-BULL-OBS-001166-Z001166-OC,2026-01-28 04:15:00,2026-01-28 05:40:00,2026-01-28,2026-01,Long,ObservationConfirm,10.75,10.75,False,False,Core,0,Normal,True,True,125.25,121.65,,Target,2026-W05,Observed
OPF-20260724-172115,20260128-0545-Long-1185,20260128-0540-BULL-OBS-001184-Z001184-OC,2026-01-28 05:45:00,2026-01-28 05:55:00,2026-01-28,2026-01,Long,ObservationConfirm,8.0,8.0,False,False,Core,0,Normal,True,True,72.0,68.4,,Target,2026-W05,Observed
OPF-20260724-172115,RELEASED|20260128-0550-BULL-OBS-001186-Z001186-OC|ObservationConfirm,20260128-0550-BULL-OBS-001186-Z001186-OC,2026-01-28 05:55:00,2026-01-28 06:00:00,2026-01-28,2026-01,Long,ObservationConfirm,5.0,5.0,False,False,ActiveTrade,1,Normal,True,True,90.0,86.4,,Target,2026-W05,Observed
OPF-20260724-172115,20260128-0645-Short-1197,20260128-0635-BULL-OBS-001195-Z001195-FR,2026-01-28 06:45:00,2026-01-28 06:50:00,2026-01-28,2026-01,Short,FailureReverse_ObservationInvalidated,16.25,16.25,False,False,Core,0,Normal,True,True,-97.5,-101.1,,Stop,2026-W05,Observed
OPF-20260724-172313,20260129-0215-Long-1143,20260129-0210-BULL-OBS-001142-Z001141-OC,2026-01-29 02:15:00,2026-01-29 02:20:00,2026-01-29,2026-01,Long,ObservationConfirm,10.0,11.0,False,False,Core,0,Normal,True,True,-69.0,-72.6,,Stop,2026-W05,Observed
OPF-20260724-172313,20260129-0245-Short-1149,20260129-0245-BEAR-OBS-001149-Z001149,2026-01-29 02:45:00,2026-01-29 02:55:00,2026-01-29,2026-01,Short,ZoneBirthResearch,16.75,16.875,False,False,Core,0,Normal,True,True,-101.25,-104.85,,Base:Stop|Runner:Stop,2026-W05,Observed
OPF-20260724-172313,20260129-0330-Long-1158,20260129-0325-BULL-OBS-001157-Z001156-OC,2026-01-29 03:30:00,2026-01-29 03:35:00,2026-01-29,2026-01,Long,ObservationConfirm,11.0,12.25,False,False,Core,0,Abnormal,False,False,-3.75,-7.35,,Stop,2026-W05,Observed
OPF-20260724-172313,20260129-0425-Long-1169,20260129-0425-BULL-PB-001169-Z001168,2026-01-29 04:25:00,2026-01-29 05:30:00,2026-01-29,2026-01,Long,AlmostConfirmed,10.0,11.125,False,False,Core,0,Normal,True,True,168.75,165.15,,ProtectBE,2026-W05,Observed
OPF-20260724-172313,20260129-0620-Long-1192,20260129-0620-BULL-PB-001192-Z001190,2026-01-29 06:20:00,2026-01-29 06:25:00,2026-01-29,2026-01,Long,AlmostConfirmed,6.5,7.25,False,False,Core,0,Normal,True,True,-45.0,-48.6,,Stop,2026-W05,Observed
OPF-20260724-172313,RELEASED|20260129-0620-BULL-OBS-001192-Z001190-OC|ObservationConfirm,20260129-0620-BULL-OBS-001192-Z001190-OC,2026-01-29 06:30:00,2026-01-29 06:35:00,2026-01-29,2026-01,Long,ObservationConfirm,8.0,8.0,False,False,ActiveTrade,1,Normal,True,True,-48.0,-51.6,,Stop,2026-W05,Observed
OPF-20260724-172313,20260129-1010-Short-1238,20260129-1005-BEAR-OBS-001237-Z001236-OC,2026-01-29 10:10:00,2026-01-29 10:15:00,2026-01-29,2026-01,Short,ObservationConfirm,17.25,17.5,False,False,Core,0,Normal,True,True,-102.0,-105.6,,Stop,2026-W05,Observed
OPF-20260724-172313,20260129-1040-Short-1244,20260129-1030-BULL-OBS-001242-Z001241-FR,2026-01-29 10:40:00,2026-01-29 10:50:00,2026-01-29,2026-01,Short,FailureReverse_ObservationInvalidated,7.0,7.75,False,False,Core,0,Normal,True,True,114.0,110.4,,Target,2026-W05,Observed
OPF-20260724-172313,DEFERRED|20260129-1030-BULL-OBS-001242-Z001241-FR|FailureReverse_ObservationInvalidated_WideStop1_5R,20260129-1030-BULL-OBS-001242-Z001241-FR,2026-01-29 10:55:00,2026-01-29 11:00:00,2026-01-29,2026-01,Short,FailureReverse_ObservationInvalidated_WideStop1_5R,10.5,10.5,False,False,DeferredContinuation,2,Normal,True,True,189.0,185.4,20260129-1040-Short-1244,Target,2026-W05,Observed
OPF-20260724-172512,20260130-0115-Short-1131,20260130-0115-BEAR-OBS-001131-Z001131,2026-01-30 01:15:00,2026-01-30 01:20:00,2026-01-30,2026-01,Short,ZoneBirthResearch,5.0,5.875,False,False,Core,0,Normal,True,True,105.75,102.15,,Base:Target|Runner:Target,2026-W05,Observed
OPF-20260724-172512,20260130-0600-Short-1188,20260130-0600-BEAR-BRK-001188-Z001188,2026-01-30 06:00:00,2026-01-30 06:20:00,2026-01-30,2026-01,Short,BreakawayFvg,26.0,25.5,False,False,Core,0,Normal,True,True,309.0,305.4,,Target,2026-W05,Observed
OPF-20260724-172512,DEFERRED|20260130-0605-BEAR-OBS-001189-Z001189-OC|ObservationConfirm,20260130-0605-BEAR-OBS-001189-Z001189-OC,2026-01-30 06:25:00,2026-01-30 06:30:00,2026-01-30,2026-01,Short,ObservationConfirm,19.5,19.5,False,False,DeferredContinuation,2,Normal,True,True,-0.0,-3.6,20260130-0600-Short-1188,Stop,2026-W05,Observed
OPF-20260724-172512,20260130-1915-Long-1347,20260130-1910-BULL-OBS-001346-Z001344-OC,2026-01-30 19:15:00,2026-01-30 19:25:00,2026-01-30,2026-01,Long,ObservationConfirm,11.0,10.625,False,False,Core,0,Normal,True,True,125.25,121.65,,ProtectBE,2026-W05,Observed
OPF-20260724-172716,20260202-0150-Short-1138,20260202-0145-BEAR-OBS-001137-Z001137-OC,2026-02-02 01:50:00,2026-02-02 02:00:00,2026-02-02,2026-02,Short,ObservationConfirm,19.5,17.375,False,False,Core,0,Normal,True,True,159.0,155.4,,ProtectBE,2026-W06,Observed
OPF-20260724-172716,RELEASED|20260202-0315-BEAR-OBS-001155-Z001155-OC|ObservationConfirm,20260202-0315-BEAR-OBS-001155-Z001155-OC,2026-02-02 03:20:00,2026-02-02 03:25:00,2026-02-02,2026-02,Short,ObservationConfirm,12.75,12.75,False,False,ActiveTrade,1,Normal,True,True,-76.5,-80.1,,Stop,2026-W06,Observed
OPF-20260724-172716,20260202-0720-Long-1204,20260202-0715-BULL-OBS-001203-Z001202-OC-STR,2026-02-02 07:20:00,2026-02-02 07:55:00,2026-02-02,2026-02,Long,ObservationStrict_Other,22.25,23.375,False,False,Core,0,Normal,True,True,419.25,415.65,,ProtectBE,2026-W06,Observed
OPF-20260724-172716,20260202-1415-Long-1287,20260202-1410-BULL-OBS-001286-Z001284-OC-STR,2026-02-02 14:15:00,2026-02-02 14:20:00,2026-02-02,2026-02,Long,ObservationStrict_Other,12.5,12.75,False,False,Core,0,Normal,True,True,-75.75,-79.35,,Stop,2026-W06,Observed
OPF-20260724-172913,20260203-0105-Long-1129,20260203-0100-BEAR-OBS-001128-Z001125-FR,2026-02-03 01:05:00,2026-02-03 01:30:00,2026-02-03,2026-02,Long,FailureReverse_ObservationInvalidated,10.0,10.125,False,False,Core,0,Normal,True,True,-57.75,-61.35,,ProtectBE,2026-W06,Observed
OPF-20260724-172913,RELEASED|20260203-0130-BEAR-OBS-001134-Z001134-OC|ObservationConfirm,20260203-0130-BEAR-OBS-001134-Z001134-OC,2026-02-03 01:35:00,2026-02-03 02:40:00,2026-02-03,2026-02,Short,ObservationConfirm,18.0,18.0,False,False,ActiveTrade,1,Normal,True,True,324.0,320.4,,Target,2026-W06,Observed
OPF-20260724-172913,20260203-0240-Short-1148,20260203-0235-BEAR-OBS-001147-Z001147-OC,2026-02-03 02:40:00,2026-02-03 02:45:00,2026-02-03,2026-02,Short,ObservationConfirm,12.0,13.125,False,False,Core,0,Normal,True,True,-80.25,-83.85,,Stop,2026-W06,Observed
OPF-20260724-172913,20260203-0300-Long-1152,20260203-0255-BULL-OBS-001151-Z001151-OC,2026-02-03 03:00:00,2026-02-03 03:10:00,2026-02-03,2026-02,Long,ObservationConfirm,9.25,10.375,False,False,Core,0,Normal,True,True,-66.75,-70.35,,ProtectBE,2026-W06,Observed
OPF-20260724-172913,20260203-0335-Long-1159,20260203-0330-BULL-OBS-001158-Z001157-OC,2026-02-03 03:35:00,2026-02-03 03:45:00,2026-02-03,2026-02,Long,ObservationConfirm,10.75,10.0,False,False,Core,0,Normal,True,True,120.0,116.4,,Target,2026-W06,Observed
OPF-20260724-172913,20260203-0350-Long-1162,20260203-0345-BULL-OBS-001161-Z001161-OC,2026-02-03 03:50:00,2026-02-03 04:00:00,2026-02-03,2026-02,Long,ObservationConfirm_WideStop1_5R,11.25,11.0,False,False,Core,0,Normal,True,True,103.5,99.9,,ProtectBE,2026-W06,Observed
OPF-20260724-172913,20260203-0405-Short-1165,20260203-0400-BEAR-OBS-001164-Z001134-OC,2026-02-03 04:05:00,2026-02-03 04:10:00,2026-02-03,2026-02,Short,ObservationConfirm,6.5,7.75,False,False,Core,0,Normal,True,True,66.75,63.15,,ProtectBE,2026-W06,Observed
OPF-20260724-172913,20260203-0415-Short-1167,20260203-0415-BEAR-OBS-001167-Z001167,2026-02-03 04:15:00,2026-02-03 04:30:00,2026-02-03,2026-02,Short,ZoneBirthResearch,4.25,4.875,False,False,Core,0,Normal,True,True,-29.25,-32.85,,Base:Stop|Runner:Stop,2026-W06,Observed
OPF-20260724-172913,20260203-0620-Long-1192,20260203-0615-BULL-OBS-001191-Z001191-OC,2026-02-03 06:20:00,2026-02-03 06:25:00,2026-02-03,2026-02,Long,ObservationConfirm,8.5,9.0,False,False,Core,0,Normal,True,True,-55.5,-59.1,,Stop,2026-W06,Observed
OPF-20260724-172913,20260203-1005-Short-1237,20260203-1005-BEAR-OBS-001237-Z001227,2026-02-03 10:05:00,2026-02-03 10:10:00,2026-02-03,2026-02,Short,UnknownRegimeZoneTouch,5.5,5.75,False,False,Core,0,Normal,True,True,-22.5,-26.1,,Stop,2026-W06,Observed
OPF-20260724-173117,20260204-0150-Short-1138,20260204-0145-BEAR-OBS-001137-Z001136-OC,2026-02-04 01:50:00,2026-02-04 01:55:00,2026-02-04,2026-02,Short,ObservationConfirm,18.5,18.75,False,False,Core,0,Normal,True,True,-113.25,-116.85,,Stop,2026-W06,Observed
OPF-20260724-173117,20260204-0220-Short-1144,20260204-0220-BEAR-OBS-001144-Z001144,2026-02-04 02:20:00,2026-02-04 06:05:00,2026-02-04,2026-02,Short,ZoneBirthResearch,16.5,16.75,False,False,Core,0,Normal,True,True,-100.5,-104.1,,Base:Stop|Runner:Stop,2026-W06,Observed
OPF-20260724-173117,20260204-0615-Long-1191,20260204-0610-BULL-OBS-001190-Z001189-OC-STR,2026-02-04 06:15:00,2026-02-04 06:20:00,2026-02-04,2026-02,Long,ObservationStrict_Other,7.25,6.75,False,False,Core,0,Normal,True,True,-37.5,-41.1,,Stop,2026-W06,Observed
OPF-20260724-173117,20260204-0745-Long-1209,20260204-0740-BULL-OBS-001208-Z001208-OC,2026-02-04 07:45:00,2026-02-04 07:55:00,2026-02-04,2026-02,Long,ObservationConfirm,11.5,11.75,False,False,Core,0,Normal,True,True,-71.25,-74.85,,Stop,2026-W06,Observed
OPF-20260724-173325,20260205-0130-Short-1134,20260205-0125-BEAR-OBS-001133-Z001133-OC,2026-02-05 01:30:00,2026-02-05 01:35:00,2026-02-05,2026-02,Short,ObservationConfirm,19.25,20.25,False,False,Core,0,Normal,True,True,-123.0,-126.6,,Stop,2026-W06,Observed
OPF-20260724-173325,20260205-0420-Short-1168,20260205-0420-BEAR-BRK-001168-Z001168,2026-02-05 04:20:00,2026-02-05 04:25:00,2026-02-05,2026-02,Short,BreakawayFvg,20.0,18.5,False,False,Core,0,Normal,True,True,-110.25,-113.85,,Stop,2026-W06,Observed
OPF-20260724-173325,20260205-0450-Short-1174,20260205-0450-BEAR-OBS-001174-Z001151,2026-02-05 04:50:00,2026-02-05 05:35:00,2026-02-05,2026-02,Short,UnknownRegimeZoneTouch,17.75,17.0,False,False,Core,0,Normal,True,True,-102.0,-105.6,,ProtectBE,2026-W06,Observed
OPF-20260724-173522,20260206-0745-Short-1209,20260206-0740-BEAR-OBS-001208-Z001208-OC,2026-02-06 07:45:00,2026-02-06 07:55:00,2026-02-06,2026-02,Short,ObservationConfirm,18.75,18.0,False,False,Core,0,Normal,True,True,159.0,155.4,,ProtectBE,2026-W06,Observed
OPF-20260724-173720,20260209-0305-Short-1153,20260209-0300-BEAR-OBS-001152-Z001152-OC,2026-02-09 03:05:00,2026-02-09 03:30:00,2026-02-09,2026-02,Short,ObservationConfirm,17.25,18.5,False,False,Core,0,Normal,True,True,166.5,162.9,,ProtectBE,2026-W07,Observed
OPF-20260724-173720,20260209-0440-Short-1172,20260209-0435-BEAR-OBS-001171-Z001171-OC,2026-02-09 04:40:00,2026-02-09 04:45:00,2026-02-09,2026-02,Short,ObservationConfirm,10.5,10.75,False,False,Core,0,Normal,True,True,96.0,92.4,,ProtectBE,2026-W07,Observed
OPF-20260724-173720,RELEASED|20260209-0440-BEAR-OBS-001172-Z001171-OC|ObservationConfirm,20260209-0440-BEAR-OBS-001172-Z001171-OC,2026-02-09 04:45:00,2026-02-09 05:10:00,2026-02-09,2026-02,Short,ObservationConfirm,9.25,9.25,False,False,ActiveTrade,1,Normal,True,True,0.0,-3.6,,ProtectBE,2026-W07,Observed
OPF-20260724-173720,20260209-0525-Long-1181,20260209-0520-BULL-OBS-001180-Z001180-OC,2026-02-09 05:25:00,2026-02-09 05:35:00,2026-02-09,2026-02,Long,ObservationConfirm,9.25,9.25,False,False,Core,0,Normal,True,True,111.0,107.4,,ProtectBE,2026-W07,Observed
OPF-20260724-173720,20260209-0545-Short-1185,20260209-0545-BEAR-OBS-001185-Z001185,2026-02-09 05:45:00,2026-02-09 05:50:00,2026-02-09,2026-02,Short,ZoneBirthResearch,6.0,7.0,False,False,Core,0,Normal,True,True,-42.0,-45.6,,Base:Stop|Runner:Stop,2026-W07,Observed
OPF-20260724-173720,20260209-0610-Short-1190,20260209-0605-BEAR-OBS-001189-Z001189-OC,2026-02-09 06:10:00,2026-02-09 06:35:00,2026-02-09,2026-02,Short,ObservationConfirm,16.75,18.5,False,False,Core,0,Normal,True,True,166.5,162.9,,ProtectBE,2026-W07,Observed
OPF-20260724-173720,20260209-0810-Short-1214,20260209-0805-BEAR-OBS-001213-Z001189-OC,2026-02-09 08:10:00,2026-02-09 08:20:00,2026-02-09,2026-02,Short,ObservationConfirm_WideStop1_5R,16.88,16.75,False,False,Core,0,Normal,True,True,148.5,144.9,,ProtectBE,2026-W07,Observed
OPF-20260724-173720,20260209-1210-Short-1262,20260209-1210-BEAR-OBS-001262-Z001236,2026-02-09 12:10:00,2026-02-09 12:15:00,2026-02-09,2026-02,Short,UnknownRegimeZoneTouch,8.75,8.75,False,False,Core,0,Normal,True,True,154.5,150.9,,Target,2026-W07,Observed
OPF-20260724-173720,20260209-1605-Long-1309,20260209-1605-BULL-PB-001309-Z001308,2026-02-09 16:05:00,2026-02-09 16:20:00,2026-02-09,2026-02,Long,AlmostConfirmed,17.25,16.25,False,False,Core,0,Normal,True,True,242.25,238.65,,ProtectBE,2026-W07,Observed
OPF-20260724-173720,20260209-1930-Long-1350,20260209-1925-BULL-OBS-001349-Z001349-OC,2026-02-09 19:30:00,2026-02-09 19:50:00,2026-02-09,2026-02,Long,ObservationConfirm_WideStop1_5R,23.25,23.375,False,False,Core,0,Normal,True,True,-141.75,-145.35,,Stop,2026-W07,Observed
OPF-20260724-173917,20260210-0240-Short-1148,20260210-0240-BEAR-OBS-001148-Z001148,2026-02-10 02:40:00,2026-02-10 02:50:00,2026-02-10,2026-02,Short,ZoneBirthResearch,6.25,6.25,False,False,Core,0,Normal,True,True,-37.5,-41.1,,Base:Stop|Runner:Stop,2026-W07,Observed
OPF-20260724-173917,RELEASED|20260210-0245-BEAR-OBS-001149-Z001148-OC|ObservationConfirm_WideStop1_5R,20260210-0245-BEAR-OBS-001149-Z001148-OC,2026-02-10 02:55:00,2026-02-10 03:05:00,2026-02-10,2026-02,Short,ObservationConfirm_WideStop1_5R,7.12,7.12,False,False,ActiveTrade,1,Normal,True,True,128.16000000000003,124.56000000000003,,Target,2026-W07,Observed
OPF-20260724-173917,20260210-0305-Short-1153,20260210-0305-BEAR-BRK-001153-Z001153,2026-02-10 03:05:00,2026-02-10 03:25:00,2026-02-10,2026-02,Short,BreakawayFvg,20.5,20.0,False,False,Core,0,Normal,True,True,-114.0,-117.6,,Stop,2026-W07,Observed
OPF-20260724-173917,20260210-0420-Long-1168,20260210-0415-BULL-OBS-001167-Z001166-OC,2026-02-10 04:20:00,2026-02-10 04:50:00,2026-02-10,2026-02,Long,ObservationConfirm,10.0,11.0,False,False,Core,0,Normal,True,True,127.5,123.9,,ProtectBE,2026-W07,Observed
OPF-20260724-173917,20260210-0510-Long-1178,20260210-0505-BULL-OBS-001177-Z001174-OC,2026-02-10 05:10:00,2026-02-10 05:15:00,2026-02-10,2026-02,Long,ObservationConfirm,8.5,8.75,False,False,Core,0,Normal,True,True,-52.5,-56.1,,Stop,2026-W07,Observed
OPF-20260724-173917,20260210-0545-Short-1185,20260210-0545-BEAR-OBS-001185-Z001185,2026-02-10 05:45:00,2026-02-10 05:50:00,2026-02-10,2026-02,Short,ZoneBirthResearch,5.75,5.0,False,False,Core,0,Normal,True,True,-30.0,-33.6,,Base:Stop|Runner:Stop,2026-W07,Observed
OPF-20260724-173917,20260210-0925-Long-1229,20260210-0920-BULL-OBS-001228-Z001228-OC,2026-02-10 09:25:00,2026-02-10 09:30:00,2026-02-10,2026-02,Long,ObservationConfirm,11.5,11.0,False,False,Core,0,Normal,True,True,-67.5,-71.1,,Stop,2026-W07,Observed
OPF-20260724-173917,RELEASED|20260210-0945-BULL-OBS-001233-Z001226-FR|FailureReverse_ObservationInvalidated_WideStop1_5R,20260210-0945-BULL-OBS-001233-Z001226-FR,2026-02-10 09:50:00,2026-02-10 10:10:00,2026-02-10,2026-02,Short,FailureReverse_ObservationInvalidated_WideStop1_5R,18.38,18.38,False,False,ActiveTrade,1,Normal,True,True,0.0,-3.6,,ProtectBE,2026-W07,Observed
OPF-20260724-173917,20260210-1820-Short-1336,20260210-1820-BEAR-OBS-001336-Z001336,2026-02-10 18:20:00,2026-02-10 20:10:00,2026-02-10,2026-02,Short,ZoneBirthResearch,17.75,18.0,False,False,Core,0,Normal,True,True,324.0,320.4,,Base:Target|Runner:Target,2026-W07,Observed
OPF-20260724-174112,20260210-2330-Short-1110,20260210-2330-BEAR-OBS-001110-Z001110,2026-02-10 23:30:00,2026-02-10 23:40:00,2026-02-11,2026-02,Short,ZoneBirthResearch,6.75,7.0,False,False,Core,0,Normal,True,True,-42.0,-45.6,,Base:Stop|Runner:Stop,2026-W07,Observed
OPF-20260724-174112,DEFERRED|20260210-2320-BULL-OBS-001108-Z001108-FR-RT|FailureReverse_RetestFailed_WideStop1_5R,20260210-2320-BULL-OBS-001108-Z001108-FR-RT,2026-02-10 23:45:00,2026-02-11 00:25:00,2026-02-11,2026-02,Short,FailureReverse_RetestFailed_WideStop1_5R,8.62,8.62,False,False,DeferredContinuation,2,Normal,True,True,-0.0,-3.6,20260210-2330-Short-1110,Stop,2026-W07,Observed
OPF-20260724-174112,20260211-0150-Long-1138,20260211-0145-BULL-OBS-001137-Z001137-OC,2026-02-11 01:50:00,2026-02-11 02:35:00,2026-02-11,2026-02,Long,ObservationConfirm,12.0,12.0,False,False,Core,0,Normal,True,True,-77.25,-80.85,,Stop,2026-W07,Observed
OPF-20260724-174112,20260211-0245-Short-1149,20260211-0240-BEAR-OBS-001148-Z001148-OC,2026-02-11 02:45:00,2026-02-11 02:50:00,2026-02-11,2026-02,Short,ObservationConfirm,3.75,4.25,False,False,Core,0,Normal,True,True,-25.5,-29.1,,Stop,2026-W07,Observed
OPF-20260724-174112,20260211-0310-Short-1154,20260211-0305-BEAR-OBS-001153-Z001153-OC,2026-02-11 03:10:00,2026-02-11 03:15:00,2026-02-11,2026-02,Short,ObservationConfirm,7.0,6.75,False,False,Core,0,Normal,True,True,60.0,56.4,,ProtectBE,2026-W07,Observed
OPF-20260724-174112,20260211-0335-Long-1159,20260211-0330-BULL-OBS-001158-Z001158-OC,2026-02-11 03:35:00,2026-02-11 03:55:00,2026-02-11,2026-02,Long,ObservationConfirm,7.5,7.5,False,False,Core,0,Normal,True,True,55.5,51.9,,Target,2026-W07,Observed
OPF-20260724-174112,20260211-0415-Short-1167,20260211-0415-BEAR-OBS-001167-Z001167,2026-02-11 04:15:00,2026-02-11 04:20:00,2026-02-11,2026-02,Short,ZoneBirthResearch,3.5,3.875,False,False,Core,0,Normal,True,True,-23.25,-26.85,,Base:Stop|Runner:Stop,2026-W07,Observed
OPF-20260724-174112,RELEASED|20260211-0420-BEAR-OBS-001168-Z001167-OC|ObservationConfirm,20260211-0420-BEAR-OBS-001168-Z001167-OC,2026-02-11 04:25:00,2026-02-11 06:05:00,2026-02-11,2026-02,Short,ObservationConfirm,19.0,19.0,False,False,ActiveTrade,1,Normal,True,True,0.0,-3.6,,ProtectBE,2026-W07,Observed
OPF-20260724-174112,20260211-0850-Short-1222,20260211-0830-BEAR-SHD-001218-Z001214,2026-02-11 08:50:00,2026-02-11 08:55:00,2026-02-11,2026-02,Short,ShadowCandidate,9.0,9.0,False,False,Core,0,Normal,True,True,-55.5,-59.1,,Stop,2026-W07,Observed
OPF-20260724-174112,RELEASED|20260211-1025-BULL-OBS-001241-Z001241-OC-STR|ObservationStrict_BullFresh_WideStop1_5R,20260211-1025-BULL-OBS-001241-Z001241-OC-STR,2026-02-11 10:30:00,2026-02-11 10:45:00,2026-02-11,2026-02,Long,ObservationStrict_BullFresh_WideStop1_5R,11.25,11.25,False,False,DailyTradeLimit,1,Normal,True,True,0.0,-3.6,,ProtectBE,2026-W07,Observed
OPF-20260724-174318,20260212-0345-Long-1161,20260212-0340-BULL-OBS-001160-Z001159-OC,2026-02-12 03:45:00,2026-02-12 03:55:00,2026-02-12,2026-02,Long,ObservationConfirm,8.75,8.25,False,False,Core,0,Normal,True,True,-46.5,-50.1,,Stop,2026-W07,Observed
OPF-20260724-174318,DEFERRED|20260212-0340-BULL-OBS-001160-Z001159-OC-STR|ObservationStrict_Other,20260212-0340-BULL-OBS-001160-Z001159-OC-STR,2026-02-12 04:00:00,2026-02-12 04:25:00,2026-02-12,2026-02,Long,ObservationStrict_Other,8.75,8.75,False,False,DeferredContinuation,2,Normal,True,True,157.5,153.9,20260212-0345-Long-1161,Target,2026-W07,Observed
OPF-20260724-174318,20260212-0440-Short-1172,20260212-0435-BEAR-OBS-001171-Z001171-OC,2026-02-12 04:40:00,2026-02-12 04:50:00,2026-02-12,2026-02,Short,ObservationConfirm,12.25,12.5,False,False,Core,0,Normal,True,True,-76.5,-80.1,,Stop,2026-W07,Observed
OPF-20260724-174318,RELEASED|20260212-0445-BEAR-OBS-001173-Z001171-OC|ObservationConfirm,20260212-0445-BEAR-OBS-001173-Z001171-OC,2026-02-12 04:50:00,2026-02-12 04:55:00,2026-02-12,2026-02,Short,ObservationConfirm,6.5,6.5,False,False,ActiveTrade,1,Normal,True,True,-39.0,-42.6,,Stop,2026-W07,Observed
OPF-20260724-174318,RELEASED|20260212-0450-BULL-OBS-001174-Z001174-OC|ObservationConfirm,20260212-0450-BULL-OBS-001174-Z001174-OC,2026-02-12 04:55:00,2026-02-12 05:15:00,2026-02-12,2026-02,Long,ObservationConfirm,5.5,5.5,False,False,ActiveTrade,1,Normal,True,True,99.0,95.4,,Target,2026-W07,Observed
OPF-20260724-174318,RELEASED|20260212-0510-BULL-OBS-001178-Z001177-OC|ObservationConfirm,20260212-0510-BULL-OBS-001178-Z001177-OC,2026-02-12 05:15:00,2026-02-12 05:30:00,2026-02-12,2026-02,Long,ObservationConfirm,8.5,8.5,False,False,ActiveTrade,1,Normal,True,True,-51.0,-54.6,,Stop,2026-W07,Observed
OPF-20260724-174318,RELEASED|20260212-0530-BEAR-OBS-001182-Z001182-OC|ObservationConfirm,20260212-0530-BEAR-OBS-001182-Z001182-OC,2026-02-12 05:35:00,2026-02-12 05:40:00,2026-02-12,2026-02,Short,ObservationConfirm,4.5,4.5,False,False,ActiveTrade,1,Normal,True,True,-27.0,-30.6,,Stop,2026-W07,Observed
OPF-20260724-174318,20260212-0655-Long-1199,20260212-0645-BEAR-OBS-001197-Z001195-FR,2026-02-12 06:55:00,2026-02-12 07:15:00,2026-02-12,2026-02,Long,FailureReverse_ObservationInvalidated,11.5,11.875,False,False,Core,0,Normal,True,True,176.25,172.65,,Target,2026-W07,Observed
OPF-20260724-174318,20260212-0730-Long-1206,20260212-0725-BULL-OBS-001205-Z001205-OC,2026-02-12 07:30:00,2026-02-12 08:00:00,2026-02-12,2026-02,Long,ObservationConfirm,9.25,8.75,False,False,Core,0,Normal,True,True,105.0,101.4,,ProtectBE,2026-W07,Observed
OPF-20260724-174318,DEFERRED|20260212-0745-BULL-OBS-001209-Z001205-OC|ObservationConfirm,20260212-0745-BULL-OBS-001209-Z001205-OC,2026-02-12 08:05:00,2026-02-12 08:05:00,2026-02-12,2026-02,Long,ObservationConfirm,10.75,10.75,False,False,DeferredContinuation,2,Normal,True,True,-64.5,-68.1,20260212-0730-Long-1206,Stop,2026-W07,Observed
OPF-20260724-174521,20260213-0010-Long-1118,20260213-0005-BULL-OBS-001117-Z001117-OC,2026-02-13 00:10:00,2026-02-13 00:15:00,2026-02-13,2026-02,Long,ObservationConfirm,10.25,10.0,False,False,Core,0,Normal,True,True,-60.75,-64.35,,Stop,2026-W07,Observed
OPF-20260724-174521,20260213-0240-Short-1148,20260213-0235-BULL-OBS-001147-Z001147-FR,2026-02-13 02:40:00,2026-02-13 03:55:00,2026-02-13,2026-02,Short,FailureReverse_ObservationInvalidated_WideStop1_5R,19.5,19.375,False,False,Core,0,Normal,True,True,336.75,333.15,,Target,2026-W07,Observed
OPF-20260724-174521,RELEASED|20260213-0405-BEAR-OBS-001165-Z001163|UnknownRegimeZoneTouch,20260213-0405-BEAR-OBS-001165-Z001163,2026-02-13 04:05:00,2026-02-13 04:10:00,2026-02-13,2026-02,Short,UnknownRegimeZoneTouch,12.5,12.5,False,False,ActiveTrade,1,Normal,True,True,-75.0,-78.6,,Stop,2026-W07,Observed
OPF-20260724-174521,20260213-0440-Short-1172,20260213-0435-BEAR-OBS-001171-Z001171-OC,2026-02-13 04:40:00,2026-02-13 05:15:00,2026-02-13,2026-02,Short,ObservationConfirm,20.0,21.0,False,False,Core,0,Normal,True,True,186.0,182.4,,Target,2026-W07,Observed
OPF-20260724-174521,DEFERRED|20260213-0440-BEAR-OBS-001172-Z001171-OC|ObservationConfirm,20260213-0440-BEAR-OBS-001172-Z001171-OC,2026-02-13 05:20:00,2026-02-13 06:25:00,2026-02-13,2026-02,Short,ObservationConfirm,20.25,20.25,False,False,DeferredContinuation,2,Normal,True,True,364.5,360.9,20260213-0440-Short-1172,Target,2026-W07,Observed
OPF-20260724-174521,20260213-0705-Short-1201,20260213-0700-BEAR-OBS-001200-Z001180-OC,2026-02-13 07:05:00,2026-02-13 07:10:00,2026-02-13,2026-02,Short,ObservationConfirm_WideStop1_5R,20.25,19.875,False,False,Core,0,Normal,True,True,-119.25,-122.85,,Stop,2026-W07,Observed
OPF-20260724-174521,20260213-2125-Short-1373,20260213-2125-BEAR-OBS-001373-Z001373,2026-02-13 21:25:00,2026-02-13 21:30:00,2026-02-13,2026-02,Short,ZoneBirthResearch,6.75,5.25,False,False,Core,0,Normal,True,True,-31.5,-35.1,,Base:Stop|Runner:Stop,2026-W07,Observed
OPF-20260724-174743,20260217-0110-Long-1082,20260217-0105-BEAR-OBS-001081-Z001077-FR,2026-02-17 01:10:00,2026-02-17 01:15:00,2026-02-17,2026-02,Long,FailureReverse_ObservationInvalidated,10.5,11.25,False,False,Core,0,Normal,True,True,-68.25,-71.85,,Stop,2026-W08,Observed
OPF-20260724-174743,RELEASED|20260217-0110-BULL-OBS-001082-Z001082-OC|ObservationConfirm,20260217-0110-BULL-OBS-001082-Z001082-OC,2026-02-17 01:15:00,2026-02-17 01:20:00,2026-02-17,2026-02,Long,ObservationConfirm,8.25,8.25,False,False,ActiveTrade,1,Normal,True,True,-49.5,-53.1,,Stop,2026-W08,Observed
OPF-20260724-174743,20260217-0225-Short-1097,20260217-0220-BEAR-OBS-001096-Z001092-OC,2026-02-17 02:25:00,2026-02-17 02:35:00,2026-02-17,2026-02,Short,ObservationConfirm_WideStop1_5R,10.88,11.25,False,False,Core,0,Normal,True,True,100.5,96.9,,ProtectBE,2026-W08,Observed
OPF-20260724-174743,20260217-0335-Short-1111,20260217-0335-BEAR-BRK-001111-Z001111,2026-02-17 03:35:00,2026-02-17 03:55:00,2026-02-17,2026-02,Short,BreakawayFvg,30.0,29.75,False,False,Core,0,Normal,True,True,-178.5,-182.1,,Stop,2026-W08,Observed
OPF-20260724-174743,RELEASED|20260217-0340-BEAR-PB-001112-Z001111-TRG|TrendPullbackConfirmed,20260217-0340-BEAR-PB-001112-Z001111-TRG,2026-02-17 03:55:00,2026-02-17 04:00:00,2026-02-17,2026-02,Short,TrendPullbackConfirmed,7.0,7.0,False,False,ActiveTrade,1,Normal,True,True,-42.0,-45.6,,Stop,2026-W08,Observed
OPF-20260724-174743,20260217-0440-Short-1124,20260217-0435-BEAR-OBS-001123-Z001123-OC,2026-02-17 04:40:00,2026-02-17 04:45:00,2026-02-17,2026-02,Short,ObservationConfirm,5.75,6.25,False,False,Core,0,Normal,True,True,-37.5,-41.1,,Stop,2026-W08,Observed
OPF-20260724-174743,RELEASED|20260217-0840-BEAR-OBS-001172-Z001172-OC|ObservationConfirm,20260217-0840-BEAR-OBS-001172-Z001172-OC,2026-02-17 08:45:00,2026-02-17 09:00:00,2026-02-17,2026-02,Short,ObservationConfirm,11.5,11.5,False,False,ActiveTrade,1,Normal,True,True,0.0,-3.6,,ProtectBE,2026-W08,Observed
OPF-20260724-174946,20260217-2340-Short-1064,20260217-2335-BEAR-OBS-001063-Z001063-OC,2026-02-17 23:40:00,2026-02-18 00:05:00,2026-02-18,2026-02,Short,ObservationConfirm,16.75,16.75,False,False,Core,0,Normal,True,True,-100.5,-104.1,,ProtectBE,2026-W08,Observed
OPF-20260724-174946,RELEASED|20260218-0055-BEAR-OBS-001079-Z001078-OC|ObservationConfirm,20260218-0055-BEAR-OBS-001079-Z001078-OC,2026-02-18 01:00:00,2026-02-18 01:20:00,2026-02-18,2026-02,Short,ObservationConfirm,17.5,17.5,False,False,ActiveTrade,1,Normal,True,True,-105.0,-108.6,,Stop,2026-W08,Observed
OPF-20260724-174946,20260218-0245-Long-1101,20260218-0240-BULL-OBS-001100-Z001100-OC-STR,2026-02-18 02:45:00,2026-02-18 02:50:00,2026-02-18,2026-02,Long,ObservationStrict_BullFresh_WideStop1_5R,5.25,5.25,False,False,Core,0,Normal,True,True,-31.5,-35.1,,Stop,2026-W08,Observed
OPF-20260724-174946,RELEASED|20260218-0250-BULL-OBS-001102-Z001099-OC|ObservationConfirm,20260218-0250-BULL-OBS-001102-Z001099-OC,2026-02-18 02:55:00,2026-02-18 03:05:00,2026-02-18,2026-02,Long,ObservationConfirm,6.5,6.5,False,False,ActiveTrade,1,Normal,True,True,0.0,-3.6,,ProtectBE,2026-W08,Observed
OPF-20260724-174946,20260218-0415-Long-1119,20260218-0410-BULL-OBS-001118-Z001118-OC,2026-02-18 04:15:00,2026-02-18 04:25:00,2026-02-18,2026-02,Long,ObservationConfirm_WideStop1_5R,11.62,11.5,False,False,Core,0,Normal,True,True,102.0,98.4,,Target,2026-W08,Observed
OPF-20260724-174946,20260218-0645-Long-1149,20260218-0640-BULL-OBS-001148-Z001148-OC,2026-02-18 06:45:00,2026-02-18 06:55:00,2026-02-18,2026-02,Long,ObservationConfirm,7.0,7.75,False,False,Core,0,Normal,True,True,67.5,63.9,,ProtectBE,2026-W08,Observed
OPF-20260724-174946,20260218-0705-Short-1153,20260218-0700-BEAR-OBS-001152-Z001152-OC,2026-02-18 07:05:00,2026-02-18 07:30:00,2026-02-18,2026-02,Short,ObservationConfirm,18.0,18.125,False,False,Core,0,Normal,True,True,-113.25,-116.85,,Stop,2026-W08,Observed
OPF-20260724-174946,20260218-0905-Long-1177,20260218-0900-BULL-OBS-001176-Z001176-OC,2026-02-18 09:05:00,2026-02-18 12:00:00,2026-02-18,2026-02,Long,ObservationConfirm_WideStop1_5R,24.0,24.5,False,False,Core,0,Normal,True,True,217.5,213.9,,ProtectBE,2026-W08,Observed
OPF-20260724-174946,20260218-1735-Short-1279,20260218-1730-BEAR-OBS-001278-Z001278-OC,2026-02-18 17:35:00,2026-02-18 17:45:00,2026-02-18,2026-02,Short,ObservationConfirm,16.25,17.5,False,False,Core,0,Normal,True,True,-105.0,-108.6,,ProtectBE,2026-W08,Observed
OPF-20260724-174946,20260218-1825-Short-1289,20260218-1825-BEAR-OBS-001289-Z001289,2026-02-18 18:25:00,2026-02-18 18:50:00,2026-02-18,2026-02,Short,ZoneBirthResearch,17.0,18.0,False,False,Core,0,Normal,True,True,324.0,320.4,,Base:Target|Runner:Target,2026-W08,Observed
OPF-20260724-175144,20260219-0155-Long-1091,20260219-0150-BEAR-OBS-001090-Z001088-FR,2026-02-19 01:55:00,2026-02-19 02:00:00,2026-02-19,2026-02,Long,FailureReverse_ObservationInvalidated,17.0,16.75,False,False,Core,0,Normal,True,True,-102.0,-105.6,,Stop,2026-W08,Observed
OPF-20260724-175144,20260219-0405-Long-1117,20260219-0400-BULL-OBS-001116-Z001116-OC,2026-02-19 04:05:00,2026-02-19 04:20:00,2026-02-19,2026-02,Long,ObservationConfirm,10.0,10.5,False,False,Core,0,Normal,True,True,-63.0,-66.6,,ProtectBE,2026-W08,Observed
OPF-20260724-175144,20260219-0450-Short-1126,20260219-0450-BEAR-OBS-001126-Z001126,2026-02-19 04:50:00,2026-02-19 05:15:00,2026-02-19,2026-02,Short,ZoneBirthResearch,6.5,7.0,False,False,Core,0,Normal,True,True,70.0,66.4,,Base:Target|Runner:ProtectBE,2026-W08,Observed
OPF-20260724-175144,20260219-0520-Short-1132,20260219-0515-BEAR-OBS-001131-Z001126-OC,2026-02-19 05:20:00,2026-02-19 05:25:00,2026-02-19,2026-02,Short,ObservationConfirm,6.0,6.5,False,False,Core,0,Normal,True,True,-36.0,-39.6,,Stop,2026-W08,Observed
OPF-20260724-175144,20260219-0540-Long-1136,20260219-0535-BULL-OBS-001135-Z001135-OC,2026-02-19 05:40:00,2026-02-19 05:45:00,2026-02-19,2026-02,Long,ObservationConfirm,7.25,8.25,False,False,Core,0,Normal,True,True,71.25,67.65,,Target,2026-W08,Observed
OPF-20260724-175144,20260219-0555-Long-1139,20260219-0550-BULL-OBS-001138-Z001138-OC,2026-02-19 05:55:00,2026-02-19 06:50:00,2026-02-19,2026-02,Long,ObservationConfirm,11.0,11.25,False,False,Core,0,Normal,True,True,141.0,137.4,,Target,2026-W08,Observed
OPF-20260724-175144,20260219-0700-Long-1152,20260219-0655-BULL-OBS-001151-Z001151-OC,2026-02-19 07:00:00,2026-02-19 07:15:00,2026-02-19,2026-02,Long,ObservationConfirm,10.25,9.5,False,False,Core,0,Normal,True,True,111.0,107.4,,Target,2026-W08,Observed
OPF-20260724-175144,20260219-0730-Long-1158,20260219-0730-BULL-PB-001158-Z001157,2026-02-19 07:30:00,2026-02-19 07:35:00,2026-02-19,2026-02,Long,AlmostConfirmed,13.25,13.0,False,False,Core,0,Normal,True,True,-78.0,-81.6,,Stop,2026-W08,Observed
OPF-20260724-175144,20260219-0855-Short-1175,20260219-0850-BULL-OBS-001174-Z001134-FR,2026-02-19 08:55:00,2026-02-19 09:00:00,2026-02-19,2026-02,Short,FailureReverse_ObservationInvalidated,19.0,17.25,False,False,Core,0,Normal,True,True,-103.5,-107.1,,Stop,2026-W08,Observed
OPF-20260724-175144,RELEASED|20260219-0850-BULL-OBS-001174-Z001134-FR-RT|FailureReverse_RetestFailed_WideStop1_5R,20260219-0850-BULL-OBS-001174-Z001134-FR-RT,2026-02-19 09:05:00,2026-02-19 09:20:00,2026-02-19,2026-02,Short,FailureReverse_RetestFailed_WideStop1_5R,11.62,11.62,False,False,ActiveTrade,1,Normal,True,True,0.0,-3.6,,ProtectBE,2026-W08,Observed
OPF-20260724-175144,20260219-1005-Short-1189,20260219-1005-BEAR-OBS-001189-Z001189,2026-02-19 10:05:00,2026-02-19 11:30:00,2026-02-19,2026-02,Short,ZoneBirthResearch,17.75,19.5,False,False,Core,0,Abnormal,False,False,-117.0,-120.6,,Base:Stop|Runner:Stop,2026-W08,Observed
OPF-20260724-175339,20260219-2325-Long-1061,20260219-2320-BULL-OBS-001060-Z001060-OC,2026-02-19 23:25:00,2026-02-19 23:30:00,2026-02-20,2026-02,Long,ObservationConfirm,8.75,10.0,False,False,Core,0,Normal,True,True,118.5,114.9,,Target,2026-W08,Observed
OPF-20260724-175339,20260220-0040-Long-1076,20260220-0035-BULL-OBS-001075-Z001074-OC-STR,2026-02-20 00:40:00,2026-02-20 02:40:00,2026-02-20,2026-02,Long,ObservationStrict_Other,19.75,20.375,False,False,Core,0,Normal,True,True,-117.75,-121.35,,ProtectBE,2026-W08,Observed
OPF-20260724-175339,20260220-0300-Long-1104,20260220-0255-BULL-OBS-001103-Z001103-OC,2026-02-20 03:00:00,2026-02-20 03:05:00,2026-02-20,2026-02,Long,ObservationConfirm,9.25,9.5,False,False,Core,0,Normal,True,True,-46.5,-50.1,,Stop,2026-W08,Observed
OPF-20260724-175339,20260220-0425-Long-1121,20260220-0415-BULL-OBS-001119-Z001118-OC,2026-02-20 04:25:00,2026-02-20 04:30:00,2026-02-20,2026-02,Long,ObservationConfirm,7.0,8.0,False,False,Core,0,Normal,True,True,-51.0,-54.6,,Stop,2026-W08,Observed
OPF-20260724-175339,RELEASED|20260220-0420-BEAR-OBS-001120-Z001120-OC|ObservationConfirm,20260220-0420-BEAR-OBS-001120-Z001120-OC,2026-02-20 04:30:00,2026-02-20 04:40:00,2026-02-20,2026-02,Short,ObservationConfirm,4.75,4.75,False,False,ActiveTrade,1,Normal,True,True,0.0,-3.6,,ProtectBE,2026-W08,Observed
OPF-20260724-175339,20260220-0540-Long-1136,20260220-0540-BULL-PB-001136-Z001135,2026-02-20 05:40:00,2026-02-20 07:35:00,2026-02-20,2026-02,Long,AlmostConfirmed,10.25,10.0,False,False,Core,0,Normal,True,True,-57.75,-61.35,,ProtectBE,2026-W08,Observed
OPF-20260724-175339,20260220-0855-Long-1175,20260220-0850-BULL-OBS-001174-Z001174-OC,2026-02-20 08:55:00,2026-02-20 09:10:00,2026-02-20,2026-02,Long,ObservationConfirm_WideStop1_5R,22.5,22.75,False,False,Core,0,Normal,True,True,204.0,200.4,,ProtectBE,2026-W08,Observed
OPF-20260724-175339,20260220-0940-Short-1184,20260220-0940-BEAR-OBS-001184-Z001184,2026-02-20 09:40:00,2026-02-20 10:00:00,2026-02-20,2026-02,Short,ZoneBirthResearch,7.0,7.25,False,False,Core,0,Normal,True,True,130.5,126.9,,Base:Target|Runner:Target,2026-W08,Observed
OPF-20260724-175339,20260220-1030-Short-1194,20260220-1025-BEAR-OBS-001193-Z001193-OC,2026-02-20 10:30:00,2026-02-20 10:35:00,2026-02-20,2026-02,Short,ObservationConfirm,16.75,17.25,False,False,Core,0,Normal,True,True,-103.5,-107.1,,Stop,2026-W08,Observed
OPF-20260724-175339,20260220-1220-Short-1216,20260220-1220-BEAR-BRK-001216-Z001216,2026-02-20 12:20:00,2026-02-20 12:25:00,2026-02-20,2026-02,Short,BreakawayFvg,9.75,10.75,False,False,Core,0,Normal,True,True,126.0,122.4,,ProtectBE,2026-W08,Observed
OPF-20260724-175537,RELEASED|20260223-0215-BEAR-OBS-001143-Z001143-OC|ObservationConfirm,20260223-0215-BEAR-OBS-001143-Z001143-OC,2026-02-23 02:20:00,2026-02-23 02:25:00,2026-02-23,2026-02,Short,ObservationConfirm,8.75,8.75,False,False,ActiveTrade,1,Normal,True,True,-52.5,-56.1,,Stop,2026-W09,Observed
OPF-20260724-175537,20260223-0310-Long-1154,20260223-0305-BULL-OBS-001153-Z001153-OC,2026-02-23 03:10:00,2026-02-23 03:15:00,2026-02-23,2026-02,Long,ObservationConfirm,9.5,9.125,False,False,Core,0,Normal,True,True,-63.75,-67.35,,Stop,2026-W09,Observed
OPF-20260724-175537,20260223-0350-Long-1162,20260223-0345-BULL-OBS-001161-Z001161-OC,2026-02-23 03:50:00,2026-02-23 04:00:00,2026-02-23,2026-02,Long,ObservationConfirm,9.5,9.875,False,False,Core,0,Normal,True,True,-50.25,-53.85,,Stop,2026-W09,Observed
OPF-20260724-175537,RELEASED|20260223-0510-BEAR-OBS-001178-Z001178-OC|ObservationConfirm,20260223-0510-BEAR-OBS-001178-Z001178-OC,2026-02-23 05:15:00,2026-02-23 05:25:00,2026-02-23,2026-02,Short,ObservationConfirm,18.25,18.25,False,False,ActiveTrade,1,Normal,True,True,-109.5,-113.1,,Stop,2026-W09,Observed
OPF-20260724-175537,20260223-0620-Long-1192,20260223-0615-BULL-OBS-001191-Z001191-OC,2026-02-23 06:20:00,2026-02-23 06:25:00,2026-02-23,2026-02,Long,ObservationConfirm,5.5,5.25,False,False,Core,0,Normal,True,True,-22.5,-26.1,,Stop,2026-W09,Observed
OPF-20260724-175736,20260224-0030-Short-1122,20260224-0025-BEAR-OBS-001121-Z001121-OC,2026-02-24 00:30:00,2026-02-24 00:40:00,2026-02-24,2026-02,Short,ObservationConfirm,18.0,20.0,False,False,Core,0,Abnormal,False,False,-4.5,-8.1,,Stop,2026-W09,Observed
OPF-20260724-175736,20260224-0325-Long-1157,20260224-0320-BULL-OBS-001156-Z001156-OC,2026-02-24 03:25:00,2026-02-24 03:30:00,2026-02-24,2026-02,Long,ObservationConfirm,4.0,4.5,False,False,Core,0,Normal,True,True,-28.5,-32.1,,Stop,2026-W09,Observed
OPF-20260724-175736,20260224-0550-Long-1186,20260224-0545-BULL-OBS-001185-Z001143-OC,2026-02-24 05:50:00,2026-02-24 07:25:00,2026-02-24,2026-02,Long,ObservationConfirm_WideStop1_5R,16.88,17.5,False,False,Core,0,Normal,True,True,154.5,150.9,,ProtectBE,2026-W09,Observed
OPF-20260724-175736,20260224-0850-Short-1222,20260224-0850-BEAR-OBS-001222-Z001222,2026-02-24 08:50:00,2026-02-24 08:55:00,2026-02-24,2026-02,Short,ZoneBirthResearch,6.5,5.75,False,False,Core,0,Normal,True,True,-34.5,-38.1,,Base:Stop|Runner:Stop,2026-W09,Observed
OPF-20260724-175736,20260224-0930-Short-1230,20260224-0920-BULL-OBS-001228-Z001227-FR,2026-02-24 09:30:00,2026-02-24 09:35:00,2026-02-24,2026-02,Short,FailureReverse_ObservationInvalidated,21.75,22.5,False,False,Core,0,Normal,True,True,-135.75,-139.35,,Stop,2026-W09,Observed
OPF-20260724-175736,20260224-1030-Long-1242,20260224-1030-BULL-PB-001242-Z001234,2026-02-24 10:30:00,2026-02-24 10:35:00,2026-02-24,2026-02,Long,AlmostConfirmed,4.25,4.5,False,False,Core,0,Normal,True,True,66.0,62.4,,Target,2026-W09,Observed
OPF-20260724-175736,20260224-1115-Long-1251,20260224-1110-BULL-OBS-001250-Z001233-OC,2026-02-24 11:15:00,2026-02-24 11:20:00,2026-02-24,2026-02,Long,ObservationConfirm,5.25,6.5,False,False,Core,0,Normal,True,True,-37.5,-41.1,,Stop,2026-W09,Observed
OPF-20260724-175736,20260224-1220-Short-1264,20260224-1220-BEAR-OBS-001264-Z001264,2026-02-24 12:20:00,2026-02-24 13:15:00,2026-02-24,2026-02,Short,ZoneBirthResearch,18.0,16.5,False,False,Core,0,Normal,True,True,165.0,161.4,,Base:Target|Runner:ProtectBE,2026-W09,Observed
OPF-20260724-175736,20260224-1400-Short-1284,20260224-1330-BULL-OBS-001278-Z001278-FR-RT,2026-02-24 14:00:00,2026-02-24 14:20:00,2026-02-24,2026-02,Short,FailureReverse_RetestFailed_WideStop1_5R,19.12,19.125,False,False,Core,0,Normal,True,True,340.5,336.9,,Target,2026-W09,Observed
OPF-20260724-175736,20260224-1920-Short-1348,20260224-1920-BEAR-OBS-001348-Z001348,2026-02-24 19:20:00,2026-02-24 19:25:00,2026-02-24,2026-02,Short,ZoneBirthResearch,8.0,9.0,False,False,Core,0,Normal,True,True,-54.0,-57.6,,Base:Stop|Runner:Stop,2026-W09,Observed
OPF-20260724-175736,RELEASED|20260224-1940-BEAR-OBS-001352-Z001347-FR|FailureReverse_ObservationInvalidated_WideStop1_5R,20260224-1940-BEAR-OBS-001352-Z001347-FR,2026-02-24 19:45:00,2026-02-24 19:50:00,2026-02-24,2026-02,Long,FailureReverse_ObservationInvalidated_WideStop1_5R,7.5,7.5,False,False,DailyTradeLimit,1,Normal,True,True,135.0,131.4,,Target,2026-W09,Observed
OPF-20260724-180007,20260224-2305-Short-1105,20260224-2305-BEAR-OBS-001105-Z001105,2026-02-24 23:05:00,2026-02-24 23:35:00,2026-02-25,2026-02,Short,ZoneBirthResearch,13.0,13.0,False,False,Core,0,Normal,True,True,-78.0,-81.6,,Base:Stop|Runner:Stop,2026-W09,Observed
OPF-20260724-180007,20260225-0205-Short-1141,20260225-0150-BULL-OBS-001138-Z001138-FR-RT,2026-02-25 02:05:00,2026-02-25 02:15:00,2026-02-25,2026-02,Short,FailureReverse_RetestFailed,9.75,9.375,False,False,Core,0,Normal,True,True,-48.75,-52.35,,ProtectBE,2026-W09,Observed
OPF-20260724-180007,20260225-0420-Short-1168,20260225-0415-BEAR-OBS-001167-Z001167-OC,2026-02-25 04:20:00,2026-02-25 04:25:00,2026-02-25,2026-02,Short,ObservationConfirm,7.25,8.75,False,False,Core,0,Normal,True,True,-58.5,-62.1,,Stop,2026-W09,Observed
OPF-20260724-180007,20260225-0440-Long-1172,20260225-0435-BULL-OBS-001171-Z001170-OC,2026-02-25 04:40:00,2026-02-25 04:50:00,2026-02-25,2026-02,Long,ObservationConfirm,9.75,10.75,False,False,Core,0,Normal,True,True,-67.5,-71.1,,Stop,2026-W09,Observed
OPF-20260724-180007,20260225-0605-Short-1189,20260225-0600-BEAR-OBS-001188-Z001188-OC,2026-02-25 06:05:00,2026-02-25 06:10:00,2026-02-25,2026-02,Short,ObservationConfirm,8.0,7.5,False,False,Core,0,Normal,True,True,-45.0,-48.6,,Stop,2026-W09,Observed
OPF-20260724-180206,20260226-0255-Long-1151,20260226-0250-BULL-OBS-001150-Z001150-OC,2026-02-26 02:55:00,2026-02-26 03:00:00,2026-02-26,2026-02,Long,ObservationConfirm,9.0,8.25,False,False,Core,0,Normal,True,True,-47.25,-50.85,,Stop,2026-W09,Observed
OPF-20260724-180206,20260226-0400-Short-1164,20260226-0355-BEAR-OBS-001163-Z001163-OC,2026-02-26 04:00:00,2026-02-26 04:05:00,2026-02-26,2026-02,Short,ObservationConfirm,9.5,9.75,False,False,Core,0,Normal,True,True,-60.0,-63.6,,Stop,2026-W09,Observed
OPF-20260724-180206,20260226-0540-Long-1184,20260226-0525-BULL-OBS-001181-Z001180-OC,2026-02-26 05:40:00,2026-02-26 05:50:00,2026-02-26,2026-02,Long,ObservationConfirm,5.25,6.125,False,False,Core,0,Normal,True,True,45.75,42.15,,ProtectBE,2026-W09,Observed
OPF-20260724-180206,RELEASED|20260226-0825-BULL-PB-001217-Z001215|AlmostConfirmed,20260226-0825-BULL-PB-001217-Z001215,2026-02-26 08:25:00,2026-02-26 08:30:00,2026-02-26,2026-02,Long,AlmostConfirmed,11.75,11.75,False,False,ActiveTrade,1,Normal,True,True,-70.5,-74.1,,Stop,2026-W09,Observed
OPF-20260724-180206,20260226-1055-Short-1247,20260226-1055-BEAR-OBS-001247-Z001247,2026-02-26 10:55:00,2026-02-26 11:05:00,2026-02-26,2026-02,Short,ZoneBirthResearch,5.25,4.625,False,False,Core,0,Normal,True,True,46.25,42.65,,Base:Target|Runner:ProtectBE,2026-W09,Observed
OPF-20260724-180409,RELEASED|20260226-2320-BULL-OBS-001108-Z001108-FR|FailureReverse_ObservationInvalidated_WideStop1_5R,20260226-2320-BULL-OBS-001108-Z001108-FR,2026-02-26 23:30:00,2026-02-27 00:05:00,2026-02-27,2026-02,Short,FailureReverse_ObservationInvalidated_WideStop1_5R,23.25,23.25,False,False,ActiveTrade,1,Normal,True,True,0.0,-3.6,,ProtectBE,2026-W09,Observed
OPF-20260724-180409,20260227-0055-Long-1127,20260227-0050-BULL-OBS-001126-Z001126-OC,2026-02-27 00:55:00,2026-02-27 01:00:00,2026-02-27,2026-02,Long,ObservationConfirm,7.5,8.75,False,False,Core,0,Normal,True,True,-54.0,-57.6,,ProtectBE,2026-W09,Observed
OPF-20260724-180409,20260227-0305-Long-1153,20260227-0300-BULL-OBS-001152-Z001152-OC,2026-02-27 03:05:00,2026-02-27 03:10:00,2026-02-27,2026-02,Long,ObservationConfirm,7.75,7.0,False,False,Core,0,Normal,True,True,-40.5,-44.1,,Stop,2026-W09,Observed
OPF-20260724-180409,20260227-0320-Short-1156,20260227-0310-BULL-OBS-001154-Z001152-FR,2026-02-27 03:20:00,2026-02-27 03:45:00,2026-02-27,2026-02,Short,FailureReverse_ObservationInvalidated,9.25,10.375,False,False,Core,0,Normal,True,True,-60.75,-64.35,,ProtectBE,2026-W09,Observed
OPF-20260724-180409,20260227-0455-Short-1175,20260227-0455-BEAR-OBS-001175-Z001175,2026-02-27 04:55:00,2026-02-27 05:00:00,2026-02-27,2026-02,Short,ZoneBirthResearch,3.0,4.25,False,False,Core,0,Normal,True,True,-25.5,-29.1,,Base:Stop|Runner:Stop,2026-W09,Observed
OPF-20260724-180409,20260227-0730-Long-1206,20260227-0725-BULL-OBS-001205-Z001205-OC,2026-02-27 07:30:00,2026-02-27 07:55:00,2026-02-27,2026-02,Long,ObservationConfirm,9.25,9.875,False,False,Core,0,Normal,True,True,105.75,102.15,,ProtectBE,2026-W09,Observed
OPF-20260724-180409,20260227-1055-Short-1247,20260227-1050-BEAR-OBS-001246-Z001246-OC,2026-02-27 10:55:00,2026-02-27 11:30:00,2026-02-27,2026-02,Short,ObservationConfirm,19.5,19.75,False,False,Core,0,Normal,True,True,174.0,170.4,,Target,2026-W09,Observed
OPF-20260724-180409,20260227-1245-Short-1269,20260227-1245-BEAR-BRK-001269-Z001269,2026-02-27 12:45:00,2026-02-27 13:25:00,2026-02-27,2026-02,Short,BreakawayFvg,29.25,29.25,False,False,Core,0,Normal,True,True,349.5,345.9,,Target,2026-W09,Observed
OPF-20260724-180409,20260227-1715-Short-1323,20260227-1710-BULL-OBS-001322-Z001319-FR,2026-02-27 17:15:00,2026-02-27 17:20:00,2026-02-27,2026-02,Short,FailureReverse_ObservationInvalidated,23.75,24.25,False,False,Core,0,Normal,True,True,-154.5,-158.1,,ProtectBE,2026-W09,Observed
OPF-20260724-180606,20260302-0025-Short-1121,20260302-0020-BEAR-OBS-001120-Z001120-OC,2026-03-02 00:25:00,2026-03-02 00:35:00,2026-03-02,2026-03,Short,ObservationConfirm,19.0,19.375,False,False,Core,0,Normal,True,True,-120.75,-124.35,,Stop,2026-W10,Observed
OPF-20260724-180606,20260302-0210-Short-1142,20260302-0210-BEAR-OBS-001142-Z001142,2026-03-02 02:10:00,2026-03-02 04:20:00,2026-03-02,2026-03,Short,ZoneBirthResearch,17.25,18.5,False,False,Core,0,Normal,True,True,333.0,329.4,,Base:Target|Runner:Target,2026-W10,Observed
OPF-20260724-180606,20260302-0445-Short-1173,20260302-0440-BULL-OBS-001172-Z001170-FR,2026-03-02 04:45:00,2026-03-02 05:15:00,2026-03-02,2026-03,Short,FailureReverse_ObservationInvalidated_WideStop1_5R,16.12,16.75,False,False,Core,0,Normal,True,True,292.5,288.9,,Target,2026-W10,Observed
OPF-20260724-180606,RELEASED|20260302-0525-BEAR-OBS-001181-Z001181-OC|ObservationConfirm,20260302-0525-BEAR-OBS-001181-Z001181-OC,2026-03-02 05:30:00,2026-03-02 05:35:00,2026-03-02,2026-03,Short,ObservationConfirm,6.5,6.5,False,False,ActiveTrade,1,Normal,True,True,-39.0,-42.6,,Stop,2026-W10,Observed
OPF-20260724-180606,20260302-1410-Short-1286,20260302-1405-BEAR-OBS-001285-Z001284-OC,2026-03-02 14:10:00,2026-03-02 14:20:00,2026-03-02,2026-03,Short,ObservationConfirm,12.5,12.5,False,False,Core,0,Normal,True,True,114.0,110.4,,ProtectBE,2026-W10,Observed
OPF-20260724-180606,20260302-1810-Short-1334,20260302-1810-BEAR-OBS-001334-Z001334,2026-03-02 18:10:00,2026-03-02 18:20:00,2026-03-02,2026-03,Short,ZoneBirthResearch,6.75,7.75,False,False,Core,0,Normal,True,True,139.5,135.9,,Base:Target|Runner:Target,2026-W10,Observed
OPF-20260724-180606,20260302-2110-Short-1370,20260302-2110-BEAR-OBS-001370-Z001370,2026-03-02 21:10:00,2026-03-02 21:35:00,2026-03-02,2026-03,Short,ZoneBirthResearch,7.5,7.25,False,False,Core,0,Normal,True,True,-43.5,-47.1,,Base:Stop|Runner:Stop,2026-W10,Observed
OPF-20260724-180804,20260303-0230-Long-1146,20260303-0225-BEAR-OBS-001145-Z001144-FR,2026-03-03 02:30:00,2026-03-03 02:55:00,2026-03-03,2026-03,Long,FailureReverse_ObservationInvalidated_WideStop1_5R,12.0,13.0,False,False,Core,0,Normal,True,True,216.75,213.15,,Target,2026-W10,Observed
OPF-20260724-180804,20260303-0950-Short-1234,20260303-0950-BEAR-BRK-001234-Z001234,2026-03-03 09:50:00,2026-03-03 10:25:00,2026-03-03,2026-03,Short,BreakawayFvg,28.5,28.25,False,False,Core,0,Normal,True,True,336.0,332.4,,ProtectBE,2026-W10,Observed
OPF-20260724-180958,20260304-0205-Short-1141,20260304-0205-BEAR-BRK-001141-Z001141,2026-03-04 02:05:00,2026-03-04 02:10:00,2026-03-04,2026-03,Short,BreakawayFvg,22.0,22.375,False,False,Core,0,Normal,True,True,-137.25,-140.85,,Stop,2026-W10,Observed
OPF-20260724-180958,20260304-0255-Long-1151,20260304-0250-BULL-OBS-001150-Z001150-OC,2026-03-04 02:55:00,2026-03-04 03:00:00,2026-03-04,2026-03,Long,ObservationConfirm_WideStop1_5R,18.0,18.75,False,False,Core,0,Normal,True,True,-114.0,-117.6,,Stop,2026-W10,Observed
OPF-20260724-180958,20260304-1400-Short-1284,20260304-1345-BULL-OBS-001281-Z001281-FR-RT,2026-03-04 14:00:00,2026-03-04 14:05:00,2026-03-04,2026-03,Short,FailureReverse_RetestFailed,11.0,11.5,False,False,Core,0,Normal,True,True,-69.75,-73.35,,Stop,2026-W10,Observed
OPF-20260724-181156,20260304-2325-Short-1109,20260304-2320-BEAR-OBS-001108-Z001108-OC,2026-03-04 23:25:00,2026-03-04 23:35:00,2026-03-05,2026-03,Short,ObservationConfirm,17.0,17.5,False,False,Core,0,Normal,True,True,-99.0,-102.6,,Stop,2026-W10,Observed
OPF-20260724-181156,20260305-0035-Long-1123,20260305-0025-BULL-OBS-001121-Z001120-OC,2026-03-05 00:35:00,2026-03-05 01:05:00,2026-03-05,2026-03,Long,ObservationConfirm_WideStop1_5R,23.62,23.75,False,False,Core,0,Normal,True,True,-150.75,-154.35,,Stop,2026-W10,Observed
OPF-20260724-181156,20260305-0230-Short-1146,20260305-0225-BEAR-OBS-001145-Z001145-OC,2026-03-05 02:30:00,2026-03-05 02:35:00,2026-03-05,2026-03,Short,ObservationConfirm,17.5,18.125,False,False,Core,0,Normal,True,True,-107.25,-110.85,,Stop,2026-W10,Observed
OPF-20260724-181410,RELEASED|20260306-0305-BEAR-OBS-001153-Z001147-OC|ObservationConfirm,20260306-0305-BEAR-OBS-001153-Z001147-OC,2026-03-06 03:10:00,2026-03-06 03:45:00,2026-03-06,2026-03,Short,ObservationConfirm,18.75,18.75,False,False,ActiveTrade,1,Normal,True,True,-112.5,-116.1,,Stop,2026-W10,Observed
OPF-20260724-181410,RELEASED|20260306-0345-BULL-OBS-001161-Z001161-OC|ObservationConfirm,20260306-0345-BULL-OBS-001161-Z001161-OC,2026-03-06 03:50:00,2026-03-06 04:25:00,2026-03-06,2026-03,Long,ObservationConfirm,8.25,8.25,False,False,ActiveTrade,1,Normal,True,True,0.0,-3.6,,ProtectBE,2026-W10,Observed
OPF-20260724-181410,20260306-0500-Short-1176,20260306-0500-BEAR-OBS-001176-Z001176,2026-03-06 05:00:00,2026-03-06 05:05:00,2026-03-06,2026-03,Short,ZoneBirthResearch,8.0,7.75,False,False,Core,0,Normal,True,True,-46.5,-50.1,,Base:Stop|Runner:Stop,2026-W10,Observed
OPF-20260724-181410,RELEASED|20260306-0500-BEAR-OBS-001176-Z001176-FR|FailureReverse_ObservationInvalidated_WideStop1_5R,20260306-0500-BEAR-OBS-001176-Z001176-FR,2026-03-06 05:05:00,2026-03-06 05:20:00,2026-03-06,2026-03,Long,FailureReverse_ObservationInvalidated_WideStop1_5R,11.62,11.62,False,False,ActiveTrade,1,Normal,True,True,-69.72,-73.32,,Stop,2026-W10,Observed
OPF-20260724-181410,20260306-0530-Long-1182,20260306-0520-BULL-OBS-001180-Z001178-OC,2026-03-06 05:30:00,2026-03-06 05:40:00,2026-03-06,2026-03,Long,ObservationConfirm,10.5,11.125,False,False,Core,0,Normal,True,True,-61.5,-65.1,,ProtectBE,2026-W10,Observed
OPF-20260724-181607,20260309-0440-Short-1184,20260309-0440-BEAR-OBS-001184-Z001184,2026-03-09 04:40:00,2026-03-09 05:00:00,2026-03-09,2026-03,Short,ZoneBirthResearch,8.0,8.25,False,False,Core,0,Normal,True,True,-49.5,-53.1,,Base:Stop|Runner:Stop,2026-W11,Observed
OPF-20260724-181806,20260309-2350-Short-1126,20260309-2345-BEAR-OBS-001125-Z001125-OC,2026-03-09 23:50:00,2026-03-09 23:55:00,2026-03-10,2026-03,Short,ObservationConfirm,18.5,18.5,False,False,Core,0,Normal,True,True,-114.0,-117.6,,Stop,2026-W11,Observed
OPF-20260724-181806,20260310-0220-Short-1156,20260310-0155-BULL-OBS-001151-Z001151-FR-RT,2026-03-10 02:20:00,2026-03-10 02:25:00,2026-03-10,2026-03,Short,FailureReverse_RetestFailed,11.0,11.25,False,False,Core,0,Normal,True,True,91.5,87.9,,Target,2026-W11,Observed
OPF-20260724-181806,DEFERRED|20260310-0200-BULL-OBS-001152-Z001151-FR-RT|FailureReverse_RetestFailed,20260310-0200-BULL-OBS-001152-Z001151-FR-RT,2026-03-10 02:30:00,2026-03-10 02:30:00,2026-03-10,2026-03,Short,FailureReverse_RetestFailed,11.0,11.0,False,False,DeferredContinuation,2,Normal,True,True,198.0,194.4,20260310-0220-Short-1156,Target,2026-W11,Observed
OPF-20260724-181806,20260310-0235-Short-1159,20260310-0235-BEAR-OBS-001159-Z001159,2026-03-10 02:35:00,2026-03-10 03:20:00,2026-03-10,2026-03,Short,ZoneBirthResearch,12.25,13.125,False,False,Core,0,Normal,True,True,131.25,127.65,,Base:Target|Runner:ProtectBE,2026-W11,Observed
OPF-20260724-181806,20260310-0345-Short-1173,20260310-0345-BEAR-OBS-001173-Z001173,2026-03-10 03:45:00,2026-03-10 03:50:00,2026-03-10,2026-03,Short,ZoneBirthResearch,17.0,17.0,False,False,Core,0,Normal,True,True,-102.0,-105.6,,Base:Stop|Runner:Stop,2026-W11,Observed
OPF-20260724-181806,20260310-0445-Long-1185,20260310-0440-BULL-OBS-001184-Z001184-OC,2026-03-10 04:45:00,2026-03-10 04:50:00,2026-03-10,2026-03,Long,ObservationConfirm,7.5,8.0,False,False,Core,0,Normal,True,True,-49.5,-53.1,,Stop,2026-W11,Observed
OPF-20260724-182014,20260310-2245-Short-1113,20260310-2240-BEAR-OBS-001112-Z001112-OC,2026-03-10 22:45:00,2026-03-10 22:50:00,2026-03-11,2026-03,Short,ObservationConfirm,7.0,7.25,False,False,Core,0,Normal,True,True,-40.5,-44.1,,Stop,2026-W11,Observed
OPF-20260724-182014,20260311-0225-Long-1157,20260311-0220-BULL-OBS-001156-Z001156-OC,2026-03-11 02:25:00,2026-03-11 02:30:00,2026-03-11,2026-03,Long,ObservationConfirm,4.25,3.5,False,False,Core,0,Normal,True,True,-24.75,-28.35,,Stop,2026-W11,Observed
OPF-20260724-182014,20260311-0345-Long-1173,20260311-0340-BULL-OBS-001172-Z001172-OC,2026-03-11 03:45:00,2026-03-11 04:25:00,2026-03-11,2026-03,Long,ObservationConfirm,10.0,10.875,False,False,Core,0,Normal,True,True,-65.25,-68.85,,Stop,2026-W11,Observed
OPF-20260724-182014,RELEASED|20260311-0430-BULL-OBS-001182-Z001172-FR|FailureReverse_ObservationInvalidated,20260311-0430-BULL-OBS-001182-Z001172-FR,2026-03-11 04:35:00,2026-03-11 04:45:00,2026-03-11,2026-03,Short,FailureReverse_ObservationInvalidated,5.0,5.0,False,False,ActiveTrade,1,Normal,True,True,0.0,-3.6,,ProtectBE,2026-W11,Observed
OPF-20260724-182014,20260311-0445-Short-1185,20260311-0430-BULL-OBS-001182-Z001172-FR-RT,2026-03-11 04:45:00,2026-03-11 05:00:00,2026-03-11,2026-03,Short,FailureReverse_RetestFailed_WideStop1_5R,7.12,7.0,False,False,Core,0,Normal,True,True,127.5,123.9,,Target,2026-W11,Observed
OPF-20260724-182014,20260311-0545-Short-1197,20260311-0545-BEAR-BRK-001197-Z001197,2026-03-11 05:45:00,2026-03-11 05:55:00,2026-03-11,2026-03,Short,BreakawayFvg,9.0,10.25,False,False,Core,0,Normal,True,True,123.75,120.15,,Target,2026-W11,Observed
OPF-20260724-182014,RELEASED|20260311-0550-BEAR-OBS-001198-Z001197-OC|ObservationConfirm,20260311-0550-BEAR-OBS-001198-Z001197-OC,2026-03-11 05:55:00,2026-03-11 06:05:00,2026-03-11,2026-03,Short,ObservationConfirm,18.75,18.75,False,False,ActiveTrade,1,Normal,True,True,0.0,-3.6,,ProtectBE,2026-W11,Observed
OPF-20260724-182014,20260311-1155-Long-1271,20260311-1150-BULL-OBS-001270-Z001249-OC-STR,2026-03-11 11:55:00,2026-03-11 12:30:00,2026-03-11,2026-03,Long,ObservationStrict_Other,23.0,26.0,False,False,Core,0,Normal,True,True,468.0,464.4,,ProtectBE,2026-W11,Observed
OPF-20260724-182014,20260311-1545-Short-1317,20260311-1545-BEAR-BRK-001317-Z001317,2026-03-11 15:45:00,2026-03-11 15:50:00,2026-03-11,2026-03,Short,BreakawayFvg,22.0,21.375,False,False,Core,0,Normal,True,True,-126.75,-130.35,,Stop,2026-W11,Observed
OPF-20260724-182014,20260311-2010-Short-1370,20260311-2005-BEAR-OBS-001369-Z001369-OC,2026-03-11 20:10:00,2026-03-11 20:50:00,2026-03-11,2026-03,Short,ObservationConfirm,17.0,16.75,False,False,Core,0,Normal,True,True,92.25,88.65,,GlobexCloseout,2026-W11,Observed
OPF-20260724-182221,20260311-2215-Short-1107,20260311-2210-BEAR-OBS-001106-Z001106-OC,2026-03-11 22:15:00,2026-03-11 22:20:00,2026-03-12,2026-03,Short,ObservationConfirm,7.0,8.25,False,False,Core,0,Normal,True,True,73.5,69.9,,Target,2026-W11,Observed
OPF-20260724-182221,20260312-0005-Short-1129,20260312-0000-BULL-OBS-001128-Z001127-FR,2026-03-12 00:05:00,2026-03-12 00:10:00,2026-03-12,2026-03,Short,FailureReverse_ObservationInvalidated,16.25,16.75,False,False,Core,0,Normal,True,True,-90.0,-93.6,,Stop,2026-W11,Observed
OPF-20260724-182221,20260312-0225-Short-1157,20260312-0225-BEAR-OBS-001157-Z001157,2026-03-12 02:25:00,2026-03-12 03:05:00,2026-03-12,2026-03,Short,ZoneBirthResearch,17.25,18.25,False,False,Core,0,Normal,True,True,182.5,178.9,,Base:Target|Runner:ProtectBE,2026-W11,Observed
OPF-20260724-182221,20260312-0635-Long-1207,20260312-0630-BULL-OBS-001206-Z001206-OC,2026-03-12 06:35:00,2026-03-12 06:45:00,2026-03-12,2026-03,Long,ObservationConfirm,10.5,11.25,False,False,Core,0,Normal,True,True,132.0,128.4,,Target,2026-W11,Observed
OPF-20260724-182221,RELEASED|20260312-1050-BULL-OBS-001258-Z001244-OC-STR|ObservationStrict_Other_WideStop1_5R,20260312-1050-BULL-OBS-001258-Z001244-OC-STR,2026-03-12 10:55:00,2026-03-12 11:05:00,2026-03-12,2026-03,Long,ObservationStrict_Other_WideStop1_5R,23.62,23.62,False,False,ActiveTrade,1,Normal,True,True,-141.71999999999997,-145.31999999999996,,Stop,2026-W11,Observed
OPF-20260724-182420,20260313-0415-Short-1179,20260313-0415-BEAR-OBS-001179-Z001179,2026-03-13 04:15:00,2026-03-13 04:20:00,2026-03-13,2026-03,Short,ZoneBirthResearch,6.25,6.25,False,False,Core,0,Normal,True,True,112.5,108.9,,Base:Target|Runner:Target,2026-W11,Observed
OPF-20260724-182420,20260313-0715-Short-1215,20260313-0710-BEAR-OBS-001214-Z001214-OC,2026-03-13 07:15:00,2026-03-13 07:20:00,2026-03-13,2026-03,Short,ObservationConfirm,19.0,19.0,False,False,Core,0,Normal,True,True,-111.0,-114.6,,ProtectBE,2026-W11,Observed
OPF-20260724-182420,20260313-1025-Short-1253,20260313-1020-BULL-OBS-001252-Z001252-FR,2026-03-13 10:25:00,2026-03-13 10:40:00,2026-03-13,2026-03,Short,FailureReverse_ObservationInvalidated_WideStop1_5R,18.75,18.75,False,False,Core,0,Normal,True,True,-107.25,-110.85,,Stop,2026-W11,Observed
OPF-20260724-182420,RELEASED|20260313-1035-BEAR-OBS-001255-Z001254-OC|ObservationConfirm,20260313-1035-BEAR-OBS-001255-Z001254-OC,2026-03-13 10:40:00,2026-03-13 10:45:00,2026-03-13,2026-03,Short,ObservationConfirm,18.0,18.0,False,False,ActiveTrade,1,Normal,True,True,-108.0,-111.6,,Stop,2026-W11,Observed
OPF-20260724-182420,20260313-1240-Long-1280,20260313-1235-BULL-OBS-001279-Z001278-OC,2026-03-13 12:40:00,2026-03-13 12:45:00,2026-03-13,2026-03,Long,ObservationConfirm_WideStop1_5R,22.5,23.0,False,False,Core,0,Normal,True,True,187.5,183.9,,Target,2026-W11,Observed
OPF-20260724-182617,20260316-0110-Short-1142,20260316-0105-BEAR-OBS-001141-Z001141-OC,2026-03-16 01:10:00,2026-03-16 01:15:00,2026-03-16,2026-03,Short,ObservationConfirm,7.5,7.625,False,False,Core,0,Normal,True,True,-32.25,-35.85,,Stop,2026-W12,Observed
OPF-20260724-182617,20260316-0335-Long-1171,20260316-0330-BULL-OBS-001170-Z001170-OC,2026-03-16 03:35:00,2026-03-16 03:40:00,2026-03-16,2026-03,Long,ObservationConfirm,8.75,10.125,False,False,Core,0,Normal,True,True,123.75,120.15,,Target,2026-W12,Observed
OPF-20260724-182617,RELEASED|20260316-0335-BULL-OBS-001171-Z001171-OC|ObservationConfirm,20260316-0335-BULL-OBS-001171-Z001171-OC,2026-03-16 03:40:00,2026-03-16 03:45:00,2026-03-16,2026-03,Long,ObservationConfirm,7.0,7.0,False,False,ActiveTrade,1,Normal,True,True,126.0,122.4,,Target,2026-W12,Observed
OPF-20260724-182617,RELEASED|20260316-0510-BULL-OBS-001190-Z001190-OC|ObservationConfirm,20260316-0510-BULL-OBS-001190-Z001190-OC,2026-03-16 05:15:00,2026-03-16 05:20:00,2026-03-16,2026-03,Long,ObservationConfirm,9.5,9.5,False,False,ActiveTrade,1,Normal,True,True,-57.0,-60.6,,Stop,2026-W12,Observed
OPF-20260724-182617,20260316-0625-Short-1205,20260316-0620-BEAR-OBS-001204-Z001204-OC,2026-03-16 06:25:00,2026-03-16 06:35:00,2026-03-16,2026-03,Short,ObservationConfirm,11.5,11.875,False,False,Core,0,Normal,True,True,-68.25,-71.85,,Stop,2026-W12,Observed
OPF-20260724-182617,20260316-0935-Short-1243,20260316-0930-BEAR-OBS-001242-Z001242-OC,2026-03-16 09:35:00,2026-03-16 09:40:00,2026-03-16,2026-03,Short,ObservationConfirm,19.25,18.875,False,False,Core,0,Normal,True,True,-110.25,-113.85,,Stop,2026-W12,Observed
OPF-20260724-182617,RELEASED|20260316-0945-BEAR-OBS-001245-Z001242-OC|ObservationConfirm,20260316-0945-BEAR-OBS-001245-Z001242-OC,2026-03-16 09:50:00,2026-03-16 10:00:00,2026-03-16,2026-03,Short,ObservationConfirm,20.0,20.0,False,False,ActiveTrade,1,Normal,True,True,-120.0,-123.6,,Stop,2026-W12,Observed
OPF-20260724-182617,20260316-1220-Long-1276,20260316-1220-BULL-PB-001276-Z001275,2026-03-16 12:20:00,2026-03-16 12:35:00,2026-03-16,2026-03,Long,AlmostConfirmed,10.5,11.5,False,False,Core,0,Normal,True,True,158.25,154.65,,Target,2026-W12,Observed
OPF-20260724-182617,20260316-2025-Short-1373,20260316-2020-BEAR-OBS-001372-Z001372-OC,2026-03-16 20:25:00,2026-03-16 20:50:00,2026-03-16,2026-03,Short,ObservationConfirm,21.75,21.25,False,False,Core,0,Normal,True,True,-43.5,-47.1,,GlobexCloseout,2026-W12,Observed
OPF-20260724-182820,20260317-0115-Short-1143,20260317-0110-BEAR-OBS-001142-Z001137-OC,2026-03-17 01:15:00,2026-03-17 01:25:00,2026-03-17,2026-03,Short,ObservationConfirm,20.0,20.25,False,False,Core,0,Normal,True,True,-123.75,-127.35,,Stop,2026-W12,Observed
OPF-20260724-182820,20260317-0225-Short-1157,20260317-0220-BEAR-OBS-001156-Z001154-OC,2026-03-17 02:25:00,2026-03-17 02:30:00,2026-03-17,2026-03,Short,ObservationConfirm,7.25,7.0,False,False,Core,0,Normal,True,True,-41.25,-44.85,,Stop,2026-W12,Observed
OPF-20260724-182820,20260317-0315-Short-1167,20260317-0315-BEAR-OBS-001167-Z001163,2026-03-17 03:15:00,2026-03-17 03:35:00,2026-03-17,2026-03,Short,UnknownRegimeZoneTouch,7.5,7.5,False,False,Core,0,Normal,True,True,131.25,127.65,,Target,2026-W12,Observed
OPF-20260724-182820,20260317-0410-Long-1178,20260317-0405-BULL-OBS-001177-Z001177-OC,2026-03-17 04:10:00,2026-03-17 04:30:00,2026-03-17,2026-03,Long,ObservationConfirm,10.5,10.0,False,False,Core,0,Normal,True,True,133.5,129.9,,ProtectBE,2026-W12,Observed
OPF-20260724-182820,20260317-0520-Long-1192,20260317-0515-BULL-OBS-001191-Z001191-OC,2026-03-17 05:20:00,2026-03-17 05:25:00,2026-03-17,2026-03,Long,ObservationConfirm,3.5,4.75,False,False,Core,0,Normal,True,True,-29.25,-32.85,,ProtectBE,2026-W12,Observed
OPF-20260724-182820,20260317-0605-Short-1201,20260317-0605-BEAR-OBS-001201-Z001201,2026-03-17 06:05:00,2026-03-17 06:15:00,2026-03-17,2026-03,Short,ZoneBirthResearch,18.0,19.5,False,False,Core,0,Abnormal,False,False,-117.0,-120.6,,Base:Stop|Runner:Stop,2026-W12,Observed
OPF-20260724-182820,20260317-0630-Short-1206,20260317-0620-BEAR-SHD-001204-Z001200,2026-03-17 06:30:00,2026-03-17 06:35:00,2026-03-17,2026-03,Short,ShadowCandidate,10.75,11.25,False,False,Core,0,Normal,True,True,-69.0,-72.6,,Stop,2026-W12,Observed
OPF-20260724-182820,20260317-0710-Long-1214,20260317-0655-BEAR-OBS-001211-Z001210-FR,2026-03-17 07:10:00,2026-03-17 07:15:00,2026-03-17,2026-03,Long,FailureReverse_ObservationInvalidated,10.75,10.25,False,False,Core,0,Normal,True,True,154.5,150.9,,Target,2026-W12,Observed
OPF-20260724-182820,20260317-0745-Long-1221,20260317-0745-BULL-PB-001221-Z001216,2026-03-17 07:45:00,2026-03-17 07:50:00,2026-03-17,2026-03,Long,AlmostConfirmed,16.25,16.5,False,False,Core,0,Normal,True,True,-103.5,-107.1,,Stop,2026-W12,Observed
OPF-20260724-182820,RELEASED|20260317-0755-BEAR-OBS-001223-Z001223|ZoneBirthResearch,20260317-0755-BEAR-OBS-001223-Z001223,2026-03-17 07:55:00,2026-03-17 08:00:00,2026-03-17,2026-03,Short,ZoneBirthResearch,5.25,5.25,False,False,ActiveTrade,1,Normal,True,True,-31.5,-35.1,,Base:Stop|Runner:Stop,2026-W12,Observed
OPF-20260724-182820,20260317-1240-Long-1280,20260317-1235-BULL-OBS-001279-Z001279-OC,2026-03-17 12:40:00,2026-03-17 12:45:00,2026-03-17,2026-03,Long,ObservationConfirm,11.5,11.375,False,False,Core,0,Normal,True,True,-65.25,-68.85,,Stop,2026-W12,Observed
OPF-20260724-183132,20260317-2205-Short-1105,20260317-2205-BEAR-OBS-001105-Z001105,2026-03-17 22:05:00,2026-03-17 23:15:00,2026-03-18,2026-03,Short,ZoneBirthResearch,7.75,7.75,False,False,Core,0,Normal,True,True,77.5,73.9,,Base:Target|Runner:ProtectBE,2026-W12,Observed
OPF-20260724-183132,DEFERRED|20260317-2210-BEAR-OBS-001106-Z001105-OC|ObservationConfirm,20260317-2210-BEAR-OBS-001106-Z001105-OC,2026-03-17 23:20:00,2026-03-18 00:00:00,2026-03-18,2026-03,Short,ObservationConfirm,18.0,18.0,False,False,DeferredContinuation,2,Normal,True,True,-0.0,-3.6,20260317-2205-Short-1105,Stop,2026-W12,Observed
OPF-20260724-183132,RELEASED|20260318-0020-BULL-OBS-001132-Z001131-OC-STR|ObservationStrict_Other_WideStop1_5R,20260318-0020-BULL-OBS-001132-Z001131-OC-STR,2026-03-18 00:25:00,2026-03-18 02:00:00,2026-03-18,2026-03,Long,ObservationStrict_Other_WideStop1_5R,20.62,20.62,False,False,ActiveTrade,1,Normal,True,True,371.15999999999997,367.55999999999995,,Target,2026-W12,Observed
OPF-20260724-183132,20260318-0210-Long-1154,20260318-0205-BULL-OBS-001153-Z001153-OC,2026-03-18 02:10:00,2026-03-18 02:20:00,2026-03-18,2026-03,Long,ObservationConfirm,10.5,10.75,False,False,Core,0,Normal,True,True,115.5,111.9,,Target,2026-W12,Observed
OPF-20260724-183132,20260318-0315-Long-1167,20260318-0315-BULL-BRK-001167-Z001167-Q,2026-03-18 03:15:00,2026-03-18 03:40:00,2026-03-18,2026-03,Long,BreakawayFvg_Qualified,7.75,8.0,False,False,Core,0,Normal,True,True,66.0,62.4,,Target,2026-W12,Observed
OPF-20260724-183132,DEFERRED|20260318-0325-BULL-OBS-001169-Z001167-OC|ObservationConfirm,20260318-0325-BULL-OBS-001169-Z001167-OC,2026-03-18 03:45:00,2026-03-18 04:10:00,2026-03-18,2026-03,Long,ObservationConfirm,8.0,8.0,False,False,DeferredContinuation,2,Normal,True,True,144.0,140.4,20260318-0315-Long-1167,Target,2026-W12,Observed
OPF-20260724-183132,RELEASED|20260318-0405-BULL-OBS-001177-Z001176-OC|ObservationConfirm,20260318-0405-BULL-OBS-001177-Z001176-OC,2026-03-18 04:10:00,2026-03-18 04:30:00,2026-03-18,2026-03,Long,ObservationConfirm,9.25,9.25,False,False,ActiveTrade,1,Normal,True,True,-55.5,-59.1,,Stop,2026-W12,Observed
OPF-20260724-183132,20260318-0455-Long-1187,20260318-0450-BULL-OBS-001186-Z001186-OC,2026-03-18 04:55:00,2026-03-18 05:00:00,2026-03-18,2026-03,Long,ObservationConfirm,4.25,4.5,False,False,Core,0,Normal,True,True,-28.5,-32.1,,Stop,2026-W12,Observed
OPF-20260724-183132,20260318-0520-Long-1192,20260318-0515-BULL-OBS-001191-Z001191-OC,2026-03-18 05:20:00,2026-03-18 06:00:00,2026-03-18,2026-03,Long,ObservationConfirm,9.5,10.25,False,False,Core,0,Normal,True,True,121.5,117.9,,Target,2026-W12,Observed
OPF-20260724-183132,DEFERRED|20260318-0530-BULL-OBS-001194-Z001194-OC|ObservationConfirm,20260318-0530-BULL-OBS-001194-Z001194-OC,2026-03-18 06:05:00,2026-03-18 06:20:00,2026-03-18,2026-03,Long,ObservationConfirm,6.5,6.5,False,False,DeferredContinuation,2,Normal,True,True,117.0,113.4,20260318-0520-Long-1192,Target,2026-W12,Observed
OPF-20260724-183325,20260319-0225-Long-1157,20260319-0220-BULL-OBS-001156-Z001156-OC,2026-03-19 02:25:00,2026-03-19 02:30:00,2026-03-19,2026-03,Long,ObservationConfirm,10.75,9.75,False,False,Core,0,Normal,True,True,132.0,128.4,,ProtectBE,2026-W12,Observed
OPF-20260724-183325,20260319-0240-Long-1160,20260319-0235-BULL-OBS-001159-Z001159-OC-STR,2026-03-19 02:40:00,2026-03-19 02:45:00,2026-03-19,2026-03,Long,ObservationStrict_BullFresh_WideStop1_5R,18.0,18.5,False,False,Core,0,Normal,True,True,-112.5,-116.1,,Stop,2026-W12,Observed
OPF-20260724-183325,20260319-0255-Short-1163,20260319-0250-BEAR-OBS-001162-Z001162-OC,2026-03-19 02:55:00,2026-03-19 03:05:00,2026-03-19,2026-03,Short,ObservationConfirm,17.0,17.0,False,False,Core,0,Normal,True,True,-99.0,-102.6,,Stop,2026-W12,Observed
OPF-20260724-183325,DEFERRED|20260319-0250-BULL-OBS-001162-Z001156-OC|ObservationConfirm,20260319-0250-BULL-OBS-001162-Z001156-OC,2026-03-19 03:10:00,2026-03-19 03:15:00,2026-03-19,2026-03,Long,ObservationConfirm,9.75,9.75,False,False,DeferredContinuation,2,Normal,True,True,0.0,-3.6,20260319-0255-Short-1163,Stop,2026-W12,Observed
OPF-20260724-183325,20260319-0330-Short-1170,20260319-0325-BEAR-OBS-001169-Z001169-OC,2026-03-19 03:30:00,2026-03-19 03:55:00,2026-03-19,2026-03,Short,ObservationConfirm,19.5,19.75,False,False,Core,0,Normal,True,True,171.0,167.4,,Target,2026-W12,Observed
OPF-20260724-183325,20260319-0410-Short-1178,20260319-0405-BEAR-OBS-001177-Z001177-OC,2026-03-19 04:10:00,2026-03-19 04:40:00,2026-03-19,2026-03,Short,ObservationConfirm,19.75,20.125,False,False,Core,0,Normal,True,True,180.0,176.4,,ProtectBE,2026-W12,Observed
OPF-20260724-183325,20260319-0505-Long-1189,20260319-0500-BULL-OBS-001188-Z001188-OC,2026-03-19 05:05:00,2026-03-19 05:10:00,2026-03-19,2026-03,Long,ObservationConfirm,7.25,7.5,False,False,Core,0,Normal,True,True,-42.0,-45.6,,Stop,2026-W12,Observed
OPF-20260724-183325,20260319-0545-Long-1197,20260319-0540-BULL-OBS-001196-Z001113-OC,2026-03-19 05:45:00,2026-03-19 05:55:00,2026-03-19,2026-03,Long,ObservationConfirm,10.75,11.5,False,False,Core,0,Normal,True,True,132.0,128.4,,Target,2026-W12,Observed
OPF-20260724-183325,20260319-1120-Short-1264,20260319-1120-BEAR-BRK-001264-Z001264,2026-03-19 11:20:00,2026-03-19 11:55:00,2026-03-19,2026-03,Short,BreakawayFvg,29.75,30.25,False,False,Core,0,Abnormal,False,False,-4.5,-8.1,,ProtectBE,2026-W12,Observed
OPF-20260724-183325,RELEASED|20260319-1130-BEAR-SHD-001266-Z001265|ShadowCandidate,20260319-1130-BEAR-SHD-001266-Z001265,2026-03-19 11:55:00,2026-03-19 12:00:00,2026-03-19,2026-03,Short,ShadowCandidate,13.25,13.25,False,False,ActiveTrade,1,Normal,True,True,238.5,234.9,,Target,2026-W12,Observed
OPF-20260724-183325,RELEASED|20260319-1250-BEAR-OBS-001282-Z001282-OC|ObservationConfirm,20260319-1250-BEAR-OBS-001282-Z001282-OC,2026-03-19 12:55:00,2026-03-19 13:15:00,2026-03-19,2026-03,Short,ObservationConfirm,18.25,18.25,False,False,ActiveTrade,1,Normal,True,True,0.0,-3.6,,ProtectBE,2026-W12,Observed
OPF-20260724-183528,20260320-0145-Long-1149,20260320-0140-BULL-OBS-001148-Z001148-OC,2026-03-20 01:45:00,2026-03-20 01:50:00,2026-03-20,2026-03,Long,ObservationConfirm,10.5,9.875,False,False,Core,0,Normal,True,True,-59.25,-62.85,,Stop,2026-W12,Observed
OPF-20260724-183528,20260320-0215-Long-1155,20260320-0210-BULL-OBS-001154-Z001154-OC,2026-03-20 02:15:00,2026-03-20 02:20:00,2026-03-20,2026-03,Long,ObservationConfirm,7.5,8.0,False,False,Core,0,Normal,True,True,-46.5,-50.1,,Stop,2026-W12,Observed
OPF-20260724-183528,20260320-0230-Short-1158,20260320-0215-BULL-OBS-001155-Z001154-FR-RT,2026-03-20 02:30:00,2026-03-20 02:35:00,2026-03-20,2026-03,Short,FailureReverse_RetestFailed_WideStop1_5R,7.12,7.25,False,False,Core,0,Normal,True,True,-43.5,-47.1,,ProtectBE,2026-W12,Observed
OPF-20260724-183528,20260320-0305-Short-1165,20260320-0300-BEAR-OBS-001164-Z001164-OC,2026-03-20 03:05:00,2026-03-20 04:55:00,2026-03-20,2026-03,Short,ObservationConfirm,19.75,20.25,False,False,Core,0,Normal,True,True,187.5,183.9,,Target,2026-W12,Observed
OPF-20260724-183528,DEFERRED|20260320-0445-BEAR-OBS-001185-Z001185-OC|ObservationConfirm,20260320-0445-BEAR-OBS-001185-Z001185-OC,2026-03-20 05:00:00,2026-03-20 05:10:00,2026-03-20,2026-03,Short,ObservationConfirm,8.0,8.0,False,False,DeferredContinuation,2,Normal,True,True,144.0,140.4,20260320-0305-Short-1165,Target,2026-W12,Observed
OPF-20260724-183528,RELEASED|20260320-0515-BEAR-OBS-001191-Z001189|UnknownRegimeZoneTouch,20260320-0515-BEAR-OBS-001191-Z001189,2026-03-20 05:15:00,2026-03-20 05:20:00,2026-03-20,2026-03,Short,UnknownRegimeZoneTouch,6.5,6.5,False,False,ActiveTrade,1,Normal,True,True,-39.0,-42.6,,Stop,2026-W12,Observed
OPF-20260724-183528,20260320-0535-Long-1195,20260320-0525-BULL-OBS-001193-Z001193-OC,2026-03-20 05:35:00,2026-03-20 06:00:00,2026-03-20,2026-03,Long,ObservationConfirm,7.25,7.25,False,False,Core,0,Normal,True,True,63.0,59.4,,ProtectBE,2026-W12,Observed
OPF-20260724-183528,20260320-0630-Short-1206,20260320-0625-BEAR-OBS-001205-Z001205-OC,2026-03-20 06:30:00,2026-03-20 06:40:00,2026-03-20,2026-03,Short,ObservationConfirm,7.25,8.25,False,False,Core,0,Normal,True,True,72.0,68.4,,Target,2026-W12,Observed
OPF-20260724-183528,20260320-0645-Short-1209,20260320-0640-BEAR-OBS-001208-Z001208-OC,2026-03-20 06:45:00,2026-03-20 06:55:00,2026-03-20,2026-03,Short,ObservationConfirm,16.5,16.625,False,False,Core,0,Normal,True,True,149.25,145.65,,Target,2026-W12,Observed
OPF-20260724-183528,RELEASED|20260320-0655-BEAR-OBS-001211-Z001211|ZoneBirthResearch,20260320-0655-BEAR-OBS-001211-Z001211,2026-03-20 06:55:00,2026-03-20 07:00:00,2026-03-20,2026-03,Short,ZoneBirthResearch,6.5,6.5,False,False,ActiveTrade,1,Normal,True,True,117.0,113.4,,Base:Target|Runner:Target,2026-W12,Observed
OPF-20260724-183721,20260323-0300-Long-1164,20260323-0255-BEAR-OBS-001163-Z001162-FR,2026-03-23 03:00:00,2026-03-23 03:05:00,2026-03-23,2026-03,Long,FailureReverse_ObservationInvalidated,17.5,16.75,False,False,Core,0,Normal,True,True,-102.0,-105.6,,Stop,2026-W13,Observed
OPF-20260724-183721,20260323-0400-Short-1176,20260323-0355-BEAR-OBS-001175-Z001175-OC,2026-03-23 04:00:00,2026-03-23 04:05:00,2026-03-23,2026-03,Short,ObservationConfirm,17.5,18.0,False,False,Core,0,Normal,True,True,-108.0,-111.6,,Stop,2026-W13,Observed
OPF-20260724-183721,20260323-0635-Short-1207,20260323-0635-BEAR-BRK-001207-Z001207,2026-03-23 06:35:00,2026-03-23 06:50:00,2026-03-23,2026-03,Short,BreakawayFvg,23.0,23.75,False,False,Core,0,Normal,True,True,281.25,277.65,,Target,2026-W13,Observed
OPF-20260724-183721,20260323-0815-Short-1227,20260323-0810-BEAR-OBS-001226-Z001207-OC,2026-03-23 08:15:00,2026-03-23 08:20:00,2026-03-23,2026-03,Short,ObservationConfirm,17.25,17.875,False,False,Core,0,Normal,True,True,-110.25,-113.85,,Stop,2026-W13,Observed
OPF-20260724-183721,20260323-1920-Short-1360,20260323-1920-BEAR-OBS-001360-Z001360,2026-03-23 19:20:00,2026-03-23 19:40:00,2026-03-23,2026-03,Short,ZoneBirthResearch,17.25,17.75,False,False,Core,0,Normal,True,True,-106.5,-110.1,,Base:Stop|Runner:Stop,2026-W13,Observed
OPF-20260724-183928,20260324-0440-Short-1184,20260324-0435-BEAR-OBS-001183-Z001183-OC,2026-03-24 04:40:00,2026-03-24 04:45:00,2026-03-24,2026-03,Short,ObservationConfirm,11.75,12.375,False,False,Core,0,Normal,True,True,-64.5,-68.1,,Stop,2026-W13,Observed
OPF-20260724-183928,20260324-0455-Short-1187,20260324-0450-BEAR-OBS-001186-Z001181-OC,2026-03-24 04:55:00,2026-03-24 05:10:00,2026-03-24,2026-03,Short,ObservationConfirm,17.75,18.0,False,False,Core,0,Normal,True,True,159.0,155.4,,Target,2026-W13,Observed
OPF-20260724-183928,20260324-0540-Short-1196,20260324-0520-BEAR-SHD-001192-Z001181,2026-03-24 05:40:00,2026-03-24 05:55:00,2026-03-24,2026-03,Short,ShadowCandidate,21.75,22.5,False,False,Core,0,Normal,True,True,-132.75,-136.35,,Stop,2026-W13,Observed
OPF-20260724-183928,RELEASED|20260324-1310-BULL-OBS-001286-Z001196-OC-STR|ObservationStrict_Other,20260324-1310-BULL-OBS-001286-Z001196-OC-STR,2026-03-24 13:15:00,2026-03-24 13:30:00,2026-03-24,2026-03,Long,ObservationStrict_Other,20.5,20.5,False,False,ActiveTrade,1,Normal,True,True,0.0,-3.6,,ProtectBE,2026-W13,Observed
OPF-20260724-184126,20260324-2250-Short-1114,20260324-2245-BEAR-OBS-001113-Z001107-OC,2026-03-24 22:50:00,2026-03-24 23:15:00,2026-03-25,2026-03,Short,ObservationConfirm,18.5,19.25,False,False,Core,0,Normal,True,True,-109.5,-113.1,,Stop,2026-W13,Observed
OPF-20260724-184126,20260324-2350-Short-1126,20260324-2345-BEAR-OBS-001125-Z001125-OC,2026-03-24 23:50:00,2026-03-24 23:55:00,2026-03-25,2026-03,Short,ObservationConfirm,8.0,8.75,False,False,Core,0,Normal,True,True,84.0,80.4,,Target,2026-W13,Observed
OPF-20260724-184126,20260325-0100-Short-1140,20260325-0055-BEAR-OBS-001139-Z001138-OC,2026-03-25 01:00:00,2026-03-25 01:25:00,2026-03-25,2026-03,Short,ObservationConfirm,16.75,18.25,False,False,Core,0,Normal,True,True,154.5,150.9,,ProtectBE,2026-W13,Observed
OPF-20260724-184126,20260325-0320-Short-1168,20260325-0315-BEAR-OBS-001167-Z001167-OC,2026-03-25 03:20:00,2026-03-25 03:25:00,2026-03-25,2026-03,Short,ObservationConfirm,5.5,6.0,False,False,Core,0,Normal,True,True,-39.0,-42.6,,Stop,2026-W13,Observed
OPF-20260724-184126,RELEASED|20260325-0320-BEAR-OBS-001168-Z001167-OC|ObservationConfirm,20260325-0320-BEAR-OBS-001168-Z001167-OC,2026-03-25 03:30:00,2026-03-25 03:35:00,2026-03-25,2026-03,Short,ObservationConfirm,4.5,4.5,False,False,ActiveTrade,1,Normal,True,True,-27.0,-30.6,,Stop,2026-W13,Observed
OPF-20260724-184126,20260325-0425-Long-1181,20260325-0420-BULL-OBS-001180-Z001180-OC,2026-03-25 04:25:00,2026-03-25 04:40:00,2026-03-25,2026-03,Long,ObservationConfirm,10.25,10.5,False,False,Core,0,Normal,True,True,-67.5,-71.1,,Stop,2026-W13,Observed
OPF-20260724-184126,RELEASED|20260325-0435-BULL-OBS-001183-Z001180-FR|FailureReverse_ObservationInvalidated,20260325-0435-BULL-OBS-001183-Z001180-FR,2026-03-25 04:45:00,2026-03-25 04:55:00,2026-03-25,2026-03,Short,FailureReverse_ObservationInvalidated,9.75,9.75,False,False,ActiveTrade,1,Normal,True,True,-58.5,-62.1,,Stop,2026-W13,Observed
OPF-20260724-184126,20260325-0625-Short-1205,20260325-0625-BEAR-BRK-001205-Z001205,2026-03-25 06:25:00,2026-03-25 06:40:00,2026-03-25,2026-03,Short,BreakawayFvg,17.75,18.375,False,False,Core,0,Normal,True,True,-110.25,-113.85,,ProtectBE,2026-W13,Observed
OPF-20260724-184126,RELEASED|20260325-0625-BEAR-SHD-001205-Z001205|ShadowCandidate,20260325-0625-BEAR-SHD-001205-Z001205,2026-03-25 06:40:00,2026-03-25 06:45:00,2026-03-25,2026-03,Short,ShadowCandidate,9.75,9.75,False,False,ActiveTrade,1,Normal,True,True,-58.5,-62.1,,Stop,2026-W13,Observed
OPF-20260724-184126,20260325-0705-Long-1213,20260325-0655-BULL-OBS-001211-Z001210-OC,2026-03-25 07:05:00,2026-03-25 07:10:00,2026-03-25,2026-03,Long,ObservationConfirm,9.75,11.125,False,False,Core,0,Normal,True,True,134.25,130.65,,Target,2026-W13,Observed
OPF-20260724-184338,20260325-2210-Short-1106,20260325-2205-BEAR-OBS-001105-Z001105-OC,2026-03-25 22:10:00,2026-03-25 22:50:00,2026-03-26,2026-03,Short,ObservationConfirm,18.75,18.75,False,False,Core,0,Normal,True,True,163.5,159.9,,ProtectBE,2026-W13,Observed
OPF-20260724-184338,20260325-2320-Short-1120,20260325-2315-BEAR-OBS-001119-Z001119-OC,2026-03-25 23:20:00,2026-03-25 23:25:00,2026-03-26,2026-03,Short,ObservationConfirm,11.0,11.0,False,False,Core,0,Normal,True,True,-64.5,-68.1,,Stop,2026-W13,Observed
OPF-20260724-184338,20260326-0040-Short-1136,20260326-0030-BULL-OBS-001134-Z001133-FR,2026-03-26 00:40:00,2026-03-26 00:45:00,2026-03-26,2026-03,Short,FailureReverse_ObservationInvalidated,10.25,9.875,False,False,Core,0,Normal,True,True,143.25,139.65,,Target,2026-W13,Observed
OPF-20260724-184338,RELEASED|20260326-0115-BULL-OBS-001143-Z001131-OC|ObservationConfirm,20260326-0115-BULL-OBS-001143-Z001131-OC,2026-03-26 01:20:00,2026-03-26 01:25:00,2026-03-26,2026-03,Long,ObservationConfirm,7.25,7.25,False,False,ActiveTrade,1,Normal,True,True,-43.5,-47.1,,Stop,2026-W13,Observed
OPF-20260724-184338,20260326-0345-Short-1173,20260326-0340-BULL-OBS-001172-Z001172-FR,2026-03-26 03:45:00,2026-03-26 04:50:00,2026-03-26,2026-03,Short,FailureReverse_ObservationInvalidated_WideStop1_5R,18.38,19.25,False,False,Core,0,Normal,True,True,346.5,342.9,,Target,2026-W13,Observed
OPF-20260724-184338,DEFERRED|20260326-0350-BEAR-OBS-001174-Z001174-OC|ObservationConfirm,20260326-0350-BEAR-OBS-001174-Z001174-OC,2026-03-26 04:55:00,2026-03-26 05:25:00,2026-03-26,2026-03,Short,ObservationConfirm,18.5,18.5,False,False,DeferredContinuation,2,Normal,True,True,333.0,329.4,20260326-0345-Short-1173,Target,2026-W13,Observed
OPF-20260724-184338,RELEASED|20260326-0550-BEAR-OBS-001198-Z001198-OC|ObservationConfirm,20260326-0550-BEAR-OBS-001198-Z001198-OC,2026-03-26 05:55:00,2026-03-26 06:25:00,2026-03-26,2026-03,Short,ObservationConfirm,19.0,19.0,False,False,ActiveTrade,1,Normal,True,True,0.0,-3.6,,ProtectBE,2026-W13,Observed
OPF-20260724-184338,20260326-0935-Short-1243,20260326-0935-BEAR-OBS-001243-Z001243,2026-03-26 09:35:00,2026-03-26 09:40:00,2026-03-26,2026-03,Short,ZoneBirthResearch,12.75,13.25,False,False,Core,0,Normal,True,True,-79.5,-83.1,,Base:Stop|Runner:Stop,2026-W13,Observed
OPF-20260724-184338,20260326-1055-Short-1259,20260326-1050-BEAR-SHD-001258-Z001256,2026-03-26 10:55:00,2026-03-26 11:00:00,2026-03-26,2026-03,Short,ShadowCandidate,12.5,9.5,False,False,Core,0,Normal,True,True,-54.75,-58.35,,ProtectBE,2026-W13,Observed
OPF-20260724-184338,RELEASED|20260326-1055-BEAR-OBS-001259-Z001256-OC|ObservationConfirm,20260326-1055-BEAR-OBS-001259-Z001256-OC,2026-03-26 11:00:00,2026-03-26 11:05:00,2026-03-26,2026-03,Short,ObservationConfirm,13.25,13.25,False,False,ActiveTrade,1,Normal,True,True,-79.5,-83.1,,Stop,2026-W13,Observed
OPF-20260724-184536,20260326-2345-Long-1125,20260326-2340-BULL-OBS-001124-Z001124-OC,2026-03-26 23:45:00,2026-03-26 23:55:00,2026-03-27,2026-03,Long,ObservationConfirm,11.0,11.75,False,False,Core,0,Normal,True,True,135.75,132.15,,ProtectBE,2026-W13,Observed
OPF-20260724-184536,20260327-0135-Long-1147,20260327-0130-BULL-OBS-001146-Z001146-OC,2026-03-27 01:35:00,2026-03-27 01:40:00,2026-03-27,2026-03,Long,ObservationConfirm,10.0,11.125,False,False,Core,0,Normal,True,True,-69.0,-72.6,,ProtectBE,2026-W13,Observed
OPF-20260724-184536,20260327-0600-Short-1200,20260327-0600-BEAR-OBS-001200-Z001200,2026-03-27 06:00:00,2026-03-27 06:10:00,2026-03-27,2026-03,Short,ZoneBirthResearch,17.25,16.5,False,False,Core,0,Normal,True,True,-99.0,-102.6,,Base:Stop|Runner:Stop,2026-W13,Observed
OPF-20260724-184536,20260327-0625-Long-1205,20260327-0620-BULL-OBS-001204-Z001204-OC,2026-03-27 06:25:00,2026-03-27 06:30:00,2026-03-27,2026-03,Long,ObservationConfirm,9.25,9.75,False,False,Core,0,Normal,True,True,-52.5,-56.1,,Stop,2026-W13,Observed
OPF-20260724-184536,RELEASED|20260327-0655-BEAR-OBS-001211-Z001210-OC|ObservationConfirm,20260327-0655-BEAR-OBS-001211-Z001210-OC,2026-03-27 07:00:00,2026-03-27 08:00:00,2026-03-27,2026-03,Short,ObservationConfirm,21.75,21.75,False,False,ActiveTrade,1,Normal,True,True,0.0,-3.6,,ProtectBE,2026-W13,Observed
OPF-20260724-184536,20260327-1140-Short-1268,20260327-1140-BEAR-OBS-001268-Z001260,2026-03-27 11:40:00,2026-03-27 11:45:00,2026-03-27,2026-03,Short,UnknownRegimeZoneTouch,8.25,8.0,False,False,Core,0,Normal,True,True,-49.5,-53.1,,Stop,2026-W13,Observed
OPF-20260724-184536,20260327-1750-Short-1342,20260327-1745-BEAR-OBS-001341-Z001341-OC,2026-03-27 17:50:00,2026-03-27 18:05:00,2026-03-27,2026-03,Short,ObservationConfirm,21.0,21.75,False,False,Core,0,Normal,True,True,192.0,188.4,,ProtectBE,2026-W13,Observed
OPF-20260724-184536,20260327-1855-Short-1355,20260327-1855-BEAR-OBS-001355-Z001355,2026-03-27 18:55:00,2026-03-27 19:00:00,2026-03-27,2026-03,Short,ZoneBirthResearch,7.0,8.0,False,False,Core,0,Normal,True,True,-48.0,-51.6,,Base:Stop|Runner:Stop,2026-W13,Observed
OPF-20260724-184733,20260330-0155-Long-1151,20260330-0150-BULL-OBS-001150-Z001149-OC,2026-03-30 01:55:00,2026-03-30 02:00:00,2026-03-30,2026-03,Long,ObservationConfirm,8.75,8.75,False,False,Core,0,Normal,True,True,110.25,106.65,,Target,2026-W14,Observed
OPF-20260724-184733,DEFERRED|20260330-0145-BULL-OBS-001149-Z001149-OC|ObservationConfirm,20260330-0145-BULL-OBS-001149-Z001149-OC,2026-03-30 02:05:00,2026-03-30 02:15:00,2026-03-30,2026-03,Long,ObservationConfirm,8.75,8.75,False,False,DeferredContinuation,2,Normal,True,True,0.0,-3.6,20260330-0155-Long-1151,Stop,2026-W14,Observed
OPF-20260724-184733,20260330-0255-Long-1163,20260330-0250-BULL-OBS-001162-Z001162-OC,2026-03-30 02:55:00,2026-03-30 03:00:00,2026-03-30,2026-03,Long,ObservationConfirm,9.5,9.5,False,False,Core,0,Normal,True,True,114.0,110.4,,Target,2026-W14,Observed
OPF-20260724-184733,20260330-0445-Short-1185,20260330-0445-BEAR-OBS-001185-Z001185,2026-03-30 04:45:00,2026-03-30 05:00:00,2026-03-30,2026-03,Short,ZoneBirthResearch,7.25,8.75,False,False,Core,0,Normal,True,True,-52.5,-56.1,,Base:Stop|Runner:Stop,2026-W14,Observed
OPF-20260724-184733,DEFERRED|20260330-0450-BULL-OBS-001186-Z001181-OC-STR|ObservationStrict_Other,20260330-0450-BULL-OBS-001186-Z001181-OC-STR,2026-03-30 05:05:00,2026-03-30 05:35:00,2026-03-30,2026-03,Long,ObservationStrict_Other,11.25,11.25,False,False,DeferredContinuation,2,Normal,True,True,0.0,-3.6,20260330-0445-Short-1185,Stop,2026-W14,Observed
OPF-20260724-184733,20260330-0625-Long-1205,20260330-0620-BULL-OBS-001204-Z001204-OC,2026-03-30 06:25:00,2026-03-30 06:35:00,2026-03-30,2026-03,Long,ObservationConfirm,11.0,11.75,False,False,Core,0,Normal,True,True,154.5,150.9,,Target,2026-W14,Observed
OPF-20260724-184733,20260330-1915-Short-1359,20260330-1915-BEAR-BRK-001359-Z001359,2026-03-30 19:15:00,2026-03-30 19:30:00,2026-03-30,2026-03,Short,BreakawayFvg,22.75,22.5,False,False,Core,0,Normal,True,True,-138.0,-141.6,,ProtectBE,2026-W14,Observed
OPF-20260724-184733,20260330-2015-Short-1371,20260330-2010-BEAR-OBS-001370-Z001370-OC,2026-03-30 20:15:00,2026-03-30 20:50:00,2026-03-30,2026-03,Short,ObservationConfirm,16.25,16.75,False,False,Core,0,Normal,True,True,-13.5,-17.1,,GlobexCloseout,2026-W14,Observed
OPF-20260724-184943,20260331-0450-Short-1186,20260331-0450-BEAR-OBS-001186-Z001186,2026-03-31 04:50:00,2026-03-31 05:10:00,2026-03-31,2026-03,Short,ZoneBirthResearch,6.75,6.0,False,False,Core,0,Normal,True,True,108.0,104.4,,Base:Target|Runner:Target,2026-W14,Observed
OPF-20260724-184943,20260331-0910-Long-1238,20260331-0905-BULL-OBS-001237-Z001237-OC,2026-03-31 09:10:00,2026-03-31 09:15:00,2026-03-31,2026-03,Long,ObservationConfirm,9.5,9.75,False,False,Core,0,Normal,True,True,-51.0,-54.6,,Stop,2026-W14,Observed
OPF-20260724-184943,20260331-1020-Short-1252,20260331-1020-BEAR-OBS-001252-Z001252,2026-03-31 10:20:00,2026-03-31 10:25:00,2026-03-31,2026-03,Short,ZoneBirthResearch,6.25,8.5,False,False,Core,0,Normal,True,True,-51.0,-54.6,,Base:Stop|Runner:Stop,2026-W14,Observed
OPF-20260724-184943,20260331-1105-Long-1261,20260331-1100-BULL-OBS-001260-Z001259-OC-STR,2026-03-31 11:05:00,2026-03-31 11:10:00,2026-03-31,2026-03,Long,ObservationStrict_Other,17.0,17.5,False,False,Core,0,Normal,True,True,311.25,307.65,,Target,2026-W14,Observed
OPF-20260724-184943,20260331-1545-Short-1317,20260331-1545-BEAR-OBS-001317-Z001317,2026-03-31 15:45:00,2026-03-31 15:50:00,2026-03-31,2026-03,Short,ZoneBirthResearch,17.5,18.375,False,False,Core,0,Normal,True,True,-110.25,-113.85,,Base:Stop|Runner:Stop,2026-W14,Observed
OPF-20260724-184943,20260331-2045-Short-1377,20260331-2045-BEAR-OBS-001377-Z001377,2026-03-31 20:45:00,2026-03-31 20:55:00,2026-03-31,2026-03,Short,ZoneBirthResearch,8.0,9.0,False,False,Core,0,Normal,True,True,43.5,39.9,,SnapshotEnd,2026-W14,Observed
OPF-20260724-185147,20260401-0110-Short-1142,20260401-0105-BEAR-OBS-001141-Z001141-OC,2026-04-01 01:10:00,2026-04-01 01:35:00,2026-04-01,2026-04,Short,ObservationConfirm,17.25,18.25,False,False,Core,0,Normal,True,True,167.25,163.65,,ProtectBE,2026-W14,Observed
OPF-20260724-185147,DEFERRED|20260401-0110-BEAR-OBS-001142-Z001141-OC|ObservationConfirm,20260401-0110-BEAR-OBS-001142-Z001141-OC,2026-04-01 01:40:00,2026-04-01 02:00:00,2026-04-01,2026-04,Short,ObservationConfirm,19.25,19.25,False,False,DeferredContinuation,2,Normal,True,True,-0.0,-3.6,20260401-0110-Short-1142,Stop,2026-W14,Observed
OPF-20260724-185147,20260401-0205-Short-1153,20260401-0200-BEAR-OBS-001152-Z001147-OC,2026-04-01 02:05:00,2026-04-01 02:30:00,2026-04-01,2026-04,Short,ObservationConfirm,10.0,10.25,False,False,Core,0,Normal,True,True,84.0,80.4,,Target,2026-W14,Observed
OPF-20260724-185147,20260401-0250-Short-1162,20260401-0245-BEAR-OBS-001161-Z001155-OC,2026-04-01 02:50:00,2026-04-01 03:00:00,2026-04-01,2026-04,Short,ObservationConfirm,10.25,10.5,False,False,Core,0,Normal,True,True,-69.0,-72.6,,ProtectBE,2026-W14,Observed
OPF-20260724-185147,20260401-0530-Long-1194,20260401-0525-BULL-OBS-001193-Z001193-OC,2026-04-01 05:30:00,2026-04-01 05:35:00,2026-04-01,2026-04,Long,ObservationConfirm,12.0,12.25,False,False,Core,0,Abnormal,False,False,-3.0,-6.6,,Stop,2026-W14,Observed
OPF-20260724-185147,20260401-1200-Short-1272,20260401-1155-BULL-OBS-001271-Z001271-FR,2026-04-01 12:00:00,2026-04-01 12:05:00,2026-04-01,2026-04,Short,FailureReverse_ObservationInvalidated_WideStop1_5R,17.62,17.5,False,False,Core,0,Normal,True,True,-100.5,-104.1,,Stop,2026-W14,Observed
OPF-20260724-185147,20260401-1215-Long-1275,20260401-1210-BULL-OBS-001274-Z001268-OC,2026-04-01 12:15:00,2026-04-01 12:20:00,2026-04-01,2026-04,Long,ObservationConfirm,7.0,7.25,False,False,Core,0,Normal,True,True,-42.0,-45.6,,Stop,2026-W14,Observed
OPF-20260724-185147,20260401-1305-Long-1285,20260401-1305-BULL-PB-001285-Z001243,2026-04-01 13:05:00,2026-04-01 13:25:00,2026-04-01,2026-04,Long,AlmostConfirmed,20.0,20.0,False,False,Core,0,Normal,True,True,294.0,290.4,,ProtectBE,2026-W14,Observed
OPF-20260724-185147,20260401-1715-Long-1335,20260401-1710-BULL-OBS-001334-Z001333-OC,2026-04-01 17:15:00,2026-04-01 17:20:00,2026-04-01,2026-04,Long,ObservationConfirm,9.25,9.5,False,False,Core,0,Normal,True,True,-51.0,-54.6,,Stop,2026-W14,Observed
OPF-20260724-185342,20260401-2355-Long-1127,20260401-2350-BULL-OBS-001126-Z001118-OC-STR,2026-04-01 23:55:00,2026-04-02 00:00:00,2026-04-02,2026-04,Long,ObservationStrict_Other,8.5,10.875,False,False,Core,0,Normal,True,True,-70.5,-74.1,,Stop,2026-W14,Observed
OPF-20260724-185342,20260402-0215-Short-1155,20260402-0215-BEAR-BRK-001155-Z001155,2026-04-02 02:15:00,2026-04-02 03:30:00,2026-04-02,2026-04,Short,BreakawayFvg,21.75,22.25,False,False,Core,0,Normal,True,True,277.5,273.9,,ProtectBE,2026-W14,Observed
OPF-20260724-185342,20260402-0340-Short-1172,20260402-0340-BEAR-OBS-001172-Z001172,2026-04-02 03:40:00,2026-04-02 05:40:00,2026-04-02,2026-04,Short,ZoneBirthResearch,16.5,16.75,False,False,Core,0,Normal,True,True,301.5,297.9,,Base:Target|Runner:Target,2026-W14,Observed
OPF-20260724-185342,20260402-0940-Short-1244,20260402-0935-BEAR-OBS-001243-Z001243-OC,2026-04-02 09:40:00,2026-04-02 10:05:00,2026-04-02,2026-04,Short,ObservationConfirm,18.25,19.25,False,False,Core,0,Normal,True,True,168.0,164.4,,Target,2026-W14,Observed
OPF-20260724-185342,20260402-1250-Short-1282,20260402-1245-BEAR-OBS-001281-Z001264-OC,2026-04-02 12:50:00,2026-04-02 12:55:00,2026-04-02,2026-04,Short,ObservationConfirm,7.25,7.75,False,False,Core,0,Normal,True,True,66.0,62.4,,Target,2026-W14,Observed
OPF-20260724-185342,20260402-1315-Long-1287,20260402-1310-BULL-OBS-001286-Z001277-OC-STR,2026-04-02 13:15:00,2026-04-02 13:25:00,2026-04-02,2026-04,Long,ObservationStrict_Other,18.75,18.5,False,False,Core,0,Normal,True,True,333.0,329.4,,ProtectBE,2026-W14,Observed
OPF-20260724-185342,RELEASED|20260402-1730-BULL-OBS-001338-Z001335-FR|FailureReverse_ObservationInvalidated_WideStop1_5R,20260402-1730-BULL-OBS-001338-Z001335-FR,2026-04-02 17:40:00,2026-04-02 17:45:00,2026-04-02,2026-04,Short,FailureReverse_ObservationInvalidated_WideStop1_5R,19.88,19.88,False,False,ActiveTrade,1,Normal,True,True,357.84000000000003,354.24,,Target,2026-W14,Observed
OPF-20260724-185539,20260405-2310-Short-1025,20260405-2255-BULL-OBS-001022-Z001022-FR-RT,2026-04-05 23:10:00,2026-04-05 23:15:00,2026-04-06,2026-04,Short,FailureReverse_RetestFailed_WideStop1_5R,10.12,10.5,False,False,Core,0,Normal,True,True,-67.5,-71.1,,Stop,2026-W15,Observed
OPF-20260724-185539,20260406-0105-Long-1048,20260406-0100-BULL-OBS-001047-Z001047-OC,2026-04-06 01:05:00,2026-04-06 01:50:00,2026-04-06,2026-04,Long,ObservationConfirm_WideStop1_5R,24.0,25.75,False,False,Core,0,Normal,True,True,-157.5,-161.1,,Stop,2026-W15,Observed
OPF-20260724-185539,RELEASED|20260406-0150-BEAR-OBS-001057-Z001057|ZoneBirthResearch,20260406-0150-BEAR-OBS-001057-Z001057,2026-04-06 01:50:00,2026-04-06 02:00:00,2026-04-06,2026-04,Short,ZoneBirthResearch,17.0,17.0,False,False,ActiveTrade,1,Normal,True,True,-102.0,-105.6,,Base:Stop|Runner:Stop,2026-W15,Observed
OPF-20260724-185737,20260407-0005-Short-1036,20260407-0000-BEAR-OBS-001035-Z001035-OC,2026-04-07 00:05:00,2026-04-07 00:10:00,2026-04-07,2026-04,Short,ObservationConfirm,16.75,17.125,False,False,Core,0,Normal,True,True,-93.75,-97.35,,Stop,2026-W15,Observed
OPF-20260724-185737,RELEASED|20260407-0200-BEAR-SHD-001059-Z001059|ShadowCandidate,20260407-0200-BEAR-SHD-001059-Z001059,2026-04-07 02:05:00,2026-04-07 02:10:00,2026-04-07,2026-04,Short,ShadowCandidate,12.25,12.25,False,False,ActiveTrade,1,Normal,True,True,-73.5,-77.1,,Stop,2026-W15,Observed
OPF-20260724-185737,20260407-0220-Short-1063,20260407-0210-BEAR-SHD-001061-Z001059,2026-04-07 02:20:00,2026-04-07 02:25:00,2026-04-07,2026-04,Short,ShadowCandidate,7.25,7.5,False,False,Core,0,Normal,True,True,-51.75,-55.35,,Stop,2026-W15,Observed
OPF-20260724-185737,20260407-0410-Short-1085,20260407-0405-BEAR-OBS-001084-Z001084-OC,2026-04-07 04:10:00,2026-04-07 04:15:00,2026-04-07,2026-04,Short,ObservationConfirm,16.75,17.375,False,False,Core,0,Normal,True,True,-104.25,-107.85,,Stop,2026-W15,Observed
OPF-20260724-185937,20260408-0125-Short-1052,20260408-0120-BEAR-OBS-001051-Z001051-OC,2026-04-08 01:25:00,2026-04-08 01:30:00,2026-04-08,2026-04,Short,ObservationConfirm,17.0,17.75,False,False,Core,0,Normal,True,True,-108.75,-112.35,,Stop,2026-W15,Observed
OPF-20260724-185937,20260408-0455-Long-1094,20260408-0450-BULL-OBS-001093-Z001085-OC,2026-04-08 04:55:00,2026-04-08 05:15:00,2026-04-08,2026-04,Long,ObservationConfirm,8.25,9.25,False,False,Core,0,Normal,True,True,102.0,98.4,,ProtectBE,2026-W15,Observed
OPF-20260724-185937,20260408-0600-Long-1107,20260408-0600-BULL-PB-001107-Z001106,2026-04-08 06:00:00,2026-04-08 06:15:00,2026-04-08,2026-04,Long,AlmostConfirmed,17.75,18.0,False,False,Core,0,Normal,True,True,-109.5,-113.1,,Stop,2026-W15,Observed
OPF-20260724-185937,20260408-0740-Short-1127,20260408-0735-BEAR-OBS-001126-Z001126-OC,2026-04-08 07:40:00,2026-04-08 08:10:00,2026-04-08,2026-04,Short,ObservationConfirm,17.25,18.0,False,False,Core,0,Normal,True,True,-99.0,-102.6,,Stop,2026-W15,Observed
OPF-20260724-185937,20260408-1705-Short-1240,20260408-1700-BULL-OBS-001239-Z001237-FR,2026-04-08 17:05:00,2026-04-08 17:35:00,2026-04-08,2026-04,Short,FailureReverse_ObservationInvalidated_WideStop1_5R,20.25,20.0,False,False,Core,0,Normal,True,True,360.0,356.4,,ProtectBE,2026-W15,Observed
OPF-20260724-190140,20260408-2240-Short-1019,20260408-2235-BEAR-OBS-001018-Z001014-OC,2026-04-08 22:40:00,2026-04-08 23:00:00,2026-04-09,2026-04,Short,ObservationConfirm,18.0,19.0,False,False,Core,0,Normal,True,True,-120.0,-123.6,,Stop,2026-W15,Observed
OPF-20260724-190140,20260408-2335-Short-1030,20260408-2310-BULL-OBS-001025-Z001025-FR-RT,2026-04-08 23:35:00,2026-04-08 23:40:00,2026-04-09,2026-04,Short,FailureReverse_RetestFailed,5.75,6.0,False,False,Core,0,Normal,True,True,-33.0,-36.6,,Stop,2026-W15,Observed
OPF-20260724-190140,20260409-0020-Long-1039,20260409-0010-BEAR-OBS-001037-Z001036-FR,2026-04-09 00:20:00,2026-04-09 00:25:00,2026-04-09,2026-04,Long,FailureReverse_ObservationInvalidated,10.5,10.875,False,False,Core,0,Normal,True,True,-60.75,-64.35,,Stop,2026-W15,Observed
OPF-20260724-190140,20260409-0140-Long-1055,20260409-0135-BULL-OBS-001054-Z001054-OC,2026-04-09 01:40:00,2026-04-09 01:45:00,2026-04-09,2026-04,Long,ObservationConfirm,10.0,10.75,False,False,Core,0,Normal,True,True,-66.0,-69.6,,Stop,2026-W15,Observed
OPF-20260724-190140,20260409-0305-Short-1072,20260409-0300-BEAR-OBS-001071-Z001071-OC,2026-04-09 03:05:00,2026-04-09 03:15:00,2026-04-09,2026-04,Short,ObservationConfirm,8.0,8.0,False,False,Core,0,Normal,True,True,63.75,60.15,,ProtectBE,2026-W15,Observed
OPF-20260724-190140,DEFERRED|20260409-0250-BULL-OBS-001069-Z001069-FR-RT|FailureReverse_RetestFailed,20260409-0250-BULL-OBS-001069-Z001069-FR-RT,2026-04-09 03:20:00,2026-04-09 03:35:00,2026-04-09,2026-04,Short,FailureReverse_RetestFailed,11.0,11.0,False,False,DeferredContinuation,2,Normal,True,True,-66.0,-69.6,20260409-0305-Short-1072,Stop,2026-W15,Observed
OPF-20260724-190344,20260409-2235-Short-1111,20260409-2230-BEAR-OBS-001110-Z001110-OC,2026-04-09 22:35:00,2026-04-09 22:55:00,2026-04-10,2026-04,Short,ObservationConfirm,19.5,20.25,False,False,Core,0,Normal,True,True,178.5,174.9,,ProtectBE,2026-W15,Observed
OPF-20260724-190344,20260410-0040-Long-1136,20260410-0035-BULL-OBS-001135-Z001135-OC,2026-04-10 00:40:00,2026-04-10 00:50:00,2026-04-10,2026-04,Long,ObservationConfirm,10.25,10.25,False,False,Core,0,Normal,True,True,119.25,115.65,,Target,2026-W15,Observed
OPF-20260724-190344,DEFERRED|20260410-0040-BULL-OBS-001136-Z001136-OC|ObservationConfirm,20260410-0040-BULL-OBS-001136-Z001136-OC,2026-04-10 00:55:00,2026-04-10 00:55:00,2026-04-10,2026-04,Long,ObservationConfirm,7.25,7.25,False,False,DeferredContinuation,2,Normal,True,True,130.5,126.9,20260410-0040-Long-1136,Target,2026-W15,Observed
OPF-20260724-190344,20260410-0105-Long-1141,20260410-0100-BULL-OBS-001140-Z001140-OC,2026-04-10 01:05:00,2026-04-10 01:10:00,2026-04-10,2026-04,Long,ObservationConfirm,11.0,10.875,False,False,Core,0,Normal,True,True,-63.75,-67.35,,Stop,2026-W15,Observed
OPF-20260724-190344,RELEASED|20260410-0110-BULL-OBS-001142-Z001140-OC|ObservationConfirm_WideStop1_5R,20260410-0110-BULL-OBS-001142-Z001140-OC,2026-04-10 01:15:00,2026-04-10 01:30:00,2026-04-10,2026-04,Long,ObservationConfirm_WideStop1_5R,9.75,9.75,False,False,ActiveTrade,1,Normal,True,True,175.5,171.9,,Target,2026-W15,Observed
OPF-20260724-190344,20260410-0140-Long-1148,20260410-0140-BULL-PB-001148-Z001147,2026-04-10 01:40:00,2026-04-10 01:55:00,2026-04-10,2026-04,Long,AlmostConfirmed,12.75,12.75,False,False,Core,0,Normal,True,True,-78.0,-81.6,,Stop,2026-W15,Observed
OPF-20260724-190344,20260410-0210-Short-1154,20260410-0205-BEAR-OBS-001153-Z001153-OC,2026-04-10 02:10:00,2026-04-10 02:20:00,2026-04-10,2026-04,Short,ObservationConfirm,11.0,11.375,False,False,Core,0,Normal,True,True,102.75,99.15,,ProtectBE,2026-W15,Observed
OPF-20260724-190344,RELEASED|20260410-0220-BEAR-OBS-001156-Z001156|ZoneBirthResearch,20260410-0220-BEAR-OBS-001156-Z001156,2026-04-10 02:20:00,2026-04-10 02:30:00,2026-04-10,2026-04,Short,ZoneBirthResearch,5.0,5.0,False,False,ActiveTrade,1,Normal,True,True,-30.0,-33.6,,Base:Stop|Runner:Stop,2026-W15,Observed
OPF-20260724-190344,20260410-0340-Long-1172,20260410-0335-BULL-OBS-001171-Z001171-OC,2026-04-10 03:40:00,2026-04-10 04:00:00,2026-04-10,2026-04,Long,ObservationConfirm,7.75,8.5,False,False,Core,0,Normal,True,True,-51.0,-54.6,,Stop,2026-W15,Observed
OPF-20260724-190344,DEFERRED|20260410-0350-BULL-OBS-001174-Z001171-OC|ObservationConfirm,20260410-0350-BULL-OBS-001174-Z001171-OC,2026-04-10 04:05:00,2026-04-10 04:05:00,2026-04-10,2026-04,Long,ObservationConfirm,8.0,8.0,False,False,DeferredContinuation,2,Normal,True,True,-48.0,-51.6,20260410-0340-Long-1172,Stop,2026-W15,Observed
OPF-20260724-190542,RELEASED|20260412-2235-BEAR-OBS-001111-Z001110-OC|ObservationConfirm,20260412-2235-BEAR-OBS-001111-Z001110-OC,2026-04-12 22:40:00,2026-04-12 22:55:00,2026-04-13,2026-04,Short,ObservationConfirm,19.5,19.5,False,False,ActiveTrade,1,Normal,True,True,-117.0,-120.6,,Stop,2026-W16,Observed
OPF-20260724-190542,20260413-0020-Long-1132,20260413-0015-BULL-OBS-001131-Z001131-OC,2026-04-13 00:20:00,2026-04-13 00:25:00,2026-04-13,2026-04,Long,ObservationConfirm,9.25,9.625,False,False,Core,0,Normal,True,True,-48.75,-52.35,,Stop,2026-W16,Observed
OPF-20260724-190542,20260413-0040-Long-1136,20260413-0035-BULL-OBS-001135-Z001135-OC,2026-04-13 00:40:00,2026-04-13 00:50:00,2026-04-13,2026-04,Long,ObservationConfirm_WideStop1_5R,9.0,9.75,False,False,Core,0,Normal,True,True,79.5,75.9,,Target,2026-W16,Observed
OPF-20260724-190542,20260413-0215-Short-1155,20260413-0210-BEAR-OBS-001154-Z001154-OC,2026-04-13 02:15:00,2026-04-13 02:20:00,2026-04-13,2026-04,Short,ObservationConfirm,6.25,6.75,False,False,Core,0,Normal,True,True,56.25,52.65,,ProtectBE,2026-W16,Observed
OPF-20260724-190542,20260413-0325-Long-1169,20260413-0320-BEAR-OBS-001168-Z001166-FR,2026-04-13 03:25:00,2026-04-13 03:30:00,2026-04-13,2026-04,Long,FailureReverse_ObservationInvalidated,9.0,9.0,False,False,Core,0,Normal,True,True,-55.5,-59.1,,Stop,2026-W16,Observed
OPF-20260724-190542,RELEASED|20260413-0325-BULL-OBS-001169-Z001169-OC|ObservationConfirm,20260413-0325-BULL-OBS-001169-Z001169-OC,2026-04-13 03:30:00,2026-04-13 03:35:00,2026-04-13,2026-04,Long,ObservationConfirm,5.75,5.75,False,False,ActiveTrade,1,Normal,True,True,-34.5,-38.1,,Stop,2026-W16,Observed
OPF-20260724-190542,20260413-0350-Short-1174,20260413-0330-BULL-OBS-001170-Z001169-FR-RT,2026-04-13 03:50:00,2026-04-13 03:55:00,2026-04-13,2026-04,Short,FailureReverse_RetestFailed,5.25,5.375,False,False,Core,0,Normal,True,True,38.25,34.65,,ProtectBE,2026-W16,Observed
OPF-20260724-190542,20260413-0425-Long-1181,20260413-0420-BULL-OBS-001180-Z001179-OC,2026-04-13 04:25:00,2026-04-13 04:50:00,2026-04-13,2026-04,Long,ObservationConfirm,9.5,9.875,False,False,Core,0,Normal,True,True,138.75,135.15,,ProtectBE,2026-W16,Observed
OPF-20260724-190542,20260413-0530-Short-1194,20260413-0500-BULL-OBS-001188-Z001187-FR-RT,2026-04-13 05:30:00,2026-04-13 05:50:00,2026-04-13,2026-04,Short,FailureReverse_RetestFailed_WideStop1_5R,6.38,6.0,False,False,Core,0,Normal,True,True,-25.5,-29.1,,ProtectBE,2026-W16,Observed
OPF-20260724-190542,20260413-0605-Long-1201,20260413-0600-BULL-OBS-001200-Z001200-OC,2026-04-13 06:05:00,2026-04-13 06:15:00,2026-04-13,2026-04,Long,ObservationConfirm,10.75,11.0,False,False,Core,0,Normal,True,True,132.0,128.4,,Target,2026-W16,Observed
OPF-20260724-190740,20260413-2325-Short-1121,20260413-2325-BEAR-OBS-001121-Z001121,2026-04-13 23:25:00,2026-04-13 23:45:00,2026-04-14,2026-04,Short,ZoneBirthResearch,6.0,6.5,False,False,Core,0,Normal,True,True,-39.0,-42.6,,Base:Stop|Runner:Stop,2026-W16,Observed
OPF-20260724-190740,20260414-0000-Short-1128,20260413-2355-BEAR-OBS-001127-Z001127-OC,2026-04-14 00:00:00,2026-04-14 00:25:00,2026-04-14,2026-04,Short,ObservationConfirm,18.0,18.875,False,False,Core,0,Normal,True,True,-119.25,-122.85,,ProtectBE,2026-W16,Observed
OPF-20260724-190740,20260414-0150-Long-1150,20260414-0145-BULL-OBS-001149-Z001149-OC,2026-04-14 01:50:00,2026-04-14 01:55:00,2026-04-14,2026-04,Long,ObservationConfirm_WideStop1_5R,4.12,3.75,False,False,Core,0,Normal,True,True,-19.5,-23.1,,Stop,2026-W16,Observed
OPF-20260724-190740,20260414-0215-Long-1155,20260414-0210-BULL-OBS-001154-Z001154-OC,2026-04-14 02:15:00,2026-04-14 02:20:00,2026-04-14,2026-04,Long,ObservationConfirm,8.0,8.25,False,False,Core,0,Normal,True,True,-51.0,-54.6,,Stop,2026-W16,Observed
OPF-20260724-190740,20260414-0310-Short-1166,20260414-0305-BEAR-OBS-001165-Z001165-OC,2026-04-14 03:10:00,2026-04-14 03:20:00,2026-04-14,2026-04,Short,ObservationConfirm,6.0,5.75,False,False,Core,0,Normal,True,True,48.0,44.4,,ProtectBE,2026-W16,Observed
OPF-20260724-190740,20260414-0335-Short-1171,20260414-0330-BEAR-OBS-001170-Z001169-OC,2026-04-14 03:35:00,2026-04-14 03:45:00,2026-04-14,2026-04,Short,ObservationConfirm,4.5,5.25,False,False,Core,0,Normal,True,True,-27.75,-31.35,,Stop,2026-W16,Observed
OPF-20260724-190740,20260414-0425-Long-1181,20260414-0420-BULL-OBS-001180-Z001180-OC,2026-04-14 04:25:00,2026-04-14 04:30:00,2026-04-14,2026-04,Long,ObservationConfirm,4.5,4.5,False,False,Core,0,Normal,True,True,-27.0,-30.6,,Stop,2026-W16,Observed
OPF-20260724-190740,20260414-0455-Long-1187,20260414-0450-BULL-OBS-001186-Z001186-OC,2026-04-14 04:55:00,2026-04-14 05:20:00,2026-04-14,2026-04,Long,ObservationConfirm,7.0,7.5,False,False,Core,0,Normal,True,True,-45.75,-49.35,,Stop,2026-W16,Observed
OPF-20260724-190936,20260414-2215-Long-1107,20260414-2210-BULL-OBS-001106-Z001106-OC,2026-04-14 22:15:00,2026-04-14 22:25:00,2026-04-15,2026-04,Long,ObservationConfirm,10.75,11.875,False,False,Core,0,Normal,True,True,-69.75,-73.35,,Stop,2026-W16,Observed
OPF-20260724-190936,20260414-2250-Short-1114,20260414-2250-BEAR-OBS-001114-Z001114,2026-04-14 22:50:00,2026-04-14 23:05:00,2026-04-15,2026-04,Short,ZoneBirthResearch,4.25,4.375,False,False,Core,0,Normal,True,True,-26.25,-29.85,,Base:Stop|Runner:Stop,2026-W16,Observed
OPF-20260724-190936,20260414-2310-Long-1118,20260414-2305-BULL-OBS-001117-Z001117-OC,2026-04-14 23:10:00,2026-04-14 23:20:00,2026-04-15,2026-04,Long,ObservationConfirm,7.25,7.5,False,False,Core,0,Normal,True,True,46.5,42.9,,Target,2026-W16,Observed
OPF-20260724-190936,RELEASED|20260414-2315-BULL-OBS-001119-Z001118-OC|ObservationConfirm,20260414-2315-BULL-OBS-001119-Z001118-OC,2026-04-14 23:20:00,2026-04-14 23:30:00,2026-04-15,2026-04,Long,ObservationConfirm,9.5,9.5,False,False,ActiveTrade,1,Normal,True,True,0.0,-3.6,,ProtectBE,2026-W16,Observed
OPF-20260724-190936,20260415-0000-Short-1128,20260415-0000-BEAR-OBS-001128-Z001128,2026-04-15 00:00:00,2026-04-15 00:05:00,2026-04-15,2026-04,Short,ZoneBirthResearch,8.0,7.5,False,False,Core,0,Normal,True,True,-45.0,-48.6,,Base:Stop|Runner:Stop,2026-W16,Observed
OPF-20260724-190936,20260415-0045-Short-1137,20260415-0045-BEAR-OBS-001137-Z001137,2026-04-15 00:45:00,2026-04-15 00:50:00,2026-04-15,2026-04,Short,ZoneBirthResearch,3.75,4.0,False,False,Core,0,Normal,True,True,-24.0,-27.6,,Base:Stop|Runner:Stop,2026-W16,Observed
OPF-20260724-190936,20260415-0125-Long-1145,20260415-0120-BULL-OBS-001144-Z001143-OC,2026-04-15 01:25:00,2026-04-15 01:30:00,2026-04-15,2026-04,Long,ObservationConfirm,8.0,7.25,False,False,Core,0,Normal,True,True,-45.0,-48.6,,Stop,2026-W16,Observed
OPF-20260724-190936,20260415-0215-Short-1155,20260415-0215-BEAR-OBS-001155-Z001155,2026-04-15 02:15:00,2026-04-15 02:35:00,2026-04-15,2026-04,Short,ZoneBirthResearch,7.0,7.25,False,False,Core,0,Normal,True,True,130.5,126.9,,Base:Target|Runner:Target,2026-W16,Observed
OPF-20260724-190936,DEFERRED|20260415-0215-BEAR-OBS-001155-Z001155-OC|ObservationConfirm,20260415-0215-BEAR-OBS-001155-Z001155-OC,2026-04-15 02:40:00,2026-04-15 03:10:00,2026-04-15,2026-04,Short,ObservationConfirm,10.75,10.75,False,False,DeferredContinuation,2,Normal,True,True,-64.5,-68.1,20260415-0215-Short-1155,Stop,2026-W16,Observed
OPF-20260724-190936,20260415-0705-Long-1213,20260415-0700-BULL-OBS-001212-Z001206-OC,2026-04-15 07:05:00,2026-04-15 08:25:00,2026-04-15,2026-04,Long,ObservationConfirm_WideStop1_5R,22.88,22.25,False,False,Core,0,Normal,True,True,183.0,179.4,,ProtectBE,2026-W16,Observed
OPF-20260724-191134,20260417-0010-Short-1130,20260417-0005-BEAR-OBS-001129-Z001129-OC,2026-04-17 00:10:00,2026-04-17 00:15:00,2026-04-17,2026-04,Short,ObservationConfirm,17.75,18.375,False,False,Core,0,Normal,True,True,-108.75,-112.35,,Stop,2026-W16,Observed
OPF-20260724-191134,20260417-0210-Short-1154,20260417-0210-BEAR-OBS-001154-Z001154,2026-04-17 02:10:00,2026-04-17 03:35:00,2026-04-17,2026-04,Short,ZoneBirthResearch,7.75,7.625,False,False,Core,0,Normal,True,True,137.25,133.65,,Base:Target|Runner:Target,2026-W16,Observed
OPF-20260724-191134,20260417-0425-Long-1181,20260417-0420-BULL-OBS-001180-Z001180-OC,2026-04-17 04:25:00,2026-04-17 04:30:00,2026-04-17,2026-04,Long,ObservationConfirm,4.5,4.625,False,False,Core,0,Normal,True,True,-26.25,-29.85,,Stop,2026-W16,Observed
OPF-20260724-191134,RELEASED|20260417-0435-BULL-OBS-001183-Z001180-FR|FailureReverse_ObservationInvalidated,20260417-0435-BULL-OBS-001183-Z001180-FR,2026-04-17 04:40:00,2026-04-17 04:45:00,2026-04-17,2026-04,Short,FailureReverse_ObservationInvalidated,4.0,4.0,False,False,ActiveTrade,1,Normal,True,True,-23.999999999999996,-27.599999999999998,,Stop,2026-W16,Observed
OPF-20260724-191134,20260417-0445-Long-1185,20260417-0440-BULL-OBS-001184-Z001178-OC,2026-04-17 04:45:00,2026-04-17 04:50:00,2026-04-17,2026-04,Long,ObservationConfirm,9.75,10.0,False,False,Core,0,Normal,True,True,-76.5,-80.1,,Stop,2026-W16,Observed
OPF-20260724-191134,20260417-0640-Short-1208,20260417-0635-BEAR-OBS-001207-Z001206-OC,2026-04-17 06:40:00,2026-04-17 06:45:00,2026-04-17,2026-04,Short,ObservationConfirm,6.5,7.625,False,False,Core,0,Normal,True,True,-45.75,-49.35,,Stop,2026-W16,Observed
OPF-20260724-191134,20260417-0655-Short-1211,20260417-0650-BULL-OBS-001210-Z001210-FR,2026-04-17 06:55:00,2026-04-17 07:00:00,2026-04-17,2026-04,Short,FailureReverse_ObservationInvalidated_WideStop1_5R,6.38,6.0,False,False,Core,0,Normal,True,True,-36.0,-39.6,,Stop,2026-W16,Observed
OPF-20260724-191134,20260417-0920-Short-1240,20260417-0920-BEAR-OBS-001240-Z001240,2026-04-17 09:20:00,2026-04-17 09:25:00,2026-04-17,2026-04,Short,ZoneBirthResearch,4.75,3.875,False,False,Core,0,Normal,True,True,-23.25,-26.85,,Base:Stop|Runner:Stop,2026-W16,Observed
OPF-20260724-191134,20260417-1020-Short-1252,20260417-1020-BEAR-OBS-001252-Z001252,2026-04-17 10:20:00,2026-04-17 10:55:00,2026-04-17,2026-04,Short,ZoneBirthResearch,6.25,6.75,False,False,Core,0,Normal,True,True,67.5,63.9,,Base:Target|Runner:ProtectBE,2026-W16,Observed
OPF-20260724-191134,20260417-1100-Long-1260,20260417-1055-BULL-OBS-001259-Z001259-OC,2026-04-17 11:00:00,2026-04-17 11:15:00,2026-04-17,2026-04,Long,ObservationConfirm,8.25,9.0,False,False,Core,0,Normal,True,True,105.0,101.4,,Target,2026-W16,Observed
OPF-20260724-191134,20260417-1155-Long-1271,20260417-1150-BULL-OBS-001270-Z001270-OC,2026-04-17 11:55:00,2026-04-17 12:25:00,2026-04-17,2026-04,Long,ObservationConfirm,12.0,13.0,False,False,Core,0,Abnormal,False,False,-3.0,-6.6,,Target,2026-W16,Observed
OPF-20260724-191330,20260420-0145-Long-1149,20260420-0140-BULL-OBS-001148-Z001148-OC,2026-04-20 01:45:00,2026-04-20 01:50:00,2026-04-20,2026-04,Long,ObservationConfirm,5.75,6.375,False,False,Core,0,Normal,True,True,56.25,52.65,,ProtectBE,2026-W17,Observed
OPF-20260724-191330,20260420-0225-Short-1157,20260420-0215-BEAR-OBS-001155-Z001153-OC,2026-04-20 02:25:00,2026-04-20 02:40:00,2026-04-20,2026-04,Short,ObservationConfirm,7.25,6.75,False,False,Core,0,Normal,True,True,58.5,54.9,,ProtectBE,2026-W17,Observed
OPF-20260724-191330,20260420-0350-Short-1174,20260420-0345-BEAR-OBS-001173-Z001173-OC,2026-04-20 03:50:00,2026-04-20 04:10:00,2026-04-20,2026-04,Short,ObservationConfirm,7.0,8.25,False,False,Core,0,Normal,True,True,63.0,59.4,,ProtectBE,2026-W17,Observed
OPF-20260724-191330,20260420-0455-Long-1187,20260420-0450-BULL-OBS-001186-Z001185-OC,2026-04-20 04:55:00,2026-04-20 05:05:00,2026-04-20,2026-04,Long,ObservationConfirm,10.0,10.125,False,False,Core,0,Normal,True,True,-53.25,-56.85,,Stop,2026-W17,Observed
OPF-20260724-191330,DEFERRED|20260420-0445-BULL-OBS-001185-Z001185-OC|ObservationConfirm,20260420-0445-BULL-OBS-001185-Z001185-OC,2026-04-20 05:10:00,2026-04-20 05:20:00,2026-04-20,2026-04,Long,ObservationConfirm,10.0,10.0,False,False,DeferredContinuation,2,Normal,True,True,-60.0,-63.6,20260420-0455-Long-1187,Stop,2026-W17,Observed
OPF-20260724-191330,20260420-0610-Long-1202,20260420-0605-BULL-OBS-001201-Z001201-OC,2026-04-20 06:10:00,2026-04-20 06:50:00,2026-04-20,2026-04,Long,ObservationConfirm,10.5,10.25,False,False,Core,0,Normal,True,True,117.0,113.4,,ProtectBE,2026-W17,Observed
OPF-20260724-191330,20260420-0855-Long-1235,20260420-0850-BEAR-OBS-001234-Z001219-FR,2026-04-20 08:55:00,2026-04-20 12:40:00,2026-04-20,2026-04,Long,FailureReverse_ObservationInvalidated,17.5,18.75,False,False,Core,0,Normal,True,True,291.0,287.4,,ProtectBE,2026-W17,Observed
OPF-20260724-191330,20260420-1255-Long-1283,20260420-1255-BULL-PB-001283-Z001282,2026-04-20 12:55:00,2026-04-20 13:00:00,2026-04-20,2026-04,Long,AlmostConfirmed,10.5,11.75,False,False,Core,0,Normal,True,True,-73.5,-77.1,,ProtectBE,2026-W17,Observed
OPF-20260724-191330,DEFERRED|20260420-1250-BULL-OBS-001282-Z001282-OC|ObservationConfirm,20260420-1250-BULL-OBS-001282-Z001282-OC,2026-04-20 13:05:00,2026-04-20 13:05:00,2026-04-20,2026-04,Long,ObservationConfirm,10.5,10.5,False,False,DeferredContinuation,2,Normal,True,True,-63.0,-66.6,20260420-1255-Long-1283,StopCollision,2026-W17,Observed
OPF-20260724-191330,20260420-2045-Short-1377,20260420-2040-BULL-OBS-001376-Z001376-FR,2026-04-20 20:45:00,2026-04-20 20:50:00,2026-04-20,2026-04,Short,FailureReverse_ObservationInvalidated_WideStop1_5R,18.0,18.5,False,False,Core,0,Normal,True,True,-16.5,-20.1,,GlobexCloseout,2026-W17,Observed
OPF-20260724-191525,20260420-2325-Short-1121,20260420-2325-BEAR-OBS-001121-Z001121,2026-04-20 23:25:00,2026-04-20 23:30:00,2026-04-21,2026-04,Short,ZoneBirthResearch,5.0,5.375,False,False,Core,0,Normal,True,True,-32.25,-35.85,,Base:Stop|Runner:Stop,2026-W17,Observed
OPF-20260724-191525,20260421-0035-Short-1135,20260421-0030-BEAR-OBS-001134-Z001134-OC,2026-04-21 00:35:00,2026-04-21 00:40:00,2026-04-21,2026-04,Short,ObservationConfirm,16.75,17.5,False,False,Core,0,Normal,True,True,-102.0,-105.6,,Stop,2026-W17,Observed
OPF-20260724-191525,20260421-0200-Short-1152,20260421-0155-BEAR-OBS-001151-Z001151-OC,2026-04-21 02:00:00,2026-04-21 02:05:00,2026-04-21,2026-04,Short,ObservationConfirm,5.0,5.5,False,False,Core,0,Normal,True,True,-30.75,-34.35,,Stop,2026-W17,Observed
OPF-20260724-191525,20260421-0335-Long-1171,20260421-0330-BULL-OBS-001170-Z001170-OC,2026-04-21 03:35:00,2026-04-21 03:40:00,2026-04-21,2026-04,Long,ObservationConfirm,4.25,4.5,False,False,Core,0,Normal,True,True,-27.0,-30.6,,Stop,2026-W17,Observed
OPF-20260724-191525,20260421-0355-Long-1175,20260421-0350-BULL-OBS-001174-Z001174-OC,2026-04-21 03:55:00,2026-04-21 04:15:00,2026-04-21,2026-04,Long,ObservationConfirm,7.75,7.75,False,False,Core,0,Normal,True,True,70.5,66.9,,Target,2026-W17,Observed
OPF-20260724-191525,20260421-0430-Long-1182,20260421-0425-BULL-OBS-001181-Z001181-OC,2026-04-21 04:30:00,2026-04-21 04:55:00,2026-04-21,2026-04,Long,ObservationConfirm,5.5,5.5,False,False,Core,0,Normal,True,True,-34.5,-38.1,,Stop,2026-W17,Observed
OPF-20260724-191525,20260421-0510-Long-1190,20260421-0505-BULL-OBS-001189-Z001189-OC,2026-04-21 05:10:00,2026-04-21 05:35:00,2026-04-21,2026-04,Long,ObservationConfirm,12.0,12.0,False,False,Core,0,Normal,True,True,-63.0,-66.6,,Stop,2026-W17,Observed
OPF-20260724-191525,RELEASED|20260421-0535-BEAR-OBS-001195-Z001195-OC|ObservationConfirm,20260421-0535-BEAR-OBS-001195-Z001195-OC,2026-04-21 05:40:00,2026-04-21 06:00:00,2026-04-21,2026-04,Short,ObservationConfirm,8.5,8.5,False,False,ActiveTrade,1,Normal,True,True,0.0,-3.6,,ProtectBE,2026-W17,Observed
OPF-20260724-191525,20260421-0835-Long-1231,20260421-0830-BULL-OBS-001230-Z001230-OC,2026-04-21 08:35:00,2026-04-21 09:00:00,2026-04-21,2026-04,Long,ObservationConfirm,9.5,10.25,False,False,Core,0,Normal,True,True,123.0,119.4,,ProtectBE,2026-W17,Observed
OPF-20260724-191525,20260421-1000-Long-1248,20260421-0955-BULL-OBS-001247-Z001247-OC,2026-04-21 10:00:00,2026-04-21 10:35:00,2026-04-21,2026-04,Long,ObservationConfirm,7.0,9.5,False,False,Core,0,Normal,True,True,85.5,81.9,,Target,2026-W17,Observed
OPF-20260724-191723,20260421-2315-Long-1119,20260421-2310-BULL-OBS-001118-Z001117-OC,2026-04-21 23:15:00,2026-04-21 23:20:00,2026-04-22,2026-04,Long,ObservationConfirm,7.0,8.25,False,False,Core,0,Normal,True,True,-42.0,-45.6,,Stop,2026-W17,Observed
OPF-20260724-191723,20260422-0055-Short-1139,20260422-0050-BEAR-OBS-001138-Z001138-OC,2026-04-22 00:55:00,2026-04-22 01:00:00,2026-04-22,2026-04,Short,ObservationConfirm,10.75,10.75,False,False,Core,0,Normal,True,True,-63.75,-67.35,,Stop,2026-W17,Observed
OPF-20260724-191723,RELEASED|20260422-0145-BULL-OBS-001149-Z001148-OC-STR|ObservationStrict_Other,20260422-0145-BULL-OBS-001149-Z001148-OC-STR,2026-04-22 01:50:00,2026-04-22 02:30:00,2026-04-22,2026-04,Long,ObservationStrict_Other,12.0,12.0,False,False,ActiveTrade,1,Normal,True,True,0.0,-3.6,,ProtectBE,2026-W17,Observed
OPF-20260724-191723,20260422-0625-Long-1205,20260422-0615-BEAR-OBS-001203-Z001202-FR,2026-04-22 06:25:00,2026-04-22 07:35:00,2026-04-22,2026-04,Long,FailureReverse_ObservationInvalidated_WideStop1_5R,11.25,11.25,False,False,Core,0,Normal,True,True,202.5,198.9,,Target,2026-W17,Observed
OPF-20260724-191723,RELEASED|20260422-0730-BULL-OBS-001218-Z001218-OC|ObservationConfirm,20260422-0730-BULL-OBS-001218-Z001218-OC,2026-04-22 07:35:00,2026-04-22 07:40:00,2026-04-22,2026-04,Long,ObservationConfirm,4.75,4.75,False,False,ActiveTrade,1,Normal,True,True,-28.5,-32.1,,Stop,2026-W17,Observed
OPF-20260724-191723,20260422-0745-Long-1221,20260422-0740-BULL-OBS-001220-Z001218-OC-STR,2026-04-22 07:45:00,2026-04-22 07:55:00,2026-04-22,2026-04,Long,ObservationStrict_Other,8.0,8.0,False,False,Core,0,Normal,True,True,-49.5,-53.1,,Stop,2026-W17,Observed
OPF-20260724-191723,20260422-0825-Short-1229,20260422-0820-BEAR-OBS-001228-Z001228-OC,2026-04-22 08:25:00,2026-04-22 08:30:00,2026-04-22,2026-04,Short,ObservationConfirm,17.75,17.75,False,False,Core,0,Normal,True,True,157.5,153.9,,ProtectBE,2026-W17,Observed
OPF-20260724-191723,20260422-0850-Long-1234,20260422-0840-BEAR-OBS-001232-Z001231-FR,2026-04-22 08:50:00,2026-04-22 09:20:00,2026-04-22,2026-04,Long,FailureReverse_ObservationInvalidated,17.0,17.5,False,False,Core,0,Normal,True,True,261.0,257.4,,ProtectBE,2026-W17,Observed
OPF-20260724-191723,20260422-1300-Short-1284,20260422-1255-BEAR-OBS-001283-Z001282-OC,2026-04-22 13:00:00,2026-04-22 13:05:00,2026-04-22,2026-04,Short,ObservationConfirm,9.5,10.125,False,False,Core,0,Normal,True,True,-60.75,-64.35,,Stop,2026-W17,Observed
OPF-20260724-191723,20260422-1715-Long-1335,20260422-1710-BULL-OBS-001334-Z001334-OC-STR,2026-04-22 17:15:00,2026-04-22 18:15:00,2026-04-22,2026-04,Long,ObservationStrict_BullFresh_WideStop1_5R,21.75,22.5,False,False,Core,0,Normal,True,True,-135.0,-138.6,,ProtectBE,2026-W17,Observed
OPF-20260724-191916,RELEASED|20260422-2210-BEAR-OBS-001106-Z001105-OC|ObservationConfirm_WideStop1_5R,20260422-2210-BEAR-OBS-001106-Z001105-OC,2026-04-22 22:20:00,2026-04-22 22:55:00,2026-04-23,2026-04,Short,ObservationConfirm_WideStop1_5R,12.38,12.38,False,False,ActiveTrade,1,Normal,True,True,0.0,-3.6,,ProtectBE,2026-W17,Observed
OPF-20260724-191916,RELEASED|20260422-2315-BULL-OBS-001119-Z001119-OC|ObservationConfirm,20260422-2315-BULL-OBS-001119-Z001119-OC,2026-04-22 23:20:00,2026-04-23 00:00:00,2026-04-23,2026-04,Long,ObservationConfirm,8.75,8.75,False,False,ActiveTrade,1,Normal,True,True,-52.5,-56.1,,Stop,2026-W17,Observed
OPF-20260724-191916,20260423-0115-Short-1143,20260423-0115-BEAR-OBS-001143-Z001143,2026-04-23 01:15:00,2026-04-23 02:10:00,2026-04-23,2026-04,Short,ZoneBirthResearch,16.5,17.25,False,False,Core,0,Normal,True,True,310.5,306.9,,Base:Target|Runner:Target,2026-W17,Observed
OPF-20260724-191916,20260423-0340-Short-1172,20260423-0335-BEAR-OBS-001171-Z001171-OC,2026-04-23 03:40:00,2026-04-23 03:45:00,2026-04-23,2026-04,Short,ObservationConfirm,16.5,16.25,False,False,Core,0,Normal,True,True,-103.5,-107.1,,Stop,2026-W17,Observed
OPF-20260724-191916,20260423-0420-Long-1180,20260423-0415-BULL-OBS-001179-Z001179-OC,2026-04-23 04:20:00,2026-04-23 04:30:00,2026-04-23,2026-04,Long,ObservationConfirm,8.75,9.25,False,False,Core,0,Normal,True,True,123.75,120.15,,Target,2026-W17,Observed
OPF-20260724-191916,20260423-0440-Long-1184,20260423-0435-BULL-OBS-001183-Z001183-OC,2026-04-23 04:40:00,2026-04-23 04:55:00,2026-04-23,2026-04,Long,ObservationConfirm,9.25,8.25,False,False,Core,0,Normal,True,True,99.0,95.4,,ProtectBE,2026-W17,Observed
OPF-20260724-191916,20260423-0935-Short-1243,20260423-0930-BEAR-OBS-001242-Z001232-OC,2026-04-23 09:35:00,2026-04-23 09:40:00,2026-04-23,2026-04,Short,ObservationConfirm_WideStop1_5R,7.88,10.75,False,False,Core,0,Normal,True,True,-64.5,-68.1,,Stop,2026-W17,Observed
OPF-20260724-192114,20260424-0250-Short-1162,20260424-0250-BEAR-OBS-001162-Z001162,2026-04-24 02:50:00,2026-04-24 03:00:00,2026-04-24,2026-04,Short,ZoneBirthResearch,7.0,7.25,False,False,Core,0,Normal,True,True,-43.5,-47.1,,Base:Stop|Runner:Stop,2026-W17,Observed
OPF-20260724-192114,20260424-0325-Short-1169,20260424-0325-BEAR-BRK-001169-Z001169,2026-04-24 03:25:00,2026-04-24 04:40:00,2026-04-24,2026-04,Short,BreakawayFvg,17.75,18.75,False,False,Core,0,Normal,True,True,-112.5,-116.1,,ProtectBE,2026-W17,Observed
OPF-20260724-192114,20260424-0500-Long-1188,20260424-0455-BULL-OBS-001187-Z001186-OC,2026-04-24 05:00:00,2026-04-24 05:05:00,2026-04-24,2026-04,Long,ObservationConfirm,9.75,9.75,False,False,Core,0,Normal,True,True,-51.75,-55.35,,Stop,2026-W17,Observed
OPF-20260724-192114,20260424-0555-Long-1199,20260424-0550-BULL-OBS-001198-Z001198-OC,2026-04-24 05:55:00,2026-04-24 06:05:00,2026-04-24,2026-04,Long,ObservationConfirm,8.0,8.0,False,False,Core,0,Normal,True,True,69.0,65.4,,ProtectBE,2026-W17,Observed
OPF-20260724-192114,20260424-0630-Short-1206,20260424-0630-BEAR-OBS-001206-Z001206,2026-04-24 06:30:00,2026-04-24 06:35:00,2026-04-24,2026-04,Short,ZoneBirthResearch,3.5,3.5,False,False,Core,0,Normal,True,True,-21.0,-24.6,,Base:Stop|Runner:Stop,2026-W17,Observed
OPF-20260724-192114,20260424-0740-Short-1220,20260424-0740-BEAR-OBS-001220-Z001220,2026-04-24 07:40:00,2026-04-24 07:45:00,2026-04-24,2026-04,Short,ZoneBirthResearch,3.0,3.75,False,False,Core,0,Normal,True,True,-22.5,-26.1,,Base:Stop|Runner:Stop,2026-W17,Observed
OPF-20260724-192114,RELEASED|20260424-0745-BEAR-OBS-001221-Z001219-OC|ObservationConfirm,20260424-0745-BEAR-OBS-001221-Z001219-OC,2026-04-24 07:50:00,2026-04-24 07:55:00,2026-04-24,2026-04,Short,ObservationConfirm,8.0,8.0,False,False,ActiveTrade,1,Normal,True,True,-48.0,-51.6,,Stop,2026-W17,Observed
OPF-20260724-192114,20260424-0945-Long-1245,20260424-0940-BULL-OBS-001244-Z001244-OC,2026-04-24 09:45:00,2026-04-24 09:50:00,2026-04-24,2026-04,Long,ObservationConfirm,11.0,11.0,False,False,Core,0,Normal,True,True,-66.0,-69.6,,Stop,2026-W17,Observed
OPF-20260724-192114,20260424-2000-Long-1368,20260424-1955-BULL-OBS-001367-Z001367-OC,2026-04-24 20:00:00,2026-04-24 20:05:00,2026-04-24,2026-04,Long,ObservationConfirm,9.25,9.25,False,False,Core,0,Quarantine,False,False,0.0,-3.6,,Stop,2026-W17,Observed
OPF-20260724-192312,20260426-2335-Short-1123,20260426-2330-BEAR-OBS-001122-Z001122-OC,2026-04-26 23:35:00,2026-04-26 23:40:00,2026-04-27,2026-04,Short,ObservationConfirm,11.25,10.75,False,False,Core,0,Normal,True,True,-64.5,-68.1,,Stop,2026-W18,Observed
OPF-20260724-192312,20260427-0410-Short-1178,20260427-0405-BEAR-OBS-001177-Z001177-OC,2026-04-27 04:10:00,2026-04-27 04:15:00,2026-04-27,2026-04,Short,ObservationConfirm,9.75,10.25,False,False,Core,0,Normal,True,True,-65.25,-68.85,,Stop,2026-W18,Observed
OPF-20260724-192312,20260427-0430-Long-1182,20260427-0425-BULL-OBS-001181-Z001181-OC,2026-04-27 04:30:00,2026-04-27 04:50:00,2026-04-27,2026-04,Long,ObservationConfirm,9.25,8.0,False,False,Core,0,Normal,True,True,-48.0,-51.6,,ProtectBE,2026-W18,Observed
OPF-20260724-192312,RELEASED|20260427-0450-BEAR-OBS-001186-Z001186|ZoneBirthResearch,20260427-0450-BEAR-OBS-001186-Z001186,2026-04-27 04:50:00,2026-04-27 05:00:00,2026-04-27,2026-04,Short,ZoneBirthResearch,5.75,5.75,False,False,ActiveTrade,1,Normal,True,True,103.5,99.9,,Base:Target|Runner:Target,2026-W18,Observed
OPF-20260724-192312,20260427-0530-Short-1194,20260427-0530-BEAR-OBS-001194-Z001194,2026-04-27 05:30:00,2026-04-27 06:15:00,2026-04-27,2026-04,Short,ZoneBirthResearch,7.75,7.75,False,False,Core,0,Normal,True,True,139.5,135.9,,Base:Target|Runner:Target,2026-W18,Observed
OPF-20260724-192312,20260427-0850-Long-1233,20260427-0845-BULL-OBS-001232-Z001232-OC,2026-04-27 08:50:00,2026-04-27 09:45:00,2026-04-27,2026-04,Long,ObservationConfirm,9.25,9.75,False,False,Core,0,Normal,True,True,114.0,110.4,,Target,2026-W18,Observed
OPF-20260724-192312,20260427-1045-Long-1256,20260427-1040-BULL-OBS-001255-Z001255-OC,2026-04-27 10:45:00,2026-04-27 11:10:00,2026-04-27,2026-04,Long,ObservationConfirm,6.25,6.25,False,False,Core,0,Normal,True,True,54.0,50.4,,Target,2026-W18,Observed
OPF-20260724-192312,RELEASED|20260427-1135-BEAR-OBS-001266-Z001266-OC|ObservationConfirm,20260427-1135-BEAR-OBS-001266-Z001266-OC,2026-04-27 11:40:00,2026-04-27 11:45:00,2026-04-27,2026-04,Short,ObservationConfirm,7.5,7.5,False,False,ActiveTrade,1,Normal,True,True,-45.0,-48.6,,Stop,2026-W18,Observed
OPF-20260724-192312,20260427-1925-Long-1360,20260427-1920-BULL-OBS-001359-Z001359-OC,2026-04-27 19:25:00,2026-04-27 19:35:00,2026-04-27,2026-04,Long,ObservationConfirm,7.75,8.0,False,False,Core,0,Normal,True,True,72.0,68.4,,ProtectBE,2026-W18,Observed
OPF-20260724-192312,20260427-1955-Long-1366,20260427-1950-BULL-OBS-001365-Z001365-OC,2026-04-27 19:55:00,2026-04-27 20:10:00,2026-04-27,2026-04,Long,ObservationConfirm_WideStop1_5R,22.88,23.25,False,False,Core,0,Normal,True,True,-138.75,-142.35,,Stop,2026-W18,Observed
OPF-20260724-192509,20260427-2250-Short-1113,20260427-2250-BEAR-OBS-001113-Z001113,2026-04-27 22:50:00,2026-04-27 23:15:00,2026-04-28,2026-04,Short,ZoneBirthResearch,4.25,4.75,False,False,Core,0,Normal,True,True,-28.5,-32.1,,Base:Stop|Runner:Stop,2026-W18,Observed
OPF-20260724-192509,20260427-2325-Long-1120,20260427-2320-BULL-OBS-001119-Z001119-OC,2026-04-27 23:25:00,2026-04-27 23:35:00,2026-04-28,2026-04,Long,ObservationConfirm,7.0,6.75,False,False,Core,0,Normal,True,True,58.5,54.9,,ProtectBE,2026-W18,Observed
OPF-20260724-192509,20260427-2350-Short-1125,20260427-2350-BEAR-OBS-001125-Z001125,2026-04-27 23:50:00,2026-04-28 00:00:00,2026-04-28,2026-04,Short,ZoneBirthResearch,5.0,5.75,False,False,Core,0,Normal,True,True,-34.5,-38.1,,Base:Stop|Runner:Stop,2026-W18,Observed
OPF-20260724-192509,20260428-0050-Short-1137,20260428-0040-BEAR-OBS-001135-Z001133-OC,2026-04-28 00:50:00,2026-04-28 00:55:00,2026-04-28,2026-04,Short,ObservationConfirm,7.75,8.0,False,False,Core,0,Normal,True,True,82.5,78.9,,ProtectBE,2026-W18,Observed
OPF-20260724-192509,RELEASED|20260428-0045-BULL-OBS-001136-Z001136-FR|FailureReverse_ObservationInvalidated_WideStop1_5R,20260428-0045-BULL-OBS-001136-Z001136-FR,2026-04-28 00:55:00,2026-04-28 01:25:00,2026-04-28,2026-04,Short,FailureReverse_ObservationInvalidated_WideStop1_5R,9.38,9.38,False,False,ActiveTrade,1,Normal,True,True,0.0,-3.6,,ProtectBE,2026-W18,Observed
OPF-20260724-192509,20260428-0240-Short-1159,20260428-0235-BEAR-OBS-001158-Z001158-OC,2026-04-28 02:40:00,2026-04-28 03:25:00,2026-04-28,2026-04,Short,ObservationConfirm,16.25,16.5,False,False,Core,0,Normal,True,True,-102.0,-105.6,,ProtectBE,2026-W18,Observed
OPF-20260724-192509,20260428-0335-Long-1170,20260428-0330-BULL-OBS-001169-Z001169-OC,2026-04-28 03:35:00,2026-04-28 03:40:00,2026-04-28,2026-04,Long,ObservationConfirm,9.5,9.0,False,False,Core,0,Normal,True,True,-53.25,-56.85,,Stop,2026-W18,Observed
OPF-20260724-192509,20260428-0650-Short-1209,20260428-0645-BEAR-OBS-001208-Z001208-OC,2026-04-28 06:50:00,2026-04-28 07:00:00,2026-04-28,2026-04,Short,ObservationConfirm,11.0,11.5,False,False,Core,0,Normal,True,True,-67.5,-71.1,,ProtectBE,2026-W18,Observed
OPF-20260724-192509,20260428-0730-Short-1217,20260428-0720-BEAR-SHD-001215-Z001208,2026-04-28 07:30:00,2026-04-28 07:35:00,2026-04-28,2026-04,Short,ShadowCandidate,9.75,11.0,False,False,Core,0,Normal,True,True,-65.25,-68.85,,Stop,2026-W18,Observed
OPF-20260724-192509,20260428-0835-Long-1230,20260428-0830-BULL-OBS-001229-Z001229-OC,2026-04-28 08:35:00,2026-04-28 08:40:00,2026-04-28,2026-04,Long,ObservationConfirm,9.5,11.25,False,False,Core,0,Normal,True,True,-69.0,-72.6,,Stop,2026-W18,Observed
OPF-20260724-192707,20260428-2220-Short-1107,20260428-2220-BEAR-OBS-001107-Z001107,2026-04-28 22:20:00,2026-04-28 22:35:00,2026-04-29,2026-04,Short,ZoneBirthResearch,6.0,7.25,False,False,Core,0,Normal,True,True,-43.5,-47.1,,Base:Stop|Runner:Stop,2026-W18,Observed
OPF-20260724-192707,20260428-2250-Long-1113,20260428-2240-BULL-OBS-001111-Z001110-OC,2026-04-28 22:50:00,2026-04-28 23:00:00,2026-04-29,2026-04,Long,ObservationConfirm,2.25,2.25,False,False,Core,0,Normal,True,True,19.5,15.9,,ProtectBE,2026-W18,Observed
OPF-20260724-192707,20260428-2325-Long-1120,20260428-2320-BULL-OBS-001119-Z001119-OC,2026-04-28 23:25:00,2026-04-28 23:30:00,2026-04-29,2026-04,Long,ObservationConfirm,4.0,4.0,False,False,Core,0,Normal,True,True,33.0,29.4,,Target,2026-W18,Observed
OPF-20260724-192707,20260429-0035-Short-1134,20260429-0030-BULL-OBS-001133-Z001132-FR,2026-04-29 00:35:00,2026-04-29 00:55:00,2026-04-29,2026-04,Short,FailureReverse_ObservationInvalidated_WideStop1_5R,9.75,9.75,False,False,Core,0,Normal,True,True,175.5,171.9,,Target,2026-W18,Observed
OPF-20260724-192707,20260429-0145-Long-1148,20260429-0140-BULL-OBS-001147-Z001147-OC,2026-04-29 01:45:00,2026-04-29 01:50:00,2026-04-29,2026-04,Long,ObservationConfirm,7.5,7.25,False,False,Core,0,Normal,True,True,-43.5,-47.1,,Stop,2026-W18,Observed
OPF-20260724-192707,RELEASED|20260429-0150-BULL-OBS-001149-Z001146-OC|ObservationConfirm,20260429-0150-BULL-OBS-001149-Z001146-OC,2026-04-29 01:55:00,2026-04-29 02:05:00,2026-04-29,2026-04,Long,ObservationConfirm,10.5,10.5,False,False,ActiveTrade,1,Normal,True,True,0.0,-3.6,,ProtectBE,2026-W18,Observed
OPF-20260724-192707,20260429-0235-Short-1158,20260429-0235-BEAR-OBS-001158-Z001158,2026-04-29 02:35:00,2026-04-29 02:45:00,2026-04-29,2026-04,Short,ZoneBirthResearch,7.0,8.0,False,False,Core,0,Normal,True,True,-48.0,-51.6,,Base:Stop|Runner:Stop,2026-W18,Observed
OPF-20260724-192707,20260429-0255-Long-1162,20260429-0250-BULL-OBS-001161-Z001161-OC,2026-04-29 02:55:00,2026-04-29 03:10:00,2026-04-29,2026-04,Long,ObservationConfirm,10.25,11.5,False,False,Core,0,Normal,True,True,138.0,134.4,,Target,2026-W18,Observed
OPF-20260724-192707,20260429-0315-Long-1166,20260429-0310-BULL-OBS-001165-Z001165-OC,2026-04-29 03:15:00,2026-04-29 03:45:00,2026-04-29,2026-04,Long,ObservationConfirm,9.25,9.25,False,False,Core,0,Normal,True,True,-54.0,-57.6,,Stop,2026-W18,Observed
OPF-20260724-192707,20260429-0410-Long-1177,20260429-0405-BULL-OBS-001176-Z001176-OC,2026-04-29 04:10:00,2026-04-29 04:55:00,2026-04-29,2026-04,Long,ObservationConfirm,9.0,9.5,False,False,Core,0,Normal,True,True,-51.0,-54.6,,ProtectBE,2026-W18,Observed
OPF-20260724-192905,20260429-2305-Short-1116,20260429-2250-BULL-OBS-001113-Z001113-FR-RT,2026-04-29 23:05:00,2026-04-29 23:25:00,2026-04-30,2026-04,Short,FailureReverse_RetestFailed_WideStop1_5R,19.12,19.25,False,False,Core,0,Normal,True,True,-115.5,-119.1,,Stop,2026-W18,Observed
OPF-20260724-192905,20260430-0040-Long-1135,20260430-0035-BULL-OBS-001134-Z001134-OC,2026-04-30 00:40:00,2026-04-30 00:50:00,2026-04-30,2026-04,Long,ObservationConfirm,10.75,10.75,False,False,Core,0,Normal,True,True,-64.5,-68.1,,ProtectBE,2026-W18,Observed
OPF-20260724-192905,20260430-0105-Short-1140,20260430-0105-BEAR-OBS-001140-Z001140,2026-04-30 01:05:00,2026-04-30 01:30:00,2026-04-30,2026-04,Short,ZoneBirthResearch,12.5,12.25,False,False,Core,0,Normal,True,True,-73.5,-77.1,,Base:Stop|Runner:Stop,2026-W18,Observed
OPF-20260724-192905,20260430-0225-Short-1156,20260430-0225-BEAR-BRK-001156-Z001156,2026-04-30 02:25:00,2026-04-30 02:30:00,2026-04-30,2026-04,Short,BreakawayFvg,28.25,29.25,False,False,Core,0,Normal,True,True,351.0,347.4,,Target,2026-W18,Observed
OPF-20260724-192905,20260430-0315-Short-1166,20260430-0315-BEAR-OBS-001166-Z001166,2026-04-30 03:15:00,2026-04-30 03:30:00,2026-04-30,2026-04,Short,ZoneBirthResearch,8.0,8.75,False,False,Core,0,Normal,True,True,-52.5,-56.1,,Base:Stop|Runner:Stop,2026-W18,Observed
OPF-20260724-192905,20260430-0950-Short-1245,20260430-0945-BEAR-OBS-001244-Z001244-OC,2026-04-30 09:50:00,2026-04-30 09:55:00,2026-04-30,2026-04,Short,ObservationConfirm,19.75,19.5,False,False,Core,0,Normal,True,True,-114.75,-118.35,,Stop,2026-W18,Observed
OPF-20260724-192905,20260430-1135-Long-1266,20260430-1130-BULL-OBS-001265-Z001265-OC-STR,2026-04-30 11:35:00,2026-04-30 11:40:00,2026-04-30,2026-04,Long,ObservationStrict_BullFresh_WideStop1_5R,20.25,20.25,False,False,Core,0,Normal,True,True,-126.0,-129.6,,Stop,2026-W18,Observed
OPF-20260724-192905,20260430-1815-Long-1346,20260430-1810-BULL-OBS-001345-Z001344-OC-STR,2026-04-30 18:15:00,2026-04-30 18:50:00,2026-04-30,2026-04,Long,ObservationStrict_Other,20.5,20.25,False,False,Core,0,Normal,True,True,-110.25,-113.85,,ProtectBE,2026-W18,Observed
OPF-20260724-193102,RELEASED|20260430-2255-BEAR-OBS-001114-Z001114|ZoneBirthResearch,20260430-2255-BEAR-OBS-001114-Z001114,2026-04-30 22:55:00,2026-04-30 23:05:00,2026-05-01,2026-05,Short,ZoneBirthResearch,12.75,12.75,False,False,ActiveTrade,1,Normal,True,True,-76.5,-80.1,,Base:Stop|Runner:Stop,2026-W18,Observed
OPF-20260724-193102,20260501-0055-Short-1138,20260501-0055-BEAR-OBS-001138-Z001138,2026-05-01 00:55:00,2026-05-01 01:05:00,2026-05-01,2026-05,Short,ZoneBirthResearch,7.75,7.5,False,False,Core,0,Normal,True,True,-45.0,-48.6,,Base:Stop|Runner:Stop,2026-W18,Observed
OPF-20260724-193102,RELEASED|20260501-0225-BEAR-OBS-001156-Z001156|ZoneBirthResearch,20260501-0225-BEAR-OBS-001156-Z001156,2026-05-01 02:25:00,2026-05-01 02:55:00,2026-05-01,2026-05,Short,ZoneBirthResearch,6.25,6.25,False,False,ActiveTrade,1,Normal,True,True,-37.5,-41.1,,Base:Stop|Runner:Stop,2026-W18,Observed
OPF-20260724-193102,20260501-0345-Short-1172,20260501-0345-BEAR-OBS-001172-Z001172,2026-05-01 03:45:00,2026-05-01 06:35:00,2026-05-01,2026-05,Short,ZoneBirthResearch,7.75,9.25,False,False,Core,0,Abnormal,False,False,166.5,162.9,,Base:Target|Runner:Target,2026-W18,Observed
OPF-20260724-193102,20260501-0640-Short-1207,20260501-0640-BEAR-OBS-001207-Z001207,2026-05-01 06:40:00,2026-05-01 06:45:00,2026-05-01,2026-05,Short,ZoneBirthResearch,3.25,2.0,False,False,Core,0,Normal,True,True,36.0,32.4,,Base:Target|Runner:Target,2026-W18,Observed
OPF-20260724-193102,RELEASED|20260501-0640-BEAR-OBS-001207-Z001207-OC|ObservationConfirm,20260501-0640-BEAR-OBS-001207-Z001207-OC,2026-05-01 06:45:00,2026-05-01 07:05:00,2026-05-01,2026-05,Short,ObservationConfirm,8.0,8.0,False,False,ActiveTrade,1,Normal,True,True,-48.0,-51.6,,Stop,2026-W18,Observed
OPF-20260724-193102,20260501-0725-Short-1216,20260501-0725-BEAR-OBS-001216-Z001216,2026-05-01 07:25:00,2026-05-01 07:55:00,2026-05-01,2026-05,Short,ZoneBirthResearch,6.5,6.625,False,False,Core,0,Normal,True,True,119.25,115.65,,Base:Target|Runner:Target,2026-W18,Observed
OPF-20260724-193102,20260501-0840-Short-1231,20260501-0835-BEAR-OBS-001230-Z001230-OC,2026-05-01 08:40:00,2026-05-01 10:35:00,2026-05-01,2026-05,Short,ObservationConfirm,16.75,17.0,False,False,Core,0,Normal,True,True,160.5,156.9,,ProtectBE,2026-W18,Observed
OPF-20260724-193102,20260501-1040-Short-1255,20260501-1040-BEAR-OBS-001255-Z001255,2026-05-01 10:40:00,2026-05-01 10:45:00,2026-05-01,2026-05,Short,ZoneBirthResearch,7.75,8.0,False,False,Core,0,Normal,True,True,-48.0,-51.6,,Base:Stop|Runner:Stop,2026-W18,Observed
OPF-20260724-193102,20260501-1110-Short-1261,20260501-1110-BEAR-BRK-001261-Z001261,2026-05-01 11:10:00,2026-05-01 11:15:00,2026-05-01,2026-05,Short,BreakawayFvg,10.5,11.5,False,False,Core,0,Normal,True,True,-69.0,-72.6,,Stop,2026-W18,Observed
OPF-20260724-193102,RELEASED|20260501-1750-BULL-OBS-001341-Z001340-OC-STR|ObservationStrict_Other,20260501-1750-BULL-OBS-001341-Z001340-OC-STR,2026-05-01 17:55:00,2026-05-01 18:00:00,2026-05-01,2026-05,Long,ObservationStrict_Other,5.5,5.5,False,False,DailyTradeLimit,1,Normal,True,True,-33.0,-36.6,,Stop,2026-W18,Observed
OPF-20260724-193256,20260503-2225-Short-1109,20260503-2225-BEAR-OBS-001109-Z001109,2026-05-03 22:25:00,2026-05-03 22:45:00,2026-05-04,2026-05,Short,ZoneBirthResearch,17.25,17.25,False,False,Core,0,Normal,True,True,-103.5,-107.1,,Base:Stop|Runner:Stop,2026-W19,Observed
OPF-20260724-193256,20260503-2305-Short-1117,20260503-2300-BEAR-SHD-001116-Z001109,2026-05-03 23:05:00,2026-05-04 00:00:00,2026-05-04,2026-05,Short,ShadowCandidate,18.5,18.5,False,False,Core,0,Normal,True,True,-121.5,-125.1,,ProtectBE,2026-W19,Observed
OPF-20260724-193256,20260504-0050-Long-1138,20260504-0045-BULL-OBS-001137-Z001137-OC,2026-05-04 00:50:00,2026-05-04 01:30:00,2026-05-04,2026-05,Long,ObservationConfirm_WideStop1_5R,22.12,22.5,False,False,Core,0,Normal,True,True,202.5,198.9,,ProtectBE,2026-W19,Observed
OPF-20260724-193256,20260504-0155-Long-1151,20260504-0150-BULL-OBS-001150-Z001150-OC,2026-05-04 01:55:00,2026-05-04 02:00:00,2026-05-04,2026-05,Long,ObservationConfirm,11.0,11.0,False,False,Core,0,Normal,True,True,-66.0,-69.6,,Stop,2026-W19,Observed
OPF-20260724-193256,20260504-0300-Long-1164,20260504-0300-BULL-PB-001164-Z001163,2026-05-04 03:00:00,2026-05-04 03:30:00,2026-05-04,2026-05,Long,AlmostConfirmed,20.5,20.75,False,False,Core,0,Quarantine,False,False,0.0,-3.6,,Stop,2026-W19,Observed
OPF-20260724-193256,20260504-0655-Long-1211,20260504-0650-BULL-OBS-001210-Z001210-OC,2026-05-04 06:55:00,2026-05-04 07:00:00,2026-05-04,2026-05,Long,ObservationConfirm,8.75,11.0,False,False,Core,0,Normal,True,True,-66.0,-69.6,,Stop,2026-W19,Observed
OPF-20260724-193256,20260504-0830-Short-1230,20260504-0825-BEAR-OBS-001229-Z001224-OC,2026-05-04 08:30:00,2026-05-04 09:30:00,2026-05-04,2026-05,Short,ObservationConfirm,17.0,17.0,False,False,Core,0,Normal,True,True,-102.0,-105.6,,ProtectBE,2026-W19,Observed
OPF-20260724-193256,20260504-1935-Short-1363,20260504-1930-BEAR-OBS-001362-Z001347-OC,2026-05-04 19:35:00,2026-05-04 19:55:00,2026-05-04,2026-05,Short,ObservationConfirm,18.0,18.0,False,False,Core,0,Normal,True,True,162.0,158.4,,ProtectBE,2026-W19,Observed
OPF-20260724-193256,20260504-2045-Short-1377,20260504-2040-BEAR-OBS-001376-Z001376-OC,2026-05-04 20:45:00,2026-05-04 20:50:00,2026-05-04,2026-05,Short,ObservationConfirm,8.75,8.75,False,False,Core,0,Normal,True,True,16.5,12.9,,GlobexCloseout,2026-W19,Observed
OPF-20260724-193509,RELEASED|20260504-2235-BEAR-OBS-001111-Z001111-OC|ObservationConfirm_WideStop1_5R,20260504-2235-BEAR-OBS-001111-Z001111-OC,2026-05-04 22:40:00,2026-05-05 00:00:00,2026-05-05,2026-05,Short,ObservationConfirm_WideStop1_5R,19.5,19.5,False,False,ActiveTrade,1,Normal,True,True,0.0,-3.6,,ProtectBE,2026-W19,Observed
OPF-20260724-193509,20260505-0025-Short-1133,20260505-0020-BEAR-OBS-001132-Z001132-OC,2026-05-05 00:25:00,2026-05-05 00:30:00,2026-05-05,2026-05,Short,ObservationConfirm,19.0,19.25,False,False,Core,0,Normal,True,True,-126.0,-129.6,,Stop,2026-W19,Observed
OPF-20260724-193509,20260505-0105-Long-1141,20260505-0100-BULL-OBS-001140-Z001139-OC,2026-05-05 01:05:00,2026-05-05 01:10:00,2026-05-05,2026-05,Long,ObservationConfirm,10.25,11.5,False,False,Core,0,Normal,True,True,138.0,134.4,,Target,2026-W19,Observed
OPF-20260724-193509,DEFERRED|20260505-0055-BULL-OBS-001139-Z001139-OC|ObservationConfirm,20260505-0055-BULL-OBS-001139-Z001139-OC,2026-05-05 01:15:00,2026-05-05 01:25:00,2026-05-05,2026-05,Long,ObservationConfirm,10.25,10.25,False,False,DeferredContinuation,2,Normal,True,True,0.0,-3.6,20260505-0105-Long-1141,Stop,2026-W19,Observed
OPF-20260724-193509,20260505-0125-Long-1145,20260505-0125-BULL-PB-001145-Z001143,2026-05-05 01:25:00,2026-05-05 02:25:00,2026-05-05,2026-05,Long,AlmostConfirmed,12.5,13.25,False,False,Core,0,Normal,True,True,198.0,194.4,,ProtectBE,2026-W19,Observed
OPF-20260724-193509,20260505-0335-Long-1171,20260505-0330-BULL-OBS-001170-Z001170-OC,2026-05-05 03:35:00,2026-05-05 03:55:00,2026-05-05,2026-05,Long,ObservationConfirm,7.25,7.5,False,False,Core,0,Normal,True,True,63.0,59.4,,ProtectBE,2026-W19,Observed
OPF-20260724-193509,DEFERRED|20260505-0335-BULL-OBS-001171-Z001170-OC|ObservationConfirm,20260505-0335-BULL-OBS-001171-Z001170-OC,2026-05-05 04:00:00,2026-05-05 04:00:00,2026-05-05,2026-05,Long,ObservationConfirm,4.75,4.75,False,False,DeferredContinuation,2,Normal,True,True,85.5,81.9,20260505-0335-Long-1171,Target,2026-W19,Observed
OPF-20260724-193509,20260505-0420-Short-1180,20260505-0415-BEAR-OBS-001179-Z001179-OC,2026-05-05 04:20:00,2026-05-05 04:30:00,2026-05-05,2026-05,Short,ObservationConfirm,6.0,6.75,False,False,Core,0,Normal,True,True,55.5,51.9,,ProtectBE,2026-W19,Observed
OPF-20260724-193509,DEFERRED|20260505-0405-BULL-OBS-001177-Z001177-FR-RT|FailureReverse_RetestFailed,20260505-0405-BULL-OBS-001177-Z001177-FR-RT,2026-05-05 04:35:00,2026-05-05 04:45:00,2026-05-05,2026-05,Short,FailureReverse_RetestFailed,9.25,9.25,False,False,DeferredContinuation,2,Normal,True,True,-55.5,-59.1,20260505-0420-Short-1180,Stop,2026-W19,Observed
OPF-20260724-193509,20260505-0505-Short-1189,20260505-0500-BEAR-OBS-001188-Z001188-OC,2026-05-05 05:05:00,2026-05-05 05:10:00,2026-05-05,2026-05,Short,ObservationConfirm,10.0,10.5,False,False,Core,0,Normal,True,True,-63.75,-67.35,,Stop,2026-W19,Observed
OPF-20260724-193708,20260506-0110-Long-1142,20260506-0105-BULL-OBS-001141-Z001141-OC,2026-05-06 01:10:00,2026-05-06 01:15:00,2026-05-06,2026-05,Long,ObservationConfirm,9.0,9.375,False,False,Core,0,Normal,True,True,-53.25,-56.85,,Stop,2026-W19,Observed
OPF-20260724-193708,20260506-0230-Short-1158,20260506-0230-BEAR-OBS-001158-Z001158,2026-05-06 02:30:00,2026-05-06 02:45:00,2026-05-06,2026-05,Short,ZoneBirthResearch,4.75,5.25,False,False,Core,0,Normal,True,True,52.5,48.9,,Base:Target|Runner:ProtectBE,2026-W19,Observed
OPF-20260724-193708,DEFERRED|20260506-0230-BEAR-OBS-001158-Z001158-OC|ObservationConfirm,20260506-0230-BEAR-OBS-001158-Z001158-OC,2026-05-06 02:50:00,2026-05-06 03:00:00,2026-05-06,2026-05,Short,ObservationConfirm,16.25,16.25,False,False,DeferredContinuation,2,Normal,True,True,-97.5,-101.1,20260506-0230-Short-1158,Stop,2026-W19,Observed
OPF-20260724-193708,20260506-0355-Short-1175,20260506-0350-BEAR-OBS-001174-Z001174-OC,2026-05-06 03:55:00,2026-05-06 04:00:00,2026-05-06,2026-05,Short,ObservationConfirm,8.0,8.25,False,False,Core,0,Normal,True,True,-51.0,-54.6,,Stop,2026-W19,Observed
OPF-20260724-193708,RELEASED|20260506-0355-BEAR-OBS-001175-Z001174-FR|FailureReverse_ObservationInvalidated_WideStop1_5R,20260506-0355-BEAR-OBS-001175-Z001174-FR,2026-05-06 04:05:00,2026-05-06 04:10:00,2026-05-06,2026-05,Long,FailureReverse_ObservationInvalidated_WideStop1_5R,7.12,7.12,False,False,ActiveTrade,1,Normal,True,True,-42.72,-46.32,,Stop,2026-W19,Observed
OPF-20260724-193708,RELEASED|20260506-0545-BULL-OBS-001197-Z001197-OC|ObservationConfirm,20260506-0545-BULL-OBS-001197-Z001197-OC,2026-05-06 05:50:00,2026-05-06 06:00:00,2026-05-06,2026-05,Long,ObservationConfirm,6.25,6.25,False,False,ActiveTrade,1,Normal,True,True,112.5,108.9,,Target,2026-W19,Observed
OPF-20260724-193708,20260506-0820-Short-1228,20260506-0820-BEAR-OBS-001228-Z001228,2026-05-06 08:20:00,2026-05-06 08:30:00,2026-05-06,2026-05,Short,ZoneBirthResearch,5.75,6.0,False,False,Core,0,Normal,True,True,-36.0,-39.6,,Base:Stop|Runner:Stop,2026-W19,Observed
OPF-20260724-193708,20260506-0845-Long-1233,20260506-0840-BULL-OBS-001232-Z001232-OC,2026-05-06 08:45:00,2026-05-06 08:50:00,2026-05-06,2026-05,Long,ObservationConfirm,8.5,7.875,False,False,Core,0,Normal,True,True,84.75,81.15,,Target,2026-W19,Observed
OPF-20260724-193906,RELEASED|20260506-2330-BEAR-OBS-001122-Z001122|ZoneBirthResearch,20260506-2330-BEAR-OBS-001122-Z001122,2026-05-06 23:30:00,2026-05-06 23:45:00,2026-05-07,2026-05,Short,ZoneBirthResearch,6.5,6.5,False,False,ActiveTrade,1,Normal,True,True,-39.0,-42.6,,Base:Stop|Runner:Stop,2026-W19,Observed
OPF-20260724-193906,20260507-0025-Short-1133,20260507-0020-BEAR-OBS-001132-Z001132-OC,2026-05-07 00:25:00,2026-05-07 01:10:00,2026-05-07,2026-05,Short,ObservationConfirm,19.5,20.25,False,False,Core,0,Normal,True,True,-121.5,-125.1,,Stop,2026-W19,Observed
OPF-20260724-194101,20260507-2330-Long-1122,20260507-2325-BULL-OBS-001121-Z001121-OC,2026-05-07 23:30:00,2026-05-07 23:45:00,2026-05-08,2026-05,Long,ObservationConfirm,10.0,11.75,False,False,Core,0,Normal,True,True,142.5,138.9,,Target,2026-W19,Observed
OPF-20260724-194101,20260508-0225-Short-1157,20260508-0220-BEAR-OBS-001156-Z001156-OC,2026-05-08 02:25:00,2026-05-08 02:30:00,2026-05-08,2026-05,Short,ObservationConfirm,6.5,6.5,False,False,Core,0,Normal,True,True,-40.5,-44.1,,Stop,2026-W19,Observed
OPF-20260724-194101,20260508-0400-Long-1176,20260508-0355-BULL-OBS-001175-Z001175-OC,2026-05-08 04:00:00,2026-05-08 04:10:00,2026-05-08,2026-05,Long,ObservationConfirm,10.25,10.0,False,False,Core,0,Normal,True,True,-60.0,-63.6,,ProtectBE,2026-W19,Observed
OPF-20260724-194101,20260508-0455-Long-1187,20260508-0450-BULL-OBS-001186-Z001186-OC,2026-05-08 04:55:00,2026-05-08 05:25:00,2026-05-08,2026-05,Long,ObservationConfirm,8.75,10.0,False,False,Core,0,Normal,True,True,120.0,116.4,,ProtectBE,2026-W19,Observed
OPF-20260724-194101,RELEASED|20260508-0520-BULL-BRT-001192-Z001192|BreakawayRetest,20260508-0520-BULL-BRT-001192-Z001192,2026-05-08 05:25:00,2026-05-08 05:30:00,2026-05-08,2026-05,Long,BreakawayRetest,7.5,7.5,False,False,ActiveTrade,1,Normal,True,True,135.0,131.4,,Target,2026-W19,Observed
OPF-20260724-194101,DEFERRED|20260508-0525-BULL-PB-001193-Z001192|AlmostConfirmed,20260508-0525-BULL-PB-001193-Z001192,2026-05-08 05:30:00,2026-05-08 05:30:00,2026-05-08,2026-05,Long,AlmostConfirmed,7.5,7.5,False,False,DeferredContinuation,2,Normal,True,True,135.0,131.4,20260508-0455-Long-1187,Target,2026-W19,Observed
OPF-20260724-194101,20260508-0540-Long-1196,20260508-0535-BULL-OBS-001195-Z001195-OC,2026-05-08 05:40:00,2026-05-08 05:55:00,2026-05-08,2026-05,Long,ObservationConfirm,11.25,11.5,False,False,Core,0,Normal,True,True,-69.0,-72.6,,Stop,2026-W19,Observed
OPF-20260724-194101,DEFERRED|20260508-0540-BULL-OBS-001196-Z001195-OC|ObservationConfirm,20260508-0540-BULL-OBS-001196-Z001195-OC,2026-05-08 06:00:00,2026-05-08 06:00:00,2026-05-08,2026-05,Long,ObservationConfirm,7.5,7.5,False,False,DeferredContinuation,2,Normal,True,True,-45.0,-48.6,20260508-0540-Long-1196,Stop,2026-W19,Observed
OPF-20260724-194101,20260508-0810-Long-1226,20260508-0805-BULL-OBS-001225-Z001225-OC,2026-05-08 08:10:00,2026-05-08 09:00:00,2026-05-08,2026-05,Long,ObservationConfirm_WideStop1_5R,22.88,23.25,False,False,Core,0,Normal,True,True,207.0,203.4,,ProtectBE,2026-W19,Observed
OPF-20260724-194101,20260508-0915-Long-1239,20260508-0910-BULL-OBS-001238-Z001238-OC,2026-05-08 09:15:00,2026-05-08 09:25:00,2026-05-08,2026-05,Long,ObservationConfirm,9.0,10.25,False,False,Core,0,Normal,True,True,-60.0,-63.6,,ProtectBE,2026-W19,Observed
OPF-20260724-194259,20260510-2335-Short-1123,20260510-2325-BULL-OBS-001121-Z001117-FR,2026-05-10 23:35:00,2026-05-10 23:40:00,2026-05-11,2026-05,Short,FailureReverse_ObservationInvalidated_WideStop1_5R,10.88,11.75,False,False,Core,0,Normal,True,True,-73.5,-77.1,,Stop,2026-W20,Observed
OPF-20260724-194259,20260511-0125-Long-1145,20260511-0120-BULL-OBS-001144-Z001144-OC-STR,2026-05-11 01:25:00,2026-05-11 04:05:00,2026-05-11,2026-05,Long,ObservationStrict_BullFresh_WideStop1_5R,19.12,18.0,False,False,Core,0,Normal,True,True,-104.25,-107.85,,ProtectBE,2026-W20,Observed
OPF-20260724-194259,20260511-0430-Long-1182,20260511-0425-BULL-OBS-001181-Z001181-OC,2026-05-11 04:30:00,2026-05-11 05:15:00,2026-05-11,2026-05,Long,ObservationConfirm,8.25,8.5,False,False,Core,0,Normal,True,True,91.5,87.9,,ProtectBE,2026-W20,Observed
OPF-20260724-194259,20260511-0545-Short-1197,20260511-0545-BEAR-OBS-001197-Z001197,2026-05-11 05:45:00,2026-05-11 06:05:00,2026-05-11,2026-05,Short,ZoneBirthResearch,6.75,7.5,False,False,Core,0,Normal,True,True,-45.0,-48.6,,Base:Stop|Runner:Stop,2026-W20,Observed
OPF-20260724-194259,20260511-0745-Short-1221,20260511-0740-BEAR-OBS-001220-Z001207-OC,2026-05-11 07:45:00,2026-05-11 08:00:00,2026-05-11,2026-05,Short,ObservationConfirm,19.25,19.25,False,False,Core,0,Normal,True,True,167.25,163.65,,ProtectBE,2026-W20,Observed
OPF-20260724-194259,20260511-0830-Short-1230,20260511-0830-BEAR-BRK-001230-Z001230,2026-05-11 08:30:00,2026-05-11 08:40:00,2026-05-11,2026-05,Short,BreakawayFvg,19.0,18.0,False,False,Core,0,Normal,True,True,-109.5,-113.1,,Stop,2026-W20,Observed
OPF-20260724-194259,DEFERRED|20260511-0830-BEAR-OBS-001230-Z001230-OC|ObservationConfirm,20260511-0830-BEAR-OBS-001230-Z001230-OC,2026-05-11 08:45:00,2026-05-11 08:55:00,2026-05-11,2026-05,Short,ObservationConfirm,21.75,21.75,False,False,DeferredContinuation,2,Normal,True,True,-130.5,-134.1,20260511-0830-Short-1230,Stop,2026-W20,Observed
OPF-20260724-194259,20260511-1005-Short-1249,20260511-1000-BEAR-OBS-001248-Z001248-OC,2026-05-11 10:05:00,2026-05-11 10:30:00,2026-05-11,2026-05,Short,ObservationConfirm,16.25,16.625,False,False,Core,0,Normal,True,True,146.25,142.65,,ProtectBE,2026-W20,Observed
OPF-20260724-194259,20260511-1140-Short-1268,20260511-1140-BEAR-OBS-001268-Z001268,2026-05-11 11:40:00,2026-05-11 12:20:00,2026-05-11,2026-05,Short,ZoneBirthResearch,16.75,17.25,False,False,Core,0,Normal,True,True,310.5,306.9,,Base:Target|Runner:Target,2026-W20,Observed
OPF-20260724-194259,RELEASED|20260511-1640-BULL-OBS-001328-Z001313-OC-STR|ObservationStrict_Other_WideStop1_5R,20260511-1640-BULL-OBS-001328-Z001313-OC-STR,2026-05-11 16:45:00,2026-05-11 17:10:00,2026-05-11,2026-05,Long,ObservationStrict_Other_WideStop1_5R,24.0,24.0,False,False,ActiveTrade,1,Normal,True,True,-144.0,-147.6,,Stop,2026-W20,Observed
OPF-20260724-194457,20260511-2305-Short-1117,20260511-2245-BULL-OBS-001113-Z001113-FR-RT,2026-05-11 23:05:00,2026-05-11 23:10:00,2026-05-12,2026-05,Short,FailureReverse_RetestFailed,7.25,7.25,False,False,Core,0,Normal,True,True,73.5,69.9,,ProtectBE,2026-W20,Observed
OPF-20260724-194457,20260511-2330-Long-1122,20260511-2325-BULL-OBS-001121-Z001121-OC,2026-05-11 23:30:00,2026-05-11 23:40:00,2026-05-12,2026-05,Long,ObservationConfirm,10.0,9.625,False,False,Core,0,Normal,True,True,-57.75,-61.35,,Stop,2026-W20,Observed
OPF-20260724-194457,20260512-0405-Short-1177,20260512-0400-BEAR-OBS-001176-Z001174-OC,2026-05-12 04:05:00,2026-05-12 04:15:00,2026-05-12,2026-05,Short,ObservationConfirm,7.5,7.5,False,False,Core,0,Normal,True,True,66.0,62.4,,ProtectBE,2026-W20,Observed
OPF-20260724-194457,20260512-0450-Short-1186,20260512-0450-BEAR-BRK-001186-Z001186,2026-05-12 04:50:00,2026-05-12 06:30:00,2026-05-12,2026-05,Short,BreakawayFvg,25.0,25.0,False,False,Core,0,Normal,True,True,297.0,293.4,,Target,2026-W20,Observed
OPF-20260724-194457,RELEASED|20260512-0625-BEAR-OBS-001205-Z001205-OC|ObservationConfirm,20260512-0625-BEAR-OBS-001205-Z001205-OC,2026-05-12 06:30:00,2026-05-12 06:45:00,2026-05-12,2026-05,Short,ObservationConfirm,18.75,18.75,False,False,ActiveTrade,1,Normal,True,True,0.0,-3.6,,ProtectBE,2026-W20,Observed
OPF-20260724-194457,20260512-0655-Short-1211,20260512-0655-BEAR-BRK-001211-Z001211,2026-05-12 06:55:00,2026-05-12 07:10:00,2026-05-12,2026-05,Short,BreakawayFvg,21.25,21.75,False,False,Core,0,Normal,True,True,-130.5,-134.1,,ProtectBE,2026-W20,Observed
OPF-20260724-194457,DEFERRED|20260512-0700-BEAR-BRK-001212-Z001212|BreakawayFvg,20260512-0700-BEAR-BRK-001212-Z001212,2026-05-12 07:15:00,2026-05-12 07:20:00,2026-05-12,2026-05,Short,BreakawayFvg,28.25,28.25,False,False,DeferredContinuation,2,Normal,True,True,-169.5,-173.1,20260512-0655-Short-1211,Stop,2026-W20,Observed
OPF-20260724-194457,20260512-0815-Short-1227,20260512-0810-BEAR-OBS-001226-Z001226-OC,2026-05-12 08:15:00,2026-05-12 08:20:00,2026-05-12,2026-05,Short,ObservationConfirm,18.25,18.5,False,False,Core,0,Normal,True,True,-112.5,-116.1,,Stop,2026-W20,Observed
OPF-20260724-194457,20260512-0845-Short-1233,20260512-0845-BEAR-BRK-001233-Z001233,2026-05-12 08:45:00,2026-05-12 08:50:00,2026-05-12,2026-05,Short,BreakawayFvg,19.25,17.0,False,False,Core,0,Normal,True,True,-98.25,-101.85,,Stop,2026-W20,Observed
OPF-20260724-194457,RELEASED|20260512-0845-BEAR-OBS-001233-Z001233-OC|ObservationConfirm,20260512-0845-BEAR-OBS-001233-Z001233-OC,2026-05-12 08:50:00,2026-05-12 08:55:00,2026-05-12,2026-05,Short,ObservationConfirm,10.25,10.25,False,False,ActiveTrade,1,Normal,True,True,-61.5,-65.1,,Stop,2026-W20,Observed
OPF-20260724-194656,20260512-2345-Short-1125,20260512-2340-BEAR-OBS-001124-Z001124-OC,2026-05-12 23:45:00,2026-05-12 23:55:00,2026-05-13,2026-05,Short,ObservationConfirm,19.25,19.5,False,False,Core,0,Normal,True,True,178.5,174.9,,ProtectBE,2026-W20,Observed
OPF-20260724-194656,DEFERRED|20260512-2345-BEAR-OBS-001125-Z001124-OC|ObservationConfirm,20260512-2345-BEAR-OBS-001125-Z001124-OC,2026-05-13 00:00:00,2026-05-13 00:00:00,2026-05-13,2026-05,Short,ObservationConfirm,17.0,17.0,False,False,DeferredContinuation,2,Normal,True,True,-102.0,-105.6,20260512-2345-Short-1125,Stop,2026-W20,Observed
OPF-20260724-194656,20260513-0355-Long-1175,20260513-0350-BULL-OBS-001174-Z001171-OC,2026-05-13 03:55:00,2026-05-13 04:15:00,2026-05-13,2026-05,Long,ObservationConfirm,10.0,9.875,False,False,Core,0,Normal,True,True,119.25,115.65,,Target,2026-W20,Observed
OPF-20260724-194656,20260513-0515-Short-1191,20260513-0510-BULL-OBS-001190-Z001190-FR,2026-05-13 05:15:00,2026-05-13 05:20:00,2026-05-13,2026-05,Short,FailureReverse_ObservationInvalidated_WideStop1_5R,10.88,12.5,False,False,Core,0,Normal,True,True,-75.0,-78.6,,Stop,2026-W20,Observed
OPF-20260724-194656,20260513-0910-Short-1238,20260513-0900-BULL-OBS-001236-Z001226-FR,2026-05-13 09:10:00,2026-05-13 09:25:00,2026-05-13,2026-05,Short,FailureReverse_ObservationInvalidated,22.0,22.25,False,False,Core,0,Normal,True,True,-141.0,-144.6,,Stop,2026-W20,Observed
OPF-20260724-194656,20260513-1000-Short-1248,20260513-0955-BEAR-OBS-001247-Z001234-OC,2026-05-13 10:00:00,2026-05-13 10:15:00,2026-05-13,2026-05,Short,ObservationConfirm,18.75,18.25,False,False,Core,0,Normal,True,True,172.5,168.9,,Target,2026-W20,Observed
OPF-20260724-194656,20260513-1050-Long-1258,20260513-1045-BULL-OBS-001257-Z001257-OC,2026-05-13 10:50:00,2026-05-13 10:55:00,2026-05-13,2026-05,Long,ObservationConfirm,6.5,6.25,False,False,Core,0,Normal,True,True,-40.5,-44.1,,Stop,2026-W20,Observed
OPF-20260724-194656,20260513-1900-Short-1356,20260513-1900-BEAR-OBS-001356-Z001356,2026-05-13 19:00:00,2026-05-13 19:05:00,2026-05-13,2026-05,Short,ZoneBirthResearch,8.0,8.0,False,False,Core,0,Normal,True,True,-48.0,-51.6,,Base:Stop|Runner:Stop,2026-W20,Observed
OPF-20260724-194854,RELEASED|20260513-2320-BULL-OBS-001120-Z001118-FR|FailureReverse_ObservationInvalidated_WideStop1_5R,20260513-2320-BULL-OBS-001120-Z001118-FR,2026-05-13 23:30:00,2026-05-13 23:55:00,2026-05-14,2026-05,Short,FailureReverse_ObservationInvalidated_WideStop1_5R,21.0,21.0,False,False,ActiveTrade,1,Normal,True,True,-126.0,-129.6,,Stop,2026-W20,Observed
OPF-20260724-194854,20260514-0025-Long-1133,20260514-0020-BULL-OBS-001132-Z001131-OC-STR,2026-05-14 00:25:00,2026-05-14 01:40:00,2026-05-14,2026-05,Long,ObservationStrict_Other,24.25,24.5,False,False,Core,0,Normal,True,True,-144.0,-147.6,,ProtectBE,2026-W20,Observed
OPF-20260724-194854,20260514-0505-Long-1189,20260514-0500-BULL-OBS-001188-Z001181-OC,2026-05-14 05:05:00,2026-05-14 05:10:00,2026-05-14,2026-05,Long,ObservationConfirm,9.75,9.75,False,False,Core,0,Normal,True,True,-52.5,-56.1,,Stop,2026-W20,Observed
OPF-20260724-195051,20260514-2240-Long-1112,20260514-2235-BULL-OBS-001111-Z001111-OC,2026-05-14 22:40:00,2026-05-14 22:50:00,2026-05-15,2026-05,Long,ObservationConfirm,7.5,8.0,False,False,Core,0,Normal,True,True,72.0,68.4,,ProtectBE,2026-W20,Observed
OPF-20260724-195051,20260514-2335-Long-1123,20260514-2330-BULL-OBS-001122-Z001122-OC,2026-05-14 23:35:00,2026-05-14 23:40:00,2026-05-15,2026-05,Long,ObservationConfirm,6.75,7.375,False,False,Core,0,Normal,True,True,-45.75,-49.35,,Stop,2026-W20,Observed
OPF-20260724-195051,20260514-2355-Short-1127,20260514-2345-BULL-OBS-001125-Z001110-FR,2026-05-14 23:55:00,2026-05-15 00:00:00,2026-05-15,2026-05,Short,FailureReverse_ObservationInvalidated,10.0,10.75,False,False,Core,0,Normal,True,True,172.5,168.9,,Target,2026-W20,Observed
OPF-20260724-195051,20260515-0110-Short-1142,20260515-0110-BEAR-OBS-001142-Z001142,2026-05-15 01:10:00,2026-05-15 01:20:00,2026-05-15,2026-05,Short,ZoneBirthResearch,6.25,6.75,False,False,Core,0,Normal,True,True,121.5,117.9,,Base:Target|Runner:Target,2026-W20,Observed
OPF-20260724-195051,DEFERRED|20260515-0110-BEAR-OBS-001142-Z001142-OC|ObservationConfirm,20260515-0110-BEAR-OBS-001142-Z001142-OC,2026-05-15 01:25:00,2026-05-15 01:30:00,2026-05-15,2026-05,Short,ObservationConfirm,17.75,17.75,False,False,DeferredContinuation,2,Normal,True,True,319.5,315.9,20260515-0110-Short-1142,Target,2026-W20,Observed
OPF-20260724-195051,RELEASED|20260515-0515-BEAR-OBS-001191-Z001190-OC|ObservationConfirm,20260515-0515-BEAR-OBS-001191-Z001190-OC,2026-05-15 05:20:00,2026-05-15 05:30:00,2026-05-15,2026-05,Short,ObservationConfirm,11.75,11.75,False,False,ActiveTrade,1,Normal,True,True,0.0,-3.6,,ProtectBE,2026-W20,Observed
OPF-20260724-195051,20260515-0720-Long-1216,20260515-0715-BULL-OBS-001215-Z001215-OC,2026-05-15 07:20:00,2026-05-15 07:30:00,2026-05-15,2026-05,Long,ObservationConfirm_WideStop1_5R,21.0,21.25,False,False,Core,0,Normal,True,True,-124.5,-128.1,,Stop,2026-W20,Observed
OPF-20260724-195051,20260515-1745-Long-1341,20260515-1740-BULL-OBS-001340-Z001338-OC-STR,2026-05-15 17:45:00,2026-05-15 17:55:00,2026-05-15,2026-05,Long,ObservationStrict_Other,11.5,12.0,False,False,Core,0,Normal,True,True,216.0,212.4,,Target,2026-W20,Observed
OPF-20260724-195051,20260515-1930-Short-1362,20260515-1930-BEAR-OBS-001362-Z001359,2026-05-15 19:30:00,2026-05-15 19:35:00,2026-05-15,2026-05,Short,UnknownRegimeZoneTouch,11.0,10.5,False,False,Core,0,Normal,True,True,-66.0,-69.6,,Stop,2026-W20,Observed
OPF-20260724-195251,20260517-2245-Long-1113,20260517-2240-BULL-OBS-001112-Z001112-OC,2026-05-17 22:45:00,2026-05-17 22:50:00,2026-05-18,2026-05,Long,ObservationConfirm,9.25,9.75,False,False,Core,0,Normal,True,True,-60.0,-63.6,,Stop,2026-W21,Observed
OPF-20260724-195251,20260518-0240-Short-1160,20260518-0240-BEAR-OBS-001160-Z001160,2026-05-18 02:40:00,2026-05-18 03:00:00,2026-05-18,2026-05,Short,ZoneBirthResearch,17.5,18.125,False,False,Core,0,Normal,True,True,181.25,177.65,,Base:Target|Runner:ProtectBE,2026-W21,Observed
OPF-20260724-195251,20260518-0720-Short-1216,20260518-0715-BEAR-OBS-001215-Z001215-OC,2026-05-18 07:20:00,2026-05-18 07:25:00,2026-05-18,2026-05,Short,ObservationConfirm,19.0,20.5,False,False,Core,0,Normal,True,True,-127.5,-131.1,,Stop,2026-W21,Observed
OPF-20260724-195251,20260518-1120-Short-1264,20260518-1050-BULL-OBS-001258-Z001258-FR-RT,2026-05-18 11:20:00,2026-05-18 11:25:00,2026-05-18,2026-05,Short,FailureReverse_RetestFailed_WideStop1_5R,22.88,22.5,False,False,Core,0,Normal,True,True,-129.0,-132.6,,Stop,2026-W21,Observed
OPF-20260724-195454,RELEASED|20260519-0130-BEAR-OBS-001146-Z001145|UnknownRegimeZoneTouch,20260519-0130-BEAR-OBS-001146-Z001145,2026-05-19 01:30:00,2026-05-19 01:35:00,2026-05-19,2026-05,Short,UnknownRegimeZoneTouch,11.0,11.0,False,False,ActiveTrade,1,Normal,True,True,-66.0,-69.6,,Stop,2026-W21,Observed
OPF-20260724-195454,20260519-0235-Long-1159,20260519-0230-BULL-OBS-001158-Z001157-OC,2026-05-19 02:35:00,2026-05-19 02:45:00,2026-05-19,2026-05,Long,ObservationConfirm,10.25,9.5,False,False,Core,0,Normal,True,True,109.5,105.9,,Target,2026-W21,Observed
OPF-20260724-195454,20260519-0345-Short-1173,20260519-0340-BULL-OBS-001172-Z001171-FR,2026-05-19 03:45:00,2026-05-19 03:55:00,2026-05-19,2026-05,Short,FailureReverse_ObservationInvalidated,11.75,11.75,False,False,Core,0,Normal,True,True,175.5,171.9,,Target,2026-W21,Observed
OPF-20260724-195454,20260519-0625-Long-1205,20260519-0620-BULL-OBS-001204-Z001204-OC,2026-05-19 06:25:00,2026-05-19 06:35:00,2026-05-19,2026-05,Long,ObservationConfirm_WideStop1_5R,23.62,23.25,False,False,Core,0,Normal,True,True,202.5,198.9,,Target,2026-W21,Observed
OPF-20260724-195454,RELEASED|20260519-0900-BEAR-OBS-001236-Z001236-OC|ObservationConfirm,20260519-0900-BEAR-OBS-001236-Z001236-OC,2026-05-19 09:05:00,2026-05-19 09:15:00,2026-05-19,2026-05,Short,ObservationConfirm,16.75,16.75,False,False,ActiveTrade,1,Normal,True,True,301.5,297.9,,Target,2026-W21,Observed
OPF-20260724-195707,20260519-2220-Short-1108,20260519-2220-BEAR-OBS-001108-Z001108,2026-05-19 22:20:00,2026-05-19 23:05:00,2026-05-20,2026-05,Short,ZoneBirthResearch,17.75,17.625,False,False,Core,0,Normal,True,True,-105.75,-109.35,,Base:Stop|Runner:Stop,2026-W21,Observed
OPF-20260724-195707,20260520-0515-Short-1191,20260520-0515-BEAR-OBS-001191-Z001191,2026-05-20 05:15:00,2026-05-20 05:20:00,2026-05-20,2026-05,Short,ZoneBirthResearch,13.0,12.25,False,False,Core,0,Normal,True,True,-73.5,-77.1,,Base:Stop|Runner:Stop,2026-W21,Observed
OPF-20260724-195707,20260520-0735-Short-1219,20260520-0735-BEAR-OBS-001219-Z001219,2026-05-20 07:35:00,2026-05-20 07:40:00,2026-05-20,2026-05,Short,ZoneBirthResearch,12.25,12.25,False,False,Core,0,Normal,True,True,-73.5,-77.1,,Base:Stop|Runner:Stop,2026-W21,Observed
OPF-20260724-195707,RELEASED|20260520-1055-BEAR-OBS-001259-Z001259|ZoneBirthResearch,20260520-1055-BEAR-OBS-001259-Z001259,2026-05-20 10:55:00,2026-05-20 11:00:00,2026-05-20,2026-05,Short,ZoneBirthResearch,13.25,13.25,False,False,ActiveTrade,1,Normal,True,True,-79.5,-83.1,,Base:Stop|Runner:Stop,2026-W21,Observed
OPF-20260724-195906,RELEASED|20260521-0220-BULL-OBS-001156-Z001156-OC|ObservationConfirm_WideStop1_5R,20260521-0220-BULL-OBS-001156-Z001156-OC,2026-05-21 02:25:00,2026-05-21 02:45:00,2026-05-21,2026-05,Long,ObservationConfirm_WideStop1_5R,24.0,24.0,False,False,ActiveTrade,1,Normal,True,True,-144.0,-147.6,,Stop,2026-W21,Observed
OPF-20260724-195906,20260521-0250-Long-1162,20260521-0245-BULL-OBS-001161-Z001153-OC,2026-05-21 02:50:00,2026-05-21 03:05:00,2026-05-21,2026-05,Long,ObservationConfirm,9.75,9.75,False,False,Core,0,Normal,True,True,108.0,104.4,,ProtectBE,2026-W21,Observed
OPF-20260724-195906,20260521-0535-Short-1195,20260521-0530-BEAR-OBS-001194-Z001194-OC,2026-05-21 05:35:00,2026-05-21 05:40:00,2026-05-21,2026-05,Short,ObservationConfirm,17.25,17.625,False,False,Core,0,Normal,True,True,152.25,148.65,,Target,2026-W21,Observed
OPF-20260724-195906,20260521-0615-Short-1203,20260521-0615-BEAR-BRK-001203-Z001203,2026-05-21 06:15:00,2026-05-21 06:20:00,2026-05-21,2026-05,Short,BreakawayFvg,28.0,28.5,False,False,Core,0,Quarantine,False,False,0.0,-3.6,,Stop,2026-W21,Observed
OPF-20260724-195906,20260521-0655-Short-1211,20260521-0650-BEAR-OBS-001210-Z001210-OC,2026-05-21 06:55:00,2026-05-21 07:10:00,2026-05-21,2026-05,Short,ObservationConfirm,16.5,17.25,False,False,Core,0,Normal,True,True,150.0,146.4,,Target,2026-W21,Observed
OPF-20260724-200100,20260522-0525-Short-1193,20260522-0525-BEAR-OBS-001193-Z001193,2026-05-22 05:25:00,2026-05-22 05:30:00,2026-05-22,2026-05,Short,ZoneBirthResearch,6.0,6.25,False,False,Core,0,Normal,True,True,-37.5,-41.1,,Base:Stop|Runner:Stop,2026-W21,Observed
OPF-20260724-200100,RELEASED|20260522-0605-BEAR-OBS-001201-Z001200|UnknownRegimeZoneTouch,20260522-0605-BEAR-OBS-001201-Z001200,2026-05-22 06:05:00,2026-05-22 06:15:00,2026-05-22,2026-05,Short,UnknownRegimeZoneTouch,24.0,24.0,False,False,ActiveTrade,1,Normal,True,True,-144.0,-147.6,,Stop,2026-W21,Observed
OPF-20260724-200100,20260522-0810-Long-1226,20260522-0805-BULL-OBS-001225-Z001225-OC,2026-05-22 08:10:00,2026-05-22 08:15:00,2026-05-22,2026-05,Long,ObservationConfirm,11.0,11.0,False,False,Core,0,Normal,True,True,121.5,117.9,,Target,2026-W21,Observed
OPF-20260724-200100,DEFERRED|20260522-0805-BULL-OBS-001225-Z001225-OC-STR|ObservationStrict_BullFresh_WideStop1_5R,20260522-0805-BULL-OBS-001225-Z001225-OC-STR,2026-05-22 08:20:00,2026-05-22 08:25:00,2026-05-22,2026-05,Long,ObservationStrict_BullFresh_WideStop1_5R,16.5,16.5,False,False,DeferredContinuation,2,Normal,True,True,0.0,-3.6,20260522-0810-Long-1226,Stop,2026-W21,Observed
OPF-20260724-200100,20260522-0835-Short-1231,20260522-0835-BEAR-OBS-001231-Z001231,2026-05-22 08:35:00,2026-05-22 09:00:00,2026-05-22,2026-05,Short,ZoneBirthResearch,17.5,17.125,False,False,Core,0,Normal,True,True,308.25,304.65,,Base:Target|Runner:Target,2026-W21,Observed
OPF-20260724-200100,20260522-0915-Short-1239,20260522-0910-BEAR-OBS-001238-Z001238-OC,2026-05-22 09:15:00,2026-05-22 09:20:00,2026-05-22,2026-05,Short,ObservationConfirm,18.5,18.75,False,False,Core,0,Normal,True,True,159.0,155.4,,ProtectBE,2026-W21,Observed
OPF-20260724-200100,20260522-1055-Long-1259,20260522-1050-BULL-OBS-001258-Z001258-OC,2026-05-22 10:55:00,2026-05-22 11:05:00,2026-05-22,2026-05,Long,ObservationConfirm,9.5,8.5,False,False,Core,0,Normal,True,True,101.25,97.65,,Target,2026-W21,Observed
OPF-20260724-200100,RELEASED|20260522-1105-BULL-OBS-001261-Z001261-FR-RT|FailureReverse_RetestFailed_WideStop1_5R,20260522-1105-BULL-OBS-001261-Z001261-FR-RT,2026-05-22 11:25:00,2026-05-22 11:35:00,2026-05-22,2026-05,Short,FailureReverse_RetestFailed_WideStop1_5R,12.0,12.0,False,False,ActiveTrade,1,Normal,True,True,-72.0,-75.6,,Stop,2026-W21,Observed
OPF-20260724-200256,20260526-0015-Short-1083,20260526-0010-BEAR-OBS-001082-Z001082-OC,2026-05-26 00:15:00,2026-05-26 00:20:00,2026-05-26,2026-05,Short,ObservationConfirm_WideStop1_5R,17.62,17.5,False,False,Core,0,Normal,True,True,-103.5,-107.1,,Stop,2026-W22,Observed
OPF-20260724-200256,RELEASED|20260526-0015-BEAR-OBS-001083-Z001082-OC|ObservationConfirm_WideStop1_5R,20260526-0015-BEAR-OBS-001083-Z001082-OC,2026-05-26 00:20:00,2026-05-26 00:25:00,2026-05-26,2026-05,Short,ObservationConfirm_WideStop1_5R,12.75,12.75,False,False,ActiveTrade,1,Normal,True,True,-76.5,-80.1,,Stop,2026-W22,Observed
OPF-20260724-200256,20260526-0420-Long-1132,20260526-0415-BULL-OBS-001131-Z001131-OC,2026-05-26 04:20:00,2026-05-26 04:25:00,2026-05-26,2026-05,Long,ObservationConfirm,5.5,5.25,False,False,Core,0,Normal,True,True,-27.0,-30.6,,Stop,2026-W22,Observed
OPF-20260724-200256,20260526-0500-Short-1140,20260526-0455-BEAR-OBS-001139-Z001138-OC,2026-05-26 05:00:00,2026-05-26 05:05:00,2026-05-26,2026-05,Short,ObservationConfirm,18.75,18.5,False,False,Core,0,Normal,True,True,-111.0,-114.6,,Stop,2026-W22,Observed
OPF-20260724-200454,20260527-0115-Long-1095,20260527-0110-BULL-OBS-001094-Z001094-OC,2026-05-27 01:15:00,2026-05-27 01:50:00,2026-05-27,2026-05,Long,ObservationConfirm_WideStop1_5R,22.88,22.5,False,False,Core,0,Normal,True,True,-130.5,-134.1,,Stop,2026-W22,Observed
OPF-20260724-200454,20260527-0320-Short-1120,20260527-0315-BEAR-OBS-001119-Z001119-OC,2026-05-27 03:20:00,2026-05-27 03:50:00,2026-05-27,2026-05,Short,ObservationConfirm,16.25,16.5,False,False,Core,0,Normal,True,True,145.5,141.9,,ProtectBE,2026-W22,Observed
OPF-20260724-200454,20260527-0355-Short-1127,20260527-0350-BEAR-OBS-001126-Z001126-OC,2026-05-27 03:55:00,2026-05-27 04:00:00,2026-05-27,2026-05,Short,ObservationConfirm,21.25,21.25,False,False,Core,0,Normal,True,True,-129.0,-132.6,,Stop,2026-W22,Observed
OPF-20260724-200454,20260527-0725-Long-1169,20260527-0720-BULL-OBS-001168-Z001168-OC,2026-05-27 07:25:00,2026-05-27 07:40:00,2026-05-27,2026-05,Long,ObservationConfirm,10.25,11.25,False,False,Core,0,Normal,True,True,-66.75,-70.35,,ProtectBE,2026-W22,Observed
OPF-20260724-200454,20260527-1045-Short-1209,20260527-1040-BEAR-OBS-001208-Z001207-OC,2026-05-27 10:45:00,2026-05-27 10:50:00,2026-05-27,2026-05,Short,ObservationConfirm,5.75,6.5,False,False,Core,0,Normal,True,True,-39.0,-42.6,,Stop,2026-W22,Observed
OPF-20260724-200651,20260528-0220-Short-1108,20260528-0220-BEAR-OBS-001108-Z001108,2026-05-28 02:20:00,2026-05-28 02:30:00,2026-05-28,2026-05,Short,ZoneBirthResearch,6.0,5.5,False,False,Core,0,Normal,True,True,99.0,95.4,,Base:Target|Runner:Target,2026-W22,Observed
OPF-20260724-200651,20260528-0550-Short-1150,20260528-0550-BEAR-OBS-001150-Z001122,2026-05-28 05:50:00,2026-05-28 05:55:00,2026-05-28,2026-05,Short,UnknownRegimeZoneTouch,12.5,11.75,False,False,Core,0,Normal,True,True,-70.5,-74.1,,Stop,2026-W22,Observed
OPF-20260724-200651,RELEASED|20260528-0550-BEAR-OBS-001150-Z001122-OC|ObservationConfirm,20260528-0550-BEAR-OBS-001150-Z001122-OC,2026-05-28 05:55:00,2026-05-28 06:00:00,2026-05-28,2026-05,Short,ObservationConfirm,17.75,17.75,False,False,ActiveTrade,1,Normal,True,True,-106.5,-110.1,,Stop,2026-W22,Observed
OPF-20260724-200651,20260528-0610-Short-1154,20260528-0610-BEAR-OBS-001154-Z001121,2026-05-28 06:10:00,2026-05-28 06:15:00,2026-05-28,2026-05,Short,UnknownRegimeZoneTouch,5.25,5.25,False,False,Core,0,Normal,True,True,-33.0,-36.6,,Stop,2026-W22,Observed
OPF-20260724-200651,20260528-0645-Short-1161,20260528-0635-BEAR-OBS-001159-Z001159-OC,2026-05-28 06:45:00,2026-05-28 06:55:00,2026-05-28,2026-05,Short,ObservationConfirm,13.0,12.75,False,False,Core,0,Normal,True,True,112.5,108.9,,ProtectBE,2026-W22,Observed
OPF-20260724-200651,20260528-0710-Short-1166,20260528-0705-BEAR-OBS-001165-Z001118-OC,2026-05-28 07:10:00,2026-05-28 07:55:00,2026-05-28,2026-05,Short,ObservationConfirm,19.75,19.25,False,False,Core,0,Normal,True,True,-112.5,-116.1,,ProtectBE,2026-W22,Observed
OPF-20260724-200651,20260528-1020-Short-1204,20260528-1020-BEAR-BRK-001204-Z001204,2026-05-28 10:20:00,2026-05-28 10:45:00,2026-05-28,2026-05,Short,BreakawayFvg,24.75,25.25,False,False,Core,0,Normal,True,True,289.5,285.9,,ProtectBE,2026-W22,Observed
OPF-20260724-200651,20260528-2015-Long-1323,20260528-2015-BULL-PB-001323-Z001322,2026-05-28 20:15:00,2026-05-28 20:20:00,2026-05-28,2026-05,Long,AlmostConfirmed,7.75,8.25,False,False,Core,0,Normal,True,True,-48.75,-52.35,,Stop,2026-W22,Observed
OPF-20260724-200849,RELEASED|20260528-2245-BULL-OBS-001065-Z001065-OC|ObservationConfirm_WideStop1_5R,20260528-2245-BULL-OBS-001065-Z001065-OC,2026-05-28 22:50:00,2026-05-28 22:55:00,2026-05-29,2026-05,Long,ObservationConfirm_WideStop1_5R,5.62,5.62,False,False,ActiveTrade,1,Normal,True,True,-33.72,-37.32,,Stop,2026-W22,Observed
OPF-20260724-200849,20260528-2330-Short-1074,20260528-2325-BULL-OBS-001073-Z001072-FR,2026-05-28 23:30:00,2026-05-28 23:55:00,2026-05-29,2026-05,Short,FailureReverse_ObservationInvalidated_WideStop1_5R,12.0,11.5,False,False,Core,0,Normal,True,True,207.0,203.4,,Target,2026-W22,Observed
OPF-20260724-200849,20260529-0005-Short-1081,20260529-0005-BEAR-OBS-001081-Z001081,2026-05-29 00:05:00,2026-05-29 00:20:00,2026-05-29,2026-05,Short,ZoneBirthResearch,16.5,16.75,False,False,Core,0,Normal,True,True,-100.5,-104.1,,Base:Stop|Runner:Stop,2026-W22,Observed
OPF-20260724-200849,20260529-0045-Short-1089,20260529-0045-BEAR-OBS-001089-Z001089,2026-05-29 00:45:00,2026-05-29 01:00:00,2026-05-29,2026-05,Short,ZoneBirthResearch,6.5,6.25,False,False,Core,0,Normal,True,True,-37.5,-41.1,,Base:Stop|Runner:Stop,2026-W22,Observed
OPF-20260724-200849,20260529-0415-Long-1131,20260529-0410-BULL-OBS-001130-Z001130-OC,2026-05-29 04:15:00,2026-05-29 04:35:00,2026-05-29,2026-05,Long,ObservationConfirm,10.75,11.0,False,False,Core,0,Normal,True,True,129.0,125.4,,Target,2026-W22,Observed
OPF-20260724-200849,DEFERRED|20260529-0420-BULL-OBS-001132-Z001132-OC|ObservationConfirm,20260529-0420-BULL-OBS-001132-Z001132-OC,2026-05-29 04:40:00,2026-05-29 04:50:00,2026-05-29,2026-05,Long,ObservationConfirm,7.25,7.25,False,False,DeferredContinuation,2,Normal,True,True,0.0,-3.6,20260529-0415-Long-1131,Stop,2026-W22,Observed
OPF-20260724-200849,20260529-0655-Long-1163,20260529-0650-BULL-OBS-001162-Z001162-OC,2026-05-29 06:55:00,2026-05-29 07:05:00,2026-05-29,2026-05,Long,ObservationConfirm_WideStop1_5R,24.0,24.0,False,False,Core,0,Normal,True,True,-144.0,-147.6,,Stop,2026-W22,Observed
OPF-20260724-200849,20260529-0740-Short-1172,20260529-0735-BEAR-OBS-001171-Z001171-OC,2026-05-29 07:40:00,2026-05-29 07:45:00,2026-05-29,2026-05,Short,ObservationConfirm,17.75,18.25,False,False,Core,0,Normal,True,True,-117.0,-120.6,,Stop,2026-W22,Observed
OPF-20260724-200849,DEFERRED|20260529-0735-BULL-OBS-001171-Z001130-OC-STR|ObservationStrict_Other,20260529-0735-BULL-OBS-001171-Z001130-OC-STR,2026-05-29 07:50:00,2026-05-29 08:00:00,2026-05-29,2026-05,Long,ObservationStrict_Other,8.75,8.75,False,False,DeferredContinuation,2,Normal,True,True,157.5,153.9,20260529-0740-Short-1172,Target,2026-W22,Observed
OPF-20260724-201101,20260601-0245-Short-1161,20260601-0245-BEAR-OBS-001161-Z001161,2026-06-01 02:45:00,2026-06-01 03:00:00,2026-06-01,2026-06,Short,ZoneBirthResearch,8.0,8.0,False,False,Core,0,Normal,True,True,-48.0,-51.6,,Base:Stop|Runner:Stop,2026-W23,Observed
OPF-20260724-201101,20260601-0310-Long-1166,20260601-0305-BULL-OBS-001165-Z001165-OC,2026-06-01 03:10:00,2026-06-01 03:15:00,2026-06-01,2026-06,Long,ObservationConfirm,9.75,10.0,False,False,Core,0,Normal,True,True,-40.5,-44.1,,Stop,2026-W23,Observed
OPF-20260724-201101,RELEASED|20260601-0405-BULL-OBS-001177-Z001177-OC|ObservationConfirm,20260601-0405-BULL-OBS-001177-Z001177-OC,2026-06-01 04:10:00,2026-06-01 05:10:00,2026-06-01,2026-06,Long,ObservationConfirm,11.0,11.0,False,False,ActiveTrade,1,Normal,True,True,0.0,-3.6,,ProtectBE,2026-W23,Observed
OPF-20260724-201101,20260601-0530-Short-1194,20260601-0530-BEAR-OBS-001194-Z001194,2026-06-01 05:30:00,2026-06-01 05:35:00,2026-06-01,2026-06,Short,ZoneBirthResearch,7.25,7.0,False,False,Core,0,Normal,True,True,-42.0,-45.6,,Base:Stop|Runner:Stop,2026-W23,Observed
OPF-20260724-201101,20260601-0605-Long-1201,20260601-0555-BULL-OBS-001199-Z001198-OC,2026-06-01 06:05:00,2026-06-01 06:10:00,2026-06-01,2026-06,Long,ObservationConfirm,7.75,8.75,False,False,Core,0,Normal,True,True,-45.0,-48.6,,Stop,2026-W23,Observed
OPF-20260724-201101,20260601-0655-Long-1211,20260601-0650-BULL-OBS-001210-Z001210-OC,2026-06-01 06:55:00,2026-06-01 07:05:00,2026-06-01,2026-06,Long,ObservationConfirm,8.0,9.5,False,False,Core,0,Normal,True,True,-52.5,-56.1,,ProtectBE,2026-W23,Observed
OPF-20260724-201101,20260601-0910-Short-1238,20260601-0905-BULL-OBS-001237-Z001236-FR,2026-06-01 09:10:00,2026-06-01 13:05:00,2026-06-01,2026-06,Short,FailureReverse_ObservationInvalidated_WideStop1_5R,23.62,23.5,False,False,Core,0,Normal,True,True,410.25,406.65,,ProtectBE,2026-W23,Observed
OPF-20260724-201101,RELEASED|20260601-1815-BEAR-OBS-001347-Z001347-OC|ObservationConfirm_WideStop1_5R,20260601-1815-BEAR-OBS-001347-Z001347-OC,2026-06-01 18:20:00,2026-06-01 18:30:00,2026-06-01,2026-06,Short,ObservationConfirm_WideStop1_5R,9.75,9.75,False,False,ActiveTrade,1,Normal,True,True,0.0,-3.6,,ProtectBE,2026-W23,Observed
OPF-20260724-201101,20260601-1850-Short-1354,20260601-1850-BEAR-OBS-001354-Z001354,2026-06-01 18:50:00,2026-06-01 18:55:00,2026-06-01,2026-06,Short,ZoneBirthResearch,5.25,5.5,False,False,Core,0,Normal,True,True,-33.0,-36.6,,Base:Stop|Runner:Stop,2026-W23,Observed
OPF-20260724-201259,20260602-0150-Short-1150,20260602-0150-BEAR-OBS-001150-Z001150,2026-06-02 01:50:00,2026-06-02 02:15:00,2026-06-02,2026-06,Short,ZoneBirthResearch,7.25,7.5,False,False,Core,0,Normal,True,True,75.0,71.4,,Base:Target|Runner:ProtectBE,2026-W23,Observed
OPF-20260724-201259,20260602-0245-Long-1161,20260602-0240-BULL-OBS-001160-Z001159-OC,2026-06-02 02:45:00,2026-06-02 02:50:00,2026-06-02,2026-06,Long,ObservationConfirm,7.25,7.0,False,False,Core,0,Normal,True,True,63.75,60.15,,ProtectBE,2026-W23,Observed
OPF-20260724-201259,20260602-0330-Short-1170,20260602-0325-BEAR-OBS-001169-Z001168-OC,2026-06-02 03:30:00,2026-06-02 03:35:00,2026-06-02,2026-06,Short,ObservationConfirm,17.0,17.75,False,False,Core,0,Normal,True,True,-105.0,-108.6,,Stop,2026-W23,Observed
OPF-20260724-201259,20260602-0410-Long-1178,20260602-0405-BULL-OBS-001177-Z001177-OC,2026-06-02 04:10:00,2026-06-02 04:20:00,2026-06-02,2026-06,Long,ObservationConfirm,10.5,10.5,False,False,Core,0,Normal,True,True,126.0,122.4,,Target,2026-W23,Observed
OPF-20260724-201259,20260602-0635-Long-1207,20260602-0625-BULL-OBS-001205-Z001204-OC,2026-06-02 06:35:00,2026-06-02 07:00:00,2026-06-02,2026-06,Long,ObservationConfirm_WideStop1_5R,24.75,24.75,False,False,Core,0,Normal,True,True,219.0,215.4,,Target,2026-W23,Observed
OPF-20260724-201259,20260602-0715-Long-1215,20260602-0710-BULL-OBS-001214-Z001214-OC,2026-06-02 07:15:00,2026-06-02 07:25:00,2026-06-02,2026-06,Long,ObservationConfirm,5.0,5.25,False,False,Core,0,Normal,True,True,40.5,36.9,,ProtectBE,2026-W23,Observed
OPF-20260724-201259,20260602-0730-Long-1218,20260602-0725-BULL-OBS-001217-Z001213-OC,2026-06-02 07:30:00,2026-06-02 07:40:00,2026-06-02,2026-06,Long,ObservationConfirm,10.5,11.25,False,False,Core,0,Normal,True,True,-78.0,-81.6,,ProtectBE,2026-W23,Observed
OPF-20260724-201259,20260602-1040-Short-1256,20260602-1035-BEAR-OBS-001255-Z001255-OC,2026-06-02 10:40:00,2026-06-02 10:55:00,2026-06-02,2026-06,Short,ObservationConfirm,11.0,11.5,False,False,Core,0,Normal,True,True,103.5,99.9,,Target,2026-W23,Observed
OPF-20260724-201259,20260602-1800-Short-1344,20260602-1800-BEAR-OBS-001344-Z001344,2026-06-02 18:00:00,2026-06-02 18:05:00,2026-06-02,2026-06,Short,ZoneBirthResearch,12.75,13.0,False,False,Core,0,Normal,True,True,-78.0,-81.6,,Base:Stop|Runner:Stop,2026-W23,Observed
OPF-20260724-201259,20260602-1820-Short-1348,20260602-1820-BEAR-OBS-001348-Z001348,2026-06-02 18:20:00,2026-06-02 18:25:00,2026-06-02,2026-06,Short,ZoneBirthResearch,8.0,8.625,False,False,Core,0,Normal,True,True,-51.75,-55.35,,Base:Stop|Runner:Stop,2026-W23,Observed
OPF-20260724-201457,20260603-0145-Short-1149,20260603-0140-BEAR-OBS-001148-Z001148-OC,2026-06-03 01:45:00,2026-06-03 01:50:00,2026-06-03,2026-06,Short,ObservationConfirm_WideStop1_5R,16.88,17.5,False,False,Core,0,Normal,True,True,-102.0,-105.6,,Stop,2026-W23,Observed
OPF-20260724-201457,20260603-0415-Short-1179,20260603-0410-BEAR-OBS-001178-Z001114-OC,2026-06-03 04:15:00,2026-06-03 05:00:00,2026-06-03,2026-06,Short,ObservationConfirm,19.5,20.25,False,False,Core,0,Normal,True,True,181.5,177.9,,ProtectBE,2026-W23,Observed
OPF-20260724-201457,RELEASED|20260603-0455-BULL-OBS-001187-Z001175-FR|FailureReverse_ObservationInvalidated_WideStop1_5R,20260603-0455-BULL-OBS-001187-Z001175-FR,2026-06-03 05:00:00,2026-06-03 05:05:00,2026-06-03,2026-06,Short,FailureReverse_ObservationInvalidated_WideStop1_5R,6.38,6.38,False,False,ActiveTrade,1,Normal,True,True,-38.28,-41.88,,Stop,2026-W23,Observed
OPF-20260724-201457,20260603-0520-Long-1192,20260603-0510-BEAR-OBS-001190-Z001186-FR,2026-06-03 05:20:00,2026-06-03 05:25:00,2026-06-03,2026-06,Long,FailureReverse_ObservationInvalidated,7.25,7.75,False,False,Core,0,Normal,True,True,-46.5,-50.1,,Stop,2026-W23,Observed
OPF-20260724-201457,20260603-0545-Short-1197,20260603-0540-BEAR-OBS-001196-Z001194-OC,2026-06-03 05:45:00,2026-06-03 06:20:00,2026-06-03,2026-06,Short,ObservationConfirm,20.0,21.25,False,False,Core,0,Abnormal,False,False,-4.5,-8.1,,ProtectBE,2026-W23,Observed
OPF-20260724-201457,20260603-0840-Short-1232,20260603-0840-BEAR-OBS-001232-Z001232,2026-06-03 08:40:00,2026-06-03 08:45:00,2026-06-03,2026-06,Short,ZoneBirthResearch,7.5,7.25,False,False,Core,0,Normal,True,True,-43.5,-47.1,,Base:Stop|Runner:Stop,2026-W23,Observed
OPF-20260724-201457,20260603-1035-Long-1255,20260603-1030-BULL-OBS-001254-Z001254-OC,2026-06-03 10:35:00,2026-06-03 10:40:00,2026-06-03,2026-06,Long,ObservationConfirm,10.5,10.5,False,False,Core,0,Normal,True,True,-63.0,-66.6,,Stop,2026-W23,Observed
OPF-20260724-201457,20260603-1540-Short-1316,20260603-1540-BEAR-BRK-001316-Z001316,2026-06-03 15:40:00,2026-06-03 15:50:00,2026-06-03,2026-06,Short,BreakawayFvg,30.0,30.25,False,False,Core,0,Abnormal,False,False,-1.5,-5.1,,ProtectBE,2026-W23,Observed
OPF-20260724-201457,20260603-1550-Short-1318,20260603-1540-BEAR-SHD-001316-Z001316,2026-06-03 15:50:00,2026-06-03 16:20:00,2026-06-03,2026-06,Short,ShadowCandidate,21.75,22.5,False,False,Core,0,Normal,True,True,420.0,416.4,,ProtectBE,2026-W23,Observed
OPF-20260724-201457,20260603-1625-Short-1325,20260603-1625-BEAR-OBS-001325-Z001325,2026-06-03 16:25:00,2026-06-03 16:30:00,2026-06-03,2026-06,Short,ZoneBirthResearch,13.0,13.25,False,False,Core,0,Normal,True,True,-79.5,-83.1,,Base:Stop|Runner:Stop,2026-W23,Observed
OPF-20260724-201457,20260603-1835-Short-1351,20260603-1830-BULL-OBS-001350-Z001350-FR,2026-06-03 18:35:00,2026-06-03 19:30:00,2026-06-03,2026-06,Short,FailureReverse_ObservationInvalidated_WideStop1_5R,24.0,24.0,False,False,Core,0,Normal,True,True,-144.0,-147.6,,ProtectBE,2026-W23,Observed
OPF-20260724-201701,20260604-0520-Short-1192,20260604-0515-BEAR-OBS-001191-Z001190-OC,2026-06-04 05:20:00,2026-06-04 05:25:00,2026-06-04,2026-06,Short,ObservationConfirm,20.0,20.5,False,False,Core,0,Normal,True,True,-126.0,-129.6,,Stop,2026-W23,Observed
OPF-20260724-201701,20260604-0645-Long-1209,20260604-0640-BULL-OBS-001208-Z001208-OC,2026-06-04 06:45:00,2026-06-04 07:55:00,2026-06-04,2026-06,Long,ObservationConfirm_WideStop1_5R,24.0,24.25,False,False,Core,0,Normal,True,True,-136.5,-140.1,,ProtectBE,2026-W23,Observed
OPF-20260724-201701,20260604-1010-Short-1250,20260604-1005-BEAR-OBS-001249-Z001249-OC,2026-06-04 10:10:00,2026-06-04 10:20:00,2026-06-04,2026-06,Short,ObservationConfirm,21.75,20.75,False,False,Core,0,Normal,True,True,186.0,182.4,,Target,2026-W23,Observed
OPF-20260724-201859,20260604-2215-Short-1107,20260604-2215-BEAR-OBS-001107-Z001107,2026-06-04 22:15:00,2026-06-04 22:20:00,2026-06-05,2026-06,Short,ZoneBirthResearch,7.5,7.875,False,False,Core,0,Normal,True,True,-47.25,-50.85,,Base:Stop|Runner:Stop,2026-W23,Observed
OPF-20260724-201859,20260604-2225-Short-1109,20260604-2225-BEAR-OBS-001109-Z001109,2026-06-04 22:25:00,2026-06-04 22:45:00,2026-06-05,2026-06,Short,ZoneBirthResearch,18.0,18.25,False,False,Core,0,Normal,True,True,-109.5,-113.1,,Base:Stop|Runner:Stop,2026-W23,Observed
OPF-20260724-201859,20260605-0255-Short-1163,20260605-0250-BEAR-OBS-001162-Z001161-OC,2026-06-05 02:55:00,2026-06-05 03:00:00,2026-06-05,2026-06,Short,ObservationConfirm,18.0,17.75,False,False,Core,0,Normal,True,True,159.75,156.15,,ProtectBE,2026-W23,Observed
OPF-20260724-201859,20260605-0400-Short-1176,20260605-0355-BEAR-SHD-001175-Z001174,2026-06-05 04:00:00,2026-06-05 04:05:00,2026-06-05,2026-06,Short,ShadowCandidate,12.25,12.0,False,False,Core,0,Normal,True,True,-88.5,-92.1,,Stop,2026-W23,Observed
OPF-20260724-201859,20260605-0500-Short-1188,20260605-0455-BULL-OBS-001187-Z001187-FR,2026-06-05 05:00:00,2026-06-05 06:15:00,2026-06-05,2026-06,Short,FailureReverse_ObservationInvalidated_WideStop1_5R,23.25,23.625,False,False,Core,0,Normal,True,True,426.75,423.15,,ProtectBE,2026-W23,Observed
OPF-20260724-201859,20260605-0640-Short-1208,20260605-0640-BEAR-BRK-001208-Z001208,2026-06-05 06:40:00,2026-06-05 06:45:00,2026-06-05,2026-06,Short,BreakawayFvg,21.0,21.75,False,False,Core,0,Normal,True,True,-127.5,-131.1,,Stop,2026-W23,Observed
OPF-20260724-201859,20260605-0705-Short-1213,20260605-0705-BEAR-BRK-001213-Z001213,2026-06-05 07:05:00,2026-06-05 07:25:00,2026-06-05,2026-06,Short,BreakawayFvg,25.25,25.625,False,False,Core,0,Normal,True,True,-152.25,-155.85,,ProtectBE,2026-W23,Observed
OPF-20260724-201859,RELEASED|20260605-0705-BEAR-SHD-001213-Z001213|ShadowCandidate,20260605-0705-BEAR-SHD-001213-Z001213,2026-06-05 07:25:00,2026-06-05 07:30:00,2026-06-05,2026-06,Short,ShadowCandidate,10.75,10.75,False,False,ActiveTrade,1,Normal,True,True,-64.5,-68.1,,Stop,2026-W23,Observed
OPF-20260724-201859,20260605-1000-Long-1248,20260605-0955-BULL-OBS-001247-Z001246-OC,2026-06-05 10:00:00,2026-06-05 10:55:00,2026-06-05,2026-06,Long,ObservationConfirm_WideStop1_5R,22.88,22.75,False,False,Core,0,Normal,True,True,-131.25,-134.85,,ProtectBE,2026-W23,Observed
OPF-20260724-201859,20260605-1205-Short-1273,20260605-1205-BEAR-BRK-001273-Z001273,2026-06-05 12:05:00,2026-06-05 12:10:00,2026-06-05,2026-06,Short,BreakawayFvg,17.75,18.25,False,False,Core,0,Normal,True,True,-112.5,-116.1,,ProtectBE,2026-W23,Observed
OPF-20260724-202118,20260608-0405-Short-1177,20260608-0405-BEAR-OBS-001177-Z001177,2026-06-08 04:05:00,2026-06-08 04:15:00,2026-06-08,2026-06,Short,ZoneBirthResearch,17.5,18.0,False,False,Core,0,Normal,True,True,-108.0,-111.6,,Base:Stop|Runner:Stop,2026-W24,Observed
OPF-20260724-202118,20260608-0450-Short-1186,20260608-0450-BEAR-OBS-001186-Z001184,2026-06-08 04:50:00,2026-06-08 04:55:00,2026-06-08,2026-06,Short,UnknownRegimeZoneTouch,20.0,19.75,False,False,Core,0,Normal,True,True,-103.5,-107.1,,ProtectBE,2026-W24,Observed
OPF-20260724-202118,20260608-0925-Short-1241,20260608-0920-BEAR-OBS-001240-Z001233-OC,2026-06-08 09:25:00,2026-06-08 09:30:00,2026-06-08,2026-06,Short,ObservationConfirm,18.25,18.875,False,False,Core,0,Normal,True,True,-125.25,-128.85,,ProtectBE,2026-W24,Observed
OPF-20260724-202322,20260608-2300-Short-1116,20260608-2255-BEAR-OBS-001115-Z001105-OC,2026-06-08 23:00:00,2026-06-08 23:05:00,2026-06-09,2026-06,Short,ObservationConfirm,18.5,18.5,False,False,Core,0,Normal,True,True,-99.0,-102.6,,Stop,2026-W24,Observed
OPF-20260724-202322,20260609-1120-Long-1264,20260609-1120-BULL-PB-001264-Z001259,2026-06-09 11:20:00,2026-06-09 11:25:00,2026-06-09,2026-06,Long,AlmostConfirmed,10.25,9.75,False,False,Core,0,Normal,True,True,146.25,142.65,,Target,2026-W24,Observed
OPF-20260724-202322,20260609-1250-Short-1282,20260609-1245-BEAR-OBS-001281-Z001281-OC,2026-06-09 12:50:00,2026-06-09 12:55:00,2026-06-09,2026-06,Short,ObservationConfirm,18.75,19.25,False,False,Core,0,Normal,True,True,-115.5,-119.1,,Stop,2026-W24,Observed
OPF-20260724-202551,20260610-0345-Short-1173,20260610-0340-BEAR-OBS-001172-Z001172-OC,2026-06-10 03:45:00,2026-06-10 03:50:00,2026-06-10,2026-06,Short,ObservationConfirm,17.0,18.25,False,False,Core,0,Normal,True,True,-114.0,-117.6,,Stop,2026-W24,Observed
OPF-20260724-202815,20260611-0345-Long-1173,20260611-0340-BULL-OBS-001172-Z001172-OC,2026-06-11 03:45:00,2026-06-11 04:30:00,2026-06-11,2026-06,Long,ObservationConfirm_WideStop1_5R,24.75,25.5,False,False,Core,0,Normal,True,True,228.75,225.15,,Target,2026-W24,Observed
OPF-20260724-202815,20260611-1115-Short-1263,20260611-1110-BEAR-OBS-001262-Z001262-OC,2026-06-11 11:15:00,2026-06-11 11:20:00,2026-06-11,2026-06,Short,ObservationConfirm_WideStop1_5R,9.75,9.75,False,False,Core,0,Normal,True,True,83.25,79.65,,ProtectBE,2026-W24,Observed
OPF-20260724-203032,20260611-2300-Short-1116,20260611-2255-BULL-OBS-001115-Z001114-FR,2026-06-11 23:00:00,2026-06-11 23:35:00,2026-06-12,2026-06,Short,FailureReverse_ObservationInvalidated,23.25,24.5,False,False,Core,0,Normal,True,True,-137.25,-140.85,,ProtectBE,2026-W24,Observed
OPF-20260724-203032,20260612-0635-Short-1207,20260612-0635-BEAR-BRK-001207-Z001207,2026-06-12 06:35:00,2026-06-12 06:45:00,2026-06-12,2026-06,Short,BreakawayFvg,26.5,26.75,False,False,Core,0,Normal,True,True,316.5,312.9,,Target,2026-W24,Observed
OPF-20260724-203032,DEFERRED|20260612-0640-BEAR-BRK-001208-Z001208|BreakawayFvg,20260612-0640-BEAR-BRK-001208-Z001208,2026-06-12 06:50:00,2026-06-12 07:00:00,2026-06-12,2026-06,Short,BreakawayFvg,20.0,20.0,False,False,DeferredContinuation,2,Normal,True,True,360.0,356.4,20260612-0635-Short-1207,Target,2026-W24,Observed
OPF-20260724-203032,20260612-1820-Short-1348,20260612-1820-BEAR-OBS-001348-Z001348,2026-06-12 18:20:00,2026-06-12 18:25:00,2026-06-12,2026-06,Short,ZoneBirthResearch,16.5,16.375,False,False,Core,0,Normal,True,True,-98.25,-101.85,,Base:Stop|Runner:Stop,2026-W24,Observed
OPF-20260724-203032,RELEASED|20260612-2040-BEAR-OBS-001376-Z001374-OC|ObservationConfirm,20260612-2040-BEAR-OBS-001376-Z001374-OC,2026-06-12 20:45:00,2026-06-12 20:50:00,2026-06-12,2026-06,Short,ObservationConfirm,17.25,17.25,False,False,ActiveTrade,1,Normal,True,True,51.0,47.4,,GlobexCloseout,2026-W24,Observed
OPF-20260724-203235,20260615-0425-Long-1181,20260615-0420-BEAR-OBS-001180-Z001173-FR,2026-06-15 04:25:00,2026-06-15 05:05:00,2026-06-15,2026-06,Long,FailureReverse_ObservationInvalidated,12.25,12.5,False,False,Core,0,Normal,True,True,187.5,183.9,,ProtectBE,2026-W25,Observed
OPF-20260724-203235,20260615-0605-Long-1201,20260615-0600-BULL-OBS-001200-Z001200-OC,2026-06-15 06:05:00,2026-06-15 06:10:00,2026-06-15,2026-06,Long,ObservationConfirm,9.0,10.75,False,False,Core,0,Normal,True,True,-63.0,-66.6,,Stop,2026-W25,Observed
OPF-20260724-203235,20260615-0900-Short-1236,20260615-0855-BEAR-OBS-001235-Z001235-OC,2026-06-15 09:00:00,2026-06-15 09:10:00,2026-06-15,2026-06,Short,ObservationConfirm,7.25,7.25,False,False,Core,0,Normal,True,True,57.0,53.4,,ProtectBE,2026-W25,Observed
OPF-20260724-203235,20260615-1005-Short-1249,20260615-1000-BEAR-OBS-001248-Z001240-OC,2026-06-15 10:05:00,2026-06-15 10:55:00,2026-06-15,2026-06,Short,ObservationConfirm,17.75,18.625,False,False,Core,0,Normal,True,True,-109.5,-113.1,,ProtectBE,2026-W25,Observed
OPF-20260724-203235,20260615-2030-Short-1374,20260615-2025-BEAR-OBS-001373-Z001373-OC,2026-06-15 20:30:00,2026-06-15 20:40:00,2026-06-15,2026-06,Short,ObservationConfirm,4.75,4.5,False,False,Core,0,Normal,True,True,37.5,33.9,,Target,2026-W25,Observed
OPF-20260724-203453,20260616-0245-Long-1161,20260616-0240-BULL-OBS-001160-Z001159-OC,2026-06-16 02:45:00,2026-06-16 02:50:00,2026-06-16,2026-06,Long,ObservationConfirm,9.25,9.75,False,False,Core,0,Normal,True,True,-61.5,-65.1,,Stop,2026-W25,Observed
OPF-20260724-203453,20260616-0355-Short-1175,20260616-0340-BULL-OBS-001172-Z001172-FR-RT,2026-06-16 03:55:00,2026-06-16 07:55:00,2026-06-16,2026-06,Short,FailureReverse_RetestFailed_WideStop1_5R,18.0,17.75,False,False,Core,0,Normal,True,True,-103.5,-107.1,,ProtectBE,2026-W25,Observed
OPF-20260724-203453,20260616-0955-Short-1247,20260616-0950-BEAR-OBS-001246-Z001245-OC,2026-06-16 09:55:00,2026-06-16 10:00:00,2026-06-16,2026-06,Short,ObservationConfirm,17.0,16.75,False,False,Core,0,Normal,True,True,-102.75,-106.35,,Stop,2026-W25,Observed
OPF-20260724-203453,DEFERRED|20260616-0945-BEAR-OBS-001245-Z001245-OC|ObservationConfirm,20260616-0945-BEAR-OBS-001245-Z001245-OC,2026-06-16 10:05:00,2026-06-16 10:05:00,2026-06-16,2026-06,Short,ObservationConfirm,17.0,17.0,False,False,DeferredContinuation,2,Normal,True,True,-102.0,-105.6,20260616-0955-Short-1247,Stop,2026-W25,Observed
OPF-20260724-203656,20260616-2245-Short-1113,20260616-2245-BEAR-OBS-001113-Z001113,2026-06-16 22:45:00,2026-06-16 22:50:00,2026-06-17,2026-06,Short,ZoneBirthResearch,5.5,5.625,False,False,Core,0,Normal,True,True,-33.75,-37.35,,Base:Stop|Runner:Stop,2026-W25,Observed
OPF-20260724-203656,20260617-0040-Long-1136,20260617-0035-BULL-OBS-001135-Z001135-OC,2026-06-17 00:40:00,2026-06-17 00:45:00,2026-06-17,2026-06,Long,ObservationConfirm,9.75,9.75,False,False,Core,0,Normal,True,True,-64.5,-68.1,,Stop,2026-W25,Observed
OPF-20260724-203656,RELEASED|20260617-0040-BULL-OBS-001136-Z001135-FR|FailureReverse_ObservationInvalidated,20260617-0040-BULL-OBS-001136-Z001135-FR,2026-06-17 00:50:00,2026-06-17 00:55:00,2026-06-17,2026-06,Short,FailureReverse_ObservationInvalidated,12.25,12.25,False,False,ActiveTrade,1,Normal,True,True,-73.5,-77.1,,Stop,2026-W25,Observed
OPF-20260724-203656,20260617-0130-Long-1146,20260617-0125-BULL-OBS-001145-Z001145-OC,2026-06-17 01:30:00,2026-06-17 01:40:00,2026-06-17,2026-06,Long,ObservationConfirm,11.75,11.25,False,False,Core,0,Normal,True,True,102.0,98.4,,Target,2026-W25,Observed
OPF-20260724-203656,20260617-0315-Short-1167,20260617-0315-BEAR-OBS-001167-Z001167,2026-06-17 03:15:00,2026-06-17 03:35:00,2026-06-17,2026-06,Short,ZoneBirthResearch,12.25,12.0,False,False,Core,0,Normal,True,True,-72.0,-75.6,,Base:Stop|Runner:Stop,2026-W25,Observed
OPF-20260724-203656,20260617-0650-Long-1210,20260617-0645-BULL-OBS-001209-Z001209-OC,2026-06-17 06:50:00,2026-06-17 06:55:00,2026-06-17,2026-06,Long,ObservationConfirm,10.25,10.625,False,False,Core,0,Normal,True,True,126.0,122.4,,Target,2026-W25,Observed
OPF-20260724-203656,20260617-0820-Short-1228,20260617-0815-BEAR-OBS-001227-Z001227-OC,2026-06-17 08:20:00,2026-06-17 08:30:00,2026-06-17,2026-06,Short,ObservationConfirm,19.75,19.875,False,False,Core,0,Normal,True,True,179.25,175.65,,Target,2026-W25,Observed
OPF-20260724-203656,20260617-1130-Short-1266,20260617-1130-BEAR-OBS-001266-Z001266,2026-06-17 11:30:00,2026-06-17 11:45:00,2026-06-17,2026-06,Short,ZoneBirthResearch,12.25,12.75,False,False,Core,0,Normal,True,True,229.5,225.9,,Base:Target|Runner:Target,2026-W25,Observed
OPF-20260724-203656,20260617-1300-Short-1284,20260617-1300-BEAR-OBS-001284-Z001284,2026-06-17 13:00:00,2026-06-17 13:10:00,2026-06-17,2026-06,Short,ZoneBirthResearch,6.25,7.375,False,False,Core,0,Normal,True,True,73.75,70.15,,Base:Target|Runner:ProtectBE,2026-W25,Observed
OPF-20260724-203909,20260618-0225-Short-1157,20260618-0210-BULL-OBS-001154-Z001154-FR-RT,2026-06-18 02:25:00,2026-06-18 02:30:00,2026-06-18,2026-06,Short,FailureReverse_RetestFailed,7.5,8.0,False,False,Core,0,Normal,True,True,69.0,65.4,,Stop,2026-W25,Observed
OPF-20260724-203909,20260618-0420-Short-1180,20260618-0420-BEAR-BRK-001180-Z001180,2026-06-18 04:20:00,2026-06-18 04:40:00,2026-06-18,2026-06,Short,BreakawayFvg,19.75,20.0,False,False,Core,0,Normal,True,True,241.5,237.9,,ProtectBE,2026-W25,Observed
OPF-20260724-203909,DEFERRED|20260618-0420-BEAR-OBS-001180-Z001180-OC|ObservationConfirm,20260618-0420-BEAR-OBS-001180-Z001180-OC,2026-06-18 04:45:00,2026-06-18 04:50:00,2026-06-18,2026-06,Short,ObservationConfirm,20.5,20.5,False,False,DeferredContinuation,2,Normal,True,True,-123.0,-126.6,20260618-0420-Short-1180,Stop,2026-W25,Observed
OPF-20260724-203909,20260618-0455-Short-1187,20260618-0420-BEAR-SHD-001180-Z001180,2026-06-18 04:55:00,2026-06-18 05:00:00,2026-06-18,2026-06,Short,ShadowCandidate,11.0,11.5,False,False,Core,0,Normal,True,True,-70.5,-74.1,,Stop,2026-W25,Observed
OPF-20260724-203909,20260618-0630-Short-1206,20260618-0625-BEAR-OBS-001205-Z001178-OC,2026-06-18 06:30:00,2026-06-18 06:35:00,2026-06-18,2026-06,Short,ObservationConfirm,19.5,19.875,False,False,Core,0,Normal,True,True,176.25,172.65,,ProtectBE,2026-W25,Observed
OPF-20260724-203909,RELEASED|20260618-0630-BULL-OBS-001206-Z001206-FR|FailureReverse_ObservationInvalidated,20260618-0630-BULL-OBS-001206-Z001206-FR,2026-06-18 06:40:00,2026-06-18 06:45:00,2026-06-18,2026-06,Short,FailureReverse_ObservationInvalidated,9.75,9.75,False,False,ActiveTrade,1,Normal,True,True,-58.5,-62.1,,Stop,2026-W25,Observed
OPF-20260724-203909,RELEASED|20260618-1045-BEAR-OBS-001257-Z001257-OC|ObservationConfirm,20260618-1045-BEAR-OBS-001257-Z001257-OC,2026-06-18 10:50:00,2026-06-18 11:00:00,2026-06-18,2026-06,Short,ObservationConfirm,19.75,19.75,False,False,ActiveTrade,1,Normal,True,True,-118.5,-122.1,,Stop,2026-W25,Observed
OPF-20260724-203909,20260618-1840-Short-1352,20260618-1835-BEAR-OBS-001351-Z001351-OC,2026-06-18 18:40:00,2026-06-18 18:45:00,2026-06-18,2026-06,Short,ObservationConfirm,12.75,13.75,True,False,Core,0,Quarantine,False,False,0.0,-3.6,,Stop,2026-W25,Observed
OPF-20260724-204112,20260622-0305-Short-1117,20260622-0300-BULL-OBS-001116-Z001089-FR,2026-06-22 03:05:00,2026-06-22 03:10:00,2026-06-22,2026-06,Short,FailureReverse_ObservationInvalidated_WideStop1_5R,24.0,24.75,False,False,Core,0,Normal,True,True,-148.5,-152.1,,Stop,2026-W26,Observed
OPF-20260724-204112,20260622-0400-Short-1128,20260622-0400-BEAR-OBS-001128-Z001128,2026-06-22 04:00:00,2026-06-22 04:05:00,2026-06-22,2026-06,Short,ZoneBirthResearch,5.25,5.5,False,False,Core,0,Normal,True,True,-33.0,-36.6,,Base:Stop|Runner:Stop,2026-W26,Observed
OPF-20260724-204112,20260622-0810-Short-1178,20260622-0805-BEAR-OBS-001177-Z001177-OC,2026-06-22 08:10:00,2026-06-22 08:20:00,2026-06-22,2026-06,Short,ObservationConfirm,19.5,20.75,False,False,Core,0,Normal,True,True,186.0,182.4,,ProtectBE,2026-W26,Observed
OPF-20260724-204112,20260622-1040-Short-1208,20260622-1035-BEAR-OBS-001207-Z001207-OC,2026-06-22 10:40:00,2026-06-22 10:45:00,2026-06-22,2026-06,Short,ObservationConfirm,16.75,16.75,False,False,Core,0,Normal,True,True,-108.0,-111.6,,Stop,2026-W26,Observed
OPF-20260724-204112,20260622-1235-Long-1231,20260622-1230-BULL-OBS-001230-Z001230-OC,2026-06-22 12:35:00,2026-06-22 12:40:00,2026-06-22,2026-06,Long,ObservationConfirm,10.75,12.0,False,False,Core,0,Normal,True,True,-68.25,-71.85,,Stop,2026-W26,Observed
OPF-20260724-204112,20260622-1250-Short-1234,20260622-1245-BEAR-OBS-001233-Z001233-OC,2026-06-22 12:50:00,2026-06-22 12:55:00,2026-06-22,2026-06,Short,ObservationConfirm,17.0,17.0,False,False,Core,0,Normal,True,True,-109.5,-113.1,,Stop,2026-W26,Observed
OPF-20260724-204319,20260623-0125-Short-1097,20260623-0120-BEAR-OBS-001096-Z001096-OC,2026-06-23 01:25:00,2026-06-23 01:35:00,2026-06-23,2026-06,Short,ObservationConfirm,18.25,18.5,False,False,Core,0,Normal,True,True,166.5,162.9,,Target,2026-W26,Observed
OPF-20260724-204319,20260623-0310-Short-1118,20260623-0310-BEAR-BRK-001118-Z001118,2026-06-23 03:10:00,2026-06-23 03:30:00,2026-06-23,2026-06,Short,BreakawayFvg,21.75,22.0,False,False,Core,0,Normal,True,True,262.5,258.9,,Target,2026-W26,Observed
OPF-20260724-204319,20260623-0335-Short-1123,20260623-0335-BEAR-BRK-001123-Z001123,2026-06-23 03:35:00,2026-06-23 03:45:00,2026-06-23,2026-06,Short,BreakawayFvg,29.75,29.625,False,False,Core,0,Normal,True,True,-179.25,-182.85,,Stop,2026-W26,Observed
OPF-20260724-204319,RELEASED|20260623-0420-BEAR-OBS-001132-Z001132-OC|ObservationConfirm,20260623-0420-BEAR-OBS-001132-Z001132-OC,2026-06-23 04:30:00,2026-06-23 04:50:00,2026-06-23,2026-06,Short,ObservationConfirm,21.0,21.0,False,False,ActiveTrade,1,Normal,True,True,378.0,374.4,,Target,2026-W26,Observed
OPF-20260724-204319,20260623-0700-Short-1164,20260623-0700-BEAR-OBS-001164-Z001164,2026-06-23 07:00:00,2026-06-23 07:05:00,2026-06-23,2026-06,Short,ZoneBirthResearch,12.75,13.25,False,False,Core,0,Normal,True,True,-79.5,-83.1,,Base:Stop|Runner:Stop,2026-W26,Observed
OPF-20260724-204319,20260623-0755-Short-1175,20260623-0755-BEAR-BRK-001175-Z001175,2026-06-23 07:55:00,2026-06-23 08:00:00,2026-06-23,2026-06,Short,BreakawayFvg,29.75,29.75,False,False,Core,0,Normal,True,True,355.5,351.9,,Target,2026-W26,Observed
OPF-20260724-204319,20260623-1035-Short-1207,20260623-1035-BEAR-OBS-001207-Z001207,2026-06-23 10:35:00,2026-06-23 10:45:00,2026-06-23,2026-06,Short,ZoneBirthResearch,16.75,18.25,False,False,Core,0,Normal,True,True,182.5,178.9,,Base:Target|Runner:ProtectBE,2026-W26,Observed
OPF-20260724-204319,20260623-1115-Short-1215,20260623-1110-BEAR-OBS-001214-Z001205-OC,2026-06-23 11:15:00,2026-06-23 11:20:00,2026-06-23,2026-06,Short,ObservationConfirm,17.0,17.75,False,False,Core,0,Normal,True,True,-128.25,-131.85,,Stop,2026-W26,Observed
OPF-20260724-204319,20260623-1650-Short-1282,20260623-1650-BEAR-OBS-001282-Z001282,2026-06-23 16:50:00,2026-06-23 16:55:00,2026-06-23,2026-06,Short,ZoneBirthResearch,12.5,12.75,False,False,Core,0,Normal,True,True,-76.5,-80.1,,Base:Stop|Runner:Stop,2026-W26,Observed
OPF-20260724-204319,20260623-1745-Short-1293,20260623-1745-BEAR-BRK-001293-Z001293,2026-06-23 17:45:00,2026-06-23 17:50:00,2026-06-23,2026-06,Short,BreakawayFvg,20.75,21.125,False,False,Core,0,Normal,True,True,245.25,241.65,,Target,2026-W26,Observed
OPF-20260724-204532,20260624-0225-Short-1109,20260624-0220-BEAR-OBS-001108-Z001108-OC,2026-06-24 02:25:00,2026-06-24 02:30:00,2026-06-24,2026-06,Short,ObservationConfirm,16.75,16.25,False,False,Core,0,Normal,True,True,145.5,141.9,,Target,2026-W26,Observed
OPF-20260724-204532,20260624-0410-Short-1130,20260624-0410-BEAR-OBS-001130-Z001129,2026-06-24 04:10:00,2026-06-24 04:30:00,2026-06-24,2026-06,Short,UnknownRegimeZoneTouch,25.0,27.75,False,False,Core,0,Abnormal,False,False,-3.75,-7.35,,ProtectBE,2026-W26,Observed
OPF-20260724-204532,20260624-0620-Short-1156,20260624-0615-BULL-OBS-001155-Z001154-FR,2026-06-24 06:20:00,2026-06-24 06:25:00,2026-06-24,2026-06,Short,FailureReverse_ObservationInvalidated_WideStop1_5R,12.0,13.25,False,False,Core,0,Normal,True,True,-81.0,-84.6,,ProtectBE,2026-W26,Observed
OPF-20260724-204532,20260624-0640-Long-1160,20260624-0635-BULL-OBS-001159-Z001159-OC,2026-06-24 06:40:00,2026-06-24 06:45:00,2026-06-24,2026-06,Long,ObservationConfirm,11.0,10.25,False,False,Core,0,Normal,True,True,-58.5,-62.1,,Stop,2026-W26,Observed
OPF-20260724-204532,20260624-1005-Long-1201,20260624-0955-BULL-OBS-001199-Z001199-OC,2026-06-24 10:05:00,2026-06-24 10:25:00,2026-06-24,2026-06,Long,ObservationConfirm_WideStop1_5R,16.88,17.25,False,False,Core,0,Normal,True,True,150.0,146.4,,ProtectBE,2026-W26,Observed
OPF-20260724-204750,20260625-0325-Long-1121,20260625-0320-BULL-OBS-001120-Z001120-OC,2026-06-25 03:25:00,2026-06-25 03:30:00,2026-06-25,2026-06,Long,ObservationConfirm,11.0,10.75,False,False,Core,0,Normal,True,True,-67.5,-71.1,,ProtectBE,2026-W26,Observed
OPF-20260724-204750,RELEASED|20260625-0325-BULL-OBS-001121-Z001120-OC-STR|ObservationStrict_Other,20260625-0325-BULL-OBS-001121-Z001120-OC-STR,2026-06-25 03:30:00,2026-06-25 03:35:00,2026-06-25,2026-06,Long,ObservationStrict_Other,8.75,8.75,False,False,ActiveTrade,1,Normal,True,True,-52.5,-56.1,,Stop,2026-W26,Observed
OPF-20260724-204750,20260625-0355-Long-1127,20260625-0350-BULL-OBS-001126-Z001126-OC,2026-06-25 03:55:00,2026-06-25 04:25:00,2026-06-25,2026-06,Long,ObservationConfirm_WideStop1_5R,22.88,24.625,False,False,Core,0,Normal,True,True,-152.25,-155.85,,Stop,2026-W26,Observed
OPF-20260724-204750,20260625-0730-Long-1170,20260625-0725-BULL-OBS-001169-Z001169-OC,2026-06-25 07:30:00,2026-06-25 07:35:00,2026-06-25,2026-06,Long,ObservationConfirm,10.5,10.75,False,False,Core,0,Normal,True,True,-57.0,-60.6,,Stop,2026-W26,Observed
OPF-20260724-205014,20260626-0825-Short-1229,20260626-0825-BEAR-OBS-001229-Z001225,2026-06-26 08:25:00,2026-06-26 08:40:00,2026-06-26,2026-06,Short,UnknownRegimeZoneTouch,18.25,20.5,False,False,Core,0,Normal,True,True,370.5,366.9,,Target,2026-W26,Observed
OPF-20260724-205217,20260628-2340-Long-1124,20260628-2335-BULL-OBS-001123-Z001123-OC,2026-06-28 23:40:00,2026-06-28 23:45:00,2026-06-29,2026-06,Long,ObservationConfirm_WideStop1_5R,17.25,17.25,False,False,Core,0,Quarantine,False,False,0.0,-3.6,,Stop,2026-W27,Observed
OPF-20260724-205217,20260629-0340-Short-1172,20260629-0340-BEAR-OBS-001172-Z001172,2026-06-29 03:40:00,2026-06-29 03:45:00,2026-06-29,2026-06,Short,ZoneBirthResearch,17.0,17.25,False,False,Core,0,Normal,True,True,-103.5,-107.1,,Base:Stop|Runner:Stop,2026-W27,Observed
OPF-20260724-205217,20260629-0655-Short-1211,20260629-0655-BEAR-OBS-001211-Z001211,2026-06-29 06:55:00,2026-06-29 07:00:00,2026-06-29,2026-06,Short,ZoneBirthResearch,12.25,10.0,False,False,Core,0,Normal,True,True,180.0,176.4,,Base:Target|Runner:Target,2026-W27,Observed
OPF-20260724-205217,20260629-0755-Long-1223,20260629-0755-BULL-PB-001223-Z001220,2026-06-29 07:55:00,2026-06-29 08:15:00,2026-06-29,2026-06,Long,AlmostConfirmed,17.5,17.0,False,False,Core,0,Normal,True,True,255.0,251.4,,Target,2026-W27,Observed
OPF-20260724-205217,20260629-0840-Long-1232,20260629-0835-BULL-OBS-001231-Z001225-OC,2026-06-29 08:40:00,2026-06-29 08:50:00,2026-06-29,2026-06,Long,ObservationConfirm_WideStop1_5R,24.75,24.0,False,False,Core,0,Normal,True,True,-141.0,-144.6,,Stop,2026-W27,Observed
OPF-20260724-205217,20260629-1610-Long-1322,20260629-1610-BULL-PB-001322-Z001320,2026-06-29 16:10:00,2026-06-29 16:15:00,2026-06-29,2026-06,Long,AlmostConfirmed,20.75,20.25,False,False,Core,0,Normal,True,True,314.25,310.65,,ProtectBE,2026-W27,Observed
OPF-20260724-205217,RELEASED|20260629-2040-BEAR-OBS-001376-Z001376-OC|ObservationConfirm,20260629-2040-BEAR-OBS-001376-Z001376-OC,2026-06-29 20:45:00,2026-06-29 20:50:00,2026-06-29,2026-06,Short,ObservationConfirm,7.0,7.0,False,False,ActiveTrade,1,Normal,True,True,1.5,-2.1,,GlobexCloseout,2026-W27,Observed
OPF-20260724-205425,20260629-2235-Short-1111,20260629-2235-BEAR-OBS-001111-Z001111,2026-06-29 22:35:00,2026-06-29 22:40:00,2026-06-30,2026-06,Short,ZoneBirthResearch,5.75,5.75,False,False,Core,0,Normal,True,True,-34.5,-38.1,,Base:Stop|Runner:Stop,2026-W27,Observed
OPF-20260724-205425,20260629-2315-Long-1119,20260629-2310-BULL-OBS-001118-Z001118-OC,2026-06-29 23:15:00,2026-06-29 23:20:00,2026-06-30,2026-06,Long,ObservationConfirm,8.5,8.75,False,False,Core,0,Normal,True,True,-34.5,-38.1,,Stop,2026-W27,Observed
OPF-20260724-205425,20260630-0300-Short-1164,20260630-0300-BEAR-OBS-001164-Z001164,2026-06-30 03:00:00,2026-06-30 03:05:00,2026-06-30,2026-06,Short,ZoneBirthResearch,6.0,6.5,False,False,Core,0,Normal,True,True,-39.0,-42.6,,Base:Stop|Runner:Stop,2026-W27,Observed
OPF-20260724-205425,20260630-0355-Short-1175,20260630-0355-BEAR-OBS-001175-Z001175,2026-06-30 03:55:00,2026-06-30 04:00:00,2026-06-30,2026-06,Short,ZoneBirthResearch,12.25,13.25,False,False,Core,0,Normal,True,True,-79.5,-83.1,,Base:Stop|Runner:Stop,2026-W27,Observed
OPF-20260724-205425,20260630-0445-Long-1185,20260630-0440-BULL-OBS-001184-Z001184-OC,2026-06-30 04:45:00,2026-06-30 05:10:00,2026-06-30,2026-06,Long,ObservationConfirm_WideStop1_5R,24.0,24.25,False,False,Core,0,Normal,True,True,-144.0,-147.6,,Stop,2026-W27,Observed
OPF-20260724-163753,20260102-0040-Short-848,20260102-0040-BEAR-OBS-000848-Z000848,2026-01-02 00:40:00,2026-01-02 00:45:00,2026-01-02,2026-01,Short,ZoneBirthResearch,3.75,3.75,False,False,Core,0,Normal,True,True,-22.5,-26.1,,Base:Stop|Runner:Stop,2026-W01,Conservative
OPF-20260724-163753,20260102-0110-Long-854,20260102-0105-BULL-OBS-000853-Z000853-OC,2026-01-02 01:10:00,2026-01-02 02:50:00,2026-01-02,2026-01,Long,ObservationConfirm_WideStop1_5R,24.75,26.25,False,False,Core,0,Abnormal,False,False,-9.0,-12.6,,Target,2026-W01,Conservative
OPF-20260724-163753,RELEASED|20260102-0250-BULL-OBS-000874-Z000874-OC|ObservationConfirm,20260102-0250-BULL-OBS-000874-Z000874-OC,2026-01-02 02:55:00,2026-01-02 04:25:00,2026-01-02,2026-01,Long,ObservationConfirm,11.0,11.0,False,False,ActiveTrade,1,Normal,True,True,192.25,188.65,,Target,2026-W01,Conservative
OPF-20260724-163753,20260102-0510-Short-902,20260102-0505-BEAR-OBS-000901-Z000900-OC,2026-01-02 05:10:00,2026-01-02 05:15:00,2026-01-02,2026-01,Short,ObservationConfirm,6.0,6.75,False,False,Core,0,Normal,True,True,-34.5,-38.1,,Stop,2026-W01,Conservative
OPF-20260724-163753,20260102-0525-Long-905,20260102-0520-BULL-OBS-000904-Z000904-OC,2026-01-02 05:25:00,2026-01-02 05:35:00,2026-01-02,2026-01,Long,ObservationConfirm,6.0,6.25,False,False,Core,0,Normal,True,True,-36.0,-39.6,,Stop,2026-W01,Conservative
OPF-20260724-163753,20260102-0600-Long-912,20260102-0555-BULL-OBS-000911-Z000911-OC,2026-01-02 06:00:00,2026-01-02 07:10:00,2026-01-02,2026-01,Long,ObservationConfirm,9.25,9.0,False,False,Core,0,Normal,True,True,-55.5,-59.1,,ProtectBE,2026-W01,Conservative
OPF-20260724-163753,DEFERRED|20260102-0600-BULL-OBS-000912-Z000911-OC|ObservationConfirm,20260102-0600-BULL-OBS-000912-Z000911-OC,2026-01-02 07:15:00,2026-01-02 07:45:00,2026-01-02,2026-01,Long,ObservationConfirm,11.0,11.0,False,False,DeferredContinuation,2,Normal,True,True,0.0,-3.6,20260102-0600-Long-912,Stop,2026-W01,Conservative
OPF-20260724-163753,20260102-0855-Long-947,20260102-0855-BULL-BRK-000947-Z000947-Q,2026-01-02 08:55:00,2026-01-02 09:00:00,2026-01-02,2026-01,Long,BreakawayFvg_Qualified,5.5,4.75,False,False,Core,0,Normal,True,True,42.0,38.4,,Target,2026-W01,Conservative
OPF-20260724-163753,20260102-1030-Short-966,20260102-1025-BEAR-OBS-000965-Z000965-OC,2026-01-02 10:30:00,2026-01-02 10:40:00,2026-01-02,2026-01,Short,ObservationConfirm,17.5,17.75,False,False,Core,0,Normal,True,True,-109.5,-113.1,,Stop,2026-W01,Conservative
OPF-20260724-163753,20260102-1220-Short-988,20260102-1200-BULL-OBS-000984-Z000946-FR-RT,2026-01-02 12:20:00,2026-01-02 12:35:00,2026-01-02,2026-01,Short,FailureReverse_RetestFailed_WideStop1_5R,16.88,16.5,False,False,Core,0,Normal,True,True,-97.5,-101.1,,Stop,2026-W01,Conservative
OPF-20260724-163753,20260102-1420-Short-1012,20260102-1415-BEAR-OBS-001011-Z001011-OC,2026-01-02 14:20:00,2026-01-02 14:25:00,2026-01-02,2026-01,Short,ObservationConfirm,10.0,9.5,False,False,Core,0,Normal,True,True,-57.0,-60.6,,Stop,2026-W01,Conservative
OPF-20260724-163955,20260104-2340-Short-836,20260104-2330-BULL-OBS-000834-Z000833-FR,2026-01-04 23:40:00,2026-01-04 23:45:00,2026-01-05,2026-01,Short,FailureReverse_ObservationInvalidated,17.75,17.75,False,False,Core,0,Normal,True,True,-108.0,-111.6,,ProtectBE,2026-W02,Conservative
OPF-20260724-163955,20260105-0025-Long-845,20260105-0020-BULL-OBS-000844-Z000844-OC,2026-01-05 00:25:00,2026-01-05 00:30:00,2026-01-05,2026-01,Long,ObservationConfirm,10.0,10.375,False,False,Core,0,Normal,True,True,-62.25,-65.85,,Stop,2026-W02,Conservative
OPF-20260724-163955,20260105-0040-Short-848,20260105-0040-BEAR-OBS-000848-Z000848,2026-01-05 00:40:00,2026-01-05 00:45:00,2026-01-05,2026-01,Short,ZoneBirthResearch,6.5,7.75,False,False,Core,0,Normal,True,True,-46.5,-50.1,,Base:Stop|Runner:Stop,2026-W02,Conservative
OPF-20260724-163955,20260105-0155-Short-863,20260105-0150-BEAR-OBS-000862-Z000862-OC,2026-01-05 01:55:00,2026-01-05 02:00:00,2026-01-05,2026-01,Short,ObservationConfirm,17.25,18.25,False,False,Core,0,Normal,True,True,-108.0,-111.6,,Stop,2026-W02,Conservative
OPF-20260724-164152,20260105-2320-Short-832,20260105-2310-BULL-OBS-000830-Z000829-FR,2026-01-05 23:20:00,2026-01-05 23:25:00,2026-01-06,2026-01,Short,FailureReverse_ObservationInvalidated_WideStop1_5R,4.5,5.0,False,False,Core,0,Normal,True,True,-30.75,-34.35,,Stop,2026-W02,Conservative
OPF-20260724-164152,20260105-2335-Short-835,20260105-2335-BEAR-OBS-000835-Z000835,2026-01-05 23:35:00,2026-01-06 01:15:00,2026-01-06,2026-01,Short,ZoneBirthResearch,12.25,12.25,False,False,Core,0,Normal,True,True,-73.5,-77.1,,Base:Stop|Runner:Stop,2026-W02,Conservative
OPF-20260724-164152,20260106-0130-Long-858,20260106-0125-BULL-OBS-000857-Z000857-OC,2026-01-06 01:30:00,2026-01-06 02:30:00,2026-01-06,2026-01,Long,ObservationConfirm,8.5,8.75,False,False,Core,0,Normal,True,True,97.5,93.9,,ProtectBE,2026-W02,Conservative
OPF-20260724-164152,RELEASED|20260106-0225-BULL-OBS-000869-Z000869-OC|ObservationConfirm,20260106-0225-BULL-OBS-000869-Z000869-OC,2026-01-06 02:30:00,2026-01-06 02:45:00,2026-01-06,2026-01,Long,ObservationConfirm,6.5,6.5,False,False,ActiveTrade,1,Normal,True,True,111.25,107.65,,Target,2026-W02,Conservative
OPF-20260724-164152,20260106-0250-Long-874,20260106-0250-BULL-BRK-000874-Z000874-Q,2026-01-06 02:50:00,2026-01-06 03:45:00,2026-01-06,2026-01,Long,BreakawayFvg_Qualified,6.75,7.5,False,False,Core,0,Normal,True,True,-32.25,-35.85,,Stop,2026-W02,Conservative
OPF-20260724-164152,DEFERRED|20260106-0310-BULL-OBS-000878-Z000874-OC|ObservationConfirm,20260106-0310-BULL-OBS-000878-Z000874-OC,2026-01-06 03:50:00,2026-01-06 04:10:00,2026-01-06,2026-01,Long,ObservationConfirm,6.25,6.25,False,False,DeferredContinuation,2,Normal,True,True,112.5,108.9,20260106-0250-Long-874,Target,2026-W02,Conservative
OPF-20260724-164152,20260106-0520-Long-904,20260106-0515-BULL-OBS-000903-Z000903-OC,2026-01-06 05:20:00,2026-01-06 05:35:00,2026-01-06,2026-01,Long,ObservationConfirm,6.75,6.75,False,False,Core,0,Normal,True,True,-40.5,-44.1,,Stop,2026-W02,Conservative
OPF-20260724-164152,RELEASED|20260106-0525-BULL-OBS-000905-Z000903-OC|ObservationConfirm,20260106-0525-BULL-OBS-000905-Z000903-OC,2026-01-06 05:35:00,2026-01-06 05:40:00,2026-01-06,2026-01,Long,ObservationConfirm,5.75,5.75,False,False,ActiveTrade,1,Normal,True,True,-40.25,-43.85,,Stop,2026-W02,Conservative
OPF-20260724-164152,20260106-0615-Long-915,20260106-0610-BULL-OBS-000914-Z000914-OC,2026-01-06 06:15:00,2026-01-06 06:25:00,2026-01-06,2026-01,Long,ObservationConfirm,5.0,5.75,False,False,Core,0,Normal,True,True,49.5,45.9,,ProtectBE,2026-W02,Conservative
OPF-20260724-164152,20260106-0640-Long-920,20260106-0635-BULL-OBS-000919-Z000919-OC,2026-01-06 06:40:00,2026-01-06 06:45:00,2026-01-06,2026-01,Long,ObservationConfirm,6.75,7.0,False,False,Core,0,Normal,True,True,-43.5,-47.1,,Stop,2026-W02,Conservative
OPF-20260724-164403,20260106-2355-Long-839,20260106-2350-BULL-OBS-000838-Z000838-OC,2026-01-06 23:55:00,2026-01-07 00:05:00,2026-01-07,2026-01,Long,ObservationConfirm,5.5,6.375,False,False,Core,0,Normal,True,True,53.25,49.65,,Target,2026-W02,Conservative
OPF-20260724-164403,20260107-0245-Short-873,20260107-0235-BEAR-OBS-000871-Z000870-OC,2026-01-07 02:45:00,2026-01-07 03:00:00,2026-01-07,2026-01,Short,ObservationConfirm,4.75,4.75,False,False,Core,0,Normal,True,True,39.0,35.4,,ProtectBE,2026-W02,Conservative
OPF-20260724-164403,20260107-0310-Long-878,20260107-0305-BULL-OBS-000877-Z000877-OC,2026-01-07 03:10:00,2026-01-07 03:30:00,2026-01-07,2026-01,Long,ObservationConfirm,4.25,5.0,False,False,Core,0,Normal,True,True,42.0,38.4,,ProtectBE,2026-W02,Conservative
OPF-20260724-164403,20260107-0400-Short-888,20260107-0355-BEAR-OBS-000887-Z000887-OC,2026-01-07 04:00:00,2026-01-07 06:35:00,2026-01-07,2026-01,Short,ObservationConfirm,17.75,17.75,False,False,Core,0,Normal,True,True,159.0,155.4,,ProtectBE,2026-W02,Conservative
OPF-20260724-164403,20260107-0645-Short-921,20260107-0640-BEAR-OBS-000920-Z000920-OC,2026-01-07 06:45:00,2026-01-07 08:15:00,2026-01-07,2026-01,Short,ObservationConfirm,9.75,9.75,False,False,Core,0,Normal,True,True,-61.5,-65.1,,ProtectBE,2026-W02,Conservative
OPF-20260724-164403,RELEASED|20260107-0810-BULL-OBS-000938-Z000938-OC|ObservationConfirm,20260107-0810-BULL-OBS-000938-Z000938-OC,2026-01-07 08:15:00,2026-01-07 08:25:00,2026-01-07,2026-01,Long,ObservationConfirm,10.0,10.0,False,False,ActiveTrade,1,Normal,True,True,-5.749999999999999,-9.35,,ProtectBE,2026-W02,Conservative
OPF-20260724-164403,20260107-1020-Short-964,20260107-1020-BEAR-OBS-000964-Z000964,2026-01-07 10:20:00,2026-01-07 11:35:00,2026-01-07,2026-01,Short,ZoneBirthResearch,7.0,7.75,False,False,Core,0,Normal,True,True,-46.5,-50.1,,Base:Stop|Runner:Stop,2026-W02,Conservative
OPF-20260724-164403,20260107-1145-Long-981,20260107-1140-BULL-OBS-000980-Z000980-OC,2026-01-07 11:45:00,2026-01-07 11:55:00,2026-01-07,2026-01,Long,ObservationConfirm,6.5,6.75,False,False,Core,0,Normal,True,True,61.5,57.9,,Target,2026-W02,Conservative
OPF-20260724-164403,DEFERRED|20260107-1145-BULL-OBS-000981-Z000980-OC|ObservationConfirm,20260107-1145-BULL-OBS-000981-Z000980-OC,2026-01-07 12:00:00,2026-01-07 12:30:00,2026-01-07,2026-01,Long,ObservationConfirm,10.25,10.25,False,False,DeferredContinuation,2,Normal,True,True,0.0,-3.6,20260107-1145-Long-981,Stop,2026-W02,Conservative
OPF-20260724-164403,20260107-1610-Long-1034,20260107-1605-BULL-OBS-001033-Z001033-OC,2026-01-07 16:10:00,2026-01-07 16:15:00,2026-01-07,2026-01,Long,ObservationConfirm_WideStop1_5R,24.75,25.25,False,False,Core,0,Normal,True,True,-151.5,-155.1,,Stop,2026-W02,Conservative
OPF-20260724-164601,20260108-0000-Short-1116,20260107-2355-BEAR-OBS-001115-Z001115-OC,2026-01-08 00:00:00,2026-01-08 00:20:00,2026-01-08,2026-01,Short,ObservationConfirm,7.0,6.5,False,False,Core,0,Normal,True,True,37.5,33.9,,ProtectBE,2026-W02,Conservative
OPF-20260724-164601,DEFERRED|20260108-0000-BEAR-OBS-001116-Z001115-OC|ObservationConfirm,20260108-0000-BEAR-OBS-001116-Z001115-OC,2026-01-08 00:25:00,2026-01-08 00:30:00,2026-01-08,2026-01,Short,ObservationConfirm,7.0,7.0,False,False,DeferredContinuation,2,Normal,True,True,-0.0,-3.6,20260108-0000-Short-1116,Stop,2026-W02,Conservative
OPF-20260724-164601,20260108-0135-Short-1135,20260108-0135-BEAR-OBS-001135-Z001135,2026-01-08 01:35:00,2026-01-08 01:40:00,2026-01-08,2026-01,Short,ZoneBirthResearch,4.0,4.125,False,False,Core,0,Normal,True,True,-24.75,-28.35,,Base:Stop|Runner:Stop,2026-W02,Conservative
OPF-20260724-164601,20260108-0150-Long-1138,20260108-0145-BULL-OBS-001137-Z001137-OC-STR,2026-01-08 01:50:00,2026-01-08 02:05:00,2026-01-08,2026-01,Long,ObservationStrict_BullFresh_WideStop1_5R,3.75,4.75,False,False,Core,0,Normal,True,True,-31.5,-35.1,,ProtectBE,2026-W02,Conservative
OPF-20260724-164601,RELEASED|20260108-0200-BULL-OBS-001140-Z001137-OC|ObservationConfirm,20260108-0200-BULL-OBS-001140-Z001137-OC,2026-01-08 02:05:00,2026-01-08 02:10:00,2026-01-08,2026-01,Long,ObservationConfirm,8.5,8.5,False,False,ActiveTrade,1,Normal,True,True,-56.75,-60.35,,Stop,2026-W02,Conservative
OPF-20260724-164601,20260108-0220-Short-1144,20260108-0215-BEAR-OBS-001143-Z001143-OC,2026-01-08 02:20:00,2026-01-08 02:35:00,2026-01-08,2026-01,Short,ObservationConfirm,11.5,12.0,False,False,Core,0,Normal,True,True,112.5,108.9,,Target,2026-W02,Conservative
OPF-20260724-164601,20260108-0255-Short-1151,20260108-0250-BEAR-OBS-001150-Z001150-OC,2026-01-08 02:55:00,2026-01-08 03:40:00,2026-01-08,2026-01,Short,ObservationConfirm,10.25,10.5,False,False,Core,0,Normal,True,True,93.0,89.4,,ProtectBE,2026-W02,Conservative
OPF-20260724-164601,20260108-0525-Short-1181,20260108-0515-BEAR-OBS-001179-Z001179-OC,2026-01-08 05:25:00,2026-01-08 05:35:00,2026-01-08,2026-01,Short,ObservationConfirm,12.75,12.75,False,False,Core,0,Normal,True,True,114.0,110.4,,Target,2026-W02,Conservative
OPF-20260724-164601,20260108-0650-Long-1198,20260108-0645-BULL-OBS-001197-Z001197-OC,2026-01-08 06:50:00,2026-01-08 06:55:00,2026-01-08,2026-01,Long,ObservationConfirm,10.75,11.25,False,False,Core,0,Normal,True,True,-72.0,-75.6,,Stop,2026-W02,Conservative
OPF-20260724-164601,20260108-0820-Long-1216,20260108-0815-BULL-OBS-001215-Z001215-OC,2026-01-08 08:20:00,2026-01-08 08:30:00,2026-01-08,2026-01,Long,ObservationConfirm,10.0,10.75,False,False,Core,0,Normal,True,True,123.0,119.4,,ProtectBE,2026-W02,Conservative
OPF-20260724-164757,RELEASED|20260108-2330-BEAR-OBS-001110-Z001110-OC|ObservationConfirm,20260108-2330-BEAR-OBS-001110-Z001110-OC,2026-01-08 23:35:00,2026-01-09 00:10:00,2026-01-09,2026-01,Short,ObservationConfirm,12.25,12.25,False,False,ActiveTrade,1,Normal,True,True,0.0,-3.6,,ProtectBE,2026-W02,Conservative
OPF-20260724-164757,20260109-0110-Short-1130,20260109-0105-BEAR-OBS-001129-Z001127-OC,2026-01-09 01:10:00,2026-01-09 01:15:00,2026-01-09,2026-01,Short,ObservationConfirm,16.25,17.0,False,False,Core,0,Normal,True,True,150.0,146.4,,ProtectBE,2026-W02,Conservative
OPF-20260724-164757,20260109-0200-Long-1140,20260109-0155-BULL-OBS-001139-Z001139-OC,2026-01-09 02:00:00,2026-01-09 02:20:00,2026-01-09,2026-01,Long,ObservationConfirm_WideStop1_5R,18.0,18.875,False,False,Core,0,Normal,True,True,167.25,163.65,,ProtectBE,2026-W02,Conservative
OPF-20260724-164757,20260109-0410-Long-1166,20260109-0400-BULL-OBS-001164-Z001144-OC,2026-01-09 04:10:00,2026-01-09 04:15:00,2026-01-09,2026-01,Long,ObservationConfirm,9.75,10.75,False,False,Core,0,Normal,True,True,-61.5,-65.1,,Stop,2026-W02,Conservative
OPF-20260724-164757,DEFERRED|20260109-0400-BULL-OBS-001164-Z001144-OC-STR|ObservationStrict_Other,20260109-0400-BULL-OBS-001164-Z001144-OC-STR,2026-01-09 04:20:00,2026-01-09 05:45:00,2026-01-09,2026-01,Long,ObservationStrict_Other,9.75,9.75,False,False,DeferredContinuation,2,Normal,True,True,30.0,26.4,20260109-0410-Long-1166,TimeStop,2026-W02,Conservative
OPF-20260724-164757,20260109-0635-Long-1195,20260109-0630-BULL-OBS-001194-Z001194-OC,2026-01-09 06:35:00,2026-01-09 07:15:00,2026-01-09,2026-01,Long,ObservationConfirm_WideStop1_5R,24.38,24.5,False,False,Core,0,Normal,True,True,-144.0,-147.6,,Stop,2026-W02,Conservative
OPF-20260724-164757,20260109-0730-Short-1206,20260109-0730-BEAR-OBS-001206-Z001206,2026-01-09 07:30:00,2026-01-09 07:35:00,2026-01-09,2026-01,Short,ZoneBirthResearch,6.0,5.75,False,False,Core,0,Normal,True,True,-34.5,-38.1,,Base:Stop|Runner:Stop,2026-W02,Conservative
OPF-20260724-164757,RELEASED|20260109-0730-BEAR-OBS-001206-Z001206-FR|FailureReverse_ObservationInvalidated_WideStop1_5R,20260109-0730-BEAR-OBS-001206-Z001206-FR,2026-01-09 07:35:00,2026-01-09 07:50:00,2026-01-09,2026-01,Long,FailureReverse_ObservationInvalidated_WideStop1_5R,12.75,12.75,False,False,ActiveTrade,1,Normal,True,True,0.0,-3.6,,ProtectBE,2026-W02,Conservative
OPF-20260724-164757,20260109-0755-Long-1211,20260109-0750-BULL-OBS-001210-Z001209-OC-STR,2026-01-09 07:55:00,2026-01-09 08:00:00,2026-01-09,2026-01,Long,ObservationStrict_Other,4.0,4.0,False,False,Core,0,Normal,True,True,88.5,84.9,,Target,2026-W02,Conservative
OPF-20260724-164757,20260109-1145-Long-1257,20260109-1140-BULL-OBS-001256-Z001255-OC-STR,2026-01-09 11:45:00,2026-01-09 11:50:00,2026-01-09,2026-01,Long,ObservationStrict_Other,5.0,5.5,False,False,Core,0,Normal,True,True,-33.0,-36.6,,Stop,2026-W02,Conservative
OPF-20260724-164955,20260112-0045-Short-1125,20260112-0040-BEAR-OBS-001124-Z001124-OC,2026-01-12 00:45:00,2026-01-12 00:55:00,2026-01-12,2026-01,Short,ObservationConfirm,21.25,21.25,False,False,Core,0,Normal,True,True,189.0,185.4,,Target,2026-W03,Conservative
OPF-20260724-164955,20260112-0205-Short-1141,20260112-0205-BEAR-BRK-001141-Z001141,2026-01-12 02:05:00,2026-01-12 03:40:00,2026-01-12,2026-01,Short,BreakawayFvg,19.75,19.75,False,False,Core,0,Normal,True,True,229.5,225.9,,ProtectBE,2026-W03,Conservative
OPF-20260724-164955,20260112-0400-Short-1164,20260112-0355-BEAR-SHD-001163-Z001162,2026-01-12 04:00:00,2026-01-12 05:05:00,2026-01-12,2026-01,Short,ShadowCandidate,12.75,12.75,False,False,Core,0,Normal,True,True,-75.0,-78.6,,ProtectBE,2026-W03,Conservative
OPF-20260724-164955,20260112-0520-Short-1180,20260112-0515-BEAR-OBS-001179-Z001179-OC,2026-01-12 05:20:00,2026-01-12 06:05:00,2026-01-12,2026-01,Short,ObservationConfirm,13.0,13.0,False,False,Core,0,Normal,True,True,115.5,111.9,,ProtectBE,2026-W03,Conservative
OPF-20260724-164955,RELEASED|20260112-0620-BEAR-OBS-001192-Z001192|ZoneBirthResearch,20260112-0620-BEAR-OBS-001192-Z001192,2026-01-12 06:20:00,2026-01-12 06:25:00,2026-01-12,2026-01,Short,ZoneBirthResearch,6.0,6.0,False,False,ActiveTrade,1,Normal,True,True,-36.0,-39.6,,Base:Stop|Runner:Stop,2026-W03,Conservative
OPF-20260724-164955,20260112-0720-Long-1204,20260112-0715-BULL-OBS-001203-Z001201-OC,2026-01-12 07:20:00,2026-01-12 08:05:00,2026-01-12,2026-01,Long,ObservationConfirm,10.25,10.5,False,False,Core,0,Normal,True,True,-63.0,-66.6,,ProtectBE,2026-W03,Conservative
OPF-20260724-164955,20260112-0825-Short-1217,20260112-0825-BEAR-BRK-001217-Z001217,2026-01-12 08:25:00,2026-01-12 08:35:00,2026-01-12,2026-01,Short,BreakawayFvg,12.75,12.75,False,False,Core,0,Normal,True,True,151.5,147.9,,Target,2026-W03,Conservative
OPF-20260724-164955,20260112-0840-Short-1220,20260112-0835-BEAR-OBS-001219-Z001219-OC,2026-01-12 08:40:00,2026-01-12 08:50:00,2026-01-12,2026-01,Short,ObservationConfirm,18.75,18.75,False,False,Core,0,Normal,True,True,-112.5,-116.1,,Stop,2026-W03,Conservative
OPF-20260724-164955,20260112-0925-Short-1229,20260112-0925-BEAR-OBS-001229-Z001229,2026-01-12 09:25:00,2026-01-12 09:45:00,2026-01-12,2026-01,Short,ZoneBirthResearch,6.5,6.5,False,False,Core,0,Normal,True,True,-39.0,-42.6,,Base:Stop|Runner:Stop,2026-W03,Conservative
OPF-20260724-164955,20260112-1050-Short-1246,20260112-1050-BEAR-OBS-001246-Z001246,2026-01-12 10:50:00,2026-01-12 11:00:00,2026-01-12,2026-01,Short,ZoneBirthResearch,4.0,4.0,False,False,Core,0,Normal,True,True,-24.0,-27.6,,Base:Stop|Runner:Stop,2026-W03,Conservative
OPF-20260724-165152,20260112-2330-Short-1110,20260112-2330-BEAR-OBS-001110-Z001110,2026-01-12 23:30:00,2026-01-12 23:45:00,2026-01-13,2026-01,Short,ZoneBirthResearch,5.0,4.25,False,False,Core,0,Normal,True,True,76.5,72.9,,Base:Target|Runner:Target,2026-W03,Conservative
OPF-20260724-165152,DEFERRED|20260112-2330-BEAR-OBS-001110-Z001110-OC|ObservationConfirm,20260112-2330-BEAR-OBS-001110-Z001110-OC,2026-01-12 23:50:00,2026-01-13 00:30:00,2026-01-13,2026-01,Short,ObservationConfirm,9.25,9.25,False,False,DeferredContinuation,2,Normal,True,True,166.5,162.9,20260112-2330-Short-1110,Target,2026-W03,Conservative
OPF-20260724-165152,RELEASED|20260113-0035-BEAR-OBS-001123-Z001123-OC|ObservationConfirm,20260113-0035-BEAR-OBS-001123-Z001123-OC,2026-01-13 00:40:00,2026-01-13 01:40:00,2026-01-13,2026-01,Short,ObservationConfirm,8.0,8.0,False,False,ActiveTrade,1,Normal,True,True,144.0,140.4,,Target,2026-W03,Conservative
OPF-20260724-165152,20260113-0140-Short-1136,20260113-0135-BEAR-OBS-001135-Z001135-OC,2026-01-13 01:40:00,2026-01-13 01:45:00,2026-01-13,2026-01,Short,ObservationConfirm,19.5,20.0,False,False,Core,0,Normal,True,True,-120.0,-123.6,,Stop,2026-W03,Conservative
OPF-20260724-165152,20260113-0245-Long-1149,20260113-0240-BULL-OBS-001148-Z001148-OC,2026-01-13 02:45:00,2026-01-13 02:50:00,2026-01-13,2026-01,Long,ObservationConfirm,8.5,8.75,False,False,Core,0,Normal,True,True,-54.0,-57.6,,Stop,2026-W03,Conservative
OPF-20260724-165152,20260113-0305-Long-1153,20260113-0255-BULL-OBS-001151-Z001139-OC,2026-01-13 03:05:00,2026-01-13 03:15:00,2026-01-13,2026-01,Long,ObservationConfirm,6.25,7.5,False,False,Core,0,Normal,True,True,67.5,63.9,,ProtectBE,2026-W03,Conservative
OPF-20260724-165152,RELEASED|20260113-0310-BULL-OBS-001154-Z001154-OC|ObservationConfirm,20260113-0310-BULL-OBS-001154-Z001154-OC,2026-01-13 03:15:00,2026-01-13 03:30:00,2026-01-13,2026-01,Long,ObservationConfirm,4.25,4.25,False,False,ActiveTrade,1,Normal,True,True,-5.749999999999999,-9.35,,ProtectBE,2026-W03,Conservative
OPF-20260724-165152,RELEASED|20260113-0355-BULL-OBS-001163-Z001163-OC|ObservationConfirm,20260113-0355-BULL-OBS-001163-Z001163-OC,2026-01-13 04:00:00,2026-01-13 04:10:00,2026-01-13,2026-01,Long,ObservationConfirm,7.0,7.0,False,False,ActiveTrade,1,Normal,True,True,-5.749999999999999,-9.35,,ProtectBE,2026-W03,Conservative
OPF-20260724-165152,20260113-0455-Long-1175,20260113-0450-BULL-OBS-001174-Z001174-OC,2026-01-13 04:55:00,2026-01-13 05:00:00,2026-01-13,2026-01,Long,ObservationConfirm,4.75,5.75,False,False,Core,0,Normal,True,True,-34.5,-38.1,,Stop,2026-W03,Conservative
OPF-20260724-165152,20260113-0540-Long-1184,20260113-0535-BULL-OBS-001183-Z001180-OC,2026-01-13 05:40:00,2026-01-13 06:45:00,2026-01-13,2026-01,Long,ObservationConfirm_WideStop1_5R,22.12,22.0,False,False,Core,0,Normal,True,True,199.5,195.9,,ProtectBE,2026-W03,Conservative
OPF-20260724-170316,20260113-2325-Short-1109,20260113-2320-BEAR-OBS-001108-Z001107-OC,2026-01-13 23:25:00,2026-01-13 23:55:00,2026-01-14,2026-01,Short,ObservationConfirm,17.0,16.625,False,False,Core,0,Normal,True,True,-105.0,-108.6,,Stop,2026-W03,Conservative
OPF-20260724-170316,20260114-0125-Long-1133,20260114-0120-BULL-OBS-001132-Z001132-OC,2026-01-14 01:25:00,2026-01-14 01:30:00,2026-01-14,2026-01,Long,ObservationConfirm,9.25,8.75,False,False,Core,0,Normal,True,True,-52.5,-56.1,,Stop,2026-W03,Conservative
OPF-20260724-170316,20260114-0320-Long-1156,20260114-0310-BEAR-OBS-001154-Z001135-FR,2026-01-14 03:20:00,2026-01-14 03:25:00,2026-01-14,2026-01,Long,FailureReverse_ObservationInvalidated,3.75,4.25,False,False,Core,0,Normal,True,True,-25.5,-29.1,,Stop,2026-W03,Conservative
OPF-20260724-170316,20260114-0455-Short-1175,20260114-0450-BEAR-OBS-001174-Z001174-OC,2026-01-14 04:55:00,2026-01-14 05:05:00,2026-01-14,2026-01,Short,ObservationConfirm,7.75,8.0,False,False,Core,0,Normal,True,True,69.0,65.4,,ProtectBE,2026-W03,Conservative
OPF-20260724-170316,20260114-0530-Short-1182,20260114-0525-BEAR-OBS-001181-Z001181-OC,2026-01-14 05:30:00,2026-01-14 05:35:00,2026-01-14,2026-01,Short,ObservationConfirm,5.0,6.25,False,False,Core,0,Normal,True,True,-39.75,-43.35,,Stop,2026-W03,Conservative
OPF-20260724-170316,20260114-0555-Short-1187,20260114-0550-BEAR-OBS-001186-Z001186-OC,2026-01-14 05:55:00,2026-01-14 06:00:00,2026-01-14,2026-01,Short,ObservationConfirm,9.0,8.5,False,False,Core,0,Normal,True,True,73.5,69.9,,ProtectBE,2026-W03,Conservative
OPF-20260724-170316,20260114-0605-Short-1189,20260114-0605-BEAR-OBS-001189-Z001189,2026-01-14 06:05:00,2026-01-14 06:10:00,2026-01-14,2026-01,Short,ZoneBirthResearch,5.75,5.5,False,False,Core,0,Normal,True,True,-33.0,-36.6,,Base:Stop|Runner:Stop,2026-W03,Conservative
OPF-20260724-170316,RELEASED|20260114-0610-BEAR-OBS-001190-Z001189-OC|ObservationConfirm,20260114-0610-BEAR-OBS-001190-Z001189-OC,2026-01-14 06:15:00,2026-01-14 06:25:00,2026-01-14,2026-01,Short,ObservationConfirm,9.25,9.25,False,False,ActiveTrade,1,Normal,True,True,-55.5,-59.1,,Stop,2026-W03,Conservative
OPF-20260724-170316,20260114-0705-Long-1201,20260114-0700-BULL-OBS-001200-Z001200-OC,2026-01-14 07:05:00,2026-01-14 07:15:00,2026-01-14,2026-01,Long,ObservationConfirm,6.5,6.625,False,False,Core,0,Normal,True,True,-42.75,-46.35,,ProtectBE,2026-W03,Conservative
OPF-20260724-170316,20260114-0930-Short-1230,20260114-0930-BEAR-OBS-001230-Z001230,2026-01-14 09:30:00,2026-01-14 10:10:00,2026-01-14,2026-01,Short,ZoneBirthResearch,7.25,8.25,False,False,Core,0,Normal,True,True,148.5,144.9,,Base:Target|Runner:Target,2026-W03,Conservative
OPF-20260724-170522,20260115-0330-Short-1158,20260115-0330-BEAR-OBS-001158-Z001158,2026-01-15 03:30:00,2026-01-15 03:35:00,2026-01-15,2026-01,Short,ZoneBirthResearch,7.75,9.25,False,False,Core,0,Abnormal,False,False,-55.5,-59.1,,Base:Stop|Runner:Stop,2026-W03,Conservative
OPF-20260724-170522,20260115-0400-Short-1164,20260115-0355-BEAR-OBS-001163-Z001163-OC,2026-01-15 04:00:00,2026-01-15 04:10:00,2026-01-15,2026-01,Short,ObservationConfirm,11.0,11.75,False,False,Core,0,Normal,True,True,-76.5,-80.1,,Stop,2026-W03,Conservative
OPF-20260724-170522,20260115-0550-Long-1186,20260115-0550-BULL-PB-001186-Z001185,2026-01-15 05:50:00,2026-01-15 05:55:00,2026-01-15,2026-01,Long,AlmostConfirmed,7.0,7.875,False,False,Core,0,Normal,True,True,-48.0,-51.6,,Stop,2026-W03,Conservative
OPF-20260724-170522,RELEASED|20260115-0600-BEAR-OBS-001188-Z001188|ZoneBirthResearch,20260115-0600-BEAR-OBS-001188-Z001188,2026-01-15 06:00:00,2026-01-15 06:10:00,2026-01-15,2026-01,Short,ZoneBirthResearch,6.75,6.75,False,False,ActiveTrade,1,Normal,True,True,-40.5,-44.1,,Base:Stop|Runner:Stop,2026-W03,Conservative
OPF-20260724-170522,20260115-0650-Long-1198,20260115-0645-BULL-OBS-001197-Z001197-OC,2026-01-15 06:50:00,2026-01-15 07:00:00,2026-01-15,2026-01,Long,ObservationConfirm_WideStop1_5R,24.38,25.75,False,False,Core,0,Normal,True,True,-156.0,-159.6,,Stop,2026-W03,Conservative
OPF-20260724-170720,20260115-2355-Long-1115,20260115-2350-BULL-OBS-001114-Z001114-OC,2026-01-15 23:55:00,2026-01-16 00:00:00,2026-01-16,2026-01,Long,ObservationConfirm,8.75,8.75,False,False,Core,0,Normal,True,True,-52.5,-56.1,,Stop,2026-W03,Conservative
OPF-20260724-170720,20260116-0005-Short-1117,20260116-0005-BEAR-OBS-001117-Z001117,2026-01-16 00:05:00,2026-01-16 00:10:00,2026-01-16,2026-01,Short,ZoneBirthResearch,4.5,5.125,False,False,Core,0,Normal,True,True,-30.75,-34.35,,Base:Stop|Runner:Stop,2026-W03,Conservative
OPF-20260724-170720,20260116-0150-Long-1138,20260116-0140-BULL-OBS-001136-Z001135-OC,2026-01-16 01:50:00,2026-01-16 01:55:00,2026-01-16,2026-01,Long,ObservationConfirm,10.75,11.0,False,False,Core,0,Normal,True,True,-66.0,-69.6,,Stop,2026-W03,Conservative
OPF-20260724-170720,DEFERRED|20260116-0135-BULL-OBS-001135-Z001135-OC|ObservationConfirm,20260116-0135-BULL-OBS-001135-Z001135-OC,2026-01-16 02:00:00,2026-01-16 03:25:00,2026-01-16,2026-01,Long,ObservationConfirm,10.75,10.75,False,False,DeferredContinuation,2,Normal,True,True,124.5,120.9,20260116-0150-Long-1138,TimeStop,2026-W03,Conservative
OPF-20260724-170720,20260116-0425-Long-1169,20260116-0420-BULL-OBS-001168-Z001168-OC,2026-01-16 04:25:00,2026-01-16 05:25:00,2026-01-16,2026-01,Long,ObservationConfirm,9.0,9.0,False,False,Core,0,Normal,True,True,105.0,101.4,,ProtectBE,2026-W03,Conservative
OPF-20260724-170720,20260116-0545-Short-1185,20260116-0540-BEAR-OBS-001184-Z001184-OC,2026-01-16 05:45:00,2026-01-16 06:05:00,2026-01-16,2026-01,Short,ObservationConfirm,6.75,6.75,False,False,Core,0,Normal,True,True,-41.25,-44.85,,Stop,2026-W03,Conservative
OPF-20260724-170720,20260116-1150-Short-1258,20260116-1145-BEAR-OBS-001257-Z001257-OC,2026-01-16 11:50:00,2026-01-16 12:55:00,2026-01-16,2026-01,Short,ObservationConfirm,17.5,18.75,False,False,Core,0,Normal,True,True,168.0,164.4,,ProtectBE,2026-W03,Conservative
OPF-20260724-170720,20260116-1700-Short-1320,20260116-1655-BEAR-OBS-001319-Z001319-OC,2026-01-16 17:00:00,2026-01-16 17:40:00,2026-01-16,2026-01,Short,ObservationConfirm,21.5,23.0,False,False,Core,0,Normal,True,True,205.5,201.9,,ProtectBE,2026-W03,Conservative
OPF-20260724-170720,20260116-1825-Short-1337,20260116-1820-BEAR-OBS-001336-Z001319-OC,2026-01-16 18:25:00,2026-01-16 18:30:00,2026-01-16,2026-01,Short,ObservationConfirm,12.0,12.0,False,False,Core,0,Normal,True,True,-72.0,-75.6,,Stop,2026-W03,Conservative
OPF-20260724-170918,20260120-0215-Long-1095,20260120-0215-BULL-PB-001095-Z001085,2026-01-20 02:15:00,2026-01-20 02:20:00,2026-01-20,2026-01,Long,AlmostConfirmed,6.5,7.875,False,False,Core,0,Normal,True,True,-48.75,-52.35,,Stop,2026-W04,Conservative
OPF-20260724-170918,20260120-0330-Short-1110,20260120-0325-BEAR-OBS-001109-Z001109-OC,2026-01-20 03:30:00,2026-01-20 04:05:00,2026-01-20,2026-01,Short,ObservationConfirm,12.25,11.625,False,False,Core,0,Normal,True,True,104.25,100.65,,Target,2026-W04,Conservative
OPF-20260724-170918,20260120-0500-Short-1128,20260120-0500-BEAR-OBS-001128-Z001128,2026-01-20 05:00:00,2026-01-20 05:05:00,2026-01-20,2026-01,Short,ZoneBirthResearch,6.5,6.75,False,False,Core,0,Normal,True,True,-40.5,-44.1,,Base:Stop|Runner:Stop,2026-W04,Conservative
OPF-20260724-170918,20260120-0545-Short-1137,20260120-0540-BEAR-OBS-001136-Z001136-OC,2026-01-20 05:45:00,2026-01-20 06:00:00,2026-01-20,2026-01,Short,ObservationConfirm,18.5,18.75,False,False,Core,0,Normal,True,True,169.5,165.9,,Target,2026-W04,Conservative
OPF-20260724-170918,20260120-0825-Short-1169,20260120-0820-BEAR-OBS-001168-Z001168-OC,2026-01-20 08:25:00,2026-01-20 08:30:00,2026-01-20,2026-01,Short,ObservationConfirm,22.0,23.0,False,False,Core,0,Normal,True,True,207.0,203.4,,Target,2026-W04,Conservative
OPF-20260724-170918,20260120-0845-Long-1173,20260120-0840-BEAR-OBS-001172-Z001172-FR,2026-01-20 08:45:00,2026-01-20 08:50:00,2026-01-20,2026-01,Long,FailureReverse_ObservationInvalidated_WideStop1_5R,20.62,20.75,False,False,Core,0,Normal,True,True,-124.5,-128.1,,Stop,2026-W04,Conservative
OPF-20260724-170918,20260120-1825-Short-1289,20260120-1825-BEAR-BRK-001289-Z001289,2026-01-20 18:25:00,2026-01-20 18:35:00,2026-01-20,2026-01,Short,BreakawayFvg,19.25,20.5,False,False,Core,0,Normal,True,True,244.5,240.9,,Target,2026-W04,Conservative
OPF-20260724-170918,20260120-2125-Short-1324,20260120-2120-BULL-OBS-001323-Z001322-FR,2026-01-20 21:25:00,2026-01-20 21:50:00,2026-01-20,2026-01,Short,FailureReverse_ObservationInvalidated,8.5,10.5,False,False,Core,0,Normal,True,True,13.5,9.9,,GlobexCloseout,2026-W04,Conservative
OPF-20260724-171116,20260121-0125-Long-1084,20260121-0120-BULL-OBS-001083-Z001083-OC,2026-01-21 01:25:00,2026-01-21 01:30:00,2026-01-21,2026-01,Long,ObservationConfirm,9.0,9.75,False,False,Core,0,Normal,True,True,-55.5,-59.1,,Stop,2026-W04,Conservative
OPF-20260724-171116,20260121-0205-Long-1092,20260121-0200-BULL-OBS-001091-Z001082-OC,2026-01-21 02:05:00,2026-01-21 02:10:00,2026-01-21,2026-01,Long,ObservationConfirm,6.75,7.25,False,False,Core,0,Normal,True,True,-46.5,-50.1,,ProtectBE,2026-W04,Conservative
OPF-20260724-171116,20260121-0235-Long-1098,20260121-0230-BULL-OBS-001097-Z001075-OC,2026-01-21 02:35:00,2026-01-21 02:40:00,2026-01-21,2026-01,Long,ObservationConfirm,8.75,8.75,False,False,Core,0,Normal,True,True,105.0,101.4,,Target,2026-W04,Conservative
OPF-20260724-171116,20260121-0250-Long-1101,20260121-0245-BULL-OBS-001100-Z001100-OC,2026-01-21 02:50:00,2026-01-21 02:55:00,2026-01-21,2026-01,Long,ObservationConfirm,8.0,7.5,False,False,Core,0,Normal,True,True,-42.0,-45.6,,Stop,2026-W04,Conservative
OPF-20260724-171116,20260121-0515-Long-1130,20260121-0510-BULL-OBS-001129-Z001129-OC,2026-01-21 05:15:00,2026-01-21 05:20:00,2026-01-21,2026-01,Long,ObservationConfirm,11.75,11.75,False,False,Core,0,Normal,True,True,-70.5,-74.1,,Stop,2026-W04,Conservative
OPF-20260724-171116,20260121-0555-Long-1138,20260121-0550-BULL-OBS-001137-Z001135-OC,2026-01-21 05:55:00,2026-01-21 06:00:00,2026-01-21,2026-01,Long,ObservationConfirm_WideStop1_5R,3.0,3.125,False,False,Core,0,Normal,True,True,-18.75,-22.35,,Stop,2026-W04,Conservative
OPF-20260724-171116,20260121-0605-Long-1140,20260121-0600-BULL-OBS-001139-Z001134-OC,2026-01-21 06:05:00,2026-01-21 06:20:00,2026-01-21,2026-01,Long,ObservationConfirm,9.75,10.0,False,False,Core,0,Normal,True,True,-64.5,-68.1,,Stop,2026-W04,Conservative
OPF-20260724-171116,20260121-0655-Short-1150,20260121-0650-BEAR-OBS-001149-Z001149-OC,2026-01-21 06:55:00,2026-01-21 07:00:00,2026-01-21,2026-01,Short,ObservationConfirm,16.75,17.0,False,False,Core,0,Normal,True,True,-99.75,-103.35,,Stop,2026-W04,Conservative
OPF-20260724-171319,20260122-0135-Long-1086,20260122-0130-BULL-OBS-001085-Z001085-OC,2026-01-22 01:35:00,2026-01-22 02:00:00,2026-01-22,2026-01,Long,ObservationConfirm,7.75,7.5,False,False,Core,0,Normal,True,True,63.0,59.4,,ProtectBE,2026-W04,Conservative
OPF-20260724-171319,20260122-0215-Short-1094,20260122-0215-BEAR-OBS-001094-Z001094,2026-01-22 02:15:00,2026-01-22 03:05:00,2026-01-22,2026-01,Short,ZoneBirthResearch,7.75,7.5,False,False,Core,0,Normal,True,True,75.0,71.4,,Base:Target|Runner:ProtectBE,2026-W04,Conservative
OPF-20260724-171319,20260122-0310-Long-1105,20260122-0305-BULL-OBS-001104-Z001104-OC,2026-01-22 03:10:00,2026-01-22 04:10:00,2026-01-22,2026-01,Long,ObservationConfirm,9.25,10.0,False,False,Core,0,Normal,True,True,-60.0,-63.6,,ProtectBE,2026-W04,Conservative
OPF-20260724-171319,20260122-0435-Short-1122,20260122-0420-BEAR-OBS-001119-Z001119-OC,2026-01-22 04:35:00,2026-01-22 05:35:00,2026-01-22,2026-01,Short,ObservationConfirm,12.5,12.875,False,False,Core,0,Normal,True,True,116.25,112.65,,Target,2026-W04,Conservative
OPF-20260724-171319,DEFERRED|20260122-0520-BEAR-OBS-001131-Z001130-OC|ObservationConfirm,20260122-0520-BEAR-OBS-001131-Z001130-OC,2026-01-22 05:40:00,2026-01-22 05:40:00,2026-01-22,2026-01,Short,ObservationConfirm,3.75,3.75,False,False,DeferredContinuation,2,Normal,True,True,67.5,63.9,20260122-0435-Short-1122,Target,2026-W04,Conservative
OPF-20260724-171319,20260122-0550-Short-1137,20260122-0545-BEAR-OBS-001136-Z001136-OC,2026-01-22 05:50:00,2026-01-22 06:05:00,2026-01-22,2026-01,Short,ObservationConfirm,21.75,22.5,False,False,Core,0,Normal,True,True,201.0,197.4,,ProtectBE,2026-W04,Conservative
OPF-20260724-171319,RELEASED|20260122-0615-BEAR-OBS-001142-Z001142-OC|ObservationConfirm,20260122-0615-BEAR-OBS-001142-Z001142-OC,2026-01-22 06:20:00,2026-01-22 06:35:00,2026-01-22,2026-01,Short,ObservationConfirm,19.5,19.5,False,False,ActiveTrade,1,Normal,True,True,-117.0,-120.6,,Stop,2026-W04,Conservative
OPF-20260724-171319,20260122-1315-Long-1226,20260122-1310-BULL-OBS-001225-Z001223-OC,2026-01-22 13:15:00,2026-01-22 13:25:00,2026-01-22,2026-01,Long,ObservationConfirm_WideStop1_5R,24.75,24.75,False,False,Core,0,Normal,True,True,-156.0,-159.6,,Stop,2026-W04,Conservative
OPF-20260724-171319,20260122-1825-Short-1288,20260122-1815-BEAR-OBS-001286-Z001286-OC,2026-01-22 18:25:00,2026-01-22 18:30:00,2026-01-22,2026-01,Short,ObservationConfirm,11.5,11.5,False,False,Core,0,Normal,True,True,-63.75,-67.35,,Stop,2026-W04,Conservative
OPF-20260724-171319,20260122-2000-Short-1307,20260122-2000-BEAR-OBS-001307-Z001307,2026-01-22 20:00:00,2026-01-22 20:15:00,2026-01-22,2026-01,Short,ZoneBirthResearch,16.25,17.0,False,False,Core,0,Normal,True,True,-102.0,-105.6,,Base:Stop|Runner:Stop,2026-W04,Conservative
OPF-20260724-171518,20260122-2310-Short-1057,20260122-2305-BEAR-OBS-001056-Z001056-OC,2026-01-22 23:10:00,2026-01-22 23:15:00,2026-01-23,2026-01,Short,ObservationConfirm,19.25,20.0,False,False,Core,0,Normal,True,True,-126.75,-130.35,,Stop,2026-W04,Conservative
OPF-20260724-171518,20260123-0045-Long-1076,20260123-0040-BULL-OBS-001075-Z001075-OC,2026-01-23 00:45:00,2026-01-23 00:50:00,2026-01-23,2026-01,Long,ObservationConfirm,7.25,7.5,False,False,Core,0,Normal,True,True,73.5,69.9,,Target,2026-W04,Conservative
OPF-20260724-171518,20260123-0205-Long-1092,20260123-0200-BULL-OBS-001091-Z001090-OC-STR,2026-01-23 02:05:00,2026-01-23 02:20:00,2026-01-23,2026-01,Long,ObservationStrict_Other,3.5,4.5,False,False,Core,0,Normal,True,True,-28.5,-32.1,,Target,2026-W04,Conservative
OPF-20260724-171518,RELEASED|20260123-0225-BEAR-OBS-001096-Z001096|ZoneBirthResearch,20260123-0225-BEAR-OBS-001096-Z001096,2026-01-23 02:25:00,2026-01-23 03:00:00,2026-01-23,2026-01,Short,ZoneBirthResearch,5.75,5.75,False,False,ActiveTrade,1,Normal,True,True,-34.5,-38.1,,Base:Stop|Runner:Stop,2026-W04,Conservative
OPF-20260724-171518,20260123-0325-Long-1108,20260123-0320-BULL-OBS-001107-Z001107-OC,2026-01-23 03:25:00,2026-01-23 03:30:00,2026-01-23,2026-01,Long,ObservationConfirm,7.0,7.75,False,False,Core,0,Normal,True,True,-45.0,-48.6,,Stop,2026-W04,Conservative
OPF-20260724-171518,20260123-0400-Short-1115,20260123-0325-BULL-OBS-001108-Z001107-FR-RT,2026-01-23 04:00:00,2026-01-23 04:25:00,2026-01-23,2026-01,Short,FailureReverse_RetestFailed,7.75,8.0,False,False,Core,0,Normal,True,True,-46.5,-50.1,,ProtectBE,2026-W04,Conservative
OPF-20260724-171518,20260123-0435-Long-1122,20260123-0430-BULL-OBS-001121-Z001121-OC,2026-01-23 04:35:00,2026-01-23 04:40:00,2026-01-23,2026-01,Long,ObservationConfirm,6.25,6.75,False,False,Core,0,Normal,True,True,-42.0,-45.6,,Stop,2026-W04,Conservative
OPF-20260724-171518,20260123-0505-Long-1128,20260123-0500-BULL-OBS-001127-Z001126-OC,2026-01-23 05:05:00,2026-01-23 05:55:00,2026-01-23,2026-01,Long,ObservationConfirm,8.5,8.5,False,False,Core,0,Normal,True,True,99.75,96.15,,Target,2026-W04,Conservative
OPF-20260724-171518,DEFERRED|20260123-0455-BULL-OBS-001126-Z001126-OC|ObservationConfirm,20260123-0455-BULL-OBS-001126-Z001126-OC,2026-01-23 06:00:00,2026-01-23 06:35:00,2026-01-23,2026-01,Long,ObservationConfirm,8.5,8.5,False,False,DeferredContinuation,2,Normal,True,True,0.0,-3.6,20260123-0505-Long-1128,Stop,2026-W04,Conservative
OPF-20260724-171518,20260123-0915-Short-1178,20260123-0915-BEAR-OBS-001178-Z001178,2026-01-23 09:15:00,2026-01-23 09:20:00,2026-01-23,2026-01,Short,ZoneBirthResearch,8.0,9.0,False,False,Core,0,Normal,True,True,-54.0,-57.6,,Base:Stop|Runner:Stop,2026-W04,Conservative
OPF-20260724-171716,20260126-0245-Short-1148,20260126-0245-BEAR-OBS-001148-Z001148,2026-01-26 02:45:00,2026-01-26 03:00:00,2026-01-26,2026-01,Short,ZoneBirthResearch,17.75,18.75,False,False,Core,0,Normal,True,True,-112.5,-116.1,,Base:Stop|Runner:Stop,2026-W05,Conservative
OPF-20260724-171716,20260126-0315-Short-1154,20260126-0310-BULL-OBS-001153-Z001153-FR,2026-01-26 03:15:00,2026-01-26 03:45:00,2026-01-26,2026-01,Short,FailureReverse_ObservationInvalidated_WideStop1_5R,11.25,11.25,False,False,Core,0,Normal,True,True,202.5,198.9,,ProtectBE,2026-W05,Conservative
OPF-20260724-171716,20260126-0535-Long-1182,20260126-0530-BULL-OBS-001181-Z001181-OC,2026-01-26 05:35:00,2026-01-26 05:55:00,2026-01-26,2026-01,Long,ObservationConfirm,11.0,11.125,False,False,Core,0,Normal,True,True,128.25,124.65,,Target,2026-W05,Conservative
OPF-20260724-171716,20260126-0610-Long-1189,20260126-0605-BULL-OBS-001188-Z001188-OC,2026-01-26 06:10:00,2026-01-26 06:30:00,2026-01-26,2026-01,Long,ObservationConfirm,11.25,11.75,False,False,Core,0,Normal,True,True,-66.0,-69.6,,ProtectBE,2026-W05,Conservative
OPF-20260724-171716,20260126-0920-Short-1227,20260126-0915-BEAR-OBS-001226-Z001226-OC,2026-01-26 09:20:00,2026-01-26 09:25:00,2026-01-26,2026-01,Short,ObservationConfirm,20.0,20.5,False,False,Core,0,Normal,True,True,184.5,180.9,,Target,2026-W05,Conservative
OPF-20260724-171716,20260126-1015-Short-1238,20260126-1015-BEAR-OBS-001238-Z001231,2026-01-26 10:15:00,2026-01-26 10:20:00,2026-01-26,2026-01,Short,UnknownRegimeZoneTouch,11.25,12.5,False,False,Core,0,Normal,True,True,-76.5,-80.1,,ProtectBE,2026-W05,Conservative
OPF-20260724-171716,20260126-1105-Long-1248,20260126-1100-BULL-OBS-001247-Z001241-OC-STR,2026-01-26 11:05:00,2026-01-26 11:10:00,2026-01-26,2026-01,Long,ObservationStrict_Other,5.5,5.75,False,False,Core,0,Normal,True,True,-37.5,-41.1,,Stop,2026-W05,Conservative
OPF-20260724-171716,20260126-1220-Short-1263,20260126-1220-BEAR-OBS-001263-Z001263,2026-01-26 12:20:00,2026-01-26 13:10:00,2026-01-26,2026-01,Short,ZoneBirthResearch,18.0,18.25,False,False,Core,0,Normal,True,True,-109.5,-113.1,,Base:Stop|Runner:Stop,2026-W05,Conservative
OPF-20260724-171716,RELEASED|20260126-1335-BEAR-OBS-001278-Z001278|ZoneBirthResearch,20260126-1335-BEAR-OBS-001278-Z001278,2026-01-26 13:35:00,2026-01-26 13:45:00,2026-01-26,2026-01,Short,ZoneBirthResearch,12.75,12.75,False,False,ActiveTrade,1,Normal,True,True,-76.5,-80.1,,Base:Stop|Runner:Stop,2026-W05,Conservative
OPF-20260724-171716,20260126-1555-Long-1306,20260126-1550-BULL-OBS-001305-Z001305-OC,2026-01-26 15:55:00,2026-01-26 16:15:00,2026-01-26,2026-01,Long,ObservationConfirm_WideStop1_5R,22.5,22.0,False,False,Core,0,Normal,True,True,-130.5,-134.1,,Stop,2026-W05,Conservative
OPF-20260724-171912,20260126-2350-Long-1114,20260126-2345-BULL-OBS-001113-Z001113-OC,2026-01-26 23:50:00,2026-01-27 00:00:00,2026-01-27,2026-01,Long,ObservationConfirm,7.25,7.25,False,False,Core,0,Normal,True,True,-42.75,-46.35,,ProtectBE,2026-W05,Conservative
OPF-20260724-171912,20260127-0245-Long-1149,20260127-0240-BULL-OBS-001148-Z001148-OC,2026-01-27 02:45:00,2026-01-27 03:50:00,2026-01-27,2026-01,Long,ObservationConfirm,9.0,9.25,False,False,Core,0,Normal,True,True,108.0,104.4,,Target,2026-W05,Conservative
OPF-20260724-171912,20260127-0430-Long-1170,20260127-0420-BULL-OBS-001168-Z001166-OC,2026-01-27 04:30:00,2026-01-27 05:05:00,2026-01-27,2026-01,Long,ObservationConfirm,12.0,12.375,False,False,Core,0,Abnormal,False,False,-2.25,-5.85,,Stop,2026-W05,Conservative
OPF-20260724-172115,20260127-2320-Short-1108,20260127-2320-BEAR-OBS-001108-Z001108,2026-01-27 23:20:00,2026-01-27 23:30:00,2026-01-28,2026-01,Short,ZoneBirthResearch,4.0,4.375,False,False,Core,0,Normal,True,True,-26.25,-29.85,,Base:Stop|Runner:Stop,2026-W05,Conservative
OPF-20260724-172115,RELEASED|20260127-2320-BEAR-OBS-001108-Z001108-FR|FailureReverse_ObservationInvalidated_WideStop1_5R,20260127-2320-BEAR-OBS-001108-Z001108-FR,2026-01-27 23:30:00,2026-01-27 23:40:00,2026-01-28,2026-01,Long,FailureReverse_ObservationInvalidated_WideStop1_5R,5.62,5.62,False,False,ActiveTrade,1,Normal,True,True,-33.72,-37.32,,Stop,2026-W05,Conservative
OPF-20260724-172115,20260128-0020-Long-1120,20260128-0015-BULL-OBS-001119-Z001119-OC,2026-01-28 00:20:00,2026-01-28 00:25:00,2026-01-28,2026-01,Long,ObservationConfirm,9.25,9.25,False,False,Core,0,Normal,True,True,103.5,99.9,,Target,2026-W05,Conservative
OPF-20260724-172115,20260128-0110-Long-1130,20260128-0105-BULL-OBS-001129-Z001129-OC,2026-01-28 01:10:00,2026-01-28 03:20:00,2026-01-28,2026-01,Long,ObservationConfirm_WideStop1_5R,23.25,23.25,False,False,Core,0,Normal,True,True,-127.5,-131.1,,Stop,2026-W05,Conservative
OPF-20260724-172115,20260128-0335-Short-1159,20260128-0330-BEAR-OBS-001158-Z001158-OC,2026-01-28 03:35:00,2026-01-28 03:40:00,2026-01-28,2026-01,Short,ObservationConfirm,7.25,8.0,False,False,Core,0,Normal,True,True,72.0,68.4,,ProtectBE,2026-W05,Conservative
OPF-20260724-172115,RELEASED|20260128-0335-BEAR-OBS-001159-Z001158-OC|ObservationConfirm,20260128-0335-BEAR-OBS-001159-Z001158-OC,2026-01-28 03:40:00,2026-01-28 04:05:00,2026-01-28,2026-01,Short,ObservationConfirm,16.75,16.75,False,False,ActiveTrade,1,Normal,True,True,-100.5,-104.1,,Stop,2026-W05,Conservative
OPF-20260724-172115,20260128-0415-Long-1167,20260128-0410-BULL-OBS-001166-Z001166-OC,2026-01-28 04:15:00,2026-01-28 05:40:00,2026-01-28,2026-01,Long,ObservationConfirm,10.75,10.75,False,False,Core,0,Normal,True,True,125.25,121.65,,Target,2026-W05,Conservative
OPF-20260724-172115,20260128-0545-Long-1185,20260128-0540-BULL-OBS-001184-Z001184-OC,2026-01-28 05:45:00,2026-01-28 05:55:00,2026-01-28,2026-01,Long,ObservationConfirm,8.0,8.0,False,False,Core,0,Normal,True,True,72.0,68.4,,Target,2026-W05,Conservative
OPF-20260724-172115,RELEASED|20260128-0550-BULL-OBS-001186-Z001186-OC|ObservationConfirm,20260128-0550-BULL-OBS-001186-Z001186-OC,2026-01-28 05:55:00,2026-01-28 06:00:00,2026-01-28,2026-01,Long,ObservationConfirm,5.0,5.0,False,False,ActiveTrade,1,Normal,True,True,84.25,80.65,,Target,2026-W05,Conservative
OPF-20260724-172115,20260128-0645-Short-1197,20260128-0635-BULL-OBS-001195-Z001195-FR,2026-01-28 06:45:00,2026-01-28 06:50:00,2026-01-28,2026-01,Short,FailureReverse_ObservationInvalidated,16.25,16.25,False,False,Core,0,Normal,True,True,-97.5,-101.1,,Stop,2026-W05,Conservative
OPF-20260724-172313,20260129-0215-Long-1143,20260129-0210-BULL-OBS-001142-Z001141-OC,2026-01-29 02:15:00,2026-01-29 02:20:00,2026-01-29,2026-01,Long,ObservationConfirm,10.0,11.0,False,False,Core,0,Normal,True,True,-69.0,-72.6,,Stop,2026-W05,Conservative
OPF-20260724-172313,20260129-0245-Short-1149,20260129-0245-BEAR-OBS-001149-Z001149,2026-01-29 02:45:00,2026-01-29 02:55:00,2026-01-29,2026-01,Short,ZoneBirthResearch,16.75,16.875,False,False,Core,0,Normal,True,True,-101.25,-104.85,,Base:Stop|Runner:Stop,2026-W05,Conservative
OPF-20260724-172313,20260129-0330-Long-1158,20260129-0325-BULL-OBS-001157-Z001156-OC,2026-01-29 03:30:00,2026-01-29 03:35:00,2026-01-29,2026-01,Long,ObservationConfirm,11.0,12.25,False,False,Core,0,Abnormal,False,False,-3.75,-7.35,,Stop,2026-W05,Conservative
OPF-20260724-172313,20260129-0425-Long-1169,20260129-0425-BULL-PB-001169-Z001168,2026-01-29 04:25:00,2026-01-29 05:30:00,2026-01-29,2026-01,Long,AlmostConfirmed,10.0,11.125,False,False,Core,0,Normal,True,True,168.75,165.15,,ProtectBE,2026-W05,Conservative
OPF-20260724-172313,20260129-0620-Long-1192,20260129-0620-BULL-PB-001192-Z001190,2026-01-29 06:20:00,2026-01-29 06:25:00,2026-01-29,2026-01,Long,AlmostConfirmed,6.5,7.25,False,False,Core,0,Normal,True,True,-45.0,-48.6,,Stop,2026-W05,Conservative
OPF-20260724-172313,RELEASED|20260129-0620-BULL-OBS-001192-Z001190-OC|ObservationConfirm,20260129-0620-BULL-OBS-001192-Z001190-OC,2026-01-29 06:30:00,2026-01-29 06:35:00,2026-01-29,2026-01,Long,ObservationConfirm,8.0,8.0,False,False,ActiveTrade,1,Normal,True,True,-53.75,-57.35,,Stop,2026-W05,Conservative
OPF-20260724-172313,20260129-1010-Short-1238,20260129-1005-BEAR-OBS-001237-Z001236-OC,2026-01-29 10:10:00,2026-01-29 10:15:00,2026-01-29,2026-01,Short,ObservationConfirm,17.25,17.5,False,False,Core,0,Normal,True,True,-102.0,-105.6,,Stop,2026-W05,Conservative
OPF-20260724-172313,20260129-1040-Short-1244,20260129-1030-BULL-OBS-001242-Z001241-FR,2026-01-29 10:40:00,2026-01-29 10:50:00,2026-01-29,2026-01,Short,FailureReverse_ObservationInvalidated,7.0,7.75,False,False,Core,0,Normal,True,True,114.0,110.4,,Target,2026-W05,Conservative
OPF-20260724-172313,DEFERRED|20260129-1030-BULL-OBS-001242-Z001241-FR|FailureReverse_ObservationInvalidated_WideStop1_5R,20260129-1030-BULL-OBS-001242-Z001241-FR,2026-01-29 10:55:00,2026-01-29 11:00:00,2026-01-29,2026-01,Short,FailureReverse_ObservationInvalidated_WideStop1_5R,10.5,10.5,False,False,DeferredContinuation,2,Normal,True,True,189.0,185.4,20260129-1040-Short-1244,Target,2026-W05,Conservative
OPF-20260724-172512,20260130-0115-Short-1131,20260130-0115-BEAR-OBS-001131-Z001131,2026-01-30 01:15:00,2026-01-30 01:20:00,2026-01-30,2026-01,Short,ZoneBirthResearch,5.0,5.875,False,False,Core,0,Normal,True,True,105.75,102.15,,Base:Target|Runner:Target,2026-W05,Conservative
OPF-20260724-172512,20260130-0600-Short-1188,20260130-0600-BEAR-BRK-001188-Z001188,2026-01-30 06:00:00,2026-01-30 06:20:00,2026-01-30,2026-01,Short,BreakawayFvg,26.0,25.5,False,False,Core,0,Normal,True,True,309.0,305.4,,Target,2026-W05,Conservative
OPF-20260724-172512,DEFERRED|20260130-0605-BEAR-OBS-001189-Z001189-OC|ObservationConfirm,20260130-0605-BEAR-OBS-001189-Z001189-OC,2026-01-30 06:25:00,2026-01-30 06:30:00,2026-01-30,2026-01,Short,ObservationConfirm,19.5,19.5,False,False,DeferredContinuation,2,Normal,True,True,-0.0,-3.6,20260130-0600-Short-1188,Stop,2026-W05,Conservative
OPF-20260724-172512,20260130-1915-Long-1347,20260130-1910-BULL-OBS-001346-Z001344-OC,2026-01-30 19:15:00,2026-01-30 19:25:00,2026-01-30,2026-01,Long,ObservationConfirm,11.0,10.625,False,False,Core,0,Normal,True,True,125.25,121.65,,ProtectBE,2026-W05,Conservative
OPF-20260724-172716,20260202-0150-Short-1138,20260202-0145-BEAR-OBS-001137-Z001137-OC,2026-02-02 01:50:00,2026-02-02 02:00:00,2026-02-02,2026-02,Short,ObservationConfirm,19.5,17.375,False,False,Core,0,Normal,True,True,159.0,155.4,,ProtectBE,2026-W06,Conservative
OPF-20260724-172716,RELEASED|20260202-0315-BEAR-OBS-001155-Z001155-OC|ObservationConfirm,20260202-0315-BEAR-OBS-001155-Z001155-OC,2026-02-02 03:20:00,2026-02-02 03:25:00,2026-02-02,2026-02,Short,ObservationConfirm,12.75,12.75,False,False,ActiveTrade,1,Normal,True,True,-76.5,-80.1,,Stop,2026-W06,Conservative
OPF-20260724-172716,20260202-0720-Long-1204,20260202-0715-BULL-OBS-001203-Z001202-OC-STR,2026-02-02 07:20:00,2026-02-02 07:55:00,2026-02-02,2026-02,Long,ObservationStrict_Other,22.25,23.375,False,False,Core,0,Normal,True,True,419.25,415.65,,ProtectBE,2026-W06,Conservative
OPF-20260724-172716,20260202-1415-Long-1287,20260202-1410-BULL-OBS-001286-Z001284-OC-STR,2026-02-02 14:15:00,2026-02-02 14:20:00,2026-02-02,2026-02,Long,ObservationStrict_Other,12.5,12.75,False,False,Core,0,Normal,True,True,-75.75,-79.35,,Stop,2026-W06,Conservative
OPF-20260724-172913,20260203-0105-Long-1129,20260203-0100-BEAR-OBS-001128-Z001125-FR,2026-02-03 01:05:00,2026-02-03 01:30:00,2026-02-03,2026-02,Long,FailureReverse_ObservationInvalidated,10.0,10.125,False,False,Core,0,Normal,True,True,-57.75,-61.35,,ProtectBE,2026-W06,Conservative
OPF-20260724-172913,RELEASED|20260203-0130-BEAR-OBS-001134-Z001134-OC|ObservationConfirm,20260203-0130-BEAR-OBS-001134-Z001134-OC,2026-02-03 01:35:00,2026-02-03 02:40:00,2026-02-03,2026-02,Short,ObservationConfirm,18.0,18.0,False,False,ActiveTrade,1,Normal,True,True,324.0,320.4,,Target,2026-W06,Conservative
OPF-20260724-172913,20260203-0240-Short-1148,20260203-0235-BEAR-OBS-001147-Z001147-OC,2026-02-03 02:40:00,2026-02-03 02:45:00,2026-02-03,2026-02,Short,ObservationConfirm,12.0,13.125,False,False,Core,0,Normal,True,True,-80.25,-83.85,,Stop,2026-W06,Conservative
OPF-20260724-172913,20260203-0300-Long-1152,20260203-0255-BULL-OBS-001151-Z001151-OC,2026-02-03 03:00:00,2026-02-03 03:10:00,2026-02-03,2026-02,Long,ObservationConfirm,9.25,10.375,False,False,Core,0,Normal,True,True,-66.75,-70.35,,ProtectBE,2026-W06,Conservative
OPF-20260724-172913,20260203-0335-Long-1159,20260203-0330-BULL-OBS-001158-Z001157-OC,2026-02-03 03:35:00,2026-02-03 03:45:00,2026-02-03,2026-02,Long,ObservationConfirm,10.75,10.0,False,False,Core,0,Normal,True,True,120.0,116.4,,Target,2026-W06,Conservative
OPF-20260724-172913,20260203-0350-Long-1162,20260203-0345-BULL-OBS-001161-Z001161-OC,2026-02-03 03:50:00,2026-02-03 04:00:00,2026-02-03,2026-02,Long,ObservationConfirm_WideStop1_5R,11.25,11.0,False,False,Core,0,Normal,True,True,103.5,99.9,,ProtectBE,2026-W06,Conservative
OPF-20260724-172913,20260203-0405-Short-1165,20260203-0400-BEAR-OBS-001164-Z001134-OC,2026-02-03 04:05:00,2026-02-03 04:10:00,2026-02-03,2026-02,Short,ObservationConfirm,6.5,7.75,False,False,Core,0,Normal,True,True,66.75,63.15,,ProtectBE,2026-W06,Conservative
OPF-20260724-172913,20260203-0415-Short-1167,20260203-0415-BEAR-OBS-001167-Z001167,2026-02-03 04:15:00,2026-02-03 04:30:00,2026-02-03,2026-02,Short,ZoneBirthResearch,4.25,4.875,False,False,Core,0,Normal,True,True,-29.25,-32.85,,Base:Stop|Runner:Stop,2026-W06,Conservative
OPF-20260724-172913,20260203-0620-Long-1192,20260203-0615-BULL-OBS-001191-Z001191-OC,2026-02-03 06:20:00,2026-02-03 06:25:00,2026-02-03,2026-02,Long,ObservationConfirm,8.5,9.0,False,False,Core,0,Normal,True,True,-55.5,-59.1,,Stop,2026-W06,Conservative
OPF-20260724-172913,20260203-1005-Short-1237,20260203-1005-BEAR-OBS-001237-Z001227,2026-02-03 10:05:00,2026-02-03 10:10:00,2026-02-03,2026-02,Short,UnknownRegimeZoneTouch,5.5,5.75,False,False,Core,0,Normal,True,True,-22.5,-26.1,,Stop,2026-W06,Conservative
OPF-20260724-173117,20260204-0150-Short-1138,20260204-0145-BEAR-OBS-001137-Z001136-OC,2026-02-04 01:50:00,2026-02-04 01:55:00,2026-02-04,2026-02,Short,ObservationConfirm,18.5,18.75,False,False,Core,0,Normal,True,True,-113.25,-116.85,,Stop,2026-W06,Conservative
OPF-20260724-173117,20260204-0220-Short-1144,20260204-0220-BEAR-OBS-001144-Z001144,2026-02-04 02:20:00,2026-02-04 06:05:00,2026-02-04,2026-02,Short,ZoneBirthResearch,16.5,16.75,False,False,Core,0,Normal,True,True,-100.5,-104.1,,Base:Stop|Runner:Stop,2026-W06,Conservative
OPF-20260724-173117,20260204-0615-Long-1191,20260204-0610-BULL-OBS-001190-Z001189-OC-STR,2026-02-04 06:15:00,2026-02-04 06:20:00,2026-02-04,2026-02,Long,ObservationStrict_Other,7.25,6.75,False,False,Core,0,Normal,True,True,-37.5,-41.1,,Stop,2026-W06,Conservative
OPF-20260724-173117,20260204-0745-Long-1209,20260204-0740-BULL-OBS-001208-Z001208-OC,2026-02-04 07:45:00,2026-02-04 07:55:00,2026-02-04,2026-02,Long,ObservationConfirm,11.5,11.75,False,False,Core,0,Normal,True,True,-71.25,-74.85,,Stop,2026-W06,Conservative
OPF-20260724-173325,20260205-0130-Short-1134,20260205-0125-BEAR-OBS-001133-Z001133-OC,2026-02-05 01:30:00,2026-02-05 01:35:00,2026-02-05,2026-02,Short,ObservationConfirm,19.25,20.25,False,False,Core,0,Normal,True,True,-123.0,-126.6,,Stop,2026-W06,Conservative
OPF-20260724-173325,20260205-0420-Short-1168,20260205-0420-BEAR-BRK-001168-Z001168,2026-02-05 04:20:00,2026-02-05 04:25:00,2026-02-05,2026-02,Short,BreakawayFvg,20.0,18.5,False,False,Core,0,Normal,True,True,-110.25,-113.85,,Stop,2026-W06,Conservative
OPF-20260724-173325,20260205-0450-Short-1174,20260205-0450-BEAR-OBS-001174-Z001151,2026-02-05 04:50:00,2026-02-05 05:35:00,2026-02-05,2026-02,Short,UnknownRegimeZoneTouch,17.75,17.0,False,False,Core,0,Normal,True,True,-102.0,-105.6,,ProtectBE,2026-W06,Conservative
OPF-20260724-173522,20260206-0745-Short-1209,20260206-0740-BEAR-OBS-001208-Z001208-OC,2026-02-06 07:45:00,2026-02-06 07:55:00,2026-02-06,2026-02,Short,ObservationConfirm,18.75,18.0,False,False,Core,0,Normal,True,True,159.0,155.4,,ProtectBE,2026-W06,Conservative
OPF-20260724-173720,20260209-0305-Short-1153,20260209-0300-BEAR-OBS-001152-Z001152-OC,2026-02-09 03:05:00,2026-02-09 03:30:00,2026-02-09,2026-02,Short,ObservationConfirm,17.25,18.5,False,False,Core,0,Normal,True,True,166.5,162.9,,ProtectBE,2026-W07,Conservative
OPF-20260724-173720,20260209-0440-Short-1172,20260209-0435-BEAR-OBS-001171-Z001171-OC,2026-02-09 04:40:00,2026-02-09 04:45:00,2026-02-09,2026-02,Short,ObservationConfirm,10.5,10.75,False,False,Core,0,Normal,True,True,96.0,92.4,,ProtectBE,2026-W07,Conservative
OPF-20260724-173720,RELEASED|20260209-0440-BEAR-OBS-001172-Z001171-OC|ObservationConfirm,20260209-0440-BEAR-OBS-001172-Z001171-OC,2026-02-09 04:45:00,2026-02-09 05:10:00,2026-02-09,2026-02,Short,ObservationConfirm,9.25,9.25,False,False,ActiveTrade,1,Normal,True,True,0.0,-3.6,,ProtectBE,2026-W07,Conservative
OPF-20260724-173720,20260209-0525-Long-1181,20260209-0520-BULL-OBS-001180-Z001180-OC,2026-02-09 05:25:00,2026-02-09 05:35:00,2026-02-09,2026-02,Long,ObservationConfirm,9.25,9.25,False,False,Core,0,Normal,True,True,111.0,107.4,,ProtectBE,2026-W07,Conservative
OPF-20260724-173720,20260209-0545-Short-1185,20260209-0545-BEAR-OBS-001185-Z001185,2026-02-09 05:45:00,2026-02-09 05:50:00,2026-02-09,2026-02,Short,ZoneBirthResearch,6.0,7.0,False,False,Core,0,Normal,True,True,-42.0,-45.6,,Base:Stop|Runner:Stop,2026-W07,Conservative
OPF-20260724-173720,20260209-0610-Short-1190,20260209-0605-BEAR-OBS-001189-Z001189-OC,2026-02-09 06:10:00,2026-02-09 06:35:00,2026-02-09,2026-02,Short,ObservationConfirm,16.75,18.5,False,False,Core,0,Normal,True,True,166.5,162.9,,ProtectBE,2026-W07,Conservative
OPF-20260724-173720,20260209-0810-Short-1214,20260209-0805-BEAR-OBS-001213-Z001189-OC,2026-02-09 08:10:00,2026-02-09 08:20:00,2026-02-09,2026-02,Short,ObservationConfirm_WideStop1_5R,16.88,16.75,False,False,Core,0,Normal,True,True,148.5,144.9,,ProtectBE,2026-W07,Conservative
OPF-20260724-173720,20260209-1210-Short-1262,20260209-1210-BEAR-OBS-001262-Z001236,2026-02-09 12:10:00,2026-02-09 12:15:00,2026-02-09,2026-02,Short,UnknownRegimeZoneTouch,8.75,8.75,False,False,Core,0,Normal,True,True,154.5,150.9,,Target,2026-W07,Conservative
OPF-20260724-173720,20260209-1605-Long-1309,20260209-1605-BULL-PB-001309-Z001308,2026-02-09 16:05:00,2026-02-09 16:20:00,2026-02-09,2026-02,Long,AlmostConfirmed,17.25,16.25,False,False,Core,0,Normal,True,True,242.25,238.65,,ProtectBE,2026-W07,Conservative
OPF-20260724-173720,20260209-1930-Long-1350,20260209-1925-BULL-OBS-001349-Z001349-OC,2026-02-09 19:30:00,2026-02-09 19:50:00,2026-02-09,2026-02,Long,ObservationConfirm_WideStop1_5R,23.25,23.375,False,False,Core,0,Normal,True,True,-141.75,-145.35,,Stop,2026-W07,Conservative
OPF-20260724-173917,20260210-0240-Short-1148,20260210-0240-BEAR-OBS-001148-Z001148,2026-02-10 02:40:00,2026-02-10 02:50:00,2026-02-10,2026-02,Short,ZoneBirthResearch,6.25,6.25,False,False,Core,0,Normal,True,True,-37.5,-41.1,,Base:Stop|Runner:Stop,2026-W07,Conservative
OPF-20260724-173917,RELEASED|20260210-0245-BEAR-OBS-001149-Z001148-OC|ObservationConfirm_WideStop1_5R,20260210-0245-BEAR-OBS-001149-Z001148-OC,2026-02-10 02:55:00,2026-02-10 03:05:00,2026-02-10,2026-02,Short,ObservationConfirm_WideStop1_5R,7.12,7.12,False,False,ActiveTrade,1,Normal,True,True,128.16000000000003,124.56000000000003,,Target,2026-W07,Conservative
OPF-20260724-173917,20260210-0305-Short-1153,20260210-0305-BEAR-BRK-001153-Z001153,2026-02-10 03:05:00,2026-02-10 03:25:00,2026-02-10,2026-02,Short,BreakawayFvg,20.5,20.0,False,False,Core,0,Normal,True,True,-114.0,-117.6,,Stop,2026-W07,Conservative
OPF-20260724-173917,20260210-0420-Long-1168,20260210-0415-BULL-OBS-001167-Z001166-OC,2026-02-10 04:20:00,2026-02-10 04:50:00,2026-02-10,2026-02,Long,ObservationConfirm,10.0,11.0,False,False,Core,0,Normal,True,True,127.5,123.9,,ProtectBE,2026-W07,Conservative
OPF-20260724-173917,20260210-0510-Long-1178,20260210-0505-BULL-OBS-001177-Z001174-OC,2026-02-10 05:10:00,2026-02-10 05:15:00,2026-02-10,2026-02,Long,ObservationConfirm,8.5,8.75,False,False,Core,0,Normal,True,True,-52.5,-56.1,,Stop,2026-W07,Conservative
OPF-20260724-173917,20260210-0545-Short-1185,20260210-0545-BEAR-OBS-001185-Z001185,2026-02-10 05:45:00,2026-02-10 05:50:00,2026-02-10,2026-02,Short,ZoneBirthResearch,5.75,5.0,False,False,Core,0,Normal,True,True,-30.0,-33.6,,Base:Stop|Runner:Stop,2026-W07,Conservative
OPF-20260724-173917,20260210-0925-Long-1229,20260210-0920-BULL-OBS-001228-Z001228-OC,2026-02-10 09:25:00,2026-02-10 09:30:00,2026-02-10,2026-02,Long,ObservationConfirm,11.5,11.0,False,False,Core,0,Normal,True,True,-67.5,-71.1,,Stop,2026-W07,Conservative
OPF-20260724-173917,RELEASED|20260210-0945-BULL-OBS-001233-Z001226-FR|FailureReverse_ObservationInvalidated_WideStop1_5R,20260210-0945-BULL-OBS-001233-Z001226-FR,2026-02-10 09:50:00,2026-02-10 10:10:00,2026-02-10,2026-02,Short,FailureReverse_ObservationInvalidated_WideStop1_5R,18.38,18.38,False,False,ActiveTrade,1,Normal,True,True,0.0,-3.6,,ProtectBE,2026-W07,Conservative
OPF-20260724-173917,20260210-1820-Short-1336,20260210-1820-BEAR-OBS-001336-Z001336,2026-02-10 18:20:00,2026-02-10 20:10:00,2026-02-10,2026-02,Short,ZoneBirthResearch,17.75,18.0,False,False,Core,0,Normal,True,True,324.0,320.4,,Base:Target|Runner:Target,2026-W07,Conservative
OPF-20260724-174112,20260210-2330-Short-1110,20260210-2330-BEAR-OBS-001110-Z001110,2026-02-10 23:30:00,2026-02-10 23:40:00,2026-02-11,2026-02,Short,ZoneBirthResearch,6.75,7.0,False,False,Core,0,Normal,True,True,-42.0,-45.6,,Base:Stop|Runner:Stop,2026-W07,Conservative
OPF-20260724-174112,DEFERRED|20260210-2320-BULL-OBS-001108-Z001108-FR-RT|FailureReverse_RetestFailed_WideStop1_5R,20260210-2320-BULL-OBS-001108-Z001108-FR-RT,2026-02-10 23:45:00,2026-02-11 00:25:00,2026-02-11,2026-02,Short,FailureReverse_RetestFailed_WideStop1_5R,8.62,8.62,False,False,DeferredContinuation,2,Normal,True,True,-0.0,-3.6,20260210-2330-Short-1110,Stop,2026-W07,Conservative
OPF-20260724-174112,20260211-0150-Long-1138,20260211-0145-BULL-OBS-001137-Z001137-OC,2026-02-11 01:50:00,2026-02-11 02:35:00,2026-02-11,2026-02,Long,ObservationConfirm,12.0,12.0,False,False,Core,0,Normal,True,True,-77.25,-80.85,,Stop,2026-W07,Conservative
OPF-20260724-174112,20260211-0245-Short-1149,20260211-0240-BEAR-OBS-001148-Z001148-OC,2026-02-11 02:45:00,2026-02-11 02:50:00,2026-02-11,2026-02,Short,ObservationConfirm,3.75,4.25,False,False,Core,0,Normal,True,True,-25.5,-29.1,,Stop,2026-W07,Conservative
OPF-20260724-174112,20260211-0310-Short-1154,20260211-0305-BEAR-OBS-001153-Z001153-OC,2026-02-11 03:10:00,2026-02-11 03:15:00,2026-02-11,2026-02,Short,ObservationConfirm,7.0,6.75,False,False,Core,0,Normal,True,True,60.0,56.4,,ProtectBE,2026-W07,Conservative
OPF-20260724-174112,20260211-0335-Long-1159,20260211-0330-BULL-OBS-001158-Z001158-OC,2026-02-11 03:35:00,2026-02-11 03:55:00,2026-02-11,2026-02,Long,ObservationConfirm,7.5,7.5,False,False,Core,0,Normal,True,True,55.5,51.9,,Target,2026-W07,Conservative
OPF-20260724-174112,20260211-0415-Short-1167,20260211-0415-BEAR-OBS-001167-Z001167,2026-02-11 04:15:00,2026-02-11 04:20:00,2026-02-11,2026-02,Short,ZoneBirthResearch,3.5,3.875,False,False,Core,0,Normal,True,True,-23.25,-26.85,,Base:Stop|Runner:Stop,2026-W07,Conservative
OPF-20260724-174112,RELEASED|20260211-0420-BEAR-OBS-001168-Z001167-OC|ObservationConfirm,20260211-0420-BEAR-OBS-001168-Z001167-OC,2026-02-11 04:25:00,2026-02-11 06:05:00,2026-02-11,2026-02,Short,ObservationConfirm,19.0,19.0,False,False,ActiveTrade,1,Normal,True,True,0.0,-3.6,,ProtectBE,2026-W07,Conservative
OPF-20260724-174112,20260211-0850-Short-1222,20260211-0830-BEAR-SHD-001218-Z001214,2026-02-11 08:50:00,2026-02-11 08:55:00,2026-02-11,2026-02,Short,ShadowCandidate,9.0,9.0,False,False,Core,0,Normal,True,True,-55.5,-59.1,,Stop,2026-W07,Conservative
OPF-20260724-174112,RELEASED|20260211-1025-BULL-OBS-001241-Z001241-OC-STR|ObservationStrict_BullFresh_WideStop1_5R,20260211-1025-BULL-OBS-001241-Z001241-OC-STR,2026-02-11 10:30:00,2026-02-11 10:45:00,2026-02-11,2026-02,Long,ObservationStrict_BullFresh_WideStop1_5R,11.25,11.25,False,False,DailyTradeLimit,1,Normal,True,True,0.0,-3.6,,ProtectBE,2026-W07,Conservative
OPF-20260724-174318,20260212-0345-Long-1161,20260212-0340-BULL-OBS-001160-Z001159-OC,2026-02-12 03:45:00,2026-02-12 03:55:00,2026-02-12,2026-02,Long,ObservationConfirm,8.75,8.25,False,False,Core,0,Normal,True,True,-46.5,-50.1,,Stop,2026-W07,Conservative
OPF-20260724-174318,DEFERRED|20260212-0340-BULL-OBS-001160-Z001159-OC-STR|ObservationStrict_Other,20260212-0340-BULL-OBS-001160-Z001159-OC-STR,2026-02-12 04:00:00,2026-02-12 04:25:00,2026-02-12,2026-02,Long,ObservationStrict_Other,8.75,8.75,False,False,DeferredContinuation,2,Normal,True,True,157.5,153.9,20260212-0345-Long-1161,Target,2026-W07,Conservative
OPF-20260724-174318,20260212-0440-Short-1172,20260212-0435-BEAR-OBS-001171-Z001171-OC,2026-02-12 04:40:00,2026-02-12 04:50:00,2026-02-12,2026-02,Short,ObservationConfirm,12.25,12.5,False,False,Core,0,Normal,True,True,-76.5,-80.1,,Stop,2026-W07,Conservative
OPF-20260724-174318,RELEASED|20260212-0445-BEAR-OBS-001173-Z001171-OC|ObservationConfirm,20260212-0445-BEAR-OBS-001173-Z001171-OC,2026-02-12 04:50:00,2026-02-12 04:55:00,2026-02-12,2026-02,Short,ObservationConfirm,6.5,6.5,False,False,ActiveTrade,1,Normal,True,True,-39.0,-42.6,,Stop,2026-W07,Conservative
OPF-20260724-174318,RELEASED|20260212-0450-BULL-OBS-001174-Z001174-OC|ObservationConfirm,20260212-0450-BULL-OBS-001174-Z001174-OC,2026-02-12 04:55:00,2026-02-12 05:15:00,2026-02-12,2026-02,Long,ObservationConfirm,5.5,5.5,False,False,ActiveTrade,1,Normal,True,True,93.25,89.65,,Target,2026-W07,Conservative
OPF-20260724-174318,RELEASED|20260212-0510-BULL-OBS-001178-Z001177-OC|ObservationConfirm,20260212-0510-BULL-OBS-001178-Z001177-OC,2026-02-12 05:15:00,2026-02-12 05:30:00,2026-02-12,2026-02,Long,ObservationConfirm,8.5,8.5,False,False,ActiveTrade,1,Normal,True,True,-56.75,-60.35,,Stop,2026-W07,Conservative
OPF-20260724-174318,RELEASED|20260212-0530-BEAR-OBS-001182-Z001182-OC|ObservationConfirm,20260212-0530-BEAR-OBS-001182-Z001182-OC,2026-02-12 05:35:00,2026-02-12 05:40:00,2026-02-12,2026-02,Short,ObservationConfirm,4.5,4.5,False,False,ActiveTrade,1,Normal,True,True,-27.0,-30.6,,Stop,2026-W07,Conservative
OPF-20260724-174318,20260212-0655-Long-1199,20260212-0645-BEAR-OBS-001197-Z001195-FR,2026-02-12 06:55:00,2026-02-12 07:15:00,2026-02-12,2026-02,Long,FailureReverse_ObservationInvalidated,11.5,11.875,False,False,Core,0,Normal,True,True,176.25,172.65,,Target,2026-W07,Conservative
OPF-20260724-174318,20260212-0730-Long-1206,20260212-0725-BULL-OBS-001205-Z001205-OC,2026-02-12 07:30:00,2026-02-12 08:00:00,2026-02-12,2026-02,Long,ObservationConfirm,9.25,8.75,False,False,Core,0,Normal,True,True,105.0,101.4,,ProtectBE,2026-W07,Conservative
OPF-20260724-174318,DEFERRED|20260212-0745-BULL-OBS-001209-Z001205-OC|ObservationConfirm,20260212-0745-BULL-OBS-001209-Z001205-OC,2026-02-12 08:05:00,2026-02-12 08:05:00,2026-02-12,2026-02,Long,ObservationConfirm,10.75,10.75,False,False,DeferredContinuation,2,Normal,True,True,-64.5,-68.1,20260212-0730-Long-1206,Stop,2026-W07,Conservative
OPF-20260724-174521,20260213-0010-Long-1118,20260213-0005-BULL-OBS-001117-Z001117-OC,2026-02-13 00:10:00,2026-02-13 00:15:00,2026-02-13,2026-02,Long,ObservationConfirm,10.25,10.0,False,False,Core,0,Normal,True,True,-60.75,-64.35,,Stop,2026-W07,Conservative
OPF-20260724-174521,20260213-0240-Short-1148,20260213-0235-BULL-OBS-001147-Z001147-FR,2026-02-13 02:40:00,2026-02-13 03:55:00,2026-02-13,2026-02,Short,FailureReverse_ObservationInvalidated_WideStop1_5R,19.5,19.375,False,False,Core,0,Normal,True,True,336.75,333.15,,Target,2026-W07,Conservative
OPF-20260724-174521,RELEASED|20260213-0405-BEAR-OBS-001165-Z001163|UnknownRegimeZoneTouch,20260213-0405-BEAR-OBS-001165-Z001163,2026-02-13 04:05:00,2026-02-13 04:10:00,2026-02-13,2026-02,Short,UnknownRegimeZoneTouch,12.5,12.5,False,False,ActiveTrade,1,Normal,True,True,-75.0,-78.6,,Stop,2026-W07,Conservative
OPF-20260724-174521,20260213-0440-Short-1172,20260213-0435-BEAR-OBS-001171-Z001171-OC,2026-02-13 04:40:00,2026-02-13 05:15:00,2026-02-13,2026-02,Short,ObservationConfirm,20.0,21.0,False,False,Core,0,Normal,True,True,186.0,182.4,,Target,2026-W07,Conservative
OPF-20260724-174521,DEFERRED|20260213-0440-BEAR-OBS-001172-Z001171-OC|ObservationConfirm,20260213-0440-BEAR-OBS-001172-Z001171-OC,2026-02-13 05:20:00,2026-02-13 06:25:00,2026-02-13,2026-02,Short,ObservationConfirm,20.25,20.25,False,False,DeferredContinuation,2,Normal,True,True,364.5,360.9,20260213-0440-Short-1172,Target,2026-W07,Conservative
OPF-20260724-174521,20260213-0705-Short-1201,20260213-0700-BEAR-OBS-001200-Z001180-OC,2026-02-13 07:05:00,2026-02-13 07:10:00,2026-02-13,2026-02,Short,ObservationConfirm_WideStop1_5R,20.25,19.875,False,False,Core,0,Normal,True,True,-119.25,-122.85,,Stop,2026-W07,Conservative
OPF-20260724-174521,20260213-2125-Short-1373,20260213-2125-BEAR-OBS-001373-Z001373,2026-02-13 21:25:00,2026-02-13 21:30:00,2026-02-13,2026-02,Short,ZoneBirthResearch,6.75,5.25,False,False,Core,0,Normal,True,True,-31.5,-35.1,,Base:Stop|Runner:Stop,2026-W07,Conservative
OPF-20260724-174743,20260217-0110-Long-1082,20260217-0105-BEAR-OBS-001081-Z001077-FR,2026-02-17 01:10:00,2026-02-17 01:15:00,2026-02-17,2026-02,Long,FailureReverse_ObservationInvalidated,10.5,11.25,False,False,Core,0,Normal,True,True,-68.25,-71.85,,Stop,2026-W08,Conservative
OPF-20260724-174743,RELEASED|20260217-0110-BULL-OBS-001082-Z001082-OC|ObservationConfirm,20260217-0110-BULL-OBS-001082-Z001082-OC,2026-02-17 01:15:00,2026-02-17 01:20:00,2026-02-17,2026-02,Long,ObservationConfirm,8.25,8.25,False,False,ActiveTrade,1,Normal,True,True,-55.25,-58.85,,Stop,2026-W08,Conservative
OPF-20260724-174743,20260217-0225-Short-1097,20260217-0220-BEAR-OBS-001096-Z001092-OC,2026-02-17 02:25:00,2026-02-17 02:35:00,2026-02-17,2026-02,Short,ObservationConfirm_WideStop1_5R,10.88,11.25,False,False,Core,0,Normal,True,True,100.5,96.9,,ProtectBE,2026-W08,Conservative
OPF-20260724-174743,20260217-0335-Short-1111,20260217-0335-BEAR-BRK-001111-Z001111,2026-02-17 03:35:00,2026-02-17 03:55:00,2026-02-17,2026-02,Short,BreakawayFvg,30.0,29.75,False,False,Core,0,Normal,True,True,-178.5,-182.1,,Stop,2026-W08,Conservative
OPF-20260724-174743,RELEASED|20260217-0340-BEAR-PB-001112-Z001111-TRG|TrendPullbackConfirmed,20260217-0340-BEAR-PB-001112-Z001111-TRG,2026-02-17 03:55:00,2026-02-17 04:00:00,2026-02-17,2026-02,Short,TrendPullbackConfirmed,7.0,7.0,False,False,ActiveTrade,1,Normal,True,True,-42.0,-45.6,,Stop,2026-W08,Conservative
OPF-20260724-174743,20260217-0440-Short-1124,20260217-0435-BEAR-OBS-001123-Z001123-OC,2026-02-17 04:40:00,2026-02-17 04:45:00,2026-02-17,2026-02,Short,ObservationConfirm,5.75,6.25,False,False,Core,0,Normal,True,True,-37.5,-41.1,,Stop,2026-W08,Conservative
OPF-20260724-174946,20260217-2340-Short-1064,20260217-2335-BEAR-OBS-001063-Z001063-OC,2026-02-17 23:40:00,2026-02-18 00:05:00,2026-02-18,2026-02,Short,ObservationConfirm,16.75,16.75,False,False,Core,0,Normal,True,True,-100.5,-104.1,,ProtectBE,2026-W08,Conservative
OPF-20260724-174946,RELEASED|20260218-0055-BEAR-OBS-001079-Z001078-OC|ObservationConfirm,20260218-0055-BEAR-OBS-001079-Z001078-OC,2026-02-18 01:00:00,2026-02-18 01:20:00,2026-02-18,2026-02,Short,ObservationConfirm,17.5,17.5,False,False,ActiveTrade,1,Normal,True,True,-105.0,-108.6,,Stop,2026-W08,Conservative
OPF-20260724-174946,20260218-0245-Long-1101,20260218-0240-BULL-OBS-001100-Z001100-OC-STR,2026-02-18 02:45:00,2026-02-18 02:50:00,2026-02-18,2026-02,Long,ObservationStrict_BullFresh_WideStop1_5R,5.25,5.25,False,False,Core,0,Normal,True,True,-31.5,-35.1,,Stop,2026-W08,Conservative
OPF-20260724-174946,RELEASED|20260218-0250-BULL-OBS-001102-Z001099-OC|ObservationConfirm,20260218-0250-BULL-OBS-001102-Z001099-OC,2026-02-18 02:55:00,2026-02-18 03:05:00,2026-02-18,2026-02,Long,ObservationConfirm,6.5,6.5,False,False,ActiveTrade,1,Normal,True,True,-5.749999999999999,-9.35,,ProtectBE,2026-W08,Conservative
OPF-20260724-174946,20260218-0415-Long-1119,20260218-0410-BULL-OBS-001118-Z001118-OC,2026-02-18 04:15:00,2026-02-18 04:25:00,2026-02-18,2026-02,Long,ObservationConfirm_WideStop1_5R,11.62,11.5,False,False,Core,0,Normal,True,True,102.0,98.4,,Target,2026-W08,Conservative
OPF-20260724-174946,20260218-0645-Long-1149,20260218-0640-BULL-OBS-001148-Z001148-OC,2026-02-18 06:45:00,2026-02-18 06:55:00,2026-02-18,2026-02,Long,ObservationConfirm,7.0,7.75,False,False,Core,0,Normal,True,True,67.5,63.9,,ProtectBE,2026-W08,Conservative
OPF-20260724-174946,20260218-0705-Short-1153,20260218-0700-BEAR-OBS-001152-Z001152-OC,2026-02-18 07:05:00,2026-02-18 07:30:00,2026-02-18,2026-02,Short,ObservationConfirm,18.0,18.125,False,False,Core,0,Normal,True,True,-113.25,-116.85,,Stop,2026-W08,Conservative
OPF-20260724-174946,20260218-0905-Long-1177,20260218-0900-BULL-OBS-001176-Z001176-OC,2026-02-18 09:05:00,2026-02-18 12:00:00,2026-02-18,2026-02,Long,ObservationConfirm_WideStop1_5R,24.0,24.5,False,False,Core,0,Normal,True,True,217.5,213.9,,ProtectBE,2026-W08,Conservative
OPF-20260724-174946,20260218-1735-Short-1279,20260218-1730-BEAR-OBS-001278-Z001278-OC,2026-02-18 17:35:00,2026-02-18 17:45:00,2026-02-18,2026-02,Short,ObservationConfirm,16.25,17.5,False,False,Core,0,Normal,True,True,-105.0,-108.6,,ProtectBE,2026-W08,Conservative
OPF-20260724-174946,20260218-1825-Short-1289,20260218-1825-BEAR-OBS-001289-Z001289,2026-02-18 18:25:00,2026-02-18 18:50:00,2026-02-18,2026-02,Short,ZoneBirthResearch,17.0,18.0,False,False,Core,0,Normal,True,True,324.0,320.4,,Base:Target|Runner:Target,2026-W08,Conservative
OPF-20260724-175144,20260219-0155-Long-1091,20260219-0150-BEAR-OBS-001090-Z001088-FR,2026-02-19 01:55:00,2026-02-19 02:00:00,2026-02-19,2026-02,Long,FailureReverse_ObservationInvalidated,17.0,16.75,False,False,Core,0,Normal,True,True,-102.0,-105.6,,Stop,2026-W08,Conservative
OPF-20260724-175144,20260219-0405-Long-1117,20260219-0400-BULL-OBS-001116-Z001116-OC,2026-02-19 04:05:00,2026-02-19 04:20:00,2026-02-19,2026-02,Long,ObservationConfirm,10.0,10.5,False,False,Core,0,Normal,True,True,-63.0,-66.6,,ProtectBE,2026-W08,Conservative
OPF-20260724-175144,20260219-0450-Short-1126,20260219-0450-BEAR-OBS-001126-Z001126,2026-02-19 04:50:00,2026-02-19 05:15:00,2026-02-19,2026-02,Short,ZoneBirthResearch,6.5,7.0,False,False,Core,0,Normal,True,True,70.0,66.4,,Base:Target|Runner:ProtectBE,2026-W08,Conservative
OPF-20260724-175144,20260219-0520-Short-1132,20260219-0515-BEAR-OBS-001131-Z001126-OC,2026-02-19 05:20:00,2026-02-19 05:25:00,2026-02-19,2026-02,Short,ObservationConfirm,6.0,6.5,False,False,Core,0,Normal,True,True,-36.0,-39.6,,Stop,2026-W08,Conservative
OPF-20260724-175144,20260219-0540-Long-1136,20260219-0535-BULL-OBS-001135-Z001135-OC,2026-02-19 05:40:00,2026-02-19 05:45:00,2026-02-19,2026-02,Long,ObservationConfirm,7.25,8.25,False,False,Core,0,Normal,True,True,71.25,67.65,,Target,2026-W08,Conservative
OPF-20260724-175144,20260219-0555-Long-1139,20260219-0550-BULL-OBS-001138-Z001138-OC,2026-02-19 05:55:00,2026-02-19 06:50:00,2026-02-19,2026-02,Long,ObservationConfirm,11.0,11.25,False,False,Core,0,Normal,True,True,141.0,137.4,,Target,2026-W08,Conservative
OPF-20260724-175144,20260219-0700-Long-1152,20260219-0655-BULL-OBS-001151-Z001151-OC,2026-02-19 07:00:00,2026-02-19 07:15:00,2026-02-19,2026-02,Long,ObservationConfirm,10.25,9.5,False,False,Core,0,Normal,True,True,111.0,107.4,,Target,2026-W08,Conservative
OPF-20260724-175144,20260219-0730-Long-1158,20260219-0730-BULL-PB-001158-Z001157,2026-02-19 07:30:00,2026-02-19 07:35:00,2026-02-19,2026-02,Long,AlmostConfirmed,13.25,13.0,False,False,Core,0,Normal,True,True,-78.0,-81.6,,Stop,2026-W08,Conservative
OPF-20260724-175144,20260219-0855-Short-1175,20260219-0850-BULL-OBS-001174-Z001134-FR,2026-02-19 08:55:00,2026-02-19 09:00:00,2026-02-19,2026-02,Short,FailureReverse_ObservationInvalidated,19.0,17.25,False,False,Core,0,Normal,True,True,-103.5,-107.1,,Stop,2026-W08,Conservative
OPF-20260724-175144,RELEASED|20260219-0850-BULL-OBS-001174-Z001134-FR-RT|FailureReverse_RetestFailed_WideStop1_5R,20260219-0850-BULL-OBS-001174-Z001134-FR-RT,2026-02-19 09:05:00,2026-02-19 09:20:00,2026-02-19,2026-02,Short,FailureReverse_RetestFailed_WideStop1_5R,11.62,11.62,False,False,ActiveTrade,1,Normal,True,True,-16.89923076923077,-20.49923076923077,,ProtectBE,2026-W08,Conservative
OPF-20260724-175144,20260219-1005-Short-1189,20260219-1005-BEAR-OBS-001189-Z001189,2026-02-19 10:05:00,2026-02-19 11:30:00,2026-02-19,2026-02,Short,ZoneBirthResearch,17.75,19.5,False,False,Core,0,Abnormal,False,False,-117.0,-120.6,,Base:Stop|Runner:Stop,2026-W08,Conservative
OPF-20260724-175339,20260219-2325-Long-1061,20260219-2320-BULL-OBS-001060-Z001060-OC,2026-02-19 23:25:00,2026-02-19 23:30:00,2026-02-20,2026-02,Long,ObservationConfirm,8.75,10.0,False,False,Core,0,Normal,True,True,118.5,114.9,,Target,2026-W08,Conservative
OPF-20260724-175339,20260220-0040-Long-1076,20260220-0035-BULL-OBS-001075-Z001074-OC-STR,2026-02-20 00:40:00,2026-02-20 02:40:00,2026-02-20,2026-02,Long,ObservationStrict_Other,19.75,20.375,False,False,Core,0,Normal,True,True,-117.75,-121.35,,ProtectBE,2026-W08,Conservative
OPF-20260724-175339,20260220-0300-Long-1104,20260220-0255-BULL-OBS-001103-Z001103-OC,2026-02-20 03:00:00,2026-02-20 03:05:00,2026-02-20,2026-02,Long,ObservationConfirm,9.25,9.5,False,False,Core,0,Normal,True,True,-46.5,-50.1,,Stop,2026-W08,Conservative
OPF-20260724-175339,20260220-0425-Long-1121,20260220-0415-BULL-OBS-001119-Z001118-OC,2026-02-20 04:25:00,2026-02-20 04:30:00,2026-02-20,2026-02,Long,ObservationConfirm,7.0,8.0,False,False,Core,0,Normal,True,True,-51.0,-54.6,,Stop,2026-W08,Conservative
OPF-20260724-175339,RELEASED|20260220-0420-BEAR-OBS-001120-Z001120-OC|ObservationConfirm,20260220-0420-BEAR-OBS-001120-Z001120-OC,2026-02-20 04:30:00,2026-02-20 04:40:00,2026-02-20,2026-02,Short,ObservationConfirm,4.75,4.75,False,False,ActiveTrade,1,Normal,True,True,0.0,-3.6,,ProtectBE,2026-W08,Conservative
OPF-20260724-175339,20260220-0540-Long-1136,20260220-0540-BULL-PB-001136-Z001135,2026-02-20 05:40:00,2026-02-20 07:35:00,2026-02-20,2026-02,Long,AlmostConfirmed,10.25,10.0,False,False,Core,0,Normal,True,True,-57.75,-61.35,,ProtectBE,2026-W08,Conservative
OPF-20260724-175339,20260220-0855-Long-1175,20260220-0850-BULL-OBS-001174-Z001174-OC,2026-02-20 08:55:00,2026-02-20 09:10:00,2026-02-20,2026-02,Long,ObservationConfirm_WideStop1_5R,22.5,22.75,False,False,Core,0,Normal,True,True,204.0,200.4,,ProtectBE,2026-W08,Conservative
OPF-20260724-175339,20260220-0940-Short-1184,20260220-0940-BEAR-OBS-001184-Z001184,2026-02-20 09:40:00,2026-02-20 10:00:00,2026-02-20,2026-02,Short,ZoneBirthResearch,7.0,7.25,False,False,Core,0,Normal,True,True,130.5,126.9,,Base:Target|Runner:Target,2026-W08,Conservative
OPF-20260724-175339,20260220-1030-Short-1194,20260220-1025-BEAR-OBS-001193-Z001193-OC,2026-02-20 10:30:00,2026-02-20 10:35:00,2026-02-20,2026-02,Short,ObservationConfirm,16.75,17.25,False,False,Core,0,Normal,True,True,-103.5,-107.1,,Stop,2026-W08,Conservative
OPF-20260724-175339,20260220-1220-Short-1216,20260220-1220-BEAR-BRK-001216-Z001216,2026-02-20 12:20:00,2026-02-20 12:25:00,2026-02-20,2026-02,Short,BreakawayFvg,9.75,10.75,False,False,Core,0,Normal,True,True,126.0,122.4,,ProtectBE,2026-W08,Conservative
OPF-20260724-175537,RELEASED|20260223-0215-BEAR-OBS-001143-Z001143-OC|ObservationConfirm,20260223-0215-BEAR-OBS-001143-Z001143-OC,2026-02-23 02:20:00,2026-02-23 02:25:00,2026-02-23,2026-02,Short,ObservationConfirm,8.75,8.75,False,False,ActiveTrade,1,Normal,True,True,-52.5,-56.1,,Stop,2026-W09,Conservative
OPF-20260724-175537,20260223-0310-Long-1154,20260223-0305-BULL-OBS-001153-Z001153-OC,2026-02-23 03:10:00,2026-02-23 03:15:00,2026-02-23,2026-02,Long,ObservationConfirm,9.5,9.125,False,False,Core,0,Normal,True,True,-63.75,-67.35,,Stop,2026-W09,Conservative
OPF-20260724-175537,20260223-0350-Long-1162,20260223-0345-BULL-OBS-001161-Z001161-OC,2026-02-23 03:50:00,2026-02-23 04:00:00,2026-02-23,2026-02,Long,ObservationConfirm,9.5,9.875,False,False,Core,0,Normal,True,True,-50.25,-53.85,,Stop,2026-W09,Conservative
OPF-20260724-175537,RELEASED|20260223-0510-BEAR-OBS-001178-Z001178-OC|ObservationConfirm,20260223-0510-BEAR-OBS-001178-Z001178-OC,2026-02-23 05:15:00,2026-02-23 05:25:00,2026-02-23,2026-02,Short,ObservationConfirm,18.25,18.25,False,False,ActiveTrade,1,Normal,True,True,-109.5,-113.1,,Stop,2026-W09,Conservative
OPF-20260724-175537,20260223-0620-Long-1192,20260223-0615-BULL-OBS-001191-Z001191-OC,2026-02-23 06:20:00,2026-02-23 06:25:00,2026-02-23,2026-02,Long,ObservationConfirm,5.5,5.25,False,False,Core,0,Normal,True,True,-22.5,-26.1,,Stop,2026-W09,Conservative
OPF-20260724-175736,20260224-0030-Short-1122,20260224-0025-BEAR-OBS-001121-Z001121-OC,2026-02-24 00:30:00,2026-02-24 00:40:00,2026-02-24,2026-02,Short,ObservationConfirm,18.0,20.0,False,False,Core,0,Abnormal,False,False,-4.5,-8.1,,Stop,2026-W09,Conservative
OPF-20260724-175736,20260224-0325-Long-1157,20260224-0320-BULL-OBS-001156-Z001156-OC,2026-02-24 03:25:00,2026-02-24 03:30:00,2026-02-24,2026-02,Long,ObservationConfirm,4.0,4.5,False,False,Core,0,Normal,True,True,-28.5,-32.1,,Stop,2026-W09,Conservative
OPF-20260724-175736,20260224-0550-Long-1186,20260224-0545-BULL-OBS-001185-Z001143-OC,2026-02-24 05:50:00,2026-02-24 07:25:00,2026-02-24,2026-02,Long,ObservationConfirm_WideStop1_5R,16.88,17.5,False,False,Core,0,Normal,True,True,154.5,150.9,,ProtectBE,2026-W09,Conservative
OPF-20260724-175736,20260224-0850-Short-1222,20260224-0850-BEAR-OBS-001222-Z001222,2026-02-24 08:50:00,2026-02-24 08:55:00,2026-02-24,2026-02,Short,ZoneBirthResearch,6.5,5.75,False,False,Core,0,Normal,True,True,-34.5,-38.1,,Base:Stop|Runner:Stop,2026-W09,Conservative
OPF-20260724-175736,20260224-0930-Short-1230,20260224-0920-BULL-OBS-001228-Z001227-FR,2026-02-24 09:30:00,2026-02-24 09:35:00,2026-02-24,2026-02,Short,FailureReverse_ObservationInvalidated,21.75,22.5,False,False,Core,0,Normal,True,True,-135.75,-139.35,,Stop,2026-W09,Conservative
OPF-20260724-175736,20260224-1030-Long-1242,20260224-1030-BULL-PB-001242-Z001234,2026-02-24 10:30:00,2026-02-24 10:35:00,2026-02-24,2026-02,Long,AlmostConfirmed,4.25,4.5,False,False,Core,0,Normal,True,True,66.0,62.4,,Target,2026-W09,Conservative
OPF-20260724-175736,20260224-1115-Long-1251,20260224-1110-BULL-OBS-001250-Z001233-OC,2026-02-24 11:15:00,2026-02-24 11:20:00,2026-02-24,2026-02,Long,ObservationConfirm,5.25,6.5,False,False,Core,0,Normal,True,True,-37.5,-41.1,,Stop,2026-W09,Conservative
OPF-20260724-175736,20260224-1220-Short-1264,20260224-1220-BEAR-OBS-001264-Z001264,2026-02-24 12:20:00,2026-02-24 13:15:00,2026-02-24,2026-02,Short,ZoneBirthResearch,18.0,16.5,False,False,Core,0,Normal,True,True,165.0,161.4,,Base:Target|Runner:ProtectBE,2026-W09,Conservative
OPF-20260724-175736,20260224-1400-Short-1284,20260224-1330-BULL-OBS-001278-Z001278-FR-RT,2026-02-24 14:00:00,2026-02-24 14:20:00,2026-02-24,2026-02,Short,FailureReverse_RetestFailed_WideStop1_5R,19.12,19.125,False,False,Core,0,Normal,True,True,340.5,336.9,,Target,2026-W09,Conservative
OPF-20260724-175736,20260224-1920-Short-1348,20260224-1920-BEAR-OBS-001348-Z001348,2026-02-24 19:20:00,2026-02-24 19:25:00,2026-02-24,2026-02,Short,ZoneBirthResearch,8.0,9.0,False,False,Core,0,Normal,True,True,-54.0,-57.6,,Base:Stop|Runner:Stop,2026-W09,Conservative
OPF-20260724-175736,RELEASED|20260224-1940-BEAR-OBS-001352-Z001347-FR|FailureReverse_ObservationInvalidated_WideStop1_5R,20260224-1940-BEAR-OBS-001352-Z001347-FR,2026-02-24 19:45:00,2026-02-24 19:50:00,2026-02-24,2026-02,Long,FailureReverse_ObservationInvalidated_WideStop1_5R,7.5,7.5,False,False,DailyTradeLimit,1,Normal,True,True,135.0,131.4,,Target,2026-W09,Conservative
OPF-20260724-180007,20260224-2305-Short-1105,20260224-2305-BEAR-OBS-001105-Z001105,2026-02-24 23:05:00,2026-02-24 23:35:00,2026-02-25,2026-02,Short,ZoneBirthResearch,13.0,13.0,False,False,Core,0,Normal,True,True,-78.0,-81.6,,Base:Stop|Runner:Stop,2026-W09,Conservative
OPF-20260724-180007,20260225-0205-Short-1141,20260225-0150-BULL-OBS-001138-Z001138-FR-RT,2026-02-25 02:05:00,2026-02-25 02:15:00,2026-02-25,2026-02,Short,FailureReverse_RetestFailed,9.75,9.375,False,False,Core,0,Normal,True,True,-48.75,-52.35,,ProtectBE,2026-W09,Conservative
OPF-20260724-180007,20260225-0420-Short-1168,20260225-0415-BEAR-OBS-001167-Z001167-OC,2026-02-25 04:20:00,2026-02-25 04:25:00,2026-02-25,2026-02,Short,ObservationConfirm,7.25,8.75,False,False,Core,0,Normal,True,True,-58.5,-62.1,,Stop,2026-W09,Conservative
OPF-20260724-180007,20260225-0440-Long-1172,20260225-0435-BULL-OBS-001171-Z001170-OC,2026-02-25 04:40:00,2026-02-25 04:50:00,2026-02-25,2026-02,Long,ObservationConfirm,9.75,10.75,False,False,Core,0,Normal,True,True,-67.5,-71.1,,Stop,2026-W09,Conservative
OPF-20260724-180007,20260225-0605-Short-1189,20260225-0600-BEAR-OBS-001188-Z001188-OC,2026-02-25 06:05:00,2026-02-25 06:10:00,2026-02-25,2026-02,Short,ObservationConfirm,8.0,7.5,False,False,Core,0,Normal,True,True,-45.0,-48.6,,Stop,2026-W09,Conservative
OPF-20260724-180206,20260226-0255-Long-1151,20260226-0250-BULL-OBS-001150-Z001150-OC,2026-02-26 02:55:00,2026-02-26 03:00:00,2026-02-26,2026-02,Long,ObservationConfirm,9.0,8.25,False,False,Core,0,Normal,True,True,-47.25,-50.85,,Stop,2026-W09,Conservative
OPF-20260724-180206,20260226-0400-Short-1164,20260226-0355-BEAR-OBS-001163-Z001163-OC,2026-02-26 04:00:00,2026-02-26 04:05:00,2026-02-26,2026-02,Short,ObservationConfirm,9.5,9.75,False,False,Core,0,Normal,True,True,-60.0,-63.6,,Stop,2026-W09,Conservative
OPF-20260724-180206,20260226-0540-Long-1184,20260226-0525-BULL-OBS-001181-Z001180-OC,2026-02-26 05:40:00,2026-02-26 05:50:00,2026-02-26,2026-02,Long,ObservationConfirm,5.25,6.125,False,False,Core,0,Normal,True,True,45.75,42.15,,ProtectBE,2026-W09,Conservative
OPF-20260724-180206,RELEASED|20260226-0825-BULL-PB-001217-Z001215|AlmostConfirmed,20260226-0825-BULL-PB-001217-Z001215,2026-02-26 08:25:00,2026-02-26 08:30:00,2026-02-26,2026-02,Long,AlmostConfirmed,11.75,11.75,False,False,ActiveTrade,1,Normal,True,True,-70.5,-74.1,,Stop,2026-W09,Conservative
OPF-20260724-180206,20260226-1055-Short-1247,20260226-1055-BEAR-OBS-001247-Z001247,2026-02-26 10:55:00,2026-02-26 11:05:00,2026-02-26,2026-02,Short,ZoneBirthResearch,5.25,4.625,False,False,Core,0,Normal,True,True,46.25,42.65,,Base:Target|Runner:ProtectBE,2026-W09,Conservative
OPF-20260724-180409,RELEASED|20260226-2320-BULL-OBS-001108-Z001108-FR|FailureReverse_ObservationInvalidated_WideStop1_5R,20260226-2320-BULL-OBS-001108-Z001108-FR,2026-02-26 23:30:00,2026-02-27 00:05:00,2026-02-27,2026-02,Short,FailureReverse_ObservationInvalidated_WideStop1_5R,23.25,23.25,False,False,ActiveTrade,1,Normal,True,True,0.0,-3.6,,ProtectBE,2026-W09,Conservative
OPF-20260724-180409,20260227-0055-Long-1127,20260227-0050-BULL-OBS-001126-Z001126-OC,2026-02-27 00:55:00,2026-02-27 01:00:00,2026-02-27,2026-02,Long,ObservationConfirm,7.5,8.75,False,False,Core,0,Normal,True,True,-54.0,-57.6,,ProtectBE,2026-W09,Conservative
OPF-20260724-180409,20260227-0305-Long-1153,20260227-0300-BULL-OBS-001152-Z001152-OC,2026-02-27 03:05:00,2026-02-27 03:10:00,2026-02-27,2026-02,Long,ObservationConfirm,7.75,7.0,False,False,Core,0,Normal,True,True,-40.5,-44.1,,Stop,2026-W09,Conservative
OPF-20260724-180409,20260227-0320-Short-1156,20260227-0310-BULL-OBS-001154-Z001152-FR,2026-02-27 03:20:00,2026-02-27 03:45:00,2026-02-27,2026-02,Short,FailureReverse_ObservationInvalidated,9.25,10.375,False,False,Core,0,Normal,True,True,-60.75,-64.35,,ProtectBE,2026-W09,Conservative
OPF-20260724-180409,20260227-0455-Short-1175,20260227-0455-BEAR-OBS-001175-Z001175,2026-02-27 04:55:00,2026-02-27 05:00:00,2026-02-27,2026-02,Short,ZoneBirthResearch,3.0,4.25,False,False,Core,0,Normal,True,True,-25.5,-29.1,,Base:Stop|Runner:Stop,2026-W09,Conservative
OPF-20260724-180409,20260227-0730-Long-1206,20260227-0725-BULL-OBS-001205-Z001205-OC,2026-02-27 07:30:00,2026-02-27 07:55:00,2026-02-27,2026-02,Long,ObservationConfirm,9.25,9.875,False,False,Core,0,Normal,True,True,105.75,102.15,,ProtectBE,2026-W09,Conservative
OPF-20260724-180409,20260227-1055-Short-1247,20260227-1050-BEAR-OBS-001246-Z001246-OC,2026-02-27 10:55:00,2026-02-27 11:30:00,2026-02-27,2026-02,Short,ObservationConfirm,19.5,19.75,False,False,Core,0,Normal,True,True,174.0,170.4,,Target,2026-W09,Conservative
OPF-20260724-180409,20260227-1245-Short-1269,20260227-1245-BEAR-BRK-001269-Z001269,2026-02-27 12:45:00,2026-02-27 13:25:00,2026-02-27,2026-02,Short,BreakawayFvg,29.25,29.25,False,False,Core,0,Normal,True,True,349.5,345.9,,Target,2026-W09,Conservative
OPF-20260724-180409,20260227-1715-Short-1323,20260227-1710-BULL-OBS-001322-Z001319-FR,2026-02-27 17:15:00,2026-02-27 17:20:00,2026-02-27,2026-02,Short,FailureReverse_ObservationInvalidated,23.75,24.25,False,False,Core,0,Normal,True,True,-154.5,-158.1,,ProtectBE,2026-W09,Conservative
OPF-20260724-180606,20260302-0025-Short-1121,20260302-0020-BEAR-OBS-001120-Z001120-OC,2026-03-02 00:25:00,2026-03-02 00:35:00,2026-03-02,2026-03,Short,ObservationConfirm,19.0,19.375,False,False,Core,0,Normal,True,True,-120.75,-124.35,,Stop,2026-W10,Conservative
OPF-20260724-180606,20260302-0210-Short-1142,20260302-0210-BEAR-OBS-001142-Z001142,2026-03-02 02:10:00,2026-03-02 04:20:00,2026-03-02,2026-03,Short,ZoneBirthResearch,17.25,18.5,False,False,Core,0,Normal,True,True,333.0,329.4,,Base:Target|Runner:Target,2026-W10,Conservative
OPF-20260724-180606,20260302-0445-Short-1173,20260302-0440-BULL-OBS-001172-Z001170-FR,2026-03-02 04:45:00,2026-03-02 05:15:00,2026-03-02,2026-03,Short,FailureReverse_ObservationInvalidated_WideStop1_5R,16.12,16.75,False,False,Core,0,Normal,True,True,292.5,288.9,,Target,2026-W10,Conservative
OPF-20260724-180606,RELEASED|20260302-0525-BEAR-OBS-001181-Z001181-OC|ObservationConfirm,20260302-0525-BEAR-OBS-001181-Z001181-OC,2026-03-02 05:30:00,2026-03-02 05:35:00,2026-03-02,2026-03,Short,ObservationConfirm,6.5,6.5,False,False,ActiveTrade,1,Normal,True,True,-39.0,-42.6,,Stop,2026-W10,Conservative
OPF-20260724-180606,20260302-1410-Short-1286,20260302-1405-BEAR-OBS-001285-Z001284-OC,2026-03-02 14:10:00,2026-03-02 14:20:00,2026-03-02,2026-03,Short,ObservationConfirm,12.5,12.5,False,False,Core,0,Normal,True,True,114.0,110.4,,ProtectBE,2026-W10,Conservative
OPF-20260724-180606,20260302-1810-Short-1334,20260302-1810-BEAR-OBS-001334-Z001334,2026-03-02 18:10:00,2026-03-02 18:20:00,2026-03-02,2026-03,Short,ZoneBirthResearch,6.75,7.75,False,False,Core,0,Normal,True,True,139.5,135.9,,Base:Target|Runner:Target,2026-W10,Conservative
OPF-20260724-180606,20260302-2110-Short-1370,20260302-2110-BEAR-OBS-001370-Z001370,2026-03-02 21:10:00,2026-03-02 21:35:00,2026-03-02,2026-03,Short,ZoneBirthResearch,7.5,7.25,False,False,Core,0,Normal,True,True,-43.5,-47.1,,Base:Stop|Runner:Stop,2026-W10,Conservative
OPF-20260724-180804,20260303-0230-Long-1146,20260303-0225-BEAR-OBS-001145-Z001144-FR,2026-03-03 02:30:00,2026-03-03 02:55:00,2026-03-03,2026-03,Long,FailureReverse_ObservationInvalidated_WideStop1_5R,12.0,13.0,False,False,Core,0,Normal,True,True,216.75,213.15,,Target,2026-W10,Conservative
OPF-20260724-180804,20260303-0950-Short-1234,20260303-0950-BEAR-BRK-001234-Z001234,2026-03-03 09:50:00,2026-03-03 10:25:00,2026-03-03,2026-03,Short,BreakawayFvg,28.5,28.25,False,False,Core,0,Normal,True,True,336.0,332.4,,ProtectBE,2026-W10,Conservative
OPF-20260724-180958,20260304-0205-Short-1141,20260304-0205-BEAR-BRK-001141-Z001141,2026-03-04 02:05:00,2026-03-04 02:10:00,2026-03-04,2026-03,Short,BreakawayFvg,22.0,22.375,False,False,Core,0,Normal,True,True,-137.25,-140.85,,Stop,2026-W10,Conservative
OPF-20260724-180958,20260304-0255-Long-1151,20260304-0250-BULL-OBS-001150-Z001150-OC,2026-03-04 02:55:00,2026-03-04 03:00:00,2026-03-04,2026-03,Long,ObservationConfirm_WideStop1_5R,18.0,18.75,False,False,Core,0,Normal,True,True,-114.0,-117.6,,Stop,2026-W10,Conservative
OPF-20260724-180958,20260304-1400-Short-1284,20260304-1345-BULL-OBS-001281-Z001281-FR-RT,2026-03-04 14:00:00,2026-03-04 14:05:00,2026-03-04,2026-03,Short,FailureReverse_RetestFailed,11.0,11.5,False,False,Core,0,Normal,True,True,-69.75,-73.35,,Stop,2026-W10,Conservative
OPF-20260724-181156,20260304-2325-Short-1109,20260304-2320-BEAR-OBS-001108-Z001108-OC,2026-03-04 23:25:00,2026-03-04 23:35:00,2026-03-05,2026-03,Short,ObservationConfirm,17.0,17.5,False,False,Core,0,Normal,True,True,-99.0,-102.6,,Stop,2026-W10,Conservative
OPF-20260724-181156,20260305-0035-Long-1123,20260305-0025-BULL-OBS-001121-Z001120-OC,2026-03-05 00:35:00,2026-03-05 01:05:00,2026-03-05,2026-03,Long,ObservationConfirm_WideStop1_5R,23.62,23.75,False,False,Core,0,Normal,True,True,-150.75,-154.35,,Stop,2026-W10,Conservative
OPF-20260724-181156,20260305-0230-Short-1146,20260305-0225-BEAR-OBS-001145-Z001145-OC,2026-03-05 02:30:00,2026-03-05 02:35:00,2026-03-05,2026-03,Short,ObservationConfirm,17.5,18.125,False,False,Core,0,Normal,True,True,-107.25,-110.85,,Stop,2026-W10,Conservative
OPF-20260724-181410,RELEASED|20260306-0305-BEAR-OBS-001153-Z001147-OC|ObservationConfirm,20260306-0305-BEAR-OBS-001153-Z001147-OC,2026-03-06 03:10:00,2026-03-06 03:45:00,2026-03-06,2026-03,Short,ObservationConfirm,18.75,18.75,False,False,ActiveTrade,1,Normal,True,True,-112.5,-116.1,,Stop,2026-W10,Conservative
OPF-20260724-181410,RELEASED|20260306-0345-BULL-OBS-001161-Z001161-OC|ObservationConfirm,20260306-0345-BULL-OBS-001161-Z001161-OC,2026-03-06 03:50:00,2026-03-06 04:25:00,2026-03-06,2026-03,Long,ObservationConfirm,8.25,8.25,False,False,ActiveTrade,1,Normal,True,True,-5.749999999999999,-9.35,,ProtectBE,2026-W10,Conservative
OPF-20260724-181410,20260306-0500-Short-1176,20260306-0500-BEAR-OBS-001176-Z001176,2026-03-06 05:00:00,2026-03-06 05:05:00,2026-03-06,2026-03,Short,ZoneBirthResearch,8.0,7.75,False,False,Core,0,Normal,True,True,-46.5,-50.1,,Base:Stop|Runner:Stop,2026-W10,Conservative
OPF-20260724-181410,RELEASED|20260306-0500-BEAR-OBS-001176-Z001176-FR|FailureReverse_ObservationInvalidated_WideStop1_5R,20260306-0500-BEAR-OBS-001176-Z001176-FR,2026-03-06 05:05:00,2026-03-06 05:20:00,2026-03-06,2026-03,Long,FailureReverse_ObservationInvalidated_WideStop1_5R,11.62,11.62,False,False,ActiveTrade,1,Normal,True,True,-69.72,-73.32,,Stop,2026-W10,Conservative
OPF-20260724-181410,20260306-0530-Long-1182,20260306-0520-BULL-OBS-001180-Z001178-OC,2026-03-06 05:30:00,2026-03-06 05:40:00,2026-03-06,2026-03,Long,ObservationConfirm,10.5,11.125,False,False,Core,0,Normal,True,True,-61.5,-65.1,,ProtectBE,2026-W10,Conservative
OPF-20260724-181607,20260309-0440-Short-1184,20260309-0440-BEAR-OBS-001184-Z001184,2026-03-09 04:40:00,2026-03-09 05:00:00,2026-03-09,2026-03,Short,ZoneBirthResearch,8.0,8.25,False,False,Core,0,Normal,True,True,-49.5,-53.1,,Base:Stop|Runner:Stop,2026-W11,Conservative
OPF-20260724-181806,20260309-2350-Short-1126,20260309-2345-BEAR-OBS-001125-Z001125-OC,2026-03-09 23:50:00,2026-03-09 23:55:00,2026-03-10,2026-03,Short,ObservationConfirm,18.5,18.5,False,False,Core,0,Normal,True,True,-114.0,-117.6,,Stop,2026-W11,Conservative
OPF-20260724-181806,20260310-0220-Short-1156,20260310-0155-BULL-OBS-001151-Z001151-FR-RT,2026-03-10 02:20:00,2026-03-10 02:25:00,2026-03-10,2026-03,Short,FailureReverse_RetestFailed,11.0,11.25,False,False,Core,0,Normal,True,True,91.5,87.9,,Target,2026-W11,Conservative
OPF-20260724-181806,DEFERRED|20260310-0200-BULL-OBS-001152-Z001151-FR-RT|FailureReverse_RetestFailed,20260310-0200-BULL-OBS-001152-Z001151-FR-RT,2026-03-10 02:30:00,2026-03-10 02:30:00,2026-03-10,2026-03,Short,FailureReverse_RetestFailed,11.0,11.0,False,False,DeferredContinuation,2,Normal,True,True,198.0,194.4,20260310-0220-Short-1156,Target,2026-W11,Conservative
OPF-20260724-181806,20260310-0235-Short-1159,20260310-0235-BEAR-OBS-001159-Z001159,2026-03-10 02:35:00,2026-03-10 03:20:00,2026-03-10,2026-03,Short,ZoneBirthResearch,12.25,13.125,False,False,Core,0,Normal,True,True,131.25,127.65,,Base:Target|Runner:ProtectBE,2026-W11,Conservative
OPF-20260724-181806,20260310-0345-Short-1173,20260310-0345-BEAR-OBS-001173-Z001173,2026-03-10 03:45:00,2026-03-10 03:50:00,2026-03-10,2026-03,Short,ZoneBirthResearch,17.0,17.0,False,False,Core,0,Normal,True,True,-102.0,-105.6,,Base:Stop|Runner:Stop,2026-W11,Conservative
OPF-20260724-181806,20260310-0445-Long-1185,20260310-0440-BULL-OBS-001184-Z001184-OC,2026-03-10 04:45:00,2026-03-10 04:50:00,2026-03-10,2026-03,Long,ObservationConfirm,7.5,8.0,False,False,Core,0,Normal,True,True,-49.5,-53.1,,Stop,2026-W11,Conservative
OPF-20260724-182014,20260310-2245-Short-1113,20260310-2240-BEAR-OBS-001112-Z001112-OC,2026-03-10 22:45:00,2026-03-10 22:50:00,2026-03-11,2026-03,Short,ObservationConfirm,7.0,7.25,False,False,Core,0,Normal,True,True,-40.5,-44.1,,Stop,2026-W11,Conservative
OPF-20260724-182014,20260311-0225-Long-1157,20260311-0220-BULL-OBS-001156-Z001156-OC,2026-03-11 02:25:00,2026-03-11 02:30:00,2026-03-11,2026-03,Long,ObservationConfirm,4.25,3.5,False,False,Core,0,Normal,True,True,-24.75,-28.35,,Stop,2026-W11,Conservative
OPF-20260724-182014,20260311-0345-Long-1173,20260311-0340-BULL-OBS-001172-Z001172-OC,2026-03-11 03:45:00,2026-03-11 04:25:00,2026-03-11,2026-03,Long,ObservationConfirm,10.0,10.875,False,False,Core,0,Normal,True,True,-65.25,-68.85,,Stop,2026-W11,Conservative
OPF-20260724-182014,RELEASED|20260311-0430-BULL-OBS-001182-Z001172-FR|FailureReverse_ObservationInvalidated,20260311-0430-BULL-OBS-001182-Z001172-FR,2026-03-11 04:35:00,2026-03-11 04:45:00,2026-03-11,2026-03,Short,FailureReverse_ObservationInvalidated,5.0,5.0,False,False,ActiveTrade,1,Normal,True,True,-14.9296875,-18.5296875,,ProtectBE,2026-W11,Conservative
OPF-20260724-182014,20260311-0445-Short-1185,20260311-0430-BULL-OBS-001182-Z001172-FR-RT,2026-03-11 04:45:00,2026-03-11 05:00:00,2026-03-11,2026-03,Short,FailureReverse_RetestFailed_WideStop1_5R,7.12,7.0,False,False,Core,0,Normal,True,True,127.5,123.9,,Target,2026-W11,Conservative
OPF-20260724-182014,20260311-0545-Short-1197,20260311-0545-BEAR-BRK-001197-Z001197,2026-03-11 05:45:00,2026-03-11 05:55:00,2026-03-11,2026-03,Short,BreakawayFvg,9.0,10.25,False,False,Core,0,Normal,True,True,123.75,120.15,,Target,2026-W11,Conservative
OPF-20260724-182014,RELEASED|20260311-0550-BEAR-OBS-001198-Z001197-OC|ObservationConfirm,20260311-0550-BEAR-OBS-001198-Z001197-OC,2026-03-11 05:55:00,2026-03-11 06:05:00,2026-03-11,2026-03,Short,ObservationConfirm,18.75,18.75,False,False,ActiveTrade,1,Normal,True,True,0.0,-3.6,,ProtectBE,2026-W11,Conservative
OPF-20260724-182014,20260311-1155-Long-1271,20260311-1150-BULL-OBS-001270-Z001249-OC-STR,2026-03-11 11:55:00,2026-03-11 12:30:00,2026-03-11,2026-03,Long,ObservationStrict_Other,23.0,26.0,False,False,Core,0,Normal,True,True,468.0,464.4,,ProtectBE,2026-W11,Conservative
OPF-20260724-182014,20260311-1545-Short-1317,20260311-1545-BEAR-BRK-001317-Z001317,2026-03-11 15:45:00,2026-03-11 15:50:00,2026-03-11,2026-03,Short,BreakawayFvg,22.0,21.375,False,False,Core,0,Normal,True,True,-126.75,-130.35,,Stop,2026-W11,Conservative
OPF-20260724-182014,20260311-2010-Short-1370,20260311-2005-BEAR-OBS-001369-Z001369-OC,2026-03-11 20:10:00,2026-03-11 20:50:00,2026-03-11,2026-03,Short,ObservationConfirm,17.0,16.75,False,False,Core,0,Normal,True,True,92.25,88.65,,GlobexCloseout,2026-W11,Conservative
OPF-20260724-182221,20260311-2215-Short-1107,20260311-2210-BEAR-OBS-001106-Z001106-OC,2026-03-11 22:15:00,2026-03-11 22:20:00,2026-03-12,2026-03,Short,ObservationConfirm,7.0,8.25,False,False,Core,0,Normal,True,True,73.5,69.9,,Target,2026-W11,Conservative
OPF-20260724-182221,20260312-0005-Short-1129,20260312-0000-BULL-OBS-001128-Z001127-FR,2026-03-12 00:05:00,2026-03-12 00:10:00,2026-03-12,2026-03,Short,FailureReverse_ObservationInvalidated,16.25,16.75,False,False,Core,0,Normal,True,True,-90.0,-93.6,,Stop,2026-W11,Conservative
OPF-20260724-182221,20260312-0225-Short-1157,20260312-0225-BEAR-OBS-001157-Z001157,2026-03-12 02:25:00,2026-03-12 03:05:00,2026-03-12,2026-03,Short,ZoneBirthResearch,17.25,18.25,False,False,Core,0,Normal,True,True,182.5,178.9,,Base:Target|Runner:ProtectBE,2026-W11,Conservative
OPF-20260724-182221,20260312-0635-Long-1207,20260312-0630-BULL-OBS-001206-Z001206-OC,2026-03-12 06:35:00,2026-03-12 06:45:00,2026-03-12,2026-03,Long,ObservationConfirm,10.5,11.25,False,False,Core,0,Normal,True,True,132.0,128.4,,Target,2026-W11,Conservative
OPF-20260724-182221,RELEASED|20260312-1050-BULL-OBS-001258-Z001244-OC-STR|ObservationStrict_Other_WideStop1_5R,20260312-1050-BULL-OBS-001258-Z001244-OC-STR,2026-03-12 10:55:00,2026-03-12 11:05:00,2026-03-12,2026-03,Long,ObservationStrict_Other_WideStop1_5R,23.62,23.62,False,False,ActiveTrade,1,Normal,True,True,-141.71999999999997,-145.31999999999996,,Stop,2026-W11,Conservative
OPF-20260724-182420,20260313-0415-Short-1179,20260313-0415-BEAR-OBS-001179-Z001179,2026-03-13 04:15:00,2026-03-13 04:20:00,2026-03-13,2026-03,Short,ZoneBirthResearch,6.25,6.25,False,False,Core,0,Normal,True,True,112.5,108.9,,Base:Target|Runner:Target,2026-W11,Conservative
OPF-20260724-182420,20260313-0715-Short-1215,20260313-0710-BEAR-OBS-001214-Z001214-OC,2026-03-13 07:15:00,2026-03-13 07:20:00,2026-03-13,2026-03,Short,ObservationConfirm,19.0,19.0,False,False,Core,0,Normal,True,True,-111.0,-114.6,,ProtectBE,2026-W11,Conservative
OPF-20260724-182420,20260313-1025-Short-1253,20260313-1020-BULL-OBS-001252-Z001252-FR,2026-03-13 10:25:00,2026-03-13 10:40:00,2026-03-13,2026-03,Short,FailureReverse_ObservationInvalidated_WideStop1_5R,18.75,18.75,False,False,Core,0,Normal,True,True,-107.25,-110.85,,Stop,2026-W11,Conservative
OPF-20260724-182420,RELEASED|20260313-1035-BEAR-OBS-001255-Z001254-OC|ObservationConfirm,20260313-1035-BEAR-OBS-001255-Z001254-OC,2026-03-13 10:40:00,2026-03-13 10:45:00,2026-03-13,2026-03,Short,ObservationConfirm,18.0,18.0,False,False,ActiveTrade,1,Normal,True,True,-108.0,-111.6,,Stop,2026-W11,Conservative
OPF-20260724-182420,20260313-1240-Long-1280,20260313-1235-BULL-OBS-001279-Z001278-OC,2026-03-13 12:40:00,2026-03-13 12:45:00,2026-03-13,2026-03,Long,ObservationConfirm_WideStop1_5R,22.5,23.0,False,False,Core,0,Normal,True,True,187.5,183.9,,Target,2026-W11,Conservative
OPF-20260724-182617,20260316-0110-Short-1142,20260316-0105-BEAR-OBS-001141-Z001141-OC,2026-03-16 01:10:00,2026-03-16 01:15:00,2026-03-16,2026-03,Short,ObservationConfirm,7.5,7.625,False,False,Core,0,Normal,True,True,-32.25,-35.85,,Stop,2026-W12,Conservative
OPF-20260724-182617,20260316-0335-Long-1171,20260316-0330-BULL-OBS-001170-Z001170-OC,2026-03-16 03:35:00,2026-03-16 03:40:00,2026-03-16,2026-03,Long,ObservationConfirm,8.75,10.125,False,False,Core,0,Normal,True,True,123.75,120.15,,Target,2026-W12,Conservative
OPF-20260724-182617,RELEASED|20260316-0335-BULL-OBS-001171-Z001171-OC|ObservationConfirm,20260316-0335-BULL-OBS-001171-Z001171-OC,2026-03-16 03:40:00,2026-03-16 03:45:00,2026-03-16,2026-03,Long,ObservationConfirm,7.0,7.0,False,False,ActiveTrade,1,Normal,True,True,120.25,116.65,,Target,2026-W12,Conservative
OPF-20260724-182617,RELEASED|20260316-0510-BULL-OBS-001190-Z001190-OC|ObservationConfirm,20260316-0510-BULL-OBS-001190-Z001190-OC,2026-03-16 05:15:00,2026-03-16 05:20:00,2026-03-16,2026-03,Long,ObservationConfirm,9.5,9.5,False,False,ActiveTrade,1,Normal,True,True,-62.75,-66.35,,Stop,2026-W12,Conservative
OPF-20260724-182617,20260316-0625-Short-1205,20260316-0620-BEAR-OBS-001204-Z001204-OC,2026-03-16 06:25:00,2026-03-16 06:35:00,2026-03-16,2026-03,Short,ObservationConfirm,11.5,11.875,False,False,Core,0,Normal,True,True,-68.25,-71.85,,Stop,2026-W12,Conservative
OPF-20260724-182617,20260316-0935-Short-1243,20260316-0930-BEAR-OBS-001242-Z001242-OC,2026-03-16 09:35:00,2026-03-16 09:40:00,2026-03-16,2026-03,Short,ObservationConfirm,19.25,18.875,False,False,Core,0,Normal,True,True,-110.25,-113.85,,Stop,2026-W12,Conservative
OPF-20260724-182617,RELEASED|20260316-0945-BEAR-OBS-001245-Z001242-OC|ObservationConfirm,20260316-0945-BEAR-OBS-001245-Z001242-OC,2026-03-16 09:50:00,2026-03-16 10:00:00,2026-03-16,2026-03,Short,ObservationConfirm,20.0,20.0,False,False,ActiveTrade,1,Normal,True,True,-120.0,-123.6,,Stop,2026-W12,Conservative
OPF-20260724-182617,20260316-1220-Long-1276,20260316-1220-BULL-PB-001276-Z001275,2026-03-16 12:20:00,2026-03-16 12:35:00,2026-03-16,2026-03,Long,AlmostConfirmed,10.5,11.5,False,False,Core,0,Normal,True,True,158.25,154.65,,Target,2026-W12,Conservative
OPF-20260724-182617,20260316-2025-Short-1373,20260316-2020-BEAR-OBS-001372-Z001372-OC,2026-03-16 20:25:00,2026-03-16 20:50:00,2026-03-16,2026-03,Short,ObservationConfirm,21.75,21.25,False,False,Core,0,Normal,True,True,-43.5,-47.1,,GlobexCloseout,2026-W12,Conservative
OPF-20260724-182820,20260317-0115-Short-1143,20260317-0110-BEAR-OBS-001142-Z001137-OC,2026-03-17 01:15:00,2026-03-17 01:25:00,2026-03-17,2026-03,Short,ObservationConfirm,20.0,20.25,False,False,Core,0,Normal,True,True,-123.75,-127.35,,Stop,2026-W12,Conservative
OPF-20260724-182820,20260317-0225-Short-1157,20260317-0220-BEAR-OBS-001156-Z001154-OC,2026-03-17 02:25:00,2026-03-17 02:30:00,2026-03-17,2026-03,Short,ObservationConfirm,7.25,7.0,False,False,Core,0,Normal,True,True,-41.25,-44.85,,Stop,2026-W12,Conservative
OPF-20260724-182820,20260317-0315-Short-1167,20260317-0315-BEAR-OBS-001167-Z001163,2026-03-17 03:15:00,2026-03-17 03:35:00,2026-03-17,2026-03,Short,UnknownRegimeZoneTouch,7.5,7.5,False,False,Core,0,Normal,True,True,131.25,127.65,,Target,2026-W12,Conservative
OPF-20260724-182820,20260317-0410-Long-1178,20260317-0405-BULL-OBS-001177-Z001177-OC,2026-03-17 04:10:00,2026-03-17 04:30:00,2026-03-17,2026-03,Long,ObservationConfirm,10.5,10.0,False,False,Core,0,Normal,True,True,133.5,129.9,,ProtectBE,2026-W12,Conservative
OPF-20260724-182820,20260317-0520-Long-1192,20260317-0515-BULL-OBS-001191-Z001191-OC,2026-03-17 05:20:00,2026-03-17 05:25:00,2026-03-17,2026-03,Long,ObservationConfirm,3.5,4.75,False,False,Core,0,Normal,True,True,-29.25,-32.85,,ProtectBE,2026-W12,Conservative
OPF-20260724-182820,20260317-0605-Short-1201,20260317-0605-BEAR-OBS-001201-Z001201,2026-03-17 06:05:00,2026-03-17 06:15:00,2026-03-17,2026-03,Short,ZoneBirthResearch,18.0,19.5,False,False,Core,0,Abnormal,False,False,-117.0,-120.6,,Base:Stop|Runner:Stop,2026-W12,Conservative
OPF-20260724-182820,20260317-0630-Short-1206,20260317-0620-BEAR-SHD-001204-Z001200,2026-03-17 06:30:00,2026-03-17 06:35:00,2026-03-17,2026-03,Short,ShadowCandidate,10.75,11.25,False,False,Core,0,Normal,True,True,-69.0,-72.6,,Stop,2026-W12,Conservative
OPF-20260724-182820,20260317-0710-Long-1214,20260317-0655-BEAR-OBS-001211-Z001210-FR,2026-03-17 07:10:00,2026-03-17 07:15:00,2026-03-17,2026-03,Long,FailureReverse_ObservationInvalidated,10.75,10.25,False,False,Core,0,Normal,True,True,154.5,150.9,,Target,2026-W12,Conservative
OPF-20260724-182820,20260317-0745-Long-1221,20260317-0745-BULL-PB-001221-Z001216,2026-03-17 07:45:00,2026-03-17 07:50:00,2026-03-17,2026-03,Long,AlmostConfirmed,16.25,16.5,False,False,Core,0,Normal,True,True,-103.5,-107.1,,Stop,2026-W12,Conservative
OPF-20260724-182820,RELEASED|20260317-0755-BEAR-OBS-001223-Z001223|ZoneBirthResearch,20260317-0755-BEAR-OBS-001223-Z001223,2026-03-17 07:55:00,2026-03-17 08:00:00,2026-03-17,2026-03,Short,ZoneBirthResearch,5.25,5.25,False,False,ActiveTrade,1,Normal,True,True,-31.5,-35.1,,Base:Stop|Runner:Stop,2026-W12,Conservative
OPF-20260724-182820,20260317-1240-Long-1280,20260317-1235-BULL-OBS-001279-Z001279-OC,2026-03-17 12:40:00,2026-03-17 12:45:00,2026-03-17,2026-03,Long,ObservationConfirm,11.5,11.375,False,False,Core,0,Normal,True,True,-65.25,-68.85,,Stop,2026-W12,Conservative
OPF-20260724-183132,20260317-2205-Short-1105,20260317-2205-BEAR-OBS-001105-Z001105,2026-03-17 22:05:00,2026-03-17 23:15:00,2026-03-18,2026-03,Short,ZoneBirthResearch,7.75,7.75,False,False,Core,0,Normal,True,True,77.5,73.9,,Base:Target|Runner:ProtectBE,2026-W12,Conservative
OPF-20260724-183132,DEFERRED|20260317-2210-BEAR-OBS-001106-Z001105-OC|ObservationConfirm,20260317-2210-BEAR-OBS-001106-Z001105-OC,2026-03-17 23:20:00,2026-03-18 00:00:00,2026-03-18,2026-03,Short,ObservationConfirm,18.0,18.0,False,False,DeferredContinuation,2,Normal,True,True,-0.0,-3.6,20260317-2205-Short-1105,Stop,2026-W12,Conservative
OPF-20260724-183132,RELEASED|20260318-0020-BULL-OBS-001132-Z001131-OC-STR|ObservationStrict_Other_WideStop1_5R,20260318-0020-BULL-OBS-001132-Z001131-OC-STR,2026-03-18 00:25:00,2026-03-18 02:00:00,2026-03-18,2026-03,Long,ObservationStrict_Other_WideStop1_5R,20.62,20.62,False,False,ActiveTrade,1,Normal,True,True,371.15999999999997,367.55999999999995,,Target,2026-W12,Conservative
OPF-20260724-183132,20260318-0210-Long-1154,20260318-0205-BULL-OBS-001153-Z001153-OC,2026-03-18 02:10:00,2026-03-18 02:20:00,2026-03-18,2026-03,Long,ObservationConfirm,10.5,10.75,False,False,Core,0,Normal,True,True,115.5,111.9,,Target,2026-W12,Conservative
OPF-20260724-183132,20260318-0315-Long-1167,20260318-0315-BULL-BRK-001167-Z001167-Q,2026-03-18 03:15:00,2026-03-18 03:40:00,2026-03-18,2026-03,Long,BreakawayFvg_Qualified,7.75,8.0,False,False,Core,0,Normal,True,True,66.0,62.4,,Target,2026-W12,Conservative
OPF-20260724-183132,DEFERRED|20260318-0325-BULL-OBS-001169-Z001167-OC|ObservationConfirm,20260318-0325-BULL-OBS-001169-Z001167-OC,2026-03-18 03:45:00,2026-03-18 04:10:00,2026-03-18,2026-03,Long,ObservationConfirm,8.0,8.0,False,False,DeferredContinuation,2,Normal,True,True,144.0,140.4,20260318-0315-Long-1167,Target,2026-W12,Conservative
OPF-20260724-183132,RELEASED|20260318-0405-BULL-OBS-001177-Z001176-OC|ObservationConfirm,20260318-0405-BULL-OBS-001177-Z001176-OC,2026-03-18 04:10:00,2026-03-18 04:30:00,2026-03-18,2026-03,Long,ObservationConfirm,9.25,9.25,False,False,ActiveTrade,1,Normal,True,True,-61.25,-64.85,,Stop,2026-W12,Conservative
OPF-20260724-183132,20260318-0455-Long-1187,20260318-0450-BULL-OBS-001186-Z001186-OC,2026-03-18 04:55:00,2026-03-18 05:00:00,2026-03-18,2026-03,Long,ObservationConfirm,4.25,4.5,False,False,Core,0,Normal,True,True,-28.5,-32.1,,Stop,2026-W12,Conservative
OPF-20260724-183132,20260318-0520-Long-1192,20260318-0515-BULL-OBS-001191-Z001191-OC,2026-03-18 05:20:00,2026-03-18 06:00:00,2026-03-18,2026-03,Long,ObservationConfirm,9.5,10.25,False,False,Core,0,Normal,True,True,121.5,117.9,,Target,2026-W12,Conservative
OPF-20260724-183132,DEFERRED|20260318-0530-BULL-OBS-001194-Z001194-OC|ObservationConfirm,20260318-0530-BULL-OBS-001194-Z001194-OC,2026-03-18 06:05:00,2026-03-18 06:20:00,2026-03-18,2026-03,Long,ObservationConfirm,6.5,6.5,False,False,DeferredContinuation,2,Normal,True,True,117.0,113.4,20260318-0520-Long-1192,Target,2026-W12,Conservative
OPF-20260724-183325,20260319-0225-Long-1157,20260319-0220-BULL-OBS-001156-Z001156-OC,2026-03-19 02:25:00,2026-03-19 02:30:00,2026-03-19,2026-03,Long,ObservationConfirm,10.75,9.75,False,False,Core,0,Normal,True,True,132.0,128.4,,ProtectBE,2026-W12,Conservative
OPF-20260724-183325,20260319-0240-Long-1160,20260319-0235-BULL-OBS-001159-Z001159-OC-STR,2026-03-19 02:40:00,2026-03-19 02:45:00,2026-03-19,2026-03,Long,ObservationStrict_BullFresh_WideStop1_5R,18.0,18.5,False,False,Core,0,Normal,True,True,-112.5,-116.1,,Stop,2026-W12,Conservative
OPF-20260724-183325,20260319-0255-Short-1163,20260319-0250-BEAR-OBS-001162-Z001162-OC,2026-03-19 02:55:00,2026-03-19 03:05:00,2026-03-19,2026-03,Short,ObservationConfirm,17.0,17.0,False,False,Core,0,Normal,True,True,-99.0,-102.6,,Stop,2026-W12,Conservative
OPF-20260724-183325,DEFERRED|20260319-0250-BULL-OBS-001162-Z001156-OC|ObservationConfirm,20260319-0250-BULL-OBS-001162-Z001156-OC,2026-03-19 03:10:00,2026-03-19 03:15:00,2026-03-19,2026-03,Long,ObservationConfirm,9.75,9.75,False,False,DeferredContinuation,2,Normal,True,True,0.0,-3.6,20260319-0255-Short-1163,Stop,2026-W12,Conservative
OPF-20260724-183325,20260319-0330-Short-1170,20260319-0325-BEAR-OBS-001169-Z001169-OC,2026-03-19 03:30:00,2026-03-19 03:55:00,2026-03-19,2026-03,Short,ObservationConfirm,19.5,19.75,False,False,Core,0,Normal,True,True,171.0,167.4,,Target,2026-W12,Conservative
OPF-20260724-183325,20260319-0410-Short-1178,20260319-0405-BEAR-OBS-001177-Z001177-OC,2026-03-19 04:10:00,2026-03-19 04:40:00,2026-03-19,2026-03,Short,ObservationConfirm,19.75,20.125,False,False,Core,0,Normal,True,True,180.0,176.4,,ProtectBE,2026-W12,Conservative
OPF-20260724-183325,20260319-0505-Long-1189,20260319-0500-BULL-OBS-001188-Z001188-OC,2026-03-19 05:05:00,2026-03-19 05:10:00,2026-03-19,2026-03,Long,ObservationConfirm,7.25,7.5,False,False,Core,0,Normal,True,True,-42.0,-45.6,,Stop,2026-W12,Conservative
OPF-20260724-183325,20260319-0545-Long-1197,20260319-0540-BULL-OBS-001196-Z001113-OC,2026-03-19 05:45:00,2026-03-19 05:55:00,2026-03-19,2026-03,Long,ObservationConfirm,10.75,11.5,False,False,Core,0,Normal,True,True,132.0,128.4,,Target,2026-W12,Conservative
OPF-20260724-183325,20260319-1120-Short-1264,20260319-1120-BEAR-BRK-001264-Z001264,2026-03-19 11:20:00,2026-03-19 11:55:00,2026-03-19,2026-03,Short,BreakawayFvg,29.75,30.25,False,False,Core,0,Abnormal,False,False,-4.5,-8.1,,ProtectBE,2026-W12,Conservative
OPF-20260724-183325,RELEASED|20260319-1130-BEAR-SHD-001266-Z001265|ShadowCandidate,20260319-1130-BEAR-SHD-001266-Z001265,2026-03-19 11:55:00,2026-03-19 12:00:00,2026-03-19,2026-03,Short,ShadowCandidate,13.25,13.25,False,False,ActiveTrade,1,Normal,True,True,238.5,234.9,,Target,2026-W12,Conservative
OPF-20260724-183325,RELEASED|20260319-1250-BEAR-OBS-001282-Z001282-OC|ObservationConfirm,20260319-1250-BEAR-OBS-001282-Z001282-OC,2026-03-19 12:55:00,2026-03-19 13:15:00,2026-03-19,2026-03,Short,ObservationConfirm,18.25,18.25,False,False,ActiveTrade,1,Normal,True,True,0.0,-3.6,,ProtectBE,2026-W12,Conservative
OPF-20260724-183528,20260320-0145-Long-1149,20260320-0140-BULL-OBS-001148-Z001148-OC,2026-03-20 01:45:00,2026-03-20 01:50:00,2026-03-20,2026-03,Long,ObservationConfirm,10.5,9.875,False,False,Core,0,Normal,True,True,-59.25,-62.85,,Stop,2026-W12,Conservative
OPF-20260724-183528,20260320-0215-Long-1155,20260320-0210-BULL-OBS-001154-Z001154-OC,2026-03-20 02:15:00,2026-03-20 02:20:00,2026-03-20,2026-03,Long,ObservationConfirm,7.5,8.0,False,False,Core,0,Normal,True,True,-46.5,-50.1,,Stop,2026-W12,Conservative
OPF-20260724-183528,20260320-0230-Short-1158,20260320-0215-BULL-OBS-001155-Z001154-FR-RT,2026-03-20 02:30:00,2026-03-20 02:35:00,2026-03-20,2026-03,Short,FailureReverse_RetestFailed_WideStop1_5R,7.12,7.25,False,False,Core,0,Normal,True,True,-43.5,-47.1,,ProtectBE,2026-W12,Conservative
OPF-20260724-183528,20260320-0305-Short-1165,20260320-0300-BEAR-OBS-001164-Z001164-OC,2026-03-20 03:05:00,2026-03-20 04:55:00,2026-03-20,2026-03,Short,ObservationConfirm,19.75,20.25,False,False,Core,0,Normal,True,True,187.5,183.9,,Target,2026-W12,Conservative
OPF-20260724-183528,DEFERRED|20260320-0445-BEAR-OBS-001185-Z001185-OC|ObservationConfirm,20260320-0445-BEAR-OBS-001185-Z001185-OC,2026-03-20 05:00:00,2026-03-20 05:10:00,2026-03-20,2026-03,Short,ObservationConfirm,8.0,8.0,False,False,DeferredContinuation,2,Normal,True,True,144.0,140.4,20260320-0305-Short-1165,Target,2026-W12,Conservative
OPF-20260724-183528,RELEASED|20260320-0515-BEAR-OBS-001191-Z001189|UnknownRegimeZoneTouch,20260320-0515-BEAR-OBS-001191-Z001189,2026-03-20 05:15:00,2026-03-20 05:20:00,2026-03-20,2026-03,Short,UnknownRegimeZoneTouch,6.5,6.5,False,False,ActiveTrade,1,Normal,True,True,-39.0,-42.6,,Stop,2026-W12,Conservative
OPF-20260724-183528,20260320-0535-Long-1195,20260320-0525-BULL-OBS-001193-Z001193-OC,2026-03-20 05:35:00,2026-03-20 06:00:00,2026-03-20,2026-03,Long,ObservationConfirm,7.25,7.25,False,False,Core,0,Normal,True,True,63.0,59.4,,ProtectBE,2026-W12,Conservative
OPF-20260724-183528,20260320-0630-Short-1206,20260320-0625-BEAR-OBS-001205-Z001205-OC,2026-03-20 06:30:00,2026-03-20 06:40:00,2026-03-20,2026-03,Short,ObservationConfirm,7.25,8.25,False,False,Core,0,Normal,True,True,72.0,68.4,,Target,2026-W12,Conservative
OPF-20260724-183528,20260320-0645-Short-1209,20260320-0640-BEAR-OBS-001208-Z001208-OC,2026-03-20 06:45:00,2026-03-20 06:55:00,2026-03-20,2026-03,Short,ObservationConfirm,16.5,16.625,False,False,Core,0,Normal,True,True,149.25,145.65,,Target,2026-W12,Conservative
OPF-20260724-183528,RELEASED|20260320-0655-BEAR-OBS-001211-Z001211|ZoneBirthResearch,20260320-0655-BEAR-OBS-001211-Z001211,2026-03-20 06:55:00,2026-03-20 07:00:00,2026-03-20,2026-03,Short,ZoneBirthResearch,6.5,6.5,False,False,ActiveTrade,1,Normal,True,True,117.0,113.4,,Base:Target|Runner:Target,2026-W12,Conservative
OPF-20260724-183721,20260323-0300-Long-1164,20260323-0255-BEAR-OBS-001163-Z001162-FR,2026-03-23 03:00:00,2026-03-23 03:05:00,2026-03-23,2026-03,Long,FailureReverse_ObservationInvalidated,17.5,16.75,False,False,Core,0,Normal,True,True,-102.0,-105.6,,Stop,2026-W13,Conservative
OPF-20260724-183721,20260323-0400-Short-1176,20260323-0355-BEAR-OBS-001175-Z001175-OC,2026-03-23 04:00:00,2026-03-23 04:05:00,2026-03-23,2026-03,Short,ObservationConfirm,17.5,18.0,False,False,Core,0,Normal,True,True,-108.0,-111.6,,Stop,2026-W13,Conservative
OPF-20260724-183721,20260323-0635-Short-1207,20260323-0635-BEAR-BRK-001207-Z001207,2026-03-23 06:35:00,2026-03-23 06:50:00,2026-03-23,2026-03,Short,BreakawayFvg,23.0,23.75,False,False,Core,0,Normal,True,True,281.25,277.65,,Target,2026-W13,Conservative
OPF-20260724-183721,20260323-0815-Short-1227,20260323-0810-BEAR-OBS-001226-Z001207-OC,2026-03-23 08:15:00,2026-03-23 08:20:00,2026-03-23,2026-03,Short,ObservationConfirm,17.25,17.875,False,False,Core,0,Normal,True,True,-110.25,-113.85,,Stop,2026-W13,Conservative
OPF-20260724-183721,20260323-1920-Short-1360,20260323-1920-BEAR-OBS-001360-Z001360,2026-03-23 19:20:00,2026-03-23 19:40:00,2026-03-23,2026-03,Short,ZoneBirthResearch,17.25,17.75,False,False,Core,0,Normal,True,True,-106.5,-110.1,,Base:Stop|Runner:Stop,2026-W13,Conservative
OPF-20260724-183928,20260324-0440-Short-1184,20260324-0435-BEAR-OBS-001183-Z001183-OC,2026-03-24 04:40:00,2026-03-24 04:45:00,2026-03-24,2026-03,Short,ObservationConfirm,11.75,12.375,False,False,Core,0,Normal,True,True,-64.5,-68.1,,Stop,2026-W13,Conservative
OPF-20260724-183928,20260324-0455-Short-1187,20260324-0450-BEAR-OBS-001186-Z001181-OC,2026-03-24 04:55:00,2026-03-24 05:10:00,2026-03-24,2026-03,Short,ObservationConfirm,17.75,18.0,False,False,Core,0,Normal,True,True,159.0,155.4,,Target,2026-W13,Conservative
OPF-20260724-183928,20260324-0540-Short-1196,20260324-0520-BEAR-SHD-001192-Z001181,2026-03-24 05:40:00,2026-03-24 05:55:00,2026-03-24,2026-03,Short,ShadowCandidate,21.75,22.5,False,False,Core,0,Normal,True,True,-132.75,-136.35,,Stop,2026-W13,Conservative
OPF-20260724-183928,RELEASED|20260324-1310-BULL-OBS-001286-Z001196-OC-STR|ObservationStrict_Other,20260324-1310-BULL-OBS-001286-Z001196-OC-STR,2026-03-24 13:15:00,2026-03-24 13:30:00,2026-03-24,2026-03,Long,ObservationStrict_Other,20.5,20.5,False,False,ActiveTrade,1,Normal,True,True,-123.0,-126.6,,ProtectBE,2026-W13,Conservative
OPF-20260724-184126,20260324-2250-Short-1114,20260324-2245-BEAR-OBS-001113-Z001107-OC,2026-03-24 22:50:00,2026-03-24 23:15:00,2026-03-25,2026-03,Short,ObservationConfirm,18.5,19.25,False,False,Core,0,Normal,True,True,-109.5,-113.1,,Stop,2026-W13,Conservative
OPF-20260724-184126,20260324-2350-Short-1126,20260324-2345-BEAR-OBS-001125-Z001125-OC,2026-03-24 23:50:00,2026-03-24 23:55:00,2026-03-25,2026-03,Short,ObservationConfirm,8.0,8.75,False,False,Core,0,Normal,True,True,84.0,80.4,,Target,2026-W13,Conservative
OPF-20260724-184126,20260325-0100-Short-1140,20260325-0055-BEAR-OBS-001139-Z001138-OC,2026-03-25 01:00:00,2026-03-25 01:25:00,2026-03-25,2026-03,Short,ObservationConfirm,16.75,18.25,False,False,Core,0,Normal,True,True,154.5,150.9,,ProtectBE,2026-W13,Conservative
OPF-20260724-184126,20260325-0320-Short-1168,20260325-0315-BEAR-OBS-001167-Z001167-OC,2026-03-25 03:20:00,2026-03-25 03:25:00,2026-03-25,2026-03,Short,ObservationConfirm,5.5,6.0,False,False,Core,0,Normal,True,True,-39.0,-42.6,,Stop,2026-W13,Conservative
OPF-20260724-184126,RELEASED|20260325-0320-BEAR-OBS-001168-Z001167-OC|ObservationConfirm,20260325-0320-BEAR-OBS-001168-Z001167-OC,2026-03-25 03:30:00,2026-03-25 03:35:00,2026-03-25,2026-03,Short,ObservationConfirm,4.5,4.5,False,False,ActiveTrade,1,Normal,True,True,-27.0,-30.6,,Stop,2026-W13,Conservative
OPF-20260724-184126,20260325-0425-Long-1181,20260325-0420-BULL-OBS-001180-Z001180-OC,2026-03-25 04:25:00,2026-03-25 04:40:00,2026-03-25,2026-03,Long,ObservationConfirm,10.25,10.5,False,False,Core,0,Normal,True,True,-67.5,-71.1,,Stop,2026-W13,Conservative
OPF-20260724-184126,RELEASED|20260325-0435-BULL-OBS-001183-Z001180-FR|FailureReverse_ObservationInvalidated,20260325-0435-BULL-OBS-001183-Z001180-FR,2026-03-25 04:45:00,2026-03-25 04:55:00,2026-03-25,2026-03,Short,FailureReverse_ObservationInvalidated,9.75,9.75,False,False,ActiveTrade,1,Normal,True,True,-73.4296875,-77.0296875,,Stop,2026-W13,Conservative
OPF-20260724-184126,20260325-0625-Short-1205,20260325-0625-BEAR-BRK-001205-Z001205,2026-03-25 06:25:00,2026-03-25 06:40:00,2026-03-25,2026-03,Short,BreakawayFvg,17.75,18.375,False,False,Core,0,Normal,True,True,-110.25,-113.85,,ProtectBE,2026-W13,Conservative
OPF-20260724-184126,RELEASED|20260325-0625-BEAR-SHD-001205-Z001205|ShadowCandidate,20260325-0625-BEAR-SHD-001205-Z001205,2026-03-25 06:40:00,2026-03-25 06:45:00,2026-03-25,2026-03,Short,ShadowCandidate,9.75,9.75,False,False,ActiveTrade,1,Normal,True,True,-58.5,-62.1,,Stop,2026-W13,Conservative
OPF-20260724-184126,20260325-0705-Long-1213,20260325-0655-BULL-OBS-001211-Z001210-OC,2026-03-25 07:05:00,2026-03-25 07:10:00,2026-03-25,2026-03,Long,ObservationConfirm,9.75,11.125,False,False,Core,0,Normal,True,True,134.25,130.65,,Target,2026-W13,Conservative
OPF-20260724-184338,20260325-2210-Short-1106,20260325-2205-BEAR-OBS-001105-Z001105-OC,2026-03-25 22:10:00,2026-03-25 22:50:00,2026-03-26,2026-03,Short,ObservationConfirm,18.75,18.75,False,False,Core,0,Normal,True,True,163.5,159.9,,ProtectBE,2026-W13,Conservative
OPF-20260724-184338,20260325-2320-Short-1120,20260325-2315-BEAR-OBS-001119-Z001119-OC,2026-03-25 23:20:00,2026-03-25 23:25:00,2026-03-26,2026-03,Short,ObservationConfirm,11.0,11.0,False,False,Core,0,Normal,True,True,-64.5,-68.1,,Stop,2026-W13,Conservative
OPF-20260724-184338,20260326-0040-Short-1136,20260326-0030-BULL-OBS-001134-Z001133-FR,2026-03-26 00:40:00,2026-03-26 00:45:00,2026-03-26,2026-03,Short,FailureReverse_ObservationInvalidated,10.25,9.875,False,False,Core,0,Normal,True,True,143.25,139.65,,Target,2026-W13,Conservative
OPF-20260724-184338,RELEASED|20260326-0115-BULL-OBS-001143-Z001131-OC|ObservationConfirm,20260326-0115-BULL-OBS-001143-Z001131-OC,2026-03-26 01:20:00,2026-03-26 01:25:00,2026-03-26,2026-03,Long,ObservationConfirm,7.25,7.25,False,False,ActiveTrade,1,Normal,True,True,-49.25,-52.85,,Stop,2026-W13,Conservative
OPF-20260724-184338,20260326-0345-Short-1173,20260326-0340-BULL-OBS-001172-Z001172-FR,2026-03-26 03:45:00,2026-03-26 04:50:00,2026-03-26,2026-03,Short,FailureReverse_ObservationInvalidated_WideStop1_5R,18.38,19.25,False,False,Core,0,Normal,True,True,346.5,342.9,,Target,2026-W13,Conservative
OPF-20260724-184338,DEFERRED|20260326-0350-BEAR-OBS-001174-Z001174-OC|ObservationConfirm,20260326-0350-BEAR-OBS-001174-Z001174-OC,2026-03-26 04:55:00,2026-03-26 05:25:00,2026-03-26,2026-03,Short,ObservationConfirm,18.5,18.5,False,False,DeferredContinuation,2,Normal,True,True,333.0,329.4,20260326-0345-Short-1173,Target,2026-W13,Conservative
OPF-20260724-184338,RELEASED|20260326-0550-BEAR-OBS-001198-Z001198-OC|ObservationConfirm,20260326-0550-BEAR-OBS-001198-Z001198-OC,2026-03-26 05:55:00,2026-03-26 06:25:00,2026-03-26,2026-03,Short,ObservationConfirm,19.0,19.0,False,False,ActiveTrade,1,Normal,True,True,0.0,-3.6,,ProtectBE,2026-W13,Conservative
OPF-20260724-184338,20260326-0935-Short-1243,20260326-0935-BEAR-OBS-001243-Z001243,2026-03-26 09:35:00,2026-03-26 09:40:00,2026-03-26,2026-03,Short,ZoneBirthResearch,12.75,13.25,False,False,Core,0,Normal,True,True,-79.5,-83.1,,Base:Stop|Runner:Stop,2026-W13,Conservative
OPF-20260724-184338,20260326-1055-Short-1259,20260326-1050-BEAR-SHD-001258-Z001256,2026-03-26 10:55:00,2026-03-26 11:00:00,2026-03-26,2026-03,Short,ShadowCandidate,12.5,9.5,False,False,Core,0,Normal,True,True,-54.75,-58.35,,ProtectBE,2026-W13,Conservative
OPF-20260724-184338,RELEASED|20260326-1055-BEAR-OBS-001259-Z001256-OC|ObservationConfirm,20260326-1055-BEAR-OBS-001259-Z001256-OC,2026-03-26 11:00:00,2026-03-26 11:05:00,2026-03-26,2026-03,Short,ObservationConfirm,13.25,13.25,False,False,ActiveTrade,1,Normal,True,True,-79.5,-83.1,,Stop,2026-W13,Conservative
OPF-20260724-184536,20260326-2345-Long-1125,20260326-2340-BULL-OBS-001124-Z001124-OC,2026-03-26 23:45:00,2026-03-26 23:55:00,2026-03-27,2026-03,Long,ObservationConfirm,11.0,11.75,False,False,Core,0,Normal,True,True,135.75,132.15,,ProtectBE,2026-W13,Conservative
OPF-20260724-184536,20260327-0135-Long-1147,20260327-0130-BULL-OBS-001146-Z001146-OC,2026-03-27 01:35:00,2026-03-27 01:40:00,2026-03-27,2026-03,Long,ObservationConfirm,10.0,11.125,False,False,Core,0,Normal,True,True,-69.0,-72.6,,ProtectBE,2026-W13,Conservative
OPF-20260724-184536,20260327-0600-Short-1200,20260327-0600-BEAR-OBS-001200-Z001200,2026-03-27 06:00:00,2026-03-27 06:10:00,2026-03-27,2026-03,Short,ZoneBirthResearch,17.25,16.5,False,False,Core,0,Normal,True,True,-99.0,-102.6,,Base:Stop|Runner:Stop,2026-W13,Conservative
OPF-20260724-184536,20260327-0625-Long-1205,20260327-0620-BULL-OBS-001204-Z001204-OC,2026-03-27 06:25:00,2026-03-27 06:30:00,2026-03-27,2026-03,Long,ObservationConfirm,9.25,9.75,False,False,Core,0,Normal,True,True,-52.5,-56.1,,Stop,2026-W13,Conservative
OPF-20260724-184536,RELEASED|20260327-0655-BEAR-OBS-001211-Z001210-OC|ObservationConfirm,20260327-0655-BEAR-OBS-001211-Z001210-OC,2026-03-27 07:00:00,2026-03-27 08:00:00,2026-03-27,2026-03,Short,ObservationConfirm,21.75,21.75,False,False,ActiveTrade,1,Normal,True,True,0.0,-3.6,,ProtectBE,2026-W13,Conservative
OPF-20260724-184536,20260327-1140-Short-1268,20260327-1140-BEAR-OBS-001268-Z001260,2026-03-27 11:40:00,2026-03-27 11:45:00,2026-03-27,2026-03,Short,UnknownRegimeZoneTouch,8.25,8.0,False,False,Core,0,Normal,True,True,-49.5,-53.1,,Stop,2026-W13,Conservative
OPF-20260724-184536,20260327-1750-Short-1342,20260327-1745-BEAR-OBS-001341-Z001341-OC,2026-03-27 17:50:00,2026-03-27 18:05:00,2026-03-27,2026-03,Short,ObservationConfirm,21.0,21.75,False,False,Core,0,Normal,True,True,192.0,188.4,,ProtectBE,2026-W13,Conservative
OPF-20260724-184536,20260327-1855-Short-1355,20260327-1855-BEAR-OBS-001355-Z001355,2026-03-27 18:55:00,2026-03-27 19:00:00,2026-03-27,2026-03,Short,ZoneBirthResearch,7.0,8.0,False,False,Core,0,Normal,True,True,-48.0,-51.6,,Base:Stop|Runner:Stop,2026-W13,Conservative
OPF-20260724-184733,20260330-0155-Long-1151,20260330-0150-BULL-OBS-001150-Z001149-OC,2026-03-30 01:55:00,2026-03-30 02:00:00,2026-03-30,2026-03,Long,ObservationConfirm,8.75,8.75,False,False,Core,0,Normal,True,True,110.25,106.65,,Target,2026-W14,Conservative
OPF-20260724-184733,DEFERRED|20260330-0145-BULL-OBS-001149-Z001149-OC|ObservationConfirm,20260330-0145-BULL-OBS-001149-Z001149-OC,2026-03-30 02:05:00,2026-03-30 02:15:00,2026-03-30,2026-03,Long,ObservationConfirm,8.75,8.75,False,False,DeferredContinuation,2,Normal,True,True,0.0,-3.6,20260330-0155-Long-1151,Stop,2026-W14,Conservative
OPF-20260724-184733,20260330-0255-Long-1163,20260330-0250-BULL-OBS-001162-Z001162-OC,2026-03-30 02:55:00,2026-03-30 03:00:00,2026-03-30,2026-03,Long,ObservationConfirm,9.5,9.5,False,False,Core,0,Normal,True,True,114.0,110.4,,Target,2026-W14,Conservative
OPF-20260724-184733,20260330-0445-Short-1185,20260330-0445-BEAR-OBS-001185-Z001185,2026-03-30 04:45:00,2026-03-30 05:00:00,2026-03-30,2026-03,Short,ZoneBirthResearch,7.25,8.75,False,False,Core,0,Normal,True,True,-52.5,-56.1,,Base:Stop|Runner:Stop,2026-W14,Conservative
OPF-20260724-184733,DEFERRED|20260330-0450-BULL-OBS-001186-Z001181-OC-STR|ObservationStrict_Other,20260330-0450-BULL-OBS-001186-Z001181-OC-STR,2026-03-30 05:05:00,2026-03-30 05:35:00,2026-03-30,2026-03,Long,ObservationStrict_Other,11.25,11.25,False,False,DeferredContinuation,2,Normal,True,True,0.0,-3.6,20260330-0445-Short-1185,Stop,2026-W14,Conservative
OPF-20260724-184733,20260330-0625-Long-1205,20260330-0620-BULL-OBS-001204-Z001204-OC,2026-03-30 06:25:00,2026-03-30 06:35:00,2026-03-30,2026-03,Long,ObservationConfirm,11.0,11.75,False,False,Core,0,Normal,True,True,154.5,150.9,,Target,2026-W14,Conservative
OPF-20260724-184733,20260330-1915-Short-1359,20260330-1915-BEAR-BRK-001359-Z001359,2026-03-30 19:15:00,2026-03-30 19:30:00,2026-03-30,2026-03,Short,BreakawayFvg,22.75,22.5,False,False,Core,0,Normal,True,True,-138.0,-141.6,,ProtectBE,2026-W14,Conservative
OPF-20260724-184733,20260330-2015-Short-1371,20260330-2010-BEAR-OBS-001370-Z001370-OC,2026-03-30 20:15:00,2026-03-30 20:50:00,2026-03-30,2026-03,Short,ObservationConfirm,16.25,16.75,False,False,Core,0,Normal,True,True,-13.5,-17.1,,GlobexCloseout,2026-W14,Conservative
OPF-20260724-184943,20260331-0450-Short-1186,20260331-0450-BEAR-OBS-001186-Z001186,2026-03-31 04:50:00,2026-03-31 05:10:00,2026-03-31,2026-03,Short,ZoneBirthResearch,6.75,6.0,False,False,Core,0,Normal,True,True,108.0,104.4,,Base:Target|Runner:Target,2026-W14,Conservative
OPF-20260724-184943,20260331-0910-Long-1238,20260331-0905-BULL-OBS-001237-Z001237-OC,2026-03-31 09:10:00,2026-03-31 09:15:00,2026-03-31,2026-03,Long,ObservationConfirm,9.5,9.75,False,False,Core,0,Normal,True,True,-51.0,-54.6,,Stop,2026-W14,Conservative
OPF-20260724-184943,20260331-1020-Short-1252,20260331-1020-BEAR-OBS-001252-Z001252,2026-03-31 10:20:00,2026-03-31 10:25:00,2026-03-31,2026-03,Short,ZoneBirthResearch,6.25,8.5,False,False,Core,0,Normal,True,True,-51.0,-54.6,,Base:Stop|Runner:Stop,2026-W14,Conservative
OPF-20260724-184943,20260331-1105-Long-1261,20260331-1100-BULL-OBS-001260-Z001259-OC-STR,2026-03-31 11:05:00,2026-03-31 11:10:00,2026-03-31,2026-03,Long,ObservationStrict_Other,17.0,17.5,False,False,Core,0,Normal,True,True,311.25,307.65,,Target,2026-W14,Conservative
OPF-20260724-184943,20260331-1545-Short-1317,20260331-1545-BEAR-OBS-001317-Z001317,2026-03-31 15:45:00,2026-03-31 15:50:00,2026-03-31,2026-03,Short,ZoneBirthResearch,17.5,18.375,False,False,Core,0,Normal,True,True,-110.25,-113.85,,Base:Stop|Runner:Stop,2026-W14,Conservative
OPF-20260724-184943,20260331-2045-Short-1377,20260331-2045-BEAR-OBS-001377-Z001377,2026-03-31 20:45:00,2026-03-31 20:55:00,2026-03-31,2026-03,Short,ZoneBirthResearch,8.0,9.0,False,False,Core,0,Normal,True,True,43.5,39.9,,SnapshotEnd,2026-W14,Conservative
OPF-20260724-185147,20260401-0110-Short-1142,20260401-0105-BEAR-OBS-001141-Z001141-OC,2026-04-01 01:10:00,2026-04-01 01:35:00,2026-04-01,2026-04,Short,ObservationConfirm,17.25,18.25,False,False,Core,0,Normal,True,True,167.25,163.65,,ProtectBE,2026-W14,Conservative
OPF-20260724-185147,DEFERRED|20260401-0110-BEAR-OBS-001142-Z001141-OC|ObservationConfirm,20260401-0110-BEAR-OBS-001142-Z001141-OC,2026-04-01 01:40:00,2026-04-01 02:00:00,2026-04-01,2026-04,Short,ObservationConfirm,19.25,19.25,False,False,DeferredContinuation,2,Normal,True,True,-0.0,-3.6,20260401-0110-Short-1142,Stop,2026-W14,Conservative
OPF-20260724-185147,20260401-0205-Short-1153,20260401-0200-BEAR-OBS-001152-Z001147-OC,2026-04-01 02:05:00,2026-04-01 02:30:00,2026-04-01,2026-04,Short,ObservationConfirm,10.0,10.25,False,False,Core,0,Normal,True,True,84.0,80.4,,Target,2026-W14,Conservative
OPF-20260724-185147,20260401-0250-Short-1162,20260401-0245-BEAR-OBS-001161-Z001155-OC,2026-04-01 02:50:00,2026-04-01 03:00:00,2026-04-01,2026-04,Short,ObservationConfirm,10.25,10.5,False,False,Core,0,Normal,True,True,-69.0,-72.6,,ProtectBE,2026-W14,Conservative
OPF-20260724-185147,20260401-0530-Long-1194,20260401-0525-BULL-OBS-001193-Z001193-OC,2026-04-01 05:30:00,2026-04-01 05:35:00,2026-04-01,2026-04,Long,ObservationConfirm,12.0,12.25,False,False,Core,0,Abnormal,False,False,-3.0,-6.6,,Stop,2026-W14,Conservative
OPF-20260724-185147,20260401-1200-Short-1272,20260401-1155-BULL-OBS-001271-Z001271-FR,2026-04-01 12:00:00,2026-04-01 12:05:00,2026-04-01,2026-04,Short,FailureReverse_ObservationInvalidated_WideStop1_5R,17.62,17.5,False,False,Core,0,Normal,True,True,-100.5,-104.1,,Stop,2026-W14,Conservative
OPF-20260724-185147,20260401-1215-Long-1275,20260401-1210-BULL-OBS-001274-Z001268-OC,2026-04-01 12:15:00,2026-04-01 12:20:00,2026-04-01,2026-04,Long,ObservationConfirm,7.0,7.25,False,False,Core,0,Normal,True,True,-42.0,-45.6,,Stop,2026-W14,Conservative
OPF-20260724-185147,20260401-1305-Long-1285,20260401-1305-BULL-PB-001285-Z001243,2026-04-01 13:05:00,2026-04-01 13:25:00,2026-04-01,2026-04,Long,AlmostConfirmed,20.0,20.0,False,False,Core,0,Normal,True,True,294.0,290.4,,ProtectBE,2026-W14,Conservative
OPF-20260724-185147,20260401-1715-Long-1335,20260401-1710-BULL-OBS-001334-Z001333-OC,2026-04-01 17:15:00,2026-04-01 17:20:00,2026-04-01,2026-04,Long,ObservationConfirm,9.25,9.5,False,False,Core,0,Normal,True,True,-51.0,-54.6,,Stop,2026-W14,Conservative
OPF-20260724-185342,20260401-2355-Long-1127,20260401-2350-BULL-OBS-001126-Z001118-OC-STR,2026-04-01 23:55:00,2026-04-02 00:00:00,2026-04-02,2026-04,Long,ObservationStrict_Other,8.5,10.875,False,False,Core,0,Normal,True,True,-70.5,-74.1,,Stop,2026-W14,Conservative
OPF-20260724-185342,20260402-0215-Short-1155,20260402-0215-BEAR-BRK-001155-Z001155,2026-04-02 02:15:00,2026-04-02 03:30:00,2026-04-02,2026-04,Short,BreakawayFvg,21.75,22.25,False,False,Core,0,Normal,True,True,277.5,273.9,,ProtectBE,2026-W14,Conservative
OPF-20260724-185342,20260402-0340-Short-1172,20260402-0340-BEAR-OBS-001172-Z001172,2026-04-02 03:40:00,2026-04-02 05:40:00,2026-04-02,2026-04,Short,ZoneBirthResearch,16.5,16.75,False,False,Core,0,Normal,True,True,301.5,297.9,,Base:Target|Runner:Target,2026-W14,Conservative
OPF-20260724-185342,20260402-0940-Short-1244,20260402-0935-BEAR-OBS-001243-Z001243-OC,2026-04-02 09:40:00,2026-04-02 10:05:00,2026-04-02,2026-04,Short,ObservationConfirm,18.25,19.25,False,False,Core,0,Normal,True,True,168.0,164.4,,Target,2026-W14,Conservative
OPF-20260724-185342,20260402-1250-Short-1282,20260402-1245-BEAR-OBS-001281-Z001264-OC,2026-04-02 12:50:00,2026-04-02 12:55:00,2026-04-02,2026-04,Short,ObservationConfirm,7.25,7.75,False,False,Core,0,Normal,True,True,66.0,62.4,,Target,2026-W14,Conservative
OPF-20260724-185342,20260402-1315-Long-1287,20260402-1310-BULL-OBS-001286-Z001277-OC-STR,2026-04-02 13:15:00,2026-04-02 13:25:00,2026-04-02,2026-04,Long,ObservationStrict_Other,18.75,18.5,False,False,Core,0,Normal,True,True,333.0,329.4,,ProtectBE,2026-W14,Conservative
OPF-20260724-185342,RELEASED|20260402-1730-BULL-OBS-001338-Z001335-FR|FailureReverse_ObservationInvalidated_WideStop1_5R,20260402-1730-BULL-OBS-001338-Z001335-FR,2026-04-02 17:40:00,2026-04-02 17:45:00,2026-04-02,2026-04,Short,FailureReverse_ObservationInvalidated_WideStop1_5R,19.88,19.88,False,False,ActiveTrade,1,Normal,True,True,357.84000000000003,354.24,,Target,2026-W14,Conservative
OPF-20260724-185539,20260405-2310-Short-1025,20260405-2255-BULL-OBS-001022-Z001022-FR-RT,2026-04-05 23:10:00,2026-04-05 23:15:00,2026-04-06,2026-04,Short,FailureReverse_RetestFailed_WideStop1_5R,10.12,10.5,False,False,Core,0,Normal,True,True,-67.5,-71.1,,Stop,2026-W15,Conservative
OPF-20260724-185539,20260406-0105-Long-1048,20260406-0100-BULL-OBS-001047-Z001047-OC,2026-04-06 01:05:00,2026-04-06 01:50:00,2026-04-06,2026-04,Long,ObservationConfirm_WideStop1_5R,24.0,25.75,False,False,Core,0,Normal,True,True,-157.5,-161.1,,Stop,2026-W15,Conservative
OPF-20260724-185539,RELEASED|20260406-0150-BEAR-OBS-001057-Z001057|ZoneBirthResearch,20260406-0150-BEAR-OBS-001057-Z001057,2026-04-06 01:50:00,2026-04-06 02:00:00,2026-04-06,2026-04,Short,ZoneBirthResearch,17.0,17.0,False,False,ActiveTrade,1,Normal,True,True,-102.0,-105.6,,Base:Stop|Runner:Stop,2026-W15,Conservative
OPF-20260724-185737,20260407-0005-Short-1036,20260407-0000-BEAR-OBS-001035-Z001035-OC,2026-04-07 00:05:00,2026-04-07 00:10:00,2026-04-07,2026-04,Short,ObservationConfirm,16.75,17.125,False,False,Core,0,Normal,True,True,-93.75,-97.35,,Stop,2026-W15,Conservative
OPF-20260724-185737,RELEASED|20260407-0200-BEAR-SHD-001059-Z001059|ShadowCandidate,20260407-0200-BEAR-SHD-001059-Z001059,2026-04-07 02:05:00,2026-04-07 02:10:00,2026-04-07,2026-04,Short,ShadowCandidate,12.25,12.25,False,False,ActiveTrade,1,Normal,True,True,-73.5,-77.1,,Stop,2026-W15,Conservative
OPF-20260724-185737,20260407-0220-Short-1063,20260407-0210-BEAR-SHD-001061-Z001059,2026-04-07 02:20:00,2026-04-07 02:25:00,2026-04-07,2026-04,Short,ShadowCandidate,7.25,7.5,False,False,Core,0,Normal,True,True,-51.75,-55.35,,Stop,2026-W15,Conservative
OPF-20260724-185737,20260407-0410-Short-1085,20260407-0405-BEAR-OBS-001084-Z001084-OC,2026-04-07 04:10:00,2026-04-07 04:15:00,2026-04-07,2026-04,Short,ObservationConfirm,16.75,17.375,False,False,Core,0,Normal,True,True,-104.25,-107.85,,Stop,2026-W15,Conservative
OPF-20260724-185937,20260408-0125-Short-1052,20260408-0120-BEAR-OBS-001051-Z001051-OC,2026-04-08 01:25:00,2026-04-08 01:30:00,2026-04-08,2026-04,Short,ObservationConfirm,17.0,17.75,False,False,Core,0,Normal,True,True,-108.75,-112.35,,Stop,2026-W15,Conservative
OPF-20260724-185937,20260408-0455-Long-1094,20260408-0450-BULL-OBS-001093-Z001085-OC,2026-04-08 04:55:00,2026-04-08 05:15:00,2026-04-08,2026-04,Long,ObservationConfirm,8.25,9.25,False,False,Core,0,Normal,True,True,102.0,98.4,,ProtectBE,2026-W15,Conservative
OPF-20260724-185937,20260408-0600-Long-1107,20260408-0600-BULL-PB-001107-Z001106,2026-04-08 06:00:00,2026-04-08 06:15:00,2026-04-08,2026-04,Long,AlmostConfirmed,17.75,18.0,False,False,Core,0,Normal,True,True,-109.5,-113.1,,Stop,2026-W15,Conservative
OPF-20260724-185937,20260408-0740-Short-1127,20260408-0735-BEAR-OBS-001126-Z001126-OC,2026-04-08 07:40:00,2026-04-08 08:10:00,2026-04-08,2026-04,Short,ObservationConfirm,17.25,18.0,False,False,Core,0,Normal,True,True,-99.0,-102.6,,Stop,2026-W15,Conservative
OPF-20260724-185937,20260408-1705-Short-1240,20260408-1700-BULL-OBS-001239-Z001237-FR,2026-04-08 17:05:00,2026-04-08 17:35:00,2026-04-08,2026-04,Short,FailureReverse_ObservationInvalidated_WideStop1_5R,20.25,20.0,False,False,Core,0,Normal,True,True,360.0,356.4,,ProtectBE,2026-W15,Conservative
OPF-20260724-190140,20260408-2240-Short-1019,20260408-2235-BEAR-OBS-001018-Z001014-OC,2026-04-08 22:40:00,2026-04-08 23:00:00,2026-04-09,2026-04,Short,ObservationConfirm,18.0,19.0,False,False,Core,0,Normal,True,True,-120.0,-123.6,,Stop,2026-W15,Conservative
OPF-20260724-190140,20260408-2335-Short-1030,20260408-2310-BULL-OBS-001025-Z001025-FR-RT,2026-04-08 23:35:00,2026-04-08 23:40:00,2026-04-09,2026-04,Short,FailureReverse_RetestFailed,5.75,6.0,False,False,Core,0,Normal,True,True,-33.0,-36.6,,Stop,2026-W15,Conservative
OPF-20260724-190140,20260409-0020-Long-1039,20260409-0010-BEAR-OBS-001037-Z001036-FR,2026-04-09 00:20:00,2026-04-09 00:25:00,2026-04-09,2026-04,Long,FailureReverse_ObservationInvalidated,10.5,10.875,False,False,Core,0,Normal,True,True,-60.75,-64.35,,Stop,2026-W15,Conservative
OPF-20260724-190140,20260409-0140-Long-1055,20260409-0135-BULL-OBS-001054-Z001054-OC,2026-04-09 01:40:00,2026-04-09 01:45:00,2026-04-09,2026-04,Long,ObservationConfirm,10.0,10.75,False,False,Core,0,Normal,True,True,-66.0,-69.6,,Stop,2026-W15,Conservative
OPF-20260724-190140,20260409-0305-Short-1072,20260409-0300-BEAR-OBS-001071-Z001071-OC,2026-04-09 03:05:00,2026-04-09 03:15:00,2026-04-09,2026-04,Short,ObservationConfirm,8.0,8.0,False,False,Core,0,Normal,True,True,63.75,60.15,,ProtectBE,2026-W15,Conservative
OPF-20260724-190140,DEFERRED|20260409-0250-BULL-OBS-001069-Z001069-FR-RT|FailureReverse_RetestFailed,20260409-0250-BULL-OBS-001069-Z001069-FR-RT,2026-04-09 03:20:00,2026-04-09 03:35:00,2026-04-09,2026-04,Short,FailureReverse_RetestFailed,11.0,11.0,False,False,DeferredContinuation,2,Normal,True,True,-66.0,-69.6,20260409-0305-Short-1072,Stop,2026-W15,Conservative
OPF-20260724-190344,20260409-2235-Short-1111,20260409-2230-BEAR-OBS-001110-Z001110-OC,2026-04-09 22:35:00,2026-04-09 22:55:00,2026-04-10,2026-04,Short,ObservationConfirm,19.5,20.25,False,False,Core,0,Normal,True,True,178.5,174.9,,ProtectBE,2026-W15,Conservative
OPF-20260724-190344,20260410-0040-Long-1136,20260410-0035-BULL-OBS-001135-Z001135-OC,2026-04-10 00:40:00,2026-04-10 00:50:00,2026-04-10,2026-04,Long,ObservationConfirm,10.25,10.25,False,False,Core,0,Normal,True,True,119.25,115.65,,Target,2026-W15,Conservative
OPF-20260724-190344,DEFERRED|20260410-0040-BULL-OBS-001136-Z001136-OC|ObservationConfirm,20260410-0040-BULL-OBS-001136-Z001136-OC,2026-04-10 00:55:00,2026-04-10 00:55:00,2026-04-10,2026-04,Long,ObservationConfirm,7.25,7.25,False,False,DeferredContinuation,2,Normal,True,True,130.5,126.9,20260410-0040-Long-1136,Target,2026-W15,Conservative
OPF-20260724-190344,20260410-0105-Long-1141,20260410-0100-BULL-OBS-001140-Z001140-OC,2026-04-10 01:05:00,2026-04-10 01:10:00,2026-04-10,2026-04,Long,ObservationConfirm,11.0,10.875,False,False,Core,0,Normal,True,True,-63.75,-67.35,,Stop,2026-W15,Conservative
OPF-20260724-190344,RELEASED|20260410-0110-BULL-OBS-001142-Z001140-OC|ObservationConfirm_WideStop1_5R,20260410-0110-BULL-OBS-001142-Z001140-OC,2026-04-10 01:15:00,2026-04-10 01:30:00,2026-04-10,2026-04,Long,ObservationConfirm_WideStop1_5R,9.75,9.75,False,False,ActiveTrade,1,Normal,True,True,175.5,171.9,,Target,2026-W15,Conservative
OPF-20260724-190344,20260410-0140-Long-1148,20260410-0140-BULL-PB-001148-Z001147,2026-04-10 01:40:00,2026-04-10 01:55:00,2026-04-10,2026-04,Long,AlmostConfirmed,12.75,12.75,False,False,Core,0,Normal,True,True,-78.0,-81.6,,Stop,2026-W15,Conservative
OPF-20260724-190344,20260410-0210-Short-1154,20260410-0205-BEAR-OBS-001153-Z001153-OC,2026-04-10 02:10:00,2026-04-10 02:20:00,2026-04-10,2026-04,Short,ObservationConfirm,11.0,11.375,False,False,Core,0,Normal,True,True,102.75,99.15,,ProtectBE,2026-W15,Conservative
OPF-20260724-190344,RELEASED|20260410-0220-BEAR-OBS-001156-Z001156|ZoneBirthResearch,20260410-0220-BEAR-OBS-001156-Z001156,2026-04-10 02:20:00,2026-04-10 02:30:00,2026-04-10,2026-04,Short,ZoneBirthResearch,5.0,5.0,False,False,ActiveTrade,1,Normal,True,True,-30.0,-33.6,,Base:Stop|Runner:Stop,2026-W15,Conservative
OPF-20260724-190344,20260410-0340-Long-1172,20260410-0335-BULL-OBS-001171-Z001171-OC,2026-04-10 03:40:00,2026-04-10 04:00:00,2026-04-10,2026-04,Long,ObservationConfirm,7.75,8.5,False,False,Core,0,Normal,True,True,-51.0,-54.6,,Stop,2026-W15,Conservative
OPF-20260724-190344,DEFERRED|20260410-0350-BULL-OBS-001174-Z001171-OC|ObservationConfirm,20260410-0350-BULL-OBS-001174-Z001171-OC,2026-04-10 04:05:00,2026-04-10 04:05:00,2026-04-10,2026-04,Long,ObservationConfirm,8.0,8.0,False,False,DeferredContinuation,2,Normal,True,True,-48.0,-51.6,20260410-0340-Long-1172,Stop,2026-W15,Conservative
OPF-20260724-190542,RELEASED|20260412-2235-BEAR-OBS-001111-Z001110-OC|ObservationConfirm,20260412-2235-BEAR-OBS-001111-Z001110-OC,2026-04-12 22:40:00,2026-04-12 22:55:00,2026-04-13,2026-04,Short,ObservationConfirm,19.5,19.5,False,False,ActiveTrade,1,Normal,True,True,-117.0,-120.6,,Stop,2026-W16,Conservative
OPF-20260724-190542,20260413-0020-Long-1132,20260413-0015-BULL-OBS-001131-Z001131-OC,2026-04-13 00:20:00,2026-04-13 00:25:00,2026-04-13,2026-04,Long,ObservationConfirm,9.25,9.625,False,False,Core,0,Normal,True,True,-48.75,-52.35,,Stop,2026-W16,Conservative
OPF-20260724-190542,20260413-0040-Long-1136,20260413-0035-BULL-OBS-001135-Z001135-OC,2026-04-13 00:40:00,2026-04-13 00:50:00,2026-04-13,2026-04,Long,ObservationConfirm_WideStop1_5R,9.0,9.75,False,False,Core,0,Normal,True,True,79.5,75.9,,Target,2026-W16,Conservative
OPF-20260724-190542,20260413-0215-Short-1155,20260413-0210-BEAR-OBS-001154-Z001154-OC,2026-04-13 02:15:00,2026-04-13 02:20:00,2026-04-13,2026-04,Short,ObservationConfirm,6.25,6.75,False,False,Core,0,Normal,True,True,56.25,52.65,,ProtectBE,2026-W16,Conservative
OPF-20260724-190542,20260413-0325-Long-1169,20260413-0320-BEAR-OBS-001168-Z001166-FR,2026-04-13 03:25:00,2026-04-13 03:30:00,2026-04-13,2026-04,Long,FailureReverse_ObservationInvalidated,9.0,9.0,False,False,Core,0,Normal,True,True,-55.5,-59.1,,Stop,2026-W16,Conservative
OPF-20260724-190542,RELEASED|20260413-0325-BULL-OBS-001169-Z001169-OC|ObservationConfirm,20260413-0325-BULL-OBS-001169-Z001169-OC,2026-04-13 03:30:00,2026-04-13 03:35:00,2026-04-13,2026-04,Long,ObservationConfirm,5.75,5.75,False,False,ActiveTrade,1,Normal,True,True,-40.25,-43.85,,Stop,2026-W16,Conservative
OPF-20260724-190542,20260413-0350-Short-1174,20260413-0330-BULL-OBS-001170-Z001169-FR-RT,2026-04-13 03:50:00,2026-04-13 03:55:00,2026-04-13,2026-04,Short,FailureReverse_RetestFailed,5.25,5.375,False,False,Core,0,Normal,True,True,38.25,34.65,,ProtectBE,2026-W16,Conservative
OPF-20260724-190542,20260413-0425-Long-1181,20260413-0420-BULL-OBS-001180-Z001179-OC,2026-04-13 04:25:00,2026-04-13 04:50:00,2026-04-13,2026-04,Long,ObservationConfirm,9.5,9.875,False,False,Core,0,Normal,True,True,138.75,135.15,,ProtectBE,2026-W16,Conservative
OPF-20260724-190542,20260413-0530-Short-1194,20260413-0500-BULL-OBS-001188-Z001187-FR-RT,2026-04-13 05:30:00,2026-04-13 05:50:00,2026-04-13,2026-04,Short,FailureReverse_RetestFailed_WideStop1_5R,6.38,6.0,False,False,Core,0,Normal,True,True,-25.5,-29.1,,ProtectBE,2026-W16,Conservative
OPF-20260724-190542,20260413-0605-Long-1201,20260413-0600-BULL-OBS-001200-Z001200-OC,2026-04-13 06:05:00,2026-04-13 06:15:00,2026-04-13,2026-04,Long,ObservationConfirm,10.75,11.0,False,False,Core,0,Normal,True,True,132.0,128.4,,Target,2026-W16,Conservative
OPF-20260724-190740,20260413-2325-Short-1121,20260413-2325-BEAR-OBS-001121-Z001121,2026-04-13 23:25:00,2026-04-13 23:45:00,2026-04-14,2026-04,Short,ZoneBirthResearch,6.0,6.5,False,False,Core,0,Normal,True,True,-39.0,-42.6,,Base:Stop|Runner:Stop,2026-W16,Conservative
OPF-20260724-190740,20260414-0000-Short-1128,20260413-2355-BEAR-OBS-001127-Z001127-OC,2026-04-14 00:00:00,2026-04-14 00:25:00,2026-04-14,2026-04,Short,ObservationConfirm,18.0,18.875,False,False,Core,0,Normal,True,True,-119.25,-122.85,,ProtectBE,2026-W16,Conservative
OPF-20260724-190740,20260414-0150-Long-1150,20260414-0145-BULL-OBS-001149-Z001149-OC,2026-04-14 01:50:00,2026-04-14 01:55:00,2026-04-14,2026-04,Long,ObservationConfirm_WideStop1_5R,4.12,3.75,False,False,Core,0,Normal,True,True,-19.5,-23.1,,Stop,2026-W16,Conservative
OPF-20260724-190740,20260414-0215-Long-1155,20260414-0210-BULL-OBS-001154-Z001154-OC,2026-04-14 02:15:00,2026-04-14 02:20:00,2026-04-14,2026-04,Long,ObservationConfirm,8.0,8.25,False,False,Core,0,Normal,True,True,-51.0,-54.6,,Stop,2026-W16,Conservative
OPF-20260724-190740,20260414-0310-Short-1166,20260414-0305-BEAR-OBS-001165-Z001165-OC,2026-04-14 03:10:00,2026-04-14 03:20:00,2026-04-14,2026-04,Short,ObservationConfirm,6.0,5.75,False,False,Core,0,Normal,True,True,48.0,44.4,,ProtectBE,2026-W16,Conservative
OPF-20260724-190740,20260414-0335-Short-1171,20260414-0330-BEAR-OBS-001170-Z001169-OC,2026-04-14 03:35:00,2026-04-14 03:45:00,2026-04-14,2026-04,Short,ObservationConfirm,4.5,5.25,False,False,Core,0,Normal,True,True,-27.75,-31.35,,Stop,2026-W16,Conservative
OPF-20260724-190740,20260414-0425-Long-1181,20260414-0420-BULL-OBS-001180-Z001180-OC,2026-04-14 04:25:00,2026-04-14 04:30:00,2026-04-14,2026-04,Long,ObservationConfirm,4.5,4.5,False,False,Core,0,Normal,True,True,-27.0,-30.6,,Stop,2026-W16,Conservative
OPF-20260724-190740,20260414-0455-Long-1187,20260414-0450-BULL-OBS-001186-Z001186-OC,2026-04-14 04:55:00,2026-04-14 05:20:00,2026-04-14,2026-04,Long,ObservationConfirm,7.0,7.5,False,False,Core,0,Normal,True,True,-45.75,-49.35,,Stop,2026-W16,Conservative
OPF-20260724-190936,20260414-2215-Long-1107,20260414-2210-BULL-OBS-001106-Z001106-OC,2026-04-14 22:15:00,2026-04-14 22:25:00,2026-04-15,2026-04,Long,ObservationConfirm,10.75,11.875,False,False,Core,0,Normal,True,True,-69.75,-73.35,,Stop,2026-W16,Conservative
OPF-20260724-190936,20260414-2250-Short-1114,20260414-2250-BEAR-OBS-001114-Z001114,2026-04-14 22:50:00,2026-04-14 23:05:00,2026-04-15,2026-04,Short,ZoneBirthResearch,4.25,4.375,False,False,Core,0,Normal,True,True,-26.25,-29.85,,Base:Stop|Runner:Stop,2026-W16,Conservative
OPF-20260724-190936,20260414-2310-Long-1118,20260414-2305-BULL-OBS-001117-Z001117-OC,2026-04-14 23:10:00,2026-04-14 23:20:00,2026-04-15,2026-04,Long,ObservationConfirm,7.25,7.5,False,False,Core,0,Normal,True,True,46.5,42.9,,Target,2026-W16,Conservative
OPF-20260724-190936,RELEASED|20260414-2315-BULL-OBS-001119-Z001118-OC|ObservationConfirm,20260414-2315-BULL-OBS-001119-Z001118-OC,2026-04-14 23:20:00,2026-04-14 23:30:00,2026-04-15,2026-04,Long,ObservationConfirm,9.5,9.5,False,False,ActiveTrade,1,Normal,True,True,-5.749999999999999,-9.35,,ProtectBE,2026-W16,Conservative
OPF-20260724-190936,20260415-0000-Short-1128,20260415-0000-BEAR-OBS-001128-Z001128,2026-04-15 00:00:00,2026-04-15 00:05:00,2026-04-15,2026-04,Short,ZoneBirthResearch,8.0,7.5,False,False,Core,0,Normal,True,True,-45.0,-48.6,,Base:Stop|Runner:Stop,2026-W16,Conservative
OPF-20260724-190936,20260415-0045-Short-1137,20260415-0045-BEAR-OBS-001137-Z001137,2026-04-15 00:45:00,2026-04-15 00:50:00,2026-04-15,2026-04,Short,ZoneBirthResearch,3.75,4.0,False,False,Core,0,Normal,True,True,-24.0,-27.6,,Base:Stop|Runner:Stop,2026-W16,Conservative
OPF-20260724-190936,20260415-0125-Long-1145,20260415-0120-BULL-OBS-001144-Z001143-OC,2026-04-15 01:25:00,2026-04-15 01:30:00,2026-04-15,2026-04,Long,ObservationConfirm,8.0,7.25,False,False,Core,0,Normal,True,True,-45.0,-48.6,,Stop,2026-W16,Conservative
OPF-20260724-190936,20260415-0215-Short-1155,20260415-0215-BEAR-OBS-001155-Z001155,2026-04-15 02:15:00,2026-04-15 02:35:00,2026-04-15,2026-04,Short,ZoneBirthResearch,7.0,7.25,False,False,Core,0,Normal,True,True,130.5,126.9,,Base:Target|Runner:Target,2026-W16,Conservative
OPF-20260724-190936,DEFERRED|20260415-0215-BEAR-OBS-001155-Z001155-OC|ObservationConfirm,20260415-0215-BEAR-OBS-001155-Z001155-OC,2026-04-15 02:40:00,2026-04-15 03:10:00,2026-04-15,2026-04,Short,ObservationConfirm,10.75,10.75,False,False,DeferredContinuation,2,Normal,True,True,-64.5,-68.1,20260415-0215-Short-1155,Stop,2026-W16,Conservative
OPF-20260724-190936,20260415-0705-Long-1213,20260415-0700-BULL-OBS-001212-Z001206-OC,2026-04-15 07:05:00,2026-04-15 08:25:00,2026-04-15,2026-04,Long,ObservationConfirm_WideStop1_5R,22.88,22.25,False,False,Core,0,Normal,True,True,183.0,179.4,,ProtectBE,2026-W16,Conservative
OPF-20260724-191134,20260417-0010-Short-1130,20260417-0005-BEAR-OBS-001129-Z001129-OC,2026-04-17 00:10:00,2026-04-17 00:15:00,2026-04-17,2026-04,Short,ObservationConfirm,17.75,18.375,False,False,Core,0,Normal,True,True,-108.75,-112.35,,Stop,2026-W16,Conservative
OPF-20260724-191134,20260417-0210-Short-1154,20260417-0210-BEAR-OBS-001154-Z001154,2026-04-17 02:10:00,2026-04-17 03:35:00,2026-04-17,2026-04,Short,ZoneBirthResearch,7.75,7.625,False,False,Core,0,Normal,True,True,137.25,133.65,,Base:Target|Runner:Target,2026-W16,Conservative
OPF-20260724-191134,20260417-0425-Long-1181,20260417-0420-BULL-OBS-001180-Z001180-OC,2026-04-17 04:25:00,2026-04-17 04:30:00,2026-04-17,2026-04,Long,ObservationConfirm,4.5,4.625,False,False,Core,0,Normal,True,True,-26.25,-29.85,,Stop,2026-W16,Conservative
OPF-20260724-191134,RELEASED|20260417-0435-BULL-OBS-001183-Z001180-FR|FailureReverse_ObservationInvalidated,20260417-0435-BULL-OBS-001183-Z001180-FR,2026-04-17 04:40:00,2026-04-17 04:45:00,2026-04-17,2026-04,Short,FailureReverse_ObservationInvalidated,4.0,4.0,False,False,ActiveTrade,1,Normal,True,True,-38.9296875,-42.5296875,,Stop,2026-W16,Conservative
OPF-20260724-191134,20260417-0445-Long-1185,20260417-0440-BULL-OBS-001184-Z001178-OC,2026-04-17 04:45:00,2026-04-17 04:50:00,2026-04-17,2026-04,Long,ObservationConfirm,9.75,10.0,False,False,Core,0,Normal,True,True,-76.5,-80.1,,Stop,2026-W16,Conservative
OPF-20260724-191134,20260417-0640-Short-1208,20260417-0635-BEAR-OBS-001207-Z001206-OC,2026-04-17 06:40:00,2026-04-17 06:45:00,2026-04-17,2026-04,Short,ObservationConfirm,6.5,7.625,False,False,Core,0,Normal,True,True,-45.75,-49.35,,Stop,2026-W16,Conservative
OPF-20260724-191134,20260417-0655-Short-1211,20260417-0650-BULL-OBS-001210-Z001210-FR,2026-04-17 06:55:00,2026-04-17 07:00:00,2026-04-17,2026-04,Short,FailureReverse_ObservationInvalidated_WideStop1_5R,6.38,6.0,False,False,Core,0,Normal,True,True,-36.0,-39.6,,Stop,2026-W16,Conservative
OPF-20260724-191134,20260417-0920-Short-1240,20260417-0920-BEAR-OBS-001240-Z001240,2026-04-17 09:20:00,2026-04-17 09:25:00,2026-04-17,2026-04,Short,ZoneBirthResearch,4.75,3.875,False,False,Core,0,Normal,True,True,-23.25,-26.85,,Base:Stop|Runner:Stop,2026-W16,Conservative
OPF-20260724-191134,20260417-1020-Short-1252,20260417-1020-BEAR-OBS-001252-Z001252,2026-04-17 10:20:00,2026-04-17 10:55:00,2026-04-17,2026-04,Short,ZoneBirthResearch,6.25,6.75,False,False,Core,0,Normal,True,True,67.5,63.9,,Base:Target|Runner:ProtectBE,2026-W16,Conservative
OPF-20260724-191134,20260417-1100-Long-1260,20260417-1055-BULL-OBS-001259-Z001259-OC,2026-04-17 11:00:00,2026-04-17 11:15:00,2026-04-17,2026-04,Long,ObservationConfirm,8.25,9.0,False,False,Core,0,Normal,True,True,105.0,101.4,,Target,2026-W16,Conservative
OPF-20260724-191134,20260417-1155-Long-1271,20260417-1150-BULL-OBS-001270-Z001270-OC,2026-04-17 11:55:00,2026-04-17 12:25:00,2026-04-17,2026-04,Long,ObservationConfirm,12.0,13.0,False,False,Core,0,Abnormal,False,False,-3.0,-6.6,,Target,2026-W16,Conservative
OPF-20260724-191330,20260420-0145-Long-1149,20260420-0140-BULL-OBS-001148-Z001148-OC,2026-04-20 01:45:00,2026-04-20 01:50:00,2026-04-20,2026-04,Long,ObservationConfirm,5.75,6.375,False,False,Core,0,Normal,True,True,56.25,52.65,,ProtectBE,2026-W17,Conservative
OPF-20260724-191330,20260420-0225-Short-1157,20260420-0215-BEAR-OBS-001155-Z001153-OC,2026-04-20 02:25:00,2026-04-20 02:40:00,2026-04-20,2026-04,Short,ObservationConfirm,7.25,6.75,False,False,Core,0,Normal,True,True,58.5,54.9,,ProtectBE,2026-W17,Conservative
OPF-20260724-191330,20260420-0350-Short-1174,20260420-0345-BEAR-OBS-001173-Z001173-OC,2026-04-20 03:50:00,2026-04-20 04:10:00,2026-04-20,2026-04,Short,ObservationConfirm,7.0,8.25,False,False,Core,0,Normal,True,True,63.0,59.4,,ProtectBE,2026-W17,Conservative
OPF-20260724-191330,20260420-0455-Long-1187,20260420-0450-BULL-OBS-001186-Z001185-OC,2026-04-20 04:55:00,2026-04-20 05:05:00,2026-04-20,2026-04,Long,ObservationConfirm,10.0,10.125,False,False,Core,0,Normal,True,True,-53.25,-56.85,,Stop,2026-W17,Conservative
OPF-20260724-191330,DEFERRED|20260420-0445-BULL-OBS-001185-Z001185-OC|ObservationConfirm,20260420-0445-BULL-OBS-001185-Z001185-OC,2026-04-20 05:10:00,2026-04-20 05:20:00,2026-04-20,2026-04,Long,ObservationConfirm,10.0,10.0,False,False,DeferredContinuation,2,Normal,True,True,-60.0,-63.6,20260420-0455-Long-1187,Stop,2026-W17,Conservative
OPF-20260724-191330,20260420-0610-Long-1202,20260420-0605-BULL-OBS-001201-Z001201-OC,2026-04-20 06:10:00,2026-04-20 06:50:00,2026-04-20,2026-04,Long,ObservationConfirm,10.5,10.25,False,False,Core,0,Normal,True,True,117.0,113.4,,ProtectBE,2026-W17,Conservative
OPF-20260724-191330,20260420-0855-Long-1235,20260420-0850-BEAR-OBS-001234-Z001219-FR,2026-04-20 08:55:00,2026-04-20 12:40:00,2026-04-20,2026-04,Long,FailureReverse_ObservationInvalidated,17.5,18.75,False,False,Core,0,Normal,True,True,291.0,287.4,,ProtectBE,2026-W17,Conservative
OPF-20260724-191330,20260420-1255-Long-1283,20260420-1255-BULL-PB-001283-Z001282,2026-04-20 12:55:00,2026-04-20 13:00:00,2026-04-20,2026-04,Long,AlmostConfirmed,10.5,11.75,False,False,Core,0,Normal,True,True,-73.5,-77.1,,ProtectBE,2026-W17,Conservative
OPF-20260724-191330,DEFERRED|20260420-1250-BULL-OBS-001282-Z001282-OC|ObservationConfirm,20260420-1250-BULL-OBS-001282-Z001282-OC,2026-04-20 13:05:00,2026-04-20 13:05:00,2026-04-20,2026-04,Long,ObservationConfirm,10.5,10.5,False,False,DeferredContinuation,2,Normal,True,True,-63.0,-66.6,20260420-1255-Long-1283,StopCollision,2026-W17,Conservative
OPF-20260724-191330,20260420-2045-Short-1377,20260420-2040-BULL-OBS-001376-Z001376-FR,2026-04-20 20:45:00,2026-04-20 20:50:00,2026-04-20,2026-04,Short,FailureReverse_ObservationInvalidated_WideStop1_5R,18.0,18.5,False,False,Core,0,Normal,True,True,-16.5,-20.1,,GlobexCloseout,2026-W17,Conservative
OPF-20260724-191525,20260420-2325-Short-1121,20260420-2325-BEAR-OBS-001121-Z001121,2026-04-20 23:25:00,2026-04-20 23:30:00,2026-04-21,2026-04,Short,ZoneBirthResearch,5.0,5.375,False,False,Core,0,Normal,True,True,-32.25,-35.85,,Base:Stop|Runner:Stop,2026-W17,Conservative
OPF-20260724-191525,20260421-0035-Short-1135,20260421-0030-BEAR-OBS-001134-Z001134-OC,2026-04-21 00:35:00,2026-04-21 00:40:00,2026-04-21,2026-04,Short,ObservationConfirm,16.75,17.5,False,False,Core,0,Normal,True,True,-102.0,-105.6,,Stop,2026-W17,Conservative
OPF-20260724-191525,20260421-0200-Short-1152,20260421-0155-BEAR-OBS-001151-Z001151-OC,2026-04-21 02:00:00,2026-04-21 02:05:00,2026-04-21,2026-04,Short,ObservationConfirm,5.0,5.5,False,False,Core,0,Normal,True,True,-30.75,-34.35,,Stop,2026-W17,Conservative
OPF-20260724-191525,20260421-0335-Long-1171,20260421-0330-BULL-OBS-001170-Z001170-OC,2026-04-21 03:35:00,2026-04-21 03:40:00,2026-04-21,2026-04,Long,ObservationConfirm,4.25,4.5,False,False,Core,0,Normal,True,True,-27.0,-30.6,,Stop,2026-W17,Conservative
OPF-20260724-191525,20260421-0355-Long-1175,20260421-0350-BULL-OBS-001174-Z001174-OC,2026-04-21 03:55:00,2026-04-21 04:15:00,2026-04-21,2026-04,Long,ObservationConfirm,7.75,7.75,False,False,Core,0,Normal,True,True,70.5,66.9,,Target,2026-W17,Conservative
OPF-20260724-191525,20260421-0430-Long-1182,20260421-0425-BULL-OBS-001181-Z001181-OC,2026-04-21 04:30:00,2026-04-21 04:55:00,2026-04-21,2026-04,Long,ObservationConfirm,5.5,5.5,False,False,Core,0,Normal,True,True,-34.5,-38.1,,Stop,2026-W17,Conservative
OPF-20260724-191525,20260421-0510-Long-1190,20260421-0505-BULL-OBS-001189-Z001189-OC,2026-04-21 05:10:00,2026-04-21 05:35:00,2026-04-21,2026-04,Long,ObservationConfirm,12.0,12.0,False,False,Core,0,Normal,True,True,-63.0,-66.6,,Stop,2026-W17,Conservative
OPF-20260724-191525,RELEASED|20260421-0535-BEAR-OBS-001195-Z001195-OC|ObservationConfirm,20260421-0535-BEAR-OBS-001195-Z001195-OC,2026-04-21 05:40:00,2026-04-21 06:00:00,2026-04-21,2026-04,Short,ObservationConfirm,8.5,8.5,False,False,ActiveTrade,1,Normal,True,True,0.0,-3.6,,ProtectBE,2026-W17,Conservative
OPF-20260724-191525,20260421-0835-Long-1231,20260421-0830-BULL-OBS-001230-Z001230-OC,2026-04-21 08:35:00,2026-04-21 09:00:00,2026-04-21,2026-04,Long,ObservationConfirm,9.5,10.25,False,False,Core,0,Normal,True,True,123.0,119.4,,ProtectBE,2026-W17,Conservative
OPF-20260724-191525,20260421-1000-Long-1248,20260421-0955-BULL-OBS-001247-Z001247-OC,2026-04-21 10:00:00,2026-04-21 10:35:00,2026-04-21,2026-04,Long,ObservationConfirm,7.0,9.5,False,False,Core,0,Normal,True,True,85.5,81.9,,Target,2026-W17,Conservative
OPF-20260724-191723,20260421-2315-Long-1119,20260421-2310-BULL-OBS-001118-Z001117-OC,2026-04-21 23:15:00,2026-04-21 23:20:00,2026-04-22,2026-04,Long,ObservationConfirm,7.0,8.25,False,False,Core,0,Normal,True,True,-42.0,-45.6,,Stop,2026-W17,Conservative
OPF-20260724-191723,20260422-0055-Short-1139,20260422-0050-BEAR-OBS-001138-Z001138-OC,2026-04-22 00:55:00,2026-04-22 01:00:00,2026-04-22,2026-04,Short,ObservationConfirm,10.75,10.75,False,False,Core,0,Normal,True,True,-63.75,-67.35,,Stop,2026-W17,Conservative
OPF-20260724-191723,RELEASED|20260422-0145-BULL-OBS-001149-Z001148-OC-STR|ObservationStrict_Other,20260422-0145-BULL-OBS-001149-Z001148-OC-STR,2026-04-22 01:50:00,2026-04-22 02:30:00,2026-04-22,2026-04,Long,ObservationStrict_Other,12.0,12.0,False,False,ActiveTrade,1,Normal,True,True,0.0,-3.6,,ProtectBE,2026-W17,Conservative
OPF-20260724-191723,20260422-0625-Long-1205,20260422-0615-BEAR-OBS-001203-Z001202-FR,2026-04-22 06:25:00,2026-04-22 07:35:00,2026-04-22,2026-04,Long,FailureReverse_ObservationInvalidated_WideStop1_5R,11.25,11.25,False,False,Core,0,Normal,True,True,202.5,198.9,,Target,2026-W17,Conservative
OPF-20260724-191723,RELEASED|20260422-0730-BULL-OBS-001218-Z001218-OC|ObservationConfirm,20260422-0730-BULL-OBS-001218-Z001218-OC,2026-04-22 07:35:00,2026-04-22 07:40:00,2026-04-22,2026-04,Long,ObservationConfirm,4.75,4.75,False,False,ActiveTrade,1,Normal,True,True,-34.25,-37.85,,Stop,2026-W17,Conservative
OPF-20260724-191723,20260422-0745-Long-1221,20260422-0740-BULL-OBS-001220-Z001218-OC-STR,2026-04-22 07:45:00,2026-04-22 07:55:00,2026-04-22,2026-04,Long,ObservationStrict_Other,8.0,8.0,False,False,Core,0,Normal,True,True,-49.5,-53.1,,Stop,2026-W17,Conservative
OPF-20260724-191723,20260422-0825-Short-1229,20260422-0820-BEAR-OBS-001228-Z001228-OC,2026-04-22 08:25:00,2026-04-22 08:30:00,2026-04-22,2026-04,Short,ObservationConfirm,17.75,17.75,False,False,Core,0,Normal,True,True,157.5,153.9,,ProtectBE,2026-W17,Conservative
OPF-20260724-191723,20260422-0850-Long-1234,20260422-0840-BEAR-OBS-001232-Z001231-FR,2026-04-22 08:50:00,2026-04-22 09:20:00,2026-04-22,2026-04,Long,FailureReverse_ObservationInvalidated,17.0,17.5,False,False,Core,0,Normal,True,True,261.0,257.4,,ProtectBE,2026-W17,Conservative
OPF-20260724-191723,20260422-1300-Short-1284,20260422-1255-BEAR-OBS-001283-Z001282-OC,2026-04-22 13:00:00,2026-04-22 13:05:00,2026-04-22,2026-04,Short,ObservationConfirm,9.5,10.125,False,False,Core,0,Normal,True,True,-60.75,-64.35,,Stop,2026-W17,Conservative
OPF-20260724-191723,20260422-1715-Long-1335,20260422-1710-BULL-OBS-001334-Z001334-OC-STR,2026-04-22 17:15:00,2026-04-22 18:15:00,2026-04-22,2026-04,Long,ObservationStrict_BullFresh_WideStop1_5R,21.75,22.5,False,False,Core,0,Normal,True,True,-135.0,-138.6,,ProtectBE,2026-W17,Conservative
OPF-20260724-191916,RELEASED|20260422-2210-BEAR-OBS-001106-Z001105-OC|ObservationConfirm_WideStop1_5R,20260422-2210-BEAR-OBS-001106-Z001105-OC,2026-04-22 22:20:00,2026-04-22 22:55:00,2026-04-23,2026-04,Short,ObservationConfirm_WideStop1_5R,12.38,12.38,False,False,ActiveTrade,1,Normal,True,True,0.0,-3.6,,ProtectBE,2026-W17,Conservative
OPF-20260724-191916,RELEASED|20260422-2315-BULL-OBS-001119-Z001119-OC|ObservationConfirm,20260422-2315-BULL-OBS-001119-Z001119-OC,2026-04-22 23:20:00,2026-04-23 00:00:00,2026-04-23,2026-04,Long,ObservationConfirm,8.75,8.75,False,False,ActiveTrade,1,Normal,True,True,-58.25,-61.85,,Stop,2026-W17,Conservative
OPF-20260724-191916,20260423-0115-Short-1143,20260423-0115-BEAR-OBS-001143-Z001143,2026-04-23 01:15:00,2026-04-23 02:10:00,2026-04-23,2026-04,Short,ZoneBirthResearch,16.5,17.25,False,False,Core,0,Normal,True,True,310.5,306.9,,Base:Target|Runner:Target,2026-W17,Conservative
OPF-20260724-191916,20260423-0340-Short-1172,20260423-0335-BEAR-OBS-001171-Z001171-OC,2026-04-23 03:40:00,2026-04-23 03:45:00,2026-04-23,2026-04,Short,ObservationConfirm,16.5,16.25,False,False,Core,0,Normal,True,True,-103.5,-107.1,,Stop,2026-W17,Conservative
OPF-20260724-191916,20260423-0420-Long-1180,20260423-0415-BULL-OBS-001179-Z001179-OC,2026-04-23 04:20:00,2026-04-23 04:30:00,2026-04-23,2026-04,Long,ObservationConfirm,8.75,9.25,False,False,Core,0,Normal,True,True,123.75,120.15,,Target,2026-W17,Conservative
OPF-20260724-191916,20260423-0440-Long-1184,20260423-0435-BULL-OBS-001183-Z001183-OC,2026-04-23 04:40:00,2026-04-23 04:55:00,2026-04-23,2026-04,Long,ObservationConfirm,9.25,8.25,False,False,Core,0,Normal,True,True,99.0,95.4,,ProtectBE,2026-W17,Conservative
OPF-20260724-191916,20260423-0935-Short-1243,20260423-0930-BEAR-OBS-001242-Z001232-OC,2026-04-23 09:35:00,2026-04-23 09:40:00,2026-04-23,2026-04,Short,ObservationConfirm_WideStop1_5R,7.88,10.75,False,False,Core,0,Normal,True,True,-64.5,-68.1,,Stop,2026-W17,Conservative
OPF-20260724-192114,20260424-0250-Short-1162,20260424-0250-BEAR-OBS-001162-Z001162,2026-04-24 02:50:00,2026-04-24 03:00:00,2026-04-24,2026-04,Short,ZoneBirthResearch,7.0,7.25,False,False,Core,0,Normal,True,True,-43.5,-47.1,,Base:Stop|Runner:Stop,2026-W17,Conservative
OPF-20260724-192114,20260424-0325-Short-1169,20260424-0325-BEAR-BRK-001169-Z001169,2026-04-24 03:25:00,2026-04-24 04:40:00,2026-04-24,2026-04,Short,BreakawayFvg,17.75,18.75,False,False,Core,0,Normal,True,True,-112.5,-116.1,,ProtectBE,2026-W17,Conservative
OPF-20260724-192114,20260424-0500-Long-1188,20260424-0455-BULL-OBS-001187-Z001186-OC,2026-04-24 05:00:00,2026-04-24 05:05:00,2026-04-24,2026-04,Long,ObservationConfirm,9.75,9.75,False,False,Core,0,Normal,True,True,-51.75,-55.35,,Stop,2026-W17,Conservative
OPF-20260724-192114,20260424-0555-Long-1199,20260424-0550-BULL-OBS-001198-Z001198-OC,2026-04-24 05:55:00,2026-04-24 06:05:00,2026-04-24,2026-04,Long,ObservationConfirm,8.0,8.0,False,False,Core,0,Normal,True,True,69.0,65.4,,ProtectBE,2026-W17,Conservative
OPF-20260724-192114,20260424-0630-Short-1206,20260424-0630-BEAR-OBS-001206-Z001206,2026-04-24 06:30:00,2026-04-24 06:35:00,2026-04-24,2026-04,Short,ZoneBirthResearch,3.5,3.5,False,False,Core,0,Normal,True,True,-21.0,-24.6,,Base:Stop|Runner:Stop,2026-W17,Conservative
OPF-20260724-192114,20260424-0740-Short-1220,20260424-0740-BEAR-OBS-001220-Z001220,2026-04-24 07:40:00,2026-04-24 07:45:00,2026-04-24,2026-04,Short,ZoneBirthResearch,3.0,3.75,False,False,Core,0,Normal,True,True,-22.5,-26.1,,Base:Stop|Runner:Stop,2026-W17,Conservative
OPF-20260724-192114,RELEASED|20260424-0745-BEAR-OBS-001221-Z001219-OC|ObservationConfirm,20260424-0745-BEAR-OBS-001221-Z001219-OC,2026-04-24 07:50:00,2026-04-24 07:55:00,2026-04-24,2026-04,Short,ObservationConfirm,8.0,8.0,False,False,ActiveTrade,1,Normal,True,True,-48.0,-51.6,,Stop,2026-W17,Conservative
OPF-20260724-192114,20260424-0945-Long-1245,20260424-0940-BULL-OBS-001244-Z001244-OC,2026-04-24 09:45:00,2026-04-24 09:50:00,2026-04-24,2026-04,Long,ObservationConfirm,11.0,11.0,False,False,Core,0,Normal,True,True,-66.0,-69.6,,Stop,2026-W17,Conservative
OPF-20260724-192114,20260424-2000-Long-1368,20260424-1955-BULL-OBS-001367-Z001367-OC,2026-04-24 20:00:00,2026-04-24 20:05:00,2026-04-24,2026-04,Long,ObservationConfirm,9.25,9.25,False,False,Core,0,Quarantine,False,False,0.0,-3.6,,Stop,2026-W17,Conservative
OPF-20260724-192312,20260426-2335-Short-1123,20260426-2330-BEAR-OBS-001122-Z001122-OC,2026-04-26 23:35:00,2026-04-26 23:40:00,2026-04-27,2026-04,Short,ObservationConfirm,11.25,10.75,False,False,Core,0,Normal,True,True,-64.5,-68.1,,Stop,2026-W18,Conservative
OPF-20260724-192312,20260427-0410-Short-1178,20260427-0405-BEAR-OBS-001177-Z001177-OC,2026-04-27 04:10:00,2026-04-27 04:15:00,2026-04-27,2026-04,Short,ObservationConfirm,9.75,10.25,False,False,Core,0,Normal,True,True,-65.25,-68.85,,Stop,2026-W18,Conservative
OPF-20260724-192312,20260427-0430-Long-1182,20260427-0425-BULL-OBS-001181-Z001181-OC,2026-04-27 04:30:00,2026-04-27 04:50:00,2026-04-27,2026-04,Long,ObservationConfirm,9.25,8.0,False,False,Core,0,Normal,True,True,-48.0,-51.6,,ProtectBE,2026-W18,Conservative
OPF-20260724-192312,RELEASED|20260427-0450-BEAR-OBS-001186-Z001186|ZoneBirthResearch,20260427-0450-BEAR-OBS-001186-Z001186,2026-04-27 04:50:00,2026-04-27 05:00:00,2026-04-27,2026-04,Short,ZoneBirthResearch,5.75,5.75,False,False,ActiveTrade,1,Normal,True,True,103.5,99.9,,Base:Target|Runner:Target,2026-W18,Conservative
OPF-20260724-192312,20260427-0530-Short-1194,20260427-0530-BEAR-OBS-001194-Z001194,2026-04-27 05:30:00,2026-04-27 06:15:00,2026-04-27,2026-04,Short,ZoneBirthResearch,7.75,7.75,False,False,Core,0,Normal,True,True,139.5,135.9,,Base:Target|Runner:Target,2026-W18,Conservative
OPF-20260724-192312,20260427-0850-Long-1233,20260427-0845-BULL-OBS-001232-Z001232-OC,2026-04-27 08:50:00,2026-04-27 09:45:00,2026-04-27,2026-04,Long,ObservationConfirm,9.25,9.75,False,False,Core,0,Normal,True,True,114.0,110.4,,Target,2026-W18,Conservative
OPF-20260724-192312,20260427-1045-Long-1256,20260427-1040-BULL-OBS-001255-Z001255-OC,2026-04-27 10:45:00,2026-04-27 11:10:00,2026-04-27,2026-04,Long,ObservationConfirm,6.25,6.25,False,False,Core,0,Normal,True,True,54.0,50.4,,Target,2026-W18,Conservative
OPF-20260724-192312,RELEASED|20260427-1135-BEAR-OBS-001266-Z001266-OC|ObservationConfirm,20260427-1135-BEAR-OBS-001266-Z001266-OC,2026-04-27 11:40:00,2026-04-27 11:45:00,2026-04-27,2026-04,Short,ObservationConfirm,7.5,7.5,False,False,ActiveTrade,1,Normal,True,True,-45.0,-48.6,,Stop,2026-W18,Conservative
OPF-20260724-192312,20260427-1925-Long-1360,20260427-1920-BULL-OBS-001359-Z001359-OC,2026-04-27 19:25:00,2026-04-27 19:35:00,2026-04-27,2026-04,Long,ObservationConfirm,7.75,8.0,False,False,Core,0,Normal,True,True,72.0,68.4,,ProtectBE,2026-W18,Conservative
OPF-20260724-192312,20260427-1955-Long-1366,20260427-1950-BULL-OBS-001365-Z001365-OC,2026-04-27 19:55:00,2026-04-27 20:10:00,2026-04-27,2026-04,Long,ObservationConfirm_WideStop1_5R,22.88,23.25,False,False,Core,0,Normal,True,True,-138.75,-142.35,,Stop,2026-W18,Conservative
OPF-20260724-192509,20260427-2250-Short-1113,20260427-2250-BEAR-OBS-001113-Z001113,2026-04-27 22:50:00,2026-04-27 23:15:00,2026-04-28,2026-04,Short,ZoneBirthResearch,4.25,4.75,False,False,Core,0,Normal,True,True,-28.5,-32.1,,Base:Stop|Runner:Stop,2026-W18,Conservative
OPF-20260724-192509,20260427-2325-Long-1120,20260427-2320-BULL-OBS-001119-Z001119-OC,2026-04-27 23:25:00,2026-04-27 23:35:00,2026-04-28,2026-04,Long,ObservationConfirm,7.0,6.75,False,False,Core,0,Normal,True,True,58.5,54.9,,ProtectBE,2026-W18,Conservative
OPF-20260724-192509,20260427-2350-Short-1125,20260427-2350-BEAR-OBS-001125-Z001125,2026-04-27 23:50:00,2026-04-28 00:00:00,2026-04-28,2026-04,Short,ZoneBirthResearch,5.0,5.75,False,False,Core,0,Normal,True,True,-34.5,-38.1,,Base:Stop|Runner:Stop,2026-W18,Conservative
OPF-20260724-192509,20260428-0050-Short-1137,20260428-0040-BEAR-OBS-001135-Z001133-OC,2026-04-28 00:50:00,2026-04-28 00:55:00,2026-04-28,2026-04,Short,ObservationConfirm,7.75,8.0,False,False,Core,0,Normal,True,True,82.5,78.9,,ProtectBE,2026-W18,Conservative
OPF-20260724-192509,RELEASED|20260428-0045-BULL-OBS-001136-Z001136-FR|FailureReverse_ObservationInvalidated_WideStop1_5R,20260428-0045-BULL-OBS-001136-Z001136-FR,2026-04-28 00:55:00,2026-04-28 01:25:00,2026-04-28,2026-04,Short,FailureReverse_ObservationInvalidated_WideStop1_5R,9.38,9.38,False,False,ActiveTrade,1,Normal,True,True,0.0,-3.6,,ProtectBE,2026-W18,Conservative
OPF-20260724-192509,20260428-0240-Short-1159,20260428-0235-BEAR-OBS-001158-Z001158-OC,2026-04-28 02:40:00,2026-04-28 03:25:00,2026-04-28,2026-04,Short,ObservationConfirm,16.25,16.5,False,False,Core,0,Normal,True,True,-102.0,-105.6,,ProtectBE,2026-W18,Conservative
OPF-20260724-192509,20260428-0335-Long-1170,20260428-0330-BULL-OBS-001169-Z001169-OC,2026-04-28 03:35:00,2026-04-28 03:40:00,2026-04-28,2026-04,Long,ObservationConfirm,9.5,9.0,False,False,Core,0,Normal,True,True,-53.25,-56.85,,Stop,2026-W18,Conservative
OPF-20260724-192509,20260428-0650-Short-1209,20260428-0645-BEAR-OBS-001208-Z001208-OC,2026-04-28 06:50:00,2026-04-28 07:00:00,2026-04-28,2026-04,Short,ObservationConfirm,11.0,11.5,False,False,Core,0,Normal,True,True,-67.5,-71.1,,ProtectBE,2026-W18,Conservative
OPF-20260724-192509,20260428-0730-Short-1217,20260428-0720-BEAR-SHD-001215-Z001208,2026-04-28 07:30:00,2026-04-28 07:35:00,2026-04-28,2026-04,Short,ShadowCandidate,9.75,11.0,False,False,Core,0,Normal,True,True,-65.25,-68.85,,Stop,2026-W18,Conservative
OPF-20260724-192509,20260428-0835-Long-1230,20260428-0830-BULL-OBS-001229-Z001229-OC,2026-04-28 08:35:00,2026-04-28 08:40:00,2026-04-28,2026-04,Long,ObservationConfirm,9.5,11.25,False,False,Core,0,Normal,True,True,-69.0,-72.6,,Stop,2026-W18,Conservative
OPF-20260724-192707,20260428-2220-Short-1107,20260428-2220-BEAR-OBS-001107-Z001107,2026-04-28 22:20:00,2026-04-28 22:35:00,2026-04-29,2026-04,Short,ZoneBirthResearch,6.0,7.25,False,False,Core,0,Normal,True,True,-43.5,-47.1,,Base:Stop|Runner:Stop,2026-W18,Conservative
OPF-20260724-192707,20260428-2250-Long-1113,20260428-2240-BULL-OBS-001111-Z001110-OC,2026-04-28 22:50:00,2026-04-28 23:00:00,2026-04-29,2026-04,Long,ObservationConfirm,2.25,2.25,False,False,Core,0,Normal,True,True,19.5,15.9,,ProtectBE,2026-W18,Conservative
OPF-20260724-192707,20260428-2325-Long-1120,20260428-2320-BULL-OBS-001119-Z001119-OC,2026-04-28 23:25:00,2026-04-28 23:30:00,2026-04-29,2026-04,Long,ObservationConfirm,4.0,4.0,False,False,Core,0,Normal,True,True,33.0,29.4,,Target,2026-W18,Conservative
OPF-20260724-192707,20260429-0035-Short-1134,20260429-0030-BULL-OBS-001133-Z001132-FR,2026-04-29 00:35:00,2026-04-29 00:55:00,2026-04-29,2026-04,Short,FailureReverse_ObservationInvalidated_WideStop1_5R,9.75,9.75,False,False,Core,0,Normal,True,True,175.5,171.9,,Target,2026-W18,Conservative
OPF-20260724-192707,20260429-0145-Long-1148,20260429-0140-BULL-OBS-001147-Z001147-OC,2026-04-29 01:45:00,2026-04-29 01:50:00,2026-04-29,2026-04,Long,ObservationConfirm,7.5,7.25,False,False,Core,0,Normal,True,True,-43.5,-47.1,,Stop,2026-W18,Conservative
OPF-20260724-192707,RELEASED|20260429-0150-BULL-OBS-001149-Z001146-OC|ObservationConfirm,20260429-0150-BULL-OBS-001149-Z001146-OC,2026-04-29 01:55:00,2026-04-29 02:05:00,2026-04-29,2026-04,Long,ObservationConfirm,10.5,10.5,False,False,ActiveTrade,1,Normal,True,True,-5.749999999999999,-9.35,,ProtectBE,2026-W18,Conservative
OPF-20260724-192707,20260429-0235-Short-1158,20260429-0235-BEAR-OBS-001158-Z001158,2026-04-29 02:35:00,2026-04-29 02:45:00,2026-04-29,2026-04,Short,ZoneBirthResearch,7.0,8.0,False,False,Core,0,Normal,True,True,-48.0,-51.6,,Base:Stop|Runner:Stop,2026-W18,Conservative
OPF-20260724-192707,20260429-0255-Long-1162,20260429-0250-BULL-OBS-001161-Z001161-OC,2026-04-29 02:55:00,2026-04-29 03:10:00,2026-04-29,2026-04,Long,ObservationConfirm,10.25,11.5,False,False,Core,0,Normal,True,True,138.0,134.4,,Target,2026-W18,Conservative
OPF-20260724-192707,20260429-0315-Long-1166,20260429-0310-BULL-OBS-001165-Z001165-OC,2026-04-29 03:15:00,2026-04-29 03:45:00,2026-04-29,2026-04,Long,ObservationConfirm,9.25,9.25,False,False,Core,0,Normal,True,True,-54.0,-57.6,,Stop,2026-W18,Conservative
OPF-20260724-192707,20260429-0410-Long-1177,20260429-0405-BULL-OBS-001176-Z001176-OC,2026-04-29 04:10:00,2026-04-29 04:55:00,2026-04-29,2026-04,Long,ObservationConfirm,9.0,9.5,False,False,Core,0,Normal,True,True,-51.0,-54.6,,ProtectBE,2026-W18,Conservative
OPF-20260724-192905,20260429-2305-Short-1116,20260429-2250-BULL-OBS-001113-Z001113-FR-RT,2026-04-29 23:05:00,2026-04-29 23:25:00,2026-04-30,2026-04,Short,FailureReverse_RetestFailed_WideStop1_5R,19.12,19.25,False,False,Core,0,Normal,True,True,-115.5,-119.1,,Stop,2026-W18,Conservative
OPF-20260724-192905,20260430-0040-Long-1135,20260430-0035-BULL-OBS-001134-Z001134-OC,2026-04-30 00:40:00,2026-04-30 00:50:00,2026-04-30,2026-04,Long,ObservationConfirm,10.75,10.75,False,False,Core,0,Normal,True,True,-64.5,-68.1,,ProtectBE,2026-W18,Conservative
OPF-20260724-192905,20260430-0105-Short-1140,20260430-0105-BEAR-OBS-001140-Z001140,2026-04-30 01:05:00,2026-04-30 01:30:00,2026-04-30,2026-04,Short,ZoneBirthResearch,12.5,12.25,False,False,Core,0,Normal,True,True,-73.5,-77.1,,Base:Stop|Runner:Stop,2026-W18,Conservative
OPF-20260724-192905,20260430-0225-Short-1156,20260430-0225-BEAR-BRK-001156-Z001156,2026-04-30 02:25:00,2026-04-30 02:30:00,2026-04-30,2026-04,Short,BreakawayFvg,28.25,29.25,False,False,Core,0,Normal,True,True,351.0,347.4,,Target,2026-W18,Conservative
OPF-20260724-192905,20260430-0315-Short-1166,20260430-0315-BEAR-OBS-001166-Z001166,2026-04-30 03:15:00,2026-04-30 03:30:00,2026-04-30,2026-04,Short,ZoneBirthResearch,8.0,8.75,False,False,Core,0,Normal,True,True,-52.5,-56.1,,Base:Stop|Runner:Stop,2026-W18,Conservative
OPF-20260724-192905,20260430-0950-Short-1245,20260430-0945-BEAR-OBS-001244-Z001244-OC,2026-04-30 09:50:00,2026-04-30 09:55:00,2026-04-30,2026-04,Short,ObservationConfirm,19.75,19.5,False,False,Core,0,Normal,True,True,-114.75,-118.35,,Stop,2026-W18,Conservative
OPF-20260724-192905,20260430-1135-Long-1266,20260430-1130-BULL-OBS-001265-Z001265-OC-STR,2026-04-30 11:35:00,2026-04-30 11:40:00,2026-04-30,2026-04,Long,ObservationStrict_BullFresh_WideStop1_5R,20.25,20.25,False,False,Core,0,Normal,True,True,-126.0,-129.6,,Stop,2026-W18,Conservative
OPF-20260724-192905,20260430-1815-Long-1346,20260430-1810-BULL-OBS-001345-Z001344-OC-STR,2026-04-30 18:15:00,2026-04-30 18:50:00,2026-04-30,2026-04,Long,ObservationStrict_Other,20.5,20.25,False,False,Core,0,Normal,True,True,-110.25,-113.85,,ProtectBE,2026-W18,Conservative
OPF-20260724-193102,RELEASED|20260430-2255-BEAR-OBS-001114-Z001114|ZoneBirthResearch,20260430-2255-BEAR-OBS-001114-Z001114,2026-04-30 22:55:00,2026-04-30 23:05:00,2026-05-01,2026-05,Short,ZoneBirthResearch,12.75,12.75,False,False,ActiveTrade,1,Normal,True,True,-76.5,-80.1,,Base:Stop|Runner:Stop,2026-W18,Conservative
OPF-20260724-193102,20260501-0055-Short-1138,20260501-0055-BEAR-OBS-001138-Z001138,2026-05-01 00:55:00,2026-05-01 01:05:00,2026-05-01,2026-05,Short,ZoneBirthResearch,7.75,7.5,False,False,Core,0,Normal,True,True,-45.0,-48.6,,Base:Stop|Runner:Stop,2026-W18,Conservative
OPF-20260724-193102,RELEASED|20260501-0225-BEAR-OBS-001156-Z001156|ZoneBirthResearch,20260501-0225-BEAR-OBS-001156-Z001156,2026-05-01 02:25:00,2026-05-01 02:55:00,2026-05-01,2026-05,Short,ZoneBirthResearch,6.25,6.25,False,False,ActiveTrade,1,Normal,True,True,-37.5,-41.1,,Base:Stop|Runner:Stop,2026-W18,Conservative
OPF-20260724-193102,20260501-0345-Short-1172,20260501-0345-BEAR-OBS-001172-Z001172,2026-05-01 03:45:00,2026-05-01 06:35:00,2026-05-01,2026-05,Short,ZoneBirthResearch,7.75,9.25,False,False,Core,0,Abnormal,False,False,166.5,162.9,,Base:Target|Runner:Target,2026-W18,Conservative
OPF-20260724-193102,20260501-0640-Short-1207,20260501-0640-BEAR-OBS-001207-Z001207,2026-05-01 06:40:00,2026-05-01 06:45:00,2026-05-01,2026-05,Short,ZoneBirthResearch,3.25,2.0,False,False,Core,0,Normal,True,True,36.0,32.4,,Base:Target|Runner:Target,2026-W18,Conservative
OPF-20260724-193102,RELEASED|20260501-0640-BEAR-OBS-001207-Z001207-OC|ObservationConfirm,20260501-0640-BEAR-OBS-001207-Z001207-OC,2026-05-01 06:45:00,2026-05-01 07:05:00,2026-05-01,2026-05,Short,ObservationConfirm,8.0,8.0,False,False,ActiveTrade,1,Normal,True,True,-48.0,-51.6,,Stop,2026-W18,Conservative
OPF-20260724-193102,20260501-0725-Short-1216,20260501-0725-BEAR-OBS-001216-Z001216,2026-05-01 07:25:00,2026-05-01 07:55:00,2026-05-01,2026-05,Short,ZoneBirthResearch,6.5,6.625,False,False,Core,0,Normal,True,True,119.25,115.65,,Base:Target|Runner:Target,2026-W18,Conservative
OPF-20260724-193102,20260501-0840-Short-1231,20260501-0835-BEAR-OBS-001230-Z001230-OC,2026-05-01 08:40:00,2026-05-01 10:35:00,2026-05-01,2026-05,Short,ObservationConfirm,16.75,17.0,False,False,Core,0,Normal,True,True,160.5,156.9,,ProtectBE,2026-W18,Conservative
OPF-20260724-193102,20260501-1040-Short-1255,20260501-1040-BEAR-OBS-001255-Z001255,2026-05-01 10:40:00,2026-05-01 10:45:00,2026-05-01,2026-05,Short,ZoneBirthResearch,7.75,8.0,False,False,Core,0,Normal,True,True,-48.0,-51.6,,Base:Stop|Runner:Stop,2026-W18,Conservative
OPF-20260724-193102,20260501-1110-Short-1261,20260501-1110-BEAR-BRK-001261-Z001261,2026-05-01 11:10:00,2026-05-01 11:15:00,2026-05-01,2026-05,Short,BreakawayFvg,10.5,11.5,False,False,Core,0,Normal,True,True,-69.0,-72.6,,Stop,2026-W18,Conservative
OPF-20260724-193102,RELEASED|20260501-1750-BULL-OBS-001341-Z001340-OC-STR|ObservationStrict_Other,20260501-1750-BULL-OBS-001341-Z001340-OC-STR,2026-05-01 17:55:00,2026-05-01 18:00:00,2026-05-01,2026-05,Long,ObservationStrict_Other,5.5,5.5,False,False,DailyTradeLimit,1,Normal,True,True,-33.0,-36.6,,Stop,2026-W18,Conservative
OPF-20260724-193256,20260503-2225-Short-1109,20260503-2225-BEAR-OBS-001109-Z001109,2026-05-03 22:25:00,2026-05-03 22:45:00,2026-05-04,2026-05,Short,ZoneBirthResearch,17.25,17.25,False,False,Core,0,Normal,True,True,-103.5,-107.1,,Base:Stop|Runner:Stop,2026-W19,Conservative
OPF-20260724-193256,20260503-2305-Short-1117,20260503-2300-BEAR-SHD-001116-Z001109,2026-05-03 23:05:00,2026-05-04 00:00:00,2026-05-04,2026-05,Short,ShadowCandidate,18.5,18.5,False,False,Core,0,Normal,True,True,-121.5,-125.1,,ProtectBE,2026-W19,Conservative
OPF-20260724-193256,20260504-0050-Long-1138,20260504-0045-BULL-OBS-001137-Z001137-OC,2026-05-04 00:50:00,2026-05-04 01:30:00,2026-05-04,2026-05,Long,ObservationConfirm_WideStop1_5R,22.12,22.5,False,False,Core,0,Normal,True,True,202.5,198.9,,ProtectBE,2026-W19,Conservative
OPF-20260724-193256,20260504-0155-Long-1151,20260504-0150-BULL-OBS-001150-Z001150-OC,2026-05-04 01:55:00,2026-05-04 02:00:00,2026-05-04,2026-05,Long,ObservationConfirm,11.0,11.0,False,False,Core,0,Normal,True,True,-66.0,-69.6,,Stop,2026-W19,Conservative
OPF-20260724-193256,20260504-0300-Long-1164,20260504-0300-BULL-PB-001164-Z001163,2026-05-04 03:00:00,2026-05-04 03:30:00,2026-05-04,2026-05,Long,AlmostConfirmed,20.5,20.75,False,False,Core,0,Quarantine,False,False,0.0,-3.6,,Stop,2026-W19,Conservative
OPF-20260724-193256,20260504-0655-Long-1211,20260504-0650-BULL-OBS-001210-Z001210-OC,2026-05-04 06:55:00,2026-05-04 07:00:00,2026-05-04,2026-05,Long,ObservationConfirm,8.75,11.0,False,False,Core,0,Normal,True,True,-66.0,-69.6,,Stop,2026-W19,Conservative
OPF-20260724-193256,20260504-0830-Short-1230,20260504-0825-BEAR-OBS-001229-Z001224-OC,2026-05-04 08:30:00,2026-05-04 09:30:00,2026-05-04,2026-05,Short,ObservationConfirm,17.0,17.0,False,False,Core,0,Normal,True,True,-102.0,-105.6,,ProtectBE,2026-W19,Conservative
OPF-20260724-193256,20260504-1935-Short-1363,20260504-1930-BEAR-OBS-001362-Z001347-OC,2026-05-04 19:35:00,2026-05-04 19:55:00,2026-05-04,2026-05,Short,ObservationConfirm,18.0,18.0,False,False,Core,0,Normal,True,True,162.0,158.4,,ProtectBE,2026-W19,Conservative
OPF-20260724-193256,20260504-2045-Short-1377,20260504-2040-BEAR-OBS-001376-Z001376-OC,2026-05-04 20:45:00,2026-05-04 20:50:00,2026-05-04,2026-05,Short,ObservationConfirm,8.75,8.75,False,False,Core,0,Normal,True,True,16.5,12.9,,GlobexCloseout,2026-W19,Conservative
OPF-20260724-193509,RELEASED|20260504-2235-BEAR-OBS-001111-Z001111-OC|ObservationConfirm_WideStop1_5R,20260504-2235-BEAR-OBS-001111-Z001111-OC,2026-05-04 22:40:00,2026-05-05 00:00:00,2026-05-05,2026-05,Short,ObservationConfirm_WideStop1_5R,19.5,19.5,False,False,ActiveTrade,1,Normal,True,True,0.0,-3.6,,ProtectBE,2026-W19,Conservative
OPF-20260724-193509,20260505-0025-Short-1133,20260505-0020-BEAR-OBS-001132-Z001132-OC,2026-05-05 00:25:00,2026-05-05 00:30:00,2026-05-05,2026-05,Short,ObservationConfirm,19.0,19.25,False,False,Core,0,Normal,True,True,-126.0,-129.6,,Stop,2026-W19,Conservative
OPF-20260724-193509,20260505-0105-Long-1141,20260505-0100-BULL-OBS-001140-Z001139-OC,2026-05-05 01:05:00,2026-05-05 01:10:00,2026-05-05,2026-05,Long,ObservationConfirm,10.25,11.5,False,False,Core,0,Normal,True,True,138.0,134.4,,Target,2026-W19,Conservative
OPF-20260724-193509,DEFERRED|20260505-0055-BULL-OBS-001139-Z001139-OC|ObservationConfirm,20260505-0055-BULL-OBS-001139-Z001139-OC,2026-05-05 01:15:00,2026-05-05 01:25:00,2026-05-05,2026-05,Long,ObservationConfirm,10.25,10.25,False,False,DeferredContinuation,2,Normal,True,True,0.0,-3.6,20260505-0105-Long-1141,Stop,2026-W19,Conservative
OPF-20260724-193509,20260505-0125-Long-1145,20260505-0125-BULL-PB-001145-Z001143,2026-05-05 01:25:00,2026-05-05 02:25:00,2026-05-05,2026-05,Long,AlmostConfirmed,12.5,13.25,False,False,Core,0,Normal,True,True,198.0,194.4,,ProtectBE,2026-W19,Conservative
OPF-20260724-193509,20260505-0335-Long-1171,20260505-0330-BULL-OBS-001170-Z001170-OC,2026-05-05 03:35:00,2026-05-05 03:55:00,2026-05-05,2026-05,Long,ObservationConfirm,7.25,7.5,False,False,Core,0,Normal,True,True,63.0,59.4,,ProtectBE,2026-W19,Conservative
OPF-20260724-193509,DEFERRED|20260505-0335-BULL-OBS-001171-Z001170-OC|ObservationConfirm,20260505-0335-BULL-OBS-001171-Z001170-OC,2026-05-05 04:00:00,2026-05-05 04:00:00,2026-05-05,2026-05,Long,ObservationConfirm,4.75,4.75,False,False,DeferredContinuation,2,Normal,True,True,85.5,81.9,20260505-0335-Long-1171,Target,2026-W19,Conservative
OPF-20260724-193509,20260505-0420-Short-1180,20260505-0415-BEAR-OBS-001179-Z001179-OC,2026-05-05 04:20:00,2026-05-05 04:30:00,2026-05-05,2026-05,Short,ObservationConfirm,6.0,6.75,False,False,Core,0,Normal,True,True,55.5,51.9,,ProtectBE,2026-W19,Conservative
OPF-20260724-193509,DEFERRED|20260505-0405-BULL-OBS-001177-Z001177-FR-RT|FailureReverse_RetestFailed,20260505-0405-BULL-OBS-001177-Z001177-FR-RT,2026-05-05 04:35:00,2026-05-05 04:45:00,2026-05-05,2026-05,Short,FailureReverse_RetestFailed,9.25,9.25,False,False,DeferredContinuation,2,Normal,True,True,-55.5,-59.1,20260505-0420-Short-1180,Stop,2026-W19,Conservative
OPF-20260724-193509,20260505-0505-Short-1189,20260505-0500-BEAR-OBS-001188-Z001188-OC,2026-05-05 05:05:00,2026-05-05 05:10:00,2026-05-05,2026-05,Short,ObservationConfirm,10.0,10.5,False,False,Core,0,Normal,True,True,-63.75,-67.35,,Stop,2026-W19,Conservative
OPF-20260724-193708,20260506-0110-Long-1142,20260506-0105-BULL-OBS-001141-Z001141-OC,2026-05-06 01:10:00,2026-05-06 01:15:00,2026-05-06,2026-05,Long,ObservationConfirm,9.0,9.375,False,False,Core,0,Normal,True,True,-53.25,-56.85,,Stop,2026-W19,Conservative
OPF-20260724-193708,20260506-0230-Short-1158,20260506-0230-BEAR-OBS-001158-Z001158,2026-05-06 02:30:00,2026-05-06 02:45:00,2026-05-06,2026-05,Short,ZoneBirthResearch,4.75,5.25,False,False,Core,0,Normal,True,True,52.5,48.9,,Base:Target|Runner:ProtectBE,2026-W19,Conservative
OPF-20260724-193708,DEFERRED|20260506-0230-BEAR-OBS-001158-Z001158-OC|ObservationConfirm,20260506-0230-BEAR-OBS-001158-Z001158-OC,2026-05-06 02:50:00,2026-05-06 03:00:00,2026-05-06,2026-05,Short,ObservationConfirm,16.25,16.25,False,False,DeferredContinuation,2,Normal,True,True,-97.5,-101.1,20260506-0230-Short-1158,Stop,2026-W19,Conservative
OPF-20260724-193708,20260506-0355-Short-1175,20260506-0350-BEAR-OBS-001174-Z001174-OC,2026-05-06 03:55:00,2026-05-06 04:00:00,2026-05-06,2026-05,Short,ObservationConfirm,8.0,8.25,False,False,Core,0,Normal,True,True,-51.0,-54.6,,Stop,2026-W19,Conservative
OPF-20260724-193708,RELEASED|20260506-0355-BEAR-OBS-001175-Z001174-FR|FailureReverse_ObservationInvalidated_WideStop1_5R,20260506-0355-BEAR-OBS-001175-Z001174-FR,2026-05-06 04:05:00,2026-05-06 04:10:00,2026-05-06,2026-05,Long,FailureReverse_ObservationInvalidated_WideStop1_5R,7.12,7.12,False,False,ActiveTrade,1,Normal,True,True,-42.72,-46.32,,Stop,2026-W19,Conservative
OPF-20260724-193708,RELEASED|20260506-0545-BULL-OBS-001197-Z001197-OC|ObservationConfirm,20260506-0545-BULL-OBS-001197-Z001197-OC,2026-05-06 05:50:00,2026-05-06 06:00:00,2026-05-06,2026-05,Long,ObservationConfirm,6.25,6.25,False,False,ActiveTrade,1,Normal,True,True,106.75,103.15,,Target,2026-W19,Conservative
OPF-20260724-193708,20260506-0820-Short-1228,20260506-0820-BEAR-OBS-001228-Z001228,2026-05-06 08:20:00,2026-05-06 08:30:00,2026-05-06,2026-05,Short,ZoneBirthResearch,5.75,6.0,False,False,Core,0,Normal,True,True,-36.0,-39.6,,Base:Stop|Runner:Stop,2026-W19,Conservative
OPF-20260724-193708,20260506-0845-Long-1233,20260506-0840-BULL-OBS-001232-Z001232-OC,2026-05-06 08:45:00,2026-05-06 08:50:00,2026-05-06,2026-05,Long,ObservationConfirm,8.5,7.875,False,False,Core,0,Normal,True,True,84.75,81.15,,Target,2026-W19,Conservative
OPF-20260724-193906,RELEASED|20260506-2330-BEAR-OBS-001122-Z001122|ZoneBirthResearch,20260506-2330-BEAR-OBS-001122-Z001122,2026-05-06 23:30:00,2026-05-06 23:45:00,2026-05-07,2026-05,Short,ZoneBirthResearch,6.5,6.5,False,False,ActiveTrade,1,Normal,True,True,-39.0,-42.6,,Base:Stop|Runner:Stop,2026-W19,Conservative
OPF-20260724-193906,20260507-0025-Short-1133,20260507-0020-BEAR-OBS-001132-Z001132-OC,2026-05-07 00:25:00,2026-05-07 01:10:00,2026-05-07,2026-05,Short,ObservationConfirm,19.5,20.25,False,False,Core,0,Normal,True,True,-121.5,-125.1,,Stop,2026-W19,Conservative
OPF-20260724-194101,20260507-2330-Long-1122,20260507-2325-BULL-OBS-001121-Z001121-OC,2026-05-07 23:30:00,2026-05-07 23:45:00,2026-05-08,2026-05,Long,ObservationConfirm,10.0,11.75,False,False,Core,0,Normal,True,True,142.5,138.9,,Target,2026-W19,Conservative
OPF-20260724-194101,20260508-0225-Short-1157,20260508-0220-BEAR-OBS-001156-Z001156-OC,2026-05-08 02:25:00,2026-05-08 02:30:00,2026-05-08,2026-05,Short,ObservationConfirm,6.5,6.5,False,False,Core,0,Normal,True,True,-40.5,-44.1,,Stop,2026-W19,Conservative
OPF-20260724-194101,20260508-0400-Long-1176,20260508-0355-BULL-OBS-001175-Z001175-OC,2026-05-08 04:00:00,2026-05-08 04:10:00,2026-05-08,2026-05,Long,ObservationConfirm,10.25,10.0,False,False,Core,0,Normal,True,True,-60.0,-63.6,,ProtectBE,2026-W19,Conservative
OPF-20260724-194101,20260508-0455-Long-1187,20260508-0450-BULL-OBS-001186-Z001186-OC,2026-05-08 04:55:00,2026-05-08 05:25:00,2026-05-08,2026-05,Long,ObservationConfirm,8.75,10.0,False,False,Core,0,Normal,True,True,120.0,116.4,,ProtectBE,2026-W19,Conservative
OPF-20260724-194101,RELEASED|20260508-0520-BULL-BRT-001192-Z001192|BreakawayRetest,20260508-0520-BULL-BRT-001192-Z001192,2026-05-08 05:25:00,2026-05-08 05:30:00,2026-05-08,2026-05,Long,BreakawayRetest,7.5,7.5,False,False,ActiveTrade,1,Normal,True,True,135.0,131.4,,Target,2026-W19,Conservative
OPF-20260724-194101,DEFERRED|20260508-0525-BULL-PB-001193-Z001192|AlmostConfirmed,20260508-0525-BULL-PB-001193-Z001192,2026-05-08 05:30:00,2026-05-08 05:30:00,2026-05-08,2026-05,Long,AlmostConfirmed,7.5,7.5,False,False,DeferredContinuation,2,Normal,True,True,135.0,131.4,20260508-0455-Long-1187,Target,2026-W19,Conservative
OPF-20260724-194101,20260508-0540-Long-1196,20260508-0535-BULL-OBS-001195-Z001195-OC,2026-05-08 05:40:00,2026-05-08 05:55:00,2026-05-08,2026-05,Long,ObservationConfirm,11.25,11.5,False,False,Core,0,Normal,True,True,-69.0,-72.6,,Stop,2026-W19,Conservative
OPF-20260724-194101,DEFERRED|20260508-0540-BULL-OBS-001196-Z001195-OC|ObservationConfirm,20260508-0540-BULL-OBS-001196-Z001195-OC,2026-05-08 06:00:00,2026-05-08 06:00:00,2026-05-08,2026-05,Long,ObservationConfirm,7.5,7.5,False,False,DeferredContinuation,2,Normal,True,True,-45.0,-48.6,20260508-0540-Long-1196,Stop,2026-W19,Conservative
OPF-20260724-194101,20260508-0810-Long-1226,20260508-0805-BULL-OBS-001225-Z001225-OC,2026-05-08 08:10:00,2026-05-08 09:00:00,2026-05-08,2026-05,Long,ObservationConfirm_WideStop1_5R,22.88,23.25,False,False,Core,0,Normal,True,True,207.0,203.4,,ProtectBE,2026-W19,Conservative
OPF-20260724-194101,20260508-0915-Long-1239,20260508-0910-BULL-OBS-001238-Z001238-OC,2026-05-08 09:15:00,2026-05-08 09:25:00,2026-05-08,2026-05,Long,ObservationConfirm,9.0,10.25,False,False,Core,0,Normal,True,True,-60.0,-63.6,,ProtectBE,2026-W19,Conservative
OPF-20260724-194259,20260510-2335-Short-1123,20260510-2325-BULL-OBS-001121-Z001117-FR,2026-05-10 23:35:00,2026-05-10 23:40:00,2026-05-11,2026-05,Short,FailureReverse_ObservationInvalidated_WideStop1_5R,10.88,11.75,False,False,Core,0,Normal,True,True,-73.5,-77.1,,Stop,2026-W20,Conservative
OPF-20260724-194259,20260511-0125-Long-1145,20260511-0120-BULL-OBS-001144-Z001144-OC-STR,2026-05-11 01:25:00,2026-05-11 04:05:00,2026-05-11,2026-05,Long,ObservationStrict_BullFresh_WideStop1_5R,19.12,18.0,False,False,Core,0,Normal,True,True,-104.25,-107.85,,ProtectBE,2026-W20,Conservative
OPF-20260724-194259,20260511-0430-Long-1182,20260511-0425-BULL-OBS-001181-Z001181-OC,2026-05-11 04:30:00,2026-05-11 05:15:00,2026-05-11,2026-05,Long,ObservationConfirm,8.25,8.5,False,False,Core,0,Normal,True,True,91.5,87.9,,ProtectBE,2026-W20,Conservative
OPF-20260724-194259,20260511-0545-Short-1197,20260511-0545-BEAR-OBS-001197-Z001197,2026-05-11 05:45:00,2026-05-11 06:05:00,2026-05-11,2026-05,Short,ZoneBirthResearch,6.75,7.5,False,False,Core,0,Normal,True,True,-45.0,-48.6,,Base:Stop|Runner:Stop,2026-W20,Conservative
OPF-20260724-194259,20260511-0745-Short-1221,20260511-0740-BEAR-OBS-001220-Z001207-OC,2026-05-11 07:45:00,2026-05-11 08:00:00,2026-05-11,2026-05,Short,ObservationConfirm,19.25,19.25,False,False,Core,0,Normal,True,True,167.25,163.65,,ProtectBE,2026-W20,Conservative
OPF-20260724-194259,20260511-0830-Short-1230,20260511-0830-BEAR-BRK-001230-Z001230,2026-05-11 08:30:00,2026-05-11 08:40:00,2026-05-11,2026-05,Short,BreakawayFvg,19.0,18.0,False,False,Core,0,Normal,True,True,-109.5,-113.1,,Stop,2026-W20,Conservative
OPF-20260724-194259,DEFERRED|20260511-0830-BEAR-OBS-001230-Z001230-OC|ObservationConfirm,20260511-0830-BEAR-OBS-001230-Z001230-OC,2026-05-11 08:45:00,2026-05-11 08:55:00,2026-05-11,2026-05,Short,ObservationConfirm,21.75,21.75,False,False,DeferredContinuation,2,Normal,True,True,-130.5,-134.1,20260511-0830-Short-1230,Stop,2026-W20,Conservative
OPF-20260724-194259,20260511-1005-Short-1249,20260511-1000-BEAR-OBS-001248-Z001248-OC,2026-05-11 10:05:00,2026-05-11 10:30:00,2026-05-11,2026-05,Short,ObservationConfirm,16.25,16.625,False,False,Core,0,Normal,True,True,146.25,142.65,,ProtectBE,2026-W20,Conservative
OPF-20260724-194259,20260511-1140-Short-1268,20260511-1140-BEAR-OBS-001268-Z001268,2026-05-11 11:40:00,2026-05-11 12:20:00,2026-05-11,2026-05,Short,ZoneBirthResearch,16.75,17.25,False,False,Core,0,Normal,True,True,310.5,306.9,,Base:Target|Runner:Target,2026-W20,Conservative
OPF-20260724-194259,RELEASED|20260511-1640-BULL-OBS-001328-Z001313-OC-STR|ObservationStrict_Other_WideStop1_5R,20260511-1640-BULL-OBS-001328-Z001313-OC-STR,2026-05-11 16:45:00,2026-05-11 17:10:00,2026-05-11,2026-05,Long,ObservationStrict_Other_WideStop1_5R,24.0,24.0,False,False,ActiveTrade,1,Normal,True,True,-144.0,-147.6,,Stop,2026-W20,Conservative
OPF-20260724-194457,20260511-2305-Short-1117,20260511-2245-BULL-OBS-001113-Z001113-FR-RT,2026-05-11 23:05:00,2026-05-11 23:10:00,2026-05-12,2026-05,Short,FailureReverse_RetestFailed,7.25,7.25,False,False,Core,0,Normal,True,True,73.5,69.9,,ProtectBE,2026-W20,Conservative
OPF-20260724-194457,20260511-2330-Long-1122,20260511-2325-BULL-OBS-001121-Z001121-OC,2026-05-11 23:30:00,2026-05-11 23:40:00,2026-05-12,2026-05,Long,ObservationConfirm,10.0,9.625,False,False,Core,0,Normal,True,True,-57.75,-61.35,,Stop,2026-W20,Conservative
OPF-20260724-194457,20260512-0405-Short-1177,20260512-0400-BEAR-OBS-001176-Z001174-OC,2026-05-12 04:05:00,2026-05-12 04:15:00,2026-05-12,2026-05,Short,ObservationConfirm,7.5,7.5,False,False,Core,0,Normal,True,True,66.0,62.4,,ProtectBE,2026-W20,Conservative
OPF-20260724-194457,20260512-0450-Short-1186,20260512-0450-BEAR-BRK-001186-Z001186,2026-05-12 04:50:00,2026-05-12 06:30:00,2026-05-12,2026-05,Short,BreakawayFvg,25.0,25.0,False,False,Core,0,Normal,True,True,297.0,293.4,,Target,2026-W20,Conservative
OPF-20260724-194457,RELEASED|20260512-0625-BEAR-OBS-001205-Z001205-OC|ObservationConfirm,20260512-0625-BEAR-OBS-001205-Z001205-OC,2026-05-12 06:30:00,2026-05-12 06:45:00,2026-05-12,2026-05,Short,ObservationConfirm,18.75,18.75,False,False,ActiveTrade,1,Normal,True,True,0.0,-3.6,,ProtectBE,2026-W20,Conservative
OPF-20260724-194457,20260512-0655-Short-1211,20260512-0655-BEAR-BRK-001211-Z001211,2026-05-12 06:55:00,2026-05-12 07:10:00,2026-05-12,2026-05,Short,BreakawayFvg,21.25,21.75,False,False,Core,0,Normal,True,True,-130.5,-134.1,,ProtectBE,2026-W20,Conservative
OPF-20260724-194457,DEFERRED|20260512-0700-BEAR-BRK-001212-Z001212|BreakawayFvg,20260512-0700-BEAR-BRK-001212-Z001212,2026-05-12 07:15:00,2026-05-12 07:20:00,2026-05-12,2026-05,Short,BreakawayFvg,28.25,28.25,False,False,DeferredContinuation,2,Normal,True,True,-169.5,-173.1,20260512-0655-Short-1211,Stop,2026-W20,Conservative
OPF-20260724-194457,20260512-0815-Short-1227,20260512-0810-BEAR-OBS-001226-Z001226-OC,2026-05-12 08:15:00,2026-05-12 08:20:00,2026-05-12,2026-05,Short,ObservationConfirm,18.25,18.5,False,False,Core,0,Normal,True,True,-112.5,-116.1,,Stop,2026-W20,Conservative
OPF-20260724-194457,20260512-0845-Short-1233,20260512-0845-BEAR-BRK-001233-Z001233,2026-05-12 08:45:00,2026-05-12 08:50:00,2026-05-12,2026-05,Short,BreakawayFvg,19.25,17.0,False,False,Core,0,Normal,True,True,-98.25,-101.85,,Stop,2026-W20,Conservative
OPF-20260724-194457,RELEASED|20260512-0845-BEAR-OBS-001233-Z001233-OC|ObservationConfirm,20260512-0845-BEAR-OBS-001233-Z001233-OC,2026-05-12 08:50:00,2026-05-12 08:55:00,2026-05-12,2026-05,Short,ObservationConfirm,10.25,10.25,False,False,ActiveTrade,1,Normal,True,True,-61.5,-65.1,,Stop,2026-W20,Conservative
OPF-20260724-194656,20260512-2345-Short-1125,20260512-2340-BEAR-OBS-001124-Z001124-OC,2026-05-12 23:45:00,2026-05-12 23:55:00,2026-05-13,2026-05,Short,ObservationConfirm,19.25,19.5,False,False,Core,0,Normal,True,True,178.5,174.9,,ProtectBE,2026-W20,Conservative
OPF-20260724-194656,DEFERRED|20260512-2345-BEAR-OBS-001125-Z001124-OC|ObservationConfirm,20260512-2345-BEAR-OBS-001125-Z001124-OC,2026-05-13 00:00:00,2026-05-13 00:00:00,2026-05-13,2026-05,Short,ObservationConfirm,17.0,17.0,False,False,DeferredContinuation,2,Normal,True,True,-102.0,-105.6,20260512-2345-Short-1125,Stop,2026-W20,Conservative
OPF-20260724-194656,20260513-0355-Long-1175,20260513-0350-BULL-OBS-001174-Z001171-OC,2026-05-13 03:55:00,2026-05-13 04:15:00,2026-05-13,2026-05,Long,ObservationConfirm,10.0,9.875,False,False,Core,0,Normal,True,True,119.25,115.65,,Target,2026-W20,Conservative
OPF-20260724-194656,20260513-0515-Short-1191,20260513-0510-BULL-OBS-001190-Z001190-FR,2026-05-13 05:15:00,2026-05-13 05:20:00,2026-05-13,2026-05,Short,FailureReverse_ObservationInvalidated_WideStop1_5R,10.88,12.5,False,False,Core,0,Normal,True,True,-75.0,-78.6,,Stop,2026-W20,Conservative
OPF-20260724-194656,20260513-0910-Short-1238,20260513-0900-BULL-OBS-001236-Z001226-FR,2026-05-13 09:10:00,2026-05-13 09:25:00,2026-05-13,2026-05,Short,FailureReverse_ObservationInvalidated,22.0,22.25,False,False,Core,0,Normal,True,True,-141.0,-144.6,,Stop,2026-W20,Conservative
OPF-20260724-194656,20260513-1000-Short-1248,20260513-0955-BEAR-OBS-001247-Z001234-OC,2026-05-13 10:00:00,2026-05-13 10:15:00,2026-05-13,2026-05,Short,ObservationConfirm,18.75,18.25,False,False,Core,0,Normal,True,True,172.5,168.9,,Target,2026-W20,Conservative
OPF-20260724-194656,20260513-1050-Long-1258,20260513-1045-BULL-OBS-001257-Z001257-OC,2026-05-13 10:50:00,2026-05-13 10:55:00,2026-05-13,2026-05,Long,ObservationConfirm,6.5,6.25,False,False,Core,0,Normal,True,True,-40.5,-44.1,,Stop,2026-W20,Conservative
OPF-20260724-194656,20260513-1900-Short-1356,20260513-1900-BEAR-OBS-001356-Z001356,2026-05-13 19:00:00,2026-05-13 19:05:00,2026-05-13,2026-05,Short,ZoneBirthResearch,8.0,8.0,False,False,Core,0,Normal,True,True,-48.0,-51.6,,Base:Stop|Runner:Stop,2026-W20,Conservative
OPF-20260724-194854,RELEASED|20260513-2320-BULL-OBS-001120-Z001118-FR|FailureReverse_ObservationInvalidated_WideStop1_5R,20260513-2320-BULL-OBS-001120-Z001118-FR,2026-05-13 23:30:00,2026-05-13 23:55:00,2026-05-14,2026-05,Short,FailureReverse_ObservationInvalidated_WideStop1_5R,21.0,21.0,False,False,ActiveTrade,1,Normal,True,True,-126.0,-129.6,,Stop,2026-W20,Conservative
OPF-20260724-194854,20260514-0025-Long-1133,20260514-0020-BULL-OBS-001132-Z001131-OC-STR,2026-05-14 00:25:00,2026-05-14 01:40:00,2026-05-14,2026-05,Long,ObservationStrict_Other,24.25,24.5,False,False,Core,0,Normal,True,True,-144.0,-147.6,,ProtectBE,2026-W20,Conservative
OPF-20260724-194854,20260514-0505-Long-1189,20260514-0500-BULL-OBS-001188-Z001181-OC,2026-05-14 05:05:00,2026-05-14 05:10:00,2026-05-14,2026-05,Long,ObservationConfirm,9.75,9.75,False,False,Core,0,Normal,True,True,-52.5,-56.1,,Stop,2026-W20,Conservative
OPF-20260724-195051,20260514-2240-Long-1112,20260514-2235-BULL-OBS-001111-Z001111-OC,2026-05-14 22:40:00,2026-05-14 22:50:00,2026-05-15,2026-05,Long,ObservationConfirm,7.5,8.0,False,False,Core,0,Normal,True,True,72.0,68.4,,ProtectBE,2026-W20,Conservative
OPF-20260724-195051,20260514-2335-Long-1123,20260514-2330-BULL-OBS-001122-Z001122-OC,2026-05-14 23:35:00,2026-05-14 23:40:00,2026-05-15,2026-05,Long,ObservationConfirm,6.75,7.375,False,False,Core,0,Normal,True,True,-45.75,-49.35,,Stop,2026-W20,Conservative
OPF-20260724-195051,20260514-2355-Short-1127,20260514-2345-BULL-OBS-001125-Z001110-FR,2026-05-14 23:55:00,2026-05-15 00:00:00,2026-05-15,2026-05,Short,FailureReverse_ObservationInvalidated,10.0,10.75,False,False,Core,0,Normal,True,True,172.5,168.9,,Target,2026-W20,Conservative
OPF-20260724-195051,20260515-0110-Short-1142,20260515-0110-BEAR-OBS-001142-Z001142,2026-05-15 01:10:00,2026-05-15 01:20:00,2026-05-15,2026-05,Short,ZoneBirthResearch,6.25,6.75,False,False,Core,0,Normal,True,True,121.5,117.9,,Base:Target|Runner:Target,2026-W20,Conservative
OPF-20260724-195051,DEFERRED|20260515-0110-BEAR-OBS-001142-Z001142-OC|ObservationConfirm,20260515-0110-BEAR-OBS-001142-Z001142-OC,2026-05-15 01:25:00,2026-05-15 01:30:00,2026-05-15,2026-05,Short,ObservationConfirm,17.75,17.75,False,False,DeferredContinuation,2,Normal,True,True,319.5,315.9,20260515-0110-Short-1142,Target,2026-W20,Conservative
OPF-20260724-195051,RELEASED|20260515-0515-BEAR-OBS-001191-Z001190-OC|ObservationConfirm,20260515-0515-BEAR-OBS-001191-Z001190-OC,2026-05-15 05:20:00,2026-05-15 05:30:00,2026-05-15,2026-05,Short,ObservationConfirm,11.75,11.75,False,False,ActiveTrade,1,Normal,True,True,-70.5,-74.1,,ProtectBE,2026-W20,Conservative
OPF-20260724-195051,20260515-0720-Long-1216,20260515-0715-BULL-OBS-001215-Z001215-OC,2026-05-15 07:20:00,2026-05-15 07:30:00,2026-05-15,2026-05,Long,ObservationConfirm_WideStop1_5R,21.0,21.25,False,False,Core,0,Normal,True,True,-124.5,-128.1,,Stop,2026-W20,Conservative
OPF-20260724-195051,20260515-1745-Long-1341,20260515-1740-BULL-OBS-001340-Z001338-OC-STR,2026-05-15 17:45:00,2026-05-15 17:55:00,2026-05-15,2026-05,Long,ObservationStrict_Other,11.5,12.0,False,False,Core,0,Normal,True,True,216.0,212.4,,Target,2026-W20,Conservative
OPF-20260724-195051,20260515-1930-Short-1362,20260515-1930-BEAR-OBS-001362-Z001359,2026-05-15 19:30:00,2026-05-15 19:35:00,2026-05-15,2026-05,Short,UnknownRegimeZoneTouch,11.0,10.5,False,False,Core,0,Normal,True,True,-66.0,-69.6,,Stop,2026-W20,Conservative
OPF-20260724-195251,20260517-2245-Long-1113,20260517-2240-BULL-OBS-001112-Z001112-OC,2026-05-17 22:45:00,2026-05-17 22:50:00,2026-05-18,2026-05,Long,ObservationConfirm,9.25,9.75,False,False,Core,0,Normal,True,True,-60.0,-63.6,,Stop,2026-W21,Conservative
OPF-20260724-195251,20260518-0240-Short-1160,20260518-0240-BEAR-OBS-001160-Z001160,2026-05-18 02:40:00,2026-05-18 03:00:00,2026-05-18,2026-05,Short,ZoneBirthResearch,17.5,18.125,False,False,Core,0,Normal,True,True,181.25,177.65,,Base:Target|Runner:ProtectBE,2026-W21,Conservative
OPF-20260724-195251,20260518-0720-Short-1216,20260518-0715-BEAR-OBS-001215-Z001215-OC,2026-05-18 07:20:00,2026-05-18 07:25:00,2026-05-18,2026-05,Short,ObservationConfirm,19.0,20.5,False,False,Core,0,Normal,True,True,-127.5,-131.1,,Stop,2026-W21,Conservative
OPF-20260724-195251,20260518-1120-Short-1264,20260518-1050-BULL-OBS-001258-Z001258-FR-RT,2026-05-18 11:20:00,2026-05-18 11:25:00,2026-05-18,2026-05,Short,FailureReverse_RetestFailed_WideStop1_5R,22.88,22.5,False,False,Core,0,Normal,True,True,-129.0,-132.6,,Stop,2026-W21,Conservative
OPF-20260724-195454,RELEASED|20260519-0130-BEAR-OBS-001146-Z001145|UnknownRegimeZoneTouch,20260519-0130-BEAR-OBS-001146-Z001145,2026-05-19 01:30:00,2026-05-19 01:35:00,2026-05-19,2026-05,Short,UnknownRegimeZoneTouch,11.0,11.0,False,False,ActiveTrade,1,Normal,True,True,-66.0,-69.6,,Stop,2026-W21,Conservative
OPF-20260724-195454,20260519-0235-Long-1159,20260519-0230-BULL-OBS-001158-Z001157-OC,2026-05-19 02:35:00,2026-05-19 02:45:00,2026-05-19,2026-05,Long,ObservationConfirm,10.25,9.5,False,False,Core,0,Normal,True,True,109.5,105.9,,Target,2026-W21,Conservative
OPF-20260724-195454,20260519-0345-Short-1173,20260519-0340-BULL-OBS-001172-Z001171-FR,2026-05-19 03:45:00,2026-05-19 03:55:00,2026-05-19,2026-05,Short,FailureReverse_ObservationInvalidated,11.75,11.75,False,False,Core,0,Normal,True,True,175.5,171.9,,Target,2026-W21,Conservative
OPF-20260724-195454,20260519-0625-Long-1205,20260519-0620-BULL-OBS-001204-Z001204-OC,2026-05-19 06:25:00,2026-05-19 06:35:00,2026-05-19,2026-05,Long,ObservationConfirm_WideStop1_5R,23.62,23.25,False,False,Core,0,Normal,True,True,202.5,198.9,,Target,2026-W21,Conservative
OPF-20260724-195454,RELEASED|20260519-0900-BEAR-OBS-001236-Z001236-OC|ObservationConfirm,20260519-0900-BEAR-OBS-001236-Z001236-OC,2026-05-19 09:05:00,2026-05-19 09:15:00,2026-05-19,2026-05,Short,ObservationConfirm,16.75,16.75,False,False,ActiveTrade,1,Normal,True,True,301.5,297.9,,Target,2026-W21,Conservative
OPF-20260724-195707,20260519-2220-Short-1108,20260519-2220-BEAR-OBS-001108-Z001108,2026-05-19 22:20:00,2026-05-19 23:05:00,2026-05-20,2026-05,Short,ZoneBirthResearch,17.75,17.625,False,False,Core,0,Normal,True,True,-105.75,-109.35,,Base:Stop|Runner:Stop,2026-W21,Conservative
OPF-20260724-195707,20260520-0515-Short-1191,20260520-0515-BEAR-OBS-001191-Z001191,2026-05-20 05:15:00,2026-05-20 05:20:00,2026-05-20,2026-05,Short,ZoneBirthResearch,13.0,12.25,False,False,Core,0,Normal,True,True,-73.5,-77.1,,Base:Stop|Runner:Stop,2026-W21,Conservative
OPF-20260724-195707,20260520-0735-Short-1219,20260520-0735-BEAR-OBS-001219-Z001219,2026-05-20 07:35:00,2026-05-20 07:40:00,2026-05-20,2026-05,Short,ZoneBirthResearch,12.25,12.25,False,False,Core,0,Normal,True,True,-73.5,-77.1,,Base:Stop|Runner:Stop,2026-W21,Conservative
OPF-20260724-195707,RELEASED|20260520-1055-BEAR-OBS-001259-Z001259|ZoneBirthResearch,20260520-1055-BEAR-OBS-001259-Z001259,2026-05-20 10:55:00,2026-05-20 11:00:00,2026-05-20,2026-05,Short,ZoneBirthResearch,13.25,13.25,False,False,ActiveTrade,1,Normal,True,True,-79.5,-83.1,,Base:Stop|Runner:Stop,2026-W21,Conservative
OPF-20260724-195906,RELEASED|20260521-0220-BULL-OBS-001156-Z001156-OC|ObservationConfirm_WideStop1_5R,20260521-0220-BULL-OBS-001156-Z001156-OC,2026-05-21 02:25:00,2026-05-21 02:45:00,2026-05-21,2026-05,Long,ObservationConfirm_WideStop1_5R,24.0,24.0,False,False,ActiveTrade,1,Normal,True,True,-144.0,-147.6,,Stop,2026-W21,Conservative
OPF-20260724-195906,20260521-0250-Long-1162,20260521-0245-BULL-OBS-001161-Z001153-OC,2026-05-21 02:50:00,2026-05-21 03:05:00,2026-05-21,2026-05,Long,ObservationConfirm,9.75,9.75,False,False,Core,0,Normal,True,True,108.0,104.4,,ProtectBE,2026-W21,Conservative
OPF-20260724-195906,20260521-0535-Short-1195,20260521-0530-BEAR-OBS-001194-Z001194-OC,2026-05-21 05:35:00,2026-05-21 05:40:00,2026-05-21,2026-05,Short,ObservationConfirm,17.25,17.625,False,False,Core,0,Normal,True,True,152.25,148.65,,Target,2026-W21,Conservative
OPF-20260724-195906,20260521-0615-Short-1203,20260521-0615-BEAR-BRK-001203-Z001203,2026-05-21 06:15:00,2026-05-21 06:20:00,2026-05-21,2026-05,Short,BreakawayFvg,28.0,28.5,False,False,Core,0,Quarantine,False,False,0.0,-3.6,,Stop,2026-W21,Conservative
OPF-20260724-195906,20260521-0655-Short-1211,20260521-0650-BEAR-OBS-001210-Z001210-OC,2026-05-21 06:55:00,2026-05-21 07:10:00,2026-05-21,2026-05,Short,ObservationConfirm,16.5,17.25,False,False,Core,0,Normal,True,True,150.0,146.4,,Target,2026-W21,Conservative
OPF-20260724-200100,20260522-0525-Short-1193,20260522-0525-BEAR-OBS-001193-Z001193,2026-05-22 05:25:00,2026-05-22 05:30:00,2026-05-22,2026-05,Short,ZoneBirthResearch,6.0,6.25,False,False,Core,0,Normal,True,True,-37.5,-41.1,,Base:Stop|Runner:Stop,2026-W21,Conservative
OPF-20260724-200100,RELEASED|20260522-0605-BEAR-OBS-001201-Z001200|UnknownRegimeZoneTouch,20260522-0605-BEAR-OBS-001201-Z001200,2026-05-22 06:05:00,2026-05-22 06:15:00,2026-05-22,2026-05,Short,UnknownRegimeZoneTouch,24.0,24.0,False,False,ActiveTrade,1,Normal,True,True,-144.0,-147.6,,Stop,2026-W21,Conservative
OPF-20260724-200100,20260522-0810-Long-1226,20260522-0805-BULL-OBS-001225-Z001225-OC,2026-05-22 08:10:00,2026-05-22 08:15:00,2026-05-22,2026-05,Long,ObservationConfirm,11.0,11.0,False,False,Core,0,Normal,True,True,121.5,117.9,,Target,2026-W21,Conservative
OPF-20260724-200100,DEFERRED|20260522-0805-BULL-OBS-001225-Z001225-OC-STR|ObservationStrict_BullFresh_WideStop1_5R,20260522-0805-BULL-OBS-001225-Z001225-OC-STR,2026-05-22 08:20:00,2026-05-22 08:25:00,2026-05-22,2026-05,Long,ObservationStrict_BullFresh_WideStop1_5R,16.5,16.5,False,False,DeferredContinuation,2,Normal,True,True,0.0,-3.6,20260522-0810-Long-1226,Stop,2026-W21,Conservative
OPF-20260724-200100,20260522-0835-Short-1231,20260522-0835-BEAR-OBS-001231-Z001231,2026-05-22 08:35:00,2026-05-22 09:00:00,2026-05-22,2026-05,Short,ZoneBirthResearch,17.5,17.125,False,False,Core,0,Normal,True,True,308.25,304.65,,Base:Target|Runner:Target,2026-W21,Conservative
OPF-20260724-200100,20260522-0915-Short-1239,20260522-0910-BEAR-OBS-001238-Z001238-OC,2026-05-22 09:15:00,2026-05-22 09:20:00,2026-05-22,2026-05,Short,ObservationConfirm,18.5,18.75,False,False,Core,0,Normal,True,True,159.0,155.4,,ProtectBE,2026-W21,Conservative
OPF-20260724-200100,20260522-1055-Long-1259,20260522-1050-BULL-OBS-001258-Z001258-OC,2026-05-22 10:55:00,2026-05-22 11:05:00,2026-05-22,2026-05,Long,ObservationConfirm,9.5,8.5,False,False,Core,0,Normal,True,True,101.25,97.65,,Target,2026-W21,Conservative
OPF-20260724-200100,RELEASED|20260522-1105-BULL-OBS-001261-Z001261-FR-RT|FailureReverse_RetestFailed_WideStop1_5R,20260522-1105-BULL-OBS-001261-Z001261-FR-RT,2026-05-22 11:25:00,2026-05-22 11:35:00,2026-05-22,2026-05,Short,FailureReverse_RetestFailed_WideStop1_5R,12.0,12.0,False,False,ActiveTrade,1,Normal,True,True,-88.89923076923077,-92.49923076923076,,Stop,2026-W21,Conservative
OPF-20260724-200256,20260526-0015-Short-1083,20260526-0010-BEAR-OBS-001082-Z001082-OC,2026-05-26 00:15:00,2026-05-26 00:20:00,2026-05-26,2026-05,Short,ObservationConfirm_WideStop1_5R,17.62,17.5,False,False,Core,0,Normal,True,True,-103.5,-107.1,,Stop,2026-W22,Conservative
OPF-20260724-200256,RELEASED|20260526-0015-BEAR-OBS-001083-Z001082-OC|ObservationConfirm_WideStop1_5R,20260526-0015-BEAR-OBS-001083-Z001082-OC,2026-05-26 00:20:00,2026-05-26 00:25:00,2026-05-26,2026-05,Short,ObservationConfirm_WideStop1_5R,12.75,12.75,False,False,ActiveTrade,1,Normal,True,True,-76.5,-80.1,,Stop,2026-W22,Conservative
OPF-20260724-200256,20260526-0420-Long-1132,20260526-0415-BULL-OBS-001131-Z001131-OC,2026-05-26 04:20:00,2026-05-26 04:25:00,2026-05-26,2026-05,Long,ObservationConfirm,5.5,5.25,False,False,Core,0,Normal,True,True,-27.0,-30.6,,Stop,2026-W22,Conservative
OPF-20260724-200256,20260526-0500-Short-1140,20260526-0455-BEAR-OBS-001139-Z001138-OC,2026-05-26 05:00:00,2026-05-26 05:05:00,2026-05-26,2026-05,Short,ObservationConfirm,18.75,18.5,False,False,Core,0,Normal,True,True,-111.0,-114.6,,Stop,2026-W22,Conservative
OPF-20260724-200454,20260527-0115-Long-1095,20260527-0110-BULL-OBS-001094-Z001094-OC,2026-05-27 01:15:00,2026-05-27 01:50:00,2026-05-27,2026-05,Long,ObservationConfirm_WideStop1_5R,22.88,22.5,False,False,Core,0,Normal,True,True,-130.5,-134.1,,Stop,2026-W22,Conservative
OPF-20260724-200454,20260527-0320-Short-1120,20260527-0315-BEAR-OBS-001119-Z001119-OC,2026-05-27 03:20:00,2026-05-27 03:50:00,2026-05-27,2026-05,Short,ObservationConfirm,16.25,16.5,False,False,Core,0,Normal,True,True,145.5,141.9,,ProtectBE,2026-W22,Conservative
OPF-20260724-200454,20260527-0355-Short-1127,20260527-0350-BEAR-OBS-001126-Z001126-OC,2026-05-27 03:55:00,2026-05-27 04:00:00,2026-05-27,2026-05,Short,ObservationConfirm,21.25,21.25,False,False,Core,0,Normal,True,True,-129.0,-132.6,,Stop,2026-W22,Conservative
OPF-20260724-200454,20260527-0725-Long-1169,20260527-0720-BULL-OBS-001168-Z001168-OC,2026-05-27 07:25:00,2026-05-27 07:40:00,2026-05-27,2026-05,Long,ObservationConfirm,10.25,11.25,False,False,Core,0,Normal,True,True,-66.75,-70.35,,ProtectBE,2026-W22,Conservative
OPF-20260724-200454,20260527-1045-Short-1209,20260527-1040-BEAR-OBS-001208-Z001207-OC,2026-05-27 10:45:00,2026-05-27 10:50:00,2026-05-27,2026-05,Short,ObservationConfirm,5.75,6.5,False,False,Core,0,Normal,True,True,-39.0,-42.6,,Stop,2026-W22,Conservative
OPF-20260724-200651,20260528-0220-Short-1108,20260528-0220-BEAR-OBS-001108-Z001108,2026-05-28 02:20:00,2026-05-28 02:30:00,2026-05-28,2026-05,Short,ZoneBirthResearch,6.0,5.5,False,False,Core,0,Normal,True,True,99.0,95.4,,Base:Target|Runner:Target,2026-W22,Conservative
OPF-20260724-200651,20260528-0550-Short-1150,20260528-0550-BEAR-OBS-001150-Z001122,2026-05-28 05:50:00,2026-05-28 05:55:00,2026-05-28,2026-05,Short,UnknownRegimeZoneTouch,12.5,11.75,False,False,Core,0,Normal,True,True,-70.5,-74.1,,Stop,2026-W22,Conservative
OPF-20260724-200651,RELEASED|20260528-0550-BEAR-OBS-001150-Z001122-OC|ObservationConfirm,20260528-0550-BEAR-OBS-001150-Z001122-OC,2026-05-28 05:55:00,2026-05-28 06:00:00,2026-05-28,2026-05,Short,ObservationConfirm,17.75,17.75,False,False,ActiveTrade,1,Normal,True,True,-106.5,-110.1,,Stop,2026-W22,Conservative
OPF-20260724-200651,20260528-0610-Short-1154,20260528-0610-BEAR-OBS-001154-Z001121,2026-05-28 06:10:00,2026-05-28 06:15:00,2026-05-28,2026-05,Short,UnknownRegimeZoneTouch,5.25,5.25,False,False,Core,0,Normal,True,True,-33.0,-36.6,,Stop,2026-W22,Conservative
OPF-20260724-200651,20260528-0645-Short-1161,20260528-0635-BEAR-OBS-001159-Z001159-OC,2026-05-28 06:45:00,2026-05-28 06:55:00,2026-05-28,2026-05,Short,ObservationConfirm,13.0,12.75,False,False,Core,0,Normal,True,True,112.5,108.9,,ProtectBE,2026-W22,Conservative
OPF-20260724-200651,20260528-0710-Short-1166,20260528-0705-BEAR-OBS-001165-Z001118-OC,2026-05-28 07:10:00,2026-05-28 07:55:00,2026-05-28,2026-05,Short,ObservationConfirm,19.75,19.25,False,False,Core,0,Normal,True,True,-112.5,-116.1,,ProtectBE,2026-W22,Conservative
OPF-20260724-200651,20260528-1020-Short-1204,20260528-1020-BEAR-BRK-001204-Z001204,2026-05-28 10:20:00,2026-05-28 10:45:00,2026-05-28,2026-05,Short,BreakawayFvg,24.75,25.25,False,False,Core,0,Normal,True,True,289.5,285.9,,ProtectBE,2026-W22,Conservative
OPF-20260724-200651,20260528-2015-Long-1323,20260528-2015-BULL-PB-001323-Z001322,2026-05-28 20:15:00,2026-05-28 20:20:00,2026-05-28,2026-05,Long,AlmostConfirmed,7.75,8.25,False,False,Core,0,Normal,True,True,-48.75,-52.35,,Stop,2026-W22,Conservative
OPF-20260724-200849,RELEASED|20260528-2245-BULL-OBS-001065-Z001065-OC|ObservationConfirm_WideStop1_5R,20260528-2245-BULL-OBS-001065-Z001065-OC,2026-05-28 22:50:00,2026-05-28 22:55:00,2026-05-29,2026-05,Long,ObservationConfirm_WideStop1_5R,5.62,5.62,False,False,ActiveTrade,1,Normal,True,True,-33.72,-37.32,,Stop,2026-W22,Conservative
OPF-20260724-200849,20260528-2330-Short-1074,20260528-2325-BULL-OBS-001073-Z001072-FR,2026-05-28 23:30:00,2026-05-28 23:55:00,2026-05-29,2026-05,Short,FailureReverse_ObservationInvalidated_WideStop1_5R,12.0,11.5,False,False,Core,0,Normal,True,True,207.0,203.4,,Target,2026-W22,Conservative
OPF-20260724-200849,20260529-0005-Short-1081,20260529-0005-BEAR-OBS-001081-Z001081,2026-05-29 00:05:00,2026-05-29 00:20:00,2026-05-29,2026-05,Short,ZoneBirthResearch,16.5,16.75,False,False,Core,0,Normal,True,True,-100.5,-104.1,,Base:Stop|Runner:Stop,2026-W22,Conservative
OPF-20260724-200849,20260529-0045-Short-1089,20260529-0045-BEAR-OBS-001089-Z001089,2026-05-29 00:45:00,2026-05-29 01:00:00,2026-05-29,2026-05,Short,ZoneBirthResearch,6.5,6.25,False,False,Core,0,Normal,True,True,-37.5,-41.1,,Base:Stop|Runner:Stop,2026-W22,Conservative
OPF-20260724-200849,20260529-0415-Long-1131,20260529-0410-BULL-OBS-001130-Z001130-OC,2026-05-29 04:15:00,2026-05-29 04:35:00,2026-05-29,2026-05,Long,ObservationConfirm,10.75,11.0,False,False,Core,0,Normal,True,True,129.0,125.4,,Target,2026-W22,Conservative
OPF-20260724-200849,DEFERRED|20260529-0420-BULL-OBS-001132-Z001132-OC|ObservationConfirm,20260529-0420-BULL-OBS-001132-Z001132-OC,2026-05-29 04:40:00,2026-05-29 04:50:00,2026-05-29,2026-05,Long,ObservationConfirm,7.25,7.25,False,False,DeferredContinuation,2,Normal,True,True,0.0,-3.6,20260529-0415-Long-1131,Stop,2026-W22,Conservative
OPF-20260724-200849,20260529-0655-Long-1163,20260529-0650-BULL-OBS-001162-Z001162-OC,2026-05-29 06:55:00,2026-05-29 07:05:00,2026-05-29,2026-05,Long,ObservationConfirm_WideStop1_5R,24.0,24.0,False,False,Core,0,Normal,True,True,-144.0,-147.6,,Stop,2026-W22,Conservative
OPF-20260724-200849,20260529-0740-Short-1172,20260529-0735-BEAR-OBS-001171-Z001171-OC,2026-05-29 07:40:00,2026-05-29 07:45:00,2026-05-29,2026-05,Short,ObservationConfirm,17.75,18.25,False,False,Core,0,Normal,True,True,-117.0,-120.6,,Stop,2026-W22,Conservative
OPF-20260724-200849,DEFERRED|20260529-0735-BULL-OBS-001171-Z001130-OC-STR|ObservationStrict_Other,20260529-0735-BULL-OBS-001171-Z001130-OC-STR,2026-05-29 07:50:00,2026-05-29 08:00:00,2026-05-29,2026-05,Long,ObservationStrict_Other,8.75,8.75,False,False,DeferredContinuation,2,Normal,True,True,157.5,153.9,20260529-0740-Short-1172,Target,2026-W22,Conservative
OPF-20260724-201101,20260601-0245-Short-1161,20260601-0245-BEAR-OBS-001161-Z001161,2026-06-01 02:45:00,2026-06-01 03:00:00,2026-06-01,2026-06,Short,ZoneBirthResearch,8.0,8.0,False,False,Core,0,Normal,True,True,-48.0,-51.6,,Base:Stop|Runner:Stop,2026-W23,Conservative
OPF-20260724-201101,20260601-0310-Long-1166,20260601-0305-BULL-OBS-001165-Z001165-OC,2026-06-01 03:10:00,2026-06-01 03:15:00,2026-06-01,2026-06,Long,ObservationConfirm,9.75,10.0,False,False,Core,0,Normal,True,True,-40.5,-44.1,,Stop,2026-W23,Conservative
OPF-20260724-201101,RELEASED|20260601-0405-BULL-OBS-001177-Z001177-OC|ObservationConfirm,20260601-0405-BULL-OBS-001177-Z001177-OC,2026-06-01 04:10:00,2026-06-01 05:10:00,2026-06-01,2026-06,Long,ObservationConfirm,11.0,11.0,False,False,ActiveTrade,1,Normal,True,True,-5.749999999999999,-9.35,,ProtectBE,2026-W23,Conservative
OPF-20260724-201101,20260601-0530-Short-1194,20260601-0530-BEAR-OBS-001194-Z001194,2026-06-01 05:30:00,2026-06-01 05:35:00,2026-06-01,2026-06,Short,ZoneBirthResearch,7.25,7.0,False,False,Core,0,Normal,True,True,-42.0,-45.6,,Base:Stop|Runner:Stop,2026-W23,Conservative
OPF-20260724-201101,20260601-0605-Long-1201,20260601-0555-BULL-OBS-001199-Z001198-OC,2026-06-01 06:05:00,2026-06-01 06:10:00,2026-06-01,2026-06,Long,ObservationConfirm,7.75,8.75,False,False,Core,0,Normal,True,True,-45.0,-48.6,,Stop,2026-W23,Conservative
OPF-20260724-201101,20260601-0655-Long-1211,20260601-0650-BULL-OBS-001210-Z001210-OC,2026-06-01 06:55:00,2026-06-01 07:05:00,2026-06-01,2026-06,Long,ObservationConfirm,8.0,9.5,False,False,Core,0,Normal,True,True,-52.5,-56.1,,ProtectBE,2026-W23,Conservative
OPF-20260724-201101,20260601-0910-Short-1238,20260601-0905-BULL-OBS-001237-Z001236-FR,2026-06-01 09:10:00,2026-06-01 13:05:00,2026-06-01,2026-06,Short,FailureReverse_ObservationInvalidated_WideStop1_5R,23.62,23.5,False,False,Core,0,Normal,True,True,410.25,406.65,,ProtectBE,2026-W23,Conservative
OPF-20260724-201101,RELEASED|20260601-1815-BEAR-OBS-001347-Z001347-OC|ObservationConfirm_WideStop1_5R,20260601-1815-BEAR-OBS-001347-Z001347-OC,2026-06-01 18:20:00,2026-06-01 18:30:00,2026-06-01,2026-06,Short,ObservationConfirm_WideStop1_5R,9.75,9.75,False,False,ActiveTrade,1,Normal,True,True,0.0,-3.6,,ProtectBE,2026-W23,Conservative
OPF-20260724-201101,20260601-1850-Short-1354,20260601-1850-BEAR-OBS-001354-Z001354,2026-06-01 18:50:00,2026-06-01 18:55:00,2026-06-01,2026-06,Short,ZoneBirthResearch,5.25,5.5,False,False,Core,0,Normal,True,True,-33.0,-36.6,,Base:Stop|Runner:Stop,2026-W23,Conservative
OPF-20260724-201259,20260602-0150-Short-1150,20260602-0150-BEAR-OBS-001150-Z001150,2026-06-02 01:50:00,2026-06-02 02:15:00,2026-06-02,2026-06,Short,ZoneBirthResearch,7.25,7.5,False,False,Core,0,Normal,True,True,75.0,71.4,,Base:Target|Runner:ProtectBE,2026-W23,Conservative
OPF-20260724-201259,20260602-0245-Long-1161,20260602-0240-BULL-OBS-001160-Z001159-OC,2026-06-02 02:45:00,2026-06-02 02:50:00,2026-06-02,2026-06,Long,ObservationConfirm,7.25,7.0,False,False,Core,0,Normal,True,True,63.75,60.15,,ProtectBE,2026-W23,Conservative
OPF-20260724-201259,20260602-0330-Short-1170,20260602-0325-BEAR-OBS-001169-Z001168-OC,2026-06-02 03:30:00,2026-06-02 03:35:00,2026-06-02,2026-06,Short,ObservationConfirm,17.0,17.75,False,False,Core,0,Normal,True,True,-105.0,-108.6,,Stop,2026-W23,Conservative
OPF-20260724-201259,20260602-0410-Long-1178,20260602-0405-BULL-OBS-001177-Z001177-OC,2026-06-02 04:10:00,2026-06-02 04:20:00,2026-06-02,2026-06,Long,ObservationConfirm,10.5,10.5,False,False,Core,0,Normal,True,True,126.0,122.4,,Target,2026-W23,Conservative
OPF-20260724-201259,20260602-0635-Long-1207,20260602-0625-BULL-OBS-001205-Z001204-OC,2026-06-02 06:35:00,2026-06-02 07:00:00,2026-06-02,2026-06,Long,ObservationConfirm_WideStop1_5R,24.75,24.75,False,False,Core,0,Normal,True,True,219.0,215.4,,Target,2026-W23,Conservative
OPF-20260724-201259,20260602-0715-Long-1215,20260602-0710-BULL-OBS-001214-Z001214-OC,2026-06-02 07:15:00,2026-06-02 07:25:00,2026-06-02,2026-06,Long,ObservationConfirm,5.0,5.25,False,False,Core,0,Normal,True,True,40.5,36.9,,ProtectBE,2026-W23,Conservative
OPF-20260724-201259,20260602-0730-Long-1218,20260602-0725-BULL-OBS-001217-Z001213-OC,2026-06-02 07:30:00,2026-06-02 07:40:00,2026-06-02,2026-06,Long,ObservationConfirm,10.5,11.25,False,False,Core,0,Normal,True,True,-78.0,-81.6,,ProtectBE,2026-W23,Conservative
OPF-20260724-201259,20260602-1040-Short-1256,20260602-1035-BEAR-OBS-001255-Z001255-OC,2026-06-02 10:40:00,2026-06-02 10:55:00,2026-06-02,2026-06,Short,ObservationConfirm,11.0,11.5,False,False,Core,0,Normal,True,True,103.5,99.9,,Target,2026-W23,Conservative
OPF-20260724-201259,20260602-1800-Short-1344,20260602-1800-BEAR-OBS-001344-Z001344,2026-06-02 18:00:00,2026-06-02 18:05:00,2026-06-02,2026-06,Short,ZoneBirthResearch,12.75,13.0,False,False,Core,0,Normal,True,True,-78.0,-81.6,,Base:Stop|Runner:Stop,2026-W23,Conservative
OPF-20260724-201259,20260602-1820-Short-1348,20260602-1820-BEAR-OBS-001348-Z001348,2026-06-02 18:20:00,2026-06-02 18:25:00,2026-06-02,2026-06,Short,ZoneBirthResearch,8.0,8.625,False,False,Core,0,Normal,True,True,-51.75,-55.35,,Base:Stop|Runner:Stop,2026-W23,Conservative
OPF-20260724-201457,20260603-0145-Short-1149,20260603-0140-BEAR-OBS-001148-Z001148-OC,2026-06-03 01:45:00,2026-06-03 01:50:00,2026-06-03,2026-06,Short,ObservationConfirm_WideStop1_5R,16.88,17.5,False,False,Core,0,Normal,True,True,-102.0,-105.6,,Stop,2026-W23,Conservative
OPF-20260724-201457,20260603-0415-Short-1179,20260603-0410-BEAR-OBS-001178-Z001114-OC,2026-06-03 04:15:00,2026-06-03 05:00:00,2026-06-03,2026-06,Short,ObservationConfirm,19.5,20.25,False,False,Core,0,Normal,True,True,181.5,177.9,,ProtectBE,2026-W23,Conservative
OPF-20260724-201457,RELEASED|20260603-0455-BULL-OBS-001187-Z001175-FR|FailureReverse_ObservationInvalidated_WideStop1_5R,20260603-0455-BULL-OBS-001187-Z001175-FR,2026-06-03 05:00:00,2026-06-03 05:05:00,2026-06-03,2026-06,Short,FailureReverse_ObservationInvalidated_WideStop1_5R,6.38,6.38,False,False,ActiveTrade,1,Normal,True,True,-38.28,-41.88,,Stop,2026-W23,Conservative
OPF-20260724-201457,20260603-0520-Long-1192,20260603-0510-BEAR-OBS-001190-Z001186-FR,2026-06-03 05:20:00,2026-06-03 05:25:00,2026-06-03,2026-06,Long,FailureReverse_ObservationInvalidated,7.25,7.75,False,False,Core,0,Normal,True,True,-46.5,-50.1,,Stop,2026-W23,Conservative
OPF-20260724-201457,20260603-0545-Short-1197,20260603-0540-BEAR-OBS-001196-Z001194-OC,2026-06-03 05:45:00,2026-06-03 06:20:00,2026-06-03,2026-06,Short,ObservationConfirm,20.0,21.25,False,False,Core,0,Abnormal,False,False,-4.5,-8.1,,ProtectBE,2026-W23,Conservative
OPF-20260724-201457,20260603-0840-Short-1232,20260603-0840-BEAR-OBS-001232-Z001232,2026-06-03 08:40:00,2026-06-03 08:45:00,2026-06-03,2026-06,Short,ZoneBirthResearch,7.5,7.25,False,False,Core,0,Normal,True,True,-43.5,-47.1,,Base:Stop|Runner:Stop,2026-W23,Conservative
OPF-20260724-201457,20260603-1035-Long-1255,20260603-1030-BULL-OBS-001254-Z001254-OC,2026-06-03 10:35:00,2026-06-03 10:40:00,2026-06-03,2026-06,Long,ObservationConfirm,10.5,10.5,False,False,Core,0,Normal,True,True,-63.0,-66.6,,Stop,2026-W23,Conservative
OPF-20260724-201457,20260603-1540-Short-1316,20260603-1540-BEAR-BRK-001316-Z001316,2026-06-03 15:40:00,2026-06-03 15:50:00,2026-06-03,2026-06,Short,BreakawayFvg,30.0,30.25,False,False,Core,0,Abnormal,False,False,-1.5,-5.1,,ProtectBE,2026-W23,Conservative
OPF-20260724-201457,20260603-1550-Short-1318,20260603-1540-BEAR-SHD-001316-Z001316,2026-06-03 15:50:00,2026-06-03 16:20:00,2026-06-03,2026-06,Short,ShadowCandidate,21.75,22.5,False,False,Core,0,Normal,True,True,420.0,416.4,,ProtectBE,2026-W23,Conservative
OPF-20260724-201457,20260603-1625-Short-1325,20260603-1625-BEAR-OBS-001325-Z001325,2026-06-03 16:25:00,2026-06-03 16:30:00,2026-06-03,2026-06,Short,ZoneBirthResearch,13.0,13.25,False,False,Core,0,Normal,True,True,-79.5,-83.1,,Base:Stop|Runner:Stop,2026-W23,Conservative
OPF-20260724-201457,20260603-1835-Short-1351,20260603-1830-BULL-OBS-001350-Z001350-FR,2026-06-03 18:35:00,2026-06-03 19:30:00,2026-06-03,2026-06,Short,FailureReverse_ObservationInvalidated_WideStop1_5R,24.0,24.0,False,False,Core,0,Normal,True,True,-144.0,-147.6,,ProtectBE,2026-W23,Conservative
OPF-20260724-201701,20260604-0520-Short-1192,20260604-0515-BEAR-OBS-001191-Z001190-OC,2026-06-04 05:20:00,2026-06-04 05:25:00,2026-06-04,2026-06,Short,ObservationConfirm,20.0,20.5,False,False,Core,0,Normal,True,True,-126.0,-129.6,,Stop,2026-W23,Conservative
OPF-20260724-201701,20260604-0645-Long-1209,20260604-0640-BULL-OBS-001208-Z001208-OC,2026-06-04 06:45:00,2026-06-04 07:55:00,2026-06-04,2026-06,Long,ObservationConfirm_WideStop1_5R,24.0,24.25,False,False,Core,0,Normal,True,True,-136.5,-140.1,,ProtectBE,2026-W23,Conservative
OPF-20260724-201701,20260604-1010-Short-1250,20260604-1005-BEAR-OBS-001249-Z001249-OC,2026-06-04 10:10:00,2026-06-04 10:20:00,2026-06-04,2026-06,Short,ObservationConfirm,21.75,20.75,False,False,Core,0,Normal,True,True,186.0,182.4,,Target,2026-W23,Conservative
OPF-20260724-201859,20260604-2215-Short-1107,20260604-2215-BEAR-OBS-001107-Z001107,2026-06-04 22:15:00,2026-06-04 22:20:00,2026-06-05,2026-06,Short,ZoneBirthResearch,7.5,7.875,False,False,Core,0,Normal,True,True,-47.25,-50.85,,Base:Stop|Runner:Stop,2026-W23,Conservative
OPF-20260724-201859,20260604-2225-Short-1109,20260604-2225-BEAR-OBS-001109-Z001109,2026-06-04 22:25:00,2026-06-04 22:45:00,2026-06-05,2026-06,Short,ZoneBirthResearch,18.0,18.25,False,False,Core,0,Normal,True,True,-109.5,-113.1,,Base:Stop|Runner:Stop,2026-W23,Conservative
OPF-20260724-201859,20260605-0255-Short-1163,20260605-0250-BEAR-OBS-001162-Z001161-OC,2026-06-05 02:55:00,2026-06-05 03:00:00,2026-06-05,2026-06,Short,ObservationConfirm,18.0,17.75,False,False,Core,0,Normal,True,True,159.75,156.15,,ProtectBE,2026-W23,Conservative
OPF-20260724-201859,20260605-0400-Short-1176,20260605-0355-BEAR-SHD-001175-Z001174,2026-06-05 04:00:00,2026-06-05 04:05:00,2026-06-05,2026-06,Short,ShadowCandidate,12.25,12.0,False,False,Core,0,Normal,True,True,-88.5,-92.1,,Stop,2026-W23,Conservative
OPF-20260724-201859,20260605-0500-Short-1188,20260605-0455-BULL-OBS-001187-Z001187-FR,2026-06-05 05:00:00,2026-06-05 06:15:00,2026-06-05,2026-06,Short,FailureReverse_ObservationInvalidated_WideStop1_5R,23.25,23.625,False,False,Core,0,Normal,True,True,426.75,423.15,,ProtectBE,2026-W23,Conservative
OPF-20260724-201859,20260605-0640-Short-1208,20260605-0640-BEAR-BRK-001208-Z001208,2026-06-05 06:40:00,2026-06-05 06:45:00,2026-06-05,2026-06,Short,BreakawayFvg,21.0,21.75,False,False,Core,0,Normal,True,True,-127.5,-131.1,,Stop,2026-W23,Conservative
OPF-20260724-201859,20260605-0705-Short-1213,20260605-0705-BEAR-BRK-001213-Z001213,2026-06-05 07:05:00,2026-06-05 07:25:00,2026-06-05,2026-06,Short,BreakawayFvg,25.25,25.625,False,False,Core,0,Normal,True,True,-152.25,-155.85,,ProtectBE,2026-W23,Conservative
OPF-20260724-201859,RELEASED|20260605-0705-BEAR-SHD-001213-Z001213|ShadowCandidate,20260605-0705-BEAR-SHD-001213-Z001213,2026-06-05 07:25:00,2026-06-05 07:30:00,2026-06-05,2026-06,Short,ShadowCandidate,10.75,10.75,False,False,ActiveTrade,1,Normal,True,True,-64.5,-68.1,,Stop,2026-W23,Conservative
OPF-20260724-201859,20260605-1000-Long-1248,20260605-0955-BULL-OBS-001247-Z001246-OC,2026-06-05 10:00:00,2026-06-05 10:55:00,2026-06-05,2026-06,Long,ObservationConfirm_WideStop1_5R,22.88,22.75,False,False,Core,0,Normal,True,True,-131.25,-134.85,,ProtectBE,2026-W23,Conservative
OPF-20260724-201859,20260605-1205-Short-1273,20260605-1205-BEAR-BRK-001273-Z001273,2026-06-05 12:05:00,2026-06-05 12:10:00,2026-06-05,2026-06,Short,BreakawayFvg,17.75,18.25,False,False,Core,0,Normal,True,True,-112.5,-116.1,,ProtectBE,2026-W23,Conservative
OPF-20260724-202118,20260608-0405-Short-1177,20260608-0405-BEAR-OBS-001177-Z001177,2026-06-08 04:05:00,2026-06-08 04:15:00,2026-06-08,2026-06,Short,ZoneBirthResearch,17.5,18.0,False,False,Core,0,Normal,True,True,-108.0,-111.6,,Base:Stop|Runner:Stop,2026-W24,Conservative
OPF-20260724-202118,20260608-0450-Short-1186,20260608-0450-BEAR-OBS-001186-Z001184,2026-06-08 04:50:00,2026-06-08 04:55:00,2026-06-08,2026-06,Short,UnknownRegimeZoneTouch,20.0,19.75,False,False,Core,0,Normal,True,True,-103.5,-107.1,,ProtectBE,2026-W24,Conservative
OPF-20260724-202118,20260608-0925-Short-1241,20260608-0920-BEAR-OBS-001240-Z001233-OC,2026-06-08 09:25:00,2026-06-08 09:30:00,2026-06-08,2026-06,Short,ObservationConfirm,18.25,18.875,False,False,Core,0,Normal,True,True,-125.25,-128.85,,ProtectBE,2026-W24,Conservative
OPF-20260724-202322,20260608-2300-Short-1116,20260608-2255-BEAR-OBS-001115-Z001105-OC,2026-06-08 23:00:00,2026-06-08 23:05:00,2026-06-09,2026-06,Short,ObservationConfirm,18.5,18.5,False,False,Core,0,Normal,True,True,-99.0,-102.6,,Stop,2026-W24,Conservative
OPF-20260724-202322,20260609-1120-Long-1264,20260609-1120-BULL-PB-001264-Z001259,2026-06-09 11:20:00,2026-06-09 11:25:00,2026-06-09,2026-06,Long,AlmostConfirmed,10.25,9.75,False,False,Core,0,Normal,True,True,146.25,142.65,,Target,2026-W24,Conservative
OPF-20260724-202322,20260609-1250-Short-1282,20260609-1245-BEAR-OBS-001281-Z001281-OC,2026-06-09 12:50:00,2026-06-09 12:55:00,2026-06-09,2026-06,Short,ObservationConfirm,18.75,19.25,False,False,Core,0,Normal,True,True,-115.5,-119.1,,Stop,2026-W24,Conservative
OPF-20260724-202551,20260610-0345-Short-1173,20260610-0340-BEAR-OBS-001172-Z001172-OC,2026-06-10 03:45:00,2026-06-10 03:50:00,2026-06-10,2026-06,Short,ObservationConfirm,17.0,18.25,False,False,Core,0,Normal,True,True,-114.0,-117.6,,Stop,2026-W24,Conservative
OPF-20260724-202815,20260611-0345-Long-1173,20260611-0340-BULL-OBS-001172-Z001172-OC,2026-06-11 03:45:00,2026-06-11 04:30:00,2026-06-11,2026-06,Long,ObservationConfirm_WideStop1_5R,24.75,25.5,False,False,Core,0,Normal,True,True,228.75,225.15,,Target,2026-W24,Conservative
OPF-20260724-202815,20260611-1115-Short-1263,20260611-1110-BEAR-OBS-001262-Z001262-OC,2026-06-11 11:15:00,2026-06-11 11:20:00,2026-06-11,2026-06,Short,ObservationConfirm_WideStop1_5R,9.75,9.75,False,False,Core,0,Normal,True,True,83.25,79.65,,ProtectBE,2026-W24,Conservative
OPF-20260724-203032,20260611-2300-Short-1116,20260611-2255-BULL-OBS-001115-Z001114-FR,2026-06-11 23:00:00,2026-06-11 23:35:00,2026-06-12,2026-06,Short,FailureReverse_ObservationInvalidated,23.25,24.5,False,False,Core,0,Normal,True,True,-137.25,-140.85,,ProtectBE,2026-W24,Conservative
OPF-20260724-203032,20260612-0635-Short-1207,20260612-0635-BEAR-BRK-001207-Z001207,2026-06-12 06:35:00,2026-06-12 06:45:00,2026-06-12,2026-06,Short,BreakawayFvg,26.5,26.75,False,False,Core,0,Normal,True,True,316.5,312.9,,Target,2026-W24,Conservative
OPF-20260724-203032,DEFERRED|20260612-0640-BEAR-BRK-001208-Z001208|BreakawayFvg,20260612-0640-BEAR-BRK-001208-Z001208,2026-06-12 06:50:00,2026-06-12 07:00:00,2026-06-12,2026-06,Short,BreakawayFvg,20.0,20.0,False,False,DeferredContinuation,2,Normal,True,True,360.0,356.4,20260612-0635-Short-1207,Target,2026-W24,Conservative
OPF-20260724-203032,20260612-1820-Short-1348,20260612-1820-BEAR-OBS-001348-Z001348,2026-06-12 18:20:00,2026-06-12 18:25:00,2026-06-12,2026-06,Short,ZoneBirthResearch,16.5,16.375,False,False,Core,0,Normal,True,True,-98.25,-101.85,,Base:Stop|Runner:Stop,2026-W24,Conservative
OPF-20260724-203032,RELEASED|20260612-2040-BEAR-OBS-001376-Z001374-OC|ObservationConfirm,20260612-2040-BEAR-OBS-001376-Z001374-OC,2026-06-12 20:45:00,2026-06-12 20:50:00,2026-06-12,2026-06,Short,ObservationConfirm,17.25,17.25,False,False,ActiveTrade,1,Normal,True,True,51.0,47.4,,GlobexCloseout,2026-W24,Conservative
OPF-20260724-203235,20260615-0425-Long-1181,20260615-0420-BEAR-OBS-001180-Z001173-FR,2026-06-15 04:25:00,2026-06-15 05:05:00,2026-06-15,2026-06,Long,FailureReverse_ObservationInvalidated,12.25,12.5,False,False,Core,0,Normal,True,True,187.5,183.9,,ProtectBE,2026-W25,Conservative
OPF-20260724-203235,20260615-0605-Long-1201,20260615-0600-BULL-OBS-001200-Z001200-OC,2026-06-15 06:05:00,2026-06-15 06:10:00,2026-06-15,2026-06,Long,ObservationConfirm,9.0,10.75,False,False,Core,0,Normal,True,True,-63.0,-66.6,,Stop,2026-W25,Conservative
OPF-20260724-203235,20260615-0900-Short-1236,20260615-0855-BEAR-OBS-001235-Z001235-OC,2026-06-15 09:00:00,2026-06-15 09:10:00,2026-06-15,2026-06,Short,ObservationConfirm,7.25,7.25,False,False,Core,0,Normal,True,True,57.0,53.4,,ProtectBE,2026-W25,Conservative
OPF-20260724-203235,20260615-1005-Short-1249,20260615-1000-BEAR-OBS-001248-Z001240-OC,2026-06-15 10:05:00,2026-06-15 10:55:00,2026-06-15,2026-06,Short,ObservationConfirm,17.75,18.625,False,False,Core,0,Normal,True,True,-109.5,-113.1,,ProtectBE,2026-W25,Conservative
OPF-20260724-203235,20260615-2030-Short-1374,20260615-2025-BEAR-OBS-001373-Z001373-OC,2026-06-15 20:30:00,2026-06-15 20:40:00,2026-06-15,2026-06,Short,ObservationConfirm,4.75,4.5,False,False,Core,0,Normal,True,True,37.5,33.9,,Target,2026-W25,Conservative
OPF-20260724-203453,20260616-0245-Long-1161,20260616-0240-BULL-OBS-001160-Z001159-OC,2026-06-16 02:45:00,2026-06-16 02:50:00,2026-06-16,2026-06,Long,ObservationConfirm,9.25,9.75,False,False,Core,0,Normal,True,True,-61.5,-65.1,,Stop,2026-W25,Conservative
OPF-20260724-203453,20260616-0355-Short-1175,20260616-0340-BULL-OBS-001172-Z001172-FR-RT,2026-06-16 03:55:00,2026-06-16 07:55:00,2026-06-16,2026-06,Short,FailureReverse_RetestFailed_WideStop1_5R,18.0,17.75,False,False,Core,0,Normal,True,True,-103.5,-107.1,,ProtectBE,2026-W25,Conservative
OPF-20260724-203453,20260616-0955-Short-1247,20260616-0950-BEAR-OBS-001246-Z001245-OC,2026-06-16 09:55:00,2026-06-16 10:00:00,2026-06-16,2026-06,Short,ObservationConfirm,17.0,16.75,False,False,Core,0,Normal,True,True,-102.75,-106.35,,Stop,2026-W25,Conservative
OPF-20260724-203453,DEFERRED|20260616-0945-BEAR-OBS-001245-Z001245-OC|ObservationConfirm,20260616-0945-BEAR-OBS-001245-Z001245-OC,2026-06-16 10:05:00,2026-06-16 10:05:00,2026-06-16,2026-06,Short,ObservationConfirm,17.0,17.0,False,False,DeferredContinuation,2,Normal,True,True,-102.0,-105.6,20260616-0955-Short-1247,Stop,2026-W25,Conservative
OPF-20260724-203656,20260616-2245-Short-1113,20260616-2245-BEAR-OBS-001113-Z001113,2026-06-16 22:45:00,2026-06-16 22:50:00,2026-06-17,2026-06,Short,ZoneBirthResearch,5.5,5.625,False,False,Core,0,Normal,True,True,-33.75,-37.35,,Base:Stop|Runner:Stop,2026-W25,Conservative
OPF-20260724-203656,20260617-0040-Long-1136,20260617-0035-BULL-OBS-001135-Z001135-OC,2026-06-17 00:40:00,2026-06-17 00:45:00,2026-06-17,2026-06,Long,ObservationConfirm,9.75,9.75,False,False,Core,0,Normal,True,True,-64.5,-68.1,,Stop,2026-W25,Conservative
OPF-20260724-203656,RELEASED|20260617-0040-BULL-OBS-001136-Z001135-FR|FailureReverse_ObservationInvalidated,20260617-0040-BULL-OBS-001136-Z001135-FR,2026-06-17 00:50:00,2026-06-17 00:55:00,2026-06-17,2026-06,Short,FailureReverse_ObservationInvalidated,12.25,12.25,False,False,ActiveTrade,1,Normal,True,True,-88.4296875,-92.0296875,,Stop,2026-W25,Conservative
OPF-20260724-203656,20260617-0130-Long-1146,20260617-0125-BULL-OBS-001145-Z001145-OC,2026-06-17 01:30:00,2026-06-17 01:40:00,2026-06-17,2026-06,Long,ObservationConfirm,11.75,11.25,False,False,Core,0,Normal,True,True,102.0,98.4,,Target,2026-W25,Conservative
OPF-20260724-203656,20260617-0315-Short-1167,20260617-0315-BEAR-OBS-001167-Z001167,2026-06-17 03:15:00,2026-06-17 03:35:00,2026-06-17,2026-06,Short,ZoneBirthResearch,12.25,12.0,False,False,Core,0,Normal,True,True,-72.0,-75.6,,Base:Stop|Runner:Stop,2026-W25,Conservative
OPF-20260724-203656,20260617-0650-Long-1210,20260617-0645-BULL-OBS-001209-Z001209-OC,2026-06-17 06:50:00,2026-06-17 06:55:00,2026-06-17,2026-06,Long,ObservationConfirm,10.25,10.625,False,False,Core,0,Normal,True,True,126.0,122.4,,Target,2026-W25,Conservative
OPF-20260724-203656,20260617-0820-Short-1228,20260617-0815-BEAR-OBS-001227-Z001227-OC,2026-06-17 08:20:00,2026-06-17 08:30:00,2026-06-17,2026-06,Short,ObservationConfirm,19.75,19.875,False,False,Core,0,Normal,True,True,179.25,175.65,,Target,2026-W25,Conservative
OPF-20260724-203656,20260617-1130-Short-1266,20260617-1130-BEAR-OBS-001266-Z001266,2026-06-17 11:30:00,2026-06-17 11:45:00,2026-06-17,2026-06,Short,ZoneBirthResearch,12.25,12.75,False,False,Core,0,Normal,True,True,229.5,225.9,,Base:Target|Runner:Target,2026-W25,Conservative
OPF-20260724-203656,20260617-1300-Short-1284,20260617-1300-BEAR-OBS-001284-Z001284,2026-06-17 13:00:00,2026-06-17 13:10:00,2026-06-17,2026-06,Short,ZoneBirthResearch,6.25,7.375,False,False,Core,0,Normal,True,True,73.75,70.15,,Base:Target|Runner:ProtectBE,2026-W25,Conservative
OPF-20260724-203909,20260618-0225-Short-1157,20260618-0210-BULL-OBS-001154-Z001154-FR-RT,2026-06-18 02:25:00,2026-06-18 02:30:00,2026-06-18,2026-06,Short,FailureReverse_RetestFailed,7.5,8.0,False,False,Core,0,Normal,True,True,69.0,65.4,,Stop,2026-W25,Conservative
OPF-20260724-203909,20260618-0420-Short-1180,20260618-0420-BEAR-BRK-001180-Z001180,2026-06-18 04:20:00,2026-06-18 04:40:00,2026-06-18,2026-06,Short,BreakawayFvg,19.75,20.0,False,False,Core,0,Normal,True,True,241.5,237.9,,ProtectBE,2026-W25,Conservative
OPF-20260724-203909,DEFERRED|20260618-0420-BEAR-OBS-001180-Z001180-OC|ObservationConfirm,20260618-0420-BEAR-OBS-001180-Z001180-OC,2026-06-18 04:45:00,2026-06-18 04:50:00,2026-06-18,2026-06,Short,ObservationConfirm,20.5,20.5,False,False,DeferredContinuation,2,Normal,True,True,-123.0,-126.6,20260618-0420-Short-1180,Stop,2026-W25,Conservative
OPF-20260724-203909,20260618-0455-Short-1187,20260618-0420-BEAR-SHD-001180-Z001180,2026-06-18 04:55:00,2026-06-18 05:00:00,2026-06-18,2026-06,Short,ShadowCandidate,11.0,11.5,False,False,Core,0,Normal,True,True,-70.5,-74.1,,Stop,2026-W25,Conservative
OPF-20260724-203909,20260618-0630-Short-1206,20260618-0625-BEAR-OBS-001205-Z001178-OC,2026-06-18 06:30:00,2026-06-18 06:35:00,2026-06-18,2026-06,Short,ObservationConfirm,19.5,19.875,False,False,Core,0,Normal,True,True,176.25,172.65,,ProtectBE,2026-W25,Conservative
OPF-20260724-203909,RELEASED|20260618-0630-BULL-OBS-001206-Z001206-FR|FailureReverse_ObservationInvalidated,20260618-0630-BULL-OBS-001206-Z001206-FR,2026-06-18 06:40:00,2026-06-18 06:45:00,2026-06-18,2026-06,Short,FailureReverse_ObservationInvalidated,9.75,9.75,False,False,ActiveTrade,1,Normal,True,True,-73.4296875,-77.0296875,,Stop,2026-W25,Conservative
OPF-20260724-203909,RELEASED|20260618-1045-BEAR-OBS-001257-Z001257-OC|ObservationConfirm,20260618-1045-BEAR-OBS-001257-Z001257-OC,2026-06-18 10:50:00,2026-06-18 11:00:00,2026-06-18,2026-06,Short,ObservationConfirm,19.75,19.75,False,False,ActiveTrade,1,Normal,True,True,-118.5,-122.1,,Stop,2026-W25,Conservative
OPF-20260724-203909,20260618-1840-Short-1352,20260618-1835-BEAR-OBS-001351-Z001351-OC,2026-06-18 18:40:00,2026-06-18 18:45:00,2026-06-18,2026-06,Short,ObservationConfirm,12.75,13.75,True,False,Core,0,Quarantine,False,False,0.0,-3.6,,Stop,2026-W25,Conservative
OPF-20260724-204112,20260622-0305-Short-1117,20260622-0300-BULL-OBS-001116-Z001089-FR,2026-06-22 03:05:00,2026-06-22 03:10:00,2026-06-22,2026-06,Short,FailureReverse_ObservationInvalidated_WideStop1_5R,24.0,24.75,False,False,Core,0,Normal,True,True,-148.5,-152.1,,Stop,2026-W26,Conservative
OPF-20260724-204112,20260622-0400-Short-1128,20260622-0400-BEAR-OBS-001128-Z001128,2026-06-22 04:00:00,2026-06-22 04:05:00,2026-06-22,2026-06,Short,ZoneBirthResearch,5.25,5.5,False,False,Core,0,Normal,True,True,-33.0,-36.6,,Base:Stop|Runner:Stop,2026-W26,Conservative
OPF-20260724-204112,20260622-0810-Short-1178,20260622-0805-BEAR-OBS-001177-Z001177-OC,2026-06-22 08:10:00,2026-06-22 08:20:00,2026-06-22,2026-06,Short,ObservationConfirm,19.5,20.75,False,False,Core,0,Normal,True,True,186.0,182.4,,ProtectBE,2026-W26,Conservative
OPF-20260724-204112,20260622-1040-Short-1208,20260622-1035-BEAR-OBS-001207-Z001207-OC,2026-06-22 10:40:00,2026-06-22 10:45:00,2026-06-22,2026-06,Short,ObservationConfirm,16.75,16.75,False,False,Core,0,Normal,True,True,-108.0,-111.6,,Stop,2026-W26,Conservative
OPF-20260724-204112,20260622-1235-Long-1231,20260622-1230-BULL-OBS-001230-Z001230-OC,2026-06-22 12:35:00,2026-06-22 12:40:00,2026-06-22,2026-06,Long,ObservationConfirm,10.75,12.0,False,False,Core,0,Normal,True,True,-68.25,-71.85,,Stop,2026-W26,Conservative
OPF-20260724-204112,20260622-1250-Short-1234,20260622-1245-BEAR-OBS-001233-Z001233-OC,2026-06-22 12:50:00,2026-06-22 12:55:00,2026-06-22,2026-06,Short,ObservationConfirm,17.0,17.0,False,False,Core,0,Normal,True,True,-109.5,-113.1,,Stop,2026-W26,Conservative
OPF-20260724-204319,20260623-0125-Short-1097,20260623-0120-BEAR-OBS-001096-Z001096-OC,2026-06-23 01:25:00,2026-06-23 01:35:00,2026-06-23,2026-06,Short,ObservationConfirm,18.25,18.5,False,False,Core,0,Normal,True,True,166.5,162.9,,Target,2026-W26,Conservative
OPF-20260724-204319,20260623-0310-Short-1118,20260623-0310-BEAR-BRK-001118-Z001118,2026-06-23 03:10:00,2026-06-23 03:30:00,2026-06-23,2026-06,Short,BreakawayFvg,21.75,22.0,False,False,Core,0,Normal,True,True,262.5,258.9,,Target,2026-W26,Conservative
OPF-20260724-204319,20260623-0335-Short-1123,20260623-0335-BEAR-BRK-001123-Z001123,2026-06-23 03:35:00,2026-06-23 03:45:00,2026-06-23,2026-06,Short,BreakawayFvg,29.75,29.625,False,False,Core,0,Normal,True,True,-179.25,-182.85,,Stop,2026-W26,Conservative
OPF-20260724-204319,RELEASED|20260623-0420-BEAR-OBS-001132-Z001132-OC|ObservationConfirm,20260623-0420-BEAR-OBS-001132-Z001132-OC,2026-06-23 04:30:00,2026-06-23 04:50:00,2026-06-23,2026-06,Short,ObservationConfirm,21.0,21.0,False,False,ActiveTrade,1,Normal,True,True,378.0,374.4,,Target,2026-W26,Conservative
OPF-20260724-204319,20260623-0700-Short-1164,20260623-0700-BEAR-OBS-001164-Z001164,2026-06-23 07:00:00,2026-06-23 07:05:00,2026-06-23,2026-06,Short,ZoneBirthResearch,12.75,13.25,False,False,Core,0,Normal,True,True,-79.5,-83.1,,Base:Stop|Runner:Stop,2026-W26,Conservative
OPF-20260724-204319,20260623-0755-Short-1175,20260623-0755-BEAR-BRK-001175-Z001175,2026-06-23 07:55:00,2026-06-23 08:00:00,2026-06-23,2026-06,Short,BreakawayFvg,29.75,29.75,False,False,Core,0,Normal,True,True,355.5,351.9,,Target,2026-W26,Conservative
OPF-20260724-204319,20260623-1035-Short-1207,20260623-1035-BEAR-OBS-001207-Z001207,2026-06-23 10:35:00,2026-06-23 10:45:00,2026-06-23,2026-06,Short,ZoneBirthResearch,16.75,18.25,False,False,Core,0,Normal,True,True,182.5,178.9,,Base:Target|Runner:ProtectBE,2026-W26,Conservative
OPF-20260724-204319,20260623-1115-Short-1215,20260623-1110-BEAR-OBS-001214-Z001205-OC,2026-06-23 11:15:00,2026-06-23 11:20:00,2026-06-23,2026-06,Short,ObservationConfirm,17.0,17.75,False,False,Core,0,Normal,True,True,-128.25,-131.85,,Stop,2026-W26,Conservative
OPF-20260724-204319,20260623-1650-Short-1282,20260623-1650-BEAR-OBS-001282-Z001282,2026-06-23 16:50:00,2026-06-23 16:55:00,2026-06-23,2026-06,Short,ZoneBirthResearch,12.5,12.75,False,False,Core,0,Normal,True,True,-76.5,-80.1,,Base:Stop|Runner:Stop,2026-W26,Conservative
OPF-20260724-204319,20260623-1745-Short-1293,20260623-1745-BEAR-BRK-001293-Z001293,2026-06-23 17:45:00,2026-06-23 17:50:00,2026-06-23,2026-06,Short,BreakawayFvg,20.75,21.125,False,False,Core,0,Normal,True,True,245.25,241.65,,Target,2026-W26,Conservative
OPF-20260724-204532,20260624-0225-Short-1109,20260624-0220-BEAR-OBS-001108-Z001108-OC,2026-06-24 02:25:00,2026-06-24 02:30:00,2026-06-24,2026-06,Short,ObservationConfirm,16.75,16.25,False,False,Core,0,Normal,True,True,145.5,141.9,,Target,2026-W26,Conservative
OPF-20260724-204532,20260624-0410-Short-1130,20260624-0410-BEAR-OBS-001130-Z001129,2026-06-24 04:10:00,2026-06-24 04:30:00,2026-06-24,2026-06,Short,UnknownRegimeZoneTouch,25.0,27.75,False,False,Core,0,Abnormal,False,False,-3.75,-7.35,,ProtectBE,2026-W26,Conservative
OPF-20260724-204532,20260624-0620-Short-1156,20260624-0615-BULL-OBS-001155-Z001154-FR,2026-06-24 06:20:00,2026-06-24 06:25:00,2026-06-24,2026-06,Short,FailureReverse_ObservationInvalidated_WideStop1_5R,12.0,13.25,False,False,Core,0,Normal,True,True,-81.0,-84.6,,ProtectBE,2026-W26,Conservative
OPF-20260724-204532,20260624-0640-Long-1160,20260624-0635-BULL-OBS-001159-Z001159-OC,2026-06-24 06:40:00,2026-06-24 06:45:00,2026-06-24,2026-06,Long,ObservationConfirm,11.0,10.25,False,False,Core,0,Normal,True,True,-58.5,-62.1,,Stop,2026-W26,Conservative
OPF-20260724-204532,20260624-1005-Long-1201,20260624-0955-BULL-OBS-001199-Z001199-OC,2026-06-24 10:05:00,2026-06-24 10:25:00,2026-06-24,2026-06,Long,ObservationConfirm_WideStop1_5R,16.88,17.25,False,False,Core,0,Normal,True,True,150.0,146.4,,ProtectBE,2026-W26,Conservative
OPF-20260724-204750,20260625-0325-Long-1121,20260625-0320-BULL-OBS-001120-Z001120-OC,2026-06-25 03:25:00,2026-06-25 03:30:00,2026-06-25,2026-06,Long,ObservationConfirm,11.0,10.75,False,False,Core,0,Normal,True,True,-67.5,-71.1,,ProtectBE,2026-W26,Conservative
OPF-20260724-204750,RELEASED|20260625-0325-BULL-OBS-001121-Z001120-OC-STR|ObservationStrict_Other,20260625-0325-BULL-OBS-001121-Z001120-OC-STR,2026-06-25 03:30:00,2026-06-25 03:35:00,2026-06-25,2026-06,Long,ObservationStrict_Other,8.75,8.75,False,False,ActiveTrade,1,Normal,True,True,-52.5,-56.1,,Stop,2026-W26,Conservative
OPF-20260724-204750,20260625-0355-Long-1127,20260625-0350-BULL-OBS-001126-Z001126-OC,2026-06-25 03:55:00,2026-06-25 04:25:00,2026-06-25,2026-06,Long,ObservationConfirm_WideStop1_5R,22.88,24.625,False,False,Core,0,Normal,True,True,-152.25,-155.85,,Stop,2026-W26,Conservative
OPF-20260724-204750,20260625-0730-Long-1170,20260625-0725-BULL-OBS-001169-Z001169-OC,2026-06-25 07:30:00,2026-06-25 07:35:00,2026-06-25,2026-06,Long,ObservationConfirm,10.5,10.75,False,False,Core,0,Normal,True,True,-57.0,-60.6,,Stop,2026-W26,Conservative
OPF-20260724-205014,20260626-0825-Short-1229,20260626-0825-BEAR-OBS-001229-Z001225,2026-06-26 08:25:00,2026-06-26 08:40:00,2026-06-26,2026-06,Short,UnknownRegimeZoneTouch,18.25,20.5,False,False,Core,0,Normal,True,True,370.5,366.9,,Target,2026-W26,Conservative
OPF-20260724-205217,20260628-2340-Long-1124,20260628-2335-BULL-OBS-001123-Z001123-OC,2026-06-28 23:40:00,2026-06-28 23:45:00,2026-06-29,2026-06,Long,ObservationConfirm_WideStop1_5R,17.25,17.25,False,False,Core,0,Quarantine,False,False,0.0,-3.6,,Stop,2026-W27,Conservative
OPF-20260724-205217,20260629-0340-Short-1172,20260629-0340-BEAR-OBS-001172-Z001172,2026-06-29 03:40:00,2026-06-29 03:45:00,2026-06-29,2026-06,Short,ZoneBirthResearch,17.0,17.25,False,False,Core,0,Normal,True,True,-103.5,-107.1,,Base:Stop|Runner:Stop,2026-W27,Conservative
OPF-20260724-205217,20260629-0655-Short-1211,20260629-0655-BEAR-OBS-001211-Z001211,2026-06-29 06:55:00,2026-06-29 07:00:00,2026-06-29,2026-06,Short,ZoneBirthResearch,12.25,10.0,False,False,Core,0,Normal,True,True,180.0,176.4,,Base:Target|Runner:Target,2026-W27,Conservative
OPF-20260724-205217,20260629-0755-Long-1223,20260629-0755-BULL-PB-001223-Z001220,2026-06-29 07:55:00,2026-06-29 08:15:00,2026-06-29,2026-06,Long,AlmostConfirmed,17.5,17.0,False,False,Core,0,Normal,True,True,255.0,251.4,,Target,2026-W27,Conservative
OPF-20260724-205217,20260629-0840-Long-1232,20260629-0835-BULL-OBS-001231-Z001225-OC,2026-06-29 08:40:00,2026-06-29 08:50:00,2026-06-29,2026-06,Long,ObservationConfirm_WideStop1_5R,24.75,24.0,False,False,Core,0,Normal,True,True,-141.0,-144.6,,Stop,2026-W27,Conservative
OPF-20260724-205217,20260629-1610-Long-1322,20260629-1610-BULL-PB-001322-Z001320,2026-06-29 16:10:00,2026-06-29 16:15:00,2026-06-29,2026-06,Long,AlmostConfirmed,20.75,20.25,False,False,Core,0,Normal,True,True,314.25,310.65,,ProtectBE,2026-W27,Conservative
OPF-20260724-205217,RELEASED|20260629-2040-BEAR-OBS-001376-Z001376-OC|ObservationConfirm,20260629-2040-BEAR-OBS-001376-Z001376-OC,2026-06-29 20:45:00,2026-06-29 20:50:00,2026-06-29,2026-06,Short,ObservationConfirm,7.0,7.0,False,False,ActiveTrade,1,Normal,True,True,1.5,-2.1,,GlobexCloseout,2026-W27,Conservative
OPF-20260724-205425,20260629-2235-Short-1111,20260629-2235-BEAR-OBS-001111-Z001111,2026-06-29 22:35:00,2026-06-29 22:40:00,2026-06-30,2026-06,Short,ZoneBirthResearch,5.75,5.75,False,False,Core,0,Normal,True,True,-34.5,-38.1,,Base:Stop|Runner:Stop,2026-W27,Conservative
OPF-20260724-205425,20260629-2315-Long-1119,20260629-2310-BULL-OBS-001118-Z001118-OC,2026-06-29 23:15:00,2026-06-29 23:20:00,2026-06-30,2026-06,Long,ObservationConfirm,8.5,8.75,False,False,Core,0,Normal,True,True,-34.5,-38.1,,Stop,2026-W27,Conservative
OPF-20260724-205425,20260630-0300-Short-1164,20260630-0300-BEAR-OBS-001164-Z001164,2026-06-30 03:00:00,2026-06-30 03:05:00,2026-06-30,2026-06,Short,ZoneBirthResearch,6.0,6.5,False,False,Core,0,Normal,True,True,-39.0,-42.6,,Base:Stop|Runner:Stop,2026-W27,Conservative
OPF-20260724-205425,20260630-0355-Short-1175,20260630-0355-BEAR-OBS-001175-Z001175,2026-06-30 03:55:00,2026-06-30 04:00:00,2026-06-30,2026-06,Short,ZoneBirthResearch,12.25,13.25,False,False,Core,0,Normal,True,True,-79.5,-83.1,,Base:Stop|Runner:Stop,2026-W27,Conservative
OPF-20260724-205425,20260630-0445-Long-1185,20260630-0440-BULL-OBS-001184-Z001184-OC,2026-06-30 04:45:00,2026-06-30 05:10:00,2026-06-30,2026-06,Long,ObservationConfirm_WideStop1_5R,24.0,24.25,False,False,Core,0,Normal,True,True,-144.0,-147.6,,Stop,2026-W27,Conservative
