SnapshotID,StrategyVersion,ResearchSchemaVersion,InstrumentProfileName,ExecutionProfileName,ProfileCatalogVersion,SignalID,EventTime,EventBar,EventType,Side,SetupType,ResearchPath,RegimeScore,RegimeBucket,SetupQualityScore,SetupQualityBucket,ZoneID,ZoneType,ZoneFreshness,ZoneTouchCount,RiskPoints,RiskBucket,EstimatedRewardPoints,RewardModel,EstimatedRR,EstimatedRRBucket,TimeBucket,OutcomeClass,ExitReason,ActualVerified,ActualExitRole,ActualPnL_R,ActualPnLDollars,Entry,Stop,SkipReasons
"OPF-20260725-161545","OPF_0.1","OPF_RESEARCH_2.17","MNQ_0.1","MNQ_1Contract_Target150_200","OPF_PROFILE_0.1","20260101-2315-BULL-OBS-000831-Z000831","2026-01-01T23:15:00.0000000",831,"Tracked","Long","TrendPullback","ZoneBirthResearch",0,"WeakLT50",41.00,"QLT50","20260101-2315-BullFVG-000831","BullFVG","Fresh",0,6.50,"RiskLE8_5",9.50,"NearestStructure",1.4615,"RR_GE_1_2","Late","","",False,"",0,0,25482.25,25475.75,"ObservationResearch|ZoneJustCreated|Regime=Unknown"
"OPF-20260725-161545","OPF_0.1","OPF_RESEARCH_2.17","MNQ_0.1","MNQ_1Contract_Target150_200","OPF_PROFILE_0.1","20260101-2315-BULL-OBS-000831-Z000831-OC","2026-01-01T23:20:00.0000000",832,"Tracked","Long","TrendPullback","ObservationConfirm",0,"WeakLT50",60.00,"Q50_69","20260101-2315-BullFVG-000831","BullFVG","Fresh",0,14.00,"RiskLE15",21.00,"ObservationConfirmTargetR:1.5",1.5,"RR_GE_1_5","Late","","",False,"",0,0,25489.75,25475.75,"ObservationResearch|ZoneJustCreated|Regime=Unknown|ObservationConfirmResearch|ZoneBirthResearch|ReclaimZoneHigh"
"OPF-20260725-161545","OPF_0.1","OPF_RESEARCH_2.17","MNQ_0.1","MNQ_1Contract_Target150_200","OPF_PROFILE_0.1","20260101-2315-BULL-OBS-000831-Z000831-OC","2026-01-01T23:20:00.0000000",832,"Tracked","Long","TrendPullback","ObservationConfirm_WideStop1_5R",0,"WeakLT50",60.00,"Q50_69","20260101-2315-BullFVG-000831","BullFVG","Fresh",0,21.00,"RiskGT15",2.00,"NearestStructure",0.0952,"RR_LT_1_0","Late","","",False,"",0,0,25489.75,25468.75,"ObservationResearch|ZoneJustCreated|Regime=Unknown|ObservationConfirmResearch|ZoneBirthResearch|ReclaimZoneHigh"
"OPF-20260725-161545","OPF_0.1","OPF_RESEARCH_2.17","MNQ_0.1","MNQ_1Contract_Target150_200","OPF_PROFILE_0.1","20260101-2330-BULL-OBS-000834-Z000831","2026-01-01T23:30:00.0000000",834,"Tracked","Long","TrendPullback","UnknownRegimeZoneTouch",20,"WeakLT50",41.00,"QLT50","20260101-2315-BullFVG-000831","BullFVG","SecondTouch",1,18.25,"RiskGT15",1.00,"NearestStructure",0.0548,"RR_LT_1_0","Late","","",False,"",0,0,25494.00,25475.75,"ObservationResearch|RegimeUnknown|Regime=Unknown"
"OPF-20260725-161545","OPF_0.1","OPF_RESEARCH_2.17","MNQ_0.1","MNQ_1Contract_Target150_200","OPF_PROFILE_0.1","20260101-2330-BULL-OBS-000834-Z000831-OC","2026-01-01T23:35:00.0000000",835,"Tracked","Long","TrendPullback","ObservationConfirm",20,"WeakLT50",49.00,"QLT50","20260101-2315-BullFVG-000831","BullFVG","SecondTouch",1,17.50,"RiskGT15",26.25,"ObservationConfirmTargetR:1.5",1.5,"RR_GE_1_5","Late","","",False,"",0,0,25493.25,25475.75,"ObservationResearch|RegimeUnknown|Regime=Unknown|ObservationConfirmResearch|UnknownRegimeZoneTouch|ReclaimZoneHigh"
"OPF-20260725-161545","OPF_0.1","OPF_RESEARCH_2.17","MNQ_0.1","MNQ_1Contract_Target150_200","OPF_PROFILE_0.1","20260101-2330-BULL-OBS-000834-Z000831-OC","2026-01-01T23:35:00.0000000",835,"Tracked","Long","TrendPullback","ObservationConfirm_WideStop1_5R",20,"WeakLT50",49.00,"QLT50","20260101-2315-BullFVG-000831","BullFVG","SecondTouch",1,26.25,"RiskGT15",1.75,"NearestStructure",0.0667,"RR_LT_1_0","Late","","",False,"",0,0,25493.25,25467.00,"ObservationResearch|RegimeUnknown|Regime=Unknown|ObservationConfirmResearch|UnknownRegimeZoneTouch|ReclaimZoneHigh"
"OPF-20260725-161545","OPF_0.1","OPF_RESEARCH_2.17","MNQ_0.1","MNQ_1Contract_Target150_200","OPF_PROFILE_0.1","20260101-2330-BULL-OBS-000834-Z000831-OC-STR","2026-01-01T23:35:00.0000000",835,"Tracked","Long","TrendPullback","ObservationStrict_Other",20,"WeakLT50",49.00,"QLT50","20260101-2315-BullFVG-000831","BullFVG","SecondTouch",1,17.50,"RiskGT15",1.75,"NearestStructure",0.1,"RR_LT_1_0","Late","","",False,"",0,0,25493.25,25475.75,"ObservationResearch|RegimeUnknown|Regime=Unknown|ObservationConfirmResearch|UnknownRegimeZoneTouch|ReclaimZoneHigh|ObservationConfirmStrictResearch|ObservationStrict_Other|UnknownRegimeZoneTouch|ReclaimZoneHigh"
"OPF-20260725-161545","OPF_0.1","OPF_RESEARCH_2.17","MNQ_0.1","MNQ_1Contract_Target150_200","OPF_PROFILE_0.1","20260101-2330-BULL-OBS-000834-Z000831-OC-STR","2026-01-01T23:35:00.0000000",835,"Tracked","Long","TrendPullback","ObservationStrict_Other_WideStop1_5R",20,"WeakLT50",49.00,"QLT50","20260101-2315-BullFVG-000831","BullFVG","SecondTouch",1,26.25,"RiskGT15",1.75,"NearestStructure",0.0667,"RR_LT_1_0","Late","","",False,"",0,0,25493.25,25467.00,"ObservationResearch|RegimeUnknown|Regime=Unknown|ObservationConfirmResearch|UnknownRegimeZoneTouch|ReclaimZoneHigh|ObservationConfirmStrictResearch|ObservationStrict_Other|UnknownRegimeZoneTouch|ReclaimZoneHigh"
"OPF-20260725-161545","OPF_0.1","OPF_RESEARCH_2.17","MNQ_0.1","MNQ_1Contract_Target150_200","OPF_PROFILE_0.1","20260101-2315-BULL-OBS-000831-Z000831","2026-01-02T00:15:00.0000000",843,"Outcome","Long","TrendPullback","ZoneBirthResearch",0,"WeakLT50",41.00,"QLT50","20260101-2315-BullFVG-000831","BullFVG","Fresh",0,6.50,"RiskLE8_5",9.50,"NearestStructure",1.4615,"RR_GE_1_2","Pre10","Excellent","ResearchWindowEnd",False,"",0,0,25482.25,25475.75,"ObservationResearch|ZoneJustCreated|Regime=Unknown"
"OPF-20260725-161545","OPF_0.1","OPF_RESEARCH_2.17","MNQ_0.1","MNQ_1Contract_Target150_200","OPF_PROFILE_0.1","20260101-2315-BULL-OBS-000831-Z000831-OC","2026-01-02T00:20:00.0000000",844,"Outcome","Long","TrendPullback","ObservationConfirm_WideStop1_5R",0,"WeakLT50",60.00,"Q50_69","20260101-2315-BullFVG-000831","BullFVG","Fresh",0,21.00,"RiskGT15",2.00,"NearestStructure",0.0952,"RR_LT_1_0","Pre10","Scratch","ResearchWindowEnd",False,"",0,0,25489.75,25468.75,"ObservationResearch|ZoneJustCreated|Regime=Unknown|ObservationConfirmResearch|ZoneBirthResearch|ReclaimZoneHigh"
"OPF-20260725-161545","OPF_0.1","OPF_RESEARCH_2.17","MNQ_0.1","MNQ_1Contract_Target150_200","OPF_PROFILE_0.1","20260101-2315-BULL-OBS-000831-Z000831-OC","2026-01-02T00:20:00.0000000",844,"Outcome","Long","TrendPullback","ObservationConfirm",0,"WeakLT50",60.00,"Q50_69","20260101-2315-BullFVG-000831","BullFVG","Fresh",0,14.00,"RiskLE15",21.00,"ObservationConfirmTargetR:1.5",1.5,"RR_GE_1_5","Pre10","Catastrophic","ResearchWindowEnd",False,"",0,0,25489.75,25475.75,"ObservationResearch|ZoneJustCreated|Regime=Unknown|ObservationConfirmResearch|ZoneBirthResearch|ReclaimZoneHigh"
"OPF-20260725-161545","OPF_0.1","OPF_RESEARCH_2.17","MNQ_0.1","MNQ_1Contract_Target150_200","OPF_PROFILE_0.1","20260102-0020-BULL-OBS-000844-Z000844","2026-01-02T00:20:00.0000000",844,"Tracked","Long","TrendPullback","ZoneBirthResearch",0,"WeakLT50",41.00,"QLT50","20260102-0020-BullFVG-000844","BullFVG","Fresh",0,9.25,"RiskLE11",1.75,"NearestStructure",0.1892,"RR_LT_1_0","Pre10","","",False,"",0,0,25501.50,25492.25,"ObservationResearch|ZoneJustCreated|Regime=Unknown"
"OPF-20260725-161545","OPF_0.1","OPF_RESEARCH_2.17","MNQ_0.1","MNQ_1Contract_Target150_200","OPF_PROFILE_0.1","20260102-0020-BULL-OBS-000844-Z000844-OC","2026-01-02T00:25:00.0000000",845,"Tracked","Long","TrendPullback","ObservationConfirm",0,"WeakLT50",60.00,"Q50_69","20260102-0020-BullFVG-000844","BullFVG","Fresh",0,13.00,"RiskLE15",19.50,"ObservationConfirmTargetR:1.5",1.5,"RR_GE_1_5","Pre10","","",False,"",0,0,25505.25,25492.25,"ObservationResearch|ZoneJustCreated|Regime=Unknown|ObservationConfirmResearch|ZoneBirthResearch|ReclaimZoneHigh"
"OPF-20260725-161545","OPF_0.1","OPF_RESEARCH_2.17","MNQ_0.1","MNQ_1Contract_Target150_200","OPF_PROFILE_0.1","20260102-0020-BULL-OBS-000844-Z000844-OC","2026-01-02T00:25:00.0000000",845,"Tracked","Long","TrendPullback","ObservationConfirm_WideStop1_5R",0,"WeakLT50",60.00,"Q50_69","20260102-0020-BullFVG-000844","BullFVG","Fresh",0,19.50,"RiskGT15",2.25,"NearestStructure",0.1154,"RR_LT_1_0","Pre10","","",False,"",0,0,25505.25,25485.75,"ObservationResearch|ZoneJustCreated|Regime=Unknown|ObservationConfirmResearch|ZoneBirthResearch|ReclaimZoneHigh"
"OPF-20260725-161545","OPF_0.1","OPF_RESEARCH_2.17","MNQ_0.1","MNQ_1Contract_Target150_200","OPF_PROFILE_0.1","20260102-0025-BULL-OBS-000845-Z000844","2026-01-02T00:25:00.0000000",845,"Tracked","Long","TrendPullback","UnknownRegimeZoneTouch",0,"WeakLT50",41.00,"QLT50","20260102-0020-BullFVG-000844","BullFVG","SecondTouch",1,13.00,"RiskLE15",2.25,"NearestStructure",0.1731,"RR_LT_1_0","Pre10","","",False,"",0,0,25505.25,25492.25,"ObservationResearch|RegimeUnknown|Regime=Unknown"
"OPF-20260725-161545","OPF_0.1","OPF_RESEARCH_2.17","MNQ_0.1","MNQ_1Contract_Target150_200","OPF_PROFILE_0.1","20260101-2330-BULL-OBS-000834-Z000831","2026-01-02T00:30:00.0000000",846,"Outcome","Long","TrendPullback","UnknownRegimeZoneTouch",20,"WeakLT50",41.00,"QLT50","20260101-2315-BullFVG-000831","BullFVG","SecondTouch",1,18.25,"RiskGT15",0.75,"NearestStructure",0.0411,"RR_LT_1_0","Pre10","Catastrophic","ResearchWindowEnd",False,"",0,0,25494.00,25475.75,"ObservationResearch|RegimeUnknown|Regime=Unknown"
"OPF-20260725-161545","OPF_0.1","OPF_RESEARCH_2.17","MNQ_0.1","MNQ_1Contract_Target150_200","OPF_PROFILE_0.1","20260102-0025-BULL-OBS-000845-Z000844-OC","2026-01-02T00:30:00.0000000",846,"Tracked","Long","TrendPullback","ObservationConfirm",0,"WeakLT50",52.00,"Q50_69","20260102-0020-BullFVG-000844","BullFVG","SecondTouch",1,12.75,"RiskLE15",19.12,"ObservationConfirmTargetR:1.5",1.4996,"RR_GE_1_2","Pre10","","",False,"",0,0,25505.00,25492.25,"ObservationResearch|RegimeUnknown|Regime=Unknown|ObservationConfirmResearch|UnknownRegimeZoneTouch|ReclaimZoneHigh"
"OPF-20260725-161545","OPF_0.1","OPF_RESEARCH_2.17","MNQ_0.1","MNQ_1Contract_Target150_200","OPF_PROFILE_0.1","20260102-0025-BULL-OBS-000845-Z000844-OC","2026-01-02T00:30:00.0000000",846,"Tracked","Long","TrendPullback","ObservationConfirm_WideStop1_5R",0,"WeakLT50",52.00,"Q50_69","20260102-0020-BullFVG-000844","BullFVG","SecondTouch",1,19.12,"RiskGT15",2.50,"NearestStructure",0.1308,"RR_LT_1_0","Pre10","","",False,"",0,0,25505.00,25485.88,"ObservationResearch|RegimeUnknown|Regime=Unknown|ObservationConfirmResearch|UnknownRegimeZoneTouch|ReclaimZoneHigh"
"OPF-20260725-161545","OPF_0.1","OPF_RESEARCH_2.17","MNQ_0.1","MNQ_1Contract_Target150_200","OPF_PROFILE_0.1","20260102-0025-BULL-OBS-000845-Z000844-OC-STR","2026-01-02T00:30:00.0000000",846,"Tracked","Long","TrendPullback","ObservationStrict_Other",0,"WeakLT50",52.00,"Q50_69","20260102-0020-BullFVG-000844","BullFVG","SecondTouch",1,12.75,"RiskLE15",2.50,"NearestStructure",0.1961,"RR_LT_1_0","Pre10","","",False,"",0,0,25505.00,25492.25,"ObservationResearch|RegimeUnknown|Regime=Unknown|ObservationConfirmResearch|UnknownRegimeZoneTouch|ReclaimZoneHigh|ObservationConfirmStrictResearch|ObservationStrict_Other|UnknownRegimeZoneTouch|ReclaimZoneHigh"
"OPF-20260725-161545","OPF_0.1","OPF_RESEARCH_2.17","MNQ_0.1","MNQ_1Contract_Target150_200","OPF_PROFILE_0.1","20260102-0025-BULL-OBS-000845-Z000844-OC-STR","2026-01-02T00:30:00.0000000",846,"Tracked","Long","TrendPullback","ObservationStrict_Other_WideStop1_5R",0,"WeakLT50",52.00,"Q50_69","20260102-0020-BullFVG-000844","BullFVG","SecondTouch",1,19.12,"RiskGT15",2.50,"NearestStructure",0.1308,"RR_LT_1_0","Pre10","","",False,"",0,0,25505.00,25485.88,"ObservationResearch|RegimeUnknown|Regime=Unknown|ObservationConfirmResearch|UnknownRegimeZoneTouch|ReclaimZoneHigh|ObservationConfirmStrictResearch|ObservationStrict_Other|UnknownRegimeZoneTouch|ReclaimZoneHigh"
"OPF-20260725-161545","OPF_0.1","OPF_RESEARCH_2.17","MNQ_0.1","MNQ_1Contract_Target150_200","OPF_PROFILE_0.1","20260101-2330-BULL-OBS-000834-Z000831-OC-STR","2026-01-02T00:35:00.0000000",847,"Outcome","Long","TrendPullback","ObservationStrict_Other_WideStop1_5R",20,"WeakLT50",49.00,"QLT50","20260101-2315-BullFVG-000831","BullFVG","SecondTouch",1,26.25,"RiskGT15",1.50,"NearestStructure",0.0571,"RR_LT_1_0","Pre10","Scratch","ResearchWindowEnd",False,"",0,0,25493.25,25467.00,"ObservationResearch|RegimeUnknown|Regime=Unknown|ObservationConfirmResearch|UnknownRegimeZoneTouch|ReclaimZoneHigh|ObservationConfirmStrictResearch|ObservationStrict_Other|UnknownRegimeZoneTouch|ReclaimZoneHigh"
"OPF-20260725-161545","OPF_0.1","OPF_RESEARCH_2.17","MNQ_0.1","MNQ_1Contract_Target150_200","OPF_PROFILE_0.1","20260101-2330-BULL-OBS-000834-Z000831-OC-STR","2026-01-02T00:35:00.0000000",847,"Outcome","Long","TrendPullback","ObservationStrict_Other",20,"WeakLT50",49.00,"QLT50","20260101-2315-BullFVG-000831","BullFVG","SecondTouch",1,17.50,"RiskGT15",1.50,"NearestStructure",0.0857,"RR_LT_1_0","Pre10","Catastrophic","ResearchWindowEnd",False,"",0,0,25493.25,25475.75,"ObservationResearch|RegimeUnknown|Regime=Unknown|ObservationConfirmResearch|UnknownRegimeZoneTouch|ReclaimZoneHigh|ObservationConfirmStrictResearch|ObservationStrict_Other|UnknownRegimeZoneTouch|ReclaimZoneHigh"
"OPF-20260725-161545","OPF_0.1","OPF_RESEARCH_2.17","MNQ_0.1","MNQ_1Contract_Target150_200","OPF_PROFILE_0.1","20260101-2330-BULL-OBS-000834-Z000831-OC","2026-01-02T00:35:00.0000000",847,"Outcome","Long","TrendPullback","ObservationConfirm_WideStop1_5R",20,"WeakLT50",49.00,"QLT50","20260101-2315-BullFVG-000831","BullFVG","SecondTouch",1,26.25,"RiskGT15",1.50,"NearestStructure",0.0571,"RR_LT_1_0","Pre10","Scratch","ResearchWindowEnd",False,"",0,0,25493.25,25467.00,"ObservationResearch|RegimeUnknown|Regime=Unknown|ObservationConfirmResearch|UnknownRegimeZoneTouch|ReclaimZoneHigh"
"OPF-20260725-161545","OPF_0.1","OPF_RESEARCH_2.17","MNQ_0.1","MNQ_1Contract_Target150_200","OPF_PROFILE_0.1","20260101-2330-BULL-OBS-000834-Z000831-OC","2026-01-02T00:35:00.0000000",847,"Outcome","Long","TrendPullback","ObservationConfirm",20,"WeakLT50",49.00,"QLT50","20260101-2315-BullFVG-000831","BullFVG","SecondTouch",1,17.50,"RiskGT15",26.25,"ObservationConfirmTargetR:1.5",1.5,"RR_GE_1_5","Pre10","Catastrophic","ResearchWindowEnd",False,"",0,0,25493.25,25475.75,"ObservationResearch|RegimeUnknown|Regime=Unknown|ObservationConfirmResearch|UnknownRegimeZoneTouch|ReclaimZoneHigh"
"OPF-20260725-161545","OPF_0.1","OPF_RESEARCH_2.17","MNQ_0.1","MNQ_1Contract_Target150_200","OPF_PROFILE_0.1","20260102-0040-BEAR-OBS-000848-Z000848","2026-01-02T00:40:00.0000000",848,"Tracked","Short","TrendPullback","ZoneBirthResearch",10,"WeakLT50",41.00,"QLT50","20260102-0040-BearFVG-000848","BearFVG","Fresh",0,3.75,"RiskLE8_5",1.00,"NearestStructure",0.2667,"RR_LT_1_0","Pre10","","",False,"",0,0,25499.50,25503.25,"ObservationResearch|ZoneJustCreated|Regime=Unknown"
"OPF-20260725-161545","OPF_0.1","OPF_RESEARCH_2.17","MNQ_0.1","MNQ_1Contract_Target150_200","OPF_PROFILE_0.1","20260102-0040-BEAR-OBS-000848-Z000848-OC","2026-01-02T00:45:00.0000000",849,"Tracked","Short","TrendPullback","ObservationConfirm",10,"WeakLT50",60.00,"Q50_69","20260102-0040-BearFVG-000848","BearFVG","Fresh",0,3.50,"RiskLE8_5",5.25,"ObservationConfirmTargetR:1.5",1.5,"RR_GE_1_5","Pre10","","",False,"",0,0,25499.75,25503.25,"ObservationResearch|ZoneJustCreated|Regime=Unknown|ObservationConfirmResearch|ZoneBirthResearch|ReclaimZoneLow"
"OPF-20260725-161545","OPF_0.1","OPF_RESEARCH_2.17","MNQ_0.1","MNQ_1Contract_Target150_200","OPF_PROFILE_0.1","20260102-0040-BEAR-OBS-000848-Z000848-OC","2026-01-02T00:45:00.0000000",849,"Tracked","Short","TrendPullback","ObservationConfirm_WideStop1_5R",10,"WeakLT50",60.00,"Q50_69","20260102-0040-BearFVG-000848","BearFVG","Fresh",0,5.25,"RiskLE8_5",1.25,"NearestStructure",0.2381,"RR_LT_1_0","Pre10","","",False,"",0,0,25499.75,25505.00,"ObservationResearch|ZoneJustCreated|Regime=Unknown|ObservationConfirmResearch|ZoneBirthResearch|ReclaimZoneLow"
"OPF-20260725-161545","OPF_0.1","OPF_RESEARCH_2.17","MNQ_0.1","MNQ_1Contract_Target150_200","OPF_PROFILE_0.1","20260102-0045-BEAR-OBS-000849-Z000848","2026-01-02T00:45:00.0000000",849,"Tracked","Short","TrendPullback","UnknownRegimeZoneTouch",10,"WeakLT50",37.00,"QLT50","20260102-0040-BearFVG-000848","BearFVG","SecondTouch",1,3.50,"RiskLE8_5",1.25,"NearestStructure",0.3571,"RR_LT_1_0","Pre10","","",False,"",0,0,25499.75,25503.25,"ObservationResearch|RegimeUnknown|Regime=Unknown"
"OPF-20260725-161545","OPF_0.1","OPF_RESEARCH_2.17","MNQ_0.1","MNQ_1Contract_Target150_200","OPF_PROFILE_0.1","20260102-0045-BEAR-OBS-000849-Z000848-FR","2026-01-02T00:50:00.0000000",850,"Tracked","Long","FailureReverse","FailureReverse_ObservationInvalidated",10,"WeakLT50",42.00,"QLT50","20260102-0040-BearFVG-000848","BearFVG","SecondTouch",1,3.25,"RiskLE8_5",2.50,"NearestStructure",0.7692,"RR_LT_1_0","Pre10","","",False,"",0,0,25505.00,25501.75,"FailureReverseResearch|FailureSourceSignalID=20260102-0045-BEAR-OBS-000849-Z000848|FailureSource=BearFVG|FailureSourceZoneFreshness=SecondTouch|UnknownRegimeZoneTouch|RegimeUnknown"
"OPF-20260725-161545","OPF_0.1","OPF_RESEARCH_2.17","MNQ_0.1","MNQ_1Contract_Target150_200","OPF_PROFILE_0.1","20260102-0045-BEAR-OBS-000849-Z000848-FR","2026-01-02T00:50:00.0000000",850,"Tracked","Long","FailureReverse","FailureReverse_ObservationInvalidated_WideStop1_5R",10,"WeakLT50",42.00,"QLT50","20260102-0040-BearFVG-000848","BearFVG","SecondTouch",1,4.88,"RiskLE8_5",2.50,"NearestStructure",0.5123,"RR_LT_1_0","Pre10","","",False,"",0,0,25505.00,25500.12,"FailureReverseResearch|FailureSourceSignalID=20260102-0045-BEAR-OBS-000849-Z000848|FailureSource=BearFVG|FailureSourceZoneFreshness=SecondTouch|UnknownRegimeZoneTouch|RegimeUnknown"
"OPF-20260725-161545","OPF_0.1","OPF_RESEARCH_2.17","MNQ_0.1","MNQ_1Contract_Target150_200","OPF_PROFILE_0.1","20260102-0045-BEAR-OBS-000849-Z000848-FR-AEW1","2026-01-02T00:55:00.0000000",851,"Tracked","Long","FailureReverse","FailureReverse_ObservationInvalidated",10,"WeakLT50",42.00,"QLT50","20260102-0040-BearFVG-000848","BearFVG","SecondTouch",1,8.25,"RiskLE8_5",0,"NearestStructure",0,"RR_LT_1_0","Pre10","","",False,"",0,0,25510.50,25502.25,"FailureReverseResearch|FailureSourceSignalID=20260102-0045-BEAR-OBS-000849-Z000848|FailureSource=BearFVG|FailureSourceZoneFreshness=SecondTouch|UnknownRegimeZoneTouch|RegimeUnknown|AggressiveExpansionWait1V165:originBar=850|AggressiveExpansionWait1ConfirmBarStopV166|OriginPath=FailureReverse_ObservationInvalidated"
"OPF-20260725-161545","OPF_0.1","OPF_RESEARCH_2.17","MNQ_0.1","MNQ_1Contract_Target150_200","OPF_PROFILE_0.1","20260102-0045-BEAR-OBS-000849-Z000848-FR-RT","2026-01-02T01:00:00.0000000",852,"Tracked","Long","FailureReverse","FailureReverse_RetestFailed",10,"WeakLT50",52.00,"Q50_69","20260102-0040-BearFVG-000848","BearFVG","SecondTouch",1,18.25,"RiskGT15",21.90,"FailureRetestMin1_2R",1.2,"RR_GE_1_2","Pre10","","",False,"",0,0,25520.00,25501.75,"FailureReverseResearch|FailureSourceSignalID=20260102-0045-BEAR-OBS-000849-Z000848|FailureSource=BearFVG|FailureSourceZoneFreshness=SecondTouch|UnknownRegimeZoneTouch|RegimeUnknown|FailureRetestFailedTriggered|ReclaimZoneHigh"
"OPF-20260725-161545","OPF_0.1","OPF_RESEARCH_2.17","MNQ_0.1","MNQ_1Contract_Target150_200","OPF_PROFILE_0.1","20260102-0045-BEAR-OBS-000849-Z000848-FR-RT","2026-01-02T01:00:00.0000000",852,"Tracked","Long","FailureReverse","FailureReverse_RetestFailed_WideStop1_5R",10,"WeakLT50",52.00,"Q50_69","20260102-0040-BearFVG-000848","BearFVG","SecondTouch",1,27.38,"RiskGT15",0,"NearestStructure",0,"RR_LT_1_0","Pre10","","",False,"",0,0,25520.00,25492.62,"FailureReverseResearch|FailureSourceSignalID=20260102-0045-BEAR-OBS-000849-Z000848|FailureSource=BearFVG|FailureSourceZoneFreshness=SecondTouch|UnknownRegimeZoneTouch|RegimeUnknown|FailureRetestFailedTriggered|ReclaimZoneHigh"
"OPF-20260725-161545","OPF_0.1","OPF_RESEARCH_2.17","MNQ_0.1","MNQ_1Contract_Target150_200","OPF_PROFILE_0.1","20260102-0100-BULL-OBS-000852-Z000852","2026-01-02T01:00:00.0000000",852,"Tracked","Long","TrendPullback","ZoneBirthResearch",50,"Weak50_69",65.00,"Q50_69","20260102-0100-BullFVG-000852","BullFVG","Fresh",0,14.25,"RiskLE15",0,"NearestStructure",0,"RR_LT_1_0","Pre10","","",False,"",0,0,25520.00,25505.75,"ObservationResearch|ZoneJustCreated|Regime=Unknown"
"OPF-20260725-161545","OPF_0.1","OPF_RESEARCH_2.17","MNQ_0.1","MNQ_1Contract_Target150_200","OPF_PROFILE_0.1","20260102-0100-BULL-OBS-000852-Z000852-OC","2026-01-02T01:05:00.0000000",853,"Tracked","Long","TrendPullback","ObservationConfirm",50,"Weak50_69",80.00,"Q80Plus","20260102-0100-BullFVG-000852","BullFVG","Fresh",0,18.25,"RiskGT15",27.38,"ObservationConfirmTargetR:1.5",1.5003,"RR_GE_1_5","Pre10","","",False,"",0,0,25524.00,25505.75,"ObservationResearch|ZoneJustCreated|Regime=Unknown|ObservationConfirmResearch|ZoneBirthResearch|ReclaimZoneHigh"
"OPF-20260725-161545","OPF_0.1","OPF_RESEARCH_2.17","MNQ_0.1","MNQ_1Contract_Target150_200","OPF_PROFILE_0.1","20260102-0100-BULL-OBS-000852-Z000852-OC","2026-01-02T01:05:00.0000000",853,"Tracked","Long","TrendPullback","ObservationConfirm_WideStop1_5R",50,"Weak50_69",80.00,"Q80Plus","20260102-0100-BullFVG-000852","BullFVG","Fresh",0,27.38,"RiskGT15",0,"NearestStructure",0,"RR_LT_1_0","Pre10","","",False,"",0,0,25524.00,25496.62,"ObservationResearch|ZoneJustCreated|Regime=Unknown|ObservationConfirmResearch|ZoneBirthResearch|ReclaimZoneHigh"
"OPF-20260725-161545","OPF_0.1","OPF_RESEARCH_2.17","MNQ_0.1","MNQ_1Contract_Target150_200","OPF_PROFILE_0.1","20260102-0100-BULL-OBS-000852-Z000852-OC-STR","2026-01-02T01:05:00.0000000",853,"Tracked","Long","TrendPullback","ObservationStrict_BullFresh",50,"Weak50_69",80.00,"Q80Plus","20260102-0100-BullFVG-000852","BullFVG","Fresh",0,18.25,"RiskGT15",21.90,"StrictBullFreshMin1_2R",1.2,"RR_GE_1_2","Pre10","","",False,"",0,0,25524.00,25505.75,"ObservationResearch|ZoneJustCreated|Regime=Unknown|ObservationConfirmResearch|ZoneBirthResearch|ReclaimZoneHigh|ObservationConfirmStrictResearch|ObservationStrict_BullFresh|ZoneBirthResearch|ReclaimZoneHigh"
"OPF-20260725-161545","OPF_0.1","OPF_RESEARCH_2.17","MNQ_0.1","MNQ_1Contract_Target150_200","OPF_PROFILE_0.1","20260102-0100-BULL-OBS-000852-Z000852-OC-STR","2026-01-02T01:05:00.0000000",853,"Tracked","Long","TrendPullback","ObservationStrict_BullFresh_WideStop1_5R",50,"Weak50_69",80.00,"Q80Plus","20260102-0100-BullFVG-000852","BullFVG","Fresh",0,27.38,"RiskGT15",0,"NearestStructure",0,"RR_LT_1_0","Pre10","","",False,"",0,0,25524.00,25496.62,"ObservationResearch|ZoneJustCreated|Regime=Unknown|ObservationConfirmResearch|ZoneBirthResearch|ReclaimZoneHigh|ObservationConfirmStrictResearch|ObservationStrict_BullFresh|ZoneBirthResearch|ReclaimZoneHigh"
"OPF-20260725-161545","OPF_0.1","OPF_RESEARCH_2.17","MNQ_0.1","MNQ_1Contract_Target150_200","OPF_PROFILE_0.1","20260102-0105-BULL-BRK-000853-Z000853","2026-01-02T01:05:00.0000000",853,"Tracked","Long","TrendPullback","BreakawayFvg",70,"Passed",95.00,"Q80Plus","20260102-0105-BullFVG-000853","BullFVG","Fresh",0,10.50,"RiskLE11",15.75,"BreakawayTargetR:1.5",1.5,"RR_GE_1_5","Pre10","","",False,"",0,0,25524.00,25513.50,"BreakawayFvgResearch"
"OPF-20260725-161545","OPF_0.1","OPF_RESEARCH_2.17","MNQ_0.1","MNQ_1Contract_Target150_200","OPF_PROFILE_0.1","20260102-0105-BULL-OBS-000853-Z000853","2026-01-02T01:05:00.0000000",853,"Tracked","Long","TrendPullback","ZoneBirthResearch",70,"Passed",85.00,"Q80Plus","20260102-0105-BullFVG-000853","BullFVG","Fresh",0,10.50,"RiskLE11",0,"NearestStructure",0,"RR_LT_1_0","Pre10","","",False,"",0,0,25524.00,25513.50,"ObservationResearch|ZoneJustCreated|Regime=BullTrend"
"OPF-20260725-161545","OPF_0.1","OPF_RESEARCH_2.17","MNQ_0.1","MNQ_1Contract_Target150_200","OPF_PROFILE_0.1","20260102-0105-BULL-OBS-000853-Z000853-OC","2026-01-02T01:10:00.0000000",854,"Tracked","Long","TrendPullback","ObservationConfirm",70,"Passed",96.00,"Q80Plus","20260102-0105-BullFVG-000853","BullFVG","Fresh",0,16.50,"RiskGT15",24.75,"ObservationConfirmTargetR:1.5",1.5,"RR_GE_1_5","Pre10","","",False,"",0,0,25530.00,25513.50,"ObservationResearch|ZoneJustCreated|Regime=BullTrend|ObservationConfirmResearch|ZoneBirthResearch|ReclaimZoneHigh"
"OPF-20260725-161545","OPF_0.1","OPF_RESEARCH_2.17","MNQ_0.1","MNQ_1Contract_Target150_200","OPF_PROFILE_0.1","20260102-0105-BULL-OBS-000853-Z000853-OC","2026-01-02T01:10:00.0000000",854,"Tracked","Long","TrendPullback","ObservationConfirm_WideStop1_5R",70,"Passed",96.00,"Q80Plus","20260102-0105-BullFVG-000853","BullFVG","Fresh",0,24.75,"RiskGT15",0,"NearestStructure",0,"RR_LT_1_0","Pre10","","",False,"",0,0,25530.00,25505.25,"ObservationResearch|ZoneJustCreated|Regime=BullTrend|ObservationConfirmResearch|ZoneBirthResearch|ReclaimZoneHigh"
"OPF-20260725-161545","OPF_0.1","OPF_RESEARCH_2.17","MNQ_0.1","MNQ_1Contract_Target150_200","OPF_PROFILE_0.1","20260102-0105-BULL-OBS-000853-Z000853-OC-STR","2026-01-02T01:10:00.0000000",854,"Tracked","Long","TrendPullback","ObservationStrict_BullFresh",70,"Passed",96.00,"Q80Plus","20260102-0105-BullFVG-000853","BullFVG","Fresh",0,16.50,"RiskGT15",19.80,"StrictBullFreshMin1_2R",1.2,"RR_GE_1_2","Pre10","","",False,"",0,0,25530.00,25513.50,"ObservationResearch|ZoneJustCreated|Regime=BullTrend|ObservationConfirmResearch|ZoneBirthResearch|ReclaimZoneHigh|ObservationConfirmStrictResearch|ObservationStrict_BullFresh|ZoneBirthResearch|ReclaimZoneHigh"
"OPF-20260725-161545","OPF_0.1","OPF_RESEARCH_2.17","MNQ_0.1","MNQ_1Contract_Target150_200","OPF_PROFILE_0.1","20260102-0105-BULL-OBS-000853-Z000853-OC-STR","2026-01-02T01:10:00.0000000",854,"Tracked","Long","TrendPullback","ObservationStrict_BullFresh_WideStop1_5R",70,"Passed",96.00,"Q80Plus","20260102-0105-BullFVG-000853","BullFVG","Fresh",0,24.75,"RiskGT15",0,"NearestStructure",0,"RR_LT_1_0","Pre10","","",False,"",0,0,25530.00,25505.25,"ObservationResearch|ZoneJustCreated|Regime=BullTrend|ObservationConfirmResearch|ZoneBirthResearch|ReclaimZoneHigh|ObservationConfirmStrictResearch|ObservationStrict_BullFresh|ZoneBirthResearch|ReclaimZoneHigh"
"OPF-20260725-161545","OPF_0.1","OPF_RESEARCH_2.17","MNQ_0.1","MNQ_1Contract_Target150_200","OPF_PROFILE_0.1","20260102-0110-BULL-BRK-000854-Z000854","2026-01-02T01:10:00.0000000",854,"Tracked","Long","TrendPullback","BreakawayFvg",70,"Passed",91.00,"Q80Plus","20260102-0110-BullFVG-000854","BullFVG","Fresh",0,7.75,"RiskLE8_5",11.62,"BreakawayTargetR:1.5",1.4994,"RR_GE_1_2","Pre10","","",False,"",0,0,25530.00,25522.25,"BreakawayFvgResearch"
"OPF-20260725-161545","OPF_0.1","OPF_RESEARCH_2.17","MNQ_0.1","MNQ_1Contract_Target150_200","OPF_PROFILE_0.1","20260102-0110-BULL-OBS-000854-Z000854","2026-01-02T01:10:00.0000000",854,"Tracked","Long","TrendPullback","ZoneBirthResearch",70,"Passed",81.00,"Q80Plus","20260102-0110-BullFVG-000854","BullFVG","Fresh",0,7.75,"RiskLE8_5",0,"NearestStructure",0,"RR_LT_1_0","Pre10","","",False,"",0,0,25530.00,25522.25,"ObservationResearch|ZoneJustCreated|Regime=BullTrend"
"OPF-20260725-161545","OPF_0.1","OPF_RESEARCH_2.17","MNQ_0.1","MNQ_1Contract_Target150_200","OPF_PROFILE_0.1","20260102-0110-BULL-OBS-000854-Z000854-OC","2026-01-02T01:15:00.0000000",855,"Tracked","Long","TrendPullback","ObservationConfirm",70,"Passed",90.00,"Q80Plus","20260102-0110-BullFVG-000854","BullFVG","Fresh",0,4.75,"RiskLE8_5",7.12,"ObservationConfirmTargetR:1.5",1.4989,"RR_GE_1_2","Pre10","","",False,"",0,0,25527.00,25522.25,"ObservationResearch|ZoneJustCreated|Regime=BullTrend|ObservationConfirmResearch|ZoneBirthResearch|ReclaimZoneHigh"
"OPF-20260725-161545","OPF_0.1","OPF_RESEARCH_2.17","MNQ_0.1","MNQ_1Contract_Target150_200","OPF_PROFILE_0.1","20260102-0110-BULL-OBS-000854-Z000854-OC","2026-01-02T01:15:00.0000000",855,"Tracked","Long","TrendPullback","ObservationConfirm_WideStop1_5R",70,"Passed",90.00,"Q80Plus","20260102-0110-BullFVG-000854","BullFVG","Fresh",0,7.12,"RiskLE8_5",9.50,"NearestStructure",1.3343,"RR_GE_1_2","Pre10","","",False,"",0,0,25527.00,25519.88,"ObservationResearch|ZoneJustCreated|Regime=BullTrend|ObservationConfirmResearch|ZoneBirthResearch|ReclaimZoneHigh"
"OPF-20260725-161545","OPF_0.1","OPF_RESEARCH_2.17","MNQ_0.1","MNQ_1Contract_Target150_200","OPF_PROFILE_0.1","20260102-0110-BULL-OBS-000854-Z000854-OC-STR","2026-01-02T01:15:00.0000000",855,"Tracked","Long","TrendPullback","ObservationStrict_BullFresh",70,"Passed",90.00,"Q80Plus","20260102-0110-BullFVG-000854","BullFVG","Fresh",0,4.75,"RiskLE8_5",9.50,"StrictBullFreshNearestStructure",2,"RR_GE_1_5","Pre10","","",False,"",0,0,25527.00,25522.25,"ObservationResearch|ZoneJustCreated|Regime=BullTrend|ObservationConfirmResearch|ZoneBirthResearch|ReclaimZoneHigh|ObservationConfirmStrictResearch|ObservationStrict_BullFresh|ZoneBirthResearch|ReclaimZoneHigh"
"OPF-20260725-161545","OPF_0.1","OPF_RESEARCH_2.17","MNQ_0.1","MNQ_1Contract_Target150_200","OPF_PROFILE_0.1","20260102-0110-BULL-OBS-000854-Z000854-OC-STR","2026-01-02T01:15:00.0000000",855,"Tracked","Long","TrendPullback","ObservationStrict_BullFresh_WideStop1_5R",70,"Passed",90.00,"Q80Plus","20260102-0110-BullFVG-000854","BullFVG","Fresh",0,7.12,"RiskLE8_5",9.50,"NearestStructure",1.3343,"RR_GE_1_2","Pre10","","",False,"",0,0,25527.00,25519.88,"ObservationResearch|ZoneJustCreated|Regime=BullTrend|ObservationConfirmResearch|ZoneBirthResearch|ReclaimZoneHigh|ObservationConfirmStrictResearch|ObservationStrict_BullFresh|ZoneBirthResearch|ReclaimZoneHigh"
"OPF-20260725-161545","OPF_0.1","OPF_RESEARCH_2.17","MNQ_0.1","MNQ_1Contract_Target150_200","OPF_PROFILE_0.1","20260102-0115-BULL-OBS-000855-Z000855","2026-01-02T01:15:00.0000000",855,"Tracked","Long","TrendPullback","ZoneBirthResearch",50,"Weak50_69",55.00,"Q50_69","20260102-0115-BullFVG-000855","BullFVG","Fresh",0,1.50,"RiskLE8_5",9.50,"NearestStructure",6.3333,"RR_GE_1_5","Pre10","","",False,"",0,0,25527.00,25525.50,"ObservationResearch|ZoneJustCreated|Regime=Unknown"
"OPF-20260725-161545","OPF_0.1","OPF_RESEARCH_2.17","MNQ_0.1","MNQ_1Contract_Target150_200","OPF_PROFILE_0.1","20260102-0020-BULL-OBS-000844-Z000844","2026-01-02T01:20:00.0000000",856,"Outcome","Long","TrendPullback","ZoneBirthResearch",0,"WeakLT50",41.00,"QLT50","20260102-0020-BullFVG-000844","BullFVG","Fresh",0,9.25,"RiskLE11",0.75,"NearestStructure",0.0811,"RR_LT_1_0","Pre10","Excellent","ResearchWindowEnd",False,"",0,0,25501.50,25492.25,"ObservationResearch|ZoneJustCreated|Regime=Unknown"
"OPF-20260725-161545","OPF_0.1","OPF_RESEARCH_2.17","MNQ_0.1","MNQ_1Contract_Target150_200","OPF_PROFILE_0.1","20260102-0120-BULL-PB-000856-Z000853","2026-01-02T01:20:00.0000000",856,"Tracked","Long","TrendPullback","AlmostConfirmed",70,"Passed",70.00,"Q70_79","20260102-0105-BullFVG-000853","BullFVG","Fresh",0,5.50,"RiskLE8_5",3.75,"NearestStructure",0.6818,"RR_LT_1_0","Pre10","","",False,"",0,0,25519.00,25513.50,"MainlineRetest"
"OPF-20260725-161545","OPF_0.1","OPF_RESEARCH_2.17","MNQ_0.1","MNQ_1Contract_Target150_200","OPF_PROFILE_0.1","20260102-0105-BULL-SHD-000853-Z000853","2026-01-02T01:20:00.0000000",856,"Tracked","Long","TrendPullback","ShadowCandidate",70,"Passed",85.00,"Q80Plus","20260102-0105-BullFVG-000853","BullFVG","Fresh",0,5.50,"RiskLE8_5",8.25,"ShadowCandidateTargetR:1.5",1.5,"RR_GE_1_5","Pre10","","",False,"",0,0,25519.00,25513.50,"ShadowCandidateResearch|ZoneJustCreated|ReclaimZoneHigh"
"OPF-20260725-161545","OPF_0.1","OPF_RESEARCH_2.17","MNQ_0.1","MNQ_1Contract_Target150_200","OPF_PROFILE_0.1","20260102-0115-BULL-OBS-000855-Z000855-FR","2026-01-02T01:20:00.0000000",856,"Tracked","Short","FailureReverse","FailureReverse_ObservationInvalidated",50,"Weak50_69",70.00,"Q70_79","20260102-0115-BullFVG-000855","BullFVG","Fresh",0,8.50,"RiskLE8_5",0.25,"NearestStructure",0.0294,"RR_LT_1_0","Pre10","","",False,"",0,0,25519.00,25527.50,"FailureReverseResearch|FailureSourceSignalID=20260102-0115-BULL-OBS-000855-Z000855|FailureSource=BullFVG|FailureSourceZoneFreshness=Fresh|ZoneBirthResearch|ZoneJustCreated"
"OPF-20260725-161545","OPF_0.1","OPF_RESEARCH_2.17","MNQ_0.1","MNQ_1Contract_Target150_200","OPF_PROFILE_0.1","20260102-0115-BULL-OBS-000855-Z000855-FR","2026-01-02T01:20:00.0000000",856,"Tracked","Short","FailureReverse","FailureReverse_ObservationInvalidated_WideStop1_5R",50,"Weak50_69",70.00,"Q70_79","20260102-0115-BullFVG-000855","BullFVG","Fresh",0,12.75,"RiskLE15",0.25,"NearestStructure",0.0196,"RR_LT_1_0","Pre10","","",False,"",0,0,25519.00,25531.75,"FailureReverseResearch|FailureSourceSignalID=20260102-0115-BULL-OBS-000855-Z000855|FailureSource=BullFVG|FailureSourceZoneFreshness=Fresh|ZoneBirthResearch|ZoneJustCreated"
"OPF-20260725-161545","OPF_0.1","OPF_RESEARCH_2.17","MNQ_0.1","MNQ_1Contract_Target150_200","OPF_PROFILE_0.1","20260102-0120-BULL-OBS-000856-Z000853","2026-01-02T01:20:00.0000000",856,"Tracked","Long","TrendPullback","UnknownRegimeZoneTouch",50,"Weak50_69",51.00,"Q50_69","20260102-0105-BullFVG-000853","BullFVG","SecondTouch",1,5.50,"RiskLE8_5",3.75,"NearestStructure",0.6818,"RR_LT_1_0","Pre10","","",False,"",0,0,25519.00,25513.50,"ObservationResearch|RegimeUnknown|Regime=Unknown"
"OPF-20260725-161545","OPF_0.1","OPF_RESEARCH_2.17","MNQ_0.1","MNQ_1Contract_Target150_200","OPF_PROFILE_0.1","20260102-0025-BULL-OBS-000845-Z000844","2026-01-02T01:25:00.0000000",857,"Outcome","Long","TrendPullback","UnknownRegimeZoneTouch",0,"WeakLT50",41.00,"QLT50","20260102-0020-BullFVG-000844","BullFVG","SecondTouch",1,13.00,"RiskLE15",1.00,"NearestStructure",0.0769,"RR_LT_1_0","Pre10","Excellent","ResearchWindowEnd",False,"",0,0,25505.25,25492.25,"ObservationResearch|RegimeUnknown|Regime=Unknown"
"OPF-20260725-161545","OPF_0.1","OPF_RESEARCH_2.17","MNQ_0.1","MNQ_1Contract_Target150_200","OPF_PROFILE_0.1","20260102-0020-BULL-OBS-000844-Z000844-OC","2026-01-02T01:25:00.0000000",857,"Outcome","Long","TrendPullback","ObservationConfirm_WideStop1_5R",0,"WeakLT50",60.00,"Q50_69","20260102-0020-BullFVG-000844","BullFVG","Fresh",0,19.50,"RiskGT15",1.00,"NearestStructure",0.0513,"RR_LT_1_0","Pre10","Good","ResearchWindowEnd",False,"",0,0,25505.25,25485.75,"ObservationResearch|ZoneJustCreated|Regime=Unknown|ObservationConfirmResearch|ZoneBirthResearch|ReclaimZoneHigh"
"OPF-20260725-161545","OPF_0.1","OPF_RESEARCH_2.17","MNQ_0.1","MNQ_1Contract_Target150_200","OPF_PROFILE_0.1","20260102-0020-BULL-OBS-000844-Z000844-OC","2026-01-02T01:25:00.0000000",857,"Outcome","Long","TrendPullback","ObservationConfirm",0,"WeakLT50",60.00,"Q50_69","20260102-0020-BullFVG-000844","BullFVG","Fresh",0,13.00,"RiskLE15",19.50,"ObservationConfirmTargetR:1.5",1.5,"RR_GE_1_5","Pre10","Excellent","ResearchWindowEnd",False,"",0,0,25505.25,25492.25,"ObservationResearch|ZoneJustCreated|Regime=Unknown|ObservationConfirmResearch|ZoneBirthResearch|ReclaimZoneHigh"
"OPF-20260725-161545","OPF_0.1","OPF_RESEARCH_2.17","MNQ_0.1","MNQ_1Contract_Target150_200","OPF_PROFILE_0.1","20260102-0120-BULL-OBS-000856-Z000853-OC","2026-01-02T01:25:00.0000000",857,"Tracked","Long","TrendPullback","ObservationConfirm",50,"Weak50_69",76.00,"Q70_79","20260102-0105-BullFVG-000853","BullFVG","SecondTouch",1,18.75,"RiskGT15",28.12,"ObservationConfirmTargetR:1.5",1.4997,"RR_GE_1_2","Pre10","","",False,"",0,0,25532.25,25513.50,"ObservationResearch|RegimeUnknown|Regime=Unknown|ObservationConfirmResearch|UnknownRegimeZoneTouch|ReclaimZoneHigh"
"OPF-20260725-161545","OPF_0.1","OPF_RESEARCH_2.17","MNQ_0.1","MNQ_1Contract_Target150_200","OPF_PROFILE_0.1","20260102-0120-BULL-OBS-000856-Z000853-OC","2026-01-02T01:25:00.0000000",857,"Tracked","Long","TrendPullback","ObservationConfirm_WideStop1_5R",50,"Weak50_69",76.00,"Q70_79","20260102-0105-BullFVG-000853","BullFVG","SecondTouch",1,28.12,"RiskGT15",3.75,"NearestStructure",0.1334,"RR_LT_1_0","Pre10","","",False,"",0,0,25532.25,25504.13,"ObservationResearch|RegimeUnknown|Regime=Unknown|ObservationConfirmResearch|UnknownRegimeZoneTouch|ReclaimZoneHigh"
"OPF-20260725-161545","OPF_0.1","OPF_RESEARCH_2.17","MNQ_0.1","MNQ_1Contract_Target150_200","OPF_PROFILE_0.1","20260102-0025-BULL-OBS-000845-Z000844-OC-STR","2026-01-02T01:30:00.0000000",858,"Outcome","Long","TrendPullback","ObservationStrict_Other_WideStop1_5R",0,"WeakLT50",52.00,"Q50_69","20260102-0020-BullFVG-000844","BullFVG","SecondTouch",1,19.12,"RiskGT15",1.25,"NearestStructure",0.0654,"RR_LT_1_0","Pre10","Excellent","ResearchWindowEnd",False,"",0,0,25505.00,25485.88,"ObservationResearch|RegimeUnknown|Regime=Unknown|ObservationConfirmResearch|UnknownRegimeZoneTouch|ReclaimZoneHigh|ObservationConfirmStrictResearch|ObservationStrict_Other|UnknownRegimeZoneTouch|ReclaimZoneHigh"
"OPF-20260725-161545","OPF_0.1","OPF_RESEARCH_2.17","MNQ_0.1","MNQ_1Contract_Target150_200","OPF_PROFILE_0.1","20260102-0025-BULL-OBS-000845-Z000844-OC-STR","2026-01-02T01:30:00.0000000",858,"Outcome","Long","TrendPullback","ObservationStrict_Other",0,"WeakLT50",52.00,"Q50_69","20260102-0020-BullFVG-000844","BullFVG","SecondTouch",1,12.75,"RiskLE15",1.25,"NearestStructure",0.0980,"RR_LT_1_0","Pre10","Excellent","ResearchWindowEnd",False,"",0,0,25505.00,25492.25,"ObservationResearch|RegimeUnknown|Regime=Unknown|ObservationConfirmResearch|UnknownRegimeZoneTouch|ReclaimZoneHigh|ObservationConfirmStrictResearch|ObservationStrict_Other|UnknownRegimeZoneTouch|ReclaimZoneHigh"
"OPF-20260725-161545","OPF_0.1","OPF_RESEARCH_2.17","MNQ_0.1","MNQ_1Contract_Target150_200","OPF_PROFILE_0.1","20260102-0025-BULL-OBS-000845-Z000844-OC","2026-01-02T01:30:00.0000000",858,"Outcome","Long","TrendPullback","ObservationConfirm_WideStop1_5R",0,"WeakLT50",52.00,"Q50_69","20260102-0020-BullFVG-000844","BullFVG","SecondTouch",1,19.12,"RiskGT15",1.25,"NearestStructure",0.0654,"RR_LT_1_0","Pre10","Excellent","ResearchWindowEnd",False,"",0,0,25505.00,25485.88,"ObservationResearch|RegimeUnknown|Regime=Unknown|ObservationConfirmResearch|UnknownRegimeZoneTouch|ReclaimZoneHigh"
"OPF-20260725-161545","OPF_0.1","OPF_RESEARCH_2.17","MNQ_0.1","MNQ_1Contract_Target150_200","OPF_PROFILE_0.1","20260102-0025-BULL-OBS-000845-Z000844-OC","2026-01-02T01:30:00.0000000",858,"Outcome","Long","TrendPullback","ObservationConfirm",0,"WeakLT50",52.00,"Q50_69","20260102-0020-BullFVG-000844","BullFVG","SecondTouch",1,12.75,"RiskLE15",19.12,"ObservationConfirmTargetR:1.5",1.4996,"RR_GE_1_2","Pre10","Excellent","ResearchWindowEnd",False,"",0,0,25505.00,25492.25,"ObservationResearch|RegimeUnknown|Regime=Unknown|ObservationConfirmResearch|UnknownRegimeZoneTouch|ReclaimZoneHigh"
"OPF-20260725-161545","OPF_0.1","OPF_RESEARCH_2.17","MNQ_0.1","MNQ_1Contract_Target150_200","OPF_PROFILE_0.1","20260102-0105-BULL-SHD-000853-Z000853-SCB","2026-01-02T01:30:00.0000000",858,"Tracked","Long","TrendPullback","StructureConfirmShadow",70,"Passed",95.00,"Q80Plus","20260102-0105-BullFVG-000853","BullFVG","Fresh",0,38.50,"RiskGT15",0,"NearestStructure",0,"RR_LT_1_0","Pre10","","",False,"",0,0,25552.00,25513.50,"StructureConfirmShadowResearch|ShadowAfterRetest:ZoneJustCreated|MicroBos3BreakHigh"
"OPF-20260725-161545","OPF_0.1","OPF_RESEARCH_2.17","MNQ_0.1","MNQ_1Contract_Target150_200","OPF_PROFILE_0.1","20260102-0105-BULL-SHD-000853-Z000853-SCB-CBR","2026-01-02T01:30:00.0000000",858,"Tracked","Long","TrendPullback","StructureConfirmShadow_ConfirmBarStop",70,"Passed",95.00,"Q80Plus","20260102-0105-BullFVG-000853","BullFVG","Fresh",0,21.25,"RiskGT15",31.88,"StructureConfirmTargetR:1.5",1.5002,"RR_GE_1_5","Pre10","","",False,"",0,0,25552.00,25530.75,"StructureConfirmShadowResearch|ShadowAfterRetest:ZoneJustCreated|MicroBos3BreakHigh|ConfirmBarStopResearch|ConfirmBarLow"
"OPF-20260725-161545","OPF_0.1","OPF_RESEARCH_2.17","MNQ_0.1","MNQ_1Contract_Target150_200","OPF_PROFILE_0.1","20260102-0105-BULL-SHD-000853-Z000853-SCB-CBM","2026-01-02T01:30:00.0000000",858,"Tracked","Long","TrendPullback","StructureConfirmShadow_ConfirmBarStop_Min10",70,"Passed",95.00,"Q80Plus","20260102-0105-BullFVG-000853","BullFVG","Fresh",0,21.25,"RiskGT15",31.88,"StructureConfirmTargetR:1.5",1.5002,"RR_GE_1_5","Pre10","","",False,"",0,0,25552.00,25530.75,"StructureConfirmShadowResearch|ShadowAfterRetest:ZoneJustCreated|MicroBos3BreakHigh|ConfirmBarStopMin10Research|ConfirmBarLow"
"OPF-20260725-161545","OPF_0.1","OPF_RESEARCH_2.17","MNQ_0.1","MNQ_1Contract_Target150_200","OPF_PROFILE_0.1","20260102-0120-BULL-PB-000856-Z000853-SCB","2026-01-02T01:30:00.0000000",858,"Tracked","Long","TrendPullback","StructureConfirmShadow",70,"Passed",95.00,"Q80Plus","20260102-0105-BullFVG-000853","BullFVG","Fresh",0,38.50,"RiskGT15",0,"NearestStructure",0,"RR_LT_1_0","Pre10","","",False,"",0,0,25552.00,25513.50,"StructureConfirmShadowResearch|CandidateAfterRetest|MicroBos3BreakHigh"
"OPF-20260725-161545","OPF_0.1","OPF_RESEARCH_2.17","MNQ_0.1","MNQ_1Contract_Target150_200","OPF_PROFILE_0.1","20260102-0120-BULL-PB-000856-Z000853-SCB-CBR","2026-01-02T01:30:00.0000000",858,"Tracked","Long","TrendPullback","StructureConfirmShadow_ConfirmBarStop",70,"Passed",95.00,"Q80Plus","20260102-0105-BullFVG-000853","BullFVG","Fresh",0,21.25,"RiskGT15",31.88,"StructureConfirmTargetR:1.5",1.5002,"RR_GE_1_5","Pre10","","",False,"",0,0,25552.00,25530.75,"StructureConfirmShadowResearch|CandidateAfterRetest|MicroBos3BreakHigh|ConfirmBarStopResearch|ConfirmBarLow"
"OPF-20260725-161545","OPF_0.1","OPF_RESEARCH_2.17","MNQ_0.1","MNQ_1Contract_Target150_200","OPF_PROFILE_0.1","20260102-0120-BULL-PB-000856-Z000853-SCB-CBM","2026-01-02T01:30:00.0000000",858,"Tracked","Long","TrendPullback","StructureConfirmShadow_ConfirmBarStop_Min10",70,"Passed",95.00,"Q80Plus","20260102-0105-BullFVG-000853","BullFVG","Fresh",0,21.25,"RiskGT15",31.88,"StructureConfirmTargetR:1.5",1.5002,"RR_GE_1_5","Pre10","","",False,"",0,0,25552.00,25530.75,"StructureConfirmShadowResearch|CandidateAfterRetest|MicroBos3BreakHigh|ConfirmBarStopMin10Research|ConfirmBarLow"
"OPF-20260725-161545","OPF_0.1","OPF_RESEARCH_2.17","MNQ_0.1","MNQ_1Contract_Target150_200","OPF_PROFILE_0.1","20260102-0130-BULL-OBS-000858-Z000858","2026-01-02T01:30:00.0000000",858,"Tracked","Long","TrendPullback","ZoneBirthResearch",60,"Weak50_69",65.00,"Q50_69","20260102-0130-BullFVG-000858","BullFVG","Fresh",0,22.75,"RiskGT15",0,"NearestStructure",0,"RR_LT_1_0","Pre10","","",False,"",0,0,25552.00,25529.25,"ObservationResearch|ZoneJustCreated|Regime=Unknown"
"OPF-20260725-161545","OPF_0.1","OPF_RESEARCH_2.17","MNQ_0.1","MNQ_1Contract_Target150_200","OPF_PROFILE_0.1","20260102-0130-BULL-OBS-000858-Z000858-OC","2026-01-02T01:35:00.0000000",859,"Tracked","Long","TrendPullback","ObservationConfirm",60,"Weak50_69",70.00,"Q70_79","20260102-0130-BullFVG-000858","BullFVG","Fresh",0,19.50,"RiskGT15",29.25,"ObservationConfirmTargetR:1.5",1.5,"RR_GE_1_5","Pre10","","",False,"",0,0,25548.75,25529.25,"ObservationResearch|ZoneJustCreated|Regime=Unknown|ObservationConfirmResearch|ZoneBirthResearch|ReclaimZoneHigh"
"OPF-20260725-161545","OPF_0.1","OPF_RESEARCH_2.17","MNQ_0.1","MNQ_1Contract_Target150_200","OPF_PROFILE_0.1","20260102-0130-BULL-OBS-000858-Z000858-OC","2026-01-02T01:35:00.0000000",859,"Tracked","Long","TrendPullback","ObservationConfirm_WideStop1_5R",60,"Weak50_69",70.00,"Q70_79","20260102-0130-BullFVG-000858","BullFVG","Fresh",0,29.25,"RiskGT15",3.75,"NearestStructure",0.1282,"RR_LT_1_0","Pre10","","",False,"",0,0,25548.75,25519.50,"ObservationResearch|ZoneJustCreated|Regime=Unknown|ObservationConfirmResearch|ZoneBirthResearch|ReclaimZoneHigh"
"OPF-20260725-161545","OPF_0.1","OPF_RESEARCH_2.17","MNQ_0.1","MNQ_1Contract_Target150_200","OPF_PROFILE_0.1","20260102-0130-BULL-OBS-000858-Z000858-OC-STR","2026-01-02T01:35:00.0000000",859,"Tracked","Long","TrendPullback","ObservationStrict_BullFresh",60,"Weak50_69",70.00,"Q70_79","20260102-0130-BullFVG-000858","BullFVG","Fresh",0,19.50,"RiskGT15",23.40,"StrictBullFreshMin1_2R",1.2,"RR_GE_1_2","Pre10","","",False,"",0,0,25548.75,25529.25,"ObservationResearch|ZoneJustCreated|Regime=Unknown|ObservationConfirmResearch|ZoneBirthResearch|ReclaimZoneHigh|ObservationConfirmStrictResearch|ObservationStrict_BullFresh|ZoneBirthResearch|ReclaimZoneHigh"
"OPF-20260725-161545","OPF_0.1","OPF_RESEARCH_2.17","MNQ_0.1","MNQ_1Contract_Target150_200","OPF_PROFILE_0.1","20260102-0130-BULL-OBS-000858-Z000858-OC-STR","2026-01-02T01:35:00.0000000",859,"Tracked","Long","TrendPullback","ObservationStrict_BullFresh_WideStop1_5R",60,"Weak50_69",70.00,"Q70_79","20260102-0130-BullFVG-000858","BullFVG","Fresh",0,29.25,"RiskGT15",3.75,"NearestStructure",0.1282,"RR_LT_1_0","Pre10","","",False,"",0,0,25548.75,25519.50,"ObservationResearch|ZoneJustCreated|Regime=Unknown|ObservationConfirmResearch|ZoneBirthResearch|ReclaimZoneHigh|ObservationConfirmStrictResearch|ObservationStrict_BullFresh|ZoneBirthResearch|ReclaimZoneHigh"
"OPF-20260725-161545","OPF_0.1","OPF_RESEARCH_2.17","MNQ_0.1","MNQ_1Contract_Target150_200","OPF_PROFILE_0.1","20260102-0040-BEAR-OBS-000848-Z000848","2026-01-02T01:40:00.0000000",860,"Outcome","Short","TrendPullback","ZoneBirthResearch",10,"WeakLT50",41.00,"QLT50","20260102-0040-BearFVG-000848","BearFVG","Fresh",0,3.75,"RiskLE8_5",0.50,"NearestStructure",0.1333,"RR_LT_1_0","Pre10","Catastrophic","ResearchWindowEnd",False,"",0,0,25499.50,25503.25,"ObservationResearch|ZoneJustCreated|Regime=Unknown"
"OPF-20260725-161545","OPF_0.1","OPF_RESEARCH_2.17","MNQ_0.1","MNQ_1Contract_Target150_200","OPF_PROFILE_0.1","20260102-0045-BEAR-OBS-000849-Z000848","2026-01-02T01:45:00.0000000",861,"Outcome","Short","TrendPullback","UnknownRegimeZoneTouch",10,"WeakLT50",37.00,"QLT50","20260102-0040-BearFVG-000848","BearFVG","SecondTouch",1,3.50,"RiskLE8_5",0.75,"NearestStructure",0.2143,"RR_LT_1_0","Pre10","Catastrophic","ResearchWindowEnd",False,"",0,0,25499.75,25503.25,"ObservationResearch|RegimeUnknown|Regime=Unknown"
"OPF-20260725-161545","OPF_0.1","OPF_RESEARCH_2.17","MNQ_0.1","MNQ_1Contract_Target150_200","OPF_PROFILE_0.1","20260102-0040-BEAR-OBS-000848-Z000848-OC","2026-01-02T01:45:00.0000000",861,"Outcome","Short","TrendPullback","ObservationConfirm_WideStop1_5R",10,"WeakLT50",60.00,"Q50_69","20260102-0040-BearFVG-000848","BearFVG","Fresh",0,5.25,"RiskLE8_5",0.75,"NearestStructure",0.1429,"RR_LT_1_0","Pre10","Catastrophic","ResearchWindowEnd",False,"",0,0,25499.75,25505.00,"ObservationResearch|ZoneJustCreated|Regime=Unknown|ObservationConfirmResearch|ZoneBirthResearch|ReclaimZoneLow"
"OPF-20260725-161545","OPF_0.1","OPF_RESEARCH_2.17","MNQ_0.1","MNQ_1Contract_Target150_200","OPF_PROFILE_0.1","20260102-0040-BEAR-OBS-000848-Z000848-OC","2026-01-02T01:45:00.0000000",861,"Outcome","Short","TrendPullback","ObservationConfirm",10,"WeakLT50",60.00,"Q50_69","20260102-0040-BearFVG-000848","BearFVG","Fresh",0,3.50,"RiskLE8_5",5.25,"ObservationConfirmTargetR:1.5",1.5,"RR_GE_1_5","Pre10","Catastrophic","ResearchWindowEnd",False,"",0,0,25499.75,25503.25,"ObservationResearch|ZoneJustCreated|Regime=Unknown|ObservationConfirmResearch|ZoneBirthResearch|ReclaimZoneLow"
"OPF-20260725-161545","OPF_0.1","OPF_RESEARCH_2.17","MNQ_0.1","MNQ_1Contract_Target150_200","OPF_PROFILE_0.1","20260102-0045-BEAR-OBS-000849-Z000848-FR","2026-01-02T01:50:00.0000000",862,"Outcome","Long","FailureReverse","FailureReverse_ObservationInvalidated_WideStop1_5R",10,"WeakLT50",42.00,"QLT50","20260102-0040-BearFVG-000848","BearFVG","SecondTouch",1,4.88,"RiskLE8_5",1.25,"NearestStructure",0.2561,"RR_LT_1_0","Pre10","Excellent","ResearchWindowEnd",False,"",0,0,25505.00,25500.12,"FailureReverseResearch|FailureSourceSignalID=20260102-0045-BEAR-OBS-000849-Z000848|FailureSource=BearFVG|FailureSourceZoneFreshness=SecondTouch|UnknownRegimeZoneTouch|RegimeUnknown"
"OPF-20260725-161545","OPF_0.1","OPF_RESEARCH_2.17","MNQ_0.1","MNQ_1Contract_Target150_200","OPF_PROFILE_0.1","20260102-0045-BEAR-OBS-000849-Z000848-FR","2026-01-02T01:50:00.0000000",862,"Outcome","Long","FailureReverse","FailureReverse_ObservationInvalidated",10,"WeakLT50",42.00,"QLT50","20260102-0040-BearFVG-000848","BearFVG","SecondTouch",1,3.25,"RiskLE8_5",1.25,"NearestStructure",0.3846,"RR_LT_1_0","Pre10","Excellent","ResearchWindowEnd",False,"",0,0,25505.00,25501.75,"FailureReverseResearch|FailureSourceSignalID=20260102-0045-BEAR-OBS-000849-Z000848|FailureSource=BearFVG|FailureSourceZoneFreshness=SecondTouch|UnknownRegimeZoneTouch|RegimeUnknown"
"OPF-20260725-161545","OPF_0.1","OPF_RESEARCH_2.17","MNQ_0.1","MNQ_1Contract_Target150_200","OPF_PROFILE_0.1","20260102-0115-BULL-OBS-000855-Z000855-FR-RT","2026-01-02T01:50:00.0000000",862,"Tracked","Short","FailureReverse","FailureReverse_RetestFailed",50,"Weak50_69",80.00,"Q80Plus","20260102-0115-BullFVG-000855","BullFVG","Fresh",0,18.00,"RiskGT15",21.60,"FailureRetestMin1_2R",1.2,"RR_GE_1_2","Pre10","","",False,"",0,0,25545.50,25527.50,"FailureReverseResearch|FailureSourceSignalID=20260102-0115-BULL-OBS-000855-Z000855|FailureSource=BullFVG|FailureSourceZoneFreshness=Fresh|ZoneBirthResearch|ZoneJustCreated|FailureRetestFailedTriggered|BreakPrevLow"
"OPF-20260725-161545","OPF_0.1","OPF_RESEARCH_2.17","MNQ_0.1","MNQ_1Contract_Target150_200","OPF_PROFILE_0.1","20260102-0115-BULL-OBS-000855-Z000855-FR-RT","2026-01-02T01:50:00.0000000",862,"Tracked","Short","FailureReverse","FailureReverse_RetestFailed_WideStop1_5R",50,"Weak50_69",80.00,"Q80Plus","20260102-0115-BullFVG-000855","BullFVG","Fresh",0,27.00,"RiskGT15",14.25,"NearestStructure",0.5278,"RR_LT_1_0","Pre10","","",False,"",0,0,25545.50,25572.50,"FailureReverseResearch|FailureSourceSignalID=20260102-0115-BULL-OBS-000855-Z000855|FailureSource=BullFVG|FailureSourceZoneFreshness=Fresh|ZoneBirthResearch|ZoneJustCreated|FailureRetestFailedTriggered|BreakPrevLow"
"OPF-20260725-161545","OPF_0.1","OPF_RESEARCH_2.17","MNQ_0.1","MNQ_1Contract_Target150_200","OPF_PROFILE_0.1","20260102-0045-BEAR-OBS-000849-Z000848-FR-AEW1","2026-01-02T01:55:00.0000000",863,"Outcome","Long","FailureReverse","FailureReverse_ObservationInvalidated",10,"WeakLT50",42.00,"QLT50","20260102-0040-BearFVG-000848","BearFVG","SecondTouch",1,8.25,"RiskLE8_5",3.50,"NearestStructure",0.4242,"RR_LT_1_0","Pre10","Excellent","ResearchWindowEnd",False,"",0,0,25510.50,25502.25,"FailureReverseResearch|FailureSourceSignalID=20260102-0045-BEAR-OBS-000849-Z000848|FailureSource=BearFVG|FailureSourceZoneFreshness=SecondTouch|UnknownRegimeZoneTouch|RegimeUnknown|AggressiveExpansionWait1V165:originBar=850|AggressiveExpansionWait1ConfirmBarStopV166|OriginPath=FailureReverse_ObservationInvalidated"
"OPF-20260725-161545","OPF_0.1","OPF_RESEARCH_2.17","MNQ_0.1","MNQ_1Contract_Target150_200","OPF_PROFILE_0.1","20260102-0100-BULL-OBS-000852-Z000852","2026-01-02T02:00:00.0000000",864,"Outcome","Long","TrendPullback","ZoneBirthResearch",50,"Weak50_69",65.00,"Q50_69","20260102-0100-BullFVG-000852","BullFVG","Fresh",0,14.25,"RiskLE15",2.75,"NearestStructure",0.1930,"RR_LT_1_0","Pre10","Excellent","ResearchWindowEnd",False,"",0,0,25520.00,25505.75,"ObservationResearch|ZoneJustCreated|Regime=Unknown"
"OPF-20260725-161545","OPF_0.1","OPF_RESEARCH_2.17","MNQ_0.1","MNQ_1Contract_Target150_200","OPF_PROFILE_0.1","20260102-0045-BEAR-OBS-000849-Z000848-FR-RT","2026-01-02T02:00:00.0000000",864,"Outcome","Long","FailureReverse","FailureReverse_RetestFailed_WideStop1_5R",10,"WeakLT50",52.00,"Q50_69","20260102-0040-BearFVG-000848","BearFVG","SecondTouch",1,27.38,"RiskGT15",2.75,"NearestStructure",0.1004,"RR_LT_1_0","Pre10","Good","ResearchWindowEnd",False,"",0,0,25520.00,25492.62,"FailureReverseResearch|FailureSourceSignalID=20260102-0045-BEAR-OBS-000849-Z000848|FailureSource=BearFVG|FailureSourceZoneFreshness=SecondTouch|UnknownRegimeZoneTouch|RegimeUnknown|FailureRetestFailedTriggered|ReclaimZoneHigh"
"OPF-20260725-161545","OPF_0.1","OPF_RESEARCH_2.17","MNQ_0.1","MNQ_1Contract_Target150_200","OPF_PROFILE_0.1","20260102-0045-BEAR-OBS-000849-Z000848-FR-RT","2026-01-02T02:00:00.0000000",864,"Outcome","Long","FailureReverse","FailureReverse_RetestFailed",10,"WeakLT50",52.00,"Q50_69","20260102-0040-BearFVG-000848","BearFVG","SecondTouch",1,18.25,"RiskGT15",21.90,"FailureRetestMin1_2R",1.2,"RR_GE_1_2","Pre10","Excellent","ResearchWindowEnd",False,"",0,0,25520.00,25501.75,"FailureReverseResearch|FailureSourceSignalID=20260102-0045-BEAR-OBS-000849-Z000848|FailureSource=BearFVG|FailureSourceZoneFreshness=SecondTouch|UnknownRegimeZoneTouch|RegimeUnknown|FailureRetestFailedTriggered|ReclaimZoneHigh"
"OPF-20260725-161545","OPF_0.1","OPF_RESEARCH_2.17","MNQ_0.1","MNQ_1Contract_Target150_200","OPF_PROFILE_0.1","20260102-0200-BULL-BRK-000864-Z000864","2026-01-02T02:00:00.0000000",864,"Tracked","Long","TrendPullback","BreakawayFvg",80,"Passed",95.00,"Q80Plus","20260102-0200-BullFVG-000864","BullFVG","Fresh",0,14.50,"RiskLE15",21.75,"BreakawayTargetR:1.5",1.5,"RR_GE_1_5","Pre10","","",False,"",0,0,25567.25,25552.75,"BreakawayFvgResearch"
"OPF-20260725-161545","OPF_0.1","OPF_RESEARCH_2.17","MNQ_0.1","MNQ_1Contract_Target150_200","OPF_PROFILE_0.1","20260102-0200-BULL-OBS-000864-Z000864","2026-01-02T02:00:00.0000000",864,"Tracked","Long","TrendPullback","ZoneBirthResearch",80,"Passed",85.00,"Q80Plus","20260102-0200-BullFVG-000864","BullFVG","Fresh",0,14.50,"RiskLE15",0,"NearestStructure",0,"RR_LT_1_0","Pre10","","",False,"",0,0,25567.25,25552.75,"ObservationResearch|ZoneJustCreated|Regime=BullTrend"
"OPF-20260725-161545","OPF_0.1","OPF_RESEARCH_2.17","MNQ_0.1","MNQ_1Contract_Target150_200","OPF_PROFILE_0.1","20260102-0105-BULL-OBS-000853-Z000853","2026-01-02T02:05:00.0000000",865,"Outcome","Long","TrendPullback","ZoneBirthResearch",70,"Passed",85.00,"Q80Plus","20260102-0105-BullFVG-000853","BullFVG","Fresh",0,10.50,"RiskLE11",2.00,"NearestStructure",0.1905,"RR_LT_1_0","Pre10","Excellent","ResearchWindowEnd",False,"",0,0,25524.00,25513.50,"ObservationResearch|ZoneJustCreated|Regime=BullTrend"
"OPF-20260725-161545","OPF_0.1","OPF_RESEARCH_2.17","MNQ_0.1","MNQ_1Contract_Target150_200","OPF_PROFILE_0.1","20260102-0105-BULL-BRK-000853-Z000853","2026-01-02T02:05:00.0000000",865,"Outcome","Long","TrendPullback","BreakawayFvg",70,"Passed",95.00,"Q80Plus","20260102-0105-BullFVG-000853","BullFVG","Fresh",0,10.50,"RiskLE11",15.75,"BreakawayTargetR:1.5",1.5,"RR_GE_1_5","Pre10","Excellent","ResearchWindowEnd",False,"",0,0,25524.00,25513.50,"BreakawayFvgResearch"
"OPF-20260725-161545","OPF_0.1","OPF_RESEARCH_2.17","MNQ_0.1","MNQ_1Contract_Target150_200","OPF_PROFILE_0.1","20260102-0100-BULL-OBS-000852-Z000852-OC-STR","2026-01-02T02:05:00.0000000",865,"Outcome","Long","TrendPullback","ObservationStrict_BullFresh_WideStop1_5R",50,"Weak50_69",80.00,"Q80Plus","20260102-0100-BullFVG-000852","BullFVG","Fresh",0,27.38,"RiskGT15",2.00,"NearestStructure",0.0730,"RR_LT_1_0","Pre10","Good","ResearchWindowEnd",False,"",0,0,25524.00,25496.62,"ObservationResearch|ZoneJustCreated|Regime=Unknown|ObservationConfirmResearch|ZoneBirthResearch|ReclaimZoneHigh|ObservationConfirmStrictResearch|ObservationStrict_BullFresh|ZoneBirthResearch|ReclaimZoneHigh"
"OPF-20260725-161545","OPF_0.1","OPF_RESEARCH_2.17","MNQ_0.1","MNQ_1Contract_Target150_200","OPF_PROFILE_0.1","20260102-0100-BULL-OBS-000852-Z000852-OC-STR","2026-01-02T02:05:00.0000000",865,"Outcome","Long","TrendPullback","ObservationStrict_BullFresh",50,"Weak50_69",80.00,"Q80Plus","20260102-0100-BullFVG-000852","BullFVG","Fresh",0,18.25,"RiskGT15",21.90,"StrictBullFreshMin1_2R",1.2,"RR_GE_1_2","Pre10","Excellent","ResearchWindowEnd",False,"",0,0,25524.00,25505.75,"ObservationResearch|ZoneJustCreated|Regime=Unknown|ObservationConfirmResearch|ZoneBirthResearch|ReclaimZoneHigh|ObservationConfirmStrictResearch|ObservationStrict_BullFresh|ZoneBirthResearch|ReclaimZoneHigh"
"OPF-20260725-161545","OPF_0.1","OPF_RESEARCH_2.17","MNQ_0.1","MNQ_1Contract_Target150_200","OPF_PROFILE_0.1","20260102-0100-BULL-OBS-000852-Z000852-OC","2026-01-02T02:05:00.0000000",865,"Outcome","Long","TrendPullback","ObservationConfirm_WideStop1_5R",50,"Weak50_69",80.00,"Q80Plus","20260102-0100-BullFVG-000852","BullFVG","Fresh",0,27.38,"RiskGT15",2.00,"NearestStructure",0.0730,"RR_LT_1_0","Pre10","Good","ResearchWindowEnd",False,"",0,0,25524.00,25496.62,"ObservationResearch|ZoneJustCreated|Regime=Unknown|ObservationConfirmResearch|ZoneBirthResearch|ReclaimZoneHigh"
"OPF-20260725-161545","OPF_0.1","OPF_RESEARCH_2.17","MNQ_0.1","MNQ_1Contract_Target150_200","OPF_PROFILE_0.1","20260102-0100-BULL-OBS-000852-Z000852-OC","2026-01-02T02:05:00.0000000",865,"Outcome","Long","TrendPullback","ObservationConfirm",50,"Weak50_69",80.00,"Q80Plus","20260102-0100-BullFVG-000852","BullFVG","Fresh",0,18.25,"RiskGT15",27.38,"ObservationConfirmTargetR:1.5",1.5003,"RR_GE_1_5","Pre10","Excellent","ResearchWindowEnd",False,"",0,0,25524.00,25505.75,"ObservationResearch|ZoneJustCreated|Regime=Unknown|ObservationConfirmResearch|ZoneBirthResearch|ReclaimZoneHigh"
"OPF-20260725-161545","OPF_0.1","OPF_RESEARCH_2.17","MNQ_0.1","MNQ_1Contract_Target150_200","OPF_PROFILE_0.1","20260102-0200-BULL-OBS-000864-Z000864-OC","2026-01-02T02:05:00.0000000",865,"Tracked","Long","TrendPullback","ObservationConfirm",80,"Passed",93.00,"Q80Plus","20260102-0200-BullFVG-000864","BullFVG","Fresh",0,12.25,"RiskLE15",18.38,"ObservationConfirmTargetR:1.5",1.5004,"RR_GE_1_5","Pre10","","",False,"",0,0,25565.00,25552.75,"ObservationResearch|ZoneJustCreated|Regime=BullTrend|ObservationConfirmResearch|ZoneBirthResearch|ReclaimZoneHigh"
"OPF-20260725-161545","OPF_0.1","OPF_RESEARCH_2.17","MNQ_0.1","MNQ_1Contract_Target150_200","OPF_PROFILE_0.1","20260102-0200-BULL-OBS-000864-Z000864-OC","2026-01-02T02:05:00.0000000",865,"Tracked","Long","TrendPullback","ObservationConfirm_WideStop1_5R",80,"Passed",93.00,"Q80Plus","20260102-0200-BullFVG-000864","BullFVG","Fresh",0,18.38,"RiskGT15",3.50,"NearestStructure",0.1904,"RR_LT_1_0","Pre10","","",False,"",0,0,25565.00,25546.62,"ObservationResearch|ZoneJustCreated|Regime=BullTrend|ObservationConfirmResearch|ZoneBirthResearch|ReclaimZoneHigh"
"OPF-20260725-161545","OPF_0.1","OPF_RESEARCH_2.17","MNQ_0.1","MNQ_1Contract_Target150_200","OPF_PROFILE_0.1","20260102-0200-BULL-OBS-000864-Z000864-OC-STR","2026-01-02T02:05:00.0000000",865,"Tracked","Long","TrendPullback","ObservationStrict_BullFresh",80,"Passed",93.00,"Q80Plus","20260102-0200-BullFVG-000864","BullFVG","Fresh",0,12.25,"RiskLE15",14.70,"StrictBullFreshMin1_2R",1.2,"RR_GE_1_2","Pre10","","",False,"",0,0,25565.00,25552.75,"ObservationResearch|ZoneJustCreated|Regime=BullTrend|ObservationConfirmResearch|ZoneBirthResearch|ReclaimZoneHigh|ObservationConfirmStrictResearch|ObservationStrict_BullFresh|ZoneBirthResearch|ReclaimZoneHigh"
"OPF-20260725-161545","OPF_0.1","OPF_RESEARCH_2.17","MNQ_0.1","MNQ_1Contract_Target150_200","OPF_PROFILE_0.1","20260102-0200-BULL-OBS-000864-Z000864-OC-STR","2026-01-02T02:05:00.0000000",865,"Tracked","Long","TrendPullback","ObservationStrict_BullFresh_WideStop1_5R",80,"Passed",93.00,"Q80Plus","20260102-0200-BullFVG-000864","BullFVG","Fresh",0,18.38,"RiskGT15",3.50,"NearestStructure",0.1904,"RR_LT_1_0","Pre10","","",False,"",0,0,25565.00,25546.62,"ObservationResearch|ZoneJustCreated|Regime=BullTrend|ObservationConfirmResearch|ZoneBirthResearch|ReclaimZoneHigh|ObservationConfirmStrictResearch|ObservationStrict_BullFresh|ZoneBirthResearch|ReclaimZoneHigh"
"OPF-20260725-161545","OPF_0.1","OPF_RESEARCH_2.17","MNQ_0.1","MNQ_1Contract_Target150_200","OPF_PROFILE_0.1","20260102-0205-BULL-OBS-000865-Z000865","2026-01-02T02:05:00.0000000",865,"Tracked","Long","TrendPullback","ZoneBirthResearch",60,"Weak50_69",58.00,"Q50_69","20260102-0205-BullFVG-000865","BullFVG","Fresh",0,9.00,"RiskLE11",3.50,"NearestStructure",0.3889,"RR_LT_1_0","Pre10","","",False,"",0,0,25565.00,25556.00,"ObservationResearch|ZoneJustCreated|Regime=Unknown"
"OPF-20260725-161545","OPF_0.1","OPF_RESEARCH_2.17","MNQ_0.1","MNQ_1Contract_Target150_200","OPF_PROFILE_0.1","20260102-0110-BULL-OBS-000854-Z000854","2026-01-02T02:10:00.0000000",866,"Outcome","Long","TrendPullback","ZoneBirthResearch",70,"Passed",81.00,"Q80Plus","20260102-0110-BullFVG-000854","BullFVG","Fresh",0,7.75,"RiskLE8_5",4.00,"NearestStructure",0.5161,"RR_LT_1_0","Pre10","Catastrophic","ResearchWindowEnd",False,"",0,0,25530.00,25522.25,"ObservationResearch|ZoneJustCreated|Regime=BullTrend"
"OPF-20260725-161545","OPF_0.1","OPF_RESEARCH_2.17","MNQ_0.1","MNQ_1Contract_Target150_200","OPF_PROFILE_0.1","20260102-0110-BULL-BRK-000854-Z000854","2026-01-02T02:10:00.0000000",866,"Outcome","Long","TrendPullback","BreakawayFvg",70,"Passed",91.00,"Q80Plus","20260102-0110-BullFVG-000854","BullFVG","Fresh",0,7.75,"RiskLE8_5",11.62,"BreakawayTargetR:1.5",1.4994,"RR_GE_1_2","Pre10","Catastrophic","ResearchWindowEnd",False,"",0,0,25530.00,25522.25,"BreakawayFvgResearch"
"OPF-20260725-161545","OPF_0.1","OPF_RESEARCH_2.17","MNQ_0.1","MNQ_1Contract_Target150_200","OPF_PROFILE_0.1","20260102-0105-BULL-OBS-000853-Z000853-OC-STR","2026-01-02T02:10:00.0000000",866,"Outcome","Long","TrendPullback","ObservationStrict_BullFresh_WideStop1_5R",70,"Passed",96.00,"Q80Plus","20260102-0105-BullFVG-000853","BullFVG","Fresh",0,24.75,"RiskGT15",4.00,"NearestStructure",0.1616,"RR_LT_1_0","Pre10","Good","ResearchWindowEnd",False,"",0,0,25530.00,25505.25,"ObservationResearch|ZoneJustCreated|Regime=BullTrend|ObservationConfirmResearch|ZoneBirthResearch|ReclaimZoneHigh|ObservationConfirmStrictResearch|ObservationStrict_BullFresh|ZoneBirthResearch|ReclaimZoneHigh"
"OPF-20260725-161545","OPF_0.1","OPF_RESEARCH_2.17","MNQ_0.1","MNQ_1Contract_Target150_200","OPF_PROFILE_0.1","20260102-0105-BULL-OBS-000853-Z000853-OC-STR","2026-01-02T02:10:00.0000000",866,"Outcome","Long","TrendPullback","ObservationStrict_BullFresh",70,"Passed",96.00,"Q80Plus","20260102-0105-BullFVG-000853","BullFVG","Fresh",0,16.50,"RiskGT15",19.80,"StrictBullFreshMin1_2R",1.2,"RR_GE_1_2","Pre10","Excellent","ResearchWindowEnd",False,"",0,0,25530.00,25513.50,"ObservationResearch|ZoneJustCreated|Regime=BullTrend|ObservationConfirmResearch|ZoneBirthResearch|ReclaimZoneHigh|ObservationConfirmStrictResearch|ObservationStrict_BullFresh|ZoneBirthResearch|ReclaimZoneHigh"
"OPF-20260725-161545","OPF_0.1","OPF_RESEARCH_2.17","MNQ_0.1","MNQ_1Contract_Target150_200","OPF_PROFILE_0.1","20260102-0105-BULL-OBS-000853-Z000853-OC","2026-01-02T02:10:00.0000000",866,"Outcome","Long","TrendPullback","ObservationConfirm_WideStop1_5R",70,"Passed",96.00,"Q80Plus","20260102-0105-BullFVG-000853","BullFVG","Fresh",0,24.75,"RiskGT15",4.00,"NearestStructure",0.1616,"RR_LT_1_0","Pre10","Good","ResearchWindowEnd",False,"",0,0,25530.00,25505.25,"ObservationResearch|ZoneJustCreated|Regime=BullTrend|ObservationConfirmResearch|ZoneBirthResearch|ReclaimZoneHigh"
"OPF-20260725-161545","OPF_0.1","OPF_RESEARCH_2.17","MNQ_0.1","MNQ_1Contract_Target150_200","OPF_PROFILE_0.1","20260102-0105-BULL-OBS-000853-Z000853-OC","2026-01-02T02:10:00.0000000",866,"Outcome","Long","TrendPullback","ObservationConfirm",70,"Passed",96.00,"Q80Plus","20260102-0105-BullFVG-000853","BullFVG","Fresh",0,16.50,"RiskGT15",24.75,"ObservationConfirmTargetR:1.5",1.5,"RR_GE_1_5","Pre10","Excellent","ResearchWindowEnd",False,"",0,0,25530.00,25513.50,"ObservationResearch|ZoneJustCreated|Regime=BullTrend|ObservationConfirmResearch|ZoneBirthResearch|ReclaimZoneHigh"
"OPF-20260725-161545","OPF_0.1","OPF_RESEARCH_2.17","MNQ_0.1","MNQ_1Contract_Target150_200","OPF_PROFILE_0.1","20260102-0205-BULL-OBS-000865-Z000865-OC","2026-01-02T02:10:00.0000000",866,"Tracked","Long","TrendPullback","ObservationConfirm",60,"Weak50_69",80.00,"Q80Plus","20260102-0205-BullFVG-000865","BullFVG","Fresh",0,16.00,"RiskGT15",24.00,"ObservationConfirmTargetR:1.5",1.5,"RR_GE_1_5","Pre10","","",False,"",0,0,25572.00,25556.00,"ObservationResearch|ZoneJustCreated|Regime=Unknown|ObservationConfirmResearch|ZoneBirthResearch|ReclaimZoneHigh"
"OPF-20260725-161545","OPF_0.1","OPF_RESEARCH_2.17","MNQ_0.1","MNQ_1Contract_Target150_200","OPF_PROFILE_0.1","20260102-0205-BULL-OBS-000865-Z000865-OC","2026-01-02T02:10:00.0000000",866,"Tracked","Long","TrendPullback","ObservationConfirm_WideStop1_5R",60,"Weak50_69",80.00,"Q80Plus","20260102-0205-BullFVG-000865","BullFVG","Fresh",0,24.00,"RiskGT15",0,"NearestStructure",0,"RR_LT_1_0","Pre10","","",False,"",0,0,25572.00,25548.00,"ObservationResearch|ZoneJustCreated|Regime=Unknown|ObservationConfirmResearch|ZoneBirthResearch|ReclaimZoneHigh"
"OPF-20260725-161545","OPF_0.1","OPF_RESEARCH_2.17","MNQ_0.1","MNQ_1Contract_Target150_200","OPF_PROFILE_0.1","20260102-0210-BULL-OBS-000866-Z000865","2026-01-02T02:10:00.0000000",866,"Tracked","Long","TrendPullback","UnknownRegimeZoneTouch",60,"Weak50_69",61.00,"Q50_69","20260102-0205-BullFVG-000865","BullFVG","SecondTouch",1,16.00,"RiskGT15",0,"NearestStructure",0,"RR_LT_1_0","Pre10","","",False,"",0,0,25572.00,25556.00,"ObservationResearch|RegimeUnknown|Regime=Unknown"
"OPF-20260725-161545","OPF_0.1","OPF_RESEARCH_2.17","MNQ_0.1","MNQ_1Contract_Target150_200","OPF_PROFILE_0.1","20260102-0115-BULL-OBS-000855-Z000855","2026-01-02T02:15:00.0000000",867,"Outcome","Long","TrendPullback","ZoneBirthResearch",50,"Weak50_69",55.00,"Q50_69","20260102-0115-BullFVG-000855","BullFVG","Fresh",0,1.50,"RiskLE8_5",2.75,"NearestStructure",1.8333,"RR_GE_1_5","Pre10","Catastrophic","ResearchWindowEnd",False,"",0,0,25527.00,25525.50,"ObservationResearch|ZoneJustCreated|Regime=Unknown"
"OPF-20260725-161545","OPF_0.1","OPF_RESEARCH_2.17","MNQ_0.1","MNQ_1Contract_Target150_200","OPF_PROFILE_0.1","20260102-0110-BULL-OBS-000854-Z000854-OC-STR","2026-01-02T02:15:00.0000000",867,"Outcome","Long","TrendPullback","ObservationStrict_BullFresh_WideStop1_5R",70,"Passed",90.00,"Q80Plus","20260102-0110-BullFVG-000854","BullFVG","Fresh",0,7.12,"RiskLE8_5",2.75,"NearestStructure",0.3862,"RR_LT_1_0","Pre10","Catastrophic","ResearchWindowEnd",False,"",0,0,25527.00,25519.88,"ObservationResearch|ZoneJustCreated|Regime=BullTrend|ObservationConfirmResearch|ZoneBirthResearch|ReclaimZoneHigh|ObservationConfirmStrictResearch|ObservationStrict_BullFresh|ZoneBirthResearch|ReclaimZoneHigh"
"OPF-20260725-161545","OPF_0.1","OPF_RESEARCH_2.17","MNQ_0.1","MNQ_1Contract_Target150_200","OPF_PROFILE_0.1","20260102-0110-BULL-OBS-000854-Z000854-OC-STR","2026-01-02T02:15:00.0000000",867,"Outcome","Long","TrendPullback","ObservationStrict_BullFresh",70,"Passed",90.00,"Q80Plus","20260102-0110-BullFVG-000854","BullFVG","Fresh",0,4.75,"RiskLE8_5",5.70,"StrictBullFreshMin1_2R",1.2,"RR_GE_1_2","Pre10","Catastrophic","ResearchWindowEnd",False,"",0,0,25527.00,25522.25,"ObservationResearch|ZoneJustCreated|Regime=BullTrend|ObservationConfirmResearch|ZoneBirthResearch|ReclaimZoneHigh|ObservationConfirmStrictResearch|ObservationStrict_BullFresh|ZoneBirthResearch|ReclaimZoneHigh"
"OPF-20260725-161545","OPF_0.1","OPF_RESEARCH_2.17","MNQ_0.1","MNQ_1Contract_Target150_200","OPF_PROFILE_0.1","20260102-0110-BULL-OBS-000854-Z000854-OC","2026-01-02T02:15:00.0000000",867,"Outcome","Long","TrendPullback","ObservationConfirm_WideStop1_5R",70,"Passed",90.00,"Q80Plus","20260102-0110-BullFVG-000854","BullFVG","Fresh",0,7.12,"RiskLE8_5",2.75,"NearestStructure",0.3862,"RR_LT_1_0","Pre10","Excellent","ResearchWindowEnd",True,"SL",-1,-46.50,25527.00,25519.88,"ObservationResearch|ZoneJustCreated|Regime=BullTrend|ObservationConfirmResearch|ZoneBirthResearch|ReclaimZoneHigh"
"OPF-20260725-161545","OPF_0.1","OPF_RESEARCH_2.17","MNQ_0.1","MNQ_1Contract_Target150_200","OPF_PROFILE_0.1","20260102-0110-BULL-OBS-000854-Z000854-OC","2026-01-02T02:15:00.0000000",867,"Outcome","Long","TrendPullback","ObservationConfirm",70,"Passed",90.00,"Q80Plus","20260102-0110-BullFVG-000854","BullFVG","Fresh",0,4.75,"RiskLE8_5",7.12,"ObservationConfirmTargetR:1.5",1.4989,"RR_GE_1_2","Pre10","Catastrophic","ResearchWindowEnd",False,"",0,0,25527.00,25522.25,"ObservationResearch|ZoneJustCreated|Regime=BullTrend|ObservationConfirmResearch|ZoneBirthResearch|ReclaimZoneHigh"
"OPF-20260725-161545","OPF_0.1","OPF_RESEARCH_2.17","MNQ_0.1","MNQ_1Contract_Target150_200","OPF_PROFILE_0.1","20260102-0210-BULL-OBS-000866-Z000865-OC","2026-01-02T02:15:00.0000000",867,"Tracked","Long","TrendPullback","ObservationConfirm",60,"Weak50_69",69.00,"Q50_69","20260102-0205-BullFVG-000865","BullFVG","SecondTouch",1,16.25,"RiskGT15",24.38,"ObservationConfirmTargetR:1.5",1.5003,"RR_GE_1_5","Pre10","","",False,"",0,0,25572.25,25556.00,"ObservationResearch|RegimeUnknown|Regime=Unknown|ObservationConfirmResearch|UnknownRegimeZoneTouch|ReclaimZoneHigh"
"OPF-20260725-161545","OPF_0.1","OPF_RESEARCH_2.17","MNQ_0.1","MNQ_1Contract_Target150_200","OPF_PROFILE_0.1","20260102-0210-BULL-OBS-000866-Z000865-OC","2026-01-02T02:15:00.0000000",867,"Tracked","Long","TrendPullback","ObservationConfirm_WideStop1_5R",60,"Weak50_69",69.00,"Q50_69","20260102-0205-BullFVG-000865","BullFVG","SecondTouch",1,24.38,"RiskGT15",0.50,"NearestStructure",0.0205,"RR_LT_1_0","Pre10","","",False,"",0,0,25572.25,25547.87,"ObservationResearch|RegimeUnknown|Regime=Unknown|ObservationConfirmResearch|UnknownRegimeZoneTouch|ReclaimZoneHigh"
"OPF-20260725-161545","OPF_0.1","OPF_RESEARCH_2.17","MNQ_0.1","MNQ_1Contract_Target150_200","OPF_PROFILE_0.1","20260102-0210-BULL-OBS-000866-Z000865-OC-STR","2026-01-02T02:15:00.0000000",867,"Tracked","Long","TrendPullback","ObservationStrict_Other",60,"Weak50_69",69.00,"Q50_69","20260102-0205-BullFVG-000865","BullFVG","SecondTouch",1,16.25,"RiskGT15",0.50,"NearestStructure",0.0308,"RR_LT_1_0","Pre10","","",False,"",0,0,25572.25,25556.00,"ObservationResearch|RegimeUnknown|Regime=Unknown|ObservationConfirmResearch|UnknownRegimeZoneTouch|ReclaimZoneHigh|ObservationConfirmStrictResearch|ObservationStrict_Other|UnknownRegimeZoneTouch|ReclaimZoneHigh"
"OPF-20260725-161545","OPF_0.1","OPF_RESEARCH_2.17","MNQ_0.1","MNQ_1Contract_Target150_200","OPF_PROFILE_0.1","20260102-0210-BULL-OBS-000866-Z000865-OC-STR","2026-01-02T02:15:00.0000000",867,"Tracked","Long","TrendPullback","ObservationStrict_Other_WideStop1_5R",60,"Weak50_69",69.00,"Q50_69","20260102-0205-BullFVG-000865","BullFVG","SecondTouch",1,24.38,"RiskGT15",0.50,"NearestStructure",0.0205,"RR_LT_1_0","Pre10","","",False,"",0,0,25572.25,25547.87,"ObservationResearch|RegimeUnknown|Regime=Unknown|ObservationConfirmResearch|UnknownRegimeZoneTouch|ReclaimZoneHigh|ObservationConfirmStrictResearch|ObservationStrict_Other|UnknownRegimeZoneTouch|ReclaimZoneHigh"
"OPF-20260725-161545","OPF_0.1","OPF_RESEARCH_2.17","MNQ_0.1","MNQ_1Contract_Target150_200","OPF_PROFILE_0.1","20260102-0120-BULL-OBS-000856-Z000853","2026-01-02T02:20:00.0000000",868,"Outcome","Long","TrendPullback","UnknownRegimeZoneTouch",50,"Weak50_69",51.00,"Q50_69","20260102-0105-BullFVG-000853","BullFVG","SecondTouch",1,5.50,"RiskLE8_5",3.75,"NearestStructure",0.6818,"RR_LT_1_0","Pre10","Excellent","ResearchWindowEnd",False,"",0,0,25519.00,25513.50,"ObservationResearch|RegimeUnknown|Regime=Unknown"
"OPF-20260725-161545","OPF_0.1","OPF_RESEARCH_2.17","MNQ_0.1","MNQ_1Contract_Target150_200","OPF_PROFILE_0.1","20260102-0115-BULL-OBS-000855-Z000855-FR","2026-01-02T02:20:00.0000000",868,"Outcome","Short","FailureReverse","FailureReverse_ObservationInvalidated_WideStop1_5R",50,"Weak50_69",70.00,"Q70_79","20260102-0115-BullFVG-000855","BullFVG","Fresh",0,12.75,"RiskLE15",0.25,"NearestStructure",0.0196,"RR_LT_1_0","Pre10","Catastrophic","ResearchWindowEnd",False,"",0,0,25519.00,25531.75,"FailureReverseResearch|FailureSourceSignalID=20260102-0115-BULL-OBS-000855-Z000855|FailureSource=BullFVG|FailureSourceZoneFreshness=Fresh|ZoneBirthResearch|ZoneJustCreated"
"OPF-20260725-161545","OPF_0.1","OPF_RESEARCH_2.17","MNQ_0.1","MNQ_1Contract_Target150_200","OPF_PROFILE_0.1","20260102-0115-BULL-OBS-000855-Z000855-FR","2026-01-02T02:20:00.0000000",868,"Outcome","Short","FailureReverse","FailureReverse_ObservationInvalidated",50,"Weak50_69",70.00,"Q70_79","20260102-0115-BullFVG-000855","BullFVG","Fresh",0,8.50,"RiskLE8_5",0.25,"NearestStructure",0.0294,"RR_LT_1_0","Pre10","Catastrophic","ResearchWindowEnd",False,"",0,0,25519.00,25527.50,"FailureReverseResearch|FailureSourceSignalID=20260102-0115-BULL-OBS-000855-Z000855|FailureSource=BullFVG|FailureSourceZoneFreshness=Fresh|ZoneBirthResearch|ZoneJustCreated"
"OPF-20260725-161545","OPF_0.1","OPF_RESEARCH_2.17","MNQ_0.1","MNQ_1Contract_Target150_200","OPF_PROFILE_0.1","20260102-0105-BULL-SHD-000853-Z000853","2026-01-02T02:20:00.0000000",868,"Outcome","Long","TrendPullback","ShadowCandidate",70,"Passed",85.00,"Q80Plus","20260102-0105-BullFVG-000853","BullFVG","Fresh",0,5.50,"RiskLE8_5",8.25,"ShadowCandidateTargetR:1.5",1.5,"RR_GE_1_5","Pre10","Excellent","ResearchWindowEnd",False,"",0,0,25519.00,25513.50,"ShadowCandidateResearch|ZoneJustCreated|ReclaimZoneHigh"
"OPF-20260725-161545","OPF_0.1","OPF_RESEARCH_2.17","MNQ_0.1","MNQ_1Contract_Target150_200","OPF_PROFILE_0.1","20260102-0120-BULL-PB-000856-Z000853","2026-01-02T02:20:00.0000000",868,"Outcome","Long","TrendPullback","AlmostConfirmed",70,"Passed",70.00,"Q70_79","20260102-0105-BullFVG-000853","BullFVG","Fresh",0,5.50,"RiskLE8_5",3.75,"NearestStructure",0.6818,"RR_LT_1_0","Pre10","Excellent","ResearchWindowEnd",False,"",0,0,25519.00,25513.50,"MainlineRetest"
"OPF-20260725-161545","OPF_0.1","OPF_RESEARCH_2.17","MNQ_0.1","MNQ_1Contract_Target150_200","OPF_PROFILE_0.1","20260102-0120-BULL-OBS-000856-Z000853-OC","2026-01-02T02:25:00.0000000",869,"Outcome","Long","TrendPullback","ObservationConfirm_WideStop1_5R",50,"Weak50_69",76.00,"Q70_79","20260102-0105-BullFVG-000853","BullFVG","SecondTouch",1,28.12,"RiskGT15",1.75,"NearestStructure",0.0622,"RR_LT_1_0","Pre10","Excellent","ResearchWindowEnd",False,"",0,0,25532.25,25504.13,"ObservationResearch|RegimeUnknown|Regime=Unknown|ObservationConfirmResearch|UnknownRegimeZoneTouch|ReclaimZoneHigh"
"OPF-20260725-161545","OPF_0.1","OPF_RESEARCH_2.17","MNQ_0.1","MNQ_1Contract_Target150_200","OPF_PROFILE_0.1","20260102-0120-BULL-OBS-000856-Z000853-OC","2026-01-02T02:25:00.0000000",869,"Outcome","Long","TrendPullback","ObservationConfirm",50,"Weak50_69",76.00,"Q70_79","20260102-0105-BullFVG-000853","BullFVG","SecondTouch",1,18.75,"RiskGT15",28.12,"ObservationConfirmTargetR:1.5",1.4997,"RR_GE_1_2","Pre10","Excellent","ResearchWindowEnd",False,"",0,0,25532.25,25513.50,"ObservationResearch|RegimeUnknown|Regime=Unknown|ObservationConfirmResearch|UnknownRegimeZoneTouch|ReclaimZoneHigh"
"OPF-20260725-161545","OPF_0.1","OPF_RESEARCH_2.17","MNQ_0.1","MNQ_1Contract_Target150_200","OPF_PROFILE_0.1","20260102-0225-BULL-OBS-000869-Z000869","2026-01-02T02:25:00.0000000",869,"Tracked","Long","TrendPullback","ZoneBirthResearch",50,"Weak50_69",65.00,"Q50_69","20260102-0225-BullFVG-000869","BullFVG","Fresh",0,14.00,"RiskLE15",0,"NearestStructure",0,"RR_LT_1_0","Pre10","","",False,"",0,0,25590.25,25576.25,"ObservationResearch|ZoneJustCreated|Regime=Unknown"
"OPF-20260725-161545","OPF_0.1","OPF_RESEARCH_2.17","MNQ_0.1","MNQ_1Contract_Target150_200","OPF_PROFILE_0.1","20260102-0130-BULL-OBS-000858-Z000858","2026-01-02T02:30:00.0000000",870,"Outcome","Long","TrendPullback","ZoneBirthResearch",60,"Weak50_69",65.00,"Q50_69","20260102-0130-BullFVG-000858","BullFVG","Fresh",0,22.75,"RiskGT15",0.50,"NearestStructure",0.0220,"RR_LT_1_0","Pre10","Good","ResearchWindowEnd",False,"",0,0,25552.00,25529.25,"ObservationResearch|ZoneJustCreated|Regime=Unknown"
"OPF-20260725-161545","OPF_0.1","OPF_RESEARCH_2.17","MNQ_0.1","MNQ_1Contract_Target150_200","OPF_PROFILE_0.1","20260102-0120-BULL-PB-000856-Z000853-SCB-CBM","2026-01-02T02:30:00.0000000",870,"Outcome","Long","TrendPullback","StructureConfirmShadow_ConfirmBarStop_Min10",70,"Passed",95.00,"Q80Plus","20260102-0105-BullFVG-000853","BullFVG","Fresh",0,21.25,"RiskGT15",31.88,"StructureConfirmTargetR:1.5",1.5002,"RR_GE_1_5","Pre10","Good","ResearchWindowEnd",False,"",0,0,25552.00,25530.75,"StructureConfirmShadowResearch|CandidateAfterRetest|MicroBos3BreakHigh|ConfirmBarStopMin10Research|ConfirmBarLow"
"OPF-20260725-161545","OPF_0.1","OPF_RESEARCH_2.17","MNQ_0.1","MNQ_1Contract_Target150_200","OPF_PROFILE_0.1","20260102-0120-BULL-PB-000856-Z000853-SCB-CBR","2026-01-02T02:30:00.0000000",870,"Outcome","Long","TrendPullback","StructureConfirmShadow_ConfirmBarStop",70,"Passed",95.00,"Q80Plus","20260102-0105-BullFVG-000853","BullFVG","Fresh",0,21.25,"RiskGT15",31.88,"StructureConfirmTargetR:1.5",1.5002,"RR_GE_1_5","Pre10","Good","ResearchWindowEnd",False,"",0,0,25552.00,25530.75,"StructureConfirmShadowResearch|CandidateAfterRetest|MicroBos3BreakHigh|ConfirmBarStopResearch|ConfirmBarLow"
"OPF-20260725-161545","OPF_0.1","OPF_RESEARCH_2.17","MNQ_0.1","MNQ_1Contract_Target150_200","OPF_PROFILE_0.1","20260102-0120-BULL-PB-000856-Z000853-SCB","2026-01-02T02:30:00.0000000",870,"Outcome","Long","TrendPullback","StructureConfirmShadow",70,"Passed",95.00,"Q80Plus","20260102-0105-BullFVG-000853","BullFVG","Fresh",0,38.50,"RiskGT15",0.50,"NearestStructure",0.0130,"RR_LT_1_0","Pre10","Good","ResearchWindowEnd",False,"",0,0,25552.00,25513.50,"StructureConfirmShadowResearch|CandidateAfterRetest|MicroBos3BreakHigh"
"OPF-20260725-161545","OPF_0.1","OPF_RESEARCH_2.17","MNQ_0.1","MNQ_1Contract_Target150_200","OPF_PROFILE_0.1","20260102-0105-BULL-SHD-000853-Z000853-SCB-CBM","2026-01-02T02:30:00.0000000",870,"Outcome","Long","TrendPullback","StructureConfirmShadow_ConfirmBarStop_Min10",70,"Passed",95.00,"Q80Plus","20260102-0105-BullFVG-000853","BullFVG","Fresh",0,21.25,"RiskGT15",31.88,"StructureConfirmTargetR:1.5",1.5002,"RR_GE_1_5","Pre10","Good","ResearchWindowEnd",False,"",0,0,25552.00,25530.75,"StructureConfirmShadowResearch|ShadowAfterRetest:ZoneJustCreated|MicroBos3BreakHigh|ConfirmBarStopMin10Research|ConfirmBarLow"
"OPF-20260725-161545","OPF_0.1","OPF_RESEARCH_2.17","MNQ_0.1","MNQ_1Contract_Target150_200","OPF_PROFILE_0.1","20260102-0105-BULL-SHD-000853-Z000853-SCB-CBR","2026-01-02T02:30:00.0000000",870,"Outcome","Long","TrendPullback","StructureConfirmShadow_ConfirmBarStop",70,"Passed",95.00,"Q80Plus","20260102-0105-BullFVG-000853","BullFVG","Fresh",0,21.25,"RiskGT15",31.88,"StructureConfirmTargetR:1.5",1.5002,"RR_GE_1_5","Pre10","Good","ResearchWindowEnd",False,"",0,0,25552.00,25530.75,"StructureConfirmShadowResearch|ShadowAfterRetest:ZoneJustCreated|MicroBos3BreakHigh|ConfirmBarStopResearch|ConfirmBarLow"
"OPF-20260725-161545","OPF_0.1","OPF_RESEARCH_2.17","MNQ_0.1","MNQ_1Contract_Target150_200","OPF_PROFILE_0.1","20260102-0105-BULL-SHD-000853-Z000853-SCB","2026-01-02T02:30:00.0000000",870,"Outcome","Long","TrendPullback","StructureConfirmShadow",70,"Passed",95.00,"Q80Plus","20260102-0105-BullFVG-000853","BullFVG","Fresh",0,38.50,"RiskGT15",0.50,"NearestStructure",0.0130,"RR_LT_1_0","Pre10","Good","ResearchWindowEnd",False,"",0,0,25552.00,25513.50,"StructureConfirmShadowResearch|ShadowAfterRetest:ZoneJustCreated|MicroBos3BreakHigh"
"OPF-20260725-161545","OPF_0.1","OPF_RESEARCH_2.17","MNQ_0.1","MNQ_1Contract_Target150_200","OPF_PROFILE_0.1","20260102-0225-BULL-OBS-000869-Z000869-OC","2026-01-02T02:30:00.0000000",870,"Tracked","Long","TrendPullback","ObservationConfirm",50,"Weak50_69",80.00,"Q80Plus","20260102-0225-BullFVG-000869","BullFVG","Fresh",0,14.00,"RiskLE15",21.00,"ObservationConfirmTargetR:1.5",1.5,"RR_GE_1_5","Pre10","","",False,"",0,0,25590.25,25576.25,"ObservationResearch|ZoneJustCreated|Regime=Unknown|ObservationConfirmResearch|ZoneBirthResearch|ReclaimZoneHigh"
"OPF-20260725-161545","OPF_0.1","OPF_RESEARCH_2.17","MNQ_0.1","MNQ_1Contract_Target150_200","OPF_PROFILE_0.1","20260102-0225-BULL-OBS-000869-Z000869-OC","2026-01-02T02:30:00.0000000",870,"Tracked","Long","TrendPullback","ObservationConfirm_WideStop1_5R",50,"Weak50_69",80.00,"Q80Plus","20260102-0225-BullFVG-000869","BullFVG","Fresh",0,21.00,"RiskGT15",2.50,"NearestStructure",0.1190,"RR_LT_1_0","Pre10","","",False,"",0,0,25590.25,25569.25,"ObservationResearch|ZoneJustCreated|Regime=Unknown|ObservationConfirmResearch|ZoneBirthResearch|ReclaimZoneHigh"
"OPF-20260725-161545","OPF_0.1","OPF_RESEARCH_2.17","MNQ_0.1","MNQ_1Contract_Target150_200","OPF_PROFILE_0.1","20260102-0130-BULL-OBS-000858-Z000858-OC-STR","2026-01-02T02:35:00.0000000",871,"Outcome","Long","TrendPullback","ObservationStrict_BullFresh_WideStop1_5R",60,"Weak50_69",70.00,"Q70_79","20260102-0130-BullFVG-000858","BullFVG","Fresh",0,29.25,"RiskGT15",2.75,"NearestStructure",0.0940,"RR_LT_1_0","Pre10","Good","ResearchWindowEnd",False,"",0,0,25548.75,25519.50,"ObservationResearch|ZoneJustCreated|Regime=Unknown|ObservationConfirmResearch|ZoneBirthResearch|ReclaimZoneHigh|ObservationConfirmStrictResearch|ObservationStrict_BullFresh|ZoneBirthResearch|ReclaimZoneHigh"
"OPF-20260725-161545","OPF_0.1","OPF_RESEARCH_2.17","MNQ_0.1","MNQ_1Contract_Target150_200","OPF_PROFILE_0.1","20260102-0130-BULL-OBS-000858-Z000858-OC-STR","2026-01-02T02:35:00.0000000",871,"Outcome","Long","TrendPullback","ObservationStrict_BullFresh",60,"Weak50_69",70.00,"Q70_79","20260102-0130-BullFVG-000858","BullFVG","Fresh",0,19.50,"RiskGT15",23.40,"StrictBullFreshMin1_2R",1.2,"RR_GE_1_2","Pre10","Excellent","ResearchWindowEnd",False,"",0,0,25548.75,25529.25,"ObservationResearch|ZoneJustCreated|Regime=Unknown|ObservationConfirmResearch|ZoneBirthResearch|ReclaimZoneHigh|ObservationConfirmStrictResearch|ObservationStrict_BullFresh|ZoneBirthResearch|ReclaimZoneHigh"
"OPF-20260725-161545","OPF_0.1","OPF_RESEARCH_2.17","MNQ_0.1","MNQ_1Contract_Target150_200","OPF_PROFILE_0.1","20260102-0130-BULL-OBS-000858-Z000858-OC","2026-01-02T02:35:00.0000000",871,"Outcome","Long","TrendPullback","ObservationConfirm_WideStop1_5R",60,"Weak50_69",70.00,"Q70_79","20260102-0130-BullFVG-000858","BullFVG","Fresh",0,29.25,"RiskGT15",2.75,"NearestStructure",0.0940,"RR_LT_1_0","Pre10","Good","ResearchWindowEnd",False,"",0,0,25548.75,25519.50,"ObservationResearch|ZoneJustCreated|Regime=Unknown|ObservationConfirmResearch|ZoneBirthResearch|ReclaimZoneHigh"
"OPF-20260725-161545","OPF_0.1","OPF_RESEARCH_2.17","MNQ_0.1","MNQ_1Contract_Target150_200","OPF_PROFILE_0.1","20260102-0130-BULL-OBS-000858-Z000858-OC","2026-01-02T02:35:00.0000000",871,"Outcome","Long","TrendPullback","ObservationConfirm",60,"Weak50_69",70.00,"Q70_79","20260102-0130-BullFVG-000858","BullFVG","Fresh",0,19.50,"RiskGT15",29.25,"ObservationConfirmTargetR:1.5",1.5,"RR_GE_1_5","Pre10","Excellent","ResearchWindowEnd",False,"",0,0,25548.75,25529.25,"ObservationResearch|ZoneJustCreated|Regime=Unknown|ObservationConfirmResearch|ZoneBirthResearch|ReclaimZoneHigh"
"OPF-20260725-161545","OPF_0.1","OPF_RESEARCH_2.17","MNQ_0.1","MNQ_1Contract_Target150_200","OPF_PROFILE_0.1","20260102-0115-BULL-OBS-000855-Z000855-FR-RT","2026-01-02T02:50:00.0000000",874,"Outcome","Short","FailureReverse","FailureReverse_RetestFailed_WideStop1_5R",50,"Weak50_69",80.00,"Q80Plus","20260102-0115-BullFVG-000855","BullFVG","Fresh",0,27.00,"RiskGT15",4.00,"NearestStructure",0.1481,"RR_LT_1_0","Pre10","Catastrophic","ResearchWindowEnd",False,"",0,0,25545.50,25572.50,"FailureReverseResearch|FailureSourceSignalID=20260102-0115-BULL-OBS-000855-Z000855|FailureSource=BullFVG|FailureSourceZoneFreshness=Fresh|ZoneBirthResearch|ZoneJustCreated|FailureRetestFailedTriggered|BreakPrevLow"
"OPF-20260725-161545","OPF_0.1","OPF_RESEARCH_2.17","MNQ_0.1","MNQ_1Contract_Target150_200","OPF_PROFILE_0.1","20260102-0115-BULL-OBS-000855-Z000855-FR-RT","2026-01-02T02:50:00.0000000",874,"Outcome","Short","FailureReverse","FailureReverse_RetestFailed",50,"Weak50_69",80.00,"Q80Plus","20260102-0115-BullFVG-000855","BullFVG","Fresh",0,18.00,"RiskGT15",21.60,"FailureRetestMin1_2R",1.2,"RR_GE_1_2","Pre10","Catastrophic","ResearchWindowEnd",False,"",0,0,25545.50,25527.50,"FailureReverseResearch|FailureSourceSignalID=20260102-0115-BULL-OBS-000855-Z000855|FailureSource=BullFVG|FailureSourceZoneFreshness=Fresh|ZoneBirthResearch|ZoneJustCreated|FailureRetestFailedTriggered|BreakPrevLow"
"OPF-20260725-161545","OPF_0.1","OPF_RESEARCH_2.17","MNQ_0.1","MNQ_1Contract_Target150_200","OPF_PROFILE_0.1","20260102-0250-BULL-BRK-000874-Z000874","2026-01-02T02:50:00.0000000",874,"Tracked","Long","TrendPullback","BreakawayFvg",70,"Passed",95.00,"Q80Plus","20260102-0250-BullFVG-000874","BullFVG","Fresh",0,12.00,"RiskLE15",18.00,"BreakawayTargetR:1.5",1.5,"RR_GE_1_5","Pre10","","",False,"",0,0,25604.50,25592.50,"BreakawayFvgResearch"
"OPF-20260725-161545","OPF_0.1","OPF_RESEARCH_2.17","MNQ_0.1","MNQ_1Contract_Target150_200","OPF_PROFILE_0.1","20260102-0250-BULL-OBS-000874-Z000874","2026-01-02T02:50:00.0000000",874,"Tracked","Long","TrendPullback","ZoneBirthResearch",70,"Passed",85.00,"Q80Plus","20260102-0250-BullFVG-000874","BullFVG","Fresh",0,12.00,"RiskLE15",0,"NearestStructure",0,"RR_LT_1_0","Pre10","","",False,"",0,0,25604.50,25592.50,"ObservationResearch|ZoneJustCreated|Regime=BullTrend"
"OPF-20260725-161545","OPF_0.1","OPF_RESEARCH_2.17","MNQ_0.1","MNQ_1Contract_Target150_200","OPF_PROFILE_0.1","20260102-0250-BULL-OBS-000874-Z000874-OC","2026-01-02T02:55:00.0000000",875,"Tracked","Long","TrendPullback","ObservationConfirm",70,"Passed",93.00,"Q80Plus","20260102-0250-BullFVG-000874","BullFVG","Fresh",0,11.00,"RiskLE11",16.50,"ObservationConfirmTargetR:1.5",1.5,"RR_GE_1_5","Pre10","","",False,"",0,0,25603.50,25592.50,"ObservationResearch|ZoneJustCreated|Regime=BullTrend|ObservationConfirmResearch|ZoneBirthResearch|ReclaimZoneHigh"
"OPF-20260725-161545","OPF_0.1","OPF_RESEARCH_2.17","MNQ_0.1","MNQ_1Contract_Target150_200","OPF_PROFILE_0.1","20260102-0250-BULL-OBS-000874-Z000874-OC","2026-01-02T02:55:00.0000000",875,"Tracked","Long","TrendPullback","ObservationConfirm_WideStop1_5R",70,"Passed",93.00,"Q80Plus","20260102-0250-BullFVG-000874","BullFVG","Fresh",0,16.50,"RiskGT15",4.50,"NearestStructure",0.2727,"RR_LT_1_0","Pre10","","",False,"",0,0,25603.50,25587.00,"ObservationResearch|ZoneJustCreated|Regime=BullTrend|ObservationConfirmResearch|ZoneBirthResearch|ReclaimZoneHigh"
"OPF-20260725-161545","OPF_0.1","OPF_RESEARCH_2.17","MNQ_0.1","MNQ_1Contract_Target150_200","OPF_PROFILE_0.1","20260102-0250-BULL-OBS-000874-Z000874-OC-STR","2026-01-02T02:55:00.0000000",875,"Tracked","Long","TrendPullback","ObservationStrict_BullFresh",70,"Passed",93.00,"Q80Plus","20260102-0250-BullFVG-000874","BullFVG","Fresh",0,11.00,"RiskLE11",13.20,"StrictBullFreshMin1_2R",1.2,"RR_GE_1_2","Pre10","","",False,"",0,0,25603.50,25592.50,"ObservationResearch|ZoneJustCreated|Regime=BullTrend|ObservationConfirmResearch|ZoneBirthResearch|ReclaimZoneHigh|ObservationConfirmStrictResearch|ObservationStrict_BullFresh|ZoneBirthResearch|ReclaimZoneHigh"
"OPF-20260725-161545","OPF_0.1","OPF_RESEARCH_2.17","MNQ_0.1","MNQ_1Contract_Target150_200","OPF_PROFILE_0.1","20260102-0250-BULL-OBS-000874-Z000874-OC-STR","2026-01-02T02:55:00.0000000",875,"Tracked","Long","TrendPullback","ObservationStrict_BullFresh_WideStop1_5R",70,"Passed",93.00,"Q80Plus","20260102-0250-BullFVG-000874","BullFVG","Fresh",0,16.50,"RiskGT15",4.50,"NearestStructure",0.2727,"RR_LT_1_0","Pre10","","",False,"",0,0,25603.50,25587.00,"ObservationResearch|ZoneJustCreated|Regime=BullTrend|ObservationConfirmResearch|ZoneBirthResearch|ReclaimZoneHigh|ObservationConfirmStrictResearch|ObservationStrict_BullFresh|ZoneBirthResearch|ReclaimZoneHigh"
"OPF-20260725-161545","OPF_0.1","OPF_RESEARCH_2.17","MNQ_0.1","MNQ_1Contract_Target150_200","OPF_PROFILE_0.1","20260102-0255-BULL-OBS-000875-Z000875","2026-01-02T02:55:00.0000000",875,"Tracked","Long","TrendPullback","ZoneBirthResearch",50,"Weak50_69",58.00,"Q50_69","20260102-0255-BullFVG-000875","BullFVG","Fresh",0,6.00,"RiskLE8_5",4.50,"NearestStructure",0.75,"RR_LT_1_0","Pre10","","",False,"",0,0,25603.50,25597.50,"ObservationResearch|ZoneJustCreated|Regime=Unknown"
"OPF-20260725-161545","OPF_0.1","OPF_RESEARCH_2.17","MNQ_0.1","MNQ_1Contract_Target150_200","OPF_PROFILE_0.1","20260102-0200-BULL-OBS-000864-Z000864","2026-01-02T03:00:00.0000000",876,"Outcome","Long","TrendPullback","ZoneBirthResearch",80,"Passed",85.00,"Q80Plus","20260102-0200-BullFVG-000864","BullFVG","Fresh",0,14.50,"RiskLE15",1.25,"NearestStructure",0.0862,"RR_LT_1_0","Pre10","Excellent","ResearchWindowEnd",False,"",0,0,25567.25,25552.75,"ObservationResearch|ZoneJustCreated|Regime=BullTrend"
"OPF-20260725-161545","OPF_0.1","OPF_RESEARCH_2.17","MNQ_0.1","MNQ_1Contract_Target150_200","OPF_PROFILE_0.1","20260102-0200-BULL-BRK-000864-Z000864","2026-01-02T03:00:00.0000000",876,"Outcome","Long","TrendPullback","BreakawayFvg",80,"Passed",95.00,"Q80Plus","20260102-0200-BullFVG-000864","BullFVG","Fresh",0,14.50,"RiskLE15",21.75,"BreakawayTargetR:1.5",1.5,"RR_GE_1_5","Pre10","Excellent","ResearchWindowEnd",False,"",0,0,25567.25,25552.75,"BreakawayFvgResearch"
"OPF-20260725-161545","OPF_0.1","OPF_RESEARCH_2.17","MNQ_0.1","MNQ_1Contract_Target150_200","OPF_PROFILE_0.1","20260102-0255-BULL-OBS-000875-Z000875-OC","2026-01-02T03:00:00.0000000",876,"Tracked","Long","TrendPullback","ObservationConfirm",50,"Weak50_69",76.00,"Q70_79","20260102-0255-BullFVG-000875","BullFVG","Fresh",0,6.00,"RiskLE8_5",9.00,"ObservationConfirmTargetR:1.5",1.5,"RR_GE_1_5","Pre10","","",False,"",0,0,25603.50,25597.50,"ObservationResearch|ZoneJustCreated|Regime=Unknown|ObservationConfirmResearch|ZoneBirthResearch|ReclaimZoneHigh"
"OPF-20260725-161545","OPF_0.1","OPF_RESEARCH_2.17","MNQ_0.1","MNQ_1Contract_Target150_200","OPF_PROFILE_0.1","20260102-0255-BULL-OBS-000875-Z000875-OC","2026-01-02T03:00:00.0000000",876,"Tracked","Long","TrendPullback","ObservationConfirm_WideStop1_5R",50,"Weak50_69",76.00,"Q70_79","20260102-0255-BullFVG-000875","BullFVG","Fresh",0,9.00,"RiskLE11",3.25,"NearestStructure",0.3611,"RR_LT_1_0","Pre10","","",False,"",0,0,25603.50,25594.50,"ObservationResearch|ZoneJustCreated|Regime=Unknown|ObservationConfirmResearch|ZoneBirthResearch|ReclaimZoneHigh"
"OPF-20260725-161545","OPF_0.1","OPF_RESEARCH_2.17","MNQ_0.1","MNQ_1Contract_Target150_200","OPF_PROFILE_0.1","20260102-0300-BULL-OBS-000876-Z000875","2026-01-02T03:00:00.0000000",876,"Tracked","Long","TrendPullback","UnknownRegimeZoneTouch",50,"Weak50_69",53.00,"Q50_69","20260102-0255-BullFVG-000875","BullFVG","SecondTouch",1,6.00,"RiskLE8_5",3.25,"NearestStructure",0.5417,"RR_LT_1_0","Pre10","","",False,"",0,0,25603.50,25597.50,"ObservationResearch|RegimeUnknown|Regime=Unknown"
"OPF-20260725-161545","OPF_0.1","OPF_RESEARCH_2.17","MNQ_0.1","MNQ_1Contract_Target150_200","OPF_PROFILE_0.1","20260102-0205-BULL-OBS-000865-Z000865","2026-01-02T03:05:00.0000000",877,"Outcome","Long","TrendPullback","ZoneBirthResearch",60,"Weak50_69",58.00,"Q50_69","20260102-0205-BullFVG-000865","BullFVG","Fresh",0,9.00,"RiskLE11",3.50,"NearestStructure",0.3889,"RR_LT_1_0","Pre10","Excellent","ResearchWindowEnd",False,"",0,0,25565.00,25556.00,"ObservationResearch|ZoneJustCreated|Regime=Unknown"
"OPF-20260725-161545","OPF_0.1","OPF_RESEARCH_2.17","MNQ_0.1","MNQ_1Contract_Target150_200","OPF_PROFILE_0.1","20260102-0200-BULL-OBS-000864-Z000864-OC-STR","2026-01-02T03:05:00.0000000",877,"Outcome","Long","TrendPullback","ObservationStrict_BullFresh_WideStop1_5R",80,"Passed",93.00,"Q80Plus","20260102-0200-BullFVG-000864","BullFVG","Fresh",0,18.38,"RiskGT15",3.50,"NearestStructure",0.1904,"RR_LT_1_0","Pre10","Excellent","ResearchWindowEnd",False,"",0,0,25565.00,25546.62,"ObservationResearch|ZoneJustCreated|Regime=BullTrend|ObservationConfirmResearch|ZoneBirthResearch|ReclaimZoneHigh|ObservationConfirmStrictResearch|ObservationStrict_BullFresh|ZoneBirthResearch|ReclaimZoneHigh"
"OPF-20260725-161545","OPF_0.1","OPF_RESEARCH_2.17","MNQ_0.1","MNQ_1Contract_Target150_200","OPF_PROFILE_0.1","20260102-0200-BULL-OBS-000864-Z000864-OC-STR","2026-01-02T03:05:00.0000000",877,"Outcome","Long","TrendPullback","ObservationStrict_BullFresh",80,"Passed",93.00,"Q80Plus","20260102-0200-BullFVG-000864","BullFVG","Fresh",0,12.25,"RiskLE15",14.70,"StrictBullFreshMin1_2R",1.2,"RR_GE_1_2","Pre10","Excellent","ResearchWindowEnd",False,"",0,0,25565.00,25552.75,"ObservationResearch|ZoneJustCreated|Regime=BullTrend|ObservationConfirmResearch|ZoneBirthResearch|ReclaimZoneHigh|ObservationConfirmStrictResearch|ObservationStrict_BullFresh|ZoneBirthResearch|ReclaimZoneHigh"
"OPF-20260725-161545","OPF_0.1","OPF_RESEARCH_2.17","MNQ_0.1","MNQ_1Contract_Target150_200","OPF_PROFILE_0.1","20260102-0200-BULL-OBS-000864-Z000864-OC","2026-01-02T03:05:00.0000000",877,"Outcome","Long","TrendPullback","ObservationConfirm_WideStop1_5R",80,"Passed",93.00,"Q80Plus","20260102-0200-BullFVG-000864","BullFVG","Fresh",0,18.38,"RiskGT15",3.50,"NearestStructure",0.1904,"RR_LT_1_0","Pre10","Excellent","ResearchWindowEnd",True,"TIME_STOP",2.1005,230.00,25565.00,25546.62,"ObservationResearch|ZoneJustCreated|Regime=BullTrend|ObservationConfirmResearch|ZoneBirthResearch|ReclaimZoneHigh"
"OPF-20260725-161545","OPF_0.1","OPF_RESEARCH_2.17","MNQ_0.1","MNQ_1Contract_Target150_200","OPF_PROFILE_0.1","20260102-0200-BULL-OBS-000864-Z000864-OC","2026-01-02T03:05:00.0000000",877,"Outcome","Long","TrendPullback","ObservationConfirm",80,"Passed",93.00,"Q80Plus","20260102-0200-BullFVG-000864","BullFVG","Fresh",0,12.25,"RiskLE15",18.38,"ObservationConfirmTargetR:1.5",1.5004,"RR_GE_1_5","Pre10","Excellent","ResearchWindowEnd",False,"",0,0,25565.00,25552.75,"ObservationResearch|ZoneJustCreated|Regime=BullTrend|ObservationConfirmResearch|ZoneBirthResearch|ReclaimZoneHigh"
"OPF-20260725-161545","OPF_0.1","OPF_RESEARCH_2.17","MNQ_0.1","MNQ_1Contract_Target150_200","OPF_PROFILE_0.1","20260102-0210-BULL-OBS-000866-Z000865","2026-01-02T03:10:00.0000000",878,"Outcome","Long","TrendPullback","UnknownRegimeZoneTouch",60,"Weak50_69",61.00,"Q50_69","20260102-0205-BullFVG-000865","BullFVG","SecondTouch",1,16.00,"RiskGT15",0.75,"NearestStructure",0.0469,"RR_LT_1_0","Pre10","Excellent","ResearchWindowEnd",False,"",0,0,25572.00,25556.00,"ObservationResearch|RegimeUnknown|Regime=Unknown"
"OPF-20260725-161545","OPF_0.1","OPF_RESEARCH_2.17","MNQ_0.1","MNQ_1Contract_Target150_200","OPF_PROFILE_0.1","20260102-0205-BULL-OBS-000865-Z000865-OC","2026-01-02T03:10:00.0000000",878,"Outcome","Long","TrendPullback","ObservationConfirm_WideStop1_5R",60,"Weak50_69",80.00,"Q80Plus","20260102-0205-BullFVG-000865","BullFVG","Fresh",0,24.00,"RiskGT15",0.75,"NearestStructure",0.0312,"RR_LT_1_0","Pre10","Good","ResearchWindowEnd",True,"TIME_STOP",1.01,151.50,25572.00,25548.00,"ObservationResearch|ZoneJustCreated|Regime=Unknown|ObservationConfirmResearch|ZoneBirthResearch|ReclaimZoneHigh"
"OPF-20260725-161545","OPF_0.1","OPF_RESEARCH_2.17","MNQ_0.1","MNQ_1Contract_Target150_200","OPF_PROFILE_0.1","20260102-0205-BULL-OBS-000865-Z000865-OC","2026-01-02T03:10:00.0000000",878,"Outcome","Long","TrendPullback","ObservationConfirm",60,"Weak50_69",80.00,"Q80Plus","20260102-0205-BullFVG-000865","BullFVG","Fresh",0,16.00,"RiskGT15",24.00,"ObservationConfirmTargetR:1.5",1.5,"RR_GE_1_5","Pre10","Excellent","ResearchWindowEnd",False,"",0,0,25572.00,25556.00,"ObservationResearch|ZoneJustCreated|Regime=Unknown|ObservationConfirmResearch|ZoneBirthResearch|ReclaimZoneHigh"
"OPF-20260725-161545","OPF_0.1","OPF_RESEARCH_2.17","MNQ_0.1","MNQ_1Contract_Target150_200","OPF_PROFILE_0.1","20260102-0300-BULL-OBS-000876-Z000875-OC","2026-01-02T03:10:00.0000000",878,"Tracked","Long","TrendPullback","ObservationConfirm",50,"Weak50_69",72.00,"Q70_79","20260102-0255-BullFVG-000875","BullFVG","SecondTouch",1,6.75,"RiskLE8_5",10.12,"ObservationConfirmTargetR:1.5",1.4993,"RR_GE_1_2","Pre10","","",False,"",0,0,25604.25,25597.50,"ObservationResearch|RegimeUnknown|Regime=Unknown|ObservationConfirmResearch|UnknownRegimeZoneTouch|ReclaimZoneHigh"
"OPF-20260725-161545","OPF_0.1","OPF_RESEARCH_2.17","MNQ_0.1","MNQ_1Contract_Target150_200","OPF_PROFILE_0.1","20260102-0300-BULL-OBS-000876-Z000875-OC","2026-01-02T03:10:00.0000000",878,"Tracked","Long","TrendPullback","ObservationConfirm_WideStop1_5R",50,"Weak50_69",72.00,"Q70_79","20260102-0255-BullFVG-000875","BullFVG","SecondTouch",1,10.12,"RiskLE11",2.50,"NearestStructure",0.2470,"RR_LT_1_0","Pre10","","",False,"",0,0,25604.25,25594.13,"ObservationResearch|RegimeUnknown|Regime=Unknown|ObservationConfirmResearch|UnknownRegimeZoneTouch|ReclaimZoneHigh"
"OPF-20260725-161545","OPF_0.1","OPF_RESEARCH_2.17","MNQ_0.1","MNQ_1Contract_Target150_200","OPF_PROFILE_0.1","20260102-0210-BULL-OBS-000866-Z000865-OC-STR","2026-01-02T03:15:00.0000000",879,"Outcome","Long","TrendPullback","ObservationStrict_Other_WideStop1_5R",60,"Weak50_69",69.00,"Q50_69","20260102-0205-BullFVG-000865","BullFVG","SecondTouch",1,24.38,"RiskGT15",0.50,"NearestStructure",0.0205,"RR_LT_1_0","Pre10","Good","ResearchWindowEnd",False,"",0,0,25572.25,25547.87,"ObservationResearch|RegimeUnknown|Regime=Unknown|ObservationConfirmResearch|UnknownRegimeZoneTouch|ReclaimZoneHigh|ObservationConfirmStrictResearch|ObservationStrict_Other|UnknownRegimeZoneTouch|ReclaimZoneHigh"
"OPF-20260725-161545","OPF_0.1","OPF_RESEARCH_2.17","MNQ_0.1","MNQ_1Contract_Target150_200","OPF_PROFILE_0.1","20260102-0210-BULL-OBS-000866-Z000865-OC-STR","2026-01-02T03:15:00.0000000",879,"Outcome","Long","TrendPullback","ObservationStrict_Other",60,"Weak50_69",69.00,"Q50_69","20260102-0205-BullFVG-000865","BullFVG","SecondTouch",1,16.25,"RiskGT15",0.50,"NearestStructure",0.0308,"RR_LT_1_0","Pre10","Excellent","ResearchWindowEnd",False,"",0,0,25572.25,25556.00,"ObservationResearch|RegimeUnknown|Regime=Unknown|ObservationConfirmResearch|UnknownRegimeZoneTouch|ReclaimZoneHigh|ObservationConfirmStrictResearch|ObservationStrict_Other|UnknownRegimeZoneTouch|ReclaimZoneHigh"
"OPF-20260725-161545","OPF_0.1","OPF_RESEARCH_2.17","MNQ_0.1","MNQ_1Contract_Target150_200","OPF_PROFILE_0.1","20260102-0210-BULL-OBS-000866-Z000865-OC","2026-01-02T03:15:00.0000000",879,"Outcome","Long","TrendPullback","ObservationConfirm_WideStop1_5R",60,"Weak50_69",69.00,"Q50_69","20260102-0205-BullFVG-000865","BullFVG","SecondTouch",1,24.38,"RiskGT15",0.50,"NearestStructure",0.0205,"RR_LT_1_0","Pre10","Good","ResearchWindowEnd",False,"",0,0,25572.25,25547.87,"ObservationResearch|RegimeUnknown|Regime=Unknown|ObservationConfirmResearch|UnknownRegimeZoneTouch|ReclaimZoneHigh"
"OPF-20260725-161545","OPF_0.1","OPF_RESEARCH_2.17","MNQ_0.1","MNQ_1Contract_Target150_200","OPF_PROFILE_0.1","20260102-0210-BULL-OBS-000866-Z000865-OC","2026-01-02T03:15:00.0000000",879,"Outcome","Long","TrendPullback","ObservationConfirm",60,"Weak50_69",69.00,"Q50_69","20260102-0205-BullFVG-000865","BullFVG","SecondTouch",1,16.25,"RiskGT15",24.38,"ObservationConfirmTargetR:1.5",1.5003,"RR_GE_1_5","Pre10","Excellent","ResearchWindowEnd",False,"",0,0,25572.25,25556.00,"ObservationResearch|RegimeUnknown|Regime=Unknown|ObservationConfirmResearch|UnknownRegimeZoneTouch|ReclaimZoneHigh"
"OPF-20260725-161545","OPF_0.1","OPF_RESEARCH_2.17","MNQ_0.1","MNQ_1Contract_Target150_200","OPF_PROFILE_0.1","20260102-0225-BULL-OBS-000869-Z000869","2026-01-02T03:25:00.0000000",881,"Outcome","Long","TrendPullback","ZoneBirthResearch",50,"Weak50_69",65.00,"Q50_69","20260102-0225-BullFVG-000869","BullFVG","Fresh",0,14.00,"RiskLE15",1.25,"NearestStructure",0.0893,"RR_LT_1_0","Pre10","Good","ResearchWindowEnd",False,"",0,0,25590.25,25576.25,"ObservationResearch|ZoneJustCreated|Regime=Unknown"
"OPF-20260725-161545","OPF_0.1","OPF_RESEARCH_2.17","MNQ_0.1","MNQ_1Contract_Target150_200","OPF_PROFILE_0.1","20260102-0225-BULL-OBS-000869-Z000869-OC","2026-01-02T03:30:00.0000000",882,"Outcome","Long","TrendPullback","ObservationConfirm_WideStop1_5R",50,"Weak50_69",80.00,"Q80Plus","20260102-0225-BullFVG-000869","BullFVG","Fresh",0,21.00,"RiskGT15",1.25,"NearestStructure",0.0595,"RR_LT_1_0","Pre10","Scratch","ResearchWindowEnd",False,"",0,0,25590.25,25569.25,"ObservationResearch|ZoneJustCreated|Regime=Unknown|ObservationConfirmResearch|ZoneBirthResearch|ReclaimZoneHigh"
"OPF-20260725-161545","OPF_0.1","OPF_RESEARCH_2.17","MNQ_0.1","MNQ_1Contract_Target150_200","OPF_PROFILE_0.1","20260102-0225-BULL-OBS-000869-Z000869-OC","2026-01-02T03:30:00.0000000",882,"Outcome","Long","TrendPullback","ObservationConfirm",50,"Weak50_69",80.00,"Q80Plus","20260102-0225-BullFVG-000869","BullFVG","Fresh",0,14.00,"RiskLE15",21.00,"ObservationConfirmTargetR:1.5",1.5,"RR_GE_1_5","Pre10","Good","ResearchWindowEnd",False,"",0,0,25590.25,25576.25,"ObservationResearch|ZoneJustCreated|Regime=Unknown|ObservationConfirmResearch|ZoneBirthResearch|ReclaimZoneHigh"
"OPF-20260725-161545","OPF_0.1","OPF_RESEARCH_2.17","MNQ_0.1","MNQ_1Contract_Target150_200","OPF_PROFILE_0.1","20260102-0340-BULL-OBS-000884-Z000884","2026-01-02T03:40:00.0000000",884,"Tracked","Long","TrendPullback","ZoneBirthResearch",20,"WeakLT50",45.00,"QLT50","20260102-0340-BullFVG-000884","BullFVG","Fresh",0,12.75,"RiskLE15",0,"NearestStructure",0,"RR_LT_1_0","Pre10","","",False,"",0,0,25618.75,25606.00,"ObservationResearch|ZoneJustCreated|Regime=Unknown"
"OPF-20260725-161545","OPF_0.1","OPF_RESEARCH_2.17","MNQ_0.1","MNQ_1Contract_Target150_200","OPF_PROFILE_0.1","20260102-0340-BULL-OBS-000884-Z000884-OC","2026-01-02T03:45:00.0000000",885,"Tracked","Long","TrendPullback","ObservationConfirm",20,"WeakLT50",60.00,"Q50_69","20260102-0340-BullFVG-000884","BullFVG","Fresh",0,14.00,"RiskLE15",21.00,"ObservationConfirmTargetR:1.5",1.5,"RR_GE_1_5","Pre10","","",False,"",0,0,25620.00,25606.00,"ObservationResearch|ZoneJustCreated|Regime=Unknown|ObservationConfirmResearch|ZoneBirthResearch|ReclaimZoneHigh"
"OPF-20260725-161545","OPF_0.1","OPF_RESEARCH_2.17","MNQ_0.1","MNQ_1Contract_Target150_200","OPF_PROFILE_0.1","20260102-0340-BULL-OBS-000884-Z000884-OC","2026-01-02T03:45:00.0000000",885,"Tracked","Long","TrendPullback","ObservationConfirm_WideStop1_5R",20,"WeakLT50",60.00,"Q50_69","20260102-0340-BullFVG-000884","BullFVG","Fresh",0,21.00,"RiskGT15",2.00,"NearestStructure",0.0952,"RR_LT_1_0","Pre10","","",False,"",0,0,25620.00,25599.00,"ObservationResearch|ZoneJustCreated|Regime=Unknown|ObservationConfirmResearch|ZoneBirthResearch|ReclaimZoneHigh"
"OPF-20260725-161545","OPF_0.1","OPF_RESEARCH_2.17","MNQ_0.1","MNQ_1Contract_Target150_200","OPF_PROFILE_0.1","20260102-0250-BULL-OBS-000874-Z000874","2026-01-02T03:50:00.0000000",886,"Outcome","Long","TrendPullback","ZoneBirthResearch",70,"Passed",85.00,"Q80Plus","20260102-0250-BullFVG-000874","BullFVG","Fresh",0,12.00,"RiskLE15",0.50,"NearestStructure",0.0417,"RR_LT_1_0","Pre10","Good","ResearchWindowEnd",False,"",0,0,25604.50,25592.50,"ObservationResearch|ZoneJustCreated|Regime=BullTrend"
"OPF-20260725-161545","OPF_0.1","OPF_RESEARCH_2.17","MNQ_0.1","MNQ_1Contract_Target150_200","OPF_PROFILE_0.1","20260102-0250-BULL-BRK-000874-Z000874","2026-01-02T03:50:00.0000000",886,"Outcome","Long","TrendPullback","BreakawayFvg",70,"Passed",95.00,"Q80Plus","20260102-0250-BullFVG-000874","BullFVG","Fresh",0,12.00,"RiskLE15",18.00,"BreakawayTargetR:1.5",1.5,"RR_GE_1_5","Pre10","Good","ResearchWindowEnd",False,"",0,0,25604.50,25592.50,"BreakawayFvgResearch"
"OPF-20260725-161545","OPF_0.1","OPF_RESEARCH_2.17","MNQ_0.1","MNQ_1Contract_Target150_200","OPF_PROFILE_0.1","20260102-0255-BULL-OBS-000875-Z000875","2026-01-02T03:55:00.0000000",887,"Outcome","Long","TrendPullback","ZoneBirthResearch",50,"Weak50_69",58.00,"Q50_69","20260102-0255-BullFVG-000875","BullFVG","Fresh",0,6.00,"RiskLE8_5",0.50,"NearestStructure",0.0833,"RR_LT_1_0","Pre10","Catastrophic","ResearchWindowEnd",False,"",0,0,25603.50,25597.50,"ObservationResearch|ZoneJustCreated|Regime=Unknown"
"OPF-20260725-161545","OPF_0.1","OPF_RESEARCH_2.17","MNQ_0.1","MNQ_1Contract_Target150_200","OPF_PROFILE_0.1","20260102-0250-BULL-OBS-000874-Z000874-OC-STR","2026-01-02T03:55:00.0000000",887,"Outcome","Long","TrendPullback","ObservationStrict_BullFresh_WideStop1_5R",70,"Passed",93.00,"Q80Plus","20260102-0250-BullFVG-000874","BullFVG","Fresh",0,16.50,"RiskGT15",0.50,"NearestStructure",0.0303,"RR_LT_1_0","Pre10","Good","ResearchWindowEnd",False,"",0,0,25603.50,25587.00,"ObservationResearch|ZoneJustCreated|Regime=BullTrend|ObservationConfirmResearch|ZoneBirthResearch|ReclaimZoneHigh|ObservationConfirmStrictResearch|ObservationStrict_BullFresh|ZoneBirthResearch|ReclaimZoneHigh"
"OPF-20260725-161545","OPF_0.1","OPF_RESEARCH_2.17","MNQ_0.1","MNQ_1Contract_Target150_200","OPF_PROFILE_0.1","20260102-0250-BULL-OBS-000874-Z000874-OC-STR","2026-01-02T03:55:00.0000000",887,"Outcome","Long","TrendPullback","ObservationStrict_BullFresh",70,"Passed",93.00,"Q80Plus","20260102-0250-BullFVG-000874","BullFVG","Fresh",0,11.00,"RiskLE11",13.20,"StrictBullFreshMin1_2R",1.2,"RR_GE_1_2","Pre10","Excellent","ResearchWindowEnd",False,"",0,0,25603.50,25592.50,"ObservationResearch|ZoneJustCreated|Regime=BullTrend|ObservationConfirmResearch|ZoneBirthResearch|ReclaimZoneHigh|ObservationConfirmStrictResearch|ObservationStrict_BullFresh|ZoneBirthResearch|ReclaimZoneHigh"
"OPF-20260725-161545","OPF_0.1","OPF_RESEARCH_2.17","MNQ_0.1","MNQ_1Contract_Target150_200","OPF_PROFILE_0.1","20260102-0250-BULL-OBS-000874-Z000874-OC","2026-01-02T03:55:00.0000000",887,"Outcome","Long","TrendPullback","ObservationConfirm_WideStop1_5R",70,"Passed",93.00,"Q80Plus","20260102-0250-BullFVG-000874","BullFVG","Fresh",0,16.50,"RiskGT15",0.50,"NearestStructure",0.0303,"RR_LT_1_0","Pre10","Good","ResearchWindowEnd",False,"",0,0,25603.50,25587.00,"ObservationResearch|ZoneJustCreated|Regime=BullTrend|ObservationConfirmResearch|ZoneBirthResearch|ReclaimZoneHigh"
"OPF-20260725-161545","OPF_0.1","OPF_RESEARCH_2.17","MNQ_0.1","MNQ_1Contract_Target150_200","OPF_PROFILE_0.1","20260102-0250-BULL-OBS-000874-Z000874-OC","2026-01-02T03:55:00.0000000",887,"Outcome","Long","TrendPullback","ObservationConfirm",70,"Passed",93.00,"Q80Plus","20260102-0250-BullFVG-000874","BullFVG","Fresh",0,11.00,"RiskLE11",16.50,"ObservationConfirmTargetR:1.5",1.5,"RR_GE_1_5","Pre10","Excellent","ResearchWindowEnd",False,"",0,0,25603.50,25592.50,"ObservationResearch|ZoneJustCreated|Regime=BullTrend|ObservationConfirmResearch|ZoneBirthResearch|ReclaimZoneHigh"
"OPF-20260725-161545","OPF_0.1","OPF_RESEARCH_2.17","MNQ_0.1","MNQ_1Contract_Target150_200","OPF_PROFILE_0.1","20260102-0300-BULL-OBS-000876-Z000875","2026-01-02T04:00:00.0000000",888,"Outcome","Long","TrendPullback","UnknownRegimeZoneTouch",50,"Weak50_69",53.00,"Q50_69","20260102-0255-BullFVG-000875","BullFVG","SecondTouch",1,6.00,"RiskLE8_5",0.50,"NearestStructure",0.0833,"RR_LT_1_0","Pre10","Catastrophic","ResearchWindowEnd",False,"",0,0,25603.50,25597.50,"ObservationResearch|RegimeUnknown|Regime=Unknown"
"OPF-20260725-161545","OPF_0.1","OPF_RESEARCH_2.17","MNQ_0.1","MNQ_1Contract_Target150_200","OPF_PROFILE_0.1","20260102-0255-BULL-OBS-000875-Z000875-OC","2026-01-02T04:00:00.0000000",888,"Outcome","Long","TrendPullback","ObservationConfirm_WideStop1_5R",50,"Weak50_69",76.00,"Q70_79","20260102-0255-BullFVG-000875","BullFVG","Fresh",0,9.00,"RiskLE11",0.50,"NearestStructure",0.0556,"RR_LT_1_0","Pre10","Excellent","ResearchWindowEnd",False,"",0,0,25603.50,25594.50,"ObservationResearch|ZoneJustCreated|Regime=Unknown|ObservationConfirmResearch|ZoneBirthResearch|ReclaimZoneHigh"
"OPF-20260725-161545","OPF_0.1","OPF_RESEARCH_2.17","MNQ_0.1","MNQ_1Contract_Target150_200","OPF_PROFILE_0.1","20260102-0255-BULL-OBS-000875-Z000875-OC","2026-01-02T04:00:00.0000000",888,"Outcome","Long","TrendPullback","ObservationConfirm",50,"Weak50_69",76.00,"Q70_79","20260102-0255-BullFVG-000875","BullFVG","Fresh",0,6.00,"RiskLE8_5",9.00,"ObservationConfirmTargetR:1.5",1.5,"RR_GE_1_5","Pre10","Catastrophic","ResearchWindowEnd",False,"",0,0,25603.50,25597.50,"ObservationResearch|ZoneJustCreated|Regime=Unknown|ObservationConfirmResearch|ZoneBirthResearch|ReclaimZoneHigh"
"OPF-20260725-161545","OPF_0.1","OPF_RESEARCH_2.17","MNQ_0.1","MNQ_1Contract_Target150_200","OPF_PROFILE_0.1","20260102-0300-BULL-OBS-000876-Z000875-OC","2026-01-02T04:10:00.0000000",890,"Outcome","Long","TrendPullback","ObservationConfirm_WideStop1_5R",50,"Weak50_69",72.00,"Q70_79","20260102-0255-BullFVG-000875","BullFVG","SecondTouch",1,10.12,"RiskLE11",0.75,"NearestStructure",0.0741,"RR_LT_1_0","Pre10","Excellent","ResearchWindowEnd",True,"TIME_STOP",2.0154,131.00,25604.25,25594.13,"ObservationResearch|RegimeUnknown|Regime=Unknown|ObservationConfirmResearch|UnknownRegimeZoneTouch|ReclaimZoneHigh"
"OPF-20260725-161545","OPF_0.1","OPF_RESEARCH_2.17","MNQ_0.1","MNQ_1Contract_Target150_200","OPF_PROFILE_0.1","20260102-0300-BULL-OBS-000876-Z000875-OC","2026-01-02T04:10:00.0000000",890,"Outcome","Long","TrendPullback","ObservationConfirm",50,"Weak50_69",72.00,"Q70_79","20260102-0255-BullFVG-000875","BullFVG","SecondTouch",1,6.75,"RiskLE8_5",10.12,"ObservationConfirmTargetR:1.5",1.4993,"RR_GE_1_2","Pre10","Catastrophic","ResearchWindowEnd",True,"SL",-0.9310,-40.50,25604.25,25597.50,"ObservationResearch|RegimeUnknown|Regime=Unknown|ObservationConfirmResearch|UnknownRegimeZoneTouch|ReclaimZoneHigh"
"OPF-20260725-161545","OPF_0.1","OPF_RESEARCH_2.17","MNQ_0.1","MNQ_1Contract_Target150_200","OPF_PROFILE_0.1","20260102-0340-BULL-OBS-000884-Z000884","2026-01-02T04:40:00.0000000",896,"Outcome","Long","TrendPullback","ZoneBirthResearch",20,"WeakLT50",45.00,"QLT50","20260102-0340-BullFVG-000884","BullFVG","Fresh",0,12.75,"RiskLE15",3.00,"NearestStructure",0.2353,"RR_LT_1_0","Pre10","Good","ResearchWindowEnd",False,"",0,0,25618.75,25606.00,"ObservationResearch|ZoneJustCreated|Regime=Unknown"
"OPF-20260725-161545","OPF_0.1","OPF_RESEARCH_2.17","MNQ_0.1","MNQ_1Contract_Target150_200","OPF_PROFILE_0.1","20260102-0340-BULL-OBS-000884-Z000884-OC","2026-01-02T04:45:00.0000000",897,"Outcome","Long","TrendPullback","ObservationConfirm_WideStop1_5R",20,"WeakLT50",60.00,"Q50_69","20260102-0340-BullFVG-000884","BullFVG","Fresh",0,21.00,"RiskGT15",1.75,"NearestStructure",0.0833,"RR_LT_1_0","Pre10","Scratch","ResearchWindowEnd",False,"",0,0,25620.00,25599.00,"ObservationResearch|ZoneJustCreated|Regime=Unknown|ObservationConfirmResearch|ZoneBirthResearch|ReclaimZoneHigh"
"OPF-20260725-161545","OPF_0.1","OPF_RESEARCH_2.17","MNQ_0.1","MNQ_1Contract_Target150_200","OPF_PROFILE_0.1","20260102-0340-BULL-OBS-000884-Z000884-OC","2026-01-02T04:45:00.0000000",897,"Outcome","Long","TrendPullback","ObservationConfirm",20,"WeakLT50",60.00,"Q50_69","20260102-0340-BullFVG-000884","BullFVG","Fresh",0,14.00,"RiskLE15",21.00,"ObservationConfirmTargetR:1.5",1.5,"RR_GE_1_5","Pre10","Good","ResearchWindowEnd",False,"",0,0,25620.00,25606.00,"ObservationResearch|ZoneJustCreated|Regime=Unknown|ObservationConfirmResearch|ZoneBirthResearch|ReclaimZoneHigh"
"OPF-20260725-161545","OPF_0.1","OPF_RESEARCH_2.17","MNQ_0.1","MNQ_1Contract_Target150_200","OPF_PROFILE_0.1","20260102-0500-BEAR-OBS-000900-Z000900","2026-01-02T05:00:00.0000000",900,"Tracked","Short","TrendPullback","ZoneBirthResearch",20,"WeakLT50",45.00,"QLT50","20260102-0500-BearFVG-000900","BearFVG","Fresh",0,11.00,"RiskLE11",0.75,"NearestStructure",0.0682,"RR_LT_1_0","Pre10","","",False,"",0,0,25618.00,25629.00,"ObservationResearch|ZoneJustCreated|Regime=Unknown"
"OPF-20260725-161545","OPF_0.1","OPF_RESEARCH_2.17","MNQ_0.1","MNQ_1Contract_Target150_200","OPF_PROFILE_0.1","20260102-0500-BEAR-OBS-000900-Z000900-OC","2026-01-02T05:05:00.0000000",901,"Tracked","Short","TrendPullback","ObservationConfirm",20,"WeakLT50",50.00,"Q50_69","20260102-0500-BearFVG-000900","BearFVG","Fresh",0,4.50,"RiskLE8_5",6.75,"ObservationConfirmTargetR:1.5",1.5,"RR_GE_1_5","Pre10","","",False,"",0,0,25624.50,25629.00,"ObservationResearch|ZoneJustCreated|Regime=Unknown|ObservationConfirmResearch|ZoneBirthResearch|ReclaimZoneLow"
"OPF-20260725-161545","OPF_0.1","OPF_RESEARCH_2.17","MNQ_0.1","MNQ_1Contract_Target150_200","OPF_PROFILE_0.1","20260102-0500-BEAR-OBS-000900-Z000900-OC","2026-01-02T05:05:00.0000000",901,"Tracked","Short","TrendPullback","ObservationConfirm_WideStop1_5R",20,"WeakLT50",50.00,"Q50_69","20260102-0500-BearFVG-000900","BearFVG","Fresh",0,6.75,"RiskLE8_5",0.75,"NearestStructure",0.1111,"RR_LT_1_0","Pre10","","",False,"",0,0,25624.50,25631.25,"ObservationResearch|ZoneJustCreated|Regime=Unknown|ObservationConfirmResearch|ZoneBirthResearch|ReclaimZoneLow"
"OPF-20260725-161545","OPF_0.1","OPF_RESEARCH_2.17","MNQ_0.1","MNQ_1Contract_Target150_200","OPF_PROFILE_0.1","20260102-0505-BEAR-OBS-000901-Z000900","2026-01-02T05:05:00.0000000",901,"Tracked","Short","TrendPullback","UnknownRegimeZoneTouch",20,"WeakLT50",27.00,"QLT50","20260102-0500-BearFVG-000900","BearFVG","SecondTouch",1,4.50,"RiskLE8_5",0.75,"NearestStructure",0.1667,"RR_LT_1_0","Pre10","","",False,"",0,0,25624.50,25629.00,"ObservationResearch|RegimeUnknown|Regime=Unknown"
"OPF-20260725-161545","OPF_0.1","OPF_RESEARCH_2.17","MNQ_0.1","MNQ_1Contract_Target150_200","OPF_PROFILE_0.1","20260102-0505-BEAR-OBS-000901-Z000900-OC","2026-01-02T05:10:00.0000000",902,"Tracked","Short","TrendPullback","ObservationConfirm",20,"WeakLT50",48.00,"QLT50","20260102-0500-BearFVG-000900","BearFVG","SecondTouch",1,6.00,"RiskLE8_5",9.00,"ObservationConfirmTargetR:1.5",1.5,"RR_GE_1_5","Pre10","","",False,"",0,0,25623.00,25629.00,"ObservationResearch|RegimeUnknown|Regime=Unknown|ObservationConfirmResearch|UnknownRegimeZoneTouch|ReclaimZoneLow"
"OPF-20260725-161545","OPF_0.1","OPF_RESEARCH_2.17","MNQ_0.1","MNQ_1Contract_Target150_200","OPF_PROFILE_0.1","20260102-0505-BEAR-OBS-000901-Z000900-OC","2026-01-02T05:10:00.0000000",902,"Tracked","Short","TrendPullback","ObservationConfirm_WideStop1_5R",20,"WeakLT50",48.00,"QLT50","20260102-0500-BearFVG-000900","BearFVG","SecondTouch",1,9.00,"RiskLE11",0.50,"NearestStructure",0.0556,"RR_LT_1_0","Pre10","","",False,"",0,0,25623.00,25632.00,"ObservationResearch|RegimeUnknown|Regime=Unknown|ObservationConfirmResearch|UnknownRegimeZoneTouch|ReclaimZoneLow"
"OPF-20260725-161545","OPF_0.1","OPF_RESEARCH_2.17","MNQ_0.1","MNQ_1Contract_Target150_200","OPF_PROFILE_0.1","20260102-0505-BEAR-OBS-000901-Z000900-OC-STR","2026-01-02T05:10:00.0000000",902,"Tracked","Short","TrendPullback","ObservationStrict_Other",20,"WeakLT50",48.00,"QLT50","20260102-0500-BearFVG-000900","BearFVG","SecondTouch",1,6.00,"RiskLE8_5",0.50,"NearestStructure",0.0833,"RR_LT_1_0","Pre10","","",False,"",0,0,25623.00,25629.00,"ObservationResearch|RegimeUnknown|Regime=Unknown|ObservationConfirmResearch|UnknownRegimeZoneTouch|ReclaimZoneLow|ObservationConfirmStrictResearch|ObservationStrict_Other|UnknownRegimeZoneTouch|ReclaimZoneLow"
"OPF-20260725-161545","OPF_0.1","OPF_RESEARCH_2.17","MNQ_0.1","MNQ_1Contract_Target150_200","OPF_PROFILE_0.1","20260102-0505-BEAR-OBS-000901-Z000900-OC-STR","2026-01-02T05:10:00.0000000",902,"Tracked","Short","TrendPullback","ObservationStrict_Other_WideStop1_5R",20,"WeakLT50",48.00,"QLT50","20260102-0500-BearFVG-000900","BearFVG","SecondTouch",1,9.00,"RiskLE11",0.50,"NearestStructure",0.0556,"RR_LT_1_0","Pre10","","",False,"",0,0,25623.00,25632.00,"ObservationResearch|RegimeUnknown|Regime=Unknown|ObservationConfirmResearch|UnknownRegimeZoneTouch|ReclaimZoneLow|ObservationConfirmStrictResearch|ObservationStrict_Other|UnknownRegimeZoneTouch|ReclaimZoneLow"
"OPF-20260725-161545","OPF_0.1","OPF_RESEARCH_2.17","MNQ_0.1","MNQ_1Contract_Target150_200","OPF_PROFILE_0.1","20260102-0520-BULL-OBS-000904-Z000904","2026-01-02T05:20:00.0000000",904,"Tracked","Long","TrendPullback","ZoneBirthResearch",20,"WeakLT50",45.00,"QLT50","20260102-0520-BullFVG-000904","BullFVG","Fresh",0,7.00,"RiskLE8_5",1.00,"NearestStructure",0.1429,"RR_LT_1_0","Pre10","","",False,"",0,0,25631.75,25624.75,"ObservationResearch|ZoneJustCreated|Regime=Unknown"
"OPF-20260725-161545","OPF_0.1","OPF_RESEARCH_2.17","MNQ_0.1","MNQ_1Contract_Target150_200","OPF_PROFILE_0.1","20260102-0520-BULL-OBS-000904-Z000904-OC","2026-01-02T05:25:00.0000000",905,"Tracked","Long","TrendPullback","ObservationConfirm",20,"WeakLT50",56.00,"Q50_69","20260102-0520-BullFVG-000904","BullFVG","Fresh",0,6.00,"RiskLE8_5",9.00,"ObservationConfirmTargetR:1.5",1.5,"RR_GE_1_5","Pre10","","",False,"",0,0,25630.75,25624.75,"ObservationResearch|ZoneJustCreated|Regime=Unknown|ObservationConfirmResearch|ZoneBirthResearch|ReclaimZoneHigh"
"OPF-20260725-161545","OPF_0.1","OPF_RESEARCH_2.17","MNQ_0.1","MNQ_1Contract_Target150_200","OPF_PROFILE_0.1","20260102-0520-BULL-OBS-000904-Z000904-OC","2026-01-02T05:25:00.0000000",905,"Tracked","Long","TrendPullback","ObservationConfirm_WideStop1_5R",20,"WeakLT50",56.00,"Q50_69","20260102-0520-BullFVG-000904","BullFVG","Fresh",0,9.00,"RiskLE11",1.00,"NearestStructure",0.1111,"RR_LT_1_0","Pre10","","",False,"",0,0,25630.75,25621.75,"ObservationResearch|ZoneJustCreated|Regime=Unknown|ObservationConfirmResearch|ZoneBirthResearch|ReclaimZoneHigh"
"OPF-20260725-161545","OPF_0.1","OPF_RESEARCH_2.17","MNQ_0.1","MNQ_1Contract_Target150_200","OPF_PROFILE_0.1","20260102-0530-BULL-OBS-000906-Z000904","2026-01-02T05:30:00.0000000",906,"Tracked","Long","TrendPullback","UnknownRegimeZoneTouch",40,"WeakLT50",34.00,"QLT50","20260102-0520-BullFVG-000904","BullFVG","SecondTouch",1,4.25,"RiskLE8_5",0.25,"NearestStructure",0.0588,"RR_LT_1_0","Pre10","","",False,"",0,0,25629.00,25624.75,"ObservationResearch|RegimeUnknown|Regime=Unknown"
"OPF-20260725-161545","OPF_0.1","OPF_RESEARCH_2.17","MNQ_0.1","MNQ_1Contract_Target150_200","OPF_PROFILE_0.1","20260102-0530-BULL-OBS-000906-Z000904-FR","2026-01-02T05:40:00.0000000",908,"Tracked","Short","FailureReverse","FailureReverse_ObservationInvalidated",40,"WeakLT50",46.00,"QLT50","20260102-0520-BullFVG-000904","BullFVG","SecondTouch",1,3.75,"RiskLE8_5",0.25,"NearestStructure",0.0667,"RR_LT_1_0","Pre10","","",False,"",0,0,25622.75,25626.50,"FailureReverseResearch|FailureSourceSignalID=20260102-0530-BULL-OBS-000906-Z000904|FailureSource=BullFVG|FailureSourceZoneFreshness=SecondTouch|UnknownRegimeZoneTouch|RegimeUnknown"
"OPF-20260725-161545","OPF_0.1","OPF_RESEARCH_2.17","MNQ_0.1","MNQ_1Contract_Target150_200","OPF_PROFILE_0.1","20260102-0530-BULL-OBS-000906-Z000904-FR","2026-01-02T05:40:00.0000000",908,"Tracked","Short","FailureReverse","FailureReverse_ObservationInvalidated_WideStop1_5R",40,"WeakLT50",46.00,"QLT50","20260102-0520-BullFVG-000904","BullFVG","SecondTouch",1,5.62,"RiskLE8_5",0.25,"NearestStructure",0.0445,"RR_LT_1_0","Pre10","","",False,"",0,0,25622.75,25628.37,"FailureReverseResearch|FailureSourceSignalID=20260102-0530-BULL-OBS-000906-Z000904|FailureSource=BullFVG|FailureSourceZoneFreshness=SecondTouch|UnknownRegimeZoneTouch|RegimeUnknown"
"OPF-20260725-161545","OPF_0.1","OPF_RESEARCH_2.17","MNQ_0.1","MNQ_1Contract_Target150_200","OPF_PROFILE_0.1","20260102-0550-BULL-OBS-000910-Z000910","2026-01-02T05:50:00.0000000",910,"Tracked","Long","TrendPullback","ZoneBirthResearch",20,"WeakLT50",41.00,"QLT50","20260102-0550-BullFVG-000910","BullFVG","Fresh",0,9.50,"RiskLE11",1.25,"NearestStructure",0.1316,"RR_LT_1_0","Pre10","","",False,"",0,0,25636.00,25626.50,"ObservationResearch|ZoneJustCreated|Regime=Unknown"
"OPF-20260725-161545","OPF_0.1","OPF_RESEARCH_2.17","MNQ_0.1","MNQ_1Contract_Target150_200","OPF_PROFILE_0.1","20260102-0550-BULL-OBS-000910-Z000910-OC","2026-01-02T05:55:00.0000000",911,"Tracked","Long","TrendPullback","ObservationConfirm",20,"WeakLT50",56.00,"Q50_69","20260102-0550-BullFVG-000910","BullFVG","Fresh",0,12.25,"RiskLE15",18.38,"ObservationConfirmTargetR:1.5",1.5004,"RR_GE_1_5","Pre10","","",False,"",0,0,25638.75,25626.50,"ObservationResearch|ZoneJustCreated|Regime=Unknown|ObservationConfirmResearch|ZoneBirthResearch|ReclaimZoneHigh"
"OPF-20260725-161545","OPF_0.1","OPF_RESEARCH_2.17","MNQ_0.1","MNQ_1Contract_Target150_200","OPF_PROFILE_0.1","20260102-0550-BULL-OBS-000910-Z000910-OC","2026-01-02T05:55:00.0000000",911,"Tracked","Long","TrendPullback","ObservationConfirm_WideStop1_5R",20,"WeakLT50",56.00,"Q50_69","20260102-0550-BullFVG-000910","BullFVG","Fresh",0,18.38,"RiskGT15",5.25,"NearestStructure",0.2856,"RR_LT_1_0","Pre10","","",False,"",0,0,25638.75,25620.37,"ObservationResearch|ZoneJustCreated|Regime=Unknown|ObservationConfirmResearch|ZoneBirthResearch|ReclaimZoneHigh"
"OPF-20260725-161545","OPF_0.1","OPF_RESEARCH_2.17","MNQ_0.1","MNQ_1Contract_Target150_200","OPF_PROFILE_0.1","20260102-0550-BULL-OBS-000910-Z000910-OC-STR","2026-01-02T05:55:00.0000000",911,"Tracked","Long","TrendPullback","ObservationStrict_BullFresh",20,"WeakLT50",56.00,"Q50_69","20260102-0550-BullFVG-000910","BullFVG","Fresh",0,12.25,"RiskLE15",14.70,"StrictBullFreshMin1_2R",1.2,"RR_GE_1_2","Pre10","","",False,"",0,0,25638.75,25626.50,"ObservationResearch|ZoneJustCreated|Regime=Unknown|ObservationConfirmResearch|ZoneBirthResearch|ReclaimZoneHigh|ObservationConfirmStrictResearch|ObservationStrict_BullFresh|ZoneBirthResearch|ReclaimZoneHigh"
"OPF-20260725-161545","OPF_0.1","OPF_RESEARCH_2.17","MNQ_0.1","MNQ_1Contract_Target150_200","OPF_PROFILE_0.1","20260102-0550-BULL-OBS-000910-Z000910-OC-STR","2026-01-02T05:55:00.0000000",911,"Tracked","Long","TrendPullback","ObservationStrict_BullFresh_WideStop1_5R",20,"WeakLT50",56.00,"Q50_69","20260102-0550-BullFVG-000910","BullFVG","Fresh",0,18.38,"RiskGT15",5.25,"NearestStructure",0.2856,"RR_LT_1_0","Pre10","","",False,"",0,0,25638.75,25620.37,"ObservationResearch|ZoneJustCreated|Regime=Unknown|ObservationConfirmResearch|ZoneBirthResearch|ReclaimZoneHigh|ObservationConfirmStrictResearch|ObservationStrict_BullFresh|ZoneBirthResearch|ReclaimZoneHigh"
"OPF-20260725-161545","OPF_0.1","OPF_RESEARCH_2.17","MNQ_0.1","MNQ_1Contract_Target150_200","OPF_PROFILE_0.1","20260102-0555-BULL-OBS-000911-Z000911","2026-01-02T05:55:00.0000000",911,"Tracked","Long","TrendPullback","ZoneBirthResearch",20,"WeakLT50",41.00,"QLT50","20260102-0555-BullFVG-000911","BullFVG","Fresh",0,7.50,"RiskLE8_5",5.25,"NearestStructure",0.7,"RR_LT_1_0","Pre10","","",False,"",0,0,25638.75,25631.25,"ObservationResearch|ZoneJustCreated|Regime=Unknown"
"OPF-20260725-161545","OPF_0.1","OPF_RESEARCH_2.17","MNQ_0.1","MNQ_1Contract_Target150_200","OPF_PROFILE_0.1","20260102-0500-BEAR-OBS-000900-Z000900","2026-01-02T06:00:00.0000000",912,"Outcome","Short","TrendPullback","ZoneBirthResearch",20,"WeakLT50",45.00,"QLT50","20260102-0500-BearFVG-000900","BearFVG","Fresh",0,11.00,"RiskLE11",0.75,"NearestStructure",0.0682,"RR_LT_1_0","Pre10","Catastrophic","ResearchWindowEnd",False,"",0,0,25618.00,25629.00,"ObservationResearch|ZoneJustCreated|Regime=Unknown"
"OPF-20260725-161545","OPF_0.1","OPF_RESEARCH_2.17","MNQ_0.1","MNQ_1Contract_Target150_200","OPF_PROFILE_0.1","20260102-0555-BULL-OBS-000911-Z000911-OC","2026-01-02T06:00:00.0000000",912,"Tracked","Long","TrendPullback","ObservationConfirm",20,"WeakLT50",60.00,"Q50_69","20260102-0555-BullFVG-000911","BullFVG","Fresh",0,9.25,"RiskLE11",13.88,"ObservationConfirmTargetR:1.5",1.5005,"RR_GE_1_5","Pre10","","",False,"",0,0,25640.50,25631.25,"ObservationResearch|ZoneJustCreated|Regime=Unknown|ObservationConfirmResearch|ZoneBirthResearch|ReclaimZoneHigh"
"OPF-20260725-161545","OPF_0.1","OPF_RESEARCH_2.17","MNQ_0.1","MNQ_1Contract_Target150_200","OPF_PROFILE_0.1","20260102-0555-BULL-OBS-000911-Z000911-OC","2026-01-02T06:00:00.0000000",912,"Tracked","Long","TrendPullback","ObservationConfirm_WideStop1_5R",20,"WeakLT50",60.00,"Q50_69","20260102-0555-BullFVG-000911","BullFVG","Fresh",0,13.88,"RiskLE15",2.75,"NearestStructure",0.1981,"RR_LT_1_0","Pre10","","",False,"",0,0,25640.50,25626.62,"ObservationResearch|ZoneJustCreated|Regime=Unknown|ObservationConfirmResearch|ZoneBirthResearch|ReclaimZoneHigh"
"OPF-20260725-161545","OPF_0.1","OPF_RESEARCH_2.17","MNQ_0.1","MNQ_1Contract_Target150_200","OPF_PROFILE_0.1","20260102-0600-BULL-OBS-000912-Z000911","2026-01-02T06:00:00.0000000",912,"Tracked","Long","TrendPullback","UnknownRegimeZoneTouch",50,"Weak50_69",61.00,"Q50_69","20260102-0555-BullFVG-000911","BullFVG","SecondTouch",1,9.25,"RiskLE11",2.75,"NearestStructure",0.2973,"RR_LT_1_0","Pre10","","",False,"",0,0,25640.50,25631.25,"ObservationResearch|RegimeUnknown|Regime=Unknown"
"OPF-20260725-161545","OPF_0.1","OPF_RESEARCH_2.17","MNQ_0.1","MNQ_1Contract_Target150_200","OPF_PROFILE_0.1","20260102-0505-BEAR-OBS-000901-Z000900","2026-01-02T06:05:00.0000000",913,"Outcome","Short","TrendPullback","UnknownRegimeZoneTouch",20,"WeakLT50",27.00,"QLT50","20260102-0500-BearFVG-000900","BearFVG","SecondTouch",1,4.50,"RiskLE8_5",0.75,"NearestStructure",0.1667,"RR_LT_1_0","Pre10","Catastrophic","ResearchWindowEnd",False,"",0,0,25624.50,25629.00,"ObservationResearch|RegimeUnknown|Regime=Unknown"
"OPF-20260725-161545","OPF_0.1","OPF_RESEARCH_2.17","MNQ_0.1","MNQ_1Contract_Target150_200","OPF_PROFILE_0.1","20260102-0500-BEAR-OBS-000900-Z000900-OC","2026-01-02T06:05:00.0000000",913,"Outcome","Short","TrendPullback","ObservationConfirm_WideStop1_5R",20,"WeakLT50",50.00,"Q50_69","20260102-0500-BearFVG-000900","BearFVG","Fresh",0,6.75,"RiskLE8_5",0.75,"NearestStructure",0.1111,"RR_LT_1_0","Pre10","Catastrophic","ResearchWindowEnd",False,"",0,0,25624.50,25631.25,"ObservationResearch|ZoneJustCreated|Regime=Unknown|ObservationConfirmResearch|ZoneBirthResearch|ReclaimZoneLow"
"OPF-20260725-161545","OPF_0.1","OPF_RESEARCH_2.17","MNQ_0.1","MNQ_1Contract_Target150_200","OPF_PROFILE_0.1","20260102-0500-BEAR-OBS-000900-Z000900-OC","2026-01-02T06:05:00.0000000",913,"Outcome","Short","TrendPullback","ObservationConfirm",20,"WeakLT50",50.00,"Q50_69","20260102-0500-BearFVG-000900","BearFVG","Fresh",0,4.50,"RiskLE8_5",6.75,"ObservationConfirmTargetR:1.5",1.5,"RR_GE_1_5","Pre10","Catastrophic","ResearchWindowEnd",False,"",0,0,25624.50,25629.00,"ObservationResearch|ZoneJustCreated|Regime=Unknown|ObservationConfirmResearch|ZoneBirthResearch|ReclaimZoneLow"
"OPF-20260725-161545","OPF_0.1","OPF_RESEARCH_2.17","MNQ_0.1","MNQ_1Contract_Target150_200","OPF_PROFILE_0.1","20260102-0600-BULL-OBS-000912-Z000911-OC","2026-01-02T06:05:00.0000000",913,"Tracked","Long","TrendPullback","ObservationConfirm",50,"Weak50_69",76.00,"Q70_79","20260102-0555-BullFVG-000911","BullFVG","SecondTouch",1,11.00,"RiskLE11",16.50,"ObservationConfirmTargetR:1.5",1.5,"RR_GE_1_5","Pre10","","",False,"",0,0,25642.25,25631.25,"ObservationResearch|RegimeUnknown|Regime=Unknown|ObservationConfirmResearch|UnknownRegimeZoneTouch|ReclaimZoneHigh"
"OPF-20260725-161545","OPF_0.1","OPF_RESEARCH_2.17","MNQ_0.1","MNQ_1Contract_Target150_200","OPF_PROFILE_0.1","20260102-0600-BULL-OBS-000912-Z000911-OC","2026-01-02T06:05:00.0000000",913,"Tracked","Long","TrendPullback","ObservationConfirm_WideStop1_5R",50,"Weak50_69",76.00,"Q70_79","20260102-0555-BullFVG-000911","BullFVG","SecondTouch",1,16.50,"RiskGT15",1.00,"NearestStructure",0.0606,"RR_LT_1_0","Pre10","","",False,"",0,0,25642.25,25625.75,"ObservationResearch|RegimeUnknown|Regime=Unknown|ObservationConfirmResearch|UnknownRegimeZoneTouch|ReclaimZoneHigh"
"OPF-20260725-161545","OPF_0.1","OPF_RESEARCH_2.17","MNQ_0.1","MNQ_1Contract_Target150_200","OPF_PROFILE_0.1","20260102-0600-BULL-OBS-000912-Z000911-OC-STR","2026-01-02T06:05:00.0000000",913,"Tracked","Long","TrendPullback","ObservationStrict_Other",50,"Weak50_69",76.00,"Q70_79","20260102-0555-BullFVG-000911","BullFVG","SecondTouch",1,11.00,"RiskLE11",1.00,"NearestStructure",0.0909,"RR_LT_1_0","Pre10","","",False,"",0,0,25642.25,25631.25,"ObservationResearch|RegimeUnknown|Regime=Unknown|ObservationConfirmResearch|UnknownRegimeZoneTouch|ReclaimZoneHigh|ObservationConfirmStrictResearch|ObservationStrict_Other|UnknownRegimeZoneTouch|ReclaimZoneHigh"
"OPF-20260725-161545","OPF_0.1","OPF_RESEARCH_2.17","MNQ_0.1","MNQ_1Contract_Target150_200","OPF_PROFILE_0.1","20260102-0600-BULL-OBS-000912-Z000911-OC-STR","2026-01-02T06:05:00.0000000",913,"Tracked","Long","TrendPullback","ObservationStrict_Other_WideStop1_5R",50,"Weak50_69",76.00,"Q70_79","20260102-0555-BullFVG-000911","BullFVG","SecondTouch",1,16.50,"RiskGT15",1.00,"NearestStructure",0.0606,"RR_LT_1_0","Pre10","","",False,"",0,0,25642.25,25625.75,"ObservationResearch|RegimeUnknown|Regime=Unknown|ObservationConfirmResearch|UnknownRegimeZoneTouch|ReclaimZoneHigh|ObservationConfirmStrictResearch|ObservationStrict_Other|UnknownRegimeZoneTouch|ReclaimZoneHigh"
"OPF-20260725-161545","OPF_0.1","OPF_RESEARCH_2.17","MNQ_0.1","MNQ_1Contract_Target150_200","OPF_PROFILE_0.1","20260102-0505-BEAR-OBS-000901-Z000900-OC-STR","2026-01-02T06:10:00.0000000",914,"Outcome","Short","TrendPullback","ObservationStrict_Other_WideStop1_5R",20,"WeakLT50",48.00,"QLT50","20260102-0500-BearFVG-000900","BearFVG","SecondTouch",1,9.00,"RiskLE11",0.25,"NearestStructure",0.0278,"RR_LT_1_0","Pre10","Catastrophic","ResearchWindowEnd",False,"",0,0,25623.00,25632.00,"ObservationResearch|RegimeUnknown|Regime=Unknown|ObservationConfirmResearch|UnknownRegimeZoneTouch|ReclaimZoneLow|ObservationConfirmStrictResearch|ObservationStrict_Other|UnknownRegimeZoneTouch|ReclaimZoneLow"
"OPF-20260725-161545","OPF_0.1","OPF_RESEARCH_2.17","MNQ_0.1","MNQ_1Contract_Target150_200","OPF_PROFILE_0.1","20260102-0505-BEAR-OBS-000901-Z000900-OC-STR","2026-01-02T06:10:00.0000000",914,"Outcome","Short","TrendPullback","ObservationStrict_Other",20,"WeakLT50",48.00,"QLT50","20260102-0500-BearFVG-000900","BearFVG","SecondTouch",1,6.00,"RiskLE8_5",0.25,"NearestStructure",0.0417,"RR_LT_1_0","Pre10","Catastrophic","ResearchWindowEnd",False,"",0,0,25623.00,25629.00,"ObservationResearch|RegimeUnknown|Regime=Unknown|ObservationConfirmResearch|UnknownRegimeZoneTouch|ReclaimZoneLow|ObservationConfirmStrictResearch|ObservationStrict_Other|UnknownRegimeZoneTouch|ReclaimZoneLow"
"OPF-20260725-161545","OPF_0.1","OPF_RESEARCH_2.17","MNQ_0.1","MNQ_1Contract_Target150_200","OPF_PROFILE_0.1","20260102-0505-BEAR-OBS-000901-Z000900-OC","2026-01-02T06:10:00.0000000",914,"Outcome","Short","TrendPullback","ObservationConfirm_WideStop1_5R",20,"WeakLT50",48.00,"QLT50","20260102-0500-BearFVG-000900","BearFVG","SecondTouch",1,9.00,"RiskLE11",0.25,"NearestStructure",0.0278,"RR_LT_1_0","Pre10","Catastrophic","ResearchWindowEnd",False,"",0,0,25623.00,25632.00,"ObservationResearch|RegimeUnknown|Regime=Unknown|ObservationConfirmResearch|UnknownRegimeZoneTouch|ReclaimZoneLow"
"OPF-20260725-161545","OPF_0.1","OPF_RESEARCH_2.17","MNQ_0.1","MNQ_1Contract_Target150_200","OPF_PROFILE_0.1","20260102-0505-BEAR-OBS-000901-Z000900-OC","2026-01-02T06:10:00.0000000",914,"Outcome","Short","TrendPullback","ObservationConfirm",20,"WeakLT50",48.00,"QLT50","20260102-0500-BearFVG-000900","BearFVG","SecondTouch",1,6.00,"RiskLE8_5",9.00,"ObservationConfirmTargetR:1.5",1.5,"RR_GE_1_5","Pre10","Catastrophic","ResearchWindowEnd",True,"SL",-0.8519,-34.50,25623.00,25629.00,"ObservationResearch|RegimeUnknown|Regime=Unknown|ObservationConfirmResearch|UnknownRegimeZoneTouch|ReclaimZoneLow"
"OPF-20260725-161545","OPF_0.1","OPF_RESEARCH_2.17","MNQ_0.1","MNQ_1Contract_Target150_200","OPF_PROFILE_0.1","20260102-0520-BULL-OBS-000904-Z000904","2026-01-02T06:20:00.0000000",916,"Outcome","Long","TrendPullback","ZoneBirthResearch",20,"WeakLT50",45.00,"QLT50","20260102-0520-BullFVG-000904","BullFVG","Fresh",0,7.00,"RiskLE8_5",0.75,"NearestStructure",0.1071,"RR_LT_1_0","Pre10","Catastrophic","ResearchWindowEnd",False,"",0,0,25631.75,25624.75,"ObservationResearch|ZoneJustCreated|Regime=Unknown"
"OPF-20260725-161545","OPF_0.1","OPF_RESEARCH_2.17","MNQ_0.1","MNQ_1Contract_Target150_200","OPF_PROFILE_0.1","20260102-0520-BULL-OBS-000904-Z000904-OC","2026-01-02T06:25:00.0000000",917,"Outcome","Long","TrendPullback","ObservationConfirm_WideStop1_5R",20,"WeakLT50",56.00,"Q50_69","20260102-0520-BullFVG-000904","BullFVG","Fresh",0,9.00,"RiskLE11",1.00,"NearestStructure",0.1111,"RR_LT_1_0","Pre10","Catastrophic","ResearchWindowEnd",False,"",0,0,25630.75,25621.75,"ObservationResearch|ZoneJustCreated|Regime=Unknown|ObservationConfirmResearch|ZoneBirthResearch|ReclaimZoneHigh"
"OPF-20260725-161545","OPF_0.1","OPF_RESEARCH_2.17","MNQ_0.1","MNQ_1Contract_Target150_200","OPF_PROFILE_0.1","20260102-0520-BULL-OBS-000904-Z000904-OC","2026-01-02T06:25:00.0000000",917,"Outcome","Long","TrendPullback","ObservationConfirm",20,"WeakLT50",56.00,"Q50_69","20260102-0520-BullFVG-000904","BullFVG","Fresh",0,6.00,"RiskLE8_5",9.00,"ObservationConfirmTargetR:1.5",1.5,"RR_GE_1_5","Pre10","Catastrophic","ResearchWindowEnd",True,"SL",-0.9733,-36.50,25630.75,25624.75,"ObservationResearch|ZoneJustCreated|Regime=Unknown|ObservationConfirmResearch|ZoneBirthResearch|ReclaimZoneHigh"
"OPF-20260725-161545","OPF_0.1","OPF_RESEARCH_2.17","MNQ_0.1","MNQ_1Contract_Target150_200","OPF_PROFILE_0.1","20260102-0530-BULL-OBS-000906-Z000904","2026-01-02T06:30:00.0000000",918,"Outcome","Long","TrendPullback","UnknownRegimeZoneTouch",40,"WeakLT50",34.00,"QLT50","20260102-0520-BullFVG-000904","BullFVG","SecondTouch",1,4.25,"RiskLE8_5",0.25,"NearestStructure",0.0588,"RR_LT_1_0","Pre10","Catastrophic","ResearchWindowEnd",False,"",0,0,25629.00,25624.75,"ObservationResearch|RegimeUnknown|Regime=Unknown"
"OPF-20260725-161545","OPF_0.1","OPF_RESEARCH_2.17","MNQ_0.1","MNQ_1Contract_Target150_200","OPF_PROFILE_0.1","20260102-0630-BEAR-OBS-000918-Z000918","2026-01-02T06:30:00.0000000",918,"Tracked","Short","TrendPullback","ZoneBirthResearch",0,"WeakLT50",41.00,"QLT50","20260102-0630-BearFVG-000918","BearFVG","Fresh",0,3.50,"RiskLE8_5",0.75,"NearestStructure",0.2143,"RR_LT_1_0","Pre10","","",False,"",0,0,25637.75,25641.25,"ObservationResearch|ZoneJustCreated|Regime=Unknown"
"OPF-20260725-161545","OPF_0.1","OPF_RESEARCH_2.17","MNQ_0.1","MNQ_1Contract_Target150_200","OPF_PROFILE_0.1","20260102-0630-BEAR-OBS-000918-Z000918-OC","2026-01-02T06:35:00.0000000",919,"Tracked","Short","TrendPullback","ObservationConfirm",0,"WeakLT50",53.00,"Q50_69","20260102-0630-BearFVG-000918","BearFVG","Fresh",0,1.50,"RiskLE8_5",2.25,"ObservationConfirmTargetR:1.5",1.5,"RR_GE_1_5","Pre10","","",False,"",0,0,25639.75,25641.25,"ObservationResearch|ZoneJustCreated|Regime=Unknown|ObservationConfirmResearch|ZoneBirthResearch|ReclaimZoneLow"
"OPF-20260725-161545","OPF_0.1","OPF_RESEARCH_2.17","MNQ_0.1","MNQ_1Contract_Target150_200","OPF_PROFILE_0.1","20260102-0630-BEAR-OBS-000918-Z000918-OC","2026-01-02T06:35:00.0000000",919,"Tracked","Short","TrendPullback","ObservationConfirm_WideStop1_5R",0,"WeakLT50",53.00,"Q50_69","20260102-0630-BearFVG-000918","BearFVG","Fresh",0,2.25,"RiskLE8_5",0.25,"NearestStructure",0.1111,"RR_LT_1_0","Pre10","","",False,"",0,0,25639.75,25642.00,"ObservationResearch|ZoneJustCreated|Regime=Unknown|ObservationConfirmResearch|ZoneBirthResearch|ReclaimZoneLow"
"OPF-20260725-161545","OPF_0.1","OPF_RESEARCH_2.17","MNQ_0.1","MNQ_1Contract_Target150_200","OPF_PROFILE_0.1","20260102-0635-BEAR-OBS-000919-Z000918","2026-01-02T06:35:00.0000000",919,"Tracked","Short","TrendPullback","UnknownRegimeZoneTouch",0,"WeakLT50",30.00,"QLT50","20260102-0630-BearFVG-000918","BearFVG","SecondTouch",1,1.50,"RiskLE8_5",0.25,"NearestStructure",0.1667,"RR_LT_1_0","Pre10","","",False,"",0,0,25639.75,25641.25,"ObservationResearch|RegimeUnknown|Regime=Unknown"
"OPF-20260725-161545","OPF_0.1","OPF_RESEARCH_2.17","MNQ_0.1","MNQ_1Contract_Target150_200","OPF_PROFILE_0.1","20260102-0530-BULL-OBS-000906-Z000904-FR","2026-01-02T06:40:00.0000000",920,"Outcome","Short","FailureReverse","FailureReverse_ObservationInvalidated_WideStop1_5R",40,"WeakLT50",46.00,"QLT50","20260102-0520-BullFVG-000904","BullFVG","SecondTouch",1,5.62,"RiskLE8_5",0.75,"NearestStructure",0.1335,"RR_LT_1_0","Pre10","Catastrophic","ResearchWindowEnd",False,"",0,0,25622.75,25628.37,"FailureReverseResearch|FailureSourceSignalID=20260102-0530-BULL-OBS-000906-Z000904|FailureSource=BullFVG|FailureSourceZoneFreshness=SecondTouch|UnknownRegimeZoneTouch|RegimeUnknown"
"OPF-20260725-161545","OPF_0.1","OPF_RESEARCH_2.17","MNQ_0.1","MNQ_1Contract_Target150_200","OPF_PROFILE_0.1","20260102-0530-BULL-OBS-000906-Z000904-FR","2026-01-02T06:40:00.0000000",920,"Outcome","Short","FailureReverse","FailureReverse_ObservationInvalidated",40,"WeakLT50",46.00,"QLT50","20260102-0520-BullFVG-000904","BullFVG","SecondTouch",1,3.75,"RiskLE8_5",0.75,"NearestStructure",0.2,"RR_LT_1_0","Pre10","Catastrophic","ResearchWindowEnd",False,"",0,0,25622.75,25626.50,"FailureReverseResearch|FailureSourceSignalID=20260102-0530-BULL-OBS-000906-Z000904|FailureSource=BullFVG|FailureSourceZoneFreshness=SecondTouch|UnknownRegimeZoneTouch|RegimeUnknown"
"OPF-20260725-161545","OPF_0.1","OPF_RESEARCH_2.17","MNQ_0.1","MNQ_1Contract_Target150_200","OPF_PROFILE_0.1","20260102-0635-BEAR-OBS-000919-Z000918-FR","2026-01-02T06:40:00.0000000",920,"Tracked","Long","FailureReverse","FailureReverse_ObservationInvalidated",0,"WeakLT50",42.00,"QLT50","20260102-0630-BearFVG-000918","BearFVG","SecondTouch",1,6.75,"RiskLE8_5",0,"NearestStructure",0,"RR_LT_1_0","Pre10","","",False,"",0,0,25646.25,25639.50,"FailureReverseResearch|FailureSourceSignalID=20260102-0635-BEAR-OBS-000919-Z000918|FailureSource=BearFVG|FailureSourceZoneFreshness=SecondTouch|UnknownRegimeZoneTouch|RegimeUnknown"
"OPF-20260725-161545","OPF_0.1","OPF_RESEARCH_2.17","MNQ_0.1","MNQ_1Contract_Target150_200","OPF_PROFILE_0.1","20260102-0635-BEAR-OBS-000919-Z000918-FR","2026-01-02T06:40:00.0000000",920,"Tracked","Long","FailureReverse","FailureReverse_ObservationInvalidated_WideStop1_5R",0,"WeakLT50",42.00,"QLT50","20260102-0630-BearFVG-000918","BearFVG","SecondTouch",1,10.12,"RiskLE11",0,"NearestStructure",0,"RR_LT_1_0","Pre10","","",False,"",0,0,25646.25,25636.13,"FailureReverseResearch|FailureSourceSignalID=20260102-0635-BEAR-OBS-000919-Z000918|FailureSource=BearFVG|FailureSourceZoneFreshness=SecondTouch|UnknownRegimeZoneTouch|RegimeUnknown"
"OPF-20260725-161545","OPF_0.1","OPF_RESEARCH_2.17","MNQ_0.1","MNQ_1Contract_Target150_200","OPF_PROFILE_0.1","20260102-0635-BEAR-OBS-000919-Z000918-FR-LQ","2026-01-02T06:40:00.0000000",920,"Tracked","Long","FailureReverse","FailureReverse_LongQualified",0,"WeakLT50",42.00,"QLT50","20260102-0630-BearFVG-000918","BearFVG","SecondTouch",1,6.75,"RiskLE8_5",10.12,"FailureLongQualifiedTargetR:1.5",1.4993,"RR_GE_1_2","Pre10","","",False,"",0,0,25646.25,25639.50,"FailureReverseResearch|FailureSourceSignalID=20260102-0635-BEAR-OBS-000919-Z000918|FailureSource=BearFVG|FailureSourceZoneFreshness=SecondTouch|UnknownRegimeZoneTouch|RegimeUnknown|FailureReverseLongQualified|Risk=6.75|HeatR=1"
"OPF-20260725-161545","OPF_0.1","OPF_RESEARCH_2.17","MNQ_0.1","MNQ_1Contract_Target150_200","OPF_PROFILE_0.1","20260102-0550-BULL-OBS-000910-Z000910","2026-01-02T06:50:00.0000000",922,"Outcome","Long","TrendPullback","ZoneBirthResearch",20,"WeakLT50",41.00,"QLT50","20260102-0550-BullFVG-000910","BullFVG","Fresh",0,9.50,"RiskLE11",4.00,"NearestStructure",0.4211,"RR_LT_1_0","Pre10","Good","ResearchWindowEnd",False,"",0,0,25636.00,25626.50,"ObservationResearch|ZoneJustCreated|Regime=Unknown"
"OPF-20260725-161545","OPF_0.1","OPF_RESEARCH_2.17","MNQ_0.1","MNQ_1Contract_Target150_200","OPF_PROFILE_0.1","20260102-0555-BULL-OBS-000911-Z000911","2026-01-02T06:55:00.0000000",923,"Outcome","Long","TrendPullback","ZoneBirthResearch",20,"WeakLT50",41.00,"QLT50","20260102-0555-BullFVG-000911","BullFVG","Fresh",0,7.50,"RiskLE8_5",1.25,"NearestStructure",0.1667,"RR_LT_1_0","Pre10","Good","ResearchWindowEnd",False,"",0,0,25638.75,25631.25,"ObservationResearch|ZoneJustCreated|Regime=Unknown"
"OPF-20260725-161545","OPF_0.1","OPF_RESEARCH_2.17","MNQ_0.1","MNQ_1Contract_Target150_200","OPF_PROFILE_0.1","20260102-0550-BULL-OBS-000910-Z000910-OC-STR","2026-01-02T06:55:00.0000000",923,"Outcome","Long","TrendPullback","ObservationStrict_BullFresh_WideStop1_5R",20,"WeakLT50",56.00,"Q50_69","20260102-0550-BullFVG-000910","BullFVG","Fresh",0,18.38,"RiskGT15",1.25,"NearestStructure",0.0680,"RR_LT_1_0","Pre10","Scratch","ResearchWindowEnd",False,"",0,0,25638.75,25620.37,"ObservationResearch|ZoneJustCreated|Regime=Unknown|ObservationConfirmResearch|ZoneBirthResearch|ReclaimZoneHigh|ObservationConfirmStrictResearch|ObservationStrict_BullFresh|ZoneBirthResearch|ReclaimZoneHigh"
"OPF-20260725-161545","OPF_0.1","OPF_RESEARCH_2.17","MNQ_0.1","MNQ_1Contract_Target150_200","OPF_PROFILE_0.1","20260102-0550-BULL-OBS-000910-Z000910-OC-STR","2026-01-02T06:55:00.0000000",923,"Outcome","Long","TrendPullback","ObservationStrict_BullFresh",20,"WeakLT50",56.00,"Q50_69","20260102-0550-BullFVG-000910","BullFVG","Fresh",0,12.25,"RiskLE15",14.70,"StrictBullFreshMin1_2R",1.2,"RR_GE_1_2","Pre10","Scratch","ResearchWindowEnd",False,"",0,0,25638.75,25626.50,"ObservationResearch|ZoneJustCreated|Regime=Unknown|ObservationConfirmResearch|ZoneBirthResearch|ReclaimZoneHigh|ObservationConfirmStrictResearch|ObservationStrict_BullFresh|ZoneBirthResearch|ReclaimZoneHigh"
"OPF-20260725-161545","OPF_0.1","OPF_RESEARCH_2.17","MNQ_0.1","MNQ_1Contract_Target150_200","OPF_PROFILE_0.1","20260102-0550-BULL-OBS-000910-Z000910-OC","2026-01-02T06:55:00.0000000",923,"Outcome","Long","TrendPullback","ObservationConfirm_WideStop1_5R",20,"WeakLT50",56.00,"Q50_69","20260102-0550-BullFVG-000910","BullFVG","Fresh",0,18.38,"RiskGT15",1.25,"NearestStructure",0.0680,"RR_LT_1_0","Pre10","Scratch","ResearchWindowEnd",False,"",0,0,25638.75,25620.37,"ObservationResearch|ZoneJustCreated|Regime=Unknown|ObservationConfirmResearch|ZoneBirthResearch|ReclaimZoneHigh"
"OPF-20260725-161545","OPF_0.1","OPF_RESEARCH_2.17","MNQ_0.1","MNQ_1Contract_Target150_200","OPF_PROFILE_0.1","20260102-0550-BULL-OBS-000910-Z000910-OC","2026-01-02T06:55:00.0000000",923,"Outcome","Long","TrendPullback","ObservationConfirm",20,"WeakLT50",56.00,"Q50_69","20260102-0550-BullFVG-000910","BullFVG","Fresh",0,12.25,"RiskLE15",18.38,"ObservationConfirmTargetR:1.5",1.5004,"RR_GE_1_5","Pre10","Scratch","ResearchWindowEnd",False,"",0,0,25638.75,25626.50,"ObservationResearch|ZoneJustCreated|Regime=Unknown|ObservationConfirmResearch|ZoneBirthResearch|ReclaimZoneHigh"
"OPF-20260725-161545","OPF_0.1","OPF_RESEARCH_2.17","MNQ_0.1","MNQ_1Contract_Target150_200","OPF_PROFILE_0.1","20260102-0600-BULL-OBS-000912-Z000911","2026-01-02T07:00:00.0000000",924,"Outcome","Long","TrendPullback","UnknownRegimeZoneTouch",50,"Weak50_69",61.00,"Q50_69","20260102-0555-BullFVG-000911","BullFVG","SecondTouch",1,9.25,"RiskLE11",1.00,"NearestStructure",0.1081,"RR_LT_1_0","Pre10","Good","ResearchWindowEnd",False,"",0,0,25640.50,25631.25,"ObservationResearch|RegimeUnknown|Regime=Unknown"
"OPF-20260725-161545","OPF_0.1","OPF_RESEARCH_2.17","MNQ_0.1","MNQ_1Contract_Target150_200","OPF_PROFILE_0.1","20260102-0555-BULL-OBS-000911-Z000911-OC","2026-01-02T07:00:00.0000000",924,"Outcome","Long","TrendPullback","ObservationConfirm_WideStop1_5R",20,"WeakLT50",60.00,"Q50_69","20260102-0555-BullFVG-000911","BullFVG","Fresh",0,13.88,"RiskLE15",1.00,"NearestStructure",0.0720,"RR_LT_1_0","Pre10","Scratch","ResearchWindowEnd",False,"",0,0,25640.50,25626.62,"ObservationResearch|ZoneJustCreated|Regime=Unknown|ObservationConfirmResearch|ZoneBirthResearch|ReclaimZoneHigh"
"OPF-20260725-161545","OPF_0.1","OPF_RESEARCH_2.17","MNQ_0.1","MNQ_1Contract_Target150_200","OPF_PROFILE_0.1","20260102-0555-BULL-OBS-000911-Z000911-OC","2026-01-02T07:00:00.0000000",924,"Outcome","Long","TrendPullback","ObservationConfirm",20,"WeakLT50",60.00,"Q50_69","20260102-0555-BullFVG-000911","BullFVG","Fresh",0,9.25,"RiskLE11",13.88,"ObservationConfirmTargetR:1.5",1.5005,"RR_GE_1_5","Pre10","Good","ResearchWindowEnd",True,"TIME_STOP",-0.4312,-23.50,25640.50,25631.25,"ObservationResearch|ZoneJustCreated|Regime=Unknown|ObservationConfirmResearch|ZoneBirthResearch|ReclaimZoneHigh"
"OPF-20260725-161545","OPF_0.1","OPF_RESEARCH_2.17","MNQ_0.1","MNQ_1Contract_Target150_200","OPF_PROFILE_0.1","20260102-0600-BULL-OBS-000912-Z000911-OC-STR","2026-01-02T07:05:00.0000000",925,"Outcome","Long","TrendPullback","ObservationStrict_Other_WideStop1_5R",50,"Weak50_69",76.00,"Q70_79","20260102-0555-BullFVG-000911","BullFVG","SecondTouch",1,16.50,"RiskGT15",0.50,"NearestStructure",0.0303,"RR_LT_1_0","Pre10","Poor","ResearchWindowEnd",False,"",0,0,25642.25,25625.75,"ObservationResearch|RegimeUnknown|Regime=Unknown|ObservationConfirmResearch|UnknownRegimeZoneTouch|ReclaimZoneHigh|ObservationConfirmStrictResearch|ObservationStrict_Other|UnknownRegimeZoneTouch|ReclaimZoneHigh"
"OPF-20260725-161545","OPF_0.1","OPF_RESEARCH_2.17","MNQ_0.1","MNQ_1Contract_Target150_200","OPF_PROFILE_0.1","20260102-0600-BULL-OBS-000912-Z000911-OC-STR","2026-01-02T07:05:00.0000000",925,"Outcome","Long","TrendPullback","ObservationStrict_Other",50,"Weak50_69",76.00,"Q70_79","20260102-0555-BullFVG-000911","BullFVG","SecondTouch",1,11.00,"RiskLE11",0.50,"NearestStructure",0.0455,"RR_LT_1_0","Pre10","Scratch","ResearchWindowEnd",False,"",0,0,25642.25,25631.25,"ObservationResearch|RegimeUnknown|Regime=Unknown|ObservationConfirmResearch|UnknownRegimeZoneTouch|ReclaimZoneHigh|ObservationConfirmStrictResearch|ObservationStrict_Other|UnknownRegimeZoneTouch|ReclaimZoneHigh"
"OPF-20260725-161545","OPF_0.1","OPF_RESEARCH_2.17","MNQ_0.1","MNQ_1Contract_Target150_200","OPF_PROFILE_0.1","20260102-0600-BULL-OBS-000912-Z000911-OC","2026-01-02T07:05:00.0000000",925,"Outcome","Long","TrendPullback","ObservationConfirm_WideStop1_5R",50,"Weak50_69",76.00,"Q70_79","20260102-0555-BullFVG-000911","BullFVG","SecondTouch",1,16.50,"RiskGT15",0.50,"NearestStructure",0.0303,"RR_LT_1_0","Pre10","Poor","ResearchWindowEnd",False,"",0,0,25642.25,25625.75,"ObservationResearch|RegimeUnknown|Regime=Unknown|ObservationConfirmResearch|UnknownRegimeZoneTouch|ReclaimZoneHigh"
"OPF-20260725-161545","OPF_0.1","OPF_RESEARCH_2.17","MNQ_0.1","MNQ_1Contract_Target150_200","OPF_PROFILE_0.1","20260102-0600-BULL-OBS-000912-Z000911-OC","2026-01-02T07:10:00.0000000",926,"Outcome","Long","TrendPullback","ObservationConfirm",50,"Weak50_69",76.00,"Q70_79","20260102-0555-BullFVG-000911","BullFVG","SecondTouch",1,11.00,"RiskLE11",16.50,"ObservationConfirmTargetR:1.5",1.5,"RR_GE_1_5","Pre10","Scratch","ActualExit:SL",True,"SL",-1.0248,-62.00,25642.25,25631.25,"ObservationResearch|RegimeUnknown|Regime=Unknown|ObservationConfirmResearch|UnknownRegimeZoneTouch|ReclaimZoneHigh"
"OPF-20260725-161545","OPF_0.1","OPF_RESEARCH_2.17","MNQ_0.1","MNQ_1Contract_Target150_200","OPF_PROFILE_0.1","20260102-0715-BEAR-OBS-000927-Z000927","2026-01-02T07:15:00.0000000",927,"Tracked","Short","TrendPullback","ZoneBirthResearch",20,"WeakLT50",45.00,"QLT50","20260102-0715-BearFVG-000927","BearFVG","Fresh",0,9.25,"RiskLE11",1.00,"NearestStructure",0.1081,"RR_LT_1_0","Pre10","","",False,"",0,0,25626.75,25636.00,"ObservationResearch|ZoneJustCreated|Regime=Unknown"
"OPF-20260725-161545","OPF_0.1","OPF_RESEARCH_2.17","MNQ_0.1","MNQ_1Contract_Target150_200","OPF_PROFILE_0.1","20260102-0715-BEAR-OBS-000927-Z000927-FR","2026-01-02T07:20:00.0000000",928,"Tracked","Long","FailureReverse","FailureReverse_ObservationInvalidated",20,"WeakLT50",50.00,"Q50_69","20260102-0715-BearFVG-000927","BearFVG","Fresh",0,2.50,"RiskLE8_5",3.75,"NearestStructure",1.5,"RR_GE_1_5","Pre10","","",False,"",0,0,25636.25,25633.75,"FailureReverseResearch|FailureSourceSignalID=20260102-0715-BEAR-OBS-000927-Z000927|FailureSource=BearFVG|FailureSourceZoneFreshness=Fresh|ZoneBirthResearch|ZoneJustCreated"
"OPF-20260725-161545","OPF_0.1","OPF_RESEARCH_2.17","MNQ_0.1","MNQ_1Contract_Target150_200","OPF_PROFILE_0.1","20260102-0715-BEAR-OBS-000927-Z000927-FR","2026-01-02T07:20:00.0000000",928,"Tracked","Long","FailureReverse","FailureReverse_ObservationInvalidated_WideStop1_5R",20,"WeakLT50",50.00,"Q50_69","20260102-0715-BearFVG-000927","BearFVG","Fresh",0,3.75,"RiskLE8_5",3.75,"NearestStructure",1,"RR_GE_1_0","Pre10","","",False,"",0,0,25636.25,25632.50,"FailureReverseResearch|FailureSourceSignalID=20260102-0715-BEAR-OBS-000927-Z000927|FailureSource=BearFVG|FailureSourceZoneFreshness=Fresh|ZoneBirthResearch|ZoneJustCreated"
"OPF-20260725-161545","OPF_0.1","OPF_RESEARCH_2.17","MNQ_0.1","MNQ_1Contract_Target150_200","OPF_PROFILE_0.1","20260102-0715-BEAR-OBS-000927-Z000927-FR-AEW1","2026-01-02T07:25:00.0000000",929,"Tracked","Long","FailureReverse","FailureReverse_ObservationInvalidated_WideStop1_5R",20,"WeakLT50",50.00,"Q50_69","20260102-0715-BearFVG-000927","BearFVG","Fresh",0,7.88,"RiskLE8_5",0.75,"NearestStructure",0.0952,"RR_LT_1_0","Pre10","","",False,"",0,0,25637.75,25629.87,"FailureReverseResearch|FailureSourceSignalID=20260102-0715-BEAR-OBS-000927-Z000927|FailureSource=BearFVG|FailureSourceZoneFreshness=Fresh|ZoneBirthResearch|ZoneJustCreated|AggressiveExpansionWait1V165:originBar=928|AggressiveExpansionWait1ConfirmBarStopV166|OriginPath=FailureReverse_ObservationInvalidated_WideStop1_5R"
"OPF-20260725-161545","OPF_0.1","OPF_RESEARCH_2.17","MNQ_0.1","MNQ_1Contract_Target150_200","OPF_PROFILE_0.1","20260102-0715-BEAR-OBS-000927-Z000927-FR-AEW1","2026-01-02T07:25:00.0000000",929,"Tracked","Long","FailureReverse","FailureReverse_ObservationInvalidated",20,"WeakLT50",50.00,"Q50_69","20260102-0715-BearFVG-000927","BearFVG","Fresh",0,5.25,"RiskLE8_5",0.75,"NearestStructure",0.1429,"RR_LT_1_0","Pre10","","",False,"",0,0,25637.75,25632.50,"FailureReverseResearch|FailureSourceSignalID=20260102-0715-BEAR-OBS-000927-Z000927|FailureSource=BearFVG|FailureSourceZoneFreshness=Fresh|ZoneBirthResearch|ZoneJustCreated|AggressiveExpansionWait1V165:originBar=928|AggressiveExpansionWait1ConfirmBarStopV166|OriginPath=FailureReverse_ObservationInvalidated"
"OPF-20260725-161545","OPF_0.1","OPF_RESEARCH_2.17","MNQ_0.1","MNQ_1Contract_Target150_200","OPF_PROFILE_0.1","20260102-0630-BEAR-OBS-000918-Z000918","2026-01-02T07:30:00.0000000",930,"Outcome","Short","TrendPullback","ZoneBirthResearch",0,"WeakLT50",41.00,"QLT50","20260102-0630-BearFVG-000918","BearFVG","Fresh",0,3.50,"RiskLE8_5",0.75,"NearestStructure",0.2143,"RR_LT_1_0","Pre10","Catastrophic","ResearchWindowEnd",False,"",0,0,25637.75,25641.25,"ObservationResearch|ZoneJustCreated|Regime=Unknown"
"OPF-20260725-161545","OPF_0.1","OPF_RESEARCH_2.17","MNQ_0.1","MNQ_1Contract_Target150_200","OPF_PROFILE_0.1","20260102-0635-BEAR-OBS-000919-Z000918","2026-01-02T07:35:00.0000000",931,"Outcome","Short","TrendPullback","UnknownRegimeZoneTouch",0,"WeakLT50",30.00,"QLT50","20260102-0630-BearFVG-000918","BearFVG","SecondTouch",1,1.50,"RiskLE8_5",0.25,"NearestStructure",0.1667,"RR_LT_1_0","Pre10","Catastrophic","ResearchWindowEnd",False,"",0,0,25639.75,25641.25,"ObservationResearch|RegimeUnknown|Regime=Unknown"
"OPF-20260725-161545","OPF_0.1","OPF_RESEARCH_2.17","MNQ_0.1","MNQ_1Contract_Target150_200","OPF_PROFILE_0.1","20260102-0630-BEAR-OBS-000918-Z000918-OC","2026-01-02T07:35:00.0000000",931,"Outcome","Short","TrendPullback","ObservationConfirm_WideStop1_5R",0,"WeakLT50",53.00,"Q50_69","20260102-0630-BearFVG-000918","BearFVG","Fresh",0,2.25,"RiskLE8_5",0.25,"NearestStructure",0.1111,"RR_LT_1_0","Pre10","Catastrophic","ResearchWindowEnd",False,"",0,0,25639.75,25642.00,"ObservationResearch|ZoneJustCreated|Regime=Unknown|ObservationConfirmResearch|ZoneBirthResearch|ReclaimZoneLow"
"OPF-20260725-161545","OPF_0.1","OPF_RESEARCH_2.17","MNQ_0.1","MNQ_1Contract_Target150_200","OPF_PROFILE_0.1","20260102-0630-BEAR-OBS-000918-Z000918-OC","2026-01-02T07:35:00.0000000",931,"Outcome","Short","TrendPullback","ObservationConfirm",0,"WeakLT50",53.00,"Q50_69","20260102-0630-BearFVG-000918","BearFVG","Fresh",0,1.50,"RiskLE8_5",2.25,"ObservationConfirmTargetR:1.5",1.5,"RR_GE_1_5","Pre10","Catastrophic","ResearchWindowEnd",False,"",0,0,25639.75,25641.25,"ObservationResearch|ZoneJustCreated|Regime=Unknown|ObservationConfirmResearch|ZoneBirthResearch|ReclaimZoneLow"
"OPF-20260725-161545","OPF_0.1","OPF_RESEARCH_2.17","MNQ_0.1","MNQ_1Contract_Target150_200","OPF_PROFILE_0.1","20260102-0715-BEAR-OBS-000927-Z000927-FR-RT","2026-01-02T07:35:00.0000000",931,"Tracked","Long","FailureReverse","FailureReverse_RetestFailed",20,"WeakLT50",60.00,"Q50_69","20260102-0715-BearFVG-000927","BearFVG","Fresh",0,6.25,"RiskLE8_5",7.50,"FailureRetestMin1_2R",1.2,"RR_GE_1_2","Pre10","","",False,"",0,0,25640.00,25633.75,"FailureReverseResearch|FailureSourceSignalID=20260102-0715-BEAR-OBS-000927-Z000927|FailureSource=BearFVG|FailureSourceZoneFreshness=Fresh|ZoneBirthResearch|ZoneJustCreated|FailureRetestFailedTriggered|ReclaimZoneHigh"
"OPF-20260725-161545","OPF_0.1","OPF_RESEARCH_2.17","MNQ_0.1","MNQ_1Contract_Target150_200","OPF_PROFILE_0.1","20260102-0715-BEAR-OBS-000927-Z000927-FR-RT","2026-01-02T07:35:00.0000000",931,"Tracked","Long","FailureReverse","FailureReverse_RetestFailed_WideStop1_5R",20,"WeakLT50",60.00,"Q50_69","20260102-0715-BearFVG-000927","BearFVG","Fresh",0,9.38,"RiskLE11",0.25,"NearestStructure",0.0267,"RR_LT_1_0","Pre10","","",False,"",0,0,25640.00,25630.62,"FailureReverseResearch|FailureSourceSignalID=20260102-0715-BEAR-OBS-000927-Z000927|FailureSource=BearFVG|FailureSourceZoneFreshness=Fresh|ZoneBirthResearch|ZoneJustCreated|FailureRetestFailedTriggered|ReclaimZoneHigh"
"OPF-20260725-161545","OPF_0.1","OPF_RESEARCH_2.17","MNQ_0.1","MNQ_1Contract_Target150_200","OPF_PROFILE_0.1","20260102-0635-BEAR-OBS-000919-Z000918-FR-LQ","2026-01-02T07:40:00.0000000",932,"Outcome","Long","FailureReverse","FailureReverse_LongQualified",0,"WeakLT50",42.00,"QLT50","20260102-0630-BearFVG-000918","BearFVG","SecondTouch",1,6.75,"RiskLE8_5",10.12,"FailureLongQualifiedTargetR:1.5",1.4993,"RR_GE_1_2","Pre10","Catastrophic","ResearchWindowEnd",False,"",0,0,25646.25,25639.50,"FailureReverseResearch|FailureSourceSignalID=20260102-0635-BEAR-OBS-000919-Z000918|FailureSource=BearFVG|FailureSourceZoneFreshness=SecondTouch|UnknownRegimeZoneTouch|RegimeUnknown|FailureReverseLongQualified|Risk=6.75|HeatR=1"
"OPF-20260725-161545","OPF_0.1","OPF_RESEARCH_2.17","MNQ_0.1","MNQ_1Contract_Target150_200","OPF_PROFILE_0.1","20260102-0635-BEAR-OBS-000919-Z000918-FR","2026-01-02T07:40:00.0000000",932,"Outcome","Long","FailureReverse","FailureReverse_ObservationInvalidated_WideStop1_5R",0,"WeakLT50",42.00,"QLT50","20260102-0630-BearFVG-000918","BearFVG","SecondTouch",1,10.12,"RiskLE11",1.50,"NearestStructure",0.1482,"RR_LT_1_0","Pre10","Catastrophic","ResearchWindowEnd",False,"",0,0,25646.25,25636.13,"FailureReverseResearch|FailureSourceSignalID=20260102-0635-BEAR-OBS-000919-Z000918|FailureSource=BearFVG|FailureSourceZoneFreshness=SecondTouch|UnknownRegimeZoneTouch|RegimeUnknown"
"OPF-20260725-161545","OPF_0.1","OPF_RESEARCH_2.17","MNQ_0.1","MNQ_1Contract_Target150_200","OPF_PROFILE_0.1","20260102-0635-BEAR-OBS-000919-Z000918-FR","2026-01-02T07:40:00.0000000",932,"Outcome","Long","FailureReverse","FailureReverse_ObservationInvalidated",0,"WeakLT50",42.00,"QLT50","20260102-0630-BearFVG-000918","BearFVG","SecondTouch",1,6.75,"RiskLE8_5",1.50,"NearestStructure",0.2222,"RR_LT_1_0","Pre10","Catastrophic","ResearchWindowEnd",False,"",0,0,25646.25,25639.50,"FailureReverseResearch|FailureSourceSignalID=20260102-0635-BEAR-OBS-000919-Z000918|FailureSource=BearFVG|FailureSourceZoneFreshness=SecondTouch|UnknownRegimeZoneTouch|RegimeUnknown"
"OPF-20260725-161545","OPF_0.1","OPF_RESEARCH_2.17","MNQ_0.1","MNQ_1Contract_Target150_200","OPF_PROFILE_0.1","20260102-0750-BEAR-OBS-000934-Z000934","2026-01-02T07:50:00.0000000",934,"Tracked","Short","TrendPullback","ZoneBirthResearch",10,"WeakLT50",38.00,"QLT50","20260102-0750-BearFVG-000934","BearFVG","Fresh",0,8.50,"RiskLE8_5",2.25,"NearestStructure",0.2647,"RR_LT_1_0","Pre10","","",False,"",0,0,25630.50,25639.00,"ObservationResearch|ZoneJustCreated|Regime=Unknown"
"OPF-20260725-161545","OPF_0.1","OPF_RESEARCH_2.17","MNQ_0.1","MNQ_1Contract_Target150_200","OPF_PROFILE_0.1","20260102-0755-BEAR-OBS-000935-Z000934","2026-01-02T07:55:00.0000000",935,"Tracked","Short","TrendPullback","UnknownRegimeZoneTouch",10,"WeakLT50",30.00,"QLT50","20260102-0750-BearFVG-000934","BearFVG","SecondTouch",1,1.50,"RiskLE8_5",0.50,"NearestStructure",0.3333,"RR_LT_1_0","Pre10","","",False,"",0,0,25637.50,25639.00,"ObservationResearch|RegimeUnknown|Regime=Unknown"
"OPF-20260725-161545","OPF_0.1","OPF_RESEARCH_2.17","MNQ_0.1","MNQ_1Contract_Target150_200","OPF_PROFILE_0.1","20260102-0755-BEAR-OBS-000935-Z000934-FR","2026-01-02T08:00:00.0000000",936,"Tracked","Long","FailureReverse","FailureReverse_ObservationInvalidated",10,"WeakLT50",42.00,"QLT50","20260102-0750-BearFVG-000934","BearFVG","SecondTouch",1,18.00,"RiskGT15",0,"NearestStructure",0,"RR_LT_1_0","Pre10","","",False,"",0,0,25650.25,25632.25,"FailureReverseResearch|FailureSourceSignalID=20260102-0755-BEAR-OBS-000935-Z000934|FailureSource=BearFVG|FailureSourceZoneFreshness=SecondTouch|UnknownRegimeZoneTouch|RegimeUnknown"
"OPF-20260725-161545","OPF_0.1","OPF_RESEARCH_2.17","MNQ_0.1","MNQ_1Contract_Target150_200","OPF_PROFILE_0.1","20260102-0755-BEAR-OBS-000935-Z000934-FR","2026-01-02T08:00:00.0000000",936,"Tracked","Long","FailureReverse","FailureReverse_ObservationInvalidated_WideStop1_5R",10,"WeakLT50",42.00,"QLT50","20260102-0750-BearFVG-000934","BearFVG","SecondTouch",1,27.00,"RiskGT15",0,"NearestStructure",0,"RR_LT_1_0","Pre10","","",False,"",0,0,25650.25,25623.25,"FailureReverseResearch|FailureSourceSignalID=20260102-0755-BEAR-OBS-000935-Z000934|FailureSource=BearFVG|FailureSourceZoneFreshness=SecondTouch|UnknownRegimeZoneTouch|RegimeUnknown"
"OPF-20260725-161545","OPF_0.1","OPF_RESEARCH_2.17","MNQ_0.1","MNQ_1Contract_Target150_200","OPF_PROFILE_0.1","20260102-0750-BEAR-OBS-000934-Z000934-FR","2026-01-02T08:00:00.0000000",936,"Tracked","Long","FailureReverse","FailureReverse_ObservationInvalidated",10,"WeakLT50",50.00,"Q50_69","20260102-0750-BearFVG-000934","BearFVG","Fresh",0,18.00,"RiskGT15",0,"NearestStructure",0,"RR_LT_1_0","Pre10","","",False,"",0,0,25650.25,25632.25,"FailureReverseResearch|FailureSourceSignalID=20260102-0750-BEAR-OBS-000934-Z000934|FailureSource=BearFVG|FailureSourceZoneFreshness=Fresh|ZoneBirthResearch|ZoneJustCreated"
"OPF-20260725-161545","OPF_0.1","OPF_RESEARCH_2.17","MNQ_0.1","MNQ_1Contract_Target150_200","OPF_PROFILE_0.1","20260102-0750-BEAR-OBS-000934-Z000934-FR","2026-01-02T08:00:00.0000000",936,"Tracked","Long","FailureReverse","FailureReverse_ObservationInvalidated_WideStop1_5R",10,"WeakLT50",50.00,"Q50_69","20260102-0750-BearFVG-000934","BearFVG","Fresh",0,27.00,"RiskGT15",0,"NearestStructure",0,"RR_LT_1_0","Pre10","","",False,"",0,0,25650.25,25623.25,"FailureReverseResearch|FailureSourceSignalID=20260102-0750-BEAR-OBS-000934-Z000934|FailureSource=BearFVG|FailureSourceZoneFreshness=Fresh|ZoneBirthResearch|ZoneJustCreated"
"OPF-20260725-161545","OPF_0.1","OPF_RESEARCH_2.17","MNQ_0.1","MNQ_1Contract_Target150_200","OPF_PROFILE_0.1","20260102-0800-BULL-BRK-000936-Z000936","2026-01-02T08:00:00.0000000",936,"Tracked","Long","TrendPullback","BreakawayFvg",70,"Passed",95.00,"Q80Plus","20260102-0800-BullFVG-000936","BullFVG","Fresh",0,18.00,"RiskGT15",27.00,"BreakawayTargetR:1.5",1.5,"RR_GE_1_5","Pre10","","",False,"",0,0,25650.25,25632.25,"BreakawayFvgResearch"
"OPF-20260725-161545","OPF_0.1","OPF_RESEARCH_2.17","MNQ_0.1","MNQ_1Contract_Target150_200","OPF_PROFILE_0.1","20260102-0800-BULL-OBS-000936-Z000936","2026-01-02T08:00:00.0000000",936,"Tracked","Long","TrendPullback","ZoneBirthResearch",70,"Passed",85.00,"Q80Plus","20260102-0800-BullFVG-000936","BullFVG","Fresh",0,18.00,"RiskGT15",0,"NearestStructure",0,"RR_LT_1_0","Pre10","","",False,"",0,0,25650.25,25632.25,"ObservationResearch|ZoneJustCreated|Regime=BullTrend"
"OPF-20260725-161545","OPF_0.1","OPF_RESEARCH_2.17","MNQ_0.1","MNQ_1Contract_Target150_200","OPF_PROFILE_0.1","20260102-0800-BULL-OBS-000936-Z000936-OC","2026-01-02T08:05:00.0000000",937,"Tracked","Long","TrendPullback","ObservationConfirm",70,"Passed",100.00,"Q80Plus","20260102-0800-BullFVG-000936","BullFVG","Fresh",0,30.00,"RiskGT15",45.00,"ObservationConfirmTargetR:1.5",1.5,"RR_GE_1_5","Pre10","","",False,"",0,0,25662.25,25632.25,"ObservationResearch|ZoneJustCreated|Regime=BullTrend|ObservationConfirmResearch|ZoneBirthResearch|ReclaimZoneHigh"
"OPF-20260725-161545","OPF_0.1","OPF_RESEARCH_2.17","MNQ_0.1","MNQ_1Contract_Target150_200","OPF_PROFILE_0.1","20260102-0800-BULL-OBS-000936-Z000936-OC","2026-01-02T08:05:00.0000000",937,"Tracked","Long","TrendPullback","ObservationConfirm_WideStop1_5R",70,"Passed",100.00,"Q80Plus","20260102-0800-BullFVG-000936","BullFVG","Fresh",0,45.00,"RiskGT15",0,"NearestStructure",0,"RR_LT_1_0","Pre10","","",False,"",0,0,25662.25,25617.25,"ObservationResearch|ZoneJustCreated|Regime=BullTrend|ObservationConfirmResearch|ZoneBirthResearch|ReclaimZoneHigh"
"OPF-20260725-161545","OPF_0.1","OPF_RESEARCH_2.17","MNQ_0.1","MNQ_1Contract_Target150_200","OPF_PROFILE_0.1","20260102-0800-BULL-OBS-000936-Z000936-OC-STR","2026-01-02T08:05:00.0000000",937,"Tracked","Long","TrendPullback","ObservationStrict_BullFresh",70,"Passed",100.00,"Q80Plus","20260102-0800-BullFVG-000936","BullFVG","Fresh",0,30.00,"RiskGT15",36.00,"StrictBullFreshMin1_2R",1.2,"RR_GE_1_2","Pre10","","",False,"",0,0,25662.25,25632.25,"ObservationResearch|ZoneJustCreated|Regime=BullTrend|ObservationConfirmResearch|ZoneBirthResearch|ReclaimZoneHigh|ObservationConfirmStrictResearch|ObservationStrict_BullFresh|ZoneBirthResearch|ReclaimZoneHigh"
"OPF-20260725-161545","OPF_0.1","OPF_RESEARCH_2.17","MNQ_0.1","MNQ_1Contract_Target150_200","OPF_PROFILE_0.1","20260102-0800-BULL-OBS-000936-Z000936-OC-STR","2026-01-02T08:05:00.0000000",937,"Tracked","Long","TrendPullback","ObservationStrict_BullFresh_WideStop1_5R",70,"Passed",100.00,"Q80Plus","20260102-0800-BullFVG-000936","BullFVG","Fresh",0,45.00,"RiskGT15",0,"NearestStructure",0,"RR_LT_1_0","Pre10","","",False,"",0,0,25662.25,25617.25,"ObservationResearch|ZoneJustCreated|Regime=BullTrend|ObservationConfirmResearch|ZoneBirthResearch|ReclaimZoneHigh|ObservationConfirmStrictResearch|ObservationStrict_BullFresh|ZoneBirthResearch|ReclaimZoneHigh"
"OPF-20260725-161545","OPF_0.1","OPF_RESEARCH_2.17","MNQ_0.1","MNQ_1Contract_Target150_200","OPF_PROFILE_0.1","20260102-0805-BULL-OBS-000937-Z000937","2026-01-02T08:05:00.0000000",937,"Tracked","Long","TrendPullback","ZoneBirthResearch",60,"Weak50_69",65.00,"Q50_69","20260102-0805-BullFVG-000937","BullFVG","Fresh",0,19.25,"RiskGT15",0,"NearestStructure",0,"RR_LT_1_0","Pre10","","",False,"",0,0,25662.25,25643.00,"ObservationResearch|ZoneJustCreated|Regime=Unknown"
"OPF-20260725-161545","OPF_0.1","OPF_RESEARCH_2.17","MNQ_0.1","MNQ_1Contract_Target150_200","OPF_PROFILE_0.1","20260102-0805-BULL-OBS-000937-Z000937-OC","2026-01-02T08:10:00.0000000",938,"Tracked","Long","TrendPullback","ObservationConfirm",60,"Weak50_69",80.00,"Q80Plus","20260102-0805-BullFVG-000937","BullFVG","Fresh",0,45.75,"RiskGT15",68.62,"ObservationConfirmTargetR:1.5",1.4999,"RR_GE_1_2","Pre10","","",False,"",0,0,25688.75,25643.00,"ObservationResearch|ZoneJustCreated|Regime=Unknown|ObservationConfirmResearch|ZoneBirthResearch|ReclaimZoneHigh"
"OPF-20260725-161545","OPF_0.1","OPF_RESEARCH_2.17","MNQ_0.1","MNQ_1Contract_Target150_200","OPF_PROFILE_0.1","20260102-0805-BULL-OBS-000937-Z000937-OC","2026-01-02T08:10:00.0000000",938,"Tracked","Long","TrendPullback","ObservationConfirm_WideStop1_5R",60,"Weak50_69",80.00,"Q80Plus","20260102-0805-BullFVG-000937","BullFVG","Fresh",0,68.62,"RiskGT15",0,"NearestStructure",0,"RR_LT_1_0","Pre10","","",False,"",0,0,25688.75,25620.13,"ObservationResearch|ZoneJustCreated|Regime=Unknown|ObservationConfirmResearch|ZoneBirthResearch|ReclaimZoneHigh"
"OPF-20260725-161545","OPF_0.1","OPF_RESEARCH_2.17","MNQ_0.1","MNQ_1Contract_Target150_200","OPF_PROFILE_0.1","20260102-0810-BULL-BRK-000938-Z000938","2026-01-02T08:10:00.0000000",938,"Tracked","Long","TrendPullback","BreakawayFvg",90,"Passed",95.00,"Q80Plus","20260102-0810-BullFVG-000938","BullFVG","Fresh",0,33.00,"RiskGT15",49.50,"BreakawayTargetR:1.5",1.5,"RR_GE_1_5","Pre10","","",False,"",0,0,25688.75,25655.75,"BreakawayFvgResearch"
"OPF-20260725-161545","OPF_0.1","OPF_RESEARCH_2.17","MNQ_0.1","MNQ_1Contract_Target150_200","OPF_PROFILE_0.1","20260102-0810-BULL-OBS-000938-Z000938","2026-01-02T08:10:00.0000000",938,"Tracked","Long","TrendPullback","ZoneBirthResearch",90,"Passed",85.00,"Q80Plus","20260102-0810-BullFVG-000938","BullFVG","Fresh",0,33.00,"RiskGT15",0,"NearestStructure",0,"RR_LT_1_0","Pre10","","",False,"",0,0,25688.75,25655.75,"ObservationResearch|ZoneJustCreated|Regime=BullTrend"
"OPF-20260725-161545","OPF_0.1","OPF_RESEARCH_2.17","MNQ_0.1","MNQ_1Contract_Target150_200","OPF_PROFILE_0.1","20260102-0715-BEAR-OBS-000927-Z000927","2026-01-02T08:15:00.0000000",939,"Outcome","Short","TrendPullback","ZoneBirthResearch",20,"WeakLT50",45.00,"QLT50","20260102-0715-BearFVG-000927","BearFVG","Fresh",0,9.25,"RiskLE11",0.75,"NearestStructure",0.0811,"RR_LT_1_0","Pre10","Catastrophic","ResearchWindowEnd",False,"",0,0,25626.75,25636.00,"ObservationResearch|ZoneJustCreated|Regime=Unknown"
"OPF-20260725-161545","OPF_0.1","OPF_RESEARCH_2.17","MNQ_0.1","MNQ_1Contract_Target150_200","OPF_PROFILE_0.1","20260102-0810-BULL-OBS-000938-Z000938-OC","2026-01-02T08:15:00.0000000",939,"Tracked","Long","TrendPullback","ObservationConfirm",90,"Passed",93.00,"Q80Plus","20260102-0810-BullFVG-000938","BullFVG","Fresh",0,33.75,"RiskGT15",50.62,"ObservationConfirmTargetR:1.5",1.4999,"RR_GE_1_2","Pre10","","",False,"",0,0,25689.50,25655.75,"ObservationResearch|ZoneJustCreated|Regime=BullTrend|ObservationConfirmResearch|ZoneBirthResearch|ReclaimZoneHigh"
"OPF-20260725-161545","OPF_0.1","OPF_RESEARCH_2.17","MNQ_0.1","MNQ_1Contract_Target150_200","OPF_PROFILE_0.1","20260102-0810-BULL-OBS-000938-Z000938-OC","2026-01-02T08:15:00.0000000",939,"Tracked","Long","TrendPullback","ObservationConfirm_WideStop1_5R",90,"Passed",93.00,"Q80Plus","20260102-0810-BullFVG-000938","BullFVG","Fresh",0,50.62,"RiskGT15",3.50,"NearestStructure",0.0691,"RR_LT_1_0","Pre10","","",False,"",0,0,25689.50,25638.88,"ObservationResearch|ZoneJustCreated|Regime=BullTrend|ObservationConfirmResearch|ZoneBirthResearch|ReclaimZoneHigh"
"OPF-20260725-161545","OPF_0.1","OPF_RESEARCH_2.17","MNQ_0.1","MNQ_1Contract_Target150_200","OPF_PROFILE_0.1","20260102-0810-BULL-OBS-000938-Z000938-OC-STR","2026-01-02T08:15:00.0000000",939,"Tracked","Long","TrendPullback","ObservationStrict_BullFresh",90,"Passed",93.00,"Q80Plus","20260102-0810-BullFVG-000938","BullFVG","Fresh",0,33.75,"RiskGT15",40.50,"StrictBullFreshMin1_2R",1.2,"RR_GE_1_2","Pre10","","",False,"",0,0,25689.50,25655.75,"ObservationResearch|ZoneJustCreated|Regime=BullTrend|ObservationConfirmResearch|ZoneBirthResearch|ReclaimZoneHigh|ObservationConfirmStrictResearch|ObservationStrict_BullFresh|ZoneBirthResearch|ReclaimZoneHigh"
"OPF-20260725-161545","OPF_0.1","OPF_RESEARCH_2.17","MNQ_0.1","MNQ_1Contract_Target150_200","OPF_PROFILE_0.1","20260102-0810-BULL-OBS-000938-Z000938-OC-STR","2026-01-02T08:15:00.0000000",939,"Tracked","Long","TrendPullback","ObservationStrict_BullFresh_WideStop1_5R",90,"Passed",93.00,"Q80Plus","20260102-0810-BullFVG-000938","BullFVG","Fresh",0,50.62,"RiskGT15",3.50,"NearestStructure",0.0691,"RR_LT_1_0","Pre10","","",False,"",0,0,25689.50,25638.88,"ObservationResearch|ZoneJustCreated|Regime=BullTrend|ObservationConfirmResearch|ZoneBirthResearch|ReclaimZoneHigh|ObservationConfirmStrictResearch|ObservationStrict_BullFresh|ZoneBirthResearch|ReclaimZoneHigh"
"OPF-20260725-161545","OPF_0.1","OPF_RESEARCH_2.17","MNQ_0.1","MNQ_1Contract_Target150_200","OPF_PROFILE_0.1","20260102-0715-BEAR-OBS-000927-Z000927-FR","2026-01-02T08:20:00.0000000",940,"Outcome","Long","FailureReverse","FailureReverse_ObservationInvalidated_WideStop1_5R",20,"WeakLT50",50.00,"Q50_69","20260102-0715-BearFVG-000927","BearFVG","Fresh",0,3.75,"RiskLE8_5",2.25,"NearestStructure",0.6,"RR_LT_1_0","Pre10","Excellent","ResearchWindowEnd",False,"",0,0,25636.25,25632.50,"FailureReverseResearch|FailureSourceSignalID=20260102-0715-BEAR-OBS-000927-Z000927|FailureSource=BearFVG|FailureSourceZoneFreshness=Fresh|ZoneBirthResearch|ZoneJustCreated"
"OPF-20260725-161545","OPF_0.1","OPF_RESEARCH_2.17","MNQ_0.1","MNQ_1Contract_Target150_200","OPF_PROFILE_0.1","20260102-0715-BEAR-OBS-000927-Z000927-FR","2026-01-02T08:20:00.0000000",940,"Outcome","Long","FailureReverse","FailureReverse_ObservationInvalidated",20,"WeakLT50",50.00,"Q50_69","20260102-0715-BearFVG-000927","BearFVG","Fresh",0,2.50,"RiskLE8_5",2.25,"NearestStructure",0.9,"RR_LT_1_0","Pre10","Catastrophic","ResearchWindowEnd",False,"",0,0,25636.25,25633.75,"FailureReverseResearch|FailureSourceSignalID=20260102-0715-BEAR-OBS-000927-Z000927|FailureSource=BearFVG|FailureSourceZoneFreshness=Fresh|ZoneBirthResearch|ZoneJustCreated"
"OPF-20260725-161545","OPF_0.1","OPF_RESEARCH_2.17","MNQ_0.1","MNQ_1Contract_Target150_200","OPF_PROFILE_0.1","20260102-0715-BEAR-OBS-000927-Z000927-FR-AEW1","2026-01-02T08:25:00.0000000",941,"Outcome","Long","FailureReverse","FailureReverse_ObservationInvalidated",20,"WeakLT50",50.00,"Q50_69","20260102-0715-BearFVG-000927","BearFVG","Fresh",0,5.25,"RiskLE8_5",0.75,"NearestStructure",0.1429,"RR_LT_1_0","Pre10","Excellent","ResearchWindowEnd",False,"",0,0,25637.75,25632.50,"FailureReverseResearch|FailureSourceSignalID=20260102-0715-BEAR-OBS-000927-Z000927|FailureSource=BearFVG|FailureSourceZoneFreshness=Fresh|ZoneBirthResearch|ZoneJustCreated|AggressiveExpansionWait1V165:originBar=928|AggressiveExpansionWait1ConfirmBarStopV166|OriginPath=FailureReverse_ObservationInvalidated"
"OPF-20260725-161545","OPF_0.1","OPF_RESEARCH_2.17","MNQ_0.1","MNQ_1Contract_Target150_200","OPF_PROFILE_0.1","20260102-0715-BEAR-OBS-000927-Z000927-FR-AEW1","2026-01-02T08:25:00.0000000",941,"Outcome","Long","FailureReverse","FailureReverse_ObservationInvalidated_WideStop1_5R",20,"WeakLT50",50.00,"Q50_69","20260102-0715-BearFVG-000927","BearFVG","Fresh",0,7.88,"RiskLE8_5",0.75,"NearestStructure",0.0952,"RR_LT_1_0","Pre10","Catastrophic","ResearchWindowEnd",False,"",0,0,25637.75,25629.87,"FailureReverseResearch|FailureSourceSignalID=20260102-0715-BEAR-OBS-000927-Z000927|FailureSource=BearFVG|FailureSourceZoneFreshness=Fresh|ZoneBirthResearch|ZoneJustCreated|AggressiveExpansionWait1V165:originBar=928|AggressiveExpansionWait1ConfirmBarStopV166|OriginPath=FailureReverse_ObservationInvalidated_WideStop1_5R"
"OPF-20260725-161545","OPF_0.1","OPF_RESEARCH_2.17","MNQ_0.1","MNQ_1Contract_Target150_200","OPF_PROFILE_0.1","20260102-0715-BEAR-OBS-000927-Z000927-FR-RT","2026-01-02T08:35:00.0000000",943,"Outcome","Long","FailureReverse","FailureReverse_RetestFailed_WideStop1_5R",20,"WeakLT50",60.00,"Q50_69","20260102-0715-BearFVG-000927","BearFVG","Fresh",0,9.38,"RiskLE11",0.25,"NearestStructure",0.0267,"RR_LT_1_0","Pre10","Catastrophic","ResearchWindowEnd",False,"",0,0,25640.00,25630.62,"FailureReverseResearch|FailureSourceSignalID=20260102-0715-BEAR-OBS-000927-Z000927|FailureSource=BearFVG|FailureSourceZoneFreshness=Fresh|ZoneBirthResearch|ZoneJustCreated|FailureRetestFailedTriggered|ReclaimZoneHigh"
"OPF-20260725-161545","OPF_0.1","OPF_RESEARCH_2.17","MNQ_0.1","MNQ_1Contract_Target150_200","OPF_PROFILE_0.1","20260102-0715-BEAR-OBS-000927-Z000927-FR-RT","2026-01-02T08:35:00.0000000",943,"Outcome","Long","FailureReverse","FailureReverse_RetestFailed",20,"WeakLT50",60.00,"Q50_69","20260102-0715-BearFVG-000927","BearFVG","Fresh",0,6.25,"RiskLE8_5",7.50,"FailureRetestMin1_2R",1.2,"RR_GE_1_2","Pre10","Catastrophic","ResearchWindowEnd",False,"",0,0,25640.00,25633.75,"FailureReverseResearch|FailureSourceSignalID=20260102-0715-BEAR-OBS-000927-Z000927|FailureSource=BearFVG|FailureSourceZoneFreshness=Fresh|ZoneBirthResearch|ZoneJustCreated|FailureRetestFailedTriggered|ReclaimZoneHigh"
"OPF-20260725-161545","OPF_0.1","OPF_RESEARCH_2.17","MNQ_0.1","MNQ_1Contract_Target150_200","OPF_PROFILE_0.1","20260102-0750-BEAR-OBS-000934-Z000934","2026-01-02T08:50:00.0000000",946,"Outcome","Short","TrendPullback","ZoneBirthResearch",10,"WeakLT50",38.00,"QLT50","20260102-0750-BearFVG-000934","BearFVG","Fresh",0,8.50,"RiskLE8_5",2.25,"NearestStructure",0.2647,"RR_LT_1_0","Pre10","Catastrophic","ResearchWindowEnd",False,"",0,0,25630.50,25639.00,"ObservationResearch|ZoneJustCreated|Regime=Unknown"
"OPF-20260725-161545","OPF_0.1","OPF_RESEARCH_2.17","MNQ_0.1","MNQ_1Contract_Target150_200","OPF_PROFILE_0.1","20260102-0850-BULL-BRK-000946-Z000946","2026-01-02T08:50:00.0000000",946,"Tracked","Long","TrendPullback","BreakawayFvg",90,"Passed",95.00,"Q80Plus","20260102-0850-BullFVG-000946","BullFVG","Fresh",0,17.00,"RiskGT15",25.50,"BreakawayTargetR:1.5",1.5,"RR_GE_1_5","Pre10","","",False,"",0,0,25712.25,25695.25,"BreakawayFvgResearch"
"OPF-20260725-161545","OPF_0.1","OPF_RESEARCH_2.17","MNQ_0.1","MNQ_1Contract_Target150_200","OPF_PROFILE_0.1","20260102-0850-BULL-OBS-000946-Z000946","2026-01-02T08:50:00.0000000",946,"Tracked","Long","TrendPullback","ZoneBirthResearch",90,"Passed",85.00,"Q80Plus","20260102-0850-BullFVG-000946","BullFVG","Fresh",0,17.00,"RiskGT15",0,"NearestStructure",0,"RR_LT_1_0","Pre10","","",False,"",0,0,25712.25,25695.25,"ObservationResearch|ZoneJustCreated|Regime=BullTrend"
"OPF-20260725-161545","OPF_0.1","OPF_RESEARCH_2.17","MNQ_0.1","MNQ_1Contract_Target150_200","OPF_PROFILE_0.1","20260102-0755-BEAR-OBS-000935-Z000934","2026-01-02T08:55:00.0000000",947,"Outcome","Short","TrendPullback","UnknownRegimeZoneTouch",10,"WeakLT50",30.00,"QLT50","20260102-0750-BearFVG-000934","BearFVG","SecondTouch",1,1.50,"RiskLE8_5",0.75,"NearestStructure",0.5,"RR_LT_1_0","Pre10","Catastrophic","ResearchWindowEnd",False,"",0,0,25637.50,25639.00,"ObservationResearch|RegimeUnknown|Regime=Unknown"
"OPF-20260725-161545","OPF_0.1","OPF_RESEARCH_2.17","MNQ_0.1","MNQ_1Contract_Target150_200","OPF_PROFILE_0.1","20260102-0850-BULL-OBS-000946-Z000946-OC","2026-01-02T08:55:00.0000000",947,"Tracked","Long","TrendPullback","ObservationConfirm",90,"Passed",90.00,"Q80Plus","20260102-0850-BullFVG-000946","BullFVG","Fresh",0,14.00,"RiskLE15",21.00,"ObservationConfirmTargetR:1.5",1.5,"RR_GE_1_5","Pre10","","",False,"",0,0,25709.25,25695.25,"ObservationResearch|ZoneJustCreated|Regime=BullTrend|ObservationConfirmResearch|ZoneBirthResearch|ReclaimZoneHigh"
"OPF-20260725-161545","OPF_0.1","OPF_RESEARCH_2.17","MNQ_0.1","MNQ_1Contract_Target150_200","OPF_PROFILE_0.1","20260102-0850-BULL-OBS-000946-Z000946-OC","2026-01-02T08:55:00.0000000",947,"Tracked","Long","TrendPullback","ObservationConfirm_WideStop1_5R",90,"Passed",90.00,"Q80Plus","20260102-0850-BullFVG-000946","BullFVG","Fresh",0,21.00,"RiskGT15",9.00,"NearestStructure",0.4286,"RR_LT_1_0","Pre10","","",False,"",0,0,25709.25,25688.25,"ObservationResearch|ZoneJustCreated|Regime=BullTrend|ObservationConfirmResearch|ZoneBirthResearch|ReclaimZoneHigh"
"OPF-20260725-161545","OPF_0.1","OPF_RESEARCH_2.17","MNQ_0.1","MNQ_1Contract_Target150_200","OPF_PROFILE_0.1","20260102-0850-BULL-OBS-000946-Z000946-OC-STR","2026-01-02T08:55:00.0000000",947,"Tracked","Long","TrendPullback","ObservationStrict_BullFresh",90,"Passed",90.00,"Q80Plus","20260102-0850-BullFVG-000946","BullFVG","Fresh",0,14.00,"RiskLE15",16.80,"StrictBullFreshMin1_2R",1.2,"RR_GE_1_2","Pre10","","",False,"",0,0,25709.25,25695.25,"ObservationResearch|ZoneJustCreated|Regime=BullTrend|ObservationConfirmResearch|ZoneBirthResearch|ReclaimZoneHigh|ObservationConfirmStrictResearch|ObservationStrict_BullFresh|ZoneBirthResearch|ReclaimZoneHigh"
"OPF-20260725-161545","OPF_0.1","OPF_RESEARCH_2.17","MNQ_0.1","MNQ_1Contract_Target150_200","OPF_PROFILE_0.1","20260102-0850-BULL-OBS-000946-Z000946-OC-STR","2026-01-02T08:55:00.0000000",947,"Tracked","Long","TrendPullback","ObservationStrict_BullFresh_WideStop1_5R",90,"Passed",90.00,"Q80Plus","20260102-0850-BullFVG-000946","BullFVG","Fresh",0,21.00,"RiskGT15",9.00,"NearestStructure",0.4286,"RR_LT_1_0","Pre10","","",False,"",0,0,25709.25,25688.25,"ObservationResearch|ZoneJustCreated|Regime=BullTrend|ObservationConfirmResearch|ZoneBirthResearch|ReclaimZoneHigh|ObservationConfirmStrictResearch|ObservationStrict_BullFresh|ZoneBirthResearch|ReclaimZoneHigh"
"OPF-20260725-161545","OPF_0.1","OPF_RESEARCH_2.17","MNQ_0.1","MNQ_1Contract_Target150_200","OPF_PROFILE_0.1","20260102-0855-BULL-BRK-000947-Z000947","2026-01-02T08:55:00.0000000",947,"Tracked","Long","TrendPullback","BreakawayFvg",70,"Passed",85.00,"Q80Plus","20260102-0855-BullFVG-000947","BullFVG","Fresh",0,5.50,"RiskLE8_5",8.25,"BreakawayTargetR:1.5",1.5,"RR_GE_1_5","Pre10","","",False,"",0,0,25709.25,25703.75,"BreakawayFvgResearch"
"OPF-20260725-161545","OPF_0.1","OPF_RESEARCH_2.17","MNQ_0.1","MNQ_1Contract_Target150_200","OPF_PROFILE_0.1","20260102-0855-BULL-BRK-000947-Z000947-Q","2026-01-02T08:55:00.0000000",947,"Tracked","Long","TrendPullback","BreakawayFvg_Qualified",70,"Passed",85.00,"Q80Plus","20260102-0855-BullFVG-000947","BullFVG","Fresh",0,5.50,"RiskLE8_5",8.25,"BreakawayTargetR:1.5",1.5,"RR_GE_1_5","Pre10","","",False,"",0,0,25709.25,25703.75,"BreakawayFvgResearch|BreakawayQualified"
"OPF-20260725-161545","OPF_0.1","OPF_RESEARCH_2.17","MNQ_0.1","MNQ_1Contract_Target150_200","OPF_PROFILE_0.1","20260102-0855-BULL-OBS-000947-Z000947","2026-01-02T08:55:00.0000000",947,"Tracked","Long","TrendPullback","ZoneBirthResearch",70,"Passed",75.00,"Q70_79","20260102-0855-BullFVG-000947","BullFVG","Fresh",0,5.50,"RiskLE8_5",9.00,"NearestStructure",1.6364,"RR_GE_1_5","Pre10","","",False,"",0,0,25709.25,25703.75,"ObservationResearch|ZoneJustCreated|Regime=BullTrend"
"OPF-20260725-161545","OPF_0.1","OPF_RESEARCH_2.17","MNQ_0.1","MNQ_1Contract_Target150_200","OPF_PROFILE_0.1","20260102-0800-BULL-OBS-000936-Z000936","2026-01-02T09:00:00.0000000",948,"Outcome","Long","TrendPullback","ZoneBirthResearch",70,"Passed",85.00,"Q80Plus","20260102-0800-BullFVG-000936","BullFVG","Fresh",0,18.00,"RiskGT15",6.00,"NearestStructure",0.3333,"RR_LT_1_0","Pre10","Excellent","ResearchWindowEnd",False,"",0,0,25650.25,25632.25,"ObservationResearch|ZoneJustCreated|Regime=BullTrend"
"OPF-20260725-161545","OPF_0.1","OPF_RESEARCH_2.17","MNQ_0.1","MNQ_1Contract_Target150_200","OPF_PROFILE_0.1","20260102-0800-BULL-BRK-000936-Z000936","2026-01-02T09:00:00.0000000",948,"Outcome","Long","TrendPullback","BreakawayFvg",70,"Passed",95.00,"Q80Plus","20260102-0800-BullFVG-000936","BullFVG","Fresh",0,18.00,"RiskGT15",27.00,"BreakawayTargetR:1.5",1.5,"RR_GE_1_5","Pre10","Excellent","ResearchWindowEnd",False,"",0,0,25650.25,25632.25,"BreakawayFvgResearch"
"OPF-20260725-161545","OPF_0.1","OPF_RESEARCH_2.17","MNQ_0.1","MNQ_1Contract_Target150_200","OPF_PROFILE_0.1","20260102-0750-BEAR-OBS-000934-Z000934-FR","2026-01-02T09:00:00.0000000",948,"Outcome","Long","FailureReverse","FailureReverse_ObservationInvalidated_WideStop1_5R",10,"WeakLT50",50.00,"Q50_69","20260102-0750-BearFVG-000934","BearFVG","Fresh",0,27.00,"RiskGT15",6.00,"NearestStructure",0.2222,"RR_LT_1_0","Pre10","Excellent","ResearchWindowEnd",False,"",0,0,25650.25,25623.25,"FailureReverseResearch|FailureSourceSignalID=20260102-0750-BEAR-OBS-000934-Z000934|FailureSource=BearFVG|FailureSourceZoneFreshness=Fresh|ZoneBirthResearch|ZoneJustCreated"
"OPF-20260725-161545","OPF_0.1","OPF_RESEARCH_2.17","MNQ_0.1","MNQ_1Contract_Target150_200","OPF_PROFILE_0.1","20260102-0750-BEAR-OBS-000934-Z000934-FR","2026-01-02T09:00:00.0000000",948,"Outcome","Long","FailureReverse","FailureReverse_ObservationInvalidated",10,"WeakLT50",50.00,"Q50_69","20260102-0750-BearFVG-000934","BearFVG","Fresh",0,18.00,"RiskGT15",6.00,"NearestStructure",0.3333,"RR_LT_1_0","Pre10","Excellent","ResearchWindowEnd",False,"",0,0,25650.25,25632.25,"FailureReverseResearch|FailureSourceSignalID=20260102-0750-BEAR-OBS-000934-Z000934|FailureSource=BearFVG|FailureSourceZoneFreshness=Fresh|ZoneBirthResearch|ZoneJustCreated"
"OPF-20260725-161545","OPF_0.1","OPF_RESEARCH_2.17","MNQ_0.1","MNQ_1Contract_Target150_200","OPF_PROFILE_0.1","20260102-0755-BEAR-OBS-000935-Z000934-FR","2026-01-02T09:00:00.0000000",948,"Outcome","Long","FailureReverse","FailureReverse_ObservationInvalidated_WideStop1_5R",10,"WeakLT50",42.00,"QLT50","20260102-0750-BearFVG-000934","BearFVG","SecondTouch",1,27.00,"RiskGT15",6.00,"NearestStructure",0.2222,"RR_LT_1_0","Pre10","Excellent","ResearchWindowEnd",False,"",0,0,25650.25,25623.25,"FailureReverseResearch|FailureSourceSignalID=20260102-0755-BEAR-OBS-000935-Z000934|FailureSource=BearFVG|FailureSourceZoneFreshness=SecondTouch|UnknownRegimeZoneTouch|RegimeUnknown"
"OPF-20260725-161545","OPF_0.1","OPF_RESEARCH_2.17","MNQ_0.1","MNQ_1Contract_Target150_200","OPF_PROFILE_0.1","20260102-0755-BEAR-OBS-000935-Z000934-FR","2026-01-02T09:00:00.0000000",948,"Outcome","Long","FailureReverse","FailureReverse_ObservationInvalidated",10,"WeakLT50",42.00,"QLT50","20260102-0750-BearFVG-000934","BearFVG","SecondTouch",1,18.00,"RiskGT15",6.00,"NearestStructure",0.3333,"RR_LT_1_0","Pre10","Excellent","ResearchWindowEnd",False,"",0,0,25650.25,25632.25,"FailureReverseResearch|FailureSourceSignalID=20260102-0755-BEAR-OBS-000935-Z000934|FailureSource=BearFVG|FailureSourceZoneFreshness=SecondTouch|UnknownRegimeZoneTouch|RegimeUnknown"
"OPF-20260725-161545","OPF_0.1","OPF_RESEARCH_2.17","MNQ_0.1","MNQ_1Contract_Target150_200","OPF_PROFILE_0.1","20260102-0855-BULL-SHD-000947-Z000947","2026-01-02T09:00:00.0000000",948,"Tracked","Long","TrendPullback","ShadowCandidate",70,"Passed",75.00,"Q70_79","20260102-0855-BullFVG-000947","BullFVG","Fresh",0,12.75,"RiskLE15",19.12,"ShadowCandidateTargetR:1.5",1.4996,"RR_GE_1_2","Pre10","","",False,"",0,0,25716.50,25703.75,"ShadowCandidateResearch|ZoneJustCreated|ReclaimZoneHigh"
"OPF-20260725-161545","OPF_0.1","OPF_RESEARCH_2.17","MNQ_0.1","MNQ_1Contract_Target150_200","OPF_PROFILE_0.1","20260102-0855-BULL-OBS-000947-Z000947-OC","2026-01-02T09:00:00.0000000",948,"Tracked","Long","TrendPullback","ObservationConfirm",70,"Passed",96.00,"Q80Plus","20260102-0855-BullFVG-000947","BullFVG","Fresh",0,12.75,"RiskLE15",19.12,"ObservationConfirmTargetR:1.5",1.4996,"RR_GE_1_2","Pre10","","",False,"",0,0,25716.50,25703.75,"ObservationResearch|ZoneJustCreated|Regime=BullTrend|ObservationConfirmResearch|ZoneBirthResearch|ReclaimZoneHigh"
"OPF-20260725-161545","OPF_0.1","OPF_RESEARCH_2.17","MNQ_0.1","MNQ_1Contract_Target150_200","OPF_PROFILE_0.1","20260102-0855-BULL-OBS-000947-Z000947-OC","2026-01-02T09:00:00.0000000",948,"Tracked","Long","TrendPullback","ObservationConfirm_WideStop1_5R",70,"Passed",96.00,"Q80Plus","20260102-0855-BullFVG-000947","BullFVG","Fresh",0,19.12,"RiskGT15",0.75,"NearestStructure",0.0392,"RR_LT_1_0","Pre10","","",False,"",0,0,25716.50,25697.38,"ObservationResearch|ZoneJustCreated|Regime=BullTrend|ObservationConfirmResearch|ZoneBirthResearch|ReclaimZoneHigh"
"OPF-20260725-161545","OPF_0.1","OPF_RESEARCH_2.17","MNQ_0.1","MNQ_1Contract_Target150_200","OPF_PROFILE_0.1","20260102-0900-BULL-OBS-000948-Z000947","2026-01-02T09:00:00.0000000",948,"Tracked","Long","TrendPullback","UnknownRegimeZoneTouch",60,"Weak50_69",53.00,"Q50_69","20260102-0855-BullFVG-000947","BullFVG","SecondTouch",1,12.75,"RiskLE15",0.75,"NearestStructure",0.0588,"RR_LT_1_0","Pre10","","",False,"",0,0,25716.50,25703.75,"ObservationResearch|RegimeUnknown|Regime=Unknown"
"OPF-20260725-161545","OPF_0.1","OPF_RESEARCH_2.17","MNQ_0.1","MNQ_1Contract_Target150_200","OPF_PROFILE_0.1","20260102-0805-BULL-OBS-000937-Z000937","2026-01-02T09:05:00.0000000",949,"Outcome","Long","TrendPullback","ZoneBirthResearch",60,"Weak50_69",65.00,"Q50_69","20260102-0805-BullFVG-000937","BullFVG","Fresh",0,19.25,"RiskGT15",2.00,"NearestStructure",0.1039,"RR_LT_1_0","Pre10","Excellent","ResearchWindowEnd",False,"",0,0,25662.25,25643.00,"ObservationResearch|ZoneJustCreated|Regime=Unknown"
"OPF-20260725-161545","OPF_0.1","OPF_RESEARCH_2.17","MNQ_0.1","MNQ_1Contract_Target150_200","OPF_PROFILE_0.1","20260102-0800-BULL-OBS-000936-Z000936-OC-STR","2026-01-02T09:05:00.0000000",949,"Outcome","Long","TrendPullback","ObservationStrict_BullFresh_WideStop1_5R",70,"Passed",100.00,"Q80Plus","20260102-0800-BullFVG-000936","BullFVG","Fresh",0,45.00,"RiskGT15",2.00,"NearestStructure",0.0444,"RR_LT_1_0","Pre10","Good","ResearchWindowEnd",False,"",0,0,25662.25,25617.25,"ObservationResearch|ZoneJustCreated|Regime=BullTrend|ObservationConfirmResearch|ZoneBirthResearch|ReclaimZoneHigh|ObservationConfirmStrictResearch|ObservationStrict_BullFresh|ZoneBirthResearch|ReclaimZoneHigh"
"OPF-20260725-161545","OPF_0.1","OPF_RESEARCH_2.17","MNQ_0.1","MNQ_1Contract_Target150_200","OPF_PROFILE_0.1","20260102-0800-BULL-OBS-000936-Z000936-OC-STR","2026-01-02T09:05:00.0000000",949,"Outcome","Long","TrendPullback","ObservationStrict_BullFresh",70,"Passed",100.00,"Q80Plus","20260102-0800-BullFVG-000936","BullFVG","Fresh",0,30.00,"RiskGT15",36.00,"StrictBullFreshMin1_2R",1.2,"RR_GE_1_2","Pre10","Excellent","ResearchWindowEnd",False,"",0,0,25662.25,25632.25,"ObservationResearch|ZoneJustCreated|Regime=BullTrend|ObservationConfirmResearch|ZoneBirthResearch|ReclaimZoneHigh|ObservationConfirmStrictResearch|ObservationStrict_BullFresh|ZoneBirthResearch|ReclaimZoneHigh"
"OPF-20260725-161545","OPF_0.1","OPF_RESEARCH_2.17","MNQ_0.1","MNQ_1Contract_Target150_200","OPF_PROFILE_0.1","20260102-0800-BULL-OBS-000936-Z000936-OC","2026-01-02T09:05:00.0000000",949,"Outcome","Long","TrendPullback","ObservationConfirm_WideStop1_5R",70,"Passed",100.00,"Q80Plus","20260102-0800-BullFVG-000936","BullFVG","Fresh",0,45.00,"RiskGT15",2.00,"NearestStructure",0.0444,"RR_LT_1_0","Pre10","Good","ResearchWindowEnd",False,"",0,0,25662.25,25617.25,"ObservationResearch|ZoneJustCreated|Regime=BullTrend|ObservationConfirmResearch|ZoneBirthResearch|ReclaimZoneHigh"
"OPF-20260725-161545","OPF_0.1","OPF_RESEARCH_2.17","MNQ_0.1","MNQ_1Contract_Target150_200","OPF_PROFILE_0.1","20260102-0800-BULL-OBS-000936-Z000936-OC","2026-01-02T09:05:00.0000000",949,"Outcome","Long","TrendPullback","ObservationConfirm",70,"Passed",100.00,"Q80Plus","20260102-0800-BullFVG-000936","BullFVG","Fresh",0,30.00,"RiskGT15",45.00,"ObservationConfirmTargetR:1.5",1.5,"RR_GE_1_5","Pre10","Excellent","ResearchWindowEnd",False,"",0,0,25662.25,25632.25,"ObservationResearch|ZoneJustCreated|Regime=BullTrend|ObservationConfirmResearch|ZoneBirthResearch|ReclaimZoneHigh"
"OPF-20260725-161545","OPF_0.1","OPF_RESEARCH_2.17","MNQ_0.1","MNQ_1Contract_Target150_200","OPF_PROFILE_0.1","20260102-0900-BULL-OBS-000948-Z000947-OC","2026-01-02T09:05:00.0000000",949,"Tracked","Long","TrendPullback","ObservationConfirm",60,"Weak50_69",72.00,"Q70_79","20260102-0855-BullFVG-000947","BullFVG","SecondTouch",1,20.25,"RiskGT15",30.38,"ObservationConfirmTargetR:1.5",1.5002,"RR_GE_1_5","Pre10","","",False,"",0,0,25724.00,25703.75,"ObservationResearch|RegimeUnknown|Regime=Unknown|ObservationConfirmResearch|UnknownRegimeZoneTouch|ReclaimZoneHigh"
"OPF-20260725-161545","OPF_0.1","OPF_RESEARCH_2.17","MNQ_0.1","MNQ_1Contract_Target150_200","OPF_PROFILE_0.1","20260102-0900-BULL-OBS-000948-Z000947-OC","2026-01-02T09:05:00.0000000",949,"Tracked","Long","TrendPullback","ObservationConfirm_WideStop1_5R",60,"Weak50_69",72.00,"Q70_79","20260102-0855-BullFVG-000947","BullFVG","SecondTouch",1,30.38,"RiskGT15",2.00,"NearestStructure",0.0658,"RR_LT_1_0","Pre10","","",False,"",0,0,25724.00,25693.62,"ObservationResearch|RegimeUnknown|Regime=Unknown|ObservationConfirmResearch|UnknownRegimeZoneTouch|ReclaimZoneHigh"
"OPF-20260725-161545","OPF_0.1","OPF_RESEARCH_2.17","MNQ_0.1","MNQ_1Contract_Target150_200","OPF_PROFILE_0.1","20260102-0810-BULL-OBS-000938-Z000938","2026-01-02T09:10:00.0000000",950,"Outcome","Long","TrendPullback","ZoneBirthResearch",90,"Passed",85.00,"Q80Plus","20260102-0810-BullFVG-000938","BullFVG","Fresh",0,33.00,"RiskGT15",3.25,"NearestStructure",0.0985,"RR_LT_1_0","Pre10","Good","ResearchWindowEnd",False,"",0,0,25688.75,25655.75,"ObservationResearch|ZoneJustCreated|Regime=BullTrend"
"OPF-20260725-161545","OPF_0.1","OPF_RESEARCH_2.17","MNQ_0.1","MNQ_1Contract_Target150_200","OPF_PROFILE_0.1","20260102-0810-BULL-BRK-000938-Z000938","2026-01-02T09:10:00.0000000",950,"Outcome","Long","TrendPullback","BreakawayFvg",90,"Passed",95.00,"Q80Plus","20260102-0810-BullFVG-000938","BullFVG","Fresh",0,33.00,"RiskGT15",49.50,"BreakawayTargetR:1.5",1.5,"RR_GE_1_5","Pre10","Good","ResearchWindowEnd",False,"",0,0,25688.75,25655.75,"BreakawayFvgResearch"
"OPF-20260725-161545","OPF_0.1","OPF_RESEARCH_2.17","MNQ_0.1","MNQ_1Contract_Target150_200","OPF_PROFILE_0.1","20260102-0805-BULL-OBS-000937-Z000937-OC","2026-01-02T09:10:00.0000000",950,"Outcome","Long","TrendPullback","ObservationConfirm_WideStop1_5R",60,"Weak50_69",80.00,"Q80Plus","20260102-0805-BullFVG-000937","BullFVG","Fresh",0,68.62,"RiskGT15",3.25,"NearestStructure",0.0474,"RR_LT_1_0","Pre10","Scratch","ResearchWindowEnd",False,"",0,0,25688.75,25620.13,"ObservationResearch|ZoneJustCreated|Regime=Unknown|ObservationConfirmResearch|ZoneBirthResearch|ReclaimZoneHigh"
"OPF-20260725-161545","OPF_0.1","OPF_RESEARCH_2.17","MNQ_0.1","MNQ_1Contract_Target150_200","OPF_PROFILE_0.1","20260102-0805-BULL-OBS-000937-Z000937-OC","2026-01-02T09:10:00.0000000",950,"Outcome","Long","TrendPullback","ObservationConfirm",60,"Weak50_69",80.00,"Q80Plus","20260102-0805-BullFVG-000937","BullFVG","Fresh",0,45.75,"RiskGT15",68.62,"ObservationConfirmTargetR:1.5",1.4999,"RR_GE_1_2","Pre10","Good","ResearchWindowEnd",False,"",0,0,25688.75,25643.00,"ObservationResearch|ZoneJustCreated|Regime=Unknown|ObservationConfirmResearch|ZoneBirthResearch|ReclaimZoneHigh"
"OPF-20260725-161545","OPF_0.1","OPF_RESEARCH_2.17","MNQ_0.1","MNQ_1Contract_Target150_200","OPF_PROFILE_0.1","20260102-0855-BULL-SHD-000947-Z000947-SCB","2026-01-02T09:10:00.0000000",950,"Tracked","Long","TrendPullback","StructureConfirmShadow",70,"Passed",95.00,"Q80Plus","20260102-0855-BullFVG-000947","BullFVG","Fresh",0,31.50,"RiskGT15",0,"NearestStructure",0,"RR_LT_1_0","Pre10","","",False,"",0,0,25735.25,25703.75,"StructureConfirmShadowResearch|ShadowAfterRetest:ZoneJustCreated|MicroBos3BreakHigh"
"OPF-20260725-161545","OPF_0.1","OPF_RESEARCH_2.17","MNQ_0.1","MNQ_1Contract_Target150_200","OPF_PROFILE_0.1","20260102-0855-BULL-SHD-000947-Z000947-SCB-CBR","2026-01-02T09:10:00.0000000",950,"Tracked","Long","TrendPullback","StructureConfirmShadow_ConfirmBarStop",70,"Passed",95.00,"Q80Plus","20260102-0855-BullFVG-000947","BullFVG","Fresh",0,12.50,"RiskLE15",18.75,"StructureConfirmTargetR:1.5",1.5,"RR_GE_1_5","Pre10","","",False,"",0,0,25735.25,25722.75,"StructureConfirmShadowResearch|ShadowAfterRetest:ZoneJustCreated|MicroBos3BreakHigh|ConfirmBarStopResearch|ConfirmBarLow"
"OPF-20260725-161545","OPF_0.1","OPF_RESEARCH_2.17","MNQ_0.1","MNQ_1Contract_Target150_200","OPF_PROFILE_0.1","20260102-0855-BULL-SHD-000947-Z000947-SCB-CBM","2026-01-02T09:10:00.0000000",950,"Tracked","Long","TrendPullback","StructureConfirmShadow_ConfirmBarStop_Min10",70,"Passed",95.00,"Q80Plus","20260102-0855-BullFVG-000947","BullFVG","Fresh",0,12.50,"RiskLE15",18.75,"StructureConfirmTargetR:1.5",1.5,"RR_GE_1_5","Pre10","","",False,"",0,0,25735.25,25722.75,"StructureConfirmShadowResearch|ShadowAfterRetest:ZoneJustCreated|MicroBos3BreakHigh|ConfirmBarStopMin10Research|ConfirmBarLow"
"OPF-20260725-161545","OPF_0.1","OPF_RESEARCH_2.17","MNQ_0.1","MNQ_1Contract_Target150_200","OPF_PROFILE_0.1","20260102-0810-BULL-OBS-000938-Z000938-OC-STR","2026-01-02T09:15:00.0000000",951,"Outcome","Long","TrendPullback","ObservationStrict_BullFresh_WideStop1_5R",90,"Passed",93.00,"Q80Plus","20260102-0810-BullFVG-000938","BullFVG","Fresh",0,50.62,"RiskGT15",2.50,"NearestStructure",0.0494,"RR_LT_1_0","Pre10","Scratch","ResearchWindowEnd",False,"",0,0,25689.50,25638.88,"ObservationResearch|ZoneJustCreated|Regime=BullTrend|ObservationConfirmResearch|ZoneBirthResearch|ReclaimZoneHigh|ObservationConfirmStrictResearch|ObservationStrict_BullFresh|ZoneBirthResearch|ReclaimZoneHigh"
"OPF-20260725-161545","OPF_0.1","OPF_RESEARCH_2.17","MNQ_0.1","MNQ_1Contract_Target150_200","OPF_PROFILE_0.1","20260102-0810-BULL-OBS-000938-Z000938-OC-STR","2026-01-02T09:15:00.0000000",951,"Outcome","Long","TrendPullback","ObservationStrict_BullFresh",90,"Passed",93.00,"Q80Plus","20260102-0810-BullFVG-000938","BullFVG","Fresh",0,33.75,"RiskGT15",40.50,"StrictBullFreshMin1_2R",1.2,"RR_GE_1_2","Pre10","Good","ResearchWindowEnd",False,"",0,0,25689.50,25655.75,"ObservationResearch|ZoneJustCreated|Regime=BullTrend|ObservationConfirmResearch|ZoneBirthResearch|ReclaimZoneHigh|ObservationConfirmStrictResearch|ObservationStrict_BullFresh|ZoneBirthResearch|ReclaimZoneHigh"
"OPF-20260725-161545","OPF_0.1","OPF_RESEARCH_2.17","MNQ_0.1","MNQ_1Contract_Target150_200","OPF_PROFILE_0.1","20260102-0810-BULL-OBS-000938-Z000938-OC","2026-01-02T09:15:00.0000000",951,"Outcome","Long","TrendPullback","ObservationConfirm_WideStop1_5R",90,"Passed",93.00,"Q80Plus","20260102-0810-BullFVG-000938","BullFVG","Fresh",0,50.62,"RiskGT15",2.50,"NearestStructure",0.0494,"RR_LT_1_0","Pre10","Scratch","ResearchWindowEnd",False,"",0,0,25689.50,25638.88,"ObservationResearch|ZoneJustCreated|Regime=BullTrend|ObservationConfirmResearch|ZoneBirthResearch|ReclaimZoneHigh"
"OPF-20260725-161545","OPF_0.1","OPF_RESEARCH_2.17","MNQ_0.1","MNQ_1Contract_Target150_200","OPF_PROFILE_0.1","20260102-0810-BULL-OBS-000938-Z000938-OC","2026-01-02T09:15:00.0000000",951,"Outcome","Long","TrendPullback","ObservationConfirm",90,"Passed",93.00,"Q80Plus","20260102-0810-BullFVG-000938","BullFVG","Fresh",0,33.75,"RiskGT15",50.62,"ObservationConfirmTargetR:1.5",1.4999,"RR_GE_1_2","Pre10","Good","ResearchWindowEnd",False,"",0,0,25689.50,25655.75,"ObservationResearch|ZoneJustCreated|Regime=BullTrend|ObservationConfirmResearch|ZoneBirthResearch|ReclaimZoneHigh"
"OPF-20260725-161545","OPF_0.1","OPF_RESEARCH_2.17","MNQ_0.1","MNQ_1Contract_Target150_200","OPF_PROFILE_0.1","20260102-0850-BULL-OBS-000946-Z000946","2026-01-02T09:50:00.0000000",958,"Outcome","Long","TrendPullback","ZoneBirthResearch",90,"Passed",85.00,"Q80Plus","20260102-0850-BullFVG-000946","BullFVG","Fresh",0,17.00,"RiskGT15",5.00,"NearestStructure",0.2941,"RR_LT_1_0","Pre10","Good","ResearchWindowEnd",False,"",0,0,25712.25,25695.25,"ObservationResearch|ZoneJustCreated|Regime=BullTrend"
"OPF-20260725-161545","OPF_0.1","OPF_RESEARCH_2.17","MNQ_0.1","MNQ_1Contract_Target150_200","OPF_PROFILE_0.1","20260102-0850-BULL-BRK-000946-Z000946","2026-01-02T09:50:00.0000000",958,"Outcome","Long","TrendPullback","BreakawayFvg",90,"Passed",95.00,"Q80Plus","20260102-0850-BullFVG-000946","BullFVG","Fresh",0,17.00,"RiskGT15",25.50,"BreakawayTargetR:1.5",1.5,"RR_GE_1_5","Pre10","Good","ResearchWindowEnd",False,"",0,0,25712.25,25695.25,"BreakawayFvgResearch"
"OPF-20260725-161545","OPF_0.1","OPF_RESEARCH_2.17","MNQ_0.1","MNQ_1Contract_Target150_200","OPF_PROFILE_0.1","20260102-0855-BULL-OBS-000947-Z000947","2026-01-02T09:55:00.0000000",959,"Outcome","Long","TrendPullback","ZoneBirthResearch",70,"Passed",75.00,"Q70_79","20260102-0855-BullFVG-000947","BullFVG","Fresh",0,5.50,"RiskLE8_5",8.00,"NearestStructure",1.4545,"RR_GE_1_2","Pre10","Excellent","ResearchWindowEnd",False,"",0,0,25709.25,25703.75,"ObservationResearch|ZoneJustCreated|Regime=BullTrend"
"OPF-20260725-161545","OPF_0.1","OPF_RESEARCH_2.17","MNQ_0.1","MNQ_1Contract_Target150_200","OPF_PROFILE_0.1","20260102-0855-BULL-BRK-000947-Z000947-Q","2026-01-02T09:55:00.0000000",959,"Outcome","Long","TrendPullback","BreakawayFvg_Qualified",70,"Passed",85.00,"Q80Plus","20260102-0855-BullFVG-000947","BullFVG","Fresh",0,5.50,"RiskLE8_5",8.25,"BreakawayTargetR:1.5",1.5,"RR_GE_1_5","Pre10","Excellent","ResearchWindowEnd",True,"TP",1.1286,39.50,25709.25,25703.75,"BreakawayFvgResearch|BreakawayQualified"
"OPF-20260725-161545","OPF_0.1","OPF_RESEARCH_2.17","MNQ_0.1","MNQ_1Contract_Target150_200","OPF_PROFILE_0.1","20260102-0855-BULL-BRK-000947-Z000947","2026-01-02T09:55:00.0000000",959,"Outcome","Long","TrendPullback","BreakawayFvg",70,"Passed",85.00,"Q80Plus","20260102-0855-BullFVG-000947","BullFVG","Fresh",0,5.50,"RiskLE8_5",8.25,"BreakawayTargetR:1.5",1.5,"RR_GE_1_5","Pre10","Excellent","ResearchWindowEnd",False,"",0,0,25709.25,25703.75,"BreakawayFvgResearch"
"OPF-20260725-161545","OPF_0.1","OPF_RESEARCH_2.17","MNQ_0.1","MNQ_1Contract_Target150_200","OPF_PROFILE_0.1","20260102-0850-BULL-OBS-000946-Z000946-OC-STR","2026-01-02T09:55:00.0000000",959,"Outcome","Long","TrendPullback","ObservationStrict_BullFresh_WideStop1_5R",90,"Passed",90.00,"Q80Plus","20260102-0850-BullFVG-000946","BullFVG","Fresh",0,21.00,"RiskGT15",8.00,"NearestStructure",0.3810,"RR_LT_1_0","Pre10","Good","ResearchWindowEnd",False,"",0,0,25709.25,25688.25,"ObservationResearch|ZoneJustCreated|Regime=BullTrend|ObservationConfirmResearch|ZoneBirthResearch|ReclaimZoneHigh|ObservationConfirmStrictResearch|ObservationStrict_BullFresh|ZoneBirthResearch|ReclaimZoneHigh"
"OPF-20260725-161545","OPF_0.1","OPF_RESEARCH_2.17","MNQ_0.1","MNQ_1Contract_Target150_200","OPF_PROFILE_0.1","20260102-0850-BULL-OBS-000946-Z000946-OC-STR","2026-01-02T09:55:00.0000000",959,"Outcome","Long","TrendPullback","ObservationStrict_BullFresh",90,"Passed",90.00,"Q80Plus","20260102-0850-BullFVG-000946","BullFVG","Fresh",0,14.00,"RiskLE15",16.80,"StrictBullFreshMin1_2R",1.2,"RR_GE_1_2","Pre10","Excellent","ResearchWindowEnd",False,"",0,0,25709.25,25695.25,"ObservationResearch|ZoneJustCreated|Regime=BullTrend|ObservationConfirmResearch|ZoneBirthResearch|ReclaimZoneHigh|ObservationConfirmStrictResearch|ObservationStrict_BullFresh|ZoneBirthResearch|ReclaimZoneHigh"
"OPF-20260725-161545","OPF_0.1","OPF_RESEARCH_2.17","MNQ_0.1","MNQ_1Contract_Target150_200","OPF_PROFILE_0.1","20260102-0850-BULL-OBS-000946-Z000946-OC","2026-01-02T09:55:00.0000000",959,"Outcome","Long","TrendPullback","ObservationConfirm_WideStop1_5R",90,"Passed",90.00,"Q80Plus","20260102-0850-BullFVG-000946","BullFVG","Fresh",0,21.00,"RiskGT15",8.00,"NearestStructure",0.3810,"RR_LT_1_0","Pre10","Good","ResearchWindowEnd",True,"TIME_STOP",0.9805,125.50,25709.25,25688.25,"ObservationResearch|ZoneJustCreated|Regime=BullTrend|ObservationConfirmResearch|ZoneBirthResearch|ReclaimZoneHigh"
"OPF-20260725-161545","OPF_0.1","OPF_RESEARCH_2.17","MNQ_0.1","MNQ_1Contract_Target150_200","OPF_PROFILE_0.1","20260102-0850-BULL-OBS-000946-Z000946-OC","2026-01-02T09:55:00.0000000",959,"Outcome","Long","TrendPullback","ObservationConfirm",90,"Passed",90.00,"Q80Plus","20260102-0850-BullFVG-000946","BullFVG","Fresh",0,14.00,"RiskLE15",21.00,"ObservationConfirmTargetR:1.5",1.5,"RR_GE_1_5","Pre10","Excellent","ResearchWindowEnd",False,"",0,0,25709.25,25695.25,"ObservationResearch|ZoneJustCreated|Regime=BullTrend|ObservationConfirmResearch|ZoneBirthResearch|ReclaimZoneHigh"
"OPF-20260725-161545","OPF_0.1","OPF_RESEARCH_2.17","MNQ_0.1","MNQ_1Contract_Target150_200","OPF_PROFILE_0.1","20260102-0900-BULL-OBS-000948-Z000947","2026-01-02T10:00:00.0000000",960,"Outcome","Long","TrendPullback","UnknownRegimeZoneTouch",60,"Weak50_69",53.00,"Q50_69","20260102-0855-BullFVG-000947","BullFVG","SecondTouch",1,12.75,"RiskLE15",0.75,"NearestStructure",0.0588,"RR_LT_1_0","Morning","Good","ResearchWindowEnd",False,"",0,0,25716.50,25703.75,"ObservationResearch|RegimeUnknown|Regime=Unknown"
"OPF-20260725-161545","OPF_0.1","OPF_RESEARCH_2.17","MNQ_0.1","MNQ_1Contract_Target150_200","OPF_PROFILE_0.1","20260102-0855-BULL-OBS-000947-Z000947-OC","2026-01-02T10:00:00.0000000",960,"Outcome","Long","TrendPullback","ObservationConfirm_WideStop1_5R",70,"Passed",96.00,"Q80Plus","20260102-0855-BullFVG-000947","BullFVG","Fresh",0,19.12,"RiskGT15",0.75,"NearestStructure",0.0392,"RR_LT_1_0","Morning","Good","ResearchWindowEnd",False,"",0,0,25716.50,25697.38,"ObservationResearch|ZoneJustCreated|Regime=BullTrend|ObservationConfirmResearch|ZoneBirthResearch|ReclaimZoneHigh"
"OPF-20260725-161545","OPF_0.1","OPF_RESEARCH_2.17","MNQ_0.1","MNQ_1Contract_Target150_200","OPF_PROFILE_0.1","20260102-0855-BULL-OBS-000947-Z000947-OC","2026-01-02T10:00:00.0000000",960,"Outcome","Long","TrendPullback","ObservationConfirm",70,"Passed",96.00,"Q80Plus","20260102-0855-BullFVG-000947","BullFVG","Fresh",0,12.75,"RiskLE15",19.12,"ObservationConfirmTargetR:1.5",1.4996,"RR_GE_1_2","Morning","Good","ResearchWindowEnd",False,"",0,0,25716.50,25703.75,"ObservationResearch|ZoneJustCreated|Regime=BullTrend|ObservationConfirmResearch|ZoneBirthResearch|ReclaimZoneHigh"
"OPF-20260725-161545","OPF_0.1","OPF_RESEARCH_2.17","MNQ_0.1","MNQ_1Contract_Target150_200","OPF_PROFILE_0.1","20260102-0855-BULL-SHD-000947-Z000947","2026-01-02T10:00:00.0000000",960,"Outcome","Long","TrendPullback","ShadowCandidate",70,"Passed",75.00,"Q70_79","20260102-0855-BullFVG-000947","BullFVG","Fresh",0,12.75,"RiskLE15",19.12,"ShadowCandidateTargetR:1.5",1.4996,"RR_GE_1_2","Morning","Good","ResearchWindowEnd",False,"",0,0,25716.50,25703.75,"ShadowCandidateResearch|ZoneJustCreated|ReclaimZoneHigh"
"OPF-20260725-161545","OPF_0.1","OPF_RESEARCH_2.17","MNQ_0.1","MNQ_1Contract_Target150_200","OPF_PROFILE_0.1","20260102-0900-BULL-OBS-000948-Z000947-OC","2026-01-02T10:05:00.0000000",961,"Outcome","Long","TrendPullback","ObservationConfirm_WideStop1_5R",60,"Weak50_69",72.00,"Q70_79","20260102-0855-BullFVG-000947","BullFVG","SecondTouch",1,30.38,"RiskGT15",2.00,"NearestStructure",0.0658,"RR_LT_1_0","Morning","Poor","ResearchWindowEnd",False,"",0,0,25724.00,25693.62,"ObservationResearch|RegimeUnknown|Regime=Unknown|ObservationConfirmResearch|UnknownRegimeZoneTouch|ReclaimZoneHigh"
"OPF-20260725-161545","OPF_0.1","OPF_RESEARCH_2.17","MNQ_0.1","MNQ_1Contract_Target150_200","OPF_PROFILE_0.1","20260102-0900-BULL-OBS-000948-Z000947-OC","2026-01-02T10:05:00.0000000",961,"Outcome","Long","TrendPullback","ObservationConfirm",60,"Weak50_69",72.00,"Q70_79","20260102-0855-BullFVG-000947","BullFVG","SecondTouch",1,20.25,"RiskGT15",30.38,"ObservationConfirmTargetR:1.5",1.5002,"RR_GE_1_5","Morning","Scratch","ResearchWindowEnd",False,"",0,0,25724.00,25703.75,"ObservationResearch|RegimeUnknown|Regime=Unknown|ObservationConfirmResearch|UnknownRegimeZoneTouch|ReclaimZoneHigh"
"OPF-20260725-161545","OPF_0.1","OPF_RESEARCH_2.17","MNQ_0.1","MNQ_1Contract_Target150_200","OPF_PROFILE_0.1","20260102-0855-BULL-SHD-000947-Z000947-SCB-CBM","2026-01-02T10:10:00.0000000",962,"Outcome","Long","TrendPullback","StructureConfirmShadow_ConfirmBarStop_Min10",70,"Passed",95.00,"Q80Plus","20260102-0855-BullFVG-000947","BullFVG","Fresh",0,12.50,"RiskLE15",18.75,"StructureConfirmTargetR:1.5",1.5,"RR_GE_1_5","Morning","Catastrophic","ResearchWindowEnd",False,"",0,0,25735.25,25722.75,"StructureConfirmShadowResearch|ShadowAfterRetest:ZoneJustCreated|MicroBos3BreakHigh|ConfirmBarStopMin10Research|ConfirmBarLow"
"OPF-20260725-161545","OPF_0.1","OPF_RESEARCH_2.17","MNQ_0.1","MNQ_1Contract_Target150_200","OPF_PROFILE_0.1","20260102-0855-BULL-SHD-000947-Z000947-SCB-CBR","2026-01-02T10:10:00.0000000",962,"Outcome","Long","TrendPullback","StructureConfirmShadow_ConfirmBarStop",70,"Passed",95.00,"Q80Plus","20260102-0855-BullFVG-000947","BullFVG","Fresh",0,12.50,"RiskLE15",18.75,"StructureConfirmTargetR:1.5",1.5,"RR_GE_1_5","Morning","Catastrophic","ResearchWindowEnd",False,"",0,0,25735.25,25722.75,"StructureConfirmShadowResearch|ShadowAfterRetest:ZoneJustCreated|MicroBos3BreakHigh|ConfirmBarStopResearch|ConfirmBarLow"
"OPF-20260725-161545","OPF_0.1","OPF_RESEARCH_2.17","MNQ_0.1","MNQ_1Contract_Target150_200","OPF_PROFILE_0.1","20260102-0855-BULL-SHD-000947-Z000947-SCB","2026-01-02T10:10:00.0000000",962,"Outcome","Long","TrendPullback","StructureConfirmShadow",70,"Passed",95.00,"Q80Plus","20260102-0855-BullFVG-000947","BullFVG","Fresh",0,31.50,"RiskGT15",0.75,"NearestStructure",0.0238,"RR_LT_1_0","Morning","Poor","ResearchWindowEnd",False,"",0,0,25735.25,25703.75,"StructureConfirmShadowResearch|ShadowAfterRetest:ZoneJustCreated|MicroBos3BreakHigh"
"OPF-20260725-161545","OPF_0.1","OPF_RESEARCH_2.17","MNQ_0.1","MNQ_1Contract_Target150_200","OPF_PROFILE_0.1","20260102-1025-BEAR-OBS-000965-Z000965","2026-01-02T10:25:00.0000000",965,"Tracked","Short","TrendPullback","ZoneBirthResearch",0,"WeakLT50",38.00,"QLT50","20260102-1025-BearFVG-000965","BearFVG","Fresh",0,8.75,"RiskLE11",0.75,"NearestStructure",0.0857,"RR_LT_1_0","Morning","","",False,"",0,0,25716.75,25725.50,"ObservationResearch|ZoneJustCreated|Regime=Unknown"
"OPF-20260725-161545","OPF_0.1","OPF_RESEARCH_2.17","MNQ_0.1","MNQ_1Contract_Target150_200","OPF_PROFILE_0.1","20260102-1025-BEAR-OBS-000965-Z000965-OC","2026-01-02T10:30:00.0000000",966,"Tracked","Short","TrendPullback","ObservationConfirm",0,"WeakLT50",60.00,"Q50_69","20260102-1025-BearFVG-000965","BearFVG","Fresh",0,17.50,"RiskGT15",26.25,"ObservationConfirmTargetR:1.5",1.5,"RR_GE_1_5","Morning","","",False,"",0,0,25708.00,25725.50,"ObservationResearch|ZoneJustCreated|Regime=Unknown|ObservationConfirmResearch|ZoneBirthResearch|ReclaimZoneLow"
"OPF-20260725-161545","OPF_0.1","OPF_RESEARCH_2.17","MNQ_0.1","MNQ_1Contract_Target150_200","OPF_PROFILE_0.1","20260102-1025-BEAR-OBS-000965-Z000965-OC","2026-01-02T10:30:00.0000000",966,"Tracked","Short","TrendPullback","ObservationConfirm_WideStop1_5R",0,"WeakLT50",60.00,"Q50_69","20260102-1025-BearFVG-000965","BearFVG","Fresh",0,26.25,"RiskGT15",0.25,"NearestStructure",0.0095,"RR_LT_1_0","Morning","","",False,"",0,0,25708.00,25734.25,"ObservationResearch|ZoneJustCreated|Regime=Unknown|ObservationConfirmResearch|ZoneBirthResearch|ReclaimZoneLow"
"OPF-20260725-161545","OPF_0.1","OPF_RESEARCH_2.17","MNQ_0.1","MNQ_1Contract_Target150_200","OPF_PROFILE_0.1","20260102-1040-BEAR-OBS-000968-Z000965","2026-01-02T10:40:00.0000000",968,"Tracked","Short","TrendPullback","UnknownRegimeZoneTouch",10,"WeakLT50",27.00,"QLT50","20260102-1025-BearFVG-000965","BearFVG","SecondTouch",1,3.00,"RiskLE8_5",0.25,"NearestStructure",0.0833,"RR_LT_1_0","Morning","","",False,"",0,0,25722.50,25725.50,"ObservationResearch|RegimeUnknown|Regime=Unknown"
"OPF-20260725-161545","OPF_0.1","OPF_RESEARCH_2.17","MNQ_0.1","MNQ_1Contract_Target150_200","OPF_PROFILE_0.1","20260102-1040-BEAR-OBS-000968-Z000965-FR","2026-01-02T10:45:00.0000000",969,"Tracked","Long","FailureReverse","FailureReverse_ObservationInvalidated",10,"WeakLT50",42.00,"QLT50","20260102-1025-BearFVG-000965","BearFVG","SecondTouch",1,15.75,"RiskGT15",0.75,"NearestStructure",0.0476,"RR_LT_1_0","Morning","","",False,"",0,0,25735.25,25719.50,"FailureReverseResearch|FailureSourceSignalID=20260102-1040-BEAR-OBS-000968-Z000965|FailureSource=BearFVG|FailureSourceZoneFreshness=SecondTouch|UnknownRegimeZoneTouch|RegimeUnknown"
"OPF-20260725-161545","OPF_0.1","OPF_RESEARCH_2.17","MNQ_0.1","MNQ_1Contract_Target150_200","OPF_PROFILE_0.1","20260102-1040-BEAR-OBS-000968-Z000965-FR","2026-01-02T10:45:00.0000000",969,"Tracked","Long","FailureReverse","FailureReverse_ObservationInvalidated_WideStop1_5R",10,"WeakLT50",42.00,"QLT50","20260102-1025-BearFVG-000965","BearFVG","SecondTouch",1,23.62,"RiskGT15",0.75,"NearestStructure",0.0318,"RR_LT_1_0","Morning","","",False,"",0,0,25735.25,25711.63,"FailureReverseResearch|FailureSourceSignalID=20260102-1040-BEAR-OBS-000968-Z000965|FailureSource=BearFVG|FailureSourceZoneFreshness=SecondTouch|UnknownRegimeZoneTouch|RegimeUnknown"
"OPF-20260725-161545","OPF_0.1","OPF_RESEARCH_2.17","MNQ_0.1","MNQ_1Contract_Target150_200","OPF_PROFILE_0.1","20260102-1045-BULL-OBS-000969-Z000969","2026-01-02T10:45:00.0000000",969,"Tracked","Long","TrendPullback","ZoneBirthResearch",40,"WeakLT50",45.00,"QLT50","20260102-1045-BullFVG-000969","BullFVG","Fresh",0,17.25,"RiskGT15",0.75,"NearestStructure",0.0435,"RR_LT_1_0","Morning","","",False,"",0,0,25735.25,25718.00,"ObservationResearch|ZoneJustCreated|Regime=Unknown"
"OPF-20260725-161545","OPF_0.1","OPF_RESEARCH_2.17","MNQ_0.1","MNQ_1Contract_Target150_200","OPF_PROFILE_0.1","20260102-1045-BULL-OBS-000969-Z000969-OC","2026-01-02T10:50:00.0000000",970,"Tracked","Long","TrendPullback","ObservationConfirm",40,"WeakLT50",53.00,"Q50_69","20260102-1045-BullFVG-000969","BullFVG","Fresh",0,14.50,"RiskLE15",21.75,"ObservationConfirmTargetR:1.5",1.5,"RR_GE_1_5","Morning","","",False,"",0,0,25732.50,25718.00,"ObservationResearch|ZoneJustCreated|Regime=Unknown|ObservationConfirmResearch|ZoneBirthResearch|ReclaimZoneHigh"
"OPF-20260725-161545","OPF_0.1","OPF_RESEARCH_2.17","MNQ_0.1","MNQ_1Contract_Target150_200","OPF_PROFILE_0.1","20260102-1045-BULL-OBS-000969-Z000969-OC","2026-01-02T10:50:00.0000000",970,"Tracked","Long","TrendPullback","ObservationConfirm_WideStop1_5R",40,"WeakLT50",53.00,"Q50_69","20260102-1045-BullFVG-000969","BullFVG","Fresh",0,21.75,"RiskGT15",0.75,"NearestStructure",0.0345,"RR_LT_1_0","Morning","","",False,"",0,0,25732.50,25710.75,"ObservationResearch|ZoneJustCreated|Regime=Unknown|ObservationConfirmResearch|ZoneBirthResearch|ReclaimZoneHigh"
"OPF-20260725-161545","OPF_0.1","OPF_RESEARCH_2.17","MNQ_0.1","MNQ_1Contract_Target150_200","OPF_PROFILE_0.1","20260102-1045-BULL-OBS-000969-Z000969-OC-STR","2026-01-02T10:50:00.0000000",970,"Tracked","Long","TrendPullback","ObservationStrict_BullFresh",40,"WeakLT50",53.00,"Q50_69","20260102-1045-BullFVG-000969","BullFVG","Fresh",0,14.50,"RiskLE15",17.40,"StrictBullFreshMin1_2R",1.2,"RR_GE_1_2","Morning","","",False,"",0,0,25732.50,25718.00,"ObservationResearch|ZoneJustCreated|Regime=Unknown|ObservationConfirmResearch|ZoneBirthResearch|ReclaimZoneHigh|ObservationConfirmStrictResearch|ObservationStrict_BullFresh|ZoneBirthResearch|ReclaimZoneHigh"
"OPF-20260725-161545","OPF_0.1","OPF_RESEARCH_2.17","MNQ_0.1","MNQ_1Contract_Target150_200","OPF_PROFILE_0.1","20260102-1045-BULL-OBS-000969-Z000969-OC-STR","2026-01-02T10:50:00.0000000",970,"Tracked","Long","TrendPullback","ObservationStrict_BullFresh_WideStop1_5R",40,"WeakLT50",53.00,"Q50_69","20260102-1045-BullFVG-000969","BullFVG","Fresh",0,21.75,"RiskGT15",0.75,"NearestStructure",0.0345,"RR_LT_1_0","Morning","","",False,"",0,0,25732.50,25710.75,"ObservationResearch|ZoneJustCreated|Regime=Unknown|ObservationConfirmResearch|ZoneBirthResearch|ReclaimZoneHigh|ObservationConfirmStrictResearch|ObservationStrict_BullFresh|ZoneBirthResearch|ReclaimZoneHigh"
"OPF-20260725-161545","OPF_0.1","OPF_RESEARCH_2.17","MNQ_0.1","MNQ_1Contract_Target150_200","OPF_PROFILE_0.1","20260102-1050-BULL-OBS-000970-Z000970","2026-01-02T10:50:00.0000000",970,"Tracked","Long","TrendPullback","ZoneBirthResearch",20,"WeakLT50",38.00,"QLT50","20260102-1050-BullFVG-000970","BullFVG","Fresh",0,9.25,"RiskLE11",0.75,"NearestStructure",0.0811,"RR_LT_1_0","Morning","","",False,"",0,0,25732.50,25723.25,"ObservationResearch|ZoneJustCreated|Regime=Unknown"
"OPF-20260725-161545","OPF_0.1","OPF_RESEARCH_2.17","MNQ_0.1","MNQ_1Contract_Target150_200","OPF_PROFILE_0.1","20260102-1050-BULL-OBS-000970-Z000970-OC","2026-01-02T10:55:00.0000000",971,"Tracked","Long","TrendPullback","ObservationConfirm",20,"WeakLT50",53.00,"Q50_69","20260102-1050-BullFVG-000970","BullFVG","Fresh",0,7.75,"RiskLE8_5",11.62,"ObservationConfirmTargetR:1.5",1.4994,"RR_GE_1_2","Morning","","",False,"",0,0,25731.00,25723.25,"ObservationResearch|ZoneJustCreated|Regime=Unknown|ObservationConfirmResearch|ZoneBirthResearch|ReclaimZoneHigh"
"OPF-20260725-161545","OPF_0.1","OPF_RESEARCH_2.17","MNQ_0.1","MNQ_1Contract_Target150_200","OPF_PROFILE_0.1","20260102-1050-BULL-OBS-000970-Z000970-OC","2026-01-02T10:55:00.0000000",971,"Tracked","Long","TrendPullback","ObservationConfirm_WideStop1_5R",20,"WeakLT50",53.00,"Q50_69","20260102-1050-BullFVG-000970","BullFVG","Fresh",0,11.62,"RiskLE15",0.50,"NearestStructure",0.0430,"RR_LT_1_0","Morning","","",False,"",0,0,25731.00,25719.38,"ObservationResearch|ZoneJustCreated|Regime=Unknown|ObservationConfirmResearch|ZoneBirthResearch|ReclaimZoneHigh"
"OPF-20260725-161545","OPF_0.1","OPF_RESEARCH_2.17","MNQ_0.1","MNQ_1Contract_Target150_200","OPF_PROFILE_0.1","20260102-1055-BULL-OBS-000971-Z000970","2026-01-02T10:55:00.0000000",971,"Tracked","Long","TrendPullback","UnknownRegimeZoneTouch",40,"WeakLT50",34.00,"QLT50","20260102-1050-BullFVG-000970","BullFVG","SecondTouch",1,7.75,"RiskLE8_5",0.50,"NearestStructure",0.0645,"RR_LT_1_0","Morning","","",False,"",0,0,25731.00,25723.25,"ObservationResearch|RegimeUnknown|Regime=Unknown"
"OPF-20260725-161545","OPF_0.1","OPF_RESEARCH_2.17","MNQ_0.1","MNQ_1Contract_Target150_200","OPF_PROFILE_0.1","20260102-1055-BULL-OBS-000971-Z000970-OC","2026-01-02T11:00:00.0000000",972,"Tracked","Long","TrendPullback","ObservationConfirm",40,"WeakLT50",52.00,"Q50_69","20260102-1050-BullFVG-000970","BullFVG","SecondTouch",1,14.25,"RiskLE15",21.38,"ObservationConfirmTargetR:1.5",1.5004,"RR_GE_1_5","Morning","","",False,"",0,0,25737.50,25723.25,"ObservationResearch|RegimeUnknown|Regime=Unknown|ObservationConfirmResearch|UnknownRegimeZoneTouch|ReclaimZoneHigh"
"OPF-20260725-161545","OPF_0.1","OPF_RESEARCH_2.17","MNQ_0.1","MNQ_1Contract_Target150_200","OPF_PROFILE_0.1","20260102-1055-BULL-OBS-000971-Z000970-OC","2026-01-02T11:00:00.0000000",972,"Tracked","Long","TrendPullback","ObservationConfirm_WideStop1_5R",40,"WeakLT50",52.00,"Q50_69","20260102-1050-BullFVG-000970","BullFVG","SecondTouch",1,21.38,"RiskGT15",0.25,"NearestStructure",0.0117,"RR_LT_1_0","Morning","","",False,"",0,0,25737.50,25716.12,"ObservationResearch|RegimeUnknown|Regime=Unknown|ObservationConfirmResearch|UnknownRegimeZoneTouch|ReclaimZoneHigh"
"OPF-20260725-161545","OPF_0.1","OPF_RESEARCH_2.17","MNQ_0.1","MNQ_1Contract_Target150_200","OPF_PROFILE_0.1","20260102-1120-BULL-OBS-000976-Z000969","2026-01-02T11:20:00.0000000",976,"Tracked","Long","TrendPullback","UnknownRegimeZoneTouch",60,"Weak50_69",50.00,"Q50_69","20260102-1045-BullFVG-000969","BullFVG","SecondTouch",1,3.75,"RiskLE8_5",2.00,"NearestStructure",0.5333,"RR_LT_1_0","Morning","","",False,"",0,0,25721.75,25718.00,"ObservationResearch|RegimeUnknown|Regime=Unknown"
"OPF-20260725-161545","OPF_0.1","OPF_RESEARCH_2.17","MNQ_0.1","MNQ_1Contract_Target150_200","OPF_PROFILE_0.1","20260102-1120-BEAR-OBS-000976-Z000976","2026-01-02T11:20:00.0000000",976,"Tracked","Short","TrendPullback","ZoneBirthResearch",30,"WeakLT50",41.00,"QLT50","20260102-1120-BearFVG-000976","BearFVG","Fresh",0,10.50,"RiskLE11",5.75,"NearestStructure",0.5476,"RR_LT_1_0","Morning","","",False,"",0,0,25721.75,25732.25,"ObservationResearch|ZoneJustCreated|Regime=Unknown"
"OPF-20260725-161545","OPF_0.1","OPF_RESEARCH_2.17","MNQ_0.1","MNQ_1Contract_Target150_200","OPF_PROFILE_0.1","20260102-1025-BEAR-OBS-000965-Z000965","2026-01-02T11:25:00.0000000",977,"Outcome","Short","TrendPullback","ZoneBirthResearch",0,"WeakLT50",38.00,"QLT50","20260102-1025-BearFVG-000965","BearFVG","Fresh",0,8.75,"RiskLE11",0.75,"NearestStructure",0.0857,"RR_LT_1_0","Morning","Good","ResearchWindowEnd",False,"",0,0,25716.75,25725.50,"ObservationResearch|ZoneJustCreated|Regime=Unknown"
"OPF-20260725-161545","OPF_0.1","OPF_RESEARCH_2.17","MNQ_0.1","MNQ_1Contract_Target150_200","OPF_PROFILE_0.1","20260102-1120-BEAR-OBS-000976-Z000976-OC","2026-01-02T11:25:00.0000000",977,"Tracked","Short","TrendPullback","ObservationConfirm",30,"WeakLT50",60.00,"Q50_69","20260102-1120-BearFVG-000976","BearFVG","Fresh",0,15.50,"RiskGT15",23.25,"ObservationConfirmTargetR:1.5",1.5,"RR_GE_1_5","Morning","","",False,"",0,0,25716.75,25732.25,"ObservationResearch|ZoneJustCreated|Regime=Unknown|ObservationConfirmResearch|ZoneBirthResearch|ReclaimZoneLow"
"OPF-20260725-161545","OPF_0.1","OPF_RESEARCH_2.17","MNQ_0.1","MNQ_1Contract_Target150_200","OPF_PROFILE_0.1","20260102-1120-BEAR-OBS-000976-Z000976-OC","2026-01-02T11:25:00.0000000",977,"Tracked","Short","TrendPullback","ObservationConfirm_WideStop1_5R",30,"WeakLT50",60.00,"Q50_69","20260102-1120-BearFVG-000976","BearFVG","Fresh",0,23.25,"RiskGT15",0.75,"NearestStructure",0.0323,"RR_LT_1_0","Morning","","",False,"",0,0,25716.75,25740.00,"ObservationResearch|ZoneJustCreated|Regime=Unknown|ObservationConfirmResearch|ZoneBirthResearch|ReclaimZoneLow"
"OPF-20260725-161545","OPF_0.1","OPF_RESEARCH_2.17","MNQ_0.1","MNQ_1Contract_Target150_200","OPF_PROFILE_0.1","20260102-1120-BEAR-OBS-000976-Z000976-OC-STR","2026-01-02T11:25:00.0000000",977,"Tracked","Short","TrendPullback","ObservationStrict_Other",30,"WeakLT50",60.00,"Q50_69","20260102-1120-BearFVG-000976","BearFVG","Fresh",0,15.50,"RiskGT15",0.75,"NearestStructure",0.0484,"RR_LT_1_0","Morning","","",False,"",0,0,25716.75,25732.25,"ObservationResearch|ZoneJustCreated|Regime=Unknown|ObservationConfirmResearch|ZoneBirthResearch|ReclaimZoneLow|ObservationConfirmStrictResearch|ObservationStrict_Other|ZoneBirthResearch|ReclaimZoneLow"
"OPF-20260725-161545","OPF_0.1","OPF_RESEARCH_2.17","MNQ_0.1","MNQ_1Contract_Target150_200","OPF_PROFILE_0.1","20260102-1120-BEAR-OBS-000976-Z000976-OC-STR","2026-01-02T11:25:00.0000000",977,"Tracked","Short","TrendPullback","ObservationStrict_Other_WideStop1_5R",30,"WeakLT50",60.00,"Q50_69","20260102-1120-BearFVG-000976","BearFVG","Fresh",0,23.25,"RiskGT15",0.75,"NearestStructure",0.0323,"RR_LT_1_0","Morning","","",False,"",0,0,25716.75,25740.00,"ObservationResearch|ZoneJustCreated|Regime=Unknown|ObservationConfirmResearch|ZoneBirthResearch|ReclaimZoneLow|ObservationConfirmStrictResearch|ObservationStrict_Other|ZoneBirthResearch|ReclaimZoneLow"
"OPF-20260725-161545","OPF_0.1","OPF_RESEARCH_2.17","MNQ_0.1","MNQ_1Contract_Target150_200","OPF_PROFILE_0.1","20260102-1120-BULL-OBS-000976-Z000969-FR","2026-01-02T11:25:00.0000000",977,"Tracked","Short","FailureReverse","FailureReverse_ObservationInvalidated",60,"Weak50_69",62.00,"Q50_69","20260102-1045-BullFVG-000969","BullFVG","SecondTouch",1,5.50,"RiskLE8_5",0.75,"NearestStructure",0.1364,"RR_LT_1_0","Morning","","",False,"",0,0,25716.75,25722.25,"FailureReverseResearch|FailureSourceSignalID=20260102-1120-BULL-OBS-000976-Z000969|FailureSource=BullFVG|FailureSourceZoneFreshness=SecondTouch|UnknownRegimeZoneTouch|RegimeUnknown"
"OPF-20260725-161545","OPF_0.1","OPF_RESEARCH_2.17","MNQ_0.1","MNQ_1Contract_Target150_200","OPF_PROFILE_0.1","20260102-1120-BULL-OBS-000976-Z000969-FR","2026-01-02T11:25:00.0000000",977,"Tracked","Short","FailureReverse","FailureReverse_ObservationInvalidated_WideStop1_5R",60,"Weak50_69",62.00,"Q50_69","20260102-1045-BullFVG-000969","BullFVG","SecondTouch",1,8.25,"RiskLE8_5",0.75,"NearestStructure",0.0909,"RR_LT_1_0","Morning","","",False,"",0,0,25716.75,25725.00,"FailureReverseResearch|FailureSourceSignalID=20260102-1120-BULL-OBS-000976-Z000969|FailureSource=BullFVG|FailureSourceZoneFreshness=SecondTouch|UnknownRegimeZoneTouch|RegimeUnknown"
"OPF-20260725-161545","OPF_0.1","OPF_RESEARCH_2.17","MNQ_0.1","MNQ_1Contract_Target150_200","OPF_PROFILE_0.1","20260102-1025-BEAR-OBS-000965-Z000965-OC","2026-01-02T11:30:00.0000000",978,"Outcome","Short","TrendPullback","ObservationConfirm_WideStop1_5R",0,"WeakLT50",60.00,"Q50_69","20260102-1025-BearFVG-000965","BearFVG","Fresh",0,26.25,"RiskGT15",0.25,"NearestStructure",0.0095,"RR_LT_1_0","Midday","Catastrophic","ResearchWindowEnd",False,"",0,0,25708.00,25734.25,"ObservationResearch|ZoneJustCreated|Regime=Unknown|ObservationConfirmResearch|ZoneBirthResearch|ReclaimZoneLow"
"OPF-20260725-161545","OPF_0.1","OPF_RESEARCH_2.17","MNQ_0.1","MNQ_1Contract_Target150_200","OPF_PROFILE_0.1","20260102-1025-BEAR-OBS-000965-Z000965-OC","2026-01-02T11:30:00.0000000",978,"Outcome","Short","TrendPullback","ObservationConfirm",0,"WeakLT50",60.00,"Q50_69","20260102-1025-BearFVG-000965","BearFVG","Fresh",0,17.50,"RiskGT15",26.25,"ObservationConfirmTargetR:1.5",1.5,"RR_GE_1_5","Midday","Catastrophic","ResearchWindowEnd",True,"SL",-1,-106.50,25708.00,25725.50,"ObservationResearch|ZoneJustCreated|Regime=Unknown|ObservationConfirmResearch|ZoneBirthResearch|ReclaimZoneLow"
"OPF-20260725-161545","OPF_0.1","OPF_RESEARCH_2.17","MNQ_0.1","MNQ_1Contract_Target150_200","OPF_PROFILE_0.1","20260102-1135-BEAR-OBS-000979-Z000976","2026-01-02T11:35:00.0000000",979,"Tracked","Short","TrendPullback","UnknownRegimeZoneTouch",30,"WeakLT50",41.00,"QLT50","20260102-1120-BearFVG-000976","BearFVG","SecondTouch",1,10.00,"RiskLE11",0.50,"NearestStructure",0.05,"RR_LT_1_0","Midday","","",False,"",0,0,25722.25,25732.25,"ObservationResearch|RegimeUnknown|Regime=Unknown"
"OPF-20260725-161545","OPF_0.1","OPF_RESEARCH_2.17","MNQ_0.1","MNQ_1Contract_Target150_200","OPF_PROFILE_0.1","20260102-1040-BEAR-OBS-000968-Z000965","2026-01-02T11:40:00.0000000",980,"Outcome","Short","TrendPullback","UnknownRegimeZoneTouch",10,"WeakLT50",27.00,"QLT50","20260102-1025-BearFVG-000965","BearFVG","SecondTouch",1,3.00,"RiskLE8_5",0.25,"NearestStructure",0.0833,"RR_LT_1_0","Midday","Catastrophic","ResearchWindowEnd",False,"",0,0,25722.50,25725.50,"ObservationResearch|RegimeUnknown|Regime=Unknown"
"OPF-20260725-161545","OPF_0.1","OPF_RESEARCH_2.17","MNQ_0.1","MNQ_1Contract_Target150_200","OPF_PROFILE_0.1","20260102-1045-BULL-OBS-000969-Z000969","2026-01-02T11:45:00.0000000",981,"Outcome","Long","TrendPullback","ZoneBirthResearch",40,"WeakLT50",45.00,"QLT50","20260102-1045-BullFVG-000969","BullFVG","Fresh",0,17.25,"RiskGT15",1.00,"NearestStructure",0.0580,"RR_LT_1_0","Midday","Catastrophic","ResearchWindowEnd",False,"",0,0,25735.25,25718.00,"ObservationResearch|ZoneJustCreated|Regime=Unknown"
"OPF-20260725-161545","OPF_0.1","OPF_RESEARCH_2.17","MNQ_0.1","MNQ_1Contract_Target150_200","OPF_PROFILE_0.1","20260102-1040-BEAR-OBS-000968-Z000965-FR","2026-01-02T11:45:00.0000000",981,"Outcome","Long","FailureReverse","FailureReverse_ObservationInvalidated_WideStop1_5R",10,"WeakLT50",42.00,"QLT50","20260102-1025-BearFVG-000965","BearFVG","SecondTouch",1,23.62,"RiskGT15",1.00,"NearestStructure",0.0423,"RR_LT_1_0","Midday","Poor","ResearchWindowEnd",False,"",0,0,25735.25,25711.63,"FailureReverseResearch|FailureSourceSignalID=20260102-1040-BEAR-OBS-000968-Z000965|FailureSource=BearFVG|FailureSourceZoneFreshness=SecondTouch|UnknownRegimeZoneTouch|RegimeUnknown"
"OPF-20260725-161545","OPF_0.1","OPF_RESEARCH_2.17","MNQ_0.1","MNQ_1Contract_Target150_200","OPF_PROFILE_0.1","20260102-1040-BEAR-OBS-000968-Z000965-FR","2026-01-02T11:45:00.0000000",981,"Outcome","Long","FailureReverse","FailureReverse_ObservationInvalidated",10,"WeakLT50",42.00,"QLT50","20260102-1025-BearFVG-000965","BearFVG","SecondTouch",1,15.75,"RiskGT15",1.00,"NearestStructure",0.0635,"RR_LT_1_0","Midday","Catastrophic","ResearchWindowEnd",False,"",0,0,25735.25,25719.50,"FailureReverseResearch|FailureSourceSignalID=20260102-1040-BEAR-OBS-000968-Z000965|FailureSource=BearFVG|FailureSourceZoneFreshness=SecondTouch|UnknownRegimeZoneTouch|RegimeUnknown"
"OPF-20260725-161545","OPF_0.1","OPF_RESEARCH_2.17","MNQ_0.1","MNQ_1Contract_Target150_200","OPF_PROFILE_0.1","20260102-1050-BULL-OBS-000970-Z000970","2026-01-02T11:50:00.0000000",982,"Outcome","Long","TrendPullback","ZoneBirthResearch",20,"WeakLT50",38.00,"QLT50","20260102-1050-BullFVG-000970","BullFVG","Fresh",0,9.25,"RiskLE11",2.00,"NearestStructure",0.2162,"RR_LT_1_0","Midday","Good","ResearchWindowEnd",False,"",0,0,25732.50,25723.25,"ObservationResearch|ZoneJustCreated|Regime=Unknown"
"OPF-20260725-161545","OPF_0.1","OPF_RESEARCH_2.17","MNQ_0.1","MNQ_1Contract_Target150_200","OPF_PROFILE_0.1","20260102-1045-BULL-OBS-000969-Z000969-OC-STR","2026-01-02T11:50:00.0000000",982,"Outcome","Long","TrendPullback","ObservationStrict_BullFresh_WideStop1_5R",40,"WeakLT50",53.00,"Q50_69","20260102-1045-BullFVG-000969","BullFVG","Fresh",0,21.75,"RiskGT15",2.00,"NearestStructure",0.0920,"RR_LT_1_0","Midday","Scratch","ResearchWindowEnd",False,"",0,0,25732.50,25710.75,"ObservationResearch|ZoneJustCreated|Regime=Unknown|ObservationConfirmResearch|ZoneBirthResearch|ReclaimZoneHigh|ObservationConfirmStrictResearch|ObservationStrict_BullFresh|ZoneBirthResearch|ReclaimZoneHigh"
"OPF-20260725-161545","OPF_0.1","OPF_RESEARCH_2.17","MNQ_0.1","MNQ_1Contract_Target150_200","OPF_PROFILE_0.1","20260102-1045-BULL-OBS-000969-Z000969-OC-STR","2026-01-02T11:50:00.0000000",982,"Outcome","Long","TrendPullback","ObservationStrict_BullFresh",40,"WeakLT50",53.00,"Q50_69","20260102-1045-BullFVG-000969","BullFVG","Fresh",0,14.50,"RiskLE15",17.40,"StrictBullFreshMin1_2R",1.2,"RR_GE_1_2","Midday","Catastrophic","ResearchWindowEnd",False,"",0,0,25732.50,25718.00,"ObservationResearch|ZoneJustCreated|Regime=Unknown|ObservationConfirmResearch|ZoneBirthResearch|ReclaimZoneHigh|ObservationConfirmStrictResearch|ObservationStrict_BullFresh|ZoneBirthResearch|ReclaimZoneHigh"
"OPF-20260725-161545","OPF_0.1","OPF_RESEARCH_2.17","MNQ_0.1","MNQ_1Contract_Target150_200","OPF_PROFILE_0.1","20260102-1045-BULL-OBS-000969-Z000969-OC","2026-01-02T11:50:00.0000000",982,"Outcome","Long","TrendPullback","ObservationConfirm_WideStop1_5R",40,"WeakLT50",53.00,"Q50_69","20260102-1045-BullFVG-000969","BullFVG","Fresh",0,21.75,"RiskGT15",2.00,"NearestStructure",0.0920,"RR_LT_1_0","Midday","Scratch","ResearchWindowEnd",False,"",0,0,25732.50,25710.75,"ObservationResearch|ZoneJustCreated|Regime=Unknown|ObservationConfirmResearch|ZoneBirthResearch|ReclaimZoneHigh"
"OPF-20260725-161545","OPF_0.1","OPF_RESEARCH_2.17","MNQ_0.1","MNQ_1Contract_Target150_200","OPF_PROFILE_0.1","20260102-1045-BULL-OBS-000969-Z000969-OC","2026-01-02T11:50:00.0000000",982,"Outcome","Long","TrendPullback","ObservationConfirm",40,"WeakLT50",53.00,"Q50_69","20260102-1045-BullFVG-000969","BullFVG","Fresh",0,14.50,"RiskLE15",21.75,"ObservationConfirmTargetR:1.5",1.5,"RR_GE_1_5","Midday","Catastrophic","ResearchWindowEnd",False,"",0,0,25732.50,25718.00,"ObservationResearch|ZoneJustCreated|Regime=Unknown|ObservationConfirmResearch|ZoneBirthResearch|ReclaimZoneHigh"
"OPF-20260725-161545","OPF_0.1","OPF_RESEARCH_2.17","MNQ_0.1","MNQ_1Contract_Target150_200","OPF_PROFILE_0.1","20260102-1135-BEAR-OBS-000979-Z000976-OC","2026-01-02T11:50:00.0000000",982,"Tracked","Short","TrendPullback","ObservationConfirm",30,"WeakLT50",56.00,"Q50_69","20260102-1120-BearFVG-000976","BearFVG","SecondTouch",1,10.50,"RiskLE11",15.75,"ObservationConfirmTargetR:1.5",1.5,"RR_GE_1_5","Midday","","",False,"",0,0,25721.75,25732.25,"ObservationResearch|RegimeUnknown|Regime=Unknown|ObservationConfirmResearch|UnknownRegimeZoneTouch|ReclaimZoneLow"
"OPF-20260725-161545","OPF_0.1","OPF_RESEARCH_2.17","MNQ_0.1","MNQ_1Contract_Target150_200","OPF_PROFILE_0.1","20260102-1135-BEAR-OBS-000979-Z000976-OC","2026-01-02T11:50:00.0000000",982,"Tracked","Short","TrendPullback","ObservationConfirm_WideStop1_5R",30,"WeakLT50",56.00,"Q50_69","20260102-1120-BearFVG-000976","BearFVG","SecondTouch",1,15.75,"RiskGT15",0.50,"NearestStructure",0.0317,"RR_LT_1_0","Midday","","",False,"",0,0,25721.75,25737.50,"ObservationResearch|RegimeUnknown|Regime=Unknown|ObservationConfirmResearch|UnknownRegimeZoneTouch|ReclaimZoneLow"
"OPF-20260725-161545","OPF_0.1","OPF_RESEARCH_2.17","MNQ_0.1","MNQ_1Contract_Target150_200","OPF_PROFILE_0.1","20260102-1120-BULL-OBS-000976-Z000969-FR-RT","2026-01-02T11:50:00.0000000",982,"Tracked","Short","FailureReverse","FailureReverse_RetestFailed",60,"Weak50_69",72.00,"Q70_79","20260102-1045-BullFVG-000969","BullFVG","SecondTouch",1,0.50,"RiskLE8_5",0.60,"FailureRetestMin1_2R",1.2,"RR_GE_1_2","Midday","","",False,"",0,0,25721.75,25722.25,"FailureReverseResearch|FailureSourceSignalID=20260102-1120-BULL-OBS-000976-Z000969|FailureSource=BullFVG|FailureSourceZoneFreshness=SecondTouch|UnknownRegimeZoneTouch|RegimeUnknown|FailureRetestFailedTriggered|BreakPrevLow"
"OPF-20260725-161545","OPF_0.1","OPF_RESEARCH_2.17","MNQ_0.1","MNQ_1Contract_Target150_200","OPF_PROFILE_0.1","20260102-1120-BULL-OBS-000976-Z000969-FR-RT","2026-01-02T11:50:00.0000000",982,"Tracked","Short","FailureReverse","FailureReverse_RetestFailed_WideStop1_5R",60,"Weak50_69",72.00,"Q70_79","20260102-1045-BullFVG-000969","BullFVG","SecondTouch",1,0.75,"RiskLE8_5",0.50,"NearestStructure",0.6667,"RR_LT_1_0","Midday","","",False,"",0,0,25721.75,25722.50,"FailureReverseResearch|FailureSourceSignalID=20260102-1120-BULL-OBS-000976-Z000969|FailureSource=BullFVG|FailureSourceZoneFreshness=SecondTouch|UnknownRegimeZoneTouch|RegimeUnknown|FailureRetestFailedTriggered|BreakPrevLow"
"OPF-20260725-161545","OPF_0.1","OPF_RESEARCH_2.17","MNQ_0.1","MNQ_1Contract_Target150_200","OPF_PROFILE_0.1","20260102-1055-BULL-OBS-000971-Z000970","2026-01-02T11:55:00.0000000",983,"Outcome","Long","TrendPullback","UnknownRegimeZoneTouch",40,"WeakLT50",34.00,"QLT50","20260102-1050-BullFVG-000970","BullFVG","SecondTouch",1,7.75,"RiskLE8_5",3.50,"NearestStructure",0.4516,"RR_LT_1_0","Midday","Good","ResearchWindowEnd",False,"",0,0,25731.00,25723.25,"ObservationResearch|RegimeUnknown|Regime=Unknown"
"OPF-20260725-161545","OPF_0.1","OPF_RESEARCH_2.17","MNQ_0.1","MNQ_1Contract_Target150_200","OPF_PROFILE_0.1","20260102-1050-BULL-OBS-000970-Z000970-OC","2026-01-02T11:55:00.0000000",983,"Outcome","Long","TrendPullback","ObservationConfirm_WideStop1_5R",20,"WeakLT50",53.00,"Q50_69","20260102-1050-BullFVG-000970","BullFVG","Fresh",0,11.62,"RiskLE15",3.50,"NearestStructure",0.3012,"RR_LT_1_0","Midday","Good","ResearchWindowEnd",False,"",0,0,25731.00,25719.38,"ObservationResearch|ZoneJustCreated|Regime=Unknown|ObservationConfirmResearch|ZoneBirthResearch|ReclaimZoneHigh"
"OPF-20260725-161545","OPF_0.1","OPF_RESEARCH_2.17","MNQ_0.1","MNQ_1Contract_Target150_200","OPF_PROFILE_0.1","20260102-1050-BULL-OBS-000970-Z000970-OC","2026-01-02T11:55:00.0000000",983,"Outcome","Long","TrendPullback","ObservationConfirm",20,"WeakLT50",53.00,"Q50_69","20260102-1050-BullFVG-000970","BullFVG","Fresh",0,7.75,"RiskLE8_5",11.62,"ObservationConfirmTargetR:1.5",1.4994,"RR_GE_1_2","Midday","Good","ResearchWindowEnd",False,"",0,0,25731.00,25723.25,"ObservationResearch|ZoneJustCreated|Regime=Unknown|ObservationConfirmResearch|ZoneBirthResearch|ReclaimZoneHigh"
"OPF-20260725-161545","OPF_0.1","OPF_RESEARCH_2.17","MNQ_0.1","MNQ_1Contract_Target150_200","OPF_PROFILE_0.1","20260102-1055-BULL-OBS-000971-Z000970-OC","2026-01-02T12:00:00.0000000",984,"Outcome","Long","TrendPullback","ObservationConfirm_WideStop1_5R",40,"WeakLT50",52.00,"Q50_69","20260102-1050-BullFVG-000970","BullFVG","SecondTouch",1,21.38,"RiskGT15",0.50,"NearestStructure",0.0234,"RR_LT_1_0","Midday","Catastrophic","ResearchWindowEnd",False,"",0,0,25737.50,25716.12,"ObservationResearch|RegimeUnknown|Regime=Unknown|ObservationConfirmResearch|UnknownRegimeZoneTouch|ReclaimZoneHigh"
"OPF-20260725-161545","OPF_0.1","OPF_RESEARCH_2.17","MNQ_0.1","MNQ_1Contract_Target150_200","OPF_PROFILE_0.1","20260102-1055-BULL-OBS-000971-Z000970-OC","2026-01-02T12:00:00.0000000",984,"Outcome","Long","TrendPullback","ObservationConfirm",40,"WeakLT50",52.00,"Q50_69","20260102-1050-BullFVG-000970","BullFVG","SecondTouch",1,14.25,"RiskLE15",21.38,"ObservationConfirmTargetR:1.5",1.5004,"RR_GE_1_5","Midday","Catastrophic","ResearchWindowEnd",False,"",0,0,25737.50,25723.25,"ObservationResearch|RegimeUnknown|Regime=Unknown|ObservationConfirmResearch|UnknownRegimeZoneTouch|ReclaimZoneHigh"
"OPF-20260725-161545","OPF_0.1","OPF_RESEARCH_2.17","MNQ_0.1","MNQ_1Contract_Target150_200","OPF_PROFILE_0.1","20260102-1200-BULL-OBS-000984-Z000946","2026-01-02T12:00:00.0000000",984,"Tracked","Long","TrendPullback","UnknownRegimeZoneTouch",20,"WeakLT50",31.00,"QLT50","20260102-0850-BullFVG-000946","BullFVG","SecondTouch",1,6.75,"RiskLE8_5",16.50,"NearestStructure",2.4444,"RR_GE_1_5","Midday","","",False,"",0,0,25702.00,25695.25,"ObservationResearch|RegimeUnknown|Regime=Unknown"
"OPF-20260725-161545","OPF_0.1","OPF_RESEARCH_2.17","MNQ_0.1","MNQ_1Contract_Target150_200","OPF_PROFILE_0.1","20260102-1200-BULL-OBS-000984-Z000946-FR","2026-01-02T12:05:00.0000000",985,"Tracked","Short","FailureReverse","FailureReverse_ObservationInvalidated",20,"WeakLT50",46.00,"QLT50","20260102-0850-BullFVG-000946","BullFVG","SecondTouch",1,5.25,"RiskLE8_5",0,"NearestStructure",0,"RR_LT_1_0","Midday","","",False,"",0,0,25694.75,25700.00,"FailureReverseResearch|FailureSourceSignalID=20260102-1200-BULL-OBS-000984-Z000946|FailureSource=BullFVG|FailureSourceZoneFreshness=SecondTouch|UnknownRegimeZoneTouch|RegimeUnknown"
"OPF-20260725-161545","OPF_0.1","OPF_RESEARCH_2.17","MNQ_0.1","MNQ_1Contract_Target150_200","OPF_PROFILE_0.1","20260102-1200-BULL-OBS-000984-Z000946-FR","2026-01-02T12:05:00.0000000",985,"Tracked","Short","FailureReverse","FailureReverse_ObservationInvalidated_WideStop1_5R",20,"WeakLT50",46.00,"QLT50","20260102-0850-BullFVG-000946","BullFVG","SecondTouch",1,7.88,"RiskLE8_5",0,"NearestStructure",0,"RR_LT_1_0","Midday","","",False,"",0,0,25694.75,25702.63,"FailureReverseResearch|FailureSourceSignalID=20260102-1200-BULL-OBS-000984-Z000946|FailureSource=BullFVG|FailureSourceZoneFreshness=SecondTouch|UnknownRegimeZoneTouch|RegimeUnknown"
"OPF-20260725-161545","OPF_0.1","OPF_RESEARCH_2.17","MNQ_0.1","MNQ_1Contract_Target150_200","OPF_PROFILE_0.1","20260102-1205-BEAR-OBS-000985-Z000985","2026-01-02T12:05:00.0000000",985,"Tracked","Short","TrendPullback","ZoneBirthResearch",10,"WeakLT50",45.00,"QLT50","20260102-1205-BearFVG-000985","BearFVG","Fresh",0,22.50,"RiskGT15",0,"NearestStructure",0,"RR_LT_1_0","Midday","","",False,"",0,0,25694.75,25717.25,"ObservationResearch|ZoneJustCreated|Regime=Unknown"
"OPF-20260725-161545","OPF_0.1","OPF_RESEARCH_2.17","MNQ_0.1","MNQ_1Contract_Target150_200","OPF_PROFILE_0.1","20260102-1205-BEAR-OBS-000985-Z000985-OC","2026-01-02T12:10:00.0000000",986,"Tracked","Short","TrendPullback","ObservationConfirm",10,"WeakLT50",56.00,"Q50_69","20260102-1205-BearFVG-000985","BearFVG","Fresh",0,25.50,"RiskGT15",38.25,"ObservationConfirmTargetR:1.5",1.5,"RR_GE_1_5","Midday","","",False,"",0,0,25691.75,25717.25,"ObservationResearch|ZoneJustCreated|Regime=Unknown|ObservationConfirmResearch|ZoneBirthResearch|ReclaimZoneLow"
"OPF-20260725-161545","OPF_0.1","OPF_RESEARCH_2.17","MNQ_0.1","MNQ_1Contract_Target150_200","OPF_PROFILE_0.1","20260102-1205-BEAR-OBS-000985-Z000985-OC","2026-01-02T12:10:00.0000000",986,"Tracked","Short","TrendPullback","ObservationConfirm_WideStop1_5R",10,"WeakLT50",56.00,"Q50_69","20260102-1205-BearFVG-000985","BearFVG","Fresh",0,38.25,"RiskGT15",0,"NearestStructure",0,"RR_LT_1_0","Midday","","",False,"",0,0,25691.75,25730.00,"ObservationResearch|ZoneJustCreated|Regime=Unknown|ObservationConfirmResearch|ZoneBirthResearch|ReclaimZoneLow"
"OPF-20260725-161545","OPF_0.1","OPF_RESEARCH_2.17","MNQ_0.1","MNQ_1Contract_Target150_200","OPF_PROFILE_0.1","20260102-1205-BEAR-OBS-000985-Z000985-OC-STR","2026-01-02T12:10:00.0000000",986,"Tracked","Short","TrendPullback","ObservationStrict_Other",10,"WeakLT50",56.00,"Q50_69","20260102-1205-BearFVG-000985","BearFVG","Fresh",0,25.50,"RiskGT15",0,"NearestStructure",0,"RR_LT_1_0","Midday","","",False,"",0,0,25691.75,25717.25,"ObservationResearch|ZoneJustCreated|Regime=Unknown|ObservationConfirmResearch|ZoneBirthResearch|ReclaimZoneLow|ObservationConfirmStrictResearch|ObservationStrict_Other|ZoneBirthResearch|ReclaimZoneLow"
"OPF-20260725-161545","OPF_0.1","OPF_RESEARCH_2.17","MNQ_0.1","MNQ_1Contract_Target150_200","OPF_PROFILE_0.1","20260102-1205-BEAR-OBS-000985-Z000985-OC-STR","2026-01-02T12:10:00.0000000",986,"Tracked","Short","TrendPullback","ObservationStrict_Other_WideStop1_5R",10,"WeakLT50",56.00,"Q50_69","20260102-1205-BearFVG-000985","BearFVG","Fresh",0,38.25,"RiskGT15",0,"NearestStructure",0,"RR_LT_1_0","Midday","","",False,"",0,0,25691.75,25730.00,"ObservationResearch|ZoneJustCreated|Regime=Unknown|ObservationConfirmResearch|ZoneBirthResearch|ReclaimZoneLow|ObservationConfirmStrictResearch|ObservationStrict_Other|ZoneBirthResearch|ReclaimZoneLow"
"OPF-20260725-161545","OPF_0.1","OPF_RESEARCH_2.17","MNQ_0.1","MNQ_1Contract_Target150_200","OPF_PROFILE_0.1","20260102-1210-BEAR-OBS-000986-Z000986","2026-01-02T12:10:00.0000000",986,"Tracked","Short","TrendPullback","ZoneBirthResearch",10,"WeakLT50",41.00,"QLT50","20260102-1210-BearFVG-000986","BearFVG","Fresh",0,6.50,"RiskLE8_5",0,"NearestStructure",0,"RR_LT_1_0","Midday","","",False,"",0,0,25691.75,25698.25,"ObservationResearch|ZoneJustCreated|Regime=Unknown"
"OPF-20260725-161545","OPF_0.1","OPF_RESEARCH_2.17","MNQ_0.1","MNQ_1Contract_Target150_200","OPF_PROFILE_0.1","20260102-1210-BEAR-OBS-000986-Z000986-FR","2026-01-02T12:15:00.0000000",987,"Tracked","Long","FailureReverse","FailureReverse_ObservationInvalidated",10,"WeakLT50",50.00,"Q50_69","20260102-1210-BearFVG-000986","BearFVG","Fresh",0,3.75,"RiskLE8_5",8.00,"NearestStructure",2.1333,"RR_GE_1_5","Midday","","",False,"",0,0,25698.25,25694.50,"FailureReverseResearch|FailureSourceSignalID=20260102-1210-BEAR-OBS-000986-Z000986|FailureSource=BearFVG|FailureSourceZoneFreshness=Fresh|ZoneBirthResearch|ZoneJustCreated"
"OPF-20260725-161545","OPF_0.1","OPF_RESEARCH_2.17","MNQ_0.1","MNQ_1Contract_Target150_200","OPF_PROFILE_0.1","20260102-1210-BEAR-OBS-000986-Z000986-FR","2026-01-02T12:15:00.0000000",987,"Tracked","Long","FailureReverse","FailureReverse_ObservationInvalidated_WideStop1_5R",10,"WeakLT50",50.00,"Q50_69","20260102-1210-BearFVG-000986","BearFVG","Fresh",0,5.62,"RiskLE8_5",8.00,"NearestStructure",1.4235,"RR_GE_1_2","Midday","","",False,"",0,0,25698.25,25692.63,"FailureReverseResearch|FailureSourceSignalID=20260102-1210-BEAR-OBS-000986-Z000986|FailureSource=BearFVG|FailureSourceZoneFreshness=Fresh|ZoneBirthResearch|ZoneJustCreated"
"OPF-20260725-161545","OPF_0.1","OPF_RESEARCH_2.17","MNQ_0.1","MNQ_1Contract_Target150_200","OPF_PROFILE_0.1","20260102-1210-BEAR-OBS-000986-Z000986-FR-LQ","2026-01-02T12:15:00.0000000",987,"Tracked","Long","FailureReverse","FailureReverse_LongQualified",10,"WeakLT50",50.00,"Q50_69","20260102-1210-BearFVG-000986","BearFVG","Fresh",0,3.75,"RiskLE8_5",5.62,"FailureLongQualifiedTargetR:1.5",1.4987,"RR_GE_1_2","Midday","","",False,"",0,0,25698.25,25694.50,"FailureReverseResearch|FailureSourceSignalID=20260102-1210-BEAR-OBS-000986-Z000986|FailureSource=BearFVG|FailureSourceZoneFreshness=Fresh|ZoneBirthResearch|ZoneJustCreated|FailureReverseLongQualified|Risk=3.75|HeatR=1.73"
"OPF-20260725-161545","OPF_0.1","OPF_RESEARCH_2.17","MNQ_0.1","MNQ_1Contract_Target150_200","OPF_PROFILE_0.1","20260102-1120-BEAR-OBS-000976-Z000976","2026-01-02T12:20:00.0000000",988,"Outcome","Short","TrendPullback","ZoneBirthResearch",30,"WeakLT50",41.00,"QLT50","20260102-1120-BearFVG-000976","BearFVG","Fresh",0,10.50,"RiskLE11",0.50,"NearestStructure",0.0476,"RR_LT_1_0","Midday","Excellent","ResearchWindowEnd",False,"",0,0,25721.75,25732.25,"ObservationResearch|ZoneJustCreated|Regime=Unknown"
"OPF-20260725-161545","OPF_0.1","OPF_RESEARCH_2.17","MNQ_0.1","MNQ_1Contract_Target150_200","OPF_PROFILE_0.1","20260102-1120-BULL-OBS-000976-Z000969","2026-01-02T12:20:00.0000000",988,"Outcome","Long","TrendPullback","UnknownRegimeZoneTouch",60,"Weak50_69",50.00,"Q50_69","20260102-1045-BullFVG-000969","BullFVG","SecondTouch",1,3.75,"RiskLE8_5",0.50,"NearestStructure",0.1333,"RR_LT_1_0","Midday","Catastrophic","ResearchWindowEnd",False,"",0,0,25721.75,25718.00,"ObservationResearch|RegimeUnknown|Regime=Unknown"
"OPF-20260725-161545","OPF_0.1","OPF_RESEARCH_2.17","MNQ_0.1","MNQ_1Contract_Target150_200","OPF_PROFILE_0.1","20260102-1200-BULL-OBS-000984-Z000946-FR-RT","2026-01-02T12:20:00.0000000",988,"Tracked","Short","FailureReverse","FailureReverse_RetestFailed",20,"WeakLT50",56.00,"Q50_69","20260102-0850-BullFVG-000946","BullFVG","SecondTouch",1,11.25,"RiskLE15",13.50,"FailureRetestMin1_2R",1.2,"RR_GE_1_2","Midday","","",False,"",0,0,25688.75,25700.00,"FailureReverseResearch|FailureSourceSignalID=20260102-1200-BULL-OBS-000984-Z000946|FailureSource=BullFVG|FailureSourceZoneFreshness=SecondTouch|UnknownRegimeZoneTouch|RegimeUnknown|FailureRetestFailedTriggered|ReclaimZoneLow"
"OPF-20260725-161545","OPF_0.1","OPF_RESEARCH_2.17","MNQ_0.1","MNQ_1Contract_Target150_200","OPF_PROFILE_0.1","20260102-1200-BULL-OBS-000984-Z000946-FR-RT","2026-01-02T12:20:00.0000000",988,"Tracked","Short","FailureReverse","FailureReverse_RetestFailed_WideStop1_5R",20,"WeakLT50",56.00,"Q50_69","20260102-0850-BullFVG-000946","BullFVG","SecondTouch",1,16.88,"RiskGT15",8.50,"NearestStructure",0.5036,"RR_LT_1_0","Midday","","",False,"",0,0,25688.75,25705.63,"FailureReverseResearch|FailureSourceSignalID=20260102-1200-BULL-OBS-000984-Z000946|FailureSource=BullFVG|FailureSourceZoneFreshness=SecondTouch|UnknownRegimeZoneTouch|RegimeUnknown|FailureRetestFailedTriggered|ReclaimZoneLow"
"OPF-20260725-161545","OPF_0.1","OPF_RESEARCH_2.17","MNQ_0.1","MNQ_1Contract_Target150_200","OPF_PROFILE_0.1","20260102-1120-BULL-OBS-000976-Z000969-FR","2026-01-02T12:25:00.0000000",989,"Outcome","Short","FailureReverse","FailureReverse_ObservationInvalidated_WideStop1_5R",60,"Weak50_69",62.00,"Q50_69","20260102-1045-BullFVG-000969","BullFVG","SecondTouch",1,8.25,"RiskLE8_5",3.00,"NearestStructure",0.3636,"RR_LT_1_0","Midday","Catastrophic","ResearchWindowEnd",False,"",0,0,25716.75,25725.00,"FailureReverseResearch|FailureSourceSignalID=20260102-1120-BULL-OBS-000976-Z000969|FailureSource=BullFVG|FailureSourceZoneFreshness=SecondTouch|UnknownRegimeZoneTouch|RegimeUnknown"
"OPF-20260725-161545","OPF_0.1","OPF_RESEARCH_2.17","MNQ_0.1","MNQ_1Contract_Target150_200","OPF_PROFILE_0.1","20260102-1120-BULL-OBS-000976-Z000969-FR","2026-01-02T12:25:00.0000000",989,"Outcome","Short","FailureReverse","FailureReverse_ObservationInvalidated",60,"Weak50_69",62.00,"Q50_69","20260102-1045-BullFVG-000969","BullFVG","SecondTouch",1,5.50,"RiskLE8_5",3.00,"NearestStructure",0.5455,"RR_LT_1_0","Midday","Catastrophic","ResearchWindowEnd",False,"",0,0,25716.75,25722.25,"FailureReverseResearch|FailureSourceSignalID=20260102-1120-BULL-OBS-000976-Z000969|FailureSource=BullFVG|FailureSourceZoneFreshness=SecondTouch|UnknownRegimeZoneTouch|RegimeUnknown"
"OPF-20260725-161545","OPF_0.1","OPF_RESEARCH_2.17","MNQ_0.1","MNQ_1Contract_Target150_200","OPF_PROFILE_0.1","20260102-1120-BEAR-OBS-000976-Z000976-OC-STR","2026-01-02T12:25:00.0000000",989,"Outcome","Short","TrendPullback","ObservationStrict_Other_WideStop1_5R",30,"WeakLT50",60.00,"Q50_69","20260102-1120-BearFVG-000976","BearFVG","Fresh",0,23.25,"RiskGT15",3.00,"NearestStructure",0.1290,"RR_LT_1_0","Midday","Good","ResearchWindowEnd",False,"",0,0,25716.75,25740.00,"ObservationResearch|ZoneJustCreated|Regime=Unknown|ObservationConfirmResearch|ZoneBirthResearch|ReclaimZoneLow|ObservationConfirmStrictResearch|ObservationStrict_Other|ZoneBirthResearch|ReclaimZoneLow"
"OPF-20260725-161545","OPF_0.1","OPF_RESEARCH_2.17","MNQ_0.1","MNQ_1Contract_Target150_200","OPF_PROFILE_0.1","20260102-1120-BEAR-OBS-000976-Z000976-OC-STR","2026-01-02T12:25:00.0000000",989,"Outcome","Short","TrendPullback","ObservationStrict_Other",30,"WeakLT50",60.00,"Q50_69","20260102-1120-BearFVG-000976","BearFVG","Fresh",0,15.50,"RiskGT15",3.00,"NearestStructure",0.1935,"RR_LT_1_0","Midday","Excellent","ResearchWindowEnd",False,"",0,0,25716.75,25732.25,"ObservationResearch|ZoneJustCreated|Regime=Unknown|ObservationConfirmResearch|ZoneBirthResearch|ReclaimZoneLow|ObservationConfirmStrictResearch|ObservationStrict_Other|ZoneBirthResearch|ReclaimZoneLow"
"OPF-20260725-161545","OPF_0.1","OPF_RESEARCH_2.17","MNQ_0.1","MNQ_1Contract_Target150_200","OPF_PROFILE_0.1","20260102-1120-BEAR-OBS-000976-Z000976-OC","2026-01-02T12:25:00.0000000",989,"Outcome","Short","TrendPullback","ObservationConfirm_WideStop1_5R",30,"WeakLT50",60.00,"Q50_69","20260102-1120-BearFVG-000976","BearFVG","Fresh",0,23.25,"RiskGT15",3.00,"NearestStructure",0.1290,"RR_LT_1_0","Midday","Good","ResearchWindowEnd",False,"",0,0,25716.75,25740.00,"ObservationResearch|ZoneJustCreated|Regime=Unknown|ObservationConfirmResearch|ZoneBirthResearch|ReclaimZoneLow"
"OPF-20260725-161545","OPF_0.1","OPF_RESEARCH_2.17","MNQ_0.1","MNQ_1Contract_Target150_200","OPF_PROFILE_0.1","20260102-1120-BEAR-OBS-000976-Z000976-OC","2026-01-02T12:25:00.0000000",989,"Outcome","Short","TrendPullback","ObservationConfirm",30,"WeakLT50",60.00,"Q50_69","20260102-1120-BearFVG-000976","BearFVG","Fresh",0,15.50,"RiskGT15",23.25,"ObservationConfirmTargetR:1.5",1.5,"RR_GE_1_5","Midday","Excellent","ResearchWindowEnd",False,"",0,0,25716.75,25732.25,"ObservationResearch|ZoneJustCreated|Regime=Unknown|ObservationConfirmResearch|ZoneBirthResearch|ReclaimZoneLow"
"OPF-20260725-161545","OPF_0.1","OPF_RESEARCH_2.17","MNQ_0.1","MNQ_1Contract_Target150_200","OPF_PROFILE_0.1","20260102-1135-BEAR-OBS-000979-Z000976","2026-01-02T12:35:00.0000000",991,"Outcome","Short","TrendPullback","UnknownRegimeZoneTouch",30,"WeakLT50",41.00,"QLT50","20260102-1120-BearFVG-000976","BearFVG","SecondTouch",1,10.00,"RiskLE11",1.00,"NearestStructure",0.1,"RR_LT_1_0","Midday","Excellent","ResearchWindowEnd",False,"",0,0,25722.25,25732.25,"ObservationResearch|RegimeUnknown|Regime=Unknown"
"OPF-20260725-161545","OPF_0.1","OPF_RESEARCH_2.17","MNQ_0.1","MNQ_1Contract_Target150_200","OPF_PROFILE_0.1","20260102-1210-BEAR-OBS-000986-Z000986-FR-RT","2026-01-02T12:40:00.0000000",992,"Tracked","Long","FailureReverse","FailureReverse_RetestFailed",10,"WeakLT50",60.00,"Q50_69","20260102-1210-BearFVG-000986","BearFVG","Fresh",0,8.75,"RiskLE11",10.50,"FailureRetestMin1_2R",1.2,"RR_GE_1_2","Midday","","",False,"",0,0,25703.25,25694.50,"FailureReverseResearch|FailureSourceSignalID=20260102-1210-BEAR-OBS-000986-Z000986|FailureSource=BearFVG|FailureSourceZoneFreshness=Fresh|ZoneBirthResearch|ZoneJustCreated|FailureRetestFailedTriggered|ReclaimZoneHigh"
"OPF-20260725-161545","OPF_0.1","OPF_RESEARCH_2.17","MNQ_0.1","MNQ_1Contract_Target150_200","OPF_PROFILE_0.1","20260102-1210-BEAR-OBS-000986-Z000986-FR-RT","2026-01-02T12:40:00.0000000",992,"Tracked","Long","FailureReverse","FailureReverse_RetestFailed_WideStop1_5R",10,"WeakLT50",60.00,"Q50_69","20260102-1210-BearFVG-000986","BearFVG","Fresh",0,13.12,"RiskLE15",1.00,"NearestStructure",0.0762,"RR_LT_1_0","Midday","","",False,"",0,0,25703.25,25690.13,"FailureReverseResearch|FailureSourceSignalID=20260102-1210-BEAR-OBS-000986-Z000986|FailureSource=BearFVG|FailureSourceZoneFreshness=Fresh|ZoneBirthResearch|ZoneJustCreated|FailureRetestFailedTriggered|ReclaimZoneHigh"
"OPF-20260725-161545","OPF_0.1","OPF_RESEARCH_2.17","MNQ_0.1","MNQ_1Contract_Target150_200","OPF_PROFILE_0.1","20260102-1245-BULL-OBS-000993-Z000993","2026-01-02T12:45:00.0000000",993,"Tracked","Long","TrendPullback","ZoneBirthResearch",50,"Weak50_69",55.00,"Q50_69","20260102-1245-BullFVG-000993","BullFVG","Fresh",0,3.50,"RiskLE8_5",0.25,"NearestStructure",0.0714,"RR_LT_1_0","Midday","","",False,"",0,0,25699.25,25695.75,"ObservationResearch|ZoneJustCreated|Regime=Unknown"
"OPF-20260725-161545","OPF_0.1","OPF_RESEARCH_2.17","MNQ_0.1","MNQ_1Contract_Target150_200","OPF_PROFILE_0.1","20260102-1120-BULL-OBS-000976-Z000969-FR-RT","2026-01-02T12:50:00.0000000",994,"Outcome","Short","FailureReverse","FailureReverse_RetestFailed_WideStop1_5R",60,"Weak50_69",72.00,"Q70_79","20260102-1045-BullFVG-000969","BullFVG","SecondTouch",1,0.75,"RiskLE8_5",0.50,"NearestStructure",0.6667,"RR_LT_1_0","Midday","Catastrophic","ResearchWindowEnd",False,"",0,0,25721.75,25722.50,"FailureReverseResearch|FailureSourceSignalID=20260102-1120-BULL-OBS-000976-Z000969|FailureSource=BullFVG|FailureSourceZoneFreshness=SecondTouch|UnknownRegimeZoneTouch|RegimeUnknown|FailureRetestFailedTriggered|BreakPrevLow"
"OPF-20260725-161545","OPF_0.1","OPF_RESEARCH_2.17","MNQ_0.1","MNQ_1Contract_Target150_200","OPF_PROFILE_0.1","20260102-1120-BULL-OBS-000976-Z000969-FR-RT","2026-01-02T12:50:00.0000000",994,"Outcome","Short","FailureReverse","FailureReverse_RetestFailed",60,"Weak50_69",72.00,"Q70_79","20260102-1045-BullFVG-000969","BullFVG","SecondTouch",1,0.50,"RiskLE8_5",0.60,"FailureRetestMin1_2R",1.2,"RR_GE_1_2","Midday","Catastrophic","ResearchWindowEnd",False,"",0,0,25721.75,25722.25,"FailureReverseResearch|FailureSourceSignalID=20260102-1120-BULL-OBS-000976-Z000969|FailureSource=BullFVG|FailureSourceZoneFreshness=SecondTouch|UnknownRegimeZoneTouch|RegimeUnknown|FailureRetestFailedTriggered|BreakPrevLow"
"OPF-20260725-161545","OPF_0.1","OPF_RESEARCH_2.17","MNQ_0.1","MNQ_1Contract_Target150_200","OPF_PROFILE_0.1","20260102-1135-BEAR-OBS-000979-Z000976-OC","2026-01-02T12:50:00.0000000",994,"Outcome","Short","TrendPullback","ObservationConfirm_WideStop1_5R",30,"WeakLT50",56.00,"Q50_69","20260102-1120-BearFVG-000976","BearFVG","SecondTouch",1,15.75,"RiskGT15",0.50,"NearestStructure",0.0317,"RR_LT_1_0","Midday","Excellent","ResearchWindowEnd",False,"",0,0,25721.75,25737.50,"ObservationResearch|RegimeUnknown|Regime=Unknown|ObservationConfirmResearch|UnknownRegimeZoneTouch|ReclaimZoneLow"
"OPF-20260725-161545","OPF_0.1","OPF_RESEARCH_2.17","MNQ_0.1","MNQ_1Contract_Target150_200","OPF_PROFILE_0.1","20260102-1135-BEAR-OBS-000979-Z000976-OC","2026-01-02T12:50:00.0000000",994,"Outcome","Short","TrendPullback","ObservationConfirm",30,"WeakLT50",56.00,"Q50_69","20260102-1120-BearFVG-000976","BearFVG","SecondTouch",1,10.50,"RiskLE11",15.75,"ObservationConfirmTargetR:1.5",1.5,"RR_GE_1_5","Midday","Excellent","ResearchWindowEnd",False,"",0,0,25721.75,25732.25,"ObservationResearch|RegimeUnknown|Regime=Unknown|ObservationConfirmResearch|UnknownRegimeZoneTouch|ReclaimZoneLow"
"OPF-20260725-161545","OPF_0.1","OPF_RESEARCH_2.17","MNQ_0.1","MNQ_1Contract_Target150_200","OPF_PROFILE_0.1","20260102-1245-BULL-OBS-000993-Z000993-OC","2026-01-02T12:50:00.0000000",994,"Tracked","Long","TrendPullback","ObservationConfirm",50,"Weak50_69",73.00,"Q70_79","20260102-1245-BullFVG-000993","BullFVG","Fresh",0,2.75,"RiskLE8_5",4.12,"ObservationConfirmTargetR:1.5",1.4982,"RR_GE_1_2","Midday","","",False,"",0,0,25698.50,25695.75,"ObservationResearch|ZoneJustCreated|Regime=Unknown|ObservationConfirmResearch|ZoneBirthResearch|ReclaimZoneHigh"
"OPF-20260725-161545","OPF_0.1","OPF_RESEARCH_2.17","MNQ_0.1","MNQ_1Contract_Target150_200","OPF_PROFILE_0.1","20260102-1245-BULL-OBS-000993-Z000993-OC","2026-01-02T12:50:00.0000000",994,"Tracked","Long","TrendPullback","ObservationConfirm_WideStop1_5R",50,"Weak50_69",73.00,"Q70_79","20260102-1245-BullFVG-000993","BullFVG","Fresh",0,4.12,"RiskLE8_5",1.00,"NearestStructure",0.2427,"RR_LT_1_0","Midday","","",False,"",0,0,25698.50,25694.38,"ObservationResearch|ZoneJustCreated|Regime=Unknown|ObservationConfirmResearch|ZoneBirthResearch|ReclaimZoneHigh"
"OPF-20260725-161545","OPF_0.1","OPF_RESEARCH_2.17","MNQ_0.1","MNQ_1Contract_Target150_200","OPF_PROFILE_0.1","20260102-1250-BULL-OBS-000994-Z000993","2026-01-02T12:50:00.0000000",994,"Tracked","Long","TrendPullback","UnknownRegimeZoneTouch",20,"WeakLT50",30.00,"QLT50","20260102-1245-BullFVG-000993","BullFVG","SecondTouch",1,2.75,"RiskLE8_5",1.00,"NearestStructure",0.3636,"RR_LT_1_0","Midday","","",False,"",0,0,25698.50,25695.75,"ObservationResearch|RegimeUnknown|Regime=Unknown"
"OPF-20260725-161545","OPF_0.1","OPF_RESEARCH_2.17","MNQ_0.1","MNQ_1Contract_Target150_200","OPF_PROFILE_0.1","20260102-1250-BULL-OBS-000994-Z000993-OC","2026-01-02T12:55:00.0000000",995,"Tracked","Long","TrendPullback","ObservationConfirm",20,"WeakLT50",52.00,"Q50_69","20260102-1245-BullFVG-000993","BullFVG","SecondTouch",1,7.25,"RiskLE8_5",10.88,"ObservationConfirmTargetR:1.5",1.5007,"RR_GE_1_5","Midday","","",False,"",0,0,25703.00,25695.75,"ObservationResearch|RegimeUnknown|Regime=Unknown|ObservationConfirmResearch|UnknownRegimeZoneTouch|ReclaimZoneHigh"
"OPF-20260725-161545","OPF_0.1","OPF_RESEARCH_2.17","MNQ_0.1","MNQ_1Contract_Target150_200","OPF_PROFILE_0.1","20260102-1250-BULL-OBS-000994-Z000993-OC","2026-01-02T12:55:00.0000000",995,"Tracked","Long","TrendPullback","ObservationConfirm_WideStop1_5R",20,"WeakLT50",52.00,"Q50_69","20260102-1245-BullFVG-000993","BullFVG","SecondTouch",1,10.88,"RiskLE11",0.25,"NearestStructure",0.0230,"RR_LT_1_0","Midday","","",False,"",0,0,25703.00,25692.12,"ObservationResearch|RegimeUnknown|Regime=Unknown|ObservationConfirmResearch|UnknownRegimeZoneTouch|ReclaimZoneHigh"
"OPF-20260725-161545","OPF_0.1","OPF_RESEARCH_2.17","MNQ_0.1","MNQ_1Contract_Target150_200","OPF_PROFILE_0.1","20260102-1200-BULL-OBS-000984-Z000946","2026-01-02T13:00:00.0000000",996,"Outcome","Long","TrendPullback","UnknownRegimeZoneTouch",20,"WeakLT50",31.00,"QLT50","20260102-0850-BullFVG-000946","BullFVG","SecondTouch",1,6.75,"RiskLE8_5",1.25,"NearestStructure",0.1852,"RR_LT_1_0","Midday","Catastrophic","ResearchWindowEnd",False,"",0,0,25702.00,25695.25,"ObservationResearch|RegimeUnknown|Regime=Unknown"
"OPF-20260725-161545","OPF_0.1","OPF_RESEARCH_2.17","MNQ_0.1","MNQ_1Contract_Target150_200","OPF_PROFILE_0.1","20260102-1205-BEAR-OBS-000985-Z000985","2026-01-02T13:05:00.0000000",997,"Outcome","Short","TrendPullback","ZoneBirthResearch",10,"WeakLT50",45.00,"QLT50","20260102-1205-BearFVG-000985","BearFVG","Fresh",0,22.50,"RiskGT15",0.50,"NearestStructure",0.0222,"RR_LT_1_0","Midday","Scratch","ResearchWindowEnd",False,"",0,0,25694.75,25717.25,"ObservationResearch|ZoneJustCreated|Regime=Unknown"
"OPF-20260725-161545","OPF_0.1","OPF_RESEARCH_2.17","MNQ_0.1","MNQ_1Contract_Target150_200","OPF_PROFILE_0.1","20260102-1200-BULL-OBS-000984-Z000946-FR","2026-01-02T13:05:00.0000000",997,"Outcome","Short","FailureReverse","FailureReverse_ObservationInvalidated_WideStop1_5R",20,"WeakLT50",46.00,"QLT50","20260102-0850-BullFVG-000946","BullFVG","SecondTouch",1,7.88,"RiskLE8_5",0.50,"NearestStructure",0.0635,"RR_LT_1_0","Midday","Good","ResearchWindowEnd",False,"",0,0,25694.75,25702.63,"FailureReverseResearch|FailureSourceSignalID=20260102-1200-BULL-OBS-000984-Z000946|FailureSource=BullFVG|FailureSourceZoneFreshness=SecondTouch|UnknownRegimeZoneTouch|RegimeUnknown"
"OPF-20260725-161545","OPF_0.1","OPF_RESEARCH_2.17","MNQ_0.1","MNQ_1Contract_Target150_200","OPF_PROFILE_0.1","20260102-1200-BULL-OBS-000984-Z000946-FR","2026-01-02T13:05:00.0000000",997,"Outcome","Short","FailureReverse","FailureReverse_ObservationInvalidated",20,"WeakLT50",46.00,"QLT50","20260102-0850-BullFVG-000946","BullFVG","SecondTouch",1,5.25,"RiskLE8_5",0.50,"NearestStructure",0.0952,"RR_LT_1_0","Midday","Excellent","ResearchWindowEnd",False,"",0,0,25694.75,25700.00,"FailureReverseResearch|FailureSourceSignalID=20260102-1200-BULL-OBS-000984-Z000946|FailureSource=BullFVG|FailureSourceZoneFreshness=SecondTouch|UnknownRegimeZoneTouch|RegimeUnknown"
"OPF-20260725-161545","OPF_0.1","OPF_RESEARCH_2.17","MNQ_0.1","MNQ_1Contract_Target150_200","OPF_PROFILE_0.1","20260102-1305-BEAR-OBS-000997-Z000985","2026-01-02T13:05:00.0000000",997,"Tracked","Short","TrendPullback","UnknownRegimeZoneTouch",0,"WeakLT50",37.00,"QLT50","20260102-1205-BearFVG-000985","BearFVG","SecondTouch",1,17.75,"RiskGT15",1.50,"NearestStructure",0.0845,"RR_LT_1_0","Midday","","",False,"",0,0,25699.50,25717.25,"ObservationResearch|RegimeUnknown|Regime=Unknown"
"OPF-20260725-161545","OPF_0.1","OPF_RESEARCH_2.17","MNQ_0.1","MNQ_1Contract_Target150_200","OPF_PROFILE_0.1","20260102-1210-BEAR-OBS-000986-Z000986","2026-01-02T13:10:00.0000000",998,"Outcome","Short","TrendPullback","ZoneBirthResearch",10,"WeakLT50",41.00,"QLT50","20260102-1210-BearFVG-000986","BearFVG","Fresh",0,6.50,"RiskLE8_5",2.75,"NearestStructure",0.4231,"RR_LT_1_0","Midday","Catastrophic","ResearchWindowEnd",False,"",0,0,25691.75,25698.25,"ObservationResearch|ZoneJustCreated|Regime=Unknown"
"OPF-20260725-161545","OPF_0.1","OPF_RESEARCH_2.17","MNQ_0.1","MNQ_1Contract_Target150_200","OPF_PROFILE_0.1","20260102-1205-BEAR-OBS-000985-Z000985-OC-STR","2026-01-02T13:10:00.0000000",998,"Outcome","Short","TrendPullback","ObservationStrict_Other_WideStop1_5R",10,"WeakLT50",56.00,"Q50_69","20260102-1205-BearFVG-000985","BearFVG","Fresh",0,38.25,"RiskGT15",2.75,"NearestStructure",0.0719,"RR_LT_1_0","Midday","Poor","ResearchWindowEnd",False,"",0,0,25691.75,25730.00,"ObservationResearch|ZoneJustCreated|Regime=Unknown|ObservationConfirmResearch|ZoneBirthResearch|ReclaimZoneLow|ObservationConfirmStrictResearch|ObservationStrict_Other|ZoneBirthResearch|ReclaimZoneLow"
"OPF-20260725-161545","OPF_0.1","OPF_RESEARCH_2.17","MNQ_0.1","MNQ_1Contract_Target150_200","OPF_PROFILE_0.1","20260102-1205-BEAR-OBS-000985-Z000985-OC-STR","2026-01-02T13:10:00.0000000",998,"Outcome","Short","TrendPullback","ObservationStrict_Other",10,"WeakLT50",56.00,"Q50_69","20260102-1205-BearFVG-000985","BearFVG","Fresh",0,25.50,"RiskGT15",2.75,"NearestStructure",0.1078,"RR_LT_1_0","Midday","Poor","ResearchWindowEnd",False,"",0,0,25691.75,25717.25,"ObservationResearch|ZoneJustCreated|Regime=Unknown|ObservationConfirmResearch|ZoneBirthResearch|ReclaimZoneLow|ObservationConfirmStrictResearch|ObservationStrict_Other|ZoneBirthResearch|ReclaimZoneLow"
"OPF-20260725-161545","OPF_0.1","OPF_RESEARCH_2.17","MNQ_0.1","MNQ_1Contract_Target150_200","OPF_PROFILE_0.1","20260102-1205-BEAR-OBS-000985-Z000985-OC","2026-01-02T13:10:00.0000000",998,"Outcome","Short","TrendPullback","ObservationConfirm_WideStop1_5R",10,"WeakLT50",56.00,"Q50_69","20260102-1205-BearFVG-000985","BearFVG","Fresh",0,38.25,"RiskGT15",2.75,"NearestStructure",0.0719,"RR_LT_1_0","Midday","Poor","ResearchWindowEnd",False,"",0,0,25691.75,25730.00,"ObservationResearch|ZoneJustCreated|Regime=Unknown|ObservationConfirmResearch|ZoneBirthResearch|ReclaimZoneLow"
"OPF-20260725-161545","OPF_0.1","OPF_RESEARCH_2.17","MNQ_0.1","MNQ_1Contract_Target150_200","OPF_PROFILE_0.1","20260102-1205-BEAR-OBS-000985-Z000985-OC","2026-01-02T13:10:00.0000000",998,"Outcome","Short","TrendPullback","ObservationConfirm",10,"WeakLT50",56.00,"Q50_69","20260102-1205-BearFVG-000985","BearFVG","Fresh",0,25.50,"RiskGT15",38.25,"ObservationConfirmTargetR:1.5",1.5,"RR_GE_1_5","Midday","Poor","ResearchWindowEnd",False,"",0,0,25691.75,25717.25,"ObservationResearch|ZoneJustCreated|Regime=Unknown|ObservationConfirmResearch|ZoneBirthResearch|ReclaimZoneLow"
"OPF-20260725-161545","OPF_0.1","OPF_RESEARCH_2.17","MNQ_0.1","MNQ_1Contract_Target150_200","OPF_PROFILE_0.1","20260102-1305-BEAR-OBS-000997-Z000985-OC","2026-01-02T13:10:00.0000000",998,"Tracked","Short","TrendPullback","ObservationConfirm",0,"WeakLT50",49.00,"QLT50","20260102-1205-BearFVG-000985","BearFVG","SecondTouch",1,15.50,"RiskGT15",23.25,"ObservationConfirmTargetR:1.5",1.5,"RR_GE_1_5","Midday","","",False,"",0,0,25701.75,25717.25,"ObservationResearch|RegimeUnknown|Regime=Unknown|ObservationConfirmResearch|UnknownRegimeZoneTouch|ReclaimZoneLow"
"OPF-20260725-161545","OPF_0.1","OPF_RESEARCH_2.17","MNQ_0.1","MNQ_1Contract_Target150_200","OPF_PROFILE_0.1","20260102-1305-BEAR-OBS-000997-Z000985-OC","2026-01-02T13:10:00.0000000",998,"Tracked","Short","TrendPullback","ObservationConfirm_WideStop1_5R",0,"WeakLT50",49.00,"QLT50","20260102-1205-BearFVG-000985","BearFVG","SecondTouch",1,23.25,"RiskGT15",3.75,"NearestStructure",0.1613,"RR_LT_1_0","Midday","","",False,"",0,0,25701.75,25725.00,"ObservationResearch|RegimeUnknown|Regime=Unknown|ObservationConfirmResearch|UnknownRegimeZoneTouch|ReclaimZoneLow"
"OPF-20260725-161545","OPF_0.1","OPF_RESEARCH_2.17","MNQ_0.1","MNQ_1Contract_Target150_200","OPF_PROFILE_0.1","20260102-1305-BEAR-OBS-000997-Z000985-OC-STR","2026-01-02T13:10:00.0000000",998,"Tracked","Short","TrendPullback","ObservationStrict_Other",0,"WeakLT50",49.00,"QLT50","20260102-1205-BearFVG-000985","BearFVG","SecondTouch",1,15.50,"RiskGT15",3.75,"NearestStructure",0.2419,"RR_LT_1_0","Midday","","",False,"",0,0,25701.75,25717.25,"ObservationResearch|RegimeUnknown|Regime=Unknown|ObservationConfirmResearch|UnknownRegimeZoneTouch|ReclaimZoneLow|ObservationConfirmStrictResearch|ObservationStrict_Other|UnknownRegimeZoneTouch|ReclaimZoneLow"
"OPF-20260725-161545","OPF_0.1","OPF_RESEARCH_2.17","MNQ_0.1","MNQ_1Contract_Target150_200","OPF_PROFILE_0.1","20260102-1305-BEAR-OBS-000997-Z000985-OC-STR","2026-01-02T13:10:00.0000000",998,"Tracked","Short","TrendPullback","ObservationStrict_Other_WideStop1_5R",0,"WeakLT50",49.00,"QLT50","20260102-1205-BearFVG-000985","BearFVG","SecondTouch",1,23.25,"RiskGT15",3.75,"NearestStructure",0.1613,"RR_LT_1_0","Midday","","",False,"",0,0,25701.75,25725.00,"ObservationResearch|RegimeUnknown|Regime=Unknown|ObservationConfirmResearch|UnknownRegimeZoneTouch|ReclaimZoneLow|ObservationConfirmStrictResearch|ObservationStrict_Other|UnknownRegimeZoneTouch|ReclaimZoneLow"
"OPF-20260725-161545","OPF_0.1","OPF_RESEARCH_2.17","MNQ_0.1","MNQ_1Contract_Target150_200","OPF_PROFILE_0.1","20260102-1210-BEAR-OBS-000986-Z000986-FR-LQ","2026-01-02T13:15:00.0000000",999,"Outcome","Long","FailureReverse","FailureReverse_LongQualified",10,"WeakLT50",50.00,"Q50_69","20260102-1210-BearFVG-000986","BearFVG","Fresh",0,3.75,"RiskLE8_5",5.62,"FailureLongQualifiedTargetR:1.5",1.4987,"RR_GE_1_2","Midday","Catastrophic","ResearchWindowEnd",False,"",0,0,25698.25,25694.50,"FailureReverseResearch|FailureSourceSignalID=20260102-1210-BEAR-OBS-000986-Z000986|FailureSource=BearFVG|FailureSourceZoneFreshness=Fresh|ZoneBirthResearch|ZoneJustCreated|FailureReverseLongQualified|Risk=3.75|HeatR=1.73"
"OPF-20260725-161545","OPF_0.1","OPF_RESEARCH_2.17","MNQ_0.1","MNQ_1Contract_Target150_200","OPF_PROFILE_0.1","20260102-1210-BEAR-OBS-000986-Z000986-FR","2026-01-02T13:15:00.0000000",999,"Outcome","Long","FailureReverse","FailureReverse_ObservationInvalidated_WideStop1_5R",10,"WeakLT50",50.00,"Q50_69","20260102-1210-BearFVG-000986","BearFVG","Fresh",0,5.62,"RiskLE8_5",1.25,"NearestStructure",0.2224,"RR_LT_1_0","Midday","Catastrophic","ResearchWindowEnd",False,"",0,0,25698.25,25692.63,"FailureReverseResearch|FailureSourceSignalID=20260102-1210-BEAR-OBS-000986-Z000986|FailureSource=BearFVG|FailureSourceZoneFreshness=Fresh|ZoneBirthResearch|ZoneJustCreated"
"OPF-20260725-161545","OPF_0.1","OPF_RESEARCH_2.17","MNQ_0.1","MNQ_1Contract_Target150_200","OPF_PROFILE_0.1","20260102-1210-BEAR-OBS-000986-Z000986-FR","2026-01-02T13:15:00.0000000",999,"Outcome","Long","FailureReverse","FailureReverse_ObservationInvalidated",10,"WeakLT50",50.00,"Q50_69","20260102-1210-BearFVG-000986","BearFVG","Fresh",0,3.75,"RiskLE8_5",1.25,"NearestStructure",0.3333,"RR_LT_1_0","Midday","Catastrophic","ResearchWindowEnd",False,"",0,0,25698.25,25694.50,"FailureReverseResearch|FailureSourceSignalID=20260102-1210-BEAR-OBS-000986-Z000986|FailureSource=BearFVG|FailureSourceZoneFreshness=Fresh|ZoneBirthResearch|ZoneJustCreated"
"OPF-20260725-161545","OPF_0.1","OPF_RESEARCH_2.17","MNQ_0.1","MNQ_1Contract_Target150_200","OPF_PROFILE_0.1","20260102-1200-BULL-OBS-000984-Z000946-FR-RT","2026-01-02T13:20:00.0000000",1000,"Outcome","Short","FailureReverse","FailureReverse_RetestFailed_WideStop1_5R",20,"WeakLT50",56.00,"Q50_69","20260102-0850-BullFVG-000946","BullFVG","SecondTouch",1,16.88,"RiskGT15",0.25,"NearestStructure",0.0148,"RR_LT_1_0","Midday","Catastrophic","ResearchWindowEnd",False,"",0,0,25688.75,25705.63,"FailureReverseResearch|FailureSourceSignalID=20260102-1200-BULL-OBS-000984-Z000946|FailureSource=BullFVG|FailureSourceZoneFreshness=SecondTouch|UnknownRegimeZoneTouch|RegimeUnknown|FailureRetestFailedTriggered|ReclaimZoneLow"
"OPF-20260725-161545","OPF_0.1","OPF_RESEARCH_2.17","MNQ_0.1","MNQ_1Contract_Target150_200","OPF_PROFILE_0.1","20260102-1200-BULL-OBS-000984-Z000946-FR-RT","2026-01-02T13:20:00.0000000",1000,"Outcome","Short","FailureReverse","FailureReverse_RetestFailed",20,"WeakLT50",56.00,"Q50_69","20260102-0850-BullFVG-000946","BullFVG","SecondTouch",1,11.25,"RiskLE15",13.50,"FailureRetestMin1_2R",1.2,"RR_GE_1_2","Midday","Catastrophic","ResearchWindowEnd",False,"",0,0,25688.75,25700.00,"FailureReverseResearch|FailureSourceSignalID=20260102-1200-BULL-OBS-000984-Z000946|FailureSource=BullFVG|FailureSourceZoneFreshness=SecondTouch|UnknownRegimeZoneTouch|RegimeUnknown|FailureRetestFailedTriggered|ReclaimZoneLow"
"OPF-20260725-161545","OPF_0.1","OPF_RESEARCH_2.17","MNQ_0.1","MNQ_1Contract_Target150_200","OPF_PROFILE_0.1","20260102-1210-BEAR-OBS-000986-Z000986-FR-RT","2026-01-02T13:40:00.0000000",1004,"Outcome","Long","FailureReverse","FailureReverse_RetestFailed_WideStop1_5R",10,"WeakLT50",60.00,"Q50_69","20260102-1210-BearFVG-000986","BearFVG","Fresh",0,13.12,"RiskLE15",1.00,"NearestStructure",0.0762,"RR_LT_1_0","Afternoon","Catastrophic","ResearchWindowEnd",False,"",0,0,25703.25,25690.13,"FailureReverseResearch|FailureSourceSignalID=20260102-1210-BEAR-OBS-000986-Z000986|FailureSource=BearFVG|FailureSourceZoneFreshness=Fresh|ZoneBirthResearch|ZoneJustCreated|FailureRetestFailedTriggered|ReclaimZoneHigh"
"OPF-20260725-161545","OPF_0.1","OPF_RESEARCH_2.17","MNQ_0.1","MNQ_1Contract_Target150_200","OPF_PROFILE_0.1","20260102-1210-BEAR-OBS-000986-Z000986-FR-RT","2026-01-02T13:40:00.0000000",1004,"Outcome","Long","FailureReverse","FailureReverse_RetestFailed",10,"WeakLT50",60.00,"Q50_69","20260102-1210-BearFVG-000986","BearFVG","Fresh",0,8.75,"RiskLE11",10.50,"FailureRetestMin1_2R",1.2,"RR_GE_1_2","Afternoon","Catastrophic","ResearchWindowEnd",False,"",0,0,25703.25,25694.50,"FailureReverseResearch|FailureSourceSignalID=20260102-1210-BEAR-OBS-000986-Z000986|FailureSource=BearFVG|FailureSourceZoneFreshness=Fresh|ZoneBirthResearch|ZoneJustCreated|FailureRetestFailedTriggered|ReclaimZoneHigh"
"OPF-20260725-161545","OPF_0.1","OPF_RESEARCH_2.17","MNQ_0.1","MNQ_1Contract_Target150_200","OPF_PROFILE_0.1","20260102-1245-BULL-OBS-000993-Z000993","2026-01-02T13:45:00.0000000",1005,"Outcome","Long","TrendPullback","ZoneBirthResearch",50,"Weak50_69",55.00,"Q50_69","20260102-1245-BullFVG-000993","BullFVG","Fresh",0,3.50,"RiskLE8_5",0.25,"NearestStructure",0.0714,"RR_LT_1_0","Afternoon","Catastrophic","ResearchWindowEnd",False,"",0,0,25699.25,25695.75,"ObservationResearch|ZoneJustCreated|Regime=Unknown"
"OPF-20260725-161545","OPF_0.1","OPF_RESEARCH_2.17","MNQ_0.1","MNQ_1Contract_Target150_200","OPF_PROFILE_0.1","20260102-1250-BULL-OBS-000994-Z000993","2026-01-02T13:50:00.0000000",1006,"Outcome","Long","TrendPullback","UnknownRegimeZoneTouch",20,"WeakLT50",30.00,"QLT50","20260102-1245-BullFVG-000993","BullFVG","SecondTouch",1,2.75,"RiskLE8_5",1.00,"NearestStructure",0.3636,"RR_LT_1_0","Afternoon","Excellent","ResearchWindowEnd",False,"",0,0,25698.50,25695.75,"ObservationResearch|RegimeUnknown|Regime=Unknown"
"OPF-20260725-161545","OPF_0.1","OPF_RESEARCH_2.17","MNQ_0.1","MNQ_1Contract_Target150_200","OPF_PROFILE_0.1","20260102-1245-BULL-OBS-000993-Z000993-OC","2026-01-02T13:50:00.0000000",1006,"Outcome","Long","TrendPullback","ObservationConfirm_WideStop1_5R",50,"Weak50_69",73.00,"Q70_79","20260102-1245-BullFVG-000993","BullFVG","Fresh",0,4.12,"RiskLE8_5",1.00,"NearestStructure",0.2427,"RR_LT_1_0","Afternoon","Excellent","ResearchWindowEnd",False,"",0,0,25698.50,25694.38,"ObservationResearch|ZoneJustCreated|Regime=Unknown|ObservationConfirmResearch|ZoneBirthResearch|ReclaimZoneHigh"
"OPF-20260725-161545","OPF_0.1","OPF_RESEARCH_2.17","MNQ_0.1","MNQ_1Contract_Target150_200","OPF_PROFILE_0.1","20260102-1245-BULL-OBS-000993-Z000993-OC","2026-01-02T13:50:00.0000000",1006,"Outcome","Long","TrendPullback","ObservationConfirm",50,"Weak50_69",73.00,"Q70_79","20260102-1245-BullFVG-000993","BullFVG","Fresh",0,2.75,"RiskLE8_5",4.12,"ObservationConfirmTargetR:1.5",1.4982,"RR_GE_1_2","Afternoon","Excellent","ResearchWindowEnd",False,"",0,0,25698.50,25695.75,"ObservationResearch|ZoneJustCreated|Regime=Unknown|ObservationConfirmResearch|ZoneBirthResearch|ReclaimZoneHigh"
"OPF-20260725-161545","OPF_0.1","OPF_RESEARCH_2.17","MNQ_0.1","MNQ_1Contract_Target150_200","OPF_PROFILE_0.1","20260102-1250-BULL-OBS-000994-Z000993-OC","2026-01-02T13:55:00.0000000",1007,"Outcome","Long","TrendPullback","ObservationConfirm_WideStop1_5R",20,"WeakLT50",52.00,"Q50_69","20260102-1245-BullFVG-000993","BullFVG","SecondTouch",1,10.88,"RiskLE11",0.25,"NearestStructure",0.0230,"RR_LT_1_0","Afternoon","Catastrophic","ResearchWindowEnd",False,"",0,0,25703.00,25692.12,"ObservationResearch|RegimeUnknown|Regime=Unknown|ObservationConfirmResearch|UnknownRegimeZoneTouch|ReclaimZoneHigh"
"OPF-20260725-161545","OPF_0.1","OPF_RESEARCH_2.17","MNQ_0.1","MNQ_1Contract_Target150_200","OPF_PROFILE_0.1","20260102-1250-BULL-OBS-000994-Z000993-OC","2026-01-02T13:55:00.0000000",1007,"Outcome","Long","TrendPullback","ObservationConfirm",20,"WeakLT50",52.00,"Q50_69","20260102-1245-BullFVG-000993","BullFVG","SecondTouch",1,7.25,"RiskLE8_5",10.88,"ObservationConfirmTargetR:1.5",1.5007,"RR_GE_1_5","Afternoon","Good","ResearchWindowEnd",False,"",0,0,25703.00,25695.75,"ObservationResearch|RegimeUnknown|Regime=Unknown|ObservationConfirmResearch|UnknownRegimeZoneTouch|ReclaimZoneHigh"
"OPF-20260725-161545","OPF_0.1","OPF_RESEARCH_2.17","MNQ_0.1","MNQ_1Contract_Target150_200","OPF_PROFILE_0.1","20260102-1305-BEAR-OBS-000997-Z000985","2026-01-02T14:05:00.0000000",1009,"Outcome","Short","TrendPullback","UnknownRegimeZoneTouch",0,"WeakLT50",37.00,"QLT50","20260102-1205-BearFVG-000985","BearFVG","SecondTouch",1,17.75,"RiskGT15",1.50,"NearestStructure",0.0845,"RR_LT_1_0","Afternoon","Good","ResearchWindowEnd",False,"",0,0,25699.50,25717.25,"ObservationResearch|RegimeUnknown|Regime=Unknown"
"OPF-20260725-161545","OPF_0.1","OPF_RESEARCH_2.17","MNQ_0.1","MNQ_1Contract_Target150_200","OPF_PROFILE_0.1","20260102-1305-BEAR-OBS-000997-Z000985-OC-STR","2026-01-02T14:10:00.0000000",1010,"Outcome","Short","TrendPullback","ObservationStrict_Other_WideStop1_5R",0,"WeakLT50",49.00,"QLT50","20260102-1205-BearFVG-000985","BearFVG","SecondTouch",1,23.25,"RiskGT15",3.75,"NearestStructure",0.1613,"RR_LT_1_0","Afternoon","Good","ResearchWindowEnd",False,"",0,0,25701.75,25725.00,"ObservationResearch|RegimeUnknown|Regime=Unknown|ObservationConfirmResearch|UnknownRegimeZoneTouch|ReclaimZoneLow|ObservationConfirmStrictResearch|ObservationStrict_Other|UnknownRegimeZoneTouch|ReclaimZoneLow"
"OPF-20260725-161545","OPF_0.1","OPF_RESEARCH_2.17","MNQ_0.1","MNQ_1Contract_Target150_200","OPF_PROFILE_0.1","20260102-1305-BEAR-OBS-000997-Z000985-OC-STR","2026-01-02T14:10:00.0000000",1010,"Outcome","Short","TrendPullback","ObservationStrict_Other",0,"WeakLT50",49.00,"QLT50","20260102-1205-BearFVG-000985","BearFVG","SecondTouch",1,15.50,"RiskGT15",3.75,"NearestStructure",0.2419,"RR_LT_1_0","Afternoon","Good","ResearchWindowEnd",False,"",0,0,25701.75,25717.25,"ObservationResearch|RegimeUnknown|Regime=Unknown|ObservationConfirmResearch|UnknownRegimeZoneTouch|ReclaimZoneLow|ObservationConfirmStrictResearch|ObservationStrict_Other|UnknownRegimeZoneTouch|ReclaimZoneLow"
"OPF-20260725-161545","OPF_0.1","OPF_RESEARCH_2.17","MNQ_0.1","MNQ_1Contract_Target150_200","OPF_PROFILE_0.1","20260102-1305-BEAR-OBS-000997-Z000985-OC","2026-01-02T14:10:00.0000000",1010,"Outcome","Short","TrendPullback","ObservationConfirm_WideStop1_5R",0,"WeakLT50",49.00,"QLT50","20260102-1205-BearFVG-000985","BearFVG","SecondTouch",1,23.25,"RiskGT15",3.75,"NearestStructure",0.1613,"RR_LT_1_0","Afternoon","Good","ResearchWindowEnd",False,"",0,0,25701.75,25725.00,"ObservationResearch|RegimeUnknown|Regime=Unknown|ObservationConfirmResearch|UnknownRegimeZoneTouch|ReclaimZoneLow"
"OPF-20260725-161545","OPF_0.1","OPF_RESEARCH_2.17","MNQ_0.1","MNQ_1Contract_Target150_200","OPF_PROFILE_0.1","20260102-1305-BEAR-OBS-000997-Z000985-OC","2026-01-02T14:10:00.0000000",1010,"Outcome","Short","TrendPullback","ObservationConfirm",0,"WeakLT50",49.00,"QLT50","20260102-1205-BearFVG-000985","BearFVG","SecondTouch",1,15.50,"RiskGT15",23.25,"ObservationConfirmTargetR:1.5",1.5,"RR_GE_1_5","Afternoon","Good","ResearchWindowEnd",False,"",0,0,25701.75,25717.25,"ObservationResearch|RegimeUnknown|Regime=Unknown|ObservationConfirmResearch|UnknownRegimeZoneTouch|ReclaimZoneLow"
"OPF-20260725-161545","OPF_0.1","OPF_RESEARCH_2.17","MNQ_0.1","MNQ_1Contract_Target150_200","OPF_PROFILE_0.1","20260102-1415-BEAR-OBS-001011-Z001011","2026-01-02T14:15:00.0000000",1011,"Tracked","Short","TrendPullback","ZoneBirthResearch",50,"Weak50_69",65.00,"Q50_69","20260102-1415-BearFVG-001011","BearFVG","Fresh",0,18.00,"RiskGT15",0,"NearestStructure",0,"RR_LT_1_0","Afternoon","","",False,"",0,0,25669.50,25687.50,"ObservationResearch|ZoneJustCreated|Regime=Unknown"
"OPF-20260725-161545","OPF_0.1","OPF_RESEARCH_2.17","MNQ_0.1","MNQ_1Contract_Target150_200","OPF_PROFILE_0.1","20260102-1415-BEAR-OBS-001011-Z001011-OC","2026-01-02T14:20:00.0000000",1012,"Tracked","Short","TrendPullback","ObservationConfirm",50,"Weak50_69",70.00,"Q70_79","20260102-1415-BearFVG-001011","BearFVG","Fresh",0,10.00,"RiskLE11",15.00,"ObservationConfirmTargetR:1.5",1.5,"RR_GE_1_5","Afternoon","","",False,"",0,0,25677.50,25687.50,"ObservationResearch|ZoneJustCreated|Regime=Unknown|ObservationConfirmResearch|ZoneBirthResearch|ReclaimZoneLow"
"OPF-20260725-161545","OPF_0.1","OPF_RESEARCH_2.17","MNQ_0.1","MNQ_1Contract_Target150_200","OPF_PROFILE_0.1","20260102-1415-BEAR-OBS-001011-Z001011-OC","2026-01-02T14:20:00.0000000",1012,"Tracked","Short","TrendPullback","ObservationConfirm_WideStop1_5R",50,"Weak50_69",70.00,"Q70_79","20260102-1415-BearFVG-001011","BearFVG","Fresh",0,15.00,"RiskLE15",5.50,"NearestStructure",0.3667,"RR_LT_1_0","Afternoon","","",False,"",0,0,25677.50,25692.50,"ObservationResearch|ZoneJustCreated|Regime=Unknown|ObservationConfirmResearch|ZoneBirthResearch|ReclaimZoneLow"
"OPF-20260725-161545","OPF_0.1","OPF_RESEARCH_2.17","MNQ_0.1","MNQ_1Contract_Target150_200","OPF_PROFILE_0.1","20260102-1415-BEAR-OBS-001011-Z001011-OC-STR","2026-01-02T14:20:00.0000000",1012,"Tracked","Short","TrendPullback","ObservationStrict_Other",50,"Weak50_69",70.00,"Q70_79","20260102-1415-BearFVG-001011","BearFVG","Fresh",0,10.00,"RiskLE11",5.50,"NearestStructure",0.55,"RR_LT_1_0","Afternoon","","",False,"",0,0,25677.50,25687.50,"ObservationResearch|ZoneJustCreated|Regime=Unknown|ObservationConfirmResearch|ZoneBirthResearch|ReclaimZoneLow|ObservationConfirmStrictResearch|ObservationStrict_Other|ZoneBirthResearch|ReclaimZoneLow"
"OPF-20260725-161545","OPF_0.1","OPF_RESEARCH_2.17","MNQ_0.1","MNQ_1Contract_Target150_200","OPF_PROFILE_0.1","20260102-1415-BEAR-OBS-001011-Z001011-OC-STR","2026-01-02T14:20:00.0000000",1012,"Tracked","Short","TrendPullback","ObservationStrict_Other_WideStop1_5R",50,"Weak50_69",70.00,"Q70_79","20260102-1415-BearFVG-001011","BearFVG","Fresh",0,15.00,"RiskLE15",5.50,"NearestStructure",0.3667,"RR_LT_1_0","Afternoon","","",False,"",0,0,25677.50,25692.50,"ObservationResearch|ZoneJustCreated|Regime=Unknown|ObservationConfirmResearch|ZoneBirthResearch|ReclaimZoneLow|ObservationConfirmStrictResearch|ObservationStrict_Other|ZoneBirthResearch|ReclaimZoneLow"
"OPF-20260725-161545","OPF_0.1","OPF_RESEARCH_2.17","MNQ_0.1","MNQ_1Contract_Target150_200","OPF_PROFILE_0.1","20260102-1425-BEAR-OBS-001013-Z001011","2026-01-02T14:25:00.0000000",1013,"Tracked","Short","TrendPullback","UnknownRegimeZoneTouch",40,"WeakLT50",30.00,"QLT50","20260102-1415-BearFVG-001011","BearFVG","SecondTouch",1,1.25,"RiskLE8_5",4.50,"NearestStructure",3.6,"RR_GE_1_5","Afternoon","","",False,"",0,0,25686.25,25687.50,"ObservationResearch|RegimeUnknown|Regime=Unknown"
"OPF-20260725-161545","OPF_0.1","OPF_RESEARCH_2.17","MNQ_0.1","MNQ_1Contract_Target150_200","OPF_PROFILE_0.1","20260102-1425-BEAR-OBS-001013-Z001011-OC","2026-01-02T14:30:00.0000000",1014,"Tracked","Short","TrendPullback","ObservationConfirm",40,"WeakLT50",52.00,"Q50_69","20260102-1415-BearFVG-001011","BearFVG","SecondTouch",1,8.50,"RiskLE8_5",12.75,"ObservationConfirmTargetR:1.5",1.5,"RR_GE_1_5","Afternoon","","",False,"",0,0,25679.00,25687.50,"ObservationResearch|RegimeUnknown|Regime=Unknown|ObservationConfirmResearch|UnknownRegimeZoneTouch|ReclaimZoneLow"
"OPF-20260725-161545","OPF_0.1","OPF_RESEARCH_2.17","MNQ_0.1","MNQ_1Contract_Target150_200","OPF_PROFILE_0.1","20260102-1425-BEAR-OBS-001013-Z001011-OC","2026-01-02T14:30:00.0000000",1014,"Tracked","Short","TrendPullback","ObservationConfirm_WideStop1_5R",40,"WeakLT50",52.00,"Q50_69","20260102-1415-BearFVG-001011","BearFVG","SecondTouch",1,12.75,"RiskLE15",1.00,"NearestStructure",0.0784,"RR_LT_1_0","Afternoon","","",False,"",0,0,25679.00,25691.75,"ObservationResearch|RegimeUnknown|Regime=Unknown|ObservationConfirmResearch|UnknownRegimeZoneTouch|ReclaimZoneLow"
"OPF-20260725-161545","OPF_0.1","OPF_RESEARCH_2.17","MNQ_0.1","MNQ_1Contract_Target150_200","OPF_PROFILE_0.1","20260102-1430-BULL-OBS-001014-Z000938","2026-01-02T14:30:00.0000000",1014,"Tracked","Long","TrendPullback","UnknownRegimeZoneTouch",30,"WeakLT50",30.00,"QLT50","20260102-0810-BullFVG-000938","BullFVG","SecondTouch",1,23.25,"RiskGT15",1.50,"NearestStructure",0.0645,"RR_LT_1_0","Afternoon","","",False,"",0,0,25679.00,25655.75,"ObservationResearch|RegimeUnknown|Regime=Unknown"
"OPF-20260725-161545","OPF_0.1","OPF_RESEARCH_2.17","MNQ_0.1","MNQ_1Contract_Target150_200","OPF_PROFILE_0.1","20260102-1430-BULL-OBS-001014-Z000938-FR","2026-01-02T14:35:00.0000000",1015,"Tracked","Short","FailureReverse","FailureReverse_ObservationInvalidated",30,"WeakLT50",42.00,"QLT50","20260102-0810-BullFVG-000938","BullFVG","SecondTouch",1,9.75,"RiskLE11",0,"NearestStructure",0,"RR_LT_1_0","Afternoon","","",False,"",0,0,25651.50,25661.25,"FailureReverseResearch|FailureSourceSignalID=20260102-1430-BULL-OBS-001014-Z000938|FailureSource=BullFVG|FailureSourceZoneFreshness=SecondTouch|UnknownRegimeZoneTouch|RegimeUnknown"
"OPF-20260725-161545","OPF_0.1","OPF_RESEARCH_2.17","MNQ_0.1","MNQ_1Contract_Target150_200","OPF_PROFILE_0.1","20260102-1430-BULL-OBS-001014-Z000938-FR","2026-01-02T14:35:00.0000000",1015,"Tracked","Short","FailureReverse","FailureReverse_ObservationInvalidated_WideStop1_5R",30,"WeakLT50",42.00,"QLT50","20260102-0810-BullFVG-000938","BullFVG","SecondTouch",1,14.62,"RiskLE15",0,"NearestStructure",0,"RR_LT_1_0","Afternoon","","",False,"",0,0,25651.50,25666.12,"FailureReverseResearch|FailureSourceSignalID=20260102-1430-BULL-OBS-001014-Z000938|FailureSource=BullFVG|FailureSourceZoneFreshness=SecondTouch|UnknownRegimeZoneTouch|RegimeUnknown"
"OPF-20260725-161545","OPF_0.1","OPF_RESEARCH_2.17","MNQ_0.1","MNQ_1Contract_Target150_200","OPF_PROFILE_0.1","20260102-1435-BULL-OBS-001015-Z000937","2026-01-02T14:35:00.0000000",1015,"Tracked","Long","TrendPullback","UnknownRegimeZoneTouch",30,"WeakLT50",31.00,"QLT50","20260102-0805-BullFVG-000937","BullFVG","SecondTouch",1,8.50,"RiskLE8_5",29.00,"NearestStructure",3.4118,"RR_GE_1_5","Afternoon","","",False,"",0,0,25651.50,25643.00,"ObservationResearch|RegimeUnknown|Regime=Unknown"
"OPF-20260725-161545","OPF_0.1","OPF_RESEARCH_2.17","MNQ_0.1","MNQ_1Contract_Target150_200","OPF_PROFILE_0.1","20260102-1435-BULL-OBS-001015-Z000937-OC","2026-01-02T14:40:00.0000000",1016,"Tracked","Long","TrendPullback","ObservationConfirm",30,"WeakLT50",56.00,"Q50_69","20260102-0805-BullFVG-000937","BullFVG","SecondTouch",1,47.25,"RiskGT15",70.88,"ObservationConfirmTargetR:1.5",1.5001,"RR_GE_1_5","Afternoon","","",False,"",0,0,25690.25,25643.00,"ObservationResearch|RegimeUnknown|Regime=Unknown|ObservationConfirmResearch|UnknownRegimeZoneTouch|ReclaimZoneHigh"
"OPF-20260725-161545","OPF_0.1","OPF_RESEARCH_2.17","MNQ_0.1","MNQ_1Contract_Target150_200","OPF_PROFILE_0.1","20260102-1435-BULL-OBS-001015-Z000937-OC","2026-01-02T14:40:00.0000000",1016,"Tracked","Long","TrendPullback","ObservationConfirm_WideStop1_5R",30,"WeakLT50",56.00,"Q50_69","20260102-0805-BullFVG-000937","BullFVG","SecondTouch",1,70.88,"RiskGT15",2.75,"NearestStructure",0.0388,"RR_LT_1_0","Afternoon","","",False,"",0,0,25690.25,25619.37,"ObservationResearch|RegimeUnknown|Regime=Unknown|ObservationConfirmResearch|UnknownRegimeZoneTouch|ReclaimZoneHigh"
"OPF-20260725-161545","OPF_0.1","OPF_RESEARCH_2.17","MNQ_0.1","MNQ_1Contract_Target150_200","OPF_PROFILE_0.1","20260102-1430-BULL-OBS-001014-Z000938-FR-RT","2026-01-02T15:05:00.0000000",1021,"Tracked","Short","FailureReverse","FailureReverse_RetestFailed",30,"WeakLT50",52.00,"Q50_69","20260102-0810-BullFVG-000938","BullFVG","SecondTouch",1,38.25,"RiskGT15",45.90,"FailureRetestMin1_2R",1.2,"RR_GE_1_2","Afternoon","","",False,"",0,0,25699.50,25661.25,"FailureReverseResearch|FailureSourceSignalID=20260102-1430-BULL-OBS-001014-Z000938|FailureSource=BullFVG|FailureSourceZoneFreshness=SecondTouch|UnknownRegimeZoneTouch|RegimeUnknown|FailureRetestFailedTriggered|BreakPrevLow"
"OPF-20260725-161545","OPF_0.1","OPF_RESEARCH_2.17","MNQ_0.1","MNQ_1Contract_Target150_200","OPF_PROFILE_0.1","20260102-1430-BULL-OBS-001014-Z000938-FR-RT","2026-01-02T15:05:00.0000000",1021,"Tracked","Short","FailureReverse","FailureReverse_RetestFailed_WideStop1_5R",30,"WeakLT50",52.00,"Q50_69","20260102-0810-BullFVG-000938","BullFVG","SecondTouch",1,57.38,"RiskGT15",9.25,"NearestStructure",0.1612,"RR_LT_1_0","Afternoon","","",False,"",0,0,25699.50,25756.88,"FailureReverseResearch|FailureSourceSignalID=20260102-1430-BULL-OBS-001014-Z000938|FailureSource=BullFVG|FailureSourceZoneFreshness=SecondTouch|UnknownRegimeZoneTouch|RegimeUnknown|FailureRetestFailedTriggered|BreakPrevLow"
"OPF-20260725-161545","OPF_0.1","OPF_RESEARCH_2.17","MNQ_0.1","MNQ_1Contract_Target150_200","OPF_PROFILE_0.1","20260102-1510-BULL-OBS-001022-Z000874","2026-01-02T15:10:00.0000000",1022,"Tracked","Long","TrendPullback","UnknownRegimeZoneTouch",40,"WeakLT50",27.00,"QLT50","20260102-0250-BullFVG-000874","BullFVG","SecondTouch",1,11.50,"RiskLE15",76.50,"NearestStructure",6.6522,"RR_GE_1_5","Afternoon","","",False,"",0,0,25604.00,25592.50,"ObservationResearch|RegimeUnknown|Regime=Unknown"
"OPF-20260725-161545","OPF_0.1","OPF_RESEARCH_2.17","MNQ_0.1","MNQ_1Contract_Target150_200","OPF_PROFILE_0.1","20260102-1415-BEAR-OBS-001011-Z001011","2026-01-02T15:15:00.0000000",1023,"Outcome","Short","TrendPullback","ZoneBirthResearch",50,"Weak50_69",65.00,"Q50_69","20260102-1415-BearFVG-001011","BearFVG","Fresh",0,18.00,"RiskGT15",3.00,"NearestStructure",0.1667,"RR_LT_1_0","Afternoon","Catastrophic","ResearchWindowEnd",False,"",0,0,25669.50,25687.50,"ObservationResearch|ZoneJustCreated|Regime=Unknown"
"OPF-20260725-161545","OPF_0.1","OPF_RESEARCH_2.17","MNQ_0.1","MNQ_1Contract_Target150_200","OPF_PROFILE_0.1","20260102-1510-BULL-OBS-001022-Z000874-FR","2026-01-02T15:15:00.0000000",1023,"Tracked","Short","FailureReverse","FailureReverse_ObservationInvalidated",40,"WeakLT50",38.00,"QLT50","20260102-0250-BullFVG-000874","BullFVG","SecondTouch",1,18.25,"RiskGT15",0,"NearestStructure",0,"RR_LT_1_0","Afternoon","","",False,"",0,0,25577.00,25595.25,"FailureReverseResearch|FailureSourceSignalID=20260102-1510-BULL-OBS-001022-Z000874|FailureSource=BullFVG|FailureSourceZoneFreshness=SecondTouch|UnknownRegimeZoneTouch|RegimeUnknown"
"OPF-20260725-161545","OPF_0.1","OPF_RESEARCH_2.17","MNQ_0.1","MNQ_1Contract_Target150_200","OPF_PROFILE_0.1","20260102-1510-BULL-OBS-001022-Z000874-FR","2026-01-02T15:15:00.0000000",1023,"Tracked","Short","FailureReverse","FailureReverse_ObservationInvalidated_WideStop1_5R",40,"WeakLT50",38.00,"QLT50","20260102-0250-BullFVG-000874","BullFVG","SecondTouch",1,27.38,"RiskGT15",0,"NearestStructure",0,"RR_LT_1_0","Afternoon","","",False,"",0,0,25577.00,25604.38,"FailureReverseResearch|FailureSourceSignalID=20260102-1510-BULL-OBS-001022-Z000874|FailureSource=BullFVG|FailureSourceZoneFreshness=SecondTouch|UnknownRegimeZoneTouch|RegimeUnknown"
"OPF-20260725-161545","OPF_0.1","OPF_RESEARCH_2.17","MNQ_0.1","MNQ_1Contract_Target150_200","OPF_PROFILE_0.1","20260102-1515-BULL-OBS-001023-Z000864","2026-01-02T15:15:00.0000000",1023,"Tracked","Long","TrendPullback","UnknownRegimeZoneTouch",40,"WeakLT50",30.00,"QLT50","20260102-0200-BullFVG-000864","BullFVG","SecondTouch",1,24.25,"RiskGT15",103.50,"NearestStructure",4.2680,"RR_GE_1_5","Afternoon","","",False,"",0,0,25577.00,25552.75,"ObservationResearch|RegimeUnknown|Regime=Unknown"
"OPF-20260725-161545","OPF_0.1","OPF_RESEARCH_2.17","MNQ_0.1","MNQ_1Contract_Target150_200","OPF_PROFILE_0.1","20260102-1515-BULL-OBS-001023-Z000869","2026-01-02T15:15:00.0000000",1023,"Tracked","Long","TrendPullback","UnknownRegimeZoneTouch",40,"WeakLT50",30.00,"QLT50","20260102-0225-BullFVG-000869","BullFVG","SecondTouch",1,0.75,"RiskLE8_5",103.50,"NearestStructure",138,"RR_GE_1_5","Afternoon","","",False,"",0,0,25577.00,25576.25,"ObservationResearch|RegimeUnknown|Regime=Unknown"
"OPF-20260725-161545","OPF_0.1","OPF_RESEARCH_2.17","MNQ_0.1","MNQ_1Contract_Target150_200","OPF_PROFILE_0.1","20260102-1415-BEAR-OBS-001011-Z001011-OC-STR","2026-01-02T15:20:00.0000000",1024,"Outcome","Short","TrendPullback","ObservationStrict_Other_WideStop1_5R",50,"Weak50_69",70.00,"Q70_79","20260102-1415-BearFVG-001011","BearFVG","Fresh",0,15.00,"RiskLE15",5.50,"NearestStructure",0.3667,"RR_LT_1_0","Afternoon","Catastrophic","ResearchWindowEnd",False,"",0,0,25677.50,25692.50,"ObservationResearch|ZoneJustCreated|Regime=Unknown|ObservationConfirmResearch|ZoneBirthResearch|ReclaimZoneLow|ObservationConfirmStrictResearch|ObservationStrict_Other|ZoneBirthResearch|ReclaimZoneLow"
"OPF-20260725-161545","OPF_0.1","OPF_RESEARCH_2.17","MNQ_0.1","MNQ_1Contract_Target150_200","OPF_PROFILE_0.1","20260102-1415-BEAR-OBS-001011-Z001011-OC-STR","2026-01-02T15:20:00.0000000",1024,"Outcome","Short","TrendPullback","ObservationStrict_Other",50,"Weak50_69",70.00,"Q70_79","20260102-1415-BearFVG-001011","BearFVG","Fresh",0,10.00,"RiskLE11",5.50,"NearestStructure",0.55,"RR_LT_1_0","Afternoon","Catastrophic","ResearchWindowEnd",False,"",0,0,25677.50,25687.50,"ObservationResearch|ZoneJustCreated|Regime=Unknown|ObservationConfirmResearch|ZoneBirthResearch|ReclaimZoneLow|ObservationConfirmStrictResearch|ObservationStrict_Other|ZoneBirthResearch|ReclaimZoneLow"
"OPF-20260725-161545","OPF_0.1","OPF_RESEARCH_2.17","MNQ_0.1","MNQ_1Contract_Target150_200","OPF_PROFILE_0.1","20260102-1415-BEAR-OBS-001011-Z001011-OC","2026-01-02T15:20:00.0000000",1024,"Outcome","Short","TrendPullback","ObservationConfirm_WideStop1_5R",50,"Weak50_69",70.00,"Q70_79","20260102-1415-BearFVG-001011","BearFVG","Fresh",0,15.00,"RiskLE15",5.50,"NearestStructure",0.3667,"RR_LT_1_0","Afternoon","Catastrophic","ResearchWindowEnd",False,"",0,0,25677.50,25692.50,"ObservationResearch|ZoneJustCreated|Regime=Unknown|ObservationConfirmResearch|ZoneBirthResearch|ReclaimZoneLow"
"OPF-20260725-161545","OPF_0.1","OPF_RESEARCH_2.17","MNQ_0.1","MNQ_1Contract_Target150_200","OPF_PROFILE_0.1","20260102-1415-BEAR-OBS-001011-Z001011-OC","2026-01-02T15:20:00.0000000",1024,"Outcome","Short","TrendPullback","ObservationConfirm",50,"Weak50_69",70.00,"Q70_79","20260102-1415-BearFVG-001011","BearFVG","Fresh",0,10.00,"RiskLE11",15.00,"ObservationConfirmTargetR:1.5",1.5,"RR_GE_1_5","Afternoon","Excellent","ResearchWindowEnd",True,"SL",-1,-57.00,25677.50,25687.50,"ObservationResearch|ZoneJustCreated|Regime=Unknown|ObservationConfirmResearch|ZoneBirthResearch|ReclaimZoneLow"
"OPF-20260725-161545","OPF_0.1","OPF_RESEARCH_2.17","MNQ_0.1","MNQ_1Contract_Target150_200","OPF_PROFILE_0.1","20260102-1515-BULL-OBS-001023-Z000869-FR","2026-01-02T15:20:00.0000000",1024,"Tracked","Short","FailureReverse","FailureReverse_ObservationInvalidated",40,"WeakLT50",42.00,"QLT50","20260102-0225-BullFVG-000869","BullFVG","SecondTouch",1,97.75,"RiskGT15",0,"NearestStructure",0,"RR_LT_1_0","Afternoon","","",False,"",0,0,25485.25,25583.00,"FailureReverseResearch|FailureSourceSignalID=20260102-1515-BULL-OBS-001023-Z000869|FailureSource=BullFVG|FailureSourceZoneFreshness=SecondTouch|UnknownRegimeZoneTouch|RegimeUnknown"
"OPF-20260725-161545","OPF_0.1","OPF_RESEARCH_2.17","MNQ_0.1","MNQ_1Contract_Target150_200","OPF_PROFILE_0.1","20260102-1515-BULL-OBS-001023-Z000869-FR","2026-01-02T15:20:00.0000000",1024,"Tracked","Short","FailureReverse","FailureReverse_ObservationInvalidated_WideStop1_5R",40,"WeakLT50",42.00,"QLT50","20260102-0225-BullFVG-000869","BullFVG","SecondTouch",1,146.62,"RiskGT15",0,"NearestStructure",0,"RR_LT_1_0","Afternoon","","",False,"",0,0,25485.25,25631.87,"FailureReverseResearch|FailureSourceSignalID=20260102-1515-BULL-OBS-001023-Z000869|FailureSource=BullFVG|FailureSourceZoneFreshness=SecondTouch|UnknownRegimeZoneTouch|RegimeUnknown"
"OPF-20260725-161545","OPF_0.1","OPF_RESEARCH_2.17","MNQ_0.1","MNQ_1Contract_Target150_200","OPF_PROFILE_0.1","20260102-1515-BULL-OBS-001023-Z000864-FR","2026-01-02T15:20:00.0000000",1024,"Tracked","Short","FailureReverse","FailureReverse_ObservationInvalidated",40,"WeakLT50",42.00,"QLT50","20260102-0200-BullFVG-000864","BullFVG","SecondTouch",1,70.25,"RiskGT15",0,"NearestStructure",0,"RR_LT_1_0","Afternoon","","",False,"",0,0,25485.25,25555.50,"FailureReverseResearch|FailureSourceSignalID=20260102-1515-BULL-OBS-001023-Z000864|FailureSource=BullFVG|FailureSourceZoneFreshness=SecondTouch|UnknownRegimeZoneTouch|RegimeUnknown"
"OPF-20260725-161545","OPF_0.1","OPF_RESEARCH_2.17","MNQ_0.1","MNQ_1Contract_Target150_200","OPF_PROFILE_0.1","20260102-1515-BULL-OBS-001023-Z000864-FR","2026-01-02T15:20:00.0000000",1024,"Tracked","Short","FailureReverse","FailureReverse_ObservationInvalidated_WideStop1_5R",40,"WeakLT50",42.00,"QLT50","20260102-0200-BullFVG-000864","BullFVG","SecondTouch",1,105.38,"RiskGT15",0,"NearestStructure",0,"RR_LT_1_0","Afternoon","","",False,"",0,0,25485.25,25590.63,"FailureReverseResearch|FailureSourceSignalID=20260102-1515-BULL-OBS-001023-Z000864|FailureSource=BullFVG|FailureSourceZoneFreshness=SecondTouch|UnknownRegimeZoneTouch|RegimeUnknown"
"OPF-20260725-161545","OPF_0.1","OPF_RESEARCH_2.17","MNQ_0.1","MNQ_1Contract_Target150_200","OPF_PROFILE_0.1","20260102-1425-BEAR-OBS-001013-Z001011","2026-01-02T15:25:00.0000000",1025,"Outcome","Short","TrendPullback","UnknownRegimeZoneTouch",40,"WeakLT50",30.00,"QLT50","20260102-1415-BearFVG-001011","BearFVG","SecondTouch",1,1.25,"RiskLE8_5",4.50,"NearestStructure",3.6,"RR_GE_1_5","Afternoon","Catastrophic","ResearchWindowEnd",False,"",0,0,25686.25,25687.50,"ObservationResearch|RegimeUnknown|Regime=Unknown"
"OPF-20260725-161545","OPF_0.1","OPF_RESEARCH_2.17","MNQ_0.1","MNQ_1Contract_Target150_200","OPF_PROFILE_0.1","20260102-1430-BULL-OBS-001014-Z000938","2026-01-02T15:30:00.0000000",1026,"Outcome","Long","TrendPullback","UnknownRegimeZoneTouch",30,"WeakLT50",30.00,"QLT50","20260102-0810-BullFVG-000938","BullFVG","SecondTouch",1,23.25,"RiskGT15",1.50,"NearestStructure",0.0645,"RR_LT_1_0","Late","Catastrophic","ResearchWindowEnd",False,"",0,0,25679.00,25655.75,"ObservationResearch|RegimeUnknown|Regime=Unknown"
"OPF-20260725-161545","OPF_0.1","OPF_RESEARCH_2.17","MNQ_0.1","MNQ_1Contract_Target150_200","OPF_PROFILE_0.1","20260102-1425-BEAR-OBS-001013-Z001011-OC","2026-01-02T15:30:00.0000000",1026,"Outcome","Short","TrendPullback","ObservationConfirm_WideStop1_5R",40,"WeakLT50",52.00,"Q50_69","20260102-1415-BearFVG-001011","BearFVG","SecondTouch",1,12.75,"RiskLE15",1.00,"NearestStructure",0.0784,"RR_LT_1_0","Late","Catastrophic","ResearchWindowEnd",False,"",0,0,25679.00,25691.75,"ObservationResearch|RegimeUnknown|Regime=Unknown|ObservationConfirmResearch|UnknownRegimeZoneTouch|ReclaimZoneLow"
"OPF-20260725-161545","OPF_0.1","OPF_RESEARCH_2.17","MNQ_0.1","MNQ_1Contract_Target150_200","OPF_PROFILE_0.1","20260102-1425-BEAR-OBS-001013-Z001011-OC","2026-01-02T15:30:00.0000000",1026,"Outcome","Short","TrendPullback","ObservationConfirm",40,"WeakLT50",52.00,"Q50_69","20260102-1415-BearFVG-001011","BearFVG","SecondTouch",1,8.50,"RiskLE8_5",12.75,"ObservationConfirmTargetR:1.5",1.5,"RR_GE_1_5","Late","Catastrophic","ResearchWindowEnd",False,"",0,0,25679.00,25687.50,"ObservationResearch|RegimeUnknown|Regime=Unknown|ObservationConfirmResearch|UnknownRegimeZoneTouch|ReclaimZoneLow"
"OPF-20260725-161545","OPF_0.1","OPF_RESEARCH_2.17","MNQ_0.1","MNQ_1Contract_Target150_200","OPF_PROFILE_0.1","20260102-1435-BULL-OBS-001015-Z000937","2026-01-02T15:35:00.0000000",1027,"Outcome","Long","TrendPullback","UnknownRegimeZoneTouch",30,"WeakLT50",31.00,"QLT50","20260102-0805-BullFVG-000937","BullFVG","SecondTouch",1,8.50,"RiskLE8_5",29.00,"NearestStructure",3.4118,"RR_GE_1_5","Late","Catastrophic","ResearchWindowEnd",False,"",0,0,25651.50,25643.00,"ObservationResearch|RegimeUnknown|Regime=Unknown"
"OPF-20260725-161545","OPF_0.1","OPF_RESEARCH_2.17","MNQ_0.1","MNQ_1Contract_Target150_200","OPF_PROFILE_0.1","20260102-1430-BULL-OBS-001014-Z000938-FR","2026-01-02T15:35:00.0000000",1027,"Outcome","Short","FailureReverse","FailureReverse_ObservationInvalidated_WideStop1_5R",30,"WeakLT50",42.00,"QLT50","20260102-0810-BullFVG-000938","BullFVG","SecondTouch",1,14.62,"RiskLE15",1.25,"NearestStructure",0.0855,"RR_LT_1_0","Late","Catastrophic","ResearchWindowEnd",False,"",0,0,25651.50,25666.12,"FailureReverseResearch|FailureSourceSignalID=20260102-1430-BULL-OBS-001014-Z000938|FailureSource=BullFVG|FailureSourceZoneFreshness=SecondTouch|UnknownRegimeZoneTouch|RegimeUnknown"
"OPF-20260725-161545","OPF_0.1","OPF_RESEARCH_2.17","MNQ_0.1","MNQ_1Contract_Target150_200","OPF_PROFILE_0.1","20260102-1430-BULL-OBS-001014-Z000938-FR","2026-01-02T15:35:00.0000000",1027,"Outcome","Short","FailureReverse","FailureReverse_ObservationInvalidated",30,"WeakLT50",42.00,"QLT50","20260102-0810-BullFVG-000938","BullFVG","SecondTouch",1,9.75,"RiskLE11",1.25,"NearestStructure",0.1282,"RR_LT_1_0","Late","Catastrophic","ResearchWindowEnd",False,"",0,0,25651.50,25661.25,"FailureReverseResearch|FailureSourceSignalID=20260102-1430-BULL-OBS-001014-Z000938|FailureSource=BullFVG|FailureSourceZoneFreshness=SecondTouch|UnknownRegimeZoneTouch|RegimeUnknown"
"OPF-20260725-161545","OPF_0.1","OPF_RESEARCH_2.17","MNQ_0.1","MNQ_1Contract_Target150_200","OPF_PROFILE_0.1","20260102-1535-BULL-OBS-001027-Z001027","2026-01-02T15:35:00.0000000",1027,"Tracked","Long","TrendPullback","ZoneBirthResearch",40,"WeakLT50",45.00,"QLT50","20260102-1535-BullFVG-001027","BullFVG","Fresh",0,49.25,"RiskGT15",22.50,"NearestStructure",0.4569,"RR_LT_1_0","Late","","",False,"",0,0,25556.50,25507.25,"ObservationResearch|ZoneJustCreated|Regime=Unknown"
"OPF-20260725-161545","OPF_0.1","OPF_RESEARCH_2.17","MNQ_0.1","MNQ_1Contract_Target150_200","OPF_PROFILE_0.1","20260102-1435-BULL-OBS-001015-Z000937-OC","2026-01-02T15:40:00.0000000",1028,"Outcome","Long","TrendPullback","ObservationConfirm_WideStop1_5R",30,"WeakLT50",56.00,"Q50_69","20260102-0805-BullFVG-000937","BullFVG","SecondTouch",1,70.88,"RiskGT15",6.50,"NearestStructure",0.0917,"RR_LT_1_0","Late","Good","ResearchWindowEnd",False,"",0,0,25690.25,25619.37,"ObservationResearch|RegimeUnknown|Regime=Unknown|ObservationConfirmResearch|UnknownRegimeZoneTouch|ReclaimZoneHigh"
"OPF-20260725-161545","OPF_0.1","OPF_RESEARCH_2.17","MNQ_0.1","MNQ_1Contract_Target150_200","OPF_PROFILE_0.1","20260102-1435-BULL-OBS-001015-Z000937-OC","2026-01-02T15:40:00.0000000",1028,"Outcome","Long","TrendPullback","ObservationConfirm",30,"WeakLT50",56.00,"Q50_69","20260102-0805-BullFVG-000937","BullFVG","SecondTouch",1,47.25,"RiskGT15",70.88,"ObservationConfirmTargetR:1.5",1.5001,"RR_GE_1_5","Late","Excellent","ResearchWindowEnd",False,"",0,0,25690.25,25643.00,"ObservationResearch|RegimeUnknown|Regime=Unknown|ObservationConfirmResearch|UnknownRegimeZoneTouch|ReclaimZoneHigh"
"OPF-20260725-161545","OPF_0.1","OPF_RESEARCH_2.17","MNQ_0.1","MNQ_1Contract_Target150_200","OPF_PROFILE_0.1","20260102-1535-BULL-OBS-001027-Z001027-OC","2026-01-02T15:40:00.0000000",1028,"Tracked","Long","TrendPullback","ObservationConfirm",40,"WeakLT50",60.00,"Q50_69","20260102-1535-BullFVG-001027","BullFVG","Fresh",0,74.75,"RiskGT15",112.12,"ObservationConfirmTargetR:1.5",1.4999,"RR_GE_1_2","Late","","",False,"",0,0,25582.00,25507.25,"ObservationResearch|ZoneJustCreated|Regime=Unknown|ObservationConfirmResearch|ZoneBirthResearch|ReclaimZoneHigh"
"OPF-20260725-161545","OPF_0.1","OPF_RESEARCH_2.17","MNQ_0.1","MNQ_1Contract_Target150_200","OPF_PROFILE_0.1","20260102-1535-BULL-OBS-001027-Z001027-OC","2026-01-02T15:40:00.0000000",1028,"Tracked","Long","TrendPullback","ObservationConfirm_WideStop1_5R",40,"WeakLT50",60.00,"Q50_69","20260102-1535-BullFVG-001027","BullFVG","Fresh",0,112.12,"RiskGT15",24.25,"NearestStructure",0.2163,"RR_LT_1_0","Late","","",False,"",0,0,25582.00,25469.88,"ObservationResearch|ZoneJustCreated|Regime=Unknown|ObservationConfirmResearch|ZoneBirthResearch|ReclaimZoneHigh"
"OPF-20260725-161545","OPF_0.1","OPF_RESEARCH_2.17","MNQ_0.1","MNQ_1Contract_Target150_200","OPF_PROFILE_0.1","20260102-1535-BULL-OBS-001027-Z001027-OC-STR","2026-01-02T15:40:00.0000000",1028,"Tracked","Long","TrendPullback","ObservationStrict_BullFresh",40,"WeakLT50",60.00,"Q50_69","20260102-1535-BullFVG-001027","BullFVG","Fresh",0,74.75,"RiskGT15",89.70,"StrictBullFreshMin1_2R",1.2,"RR_GE_1_2","Late","","",False,"",0,0,25582.00,25507.25,"ObservationResearch|ZoneJustCreated|Regime=Unknown|ObservationConfirmResearch|ZoneBirthResearch|ReclaimZoneHigh|ObservationConfirmStrictResearch|ObservationStrict_BullFresh|ZoneBirthResearch|ReclaimZoneHigh"
"OPF-20260725-161545","OPF_0.1","OPF_RESEARCH_2.17","MNQ_0.1","MNQ_1Contract_Target150_200","OPF_PROFILE_0.1","20260102-1535-BULL-OBS-001027-Z001027-OC-STR","2026-01-02T15:40:00.0000000",1028,"Tracked","Long","TrendPullback","ObservationStrict_BullFresh_WideStop1_5R",40,"WeakLT50",60.00,"Q50_69","20260102-1535-BullFVG-001027","BullFVG","Fresh",0,112.12,"RiskGT15",24.25,"NearestStructure",0.2163,"RR_LT_1_0","Late","","",False,"",0,0,25582.00,25469.88,"ObservationResearch|ZoneJustCreated|Regime=Unknown|ObservationConfirmResearch|ZoneBirthResearch|ReclaimZoneHigh|ObservationConfirmStrictResearch|ObservationStrict_BullFresh|ZoneBirthResearch|ReclaimZoneHigh"
"OPF-20260725-161545","OPF_0.1","OPF_RESEARCH_2.17","MNQ_0.1","MNQ_1Contract_Target150_200","OPF_PROFILE_0.1","20260102-1540-BULL-OBS-001028-Z001028","2026-01-02T15:40:00.0000000",1028,"Tracked","Long","TrendPullback","ZoneBirthResearch",60,"Weak50_69",65.00,"Q50_69","20260102-1540-BullFVG-001028","BullFVG","Fresh",0,35.50,"RiskGT15",24.25,"NearestStructure",0.6831,"RR_LT_1_0","Late","","",False,"",0,0,25582.00,25546.50,"ObservationResearch|ZoneJustCreated|Regime=Unknown"
"OPF-20260725-161545","OPF_0.1","OPF_RESEARCH_2.17","MNQ_0.1","MNQ_1Contract_Target150_200","OPF_PROFILE_0.1","20260102-1540-BULL-OBS-001028-Z001028-FR","2026-01-02T15:45:00.0000000",1029,"Tracked","Short","FailureReverse","FailureReverse_ObservationInvalidated",60,"Weak50_69",70.00,"Q70_79","20260102-1540-BullFVG-001028","BullFVG","Fresh",0,18.50,"RiskGT15",11.25,"NearestStructure",0.6081,"RR_LT_1_0","Late","","",False,"",0,0,25529.75,25548.25,"FailureReverseResearch|FailureSourceSignalID=20260102-1540-BULL-OBS-001028-Z001028|FailureSource=BullFVG|FailureSourceZoneFreshness=Fresh|ZoneBirthResearch|ZoneJustCreated"
"OPF-20260725-161545","OPF_0.1","OPF_RESEARCH_2.17","MNQ_0.1","MNQ_1Contract_Target150_200","OPF_PROFILE_0.1","20260102-1540-BULL-OBS-001028-Z001028-FR","2026-01-02T15:45:00.0000000",1029,"Tracked","Short","FailureReverse","FailureReverse_ObservationInvalidated_WideStop1_5R",60,"Weak50_69",70.00,"Q70_79","20260102-1540-BullFVG-001028","BullFVG","Fresh",0,27.75,"RiskGT15",11.25,"NearestStructure",0.4054,"RR_LT_1_0","Late","","",False,"",0,0,25529.75,25557.50,"FailureReverseResearch|FailureSourceSignalID=20260102-1540-BULL-OBS-001028-Z001028|FailureSource=BullFVG|FailureSourceZoneFreshness=Fresh|ZoneBirthResearch|ZoneJustCreated"
"OPF-20260725-161545","OPF_0.1","OPF_RESEARCH_2.17","MNQ_0.1","MNQ_1Contract_Target150_200","OPF_PROFILE_0.1","20260102-1515-BULL-OBS-001023-Z000864-FR-RT","2026-01-02T15:45:00.0000000",1029,"Tracked","Short","FailureReverse","FailureReverse_RetestFailed",40,"WeakLT50",52.00,"Q50_69","20260102-0200-BullFVG-000864","BullFVG","SecondTouch",1,25.75,"RiskGT15",30.90,"FailureRetestMin1_2R",1.2,"RR_GE_1_2","Late","","",False,"",0,0,25529.75,25555.50,"FailureReverseResearch|FailureSourceSignalID=20260102-1515-BULL-OBS-001023-Z000864|FailureSource=BullFVG|FailureSourceZoneFreshness=SecondTouch|UnknownRegimeZoneTouch|RegimeUnknown|FailureRetestFailedTriggered|ReclaimZoneLow"
"OPF-20260725-161545","OPF_0.1","OPF_RESEARCH_2.17","MNQ_0.1","MNQ_1Contract_Target150_200","OPF_PROFILE_0.1","20260102-1515-BULL-OBS-001023-Z000864-FR-RT","2026-01-02T15:45:00.0000000",1029,"Tracked","Short","FailureReverse","FailureReverse_RetestFailed_WideStop1_5R",40,"WeakLT50",52.00,"Q50_69","20260102-0200-BullFVG-000864","BullFVG","SecondTouch",1,38.62,"RiskGT15",11.25,"NearestStructure",0.2913,"RR_LT_1_0","Late","","",False,"",0,0,25529.75,25568.37,"FailureReverseResearch|FailureSourceSignalID=20260102-1515-BULL-OBS-001023-Z000864|FailureSource=BullFVG|FailureSourceZoneFreshness=SecondTouch|UnknownRegimeZoneTouch|RegimeUnknown|FailureRetestFailedTriggered|ReclaimZoneLow"
"OPF-20260725-161545","OPF_0.1","OPF_RESEARCH_2.17","MNQ_0.1","MNQ_1Contract_Target150_200","OPF_PROFILE_0.1","20260102-1515-BULL-OBS-001023-Z000869-FR-RT","2026-01-02T15:45:00.0000000",1029,"Tracked","Short","FailureReverse","FailureReverse_RetestFailed",40,"WeakLT50",52.00,"Q50_69","20260102-0225-BullFVG-000869","BullFVG","SecondTouch",1,53.25,"RiskGT15",63.90,"FailureRetestMin1_2R",1.2,"RR_GE_1_2","Late","","",False,"",0,0,25529.75,25583.00,"FailureReverseResearch|FailureSourceSignalID=20260102-1515-BULL-OBS-001023-Z000869|FailureSource=BullFVG|FailureSourceZoneFreshness=SecondTouch|UnknownRegimeZoneTouch|RegimeUnknown|FailureRetestFailedTriggered|ReclaimZoneLow"
"OPF-20260725-161545","OPF_0.1","OPF_RESEARCH_2.17","MNQ_0.1","MNQ_1Contract_Target150_200","OPF_PROFILE_0.1","20260102-1515-BULL-OBS-001023-Z000869-FR-RT","2026-01-02T15:45:00.0000000",1029,"Tracked","Short","FailureReverse","FailureReverse_RetestFailed_WideStop1_5R",40,"WeakLT50",52.00,"Q50_69","20260102-0225-BullFVG-000869","BullFVG","SecondTouch",1,79.88,"RiskGT15",11.25,"NearestStructure",0.1408,"RR_LT_1_0","Late","","",False,"",0,0,25529.75,25609.63,"FailureReverseResearch|FailureSourceSignalID=20260102-1515-BULL-OBS-001023-Z000869|FailureSource=BullFVG|FailureSourceZoneFreshness=SecondTouch|UnknownRegimeZoneTouch|RegimeUnknown|FailureRetestFailedTriggered|ReclaimZoneLow"
"OPF-20260725-161545","OPF_0.1","OPF_RESEARCH_2.17","MNQ_0.1","MNQ_1Contract_Target150_200","OPF_PROFILE_0.1","20260102-1510-BULL-OBS-001022-Z000874-FR-RT","2026-01-02T15:45:00.0000000",1029,"Tracked","Short","FailureReverse","FailureReverse_RetestFailed",40,"WeakLT50",52.00,"Q50_69","20260102-0250-BullFVG-000874","BullFVG","SecondTouch",1,65.50,"RiskGT15",78.60,"FailureRetestMin1_2R",1.2,"RR_GE_1_2","Late","","",False,"",0,0,25529.75,25595.25,"FailureReverseResearch|FailureSourceSignalID=20260102-1510-BULL-OBS-001022-Z000874|FailureSource=BullFVG|FailureSourceZoneFreshness=SecondTouch|UnknownRegimeZoneTouch|RegimeUnknown|FailureRetestFailedTriggered|ReclaimZoneLow"
"OPF-20260725-161545","OPF_0.1","OPF_RESEARCH_2.17","MNQ_0.1","MNQ_1Contract_Target150_200","OPF_PROFILE_0.1","20260102-1510-BULL-OBS-001022-Z000874-FR-RT","2026-01-02T15:45:00.0000000",1029,"Tracked","Short","FailureReverse","FailureReverse_RetestFailed_WideStop1_5R",40,"WeakLT50",52.00,"Q50_69","20260102-0250-BullFVG-000874","BullFVG","SecondTouch",1,98.25,"RiskGT15",11.25,"NearestStructure",0.1145,"RR_LT_1_0","Late","","",False,"",0,0,25529.75,25628.00,"FailureReverseResearch|FailureSourceSignalID=20260102-1510-BULL-OBS-001022-Z000874|FailureSource=BullFVG|FailureSourceZoneFreshness=SecondTouch|UnknownRegimeZoneTouch|RegimeUnknown|FailureRetestFailedTriggered|ReclaimZoneLow"
"OPF-20260725-161545","OPF_0.1","OPF_RESEARCH_2.17","MNQ_0.1","MNQ_1Contract_Target150_200","OPF_PROFILE_0.1","20260102-1430-BULL-OBS-001014-Z000938-FR-RT","2026-01-02T16:05:00.0000000",1033,"Outcome","Short","FailureReverse","FailureReverse_RetestFailed_WideStop1_5R",30,"WeakLT50",52.00,"Q50_69","20260102-0810-BullFVG-000938","BullFVG","SecondTouch",1,57.38,"RiskGT15",4.75,"NearestStructure",0.0828,"RR_LT_1_0","Late","Excellent","ResearchWindowEnd",False,"",0,0,25699.50,25756.88,"FailureReverseResearch|FailureSourceSignalID=20260102-1430-BULL-OBS-001014-Z000938|FailureSource=BullFVG|FailureSourceZoneFreshness=SecondTouch|UnknownRegimeZoneTouch|RegimeUnknown|FailureRetestFailedTriggered|BreakPrevLow"
"OPF-20260725-161545","OPF_0.1","OPF_RESEARCH_2.17","MNQ_0.1","MNQ_1Contract_Target150_200","OPF_PROFILE_0.1","20260102-1430-BULL-OBS-001014-Z000938-FR-RT","2026-01-02T16:05:00.0000000",1033,"Outcome","Short","FailureReverse","FailureReverse_RetestFailed",30,"WeakLT50",52.00,"Q50_69","20260102-0810-BullFVG-000938","BullFVG","SecondTouch",1,38.25,"RiskGT15",45.90,"FailureRetestMin1_2R",1.2,"RR_GE_1_2","Late","Catastrophic","ResearchWindowEnd",False,"",0,0,25699.50,25661.25,"FailureReverseResearch|FailureSourceSignalID=20260102-1430-BULL-OBS-001014-Z000938|FailureSource=BullFVG|FailureSourceZoneFreshness=SecondTouch|UnknownRegimeZoneTouch|RegimeUnknown|FailureRetestFailedTriggered|BreakPrevLow"
"OPF-20260725-161545","OPF_0.1","OPF_RESEARCH_2.17","MNQ_0.1","MNQ_1Contract_Target150_200","OPF_PROFILE_0.1","20260102-1510-BULL-OBS-001022-Z000874","2026-01-02T16:10:00.0000000",1034,"Outcome","Long","TrendPullback","UnknownRegimeZoneTouch",40,"WeakLT50",27.00,"QLT50","20260102-0250-BullFVG-000874","BullFVG","SecondTouch",1,11.50,"RiskLE15",2.25,"NearestStructure",0.1957,"RR_LT_1_0","Late","Catastrophic","ResearchWindowEnd",False,"",0,0,25604.00,25592.50,"ObservationResearch|RegimeUnknown|Regime=Unknown"
"OPF-20260725-161545","OPF_0.1","OPF_RESEARCH_2.17","MNQ_0.1","MNQ_1Contract_Target150_200","OPF_PROFILE_0.1","20260102-1515-BULL-OBS-001023-Z000869","2026-01-02T16:15:00.0000000",1035,"Outcome","Long","TrendPullback","UnknownRegimeZoneTouch",40,"WeakLT50",30.00,"QLT50","20260102-0225-BullFVG-000869","BullFVG","SecondTouch",1,0.75,"RiskLE8_5",2.00,"NearestStructure",2.6667,"RR_GE_1_5","Late","Catastrophic","ResearchWindowEnd",False,"",0,0,25577.00,25576.25,"ObservationResearch|RegimeUnknown|Regime=Unknown"
"OPF-20260725-161545","OPF_0.1","OPF_RESEARCH_2.17","MNQ_0.1","MNQ_1Contract_Target150_200","OPF_PROFILE_0.1","20260102-1515-BULL-OBS-001023-Z000864","2026-01-02T16:15:00.0000000",1035,"Outcome","Long","TrendPullback","UnknownRegimeZoneTouch",40,"WeakLT50",30.00,"QLT50","20260102-0200-BullFVG-000864","BullFVG","SecondTouch",1,24.25,"RiskGT15",2.00,"NearestStructure",0.0825,"RR_LT_1_0","Late","Catastrophic","ResearchWindowEnd",False,"",0,0,25577.00,25552.75,"ObservationResearch|RegimeUnknown|Regime=Unknown"
"OPF-20260725-161545","OPF_0.1","OPF_RESEARCH_2.17","MNQ_0.1","MNQ_1Contract_Target150_200","OPF_PROFILE_0.1","20260102-1510-BULL-OBS-001022-Z000874-FR","2026-01-02T16:15:00.0000000",1035,"Outcome","Short","FailureReverse","FailureReverse_ObservationInvalidated_WideStop1_5R",40,"WeakLT50",38.00,"QLT50","20260102-0250-BullFVG-000874","BullFVG","SecondTouch",1,27.38,"RiskGT15",26.00,"NearestStructure",0.9496,"RR_LT_1_0","Late","Excellent","ResearchWindowEnd",False,"",0,0,25577.00,25604.38,"FailureReverseResearch|FailureSourceSignalID=20260102-1510-BULL-OBS-001022-Z000874|FailureSource=BullFVG|FailureSourceZoneFreshness=SecondTouch|UnknownRegimeZoneTouch|RegimeUnknown"
"OPF-20260725-161545","OPF_0.1","OPF_RESEARCH_2.17","MNQ_0.1","MNQ_1Contract_Target150_200","OPF_PROFILE_0.1","20260102-1510-BULL-OBS-001022-Z000874-FR","2026-01-02T16:15:00.0000000",1035,"Outcome","Short","FailureReverse","FailureReverse_ObservationInvalidated",40,"WeakLT50",38.00,"QLT50","20260102-0250-BullFVG-000874","BullFVG","SecondTouch",1,18.25,"RiskGT15",26.00,"NearestStructure",1.4247,"RR_GE_1_2","Late","Excellent","ResearchWindowEnd",False,"",0,0,25577.00,25595.25,"FailureReverseResearch|FailureSourceSignalID=20260102-1510-BULL-OBS-001022-Z000874|FailureSource=BullFVG|FailureSourceZoneFreshness=SecondTouch|UnknownRegimeZoneTouch|RegimeUnknown"
"OPF-20260725-161545","OPF_0.1","OPF_RESEARCH_2.17","MNQ_0.1","MNQ_1Contract_Target150_200","OPF_PROFILE_0.1","20260102-1515-BULL-OBS-001023-Z000864-FR","2026-01-02T16:20:00.0000000",1036,"Outcome","Short","FailureReverse","FailureReverse_ObservationInvalidated_WideStop1_5R",40,"WeakLT50",42.00,"QLT50","20260102-0200-BullFVG-000864","BullFVG","SecondTouch",1,105.38,"RiskGT15",6.25,"NearestStructure",0.0593,"RR_LT_1_0","Late","Catastrophic","ResearchWindowEnd",False,"",0,0,25485.25,25590.63,"FailureReverseResearch|FailureSourceSignalID=20260102-1515-BULL-OBS-001023-Z000864|FailureSource=BullFVG|FailureSourceZoneFreshness=SecondTouch|UnknownRegimeZoneTouch|RegimeUnknown"
"OPF-20260725-161545","OPF_0.1","OPF_RESEARCH_2.17","MNQ_0.1","MNQ_1Contract_Target150_200","OPF_PROFILE_0.1","20260102-1515-BULL-OBS-001023-Z000864-FR","2026-01-02T16:20:00.0000000",1036,"Outcome","Short","FailureReverse","FailureReverse_ObservationInvalidated",40,"WeakLT50",42.00,"QLT50","20260102-0200-BullFVG-000864","BullFVG","SecondTouch",1,70.25,"RiskGT15",6.25,"NearestStructure",0.0890,"RR_LT_1_0","Late","Catastrophic","ResearchWindowEnd",False,"",0,0,25485.25,25555.50,"FailureReverseResearch|FailureSourceSignalID=20260102-1515-BULL-OBS-001023-Z000864|FailureSource=BullFVG|FailureSourceZoneFreshness=SecondTouch|UnknownRegimeZoneTouch|RegimeUnknown"
"OPF-20260725-161545","OPF_0.1","OPF_RESEARCH_2.17","MNQ_0.1","MNQ_1Contract_Target150_200","OPF_PROFILE_0.1","20260102-1515-BULL-OBS-001023-Z000869-FR","2026-01-02T16:20:00.0000000",1036,"Outcome","Short","FailureReverse","FailureReverse_ObservationInvalidated_WideStop1_5R",40,"WeakLT50",42.00,"QLT50","20260102-0225-BullFVG-000869","BullFVG","SecondTouch",1,146.62,"RiskGT15",6.25,"NearestStructure",0.0426,"RR_LT_1_0","Late","Good","ResearchWindowEnd",False,"",0,0,25485.25,25631.87,"FailureReverseResearch|FailureSourceSignalID=20260102-1515-BULL-OBS-001023-Z000869|FailureSource=BullFVG|FailureSourceZoneFreshness=SecondTouch|UnknownRegimeZoneTouch|RegimeUnknown"
"OPF-20260725-161545","OPF_0.1","OPF_RESEARCH_2.17","MNQ_0.1","MNQ_1Contract_Target150_200","OPF_PROFILE_0.1","20260102-1515-BULL-OBS-001023-Z000869-FR","2026-01-02T16:20:00.0000000",1036,"Outcome","Short","FailureReverse","FailureReverse_ObservationInvalidated",40,"WeakLT50",42.00,"QLT50","20260102-0225-BullFVG-000869","BullFVG","SecondTouch",1,97.75,"RiskGT15",6.25,"NearestStructure",0.0639,"RR_LT_1_0","Late","Catastrophic","ResearchWindowEnd",False,"",0,0,25485.25,25583.00,"FailureReverseResearch|FailureSourceSignalID=20260102-1515-BULL-OBS-001023-Z000869|FailureSource=BullFVG|FailureSourceZoneFreshness=SecondTouch|UnknownRegimeZoneTouch|RegimeUnknown"
"OPF-20260725-161545","OPF_0.1","OPF_RESEARCH_2.17","MNQ_0.1","MNQ_1Contract_Target150_200","OPF_PROFILE_0.1","20260102-1535-BULL-OBS-001027-Z001027","2026-01-02T16:35:00.0000000",1039,"Outcome","Long","TrendPullback","ZoneBirthResearch",40,"WeakLT50",45.00,"QLT50","20260102-1535-BullFVG-001027","BullFVG","Fresh",0,49.25,"RiskGT15",6.00,"NearestStructure",0.1218,"RR_LT_1_0","Late","Catastrophic","ResearchWindowEnd",False,"",0,0,25556.50,25507.25,"ObservationResearch|ZoneJustCreated|Regime=Unknown"
"OPF-20260725-161545","OPF_0.1","OPF_RESEARCH_2.17","MNQ_0.1","MNQ_1Contract_Target150_200","OPF_PROFILE_0.1","20260102-1540-BULL-OBS-001028-Z001028","2026-01-02T16:40:00.0000000",1040,"Outcome","Long","TrendPullback","ZoneBirthResearch",60,"Weak50_69",65.00,"Q50_69","20260102-1540-BullFVG-001028","BullFVG","Fresh",0,35.50,"RiskGT15",11.50,"NearestStructure",0.3239,"RR_LT_1_0","Late","Catastrophic","ResearchWindowEnd",False,"",0,0,25582.00,25546.50,"ObservationResearch|ZoneJustCreated|Regime=Unknown"
"OPF-20260725-161545","OPF_0.1","OPF_RESEARCH_2.17","MNQ_0.1","MNQ_1Contract_Target150_200","OPF_PROFILE_0.1","20260102-1535-BULL-OBS-001027-Z001027-OC-STR","2026-01-02T16:40:00.0000000",1040,"Outcome","Long","TrendPullback","ObservationStrict_BullFresh_WideStop1_5R",40,"WeakLT50",60.00,"Q50_69","20260102-1535-BullFVG-001027","BullFVG","Fresh",0,112.12,"RiskGT15",11.50,"NearestStructure",0.1026,"RR_LT_1_0","Late","Catastrophic","ResearchWindowEnd",False,"",0,0,25582.00,25469.88,"ObservationResearch|ZoneJustCreated|Regime=Unknown|ObservationConfirmResearch|ZoneBirthResearch|ReclaimZoneHigh|ObservationConfirmStrictResearch|ObservationStrict_BullFresh|ZoneBirthResearch|ReclaimZoneHigh"
"OPF-20260725-161545","OPF_0.1","OPF_RESEARCH_2.17","MNQ_0.1","MNQ_1Contract_Target150_200","OPF_PROFILE_0.1","20260102-1535-BULL-OBS-001027-Z001027-OC-STR","2026-01-02T16:40:00.0000000",1040,"Outcome","Long","TrendPullback","ObservationStrict_BullFresh",40,"WeakLT50",60.00,"Q50_69","20260102-1535-BullFVG-001027","BullFVG","Fresh",0,74.75,"RiskGT15",89.70,"StrictBullFreshMin1_2R",1.2,"RR_GE_1_2","Late","Catastrophic","ResearchWindowEnd",False,"",0,0,25582.00,25507.25,"ObservationResearch|ZoneJustCreated|Regime=Unknown|ObservationConfirmResearch|ZoneBirthResearch|ReclaimZoneHigh|ObservationConfirmStrictResearch|ObservationStrict_BullFresh|ZoneBirthResearch|ReclaimZoneHigh"
"OPF-20260725-161545","OPF_0.1","OPF_RESEARCH_2.17","MNQ_0.1","MNQ_1Contract_Target150_200","OPF_PROFILE_0.1","20260102-1535-BULL-OBS-001027-Z001027-OC","2026-01-02T16:40:00.0000000",1040,"Outcome","Long","TrendPullback","ObservationConfirm_WideStop1_5R",40,"WeakLT50",60.00,"Q50_69","20260102-1535-BullFVG-001027","BullFVG","Fresh",0,112.12,"RiskGT15",11.50,"NearestStructure",0.1026,"RR_LT_1_0","Late","Catastrophic","ResearchWindowEnd",False,"",0,0,25582.00,25469.88,"ObservationResearch|ZoneJustCreated|Regime=Unknown|ObservationConfirmResearch|ZoneBirthResearch|ReclaimZoneHigh"
"OPF-20260725-161545","OPF_0.1","OPF_RESEARCH_2.17","MNQ_0.1","MNQ_1Contract_Target150_200","OPF_PROFILE_0.1","20260102-1535-BULL-OBS-001027-Z001027-OC","2026-01-02T16:40:00.0000000",1040,"Outcome","Long","TrendPullback","ObservationConfirm",40,"WeakLT50",60.00,"Q50_69","20260102-1535-BullFVG-001027","BullFVG","Fresh",0,74.75,"RiskGT15",112.12,"ObservationConfirmTargetR:1.5",1.4999,"RR_GE_1_2","Late","Catastrophic","ResearchWindowEnd",False,"",0,0,25582.00,25507.25,"ObservationResearch|ZoneJustCreated|Regime=Unknown|ObservationConfirmResearch|ZoneBirthResearch|ReclaimZoneHigh"
"OPF-20260725-161545","OPF_0.1","OPF_RESEARCH_2.17","MNQ_0.1","MNQ_1Contract_Target150_200","OPF_PROFILE_0.1","20260102-1510-BULL-OBS-001022-Z000874-FR-RT","2026-01-02T16:45:00.0000000",1041,"Outcome","Short","FailureReverse","FailureReverse_RetestFailed_WideStop1_5R",40,"WeakLT50",52.00,"Q50_69","20260102-0250-BullFVG-000874","BullFVG","SecondTouch",1,98.25,"RiskGT15",2.50,"NearestStructure",0.0254,"RR_LT_1_0","Late","Excellent","ResearchWindowEnd",False,"",0,0,25529.75,25628.00,"FailureReverseResearch|FailureSourceSignalID=20260102-1510-BULL-OBS-001022-Z000874|FailureSource=BullFVG|FailureSourceZoneFreshness=SecondTouch|UnknownRegimeZoneTouch|RegimeUnknown|FailureRetestFailedTriggered|ReclaimZoneLow"
"OPF-20260725-161545","OPF_0.1","OPF_RESEARCH_2.17","MNQ_0.1","MNQ_1Contract_Target150_200","OPF_PROFILE_0.1","20260102-1510-BULL-OBS-001022-Z000874-FR-RT","2026-01-02T16:45:00.0000000",1041,"Outcome","Short","FailureReverse","FailureReverse_RetestFailed",40,"WeakLT50",52.00,"Q50_69","20260102-0250-BullFVG-000874","BullFVG","SecondTouch",1,65.50,"RiskGT15",78.60,"FailureRetestMin1_2R",1.2,"RR_GE_1_2","Late","Excellent","ResearchWindowEnd",False,"",0,0,25529.75,25595.25,"FailureReverseResearch|FailureSourceSignalID=20260102-1510-BULL-OBS-001022-Z000874|FailureSource=BullFVG|FailureSourceZoneFreshness=SecondTouch|UnknownRegimeZoneTouch|RegimeUnknown|FailureRetestFailedTriggered|ReclaimZoneLow"
"OPF-20260725-161545","OPF_0.1","OPF_RESEARCH_2.17","MNQ_0.1","MNQ_1Contract_Target150_200","OPF_PROFILE_0.1","20260102-1515-BULL-OBS-001023-Z000869-FR-RT","2026-01-02T16:45:00.0000000",1041,"Outcome","Short","FailureReverse","FailureReverse_RetestFailed_WideStop1_5R",40,"WeakLT50",52.00,"Q50_69","20260102-0225-BullFVG-000869","BullFVG","SecondTouch",1,79.88,"RiskGT15",2.50,"NearestStructure",0.0313,"RR_LT_1_0","Late","Excellent","ResearchWindowEnd",False,"",0,0,25529.75,25609.63,"FailureReverseResearch|FailureSourceSignalID=20260102-1515-BULL-OBS-001023-Z000869|FailureSource=BullFVG|FailureSourceZoneFreshness=SecondTouch|UnknownRegimeZoneTouch|RegimeUnknown|FailureRetestFailedTriggered|ReclaimZoneLow"
"OPF-20260725-161545","OPF_0.1","OPF_RESEARCH_2.17","MNQ_0.1","MNQ_1Contract_Target150_200","OPF_PROFILE_0.1","20260102-1515-BULL-OBS-001023-Z000869-FR-RT","2026-01-02T16:45:00.0000000",1041,"Outcome","Short","FailureReverse","FailureReverse_RetestFailed",40,"WeakLT50",52.00,"Q50_69","20260102-0225-BullFVG-000869","BullFVG","SecondTouch",1,53.25,"RiskGT15",63.90,"FailureRetestMin1_2R",1.2,"RR_GE_1_2","Late","Excellent","ResearchWindowEnd",False,"",0,0,25529.75,25583.00,"FailureReverseResearch|FailureSourceSignalID=20260102-1515-BULL-OBS-001023-Z000869|FailureSource=BullFVG|FailureSourceZoneFreshness=SecondTouch|UnknownRegimeZoneTouch|RegimeUnknown|FailureRetestFailedTriggered|ReclaimZoneLow"
"OPF-20260725-161545","OPF_0.1","OPF_RESEARCH_2.17","MNQ_0.1","MNQ_1Contract_Target150_200","OPF_PROFILE_0.1","20260102-1515-BULL-OBS-001023-Z000864-FR-RT","2026-01-02T16:45:00.0000000",1041,"Outcome","Short","FailureReverse","FailureReverse_RetestFailed_WideStop1_5R",40,"WeakLT50",52.00,"Q50_69","20260102-0200-BullFVG-000864","BullFVG","SecondTouch",1,38.62,"RiskGT15",2.50,"NearestStructure",0.0647,"RR_LT_1_0","Late","Excellent","ResearchWindowEnd",False,"",0,0,25529.75,25568.37,"FailureReverseResearch|FailureSourceSignalID=20260102-1515-BULL-OBS-001023-Z000864|FailureSource=BullFVG|FailureSourceZoneFreshness=SecondTouch|UnknownRegimeZoneTouch|RegimeUnknown|FailureRetestFailedTriggered|ReclaimZoneLow"
"OPF-20260725-161545","OPF_0.1","OPF_RESEARCH_2.17","MNQ_0.1","MNQ_1Contract_Target150_200","OPF_PROFILE_0.1","20260102-1515-BULL-OBS-001023-Z000864-FR-RT","2026-01-02T16:45:00.0000000",1041,"Outcome","Short","FailureReverse","FailureReverse_RetestFailed",40,"WeakLT50",52.00,"Q50_69","20260102-0200-BullFVG-000864","BullFVG","SecondTouch",1,25.75,"RiskGT15",30.90,"FailureRetestMin1_2R",1.2,"RR_GE_1_2","Late","Excellent","ResearchWindowEnd",False,"",0,0,25529.75,25555.50,"FailureReverseResearch|FailureSourceSignalID=20260102-1515-BULL-OBS-001023-Z000864|FailureSource=BullFVG|FailureSourceZoneFreshness=SecondTouch|UnknownRegimeZoneTouch|RegimeUnknown|FailureRetestFailedTriggered|ReclaimZoneLow"
"OPF-20260725-161545","OPF_0.1","OPF_RESEARCH_2.17","MNQ_0.1","MNQ_1Contract_Target150_200","OPF_PROFILE_0.1","20260102-1540-BULL-OBS-001028-Z001028-FR","2026-01-02T16:45:00.0000000",1041,"Outcome","Short","FailureReverse","FailureReverse_ObservationInvalidated_WideStop1_5R",60,"Weak50_69",70.00,"Q70_79","20260102-1540-BullFVG-001028","BullFVG","Fresh",0,27.75,"RiskGT15",2.50,"NearestStructure",0.0901,"RR_LT_1_0","Late","Excellent","ResearchWindowEnd",False,"",0,0,25529.75,25557.50,"FailureReverseResearch|FailureSourceSignalID=20260102-1540-BULL-OBS-001028-Z001028|FailureSource=BullFVG|FailureSourceZoneFreshness=Fresh|ZoneBirthResearch|ZoneJustCreated"
"OPF-20260725-161545","OPF_0.1","OPF_RESEARCH_2.17","MNQ_0.1","MNQ_1Contract_Target150_200","OPF_PROFILE_0.1","20260102-1540-BULL-OBS-001028-Z001028-FR","2026-01-02T16:45:00.0000000",1041,"Outcome","Short","FailureReverse","FailureReverse_ObservationInvalidated",60,"Weak50_69",70.00,"Q70_79","20260102-1540-BullFVG-001028","BullFVG","Fresh",0,18.50,"RiskGT15",2.50,"NearestStructure",0.1351,"RR_LT_1_0","Late","Excellent","ResearchWindowEnd",False,"",0,0,25529.75,25548.25,"FailureReverseResearch|FailureSourceSignalID=20260102-1540-BULL-OBS-001028-Z001028|FailureSource=BullFVG|FailureSourceZoneFreshness=Fresh|ZoneBirthResearch|ZoneJustCreated"
"OPF-20260725-161545","OPF_0.1","OPF_RESEARCH_2.17","MNQ_0.1","MNQ_1Contract_Target150_200","OPF_PROFILE_0.1","20260102-1655-BEAR-BRK-001043-Z001043","2026-01-02T16:55:00.0000000",1043,"Tracked","Short","TrendPullback","BreakawayFvg",80,"Passed",85.00,"Q80Plus","20260102-1655-BearFVG-001043","BearFVG","Fresh",0,10.25,"RiskLE11",15.38,"BreakawayTargetR:1.5",1.5005,"RR_GE_1_5","Late","","",False,"",0,0,25341.50,25351.75,"BreakawayFvgResearch"
"OPF-20260725-161545","OPF_0.1","OPF_RESEARCH_2.17","MNQ_0.1","MNQ_1Contract_Target150_200","OPF_PROFILE_0.1","20260102-1655-BEAR-OBS-001043-Z001043","2026-01-02T16:55:00.0000000",1043,"Tracked","Short","TrendPullback","ZoneBirthResearch",80,"Passed",75.00,"Q70_79","20260102-1655-BearFVG-001043","BearFVG","Fresh",0,10.25,"RiskLE11",7.75,"NearestStructure",0.7561,"RR_LT_1_0","Late","","",False,"",0,0,25341.50,25351.75,"ObservationResearch|ZoneJustCreated|Regime=BearTrend"
"OPF-20260725-161545","OPF_0.1","OPF_RESEARCH_2.17","MNQ_0.1","MNQ_1Contract_Target150_200","OPF_PROFILE_0.1","20260102-1700-BEAR-PB-001044-Z001043","2026-01-02T17:00:00.0000000",1044,"Tracked","Short","TrendPullback","AlmostConfirmed",80,"Passed",80.00,"Q80Plus","20260102-1655-BearFVG-001043","BearFVG","Fresh",0,24.75,"RiskGT15",5.00,"NearestStructure",0.2020,"RR_LT_1_0","Late","","",False,"",0,0,25327.00,25351.75,"MainlineRetest"
"OPF-20260725-161545","OPF_0.1","OPF_RESEARCH_2.17","MNQ_0.1","MNQ_1Contract_Target150_200","OPF_PROFILE_0.1","20260102-1655-BEAR-SHD-001043-Z001043","2026-01-02T17:00:00.0000000",1044,"Tracked","Short","TrendPullback","ShadowCandidate",80,"Passed",75.00,"Q70_79","20260102-1655-BearFVG-001043","BearFVG","Fresh",0,24.75,"RiskGT15",37.12,"ShadowCandidateTargetR:1.5",1.4998,"RR_GE_1_2","Late","","",False,"",0,0,25327.00,25351.75,"ShadowCandidateResearch|ZoneJustCreated|ReclaimZoneLow"
"OPF-20260725-161545","OPF_0.1","OPF_RESEARCH_2.17","MNQ_0.1","MNQ_1Contract_Target150_200","OPF_PROFILE_0.1","20260102-1655-BEAR-OBS-001043-Z001043-OC","2026-01-02T17:00:00.0000000",1044,"Tracked","Short","TrendPullback","ObservationConfirm",80,"Passed",100.00,"Q80Plus","20260102-1655-BearFVG-001043","BearFVG","Fresh",0,24.75,"RiskGT15",37.12,"ObservationConfirmTargetR:1.5",1.4998,"RR_GE_1_2","Late","","",False,"",0,0,25327.00,25351.75,"ObservationResearch|ZoneJustCreated|Regime=BearTrend|ObservationConfirmResearch|ZoneBirthResearch|ReclaimZoneLow"
"OPF-20260725-161545","OPF_0.1","OPF_RESEARCH_2.17","MNQ_0.1","MNQ_1Contract_Target150_200","OPF_PROFILE_0.1","20260102-1655-BEAR-OBS-001043-Z001043-OC","2026-01-02T17:00:00.0000000",1044,"Tracked","Short","TrendPullback","ObservationConfirm_WideStop1_5R",80,"Passed",100.00,"Q80Plus","20260102-1655-BearFVG-001043","BearFVG","Fresh",0,37.12,"RiskGT15",5.00,"NearestStructure",0.1347,"RR_LT_1_0","Late","","",False,"",0,0,25327.00,25364.12,"ObservationResearch|ZoneJustCreated|Regime=BearTrend|ObservationConfirmResearch|ZoneBirthResearch|ReclaimZoneLow"
"OPF-20260725-161545","OPF_0.1","OPF_RESEARCH_2.17","MNQ_0.1","MNQ_1Contract_Target150_200","OPF_PROFILE_0.1","20260102-1700-BEAR-OBS-001044-Z001043","2026-01-02T17:00:00.0000000",1044,"Tracked","Short","TrendPullback","UnknownRegimeZoneTouch",50,"Weak50_69",57.00,"Q50_69","20260102-1655-BearFVG-001043","BearFVG","SecondTouch",1,24.75,"RiskGT15",5.00,"NearestStructure",0.2020,"RR_LT_1_0","Late","","",False,"",0,0,25327.00,25351.75,"ObservationResearch|RegimeUnknown|Regime=Unknown"
"OPF-20260725-161545","OPF_0.1","OPF_RESEARCH_2.17","MNQ_0.1","MNQ_1Contract_Target150_200","OPF_PROFILE_0.1","20260102-1700-BEAR-OBS-001044-Z001043-FR","2026-01-02T17:10:00.0000000",1046,"Tracked","Long","FailureReverse","FailureReverse_ObservationInvalidated",50,"Weak50_69",62.00,"Q50_69","20260102-1655-BearFVG-001043","BearFVG","SecondTouch",1,52.25,"RiskGT15",9.00,"NearestStructure",0.1722,"RR_LT_1_0","Late","","",False,"",0,0,25396.50,25344.25,"FailureReverseResearch|FailureSourceSignalID=20260102-1700-BEAR-OBS-001044-Z001043|FailureSource=BearFVG|FailureSourceZoneFreshness=SecondTouch|UnknownRegimeZoneTouch|RegimeUnknown"
"OPF-20260725-161545","OPF_0.1","OPF_RESEARCH_2.17","MNQ_0.1","MNQ_1Contract_Target150_200","OPF_PROFILE_0.1","20260102-1700-BEAR-OBS-001044-Z001043-FR","2026-01-02T17:10:00.0000000",1046,"Tracked","Long","FailureReverse","FailureReverse_ObservationInvalidated_WideStop1_5R",50,"Weak50_69",62.00,"Q50_69","20260102-1655-BearFVG-001043","BearFVG","SecondTouch",1,78.38,"RiskGT15",9.00,"NearestStructure",0.1148,"RR_LT_1_0","Late","","",False,"",0,0,25396.50,25318.12,"FailureReverseResearch|FailureSourceSignalID=20260102-1700-BEAR-OBS-001044-Z001043|FailureSource=BearFVG|FailureSourceZoneFreshness=SecondTouch|UnknownRegimeZoneTouch|RegimeUnknown"
"OPF-20260725-161545","OPF_0.1","OPF_RESEARCH_2.17","MNQ_0.1","MNQ_1Contract_Target150_200","OPF_PROFILE_0.1","20260102-1655-BEAR-OBS-001043-Z001043","2026-01-02T17:55:00.0000000",1055,"Outcome","Short","TrendPullback","ZoneBirthResearch",80,"Passed",75.00,"Q70_79","20260102-1655-BearFVG-001043","BearFVG","Fresh",0,10.25,"RiskLE11",10.50,"NearestStructure",1.0244,"RR_GE_1_0","Late","Excellent","ResearchWindowEnd",False,"",0,0,25341.50,25351.75,"ObservationResearch|ZoneJustCreated|Regime=BearTrend"
"OPF-20260725-161545","OPF_0.1","OPF_RESEARCH_2.17","MNQ_0.1","MNQ_1Contract_Target150_200","OPF_PROFILE_0.1","20260102-1655-BEAR-BRK-001043-Z001043","2026-01-02T17:55:00.0000000",1055,"Outcome","Short","TrendPullback","BreakawayFvg",80,"Passed",85.00,"Q80Plus","20260102-1655-BearFVG-001043","BearFVG","Fresh",0,10.25,"RiskLE11",15.38,"BreakawayTargetR:1.5",1.5005,"RR_GE_1_5","Late","Excellent","ResearchWindowEnd",True,"SL",0,0.00,25341.50,25351.75,"BreakawayFvgResearch"
"OPF-20260725-161545","OPF_0.1","OPF_RESEARCH_2.17","MNQ_0.1","MNQ_1Contract_Target150_200","OPF_PROFILE_0.1","20260102-1700-BEAR-OBS-001044-Z001043","2026-01-02T18:00:00.0000000",1056,"Outcome","Short","TrendPullback","UnknownRegimeZoneTouch",50,"Weak50_69",57.00,"Q50_69","20260102-1655-BearFVG-001043","BearFVG","SecondTouch",1,24.75,"RiskGT15",0.75,"NearestStructure",0.0303,"RR_LT_1_0","Late","Catastrophic","ResearchWindowEnd",False,"",0,0,25327.00,25351.75,"ObservationResearch|RegimeUnknown|Regime=Unknown"
"OPF-20260725-161545","OPF_0.1","OPF_RESEARCH_2.17","MNQ_0.1","MNQ_1Contract_Target150_200","OPF_PROFILE_0.1","20260102-1655-BEAR-OBS-001043-Z001043-OC","2026-01-02T18:00:00.0000000",1056,"Outcome","Short","TrendPullback","ObservationConfirm_WideStop1_5R",80,"Passed",100.00,"Q80Plus","20260102-1655-BearFVG-001043","BearFVG","Fresh",0,37.12,"RiskGT15",0.75,"NearestStructure",0.0202,"RR_LT_1_0","Late","Catastrophic","ResearchWindowEnd",False,"",0,0,25327.00,25364.12,"ObservationResearch|ZoneJustCreated|Regime=BearTrend|ObservationConfirmResearch|ZoneBirthResearch|ReclaimZoneLow"
"OPF-20260725-161545","OPF_0.1","OPF_RESEARCH_2.17","MNQ_0.1","MNQ_1Contract_Target150_200","OPF_PROFILE_0.1","20260102-1655-BEAR-OBS-001043-Z001043-OC","2026-01-02T18:00:00.0000000",1056,"Outcome","Short","TrendPullback","ObservationConfirm",80,"Passed",100.00,"Q80Plus","20260102-1655-BearFVG-001043","BearFVG","Fresh",0,24.75,"RiskGT15",37.12,"ObservationConfirmTargetR:1.5",1.4998,"RR_GE_1_2","Late","Catastrophic","ResearchWindowEnd",False,"",0,0,25327.00,25351.75,"ObservationResearch|ZoneJustCreated|Regime=BearTrend|ObservationConfirmResearch|ZoneBirthResearch|ReclaimZoneLow"
"OPF-20260725-161545","OPF_0.1","OPF_RESEARCH_2.17","MNQ_0.1","MNQ_1Contract_Target150_200","OPF_PROFILE_0.1","20260102-1655-BEAR-SHD-001043-Z001043","2026-01-02T18:00:00.0000000",1056,"Outcome","Short","TrendPullback","ShadowCandidate",80,"Passed",75.00,"Q70_79","20260102-1655-BearFVG-001043","BearFVG","Fresh",0,24.75,"RiskGT15",37.12,"ShadowCandidateTargetR:1.5",1.4998,"RR_GE_1_2","Late","Catastrophic","ResearchWindowEnd",False,"",0,0,25327.00,25351.75,"ShadowCandidateResearch|ZoneJustCreated|ReclaimZoneLow"
"OPF-20260725-161545","OPF_0.1","OPF_RESEARCH_2.17","MNQ_0.1","MNQ_1Contract_Target150_200","OPF_PROFILE_0.1","20260102-1700-BEAR-PB-001044-Z001043","2026-01-02T18:00:00.0000000",1056,"Outcome","Short","TrendPullback","AlmostConfirmed",80,"Passed",80.00,"Q80Plus","20260102-1655-BearFVG-001043","BearFVG","Fresh",0,24.75,"RiskGT15",0.75,"NearestStructure",0.0303,"RR_LT_1_0","Late","Catastrophic","ResearchWindowEnd",False,"",0,0,25327.00,25351.75,"MainlineRetest"
"OPF-20260725-161545","OPF_0.1","OPF_RESEARCH_2.17","MNQ_0.1","MNQ_1Contract_Target150_200","OPF_PROFILE_0.1","20260102-1700-BEAR-OBS-001044-Z001043-FR","2026-01-02T18:10:00.0000000",1058,"Outcome","Long","FailureReverse","FailureReverse_ObservationInvalidated_WideStop1_5R",50,"Weak50_69",62.00,"Q50_69","20260102-1655-BearFVG-001043","BearFVG","SecondTouch",1,78.38,"RiskGT15",4.75,"NearestStructure",0.0606,"RR_LT_1_0","Late","Catastrophic","ResearchWindowEnd",False,"",0,0,25396.50,25318.12,"FailureReverseResearch|FailureSourceSignalID=20260102-1700-BEAR-OBS-001044-Z001043|FailureSource=BearFVG|FailureSourceZoneFreshness=SecondTouch|UnknownRegimeZoneTouch|RegimeUnknown"
"OPF-20260725-161545","OPF_0.1","OPF_RESEARCH_2.17","MNQ_0.1","MNQ_1Contract_Target150_200","OPF_PROFILE_0.1","20260102-1700-BEAR-OBS-001044-Z001043-FR","2026-01-02T18:10:00.0000000",1058,"Outcome","Long","FailureReverse","FailureReverse_ObservationInvalidated",50,"Weak50_69",62.00,"Q50_69","20260102-1655-BearFVG-001043","BearFVG","SecondTouch",1,52.25,"RiskGT15",4.75,"NearestStructure",0.0909,"RR_LT_1_0","Late","Catastrophic","ResearchWindowEnd",False,"",0,0,25396.50,25344.25,"FailureReverseResearch|FailureSourceSignalID=20260102-1700-BEAR-OBS-001044-Z001043|FailureSource=BearFVG|FailureSourceZoneFreshness=SecondTouch|UnknownRegimeZoneTouch|RegimeUnknown"
"OPF-20260725-161545","OPF_0.1","OPF_RESEARCH_2.17","MNQ_0.1","MNQ_1Contract_Target150_200","OPF_PROFILE_0.1","20260102-1915-BULL-OBS-001071-Z001071","2026-01-02T19:15:00.0000000",1071,"Tracked","Long","TrendPullback","ZoneBirthResearch",20,"WeakLT50",35.00,"QLT50","20260102-1915-BullFVG-001071","BullFVG","Fresh",0,12.75,"RiskLE15",9.50,"NearestStructure",0.7451,"RR_LT_1_0","Late","","",False,"",0,0,25375.00,25362.25,"ObservationResearch|ZoneJustCreated|Regime=Unknown"
"OPF-20260725-161545","OPF_0.1","OPF_RESEARCH_2.17","MNQ_0.1","MNQ_1Contract_Target150_200","OPF_PROFILE_0.1","20260102-1915-BULL-OBS-001071-Z001071-OC","2026-01-02T19:20:00.0000000",1072,"Tracked","Long","TrendPullback","ObservationConfirm",20,"WeakLT50",60.00,"Q50_69","20260102-1915-BullFVG-001071","BullFVG","Fresh",0,46.75,"RiskGT15",70.12,"ObservationConfirmTargetR:1.5",1.4999,"RR_GE_1_2","Late","","",False,"",0,0,25409.00,25362.25,"ObservationResearch|ZoneJustCreated|Regime=Unknown|ObservationConfirmResearch|ZoneBirthResearch|ReclaimZoneHigh"
"OPF-20260725-161545","OPF_0.1","OPF_RESEARCH_2.17","MNQ_0.1","MNQ_1Contract_Target150_200","OPF_PROFILE_0.1","20260102-1915-BULL-OBS-001071-Z001071-OC","2026-01-02T19:20:00.0000000",1072,"Tracked","Long","TrendPullback","ObservationConfirm_WideStop1_5R",20,"WeakLT50",60.00,"Q50_69","20260102-1915-BullFVG-001071","BullFVG","Fresh",0,70.12,"RiskGT15",0,"NearestStructure",0,"RR_LT_1_0","Late","","",False,"",0,0,25409.00,25338.88,"ObservationResearch|ZoneJustCreated|Regime=Unknown|ObservationConfirmResearch|ZoneBirthResearch|ReclaimZoneHigh"
"OPF-20260725-161545","OPF_0.1","OPF_RESEARCH_2.17","MNQ_0.1","MNQ_1Contract_Target150_200","OPF_PROFILE_0.1","20260102-1920-BULL-OBS-001072-Z001071","2026-01-02T19:20:00.0000000",1072,"Tracked","Long","TrendPullback","UnknownRegimeZoneTouch",20,"WeakLT50",37.00,"QLT50","20260102-1915-BullFVG-001071","BullFVG","SecondTouch",1,46.75,"RiskGT15",0,"NearestStructure",0,"RR_LT_1_0","Late","","",False,"",0,0,25409.00,25362.25,"ObservationResearch|RegimeUnknown|Regime=Unknown"
"OPF-20260725-161545","OPF_0.1","OPF_RESEARCH_2.17","MNQ_0.1","MNQ_1Contract_Target150_200","OPF_PROFILE_0.1","20260102-1920-BULL-OBS-001072-Z001071-OC","2026-01-02T19:25:00.0000000",1073,"Tracked","Long","TrendPullback","ObservationConfirm",20,"WeakLT50",52.00,"Q50_69","20260102-1915-BullFVG-001071","BullFVG","SecondTouch",1,49.00,"RiskGT15",73.50,"ObservationConfirmTargetR:1.5",1.5,"RR_GE_1_5","Late","","",False,"",0,0,25411.25,25362.25,"ObservationResearch|RegimeUnknown|Regime=Unknown|ObservationConfirmResearch|UnknownRegimeZoneTouch|ReclaimZoneHigh"
"OPF-20260725-161545","OPF_0.1","OPF_RESEARCH_2.17","MNQ_0.1","MNQ_1Contract_Target150_200","OPF_PROFILE_0.1","20260102-1920-BULL-OBS-001072-Z001071-OC","2026-01-02T19:25:00.0000000",1073,"Tracked","Long","TrendPullback","ObservationConfirm_WideStop1_5R",20,"WeakLT50",52.00,"Q50_69","20260102-1915-BullFVG-001071","BullFVG","SecondTouch",1,73.50,"RiskGT15",0.75,"NearestStructure",0.0102,"RR_LT_1_0","Late","","",False,"",0,0,25411.25,25337.75,"ObservationResearch|RegimeUnknown|Regime=Unknown|ObservationConfirmResearch|UnknownRegimeZoneTouch|ReclaimZoneHigh"
"OPF-20260725-161545","OPF_0.1","OPF_RESEARCH_2.17","MNQ_0.1","MNQ_1Contract_Target150_200","OPF_PROFILE_0.1","20260102-1920-BULL-OBS-001072-Z001071-OC-STR","2026-01-02T19:25:00.0000000",1073,"Tracked","Long","TrendPullback","ObservationStrict_Other",20,"WeakLT50",52.00,"Q50_69","20260102-1915-BullFVG-001071","BullFVG","SecondTouch",1,49.00,"RiskGT15",0.75,"NearestStructure",0.0153,"RR_LT_1_0","Late","","",False,"",0,0,25411.25,25362.25,"ObservationResearch|RegimeUnknown|Regime=Unknown|ObservationConfirmResearch|UnknownRegimeZoneTouch|ReclaimZoneHigh|ObservationConfirmStrictResearch|ObservationStrict_Other|UnknownRegimeZoneTouch|ReclaimZoneHigh"
"OPF-20260725-161545","OPF_0.1","OPF_RESEARCH_2.17","MNQ_0.1","MNQ_1Contract_Target150_200","OPF_PROFILE_0.1","20260102-1920-BULL-OBS-001072-Z001071-OC-STR","2026-01-02T19:25:00.0000000",1073,"Tracked","Long","TrendPullback","ObservationStrict_Other_WideStop1_5R",20,"WeakLT50",52.00,"Q50_69","20260102-1915-BullFVG-001071","BullFVG","SecondTouch",1,73.50,"RiskGT15",0.75,"NearestStructure",0.0102,"RR_LT_1_0","Late","","",False,"",0,0,25411.25,25337.75,"ObservationResearch|RegimeUnknown|Regime=Unknown|ObservationConfirmResearch|UnknownRegimeZoneTouch|ReclaimZoneHigh|ObservationConfirmStrictResearch|ObservationStrict_Other|UnknownRegimeZoneTouch|ReclaimZoneHigh"
"OPF-20260725-161545","OPF_0.1","OPF_RESEARCH_2.17","MNQ_0.1","MNQ_1Contract_Target150_200","OPF_PROFILE_0.1","20260102-1935-BULL-OBS-001075-Z001075","2026-01-02T19:35:00.0000000",1075,"Tracked","Long","TrendPullback","ZoneBirthResearch",20,"WeakLT50",41.00,"QLT50","20260102-1935-BullFVG-001075","BullFVG","Fresh",0,21.25,"RiskGT15",3.25,"NearestStructure",0.1529,"RR_LT_1_0","Late","","",False,"",0,0,25440.75,25419.50,"ObservationResearch|ZoneJustCreated|Regime=Unknown"
"OPF-20260725-161545","OPF_0.1","OPF_RESEARCH_2.17","MNQ_0.1","MNQ_1Contract_Target150_200","OPF_PROFILE_0.1","20260102-1935-BULL-OBS-001075-Z001075-OC","2026-01-02T19:40:00.0000000",1076,"Tracked","Long","TrendPullback","ObservationConfirm",20,"WeakLT50",53.00,"Q50_69","20260102-1935-BullFVG-001075","BullFVG","Fresh",0,14.75,"RiskLE15",22.12,"ObservationConfirmTargetR:1.5",1.4997,"RR_GE_1_2","Late","","",False,"",0,0,25434.25,25419.50,"ObservationResearch|ZoneJustCreated|Regime=Unknown|ObservationConfirmResearch|ZoneBirthResearch|ReclaimZoneHigh"
"OPF-20260725-161545","OPF_0.1","OPF_RESEARCH_2.17","MNQ_0.1","MNQ_1Contract_Target150_200","OPF_PROFILE_0.1","20260102-1935-BULL-OBS-001075-Z001075-OC","2026-01-02T19:40:00.0000000",1076,"Tracked","Long","TrendPullback","ObservationConfirm_WideStop1_5R",20,"WeakLT50",53.00,"Q50_69","20260102-1935-BullFVG-001075","BullFVG","Fresh",0,22.12,"RiskGT15",9.75,"NearestStructure",0.4408,"RR_LT_1_0","Late","","",False,"",0,0,25434.25,25412.13,"ObservationResearch|ZoneJustCreated|Regime=Unknown|ObservationConfirmResearch|ZoneBirthResearch|ReclaimZoneHigh"
"OPF-20260725-161545","OPF_0.1","OPF_RESEARCH_2.17","MNQ_0.1","MNQ_1Contract_Target150_200","OPF_PROFILE_0.1","20260102-1935-BULL-OBS-001075-Z001075-OC-STR","2026-01-02T19:40:00.0000000",1076,"Tracked","Long","TrendPullback","ObservationStrict_BullFresh",20,"WeakLT50",53.00,"Q50_69","20260102-1935-BullFVG-001075","BullFVG","Fresh",0,14.75,"RiskLE15",17.70,"StrictBullFreshMin1_2R",1.2,"RR_GE_1_2","Late","","",False,"",0,0,25434.25,25419.50,"ObservationResearch|ZoneJustCreated|Regime=Unknown|ObservationConfirmResearch|ZoneBirthResearch|ReclaimZoneHigh|ObservationConfirmStrictResearch|ObservationStrict_BullFresh|ZoneBirthResearch|ReclaimZoneHigh"
"OPF-20260725-161545","OPF_0.1","OPF_RESEARCH_2.17","MNQ_0.1","MNQ_1Contract_Target150_200","OPF_PROFILE_0.1","20260102-1935-BULL-OBS-001075-Z001075-OC-STR","2026-01-02T19:40:00.0000000",1076,"Tracked","Long","TrendPullback","ObservationStrict_BullFresh_WideStop1_5R",20,"WeakLT50",53.00,"Q50_69","20260102-1935-BullFVG-001075","BullFVG","Fresh",0,22.12,"RiskGT15",9.75,"NearestStructure",0.4408,"RR_LT_1_0","Late","","",False,"",0,0,25434.25,25412.13,"ObservationResearch|ZoneJustCreated|Regime=Unknown|ObservationConfirmResearch|ZoneBirthResearch|ReclaimZoneHigh|ObservationConfirmStrictResearch|ObservationStrict_BullFresh|ZoneBirthResearch|ReclaimZoneHigh"
"OPF-20260725-161545","OPF_0.1","OPF_RESEARCH_2.17","MNQ_0.1","MNQ_1Contract_Target150_200","OPF_PROFILE_0.1","20260102-1945-BULL-OBS-001077-Z001075","2026-01-02T19:45:00.0000000",1077,"Tracked","Long","TrendPullback","UnknownRegimeZoneTouch",20,"WeakLT50",33.00,"QLT50","20260102-1935-BullFVG-001075","BullFVG","SecondTouch",1,15.25,"RiskGT15",9.25,"NearestStructure",0.6066,"RR_LT_1_0","Late","","",False,"",0,0,25434.75,25419.50,"ObservationResearch|RegimeUnknown|Regime=Unknown"
"OPF-20260725-161545","OPF_0.1","OPF_RESEARCH_2.17","MNQ_0.1","MNQ_1Contract_Target150_200","OPF_PROFILE_0.1","20260102-1945-BULL-OBS-001077-Z001075-FR","2026-01-02T19:50:00.0000000",1078,"Tracked","Short","FailureReverse","FailureReverse_ObservationInvalidated",20,"WeakLT50",42.00,"QLT50","20260102-1935-BullFVG-001075","BullFVG","SecondTouch",1,7.25,"RiskLE8_5",8.75,"NearestStructure",1.2069,"RR_GE_1_2","Late","","",False,"",0,0,25418.50,25425.75,"FailureReverseResearch|FailureSourceSignalID=20260102-1945-BULL-OBS-001077-Z001075|FailureSource=BullFVG|FailureSourceZoneFreshness=SecondTouch|UnknownRegimeZoneTouch|RegimeUnknown"
"OPF-20260725-161545","OPF_0.1","OPF_RESEARCH_2.17","MNQ_0.1","MNQ_1Contract_Target150_200","OPF_PROFILE_0.1","20260102-1945-BULL-OBS-001077-Z001075-FR","2026-01-02T19:50:00.0000000",1078,"Tracked","Short","FailureReverse","FailureReverse_ObservationInvalidated_WideStop1_5R",20,"WeakLT50",42.00,"QLT50","20260102-1935-BullFVG-001075","BullFVG","SecondTouch",1,10.88,"RiskLE11",8.75,"NearestStructure",0.8042,"RR_LT_1_0","Late","","",False,"",0,0,25418.50,25429.38,"FailureReverseResearch|FailureSourceSignalID=20260102-1945-BULL-OBS-001077-Z001075|FailureSource=BullFVG|FailureSourceZoneFreshness=SecondTouch|UnknownRegimeZoneTouch|RegimeUnknown"
"OPF-20260725-161545","OPF_0.1","OPF_RESEARCH_2.17","MNQ_0.1","MNQ_1Contract_Target150_200","OPF_PROFILE_0.1","20260102-1945-BULL-OBS-001077-Z001075-FR-AEW1","2026-01-02T19:55:00.0000000",1079,"Tracked","Short","FailureReverse","FailureReverse_ObservationInvalidated_WideStop1_5R",20,"WeakLT50",42.00,"QLT50","20260102-1935-BullFVG-001075","BullFVG","SecondTouch",1,31.88,"RiskGT15",5.00,"NearestStructure",0.1568,"RR_LT_1_0","Late","","",False,"",0,0,25400.00,25431.88,"FailureReverseResearch|FailureSourceSignalID=20260102-1945-BULL-OBS-001077-Z001075|FailureSource=BullFVG|FailureSourceZoneFreshness=SecondTouch|UnknownRegimeZoneTouch|RegimeUnknown|AggressiveExpansionWait1V165:originBar=1078|AggressiveExpansionWait1ConfirmBarStopV166|OriginPath=FailureReverse_ObservationInvalidated_WideStop1_5R"
"OPF-20260725-161545","OPF_0.1","OPF_RESEARCH_2.17","MNQ_0.1","MNQ_1Contract_Target150_200","OPF_PROFILE_0.1","20260102-1955-BEAR-OBS-001079-Z001079","2026-01-02T19:55:00.0000000",1079,"Tracked","Short","TrendPullback","ZoneBirthResearch",20,"WeakLT50",45.00,"QLT50","20260102-1955-BearFVG-001079","BearFVG","Fresh",0,22.25,"RiskGT15",5.00,"NearestStructure",0.2247,"RR_LT_1_0","Late","","",False,"",0,0,25400.00,25422.25,"ObservationResearch|ZoneJustCreated|Regime=Unknown"
"OPF-20260725-161545","OPF_0.1","OPF_RESEARCH_2.17","MNQ_0.1","MNQ_1Contract_Target150_200","OPF_PROFILE_0.1","20260102-1955-BEAR-OBS-001079-Z001079-OC","2026-01-02T20:00:00.0000000",1080,"Tracked","Short","TrendPullback","ObservationConfirm",20,"WeakLT50",53.00,"Q50_69","20260102-1955-BearFVG-001079","BearFVG","Fresh",0,12.00,"RiskLE15",18.00,"ObservationConfirmTargetR:1.5",1.5,"RR_GE_1_5","Late","","",False,"",0,0,25410.25,25422.25,"ObservationResearch|ZoneJustCreated|Regime=Unknown|ObservationConfirmResearch|ZoneBirthResearch|ReclaimZoneLow"
"OPF-20260725-161545","OPF_0.1","OPF_RESEARCH_2.17","MNQ_0.1","MNQ_1Contract_Target150_200","OPF_PROFILE_0.1","20260102-1955-BEAR-OBS-001079-Z001079-OC","2026-01-02T20:00:00.0000000",1080,"Tracked","Short","TrendPullback","ObservationConfirm_WideStop1_5R",20,"WeakLT50",53.00,"Q50_69","20260102-1955-BearFVG-001079","BearFVG","Fresh",0,18.00,"RiskGT15",0.50,"NearestStructure",0.0278,"RR_LT_1_0","Late","","",False,"",0,0,25410.25,25428.25,"ObservationResearch|ZoneJustCreated|Regime=Unknown|ObservationConfirmResearch|ZoneBirthResearch|ReclaimZoneLow"
"OPF-20260725-161545","OPF_0.1","OPF_RESEARCH_2.17","MNQ_0.1","MNQ_1Contract_Target150_200","OPF_PROFILE_0.1","20260102-1945-BULL-OBS-001077-Z001075-FR-RT","2026-01-02T20:00:00.0000000",1080,"Tracked","Short","FailureReverse","FailureReverse_RetestFailed",20,"WeakLT50",45.00,"QLT50","20260102-1935-BullFVG-001075","BullFVG","SecondTouch",1,15.50,"RiskGT15",18.60,"FailureRetestMin1_2R",1.2,"RR_GE_1_2","Late","","",False,"",0,0,25410.25,25425.75,"FailureReverseResearch|FailureSourceSignalID=20260102-1945-BULL-OBS-001077-Z001075|FailureSource=BullFVG|FailureSourceZoneFreshness=SecondTouch|UnknownRegimeZoneTouch|RegimeUnknown|FailureRetestFailedTriggered|ReclaimZoneLow"
"OPF-20260725-161545","OPF_0.1","OPF_RESEARCH_2.17","MNQ_0.1","MNQ_1Contract_Target150_200","OPF_PROFILE_0.1","20260102-1945-BULL-OBS-001077-Z001075-FR-RT","2026-01-02T20:00:00.0000000",1080,"Tracked","Short","FailureReverse","FailureReverse_RetestFailed_WideStop1_5R",20,"WeakLT50",45.00,"QLT50","20260102-1935-BullFVG-001075","BullFVG","SecondTouch",1,23.25,"RiskGT15",0.50,"NearestStructure",0.0215,"RR_LT_1_0","Late","","",False,"",0,0,25410.25,25433.50,"FailureReverseResearch|FailureSourceSignalID=20260102-1945-BULL-OBS-001077-Z001075|FailureSource=BullFVG|FailureSourceZoneFreshness=SecondTouch|UnknownRegimeZoneTouch|RegimeUnknown|FailureRetestFailedTriggered|ReclaimZoneLow"
"OPF-20260725-161545","OPF_0.1","OPF_RESEARCH_2.17","MNQ_0.1","MNQ_1Contract_Target150_200","OPF_PROFILE_0.1","20260102-1915-BULL-OBS-001071-Z001071","2026-01-02T20:15:00.0000000",1083,"Outcome","Long","TrendPullback","ZoneBirthResearch",20,"WeakLT50",35.00,"QLT50","20260102-1915-BullFVG-001071","BullFVG","Fresh",0,12.75,"RiskLE15",19.25,"NearestStructure",1.5098,"RR_GE_1_5","Late","Excellent","ResearchWindowEnd",False,"",0,0,25375.00,25362.25,"ObservationResearch|ZoneJustCreated|Regime=Unknown"
"OPF-20260725-161545","OPF_0.1","OPF_RESEARCH_2.17","MNQ_0.1","MNQ_1Contract_Target150_200","OPF_PROFILE_0.1","20260102-1920-BULL-OBS-001072-Z001071","2026-01-02T20:20:00.0000000",1084,"Outcome","Long","TrendPullback","UnknownRegimeZoneTouch",20,"WeakLT50",37.00,"QLT50","20260102-1915-BullFVG-001071","BullFVG","SecondTouch",1,46.75,"RiskGT15",3.00,"NearestStructure",0.0642,"RR_LT_1_0","Late","Good","ResearchWindowEnd",False,"",0,0,25409.00,25362.25,"ObservationResearch|RegimeUnknown|Regime=Unknown"
"OPF-20260725-161545","OPF_0.1","OPF_RESEARCH_2.17","MNQ_0.1","MNQ_1Contract_Target150_200","OPF_PROFILE_0.1","20260102-1915-BULL-OBS-001071-Z001071-OC","2026-01-02T20:20:00.0000000",1084,"Outcome","Long","TrendPullback","ObservationConfirm_WideStop1_5R",20,"WeakLT50",60.00,"Q50_69","20260102-1915-BullFVG-001071","BullFVG","Fresh",0,70.12,"RiskGT15",3.00,"NearestStructure",0.0428,"RR_LT_1_0","Late","Scratch","ResearchWindowEnd",False,"",0,0,25409.00,25338.88,"ObservationResearch|ZoneJustCreated|Regime=Unknown|ObservationConfirmResearch|ZoneBirthResearch|ReclaimZoneHigh"
"OPF-20260725-161545","OPF_0.1","OPF_RESEARCH_2.17","MNQ_0.1","MNQ_1Contract_Target150_200","OPF_PROFILE_0.1","20260102-1915-BULL-OBS-001071-Z001071-OC","2026-01-02T20:20:00.0000000",1084,"Outcome","Long","TrendPullback","ObservationConfirm",20,"WeakLT50",60.00,"Q50_69","20260102-1915-BullFVG-001071","BullFVG","Fresh",0,46.75,"RiskGT15",70.12,"ObservationConfirmTargetR:1.5",1.4999,"RR_GE_1_2","Late","Good","ResearchWindowEnd",False,"",0,0,25409.00,25362.25,"ObservationResearch|ZoneJustCreated|Regime=Unknown|ObservationConfirmResearch|ZoneBirthResearch|ReclaimZoneHigh"
"OPF-20260725-161545","OPF_0.1","OPF_RESEARCH_2.17","MNQ_0.1","MNQ_1Contract_Target150_200","OPF_PROFILE_0.1","20260102-1920-BULL-OBS-001072-Z001071-OC-STR","2026-01-02T20:25:00.0000000",1085,"Outcome","Long","TrendPullback","ObservationStrict_Other_WideStop1_5R",20,"WeakLT50",52.00,"Q50_69","20260102-1915-BullFVG-001071","BullFVG","SecondTouch",1,73.50,"RiskGT15",0.75,"NearestStructure",0.0102,"RR_LT_1_0","Late","Scratch","ResearchWindowEnd",False,"",0,0,25411.25,25337.75,"ObservationResearch|RegimeUnknown|Regime=Unknown|ObservationConfirmResearch|UnknownRegimeZoneTouch|ReclaimZoneHigh|ObservationConfirmStrictResearch|ObservationStrict_Other|UnknownRegimeZoneTouch|ReclaimZoneHigh"
"OPF-20260725-161545","OPF_0.1","OPF_RESEARCH_2.17","MNQ_0.1","MNQ_1Contract_Target150_200","OPF_PROFILE_0.1","20260102-1920-BULL-OBS-001072-Z001071-OC-STR","2026-01-02T20:25:00.0000000",1085,"Outcome","Long","TrendPullback","ObservationStrict_Other",20,"WeakLT50",52.00,"Q50_69","20260102-1915-BullFVG-001071","BullFVG","SecondTouch",1,49.00,"RiskGT15",0.75,"NearestStructure",0.0153,"RR_LT_1_0","Late","Scratch","ResearchWindowEnd",False,"",0,0,25411.25,25362.25,"ObservationResearch|RegimeUnknown|Regime=Unknown|ObservationConfirmResearch|UnknownRegimeZoneTouch|ReclaimZoneHigh|ObservationConfirmStrictResearch|ObservationStrict_Other|UnknownRegimeZoneTouch|ReclaimZoneHigh"
"OPF-20260725-161545","OPF_0.1","OPF_RESEARCH_2.17","MNQ_0.1","MNQ_1Contract_Target150_200","OPF_PROFILE_0.1","20260102-1920-BULL-OBS-001072-Z001071-OC","2026-01-02T20:25:00.0000000",1085,"Outcome","Long","TrendPullback","ObservationConfirm_WideStop1_5R",20,"WeakLT50",52.00,"Q50_69","20260102-1915-BullFVG-001071","BullFVG","SecondTouch",1,73.50,"RiskGT15",0.75,"NearestStructure",0.0102,"RR_LT_1_0","Late","Scratch","ResearchWindowEnd",False,"",0,0,25411.25,25337.75,"ObservationResearch|RegimeUnknown|Regime=Unknown|ObservationConfirmResearch|UnknownRegimeZoneTouch|ReclaimZoneHigh"
"OPF-20260725-161545","OPF_0.1","OPF_RESEARCH_2.17","MNQ_0.1","MNQ_1Contract_Target150_200","OPF_PROFILE_0.1","20260102-1920-BULL-OBS-001072-Z001071-OC","2026-01-02T20:25:00.0000000",1085,"Outcome","Long","TrendPullback","ObservationConfirm",20,"WeakLT50",52.00,"Q50_69","20260102-1915-BullFVG-001071","BullFVG","SecondTouch",1,49.00,"RiskGT15",73.50,"ObservationConfirmTargetR:1.5",1.5,"RR_GE_1_5","Late","Scratch","ResearchWindowEnd",False,"",0,0,25411.25,25362.25,"ObservationResearch|RegimeUnknown|Regime=Unknown|ObservationConfirmResearch|UnknownRegimeZoneTouch|ReclaimZoneHigh"
"OPF-20260725-161545","OPF_0.1","OPF_RESEARCH_2.17","MNQ_0.1","MNQ_1Contract_Target150_200","OPF_PROFILE_0.1","20260102-1935-BULL-OBS-001075-Z001075","2026-01-02T20:35:00.0000000",1087,"Outcome","Long","TrendPullback","ZoneBirthResearch",20,"WeakLT50",41.00,"QLT50","20260102-1935-BullFVG-001075","BullFVG","Fresh",0,21.25,"RiskGT15",3.25,"NearestStructure",0.1529,"RR_LT_1_0","Late","Catastrophic","ResearchWindowEnd",False,"",0,0,25440.75,25419.50,"ObservationResearch|ZoneJustCreated|Regime=Unknown"
"OPF-20260725-161545","OPF_0.1","OPF_RESEARCH_2.17","MNQ_0.1","MNQ_1Contract_Target150_200","OPF_PROFILE_0.1","20260102-1935-BULL-OBS-001075-Z001075-OC-STR","2026-01-02T20:40:00.0000000",1088,"Outcome","Long","TrendPullback","ObservationStrict_BullFresh_WideStop1_5R",20,"WeakLT50",53.00,"Q50_69","20260102-1935-BullFVG-001075","BullFVG","Fresh",0,22.12,"RiskGT15",0.50,"NearestStructure",0.0226,"RR_LT_1_0","Late","Catastrophic","ResearchWindowEnd",False,"",0,0,25434.25,25412.13,"ObservationResearch|ZoneJustCreated|Regime=Unknown|ObservationConfirmResearch|ZoneBirthResearch|ReclaimZoneHigh|ObservationConfirmStrictResearch|ObservationStrict_BullFresh|ZoneBirthResearch|ReclaimZoneHigh"
"OPF-20260725-161545","OPF_0.1","OPF_RESEARCH_2.17","MNQ_0.1","MNQ_1Contract_Target150_200","OPF_PROFILE_0.1","20260102-1935-BULL-OBS-001075-Z001075-OC-STR","2026-01-02T20:40:00.0000000",1088,"Outcome","Long","TrendPullback","ObservationStrict_BullFresh",20,"WeakLT50",53.00,"Q50_69","20260102-1935-BullFVG-001075","BullFVG","Fresh",0,14.75,"RiskLE15",17.70,"StrictBullFreshMin1_2R",1.2,"RR_GE_1_2","Late","Catastrophic","ResearchWindowEnd",False,"",0,0,25434.25,25419.50,"ObservationResearch|ZoneJustCreated|Regime=Unknown|ObservationConfirmResearch|ZoneBirthResearch|ReclaimZoneHigh|ObservationConfirmStrictResearch|ObservationStrict_BullFresh|ZoneBirthResearch|ReclaimZoneHigh"
"OPF-20260725-161545","OPF_0.1","OPF_RESEARCH_2.17","MNQ_0.1","MNQ_1Contract_Target150_200","OPF_PROFILE_0.1","20260102-1935-BULL-OBS-001075-Z001075-OC","2026-01-02T20:40:00.0000000",1088,"Outcome","Long","TrendPullback","ObservationConfirm_WideStop1_5R",20,"WeakLT50",53.00,"Q50_69","20260102-1935-BullFVG-001075","BullFVG","Fresh",0,22.12,"RiskGT15",0.50,"NearestStructure",0.0226,"RR_LT_1_0","Late","Catastrophic","ResearchWindowEnd",False,"",0,0,25434.25,25412.13,"ObservationResearch|ZoneJustCreated|Regime=Unknown|ObservationConfirmResearch|ZoneBirthResearch|ReclaimZoneHigh"
"OPF-20260725-161545","OPF_0.1","OPF_RESEARCH_2.17","MNQ_0.1","MNQ_1Contract_Target150_200","OPF_PROFILE_0.1","20260102-1935-BULL-OBS-001075-Z001075-OC","2026-01-02T20:40:00.0000000",1088,"Outcome","Long","TrendPullback","ObservationConfirm",20,"WeakLT50",53.00,"Q50_69","20260102-1935-BullFVG-001075","BullFVG","Fresh",0,14.75,"RiskLE15",22.12,"ObservationConfirmTargetR:1.5",1.4997,"RR_GE_1_2","Late","Catastrophic","ResearchWindowEnd",False,"",0,0,25434.25,25419.50,"ObservationResearch|ZoneJustCreated|Regime=Unknown|ObservationConfirmResearch|ZoneBirthResearch|ReclaimZoneHigh"
"OPF-20260725-161545","OPF_0.1","OPF_RESEARCH_2.17","MNQ_0.1","MNQ_1Contract_Target150_200","OPF_PROFILE_0.1","20260102-1945-BULL-OBS-001077-Z001075","2026-01-02T20:45:00.0000000",1089,"Outcome","Long","TrendPullback","UnknownRegimeZoneTouch",20,"WeakLT50",33.00,"QLT50","20260102-1935-BullFVG-001075","BullFVG","SecondTouch",1,15.25,"RiskGT15",2.00,"NearestStructure",0.1311,"RR_LT_1_0","Late","Catastrophic","ResearchWindowEnd",False,"",0,0,25434.75,25419.50,"ObservationResearch|RegimeUnknown|Regime=Unknown"
"OPF-20260725-161545","OPF_0.1","OPF_RESEARCH_2.17","MNQ_0.1","MNQ_1Contract_Target150_200","OPF_PROFILE_0.1","20260102-2045-BEAR-OBS-001089-Z001089","2026-01-02T20:45:00.0000000",1089,"Tracked","Short","TrendPullback","ZoneBirthResearch",40,"WeakLT50",45.00,"QLT50","20260102-2045-BearFVG-001089","BearFVG","Fresh",0,31.50,"RiskGT15",9.75,"NearestStructure",0.3095,"RR_LT_1_0","Late","","",False,"",0,0,25380.00,25411.50,"ObservationResearch|ZoneJustCreated|Regime=Unknown"
"OPF-20260725-161545","OPF_0.1","OPF_RESEARCH_2.17","MNQ_0.1","MNQ_1Contract_Target150_200","OPF_PROFILE_0.1","20260102-1945-BULL-OBS-001077-Z001075-FR","2026-01-02T20:50:00.0000000",1090,"Outcome","Short","FailureReverse","FailureReverse_ObservationInvalidated_WideStop1_5R",20,"WeakLT50",42.00,"QLT50","20260102-1935-BullFVG-001075","BullFVG","SecondTouch",1,10.88,"RiskLE11",3.25,"NearestStructure",0.2987,"RR_LT_1_0","Late","Excellent","ResearchWindowEnd",False,"",0,0,25418.50,25429.38,"FailureReverseResearch|FailureSourceSignalID=20260102-1945-BULL-OBS-001077-Z001075|FailureSource=BullFVG|FailureSourceZoneFreshness=SecondTouch|UnknownRegimeZoneTouch|RegimeUnknown"
"OPF-20260725-161545","OPF_0.1","OPF_RESEARCH_2.17","MNQ_0.1","MNQ_1Contract_Target150_200","OPF_PROFILE_0.1","20260102-1945-BULL-OBS-001077-Z001075-FR","2026-01-02T20:50:00.0000000",1090,"Outcome","Short","FailureReverse","FailureReverse_ObservationInvalidated",20,"WeakLT50",42.00,"QLT50","20260102-1935-BullFVG-001075","BullFVG","SecondTouch",1,7.25,"RiskLE8_5",3.25,"NearestStructure",0.4483,"RR_LT_1_0","Late","Excellent","ResearchWindowEnd",False,"",0,0,25418.50,25425.75,"FailureReverseResearch|FailureSourceSignalID=20260102-1945-BULL-OBS-001077-Z001075|FailureSource=BullFVG|FailureSourceZoneFreshness=SecondTouch|UnknownRegimeZoneTouch|RegimeUnknown"
"OPF-20260725-161545","OPF_0.1","OPF_RESEARCH_2.17","MNQ_0.1","MNQ_1Contract_Target150_200","OPF_PROFILE_0.1","20260102-2045-BEAR-OBS-001089-Z001089-OC","2026-01-02T20:50:00.0000000",1090,"Tracked","Short","TrendPullback","ObservationConfirm",40,"WeakLT50",60.00,"Q50_69","20260102-2045-BearFVG-001089","BearFVG","Fresh",0,32.75,"RiskGT15",49.12,"ObservationConfirmTargetR:1.5",1.4998,"RR_GE_1_2","Late","","",False,"",0,0,25378.75,25411.50,"ObservationResearch|ZoneJustCreated|Regime=Unknown|ObservationConfirmResearch|ZoneBirthResearch|ReclaimZoneLow"
"OPF-20260725-161545","OPF_0.1","OPF_RESEARCH_2.17","MNQ_0.1","MNQ_1Contract_Target150_200","OPF_PROFILE_0.1","20260102-2045-BEAR-OBS-001089-Z001089-OC","2026-01-02T20:50:00.0000000",1090,"Tracked","Short","TrendPullback","ObservationConfirm_WideStop1_5R",40,"WeakLT50",60.00,"Q50_69","20260102-2045-BearFVG-001089","BearFVG","Fresh",0,49.12,"RiskGT15",8.50,"NearestStructure",0.1730,"RR_LT_1_0","Late","","",False,"",0,0,25378.75,25427.87,"ObservationResearch|ZoneJustCreated|Regime=Unknown|ObservationConfirmResearch|ZoneBirthResearch|ReclaimZoneLow"
"OPF-20260725-161545","OPF_0.1","OPF_RESEARCH_2.17","MNQ_0.1","MNQ_1Contract_Target150_200","OPF_PROFILE_0.1","20260102-2050-BEAR-OBS-001090-Z001089","2026-01-02T20:50:00.0000000",1090,"Tracked","Short","TrendPullback","UnknownRegimeZoneTouch",40,"WeakLT50",41.00,"QLT50","20260102-2045-BearFVG-001089","BearFVG","SecondTouch",1,32.75,"RiskGT15",8.50,"NearestStructure",0.2595,"RR_LT_1_0","Late","","",False,"",0,0,25378.75,25411.50,"ObservationResearch|RegimeUnknown|Regime=Unknown"
"OPF-20260725-161545","OPF_0.1","OPF_RESEARCH_2.17","MNQ_0.1","MNQ_1Contract_Target150_200","OPF_PROFILE_0.1","20260102-1955-BEAR-OBS-001079-Z001079","2026-01-02T20:55:00.0000000",1091,"Outcome","Short","TrendPullback","ZoneBirthResearch",20,"WeakLT50",45.00,"QLT50","20260102-1955-BearFVG-001079","BearFVG","Fresh",0,22.25,"RiskGT15",0.50,"NearestStructure",0.0225,"RR_LT_1_0","Late","Catastrophic","ResearchWindowEnd",False,"",0,0,25400.00,25422.25,"ObservationResearch|ZoneJustCreated|Regime=Unknown"
"OPF-20260725-161545","OPF_0.1","OPF_RESEARCH_2.17","MNQ_0.1","MNQ_1Contract_Target150_200","OPF_PROFILE_0.1","20260102-1945-BULL-OBS-001077-Z001075-FR-AEW1","2026-01-02T20:55:00.0000000",1091,"Outcome","Short","FailureReverse","FailureReverse_ObservationInvalidated_WideStop1_5R",20,"WeakLT50",42.00,"QLT50","20260102-1935-BullFVG-001075","BullFVG","SecondTouch",1,31.88,"RiskGT15",0.50,"NearestStructure",0.0157,"RR_LT_1_0","Late","Catastrophic","ResearchWindowEnd",False,"",0,0,25400.00,25431.88,"FailureReverseResearch|FailureSourceSignalID=20260102-1945-BULL-OBS-001077-Z001075|FailureSource=BullFVG|FailureSourceZoneFreshness=SecondTouch|UnknownRegimeZoneTouch|RegimeUnknown|AggressiveExpansionWait1V165:originBar=1078|AggressiveExpansionWait1ConfirmBarStopV166|OriginPath=FailureReverse_ObservationInvalidated_WideStop1_5R"
"OPF-20260725-161545","OPF_0.1","OPF_RESEARCH_2.17","MNQ_0.1","MNQ_1Contract_Target150_200","OPF_PROFILE_0.1","20260102-2050-BEAR-OBS-001090-Z001089-OC","2026-01-02T20:55:00.0000000",1091,"Tracked","Short","TrendPullback","ObservationConfirm",40,"WeakLT50",49.00,"QLT50","20260102-2045-BearFVG-001089","BearFVG","SecondTouch",1,26.25,"RiskGT15",39.38,"ObservationConfirmTargetR:1.5",1.5002,"RR_GE_1_5","Late","","",False,"",0,0,25385.25,25411.50,"ObservationResearch|RegimeUnknown|Regime=Unknown|ObservationConfirmResearch|UnknownRegimeZoneTouch|ReclaimZoneLow"
"OPF-20260725-161545","OPF_0.1","OPF_RESEARCH_2.17","MNQ_0.1","MNQ_1Contract_Target150_200","OPF_PROFILE_0.1","20260102-2050-BEAR-OBS-001090-Z001089-OC","2026-01-02T20:55:00.0000000",1091,"Tracked","Short","TrendPullback","ObservationConfirm_WideStop1_5R",40,"WeakLT50",49.00,"QLT50","20260102-2045-BearFVG-001089","BearFVG","SecondTouch",1,39.38,"RiskGT15",9.00,"NearestStructure",0.2285,"RR_LT_1_0","Late","","",False,"",0,0,25385.25,25424.63,"ObservationResearch|RegimeUnknown|Regime=Unknown|ObservationConfirmResearch|UnknownRegimeZoneTouch|ReclaimZoneLow"
"OPF-20260725-161545","OPF_0.1","OPF_RESEARCH_2.17","MNQ_0.1","MNQ_1Contract_Target150_200","OPF_PROFILE_0.1","20260102-2050-BEAR-OBS-001090-Z001089-OC-STR","2026-01-02T20:55:00.0000000",1091,"Tracked","Short","TrendPullback","ObservationStrict_Other",40,"WeakLT50",49.00,"QLT50","20260102-2045-BearFVG-001089","BearFVG","SecondTouch",1,26.25,"RiskGT15",9.00,"NearestStructure",0.3429,"RR_LT_1_0","Late","","",False,"",0,0,25385.25,25411.50,"ObservationResearch|RegimeUnknown|Regime=Unknown|ObservationConfirmResearch|UnknownRegimeZoneTouch|ReclaimZoneLow|ObservationConfirmStrictResearch|ObservationStrict_Other|UnknownRegimeZoneTouch|ReclaimZoneLow"
"OPF-20260725-161545","OPF_0.1","OPF_RESEARCH_2.17","MNQ_0.1","MNQ_1Contract_Target150_200","OPF_PROFILE_0.1","20260102-2050-BEAR-OBS-001090-Z001089-OC-STR","2026-01-02T20:55:00.0000000",1091,"Tracked","Short","TrendPullback","ObservationStrict_Other_WideStop1_5R",40,"WeakLT50",49.00,"QLT50","20260102-2045-BearFVG-001089","BearFVG","SecondTouch",1,39.38,"RiskGT15",9.00,"NearestStructure",0.2285,"RR_LT_1_0","Late","","",False,"",0,0,25385.25,25424.63,"ObservationResearch|RegimeUnknown|Regime=Unknown|ObservationConfirmResearch|UnknownRegimeZoneTouch|ReclaimZoneLow|ObservationConfirmStrictResearch|ObservationStrict_Other|UnknownRegimeZoneTouch|ReclaimZoneLow"
"OPF-20260725-161545","OPF_0.1","OPF_RESEARCH_2.17","MNQ_0.1","MNQ_1Contract_Target150_200","OPF_PROFILE_0.1","20260102-1945-BULL-OBS-001077-Z001075-FR-RT","2026-01-02T21:00:00.0000000",1092,"Outcome","Short","FailureReverse","FailureReverse_RetestFailed_WideStop1_5R",20,"WeakLT50",45.00,"QLT50","20260102-1935-BullFVG-001075","BullFVG","SecondTouch",1,23.25,"RiskGT15",0.50,"NearestStructure",0.0215,"RR_LT_1_0","Late","Catastrophic","ResearchWindowEnd",False,"",0,0,25410.25,25433.50,"FailureReverseResearch|FailureSourceSignalID=20260102-1945-BULL-OBS-001077-Z001075|FailureSource=BullFVG|FailureSourceZoneFreshness=SecondTouch|UnknownRegimeZoneTouch|RegimeUnknown|FailureRetestFailedTriggered|ReclaimZoneLow"
"OPF-20260725-161545","OPF_0.1","OPF_RESEARCH_2.17","MNQ_0.1","MNQ_1Contract_Target150_200","OPF_PROFILE_0.1","20260102-1945-BULL-OBS-001077-Z001075-FR-RT","2026-01-02T21:00:00.0000000",1092,"Outcome","Short","FailureReverse","FailureReverse_RetestFailed",20,"WeakLT50",45.00,"QLT50","20260102-1935-BullFVG-001075","BullFVG","SecondTouch",1,15.50,"RiskGT15",18.60,"FailureRetestMin1_2R",1.2,"RR_GE_1_2","Late","Catastrophic","ResearchWindowEnd",False,"",0,0,25410.25,25425.75,"FailureReverseResearch|FailureSourceSignalID=20260102-1945-BULL-OBS-001077-Z001075|FailureSource=BullFVG|FailureSourceZoneFreshness=SecondTouch|UnknownRegimeZoneTouch|RegimeUnknown|FailureRetestFailedTriggered|ReclaimZoneLow"
"OPF-20260725-161545","OPF_0.1","OPF_RESEARCH_2.17","MNQ_0.1","MNQ_1Contract_Target150_200","OPF_PROFILE_0.1","20260102-1955-BEAR-OBS-001079-Z001079-OC","2026-01-02T21:00:00.0000000",1092,"Outcome","Short","TrendPullback","ObservationConfirm_WideStop1_5R",20,"WeakLT50",53.00,"Q50_69","20260102-1955-BearFVG-001079","BearFVG","Fresh",0,18.00,"RiskGT15",0.50,"NearestStructure",0.0278,"RR_LT_1_0","Late","Catastrophic","ResearchWindowEnd",False,"",0,0,25410.25,25428.25,"ObservationResearch|ZoneJustCreated|Regime=Unknown|ObservationConfirmResearch|ZoneBirthResearch|ReclaimZoneLow"
"OPF-20260725-161545","OPF_0.1","OPF_RESEARCH_2.17","MNQ_0.1","MNQ_1Contract_Target150_200","OPF_PROFILE_0.1","20260102-1955-BEAR-OBS-001079-Z001079-OC","2026-01-02T21:00:00.0000000",1092,"Outcome","Short","TrendPullback","ObservationConfirm",20,"WeakLT50",53.00,"Q50_69","20260102-1955-BearFVG-001079","BearFVG","Fresh",0,12.00,"RiskLE15",18.00,"ObservationConfirmTargetR:1.5",1.5,"RR_GE_1_5","Late","Catastrophic","ResearchWindowEnd",False,"",0,0,25410.25,25422.25,"ObservationResearch|ZoneJustCreated|Regime=Unknown|ObservationConfirmResearch|ZoneBirthResearch|ReclaimZoneLow"
"OPF-20260725-161545","OPF_0.1","OPF_RESEARCH_2.17","MNQ_0.1","MNQ_1Contract_Target150_200","OPF_PROFILE_0.1","20260102-2045-BEAR-OBS-001089-Z001089","2026-01-02T21:45:00.0000000",1101,"Outcome","Short","TrendPullback","ZoneBirthResearch",40,"WeakLT50",45.00,"QLT50","20260102-2045-BearFVG-001089","BearFVG","Fresh",0,31.50,"RiskGT15",3.75,"NearestStructure",0.1190,"RR_LT_1_0","Late","Catastrophic","ResearchWindowEnd",False,"",0,0,25380.00,25411.50,"ObservationResearch|ZoneJustCreated|Regime=Unknown"
"OPF-20260725-161545","OPF_0.1","OPF_RESEARCH_2.17","MNQ_0.1","MNQ_1Contract_Target150_200","OPF_PROFILE_0.1","20260102-2050-BEAR-OBS-001090-Z001089","2026-01-02T21:50:00.0000000",1102,"Outcome","Short","TrendPullback","UnknownRegimeZoneTouch",40,"WeakLT50",41.00,"QLT50","20260102-2045-BearFVG-001089","BearFVG","SecondTouch",1,32.75,"RiskGT15",2.50,"NearestStructure",0.0763,"RR_LT_1_0","Late","Catastrophic","ResearchWindowEnd",False,"",0,0,25378.75,25411.50,"ObservationResearch|RegimeUnknown|Regime=Unknown"
"OPF-20260725-161545","OPF_0.1","OPF_RESEARCH_2.17","MNQ_0.1","MNQ_1Contract_Target150_200","OPF_PROFILE_0.1","20260102-2045-BEAR-OBS-001089-Z001089-OC","2026-01-02T21:50:00.0000000",1102,"Outcome","Short","TrendPullback","ObservationConfirm_WideStop1_5R",40,"WeakLT50",60.00,"Q50_69","20260102-2045-BearFVG-001089","BearFVG","Fresh",0,49.12,"RiskGT15",2.50,"NearestStructure",0.0509,"RR_LT_1_0","Late","Poor","ResearchWindowEnd",False,"",0,0,25378.75,25427.87,"ObservationResearch|ZoneJustCreated|Regime=Unknown|ObservationConfirmResearch|ZoneBirthResearch|ReclaimZoneLow"
"OPF-20260725-161545","OPF_0.1","OPF_RESEARCH_2.17","MNQ_0.1","MNQ_1Contract_Target150_200","OPF_PROFILE_0.1","20260102-2045-BEAR-OBS-001089-Z001089-OC","2026-01-02T21:50:00.0000000",1102,"Outcome","Short","TrendPullback","ObservationConfirm",40,"WeakLT50",60.00,"Q50_69","20260102-2045-BearFVG-001089","BearFVG","Fresh",0,32.75,"RiskGT15",49.12,"ObservationConfirmTargetR:1.5",1.4998,"RR_GE_1_2","Late","Catastrophic","ResearchWindowEnd",False,"",0,0,25378.75,25411.50,"ObservationResearch|ZoneJustCreated|Regime=Unknown|ObservationConfirmResearch|ZoneBirthResearch|ReclaimZoneLow"
"OPF-20260725-161545","OPF_0.1","OPF_RESEARCH_2.17","MNQ_0.1","MNQ_1Contract_Target150_200","OPF_PROFILE_0.1","20260102-2150-BEAR-OBS-001102-Z001102","2026-01-02T21:50:00.0000000",1102,"Tracked","Short","TrendPullback","ZoneBirthResearch",20,"WeakLT50",41.00,"QLT50","20260102-2150-BearFVG-001102","BearFVG","Fresh",0,12.50,"RiskLE15",3.00,"NearestStructure",0.24,"RR_LT_1_0","Late","","",False,"",0,0,25384.00,25396.50,"ObservationResearch|ZoneJustCreated|Regime=Unknown"
"OPF-20260725-161545","OPF_0.1","OPF_RESEARCH_2.17","MNQ_0.1","MNQ_1Contract_Target150_200","OPF_PROFILE_0.1","20260102-2050-BEAR-OBS-001090-Z001089-OC-STR","2026-01-02T21:55:00.0000000",1103,"Outcome","Short","TrendPullback","ObservationStrict_Other_WideStop1_5R",40,"WeakLT50",49.00,"QLT50","20260102-2045-BearFVG-001089","BearFVG","SecondTouch",1,39.38,"RiskGT15",0.50,"NearestStructure",0.0127,"RR_LT_1_0","Late","Poor","ResearchWindowEnd",False,"",0,0,25385.25,25424.63,"ObservationResearch|RegimeUnknown|Regime=Unknown|ObservationConfirmResearch|UnknownRegimeZoneTouch|ReclaimZoneLow|ObservationConfirmStrictResearch|ObservationStrict_Other|UnknownRegimeZoneTouch|ReclaimZoneLow"
"OPF-20260725-161545","OPF_0.1","OPF_RESEARCH_2.17","MNQ_0.1","MNQ_1Contract_Target150_200","OPF_PROFILE_0.1","20260102-2050-BEAR-OBS-001090-Z001089-OC-STR","2026-01-02T21:55:00.0000000",1103,"Outcome","Short","TrendPullback","ObservationStrict_Other",40,"WeakLT50",49.00,"QLT50","20260102-2045-BearFVG-001089","BearFVG","SecondTouch",1,26.25,"RiskGT15",0.50,"NearestStructure",0.0190,"RR_LT_1_0","Late","Catastrophic","ResearchWindowEnd",False,"",0,0,25385.25,25411.50,"ObservationResearch|RegimeUnknown|Regime=Unknown|ObservationConfirmResearch|UnknownRegimeZoneTouch|ReclaimZoneLow|ObservationConfirmStrictResearch|ObservationStrict_Other|UnknownRegimeZoneTouch|ReclaimZoneLow"
"OPF-20260725-161545","OPF_0.1","OPF_RESEARCH_2.17","MNQ_0.1","MNQ_1Contract_Target150_200","OPF_PROFILE_0.1","20260102-2050-BEAR-OBS-001090-Z001089-OC","2026-01-02T21:55:00.0000000",1103,"Outcome","Short","TrendPullback","ObservationConfirm_WideStop1_5R",40,"WeakLT50",49.00,"QLT50","20260102-2045-BearFVG-001089","BearFVG","SecondTouch",1,39.38,"RiskGT15",0.50,"NearestStructure",0.0127,"RR_LT_1_0","Late","Poor","ResearchWindowEnd",False,"",0,0,25385.25,25424.63,"ObservationResearch|RegimeUnknown|Regime=Unknown|ObservationConfirmResearch|UnknownRegimeZoneTouch|ReclaimZoneLow"
"OPF-20260725-161545","OPF_0.1","OPF_RESEARCH_2.17","MNQ_0.1","MNQ_1Contract_Target150_200","OPF_PROFILE_0.1","20260102-2050-BEAR-OBS-001090-Z001089-OC","2026-01-02T21:55:00.0000000",1103,"Outcome","Short","TrendPullback","ObservationConfirm",40,"WeakLT50",49.00,"QLT50","20260102-2045-BearFVG-001089","BearFVG","SecondTouch",1,26.25,"RiskGT15",39.38,"ObservationConfirmTargetR:1.5",1.5002,"RR_GE_1_5","Late","Catastrophic","ResearchWindowEnd",False,"",0,0,25385.25,25411.50,"ObservationResearch|RegimeUnknown|Regime=Unknown|ObservationConfirmResearch|UnknownRegimeZoneTouch|ReclaimZoneLow"
"OPF-20260725-161545","OPF_0.1","OPF_RESEARCH_2.17","MNQ_0.1","MNQ_1Contract_Target150_200","OPF_PROFILE_0.1","20260102-2155-BEAR-OBS-001103-Z001102","2026-01-02T21:55:00.0000000",1103,"Tracked","Short","TrendPullback","UnknownRegimeZoneTouch",20,"WeakLT50",27.00,"QLT50","20260102-2150-BearFVG-001102","BearFVG","SecondTouch",1,2.75,"RiskLE8_5",0.75,"NearestStructure",0.2727,"RR_LT_1_0","Late","","",False,"",0,0,25393.75,25396.50,"ObservationResearch|RegimeUnknown|Regime=Unknown"
"OPF-20260725-161545","OPF_0.1","OPF_RESEARCH_2.17","MNQ_0.1","MNQ_1Contract_Target150_200","OPF_PROFILE_0.1","20260102-2155-BEAR-OBS-001103-Z001102","2026-01-02T21:55:00.0000000",1103,"Outcome","Short","TrendPullback","UnknownRegimeZoneTouch",20,"WeakLT50",27.00,"QLT50","20260102-2150-BearFVG-001102","BearFVG","SecondTouch",1,2.75,"RiskLE8_5",0.75,"NearestStructure",0.2727,"RR_LT_1_0","Late","Poor","ResearchStopped",False,"",0,0,25393.75,25396.50,"ObservationResearch|RegimeUnknown|Regime=Unknown"
"OPF-20260725-161545","OPF_0.1","OPF_RESEARCH_2.17","MNQ_0.1","MNQ_1Contract_Target150_200","OPF_PROFILE_0.1","20260102-2150-BEAR-OBS-001102-Z001102","2026-01-02T21:55:00.0000000",1103,"Outcome","Short","TrendPullback","ZoneBirthResearch",20,"WeakLT50",41.00,"QLT50","20260102-2150-BearFVG-001102","BearFVG","Fresh",0,12.50,"RiskLE15",1.25,"NearestStructure",0.1,"RR_LT_1_0","Late","Catastrophic","ResearchStopped",False,"",0,0,25384.00,25396.50,"ObservationResearch|ZoneJustCreated|Regime=Unknown"
