Period,TradingDate,SnapshotID,SignalID,TradeID,Side,ResearchPath,EntryPrice,ShadowEntry,EntryDriftPoints,FilledRiskPoints,ShadowRiskPoints,RiskDriftPoints,ExitRole,ShadowExitReason,ActualNetDollars,ShadowNetDollars,ShadowBiasDollars,SignMismatch,ShadowAmbiguous
Q4,2025-09-30,OPF-20260724-141703,20251001-0000-BEAR-OBS-001128-Z001128,20251001-0000-Short-1128,Short,ZoneBirthResearch,24831.25,24831.5,-0.25,4.5,4.25,0.25,SPLIT_BASE_SL_RUNNER_SL,Base:Stop|Runner:Stop,-21.4,-19.4,2.0,False,False
Q4,2025-09-30,OPF-20260724-141703,20251001-0005-BEAR-OBS-001129-Z001128-OC,20251001-0010-Short-1130,Short,ObservationConfirm,24822.25,24822.75,-0.5,13.5,13.0,0.5,TP,Target,77.6,153.6,76.0,False,False
Q4,2025-09-30,OPF-20260724-141703,20251001-0100-BEAR-OBS-001140-Z001140-OC,20251001-0105-Short-1141,Short,ObservationConfirm,24787.0,24787.5,-0.5,13.25,12.75,0.5,SL,Stop,-54.4,-53.4,1.0,False,False
Q4,2025-09-30,OPF-20260724-141703,20251001-0130-BULL-OBS-001146-Z001145-OC,20251001-0135-Long-1147,Long,ObservationConfirm,24802.25,24801.5,0.75,9.75,9.0,0.75,SL,ProtectBE,-41.4,-2.4,39.0,False,False
Q4,2025-09-30,OPF-20260724-141703,20251001-0310-BEAR-OBS-001166-Z001165-OC,20251001-0315-Short-1167,Short,ObservationConfirm,24768.75,24769.0,-0.25,16.25,16.0,0.25,TP,Target,92.6,189.6,97.0,False,False
Q4,2025-09-30,OPF-20260724-141703,20251001-0930-BULL-OBS-001242-Z001241-OC,20251001-0935-Long-1243,Long,ObservationConfirm_WideStop1_5R,24748.5,24748.5,0.0,10.5,10.5,0.0,SL,Stop,-44.4,-44.4,0.0,False,False
Q4,2025-09-30,OPF-20260724-141703,20251001-1035-BEAR-OBS-001255-Z001254-OC,20251001-1040-Short-1256,Short,ObservationConfirm,24725.5,24726.5,-1.0,22.25,21.25,1.0,SL,Stop,-96.4,-87.4,9.0,False,False
Q4,2025-09-30,OPF-20260724-141703,20251001-1210-BEAR-OBS-001274-Z001274,20251001-1210-Short-1274,Short,ZoneBirthResearch,24785.875,24787.5,-1.625,5.625,4.0,1.625,SPLIT_BASE_TP_RUNNER_TP,Base:Target|Runner:Target,67.1,49.6,-17.5,False,False
Q4,2025-09-30,OPF-20260724-141703,20251001-1220-BEAR-OBS-001276-Z001273-OC,20251001-1225-Short-1277,Short,ObservationConfirm,24778.75,24779.25,-0.5,15.0,14.5,0.5,SL,ProtectBE,-60.9,-2.4,58.5,False,False
Q4,2025-09-30,OPF-20260724-141703,20251001-2000-BEAR-OBS-001368-Z001368-OC,20251001-2005-Short-1369,Short,ObservationConfirm,24995.75,24996.25,-0.5,18.75,18.25,0.5,SESSION_FLATTEN,GlobexCloseout,-45.4,-41.4,4.0,False,False
Q4,2025-10-01,OPF-20260724-141903,20251001-2205-BULL-OBS-001105-Z001105-OC,20251001-2210-Long-1106,Long,ObservationConfirm,25018.375,25018.0,0.375,8.875,8.5,0.375,SL,ProtectBE,-38.9,-2.4,36.5,False,False
Q4,2025-10-01,OPF-20260724-141903,20251001-2325-BULL-OBS-001121-Z001120-FR-RT,20251001-2345-Short-1125,Short,FailureReverse_RetestFailed,25015.0,25015.25,-0.25,9.0,8.75,0.25,SL,Stop,-38.4,-37.4,1.0,False,False
Q4,2025-10-01,OPF-20260724-141903,20251002-0050-BULL-OBS-001138-Z001138-OC,20251002-0055-Long-1139,Long,ObservationConfirm,25060.5,25060.25,0.25,10.5,10.25,0.25,SL,Stop,-46.4,-43.4,3.0,False,False
Q4,2025-10-01,OPF-20260724-141903,20251002-0100-BULL-OBS-001140-Z001138-OC,20251002-0105-Long-1141,Long,ObservationConfirm,25058.5,25058.75,-0.25,8.5,8.75,-0.25,TP,ProtectBE,64.6,-2.4,-67.0,True,False
Q4,2025-10-01,OPF-20260724-141903,20251002-0150-BULL-OBS-001150-Z001150-OC,20251002-0155-Long-1151,Long,ObservationConfirm,25073.75,25073.25,0.5,9.0,8.5,0.5,SL,Stop,-39.9,-36.4,3.5,False,False
Q4,2025-10-01,OPF-20260724-141903,20251002-0205-BEAR-OBS-001153-Z001153-OC,20251002-0210-Short-1154,Short,ObservationConfirm,25055.25,25055.25,0.0,13.5,13.5,0.0,SL,Stop,-59.4,-56.4,3.0,False,False
Q4,2025-10-01,OPF-20260724-141903,20251002-0445-BULL-OBS-001185-Z001185-OC,20251002-0450-Long-1186,Long,ObservationConfirm,25065.75,25065.25,0.5,5.0,4.5,0.5,TP,ProtectBE,25.6,-2.4,-28.0,True,False
Q4,2025-10-01,OPF-20260724-141903,20251002-0930-BEAR-OBS-001242-Z001242,20251002-0930-Short-1242,Short,ZoneBirthResearch,25088.875,25089.0,-0.125,15.875,15.75,0.125,SPLIT_BASE_SL_RUNNER_SL,Base:Stop|Runner:Stop,-64.9,-65.4,-0.5,False,False
Q4,2025-10-01,OPF-20260724-141903,20251002-1015-BULL-OBS-001251-Z001249-OC,20251002-1020-Long-1252,Long,ObservationConfirm,25108.5,25108.0,0.5,10.25,9.75,0.5,TP,ProtectBE,76.6,-2.4,-79.0,True,False
Q4,2025-10-01,OPF-20260724-141903,20251002-1115-BULL-OBS-001263-Z001263-OC,20251002-1120-Long-1264,Long,ObservationConfirm,25133.0,25132.5,0.5,8.25,7.75,0.5,TP,Target,45.6,90.6,45.0,False,False
Q4,2025-10-01,OPF-20260724-141903,20251002-1310-BULL-PB-001286-Z001285,20251002-1310-Long-1286,Long,AlmostConfirmed,25172.625,25172.5,0.125,9.125,9.0,0.125,SL,Stop,-38.9,-38.4,0.5,False,False
Q4,2025-10-01,OPF-20260724-141903,20251002-1815-BULL-OBS-001347-Z001347-OC,20251002-1820-Long-1348,Long,ObservationConfirm_WideStop1_5R,25111.0,25111.25,-0.25,23.75,24.0,-0.25,SESSION_FLATTEN,GlobexCloseout,-18.4,-18.4,0.0,False,False
Q4,2025-10-02,OPF-20260724-142056,20251002-2245-BEAR-OBS-001113-Z001109-FR,20251002-2250-Long-1114,Long,FailureReverse_ObservationInvalidated,25104.5,25103.75,0.75,7.75,7.0,0.75,SL,Stop,-31.4,-30.4,1.0,False,False
Q4,2025-10-02,OPF-20260724-142056,20251002-2300-BULL-OBS-001116-Z001114-OC,20251002-2305-Long-1117,Long,ObservationConfirm,25105.125,25105.0,0.125,8.875,8.75,0.125,TP,Target,54.1,102.6,48.5,False,False
Q4,2025-10-02,OPF-20260724-142056,20251003-0040-BULL-OBS-001136-Z001136-OC,20251003-0045-Long-1137,Long,ObservationConfirm,25150.0,25149.75,0.25,10.5,10.25,0.25,SL,Stop,-44.9,-43.4,1.5,False,False
Q4,2025-10-02,OPF-20260724-142056,20251003-0105-BULL-OBS-001141-Z001135-OC,20251003-0110-Long-1142,Long,ObservationConfirm,25143.125,25142.5,0.625,9.375,8.75,0.625,TP,Target,72.1,102.6,30.5,False,False
Q4,2025-10-02,OPF-20260724-142056,20251003-0210-BEAR-OBS-001154-Z001154-FR-RT,20251003-0235-Long-1159,Long,FailureReverse_RetestFailed,25163.0,25162.0,1.0,10.5,9.5,1.0,TP,Target,71.6,111.6,40.0,False,False
Q4,2025-10-02,OPF-20260724-142056,20251003-0500-BULL-OBS-001188-Z001188-OC,20251003-0505-Long-1189,Long,ObservationConfirm,25181.75,25181.0,0.75,9.75,9.0,0.75,SL,ProtectBE,-44.4,-2.4,42.0,False,False
Q4,2025-10-02,OPF-20260724-142056,20251003-0615-BULL-OBS-001203-Z001203-OC,20251003-0620-Long-1204,Long,ObservationConfirm,25179.5,25179.25,0.25,10.25,10.0,0.25,SL,ProtectBE,-42.9,-2.4,40.5,False,False
Q4,2025-10-02,OPF-20260724-142056,20251003-1155-BEAR-OBS-001271-Z001271-OC,20251003-1200-Short-1272,Short,ObservationConfirm,25141.25,25142.0,-0.75,12.75,12.0,0.75,TP,ProtectBE,75.6,-2.4,-78.0,True,False
Q4,2025-10-02,OPF-20260724-142056,20251003-1250-BEAR-OBS-001282-Z001281-FR-RT,20251003-1315-Long-1287,Long,FailureReverse_RetestFailed,25125.5,25125.0,0.5,8.25,7.75,0.5,TP,ProtectBE,57.6,-2.4,-60.0,True,True
Q4,2025-10-02,OPF-20260724-142056,20251003-1600-BULL-OBS-001320-Z001320-OC-STR,20251003-1605-Long-1321,Long,ObservationStrict_BullFresh_WideStop1_5R,25144.375,25144.25,0.125,12.125,12.0,0.125,SL,Stop,-51.9,-50.4,1.5,False,False
Q4,2025-10-02,OPF-20260724-142056,20251003-1625-BULL-OBS-001325-Z001319-OC,20251003-1630-Long-1326,Long,ObservationConfirm_WideStop1_5R,25143.0,25142.5,0.5,23.75,23.25,0.5,SL,Stop,-98.4,-95.4,3.0,False,False
Q4,2025-10-02,OPF-20260724-142056,20251003-1825-BULL-OBS-001349-Z001349-FR,20251003-1835-Short-1351,Short,FailureReverse_ObservationInvalidated_WideStop1_5R,25010.0,25010.25,-0.25,11.25,10.88,0.37,SL,Stop,-47.4,-45.92,1.48,False,False
Q4,2025-10-03,OPF-20260724-142249,20251005-2220-BULL-OBS-001108-Z001108-OC,20251005-2225-Long-1109,Long,ObservationConfirm,25039.0,25039.0,0.0,6.25,6.25,0.0,TP,Target,34.6,72.6,38.0,False,False
Q4,2025-10-03,OPF-20260724-142249,20251006-0025-BEAR-OBS-001133-Z001133-OC,20251006-0030-Short-1134,Short,ObservationConfirm,25055.5,25056.0,-0.5,11.75,11.25,0.5,SL,Stop,-49.4,-47.4,2.0,False,False
Q4,2025-10-03,OPF-20260724-142249,20251006-0135-BULL-OBS-001147-Z001147-OC,20251006-0140-Long-1148,Long,ObservationConfirm,25073.5,25073.5,0.0,9.0,9.0,0.0,TP,ProtectBE,68.6,-2.4,-71.0,True,False
Q4,2025-10-03,OPF-20260724-142249,20251006-0305-BULL-OBS-001165-Z001165-OC,20251006-0310-Long-1166,Long,ObservationConfirm,25093.75,25093.75,0.0,11.25,11.25,0.0,SL,Stop,-47.4,-47.4,0.0,False,False
Q4,2025-10-03,OPF-20260724-142249,20251006-0405-BEAR-OBS-001177-Z001177,20251006-0405-Short-1177,Short,ZoneBirthResearch,25083.25,25083.5,-0.25,5.25,5.0,0.25,SPLIT_BASE_SL_RUNNER_SL,Base:Stop|Runner:Stop,-23.4,-22.4,1.0,False,False
Q4,2025-10-03,OPF-20260724-142249,20251006-0415-BULL-OBS-001179-Z001179-OC,20251006-0420-Long-1180,Long,ObservationConfirm,25093.25,25093.25,0.0,9.5,9.5,0.0,SL,ProtectBE,-39.9,-2.4,37.5,False,False
Q4,2025-10-03,OPF-20260724-142249,20251006-0640-BULL-OBS-001208-Z001208-OC,20251006-0645-Long-1209,Long,ObservationConfirm,25103.75,25103.75,0.0,6.5,6.5,0.0,SL,Stop,-28.9,-28.4,0.5,False,False
Q4,2025-10-03,OPF-20260724-142249,20251006-0940-BULL-OBS-001244-Z001244-FR,20251006-0945-Short-1245,Short,FailureReverse_ObservationInvalidated_WideStop1_5R,25126.0,25126.0,0.0,8.5,8.62,-0.12,SL,Stop,-36.4,-36.88,-0.48,False,False
Q4,2025-10-03,OPF-20260724-142249,20251006-1035-BULL-OBS-001255-Z001255-OC,20251006-1040-Long-1256,Long,ObservationConfirm,25143.0,25143.0,0.0,7.5,7.5,0.0,TP,Target,49.6,87.6,38.0,False,False
Q4,2025-10-03,OPF-20260724-142249,20251006-1105-BULL-OBS-001261-Z001258-OC,20251006-1110-Long-1262,Long,ObservationConfirm,25153.0,25153.0,0.0,8.5,8.5,0.0,SL,Stop,-36.4,-36.4,0.0,False,False
Q4,2025-10-03,OPF-20260724-142249,20251006-1150-BULL-OBS-001270-Z001270-OC,20251006-1155-Long-1271,Long,ObservationConfirm_WideStop1_5R,25184.5,25184.5,0.0,23.25,23.25,0.0,TP,ProtectBE,138.6,-2.4,-141.0,True,False
Q4,2025-10-03,OPF-20260724-142249,20251006-1210-BULL-OBS-001274-Z001274-OC,20251006-1220-Long-1276,Long,ObservationConfirm,25218.5,25218.5,0.0,12.0,12.0,0.0,SL,Stop,-47.4,-50.4,-3.0,False,False
Q4,2025-10-06,OPF-20260724-142444,20251006-2240-BEAR-OBS-001112-Z001112-OC,20251006-2245-Short-1113,Short,ObservationConfirm,25166.25,25166.5,-0.25,17.25,17.0,0.25,TP,ProtectBE,98.6,-2.4,-101.0,True,False
Q4,2025-10-06,OPF-20260724-142444,20251006-2300-BEAR-OBS-001116-Z001116-OC,20251006-2305-Short-1117,Short,ObservationConfirm,25136.875,25137.0,-0.125,19.625,19.5,0.125,SL,Stop,-79.9,-80.4,-0.5,False,False
Q4,2025-10-06,OPF-20260724-142444,20251007-0315-BULL-OBS-001167-Z001167-OC,20251007-0320-Long-1168,Long,ObservationConfirm,25161.0,25161.0,0.0,8.75,8.75,0.0,TP,ProtectBE,65.6,-2.4,-68.0,True,False
Q4,2025-10-06,OPF-20260724-142444,20251007-0415-BULL-BRK-001179-Z001179-Q,20251007-0415-Long-1179,Long,BreakawayFvg_Qualified,25177.25,25176.75,0.5,8.25,7.75,0.5,SL,Stop,-34.4,-33.4,1.0,False,False
Q4,2025-10-06,OPF-20260724-142444,20251007-0535-BEAR-OBS-001195-Z001111-OC,20251007-0540-Short-1196,Short,ObservationConfirm,25183.5,25184.25,-0.75,5.5,4.75,0.75,TP,Target,28.6,54.6,26.0,False,False
Q4,2025-10-06,OPF-20260724-142444,20251007-0550-BEAR-OBS-001198-Z001198-OC,20251007-0555-Short-1199,Short,ObservationConfirm,25170.5,25171.75,-1.25,12.75,11.5,1.25,TP,Target,72.1,135.6,63.5,False,False
Q4,2025-10-06,OPF-20260724-142444,20251007-0625-BEAR-BRK-001205-Z001205,20251007-0625-Short-1205,Short,BreakawayFvg,25146.25,25147.5,-1.25,18.0,16.75,1.25,SL,Stop,-76.4,-69.4,7.0,False,False
Q4,2025-10-06,OPF-20260724-142444,20251007-0705-BEAR-OBS-001213-Z001213-OC,20251007-0710-Short-1214,Short,ObservationConfirm,25146.75,25147.0,-0.25,11.0,10.75,0.25,SL,ProtectBE,-45.9,-2.4,43.5,False,False
Q4,2025-10-06,OPF-20260724-142444,20251007-0735-BULL-OBS-001219-Z001218-OC,20251007-0740-Long-1220,Long,ObservationConfirm,25153.5,25153.75,-0.25,7.25,7.5,-0.25,TP,ProtectBE,39.1,-2.4,-41.5,True,False
Q4,2025-10-06,OPF-20260724-142444,20251007-0915-BULL-OBS-001239-Z001239-OC-STR,20251007-0920-Long-1240,Long,ObservationStrict_BullFresh_WideStop1_5R,25182.75,25182.75,0.0,5.5,5.62,-0.12,SL,ProtectBE,-26.9,-2.4,24.5,False,False
Q4,2025-10-06,OPF-20260724-142444,20251007-1005-BEAR-OBS-001249-Z001249-FR-RT,20251007-1025-Long-1253,Long,FailureReverse_RetestFailed,25187.25,25187.25,0.0,8.25,8.25,0.0,SL,ProtectBE,-31.4,-2.4,29.0,False,False
Q4,2025-10-06,OPF-20260724-142444,20251007-1045-BEAR-OBS-001257-Z001257-OC,20251007-1055-Short-1259,Short,ObservationConfirm,25174.0,25174.0,0.0,14.25,14.25,0.0,SL,Stop,-60.4,-59.4,1.0,False,False
Q4,2025-10-07,OPF-20260724-142638,20251007-2230-BULL-OBS-001110-Z001110-OC,20251007-2235-Long-1111,Long,ObservationConfirm,25076.75,25077.0,-0.25,8.5,8.75,-0.25,SL,Stop,-36.4,-37.4,-1.0,False,False
Q4,2025-10-07,OPF-20260724-142638,20251007-2325-BEAR-OBS-001121-Z001120,20251007-2325-Short-1121,Short,UnknownRegimeZoneTouch,25044.5,25045.0,-0.5,9.75,9.25,0.5,SL,ProtectBE,-41.4,-2.4,39.0,False,False
Q4,2025-10-07,OPF-20260724-142638,20251008-0045-BULL-OBS-001137-Z001136-OC-STR,20251008-0050-Long-1138,Long,ObservationStrict_Other,25060.5,25060.25,0.25,18.75,18.5,0.25,SL,ProtectBE,-71.4,-2.4,69.0,False,False
Q4,2025-10-07,OPF-20260724-142638,20251008-0605-BEAR-OBS-001201-Z001201-OC,20251008-0610-Short-1202,Short,ObservationConfirm,25051.0,25051.75,-0.75,7.0,6.25,0.75,TP,ProtectBE,39.6,-2.4,-42.0,True,False
Q4,2025-10-07,OPF-20260724-142638,20251008-0725-BULL-OBS-001217-Z001217-OC,20251008-0730-Long-1218,Long,ObservationConfirm,25069.75,25069.25,0.5,10.25,9.75,0.5,TP,Target,77.6,114.6,37.0,False,False
Q4,2025-10-07,OPF-20260724-142638,20251008-0750-BEAR-OBS-001222-Z001189-OC,20251008-0805-Short-1225,Short,ObservationConfirm,25083.125,25082.75,0.375,5.125,5.5,-0.375,SL,Stop,-23.9,-24.4,-0.5,False,False
Q4,2025-10-07,OPF-20260724-142638,20251008-0900-BEAR-OBS-001236-Z001235-OC,20251008-0905-Short-1237,Short,ObservationConfirm,25094.25,25094.0,0.25,6.75,7.0,-0.25,TP,ProtectBE,34.6,-2.4,-37.0,True,False
Q4,2025-10-07,OPF-20260724-142638,20251008-0935-BULL-OBS-001243-Z001243-OC,20251008-0940-Long-1244,Long,ObservationConfirm,25091.5,25091.5,0.0,8.0,8.0,0.0,SL,Stop,-35.4,-34.4,1.0,False,False
Q4,2025-10-07,OPF-20260724-142638,20251008-1120-BEAR-OBS-001264-Z001264,20251008-1120-Short-1264,Short,ZoneBirthResearch,25074.5,25075.5,-1.0,18.75,17.75,1.0,SPLIT_BASE_SL_RUNNER_SL,Base:Stop|Runner:Stop,-76.4,-73.4,3.0,False,False
Q4,2025-10-07,OPF-20260724-142638,20251008-1525-BULL-OBS-001313-Z001313-OC-STR,20251008-1530-Long-1314,Long,ObservationStrict_BullFresh_WideStop1_5R,25233.75,25233.25,0.5,20.5,19.88,0.62,TP,Target,242.6,236.16,-6.44,False,False
Q4,2025-10-07,OPF-20260724-142638,20251008-1920-BULL-OBS-001360-Z001360-OC,20251008-1925-Long-1361,Long,ObservationConfirm_WideStop1_5R,25312.25,25311.75,0.5,25.25,24.75,0.5,TP,GlobexCloseout,148.6,167.6,19.0,False,False
Q4,2025-10-07,OPF-20260724-142638,20251008-2030-BULL-OBS-001374-Z001374-OC,20251008-2035-Long-1375,Long,ObservationConfirm,25358.625,25358.75,-0.125,4.875,5.0,-0.125,SL,Stop,-22.9,-22.4,0.5,False,False
Q4,2025-10-08,OPF-20260724-142830,20251008-2320-BULL-OBS-001120-Z001120-OC,20251008-2325-Long-1121,Long,ObservationConfirm,25389.25,25388.5,0.75,11.75,11.0,0.75,SL,Stop,-49.4,-46.4,3.0,False,False
Q4,2025-10-08,OPF-20260724-142830,20251008-2355-BEAR-OBS-001127-Z001127-OC,20251009-0000-Short-1128,Short,ObservationConfirm,25371.5,25371.75,-0.25,12.0,11.75,0.25,TP,Target,69.6,138.6,69.0,False,False
Q4,2025-10-08,OPF-20260724-142830,20251009-0135-BEAR-OBS-001147-Z001147-OC,20251009-0140-Short-1148,Short,ObservationConfirm,25329.5,25329.75,-0.25,8.25,8.0,0.25,SL,ProtectBE,-29.4,-2.4,27.0,False,False
Q4,2025-10-08,OPF-20260724-142830,20251009-0240-BEAR-OBS-001160-Z001160-OC,20251009-0245-Short-1161,Short,ObservationConfirm,25318.0,25317.75,0.25,11.75,12.0,-0.25,SL,Stop,-33.4,-50.4,-17.0,False,False
Q4,2025-10-08,OPF-20260724-142830,20251009-0420-BULL-OBS-001180-Z001180-OC,20251009-0425-Long-1181,Long,ObservationConfirm,25335.5,25336.0,-0.5,7.25,7.75,-0.5,SL,Stop,-30.4,-33.4,-3.0,False,False
Q4,2025-10-08,OPF-20260724-142830,20251009-0430-BULL-OBS-001182-Z001180-OC,20251009-0440-Long-1184,Long,ObservationConfirm,25336.25,25336.0,0.25,8.0,7.75,0.25,TP,Target,44.6,90.6,46.0,False,False
Q4,2025-10-08,OPF-20260724-142830,20251009-0535-BULL-OBS-001195-Z001194-FR,20251009-0545-Short-1197,Short,FailureReverse_ObservationInvalidated,25341.0,25341.5,-0.5,15.75,15.25,0.5,SL,Stop,-66.4,-63.4,3.0,False,False
Q4,2025-10-08,OPF-20260724-142830,20251009-0605-BULL-OBS-001201-Z001201-OC,20251009-0610-Long-1202,Long,ObservationConfirm,25365.75,25365.75,0.0,10.75,10.75,0.0,SL,Stop,-47.4,-45.4,2.0,False,False
Q4,2025-10-08,OPF-20260724-142830,20251009-0610-BULL-OBS-001202-Z001201-FR-RT,20251009-0635-Short-1207,Short,FailureReverse_RetestFailed,25352.75,25353.5,-0.75,6.5,5.75,0.75,SL,Stop,-29.4,-25.4,4.0,False,False
Q4,2025-10-08,OPF-20260724-142830,20251009-0650-BEAR-OBS-001210-Z001210-OC,20251009-0655-Short-1211,Short,ObservationConfirm,25335.75,25337.25,-1.5,15.75,14.25,1.5,TP,ProtectBE,90.6,-2.4,-93.0,True,False
Q4,2025-10-08,OPF-20260724-142830,20251009-0815-BEAR-BRK-001227-Z001227,20251009-0815-Short-1227,Short,BreakawayFvg,25327.75,25328.25,-0.5,9.0,8.5,0.5,TP,Target,67.6,99.6,32.0,False,False
Q4,2025-10-08,OPF-20260724-142830,20251009-0835-BEAR-OBS-001231-Z001231-OC,20251009-0840-Short-1232,Short,ObservationConfirm,25303.75,25304.0,-0.25,15.75,15.5,0.25,SL,Stop,-66.4,-64.4,2.0,False,False
Q4,2025-10-09,OPF-20260724-143044,20251009-2210-BULL-OBS-001106-Z001105-OC,20251009-2215-Long-1107,Long,ObservationConfirm,25297.25,25297.25,0.0,9.75,9.75,0.0,TP,Target,76.6,114.6,38.0,False,False
Q4,2025-10-09,OPF-20260724-143044,20251010-0010-BEAR-OBS-001130-Z001130,20251010-0010-Short-1130,Short,ZoneBirthResearch,25325.5,25326.75,-1.25,6.0,4.75,1.25,SPLIT_BASE_SL_RUNNER_SL,Base:Stop|Runner:Stop,-26.4,-21.4,5.0,False,False
Q4,2025-10-09,OPF-20260724-143044,20251010-0050-BULL-OBS-001138-Z001138-OC,20251010-0055-Long-1139,Long,ObservationConfirm,25336.5,25336.5,0.0,10.5,10.5,0.0,SL,ProtectBE,-44.9,-2.4,42.5,False,False
Q4,2025-10-09,OPF-20260724-143044,20251010-0305-BEAR-OBS-001165-Z001165-OC,20251010-0310-Short-1166,Short,ObservationConfirm,25332.25,25332.5,-0.25,4.25,4.0,0.25,TP,ProtectBE,22.6,-2.4,-25.0,True,False
Q4,2025-10-09,OPF-20260724-143044,20251010-0350-BEAR-OBS-001174-Z001174-OC,20251010-0355-Short-1175,Short,ObservationConfirm,25316.75,25317.25,-0.5,6.0,5.5,0.5,SL,Stop,-26.4,-24.4,2.0,False,False
Q4,2025-10-09,OPF-20260724-143044,20251010-0455-BEAR-OBS-001187-Z001187-OC,20251010-0500-Short-1188,Short,ObservationConfirm,25299.75,25300.75,-1.0,16.25,15.25,1.0,SL,Stop,-67.4,-63.4,4.0,False,False
Q4,2025-10-09,OPF-20260724-143044,20251010-0540-BULL-OBS-001196-Z001195-OC-STR,20251010-0545-Long-1197,Long,ObservationStrict_Other,25329.75,25329.75,0.0,7.5,7.5,0.0,TP,Target,89.6,87.6,-2.0,False,False
Q4,2025-10-09,OPF-20260724-143044,20251010-0650-BEAR-OBS-001210-Z001210,20251010-0650-Short-1210,Short,ZoneBirthResearch,25308.25,25307.0,1.25,12.5,13.75,-1.25,SPLIT_BASE_SL_RUNNER_SL,Base:Stop|Runner:Stop,-52.4,-57.4,-5.0,False,False
Q4,2025-10-09,OPF-20260724-143044,20251010-1000-BEAR-OBS-001248-Z001247,20251010-1000-Short-1248,Short,UnknownRegimeZoneTouch,25263.5,25264.0,-0.5,6.5,6.0,0.5,SL,Stop,-28.4,-26.4,2.0,False,False
Q4,2025-10-09,OPF-20260724-143044,20251010-1245-BEAR-OBS-001281-Z001281,20251010-1245-Short-1281,Short,ZoneBirthResearch,25297.75,25298.25,-0.5,15.5,15.0,0.5,SPLIT_BASE_SL_RUNNER_SL,Base:Stop|Runner:Stop,-64.4,-62.4,2.0,False,False
Q4,2025-10-09,OPF-20260724-143044,20251010-1310-BULL-OBS-001286-Z001285-FR,20251010-1320-Short-1288,Short,FailureReverse_ObservationInvalidated,25297.0,25299.75,-2.75,11.25,8.5,2.75,SL,Stop,-46.4,-36.4,10.0,False,False
Q4,2025-10-10,OPF-20260724-143251,20251013-0255-BEAR-OBS-001163-Z001163-OC,20251013-0300-Short-1164,Short,ObservationConfirm,24813.0,24813.5,-0.5,19.0,18.5,0.5,SL,Stop,-78.4,-76.4,2.0,False,False
Q4,2025-10-10,OPF-20260724-143251,20251013-0315-BULL-OBS-001167-Z001166-FR,20251013-0330-Short-1170,Short,FailureReverse_ObservationInvalidated,24811.25,24811.5,-0.25,20.25,20.0,0.25,SL,ProtectBE,-83.4,-2.4,81.0,False,False
Q4,2025-10-10,OPF-20260724-143251,20251013-0615-BEAR-OBS-001203-Z001203,20251013-0615-Short-1203,Short,ZoneBirthResearch,24808.875,24808.75,0.125,7.375,7.5,-0.125,SPLIT_BASE_SL_RUNNER_SL,Base:Stop|Runner:Stop,-31.9,-32.4,-0.5,False,False
Q4,2025-10-10,OPF-20260724-143251,20251013-0740-BULL-PB-001220-Z001217,20251013-0740-Long-1220,Long,AlmostConfirmed,24911.75,24911.75,0.0,7.0,7.0,0.0,SL,Stop,-30.4,-30.4,0.0,False,False
Q4,2025-10-10,OPF-20260724-143251,20251013-0750-BEAR-OBS-001222-Z001222,20251013-0750-Short-1222,Short,ZoneBirthResearch,24897.75,24897.5,0.25,13.5,13.75,-0.25,SPLIT_BASE_TP_RUNNER_TP,Base:Target|Runner:Target,173.1,176.35,3.25,False,False
Q4,2025-10-10,OPF-20260724-143251,20251013-1045-BEAR-OBS-001257-Z001257-OC,20251013-1050-Short-1258,Short,ObservationConfirm,24841.125,24841.0,0.125,18.375,18.5,-0.125,TP,Stop,108.1,-76.4,-184.5,True,True
Q4,2025-10-10,OPF-20260724-143251,20251013-1700-BULL-OBS-001332-Z001332-OC,20251013-1705-Long-1333,Long,ObservationConfirm,24946.25,24946.25,0.0,9.5,9.5,0.0,SL,Stop,-37.4,-40.4,-3.0,False,False
Q4,2025-10-10,OPF-20260724-143251,20251013-1840-BULL-OBS-001352-Z001344-FR,20251013-1845-Short-1353,Short,FailureReverse_ObservationInvalidated_WideStop1_5R,24914.0,24914.25,-0.25,10.25,10.12,0.13,SL,Stop,-43.4,-42.88,0.52,False,True
Q4,2025-10-10,OPF-20260724-143251,20251013-1855-BEAR-OBS-001355-Z001355,20251013-1855-Short-1355,Short,ZoneBirthResearch,24901.5,24901.25,0.25,7.0,7.25,-0.25,SPLIT_BASE_SL_RUNNER_SL,Base:Stop|Runner:Stop,-30.4,-31.4,-1.0,False,True
Q4,2025-10-10,OPF-20260724-143251,20251013-1930-BEAR-OBS-001362-Z001362,20251013-1930-Short-1362,Short,ZoneBirthResearch,24922.5,24922.0,0.5,5.25,5.75,-0.5,SPLIT_BASE_SL_RUNNER_SL,Base:Stop|Runner:Stop,-23.4,-25.4,-2.0,False,False
Q4,2025-10-10,OPF-20260724-143251,20251013-2035-BEAR-OBS-001375-Z001375-OC,20251013-2040-Short-1376,Short,ObservationConfirm,24905.25,24905.25,0.0,6.75,6.75,0.0,SESSION_FLATTEN,GlobexCloseout,12.6,12.6,0.0,False,False
Q4,2025-10-13,OPF-20260724-143448,20251013-2230-BEAR-OBS-001110-Z001109-OC,20251013-2235-Short-1111,Short,ObservationConfirm,24912.75,24913.0,-0.25,6.75,6.5,0.25,SL,Stop,-34.4,-28.4,6.0,False,False
Q4,2025-10-13,OPF-20260724-143448,20251013-2250-BULL-OBS-001114-Z001114-OC,20251013-2255-Long-1115,Long,ObservationConfirm,24929.625,24931.25,-1.625,7.625,9.25,-1.625,SL,Stop,-34.9,-39.4,-4.5,False,False
Q4,2025-10-13,OPF-20260724-143448,20251013-2300-BULL-OBS-001116-Z001114-FR-RT,20251013-2325-Short-1121,Short,FailureReverse_RetestFailed_WideStop1_5R,24919.75,24921.0,-1.25,5.0,3.75,1.25,TP,Target,60.1,42.6,-17.5,False,False
Q4,2025-10-13,OPF-20260724-143448,20251014-0045-BULL-OBS-001137-Z001134-OC,20251014-0050-Long-1138,Long,ObservationConfirm,24997.5,24997.5,0.0,10.5,10.5,0.0,SL,ProtectBE,-43.9,-2.4,41.5,False,False
Q4,2025-10-13,OPF-20260724-143448,20251014-0140-BULL-OBS-001148-Z001148-OC,20251014-0145-Long-1149,Long,ObservationConfirm,25001.75,25001.75,0.0,4.5,4.5,0.0,SL,Stop,-19.4,-20.4,-1.0,False,False
Q4,2025-10-13,OPF-20260724-143448,20251014-0235-BEAR-OBS-001159-Z001159-OC,20251014-0240-Short-1160,Short,ObservationConfirm,24982.0,24981.5,0.5,6.25,6.75,-0.5,TP,Target,33.6,78.6,45.0,False,False
Q4,2025-10-13,OPF-20260724-143448,20251014-0645-BEAR-OBS-001209-Z001208,20251014-0645-Short-1209,Short,UnknownRegimeZoneTouch,24700.75,24702.25,-1.5,11.5,10.0,1.5,TP,Target,135.6,117.6,-18.0,False,False
Q4,2025-10-13,OPF-20260724-143448,20251014-0650-BEAR-SHD-001210-Z001208,20251014-0720-Short-1216,Short,ShadowCandidate,24687.875,24689.0,-1.125,24.375,23.25,1.125,SL,Stop,-100.9,-95.4,5.5,False,False
Q4,2025-10-13,OPF-20260724-143448,20251014-0955-BEAR-OBS-001247-Z001247-OC,20251014-1000-Short-1248,Short,ObservationConfirm,24631.75,24633.0,-1.25,17.0,15.75,1.25,TP,Target,96.6,186.6,90.0,False,False
Q4,2025-10-13,OPF-20260724-143448,20251014-1030-BEAR-OBS-001254-Z001254-OC,20251014-1035-Short-1255,Short,ObservationConfirm,24566.375,24568.5,-2.125,20.375,18.25,2.125,TP,Target,117.1,216.6,99.5,False,False
Q4,2025-10-13,OPF-20260724-143448,20251014-1135-BEAR-OBS-001267-Z001247-OC,20251014-1140-Short-1268,Short,ObservationConfirm_WideStop1_5R,24642.0,24642.5,-0.5,10.0,9.38,0.62,SL,Stop,-45.4,-39.92,5.48,False,True
Q4,2025-10-13,OPF-20260724-143448,20251014-1750-BULL-OBS-001342-Z001341-FR,20251014-1755-Short-1343,Short,FailureReverse_ObservationInvalidated_WideStop1_5R,24900.25,24900.0,0.25,15.25,15.38,-0.13,SL,ProtectBE,-63.4,-2.4,61.0,False,False
Q4,2025-10-14,OPF-20260724-143646,20251014-2220-BEAR-OBS-001108-Z001108-FR,20251014-2225-Long-1109,Long,FailureReverse_ObservationInvalidated_WideStop1_5R,24776.75,24776.75,0.0,12.0,12.0,0.0,SL,Stop,-63.9,-50.4,13.5,False,False
Q4,2025-10-14,OPF-20260724-143646,20251014-2330-BEAR-OBS-001122-Z001122,20251014-2330-Short-1122,Short,ZoneBirthResearch,24797.25,24798.0,-0.75,6.0,5.25,0.75,SPLIT_BASE_TP_RUNNER_TP,Base:Target|Runner:Target,74.6,65.85,-8.75,False,False
Q4,2025-10-14,OPF-20260724-143646,20251015-0000-BEAR-OBS-001128-Z001128-OC,20251015-0005-Short-1129,Short,ObservationConfirm,24769.5,24769.75,-0.25,16.25,16.0,0.25,TP,ProtectBE,91.6,-2.4,-94.0,True,False
Q4,2025-10-14,OPF-20260724-143646,20251015-0230-BULL-PB-001158-Z001157,20251015-0230-Long-1158,Long,AlmostConfirmed,24841.75,24841.25,0.5,7.25,6.75,0.5,SL,Stop,-29.4,-29.4,0.0,False,False
Q4,2025-10-14,OPF-20260724-143646,20251015-0235-BEAR-OBS-001159-Z001159-OC,20251015-0240-Short-1160,Short,ObservationConfirm,24823.5,24823.75,-0.25,20.25,20.0,0.25,TP,ProtectBE,123.6,-2.4,-126.0,True,False
Q4,2025-10-14,OPF-20260724-143646,20251015-0725-BEAR-OBS-001217-Z001217-OC,20251015-0730-Short-1218,Short,ObservationConfirm,24888.25,24888.25,0.0,19.75,19.75,0.0,SL,Stop,-80.4,-81.4,-1.0,False,False
Q4,2025-10-14,OPF-20260724-143646,20251015-1035-BEAR-OBS-001255-Z001255,20251015-1035-Short-1255,Short,ZoneBirthResearch,24955.25,24955.5,-0.25,4.0,3.75,0.25,SPLIT_BASE_SL_RUNNER_SL,Base:Stop|Runner:Stop,-25.4,-17.4,8.0,False,False
Q4,2025-10-14,OPF-20260724-143646,20251015-2030-BEAR-OBS-001374-Z001374,20251015-2030-Short-1374,Short,ZoneBirthResearch,24926.875,24927.5,-0.625,15.625,15.0,0.625,SPLIT_BASE_SL_RUNNER_SL,Base:Stop|Runner:Stop,-65.9,-62.4,3.5,False,False
Q4,2025-10-15,OPF-20260724-143844,20251015-2240-BEAR-OBS-001112-Z001112-OC,20251015-2245-Short-1113,Short,ObservationConfirm,24953.25,24953.25,0.0,15.25,15.25,0.0,SL,Stop,-65.4,-63.4,2.0,False,False
Q4,2025-10-15,OPF-20260724-143844,20251015-2255-BULL-OBS-001115-Z001115-OC,20251015-2300-Long-1116,Long,ObservationConfirm,24974.0,24972.5,1.5,8.0,6.5,1.5,SL,Stop,-28.4,-28.4,0.0,False,False
Q4,2025-10-15,OPF-20260724-143844,20251015-2310-BEAR-OBS-001118-Z001118,20251015-2310-Short-1118,Short,ZoneBirthResearch,24961.75,24963.5,-1.75,8.75,7.0,1.75,SPLIT_BASE_TP_RUNNER_TP,Base:Target|Runner:Target,111.1,88.6,-22.5,False,False
Q4,2025-10-15,OPF-20260724-143844,20251016-0140-BULL-OBS-001148-Z001147-FR,20251016-0145-Short-1149,Short,FailureReverse_ObservationInvalidated_WideStop1_5R,24928.75,24928.75,0.0,12.5,12.38,0.12,SL,Stop,-50.9,-51.92,-1.02,False,False
Q4,2025-10-15,OPF-20260724-143844,20251016-0230-BEAR-OBS-001158-Z001158-OC,20251016-0235-Short-1159,Short,ObservationConfirm,24906.0,24906.0,0.0,17.0,17.0,0.0,SL,Stop,-68.4,-70.4,-2.0,False,False
Q4,2025-10-15,OPF-20260724-143844,20251016-0320-BEAR-OBS-001168-Z001167-OC,20251016-0325-Short-1169,Short,ObservationConfirm,24922.75,24923.0,-0.25,11.75,11.5,0.25,SL,ProtectBE,-47.4,-2.4,45.0,False,False
Q4,2025-10-15,OPF-20260724-143844,20251016-0410-BULL-OBS-001178-Z001178-OC,20251016-0415-Long-1179,Long,ObservationConfirm,24932.25,24932.25,0.0,8.5,8.5,0.0,SL,Stop,-40.4,-36.4,4.0,False,False
Q4,2025-10-15,OPF-20260724-143844,20251016-0610-BULL-OBS-001202-Z001202-OC,20251016-0615-Long-1203,Long,ObservationConfirm_WideStop1_5R,24979.625,24979.25,0.375,23.875,23.62,0.255,TP,ProtectBE,139.1,-2.4,-141.5,True,False
Q4,2025-10-15,OPF-20260724-143844,20251016-0635-BULL-OBS-001207-Z001207-OC,20251016-0640-Long-1208,Long,ObservationConfirm,25011.5,25011.0,0.5,9.5,9.0,0.5,TP,Target,81.6,105.6,24.0,False,False
Q4,2025-10-15,OPF-20260724-143844,20251016-0830-BEAR-OBS-001230-Z001230,20251016-0830-Short-1230,Short,ZoneBirthResearch,25023.5,25024.0,-0.5,14.5,14.0,0.5,SPLIT_BASE_SL_RUNNER_SL,Base:Stop|Runner:Stop,-57.4,-58.4,-1.0,False,False
Q4,2025-10-15,OPF-20260724-143844,20251016-1010-BULL-OBS-001250-Z001250-OC,20251016-1015-Long-1251,Long,ObservationConfirm,25053.25,25054.5,-1.25,8.25,9.5,-1.25,TP,ProtectBE,61.6,-2.4,-64.0,True,False
Q4,2025-10-15,OPF-20260724-143844,20251016-1130-BULL-OBS-001266-Z001265-FR,20251016-1135-Short-1267,Short,FailureReverse_ObservationInvalidated,25069.5,25070.25,-0.75,9.0,8.25,0.75,TP,ProtectBE,87.6,-2.4,-90.0,True,False
Q4,2025-10-16,OPF-20260724-144056,20251016-2330-BEAR-OBS-001122-Z001122-OC,20251016-2335-Short-1123,Short,ObservationConfirm,24730.5,24729.75,0.75,21.25,22.0,-0.75,SL,Stop,-87.9,-90.4,-2.5,False,False
Q4,2025-10-16,OPF-20260724-144056,20251017-0445-BEAR-OBS-001185-Z001185,20251017-0445-Short-1185,Short,ZoneBirthResearch,24708.75,24709.0,-0.25,13.25,13.0,0.25,SPLIT_BASE_TP_RUNNER_TP,Base:Target|Runner:Target,163.1,166.6,3.5,False,False
Q4,2025-10-16,OPF-20260724-144056,20251017-0515-BEAR-BRK-001191-Z001191,20251017-0515-Short-1191,Short,BreakawayFvg,24654.5,24654.75,-0.25,27.25,27.0,0.25,SL,Stop,-112.4,-110.4,2.0,False,False
Q4,2025-10-16,OPF-20260724-144056,20251017-0540-BEAR-BRK-001196-Z001196,20251017-0540-Short-1196,Short,BreakawayFvg,24622.75,24623.75,-1.0,24.75,23.75,1.0,SL,Stop,-103.4,-97.4,6.0,False,False
Q4,2025-10-16,OPF-20260724-144056,20251017-0615-BEAR-BRK-001203-Z001203,20251017-0615-Short-1203,Short,BreakawayFvg,24654.0,24654.5,-0.5,23.0,22.5,0.5,TP,Target,181.6,267.6,86.0,False,False
Q4,2025-10-16,OPF-20260724-144056,20251017-0945-BEAR-OBS-001245-Z001245,20251017-0945-Short-1245,Short,ZoneBirthResearch,24515.0,24515.5,-0.5,12.75,12.25,0.5,SPLIT_BASE_SL_RUNNER_SL,Base:Stop|Runner:Stop,-57.4,-51.4,6.0,False,False
Q4,2025-10-16,OPF-20260724-144056,20251017-1015-BEAR-BRK-001251-Z001251,20251017-1015-Short-1251,Short,BreakawayFvg,24501.5,24501.75,-0.25,30.0,29.75,0.25,SL,Stop,-122.9,-121.4,1.5,False,False
Q4,2025-10-17,OPF-20260724-144255,20251020-0120-BULL-OBS-001144-Z001144-OC-STR,20251020-0125-Long-1145,Long,ObservationStrict_BullFresh_WideStop1_5R,25062.5,25062.5,0.0,8.0,7.88,0.12,SL,Stop,-35.4,-33.92,1.48,False,False
Q4,2025-10-17,OPF-20260724-144255,20251020-0235-BULL-OBS-001159-Z001159-OC,20251020-0240-Long-1160,Long,ObservationConfirm,25049.75,25048.75,1.0,9.75,8.75,1.0,TP,Target,74.6,102.6,28.0,False,False
Q4,2025-10-17,OPF-20260724-144255,20251020-0420-BULL-OBS-001180-Z001180-OC,20251020-0425-Long-1181,Long,ObservationConfirm,25116.5,25116.0,0.5,11.75,11.25,0.5,SL,Stop,-47.4,-47.4,0.0,False,False
Q4,2025-10-17,OPF-20260724-144255,20251020-0455-BULL-OBS-001187-Z001187-OC,20251020-0500-Long-1188,Long,ObservationConfirm,25111.5,25112.25,-0.75,7.75,8.5,-0.75,SL,Stop,-33.4,-36.4,-3.0,False,False
Q4,2025-10-17,OPF-20260724-144255,20251020-0600-BEAR-OBS-001200-Z001200-OC,20251020-0605-Short-1201,Short,ObservationConfirm,25096.25,25096.75,-0.5,20.5,20.0,0.5,SL,Stop,-87.4,-82.4,5.0,False,False
Q4,2025-10-17,OPF-20260724-144255,20251020-0635-BULL-OBS-001207-Z001207-OC,20251020-0640-Long-1208,Long,ObservationConfirm,25119.0,25119.25,-0.25,6.0,6.25,-0.25,SL,Stop,-25.9,-27.4,-1.5,False,False
Q4,2025-10-17,OPF-20260724-144255,20251020-0850-BEAR-OBS-001234-Z001234,20251020-0850-Short-1234,Short,ZoneBirthResearch,25076.0,25076.25,-0.25,7.5,7.25,0.25,SPLIT_BASE_SL_RUNNER_SL,Base:Stop|Runner:Stop,-29.4,-31.4,-2.0,False,False
Q4,2025-10-17,OPF-20260724-144255,20251020-1155-BULL-OBS-001271-Z001271-OC,20251020-1200-Long-1272,Long,ObservationConfirm,25082.0,25082.75,-0.75,10.0,10.75,-0.75,TP,Target,74.6,126.6,52.0,False,False
Q4,2025-10-17,OPF-20260724-144255,20251020-1300-BULL-OBS-001284-Z001284-OC,20251020-1305-Long-1285,Long,ObservationConfirm_WideStop1_5R,25142.75,25141.5,1.25,25.25,24.0,1.25,SL,Stop,-97.4,-98.4,-1.0,False,False
Q4,2025-10-17,OPF-20260724-144255,20251020-1755-BEAR-OBS-001343-Z001343,20251020-1755-Short-1343,Short,ZoneBirthResearch,25336.0,25336.75,-0.75,7.75,7.0,0.75,SPLIT_BASE_SL_RUNNER_SL,Base:Stop|Runner:Stop,-34.4,-30.4,4.0,False,False
Q4,2025-10-17,OPF-20260724-144255,20251020-1805-BULL-OBS-001345-Z001345-OC,20251020-1810-Long-1346,Long,ObservationConfirm,25350.0,25349.5,0.5,9.5,9.0,0.5,SL,Stop,-42.4,-38.4,4.0,False,False
Q4,2025-10-17,OPF-20260724-144255,20251020-2015-BULL-OBS-001371-Z001371-OC,20251020-2020-Long-1372,Long,ObservationConfirm,25319.25,25318.75,0.5,11.25,10.75,0.5,SESSION_FLATTEN,GlobexCloseout,7.6,9.6,2.0,False,False
Q4,2025-10-20,OPF-20260724-144450,20251020-2210-BEAR-OBS-001106-Z001106-FR-RT,20251020-2225-Long-1109,Long,FailureReverse_RetestFailed,25323.0,25322.25,0.75,8.0,7.25,0.75,SL,Stop,-36.4,-31.4,5.0,False,False
Q4,2025-10-20,OPF-20260724-144450,20251020-2235-BEAR-OBS-001111-Z001111,20251020-2235-Short-1111,Short,ZoneBirthResearch,25315.25,25316.0,-0.75,3.75,3.0,0.75,SPLIT_BASE_SL_RUNNER_SL,Base:Stop|Runner:Stop,-19.4,-14.4,5.0,False,False
Q4,2025-10-20,OPF-20260724-144450,20251020-2315-BULL-OBS-001119-Z001117-OC,20251020-2320-Long-1120,Long,ObservationConfirm,25330.5,25330.0,0.5,7.75,7.25,0.5,TP,ProtectBE,43.6,-2.4,-46.0,True,False
Q4,2025-10-20,OPF-20260724-144450,20251020-2345-BEAR-OBS-001125-Z001125-OC,20251020-2350-Short-1126,Short,ObservationConfirm,25317.25,25317.5,-0.25,16.5,16.25,0.25,SL,Stop,-63.4,-67.4,-4.0,False,False
Q4,2025-10-20,OPF-20260724-144450,20251021-0015-BULL-OBS-001131-Z001131-OC,20251021-0020-Long-1132,Long,ObservationConfirm,25325.75,25325.0,0.75,7.25,6.5,0.75,TP,Target,44.1,75.6,31.5,False,False
Q4,2025-10-20,OPF-20260724-144450,20251021-0045-BULL-OBS-001137-Z001136-OC,20251021-0050-Long-1138,Long,ObservationConfirm,25341.25,25341.25,0.0,3.75,3.75,0.0,TP,Target,16.6,42.6,26.0,False,False
Q4,2025-10-20,OPF-20260724-144450,20251021-0105-BULL-OBS-001141-Z001141-OC,20251021-0110-Long-1142,Long,ObservationConfirm_WideStop1_5R,25346.0,25345.25,0.75,4.5,3.75,0.75,TP,Target,28.6,42.6,14.0,False,False
Q4,2025-10-20,OPF-20260724-144450,20251021-0145-BULL-OBS-001149-Z001149-OC,20251021-0150-Long-1150,Long,ObservationConfirm,25346.0,25345.25,0.75,11.5,10.75,0.75,SL,ProtectBE,-48.4,-2.4,46.0,False,False
Q4,2025-10-20,OPF-20260724-144450,20251021-0350-BEAR-OBS-001174-Z001174,20251021-0350-Short-1174,Short,ZoneBirthResearch,25327.0,25327.5,-0.5,7.0,6.5,0.5,SPLIT_BASE_TP_RUNNER_TP,Base:Target|Runner:Target,84.1,82.1,-2.0,False,False
Q4,2025-10-20,OPF-20260724-144450,20251021-0500-BEAR-OBS-001188-Z001188-OC,20251021-0505-Short-1189,Short,ObservationConfirm_WideStop1_5R,25307.25,25307.25,0.0,12.0,12.0,0.0,TP,Target,66.6,141.6,75.0,False,False
Q4,2025-10-20,OPF-20260724-144450,20251021-0545-BEAR-OBS-001197-Z001197-OC,20251021-0550-Short-1198,Short,ObservationConfirm,25286.0,25286.75,-0.75,11.0,10.25,0.75,SL,Stop,-44.4,-43.4,1.0,False,False
Q4,2025-10-20,OPF-20260724-144450,20251021-0605-BEAR-BRK-001201-Z001201,20251021-0605-Short-1201,Short,BreakawayFvg,25277.0,25277.5,-0.5,8.25,7.75,0.5,SL,ProtectBE,-39.9,-2.4,37.5,False,False
Q4,2025-10-21,OPF-20260724-144648,20251021-2350-BEAR-OBS-001126-Z001126,20251021-2350-Short-1126,Short,ZoneBirthResearch,25244.75,25245.25,-0.5,2.75,2.25,0.5,SPLIT_BASE_SL_RUNNER_SL,Base:Stop|Runner:Stop,-13.4,-11.4,2.0,False,False
Q4,2025-10-21,OPF-20260724-144648,20251022-0110-BULL-OBS-001142-Z001142-OC,20251022-0115-Long-1143,Long,ObservationConfirm,25237.75,25237.0,0.75,6.5,5.75,0.75,TP,Target,35.6,66.6,31.0,False,False
Q4,2025-10-21,OPF-20260724-144648,20251022-0240-BEAR-OBS-001160-Z001160,20251022-0240-Short-1160,Short,ZoneBirthResearch,25274.5,25274.75,-0.25,2.25,2.0,0.25,SPLIT_BASE_TP_RUNNER_TP,Base:Target|Runner:Target,25.6,23.6,-2.0,False,False
Q4,2025-10-21,OPF-20260724-144648,20251022-0410-BULL-OBS-001178-Z001178-OC,20251022-0415-Long-1179,Long,ObservationConfirm_WideStop1_5R,25328.625,25327.25,1.375,23.875,22.5,1.375,SL,Stop,-97.9,-92.4,5.5,False,False
Q4,2025-10-21,OPF-20260724-144648,20251022-0615-BULL-OBS-001203-Z001203-OC,20251022-0620-Long-1204,Long,ObservationConfirm,25319.5,25319.0,0.5,6.0,5.5,0.5,TP,ProtectBE,31.1,-2.4,-33.5,True,False
Q4,2025-10-21,OPF-20260724-144648,20251022-0640-BULL-OBS-001208-Z001208-OC,20251022-0645-Long-1209,Long,ObservationConfirm,25328.75,25328.0,0.75,10.75,10.0,0.75,SL,Stop,-45.4,-42.4,3.0,False,False
Q4,2025-10-21,OPF-20260724-144648,20251022-0725-BULL-OBS-001217-Z001217-OC,20251022-0730-Long-1218,Long,ObservationConfirm,25298.5,25297.0,1.5,7.25,5.75,1.5,SL,ProtectBE,-28.4,-2.4,26.0,False,False
Q4,2025-10-21,OPF-20260724-144648,20251022-1000-BULL-OBS-001248-Z001248-OC,20251022-1005-Long-1249,Long,ObservationConfirm,25270.0,25270.0,0.0,8.75,8.75,0.0,TP,Target,66.6,102.6,36.0,False,False
Q4,2025-10-21,OPF-20260724-144648,20251022-1015-BEAR-OBS-001251-Z001226-FR-RT,20251022-1030-Long-1254,Long,FailureReverse_RetestFailed,25286.875,25288.25,-1.375,5.875,7.25,-1.375,TP,ProtectBE,35.1,-2.4,-37.5,True,False
Q4,2025-10-21,OPF-20260724-144648,20251022-1050-BULL-PB-001258-Z001257,20251022-1050-Long-1258,Long,AlmostConfirmed,25297.5,25297.5,0.0,7.25,7.25,0.0,SL,Stop,-34.4,-31.4,3.0,False,False
Q4,2025-10-21,OPF-20260724-144648,20251022-1510-BEAR-BRK-001310-Z001310,20251022-1510-Short-1310,Short,BreakawayFvg,25141.5,25141.75,-0.25,20.75,20.5,0.25,TP,Target,168.6,243.6,75.0,False,False
Q4,2025-10-22,OPF-20260724-144846,20251022-2305-BULL-OBS-001117-Z001117-OC,20251022-2310-Long-1118,Long,ObservationConfirm,25056.5,25056.5,0.0,8.25,8.25,0.0,SL,Stop,-35.4,-35.4,0.0,False,False
Q4,2025-10-22,OPF-20260724-144846,20251022-2340-BEAR-OBS-001124-Z001124,20251022-2340-Short-1124,Short,ZoneBirthResearch,25029.5,25029.75,-0.25,13.25,13.0,0.25,SPLIT_BASE_TP_RUNNER_TP,Base:Target|Runner:Target,169.1,166.6,-2.5,False,False
Q4,2025-10-22,OPF-20260724-144846,20251023-0030-BEAR-OBS-001134-Z001124-OC,20251023-0035-Short-1135,Short,ObservationConfirm,25027.5,25027.5,0.0,15.25,15.25,0.0,SL,Stop,-62.4,-63.4,-1.0,False,False
Q4,2025-10-22,OPF-20260724-144846,20251023-0310-BULL-OBS-001166-Z001166-OC,20251023-0315-Long-1167,Long,ObservationConfirm,25108.0,25107.75,0.25,5.25,5.0,0.25,SL,ProtectBE,-26.4,-2.4,24.0,False,False
Q4,2025-10-22,OPF-20260724-144846,20251023-0330-BEAR-OBS-001170-Z001170-OC,20251023-0335-Short-1171,Short,ObservationConfirm,25089.625,25090.0,-0.375,16.375,16.0,0.375,TP,ProtectBE,96.6,-2.4,-99.0,True,False
Q4,2025-10-22,OPF-20260724-144846,20251023-0425-BULL-OBS-001181-Z001181-FR,20251023-0430-Short-1182,Short,FailureReverse_ObservationInvalidated_WideStop1_5R,25066.0,25066.5,-0.5,21.0,20.62,0.38,SL,Stop,-87.9,-84.88,3.02,False,False
Q4,2025-10-22,OPF-20260724-144846,20251023-0610-BULL-OBS-001202-Z001199-OC,20251023-0615-Long-1203,Long,ObservationConfirm,25081.0,25081.25,-0.25,5.75,6.0,-0.25,TP,ProtectBE,30.1,-2.4,-32.5,True,False
Q4,2025-10-22,OPF-20260724-144846,20251023-0650-BULL-OBS-001210-Z001210-OC,20251023-0655-Long-1211,Long,ObservationConfirm,25104.75,25104.25,0.5,11.5,11.0,0.5,TP,ProtectBE,89.6,-2.4,-92.0,True,False
Q4,2025-10-22,OPF-20260724-144846,20251023-1105-BEAR-OBS-001261-Z001261,20251023-1105-Short-1261,Short,ZoneBirthResearch,25025.0,25025.0,0.0,14.25,14.25,0.0,SPLIT_BASE_TP_RUNNER_TP,Base:Target|Runner:Target,185.1,182.85,-2.25,False,False
Q4,2025-10-22,OPF-20260724-144846,20251023-1620-BULL-OBS-001324-Z001322-FR,20251023-1625-Short-1325,Short,FailureReverse_ObservationInvalidated_WideStop1_5R,25200.5,25200.25,0.25,12.25,12.38,-0.13,SL,Stop,-53.9,-51.92,1.98,False,False
Q4,2025-10-22,OPF-20260724-144846,20251023-1840-BEAR-OBS-001352-Z001352,20251023-1840-Short-1352,Short,ZoneBirthResearch,25264.25,25264.75,-0.5,4.75,4.25,0.5,SPLIT_BASE_SL_RUNNER_SL,Base:Stop|Runner:Stop,-20.4,-19.4,1.0,False,False
Q4,2025-10-22,OPF-20260724-144846,20251023-1855-BULL-OBS-001355-Z001355-OC,20251023-1900-Long-1356,Long,ObservationConfirm,25274.75,25274.5,0.25,9.25,9.0,0.25,SL,Stop,-39.4,-38.4,1.0,False,False
Q4,2025-10-23,OPF-20260724-145104,20251023-2305-BULL-OBS-001117-Z001117-OC,20251023-2310-Long-1118,Long,ObservationConfirm,25298.0,25297.5,0.5,5.75,5.25,0.5,SL,ProtectBE,-27.4,-2.4,25.0,False,False
Q4,2025-10-23,OPF-20260724-145104,20251024-0035-BULL-OBS-001135-Z001135-OC,20251024-0040-Long-1136,Long,ObservationConfirm,25299.625,25299.25,0.375,5.625,5.25,0.375,SL,Stop,-24.9,-23.4,1.5,False,False
Q4,2025-10-23,OPF-20260724-145104,20251024-0110-BULL-OBS-001142-Z001142-OC,20251024-0115-Long-1143,Long,ObservationConfirm,25317.25,25316.75,0.5,10.0,9.5,0.5,SL,Stop,-43.4,-40.4,3.0,False,False
Q4,2025-10-23,OPF-20260724-145104,20251024-0125-BULL-OBS-001145-Z001141-OC,20251024-0140-Long-1148,Long,ObservationConfirm,25307.0,25307.0,0.0,6.0,6.0,0.0,TP,Target,32.6,69.6,37.0,False,False
Q4,2025-10-23,OPF-20260724-145104,20251024-0155-BULL-BRK-001151-Z001151-Q,20251024-0155-Long-1151,Long,BreakawayFvg_Qualified,25318.0,25318.25,-0.25,8.0,8.25,-0.25,SL,Stop,-36.4,-35.4,1.0,False,False
Q4,2025-10-23,OPF-20260724-145104,20251024-0325-BULL-OBS-001169-Z001169-OC,20251024-0330-Long-1170,Long,ObservationConfirm,25328.75,25328.5,0.25,7.25,7.0,0.25,SL,Stop,-24.4,-30.4,-6.0,False,False
Q4,2025-10-23,OPF-20260724-145104,20251024-0530-BULL-PB-001194-Z001193,20251024-0530-Long-1194,Long,AlmostConfirmed,25342.75,25342.75,0.0,10.25,10.25,0.0,TP,Target,98.6,120.6,22.0,False,False
Q4,2025-10-23,OPF-20260724-145104,20251024-0610-BULL-OBS-001202-Z001202-OC,20251024-0615-Long-1203,Long,ObservationConfirm_WideStop1_5R,25371.5,25372.0,-0.5,22.75,23.25,-0.5,SL,Stop,-93.4,-95.4,-2.0,False,False
Q4,2025-10-23,OPF-20260724-145104,20251024-0935-BULL-OBS-001243-Z001243-OC,20251024-0940-Long-1244,Long,ObservationConfirm,25389.875,25389.25,0.625,9.375,8.75,0.625,SL,Stop,-35.9,-37.4,-1.5,False,False
Q4,2025-10-23,OPF-20260724-145104,20251024-0950-BEAR-OBS-001246-Z001246-OC,20251024-0955-Short-1247,Short,ObservationConfirm,25376.75,25377.25,-0.5,11.25,10.75,0.5,SL,Stop,-48.4,-45.4,3.0,False,False
Q4,2025-10-23,OPF-20260724-145104,20251024-1010-BULL-OBS-001250-Z001250-OC,20251024-1015-Long-1251,Long,ObservationConfirm,25385.0,25383.75,1.25,7.75,6.5,1.25,SL,Stop,-34.4,-28.4,6.0,False,False
Q4,2025-10-23,OPF-20260724-145104,20251024-1020-BULL-OBS-001252-Z001241-OC,20251024-1025-Long-1253,Long,ObservationConfirm,25375.75,25375.5,0.25,10.25,10.0,0.25,SL,ProtectBE,-42.4,-2.4,40.0,False,False
Q4,2025-10-24,OPF-20260724-145257,20251026-2310-BULL-OBS-001118-Z001117-FR,20251026-2320-Short-1120,Short,FailureReverse_ObservationInvalidated,25720.75,25720.0,0.75,6.25,7.0,-0.75,SL,Stop,-25.4,-30.4,-5.0,False,False
Q4,2025-10-24,OPF-20260724-145257,20251026-2350-BEAR-OBS-001126-Z001126,20251026-2350-Short-1126,Short,ZoneBirthResearch,25711.5,25712.25,-0.75,13.0,12.25,0.75,SPLIT_BASE_SL_RUNNER_SL,Base:Stop|Runner:Stop,-53.4,-51.4,2.0,False,False
Q4,2025-10-24,OPF-20260724-145257,20251027-0105-BEAR-OBS-001141-Z001141-OC,20251027-0110-Short-1142,Short,ObservationConfirm,25711.25,25711.75,-0.5,10.75,10.25,0.5,SL,Stop,-48.4,-43.4,5.0,False,False
Q4,2025-10-24,OPF-20260724-145257,20251027-0130-BULL-OBS-001146-Z001145-OC,20251027-0135-Long-1147,Long,ObservationConfirm,25728.75,25728.5,0.25,9.75,9.5,0.25,SL,Stop,-41.4,-40.4,1.0,False,False
Q4,2025-10-24,OPF-20260724-145257,20251027-0150-BEAR-OBS-001150-Z001150-OC,20251027-0155-Short-1151,Short,ObservationConfirm,25717.5,25718.25,-0.75,5.75,5.0,0.75,SL,Stop,-27.4,-22.4,5.0,False,False
Q4,2025-10-24,OPF-20260724-145257,20251027-0245-BULL-OBS-001161-Z001161-OC,20251027-0250-Long-1162,Long,ObservationConfirm,25744.75,25744.25,0.5,7.25,6.75,0.5,TP,Target,40.6,78.6,38.0,False,False
Q4,2025-10-24,OPF-20260724-145257,20251027-0315-BULL-OBS-001167-Z001167-OC,20251027-0320-Long-1168,Long,ObservationConfirm_WideStop1_5R,25768.0,25768.0,0.0,22.0,22.12,-0.12,TP,Target,128.6,263.04,134.44,False,False
Q4,2025-10-24,OPF-20260724-145257,20251027-0830-BEAR-OBS-001230-Z001230,20251027-0830-Short-1230,Short,ZoneBirthResearch,25777.625,25778.5,-0.875,6.125,5.25,0.875,SPLIT_BASE_SL_RUNNER_SL,Base:Stop|Runner:Stop,-27.9,-23.4,4.5,False,False
Q4,2025-10-24,OPF-20260724-145257,20251027-0945-BULL-OBS-001245-Z001245-OC,20251027-0950-Long-1246,Long,ObservationConfirm,25833.0,25832.5,0.5,11.25,10.75,0.5,SL,ProtectBE,-47.4,-2.4,45.0,False,False
Q4,2025-10-24,OPF-20260724-145257,20251027-1135-BEAR-OBS-001267-Z001267-OC,20251027-1140-Short-1268,Short,ObservationConfirm,25820.5,25821.75,-1.25,13.75,12.5,1.25,SL,Stop,-57.4,-52.4,5.0,False,False
Q4,2025-10-24,OPF-20260724-145257,20251027-1210-BULL-OBS-001274-Z001274-OC,20251027-1215-Long-1275,Long,ObservationConfirm,25838.25,25838.5,-0.25,5.75,6.0,-0.25,SL,ProtectBE,-24.9,-2.4,22.5,False,False
Q4,2025-10-24,OPF-20260724-145257,20251027-1450-BEAR-OBS-001306-Z001306,20251027-1450-Short-1306,Short,ZoneBirthResearch,25866.75,25866.75,0.0,12.25,12.25,0.0,SPLIT_BASE_SL_RUNNER_SL,Base:Stop|Runner:Stop,-51.4,-51.4,0.0,False,False
Q4,2025-10-27,OPF-20260724-145451,20251028-0000-BEAR-OBS-001128-Z001128-OC,20251028-0005-Short-1129,Short,ObservationConfirm,25981.5,25982.25,-0.75,20.75,20.0,0.75,TP,ProtectBE,119.6,-2.4,-122.0,True,False
Q4,2025-10-27,OPF-20260724-145451,20251028-0550-BULL-OBS-001198-Z001198-OC,20251028-0555-Long-1199,Long,ObservationConfirm,25963.0,25961.0,2.0,11.5,9.5,2.0,SL,ProtectBE,-47.4,-2.4,45.0,False,False
Q4,2025-10-27,OPF-20260724-145451,20251028-0855-BULL-OBS-001235-Z001235-OC,20251028-0900-Long-1236,Long,ObservationConfirm,25971.0,25970.25,0.75,8.25,7.5,0.75,SL,ProtectBE,-35.4,-2.4,33.0,False,False
Q4,2025-10-27,OPF-20260724-145451,20251028-0945-BULL-OBS-001245-Z001245-OC,20251028-0950-Long-1246,Long,ObservationConfirm,25974.5,25973.75,0.75,6.75,6.0,0.75,SL,ProtectBE,-29.4,-2.4,27.0,False,False
Q4,2025-10-27,OPF-20260724-145451,20251028-1020-BULL-OBS-001252-Z001252-OC,20251028-1025-Long-1253,Long,ObservationConfirm,25986.0,25986.0,0.0,11.5,11.5,0.0,SL,Stop,-50.4,-48.4,2.0,False,False
Q4,2025-10-27,OPF-20260724-145451,20251028-1125-BULL-OBS-001265-Z001265-OC,20251028-1130-Long-1266,Long,ObservationConfirm_WideStop1_5R,25996.25,25996.5,-0.25,6.5,6.75,-0.25,TP,ProtectBE,35.6,-2.4,-38.0,True,False
Q4,2025-10-27,OPF-20260724-145451,20251028-1225-BULL-PB-001277-Z001276,20251028-1225-Long-1277,Long,AlmostConfirmed,26018.5,26019.25,-0.75,9.0,9.75,-0.75,SL,Stop,-40.4,-41.4,-1.0,False,False
Q4,2025-10-27,OPF-20260724-145451,20251028-1645-BULL-OBS-001329-Z001329-OC,20251028-1650-Long-1330,Long,ObservationConfirm_WideStop1_5R,26120.5,26119.25,1.25,11.25,10.12,1.13,SL,Stop,-47.4,-42.88,4.52,False,False
Q4,2025-10-27,OPF-20260724-145451,20251028-1735-BULL-OBS-001339-Z001339-OC,20251028-1740-Long-1340,Long,ObservationConfirm,26144.0,26143.5,0.5,9.0,8.5,0.5,SL,Stop,-38.4,-36.4,2.0,False,False
Q4,2025-10-28,OPF-20260724-145645,20251028-2235-BEAR-OBS-001111-Z001111-OC,20251028-2240-Short-1112,Short,ObservationConfirm,26174.25,26175.0,-0.75,12.0,11.25,0.75,SL,Stop,-45.4,-47.4,-2.0,False,False
Q4,2025-10-28,OPF-20260724-145645,20251028-2330-BULL-OBS-001122-Z001119-OC,20251028-2335-Long-1123,Long,ObservationConfirm,26179.75,26179.75,0.0,8.75,8.75,0.0,SL,ProtectBE,-37.4,-2.4,35.0,False,False
Q4,2025-10-28,OPF-20260724-145645,20251029-0025-BULL-OBS-001133-Z001133-OC,20251029-0030-Long-1134,Long,ObservationConfirm,26183.5,26183.5,0.0,9.25,9.25,0.0,SL,Stop,-38.4,-39.4,-1.0,False,False
Q4,2025-10-28,OPF-20260724-145645,20251029-0105-BULL-OBS-001141-Z001141-OC,20251029-0110-Long-1142,Long,ObservationConfirm,26186.75,26187.0,-0.25,10.5,10.75,-0.25,TP,Target,81.6,126.6,45.0,False,False
Q4,2025-10-28,OPF-20260724-145645,20251029-0205-BULL-OBS-001153-Z001153-OC,20251029-0210-Long-1154,Long,ObservationConfirm,26230.5,26230.75,-0.25,8.0,8.25,-0.25,TP,ProtectBE,53.1,-2.4,-55.5,True,False
Q4,2025-10-28,OPF-20260724-145645,20251029-0230-BULL-OBS-001158-Z001157-FR,20251029-0240-Short-1160,Short,FailureReverse_ObservationInvalidated_WideStop1_5R,26241.0,26241.25,-0.25,5.5,5.25,0.25,SL,Stop,-23.4,-23.4,0.0,False,False
Q4,2025-10-28,OPF-20260724-145645,20251029-0225-BULL-OBS-001157-Z001157-FR-RT,20251029-0255-Short-1163,Short,FailureReverse_RetestFailed_WideStop1_5R,26239.25,26239.25,0.0,8.25,8.25,0.0,SL,ProtectBE,-36.4,-2.4,34.0,False,False
Q4,2025-10-28,OPF-20260724-145645,20251029-0405-BEAR-OBS-001177-Z001177,20251029-0405-Short-1177,Short,ZoneBirthResearch,26228.625,26229.0,-0.375,12.875,12.5,0.375,SPLIT_BASE_SL_RUNNER_SL,Base:Stop|Runner:Stop,-53.9,-52.4,1.5,False,False
Q4,2025-10-28,OPF-20260724-145645,20251029-0735-BULL-OBS-001219-Z001219-OC,20251029-0740-Long-1220,Long,ObservationConfirm_WideStop1_5R,26293.5,26293.5,0.0,23.5,23.62,-0.12,SL,Stop,-95.4,-96.88,-1.48,False,False
Q4,2025-10-28,OPF-20260724-145645,20251029-0855-BEAR-OBS-001235-Z001235,20251029-0855-Short-1235,Short,ZoneBirthResearch,26268.5,26269.25,-0.75,5.5,4.75,0.75,SPLIT_BASE_TP_RUNNER_TP,Base:Target|Runner:Target,68.6,59.35,-9.25,False,False
Q4,2025-10-28,OPF-20260724-145645,20251029-0930-BULL-OBS-001242-Z001180-OC,20251029-0935-Long-1243,Long,ObservationConfirm,26239.125,26238.0,1.125,10.125,9.0,1.125,SL,Stop,-42.9,-38.4,4.5,False,False
Q4,2025-10-28,OPF-20260724-145645,20251029-1150-BEAR-OBS-001270-Z001270-OC,20251029-1155-Short-1271,Short,ObservationConfirm,26273.75,26274.75,-1.0,14.75,13.75,1.0,TP,ProtectBE,90.6,-2.4,-93.0,True,False
Q4,2025-10-29,OPF-20260724-145843,20251030-0220-BULL-OBS-001156-Z001156-OC,20251030-0225-Long-1157,Long,ObservationConfirm,26354.375,26354.25,0.125,11.375,11.25,0.125,SL,Stop,-46.9,-47.4,-0.5,False,False
Q4,2025-10-29,OPF-20260724-145843,20251030-0340-BULL-OBS-001172-Z001171-OC,20251030-0345-Long-1173,Long,ObservationConfirm_WideStop1_5R,26394.25,26394.5,-0.25,22.25,22.5,-0.25,SL,Stop,-92.4,-92.4,0.0,False,False
Q4,2025-10-29,OPF-20260724-145843,20251030-0725-BEAR-OBS-001217-Z001217-OC,20251030-0730-Short-1218,Short,ObservationConfirm,26245.5,26245.5,0.0,18.25,18.25,0.0,SL,Stop,-76.4,-75.4,1.0,False,False
Q4,2025-10-29,OPF-20260724-145843,20251030-1020-BEAR-OBS-001252-Z001244-OC,20251030-1025-Short-1253,Short,ObservationConfirm,26223.75,26224.5,-0.75,7.5,6.75,0.75,SL,Stop,-31.9,-29.4,2.5,False,False
Q4,2025-10-29,OPF-20260724-145843,20251030-1150-BEAR-OBS-001270-Z001270-OC,20251030-1155-Short-1271,Short,ObservationConfirm,26260.375,26259.75,0.625,14.375,15.0,-0.625,TP,Target,85.1,177.6,92.5,False,False
Q4,2025-10-29,OPF-20260724-145843,20251030-1245-BEAR-BRK-001281-Z001281,20251030-1245-Short-1281,Short,BreakawayFvg,26120.25,26121.0,-0.75,24.25,23.5,0.75,TP,ProtectBE,189.6,-2.4,-192.0,True,False
Q4,2025-10-29,OPF-20260724-145843,20251030-1705-BULL-OBS-001333-Z001321-FR,20251030-1710-Short-1334,Short,FailureReverse_ObservationInvalidated_WideStop1_5R,26009.0,26008.75,0.25,21.5,21.75,-0.25,SL,Stop,-87.4,-89.4,-2.0,False,False
Q4,2025-10-29,OPF-20260724-145843,20251030-1735-BEAR-OBS-001339-Z001339,20251030-1735-Short-1339,Short,ZoneBirthResearch,26042.25,26042.75,-0.5,8.5,8.0,0.5,SPLIT_BASE_SL_RUNNER_SL,Base:Stop|Runner:Stop,-35.4,-34.4,1.0,False,False
Q4,2025-10-29,OPF-20260724-145843,20251030-1920-BEAR-OBS-001360-Z001360-OC,20251030-1925-Short-1361,Short,ObservationConfirm,25929.0,25927.0,2.0,19.5,21.5,-2.0,SL,Stop,-78.4,-88.4,-10.0,False,False
Q4,2025-10-30,OPF-20260724-150053,20251030-2250-BEAR-OBS-001114-Z001114,20251030-2250-Short-1114,Short,ZoneBirthResearch,26139.25,26139.5,-0.25,16.5,16.25,0.25,SPLIT_BASE_SL_RUNNER_SL,Base:Stop|Runner:Stop,-67.4,-67.4,0.0,False,False
Q4,2025-10-30,OPF-20260724-150053,20251031-0230-BEAR-OBS-001158-Z001158-OC,20251031-0235-Short-1159,Short,ObservationConfirm,26180.0,26179.0,1.0,18.5,19.5,-1.0,SL,Stop,-69.4,-80.4,-11.0,False,False
Q4,2025-10-30,OPF-20260724-150053,20251031-0355-BULL-OBS-001175-Z001174-OC,20251031-0400-Long-1176,Long,ObservationConfirm,26194.75,26195.75,-1.0,6.0,7.0,-1.0,TP,ProtectBE,41.6,-2.4,-44.0,True,False
Q4,2025-10-30,OPF-20260724-150053,20251031-0410-BULL-OBS-001178-Z001178-OC,20251031-0415-Long-1179,Long,ObservationConfirm,26205.75,26205.5,0.25,9.25,9.0,0.25,SL,Stop,-39.4,-38.4,1.0,False,False
Q4,2025-10-30,OPF-20260724-150053,20251031-0530-BEAR-OBS-001194-Z001194-OC,20251031-0535-Short-1195,Short,ObservationConfirm,26176.875,26177.25,-0.375,6.125,5.75,0.375,SL,Stop,-28.9,-25.4,3.5,False,False
Q4,2025-10-30,OPF-20260724-150053,20251031-0550-BEAR-OBS-001198-Z001198-OC,20251031-0555-Short-1199,Short,ObservationConfirm,26164.5,26165.25,-0.75,10.5,9.75,0.75,SL,Stop,-43.4,-41.4,2.0,False,False
Q4,2025-10-30,OPF-20260724-150053,20251031-0650-BEAR-OBS-001210-Z001210-OC,20251031-0655-Short-1211,Short,ObservationConfirm,26161.0,26160.5,0.5,16.5,17.0,-0.5,SL,Stop,-68.4,-70.4,-2.0,False,False
Q4,2025-10-30,OPF-20260724-150053,20251031-0900-BULL-OBS-001236-Z001235-OC,20251031-0905-Long-1237,Long,ObservationConfirm,26198.25,26198.0,0.25,11.25,11.0,0.25,SL,ProtectBE,-47.4,-2.4,45.0,False,False
Q4,2025-10-31,OPF-20260724-150259,20251102-2325-BEAR-OBS-001109-Z001109,20251102-2325-Short-1109,Short,ZoneBirthResearch,26057.25,26058.0,-0.75,7.0,6.25,0.75,SPLIT_BASE_SL_RUNNER_SL,Base:Stop|Runner:Stop,-28.4,-27.4,1.0,False,False
Q4,2025-10-31,OPF-20260724-150259,20251103-0025-BULL-OBS-001121-Z001120-OC,20251103-0030-Long-1122,Long,ObservationConfirm,26108.25,26107.0,1.25,10.75,9.5,1.25,SL,ProtectBE,-45.4,-2.4,43.0,False,False
Q4,2025-10-31,OPF-20260724-150259,20251103-0140-BEAR-OBS-001136-Z001136-OC,20251103-0145-Short-1137,Short,ObservationConfirm,26095.75,26096.25,-0.5,6.25,5.75,0.5,TP,ProtectBE,33.6,-2.4,-36.0,True,False
Q4,2025-10-31,OPF-20260724-150259,20251103-0220-BULL-OBS-001144-Z001144-OC,20251103-0225-Long-1145,Long,ObservationConfirm,26103.375,26104.25,-0.875,8.375,9.25,-0.875,SL,Stop,-37.9,-39.4,-1.5,False,False
Q4,2025-10-31,OPF-20260724-150259,20251103-0300-BEAR-OBS-001152-Z001152-OC,20251103-0305-Short-1153,Short,ObservationConfirm,26077.0,26076.75,0.25,9.75,10.0,-0.25,TP,ProtectBE,52.6,-2.4,-55.0,True,False
Q4,2025-10-31,OPF-20260724-150259,20251103-0335-BULL-OBS-001159-Z001159-OC,20251103-0340-Long-1160,Long,ObservationConfirm,26071.5,26072.25,-0.75,7.75,8.5,-0.75,SL,Stop,-33.4,-36.4,-3.0,False,False
Q4,2025-10-31,OPF-20260724-150259,20251103-0325-BEAR-OBS-001157-Z001157-FR-RT,20251103-0350-Long-1162,Long,FailureReverse_RetestFailed,26075.5,26074.75,0.75,11.75,11.0,0.75,SL,ProtectBE,-54.4,-2.4,52.0,False,False
Q4,2025-10-31,OPF-20260724-150259,20251103-0625-BEAR-OBS-001193-Z001193-OC,20251103-0640-Short-1196,Short,ObservationConfirm,26043.375,26043.5,-0.125,15.375,15.25,0.125,SL,Stop,-63.9,-63.4,0.5,False,False
Q4,2025-10-31,OPF-20260724-150259,20251103-0850-BULL-OBS-001222-Z001222-OC-STR,20251103-0855-Long-1223,Long,ObservationStrict_BullFresh_WideStop1_5R,26086.5,26086.5,0.0,12.0,12.0,0.0,TP,Target,138.6,141.6,3.0,False,False
Q4,2025-10-31,OPF-20260724-150259,20251103-1500-BULL-PB-001296-Z001225,20251103-1500-Long-1296,Long,AlmostConfirmed,26111.5,26111.75,-0.25,16.0,16.25,-0.25,SL,Stop,-61.9,-67.4,-5.5,False,True
Q4,2025-10-31,OPF-20260724-150259,20251103-1505-BULL-OBS-001297-Z001226-OC-STR,20251103-1510-Long-1298,Long,ObservationStrict_Other,26125.75,26125.75,0.0,23.75,23.75,0.0,SL,Stop,-98.4,-97.4,1.0,False,False
Q4,2025-10-31,OPF-20260724-150259,20251103-1850-BULL-OBS-001342-Z001327-OC-STR,20251103-1855-Long-1343,Long,ObservationStrict_Other_WideStop1_5R,26129.25,26129.5,-0.25,5.25,5.62,-0.37,SL,Stop,-26.4,-24.88,1.52,False,True
Q4,2025-11-03,OPF-20260724-150457,20251104-0105-BEAR-OBS-000853-Z000853,20251104-0105-Short-853,Short,ZoneBirthResearch,26003.5,26004.75,-1.25,6.75,5.5,1.25,SPLIT_BASE_SL_RUNNER_SL,Base:Stop|Runner:Stop,-30.4,-24.4,6.0,False,False
Q4,2025-11-03,OPF-20260724-150457,20251104-0130-BULL-OBS-000858-Z000857-FR,20251104-0135-Short-859,Short,FailureReverse_ObservationInvalidated_WideStop1_5R,26007.0,26007.5,-0.5,12.5,12.0,0.5,TP,ProtectBE,141.6,-2.4,-144.0,True,False
Q4,2025-11-03,OPF-20260724-150457,20251104-0520-BEAR-BRK-000904-Z000904,20251104-0520-Short-904,Short,BreakawayFvg,25883.875,25884.0,-0.125,23.375,23.25,0.125,TP,Target,180.1,276.6,96.5,False,False
Q4,2025-11-03,OPF-20260724-150457,20251104-0700-BEAR-BRK-000924-Z000924,20251104-0700-Short-924,Short,BreakawayFvg,25755.5,25756.0,-0.5,25.0,24.5,0.5,SL,Stop,-94.4,-100.4,-6.0,False,False
Q4,2025-11-03,OPF-20260724-150457,20251104-0725-BEAR-OBS-000929-Z000914-OC,20251104-0730-Short-930,Short,ObservationConfirm,25777.0,25778.75,-1.75,18.0,16.25,1.75,SL,Stop,-73.9,-67.4,6.5,False,False
Q4,2025-11-03,OPF-20260724-150457,20251104-0845-BULL-OBS-000945-Z000941-OC-STR,20251104-0850-Long-946,Long,ObservationStrict_Other,25761.625,25762.25,-0.625,13.375,14.0,-0.625,SL,ProtectBE,-54.9,-2.4,52.5,False,False
Q4,2025-11-03,OPF-20260724-150457,20251104-0925-BEAR-BRK-000953-Z000953,20251104-0925-Short-953,Short,BreakawayFvg,25728.375,25729.0,-0.625,14.875,14.25,0.625,SL,Stop,-60.9,-59.4,1.5,False,False
Q4,2025-11-03,OPF-20260724-150457,20251104-1205-BEAR-OBS-000985-Z000985-OC,20251104-1210-Short-986,Short,ObservationConfirm,25742.75,25743.5,-0.75,19.25,18.5,0.75,SL,Stop,-77.4,-76.4,1.0,False,False
Q4,2025-11-03,OPF-20260724-150457,20251104-1240-BEAR-BRK-000992-Z000992,20251104-1240-Short-992,Short,BreakawayFvg,25753.0,25753.0,0.0,22.25,22.25,0.0,SL,Stop,-90.4,-91.4,-1.0,False,False
Q4,2025-11-03,OPF-20260724-150457,20251104-1250-BEAR-PB-000994-Z000992-TRG,20251104-1300-Short-996,Short,TrendPullbackConfirmed,25759.0,25759.0,0.0,16.25,16.25,0.0,TP,Target,191.6,192.6,1.0,False,False
Q4,2025-11-03,OPF-20260724-150457,20251104-1325-BEAR-BRK-001001-Z001001,20251104-1325-Short-1001,Short,BreakawayFvg,25712.5,25713.25,-0.75,16.75,16.0,0.75,SL,ProtectBE,-68.4,-2.4,66.0,False,False
Q4,2025-11-03,OPF-20260724-150457,20251104-1740-BEAR-OBS-001052-Z001052,20251104-1740-Short-1052,Short,ZoneBirthResearch,25678.75,25679.0,-0.25,14.0,13.75,0.25,SPLIT_BASE_SL_RUNNER_SL,Base:Stop|Runner:Stop,-58.4,-57.4,1.0,False,False
Q4,2025-11-04,OPF-20260724-150650,20251104-2350-BEAR-OBS-000838-Z000838,20251104-2350-Short-838,Short,ZoneBirthResearch,25509.75,25509.25,0.5,14.25,14.75,-0.5,SPLIT_BASE_TP_RUNNER_TP,Base:Target|Runner:Target,176.1,189.35,13.25,False,False
Q4,2025-11-04,OPF-20260724-150650,20251105-0035-BEAR-BRK-000847-Z000847,20251105-0035-Short-847,Short,BreakawayFvg,25425.75,25425.75,0.0,25.75,25.75,0.0,TP,Target,203.6,306.6,103.0,False,False
Q4,2025-11-04,OPF-20260724-150650,20251105-0120-BEAR-BRK-000856-Z000856,20251105-0120-Short-856,Short,BreakawayFvg,25332.0,25332.75,-0.75,26.0,25.25,0.75,SL,ProtectBE,-106.4,-2.4,104.0,False,False
Q4,2025-11-04,OPF-20260724-150650,20251105-1100-BEAR-OBS-000972-Z000972-OC,20251105-1105-Short-973,Short,ObservationConfirm_WideStop1_5R,25426.25,25426.5,-0.25,15.25,15.0,0.25,SL,Stop,-63.4,-62.4,1.0,False,False
Q4,2025-11-04,OPF-20260724-150650,20251105-1120-BULL-OBS-000976-Z000976-FR-RT,20251105-1200-Short-984,Short,FailureReverse_RetestFailed_WideStop1_5R,25464.75,25466.0,-1.25,26.0,24.75,1.25,SL,Stop,-109.4,-101.4,8.0,False,False
Q4,2025-11-04,OPF-20260724-150650,20251105-1250-BEAR-OBS-000994-Z000994,20251105-1250-Short-994,Short,ZoneBirthResearch,25507.5,25507.25,0.25,17.0,17.25,-0.25,SPLIT_BASE_SL_RUNNER_SL,Base:Stop|Runner:Stop,-74.4,-71.4,3.0,False,False
Q4,2025-11-04,OPF-20260724-150650,20251105-1650-BULL-OBS-001042-Z001042-OC,20251105-1655-Long-1043,Long,ObservationConfirm_WideStop1_5R,25777.25,25774.5,2.75,12.5,9.75,2.75,SL,Stop,-55.4,-41.4,14.0,False,True
Q4,2025-11-04,OPF-20260724-150650,20251105-1655-BULL-OBS-001043-Z001042-FR-RT,20251105-1710-Short-1046,Short,FailureReverse_RetestFailed_WideStop1_5R,25766.125,25766.25,-0.125,10.125,10.12,0.005,SL,ProtectBE,-43.9,-2.4,41.5,False,False
Q4,2025-11-04,OPF-20260724-150650,20251105-1740-BULL-OBS-001052-Z001052-OC,20251105-1745-Long-1053,Long,ObservationConfirm,25813.25,25812.75,0.5,9.75,9.25,0.5,SL,Stop,-41.4,-39.4,2.0,False,False
Q4,2025-11-05,OPF-20260724-150843,20251106-0005-BEAR-OBS-001117-Z001117,20251106-0005-Short-1117,Short,ZoneBirthResearch,25743.0,25743.25,-0.25,17.0,16.75,0.25,SPLIT_BASE_TP_RUNNER_TP,Base:Target|Runner:Target,217.1,215.35,-1.75,False,False
Q4,2025-11-05,OPF-20260724-150843,20251106-0045-BULL-OBS-001125-Z001124-OC,20251106-0055-Long-1127,Long,ObservationConfirm,25697.5,25698.5,-1.0,9.0,10.0,-1.0,SL,Stop,-37.4,-42.4,-5.0,False,False
Q4,2025-11-05,OPF-20260724-150843,20251106-0220-BULL-OBS-001144-Z001144-OC,20251106-0225-Long-1145,Long,ObservationConfirm,25663.5,25662.5,1.0,6.75,5.75,1.0,TP,Target,36.6,66.6,30.0,False,False
Q4,2025-11-05,OPF-20260724-150843,20251106-0345-BULL-OBS-001161-Z001160-FR-RT,20251106-0400-Short-1164,Short,FailureReverse_RetestFailed_WideStop1_5R,25708.0,25709.25,-1.25,15.5,14.25,1.25,SL,Stop,-65.4,-59.4,6.0,False,False
Q4,2025-11-05,OPF-20260724-150843,20251106-0420-BULL-OBS-001168-Z001168-OC,20251106-0425-Long-1169,Long,ObservationConfirm,25734.25,25734.0,0.25,9.75,9.5,0.25,SL,Stop,-41.9,-40.4,1.5,False,False
Q4,2025-11-05,OPF-20260724-150843,20251106-0510-BULL-OBS-001178-Z001167-OC,20251106-0515-Long-1179,Long,ObservationConfirm,25728.375,25728.5,-0.125,9.125,9.25,-0.125,SL,Stop,-38.9,-39.4,-0.5,False,False
Q4,2025-11-05,OPF-20260724-150843,20251106-0540-BEAR-OBS-001184-Z001184-OC,20251106-0545-Short-1185,Short,ObservationConfirm,25702.25,25704.0,-1.75,14.5,12.75,1.75,TP,ProtectBE,82.6,-2.4,-85.0,True,False
Q4,2025-11-05,OPF-20260724-150843,20251106-1045-BULL-OBS-001245-Z001240-OC,20251106-1050-Long-1246,Long,ObservationConfirm_WideStop1_5R,25760.875,25761.0,-0.125,22.875,22.88,-0.005,TP,ProtectBE,133.1,-2.4,-135.5,True,False
Q4,2025-11-05,OPF-20260724-150843,20251106-1335-BULL-PB-001279-Z001277,20251106-1335-Long-1279,Long,AlmostConfirmed,25806.0,25806.25,-0.25,8.5,8.75,-0.25,SL,Stop,-37.4,-37.4,0.0,False,False
Q4,2025-11-05,OPF-20260724-150843,20251106-1910-BULL-OBS-001346-Z001346-OC,20251106-1915-Long-1347,Long,ObservationConfirm_WideStop1_5R,25382.25,25382.25,0.0,21.5,21.38,0.12,TP,ProtectBE,137.1,-2.4,-139.5,True,False
Q4,2025-11-05,OPF-20260724-150843,20251106-2110-BEAR-OBS-001370-Z001366,20251106-2110-Short-1370,Short,UnknownRegimeZoneTouch,25289.75,25290.25,-0.5,12.75,12.25,0.5,SL,ProtectBE,-54.4,-2.4,52.0,False,False
Q4,2025-11-06,OPF-20260724-151046,20251106-2305-BEAR-OBS-001105-Z001105,20251106-2305-Short-1105,Short,ZoneBirthResearch,25289.625,25290.5,-0.875,16.125,15.25,0.875,SPLIT_BASE_SL_RUNNER_SL,Base:Stop|Runner:Stop,-67.9,-63.4,4.5,False,False
Q4,2025-11-06,OPF-20260724-151046,20251107-0315-BEAR-OBS-001155-Z001155-OC,20251107-0320-Short-1156,Short,ObservationConfirm,25238.0,25238.5,-0.5,17.25,16.75,0.5,TP,Target,97.6,198.6,101.0,False,False
Q4,2025-11-06,OPF-20260724-151046,20251107-0535-BULL-OBS-001183-Z001183-OC,20251107-0540-Long-1184,Long,ObservationConfirm_WideStop1_5R,25315.375,25314.25,1.125,24.375,23.25,1.125,TP,ProtectBE,144.1,-2.4,-146.5,True,False
Q4,2025-11-06,OPF-20260724-151046,20251107-0935-BEAR-OBS-001231-Z001231-OC,20251107-0940-Short-1232,Short,ObservationConfirm,25258.125,25258.0,0.125,14.125,14.25,-0.125,SL,Stop,-58.9,-59.4,-0.5,False,False
Q4,2025-11-06,OPF-20260724-151046,20251107-0945-BEAR-OBS-001233-Z001231-OC,20251107-0950-Short-1234,Short,ObservationConfirm,25254.25,25255.0,-0.75,18.0,17.25,0.75,SL,Stop,-73.4,-71.4,2.0,False,False
Q4,2025-11-06,OPF-20260724-151046,20251107-1025-BEAR-OBS-001241-Z001240-FR,20251107-1030-Long-1242,Long,FailureReverse_ObservationInvalidated_WideStop1_5R,25230.5,25230.5,0.0,18.0,18.0,0.0,SL,Stop,-75.9,-74.4,1.5,False,False
Q4,2025-11-06,OPF-20260724-151046,20251107-2100-BEAR-OBS-001368-Z001249-OC,20251107-2105-Short-1369,Short,ObservationConfirm,25192.5,25191.5,1.0,18.25,19.25,-1.0,SL,Stop,-78.4,-79.4,-1.0,False,False
Q4,2025-11-07,OPF-20260724-151245,20251110-0235-BULL-OBS-001147-Z001147-OC,20251110-0240-Long-1148,Long,ObservationConfirm,25436.0,25435.25,0.75,10.75,10.0,0.75,TP,ProtectBE,82.6,-2.4,-85.0,True,False
Q4,2025-11-07,OPF-20260724-151245,20251110-0355-BULL-OBS-001163-Z001156-OC,20251110-0400-Long-1164,Long,ObservationConfirm,25465.0,25464.0,1.0,6.0,5.0,1.0,TP,Target,33.6,57.6,24.0,False,False
Q4,2025-11-07,OPF-20260724-151245,20251110-0515-BULL-OBS-001179-Z001179-OC,20251110-0520-Long-1180,Long,ObservationConfirm,25492.0,25491.75,0.25,10.75,10.5,0.25,SL,Stop,-45.9,-44.4,1.5,False,False
Q4,2025-11-07,OPF-20260724-151245,20251110-0540-BEAR-OBS-001184-Z001183-OC,20251110-0545-Short-1185,Short,ObservationConfirm,25473.5,25473.75,-0.25,16.25,16.0,0.25,SL,Stop,-68.4,-66.4,2.0,False,False
Q4,2025-11-07,OPF-20260724-151245,20251110-0705-BEAR-OBS-001201-Z001200-OC,20251110-0715-Short-1203,Short,ObservationConfirm,25475.5,25476.25,-0.75,7.75,7.0,0.75,SL,Stop,-34.4,-30.4,4.0,False,False
Q4,2025-11-07,OPF-20260724-151245,20251110-0810-BEAR-OBS-001214-Z001214-OC,20251110-0815-Short-1215,Short,ObservationConfirm,25463.5,25465.25,-1.75,17.5,15.75,1.75,SL,Stop,-71.4,-65.4,6.0,False,False
Q4,2025-11-07,OPF-20260724-151245,20251110-0955-BULL-OBS-001235-Z001234-FR-RT,20251110-1015-Short-1239,Short,FailureReverse_RetestFailed_WideStop1_5R,25547.25,25547.25,0.0,7.0,7.12,-0.12,SL,ProtectBE,-24.4,-2.4,22.0,False,False
Q4,2025-11-07,OPF-20260724-151245,20251110-1050-BEAR-OBS-001246-Z001246-OC,20251110-1055-Short-1247,Short,ObservationConfirm,25529.375,25530.0,-0.625,18.625,18.0,0.625,SL,ProtectBE,-75.4,-2.4,73.0,False,False
Q4,2025-11-07,OPF-20260724-151245,20251110-1335-BULL-OBS-001279-Z001278-FR,20251110-1345-Short-1281,Short,FailureReverse_ObservationInvalidated,25530.375,25530.75,-0.375,13.375,13.0,0.375,SL,Stop,-56.9,-54.4,2.5,False,False
Q4,2025-11-07,OPF-20260724-151245,20251110-2130-BEAR-OBS-001374-Z001374,20251110-2130-Short-1374,Short,ZoneBirthResearch,25725.25,25725.25,0.0,8.0,8.0,0.0,SPLIT_BASE_SL_RUNNER_SL,Base:Stop|Runner:Stop,-33.4,-34.4,-1.0,False,False
Q4,2025-11-10,OPF-20260724-151437,20251111-0120-BULL-OBS-001132-Z001132-OC,20251111-0125-Long-1133,Long,ObservationConfirm,25760.5,25760.25,0.25,9.25,9.0,0.25,SL,Stop,-38.4,-38.4,0.0,False,False
Q4,2025-11-10,OPF-20260724-151437,20251111-0235-BULL-OBS-001147-Z001147-OC,20251111-0240-Long-1148,Long,ObservationConfirm,25743.625,25743.0,0.625,9.875,9.25,0.625,SL,Stop,-34.9,-39.4,-4.5,False,False
Q4,2025-11-10,OPF-20260724-151437,20251111-0410-BEAR-OBS-001166-Z001166-OC,20251111-0415-Short-1167,Short,ObservationConfirm,25714.0,25713.75,0.25,16.25,16.5,-0.25,TP,Target,98.6,195.6,97.0,False,False
Q4,2025-11-10,OPF-20260724-151437,20251111-0455-BEAR-BRK-001175-Z001175,20251111-0455-Short-1175,Short,BreakawayFvg,25690.625,25690.25,0.375,20.875,21.25,-0.375,TP,ProtectBE,157.6,-2.4,-160.0,True,False
Q4,2025-11-10,OPF-20260724-151437,20251111-0815-BEAR-OBS-001215-Z001201,20251111-0815-Short-1215,Short,UnknownRegimeZoneTouch,25673.125,25673.0,0.125,10.375,10.5,-0.125,TP,Target,120.6,123.6,3.0,False,False
Q4,2025-11-10,OPF-20260724-151437,20251111-0935-BEAR-BRK-001231-Z001231,20251111-0935-Short-1231,Short,BreakawayFvg,25610.75,25610.75,0.0,15.75,15.75,0.0,SL,Stop,-66.4,-65.4,1.0,False,False
Q4,2025-11-10,OPF-20260724-151437,20251111-1420-BULL-OBS-001288-Z001288-FR,20251111-1425-Short-1289,Short,FailureReverse_ObservationInvalidated_WideStop1_5R,25606.0,25605.25,0.75,15.75,16.5,-0.75,SL,Stop,-62.4,-68.4,-6.0,False,False
Q4,2025-11-10,OPF-20260724-151437,20251111-1535-BEAR-OBS-001303-Z001303,20251111-1535-Short-1303,Short,ZoneBirthResearch,25523.25,25522.5,0.75,12.25,13.0,-0.75,SPLIT_BASE_SL_RUNNER_SL,Base:Stop|Runner:Stop,-52.4,-54.4,-2.0,False,False
Q4,2025-11-10,OPF-20260724-151437,20251111-2125-BULL-OBS-001373-Z001370-OC-STR,20251111-2130-Long-1374,Long,ObservationStrict_Other,25666.75,25666.0,0.75,9.5,8.75,0.75,SESSION_FLATTEN,GlobexCloseout,0.6,2.6,2.0,False,False
Q4,2025-11-11,OPF-20260724-151640,20251111-2325-BULL-OBS-001109-Z001109-OC,20251111-2330-Long-1110,Long,ObservationConfirm_WideStop1_5R,25659.125,25658.75,0.375,11.875,11.62,0.255,TP,ProtectBE,67.1,-2.4,-69.5,True,False
Q4,2025-11-11,OPF-20260724-151640,20251112-0125-BULL-PB-001133-Z001130,20251112-0125-Long-1133,Long,AlmostConfirmed,25704.25,25705.0,-0.75,9.75,10.5,-0.75,TP,Target,92.6,123.6,31.0,False,False
Q4,2025-11-11,OPF-20260724-151640,20251112-0210-BULL-OBS-001142-Z001142-OC,20251112-0215-Long-1143,Long,ObservationConfirm_WideStop1_5R,25752.25,25751.25,1.0,24.5,23.62,0.88,SL,Stop,-101.4,-96.88,4.52,False,False
Q4,2025-11-11,OPF-20260724-151640,20251112-0250-BEAR-OBS-001150-Z001150-OC,20251112-0255-Short-1151,Short,ObservationConfirm_WideStop1_5R,25725.0,25724.75,0.25,16.25,16.5,-0.25,TP,ProtectBE,93.6,-2.4,-96.0,True,False
Q4,2025-11-11,OPF-20260724-151640,20251112-0510-BULL-OBS-001178-Z001178-OC,20251112-0515-Long-1179,Long,ObservationConfirm,25727.0,25726.75,0.25,6.0,5.75,0.25,SL,Stop,-27.4,-25.4,2.0,False,False
Q4,2025-11-11,OPF-20260724-151640,20251112-0705-BULL-OBS-001201-Z001201-OC,20251112-0710-Long-1202,Long,ObservationConfirm,25781.0,25781.25,-0.25,8.5,8.75,-0.25,TP,Target,65.6,102.6,37.0,False,False
Q4,2025-11-11,OPF-20260724-151640,20251112-0745-BEAR-OBS-001209-Z001209-OC,20251112-0750-Short-1210,Short,ObservationConfirm,25787.0,25787.25,-0.25,17.0,16.75,0.25,SL,ProtectBE,-72.4,-2.4,70.0,False,False
Q4,2025-11-11,OPF-20260724-151640,20251112-0920-BULL-OBS-001228-Z001228-OC,20251112-0925-Long-1229,Long,ObservationConfirm,25794.5,25793.75,0.75,11.25,10.5,0.75,TP,Target,88.6,123.6,35.0,False,False
Q4,2025-11-11,OPF-20260724-151640,20251112-0940-BULL-OBS-001232-Z001232-OC,20251112-0950-Long-1234,Long,ObservationConfirm,25813.375,25813.75,-0.375,8.875,9.25,-0.375,SL,ProtectBE,-37.4,-2.4,35.0,False,False
Q4,2025-11-11,OPF-20260724-151640,20251112-1055-BULL-OBS-001247-Z001246-OC,20251112-1105-Long-1249,Long,ObservationConfirm,25797.75,25797.75,0.0,11.0,11.0,0.0,SL,Stop,-46.4,-46.4,0.0,False,False
Q4,2025-11-11,OPF-20260724-151640,20251112-1115-BEAR-OBS-001251-Z001251-OC,20251112-1120-Short-1252,Short,ObservationConfirm,25782.125,25781.25,0.875,9.375,10.25,-0.875,TP,Target,52.1,120.6,68.5,False,False
Q4,2025-11-11,OPF-20260724-151640,20251112-1305-BULL-OBS-001273-Z001273-OC,20251112-1310-Long-1274,Long,ObservationConfirm,25804.5,25803.75,0.75,9.0,8.25,0.75,SL,Stop,-35.9,-35.4,0.5,False,False
Q4,2025-11-12,OPF-20260724-151835,20251113-0345-BEAR-OBS-001161-Z001161-OC,20251113-0350-Short-1162,Short,ObservationConfirm,25669.5,25669.75,-0.25,6.75,6.5,0.25,SL,Stop,-29.9,-28.4,1.5,False,False
Q4,2025-11-12,OPF-20260724-151835,20251113-1040-BULL-OBS-001244-Z001243-FR,20251113-1045-Short-1245,Short,FailureReverse_ObservationInvalidated,25605.25,25606.0,-0.75,9.75,9.0,0.75,SL,ProtectBE,-41.4,-2.4,39.0,False,False
Q4,2025-11-12,OPF-20260724-151835,20251113-1410-BEAR-BRK-001286-Z001286,20251113-1410-Short-1286,Short,BreakawayFvg,25462.0,25462.75,-0.75,20.5,19.75,0.75,SL,Stop,-84.4,-81.4,3.0,False,False
Q4,2025-11-13,OPF-20260724-152054,20251113-2335-BULL-OBS-001111-Z001109-OC,20251113-2340-Long-1112,Long,ObservationConfirm,25133.5,25133.75,-0.25,9.0,9.25,-0.25,SL,Stop,-42.4,-39.4,3.0,False,False
Q4,2025-11-13,OPF-20260724-152054,20251114-0425-BEAR-BRK-001169-Z001169,20251114-0425-Short-1169,Short,BreakawayFvg,25058.5,25059.0,-0.5,10.5,10.0,0.5,SL,ProtectBE,-46.9,-2.4,44.5,False,False
Q4,2025-11-13,OPF-20260724-152054,20251114-0500-BEAR-BRK-001176-Z001176,20251114-0500-Short-1176,Short,BreakawayFvg,25031.75,25032.25,-0.5,14.75,14.25,0.5,TP,Target,123.1,168.6,45.5,False,False
Q4,2025-11-13,OPF-20260724-152054,20251114-0900-BEAR-OBS-001224-Z001202-OC,20251114-0905-Short-1225,Short,ObservationConfirm_WideStop1_5R,25019.25,25019.5,-0.25,16.75,16.5,0.25,TP,Target,95.6,195.6,100.0,False,False
Q4,2025-11-13,OPF-20260724-152054,20251114-1120-BEAR-OBS-001252-Z001252-OC,20251114-1125-Short-1253,Short,ObservationConfirm_WideStop1_5R,24841.25,24843.75,-2.5,19.75,17.25,2.5,TP,Target,128.6,204.6,76.0,False,False
Q4,2025-11-13,OPF-20260724-152054,20251114-1140-BEAR-OBS-001256-Z001256,20251114-1140-Short-1256,Short,ZoneBirthResearch,24810.625,24811.5,-0.875,13.125,12.25,0.875,SPLIT_BASE_TP_RUNNER_BE,Base:Target|Runner:ProtectBE,62.6,58.85,-3.75,False,False
Q4,2025-11-13,OPF-20260724-152054,20251114-2125-BULL-OBS-001373-Z001372-OC,20251114-2130-Long-1374,Long,ObservationConfirm,25150.125,25149.25,0.875,7.375,6.5,0.875,SL,Stop,-33.9,-28.4,5.5,False,False
Q4,2025-11-14,OPF-20260724-152258,20251117-0130-BULL-OBS-001134-Z001131-OC,20251117-0135-Long-1135,Long,ObservationConfirm,25238.75,25238.0,0.75,9.0,8.25,0.75,SL,Stop,-35.4,-35.4,0.0,False,False
Q4,2025-11-14,OPF-20260724-152258,20251117-0300-BULL-OBS-001152-Z001151-OC-STR,20251117-0305-Long-1153,Long,ObservationStrict_Other,25260.75,25259.25,1.5,17.0,15.5,1.5,SL,Stop,-68.4,-64.4,4.0,False,False
Q4,2025-11-14,OPF-20260724-152258,20251117-0330-BEAR-OBS-001158-Z001158,20251117-0330-Short-1158,Short,ZoneBirthResearch,25242.25,25242.5,-0.25,7.5,7.25,0.25,SPLIT_BASE_SL_RUNNER_SL,Base:Stop|Runner:Stop,-30.4,-31.4,-1.0,False,False
Q4,2025-11-14,OPF-20260724-152258,20251117-0555-BEAR-OBS-001187-Z001187-OC,20251117-0600-Short-1188,Short,ObservationConfirm,25251.875,25252.25,-0.375,7.375,7.0,0.375,SL,Stop,-29.9,-30.4,-0.5,False,False
Q4,2025-11-14,OPF-20260724-152258,20251117-0620-BULL-OBS-001192-Z001192-OC,20251117-0625-Long-1193,Long,ObservationConfirm,25262.875,25261.75,1.125,11.625,10.5,1.125,SL,Stop,-47.4,-44.4,3.0,False,False
Q4,2025-11-14,OPF-20260724-152258,20251117-0635-BEAR-OBS-001195-Z001195-OC,20251117-0640-Short-1196,Short,ObservationConfirm,25240.75,25243.5,-2.75,16.75,14.0,2.75,SL,ProtectBE,-71.4,-2.4,69.0,False,False
Q4,2025-11-14,OPF-20260724-152258,20251117-0725-BULL-OBS-001205-Z001205-OC,20251117-0730-Long-1206,Long,ObservationConfirm_WideStop1_5R,25320.125,25321.75,-1.625,21.375,22.88,-1.505,TP,ProtectBE,126.1,-2.4,-128.5,True,False
Q4,2025-11-14,OPF-20260724-152258,20251117-0945-BEAR-OBS-001233-Z001232,20251117-0945-Short-1233,Short,UnknownRegimeZoneTouch,25291.0,25292.25,-1.25,5.25,4.0,1.25,TP,Target,57.6,45.6,-12.0,False,False
Q4,2025-11-14,OPF-20260724-152258,20251117-0945-BEAR-OBS-001233-Z001232-OC,20251117-0950-Short-1234,Short,ObservationConfirm,25278.75,25278.25,0.5,17.5,18.0,-0.5,TP,Target,99.1,213.6,114.5,False,False
Q4,2025-11-14,OPF-20260724-152258,20251117-1120-BULL-OBS-001252-Z001251-OC-STR,20251117-1125-Long-1253,Long,ObservationStrict_Other,25208.75,25209.75,-1.0,12.0,13.0,-1.0,TP,ProtectBE,138.6,-2.4,-141.0,True,False
Q4,2025-11-14,OPF-20260724-152258,20251117-1335-BEAR-BRK-001279-Z001279,20251117-1335-Short-1279,Short,BreakawayFvg,25056.0,25056.25,-0.25,25.0,24.75,0.25,TP,ProtectBE,200.6,-2.4,-203.0,True,False
Q4,2025-11-17,OPF-20260724-152502,20251117-2320-BEAR-OBS-001108-Z001107-FR,20251117-2325-Long-1109,Long,FailureReverse_ObservationInvalidated,24924.375,24923.0,1.375,18.125,16.75,1.375,SL,ProtectBE,-73.9,-2.4,71.5,False,False
Q4,2025-11-17,OPF-20260724-152502,20251118-0145-BULL-OBS-001137-Z001137-FR,20251118-0150-Short-1138,Short,FailureReverse_ObservationInvalidated_WideStop1_5R,24936.875,24937.25,-0.375,10.125,9.75,0.375,SL,ProtectBE,-45.4,-2.4,43.0,False,False
Q4,2025-11-17,OPF-20260724-152502,20251118-0335-BEAR-OBS-001159-Z001158-OC,20251118-0340-Short-1160,Short,ObservationConfirm,24798.5,24799.75,-1.25,22.5,21.25,1.25,TP,Target,130.6,252.6,122.0,False,False
Q4,2025-11-17,OPF-20260724-152502,20251118-0350-BEAR-OBS-001162-Z001162-OC,20251118-0355-Short-1163,Short,ObservationConfirm,24784.75,24785.5,-0.75,11.75,11.0,0.75,TP,Target,68.6,129.6,61.0,False,False
Q4,2025-11-17,OPF-20260724-152502,20251118-0705-BEAR-OBS-001201-Z001201-OC,20251118-0710-Short-1202,Short,ObservationConfirm,24635.0,24635.0,0.0,12.25,12.25,0.0,TP,ProtectBE,69.6,-2.4,-72.0,True,False
Q4,2025-11-18,OPF-20260724-152705,20251118-2325-BULL-OBS-001109-Z001109-OC-STR,20251118-2330-Long-1110,Long,ObservationStrict_BullFresh_WideStop1_5R,24615.5,24615.5,0.0,11.0,10.88,0.12,SL,Stop,-44.9,-45.92,-1.02,False,False
Q4,2025-11-18,OPF-20260724-152705,20251119-0105-BEAR-OBS-001129-Z001129-OC,20251119-0110-Short-1130,Short,ObservationConfirm,24531.75,24533.5,-1.75,21.0,19.25,1.75,SL,Stop,-87.4,-79.4,8.0,False,False
Q4,2025-11-18,OPF-20260724-152705,20251119-0840-BEAR-OBS-001220-Z001220,20251119-0840-Short-1220,Short,ZoneBirthResearch,24613.25,24614.25,-1.0,14.0,13.0,1.0,SPLIT_BASE_TP_RUNNER_BE,Base:Target|Runner:ProtectBE,66.6,62.6,-4.0,False,False
Q4,2025-11-18,OPF-20260724-152705,20251119-1330-BULL-OBS-001278-Z001278-FR-RT,20251119-1350-Short-1282,Short,FailureReverse_RetestFailed_WideStop1_5R,24668.25,24669.25,-1.0,10.0,9.0,1.0,TP,ProtectBE,112.6,-2.4,-115.0,True,False
Q4,2025-11-19,OPF-20260724-152902,20251119-2325-BEAR-OBS-001109-Z001109,20251119-2325-Short-1109,Short,ZoneBirthResearch,25044.75,25046.5,-1.75,14.75,13.0,1.75,SPLIT_BASE_SL_RUNNER_SL,Base:Stop|Runner:Stop,-62.4,-54.4,8.0,False,False
Q4,2025-11-19,OPF-20260724-152902,20251120-0130-BULL-OBS-001134-Z001134-OC,20251120-0135-Long-1135,Long,ObservationConfirm,25148.25,25147.5,0.75,7.5,6.75,0.75,SL,Stop,-28.9,-29.4,-0.5,False,False
Q4,2025-11-19,OPF-20260724-152902,20251120-0210-BEAR-OBS-001142-Z001142,20251120-0210-Short-1142,Short,ZoneBirthResearch,25142.125,25143.5,-1.375,8.875,7.5,1.375,SPLIT_BASE_SL_RUNNER_SL,Base:Stop|Runner:Stop,-40.9,-32.4,8.5,False,False
Q4,2025-11-19,OPF-20260724-152902,20251120-0305-BULL-OBS-001153-Z001153-OC,20251120-0315-Long-1155,Long,ObservationConfirm_WideStop1_5R,25185.25,25185.5,-0.25,21.75,22.12,-0.37,SL,Stop,-89.4,-90.88,-1.48,False,False
Q4,2025-11-19,OPF-20260724-152902,20251120-0340-BEAR-OBS-001160-Z001160-FR,20251120-0350-Long-1162,Long,FailureReverse_ObservationInvalidated_WideStop1_5R,25178.875,25179.0,-0.125,6.375,6.38,-0.005,SL,Stop,-26.9,-27.92,-1.02,False,False
Q4,2025-11-19,OPF-20260724-152902,20251120-0435-BULL-OBS-001171-Z001171-OC,20251120-0440-Long-1172,Long,ObservationConfirm,25183.0,25183.75,-0.75,8.25,9.0,-0.75,TP,ProtectBE,60.6,-2.4,-63.0,True,False
Q4,2025-11-19,OPF-20260724-152902,20251120-0520-BULL-OBS-001180-Z001177-FR,20251120-0525-Short-1181,Short,FailureReverse_ObservationInvalidated_WideStop1_5R,25183.0,25184.25,-1.25,9.25,7.88,1.37,TP,ProtectBE,108.6,-2.4,-111.0,True,False
Q4,2025-11-19,OPF-20260724-152902,20251120-1010-BEAR-BRK-001238-Z001238,20251120-1010-Short-1238,Short,BreakawayFvg,25035.0,25035.0,0.0,15.5,15.5,0.0,SL,Stop,-63.4,-64.4,-1.0,False,False
Q4,2025-11-19,OPF-20260724-152902,20251120-1410-BEAR-OBS-001286-Z001286,20251120-1410-Short-1286,Short,ZoneBirthResearch,25207.5,25208.5,-1.0,15.5,14.5,1.0,SPLIT_BASE_SL_RUNNER_SL,Base:Stop|Runner:Stop,-66.4,-60.4,6.0,False,False
Q4,2025-11-20,OPF-20260724-153122,20251121-0300-BEAR-OBS-001152-Z001152-OC,20251121-0305-Short-1153,Short,ObservationConfirm,24175.5,24174.75,0.75,14.75,15.5,-0.75,SL,Stop,-61.4,-64.4,-3.0,False,False
Q4,2025-11-20,OPF-20260724-153122,20251121-0535-BEAR-OBS-001183-Z001183-OC,20251121-0540-Short-1184,Short,ObservationConfirm,24149.125,24149.75,-0.625,15.875,15.25,0.625,SL,ProtectBE,-80.4,-2.4,78.0,False,False
Q4,2025-11-20,OPF-20260724-153122,20251121-1330-BEAR-OBS-001278-Z001278,20251121-1330-Short-1278,Short,ZoneBirthResearch,24220.75,24222.75,-2.0,15.5,13.5,2.0,SPLIT_BASE_SL_RUNNER_SL,Base:Stop|Runner:Stop,-65.4,-56.4,9.0,False,False
Q4,2025-11-20,OPF-20260724-153122,20251121-1815-BEAR-OBS-001335-Z001335,20251121-1815-Short-1335,Short,ZoneBirthResearch,24229.5,24229.75,-0.25,18.25,18.0,0.25,SPLIT_BASE_SL_RUNNER_SL,Base:Stop|Runner:Stop,-74.4,-74.4,0.0,False,False
Q4,2025-11-21,OPF-20260724-153333,20251124-0040-BULL-OBS-001124-Z001123-OC-STR,20251124-0045-Long-1125,Long,ObservationStrict_Other,24454.875,24455.0,-0.125,14.875,15.0,-0.125,SL,Stop,-59.9,-62.4,-2.5,False,False
Q4,2025-11-21,OPF-20260724-153333,20251124-0140-BEAR-OBS-001136-Z001136-OC,20251124-0145-Short-1137,Short,ObservationConfirm,24437.5,24437.5,0.0,17.5,17.5,0.0,SL,Stop,-77.4,-72.4,5.0,False,False
Q4,2025-11-21,OPF-20260724-153333,20251124-0320-BULL-OBS-001156-Z001152-OC,20251124-0325-Long-1157,Long,ObservationConfirm,24515.25,24514.5,0.75,5.75,5.0,0.75,SL,Stop,-25.9,-22.4,3.5,False,False
Q4,2025-11-21,OPF-20260724-153333,20251124-0335-BEAR-OBS-001159-Z001159-OC,20251124-0340-Short-1160,Short,ObservationConfirm,24494.75,24495.0,-0.25,16.25,16.0,0.25,TP,Target,94.6,189.6,95.0,False,False
Q4,2025-11-21,OPF-20260724-153333,20251124-0550-BULL-OBS-001186-Z001185-OC,20251124-0555-Long-1187,Long,ObservationConfirm,24496.25,24494.25,2.0,8.5,6.5,2.0,SL,Stop,-35.4,-28.4,7.0,False,True
Q4,2025-11-24,OPF-20260724-153530,20251125-0105-BULL-OBS-001129-Z001127-FR,20251125-0115-Short-1131,Short,FailureReverse_ObservationInvalidated_WideStop1_5R,24939.75,24941.0,-1.25,9.75,8.62,1.13,SL,Stop,-38.4,-36.88,1.52,False,False
Q4,2025-11-24,OPF-20260724-153530,20251125-0535-BULL-OBS-001183-Z001183-OC,20251125-0540-Long-1184,Long,ObservationConfirm,24933.375,24932.5,0.875,9.125,8.25,0.875,SL,Stop,-37.9,-35.4,2.5,False,False
Q4,2025-11-24,OPF-20260724-153530,20251125-0545-BULL-OBS-001185-Z001183-FR,20251125-0550-Short-1186,Short,FailureReverse_ObservationInvalidated,24923.75,24924.25,-0.5,3.75,3.25,0.5,SL,ProtectBE,-17.9,-2.4,15.5,False,False
Q4,2025-11-24,OPF-20260724-153530,20251125-0620-BEAR-OBS-001192-Z001192-OC,20251125-0625-Short-1193,Short,ObservationConfirm,24910.75,24911.5,-0.75,16.75,16.0,0.75,SL,Stop,-69.4,-66.4,3.0,False,False
Q4,2025-11-24,OPF-20260724-153530,20251125-0645-BEAR-OBS-001197-Z001197-OC,20251125-0650-Short-1198,Short,ObservationConfirm,24898.5,24898.75,-0.25,16.75,16.5,0.25,SL,ProtectBE,-70.4,-2.4,68.0,False,False
Q4,2025-11-24,OPF-20260724-153530,20251125-0810-BEAR-BRK-001214-Z001214,20251125-0810-Short-1214,Short,BreakawayFvg,24888.0,24887.25,0.75,24.0,24.75,-0.75,SL,Stop,-99.4,-101.4,-2.0,False,False
Q4,2025-11-26,OPF-20260724-153757,20251126-0310-BEAR-OBS-001154-Z001154,20251126-0310-Short-1154,Short,ZoneBirthResearch,25173.0,25173.75,-0.75,7.25,6.5,0.75,SPLIT_BASE_SL_RUNNER_SL,Base:Stop|Runner:Stop,-36.4,-28.4,8.0,False,False
Q4,2025-11-26,OPF-20260724-153757,20251126-0430-BEAR-OBS-001170-Z001170-OC,20251126-0435-Short-1171,Short,ObservationConfirm,25167.5,25167.5,0.0,8.0,8.0,0.0,SL,Stop,-28.4,-34.4,-6.0,False,False
Q4,2025-11-26,OPF-20260724-153757,20251126-0630-BULL-OBS-001194-Z001194-OC,20251126-0635-Long-1195,Long,ObservationConfirm_WideStop1_5R,25210.75,25210.0,0.75,25.5,24.75,0.75,SL,ProtectBE,-113.4,-2.4,111.0,False,False
Q4,2025-11-26,OPF-20260724-153757,20251126-0905-BEAR-OBS-001225-Z001225,20251126-0905-Short-1225,Short,ZoneBirthResearch,25157.125,25158.5,-1.375,14.875,13.5,1.375,SPLIT_BASE_SL_RUNNER_SL,Base:Stop|Runner:Stop,-61.9,-56.4,5.5,False,False
Q4,2025-11-26,OPF-20260724-153757,20251126-0915-BEAR-SHD-001227-Z001225,20251126-0940-Short-1232,Short,ShadowCandidate,25160.875,25161.75,-0.875,11.125,10.25,0.875,SL,ProtectBE,-44.9,-2.4,42.5,False,False
Q4,2025-11-26,OPF-20260724-153757,20251126-1030-BULL-OBS-001242-Z001238-OC-STR,20251126-1035-Long-1243,Long,ObservationStrict_Other,25181.25,25181.25,0.0,17.75,17.75,0.0,SL,ProtectBE,-79.9,-2.4,77.5,False,False
Q4,2025-11-28,OPF-20260724-154003,20251201-0025-BEAR-OBS-000896-Z000896,20251201-0025-Short-896,Short,ZoneBirthResearch,25390.125,25390.0,0.125,13.375,13.5,-0.125,SPLIT_BASE_TP_RUNNER_TP,Base:Target|Runner:Target,171.6,173.1,1.5,False,False
Q4,2025-11-28,OPF-20260724-154003,20251201-0315-BEAR-BRK-000930-Z000930,20251201-0315-Short-930,Short,BreakawayFvg,25257.25,25257.75,-0.5,12.0,11.5,0.5,SL,ProtectBE,-52.4,-2.4,50.0,False,False
Q4,2025-11-28,OPF-20260724-154003,20251201-0315-BEAR-SHD-000930-Z000930,20251201-0350-Short-937,Short,ShadowCandidate,25257.5,25258.0,-0.5,11.75,11.25,0.5,TP,ProtectBE,138.1,-2.4,-140.5,True,False
Q4,2025-11-28,OPF-20260724-154003,20251201-0500-BEAR-OBS-000951-Z000951-OC,20251201-0505-Short-952,Short,ObservationConfirm,25219.5,25219.25,0.25,16.5,16.75,-0.25,TP,ProtectBE,96.1,-2.4,-98.5,True,False
Q4,2025-11-28,OPF-20260724-154003,20251201-1210-BEAR-OBS-001037-Z001037-OC,20251201-1215-Short-1038,Short,ObservationConfirm,25260.25,25260.25,0.0,17.75,17.75,0.0,TP,ProtectBE,102.6,-2.4,-105.0,True,False
Q4,2025-11-28,OPF-20260724-154003,20251201-1745-BULL-OBS-001104-Z001104-FR,20251201-1750-Short-1105,Short,FailureReverse_ObservationInvalidated_WideStop1_5R,25464.0,25464.0,0.0,24.5,24.38,0.12,SL,Stop,-104.9,-99.92,4.98,False,False
Q4,2025-12-01,OPF-20260724-154204,20251202-0000-BEAR-OBS-000891-Z000891,20251202-0000-Short-891,Short,ZoneBirthResearch,25390.5,25390.25,0.25,14.0,14.25,-0.25,SPLIT_BASE_SL_RUNNER_SL,Base:Stop|Runner:Stop,-57.4,-59.4,-2.0,False,False
Q4,2025-12-01,OPF-20260724-154204,20251202-0010-BULL-OBS-000893-Z000893-OC,20251202-0015-Long-894,Long,ObservationConfirm,25405.125,25406.25,-1.125,5.875,7.0,-1.125,SL,Stop,-26.4,-30.4,-4.0,False,False
Q4,2025-12-01,OPF-20260724-154204,20251202-0035-BULL-OBS-000898-Z000898-OC,20251202-0040-Long-899,Long,ObservationConfirm,25411.5,25411.0,0.5,9.25,8.75,0.5,SL,Stop,-35.9,-37.4,-1.5,False,False
Q4,2025-12-01,OPF-20260724-154204,20251202-0135-BEAR-OBS-000910-Z000910,20251202-0135-Short-910,Short,ZoneBirthResearch,25422.0,25423.0,-1.0,14.0,13.0,1.0,SPLIT_BASE_TP_RUNNER_BE,Base:Target|Runner:ProtectBE,67.1,62.6,-4.5,False,False
Q4,2025-12-01,OPF-20260724-154204,20251202-0305-BULL-OBS-000928-Z000924-FR,20251202-0310-Short-929,Short,FailureReverse_ObservationInvalidated_WideStop1_5R,25407.75,25408.0,-0.25,14.5,14.25,0.25,TP,Target,171.6,168.6,-3.0,False,False
Q4,2025-12-01,OPF-20260724-154204,20251202-0340-BEAR-OBS-000935-Z000933-FR,20251202-0350-Long-937,Long,FailureReverse_ObservationInvalidated,25393.25,25392.75,0.5,20.25,19.75,0.5,SL,Stop,-89.4,-81.4,8.0,False,False
Q4,2025-12-01,OPF-20260724-154204,20251202-0605-BEAR-OBS-000964-Z000964-OC,20251202-0610-Short-965,Short,ObservationConfirm,25350.5,25351.25,-0.75,18.5,17.75,0.75,SL,Stop,-76.4,-73.4,3.0,False,False
Q4,2025-12-01,OPF-20260724-154204,20251202-0740-BULL-OBS-000983-Z000973-FR,20251202-0750-Short-985,Short,FailureReverse_ObservationInvalidated_WideStop1_5R,25356.75,25356.75,0.0,10.5,10.5,0.0,TP,Target,123.6,123.6,0.0,False,False
Q4,2025-12-01,OPF-20260724-154204,20251202-1300-BULL-OBS-001047-Z001047-OC,20251202-1305-Long-1048,Long,ObservationConfirm,25493.25,25493.5,-0.25,11.5,11.75,-0.25,TP,ProtectBE,70.6,-2.4,-73.0,True,False
Q4,2025-12-01,OPF-20260724-154204,20251202-1410-BULL-OBS-001061-Z001059-OC-STR,20251202-1415-Long-1062,Long,ObservationStrict_Other,25510.25,25509.75,0.5,14.25,13.75,0.5,SL,Stop,-59.4,-57.4,2.0,False,False
Q4,2025-12-01,OPF-20260724-154204,20251202-1740-BEAR-OBS-001103-Z001103,20251202-1740-Short-1103,Short,ZoneBirthResearch,25597.0,25597.25,-0.25,7.75,7.5,0.25,SPLIT_BASE_SL_RUNNER_SL,Base:Stop|Runner:Stop,-33.4,-32.4,1.0,False,False
Q4,2025-12-01,OPF-20260724-154204,20251202-1800-BEAR-OBS-001107-Z001107,20251202-1800-Short-1107,Short,ZoneBirthResearch,25535.25,25535.75,-0.5,17.5,17.0,0.5,SPLIT_BASE_SL_RUNNER_SL,Base:Stop|Runner:Stop,-73.4,-70.4,3.0,False,False
Q4,2025-12-02,OPF-20260724-154402,20251202-2305-BULL-OBS-000880-Z000880-OC,20251202-2310-Long-881,Long,ObservationConfirm,25614.0,25615.0,-1.0,6.75,7.75,-1.0,TP,Target,48.6,90.6,42.0,False,False
Q4,2025-12-02,OPF-20260724-154402,20251203-0135-BULL-OBS-000910-Z000910-OC,20251203-0140-Long-911,Long,ObservationConfirm_WideStop1_5R,25643.125,25642.75,0.375,9.875,9.38,0.495,TP,Target,54.1,110.16,56.06,False,False
Q4,2025-12-02,OPF-20260724-154402,20251203-0220-BULL-OBS-000919-Z000919-OC,20251203-0225-Long-920,Long,ObservationConfirm,25666.0,25666.0,0.0,9.0,9.0,0.0,SL,Stop,-39.4,-38.4,1.0,False,False
Q4,2025-12-02,OPF-20260724-154402,20251203-0230-BULL-OBS-000921-Z000918-OC,20251203-0235-Long-922,Long,ObservationConfirm,25653.375,25653.25,0.125,6.875,6.75,0.125,SL,Stop,-29.4,-29.4,0.0,False,False
Q4,2025-12-02,OPF-20260724-154402,20251203-0320-BULL-OBS-000931-Z000931-OC,20251203-0325-Long-932,Long,ObservationConfirm,25665.0,25664.25,0.75,11.25,10.5,0.75,SL,ProtectBE,-46.4,-2.4,44.0,False,False
Q4,2025-12-02,OPF-20260724-154402,20251203-0630-BEAR-OBS-000969-Z000969-OC,20251203-0635-Short-970,Short,ObservationConfirm,25643.25,25643.0,0.25,12.0,12.25,-0.25,SL,Stop,-51.9,-51.4,0.5,False,False
Q4,2025-12-02,OPF-20260724-154402,20251203-0650-BULL-OBS-000973-Z000972-OC,20251203-0655-Long-974,Long,ObservationConfirm,25657.5,25657.5,0.0,6.75,6.75,0.0,TP,ProtectBE,37.6,-2.4,-40.0,True,False
Q4,2025-12-02,OPF-20260724-154402,20251203-0850-BULL-OBS-000997-Z000997-OC,20251203-0855-Long-998,Long,ObservationConfirm_WideStop1_5R,25659.25,25659.5,-0.25,22.75,22.88,-0.13,SL,Stop,-95.4,-93.92,1.48,False,False
Q4,2025-12-02,OPF-20260724-154402,20251203-0905-BEAR-OBS-001000-Z001000-OC,20251203-0910-Short-1001,Short,ObservationConfirm,25631.5,25631.5,0.0,21.75,21.75,0.0,SL,ProtectBE,-92.9,-2.4,90.5,False,False
Q4,2025-12-02,OPF-20260724-154402,20251203-1240-BULL-BRK-001043-Z001043-Q,20251203-1240-Long-1043,Long,BreakawayFvg_Qualified,25659.25,25658.75,0.5,6.25,5.75,0.5,SL,Stop,-24.4,-25.4,-1.0,False,True
Q4,2025-12-02,OPF-20260724-154402,20251203-2000-BULL-PB-001131-Z001130,20251203-2000-Long-1131,Long,AlmostConfirmed,25665.75,25665.5,0.25,8.0,7.75,0.25,TP,ProtectBE,77.6,-2.4,-80.0,True,False
Q4,2025-12-02,OPF-20260724-154402,20251203-2015-BULL-OBS-001134-Z001134-OC,20251203-2020-Long-1135,Long,ObservationConfirm,25678.75,25677.5,1.25,8.5,7.25,1.25,SL,Stop,-33.4,-31.4,2.0,False,True
Q4,2025-12-03,OPF-20260724-154555,20251204-0005-BULL-OBS-000940-Z000940-OC,20251204-0010-Long-941,Long,ObservationConfirm,25657.5,25656.75,0.75,8.75,8.0,0.75,SL,Stop,-36.9,-34.4,2.5,False,False
Q4,2025-12-03,OPF-20260724-154555,20251204-0055-BEAR-OBS-000950-Z000950,20251204-0055-Short-950,Short,ZoneBirthResearch,25632.625,25632.75,-0.125,13.375,13.25,0.125,SPLIT_BASE_SL_RUNNER_SL,Base:Stop|Runner:Stop,-55.9,-55.4,0.5,False,False
Q4,2025-12-03,OPF-20260724-154555,20251204-0225-BULL-OBS-000968-Z000968-OC,20251204-0230-Long-969,Long,ObservationConfirm,25639.0,25639.75,-0.75,7.5,8.25,-0.75,TP,ProtectBE,56.6,-2.4,-59.0,True,False
Q4,2025-12-03,OPF-20260724-154555,20251204-0300-BULL-OBS-000975-Z000974-FR,20251204-0315-Short-978,Short,FailureReverse_ObservationInvalidated,25633.25,25633.25,0.0,12.5,12.5,0.0,SL,ProtectBE,-51.4,-2.4,49.0,False,False
Q4,2025-12-03,OPF-20260724-154555,20251204-0605-BULL-OBS-001012-Z001012-OC,20251204-0610-Long-1013,Long,ObservationConfirm,25647.5,25646.75,0.75,7.75,7.0,0.75,SL,Stop,-33.4,-30.4,3.0,False,False
Q4,2025-12-03,OPF-20260724-154555,20251204-0615-BULL-OBS-001014-Z001011-OC,20251204-0620-Long-1015,Long,ObservationConfirm,25645.625,25645.5,0.125,7.375,7.25,0.125,TP,Target,40.1,84.6,44.5,False,False
Q4,2025-12-03,OPF-20260724-154555,20251204-0655-BULL-OBS-001022-Z001021-OC,20251204-0705-Long-1024,Long,ObservationConfirm,25662.0,25661.25,0.75,8.75,8.0,0.75,SL,Stop,-37.4,-34.4,3.0,False,False
Q4,2025-12-03,OPF-20260724-154555,20251204-0800-BULL-OBS-001035-Z001017-FR,20251204-0805-Short-1036,Short,FailureReverse_ObservationInvalidated_WideStop1_5R,25646.5,25646.5,0.0,6.0,6.0,0.0,TP,Target,69.6,69.6,0.0,False,False
Q4,2025-12-03,OPF-20260724-154555,20251204-0900-BEAR-SHD-001047-Z001036,20251204-0905-Short-1048,Short,ShadowCandidate,25640.25,25640.5,-0.25,12.5,12.25,0.25,SL,ProtectBE,-55.4,-2.4,53.0,False,False
Q4,2025-12-03,OPF-20260724-154555,20251204-1035-BEAR-OBS-001066-Z001066-OC,20251204-1040-Short-1067,Short,ObservationConfirm,25655.5,25655.5,0.0,16.75,16.75,0.0,TP,ProtectBE,96.6,-2.4,-99.0,True,False
Q4,2025-12-03,OPF-20260724-154555,20251204-1325-BULL-OBS-001100-Z001100-FR-RT,20251204-1340-Short-1103,Short,FailureReverse_RetestFailed,25640.75,25641.25,-0.5,10.25,9.75,0.5,TP,ProtectBE,57.6,-2.4,-60.0,True,False
Q4,2025-12-04,OPF-20260724-154800,20251204-2335-BEAR-OBS-001111-Z001111-OC,20251204-2340-Short-1112,Short,ObservationConfirm,25617.0,25617.5,-0.5,13.0,12.5,0.5,SL,Stop,-54.4,-52.4,2.0,False,False
Q4,2025-12-04,OPF-20260724-154800,20251205-0100-BULL-OBS-001128-Z001128-OC,20251205-0105-Long-1129,Long,ObservationConfirm,25660.0,25660.0,0.0,8.75,8.75,0.0,TP,Target,66.6,102.6,36.0,False,False
Q4,2025-12-04,OPF-20260724-154800,20251205-0405-BULL-OBS-001165-Z001165-OC,20251205-0410-Long-1166,Long,ObservationConfirm,25712.75,25712.0,0.75,6.25,5.5,0.75,SL,Stop,-28.4,-24.4,4.0,False,False
Q4,2025-12-04,OPF-20260724-154800,20251205-0455-BULL-OBS-001175-Z001175-OC,20251205-0500-Long-1176,Long,ObservationConfirm,25714.75,25714.75,0.0,9.0,9.0,0.0,SL,ProtectBE,-40.9,-2.4,38.5,False,False
Q4,2025-12-04,OPF-20260724-154800,20251205-0620-BULL-OBS-001192-Z001188-FR-RT,20251205-0645-Short-1197,Short,FailureReverse_RetestFailed,25715.0,25715.0,0.0,6.25,6.25,0.0,TP,ProtectBE,32.6,-2.4,-35.0,True,False
Q4,2025-12-04,OPF-20260724-154800,20251205-0725-BULL-BRK-001205-Z001205-Q,20251205-0725-Long-1205,Long,BreakawayFvg_Qualified,25724.75,25724.5,0.25,8.25,8.0,0.25,SL,Stop,-36.4,-34.4,2.0,False,False
Q4,2025-12-04,OPF-20260724-154800,20251205-1055-BEAR-OBS-001247-Z001247,20251205-1055-Short-1247,Short,ZoneBirthResearch,25716.0,25716.5,-0.5,7.75,7.25,0.5,SPLIT_BASE_SL_RUNNER_SL,Base:Stop|Runner:Stop,-33.4,-31.4,2.0,False,False
Q4,2025-12-04,OPF-20260724-154800,20251205-1250-BEAR-OBS-001270-Z001270,20251205-1250-Short-1270,Short,ZoneBirthResearch,25698.0,25698.5,-0.5,7.0,6.5,0.5,SPLIT_BASE_SL_RUNNER_SL,Base:Stop|Runner:Stop,-29.4,-28.4,1.0,False,False
Q4,2025-12-04,OPF-20260724-154800,20251205-1325-BEAR-OBS-001277-Z001277,20251205-1325-Short-1277,Short,ZoneBirthResearch,25686.25,25687.0,-0.75,7.25,6.5,0.75,SPLIT_BASE_TP_RUNNER_TP,Base:Target|Runner:Target,90.1,82.1,-8.0,False,False
Q4,2025-12-04,OPF-20260724-154800,20251205-1540-BULL-PB-001304-Z001297,20251205-1540-Long-1304,Long,AlmostConfirmed,25819.5,25820.0,-0.5,19.25,19.75,-0.5,SL,Stop,-80.4,-81.4,-1.0,False,False
Q4,2025-12-04,OPF-20260724-154800,20251205-1715-BEAR-OBS-001323-Z001323,20251205-1715-Short-1323,Short,ZoneBirthResearch,25698.5,25698.25,0.25,12.0,12.25,-0.25,SPLIT_BASE_SL_RUNNER_SL,Base:Stop|Runner:Stop,-50.4,-51.4,-1.0,False,False
Q4,2025-12-05,OPF-20260724-154954,20251208-0135-BULL-OBS-001135-Z001135-OC,20251208-0140-Long-1136,Long,ObservationConfirm,25764.125,25763.75,0.375,9.875,9.5,0.375,TP,Target,77.6,111.6,34.0,False,False
Q4,2025-12-05,OPF-20260724-154954,20251208-0300-BULL-OBS-001152-Z001152-OC,20251208-0305-Long-1153,Long,ObservationConfirm,25784.875,25784.75,0.125,9.625,9.5,0.125,TP,ProtectBE,73.1,-2.4,-75.5,True,False
Q4,2025-12-05,OPF-20260724-154954,20251208-0555-BEAR-OBS-001187-Z001187-OC,20251208-0600-Short-1188,Short,ObservationConfirm,25792.75,25792.75,0.0,6.5,6.5,0.0,SL,Stop,-29.4,-28.4,1.0,False,False
Q4,2025-12-05,OPF-20260724-154954,20251208-0615-BULL-OBS-001191-Z001191-OC,20251208-0620-Long-1192,Long,ObservationConfirm,25809.375,25809.75,-0.375,8.625,9.0,-0.375,SL,Stop,-38.4,-38.4,0.0,False,False
Q4,2025-12-05,OPF-20260724-154954,20251208-0645-BEAR-OBS-001197-Z001197-OC,20251208-0650-Short-1198,Short,ObservationConfirm,25796.125,25796.5,-0.375,9.375,9.0,0.375,TP,ProtectBE,53.1,-2.4,-55.5,True,False
Q4,2025-12-05,OPF-20260724-154954,20251208-0655-BEAR-OBS-001199-Z001199-OC,20251208-0700-Short-1200,Short,ObservationConfirm,25786.625,25786.5,0.125,12.125,12.25,-0.125,SL,Stop,-53.9,-51.4,2.5,False,False
Q4,2025-12-05,OPF-20260724-154954,20251208-0750-BEAR-OBS-001210-Z001210-OC,20251208-0755-Short-1211,Short,ObservationConfirm,25805.0,25805.0,0.0,9.75,9.75,0.0,TP,Target,54.6,114.6,60.0,False,False
Q4,2025-12-05,OPF-20260724-154954,20251208-1335-BEAR-OBS-001279-Z001279,20251208-1335-Short-1279,Short,ZoneBirthResearch,25792.5,25793.25,-0.75,7.75,7.0,0.75,SPLIT_BASE_SL_RUNNER_SL,Base:Stop|Runner:Stop,-35.4,-30.4,5.0,False,False
Q4,2025-12-08,OPF-20260724-155153,20251208-2315-BEAR-OBS-001107-Z001107,20251208-2315-Short-1107,Short,ZoneBirthResearch,25700.5,25701.25,-0.75,6.25,5.5,0.75,SPLIT_BASE_SL_RUNNER_SL,Base:Stop|Runner:Stop,-28.4,-24.4,4.0,False,False
Q4,2025-12-08,OPF-20260724-155153,20251208-2340-BULL-OBS-001112-Z001112-OC,20251208-2345-Long-1113,Long,ObservationConfirm,25708.75,25707.75,1.0,10.25,9.25,1.0,TP,ProtectBE,76.6,-2.4,-79.0,True,False
Q4,2025-12-08,OPF-20260724-155153,20251209-0130-BULL-OBS-001134-Z001112-FR-RT,20251209-0145-Short-1137,Short,FailureReverse_RetestFailed_WideStop1_5R,25695.75,25695.75,0.0,8.5,8.62,-0.12,SL,ProtectBE,-37.4,-2.4,35.0,False,False
Q4,2025-12-08,OPF-20260724-155153,20251209-0505-BEAR-BRK-001177-Z001177,20251209-0505-Short-1177,Short,BreakawayFvg,25676.625,25677.0,-0.375,10.375,10.0,0.375,TP,ProtectBE,86.1,-2.4,-88.5,True,False
Q4,2025-12-08,OPF-20260724-155153,20251209-0555-BEAR-OBS-001187-Z001187-OC,20251209-0600-Short-1188,Short,ObservationConfirm,25655.625,25655.75,-0.125,14.375,14.25,0.125,SL,Stop,-60.9,-59.4,1.5,False,False
Q4,2025-12-08,OPF-20260724-155153,20251209-0645-BEAR-OBS-001197-Z001177-OC,20251209-0650-Short-1198,Short,ObservationConfirm,25676.75,25676.75,0.0,10.25,10.25,0.0,SL,Stop,-44.4,-43.4,1.0,False,False
Q4,2025-12-08,OPF-20260724-155153,20251209-0700-BULL-OBS-001200-Z001200-OC,20251209-0705-Long-1201,Long,ObservationConfirm,25690.375,25690.5,-0.125,10.875,11.0,-0.125,SL,Stop,-45.9,-46.4,-0.5,False,False
Q4,2025-12-08,OPF-20260724-155153,20251209-0905-BEAR-OBS-001225-Z001225-OC,20251209-0910-Short-1226,Short,ObservationConfirm,25680.25,25680.75,-0.5,12.0,11.5,0.5,TP,ProtectBE,67.6,-2.4,-70.0,True,False
Q4,2025-12-08,OPF-20260724-155153,20251209-0940-BEAR-BRK-001232-Z001232,20251209-0940-Short-1232,Short,BreakawayFvg,25657.375,25657.5,-0.125,8.125,8.0,0.125,SL,Stop,-35.9,-34.4,1.5,False,False
Q4,2025-12-08,OPF-20260724-155153,20251209-0945-BEAR-SHD-001233-Z001232,20251209-0955-Short-1235,Short,ShadowCandidate,25656.0,25657.0,-1.0,9.5,8.5,1.0,SL,Stop,-40.4,-36.4,4.0,False,False
Q4,2025-12-08,OPF-20260724-155153,20251209-1345-BEAR-OBS-001281-Z001279,20251209-1345-Short-1281,Short,UnknownRegimeZoneTouch,25620.75,25621.0,-0.25,19.0,18.75,0.25,TP,ProtectBE,225.1,-2.4,-227.5,True,False
Q4,2025-12-08,OPF-20260724-155153,20251209-1710-BULL-OBS-001322-Z001321-FR-RT,20251209-1735-Short-1327,Short,FailureReverse_RetestFailed_WideStop1_5R,25710.5,25710.5,0.0,11.25,11.25,0.0,SL,ProtectBE,-48.4,-2.4,46.0,False,False
Q4,2025-12-09,OPF-20260724-155349,20251209-2355-BEAR-OBS-001115-Z001115,20251209-2355-Short-1115,Short,ZoneBirthResearch,25671.5,25672.0,-0.5,5.0,4.5,0.5,SPLIT_BASE_SL_RUNNER_SL,Base:Stop|Runner:Stop,-23.4,-20.4,3.0,False,False
Q4,2025-12-09,OPF-20260724-155349,20251210-0050-BEAR-OBS-001126-Z001126-OC,20251210-0055-Short-1127,Short,ObservationConfirm,25650.75,25651.0,-0.25,16.5,16.25,0.25,SL,Stop,-69.4,-67.4,2.0,False,False
Q4,2025-12-09,OPF-20260724-155349,20251210-0225-BULL-OBS-001145-Z001144-OC,20251210-0230-Long-1146,Long,ObservationConfirm,25673.125,25673.0,0.125,10.625,10.5,0.125,TP,ProtectBE,83.6,-2.4,-86.0,True,False
Q4,2025-12-09,OPF-20260724-155349,20251210-0505-BEAR-OBS-001177-Z001177-OC,20251210-0510-Short-1178,Short,ObservationConfirm,25673.875,25674.25,-0.375,17.625,17.25,0.375,SL,Stop,-70.9,-71.4,-0.5,False,False
Q4,2025-12-09,OPF-20260724-155349,20251210-0645-BEAR-OBS-001197-Z001197,20251210-0645-Short-1197,Short,ZoneBirthResearch,25701.75,25702.25,-0.5,5.5,5.0,0.5,SPLIT_BASE_SL_RUNNER_SL,Base:Stop|Runner:Stop,-23.4,-22.4,1.0,False,False
Q4,2025-12-09,OPF-20260724-155349,20251210-0915-BEAR-OBS-001227-Z001227-OC,20251210-0920-Short-1228,Short,ObservationConfirm,25710.25,25710.0,0.25,10.75,11.0,-0.25,SL,Stop,-45.4,-46.4,-1.0,False,False
Q4,2025-12-09,OPF-20260724-155349,20251210-1145-BEAR-OBS-001257-Z001257,20251210-1145-Short-1257,Short,ZoneBirthResearch,25660.0,25659.25,0.75,2.25,3.0,-0.75,SPLIT_BASE_SL_RUNNER_SL,Base:Stop|Runner:Stop,-14.4,-14.4,0.0,False,False
Q4,2025-12-09,OPF-20260724-155349,20251210-1240-BEAR-OBS-001268-Z001268-OC,20251210-1245-Short-1269,Short,ObservationConfirm,25636.25,25636.75,-0.5,6.5,6.0,0.5,SL,Stop,-30.4,-26.4,4.0,False,False
Q4,2025-12-09,OPF-20260724-155349,20251210-1600-BEAR-BRK-001308-Z001308,20251210-1600-Short-1308,Short,BreakawayFvg,25551.5,25551.5,0.0,21.0,21.0,0.0,SL,Stop,-84.4,-86.4,-2.0,False,False
Q4,2025-12-10,OPF-20260724-155547,20251210-2325-BEAR-OBS-001109-Z001108-OC,20251210-2330-Short-1110,Short,ObservationConfirm,25732.25,25733.0,-0.75,7.25,6.5,0.75,TP,ProtectBE,36.1,-2.4,-38.5,True,False
Q4,2025-12-10,OPF-20260724-155547,20251211-0050-BEAR-OBS-001126-Z001126,20251211-0050-Short-1126,Short,ZoneBirthResearch,25686.5,25686.75,-0.25,8.0,7.75,0.25,SPLIT_BASE_TP_RUNNER_TP,Base:Target|Runner:Target,109.6,98.35,-11.25,False,False
Q4,2025-12-10,OPF-20260724-155547,20251211-0150-BEAR-OBS-001138-Z001138-OC,20251211-0155-Short-1139,Short,ObservationConfirm,25659.75,25659.75,0.0,17.25,17.25,0.0,TP,Target,100.6,204.6,104.0,False,False
Q4,2025-12-10,OPF-20260724-155547,20251211-0205-BEAR-OBS-001141-Z001141-OC,20251211-0210-Short-1142,Short,ObservationConfirm,25635.5,25635.5,0.0,16.25,16.25,0.0,TP,Target,94.6,192.6,98.0,False,False
Q4,2025-12-10,OPF-20260724-155547,20251211-0250-BEAR-OBS-001150-Z001150-OC,20251211-0255-Short-1151,Short,ObservationConfirm,25548.75,25549.75,-1.0,17.75,16.75,1.0,TP,Target,103.6,198.6,95.0,False,False
Q4,2025-12-10,OPF-20260724-155547,20251211-0425-BEAR-OBS-001169-Z001169,20251211-0425-Short-1169,Short,ZoneBirthResearch,25507.5,25508.0,-0.5,5.75,5.25,0.5,SPLIT_BASE_SL_RUNNER_SL,Base:Stop|Runner:Stop,-26.4,-23.4,3.0,False,True
Q4,2025-12-10,OPF-20260724-155547,20251211-0625-BEAR-OBS-001193-Z001193-OC,20251211-0630-Short-1194,Short,ObservationConfirm,25485.75,25485.5,0.25,9.0,9.25,-0.25,SL,Stop,-36.9,-39.4,-2.5,False,False
Q4,2025-12-10,OPF-20260724-155547,20251211-0735-BULL-OBS-001207-Z001207-OC-STR,20251211-0740-Long-1208,Long,ObservationStrict_BullFresh_WideStop1_5R,25532.0,25531.5,0.5,15.0,14.62,0.38,SL,Stop,-62.9,-60.88,2.02,False,False
Q4,2025-12-10,OPF-20260724-155547,20251211-0920-BEAR-OBS-001228-Z001147,20251211-0920-Short-1228,Short,UnknownRegimeZoneTouch,25590.375,25590.75,-0.375,13.375,13.0,0.375,SL,ProtectBE,-54.4,-2.4,52.0,False,False
Q4,2025-12-10,OPF-20260724-155547,20251211-1035-BEAR-OBS-001243-Z001243-OC,20251211-1040-Short-1244,Short,ObservationConfirm,25591.5,25592.5,-1.0,8.75,7.75,1.0,SL,Stop,-38.4,-33.4,5.0,False,False
Q4,2025-12-10,OPF-20260724-155547,20251211-1200-BULL-OBS-001260-Z001258-OC-STR,20251211-1205-Long-1261,Long,ObservationStrict_Other,25632.0,25631.25,0.75,23.75,23.0,0.75,SL,Target,-100.9,273.6,374.5,True,False
Q4,2025-12-10,OPF-20260724-155547,20251211-1535-BEAR-OBS-001303-Z001303,20251211-1535-Short-1303,Short,ZoneBirthResearch,25576.5,25578.25,-1.75,18.75,17.0,1.75,SPLIT_BASE_TP_RUNNER_TP,Base:Target|Runner:Target,241.6,218.6,-23.0,False,False
Q4,2025-12-11,OPF-20260724-155746,20251212-0005-BEAR-OBS-001117-Z001117-OC,20251212-0010-Short-1118,Short,ObservationConfirm,25654.0,25654.25,-0.25,15.5,15.25,0.25,SL,Stop,-62.4,-63.4,-1.0,False,False
Q4,2025-12-11,OPF-20260724-155746,20251212-0220-BULL-OBS-001144-Z001142-OC,20251212-0230-Long-1146,Long,ObservationConfirm,25692.0,25691.25,0.75,9.75,9.0,0.75,SL,ProtectBE,-41.4,-2.4,39.0,False,False
Q4,2025-12-11,OPF-20260724-155746,20251212-0340-BULL-OBS-001160-Z001160-FR-RT,20251212-0400-Short-1164,Short,FailureReverse_RetestFailed,25666.25,25666.75,-0.5,10.0,9.5,0.5,SL,ProtectBE,-41.4,-2.4,39.0,False,False
Q4,2025-12-11,OPF-20260724-155746,20251212-0540-BULL-OBS-001184-Z001184-OC,20251212-0545-Long-1185,Long,ObservationConfirm,25690.75,25690.75,0.0,4.75,4.75,0.0,TP,ProtectBE,26.6,-2.4,-29.0,True,False
Q4,2025-12-11,OPF-20260724-155746,20251212-0635-BEAR-OBS-001195-Z001195,20251212-0635-Short-1195,Short,ZoneBirthResearch,25686.75,25687.25,-0.5,8.5,8.0,0.5,SPLIT_BASE_TP_RUNNER_TP,Base:Target|Runner:Target,104.1,101.6,-2.5,False,False
Q4,2025-12-11,OPF-20260724-155746,20251212-0845-BEAR-OBS-001221-Z001221-OC,20251212-0855-Short-1223,Short,ObservationConfirm,25660.5,25662.5,-2.0,11.0,9.0,2.0,TP,Target,62.6,105.6,43.0,False,False
Q4,2025-12-11,OPF-20260724-155746,20251212-1015-BULL-OBS-001239-Z001238-FR,20251212-1025-Short-1241,Short,FailureReverse_ObservationInvalidated,25585.25,25585.25,0.0,13.25,13.25,0.0,TP,ProtectBE,128.1,-2.4,-130.5,True,False
Q4,2025-12-11,OPF-20260724-155746,20251212-1140-BEAR-BRK-001256-Z001256,20251212-1140-Short-1256,Short,BreakawayFvg,25555.0,25556.0,-1.0,14.0,13.0,1.0,SL,ProtectBE,-58.4,-2.4,56.0,False,False
Q4,2025-12-11,OPF-20260724-155746,20251212-1245-BEAR-OBS-001269-Z001269,20251212-1245-Short-1269,Short,ZoneBirthResearch,25559.25,25559.75,-0.5,5.75,5.25,0.5,SPLIT_BASE_SL_RUNNER_SL,Base:Stop|Runner:Stop,-25.4,-23.4,2.0,False,False
Q4,2025-12-11,OPF-20260724-155746,20251212-1410-BULL-OBS-001286-Z001283-FR,20251212-1415-Short-1287,Short,FailureReverse_ObservationInvalidated_WideStop1_5R,25601.125,25601.25,-0.125,8.375,8.25,0.125,SL,Stop,-36.4,-35.4,1.0,False,True
Q4,2025-12-11,OPF-20260724-155746,20251212-2140-BULL-OBS-001376-Z001376-OC,20251212-2145-Long-1377,Long,ObservationConfirm,25209.5,25209.0,0.5,4.5,4.0,0.5,SL,Stop,-10.4,-18.4,-8.0,False,False
Q4,2025-12-12,OPF-20260724-155944,20251214-2310-BEAR-OBS-001106-Z001106,20251214-2310-Short-1106,Short,ZoneBirthResearch,25154.125,25154.25,-0.125,16.375,16.25,0.125,SPLIT_BASE_SL_RUNNER_SL,Base:Stop|Runner:Stop,-68.9,-67.4,1.5,False,False
Q4,2025-12-12,OPF-20260724-155944,20251215-0035-BULL-OBS-001123-Z001123-OC,20251215-0040-Long-1124,Long,ObservationConfirm,25219.25,25219.25,0.0,9.25,9.25,0.0,TP,Target,70.1,108.6,38.5,False,False
Q4,2025-12-12,OPF-20260724-155944,20251215-0100-BULL-OBS-001128-Z001126-OC,20251215-0105-Long-1129,Long,ObservationConfirm,25231.625,25231.0,0.625,11.375,10.75,0.625,TP,Target,91.1,126.6,35.5,False,False
Q4,2025-12-12,OPF-20260724-155944,20251215-0140-BULL-PB-001136-Z001135,20251215-0140-Long-1136,Long,AlmostConfirmed,25250.0,25249.25,0.75,12.25,11.5,0.75,TP,Target,121.1,135.6,14.5,False,False
Q4,2025-12-12,OPF-20260724-155944,20251215-0230-BULL-OBS-001146-Z001146-OC,20251215-0235-Long-1147,Long,ObservationConfirm,25280.75,25280.5,0.25,11.5,11.25,0.25,SL,Stop,-46.4,-47.4,-1.0,False,False
Q4,2025-12-12,OPF-20260724-155944,20251215-0240-BULL-OBS-001148-Z001146-FR-RT,20251215-0255-Short-1151,Short,FailureReverse_RetestFailed,25260.75,25261.75,-1.0,11.25,10.25,1.0,SL,Stop,-47.4,-43.4,4.0,False,False
Q4,2025-12-12,OPF-20260724-155944,20251215-0455-BULL-OBS-001175-Z001175-OC,20251215-0500-Long-1176,Long,ObservationConfirm,25268.0,25267.25,0.75,8.25,7.5,0.75,SL,Stop,-30.4,-32.4,-2.0,False,False
Q4,2025-12-12,OPF-20260724-155944,20251215-0535-BULL-OBS-001183-Z001183-OC,20251215-0540-Long-1184,Long,ObservationConfirm,25276.875,25276.25,0.625,7.125,6.5,0.625,SL,ProtectBE,-31.9,-2.4,29.5,False,False
Q4,2025-12-12,OPF-20260724-155944,20251215-0650-BULL-OBS-001198-Z001197-OC,20251215-0655-Long-1199,Long,ObservationConfirm,25273.375,25273.0,0.375,8.625,8.25,0.375,SL,ProtectBE,-39.9,-2.4,37.5,False,False
Q4,2025-12-12,OPF-20260724-155944,20251215-0710-BEAR-OBS-001202-Z001202-OC,20251215-0715-Short-1203,Short,ObservationConfirm,25258.0,25258.75,-0.75,8.5,7.75,0.75,TP,ProtectBE,46.6,-2.4,-49.0,True,False
Q4,2025-12-12,OPF-20260724-155944,20251215-0730-BEAR-OBS-001206-Z001206,20251215-0730-Short-1206,Short,ZoneBirthResearch,25248.375,25249.0,-0.625,7.125,6.5,0.625,SPLIT_BASE_SL_RUNNER_SL,Base:Stop|Runner:Stop,-26.9,-28.4,-1.5,False,False
Q4,2025-12-12,OPF-20260724-155944,20251215-0845-BULL-OBS-001221-Z001221-OC,20251215-0850-Long-1222,Long,ObservationConfirm,25282.5,25282.5,0.0,8.75,8.75,0.0,TP,ProtectBE,76.1,-2.4,-78.5,True,True
Q4,2025-12-15,OPF-20260724-160142,20251215-2350-BEAR-OBS-001114-Z001114,20251215-2350-Short-1114,Short,ZoneBirthResearch,25298.75,25298.75,0.0,12.5,12.5,0.0,SPLIT_BASE_SL_RUNNER_SL,Base:Stop|Runner:Stop,-61.4,-52.4,9.0,False,False
Q4,2025-12-15,OPF-20260724-160142,20251216-0055-BEAR-OBS-001127-Z001127-OC,20251216-0100-Short-1128,Short,ObservationConfirm,25242.75,25242.5,0.25,21.0,21.25,-0.25,TP,Target,123.6,252.6,129.0,False,False
Q4,2025-12-15,OPF-20260724-160142,20251216-0315-BEAR-OBS-001155-Z001155-OC,20251216-0320-Short-1156,Short,ObservationConfirm,25140.25,25140.25,0.0,8.75,8.75,0.0,TP,Target,49.6,102.6,53.0,False,False
Q4,2025-12-15,OPF-20260724-160142,20251216-0320-BEAR-OBS-001156-Z001155-OC,20251216-0325-Short-1157,Short,ObservationConfirm,25132.375,25131.25,1.125,16.625,17.75,-1.125,TP,ProtectBE,92.1,-2.4,-94.5,True,False
Q4,2025-12-15,OPF-20260724-160142,20251216-0330-BEAR-OBS-001158-Z001158,20251216-0330-Short-1158,Short,ZoneBirthResearch,25123.25,25122.75,0.5,14.75,15.25,-0.5,SPLIT_BASE_SL_RUNNER_SL,Base:Stop|Runner:Stop,-64.4,-63.4,1.0,False,False
Q4,2025-12-15,OPF-20260724-160142,20251216-0405-BEAR-OBS-001165-Z001165-OC,20251216-0410-Short-1166,Short,ObservationConfirm,25137.75,25138.5,-0.75,20.5,19.75,0.75,SL,Stop,-83.4,-81.4,2.0,False,False
Q4,2025-12-15,OPF-20260724-160142,20251216-0500-BULL-OBS-001176-Z001169-OC-STR,20251216-0505-Long-1177,Long,ObservationStrict_Other,25151.75,25150.5,1.25,6.25,5.0,1.25,SL,Stop,-29.4,-22.4,7.0,False,True
Q4,2025-12-15,OPF-20260724-160142,20251216-0705-BULL-OBS-001201-Z001200-FR,20251216-0710-Short-1202,Short,FailureReverse_ObservationInvalidated_WideStop1_5R,25124.75,25124.75,0.0,11.25,11.25,0.0,SL,Stop,-48.9,-47.4,1.5,False,False
Q4,2025-12-15,OPF-20260724-160142,20251216-0810-BEAR-OBS-001214-Z001176,20251216-0810-Short-1214,Short,UnknownRegimeZoneTouch,25160.0,25160.5,-0.5,8.75,8.25,0.5,SL,Stop,-37.4,-35.4,2.0,False,False
Q4,2025-12-15,OPF-20260724-160142,20251216-0915-BULL-OBS-001227-Z001227-OC,20251216-0920-Long-1228,Long,ObservationConfirm_WideStop1_5R,25220.125,25221.0,-0.875,8.125,9.0,-0.875,SL,Stop,-34.9,-38.4,-3.5,False,False
Q4,2025-12-15,OPF-20260724-160142,20251216-0955-BEAR-OBS-001235-Z001235,20251216-0955-Short-1235,Short,ZoneBirthResearch,25182.5,25182.75,-0.25,15.0,14.75,0.25,SPLIT_BASE_SL_RUNNER_SL,Base:Stop|Runner:Stop,-60.4,-61.4,-1.0,False,False
Q4,2025-12-15,OPF-20260724-160142,20251216-2125-BEAR-OBS-001373-Z001372-FR,20251216-2140-Long-1376,Long,FailureReverse_ObservationInvalidated,25338.25,25338.0,0.25,10.0,9.75,0.25,SESSION_FLATTEN,GlobexCloseout,2.6,5.6,3.0,False,False
Q4,2025-12-16,OPF-20260724-160341,20251217-0005-BEAR-OBS-001117-Z001117,20251217-0005-Short-1117,Short,ZoneBirthResearch,25294.75,25294.75,0.0,15.25,15.25,0.0,SPLIT_BASE_SL_RUNNER_SL,Base:Stop|Runner:Stop,-65.4,-63.4,2.0,False,False
Q4,2025-12-16,OPF-20260724-160341,20251217-0040-BULL-OBS-001124-Z001124-OC,20251217-0045-Long-1125,Long,ObservationConfirm,25311.875,25311.0,0.875,11.375,10.5,0.875,SL,ProtectBE,-49.9,-2.4,47.5,False,False
Q4,2025-12-16,OPF-20260724-160341,20251217-0405-BULL-OBS-001165-Z001165-OC,20251217-0410-Long-1166,Long,ObservationConfirm,25359.25,25359.5,-0.25,4.0,4.25,-0.25,SL,Stop,-19.4,-19.4,0.0,False,False
Q4,2025-12-16,OPF-20260724-160341,20251217-0420-BEAR-OBS-001168-Z001168-OC,20251217-0425-Short-1169,Short,ObservationConfirm,25335.75,25336.25,-0.5,20.25,19.75,0.5,TP,ProtectBE,134.6,-2.4,-137.0,True,False
Q4,2025-12-16,OPF-20260724-160341,20251217-0925-BULL-PB-001229-Z001227,20251217-0925-Long-1229,Long,AlmostConfirmed,25433.0,25432.75,0.25,11.25,11.0,0.25,TP,Target,107.1,129.6,22.5,False,False
Q4,2025-12-16,OPF-20260724-160341,20251217-1120-BEAR-OBS-001252-Z001251-OC,20251217-1125-Short-1253,Short,ObservationConfirm,25474.5,25475.75,-1.25,7.75,6.5,1.25,SL,Stop,-34.4,-28.4,6.0,False,False
Q4,2025-12-16,OPF-20260724-160341,20251217-1240-BULL-OBS-001268-Z001267-OC,20251217-1245-Long-1269,Long,ObservationConfirm,25498.75,25498.75,0.0,10.25,10.25,0.0,SL,Stop,-41.4,-43.4,-2.0,False,False
Q4,2025-12-16,OPF-20260724-160341,20251217-1300-BEAR-OBS-001272-Z001272,20251217-1300-Short-1272,Short,ZoneBirthResearch,25491.75,25493.25,-1.5,6.5,5.0,1.5,SPLIT_BASE_TP_RUNNER_TP,Base:Target|Runner:Target,82.1,62.6,-19.5,False,False
Q4,2025-12-16,OPF-20260724-160341,20251217-1400-BULL-OBS-001284-Z001284-OC,20251217-1405-Long-1285,Long,ObservationConfirm,25464.25,25463.75,0.5,8.0,7.5,0.5,SL,Stop,-36.9,-32.4,4.5,False,False
Q4,2025-12-17,OPF-20260724-160539,20251218-0035-BULL-OBS-001123-Z001120-OC-STR,20251218-0040-Long-1124,Long,ObservationStrict_Other,24954.75,24954.75,0.0,4.5,4.5,0.0,TP,Target,56.1,51.6,-4.5,False,False
Q4,2025-12-17,OPF-20260724-160539,20251218-0155-BEAR-OBS-001139-Z001139-OC,20251218-0200-Short-1140,Short,ObservationConfirm,24963.0,24964.0,-1.0,18.0,17.0,1.0,SL,Stop,-75.4,-70.4,5.0,False,False
Q4,2025-12-17,OPF-20260724-160539,20251218-0320-BEAR-OBS-001156-Z001156-OC,20251218-0325-Short-1157,Short,ObservationConfirm,24913.5,24913.75,-0.25,8.0,7.75,0.25,SL,Stop,-34.4,-33.4,1.0,False,False
Q4,2025-12-17,OPF-20260724-160539,20251218-0845-BULL-OBS-001221-Z001221-OC,20251218-0850-Long-1222,Long,ObservationConfirm_WideStop1_5R,25053.5,25053.0,0.5,21.5,21.0,0.5,SL,Stop,-88.4,-86.4,2.0,False,False
Q4,2025-12-17,OPF-20260724-160539,20251218-1000-BULL-OBS-001236-Z001234-FR-RT,20251218-1015-Short-1239,Short,FailureReverse_RetestFailed,25077.5,25077.25,0.25,7.75,8.0,-0.25,TP,ProtectBE,43.6,-2.4,-46.0,True,False
Q4,2025-12-17,OPF-20260724-160539,20251218-1110-BULL-OBS-001250-Z001250-OC,20251218-1115-Long-1251,Long,ObservationConfirm,25095.0,25094.0,1.0,8.25,7.25,1.0,SL,Stop,-36.4,-31.4,5.0,False,False
Q4,2025-12-17,OPF-20260724-160539,20251218-1540-BULL-OBS-001304-Z001304-OC,20251218-1545-Long-1305,Long,ObservationConfirm_WideStop1_5R,25375.0,25374.5,0.5,16.0,15.38,0.62,SL,Stop,-67.9,-63.92,3.98,False,False
Q4,2025-12-17,OPF-20260724-160539,20251218-2140-BEAR-OBS-001376-Z001376,20251218-2140-Short-1376,Short,ZoneBirthResearch,25199.0,25199.25,-0.25,15.75,15.5,0.25,SPLIT_BASE_SL_RUNNER_SL,Base:Stop|Runner:Stop,-69.4,-64.4,5.0,False,False
Q4,2025-12-18,OPF-20260724-160737,20251218-2325-BEAR-OBS-001109-Z001109,20251218-2325-Short-1109,Short,ZoneBirthResearch,25225.75,25226.25,-0.5,5.5,5.0,0.5,SPLIT_BASE_SL_RUNNER_SL,Base:Stop|Runner:Stop,-26.4,-22.4,4.0,False,False
Q4,2025-12-18,OPF-20260724-160737,20251219-0300-BEAR-OBS-001152-Z001152,20251219-0300-Short-1152,Short,ZoneBirthResearch,25251.0,25251.75,-0.75,5.75,5.0,0.75,SPLIT_BASE_SL_RUNNER_SL,Base:Stop|Runner:Stop,-26.4,-22.4,4.0,False,False
Q4,2025-12-18,OPF-20260724-160737,20251219-0425-BEAR-OBS-001169-Z001169,20251219-0425-Short-1169,Short,ZoneBirthResearch,25298.75,25299.25,-0.5,8.0,7.5,0.5,SPLIT_BASE_SL_RUNNER_SL,Base:Stop|Runner:Stop,-31.4,-32.4,-1.0,False,False
Q4,2025-12-18,OPF-20260724-160737,20251219-0505-BEAR-OBS-001177-Z001177-OC,20251219-0510-Short-1178,Short,ObservationConfirm,25285.25,25285.0,0.25,14.5,14.75,-0.25,SL,Stop,-59.9,-61.4,-1.5,False,False
Q4,2025-12-18,OPF-20260724-160737,20251219-0550-BEAR-OBS-001186-Z001186-OC,20251219-0555-Short-1187,Short,ObservationConfirm,25291.0,25291.25,-0.25,13.5,13.25,0.25,SL,Stop,-57.4,-55.4,2.0,False,False
Q4,2025-12-18,OPF-20260724-160737,20251219-0605-BEAR-OBS-001189-Z001186-OC,20251219-0610-Short-1190,Short,ObservationConfirm,25285.0,25284.75,0.25,19.5,19.75,-0.25,SL,Stop,-80.4,-81.4,-1.0,False,False
Q4,2025-12-18,OPF-20260724-160737,20251219-0725-BEAR-OBS-001205-Z001205-OC,20251219-0730-Short-1206,Short,ObservationConfirm,25342.25,25342.25,0.0,16.5,16.5,0.0,SL,ProtectBE,-67.4,-2.4,65.0,False,False
Q4,2025-12-19,OPF-20260724-160931,20251222-0005-BULL-OBS-001117-Z001112-FR,20251222-0015-Short-1119,Short,FailureReverse_ObservationInvalidated_WideStop1_5R,25650.5,25650.75,-0.25,16.0,15.75,0.25,SL,Stop,-66.4,-65.4,1.0,False,False
Q4,2025-12-19,OPF-20260724-160931,20251222-0235-BULL-OBS-001147-Z001146-FR,20251222-0240-Short-1148,Short,FailureReverse_ObservationInvalidated,25689.875,25690.0,-0.125,2.125,2.0,0.125,SL,Stop,-9.9,-10.4,-0.5,False,True
Q4,2025-12-19,OPF-20260724-160931,20251222-0320-BEAR-OBS-001156-Z001156-OC,20251222-0325-Short-1157,Short,ObservationConfirm,25678.75,25678.75,0.0,13.0,13.0,0.0,SL,ProtectBE,-43.4,-2.4,41.0,False,False
Q4,2025-12-19,OPF-20260724-160931,20251222-0835-BEAR-OBS-001219-Z001219,20251222-0835-Short-1219,Short,ZoneBirthResearch,25699.5,25699.25,0.25,3.5,3.75,-0.25,SPLIT_BASE_SL_RUNNER_SL,Base:Stop|Runner:Stop,-18.4,-17.4,1.0,False,False
Q4,2025-12-19,OPF-20260724-160931,20251222-0855-BEAR-OBS-001223-Z001223,20251222-0855-Short-1223,Short,ZoneBirthResearch,25687.25,25688.0,-0.75,8.25,7.5,0.75,SPLIT_BASE_SL_RUNNER_SL,Base:Stop|Runner:Stop,-32.4,-32.4,0.0,False,False
Q4,2025-12-19,OPF-20260724-160931,20251222-0920-BULL-OBS-001228-Z001228-OC,20251222-0925-Long-1229,Long,ObservationConfirm,25711.25,25711.25,0.0,7.25,7.25,0.0,TP,ProtectBE,41.6,-2.4,-44.0,True,False
Q4,2025-12-19,OPF-20260724-160931,20251222-0940-BULL-OBS-001232-Z001231-FR-RT,20251222-1000-Short-1236,Short,FailureReverse_RetestFailed_WideStop1_5R,25712.125,25712.5,-0.375,4.875,4.5,0.375,SL,Stop,-25.9,-20.4,5.5,False,False
Q4,2025-12-19,OPF-20260724-160931,20251222-1010-BULL-OBS-001238-Z001238-FR-RT,20251222-1030-Short-1242,Short,FailureReverse_RetestFailed,25711.5,25711.75,-0.25,4.75,4.5,0.25,TP,ProtectBE,24.6,-2.4,-27.0,True,False
Q4,2025-12-19,OPF-20260724-160931,20251222-1150-BEAR-OBS-001258-Z001258-OC,20251222-1155-Short-1259,Short,ObservationConfirm,25700.0,25699.75,0.25,9.75,10.0,-0.25,SL,Stop,-43.4,-42.4,1.0,False,False
Q4,2025-12-19,OPF-20260724-160931,20251222-1225-BULL-OBS-001265-Z001265-OC,20251222-1230-Long-1266,Long,ObservationConfirm,25729.25,25729.25,0.0,11.75,11.75,0.0,TP,Target,63.1,138.6,75.5,False,False
Q4,2025-12-19,OPF-20260724-160931,20251222-1325-BULL-OBS-001277-Z001277-OC,20251222-1330-Long-1278,Long,ObservationConfirm_WideStop1_5R,25747.0,25746.5,0.5,5.0,4.5,0.5,SL,Stop,-23.4,-20.4,3.0,False,False
Q4,2025-12-19,OPF-20260724-160931,20251222-1340-BEAR-OBS-001280-Z001280,20251222-1340-Short-1280,Short,ZoneBirthResearch,25737.0,25736.75,0.25,6.75,7.0,-0.25,SPLIT_BASE_SL_RUNNER_SL,Base:Stop|Runner:Stop,-30.4,-30.4,0.0,False,False
Q4,2025-12-23,OPF-20260724-161124,20251222-2305-BULL-OBS-001105-Z001105-OC,20251222-2310-Long-1106,Long,ObservationConfirm,25707.75,25707.75,0.0,6.5,6.5,0.0,TP,Target,33.6,75.6,42.0,False,False
Q4,2025-12-23,OPF-20260724-161124,20251223-0225-BULL-OBS-001145-Z001142-OC,20251223-0230-Long-1146,Long,ObservationConfirm,25728.25,25728.0,0.25,11.0,10.75,0.25,SL,Stop,-49.4,-45.4,4.0,False,False
Q4,2025-12-23,OPF-20260724-161124,20251223-0245-BULL-OBS-001149-Z001141-OC,20251223-0250-Long-1150,Long,ObservationConfirm,25722.75,25722.25,0.5,10.25,9.75,0.5,SL,Stop,-46.4,-41.4,5.0,False,False
Q4,2025-12-23,OPF-20260724-161124,20251223-0350-BEAR-OBS-001162-Z001162-OC,20251223-0355-Short-1163,Short,ObservationConfirm,25710.75,25712.0,-1.25,5.25,4.0,1.25,TP,Target,27.6,45.6,18.0,False,False
Q4,2025-12-23,OPF-20260724-161124,20251223-0435-BEAR-BRK-001171-Z001171,20251223-0435-Short-1171,Short,BreakawayFvg,25687.625,25687.5,0.125,15.375,15.5,-0.125,TP,ProtectBE,117.6,-2.4,-120.0,True,False
Q4,2025-12-23,OPF-20260724-161124,20251223-0620-BEAR-OBS-001192-Z001191-OC,20251223-0625-Short-1193,Short,ObservationConfirm,25658.25,25658.25,0.0,17.75,17.75,0.0,SL,Stop,-73.4,-73.4,0.0,False,False
Q4,2025-12-23,OPF-20260724-161124,20251223-0905-BULL-OBS-001225-Z001225-OC,20251223-0910-Long-1226,Long,ObservationConfirm,25699.25,25699.0,0.25,6.5,6.25,0.25,TP,Target,36.6,72.6,36.0,False,False
Q4,2025-12-23,OPF-20260724-161124,20251223-0920-BULL-OBS-001228-Z001228-OC,20251223-0925-Long-1229,Long,ObservationConfirm,25716.875,25716.5,0.375,11.875,11.5,0.375,SL,ProtectBE,-49.9,-2.4,47.5,False,False
Q4,2025-12-23,OPF-20260724-161124,20251223-1020-BEAR-OBS-001240-Z001240-OC,20251223-1025-Short-1241,Short,ObservationConfirm,25705.5,25706.0,-0.5,7.75,7.25,0.5,TP,ProtectBE,41.6,-2.4,-44.0,True,False
Q4,2025-12-23,OPF-20260724-161124,20251223-1125-BULL-OBS-001253-Z001253-OC,20251223-1130-Long-1254,Long,ObservationConfirm,25700.25,25700.25,0.0,7.75,7.75,0.0,SL,Stop,-34.4,-33.4,1.0,False,False
Q4,2025-12-23,OPF-20260724-161124,20251223-1210-BULL-OBS-001262-Z001213-FR-RT,20251223-1235-Short-1267,Short,FailureReverse_RetestFailed_WideStop1_5R,25676.0,25675.75,0.25,5.75,6.0,-0.25,SL,ProtectBE,-26.4,-2.4,24.0,False,False
Q4,2025-12-23,OPF-20260724-161124,20251223-1505-BEAR-OBS-001297-Z001297,20251223-1505-Short-1297,Short,ZoneBirthResearch,25658.25,25657.75,0.5,12.25,12.75,-0.5,SPLIT_BASE_SL_RUNNER_SL,Base:Stop|Runner:Stop,-51.4,-53.4,-2.0,False,False
Q4,2025-12-24,OPF-20260724-161323,20251225-2310-BULL-OBS-000785-Z000784-OC-STR,20251225-2315-Long-786,Long,ObservationStrict_Other,25883.0,25883.0,0.0,14.0,14.0,0.0,SL,ProtectBE,-50.4,-2.4,48.0,False,False
Q4,2025-12-24,OPF-20260724-161323,20251226-0720-BEAR-OBS-000883-Z000883,20251226-0720-Short-883,Short,ZoneBirthResearch,25857.5,25857.5,0.0,5.75,5.75,0.0,SPLIT_BASE_SL_RUNNER_SL,Base:Stop|Runner:Stop,-26.4,-25.4,1.0,False,False
Q4,2025-12-24,OPF-20260724-161323,20251226-0810-BEAR-OBS-000893-Z000893,20251226-0810-Short-893,Short,ZoneBirthResearch,25850.0,25851.0,-1.0,6.0,5.0,1.0,SPLIT_BASE_SL_RUNNER_SL,Base:Stop|Runner:Stop,-26.4,-22.4,4.0,False,False
Q4,2025-12-24,OPF-20260724-161323,20251226-0905-BULL-OBS-000904-Z000904-OC,20251226-0910-Long-905,Long,ObservationConfirm,25871.0,25869.75,1.25,11.0,9.75,1.25,SL,Stop,-50.4,-41.4,9.0,False,False
Q4,2025-12-24,OPF-20260724-161323,20251226-0920-BEAR-OBS-000907-Z000907-OC,20251226-0925-Short-908,Short,ObservationConfirm,25861.25,25861.5,-0.25,6.5,6.25,0.25,SL,Stop,-26.4,-27.4,-1.0,False,False
Q4,2025-12-24,OPF-20260724-161323,20251226-0955-BULL-OBS-000914-Z000914-OC,20251226-1000-Long-915,Long,ObservationConfirm_WideStop1_5R,25881.75,25882.0,-0.25,23.0,23.25,-0.25,TP,ProtectBE,138.6,-2.4,-141.0,True,False
Q4,2025-12-24,OPF-20260724-161323,20251226-1415-BULL-OBS-000966-Z000966-OC,20251226-1420-Long-967,Long,ObservationConfirm,25903.75,25903.5,0.25,7.0,6.75,0.25,SL,Stop,-29.4,-29.4,0.0,False,False
Q4,2025-12-24,OPF-20260724-161323,20251226-1850-BULL-OBS-001021-Z001021-OC,20251226-1855-Long-1022,Long,ObservationConfirm,25891.75,25891.75,0.0,10.0,10.0,0.0,SL,Stop,-43.4,-42.4,1.0,False,False
Q4,2025-12-24,OPF-20260724-161323,20251226-1950-BULL-OBS-001033-Z001033-OC,20251226-1955-Long-1034,Long,ObservationConfirm,25891.25,25891.25,0.0,9.25,9.25,0.0,SL,Stop,-39.4,-39.4,0.0,False,False
Q4,2025-12-24,OPF-20260724-161323,20251226-2005-BEAR-OBS-001036-Z001036-OC,20251226-2010-Short-1037,Short,ObservationConfirm,25872.25,25873.0,-0.75,17.5,16.75,0.75,SESSION_FLATTEN,GlobexCloseout,40.6,43.6,3.0,False,False
Q4,2025-12-26,OPF-20260724-161526,20251228-2335-BULL-OBS-000790-Z000790-OC,20251228-2340-Long-791,Long,ObservationConfirm,25874.75,25874.75,0.0,9.25,9.25,0.0,SL,Stop,-40.4,-39.4,1.0,False,False
Q4,2025-12-26,OPF-20260724-161526,20251229-0035-BULL-OBS-000802-Z000802-OC,20251229-0040-Long-803,Long,ObservationConfirm,25876.25,25876.25,0.0,10.0,10.0,0.0,SL,ProtectBE,-41.4,-2.4,39.0,False,False
Q4,2025-12-26,OPF-20260724-161526,20251229-0245-BEAR-OBS-000828-Z000815-OC,20251229-0250-Short-829,Short,ObservationConfirm,25847.0,25847.25,-0.25,11.0,10.75,0.25,TP,ProtectBE,70.6,-2.4,-73.0,True,False
Q4,2025-12-26,OPF-20260724-161526,20251229-0320-BEAR-OBS-000835-Z000835,20251229-0320-Short-835,Short,ZoneBirthResearch,25829.0,25829.0,0.0,14.75,14.75,0.0,SPLIT_BASE_SL_RUNNER_SL,Base:Stop|Runner:Stop,-65.4,-61.4,4.0,False,False
Q4,2025-12-26,OPF-20260724-161526,20251229-0435-BULL-OBS-000850-Z000850-OC,20251229-0440-Long-851,Long,ObservationConfirm,25867.5,25867.5,0.0,8.5,8.5,0.0,SL,Stop,-36.4,-36.4,0.0,False,False
Q4,2025-12-26,OPF-20260724-161526,20251229-0600-BEAR-BRK-000867-Z000867,20251229-0600-Short-867,Short,BreakawayFvg,25813.75,25814.0,-0.25,17.25,17.0,0.25,SL,Stop,-72.4,-70.4,2.0,False,False
Q4,2025-12-26,OPF-20260724-161526,20251229-0600-BEAR-OBS-000867-Z000867-FR,20251229-0615-Long-870,Long,FailureReverse_ObservationInvalidated,25838.0,25837.5,0.5,14.75,14.25,0.5,SL,Stop,-60.4,-59.4,1.0,False,False
Q4,2025-12-26,OPF-20260724-161526,20251229-0705-BEAR-OBS-000880-Z000880-OC,20251229-0710-Short-881,Short,ObservationConfirm,25793.875,25794.25,-0.375,18.125,17.75,0.375,SL,Stop,-75.9,-73.4,2.5,False,False
Q4,2025-12-29,OPF-20260724-161720,20251229-2320-BEAR-OBS-000787-Z000787,20251229-2320-Short-787,Short,ZoneBirthResearch,25720.75,25720.75,0.0,4.75,4.75,0.0,SPLIT_BASE_TP_RUNNER_SL,Base:Target|Runner:ProtectBE,7.1,21.35,14.25,False,False
Q4,2025-12-29,OPF-20260724-161720,20251230-0025-BULL-OBS-000800-Z000800-FR-RT,20251230-0050-Short-805,Short,FailureReverse_RetestFailed,25711.0,25711.0,0.0,8.5,8.5,0.0,TP,ProtectBE,48.6,-2.4,-51.0,True,False
Q4,2025-12-29,OPF-20260724-161720,20251230-0105-BEAR-OBS-000808-Z000806-OC,20251230-0110-Short-809,Short,ObservationConfirm,25713.75,25713.75,0.0,5.25,5.25,0.0,TP,ProtectBE,30.1,-2.4,-32.5,True,False
Q4,2025-12-29,OPF-20260724-161720,20251230-0300-BULL-OBS-000831-Z000831-OC,20251230-0305-Long-832,Long,ObservationConfirm,25711.125,25710.5,0.625,4.625,4.0,0.625,TP,Target,25.1,45.6,20.5,False,False
Q4,2025-12-29,OPF-20260724-161720,20251230-0320-BULL-OBS-000835-Z000835-OC,20251230-0325-Long-836,Long,ObservationConfirm,25723.75,25723.25,0.5,10.75,10.25,0.5,TP,Target,91.6,120.6,29.0,False,False
Q4,2025-12-29,OPF-20260724-161720,20251230-0410-BULL-OBS-000845-Z000845-OC,20251230-0415-Long-846,Long,ObservationConfirm,25743.875,25743.75,0.125,7.375,7.25,0.125,TP,ProtectBE,35.1,-2.4,-37.5,True,False
Q4,2025-12-29,OPF-20260724-161720,20251230-0515-BEAR-OBS-000858-Z000858-OC,20251230-0520-Short-859,Short,ObservationConfirm,25734.5,25735.25,-0.75,11.5,10.75,0.75,SL,ProtectBE,-49.4,-2.4,47.0,False,False
Q4,2025-12-29,OPF-20260724-161720,20251230-0610-BEAR-OBS-000869-Z000869,20251230-0610-Short-869,Short,ZoneBirthResearch,25733.375,25733.25,0.125,2.625,2.75,-0.125,SPLIT_BASE_TP_RUNNER_TP,Base:Target|Runner:Target,40.6,33.35,-7.25,False,False
Q4,2025-12-29,OPF-20260724-161720,20251230-0625-BULL-OBS-000872-Z000835-OC,20251230-0630-Long-873,Long,ObservationConfirm,25724.75,25723.5,1.25,11.75,10.5,1.25,SL,Stop,-46.4,-44.4,2.0,False,False
Q4,2025-12-29,OPF-20260724-161720,20251230-0705-BEAR-OBS-000880-Z000880-OC,20251230-0710-Short-881,Short,ObservationConfirm,25711.75,25711.75,0.0,13.5,13.5,0.0,TP,ProtectBE,76.6,-2.4,-79.0,True,False
Q4,2025-12-29,OPF-20260724-161720,20251230-0720-BEAR-BRK-000883-Z000883,20251230-0720-Short-883,Short,BreakawayFvg,25693.25,25693.0,0.25,15.75,16.0,-0.25,SL,Stop,-77.4,-66.4,11.0,False,False
Q4,2025-12-29,OPF-20260724-161720,20251230-0850-BULL-OBS-000901-Z000901-OC,20251230-0855-Long-902,Long,ObservationConfirm,25739.25,25739.0,0.25,7.0,6.75,0.25,SL,Stop,-26.4,-29.4,-3.0,False,True
Q4,2025-12-30,OPF-20260724-161923,20251230-2340-BEAR-OBS-000836-Z000836,20251230-2340-Short-836,Short,ZoneBirthResearch,25656.75,25657.0,-0.25,5.0,4.75,0.25,SPLIT_BASE_TP_RUNNER_TP,Base:Target|Runner:Target,63.6,59.35,-4.25,False,False
Q4,2025-12-30,OPF-20260724-161923,20251231-0005-BEAR-OBS-000841-Z000841-OC,20251231-0010-Short-842,Short,ObservationConfirm,25643.5,25644.0,-0.5,13.0,12.5,0.5,TP,Target,87.6,147.6,60.0,False,False
Q4,2025-12-30,OPF-20260724-161923,20251231-0040-BEAR-OBS-000848-Z000847-OC,20251231-0045-Short-849,Short,ObservationConfirm,25624.25,25624.75,-0.5,19.25,18.75,0.5,TP,ProtectBE,120.6,-2.4,-123.0,True,False
Q4,2025-12-30,OPF-20260724-161923,20251231-0200-BEAR-OBS-000864-Z000850-OC,20251231-0205-Short-865,Short,ObservationConfirm,25614.75,25616.0,-1.25,20.5,19.25,1.25,SL,Stop,-83.4,-79.4,4.0,False,False
Q4,2025-12-30,OPF-20260724-161923,20251231-0325-BEAR-OBS-000881-Z000881-OC,20251231-0330-Short-882,Short,ObservationConfirm,25612.0,25612.25,-0.25,9.25,9.0,0.25,SL,Stop,-39.4,-38.4,1.0,False,False
Q4,2025-12-30,OPF-20260724-161923,20251231-0415-BULL-OBS-000891-Z000891-OC,20251231-0420-Long-892,Long,ObservationConfirm,25629.75,25628.75,1.0,8.0,7.0,1.0,SL,Stop,-34.4,-30.4,4.0,False,False
Q4,2025-12-30,OPF-20260724-161923,20251231-0445-BEAR-OBS-000897-Z000897-OC,20251231-0450-Short-898,Short,ObservationConfirm,25618.25,25618.5,-0.25,7.5,7.25,0.25,SL,Stop,-29.4,-31.4,-2.0,False,False
Q4,2025-12-30,OPF-20260724-161923,20251231-0540-BEAR-OBS-000908-Z000908-OC,20251231-0545-Short-909,Short,ObservationConfirm,25610.25,25610.0,0.25,10.5,10.75,-0.25,TP,Target,48.6,126.6,78.0,False,False
Q4,2025-12-30,OPF-20260724-161923,20251231-0620-BEAR-BRK-000916-Z000916,20251231-0620-Short-916,Short,BreakawayFvg,25586.25,25587.0,-0.75,14.25,13.5,0.75,SL,Stop,-61.4,-56.4,5.0,False,False
Q4,2025-12-30,OPF-20260724-161923,20251231-0715-BEAR-OBS-000927-Z000927,20251231-0715-Short-927,Short,ZoneBirthResearch,25581.25,25582.0,-0.75,7.5,6.75,0.75,SPLIT_BASE_SL_RUNNER_SL,Base:Stop|Runner:Stop,-33.4,-29.4,4.0,False,False
Q4,2025-12-30,OPF-20260724-161923,20251231-0750-BEAR-OBS-000934-Z000934-OC,20251231-0755-Short-935,Short,ObservationConfirm,25597.5,25597.5,0.0,5.75,5.75,0.0,SL,Stop,-26.9,-25.4,1.5,False,False
Q4,2025-12-30,OPF-20260724-161923,20251231-0800-BEAR-OBS-000936-Z000934-OC,20251231-0805-Short-937,Short,ObservationConfirm,25587.5,25587.25,0.25,15.75,16.0,-0.25,TP,ProtectBE,93.6,-2.4,-96.0,True,False
Q4,2025-12-31,OPF-20260724-163753,20260102-0040-BEAR-OBS-000848-Z000848,20260102-0040-Short-848,Short,ZoneBirthResearch,25499.5,25499.5,0.0,3.75,3.75,0.0,SPLIT_BASE_SL_RUNNER_SL,Base:Stop|Runner:Stop,-16.4,-17.4,-1.0,False,False
Q4,2025-12-31,OPF-20260724-163753,20260102-0110-BULL-OBS-000854-Z000854-OC,20260102-0115-Long-855,Long,ObservationConfirm_WideStop1_5R,25527.75,25527.0,0.75,7.75,7.12,0.63,SL,Stop,-33.4,-30.88,2.52,False,False
Q4,2025-12-31,OPF-20260724-163753,20260102-0205-BULL-OBS-000865-Z000865-OC,20260102-0210-Long-866,Long,ObservationConfirm_WideStop1_5R,25572.875,25572.0,0.875,24.875,24.0,0.875,TP,Target,150.1,285.6,135.5,False,False
Q4,2025-12-31,OPF-20260724-163753,20260102-0505-BEAR-OBS-000901-Z000900-OC,20260102-0510-Short-902,Short,ObservationConfirm,25622.25,25623.0,-0.75,6.75,6.0,0.75,SL,Stop,-25.4,-26.4,-1.0,False,False
Q4,2025-12-31,OPF-20260724-163753,20260102-0520-BULL-OBS-000904-Z000904-OC,20260102-0525-Long-905,Long,ObservationConfirm,25631.0,25630.75,0.25,6.25,6.0,0.25,SL,Stop,-26.4,-26.4,0.0,False,False
Q4,2025-12-31,OPF-20260724-163753,20260102-0555-BULL-OBS-000911-Z000911-OC,20260102-0600-Long-912,Long,ObservationConfirm,25640.25,25640.5,-0.25,9.0,9.25,-0.25,SL,ProtectBE,-39.4,-2.4,37.0,False,False
Q4,2025-12-31,OPF-20260724-163753,20260102-0715-BEAR-OBS-000927-Z000927-FR-RT,20260102-0735-Long-931,Long,FailureReverse_RetestFailed,25640.25,25640.0,0.25,6.5,6.25,0.25,SL,Stop,-28.4,-27.4,1.0,False,False
Q4,2025-12-31,OPF-20260724-163753,20260102-0855-BULL-BRK-000947-Z000947-Q,20260102-0855-Long-947,Long,BreakawayFvg_Qualified,25708.5,25709.25,-0.75,4.75,5.5,-0.75,TP,Target,25.6,63.6,38.0,False,False
Q4,2025-12-31,OPF-20260724-163753,20260102-1025-BEAR-OBS-000965-Z000965-OC,20260102-1030-Short-966,Short,ObservationConfirm,25707.75,25708.0,-0.25,17.75,17.5,0.25,SL,Stop,-75.4,-72.4,3.0,False,False
Q4,2025-12-31,OPF-20260724-163753,20260102-1120-BEAR-OBS-000976-Z000976-OC,20260102-1125-Short-977,Short,ObservationConfirm,25716.75,25716.75,0.0,15.5,15.5,0.0,TP,Target,88.1,183.6,95.5,False,False
Q4,2025-12-31,OPF-20260724-163753,20260102-1200-BULL-OBS-000984-Z000946-FR-RT,20260102-1220-Short-988,Short,FailureReverse_RetestFailed_WideStop1_5R,25689.25,25688.75,0.5,16.5,16.88,-0.38,SL,Stop,-67.4,-69.92,-2.52,False,False
Q4,2025-12-31,OPF-20260724-163753,20260102-1415-BEAR-OBS-001011-Z001011-OC,20260102-1420-Short-1012,Short,ObservationConfirm,25678.0,25677.5,0.5,9.5,10.0,-0.5,SL,Stop,-40.4,-42.4,-2.0,False,False
H1,2026-01-02,OPF-20260724-163955,20260104-2330-BULL-OBS-000834-Z000833-FR,20260104-2340-Short-836,Short,FailureReverse_ObservationInvalidated,25433.0,25433.0,0.0,17.75,17.75,0.0,SL,ProtectBE,-74.4,-2.4,72.0,False,False
H1,2026-01-02,OPF-20260724-163955,20260105-0020-BULL-OBS-000844-Z000844-OC,20260105-0025-Long-845,Long,ObservationConfirm,25470.625,25470.25,0.375,10.375,10.0,0.375,SL,Stop,-43.9,-42.4,1.5,False,False
H1,2026-01-02,OPF-20260724-163955,20260105-0040-BEAR-OBS-000848-Z000848,20260105-0040-Short-848,Short,ZoneBirthResearch,25451.75,25453.0,-1.25,7.75,6.5,1.25,SPLIT_BASE_SL_RUNNER_SL,Base:Stop|Runner:Stop,-33.4,-28.4,5.0,False,False
H1,2026-01-02,OPF-20260724-163955,20260105-0150-BEAR-OBS-000862-Z000862-OC,20260105-0155-Short-863,Short,ObservationConfirm,25457.25,25458.25,-1.0,18.25,17.25,1.0,SL,Stop,-74.4,-71.4,3.0,False,False
H1,2026-01-02,OPF-20260724-163955,20260105-0250-BULL-OBS-000874-Z000874-OC,20260105-0255-Long-875,Long,ObservationConfirm,25474.25,25474.25,0.0,7.5,7.5,0.0,SL,ProtectBE,-32.4,-2.4,30.0,False,False
H1,2026-01-02,OPF-20260724-163955,20260105-0445-BULL-OBS-000897-Z000897-OC,20260105-0450-Long-898,Long,ObservationConfirm,25485.875,25485.5,0.375,9.625,9.25,0.375,SL,Stop,-40.9,-39.4,1.5,False,False
H1,2026-01-02,OPF-20260724-163955,20260105-0525-BULL-OBS-000905-Z000905-OC,20260105-0530-Long-906,Long,ObservationConfirm,25483.5,25483.5,0.0,9.5,9.5,0.0,TP,ProtectBE,73.6,-2.4,-76.0,True,False
H1,2026-01-02,OPF-20260724-163955,20260105-0925-BEAR-OBS-000953-Z000953,20260105-0925-Short-953,Short,ZoneBirthResearch,25497.75,25498.75,-1.0,16.25,15.25,1.0,SPLIT_BASE_SL_RUNNER_SL,Base:Stop|Runner:Stop,-67.4,-63.4,4.0,False,False
H1,2026-01-02,OPF-20260724-163955,20260105-1140-BULL-OBS-000980-Z000980-OC,20260105-1145-Long-981,Long,ObservationConfirm,25571.0,25570.75,0.25,8.5,8.25,0.25,SL,ProtectBE,-38.4,-2.4,36.0,False,False
H1,2026-01-05,OPF-20260724-164152,20260105-2310-BULL-OBS-000830-Z000829-FR,20260105-2320-Short-832,Short,FailureReverse_ObservationInvalidated_WideStop1_5R,25584.0,25584.5,-0.5,5.0,4.5,0.5,SL,Stop,-22.9,-20.4,2.5,False,False
H1,2026-01-05,OPF-20260724-164152,20260105-2335-BEAR-OBS-000835-Z000835,20260105-2335-Short-835,Short,ZoneBirthResearch,25572.5,25572.5,0.0,12.25,12.25,0.0,SPLIT_BASE_SL_RUNNER_SL,Base:Stop|Runner:Stop,-52.4,-51.4,1.0,False,False
H1,2026-01-05,OPF-20260724-164152,20260106-0125-BULL-OBS-000857-Z000857-OC,20260106-0130-Long-858,Long,ObservationConfirm,25593.5,25593.25,0.25,8.75,8.5,0.25,TP,ProtectBE,62.6,-2.4,-65.0,True,False
H1,2026-01-05,OPF-20260724-164152,20260106-0250-BULL-BRK-000874-Z000874-Q,20260106-0250-Long-874,Long,BreakawayFvg_Qualified,25624.0,25623.25,0.75,7.5,6.75,0.75,SL,Stop,-23.9,-29.4,-5.5,False,False
H1,2026-01-05,OPF-20260724-164152,20260106-0515-BULL-OBS-000903-Z000903-OC,20260106-0520-Long-904,Long,ObservationConfirm,25650.0,25650.0,0.0,6.75,6.75,0.0,SL,Stop,-29.4,-29.4,0.0,False,False
H1,2026-01-05,OPF-20260724-164152,20260106-0610-BULL-OBS-000914-Z000914-OC,20260106-0615-Long-915,Long,ObservationConfirm,25660.0,25659.25,0.75,5.75,5.0,0.75,TP,ProtectBE,30.6,-2.4,-33.0,True,False
H1,2026-01-05,OPF-20260724-164152,20260106-0635-BULL-OBS-000919-Z000919-OC,20260106-0640-Long-920,Long,ObservationConfirm,25673.25,25673.0,0.25,7.0,6.75,0.25,SL,Stop,-31.4,-29.4,2.0,False,False
H1,2026-01-05,OPF-20260724-164152,20260106-0705-BEAR-OBS-000925-Z000925-OC,20260106-0710-Short-926,Short,ObservationConfirm,25660.25,25660.75,-0.5,8.75,8.25,0.5,TP,Target,48.6,96.6,48.0,False,False
H1,2026-01-05,OPF-20260724-164152,20260106-1215-BULL-OBS-000987-Z000987-OC,20260106-1220-Long-988,Long,ObservationConfirm,25614.375,25614.0,0.375,6.625,6.25,0.375,TP,Target,35.1,72.6,37.5,False,False
H1,2026-01-05,OPF-20260724-164152,20260106-1355-BEAR-OBS-001007-Z001006-OC,20260106-1400-Short-1008,Short,ObservationConfirm,25607.0,25606.75,0.25,13.75,14.0,-0.25,SL,Stop,-49.4,-58.4,-9.0,False,False
H1,2026-01-05,OPF-20260724-164152,20260106-1710-BULL-OBS-001046-Z001046-OC,20260106-1715-Long-1047,Long,ObservationConfirm_WideStop1_5R,25713.0,25712.75,0.25,23.5,23.25,0.25,TP,Target,142.6,276.6,134.0,False,False
H1,2026-01-06,OPF-20260724-164403,20260106-2350-BULL-OBS-000838-Z000838-OC,20260106-2355-Long-839,Long,ObservationConfirm,25825.875,25825.0,0.875,6.375,5.5,0.875,TP,Target,33.1,63.6,30.5,False,False
H1,2026-01-06,OPF-20260724-164403,20260107-0120-BEAR-OBS-000856-Z000856-OC,20260107-0125-Short-857,Short,ObservationConfirm,25815.0,25814.75,0.25,15.0,15.25,-0.25,SL,Stop,-68.4,-63.4,5.0,False,False
H1,2026-01-06,OPF-20260724-164403,20260107-0235-BEAR-OBS-000871-Z000870-OC,20260107-0245-Short-873,Short,ObservationConfirm,25809.25,25809.25,0.0,4.75,4.75,0.0,TP,ProtectBE,23.6,-2.4,-26.0,True,False
H1,2026-01-06,OPF-20260724-164403,20260107-0305-BULL-OBS-000877-Z000877-OC,20260107-0310-Long-878,Long,ObservationConfirm,25813.25,25812.5,0.75,5.0,4.25,0.75,TP,ProtectBE,25.6,-2.4,-28.0,True,False
H1,2026-01-06,OPF-20260724-164403,20260107-0310-BULL-OBS-000878-Z000877-OC,20260107-0315-Long-879,Long,ObservationConfirm,25819.125,25819.0,0.125,10.875,10.75,0.125,SL,Stop,-46.9,-45.4,1.5,False,False
H1,2026-01-06,OPF-20260724-164403,20260107-0355-BEAR-OBS-000887-Z000887-OC,20260107-0400-Short-888,Short,ObservationConfirm,25796.25,25796.25,0.0,17.75,17.75,0.0,TP,ProtectBE,103.6,-2.4,-106.0,True,False
H1,2026-01-06,OPF-20260724-164403,20260107-0640-BEAR-OBS-000920-Z000920-OC,20260107-0645-Short-921,Short,ObservationConfirm,25773.25,25773.25,0.0,9.75,9.75,0.0,SL,ProtectBE,-43.4,-2.4,41.0,False,False
H1,2026-01-06,OPF-20260724-164403,20260107-1020-BEAR-OBS-000964-Z000964,20260107-1020-Short-964,Short,ZoneBirthResearch,25746.5,25747.25,-0.75,7.75,7.0,0.75,SPLIT_BASE_SL_RUNNER_SL,Base:Target|Runner:ProtectBE,-39.4,32.6,72.0,True,False
H1,2026-01-06,OPF-20260724-164403,20260107-1140-BULL-OBS-000980-Z000980-OC,20260107-1145-Long-981,Long,ObservationConfirm,25760.0,25759.75,0.25,6.75,6.5,0.25,TP,Target,38.6,75.6,37.0,False,False
H1,2026-01-06,OPF-20260724-164403,20260107-1240-BEAR-OBS-000992-Z000991-FR,20260107-1245-Long-993,Long,FailureReverse_ObservationInvalidated,25775.75,25775.75,0.0,14.0,14.0,0.0,SL,Stop,-56.4,-58.4,-2.0,False,False
H1,2026-01-06,OPF-20260724-164403,20260107-1605-BULL-OBS-001033-Z001033-OC,20260107-1610-Long-1034,Long,ObservationConfirm_WideStop1_5R,25924.5,25924.0,0.5,25.25,24.75,0.5,SL,Stop,-103.4,-101.4,2.0,False,False
H1,2026-01-06,OPF-20260724-164403,20260107-1705-BULL-OBS-001045-Z001045-OC,20260107-1710-Long-1046,Long,ObservationConfirm_WideStop1_5R,25975.75,25975.5,0.25,7.25,7.12,0.13,TP,ProtectBE,46.6,-2.4,-49.0,True,False
H1,2026-01-07,OPF-20260724-164601,20260107-2355-BEAR-OBS-001115-Z001115-OC,20260108-0000-Short-1116,Short,ObservationConfirm,25821.75,25821.25,0.5,6.5,7.0,-0.5,TP,ProtectBE,22.6,-2.4,-25.0,True,False
H1,2026-01-07,OPF-20260724-164601,20260108-0105-BEAR-OBS-001129-Z001129-OC,20260108-0110-Short-1130,Short,ObservationConfirm,25819.5,25820.0,-0.5,14.0,13.5,0.5,SL,Stop,-59.9,-56.4,3.5,False,False
H1,2026-01-07,OPF-20260724-164601,20260108-0135-BEAR-OBS-001135-Z001135,20260108-0135-Short-1135,Short,ZoneBirthResearch,25829.875,25830.0,-0.125,4.125,4.0,0.125,SPLIT_BASE_SL_RUNNER_SL,Base:Stop|Runner:Stop,-20.9,-18.4,2.5,False,False
H1,2026-01-07,OPF-20260724-164601,20260108-0145-BULL-OBS-001137-Z001137-OC-STR,20260108-0150-Long-1138,Long,ObservationStrict_BullFresh_WideStop1_5R,25833.5,25832.5,1.0,4.75,3.75,1.0,SL,ProtectBE,-23.4,-2.4,21.0,False,False
H1,2026-01-07,OPF-20260724-164601,20260108-0215-BEAR-OBS-001143-Z001143-OC,20260108-0220-Short-1144,Short,ObservationConfirm,25822.0,25822.5,-0.5,12.0,11.5,0.5,TP,Target,72.6,135.6,63.0,False,False
H1,2026-01-07,OPF-20260724-164601,20260108-0250-BEAR-OBS-001150-Z001150-OC,20260108-0255-Short-1151,Short,ObservationConfirm,25785.5,25785.75,-0.25,10.5,10.25,0.25,TP,ProtectBE,59.6,-2.4,-62.0,True,False
H1,2026-01-07,OPF-20260724-164601,20260108-0515-BEAR-OBS-001179-Z001179-OC,20260108-0525-Short-1181,Short,ObservationConfirm,25762.75,25762.75,0.0,12.75,12.75,0.0,TP,Target,73.6,150.6,77.0,False,False
H1,2026-01-07,OPF-20260724-164601,20260108-0535-BEAR-OBS-001183-Z001183-OC,20260108-0540-Short-1184,Short,ObservationConfirm,25746.75,25747.0,-0.25,15.75,15.5,0.25,TP,Target,85.6,183.6,98.0,False,False
H1,2026-01-07,OPF-20260724-164601,20260108-0645-BULL-OBS-001197-Z001197-OC,20260108-0650-Long-1198,Long,ObservationConfirm,25705.25,25704.75,0.5,11.25,10.75,0.5,SL,Stop,-50.4,-45.4,5.0,False,False
H1,2026-01-07,OPF-20260724-164601,20260108-0815-BULL-OBS-001215-Z001215-OC,20260108-0820-Long-1216,Long,ObservationConfirm,25777.75,25777.0,0.75,10.75,10.0,0.75,TP,ProtectBE,79.6,-2.4,-82.0,True,False
H1,2026-01-07,OPF-20260724-164601,20260108-0850-BEAR-OBS-001222-Z001222,20260108-0850-Short-1222,Short,ZoneBirthResearch,25787.0,25787.0,0.0,6.5,6.5,0.0,SPLIT_BASE_SL_RUNNER_SL,Base:Stop|Runner:Stop,-32.4,-28.4,4.0,False,False
H1,2026-01-07,OPF-20260724-164601,20260108-0920-BEAR-OBS-001228-Z001228-OC,20260108-0925-Short-1229,Short,ObservationConfirm,25770.5,25771.0,-0.5,10.5,10.0,0.5,TP,ProtectBE,66.6,-2.4,-69.0,True,False
H1,2026-01-08,OPF-20260724-164757,20260108-2325-BEAR-OBS-001109-Z001109-OC,20260108-2330-Short-1110,Short,ObservationConfirm,25691.0,25690.5,0.5,15.0,15.5,-0.5,TP,ProtectBE,83.6,-2.4,-86.0,True,False
H1,2026-01-08,OPF-20260724-164757,20260109-0105-BEAR-OBS-001129-Z001127-OC,20260109-0110-Short-1130,Short,ObservationConfirm,25667.5,25668.25,-0.75,17.0,16.25,0.75,TP,ProtectBE,97.6,-2.4,-100.0,True,False
H1,2026-01-08,OPF-20260724-164757,20260109-0125-BEAR-OBS-001133-Z001133-OC,20260109-0130-Short-1134,Short,ObservationConfirm,25633.875,25633.75,0.125,14.375,14.5,-0.125,SL,Stop,-59.9,-60.4,-0.5,False,False
H1,2026-01-08,OPF-20260724-164757,20260109-0155-BULL-OBS-001139-Z001139-OC,20260109-0200-Long-1140,Long,ObservationConfirm_WideStop1_5R,25658.875,25658.0,0.875,18.875,18.0,0.875,TP,ProtectBE,109.1,-2.4,-111.5,True,False
H1,2026-01-08,OPF-20260724-164757,20260109-0400-BULL-OBS-001164-Z001144-OC,20260109-0410-Long-1166,Long,ObservationConfirm,25670.75,25669.75,1.0,10.75,9.75,1.0,SL,Stop,-43.4,-41.4,2.0,False,False
H1,2026-01-08,OPF-20260724-164757,20260109-0430-BULL-OBS-001170-Z001170-OC,20260109-0435-Long-1171,Long,ObservationConfirm,25671.25,25672.0,-0.75,4.75,5.5,-0.75,SL,Stop,-20.4,-24.4,-4.0,False,False
H1,2026-01-08,OPF-20260724-164757,20260109-0610-BEAR-OBS-001190-Z001190-OC,20260109-0615-Short-1191,Short,ObservationConfirm,25676.75,25677.0,-0.25,14.0,13.75,0.25,SL,Stop,-59.4,-57.4,2.0,False,False
H1,2026-01-08,OPF-20260724-164757,20260109-0630-BULL-OBS-001194-Z001194-OC,20260109-0635-Long-1195,Long,ObservationConfirm_WideStop1_5R,25696.0,25696.0,0.0,24.5,24.38,0.12,SL,Stop,-98.4,-99.92,-1.52,False,False
H1,2026-01-08,OPF-20260724-164757,20260109-0730-BEAR-OBS-001206-Z001206,20260109-0730-Short-1206,Short,ZoneBirthResearch,25657.0,25656.75,0.25,5.75,6.0,-0.25,SPLIT_BASE_SL_RUNNER_SL,Base:Stop|Runner:Stop,-25.4,-26.4,-1.0,False,False
H1,2026-01-08,OPF-20260724-164757,20260109-0750-BULL-OBS-001210-Z001209-OC-STR,20260109-0755-Long-1211,Long,ObservationStrict_Other,25672.5,25672.5,0.0,4.0,4.0,0.0,TP,Target,56.6,45.6,-11.0,False,False
H1,2026-01-08,OPF-20260724-164757,20260109-1140-BULL-OBS-001256-Z001255-OC-STR,20260109-1145-Long-1257,Long,ObservationStrict_Other,25753.75,25753.25,0.5,5.5,5.0,0.5,SL,Stop,-24.4,-22.4,2.0,False,False
H1,2026-01-08,OPF-20260724-164757,20260109-1155-BULL-OBS-001259-Z001253-OC,20260109-1200-Long-1260,Long,ObservationConfirm,25745.5,25744.5,1.0,11.25,10.25,1.0,SL,Stop,-46.4,-43.4,3.0,False,False
H1,2026-01-09,OPF-20260724-164955,20260112-0040-BEAR-OBS-001124-Z001124-OC,20260112-0045-Short-1125,Short,ObservationConfirm,25804.5,25804.5,0.0,21.25,21.25,0.0,TP,Target,123.6,252.6,129.0,False,False
H1,2026-01-09,OPF-20260724-164955,20260112-0205-BEAR-BRK-001141-Z001141,20260112-0205-Short-1141,Short,BreakawayFvg,25754.0,25754.0,0.0,19.75,19.75,0.0,TP,ProtectBE,150.6,-2.4,-153.0,True,False
H1,2026-01-09,OPF-20260724-164955,20260112-0355-BEAR-SHD-001163-Z001162,20260112-0400-Short-1164,Short,ShadowCandidate,25729.25,25729.25,0.0,12.75,12.75,0.0,SL,ProtectBE,-52.4,-2.4,50.0,False,False
H1,2026-01-09,OPF-20260724-164955,20260112-0515-BEAR-OBS-001179-Z001179-OC,20260112-0520-Short-1180,Short,ObservationConfirm,25713.75,25713.75,0.0,13.0,13.0,0.0,TP,ProtectBE,74.6,-2.4,-77.0,True,False
H1,2026-01-09,OPF-20260724-164955,20260112-0600-BEAR-OBS-001188-Z001182-FR,20260112-0605-Long-1189,Long,FailureReverse_ObservationInvalidated,25718.0,25717.25,0.75,16.0,15.25,0.75,SL,Stop,-66.4,-63.4,3.0,False,False
H1,2026-01-09,OPF-20260724-164955,20260112-0610-BULL-OBS-001190-Z001190-FR-RT,20260112-0630-Short-1194,Short,FailureReverse_RetestFailed_WideStop1_5R,25705.25,25705.25,0.0,15.75,15.75,0.0,SL,Stop,-66.4,-65.4,1.0,False,False
H1,2026-01-09,OPF-20260724-164955,20260112-0715-BULL-OBS-001203-Z001201-OC,20260112-0720-Long-1204,Long,ObservationConfirm,25730.0,25729.75,0.25,10.5,10.25,0.25,SL,ProtectBE,-44.4,-2.4,42.0,False,False
H1,2026-01-09,OPF-20260724-164955,20260112-0825-BEAR-BRK-001217-Z001217,20260112-0825-Short-1217,Short,BreakawayFvg,25676.75,25676.75,0.0,12.75,12.75,0.0,TP,Target,98.6,150.6,52.0,False,False
H1,2026-01-09,OPF-20260724-164955,20260112-0835-BEAR-OBS-001219-Z001219-OC,20260112-0840-Short-1220,Short,ObservationConfirm,25650.25,25650.25,0.0,18.75,18.75,0.0,SL,Stop,-77.4,-77.4,0.0,False,False
H1,2026-01-09,OPF-20260724-164955,20260112-0925-BEAR-OBS-001229-Z001229,20260112-0925-Short-1229,Short,ZoneBirthResearch,25679.75,25679.75,0.0,6.5,6.5,0.0,SPLIT_BASE_SL_RUNNER_SL,Base:Stop|Runner:Stop,-26.4,-28.4,-2.0,False,False
H1,2026-01-09,OPF-20260724-164955,20260112-1050-BEAR-OBS-001246-Z001246,20260112-1050-Short-1246,Short,ZoneBirthResearch,25711.5,25711.5,0.0,4.0,4.0,0.0,SPLIT_BASE_SL_RUNNER_SL,Base:Stop|Runner:Stop,-18.4,-18.4,0.0,False,False
H1,2026-01-09,OPF-20260724-164955,20260112-1815-BULL-PB-001335-Z001333,20260112-1815-Long-1335,Long,AlmostConfirmed,25983.0,25982.5,0.5,11.5,11.0,0.5,SL,ProtectBE,-47.4,-2.4,45.0,False,False
H1,2026-01-12,OPF-20260724-165152,20260112-2330-BEAR-OBS-001110-Z001110,20260112-2330-Short-1110,Short,ZoneBirthResearch,25928.75,25928.0,0.75,4.25,5.0,-0.75,SPLIT_BASE_TP_RUNNER_TP,Base:Target|Runner:Target,51.1,62.6,11.5,False,False
H1,2026-01-12,OPF-20260724-165152,20260112-2355-BEAR-OBS-001115-Z001115-OC,20260113-0000-Short-1116,Short,ObservationConfirm,25886.25,25886.0,0.25,16.75,17.0,-0.25,TP,ProtectBE,98.6,-2.4,-101.0,True,False
H1,2026-01-12,OPF-20260724-165152,20260113-0135-BEAR-OBS-001135-Z001135-OC,20260113-0140-Short-1136,Short,ObservationConfirm,25852.75,25853.25,-0.5,20.0,19.5,0.5,SL,Stop,-82.4,-80.4,2.0,False,False
H1,2026-01-12,OPF-20260724-165152,20260113-0240-BULL-OBS-001148-Z001148-OC,20260113-0245-Long-1149,Long,ObservationConfirm,25889.0,25888.75,0.25,8.75,8.5,0.25,SL,Stop,-38.4,-36.4,2.0,False,False
H1,2026-01-12,OPF-20260724-165152,20260113-0255-BULL-OBS-001151-Z001139-OC,20260113-0305-Long-1153,Long,ObservationConfirm,25879.5,25878.25,1.25,7.5,6.25,1.25,TP,ProtectBE,42.6,-2.4,-45.0,True,False
H1,2026-01-12,OPF-20260724-165152,20260113-0335-BEAR-OBS-001159-Z001159-OC,20260113-0340-Short-1160,Short,ObservationConfirm,25866.75,25867.75,-1.0,16.75,15.75,1.0,SL,Stop,-70.4,-65.4,5.0,False,False
H1,2026-01-12,OPF-20260724-165152,20260113-0450-BULL-OBS-001174-Z001174-OC,20260113-0455-Long-1175,Long,ObservationConfirm,25886.0,25885.0,1.0,5.75,4.75,1.0,SL,Stop,-25.4,-21.4,4.0,False,False
H1,2026-01-12,OPF-20260724-165152,20260113-0535-BULL-OBS-001183-Z001180-OC,20260113-0540-Long-1184,Long,ObservationConfirm_WideStop1_5R,25898.0,25898.0,0.0,22.0,22.12,-0.12,TP,ProtectBE,130.6,-2.4,-133.0,True,False
H1,2026-01-12,OPF-20260724-165152,20260113-0700-BEAR-OBS-001200-Z001200-OC,20260113-0705-Short-1201,Short,ObservationConfirm,25912.5,25912.5,0.0,10.5,10.5,0.0,SL,Stop,-47.4,-44.4,3.0,False,False
H1,2026-01-12,OPF-20260724-165152,20260113-0835-BEAR-OBS-001219-Z001219,20260113-0835-Short-1219,Short,ZoneBirthResearch,25907.5,25906.5,1.0,4.75,5.75,-1.0,SPLIT_BASE_SL_RUNNER_SL,Base:Stop|Runner:Stop,-22.4,-25.4,-3.0,False,False
H1,2026-01-12,OPF-20260724-165152,20260113-0935-BULL-PB-001231-Z001225,20260113-0935-Long-1231,Long,AlmostConfirmed,25916.5,25916.0,0.5,7.5,7.0,0.5,SL,Stop,-31.4,-30.4,1.0,False,False
H1,2026-01-12,OPF-20260724-165152,20260113-1010-BEAR-BRK-001238-Z001238,20260113-1010-Short-1238,Short,BreakawayFvg,25878.25,25878.0,0.25,23.5,23.75,-0.25,SL,Stop,-96.4,-97.4,-1.0,False,False
H1,2026-01-13,OPF-20260724-170316,20260113-2320-BEAR-OBS-001108-Z001107-OC,20260113-2325-Short-1109,Short,ObservationConfirm,25891.375,25891.0,0.375,16.625,17.0,-0.375,SL,Stop,-72.4,-70.4,2.0,False,False
H1,2026-01-13,OPF-20260724-170316,20260114-0120-BULL-OBS-001132-Z001132-OC,20260114-0125-Long-1133,Long,ObservationConfirm,25920.5,25921.0,-0.5,8.75,9.25,-0.5,SL,Stop,-37.4,-39.4,-2.0,False,False
H1,2026-01-13,OPF-20260724-170316,20260114-0150-BEAR-OBS-001138-Z001138,20260114-0150-Short-1138,Short,ZoneBirthResearch,25885.0,25884.75,0.25,13.25,13.5,-0.25,SPLIT_BASE_SL_RUNNER_SL,Base:Stop|Runner:Stop,-56.4,-56.4,0.0,False,False
H1,2026-01-13,OPF-20260724-170316,20260114-0310-BEAR-OBS-001154-Z001135-FR,20260114-0320-Long-1156,Long,FailureReverse_ObservationInvalidated,25916.0,25915.5,0.5,4.25,3.75,0.5,SL,Stop,-19.4,-17.4,2.0,False,True
H1,2026-01-13,OPF-20260724-170316,20260114-0450-BEAR-OBS-001174-Z001174-OC,20260114-0455-Short-1175,Short,ObservationConfirm,25881.5,25881.75,-0.25,8.0,7.75,0.25,TP,ProtectBE,43.6,-2.4,-46.0,True,False
H1,2026-01-13,OPF-20260724-170316,20260114-0525-BEAR-OBS-001181-Z001181-OC,20260114-0530-Short-1182,Short,ObservationConfirm,25864.25,25865.5,-1.25,6.25,5.0,1.25,SL,Stop,-28.9,-22.4,6.5,False,False
H1,2026-01-13,OPF-20260724-170316,20260114-0550-BEAR-OBS-001186-Z001186-OC,20260114-0555-Short-1187,Short,ObservationConfirm,25856.25,25855.75,0.5,8.5,9.0,-0.5,TP,ProtectBE,46.6,-2.4,-49.0,True,False
H1,2026-01-13,OPF-20260724-170316,20260114-0605-BEAR-OBS-001189-Z001189,20260114-0605-Short-1189,Short,ZoneBirthResearch,25850.5,25850.25,0.25,5.5,5.75,-0.25,SPLIT_BASE_SL_RUNNER_SL,Base:Stop|Runner:Stop,-27.4,-25.4,2.0,False,False
H1,2026-01-13,OPF-20260724-170316,20260114-0700-BULL-OBS-001200-Z001200-OC,20260114-0705-Long-1201,Long,ObservationConfirm,25856.625,25856.5,0.125,6.625,6.5,0.125,SL,ProtectBE,-30.9,-2.4,28.5,False,False
H1,2026-01-13,OPF-20260724-170316,20260114-0930-BEAR-OBS-001230-Z001230,20260114-0930-Short-1230,Short,ZoneBirthResearch,25863.25,25864.25,-1.0,8.25,7.25,1.0,SPLIT_BASE_TP_RUNNER_TP,Base:Target|Runner:Target,97.6,91.85,-5.75,False,False
H1,2026-01-13,OPF-20260724-170316,20260114-1015-BEAR-BRK-001239-Z001239,20260114-1015-Short-1239,Short,BreakawayFvg,25814.5,25814.75,-0.25,27.5,27.25,0.25,TP,Target,215.6,324.6,109.0,False,False
H1,2026-01-13,OPF-20260724-170316,20260114-1050-BEAR-BRK-001246-Z001246,20260114-1050-Short-1246,Short,BreakawayFvg,25728.875,25728.75,0.125,21.625,21.75,-0.125,SL,Stop,-90.9,-89.4,1.5,False,False
H1,2026-01-14,OPF-20260724-170522,20260115-0355-BEAR-OBS-001163-Z001163-OC,20260115-0400-Short-1164,Short,ObservationConfirm,25582.25,25583.0,-0.75,11.75,11.0,0.75,SL,Stop,-53.4,-46.4,7.0,False,False
H1,2026-01-14,OPF-20260724-170522,20260115-0550-BULL-PB-001186-Z001185,20260115-0550-Long-1186,Long,AlmostConfirmed,25635.375,25634.5,0.875,7.875,7.0,0.875,SL,Stop,-34.4,-30.4,4.0,False,False
H1,2026-01-14,OPF-20260724-170522,20260115-0600-BEAR-OBS-001188-Z001188-OC,20260115-0605-Short-1189,Short,ObservationConfirm,25626.25,25626.25,0.0,6.5,6.5,0.0,SL,Stop,-29.9,-28.4,1.5,False,False
H1,2026-01-14,OPF-20260724-170522,20260115-0645-BULL-OBS-001197-Z001197-OC,20260115-0650-Long-1198,Long,ObservationConfirm_WideStop1_5R,25716.25,25715.0,1.25,25.75,24.38,1.37,SL,Stop,-106.4,-99.92,6.48,False,False
H1,2026-01-14,OPF-20260724-170522,20260115-1205-BEAR-OBS-001261-Z001261,20260115-1205-Short-1261,Short,ZoneBirthResearch,25836.5,25836.75,-0.25,4.0,3.75,0.25,SPLIT_BASE_TP_RUNNER_TP,Base:Target|Runner:Target,54.6,46.35,-8.25,False,False
H1,2026-01-14,OPF-20260724-170522,20260115-1345-BULL-OBS-001281-Z001281-OC,20260115-1350-Long-1282,Long,ObservationConfirm,25901.125,25900.5,0.625,11.625,11.0,0.625,TP,ProtectBE,90.1,-2.4,-92.5,True,False
H1,2026-01-14,OPF-20260724-170522,20260115-2000-BULL-OBS-001356-Z001225-OC-STR,20260115-2005-Long-1357,Long,ObservationStrict_Other,25760.0,25759.75,0.25,19.0,18.75,0.25,SL,Stop,-75.4,-77.4,-2.0,False,False
H1,2026-01-14,OPF-20260724-170522,20260115-2145-BULL-BRK-001377-Z001377-Q,20260115-2145-Long-1377,Long,BreakawayFvg_Qualified,25707.5,25707.5,0.0,6.5,6.5,0.0,SESSION_FLATTEN,GlobexCloseout,-14.4,-12.4,2.0,False,False
H1,2026-01-16,OPF-20260724-170720,20260115-2350-BULL-OBS-001114-Z001114-OC,20260115-2355-Long-1115,Long,ObservationConfirm,25741.5,25741.5,0.0,8.75,8.75,0.0,SL,Stop,-37.4,-37.4,0.0,False,True
H1,2026-01-16,OPF-20260724-170720,20260116-0005-BEAR-OBS-001117-Z001117,20260116-0005-Short-1117,Short,ZoneBirthResearch,25734.625,25735.25,-0.625,5.125,4.5,0.625,SPLIT_BASE_SL_RUNNER_SL,Base:Stop|Runner:Stop,-23.9,-20.4,3.5,False,False
H1,2026-01-16,OPF-20260724-170720,20260116-0140-BULL-OBS-001136-Z001135-OC,20260116-0150-Long-1138,Long,ObservationConfirm,25773.75,25773.5,0.25,11.0,10.75,0.25,SL,Stop,-46.4,-45.4,1.0,False,False
H1,2026-01-16,OPF-20260724-170720,20260116-0210-BULL-OBS-001142-Z001142-OC,20260116-0215-Long-1143,Long,ObservationConfirm,25784.0,25783.75,0.25,10.0,9.75,0.25,TP,Target,78.6,114.6,36.0,False,False
H1,2026-01-16,OPF-20260724-170720,20260116-0420-BULL-OBS-001168-Z001168-OC,20260116-0425-Long-1169,Long,ObservationConfirm,25802.25,25802.25,0.0,9.0,9.0,0.0,TP,ProtectBE,67.6,-2.4,-70.0,True,False
H1,2026-01-16,OPF-20260724-170720,20260116-0540-BEAR-OBS-001184-Z001184-OC,20260116-0545-Short-1185,Short,ObservationConfirm,25808.0,25808.0,0.0,6.75,6.75,0.0,SL,Stop,-29.9,-29.4,0.5,False,False
H1,2026-01-16,OPF-20260724-170720,20260116-0825-BEAR-OBS-001217-Z001217-OC,20260116-0830-Short-1218,Short,ObservationConfirm,25811.25,25811.25,0.0,14.75,14.75,0.0,SL,ProtectBE,-60.4,-2.4,58.0,False,False
H1,2026-01-16,OPF-20260724-170720,20260116-1145-BEAR-OBS-001257-Z001257-OC,20260116-1150-Short-1258,Short,ObservationConfirm,25836.0,25837.25,-1.25,18.75,17.5,1.25,TP,ProtectBE,109.6,-2.4,-112.0,True,False
H1,2026-01-16,OPF-20260724-170720,20260116-1655-BEAR-OBS-001319-Z001319-OC,20260116-1700-Short-1320,Short,ObservationConfirm,25708.5,25710.0,-1.5,23.0,21.5,1.5,TP,ProtectBE,134.6,-2.4,-137.0,True,False
H1,2026-01-16,OPF-20260724-170720,20260116-1820-BEAR-OBS-001336-Z001319-OC,20260116-1825-Short-1337,Short,ObservationConfirm,25719.5,25719.5,0.0,12.0,12.0,0.0,SL,Stop,-50.4,-50.4,0.0,False,False
H1,2026-01-19,OPF-20260724-170918,20260120-0215-BULL-PB-001095-Z001085,20260120-0215-Long-1095,Long,AlmostConfirmed,25407.125,25405.75,1.375,7.875,6.5,1.375,SL,Stop,-34.9,-28.4,6.5,False,False
H1,2026-01-19,OPF-20260724-170918,20260120-0325-BEAR-OBS-001109-Z001109-OC,20260120-0330-Short-1110,Short,ObservationConfirm,25412.625,25412.0,0.625,11.625,12.25,-0.625,TP,Target,67.1,144.6,77.5,False,False
H1,2026-01-19,OPF-20260724-170918,20260120-0445-BEAR-OBS-001125-Z001125-OC,20260120-0450-Short-1126,Short,ObservationConfirm,25389.25,25389.25,0.0,14.75,14.75,0.0,TP,ProtectBE,84.6,-2.4,-87.0,True,False
H1,2026-01-19,OPF-20260724-170918,20260120-0500-BEAR-OBS-001128-Z001128,20260120-0500-Short-1128,Short,ZoneBirthResearch,25381.75,25382.0,-0.25,6.75,6.5,0.25,SPLIT_BASE_SL_RUNNER_SL,Base:Stop|Runner:Stop,-30.4,-28.4,2.0,False,False
H1,2026-01-19,OPF-20260724-170918,20260120-0540-BEAR-OBS-001136-Z001136-OC,20260120-0545-Short-1137,Short,ObservationConfirm,25387.75,25388.0,-0.25,18.75,18.5,0.25,TP,Target,110.6,219.6,109.0,False,False
H1,2026-01-19,OPF-20260724-170918,20260120-0820-BEAR-OBS-001168-Z001168-OC,20260120-0825-Short-1169,Short,ObservationConfirm,25236.25,25237.25,-1.0,23.0,22.0,1.0,TP,Target,135.6,261.6,126.0,False,False
H1,2026-01-19,OPF-20260724-170918,20260120-0840-BEAR-OBS-001172-Z001172-FR,20260120-0845-Long-1173,Long,FailureReverse_ObservationInvalidated_WideStop1_5R,25219.5,25219.25,0.25,20.75,20.62,0.13,SL,Stop,-85.4,-84.88,0.52,False,False
H1,2026-01-19,OPF-20260724-170918,20260120-1825-BEAR-BRK-001289-Z001289,20260120-1825-Short-1289,Short,BreakawayFvg,25246.5,25247.75,-1.25,20.5,19.25,1.25,TP,Target,160.6,228.6,68.0,False,False
H1,2026-01-19,OPF-20260724-170918,20260120-2120-BULL-OBS-001323-Z001322-FR,20260120-2125-Short-1324,Short,FailureReverse_ObservationInvalidated,25141.75,25143.75,-2.0,10.5,8.5,2.0,SESSION_FLATTEN,GlobexCloseout,6.6,15.6,9.0,False,False
H1,2026-01-20,OPF-20260724-171116,20260121-0120-BULL-OBS-001083-Z001083-OC,20260121-0125-Long-1084,Long,ObservationConfirm,25211.75,25211.0,0.75,9.75,9.0,0.75,SL,Stop,-39.4,-38.4,1.0,False,False
H1,2026-01-20,OPF-20260724-171116,20260121-0200-BULL-OBS-001091-Z001082-OC,20260121-0205-Long-1092,Long,ObservationConfirm,25200.75,25200.25,0.5,7.25,6.75,0.5,SL,ProtectBE,-33.4,-2.4,31.0,False,False
H1,2026-01-20,OPF-20260724-171116,20260121-0230-BULL-OBS-001097-Z001075-OC,20260121-0235-Long-1098,Long,ObservationConfirm,25174.0,25174.0,0.0,8.75,8.75,0.0,TP,Target,67.6,102.6,35.0,False,False
H1,2026-01-20,OPF-20260724-171116,20260121-0245-BULL-OBS-001100-Z001100-OC,20260121-0250-Long-1101,Long,ObservationConfirm,25186.0,25186.5,-0.5,7.5,8.0,-0.5,SL,Stop,-30.4,-34.4,-4.0,False,False
H1,2026-01-20,OPF-20260724-171116,20260121-0510-BULL-OBS-001129-Z001129-OC,20260121-0515-Long-1130,Long,ObservationConfirm,25212.25,25212.25,0.0,11.75,11.75,0.0,SL,Stop,-49.4,-49.4,0.0,False,False
H1,2026-01-20,OPF-20260724-171116,20260121-0550-BULL-OBS-001137-Z001135-OC,20260121-0555-Long-1138,Long,ObservationConfirm_WideStop1_5R,25220.125,25220.0,0.125,3.125,3.0,0.125,SL,Stop,-14.9,-14.4,0.5,False,False
H1,2026-01-20,OPF-20260724-171116,20260121-0600-BULL-OBS-001139-Z001134-OC,20260121-0605-Long-1140,Long,ObservationConfirm,25222.0,25221.75,0.25,10.0,9.75,0.25,SL,Stop,-45.4,-41.4,4.0,False,False
H1,2026-01-20,OPF-20260724-171116,20260121-0650-BEAR-OBS-001149-Z001149-OC,20260121-0655-Short-1150,Short,ObservationConfirm,25196.0,25196.25,-0.25,17.0,16.75,0.25,SL,Stop,-68.9,-69.4,-0.5,False,False
H1,2026-01-20,OPF-20260724-171116,20260121-0745-BEAR-OBS-001160-Z001160-OC,20260121-0750-Short-1161,Short,ObservationConfirm,25215.5,25215.5,0.0,17.75,17.75,0.0,SL,ProtectBE,-75.4,-2.4,73.0,False,False
H1,2026-01-20,OPF-20260724-171116,20260121-0925-BEAR-OBS-001180-Z001180-OC,20260121-0930-Short-1181,Short,ObservationConfirm,25192.0,25191.75,0.25,9.75,10.0,-0.25,TP,ProtectBE,55.6,-2.4,-58.0,True,False
H1,2026-01-20,OPF-20260724-171116,20260121-0945-BULL-OBS-001184-Z001072-OC-STR,20260121-0950-Long-1185,Long,ObservationStrict_Other_WideStop1_5R,25152.0,25152.25,-0.25,4.25,4.5,-0.25,SL,Stop,-21.4,-20.4,1.0,False,True
H1,2026-01-20,OPF-20260724-171116,20260121-1000-BEAR-OBS-001187-Z001185-OC,20260121-1005-Short-1188,Short,ObservationConfirm,25155.25,25156.0,-0.75,15.5,14.75,0.75,SL,Stop,-65.4,-61.4,4.0,False,False
H1,2026-01-21,OPF-20260724-171319,20260122-0130-BULL-OBS-001085-Z001085-OC,20260122-0135-Long-1086,Long,ObservationConfirm,25590.0,25590.25,-0.25,7.5,7.75,-0.25,TP,ProtectBE,39.6,-2.4,-42.0,True,False
H1,2026-01-21,OPF-20260724-171319,20260122-0215-BEAR-OBS-001094-Z001094,20260122-0215-Short-1094,Short,ZoneBirthResearch,25589.25,25589.0,0.25,7.5,7.75,-0.25,SPLIT_BASE_TP_RUNNER_BE,Base:Target|Runner:ProtectBE,34.1,36.35,2.25,False,False
H1,2026-01-21,OPF-20260724-171319,20260122-0305-BULL-OBS-001104-Z001104-OC,20260122-0310-Long-1105,Long,ObservationConfirm,25583.75,25583.0,0.75,10.0,9.25,0.75,SL,ProtectBE,-42.4,-2.4,40.0,False,False
H1,2026-01-21,OPF-20260724-171319,20260122-0420-BEAR-OBS-001119-Z001119-OC,20260122-0435-Short-1122,Short,ObservationConfirm,25569.375,25569.75,-0.375,12.875,12.5,0.375,TP,Target,75.1,147.6,72.5,False,False
H1,2026-01-21,OPF-20260724-171319,20260122-0545-BEAR-OBS-001136-Z001136-OC,20260122-0550-Short-1137,Short,ObservationConfirm,25535.0,25535.75,-0.75,22.5,21.75,0.75,TP,ProtectBE,131.6,-2.4,-134.0,True,False
H1,2026-01-21,OPF-20260724-171319,20260122-0615-BEAR-BRK-001142-Z001142,20260122-0615-Short-1142,Short,BreakawayFvg,25500.625,25500.25,0.375,14.375,14.75,-0.375,SL,ProtectBE,-60.4,-2.4,58.0,False,False
H1,2026-01-21,OPF-20260724-171319,20260122-1310-BULL-OBS-001225-Z001223-OC,20260122-1315-Long-1226,Long,ObservationConfirm_WideStop1_5R,25704.75,25704.75,0.0,24.75,24.75,0.0,SL,Stop,-106.4,-101.4,5.0,False,False
H1,2026-01-21,OPF-20260724-171319,20260122-1815-BEAR-OBS-001286-Z001286-OC,20260122-1825-Short-1288,Short,ObservationConfirm,25697.75,25697.75,0.0,11.5,11.5,0.0,SL,Stop,-44.9,-48.4,-3.5,False,False
H1,2026-01-21,OPF-20260724-171319,20260122-2000-BEAR-OBS-001307-Z001307,20260122-2000-Short-1307,Short,ZoneBirthResearch,25643.75,25644.5,-0.75,17.0,16.25,0.75,SPLIT_BASE_SL_RUNNER_SL,Base:Stop|Runner:Stop,-69.4,-67.4,2.0,False,False
H1,2026-01-22,OPF-20260724-171518,20260122-2305-BEAR-OBS-001056-Z001056-OC,20260122-2310-Short-1057,Short,ObservationConfirm,25590.5,25591.25,-0.75,20.0,19.25,0.75,SL,Stop,-86.9,-79.4,7.5,False,False
H1,2026-01-22,OPF-20260724-171518,20260123-0040-BULL-OBS-001075-Z001075-OC,20260123-0045-Long-1076,Long,ObservationConfirm,25640.5,25640.25,0.25,7.5,7.25,0.25,TP,Target,46.6,84.6,38.0,False,False
H1,2026-01-22,OPF-20260724-171518,20260123-0200-BULL-OBS-001091-Z001090-OC-STR,20260123-0205-Long-1092,Long,ObservationStrict_Other,25680.0,25679.0,1.0,4.5,3.5,1.0,SL,Target,-21.4,39.6,61.0,True,False
H1,2026-01-22,OPF-20260724-171518,20260123-0320-BULL-OBS-001107-Z001107-OC,20260123-0325-Long-1108,Long,ObservationConfirm,25702.0,25701.25,0.75,7.75,7.0,0.75,SL,Stop,-32.4,-30.4,2.0,False,False
H1,2026-01-22,OPF-20260724-171518,20260123-0325-BULL-OBS-001108-Z001107-FR-RT,20260123-0400-Short-1115,Short,FailureReverse_RetestFailed,25693.5,25693.75,-0.25,8.0,7.75,0.25,SL,ProtectBE,-33.4,-2.4,31.0,False,False
H1,2026-01-22,OPF-20260724-171518,20260123-0430-BULL-OBS-001121-Z001121-OC,20260123-0435-Long-1122,Long,ObservationConfirm,25701.0,25700.5,0.5,6.75,6.25,0.5,SL,Stop,-30.4,-27.4,3.0,False,False
H1,2026-01-22,OPF-20260724-171518,20260123-0500-BULL-OBS-001127-Z001126-OC,20260123-0505-Long-1128,Long,ObservationConfirm,25704.75,25704.75,0.0,8.5,8.5,0.0,TP,Target,64.1,99.6,35.5,False,False
H1,2026-01-22,OPF-20260724-171518,20260123-0600-BULL-OBS-001139-Z001139-OC,20260123-0605-Long-1140,Long,ObservationConfirm,25716.25,25719.25,-3.0,6.25,9.25,-3.0,TP,ProtectBE,47.6,-2.4,-50.0,True,False
H1,2026-01-22,OPF-20260724-171518,20260123-0620-BULL-BRK-001143-Z001143-Q,20260123-0620-Long-1143,Long,BreakawayFvg_Qualified,25730.25,25730.75,-0.5,8.0,8.5,-0.5,SL,Stop,-34.4,-36.4,-2.0,False,False
H1,2026-01-22,OPF-20260724-171518,20260123-0625-BULL-OBS-001144-Z001140-OC,20260123-0630-Long-1145,Long,ObservationConfirm,25723.375,25723.0,0.375,9.375,9.0,0.375,SL,Stop,-40.9,-38.4,2.5,False,False
H1,2026-01-22,OPF-20260724-171518,20260123-0915-BEAR-OBS-001178-Z001178,20260123-0915-Short-1178,Short,ZoneBirthResearch,25605.5,25606.5,-1.0,9.0,8.0,1.0,SPLIT_BASE_SL_RUNNER_SL,Base:Stop|Runner:Stop,-38.4,-34.4,4.0,False,False
H1,2026-01-22,OPF-20260724-171518,20260123-0945-BEAR-OBS-001184-Z001184,20260123-0945-Short-1184,Short,ZoneBirthResearch,25556.5,25556.25,0.25,12.5,12.75,-0.25,SPLIT_BASE_SL_RUNNER_SL,Base:Stop|Runner:Stop,-52.4,-53.4,-1.0,False,False
H1,2026-01-23,OPF-20260724-171716,20260126-0040-BEAR-OBS-001123-Z001123-OC,20260126-0045-Short-1124,Short,ObservationConfirm,25569.125,25570.0,-0.875,15.875,15.0,0.875,SL,Stop,-66.4,-62.4,4.0,False,False
H1,2026-01-23,OPF-20260724-171716,20260126-0245-BEAR-OBS-001148-Z001148,20260126-0245-Short-1148,Short,ZoneBirthResearch,25611.75,25612.75,-1.0,18.75,17.75,1.0,SPLIT_BASE_SL_RUNNER_SL,Base:Stop|Runner:Stop,-79.4,-73.4,6.0,False,False
H1,2026-01-23,OPF-20260724-171716,20260126-0310-BULL-OBS-001153-Z001153-FR,20260126-0315-Short-1154,Short,FailureReverse_ObservationInvalidated_WideStop1_5R,25636.25,25636.25,0.0,11.25,11.25,0.0,TP,ProtectBE,132.6,-2.4,-135.0,True,False
H1,2026-01-23,OPF-20260724-171716,20260126-0530-BULL-OBS-001181-Z001181-OC,20260126-0535-Long-1182,Long,ObservationConfirm,25665.625,25665.5,0.125,11.125,11.0,0.125,TP,Target,83.1,129.6,46.5,False,False
H1,2026-01-23,OPF-20260724-171716,20260126-0605-BULL-OBS-001188-Z001188-OC,20260126-0610-Long-1189,Long,ObservationConfirm,25687.5,25687.0,0.5,11.75,11.25,0.5,SL,ProtectBE,-46.4,-2.4,44.0,False,False
H1,2026-01-23,OPF-20260724-171716,20260126-0915-BEAR-OBS-001226-Z001226-OC,20260126-0920-Short-1227,Short,ObservationConfirm,25699.25,25699.75,-0.5,20.5,20.0,0.5,TP,Target,120.6,237.6,117.0,False,False
H1,2026-01-23,OPF-20260724-171716,20260126-1015-BEAR-OBS-001238-Z001231,20260126-1015-Short-1238,Short,UnknownRegimeZoneTouch,25636.75,25638.0,-1.25,12.5,11.25,1.25,SL,ProtectBE,-53.4,-2.4,51.0,False,False
H1,2026-01-23,OPF-20260724-171716,20260126-1100-BULL-OBS-001247-Z001241-OC-STR,20260126-1105-Long-1248,Long,ObservationStrict_Other,25651.0,25650.75,0.25,5.75,5.5,0.25,SL,Stop,-27.4,-24.4,3.0,False,False
H1,2026-01-23,OPF-20260724-171716,20260126-1220-BEAR-OBS-001263-Z001263,20260126-1220-Short-1263,Short,ZoneBirthResearch,25684.5,25684.75,-0.25,18.25,18.0,0.25,SPLIT_BASE_SL_RUNNER_SL,Base:Stop|Runner:Stop,-75.4,-74.4,1.0,False,False
H1,2026-01-23,OPF-20260724-171716,20260126-1325-BEAR-OBS-001276-Z001276-OC,20260126-1330-Short-1277,Short,ObservationConfirm,25681.25,25682.75,-1.5,16.0,14.5,1.5,SL,ProtectBE,-67.4,-2.4,65.0,False,False
H1,2026-01-23,OPF-20260724-171716,20260126-1550-BULL-OBS-001305-Z001305-OC,20260126-1555-Long-1306,Long,ObservationConfirm_WideStop1_5R,25881.0,25881.5,-0.5,22.0,22.5,-0.5,SL,Stop,-89.4,-92.4,-3.0,False,False
H1,2026-01-23,OPF-20260724-171716,20260126-1725-BULL-OBS-001324-Z001320-FR,20260126-1730-Short-1325,Short,FailureReverse_ObservationInvalidated,25906.5,25906.5,0.0,7.75,7.75,0.0,SL,Stop,-33.4,-33.4,0.0,False,False
H1,2026-01-26,OPF-20260724-171912,20260126-2345-BULL-OBS-001113-Z001113-OC,20260126-2350-Long-1114,Long,ObservationConfirm,25883.25,25883.25,0.0,7.25,7.25,0.0,SL,ProtectBE,-30.9,-2.4,28.5,False,False
H1,2026-01-26,OPF-20260724-171912,20260127-0240-BULL-OBS-001148-Z001148-OC,20260127-0245-Long-1149,Long,ObservationConfirm,25960.0,25959.75,0.25,9.25,9.0,0.25,TP,Target,69.6,105.6,36.0,False,False
H1,2026-01-27,OPF-20260724-172115,20260127-2320-BEAR-OBS-001108-Z001108,20260127-2320-Short-1108,Short,ZoneBirthResearch,26133.375,26133.75,-0.375,4.375,4.0,0.375,SPLIT_BASE_SL_RUNNER_SL,Base:Stop|Runner:Stop,-19.9,-18.4,1.5,False,False
H1,2026-01-27,OPF-20260724-172115,20260128-0015-BULL-OBS-001119-Z001119-OC,20260128-0020-Long-1120,Long,ObservationConfirm,26159.0,26159.0,0.0,9.25,9.25,0.0,TP,Target,66.6,108.6,42.0,False,False
H1,2026-01-27,OPF-20260724-172115,20260128-0105-BULL-OBS-001129-Z001129-OC,20260128-0110-Long-1130,Long,ObservationConfirm_WideStop1_5R,26223.25,26223.25,0.0,23.25,23.25,0.0,SL,Stop,-87.4,-95.4,-8.0,False,False
H1,2026-01-27,OPF-20260724-172115,20260128-0330-BEAR-OBS-001158-Z001158-OC,20260128-0335-Short-1159,Short,ObservationConfirm,26204.0,26204.75,-0.75,8.0,7.25,0.75,TP,ProtectBE,45.6,-2.4,-48.0,True,False
H1,2026-01-27,OPF-20260724-172115,20260128-0345-BEAR-OBS-001161-Z001161-OC,20260128-0350-Short-1162,Short,ObservationConfirm,26200.625,26201.25,-0.625,3.375,2.75,0.625,TP,ProtectBE,18.1,-2.4,-20.5,True,False
H1,2026-01-27,OPF-20260724-172115,20260128-0350-BEAR-OBS-001162-Z001161-OC,20260128-0355-Short-1163,Short,ObservationConfirm,26200.0,26199.75,0.25,4.0,4.25,-0.25,SL,Stop,-18.4,-19.4,-1.0,False,False
H1,2026-01-27,OPF-20260724-172115,20260128-0410-BULL-OBS-001166-Z001166-OC,20260128-0415-Long-1167,Long,ObservationConfirm,26221.75,26221.75,0.0,10.75,10.75,0.0,TP,Target,81.1,126.6,45.5,False,False
H1,2026-01-27,OPF-20260724-172115,20260128-0540-BULL-OBS-001184-Z001184-OC,20260128-0545-Long-1185,Long,ObservationConfirm,26242.0,26242.0,0.0,8.0,8.0,0.0,TP,Target,45.6,93.6,48.0,False,False
H1,2026-01-27,OPF-20260724-172115,20260128-0635-BULL-OBS-001195-Z001195-FR,20260128-0645-Short-1197,Short,FailureReverse_ObservationInvalidated,26309.25,26309.25,0.0,16.25,16.25,0.0,SL,Stop,-67.4,-67.4,0.0,False,False
H1,2026-01-27,OPF-20260724-172115,20260128-0745-BULL-OBS-001209-Z001209-OC,20260128-0750-Long-1210,Long,ObservationConfirm,26315.0,26315.0,0.0,11.75,11.75,0.0,SL,ProtectBE,-49.4,-2.4,47.0,False,False
H1,2026-01-27,OPF-20260724-172115,20260128-1045-BULL-OBS-001245-Z001244-OC-STR,20260128-1050-Long-1246,Long,ObservationStrict_Other,26308.25,26308.25,0.0,9.5,9.5,0.0,SL,ProtectBE,-38.9,-2.4,36.5,False,False
H1,2026-01-27,OPF-20260724-172115,20260128-1420-BEAR-OBS-001288-Z001286-OC,20260128-1425-Short-1289,Short,ObservationConfirm,26251.5,26253.0,-1.5,13.25,11.75,1.5,TP,Stop,76.6,-49.4,-126.0,True,True
H1,2026-01-28,OPF-20260724-172313,20260129-0210-BULL-OBS-001142-Z001141-OC,20260129-0215-Long-1143,Long,ObservationConfirm,26140.75,26139.75,1.0,11.0,10.0,1.0,SL,Stop,-48.4,-42.4,6.0,False,True
H1,2026-01-28,OPF-20260724-172313,20260129-0245-BEAR-OBS-001149-Z001149,20260129-0245-Short-1149,Short,ZoneBirthResearch,26147.875,26148.0,-0.125,16.875,16.75,0.125,SPLIT_BASE_SL_RUNNER_SL,Base:Stop|Runner:Stop,-65.9,-69.4,-3.5,False,False
H1,2026-01-28,OPF-20260724-172313,20260129-0425-BULL-PB-001169-Z001168,20260129-0425-Long-1169,Long,AlmostConfirmed,26214.875,26213.75,1.125,11.125,10.0,1.125,TP,ProtectBE,110.1,-2.4,-112.5,True,False
H1,2026-01-28,OPF-20260724-172313,20260129-0620-BULL-PB-001192-Z001190,20260129-0620-Long-1192,Long,AlmostConfirmed,26256.75,26256.0,0.75,7.25,6.5,0.75,SL,Stop,-32.4,-28.4,4.0,False,False
H1,2026-01-28,OPF-20260724-172313,20260129-1005-BEAR-OBS-001237-Z001236-OC,20260129-1010-Short-1238,Short,ObservationConfirm,26204.0,26204.25,-0.25,17.5,17.25,0.25,SL,Stop,-70.4,-71.4,-1.0,False,False
H1,2026-01-28,OPF-20260724-172313,20260129-1030-BULL-OBS-001242-Z001241-FR,20260129-1040-Short-1244,Short,FailureReverse_ObservationInvalidated,26217.0,26217.75,-0.75,7.75,7.0,0.75,TP,Target,73.6,81.6,8.0,False,False
H1,2026-01-28,OPF-20260724-172313,20260129-1100-BEAR-OBS-001248-Z001248-OC,20260129-1110-Short-1250,Short,ObservationConfirm,26194.75,26194.75,0.0,14.0,14.0,0.0,SL,ProtectBE,-63.4,-2.4,61.0,False,False
H1,2026-01-29,OPF-20260724-172512,20260130-0115-BEAR-OBS-001131-Z001131,20260130-0115-Short-1131,Short,ZoneBirthResearch,25904.625,25905.5,-0.875,5.875,5.0,0.875,SPLIT_BASE_TP_RUNNER_TP,Base:Target|Runner:Target,71.1,62.6,-8.5,False,False
H1,2026-01-29,OPF-20260724-172512,20260130-0600-BEAR-BRK-001188-Z001188,20260130-0600-Short-1188,Short,BreakawayFvg,25817.25,25816.75,0.5,25.5,26.0,-0.5,TP,Target,203.6,309.6,106.0,False,False
H1,2026-01-29,OPF-20260724-172512,20260130-1910-BULL-OBS-001346-Z001344-OC,20260130-1915-Long-1347,Long,ObservationConfirm,25732.875,25733.25,-0.375,10.625,11.0,-0.375,TP,ProtectBE,81.1,-2.4,-83.5,True,False
H1,2026-01-30,OPF-20260724-172716,20260202-0145-BEAR-OBS-001137-Z001137-OC,20260202-0150-Short-1138,Short,ObservationConfirm,25443.375,25441.25,2.125,17.375,19.5,-2.125,TP,ProtectBE,103.6,-2.4,-106.0,True,False
H1,2026-01-30,OPF-20260724-172716,20260202-0315-BEAR-OBS-001155-Z001155,20260202-0315-Short-1155,Short,ZoneBirthResearch,25348.75,25349.5,-0.75,15.5,14.75,0.75,SPLIT_BASE_SL_RUNNER_SL,Base:Stop|Runner:Stop,-67.4,-61.4,6.0,False,False
H1,2026-01-30,OPF-20260724-172716,20260202-0715-BULL-OBS-001203-Z001202-OC-STR,20260202-0720-Long-1204,Long,ObservationStrict_Other,25288.375,25287.25,1.125,23.375,22.25,1.125,TP,ProtectBE,277.1,-2.4,-279.5,True,False
H1,2026-01-30,OPF-20260724-172716,20260202-1410-BULL-OBS-001286-Z001284-OC-STR,20260202-1415-Long-1287,Long,ObservationStrict_Other,25533.0,25532.75,0.25,12.75,12.5,0.25,SL,Stop,-52.9,-52.4,0.5,False,True
H1,2026-02-02,OPF-20260724-172913,20260203-0100-BEAR-OBS-001128-Z001125-FR,20260203-0105-Long-1129,Long,FailureReverse_ObservationInvalidated,25969.125,25969.0,0.125,10.125,10.0,0.125,SL,ProtectBE,-40.9,-2.4,38.5,False,False
H1,2026-02-02,OPF-20260724-172913,20260203-0235-BEAR-OBS-001147-Z001147-OC,20260203-0240-Short-1148,Short,ObservationConfirm,25910.375,25911.5,-1.125,13.125,12.0,1.125,SL,Stop,-55.9,-50.4,5.5,False,False
H1,2026-02-02,OPF-20260724-172913,20260203-0255-BULL-OBS-001151-Z001151-OC,20260203-0300-Long-1152,Long,ObservationConfirm,25927.875,25926.75,1.125,10.375,9.25,1.125,SL,ProtectBE,-46.9,-2.4,44.5,False,False
H1,2026-02-02,OPF-20260724-172913,20260203-0330-BULL-OBS-001158-Z001157-OC,20260203-0335-Long-1159,Long,ObservationConfirm,25941.25,25942.0,-0.75,10.0,10.75,-0.75,TP,Target,77.6,126.6,49.0,False,False
H1,2026-02-02,OPF-20260724-172913,20260203-0345-BULL-OBS-001161-Z001161-OC,20260203-0350-Long-1162,Long,ObservationConfirm_WideStop1_5R,25954.25,25954.5,-0.25,11.0,11.25,-0.25,TP,ProtectBE,66.6,-2.4,-69.0,True,False
H1,2026-02-02,OPF-20260724-172913,20260203-0400-BEAR-OBS-001164-Z001134-OC,20260203-0405-Short-1165,Short,ObservationConfirm,25970.0,25971.25,-1.25,7.75,6.5,1.25,TP,ProtectBE,42.1,-2.4,-44.5,True,False
H1,2026-02-02,OPF-20260724-172913,20260203-0415-BEAR-OBS-001167-Z001167,20260203-0415-Short-1167,Short,ZoneBirthResearch,25961.375,25962.0,-0.625,4.875,4.25,0.625,SPLIT_BASE_SL_RUNNER_SL,Base:Stop|Runner:Stop,-21.9,-19.4,2.5,False,False
H1,2026-02-02,OPF-20260724-172913,20260203-0615-BULL-OBS-001191-Z001191-OC,20260203-0620-Long-1192,Long,ObservationConfirm,25995.75,25995.25,0.5,9.0,8.5,0.5,SL,Stop,-39.4,-36.4,3.0,False,False
H1,2026-02-02,OPF-20260724-172913,20260203-1005-BEAR-OBS-001237-Z001227,20260203-1005-Short-1237,Short,UnknownRegimeZoneTouch,25984.75,25985.0,-0.25,5.75,5.5,0.25,SL,Stop,-17.4,-24.4,-7.0,False,True
H1,2026-02-02,OPF-20260724-172913,20260203-1035-BEAR-OBS-001243-Z001243-OC,20260203-1040-Short-1244,Short,ObservationConfirm,25951.25,25951.75,-0.5,16.75,16.25,0.5,TP,ProtectBE,100.6,-2.4,-103.0,True,False
H1,2026-02-02,OPF-20260724-172913,20260203-1230-BULL-OBS-001266-Z001266-OC,20260203-1235-Long-1267,Long,ObservationConfirm,25989.0,25989.25,-0.25,10.0,10.25,-0.25,SL,Stop,-45.4,-43.4,2.0,False,False
H1,2026-02-02,OPF-20260724-172913,20260203-1310-BULL-OBS-001274-Z001274-OC,20260203-1315-Long-1275,Long,ObservationConfirm,25995.5,25995.75,-0.25,8.5,8.75,-0.25,SL,Stop,-36.4,-37.4,-1.0,False,False
H1,2026-02-03,OPF-20260724-173117,20260204-0145-BEAR-OBS-001137-Z001136-OC,20260204-0150-Short-1138,Short,ObservationConfirm,25421.5,25421.75,-0.25,18.75,18.5,0.25,SL,Stop,-77.9,-76.4,1.5,False,False
H1,2026-02-03,OPF-20260724-173117,20260204-0220-BEAR-OBS-001144-Z001144,20260204-0220-Short-1144,Short,ZoneBirthResearch,25436.75,25437.0,-0.25,16.75,16.5,0.25,SPLIT_BASE_SL_RUNNER_SL,Base:Stop|Runner:Stop,-67.4,-68.4,-1.0,False,False
H1,2026-02-03,OPF-20260724-173117,20260204-0610-BULL-OBS-001190-Z001189-OC-STR,20260204-0615-Long-1191,Long,ObservationStrict_Other,25449.75,25450.25,-0.5,6.75,7.25,-0.5,SL,Stop,-27.4,-31.4,-4.0,False,False
H1,2026-02-03,OPF-20260724-173117,20260204-0740-BULL-OBS-001208-Z001208-OC,20260204-0745-Long-1209,Long,ObservationConfirm,25505.75,25505.5,0.25,11.75,11.5,0.25,SL,Stop,-49.9,-48.4,1.5,False,False
H1,2026-02-03,OPF-20260724-173117,20260204-0830-BEAR-OBS-001218-Z001218,20260204-0830-Short-1218,Short,ZoneBirthResearch,25424.375,25424.0,0.375,14.625,15.0,-0.375,SPLIT_BASE_SL_RUNNER_SL,Base:Stop|Runner:Stop,-58.9,-62.4,-3.5,False,False
H1,2026-02-03,OPF-20260724-173117,20260204-0855-BEAR-OBS-001223-Z001223,20260204-0855-Short-1223,Short,ZoneBirthResearch,25427.0,25425.5,1.5,12.0,13.5,-1.5,SPLIT_BASE_SL_RUNNER_SL,Base:Stop|Runner:Stop,-53.4,-56.4,-3.0,False,False
H1,2026-02-04,OPF-20260724-173325,20260204-2340-BEAR-OBS-001112-Z001112,20260204-2340-Short-1112,Short,ZoneBirthResearch,25077.0,25078.0,-1.0,16.5,15.5,1.0,SPLIT_BASE_SL_RUNNER_SL,Base:Stop|Runner:Stop,-71.4,-64.4,7.0,False,False
H1,2026-02-04,OPF-20260724-173325,20260205-0125-BEAR-OBS-001133-Z001133-OC,20260205-0130-Short-1134,Short,ObservationConfirm,25129.25,25130.25,-1.0,20.25,19.25,1.0,SL,Stop,-84.4,-79.4,5.0,False,False
H1,2026-02-04,OPF-20260724-173325,20260205-0420-BEAR-BRK-001168-Z001168,20260205-0420-Short-1168,Short,BreakawayFvg,24936.25,24934.75,1.5,18.5,20.0,-1.5,SL,Stop,-75.9,-82.4,-6.5,False,False
H1,2026-02-04,OPF-20260724-173325,20260205-0450-BEAR-OBS-001174-Z001151,20260205-0450-Short-1174,Short,UnknownRegimeZoneTouch,25012.75,25012.0,0.75,17.0,17.75,-0.75,SL,ProtectBE,-70.4,-2.4,68.0,False,False
H1,2026-02-05,OPF-20260724-173522,20260206-0205-BULL-OBS-001141-Z001141-OC,20260206-0210-Long-1142,Long,ObservationConfirm_WideStop1_5R,24544.25,24543.5,0.75,13.5,12.75,0.75,SL,Stop,-55.4,-53.4,2.0,False,True
H1,2026-02-05,OPF-20260724-173522,20260206-0340-BEAR-OBS-001160-Z001160-OC,20260206-0345-Short-1161,Short,ObservationConfirm,24501.25,24502.5,-1.25,17.25,16.0,1.25,SL,Stop,-72.4,-66.4,6.0,False,False
H1,2026-02-05,OPF-20260724-173522,20260206-0740-BEAR-OBS-001208-Z001208-OC,20260206-0745-Short-1209,Short,ObservationConfirm,24546.75,24546.0,0.75,18.0,18.75,-0.75,TP,ProtectBE,103.6,-2.4,-106.0,True,False
H1,2026-02-06,OPF-20260724-173720,20260209-0300-BEAR-OBS-001152-Z001152-OC,20260209-0305-Short-1153,Short,ObservationConfirm,25225.75,25227.0,-1.25,18.5,17.25,1.25,TP,ProtectBE,108.6,-2.4,-111.0,True,False
H1,2026-02-06,OPF-20260724-173720,20260209-0435-BEAR-OBS-001171-Z001171-OC,20260209-0440-Short-1172,Short,ObservationConfirm,25198.75,25199.0,-0.25,10.75,10.5,0.25,TP,ProtectBE,61.6,-2.4,-64.0,True,False
H1,2026-02-06,OPF-20260724-173720,20260209-0445-BEAR-SHD-001173-Z001171,20260209-0450-Short-1174,Short,ShadowCandidate,25185.25,25185.25,0.0,24.25,24.25,0.0,SL,Stop,-99.4,-99.4,0.0,False,False
H1,2026-02-06,OPF-20260724-173720,20260209-0520-BULL-OBS-001180-Z001180-OC,20260209-0525-Long-1181,Long,ObservationConfirm,25209.5,25209.5,0.0,9.25,9.25,0.0,TP,ProtectBE,71.6,-2.4,-74.0,True,False
H1,2026-02-06,OPF-20260724-173720,20260209-0545-BEAR-OBS-001185-Z001185,20260209-0545-Short-1185,Short,ZoneBirthResearch,25203.0,25204.0,-1.0,7.0,6.0,1.0,SPLIT_BASE_SL_RUNNER_SL,Base:Stop|Runner:Stop,-30.4,-26.4,4.0,False,False
H1,2026-02-06,OPF-20260724-173720,20260209-0605-BEAR-OBS-001189-Z001189-OC,20260209-0610-Short-1190,Short,ObservationConfirm,25193.25,25195.0,-1.75,18.5,16.75,1.75,TP,ProtectBE,108.6,-2.4,-111.0,True,False
H1,2026-02-06,OPF-20260724-173720,20260209-0620-BEAR-BRK-001192-Z001192,20260209-0620-Short-1192,Short,BreakawayFvg,25176.5,25176.75,-0.25,9.5,9.25,0.25,SL,ProtectBE,-40.4,-2.4,38.0,False,False
H1,2026-02-06,OPF-20260724-173720,20260209-0805-BEAR-OBS-001213-Z001189-OC,20260209-0810-Short-1214,Short,ObservationConfirm_WideStop1_5R,25200.75,25200.5,0.25,16.75,16.88,-0.13,TP,ProtectBE,96.6,-2.4,-99.0,True,False
H1,2026-02-06,OPF-20260724-173720,20260209-1210-BEAR-OBS-001262-Z001236,20260209-1210-Short-1262,Short,UnknownRegimeZoneTouch,25096.25,25096.25,0.0,8.75,8.75,0.0,TP,Target,100.6,102.6,2.0,False,False
H1,2026-02-06,OPF-20260724-173720,20260209-1605-BULL-PB-001309-Z001308,20260209-1605-Long-1309,Long,AlmostConfirmed,25315.75,25316.75,-1.0,16.25,17.25,-1.0,TP,ProtectBE,159.1,-2.4,-161.5,True,False
H1,2026-02-06,OPF-20260724-173720,20260209-1925-BULL-OBS-001349-Z001349-OC,20260209-1930-Long-1350,Long,ObservationConfirm_WideStop1_5R,25420.875,25420.75,0.125,23.375,23.25,0.125,SL,Stop,-96.9,-95.4,1.5,False,False
H1,2026-02-09,OPF-20260724-173917,20260210-0010-BEAR-OBS-001118-Z001118-OC,20260210-0015-Short-1119,Short,ObservationConfirm,25328.0,25327.75,0.25,15.75,16.0,-0.25,TP,ProtectBE,89.6,-2.4,-92.0,True,False
H1,2026-02-09,OPF-20260724-173917,20260210-0240-BEAR-OBS-001148-Z001148,20260210-0240-Short-1148,Short,ZoneBirthResearch,25304.5,25304.5,0.0,6.25,6.25,0.0,SPLIT_BASE_SL_RUNNER_SL,Base:Stop|Runner:Stop,-33.4,-27.4,6.0,False,False
H1,2026-02-09,OPF-20260724-173917,20260210-0305-BEAR-BRK-001153-Z001153,20260210-0305-Short-1153,Short,BreakawayFvg,25284.5,25284.0,0.5,20.0,20.5,-0.5,SL,Stop,-78.4,-84.4,-6.0,False,False
H1,2026-02-09,OPF-20260724-173917,20260210-0415-BULL-OBS-001167-Z001166-OC,20260210-0420-Long-1168,Long,ObservationConfirm,25322.0,25321.0,1.0,11.0,10.0,1.0,TP,ProtectBE,82.6,-2.4,-85.0,True,False
H1,2026-02-09,OPF-20260724-173917,20260210-0505-BULL-OBS-001177-Z001174-OC,20260210-0510-Long-1178,Long,ObservationConfirm,25334.25,25334.0,0.25,8.75,8.5,0.25,SL,Stop,-37.4,-36.4,1.0,False,False
H1,2026-02-09,OPF-20260724-173917,20260210-0545-BEAR-OBS-001185-Z001185,20260210-0545-Short-1185,Short,ZoneBirthResearch,25342.0,25341.25,0.75,5.0,5.75,-0.75,SPLIT_BASE_SL_RUNNER_SL,Base:Stop|Runner:Stop,-21.4,-25.4,-4.0,False,False
H1,2026-02-09,OPF-20260724-173917,20260210-0635-BEAR-OBS-001195-Z001195-OC,20260210-0640-Short-1196,Short,ObservationConfirm,25301.0,25303.0,-2.0,17.75,15.75,2.0,SL,Stop,-75.4,-65.4,10.0,False,False
H1,2026-02-09,OPF-20260724-173917,20260210-0920-BULL-OBS-001228-Z001228-OC,20260210-0925-Long-1229,Long,ObservationConfirm,25395.5,25396.0,-0.5,11.0,11.5,-0.5,SL,Stop,-47.4,-48.4,-1.0,False,False
H1,2026-02-09,OPF-20260724-173917,20260210-0940-BULL-OBS-001232-Z001228-FR,20260210-0945-Short-1233,Short,FailureReverse_ObservationInvalidated,25375.25,25374.5,0.75,16.0,16.75,-0.75,TP,ProtectBE,157.6,-2.4,-160.0,True,False
H1,2026-02-09,OPF-20260724-173917,20260210-1820-BEAR-OBS-001336-Z001336,20260210-1820-Short-1336,Short,ZoneBirthResearch,25324.5,25324.75,-0.25,18.0,17.75,0.25,SPLIT_BASE_TP_RUNNER_TP,Base:Target|Runner:Target,227.1,228.35,1.25,False,False
H1,2026-02-10,OPF-20260724-174112,20260210-2330-BEAR-OBS-001110-Z001110,20260210-2330-Short-1110,Short,ZoneBirthResearch,25273.5,25273.75,-0.25,7.0,6.75,0.25,SPLIT_BASE_SL_RUNNER_SL,Base:Stop|Runner:Stop,-30.4,-29.4,1.0,False,False
H1,2026-02-10,OPF-20260724-174112,20260211-0145-BULL-OBS-001137-Z001137-OC,20260211-0150-Long-1138,Long,ObservationConfirm,25319.75,25319.75,0.0,12.0,12.0,0.0,SL,Stop,-53.9,-50.4,3.5,False,False
H1,2026-02-10,OPF-20260724-174112,20260211-0240-BEAR-OBS-001148-Z001148-OC,20260211-0245-Short-1149,Short,ObservationConfirm,25314.75,25315.25,-0.5,4.25,3.75,0.5,SL,Stop,-19.4,-17.4,2.0,False,False
H1,2026-02-10,OPF-20260724-174112,20260211-0305-BEAR-OBS-001153-Z001153-OC,20260211-0310-Short-1154,Short,ObservationConfirm,25314.0,25313.75,0.25,6.75,7.0,-0.25,TP,ProtectBE,37.6,-2.4,-40.0,True,False
H1,2026-02-10,OPF-20260724-174112,20260211-0330-BULL-OBS-001158-Z001158-OC,20260211-0335-Long-1159,Long,ObservationConfirm,25321.5,25321.5,0.0,7.5,7.5,0.0,TP,Target,34.6,87.6,53.0,False,False
H1,2026-02-10,OPF-20260724-174112,20260211-0415-BEAR-OBS-001167-Z001167,20260211-0415-Short-1167,Short,ZoneBirthResearch,25328.625,25329.0,-0.375,3.875,3.5,0.375,SPLIT_BASE_SL_RUNNER_SL,Base:Stop|Runner:Stop,-17.9,-16.4,1.5,False,False
H1,2026-02-10,OPF-20260724-174112,20260211-0440-BEAR-OBS-001172-Z001172,20260211-0440-Short-1172,Short,ZoneBirthResearch,25302.625,25302.5,0.125,7.375,7.5,-0.125,SPLIT_BASE_SL_RUNNER_SL,Base:Stop|Runner:Stop,-31.9,-32.4,-0.5,False,False
H1,2026-02-10,OPF-20260724-174112,20260211-0510-BULL-OBS-001178-Z001178-OC,20260211-0515-Long-1179,Long,ObservationConfirm,25316.25,25316.25,0.0,7.25,7.25,0.0,SL,Stop,-31.4,-31.4,0.0,False,False
H1,2026-02-10,OPF-20260724-174112,20260211-0545-BEAR-OBS-001185-Z001185-OC,20260211-0555-Short-1187,Short,ObservationConfirm,25287.125,25286.75,0.375,5.875,6.25,-0.375,SL,Stop,-25.9,-27.4,-1.5,False,False
H1,2026-02-10,OPF-20260724-174112,20260211-0715-BEAR-OBS-001203-Z001203-FR-RT,20260211-0745-Long-1209,Long,FailureReverse_RetestFailed,25275.375,25275.0,0.375,7.625,7.25,0.375,SL,Stop,-33.4,-31.4,2.0,False,False
H1,2026-02-10,OPF-20260724-174112,20260211-0815-BEAR-OBS-001215-Z001215-OC,20260211-0820-Short-1216,Short,ObservationConfirm,25222.75,25223.0,-0.25,14.75,14.5,0.25,SL,Stop,-62.4,-60.4,2.0,False,False
H1,2026-02-10,OPF-20260724-174112,20260211-0830-BEAR-SHD-001218-Z001214,20260211-0850-Short-1222,Short,ShadowCandidate,25253.5,25253.5,0.0,9.0,9.0,0.0,SL,Stop,-39.4,-38.4,1.0,False,True
H1,2026-02-11,OPF-20260724-174318,20260212-0340-BULL-OBS-001160-Z001159-OC,20260212-0345-Long-1161,Long,ObservationConfirm,25315.0,25315.5,-0.5,8.25,8.75,-0.5,SL,Stop,-33.4,-37.4,-4.0,False,False
H1,2026-02-11,OPF-20260724-174318,20260212-0435-BEAR-OBS-001171-Z001171-OC,20260212-0440-Short-1172,Short,ObservationConfirm,25317.75,25318.0,-0.25,12.5,12.25,0.25,SL,Stop,-53.4,-51.4,2.0,False,False
H1,2026-02-11,OPF-20260724-174318,20260212-0455-BULL-OBS-001175-Z001174-OC,20260212-0500-Long-1176,Long,ObservationConfirm_WideStop1_5R,25336.0,25335.75,0.25,22.25,22.12,0.13,SL,Stop,-90.9,-90.88,0.02,False,False
H1,2026-02-11,OPF-20260724-174318,20260212-0645-BEAR-OBS-001197-Z001195-FR,20260212-0655-Long-1199,Long,FailureReverse_ObservationInvalidated,25320.625,25320.25,0.375,11.875,11.5,0.375,TP,Target,115.1,135.6,20.5,False,False
H1,2026-02-11,OPF-20260724-174318,20260212-0725-BULL-OBS-001205-Z001205-OC,20260212-0730-Long-1206,Long,ObservationConfirm,25348.25,25348.75,-0.5,8.75,9.25,-0.5,TP,ProtectBE,67.6,-2.4,-70.0,True,False
H1,2026-02-11,OPF-20260724-174318,20260212-1015-BEAR-OBS-001239-Z001239,20260212-1015-Short-1239,Short,ZoneBirthResearch,25345.75,25346.5,-0.75,14.75,14.0,0.75,SPLIT_BASE_SL_RUNNER_SL,Base:Stop|Runner:Stop,-60.4,-58.4,2.0,False,False
H1,2026-02-11,OPF-20260724-174318,20260212-1545-BEAR-BRK-001305-Z001305,20260212-1545-Short-1305,Short,BreakawayFvg,25097.5,25097.5,0.0,28.25,28.25,0.0,TP,Target,220.6,336.6,116.0,False,False
H1,2026-02-11,OPF-20260724-174318,20260212-2105-BEAR-OBS-001369-Z001366-FR,20260212-2110-Long-1370,Long,FailureReverse_ObservationInvalidated,24804.875,24804.0,0.875,18.625,17.75,0.875,SESSION_FLATTEN,GlobexCloseout,103.1,106.6,3.5,False,False
H1,2026-02-13,OPF-20260724-174521,20260213-0005-BULL-OBS-001117-Z001117-OC,20260213-0010-Long-1118,Long,ObservationConfirm,24844.5,24844.75,-0.25,10.0,10.25,-0.25,SL,Stop,-42.9,-43.4,-0.5,False,False
H1,2026-02-13,OPF-20260724-174521,20260213-0235-BULL-OBS-001147-Z001147-FR,20260213-0240-Short-1148,Short,FailureReverse_ObservationInvalidated_WideStop1_5R,24806.625,24806.5,0.125,19.375,19.5,-0.125,TP,Target,222.1,231.6,9.5,False,False
H1,2026-02-13,OPF-20260724-174521,20260213-0355-BEAR-OBS-001163-Z001163-OC,20260213-0400-Short-1164,Short,ObservationConfirm,24752.0,24752.0,0.0,16.0,16.0,0.0,SL,Stop,-66.4,-66.4,0.0,False,False
H1,2026-02-13,OPF-20260724-174521,20260213-0435-BEAR-OBS-001171-Z001171-OC,20260213-0440-Short-1172,Short,ObservationConfirm,24760.0,24761.0,-1.0,21.0,20.0,1.0,TP,Target,121.6,237.6,116.0,False,False
H1,2026-02-13,OPF-20260724-174521,20260213-0525-BEAR-OBS-001181-Z001181-OC,20260213-0530-Short-1182,Short,ObservationConfirm,24713.25,24714.0,-0.75,20.75,20.0,0.75,SL,ProtectBE,-87.4,-2.4,85.0,False,False
H1,2026-02-13,OPF-20260724-174521,20260213-0600-BEAR-SHD-001188-Z001181,20260213-0605-Short-1189,Short,ShadowCandidate,24724.75,24724.0,0.75,9.25,10.0,-0.75,TP,ProtectBE,108.6,-2.4,-111.0,True,False
H1,2026-02-13,OPF-20260724-174521,20260213-0700-BEAR-OBS-001200-Z001180-OC,20260213-0705-Short-1201,Short,ObservationConfirm_WideStop1_5R,24737.125,24736.75,0.375,19.875,20.25,-0.375,SL,Stop,-81.9,-83.4,-1.5,False,False
H1,2026-02-13,OPF-20260724-174521,20260213-0950-BULL-OBS-001234-Z001228-FR,20260213-0955-Short-1235,Short,FailureReverse_ObservationInvalidated_WideStop1_5R,24773.25,24774.5,-1.25,15.5,14.25,1.25,SL,Stop,-65.4,-59.4,6.0,False,False
H1,2026-02-13,OPF-20260724-174521,20260213-2125-BEAR-OBS-001373-Z001373,20260213-2125-Short-1373,Short,ZoneBirthResearch,24782.75,24781.25,1.5,5.25,6.75,-1.5,SPLIT_BASE_SL_RUNNER_SL,Base:Stop|Runner:Stop,-25.4,-29.4,-4.0,False,False
H1,2026-02-16,OPF-20260724-174743,20260217-0105-BEAR-OBS-001081-Z001077-FR,20260217-0110-Long-1082,Long,FailureReverse_ObservationInvalidated,24820.0,24819.25,0.75,11.25,10.5,0.75,SL,Stop,-47.9,-44.4,3.5,False,False
H1,2026-02-16,OPF-20260724-174743,20260217-0220-BEAR-OBS-001096-Z001092-OC,20260217-0225-Short-1097,Short,ObservationConfirm_WideStop1_5R,24674.0,24674.25,-0.25,11.25,10.88,0.37,TP,ProtectBE,64.6,-2.4,-67.0,True,False
H1,2026-02-16,OPF-20260724-174743,20260217-0335-BEAR-BRK-001111-Z001111,20260217-0335-Short-1111,Short,BreakawayFvg,24586.5,24586.25,0.25,29.75,30.0,-0.25,SL,Stop,-121.4,-122.4,-1.0,False,False
H1,2026-02-16,OPF-20260724-174743,20260217-0355-BEAR-OBS-001115-Z001111-FR-RT,20260217-0420-Long-1120,Long,FailureReverse_RetestFailed,24618.375,24617.5,0.875,9.875,9.0,0.875,SL,ProtectBE,-42.9,-2.4,40.5,False,False
H1,2026-02-16,OPF-20260724-174743,20260217-0435-BEAR-OBS-001123-Z001123-OC,20260217-0440-Short-1124,Short,ObservationConfirm,24608.75,24609.25,-0.5,6.25,5.75,0.5,SL,Stop,-27.4,-25.4,2.0,False,False
H1,2026-02-16,OPF-20260724-174743,20260217-0835-BULL-OBS-001171-Z001163-FR,20260217-0840-Short-1172,Short,FailureReverse_ObservationInvalidated_WideStop1_5R,24643.0,24643.0,0.0,14.25,14.25,0.0,SL,ProtectBE,-60.9,-2.4,58.5,False,False
H1,2026-02-16,OPF-20260724-174743,20260217-1015-BEAR-OBS-001191-Z001191,20260217-1015-Short-1191,Short,ZoneBirthResearch,24661.25,24661.5,-0.25,14.0,13.75,0.25,SPLIT_BASE_TP_RUNNER_TP,Base:Target|Runner:Target,176.6,176.35,-0.25,False,False
H1,2026-02-16,OPF-20260724-174743,20260217-1045-BEAR-OBS-001197-Z001197,20260217-1045-Short-1197,Short,ZoneBirthResearch,24611.0,24611.75,-0.75,15.5,14.75,0.75,SPLIT_BASE_TP_RUNNER_SL,Base:Target|Runner:ProtectBE,43.1,71.35,28.25,False,False
H1,2026-02-16,OPF-20260724-174743,20260217-1215-BULL-OBS-001215-Z001214-FR,20260217-1220-Short-1216,Short,FailureReverse_ObservationInvalidated,24625.5,24626.5,-1.0,18.75,17.75,1.0,TP,Target,184.6,210.6,26.0,False,False
H1,2026-02-16,OPF-20260724-174743,20260217-1355-BEAR-SHD-001235-Z001191,20260217-1410-Short-1238,Short,ShadowCandidate,24651.375,24650.75,0.625,23.875,24.5,-0.625,SL,Stop,-99.4,-100.4,-1.0,False,True
H1,2026-02-16,OPF-20260724-174743,20260217-1715-BEAR-OBS-001275-Z001275,20260217-1715-Short-1275,Short,ZoneBirthResearch,24712.0,24710.25,1.75,15.75,17.5,-1.75,SPLIT_BASE_TP_RUNNER_BE,Base:Stop|Runner:Stop,76.6,-72.4,-149.0,True,False
H1,2026-02-17,OPF-20260724-174946,20260217-2335-BEAR-OBS-001063-Z001063-OC,20260217-2340-Short-1064,Short,ObservationConfirm,24724.25,24724.25,0.0,16.75,16.75,0.0,SL,ProtectBE,-69.4,-2.4,67.0,False,False
H1,2026-02-17,OPF-20260724-174946,20260218-0045-BEAR-OBS-001077-Z001077,20260218-0045-Short-1077,Short,ZoneBirthResearch,24728.25,24728.25,0.0,13.5,13.5,0.0,SPLIT_BASE_SL_RUNNER_SL,Base:Stop|Runner:Stop,-57.4,-56.4,1.0,False,False
H1,2026-02-17,OPF-20260724-174946,20260218-0240-BULL-OBS-001100-Z001100-OC-STR,20260218-0245-Long-1101,Long,ObservationStrict_BullFresh_WideStop1_5R,24765.0,24765.0,0.0,5.25,5.25,0.0,SL,Stop,-23.4,-23.4,0.0,False,False
H1,2026-02-17,OPF-20260724-174946,20260218-0410-BULL-OBS-001118-Z001118-OC,20260218-0415-Long-1119,Long,ObservationConfirm_WideStop1_5R,24804.0,24804.0,0.0,11.5,11.62,-0.12,TP,Target,65.6,137.04,71.44,False,False
H1,2026-02-17,OPF-20260724-174946,20260218-0640-BULL-OBS-001148-Z001148-OC,20260218-0645-Long-1149,Long,ObservationConfirm,24834.5,24833.75,0.75,7.75,7.0,0.75,TP,ProtectBE,42.6,-2.4,-45.0,True,False
H1,2026-02-17,OPF-20260724-174946,20260218-0700-BEAR-OBS-001152-Z001152-OC,20260218-0705-Short-1153,Short,ObservationConfirm,24816.125,24816.25,-0.125,18.125,18.0,0.125,SL,Stop,-77.9,-74.4,3.5,False,False
H1,2026-02-17,OPF-20260724-174946,20260218-0900-BULL-OBS-001176-Z001176-OC,20260218-0905-Long-1177,Long,ObservationConfirm_WideStop1_5R,24912.25,24911.75,0.5,24.5,24.0,0.5,TP,ProtectBE,142.6,-2.4,-145.0,True,False
H1,2026-02-17,OPF-20260724-174946,20260218-1730-BEAR-OBS-001278-Z001278-OC,20260218-1735-Short-1279,Short,ObservationConfirm,25086.5,25087.75,-1.25,17.5,16.25,1.25,SL,ProtectBE,-72.4,-2.4,70.0,False,False
H1,2026-02-17,OPF-20260724-174946,20260218-1825-BEAR-OBS-001289-Z001289,20260218-1825-Short-1289,Short,ZoneBirthResearch,25062.25,25063.25,-1.0,18.0,17.0,1.0,SPLIT_BASE_TP_RUNNER_TP,Base:Target|Runner:Target,236.6,218.6,-18.0,False,False
H1,2026-02-17,OPF-20260724-174946,20260218-2105-BEAR-OBS-001321-Z001321,20260218-2105-Short-1321,Short,ZoneBirthResearch,24935.375,24935.25,0.125,14.625,14.75,-0.125,SPLIT_BASE_SL_RUNNER_SL,Base:Stop|Runner:Stop,-62.9,-61.4,1.5,False,False
H1,2026-02-18,OPF-20260724-175144,20260218-2320-BEAR-OBS-001060-Z001060,20260218-2320-Short-1060,Short,ZoneBirthResearch,24969.0,24970.25,-1.25,14.0,12.75,1.25,SPLIT_BASE_SL_RUNNER_SL,Base:Stop|Runner:Stop,-58.4,-53.4,5.0,False,False
H1,2026-02-18,OPF-20260724-175144,20260219-0150-BEAR-OBS-001090-Z001088-FR,20260219-0155-Long-1091,Long,FailureReverse_ObservationInvalidated,24973.25,24973.5,-0.25,16.75,17.0,-0.25,SL,Stop,-70.4,-70.4,0.0,False,False
H1,2026-02-18,OPF-20260724-175144,20260219-0340-BEAR-OBS-001112-Z001112-OC,20260219-0345-Short-1113,Short,ObservationConfirm,24970.125,24971.25,-1.125,17.125,16.0,1.125,SL,Stop,-69.9,-66.4,3.5,False,False
H1,2026-02-18,OPF-20260724-175144,20260219-0400-BULL-OBS-001116-Z001116-OC,20260219-0405-Long-1117,Long,ObservationConfirm,24985.0,24984.5,0.5,10.5,10.0,0.5,SL,ProtectBE,-44.4,-2.4,42.0,False,False
H1,2026-02-18,OPF-20260724-175144,20260219-0450-BEAR-OBS-001126-Z001126,20260219-0450-Short-1126,Short,ZoneBirthResearch,24962.25,24962.75,-0.5,7.0,6.5,0.5,SPLIT_BASE_TP_RUNNER_BE,Base:Target|Runner:ProtectBE,32.1,30.1,-2.0,False,False
H1,2026-02-18,OPF-20260724-175144,20260219-0515-BEAR-OBS-001131-Z001126-OC,20260219-0520-Short-1132,Short,ObservationConfirm,24962.75,24963.25,-0.5,6.5,6.0,0.5,SL,Stop,-26.4,-26.4,0.0,False,False
H1,2026-02-18,OPF-20260724-175144,20260219-0535-BULL-OBS-001135-Z001135-OC,20260219-0540-Long-1136,Long,ObservationConfirm,24983.75,24982.75,1.0,8.25,7.25,1.0,TP,Target,45.1,84.6,39.5,False,False
H1,2026-02-18,OPF-20260724-175144,20260219-0550-BULL-OBS-001138-Z001138-OC,20260219-0555-Long-1139,Long,ObservationConfirm,24996.75,24996.5,0.25,11.25,11.0,0.25,TP,Target,91.6,129.6,38.0,False,False
H1,2026-02-18,OPF-20260724-175144,20260219-0655-BULL-OBS-001151-Z001151-OC,20260219-0700-Long-1152,Long,ObservationConfirm,25013.0,25013.75,-0.75,9.5,10.25,-0.75,TP,Target,71.6,120.6,49.0,False,False
H1,2026-02-18,OPF-20260724-175144,20260219-0730-BULL-PB-001158-Z001157,20260219-0730-Long-1158,Long,AlmostConfirmed,25040.0,25040.25,-0.25,13.0,13.25,-0.25,SL,Stop,-54.4,-55.4,-1.0,False,False
H1,2026-02-18,OPF-20260724-175144,20260219-0850-BULL-OBS-001174-Z001134-FR,20260219-0855-Short-1175,Short,FailureReverse_ObservationInvalidated,24956.5,24954.75,1.75,17.25,19.0,-1.75,SL,Stop,-71.4,-78.4,-7.0,False,False
H1,2026-02-18,OPF-20260724-175144,20260219-1110-BEAR-OBS-001202-Z001189,20260219-1110-Short-1202,Short,UnknownRegimeZoneTouch,24870.75,24870.75,0.0,15.0,15.0,0.0,SL,Stop,-61.9,-62.4,-0.5,False,False
H1,2026-02-19,OPF-20260724-175339,20260219-2320-BULL-OBS-001060-Z001060-OC,20260219-2325-Long-1061,Long,ObservationConfirm,24860.5,24859.25,1.25,10.0,8.75,1.25,TP,Target,76.6,102.6,26.0,False,False
H1,2026-02-19,OPF-20260724-175339,20260220-0035-BULL-OBS-001075-Z001074-OC-STR,20260220-0040-Long-1076,Long,ObservationStrict_Other,24898.125,24897.5,0.625,20.375,19.75,0.625,SL,ProtectBE,-80.9,-2.4,78.5,False,False
H1,2026-02-19,OPF-20260724-175339,20260220-0255-BULL-OBS-001103-Z001103-OC,20260220-0300-Long-1104,Long,ObservationConfirm,24902.25,24902.0,0.25,9.5,9.25,0.25,SL,Stop,-33.4,-39.4,-6.0,False,False
H1,2026-02-19,OPF-20260724-175339,20260220-0415-BULL-OBS-001119-Z001118-OC,20260220-0425-Long-1121,Long,ObservationConfirm,24903.25,24902.25,1.0,8.0,7.0,1.0,SL,Stop,-36.4,-30.4,6.0,False,False
H1,2026-02-19,OPF-20260724-175339,20260220-0540-BULL-PB-001136-Z001135,20260220-0540-Long-1136,Long,AlmostConfirmed,24936.75,24937.0,-0.25,10.0,10.25,-0.25,SL,ProtectBE,-40.9,-2.4,38.5,False,False
H1,2026-02-19,OPF-20260724-175339,20260220-0850-BULL-OBS-001174-Z001174-OC,20260220-0855-Long-1175,Long,ObservationConfirm_WideStop1_5R,24937.5,24937.25,0.25,22.75,22.5,0.25,TP,ProtectBE,133.6,-2.4,-136.0,True,False
H1,2026-02-19,OPF-20260724-175339,20260220-0940-BEAR-OBS-001184-Z001184,20260220-0940-Short-1184,Short,ZoneBirthResearch,24957.75,24958.0,-0.25,7.25,7.0,0.25,SPLIT_BASE_TP_RUNNER_TP,Base:Target|Runner:Target,95.1,88.6,-6.5,False,False
H1,2026-02-19,OPF-20260724-175339,20260220-1025-BEAR-OBS-001193-Z001193-OC,20260220-1030-Short-1194,Short,ObservationConfirm,24919.25,24919.75,-0.5,17.25,16.75,0.5,SL,Stop,-71.4,-69.4,2.0,False,False
H1,2026-02-19,OPF-20260724-175339,20260220-1220-BEAR-BRK-001216-Z001216,20260220-1220-Short-1216,Short,BreakawayFvg,24815.75,24816.75,-1.0,10.75,9.75,1.0,TP,ProtectBE,81.6,-2.4,-84.0,True,False
H1,2026-02-19,OPF-20260724-175339,20260220-1410-BEAR-BRK-001238-Z001238,20260220-1410-Short-1238,Short,BreakawayFvg,24736.75,24737.5,-0.75,23.75,23.0,0.75,SL,ProtectBE,-98.4,-2.4,96.0,False,False
H1,2026-02-20,OPF-20260724-175537,20260223-0215-BEAR-BRK-001143-Z001143,20260223-0215-Short-1143,Short,BreakawayFvg,24821.75,24822.0,-0.25,14.5,14.25,0.25,SL,Stop,-60.4,-59.4,1.0,False,False
H1,2026-02-20,OPF-20260724-175537,20260223-0305-BULL-OBS-001153-Z001153-OC,20260223-0310-Long-1154,Long,ObservationConfirm,24849.125,24849.5,-0.375,9.125,9.5,-0.375,SL,Stop,-44.9,-40.4,4.5,False,False
H1,2026-02-20,OPF-20260724-175537,20260223-0345-BULL-OBS-001161-Z001161-OC,20260223-0350-Long-1162,Long,ObservationConfirm,24836.625,24836.25,0.375,9.875,9.5,0.375,SL,Stop,-35.9,-40.4,-4.5,False,True
H1,2026-02-20,OPF-20260724-175537,20260223-0420-BEAR-OBS-001168-Z001168,20260223-0420-Short-1168,Short,ZoneBirthResearch,24827.125,24826.75,0.375,15.125,15.5,-0.375,SPLIT_BASE_SL_RUNNER_SL,Base:Stop|Runner:Stop,-62.9,-64.4,-1.5,False,False
H1,2026-02-20,OPF-20260724-175537,20260223-0615-BULL-OBS-001191-Z001191-OC,20260223-0620-Long-1192,Long,ObservationConfirm,24847.5,24847.75,-0.25,5.25,5.5,-0.25,SL,Stop,-17.4,-24.4,-7.0,False,True
H1,2026-02-20,OPF-20260724-175537,20260223-0635-BULL-OBS-001195-Z001195-OC,20260223-0640-Long-1196,Long,ObservationConfirm,24857.5,24857.75,-0.25,5.75,6.0,-0.25,TP,Target,27.6,69.6,42.0,False,False
H1,2026-02-20,OPF-20260724-175537,20260223-0715-BULL-OBS-001203-Z001203-OC,20260223-0720-Long-1204,Long,ObservationConfirm_WideStop1_5R,24902.0,24901.5,0.5,7.5,7.12,0.38,SL,Stop,-33.4,-30.88,2.52,False,False
H1,2026-02-20,OPF-20260724-175537,20260223-0915-BULL-OBS-001227-Z001227-OC,20260223-0920-Long-1228,Long,ObservationConfirm_WideStop1_5R,24981.875,24981.5,0.375,11.875,11.62,0.255,TP,ProtectBE,66.1,-2.4,-68.5,True,False
H1,2026-02-20,OPF-20260724-175537,20260223-1025-BULL-OBS-001241-Z001226-OC-STR,20260223-1040-Long-1244,Long,ObservationStrict_Other,24977.25,24977.25,0.0,14.25,14.25,0.0,SL,Stop,-61.9,-59.4,2.5,False,False
H1,2026-02-20,OPF-20260724-175537,20260223-1135-BEAR-OBS-001255-Z001255,20260223-1135-Short-1255,Short,ZoneBirthResearch,24952.75,24952.5,0.25,12.5,12.75,-0.25,SPLIT_BASE_TP_RUNNER_TP,Base:Target|Runner:Target,160.1,163.35,3.25,False,False
H1,2026-02-20,OPF-20260724-175537,20260223-1220-BEAR-OBS-001264-Z001264-OC,20260223-1225-Short-1265,Short,ObservationConfirm,24910.75,24910.25,0.5,8.5,9.0,-0.5,TP,ProtectBE,45.6,-2.4,-48.0,True,False
H1,2026-02-20,OPF-20260724-175537,20260223-1900-BEAR-BRK-001344-Z001344,20260223-1900-Short-1344,Short,BreakawayFvg,24730.0,24730.5,-0.5,25.5,25.0,0.5,TP,ProtectBE,200.6,-2.4,-203.0,True,False
H1,2026-02-23,OPF-20260724-175736,20260224-0320-BULL-OBS-001156-Z001156-OC,20260224-0325-Long-1157,Long,ObservationConfirm,24878.75,24878.25,0.5,4.5,4.0,0.5,SL,Stop,-21.4,-18.4,3.0,False,False
H1,2026-02-23,OPF-20260724-175736,20260224-0545-BULL-OBS-001185-Z001143-OC,20260224-0550-Long-1186,Long,ObservationConfirm_WideStop1_5R,24839.5,24839.0,0.5,17.5,16.88,0.62,TP,ProtectBE,100.6,-2.4,-103.0,True,False
H1,2026-02-23,OPF-20260724-175736,20260224-0750-BEAR-OBS-001210-Z001209-OC,20260224-0755-Short-1211,Short,ObservationConfirm,24834.0,24832.75,1.25,14.5,15.75,-1.25,TP,Target,82.6,186.6,104.0,False,False
H1,2026-02-23,OPF-20260724-175736,20260224-0850-BEAR-OBS-001222-Z001222,20260224-0850-Short-1222,Short,ZoneBirthResearch,24771.25,24770.5,0.75,5.75,6.5,-0.75,SPLIT_BASE_SL_RUNNER_SL,Base:Stop|Runner:Stop,-27.4,-28.4,-1.0,False,False
H1,2026-02-23,OPF-20260724-175736,20260224-0920-BULL-OBS-001228-Z001227-FR,20260224-0930-Short-1230,Short,FailureReverse_ObservationInvalidated,24805.5,24806.25,-0.75,22.5,21.75,0.75,SL,Stop,-92.9,-89.4,3.5,False,False
H1,2026-02-23,OPF-20260724-175736,20260224-1030-BULL-PB-001242-Z001234,20260224-1030-Long-1242,Long,AlmostConfirmed,24834.5,24834.25,0.25,4.5,4.25,0.25,TP,Target,41.6,48.6,7.0,False,False
H1,2026-02-23,OPF-20260724-175736,20260224-1110-BULL-OBS-001250-Z001233-OC,20260224-1115-Long-1251,Long,ObservationConfirm,24827.0,24825.75,1.25,6.5,5.25,1.25,SL,Stop,-27.4,-23.4,4.0,False,False
H1,2026-02-23,OPF-20260724-175736,20260224-1220-BEAR-OBS-001264-Z001264,20260224-1220-Short-1264,Short,ZoneBirthResearch,24845.5,24844.0,1.5,16.5,18.0,-1.5,SPLIT_BASE_TP_RUNNER_BE,Base:Target|Runner:ProtectBE,76.1,87.6,11.5,False,False
H1,2026-02-23,OPF-20260724-175736,20260224-1330-BULL-OBS-001278-Z001278-FR-RT,20260224-1400-Short-1284,Short,FailureReverse_RetestFailed_WideStop1_5R,24862.375,24862.5,-0.125,19.125,19.12,0.005,TP,Target,224.6,227.04,2.44,False,False
H1,2026-02-23,OPF-20260724-175736,20260224-1635-BEAR-OBS-001315-Z001315,20260224-1635-Short-1315,Short,ZoneBirthResearch,24991.25,24992.0,-0.75,15.5,14.75,0.75,SPLIT_BASE_SL_RUNNER_SL,Base:Stop|Runner:Stop,-62.4,-61.4,1.0,False,False
H1,2026-02-23,OPF-20260724-175736,20260224-1825-BEAR-OBS-001337-Z001337,20260224-1825-Short-1337,Short,ZoneBirthResearch,25020.0,25019.0,1.0,12.75,13.75,-1.0,SPLIT_BASE_SL_RUNNER_SL,Base:Stop|Runner:Stop,-52.4,-57.4,-5.0,False,False
H1,2026-02-23,OPF-20260724-175736,20260224-1920-BEAR-OBS-001348-Z001348,20260224-1920-Short-1348,Short,ZoneBirthResearch,25000.25,25001.25,-1.0,9.0,8.0,1.0,SPLIT_BASE_SL_RUNNER_SL,Base:Stop|Runner:Stop,-38.4,-34.4,4.0,False,False
H1,2026-02-24,OPF-20260724-180007,20260224-2305-BEAR-OBS-001105-Z001105,20260224-2305-Short-1105,Short,ZoneBirthResearch,25002.25,25002.25,0.0,13.0,13.0,0.0,SPLIT_BASE_SL_RUNNER_SL,Base:Stop|Runner:Stop,-58.4,-54.4,4.0,False,False
H1,2026-02-24,OPF-20260724-180007,20260225-0150-BULL-OBS-001138-Z001138-FR-RT,20260225-0205-Short-1141,Short,FailureReverse_RetestFailed,25096.625,25096.25,0.375,9.375,9.75,-0.375,SL,ProtectBE,-34.9,-2.4,32.5,False,False
H1,2026-02-24,OPF-20260724-180007,20260225-0415-BEAR-OBS-001167-Z001167-OC,20260225-0420-Short-1168,Short,ObservationConfirm,25040.25,25041.75,-1.5,8.75,7.25,1.5,SL,Stop,-41.4,-31.4,10.0,False,False
H1,2026-02-24,OPF-20260724-180007,20260225-0435-BULL-OBS-001171-Z001170-OC,20260225-0440-Long-1172,Long,ObservationConfirm,25056.5,25055.5,1.0,10.75,9.75,1.0,SL,Stop,-47.4,-41.4,6.0,False,False
H1,2026-02-24,OPF-20260724-180007,20260225-0600-BEAR-OBS-001188-Z001188-OC,20260225-0605-Short-1189,Short,ObservationConfirm,25040.0,25039.5,0.5,7.5,8.0,-0.5,SL,Stop,-32.4,-34.4,-2.0,False,False
H1,2026-02-24,OPF-20260724-180007,20260225-0645-BEAR-OBS-001197-Z001197,20260225-0645-Short-1197,Short,ZoneBirthResearch,25042.375,25043.0,-0.625,6.125,5.5,0.625,SPLIT_BASE_SL_RUNNER_SL,Base:Stop|Runner:Stop,-28.9,-24.4,4.5,False,False
H1,2026-02-24,OPF-20260724-180007,20260225-0735-BEAR-OBS-001207-Z001207,20260225-0735-Short-1207,Short,ZoneBirthResearch,25028.5,25029.0,-0.5,8.0,7.5,0.5,SPLIT_BASE_SL_RUNNER_SL,Base:Stop|Runner:Stop,-37.4,-32.4,5.0,False,False
H1,2026-02-24,OPF-20260724-180007,20260225-1055-BEAR-OBS-001247-Z001247-OC,20260225-1100-Short-1248,Short,ObservationConfirm,25070.75,25070.5,0.25,10.5,10.75,-0.25,SL,Stop,-43.4,-45.4,-2.0,False,False
H1,2026-02-25,OPF-20260724-180206,20260226-0250-BULL-OBS-001150-Z001150-OC,20260226-0255-Long-1151,Long,ObservationConfirm,25306.75,25307.5,-0.75,8.25,9.0,-0.75,SL,Stop,-33.9,-38.4,-4.5,False,False
H1,2026-02-25,OPF-20260724-180206,20260226-0355-BEAR-OBS-001163-Z001163-OC,20260226-0400-Short-1164,Short,ObservationConfirm,25300.0,25300.25,-0.25,9.75,9.5,0.25,SL,Stop,-42.4,-40.4,2.0,False,False
H1,2026-02-25,OPF-20260724-180206,20260226-0505-BEAR-OBS-001177-Z001177-OC,20260226-0510-Short-1178,Short,ObservationConfirm,25285.0,25285.5,-0.5,14.25,13.75,0.5,SL,Stop,-60.4,-57.4,3.0,False,False
H1,2026-02-25,OPF-20260724-180206,20260226-0525-BULL-OBS-001181-Z001180-OC,20260226-0540-Long-1184,Long,ObservationConfirm,25298.875,25298.0,0.875,6.125,5.25,0.875,TP,ProtectBE,28.1,-2.4,-30.5,True,False
H1,2026-02-25,OPF-20260724-180206,20260226-0815-BULL-OBS-001215-Z001215-OC-STR,20260226-0820-Long-1216,Long,ObservationStrict_BullFresh_WideStop1_5R,25370.375,25370.0,0.375,14.875,14.62,0.255,SL,Stop,-64.9,-60.88,4.02,False,False
H1,2026-02-25,OPF-20260724-180206,20260226-1055-BEAR-OBS-001247-Z001247,20260226-1055-Short-1247,Short,ZoneBirthResearch,25357.125,25356.5,0.625,4.625,5.25,-0.625,SPLIT_BASE_TP_RUNNER_BE,Base:Stop|Runner:Stop,19.6,-23.4,-43.0,True,False
H1,2026-02-26,OPF-20260724-180409,20260226-2325-BULL-OBS-001109-Z001108-FR,20260226-2330-Short-1110,Short,FailureReverse_ObservationInvalidated,25009.25,25008.75,0.5,15.0,15.5,-0.5,SL,ProtectBE,-60.4,-2.4,58.0,False,False
H1,2026-02-26,OPF-20260724-180409,20260227-0050-BULL-OBS-001126-Z001126-OC,20260227-0055-Long-1127,Long,ObservationConfirm,24987.5,24986.25,1.25,8.75,7.5,1.25,SL,ProtectBE,-38.4,-2.4,36.0,False,False
H1,2026-02-26,OPF-20260724-180409,20260227-0300-BULL-OBS-001152-Z001152-OC,20260227-0305-Long-1153,Long,ObservationConfirm,25030.25,25031.0,-0.75,7.0,7.75,-0.75,SL,Stop,-29.4,-33.4,-4.0,False,False
H1,2026-02-26,OPF-20260724-180409,20260227-0310-BULL-OBS-001154-Z001152-FR,20260227-0320-Short-1156,Short,FailureReverse_ObservationInvalidated,25018.375,25019.5,-1.125,10.375,9.25,1.125,SL,ProtectBE,-42.9,-2.4,40.5,False,False
H1,2026-02-26,OPF-20260724-180409,20260227-0455-BEAR-OBS-001175-Z001175,20260227-0455-Short-1175,Short,ZoneBirthResearch,25022.5,25023.75,-1.25,4.25,3.0,1.25,SPLIT_BASE_SL_RUNNER_SL,Base:Stop|Runner:Stop,-21.4,-14.4,7.0,False,False
H1,2026-02-26,OPF-20260724-180409,20260227-0725-BULL-OBS-001205-Z001205-OC,20260227-0730-Long-1206,Long,ObservationConfirm,25069.375,25068.75,0.625,9.875,9.25,0.625,TP,ProtectBE,68.1,-2.4,-70.5,True,False
H1,2026-02-26,OPF-20260724-180409,20260227-1050-BEAR-OBS-001246-Z001246-OC,20260227-1055-Short-1247,Short,ObservationConfirm,25000.5,25000.75,-0.25,19.75,19.5,0.25,TP,Target,113.6,231.6,118.0,False,False
H1,2026-02-26,OPF-20260724-180409,20260227-1245-BEAR-BRK-001269-Z001269,20260227-1245-Short-1269,Short,BreakawayFvg,24914.75,24914.75,0.0,29.25,29.25,0.0,TP,Target,230.6,348.6,118.0,False,False
H1,2026-02-26,OPF-20260724-180409,20260227-1710-BULL-OBS-001322-Z001319-FR,20260227-1715-Short-1323,Short,FailureReverse_ObservationInvalidated,24941.5,24942.0,-0.5,24.25,23.75,0.5,SL,ProtectBE,-105.4,-2.4,103.0,False,False
H1,2026-02-26,OPF-20260724-180409,20260227-1945-BEAR-OBS-001353-Z001353,20260227-1945-Short-1353,Short,ZoneBirthResearch,24884.75,24885.0,-0.25,15.25,15.0,0.25,SPLIT_BASE_SL_RUNNER_SL,Base:Stop|Runner:Stop,-65.4,-62.4,3.0,False,False
H1,2026-02-27,OPF-20260724-180606,20260302-0020-BEAR-OBS-001120-Z001120-OC,20260302-0025-Short-1121,Short,ObservationConfirm,24731.125,24731.5,-0.375,19.375,19.0,0.375,SL,Stop,-82.9,-78.4,4.5,False,False
H1,2026-02-27,OPF-20260724-180606,20260302-0145-BEAR-OBS-001137-Z001137,20260302-0145-Short-1137,Short,ZoneBirthResearch,24858.5,24858.0,0.5,16.0,16.5,-0.5,SPLIT_BASE_SL_RUNNER_SL,Base:Stop|Runner:Stop,-62.4,-68.4,-6.0,False,False
H1,2026-02-27,OPF-20260724-180606,20260302-0210-BEAR-OBS-001142-Z001142,20260302-0210-Short-1142,Short,ZoneBirthResearch,24837.75,24839.0,-1.25,18.5,17.25,1.25,SPLIT_BASE_TP_RUNNER_TP,Base:Target|Runner:Target,238.1,221.85,-16.25,False,False
H1,2026-02-27,OPF-20260724-180606,20260302-0440-BULL-OBS-001172-Z001170-FR,20260302-0445-Short-1173,Short,FailureReverse_ObservationInvalidated_WideStop1_5R,24782.25,24783.0,-0.75,16.75,16.12,0.63,TP,Target,192.6,191.04,-1.56,False,False
H1,2026-02-27,OPF-20260724-180606,20260302-0525-BEAR-OBS-001181-Z001181,20260302-0525-Short-1181,Short,ZoneBirthResearch,24729.5,24729.0,0.5,13.0,13.5,-0.5,SPLIT_BASE_SL_RUNNER_SL,Base:Stop|Runner:Stop,-55.4,-56.4,-1.0,False,False
H1,2026-02-27,OPF-20260724-180606,20260302-1405-BEAR-OBS-001285-Z001284-OC,20260302-1410-Short-1286,Short,ObservationConfirm,24631.75,24631.75,0.0,12.5,12.5,0.0,TP,ProtectBE,73.6,-2.4,-76.0,True,False
H1,2026-02-27,OPF-20260724-180606,20260302-1810-BEAR-OBS-001334-Z001334,20260302-1810-Short-1334,Short,ZoneBirthResearch,25048.5,25049.5,-1.0,7.75,6.75,1.0,SPLIT_BASE_TP_RUNNER_TP,Base:Target|Runner:Target,96.1,85.35,-10.75,False,False
H1,2026-02-27,OPF-20260724-180606,20260302-2110-BEAR-OBS-001370-Z001370,20260302-2110-Short-1370,Short,ZoneBirthResearch,24997.25,24997.0,0.25,7.25,7.5,-0.25,SPLIT_BASE_SL_RUNNER_SL,Base:Stop|Runner:Stop,-32.4,-32.4,0.0,False,False
H1,2026-03-02,OPF-20260724-180804,20260303-0225-BEAR-OBS-001145-Z001144-FR,20260303-0230-Long-1146,Long,FailureReverse_ObservationInvalidated_WideStop1_5R,24843.25,24842.25,1.0,13.0,12.0,1.0,TP,Target,142.1,141.6,-0.5,False,False
H1,2026-03-02,OPF-20260724-180804,20260303-0845-BEAR-BRK-001221-Z001221,20260303-0845-Short-1221,Short,BreakawayFvg,24533.125,24535.25,-2.125,17.875,15.75,2.125,SL,ProtectBE,-71.9,-2.4,69.5,False,False
H1,2026-03-02,OPF-20260724-180804,20260303-0950-BEAR-BRK-001234-Z001234,20260303-0950-Short-1234,Short,BreakawayFvg,24469.75,24469.5,0.25,28.25,28.5,-0.25,TP,ProtectBE,221.6,-2.4,-224.0,True,False
H1,2026-03-02,OPF-20260724-180804,20260303-1335-BEAR-OBS-001279-Z001279,20260303-1335-Short-1279,Short,ZoneBirthResearch,24500.0,24498.25,1.75,15.5,17.25,-1.75,SPLIT_BASE_SL_RUNNER_SL,Base:Stop|Runner:Stop,-62.4,-71.4,-9.0,False,False
H1,2026-03-03,OPF-20260724-180958,20260304-0205-BEAR-BRK-001141-Z001141,20260304-0205-Short-1141,Short,BreakawayFvg,24643.125,24643.5,-0.375,22.375,22.0,0.375,SL,Stop,-93.9,-90.4,3.5,False,False
H1,2026-03-03,OPF-20260724-180958,20260304-0250-BULL-OBS-001150-Z001150-OC,20260304-0255-Long-1151,Long,ObservationConfirm_WideStop1_5R,24637.25,24636.5,0.75,18.75,18.0,0.75,SL,Stop,-78.4,-74.4,4.0,False,False
H1,2026-03-03,OPF-20260724-180958,20260304-0825-BEAR-OBS-001217-Z001217,20260304-0825-Short-1217,Short,ZoneBirthResearch,24628.625,24628.75,-0.125,13.875,13.75,0.125,SPLIT_BASE_SL_RUNNER_SL,Base:Stop|Runner:Stop,-60.9,-57.4,3.5,False,False
H1,2026-03-03,OPF-20260724-180958,20260304-1230-BEAR-OBS-001266-Z001266,20260304-1230-Short-1266,Short,ZoneBirthResearch,24743.0,24745.0,-2.0,15.0,13.0,2.0,SPLIT_BASE_SL_RUNNER_SL,Base:Stop|Runner:Stop,-62.4,-54.4,8.0,False,False
H1,2026-03-03,OPF-20260724-180958,20260304-1345-BULL-OBS-001281-Z001281-FR-RT,20260304-1400-Short-1284,Short,FailureReverse_RetestFailed,24887.25,24887.75,-0.5,11.5,11.0,0.5,SL,Stop,-48.9,-46.4,2.5,False,True
H1,2026-03-04,OPF-20260724-181156,20260304-2320-BEAR-OBS-001108-Z001108-OC,20260304-2325-Short-1109,Short,ObservationConfirm,25151.0,25151.5,-0.5,17.5,17.0,0.5,SL,Stop,-68.4,-70.4,-2.0,False,False
H1,2026-03-04,OPF-20260724-181156,20260305-0025-BULL-OBS-001121-Z001120-OC,20260305-0035-Long-1123,Long,ObservationConfirm_WideStop1_5R,25217.75,25217.5,0.25,23.75,23.62,0.13,SL,Stop,-102.9,-96.88,6.02,False,False
H1,2026-03-04,OPF-20260724-181156,20260305-0225-BEAR-OBS-001145-Z001145-OC,20260305-0230-Short-1146,Short,ObservationConfirm,25061.375,25062.0,-0.625,18.125,17.5,0.625,SL,Stop,-73.9,-72.4,1.5,False,False
H1,2026-03-04,OPF-20260724-181156,20260305-0620-BULL-OBS-001192-Z001192-OC,20260305-0625-Long-1193,Long,ObservationConfirm,25010.875,25010.75,0.125,10.625,10.5,0.125,SL,Stop,-48.9,-44.4,4.5,False,False
H1,2026-03-04,OPF-20260724-181156,20260305-0735-BEAR-OBS-001207-Z001207-OC,20260305-0740-Short-1208,Short,ObservationConfirm,25064.875,25064.25,0.625,13.625,14.25,-0.625,TP,ProtectBE,69.1,-2.4,-71.5,True,False
H1,2026-03-04,OPF-20260724-181156,20260305-1040-BEAR-OBS-001244-Z001244,20260305-1040-Short-1244,Short,ZoneBirthResearch,25104.25,25106.25,-2.0,16.0,14.0,2.0,SPLIT_BASE_SL_RUNNER_SL,Base:Stop|Runner:Stop,-66.4,-58.4,8.0,False,False
H1,2026-03-04,OPF-20260724-181156,20260305-1220-BULL-OBS-001264-Z001264-OC,20260305-1225-Long-1265,Long,ObservationConfirm,25118.375,25119.0,-0.625,10.125,10.75,-0.625,SL,Stop,-43.9,-45.4,-1.5,False,False
H1,2026-03-05,OPF-20260724-181410,20260306-0235-BEAR-OBS-001147-Z001147,20260306-0235-Short-1147,Short,ZoneBirthResearch,25089.625,25090.5,-0.875,14.375,13.5,0.875,SPLIT_BASE_SL_RUNNER_SL,Base:Stop|Runner:Stop,-56.9,-56.4,0.5,False,False
H1,2026-03-05,OPF-20260724-181410,20260306-0400-BULL-OBS-001164-Z001164-OC,20260306-0405-Long-1165,Long,ObservationConfirm,25111.25,25111.0,0.25,8.0,7.75,0.25,SL,Stop,-33.4,-33.4,0.0,False,False
H1,2026-03-05,OPF-20260724-181410,20260306-0405-BULL-OBS-001165-Z001164-FR,20260306-0420-Short-1168,Short,FailureReverse_ObservationInvalidated_WideStop1_5R,25099.25,25101.5,-2.25,11.25,9.0,2.25,SL,Stop,-47.9,-38.4,9.5,False,False
H1,2026-03-05,OPF-20260724-181410,20260306-0500-BEAR-OBS-001176-Z001176,20260306-0500-Short-1176,Short,ZoneBirthResearch,25112.25,25112.0,0.25,7.75,8.0,-0.25,SPLIT_BASE_SL_RUNNER_SL,Base:Stop|Runner:Stop,-33.4,-34.4,-1.0,False,False
H1,2026-03-05,OPF-20260724-181410,20260306-0510-BULL-OBS-001178-Z001178-OC,20260306-0515-Long-1179,Long,ObservationConfirm,25126.25,25127.0,-0.75,11.0,11.75,-0.75,SL,Stop,-46.4,-49.4,-3.0,False,False
H1,2026-03-05,OPF-20260724-181410,20260306-0520-BULL-OBS-001180-Z001178-OC,20260306-0530-Long-1182,Long,ObservationConfirm,25126.375,25125.75,0.625,11.125,10.5,0.625,SL,ProtectBE,-43.4,-2.4,41.0,False,False
H1,2026-03-05,OPF-20260724-181410,20260306-0615-BEAR-OBS-001191-Z001191-OC,20260306-0625-Short-1193,Short,ObservationConfirm,25110.25,25112.25,-2.0,15.0,13.0,2.0,SL,ProtectBE,-62.4,-2.4,60.0,False,False
H1,2026-03-06,OPF-20260724-181607,20260309-0440-BEAR-OBS-001184-Z001184,20260309-0440-Short-1184,Short,ZoneBirthResearch,24114.0,24114.25,-0.25,8.25,8.0,0.25,SPLIT_BASE_TP_RUNNER_BE,Base:Stop|Runner:Stop,39.1,-34.4,-73.5,True,True
H1,2026-03-09,OPF-20260724-181806,20260309-2345-BEAR-OBS-001125-Z001125-OC,20260309-2350-Short-1126,Short,ObservationConfirm,24873.0,24873.0,0.0,18.5,18.5,0.0,SL,Stop,-78.4,-76.4,2.0,False,False
H1,2026-03-09,OPF-20260724-181806,20260310-0155-BULL-OBS-001151-Z001151-FR-RT,20260310-0220-Short-1156,Short,FailureReverse_RetestFailed,24972.0,24972.25,-0.25,11.25,11.0,0.25,TP,Target,58.6,129.6,71.0,False,False
H1,2026-03-09,OPF-20260724-181806,20260310-0235-BEAR-OBS-001159-Z001159,20260310-0235-Short-1159,Short,ZoneBirthResearch,24955.625,24956.5,-0.875,13.125,12.25,0.875,SPLIT_BASE_TP_RUNNER_BE,Base:Target|Runner:Target,58.6,156.85,98.25,False,False
H1,2026-03-09,OPF-20260724-181806,20260310-0345-BEAR-OBS-001173-Z001173,20260310-0345-Short-1173,Short,ZoneBirthResearch,24869.75,24869.75,0.0,17.0,17.0,0.0,SPLIT_BASE_SL_RUNNER_SL,Base:Stop|Runner:Stop,-64.4,-70.4,-6.0,False,False
H1,2026-03-09,OPF-20260724-181806,20260310-0440-BULL-OBS-001184-Z001184-OC,20260310-0445-Long-1185,Long,ObservationConfirm,24909.0,24908.5,0.5,8.0,7.5,0.5,SL,Stop,-35.4,-32.4,3.0,False,False
H1,2026-03-09,OPF-20260724-181806,20260310-1040-BEAR-OBS-001256-Z001256-OC,20260310-1045-Short-1257,Short,ObservationConfirm,25050.0,25049.5,0.5,15.5,16.0,-0.5,SL,Stop,-64.4,-66.4,-2.0,False,False
H1,2026-03-10,OPF-20260724-182014,20260310-2240-BEAR-OBS-001112-Z001112-OC,20260310-2245-Short-1113,Short,ObservationConfirm,24957.25,24957.5,-0.25,7.25,7.0,0.25,SL,Stop,-29.4,-30.4,-1.0,False,False
H1,2026-03-10,OPF-20260724-182014,20260311-0220-BULL-OBS-001156-Z001156-OC,20260311-0225-Long-1157,Long,ObservationConfirm,25087.75,25088.5,-0.75,3.5,4.25,-0.75,SL,Stop,-18.9,-19.4,-0.5,False,False
H1,2026-03-10,OPF-20260724-182014,20260311-0340-BULL-OBS-001172-Z001172-OC,20260311-0345-Long-1173,Long,ObservationConfirm,25115.875,25115.0,0.875,10.875,10.0,0.875,SL,Stop,-45.9,-42.4,3.5,False,False
H1,2026-03-10,OPF-20260724-182014,20260311-0430-BULL-OBS-001182-Z001172-FR-RT,20260311-0445-Short-1185,Short,FailureReverse_RetestFailed_WideStop1_5R,25104.25,25104.25,0.0,7.0,7.12,-0.12,TP,Target,82.6,83.04,0.44,False,False
H1,2026-03-10,OPF-20260724-182014,20260311-0545-BEAR-BRK-001197-Z001197,20260311-0545-Short-1197,Short,BreakawayFvg,25038.75,25040.0,-1.25,10.25,9.0,1.25,TP,Target,80.1,105.6,25.5,False,False
H1,2026-03-10,OPF-20260724-182014,20260311-0930-BEAR-OBS-001242-Z001242-OC,20260311-0935-Short-1243,Short,ObservationConfirm,24934.0,24934.5,-0.5,15.5,15.0,0.5,TP,ProtectBE,89.6,-2.4,-92.0,True,False
H1,2026-03-10,OPF-20260724-182014,20260311-1150-BULL-OBS-001270-Z001249-OC-STR,20260311-1155-Long-1271,Long,ObservationStrict_Other,24949.25,24946.25,3.0,26.0,23.0,3.0,TP,ProtectBE,309.6,-2.4,-312.0,True,False
H1,2026-03-10,OPF-20260724-182014,20260311-1545-BEAR-BRK-001317-Z001317,20260311-1545-Short-1317,Short,BreakawayFvg,24912.625,24912.0,0.625,21.375,22.0,-0.625,SL,Stop,-86.9,-90.4,-3.5,False,False
H1,2026-03-10,OPF-20260724-182014,20260311-2005-BEAR-OBS-001369-Z001369-OC,20260311-2010-Short-1370,Short,ObservationConfirm,24964.5,24964.25,0.25,16.75,17.0,-0.25,SESSION_FLATTEN,GlobexCloseout,59.1,55.6,-3.5,False,False
H1,2026-03-11,OPF-20260724-182221,20260311-2210-BEAR-OBS-001106-Z001106-OC,20260311-2215-Short-1107,Short,ObservationConfirm,24900.25,24901.5,-1.25,8.25,7.0,1.25,TP,Target,46.6,81.6,35.0,False,False
H1,2026-03-11,OPF-20260724-182221,20260311-2245-BEAR-OBS-001113-Z001112-OC,20260311-2250-Short-1114,Short,ObservationConfirm,24833.875,24835.0,-1.125,16.625,15.5,1.125,SL,Stop,-70.9,-64.4,6.5,False,True
H1,2026-03-11,OPF-20260724-182221,20260312-0000-BULL-OBS-001128-Z001127-FR,20260312-0005-Short-1129,Short,FailureReverse_ObservationInvalidated,24756.25,24756.75,-0.5,16.75,16.25,0.5,SL,Stop,-62.4,-67.4,-5.0,False,False
H1,2026-03-11,OPF-20260724-182221,20260312-0225-BEAR-OBS-001157-Z001157,20260312-0225-Short-1157,Short,ZoneBirthResearch,24754.25,24755.25,-1.0,18.25,17.25,1.0,SPLIT_BASE_TP_RUNNER_BE,Base:Target|Runner:ProtectBE,87.6,83.85,-3.75,False,False
H1,2026-03-11,OPF-20260724-182221,20260312-0435-BEAR-OBS-001183-Z001183,20260312-0435-Short-1183,Short,ZoneBirthResearch,24720.0,24721.25,-1.25,17.0,15.75,1.25,SPLIT_BASE_SL_RUNNER_SL,Base:Stop|Runner:Stop,-69.4,-65.4,4.0,False,False
H1,2026-03-11,OPF-20260724-182221,20260312-0630-BULL-OBS-001206-Z001206-OC,20260312-0635-Long-1207,Long,ObservationConfirm,24788.5,24787.75,0.75,11.25,10.5,0.75,TP,Target,85.6,123.6,38.0,False,False
H1,2026-03-11,OPF-20260724-182221,20260312-1010-BEAR-OBS-001250-Z001250-OC,20260312-1015-Short-1251,Short,ObservationConfirm_WideStop1_5R,24901.875,24902.0,-0.125,14.625,14.62,0.005,SL,ProtectBE,-57.9,-2.4,55.5,False,False
H1,2026-03-11,OPF-20260724-182221,20260312-1050-BULL-OBS-001258-Z001244-OC-STR,20260312-1055-Long-1259,Long,ObservationStrict_Other,24884.0,24884.0,0.0,15.75,15.75,0.0,SL,Stop,-68.4,-65.4,3.0,False,False
H1,2026-03-11,OPF-20260724-182221,20260312-1105-BEAR-OBS-001261-Z001261-OC,20260312-1110-Short-1262,Short,ObservationConfirm,24861.5,24861.25,0.25,15.75,16.0,-0.25,SL,Stop,-67.4,-66.4,1.0,False,False
H1,2026-03-12,OPF-20260724-182420,20260313-0415-BEAR-OBS-001179-Z001179,20260313-0415-Short-1179,Short,ZoneBirthResearch,24607.5,24607.5,0.0,6.25,6.25,0.0,SPLIT_BASE_TP_RUNNER_TP,Base:Target|Runner:Target,75.1,78.85,3.75,False,False
H1,2026-03-12,OPF-20260724-182420,20260313-0530-BEAR-OBS-001194-Z001181-OC,20260313-0535-Short-1195,Short,ObservationConfirm,24585.5,24585.5,0.0,15.75,15.75,0.0,TP,ProtectBE,95.6,-2.4,-98.0,True,False
H1,2026-03-12,OPF-20260724-182420,20260313-0710-BEAR-OBS-001214-Z001214-OC,20260313-0715-Short-1215,Short,ObservationConfirm,24434.25,24434.25,0.0,19.0,19.0,0.0,SL,ProtectBE,-76.4,-2.4,74.0,False,False
H1,2026-03-12,OPF-20260724-182420,20260313-1020-BULL-OBS-001252-Z001252-FR,20260313-1025-Short-1253,Short,FailureReverse_ObservationInvalidated_WideStop1_5R,24584.5,24584.5,0.0,18.75,18.75,0.0,SL,Stop,-73.9,-77.4,-3.5,False,False
H1,2026-03-12,OPF-20260724-182420,20260313-1235-BULL-OBS-001279-Z001278-OC,20260313-1240-Long-1280,Long,ObservationConfirm_WideStop1_5R,24659.75,24659.25,0.5,23.0,22.5,0.5,TP,Target,122.6,267.6,145.0,False,False
H1,2026-03-12,OPF-20260724-182420,20260313-1940-BEAR-OBS-001364-Z001364-FR-RT,20260313-2020-Long-1372,Long,FailureReverse_RetestFailed,24374.5,24374.0,0.5,6.25,5.75,0.5,SL,Stop,-29.4,-25.4,4.0,False,False
H1,2026-03-13,OPF-20260724-182617,20260316-0105-BEAR-OBS-001141-Z001141-OC,20260316-0110-Short-1142,Short,ObservationConfirm,24500.625,24500.75,-0.125,7.625,7.5,0.125,SL,Stop,-23.9,-32.4,-8.5,False,False
H1,2026-03-13,OPF-20260724-182617,20260316-0330-BULL-OBS-001170-Z001170-OC,20260316-0335-Long-1171,Long,ObservationConfirm,24516.875,24515.5,1.375,10.125,8.75,1.375,TP,Target,80.1,102.6,22.5,False,False
H1,2026-03-13,OPF-20260724-182617,20260316-0435-BEAR-OBS-001183-Z001183-OC,20260316-0440-Short-1184,Short,ObservationConfirm,24517.5,24517.0,0.5,14.75,15.25,-0.5,SL,Stop,-67.4,-63.4,4.0,False,False
H1,2026-03-13,OPF-20260724-182617,20260316-0620-BEAR-OBS-001204-Z001204-OC,20260316-0625-Short-1205,Short,ObservationConfirm,24538.625,24539.0,-0.375,11.875,11.5,0.375,SL,Stop,-47.9,-48.4,-0.5,False,False
H1,2026-03-13,OPF-20260724-182617,20260316-0930-BEAR-OBS-001242-Z001242-OC,20260316-0935-Short-1243,Short,ObservationConfirm,24494.625,24494.25,0.375,18.875,19.25,-0.375,SL,Stop,-75.9,-79.4,-3.5,False,False
H1,2026-03-13,OPF-20260724-182617,20260316-1100-BULL-OBS-001260-Z001259-FR,20260316-1105-Short-1261,Short,FailureReverse_ObservationInvalidated_WideStop1_5R,24587.0,24586.75,0.25,14.0,14.25,-0.25,SL,Stop,-59.4,-59.4,0.0,False,False
H1,2026-03-13,OPF-20260724-182617,20260316-1220-BULL-PB-001276-Z001275,20260316-1220-Long-1276,Long,AlmostConfirmed,24659.25,24658.25,1.0,11.5,10.5,1.0,TP,Target,103.1,123.6,20.5,False,False
H1,2026-03-13,OPF-20260724-182617,20260316-1255-BEAR-OBS-001283-Z001283-OC,20260316-1310-Short-1286,Short,ObservationConfirm,24656.875,24656.75,0.125,13.875,14.0,-0.125,SL,Stop,-54.9,-58.4,-3.5,False,False
H1,2026-03-13,OPF-20260724-182617,20260316-2020-BEAR-OBS-001372-Z001372-OC,20260316-2025-Short-1373,Short,ObservationConfirm,24650.5,24650.0,0.5,21.25,21.75,-0.5,SESSION_FLATTEN,GlobexCloseout,-31.4,-31.4,0.0,False,False
H1,2026-03-16,OPF-20260724-182820,20260317-0110-BEAR-OBS-001142-Z001137-OC,20260317-0115-Short-1143,Short,ObservationConfirm,24821.25,24821.5,-0.25,20.25,20.0,0.25,SL,Stop,-84.9,-82.4,2.5,False,False
H1,2026-03-16,OPF-20260724-182820,20260317-0220-BEAR-OBS-001156-Z001154-OC,20260317-0225-Short-1157,Short,ObservationConfirm,24821.75,24821.5,0.25,7.0,7.25,-0.25,SL,Stop,-29.9,-31.4,-1.5,False,False
H1,2026-03-16,OPF-20260724-182820,20260317-0315-BEAR-OBS-001167-Z001163,20260317-0315-Short-1167,Short,UnknownRegimeZoneTouch,24807.25,24807.25,0.0,7.5,7.5,0.0,TP,Target,85.1,87.6,2.5,False,False
H1,2026-03-16,OPF-20260724-182820,20260317-0405-BULL-OBS-001177-Z001177-OC,20260317-0410-Long-1178,Long,ObservationConfirm,24801.25,24801.75,-0.5,10.0,10.5,-0.5,TP,ProtectBE,86.6,-2.4,-89.0,True,False
H1,2026-03-16,OPF-20260724-182820,20260317-0515-BULL-OBS-001191-Z001191-OC,20260317-0520-Long-1192,Long,ObservationConfirm,24845.25,24844.0,1.25,4.75,3.5,1.25,SL,ProtectBE,-21.9,-2.4,19.5,False,False
H1,2026-03-16,OPF-20260724-182820,20260317-0535-BEAR-OBS-001195-Z001195,20260317-0535-Short-1195,Short,ZoneBirthResearch,24826.5,24826.25,0.25,15.0,15.25,-0.25,SPLIT_BASE_TP_RUNNER_TP,Base:Target|Runner:Target,186.1,195.85,9.75,False,False
H1,2026-03-16,OPF-20260724-182820,20260317-0605-BEAR-OBS-001201-Z001201-OC,20260317-0610-Short-1202,Short,ObservationConfirm,24742.5,24742.75,-0.25,10.75,10.5,0.25,SL,Stop,-46.4,-44.4,2.0,False,False
H1,2026-03-16,OPF-20260724-182820,20260317-0620-BEAR-SHD-001204-Z001200,20260317-0630-Short-1206,Short,ShadowCandidate,24760.5,24761.0,-0.5,11.25,10.75,0.5,SL,Stop,-48.4,-45.4,3.0,False,False
H1,2026-03-16,OPF-20260724-182820,20260317-0655-BEAR-OBS-001211-Z001210-FR,20260317-0710-Long-1214,Long,FailureReverse_ObservationInvalidated,24762.0,24762.5,-0.5,10.25,10.75,-0.5,TP,Target,100.6,126.6,26.0,False,False
H1,2026-03-16,OPF-20260724-182820,20260317-0745-BULL-PB-001221-Z001216,20260317-0745-Long-1221,Long,AlmostConfirmed,24782.0,24781.75,0.25,16.5,16.25,0.25,SL,Stop,-71.4,-67.4,4.0,False,False
H1,2026-03-16,OPF-20260724-182820,20260317-1020-BEAR-OBS-001252-Z001252,20260317-1020-Short-1252,Short,ZoneBirthResearch,24800.75,24800.75,0.0,15.75,15.75,0.0,SPLIT_BASE_SL_RUNNER_SL,Base:Stop|Runner:Stop,-65.4,-65.4,0.0,False,False
H1,2026-03-16,OPF-20260724-182820,20260317-1235-BULL-OBS-001279-Z001279-OC,20260317-1240-Long-1280,Long,ObservationConfirm,24926.125,24926.25,-0.125,11.375,11.5,-0.125,SL,Stop,-45.9,-48.4,-2.5,False,False
H1,2026-03-17,OPF-20260724-183132,20260317-2205-BEAR-OBS-001105-Z001105,20260317-2205-Short-1105,Short,ZoneBirthResearch,25013.5,25013.5,0.0,7.75,7.75,0.0,SPLIT_BASE_TP_RUNNER_BE,Base:Target|Runner:ProtectBE,36.6,36.35,-0.25,False,False
H1,2026-03-17,OPF-20260724-183132,20260318-0020-BULL-OBS-001132-Z001131-OC-STR,20260318-0025-Long-1133,Long,ObservationStrict_Other,25046.625,25045.5,1.125,14.875,13.75,1.125,TP,Target,176.1,162.6,-13.5,False,False
H1,2026-03-17,OPF-20260724-183132,20260318-0110-BULL-PB-001142-Z001141,20260318-0110-Long-1142,Long,AlmostConfirmed,25091.5,25089.75,1.75,9.5,7.75,1.75,SL,ProtectBE,-41.4,-2.4,39.0,False,False
H1,2026-03-17,OPF-20260724-183132,20260318-0205-BULL-OBS-001153-Z001153-OC,20260318-0210-Long-1154,Long,ObservationConfirm,25107.25,25107.0,0.25,10.75,10.5,0.25,TP,Target,74.6,123.6,49.0,False,False
H1,2026-03-17,OPF-20260724-183132,20260318-0315-BULL-BRK-001167-Z001167-Q,20260318-0315-Long-1167,Long,BreakawayFvg_Qualified,25121.75,25121.5,0.25,8.0,7.75,0.25,TP,Target,41.6,90.6,49.0,False,False
H1,2026-03-17,OPF-20260724-183132,20260318-0400-BULL-OBS-001176-Z001176-OC,20260318-0405-Long-1177,Long,ObservationConfirm,25141.75,25141.25,0.5,7.5,7.0,0.5,SL,Stop,-28.4,-30.4,-2.0,False,False
H1,2026-03-17,OPF-20260724-183132,20260318-0450-BULL-OBS-001186-Z001186-OC,20260318-0455-Long-1187,Long,ObservationConfirm,25140.0,25139.75,0.25,4.5,4.25,0.25,SL,Stop,-21.4,-19.4,2.0,False,True
H1,2026-03-17,OPF-20260724-183132,20260318-0515-BULL-OBS-001191-Z001191-OC,20260318-0520-Long-1192,Long,ObservationConfirm,25155.75,25155.0,0.75,10.25,9.5,0.75,TP,Target,78.6,111.6,33.0,False,False
H1,2026-03-17,OPF-20260724-183132,20260318-0640-BEAR-OBS-001208-Z001208,20260318-0640-Short-1208,Short,ZoneBirthResearch,25187.0,25187.5,-0.5,6.75,6.25,0.5,SPLIT_BASE_TP_RUNNER_TP,Base:Target|Runner:Target,86.1,78.85,-7.25,False,False
H1,2026-03-17,OPF-20260724-183132,20260318-1025-BULL-OBS-001253-Z001252-FR,20260318-1035-Short-1255,Short,FailureReverse_ObservationInvalidated_WideStop1_5R,25183.5,25184.25,-0.75,10.25,9.38,0.87,TP,Target,123.6,110.16,-13.44,False,False
H1,2026-03-17,OPF-20260724-183132,20260318-1210-BEAR-BRK-001274-Z001274,20260318-1210-Short-1274,Short,BreakawayFvg,25047.5,25047.75,-0.25,25.5,25.25,0.25,TP,Target,201.6,300.6,99.0,False,False
H1,2026-03-17,OPF-20260724-183132,20260318-1925-BEAR-OBS-001361-Z001361,20260318-1925-Short-1361,Short,ZoneBirthResearch,24721.0,24721.5,-0.5,17.0,16.5,0.5,SPLIT_BASE_SL_RUNNER_SL,Base:Stop|Runner:Stop,-69.4,-68.4,1.0,False,False
H1,2026-03-18,OPF-20260724-183325,20260319-0220-BULL-OBS-001156-Z001156-OC,20260319-0225-Long-1157,Long,ObservationConfirm,24695.75,24696.75,-1.0,9.75,10.75,-1.0,TP,ProtectBE,85.6,-2.4,-88.0,True,False
H1,2026-03-18,OPF-20260724-183325,20260319-0235-BULL-OBS-001159-Z001159-OC-STR,20260319-0240-Long-1160,Long,ObservationStrict_BullFresh_WideStop1_5R,24716.75,24716.25,0.5,18.5,18.0,0.5,SL,Stop,-77.4,-74.4,3.0,False,False
H1,2026-03-18,OPF-20260724-183325,20260319-0250-BEAR-OBS-001162-Z001162-OC,20260319-0255-Short-1163,Short,ObservationConfirm,24695.75,24695.75,0.0,17.0,17.0,0.0,SL,Stop,-68.4,-70.4,-2.0,False,False
H1,2026-03-18,OPF-20260724-183325,20260319-0325-BEAR-OBS-001169-Z001169-OC,20260319-0330-Short-1170,Short,ObservationConfirm,24683.25,24683.5,-0.25,19.75,19.5,0.25,TP,Target,111.6,231.6,120.0,False,False
H1,2026-03-18,OPF-20260724-183325,20260319-0405-BEAR-OBS-001177-Z001177-OC,20260319-0410-Short-1178,Short,ObservationConfirm,24643.375,24643.75,-0.375,20.125,19.75,0.375,TP,ProtectBE,117.6,-2.4,-120.0,True,False
H1,2026-03-18,OPF-20260724-183325,20260319-0500-BULL-OBS-001188-Z001188-OC,20260319-0505-Long-1189,Long,ObservationConfirm,24632.0,24631.75,0.25,7.5,7.25,0.25,SL,Stop,-30.4,-31.4,-1.0,False,False
H1,2026-03-18,OPF-20260724-183325,20260319-0540-BULL-OBS-001196-Z001113-OC,20260319-0545-Long-1197,Long,ObservationConfirm,24586.75,24586.0,0.75,11.5,10.75,0.75,TP,Target,85.6,126.6,41.0,False,False
H1,2026-03-18,OPF-20260724-183325,20260319-1125-BEAR-BRK-001265-Z001265,20260319-1125-Short-1265,Short,BreakawayFvg,24546.25,24546.0,0.25,15.25,15.5,-0.25,TP,ProtectBE,118.6,-2.4,-121.0,True,False
H1,2026-03-18,OPF-20260724-183325,20260319-1135-BEAR-BRK-001267-Z001267,20260319-1135-Short-1267,Short,BreakawayFvg,24511.625,24511.25,0.375,17.625,18.0,-0.375,SL,Stop,-71.9,-74.4,-2.5,False,False
H1,2026-03-18,OPF-20260724-183325,20260319-1250-BEAR-OBS-001282-Z001282,20260319-1250-Short-1282,Short,ZoneBirthResearch,24448.75,24449.25,-0.5,16.25,15.75,0.5,SPLIT_BASE_TP_RUNNER_BE,Base:Target|Runner:ProtectBE,69.6,76.35,6.75,False,False
H1,2026-03-18,OPF-20260724-183325,20260319-1615-BEAR-BRK-001318-Z001318,20260319-1615-Short-1318,Short,BreakawayFvg,24456.5,24455.75,0.75,29.0,29.75,-0.75,SL,Stop,-120.4,-121.4,-1.0,False,False
H1,2026-03-18,OPF-20260724-183325,20260319-2020-BULL-OBS-001367-Z001367-OC,20260319-2025-Long-1368,Long,ObservationConfirm,24622.5,24622.0,0.5,10.0,9.5,0.5,SL,Stop,-41.4,-40.4,1.0,False,False
H1,2026-03-19,OPF-20260724-183528,20260320-0010-BEAR-OBS-001130-Z001119-OC,20260320-0015-Short-1131,Short,ObservationConfirm,24626.0,24628.75,-2.75,18.25,15.5,2.75,TP,Target,106.6,183.6,77.0,False,False
H1,2026-03-19,OPF-20260724-183528,20260320-0140-BULL-OBS-001148-Z001148-OC,20260320-0145-Long-1149,Long,ObservationConfirm,24649.375,24650.0,-0.625,9.875,10.5,-0.625,SL,Stop,-41.9,-44.4,-2.5,False,False
H1,2026-03-19,OPF-20260724-183528,20260320-0150-BULL-OBS-001150-Z001147-FR,20260320-0200-Short-1152,Short,FailureReverse_ObservationInvalidated,24612.625,24613.0,-0.375,16.125,15.75,0.375,SL,Stop,-67.4,-65.4,2.0,False,False
H1,2026-03-19,OPF-20260724-183528,20260320-0210-BULL-OBS-001154-Z001154-OC,20260320-0215-Long-1155,Long,ObservationConfirm,24634.0,24633.5,0.5,8.0,7.5,0.5,SL,Stop,-33.4,-32.4,1.0,False,False
H1,2026-03-19,OPF-20260724-183528,20260320-0215-BULL-OBS-001155-Z001154-FR-RT,20260320-0230-Short-1158,Short,FailureReverse_RetestFailed_WideStop1_5R,24623.75,24624.0,-0.25,7.25,7.12,0.13,SL,ProtectBE,-31.4,-2.4,29.0,False,False
H1,2026-03-19,OPF-20260724-183528,20260320-0300-BEAR-OBS-001164-Z001164-OC,20260320-0305-Short-1165,Short,ObservationConfirm,24611.0,24611.5,-0.5,20.25,19.75,0.5,TP,Target,122.6,234.6,112.0,False,False
H1,2026-03-19,OPF-20260724-183528,20260320-0500-BEAR-OBS-001188-Z001188-OC,20260320-0505-Short-1189,Short,ObservationConfirm,24570.875,24570.0,0.875,18.125,19.0,-0.875,SL,Stop,-74.9,-78.4,-3.5,False,False
H1,2026-03-19,OPF-20260724-183528,20260320-0525-BULL-OBS-001193-Z001193-OC,20260320-0535-Long-1195,Long,ObservationConfirm,24587.5,24587.5,0.0,7.25,7.25,0.0,TP,ProtectBE,39.6,-2.4,-42.0,True,False
H1,2026-03-19,OPF-20260724-183528,20260320-0625-BEAR-OBS-001205-Z001205-OC,20260320-0630-Short-1206,Short,ObservationConfirm,24565.0,24566.0,-1.0,8.25,7.25,1.0,TP,Target,45.6,84.6,39.0,False,False
H1,2026-03-19,OPF-20260724-183528,20260320-0640-BEAR-OBS-001208-Z001208-OC,20260320-0645-Short-1209,Short,ObservationConfirm,24540.625,24540.75,-0.125,16.625,16.5,0.125,TP,Target,97.1,195.6,98.5,False,False
H1,2026-03-19,OPF-20260724-183528,20260320-0800-BEAR-OBS-001224-Z001224,20260320-0800-Short-1224,Short,ZoneBirthResearch,24582.75,24583.0,-0.25,14.75,14.5,0.25,SPLIT_BASE_SL_RUNNER_SL,Base:Stop|Runner:Stop,-64.4,-60.4,4.0,False,False
H1,2026-03-19,OPF-20260724-183528,20260320-0810-BULL-OBS-001226-Z001226-OC,20260320-0815-Long-1227,Long,ObservationConfirm,24605.375,24605.75,-0.375,9.375,9.75,-0.375,SL,Stop,-39.9,-41.4,-1.5,False,False
H1,2026-03-20,OPF-20260724-183721,20260323-0255-BEAR-OBS-001163-Z001162-FR,20260323-0300-Long-1164,Long,FailureReverse_ObservationInvalidated,24021.75,24022.5,-0.75,16.75,17.5,-0.75,SL,Stop,-70.4,-72.4,-2.0,False,False
H1,2026-03-20,OPF-20260724-183721,20260323-0315-BEAR-OBS-001167-Z001167-OC,20260323-0320-Short-1168,Short,ObservationConfirm,23989.125,23988.5,0.625,15.875,16.5,-0.625,TP,ProtectBE,93.1,-2.4,-95.5,True,False
H1,2026-03-20,OPF-20260724-183721,20260323-0355-BEAR-OBS-001175-Z001175-OC,20260323-0400-Short-1176,Short,ObservationConfirm,23951.75,23952.25,-0.5,18.0,17.5,0.5,SL,Stop,-74.4,-72.4,2.0,False,False
H1,2026-03-20,OPF-20260724-183721,20260323-0635-BEAR-BRK-001207-Z001207,20260323-0635-Short-1207,Short,BreakawayFvg,23899.75,23900.5,-0.75,23.75,23.0,0.75,TP,Target,185.1,273.6,88.5,False,False
H1,2026-03-20,OPF-20260724-183721,20260323-0810-BEAR-OBS-001226-Z001207-OC,20260323-0815-Short-1227,Short,ObservationConfirm,23905.625,23906.25,-0.625,17.875,17.25,0.625,SL,Stop,-75.9,-71.4,4.5,False,False
H1,2026-03-20,OPF-20260724-183721,20260323-1920-BEAR-OBS-001360-Z001360,20260323-1920-Short-1360,Short,ZoneBirthResearch,24475.75,24476.25,-0.5,17.75,17.25,0.5,SPLIT_BASE_SL_RUNNER_SL,Base:Stop|Runner:Stop,-71.4,-71.4,0.0,False,False
H1,2026-03-23,OPF-20260724-183928,20260324-0435-BEAR-OBS-001183-Z001183-OC,20260324-0440-Short-1184,Short,ObservationConfirm,24245.125,24245.75,-0.625,12.375,11.75,0.625,SL,Stop,-45.4,-49.4,-4.0,False,False
H1,2026-03-23,OPF-20260724-183928,20260324-0450-BEAR-OBS-001186-Z001181-OC,20260324-0455-Short-1187,Short,ObservationConfirm,24257.0,24257.25,-0.25,18.0,17.75,0.25,TP,Target,103.6,210.6,107.0,False,False
H1,2026-03-23,OPF-20260724-183928,20260324-0520-BEAR-SHD-001192-Z001181,20260324-0540-Short-1196,Short,ShadowCandidate,24252.5,24253.25,-0.75,22.5,21.75,0.75,SL,Stop,-90.9,-89.4,1.5,False,False
H1,2026-03-23,OPF-20260724-183928,20260324-1310-BEAR-OBS-001286-Z001286,20260324-1310-Short-1286,Short,ZoneBirthResearch,24256.75,24254.25,2.5,14.25,16.75,-2.5,SPLIT_BASE_SL_RUNNER_SL,Base:Stop|Runner:Stop,-58.4,-69.4,-11.0,False,False
H1,2026-03-24,OPF-20260724-184126,20260324-2245-BEAR-OBS-001113-Z001107-OC,20260324-2250-Short-1114,Short,ObservationConfirm,24415.75,24416.5,-0.75,19.25,18.5,0.75,SL,Stop,-75.4,-76.4,-1.0,False,False
H1,2026-03-24,OPF-20260724-184126,20260324-2345-BEAR-OBS-001125-Z001125-OC,20260324-2350-Short-1126,Short,ObservationConfirm,24414.0,24414.75,-0.75,8.75,8.0,0.75,TP,Target,53.6,93.6,40.0,False,False
H1,2026-03-24,OPF-20260724-184126,20260325-0055-BEAR-OBS-001139-Z001138-OC,20260325-0100-Short-1140,Short,ObservationConfirm,24452.25,24453.75,-1.5,18.25,16.75,1.5,TP,ProtectBE,100.6,-2.4,-103.0,True,False
H1,2026-03-24,OPF-20260724-184126,20260325-0315-BEAR-OBS-001167-Z001167-OC,20260325-0320-Short-1168,Short,ObservationConfirm,24337.0,24337.5,-0.5,6.0,5.5,0.5,SL,Stop,-28.4,-24.4,4.0,False,True
H1,2026-03-24,OPF-20260724-184126,20260325-0420-BULL-OBS-001180-Z001180-OC,20260325-0425-Long-1181,Long,ObservationConfirm,24414.0,24413.75,0.25,10.5,10.25,0.25,SL,Stop,-47.4,-43.4,4.0,False,False
H1,2026-03-24,OPF-20260724-184126,20260325-0625-BEAR-BRK-001205-Z001205,20260325-0625-Short-1205,Short,BreakawayFvg,24343.875,24344.5,-0.625,18.375,17.75,0.625,SL,ProtectBE,-75.9,-2.4,73.5,False,False
H1,2026-03-24,OPF-20260724-184126,20260325-0655-BULL-OBS-001211-Z001210-OC,20260325-0705-Long-1213,Long,ObservationConfirm,24368.625,24367.25,1.375,11.125,9.75,1.375,TP,Target,87.1,114.6,27.5,False,False
H1,2026-03-24,OPF-20260724-184126,20260325-1105-BULL-OBS-001261-Z001261-OC,20260325-1110-Long-1262,Long,ObservationConfirm,24473.25,24472.75,0.5,11.0,10.5,0.5,TP,Target,89.6,123.6,34.0,False,False
H1,2026-03-24,OPF-20260724-184126,20260325-1150-BEAR-OBS-001270-Z001270-FR,20260325-1200-Long-1272,Long,FailureReverse_ObservationInvalidated,24503.75,24504.75,-1.0,17.25,18.25,-1.0,SL,ProtectBE,-75.4,-2.4,73.0,False,False
H1,2026-03-25,OPF-20260724-184338,20260325-2205-BEAR-OBS-001105-Z001105-OC,20260325-2210-Short-1106,Short,ObservationConfirm,24340.25,24340.25,0.0,18.75,18.75,0.0,TP,ProtectBE,106.6,-2.4,-109.0,True,False
H1,2026-03-25,OPF-20260724-184338,20260325-2300-BEAR-OBS-001116-Z001115-OC,20260325-2305-Short-1117,Short,ObservationConfirm,24317.5,24317.5,0.0,15.5,15.5,0.0,TP,ProtectBE,90.6,-2.4,-93.0,True,False
H1,2026-03-25,OPF-20260724-184338,20260325-2315-BEAR-OBS-001119-Z001119-OC,20260325-2320-Short-1120,Short,ObservationConfirm,24304.5,24304.5,0.0,11.0,11.0,0.0,SL,Stop,-45.4,-46.4,-1.0,False,False
H1,2026-03-25,OPF-20260724-184338,20260326-0030-BULL-OBS-001134-Z001133-FR,20260326-0040-Short-1136,Short,FailureReverse_ObservationInvalidated,24378.125,24377.75,0.375,9.875,10.25,-0.375,TP,Target,93.1,120.6,27.5,False,False
H1,2026-03-25,OPF-20260724-184338,20260326-0100-BEAR-OBS-001140-Z001139-OC,20260326-0105-Short-1141,Short,ObservationConfirm,24357.75,24358.0,-0.25,15.75,15.5,0.25,TP,ProtectBE,90.1,-2.4,-92.5,True,False
H1,2026-03-25,OPF-20260724-184338,20260326-0340-BULL-OBS-001172-Z001172-FR,20260326-0345-Short-1173,Short,FailureReverse_ObservationInvalidated_WideStop1_5R,24385.5,24386.25,-0.75,19.25,18.38,0.87,TP,Target,228.6,218.16,-10.44,False,False
H1,2026-03-25,OPF-20260724-184338,20260326-0510-BEAR-OBS-001190-Z001190-OC,20260326-0515-Short-1191,Short,ObservationConfirm,24302.25,24302.0,0.25,16.75,17.0,-0.25,TP,Target,100.1,201.6,101.5,False,False
H1,2026-03-25,OPF-20260724-184338,20260326-0535-BEAR-OBS-001195-Z001193,20260326-0535-Short-1195,Short,UnknownRegimeZoneTouch,24282.25,24282.5,-0.25,14.0,13.75,0.25,TP,Target,165.6,162.6,-3.0,False,False
H1,2026-03-25,OPF-20260724-184338,20260326-0935-BEAR-OBS-001243-Z001243,20260326-0935-Short-1243,Short,ZoneBirthResearch,24132.0,24132.5,-0.5,13.25,12.75,0.5,SPLIT_BASE_SL_RUNNER_SL,Base:Stop|Runner:Stop,-56.4,-53.4,3.0,False,False
H1,2026-03-25,OPF-20260724-184338,20260326-1050-BEAR-SHD-001258-Z001256,20260326-1055-Short-1259,Short,ShadowCandidate,24179.75,24176.75,3.0,9.5,12.5,-3.0,SL,ProtectBE,-38.9,-2.4,36.5,False,False
H1,2026-03-25,OPF-20260724-184338,20260326-1315-BEAR-OBS-001287-Z001265,20260326-1315-Short-1287,Short,UnknownRegimeZoneTouch,24147.75,24148.75,-1.0,14.75,13.75,1.0,TP,ProtectBE,176.1,-2.4,-178.5,True,True
H1,2026-03-26,OPF-20260724-184536,20260326-2340-BULL-OBS-001124-Z001124-OC,20260326-2345-Long-1125,Long,ObservationConfirm,23879.75,23879.0,0.75,11.75,11.0,0.75,TP,ProtectBE,88.1,-2.4,-90.5,True,False
H1,2026-03-26,OPF-20260724-184536,20260327-0130-BULL-OBS-001146-Z001146-OC,20260327-0135-Long-1147,Long,ObservationConfirm,23864.875,23863.75,1.125,11.125,10.0,1.125,SL,ProtectBE,-48.4,-2.4,46.0,False,False
H1,2026-03-26,OPF-20260724-184536,20260327-0600-BEAR-OBS-001200-Z001200,20260327-0600-Short-1200,Short,ZoneBirthResearch,23915.25,23914.5,0.75,16.5,17.25,-0.75,SPLIT_BASE_SL_RUNNER_SL,Base:Stop|Runner:Stop,-71.4,-71.4,0.0,False,False
H1,2026-03-26,OPF-20260724-184536,20260327-0620-BULL-OBS-001204-Z001204-OC,20260327-0625-Long-1205,Long,ObservationConfirm,23946.0,23945.5,0.5,9.75,9.25,0.5,SL,Stop,-37.4,-39.4,-2.0,False,False
H1,2026-03-26,OPF-20260724-184536,20260327-0650-BEAR-OBS-001210-Z001210,20260327-0650-Short-1210,Short,ZoneBirthResearch,23907.5,23908.0,-0.5,13.5,13.0,0.5,SPLIT_BASE_TP_RUNNER_TP,Base:Target|Runner:Target,171.1,166.6,-4.5,False,False
H1,2026-03-26,OPF-20260724-184536,20260327-1140-BEAR-OBS-001268-Z001260,20260327-1140-Short-1268,Short,UnknownRegimeZoneTouch,23656.5,23656.25,0.25,8.0,8.25,-0.25,SL,Stop,-35.4,-35.4,0.0,False,False
H1,2026-03-26,OPF-20260724-184536,20260327-1630-BEAR-OBS-001326-Z001326,20260327-1630-Short-1326,Short,ZoneBirthResearch,23477.25,23477.75,-0.5,15.25,14.75,0.5,SPLIT_BASE_SL_RUNNER_SL,Base:Stop|Runner:Stop,-68.4,-61.4,7.0,False,False
H1,2026-03-26,OPF-20260724-184536,20260327-1745-BEAR-OBS-001341-Z001341-OC,20260327-1750-Short-1342,Short,ObservationConfirm,23366.5,23367.25,-0.75,21.75,21.0,0.75,TP,ProtectBE,125.6,-2.4,-128.0,True,False
H1,2026-03-26,OPF-20260724-184536,20260327-1855-BEAR-OBS-001355-Z001355,20260327-1855-Short-1355,Short,ZoneBirthResearch,23339.0,23340.0,-1.0,8.0,7.0,1.0,SPLIT_BASE_SL_RUNNER_SL,Base:Stop|Runner:Stop,-35.4,-30.4,5.0,False,True
H1,2026-03-27,OPF-20260724-184733,20260330-0150-BULL-OBS-001150-Z001149-OC,20260330-0155-Long-1151,Long,ObservationConfirm,23201.75,23201.75,0.0,8.75,8.75,0.0,TP,Target,71.1,102.6,31.5,False,False
H1,2026-03-27,OPF-20260724-184733,20260330-0250-BULL-OBS-001162-Z001162-OC,20260330-0255-Long-1163,Long,ObservationConfirm,23252.25,23252.25,0.0,9.5,9.5,0.0,TP,Target,73.6,111.6,38.0,False,False
H1,2026-03-27,OPF-20260724-184733,20260330-0445-BEAR-OBS-001185-Z001185,20260330-0445-Short-1185,Short,ZoneBirthResearch,23323.75,23325.25,-1.5,8.75,7.25,1.5,SPLIT_BASE_SL_RUNNER_SL,Base:Stop|Runner:Stop,-37.4,-31.4,6.0,False,False
H1,2026-03-27,OPF-20260724-184733,20260330-0620-BULL-OBS-001204-Z001204-OC,20260330-0625-Long-1205,Long,ObservationConfirm,23369.75,23369.0,0.75,11.75,11.0,0.75,TP,Target,100.6,129.6,29.0,False,False
H1,2026-03-27,OPF-20260724-184733,20260330-1830-BEAR-OBS-001350-Z001350,20260330-1830-Short-1350,Short,ZoneBirthResearch,23168.0,23168.0,0.0,13.75,13.75,0.0,SPLIT_BASE_SL_RUNNER_SL,Base:Stop|Runner:Stop,-55.4,-57.4,-2.0,False,False
H1,2026-03-27,OPF-20260724-184733,20260330-1915-BEAR-BRK-001359-Z001359,20260330-1915-Short-1359,Short,BreakawayFvg,23052.5,23052.25,0.25,22.5,22.75,-0.25,SL,ProtectBE,-94.4,-2.4,92.0,False,False
H1,2026-03-27,OPF-20260724-184733,20260330-2010-BEAR-OBS-001370-Z001370-OC,20260330-2015-Short-1371,Short,ObservationConfirm,23098.5,23099.0,-0.5,16.75,16.25,0.5,SESSION_FLATTEN,GlobexCloseout,-11.4,-7.4,4.0,False,False
H1,2026-03-30,OPF-20260724-184943,20260331-0335-BEAR-OBS-001171-Z001171-OC,20260331-0340-Short-1172,Short,ObservationConfirm,23333.0,23332.0,1.0,15.5,16.5,-1.0,TP,ProtectBE,87.1,-2.4,-89.5,True,False
H1,2026-03-30,OPF-20260724-184943,20260331-0450-BEAR-OBS-001186-Z001186,20260331-0450-Short-1186,Short,ZoneBirthResearch,23288.25,23287.5,0.75,6.0,6.75,-0.75,SPLIT_BASE_TP_RUNNER_TP,Base:Target|Runner:Target,77.6,85.35,7.75,False,False
H1,2026-03-30,OPF-20260724-184943,20260331-0905-BULL-OBS-001237-Z001237-OC,20260331-0910-Long-1238,Long,ObservationConfirm,23334.0,23333.75,0.25,9.75,9.5,0.25,SL,Stop,-36.4,-40.4,-4.0,False,True
H1,2026-03-30,OPF-20260724-184943,20260331-1020-BEAR-OBS-001252-Z001252,20260331-1020-Short-1252,Short,ZoneBirthResearch,23304.25,23306.5,-2.25,8.5,6.25,2.25,SPLIT_BASE_SL_RUNNER_SL,Base:Stop|Runner:Stop,-38.4,-27.4,11.0,False,False
H1,2026-03-30,OPF-20260724-184943,20260331-1100-BULL-OBS-001260-Z001259-OC-STR,20260331-1105-Long-1261,Long,ObservationStrict_Other,23275.5,23275.0,0.5,17.5,17.0,0.5,TP,Target,205.1,201.6,-3.5,False,False
H1,2026-03-30,OPF-20260724-184943,20260331-1545-BEAR-OBS-001317-Z001317,20260331-1545-Short-1317,Short,ZoneBirthResearch,23473.625,23474.5,-0.875,18.375,17.5,0.875,SPLIT_BASE_SL_RUNNER_SL,Base:Stop|Runner:Stop,-76.9,-72.4,4.5,False,False
H1,2026-03-30,OPF-20260724-184943,20260331-2045-BEAR-OBS-001377-Z001377,20260331-2045-Short-1377,Short,ZoneBirthResearch,23912.0,23913.0,-1.0,9.0,8.0,1.0,SPLIT_BASE_SESSION_FLATTEN_RUNNER_SESSION_FLATTEN,GlobexCloseout,13.6,19.6,6.0,False,False
H1,2026-03-31,OPF-20260724-185147,20260401-0105-BEAR-OBS-001141-Z001141-OC,20260401-0110-Short-1142,Short,ObservationConfirm,23998.25,23999.25,-1.0,18.25,17.25,1.0,TP,ProtectBE,109.1,-2.4,-111.5,True,False
H1,2026-03-31,OPF-20260724-185147,20260401-0200-BEAR-OBS-001152-Z001147-OC,20260401-0205-Short-1153,Short,ObservationConfirm,23988.25,23988.5,-0.25,10.25,10.0,0.25,TP,Target,53.6,117.6,64.0,False,False
H1,2026-03-31,OPF-20260724-185147,20260401-0215-BEAR-OBS-001155-Z001155-OC,20260401-0220-Short-1156,Short,ObservationConfirm,23976.25,23975.25,1.0,9.5,10.5,-1.0,TP,ProtectBE,52.1,-2.4,-54.5,True,False
H1,2026-03-31,OPF-20260724-185147,20260401-0245-BEAR-OBS-001161-Z001155-OC,20260401-0250-Short-1162,Short,ObservationConfirm,23975.25,23975.5,-0.25,10.5,10.25,0.25,SL,ProtectBE,-48.4,-2.4,46.0,False,False
H1,2026-03-31,OPF-20260724-185147,20260401-1155-BULL-OBS-001271-Z001271-FR,20260401-1200-Short-1272,Short,FailureReverse_ObservationInvalidated_WideStop1_5R,24176.75,24176.75,0.0,17.5,17.62,-0.12,SL,Stop,-69.4,-72.88,-3.48,False,False
H1,2026-03-31,OPF-20260724-185147,20260401-1210-BULL-OBS-001274-Z001268-OC,20260401-1215-Long-1275,Long,ObservationConfirm,24170.25,24170.0,0.25,7.25,7.0,0.25,SL,Stop,-30.4,-30.4,0.0,False,False
H1,2026-03-31,OPF-20260724-185147,20260401-1305-BULL-PB-001285-Z001243,20260401-1305-Long-1285,Long,AlmostConfirmed,24053.0,24053.0,0.0,20.0,20.0,0.0,TP,ProtectBE,193.6,-2.4,-196.0,True,True
H1,2026-03-31,OPF-20260724-185147,20260401-1710-BULL-OBS-001334-Z001333-OC,20260401-1715-Long-1335,Long,ObservationConfirm,24339.0,24338.75,0.25,9.5,9.25,0.25,SL,Stop,-36.4,-39.4,-3.0,False,False
H1,2026-04-02,OPF-20260724-185342,20260401-2255-BEAR-OBS-001115-Z001115,20260401-2255-Short-1115,Short,ZoneBirthResearch,24170.75,24169.5,1.25,13.0,14.25,-1.25,SPLIT_BASE_SL_RUNNER_SL,Base:Stop|Runner:Stop,-59.4,-59.4,0.0,False,False
H1,2026-04-02,OPF-20260724-185342,20260401-2350-BULL-OBS-001126-Z001118-OC-STR,20260401-2355-Long-1127,Long,ObservationStrict_Other,24185.625,24183.25,2.375,10.875,8.5,2.375,SL,Stop,-49.4,-36.4,13.0,False,False
H1,2026-04-02,OPF-20260724-185342,20260402-0215-BEAR-BRK-001155-Z001155,20260402-0215-Short-1155,Short,BreakawayFvg,23892.0,23892.5,-0.5,22.25,21.75,0.5,TP,ProtectBE,182.6,-2.4,-185.0,True,False
H1,2026-04-02,OPF-20260724-185342,20260402-0340-BEAR-OBS-001172-Z001172,20260402-0340-Short-1172,Short,ZoneBirthResearch,23846.25,23846.5,-0.25,16.75,16.5,0.25,SPLIT_BASE_TP_RUNNER_TP,Base:Target|Runner:Target,214.6,212.1,-2.5,False,False
H1,2026-04-02,OPF-20260724-185342,20260402-0805-BEAR-OBS-001225-Z001225-OC,20260402-0810-Short-1226,Short,ObservationConfirm,23842.75,23843.25,-0.5,15.75,15.25,0.5,SL,ProtectBE,-67.4,-2.4,65.0,False,False
H1,2026-04-02,OPF-20260724-185342,20260402-0935-BEAR-OBS-001243-Z001243-OC,20260402-0940-Short-1244,Short,ObservationConfirm,23827.0,23828.0,-1.0,19.25,18.25,1.0,TP,Target,109.6,216.6,107.0,False,False
H1,2026-04-02,OPF-20260724-185342,20260402-1120-BEAR-OBS-001264-Z001264,20260402-1120-Short-1264,Short,ZoneBirthResearch,23743.625,23745.75,-2.125,14.375,12.25,2.125,SPLIT_BASE_TP_RUNNER_TP,Base:Target|Runner:Target,182.6,156.85,-25.75,False,False
H1,2026-04-02,OPF-20260724-185342,20260402-1245-BEAR-OBS-001281-Z001264-OC,20260402-1250-Short-1282,Short,ObservationConfirm,23750.25,23750.75,-0.5,7.75,7.25,0.5,TP,Target,41.6,84.6,43.0,False,False
H1,2026-04-02,OPF-20260724-185342,20260402-1310-BULL-OBS-001286-Z001277-OC-STR,20260402-1315-Long-1287,Long,ObservationStrict_Other,23724.75,23725.0,-0.25,18.5,18.75,-0.25,TP,ProtectBE,219.6,-2.4,-222.0,True,False
H1,2026-04-02,OPF-20260724-185342,20260402-1735-BEAR-OBS-001339-Z001339,20260402-1735-Short-1339,Short,ZoneBirthResearch,24146.75,24146.75,0.0,16.0,16.0,0.0,SPLIT_BASE_TP_RUNNER_TP,Base:Target|Runner:Target,205.6,205.6,0.0,False,False
H1,2026-04-03,OPF-20260724-185539,20260405-2255-BULL-OBS-001022-Z001022-FR-RT,20260405-2310-Short-1025,Short,FailureReverse_RetestFailed_WideStop1_5R,24068.5,24069.0,-0.5,10.5,10.12,0.38,SL,Stop,-47.4,-42.88,4.52,False,True
H1,2026-04-03,OPF-20260724-185539,20260406-0100-BULL-OBS-001047-Z001047-OC,20260406-0105-Long-1048,Long,ObservationConfirm_WideStop1_5R,24219.5,24217.75,1.75,25.75,24.0,1.75,SL,Stop,-107.4,-98.4,9.0,False,False
H1,2026-04-03,OPF-20260724-185539,20260406-0850-BULL-OBS-001141-Z001138-OC,20260406-0855-Long-1142,Long,ObservationConfirm,24370.5,24370.75,-0.25,10.25,10.5,-0.25,TP,ProtectBE,79.6,-2.4,-82.0,True,False
H1,2026-04-03,OPF-20260724-185539,20260406-1045-BULL-OBS-001164-Z001130-OC-STR,20260406-1050-Long-1165,Long,ObservationStrict_Other,24315.375,24314.0,1.375,19.125,17.75,1.375,SL,Stop,-78.9,-73.4,5.5,False,False
H1,2026-04-03,OPF-20260724-185539,20260406-1715-BEAR-OBS-001242-Z001242,20260406-1715-Short-1242,Short,ZoneBirthResearch,24249.5,24249.5,0.0,13.25,13.25,0.0,SPLIT_BASE_SL_RUNNER_SL,Base:Stop|Runner:Stop,-54.4,-55.4,-1.0,False,False
H1,2026-04-06,OPF-20260724-185737,20260407-0000-BEAR-OBS-001035-Z001035-OC,20260407-0005-Short-1036,Short,ObservationConfirm,24295.125,24295.5,-0.375,17.125,16.75,0.375,SL,Stop,-64.9,-69.4,-4.5,False,False
H1,2026-04-06,OPF-20260724-185737,20260407-0200-BEAR-BRK-001059-Z001059,20260407-0200-Short-1059,Short,BreakawayFvg,24172.25,24172.75,-0.5,16.0,15.5,0.5,SL,ProtectBE,-65.4,-2.4,63.0,False,False
H1,2026-04-06,OPF-20260724-185737,20260407-0210-BEAR-SHD-001061-Z001059,20260407-0220-Short-1063,Short,ShadowCandidate,24180.75,24181.0,-0.25,7.5,7.25,0.25,SL,Stop,-36.9,-31.4,5.5,False,False
H1,2026-04-06,OPF-20260724-185737,20260407-0405-BEAR-OBS-001084-Z001084-OC,20260407-0410-Short-1085,Short,ObservationConfirm,24203.375,24204.0,-0.625,17.375,16.75,0.625,SL,Stop,-71.9,-69.4,2.5,False,False
H1,2026-04-06,OPF-20260724-185737,20260407-0455-BULL-OBS-001094-Z001093-OC,20260407-0510-Long-1097,Long,ObservationConfirm,24250.5,24249.75,0.75,8.5,7.75,0.75,SL,Stop,-36.9,-33.4,3.5,False,True
H1,2026-04-06,OPF-20260724-185737,20260407-0525-BULL-OBS-001100-Z001088-FR-RT,20260407-0540-Short-1103,Short,FailureReverse_RetestFailed_WideStop1_5R,24206.0,24207.5,-1.5,23.5,22.12,1.38,SL,Stop,-95.4,-90.88,4.52,False,False
H1,2026-04-07,OPF-20260724-185937,20260408-0120-BEAR-OBS-001051-Z001051-OC,20260408-0125-Short-1052,Short,ObservationConfirm,25067.0,25067.75,-0.75,17.75,17.0,0.75,SL,Stop,-74.9,-70.4,4.5,False,False
H1,2026-04-07,OPF-20260724-185937,20260408-0450-BULL-OBS-001093-Z001085-OC,20260408-0455-Long-1094,Long,ObservationConfirm,25125.75,25124.75,1.0,9.25,8.25,1.0,TP,ProtectBE,65.6,-2.4,-68.0,True,False
H1,2026-04-07,OPF-20260724-185937,20260408-0600-BULL-PB-001107-Z001106,20260408-0600-Long-1107,Long,AlmostConfirmed,25189.0,25188.75,0.25,18.0,17.75,0.25,SL,Stop,-75.4,-73.4,2.0,False,False
H1,2026-04-07,OPF-20260724-185937,20260408-0705-BEAR-BRK-001120-Z001120,20260408-0705-Short-1120,Short,BreakawayFvg,25152.375,25152.25,0.125,13.375,13.5,-0.125,SL,Stop,-59.9,-56.4,3.5,False,False
H1,2026-04-07,OPF-20260724-185937,20260408-0735-BEAR-OBS-001126-Z001126-OC,20260408-0740-Short-1127,Short,ObservationConfirm,25145.75,25146.5,-0.75,18.0,17.25,0.75,SL,Stop,-68.4,-71.4,-3.0,False,False
H1,2026-04-07,OPF-20260724-185937,20260408-1225-BEAR-OBS-001184-Z001184-OC,20260408-1235-Short-1186,Short,ObservationConfirm,25193.25,25193.25,0.0,13.5,13.5,0.0,SL,ProtectBE,-60.4,-2.4,58.0,False,False
H1,2026-04-07,OPF-20260724-185937,20260408-1700-BULL-OBS-001239-Z001237-FR,20260408-1705-Short-1240,Short,FailureReverse_ObservationInvalidated_WideStop1_5R,25125.25,25125.0,0.25,20.0,20.25,-0.25,TP,ProtectBE,237.6,-2.4,-240.0,True,False
H1,2026-04-07,OPF-20260724-185937,20260408-2010-BEAR-OBS-001277-Z001277,20260408-2010-Short-1277,Short,ZoneBirthResearch,25059.0,25059.5,-0.5,15.25,14.75,0.5,SPLIT_BASE_SL_RUNNER_SL,Base:Stop|Runner:Stop,-63.4,-61.4,2.0,False,False
H1,2026-04-08,OPF-20260724-190140,20260408-2235-BEAR-OBS-001018-Z001014-OC,20260408-2240-Short-1019,Short,ObservationConfirm,25030.25,25031.25,-1.0,19.0,18.0,1.0,SL,Stop,-82.4,-74.4,8.0,False,False
H1,2026-04-08,OPF-20260724-190140,20260408-2310-BULL-OBS-001025-Z001025-FR-RT,20260408-2335-Short-1030,Short,FailureReverse_RetestFailed,25030.5,25030.75,-0.25,6.0,5.75,0.25,SL,Stop,-24.4,-25.4,-1.0,False,True
H1,2026-04-08,OPF-20260724-190140,20260409-0010-BEAR-OBS-001037-Z001036-FR,20260409-0020-Long-1039,Long,FailureReverse_ObservationInvalidated,25026.125,25025.75,0.375,10.875,10.5,0.375,SL,Stop,-42.9,-44.4,-1.5,False,False
H1,2026-04-08,OPF-20260724-190140,20260409-0005-BEAR-OBS-001036-Z001036-FR-RT,20260409-0035-Long-1042,Long,FailureReverse_RetestFailed,25025.25,25024.0,1.25,10.0,8.75,1.25,SL,Stop,-43.4,-37.4,6.0,False,False
H1,2026-04-08,OPF-20260724-190140,20260409-0135-BULL-OBS-001054-Z001054-OC,20260409-0140-Long-1055,Long,ObservationConfirm,25005.5,25004.75,0.75,10.75,10.0,0.75,SL,Stop,-46.4,-42.4,4.0,False,False
H1,2026-04-08,OPF-20260724-190140,20260409-0300-BEAR-OBS-001071-Z001071-OC,20260409-0305-Short-1072,Short,ObservationConfirm,25031.5,25031.5,0.0,8.0,8.0,0.0,TP,ProtectBE,40.1,-2.4,-42.5,True,False
H1,2026-04-08,OPF-20260724-190140,20260409-0320-BEAR-OBS-001075-Z001075-OC,20260409-0325-Short-1076,Short,ObservationConfirm,25019.0,25019.5,-0.5,7.5,7.0,0.5,SL,Stop,-32.4,-30.4,2.0,False,False
H1,2026-04-08,OPF-20260724-190140,20260409-0710-BEAR-OBS-001121-Z001121,20260409-0710-Short-1121,Short,ZoneBirthResearch,25019.75,25020.25,-0.5,7.75,7.25,0.5,SPLIT_BASE_TP_RUNNER_TP,Base:Target|Runner:Target,92.6,91.85,-0.75,False,False
H1,2026-04-08,OPF-20260724-190140,20260409-0745-BEAR-BRK-001128-Z001128,20260409-0745-Short-1128,Short,BreakawayFvg,24973.5,24974.0,-0.5,15.0,14.5,0.5,SL,Stop,-65.4,-60.4,5.0,False,False
H1,2026-04-08,OPF-20260724-190140,20260409-0845-BEAR-OBS-001140-Z001126,20260409-0845-Short-1140,Short,UnknownRegimeZoneTouch,24985.75,24986.75,-1.0,20.0,19.0,1.0,SL,ProtectBE,-81.4,-2.4,79.0,False,False
H1,2026-04-08,OPF-20260724-190140,20260409-1415-BEAR-OBS-001206-Z001206-OC,20260409-1420-Short-1207,Short,ObservationConfirm,24997.25,24998.5,-1.25,17.75,16.5,1.25,TP,ProtectBE,104.1,-2.4,-106.5,True,False
H1,2026-04-08,OPF-20260724-190140,20260409-1640-BEAR-OBS-001235-Z001235,20260409-1640-Short-1235,Short,ZoneBirthResearch,25180.0,25181.5,-1.5,15.0,13.5,1.5,SPLIT_BASE_SL_RUNNER_SL,Base:Stop|Runner:Stop,-62.4,-56.4,6.0,False,False
H1,2026-04-09,OPF-20260724-190344,20260409-2230-BEAR-OBS-001110-Z001110-OC,20260409-2235-Short-1111,Short,ObservationConfirm,25223.75,25224.5,-0.75,20.25,19.5,0.75,TP,ProtectBE,116.6,-2.4,-119.0,True,False
H1,2026-04-09,OPF-20260724-190344,20260410-0035-BULL-OBS-001135-Z001135-OC,20260410-0040-Long-1136,Long,ObservationConfirm,25246.75,25246.75,0.0,10.25,10.25,0.0,TP,Target,77.1,120.6,43.5,False,False
H1,2026-04-09,OPF-20260724-190344,20260410-0100-BULL-OBS-001140-Z001140-OC,20260410-0105-Long-1141,Long,ObservationConfirm,25266.375,25266.5,-0.125,10.875,11.0,-0.125,SL,Stop,-44.9,-46.4,-1.5,False,False
H1,2026-04-09,OPF-20260724-190344,20260410-0140-BULL-PB-001148-Z001147,20260410-0140-Long-1148,Long,AlmostConfirmed,25292.5,25292.5,0.0,12.75,12.75,0.0,SL,Stop,-54.4,-53.4,1.0,False,False
H1,2026-04-09,OPF-20260724-190344,20260410-0205-BEAR-OBS-001153-Z001153-OC,20260410-0210-Short-1154,Short,ObservationConfirm,25272.375,25272.75,-0.375,11.375,11.0,0.375,TP,ProtectBE,66.1,-2.4,-68.5,True,False
H1,2026-04-09,OPF-20260724-190344,20260410-0220-BEAR-OBS-001156-Z001156-OC,20260410-0225-Short-1157,Short,ObservationConfirm,25262.0,25261.5,0.5,8.0,8.5,-0.5,SL,Stop,-37.4,-36.4,1.0,False,False
H1,2026-04-09,OPF-20260724-190344,20260410-0335-BULL-OBS-001171-Z001171-OC,20260410-0340-Long-1172,Long,ObservationConfirm,25292.0,25291.25,0.75,8.5,7.75,0.75,SL,Stop,-36.4,-33.4,3.0,False,False
H1,2026-04-09,OPF-20260724-190344,20260410-0505-BULL-OBS-001189-Z001189-OC,20260410-0520-Long-1192,Long,ObservationConfirm,25279.75,25279.0,0.75,8.25,7.5,0.75,SL,Stop,-35.4,-32.4,3.0,False,False
H1,2026-04-09,OPF-20260724-190344,20260410-0555-BEAR-OBS-001199-Z001199,20260410-0555-Short-1199,Short,ZoneBirthResearch,25261.75,25262.25,-0.5,6.5,6.0,0.5,SPLIT_BASE_TP_RUNNER_TP,Base:Target|Runner:Target,76.6,75.6,-1.0,False,False
H1,2026-04-09,OPF-20260724-190344,20260410-0640-BULL-OBS-001208-Z001132-OC-STR,20260410-0645-Long-1209,Long,ObservationStrict_Other,25227.5,25227.0,0.5,11.5,11.0,0.5,SL,ProtectBE,-48.4,-2.4,46.0,False,False
H1,2026-04-09,OPF-20260724-190344,20260410-0820-BEAR-OBS-001228-Z001227-FR,20260410-0825-Long-1229,Long,FailureReverse_ObservationInvalidated,25228.375,25227.75,0.625,10.625,10.0,0.625,SL,Stop,-39.9,-42.4,-2.5,False,False
H1,2026-04-09,OPF-20260724-190344,20260410-0855-BEAR-OBS-001235-Z001235,20260410-0855-Short-1235,Short,ZoneBirthResearch,25209.25,25209.0,0.25,3.25,3.5,-0.25,SPLIT_BASE_SL_RUNNER_SL,Base:Stop|Runner:Stop,-16.4,-16.4,0.0,False,False
H1,2026-04-10,OPF-20260724-190542,20260412-2220-BEAR-OBS-001108-Z001108,20260412-2220-Short-1108,Short,ZoneBirthResearch,24974.0,24974.75,-0.75,13.5,12.75,0.75,SPLIT_BASE_TP_RUNNER_BE,Base:Target|Runner:Target,66.6,163.35,96.75,False,False
H1,2026-04-10,OPF-20260724-190542,20260413-0015-BULL-OBS-001131-Z001131-OC,20260413-0020-Long-1132,Long,ObservationConfirm,25000.375,25000.0,0.375,9.625,9.25,0.375,SL,Stop,-34.9,-39.4,-4.5,False,True
H1,2026-04-10,OPF-20260724-190542,20260413-0035-BULL-OBS-001135-Z001135-OC,20260413-0040-Long-1136,Long,ObservationConfirm_WideStop1_5R,25013.0,25012.25,0.75,9.75,9.0,0.75,TP,Target,50.6,105.6,55.0,False,False
H1,2026-04-10,OPF-20260724-190542,20260413-0210-BEAR-OBS-001154-Z001154-OC,20260413-0215-Short-1155,Short,ObservationConfirm,25066.5,25067.0,-0.5,6.75,6.25,0.5,TP,ProtectBE,35.1,-2.4,-37.5,True,False
H1,2026-04-10,OPF-20260724-190542,20260413-0320-BEAR-OBS-001168-Z001166-FR,20260413-0325-Long-1169,Long,FailureReverse_ObservationInvalidated,25072.0,25072.0,0.0,9.0,9.0,0.0,SL,Stop,-39.4,-38.4,1.0,False,False
H1,2026-04-10,OPF-20260724-190542,20260413-0330-BULL-OBS-001170-Z001169-FR-RT,20260413-0350-Short-1174,Short,FailureReverse_RetestFailed,25059.125,25059.25,-0.125,5.375,5.25,0.125,TP,ProtectBE,23.1,-2.4,-25.5,True,False
H1,2026-04-10,OPF-20260724-190542,20260413-0420-BULL-OBS-001180-Z001179-OC,20260413-0425-Long-1181,Long,ObservationConfirm,25070.875,25070.5,0.375,9.875,9.5,0.375,TP,ProtectBE,90.1,-2.4,-92.5,True,False
H1,2026-04-10,OPF-20260724-190542,20260413-0500-BULL-OBS-001188-Z001187-FR-RT,20260413-0530-Short-1194,Short,FailureReverse_RetestFailed_WideStop1_5R,25075.5,25075.0,0.5,6.0,6.38,-0.38,SL,ProtectBE,-19.4,-2.4,17.0,False,False
H1,2026-04-10,OPF-20260724-190542,20260413-0600-BULL-OBS-001200-Z001200-OC,20260413-0605-Long-1201,Long,ObservationConfirm,25087.0,25086.75,0.25,11.0,10.75,0.25,TP,Target,85.6,126.6,41.0,False,False
H1,2026-04-10,OPF-20260724-190542,20260413-0630-BULL-OBS-001206-Z001204-OC-STR,20260413-0635-Long-1207,Long,ObservationStrict_Other,25103.5,25102.75,0.75,11.5,10.75,0.75,SL,ProtectBE,-48.9,-2.4,46.5,False,False
H1,2026-04-10,OPF-20260724-190542,20260413-0805-BULL-OBS-001225-Z001225-OC,20260413-0810-Long-1226,Long,ObservationConfirm,25111.25,25111.75,-0.5,8.0,8.5,-0.5,SL,ProtectBE,-32.4,-2.4,30.0,False,False
H1,2026-04-10,OPF-20260724-190542,20260413-0920-BULL-OBS-001240-Z001240-OC,20260413-0925-Long-1241,Long,ObservationConfirm,25122.5,25122.25,0.25,9.5,9.25,0.25,SL,ProtectBE,-39.9,-2.4,37.5,False,False
H1,2026-04-13,OPF-20260724-190740,20260413-2325-BEAR-OBS-001121-Z001121,20260413-2325-Short-1121,Short,ZoneBirthResearch,25601.25,25601.75,-0.5,6.5,6.0,0.5,SPLIT_BASE_SL_RUNNER_SL,Base:Stop|Runner:Stop,-26.4,-26.4,0.0,False,False
H1,2026-04-13,OPF-20260724-190740,20260413-2355-BEAR-OBS-001127-Z001127-OC,20260414-0000-Short-1128,Short,ObservationConfirm,25576.625,25577.5,-0.875,18.875,18.0,0.875,SL,ProtectBE,-81.9,-2.4,79.5,False,False
H1,2026-04-13,OPF-20260724-190740,20260414-0145-BULL-OBS-001149-Z001149-OC,20260414-0150-Long-1150,Long,ObservationConfirm_WideStop1_5R,25584.75,25585.0,-0.25,3.75,4.12,-0.37,SL,Stop,-15.4,-18.88,-3.48,False,False
H1,2026-04-13,OPF-20260724-190740,20260414-0210-BULL-OBS-001154-Z001154-OC,20260414-0215-Long-1155,Long,ObservationConfirm,25591.0,25590.75,0.25,8.25,8.0,0.25,SL,Stop,-36.4,-34.4,2.0,False,False
H1,2026-04-13,OPF-20260724-190740,20260414-0305-BEAR-OBS-001165-Z001165-OC,20260414-0310-Short-1166,Short,ObservationConfirm,25583.5,25583.25,0.25,5.75,6.0,-0.25,TP,ProtectBE,29.6,-2.4,-32.0,True,False
H1,2026-04-13,OPF-20260724-190740,20260414-0330-BEAR-OBS-001170-Z001169-OC,20260414-0335-Short-1171,Short,ObservationConfirm,25576.5,25577.25,-0.75,5.25,4.5,0.75,SL,Stop,-20.9,-20.4,0.5,False,False
H1,2026-04-13,OPF-20260724-190740,20260414-0420-BULL-OBS-001180-Z001180-OC,20260414-0425-Long-1181,Long,ObservationConfirm,25588.75,25588.75,0.0,4.5,4.5,0.0,SL,Stop,-20.4,-20.4,0.0,False,False
H1,2026-04-13,OPF-20260724-190740,20260414-0450-BULL-OBS-001186-Z001186-OC,20260414-0455-Long-1187,Long,ObservationConfirm,25594.0,25593.5,0.5,7.5,7.0,0.5,SL,Stop,-32.9,-30.4,2.5,False,False
H1,2026-04-13,OPF-20260724-190740,20260414-0845-BULL-OBS-001233-Z001233-OC,20260414-0850-Long-1234,Long,ObservationConfirm_WideStop1_5R,25663.5,25663.25,0.25,23.25,22.88,0.37,SL,Stop,-92.4,-93.92,-1.52,False,False
H1,2026-04-13,OPF-20260724-190740,20260414-0935-BEAR-OBS-001243-Z001243-OC,20260414-0940-Short-1244,Short,ObservationConfirm,25641.5,25641.5,0.0,10.25,10.25,0.0,SL,ProtectBE,-43.4,-2.4,41.0,False,False
H1,2026-04-15,OPF-20260724-190936,20260414-2210-BULL-OBS-001106-Z001106-OC,20260414-2215-Long-1107,Long,ObservationConfirm,26008.125,26007.0,1.125,11.875,10.75,1.125,SL,Stop,-48.9,-45.4,3.5,False,False
H1,2026-04-15,OPF-20260724-190936,20260414-2250-BEAR-OBS-001114-Z001114,20260414-2250-Short-1114,Short,ZoneBirthResearch,25996.375,25996.5,-0.125,4.375,4.25,0.125,SPLIT_BASE_SL_RUNNER_SL,Base:Stop|Runner:Stop,-19.9,-19.4,0.5,False,False
H1,2026-04-15,OPF-20260724-190936,20260414-2305-BULL-OBS-001117-Z001117-OC,20260414-2310-Long-1118,Long,ObservationConfirm,26005.0,26004.75,0.25,7.5,7.25,0.25,TP,Target,28.6,84.6,56.0,False,False
H1,2026-04-15,OPF-20260724-190936,20260415-0000-BEAR-OBS-001128-Z001128,20260415-0000-Short-1128,Short,ZoneBirthResearch,26012.5,26012.0,0.5,7.5,8.0,-0.5,SPLIT_BASE_SL_RUNNER_SL,Base:Stop|Runner:Stop,-33.4,-34.4,-1.0,False,False
H1,2026-04-15,OPF-20260724-190936,20260415-0045-BEAR-OBS-001137-Z001137,20260415-0045-Short-1137,Short,ZoneBirthResearch,26003.0,26003.25,-0.25,4.0,3.75,0.25,SPLIT_BASE_SL_RUNNER_SL,Base:Stop|Runner:Stop,-16.4,-17.4,-1.0,False,False
H1,2026-04-15,OPF-20260724-190936,20260415-0120-BULL-OBS-001144-Z001143-OC,20260415-0125-Long-1145,Long,ObservationConfirm,26036.75,26037.5,-0.75,7.25,8.0,-0.75,SL,Stop,-32.4,-34.4,-2.0,False,False
H1,2026-04-15,OPF-20260724-190936,20260415-0215-BEAR-OBS-001155-Z001155,20260415-0215-Short-1155,Short,ZoneBirthResearch,26025.25,26025.5,-0.25,7.25,7.0,0.25,SPLIT_BASE_TP_RUNNER_TP,Base:Target|Runner:Target,87.6,88.6,1.0,False,False
H1,2026-04-15,OPF-20260724-190936,20260415-0700-BULL-OBS-001212-Z001206-OC,20260415-0705-Long-1213,Long,ObservationConfirm_WideStop1_5R,25995.25,25996.0,-0.75,22.25,22.88,-0.63,TP,ProtectBE,119.6,-2.4,-122.0,True,False
H1,2026-04-15,OPF-20260724-190936,20260415-0830-BULL-OBS-001230-Z001230-OC,20260415-0835-Long-1231,Long,ObservationConfirm,26023.75,26023.75,0.0,11.75,11.75,0.0,SL,ProtectBE,-51.4,-2.4,49.0,False,False
H1,2026-04-15,OPF-20260724-190936,20260415-0915-BEAR-OBS-001239-Z001239-OC,20260415-0925-Short-1241,Short,ObservationConfirm,25990.5,25989.5,1.0,10.25,11.25,-1.0,TP,ProtectBE,59.6,-2.4,-62.0,True,False
H1,2026-04-16,OPF-20260724-191134,20260417-0005-BEAR-OBS-001129-Z001129-OC,20260417-0010-Short-1130,Short,ObservationConfirm,26460.625,26461.25,-0.625,18.375,17.75,0.625,SL,Stop,-74.9,-73.4,1.5,False,False
H1,2026-04-16,OPF-20260724-191134,20260417-0210-BEAR-OBS-001154-Z001154,20260417-0210-Short-1154,Short,ZoneBirthResearch,26478.875,26478.75,0.125,7.625,7.75,-0.125,SPLIT_BASE_TP_RUNNER_TP,Base:Target|Runner:ProtectBE,91.6,36.35,-55.25,False,False
H1,2026-04-16,OPF-20260724-191134,20260417-0420-BULL-OBS-001180-Z001180-OC,20260417-0425-Long-1181,Long,ObservationConfirm,26476.375,26476.25,0.125,4.625,4.5,0.125,SL,Stop,-19.9,-20.4,-0.5,False,False
H1,2026-04-16,OPF-20260724-191134,20260417-0440-BULL-OBS-001184-Z001178-OC,20260417-0445-Long-1185,Long,ObservationConfirm,26470.5,26470.25,0.25,10.0,9.75,0.25,SL,Stop,-53.4,-41.4,12.0,False,False
H1,2026-04-16,OPF-20260724-191134,20260417-0635-BEAR-OBS-001207-Z001206-OC,20260417-0640-Short-1208,Short,ObservationConfirm,26455.375,26456.5,-1.125,7.625,6.5,1.125,SL,Stop,-32.9,-28.4,4.5,False,False
H1,2026-04-16,OPF-20260724-191134,20260417-0650-BULL-OBS-001210-Z001210-FR,20260417-0655-Short-1211,Short,FailureReverse_ObservationInvalidated_WideStop1_5R,26457.25,26456.75,0.5,6.0,6.38,-0.38,SL,Stop,-26.4,-27.92,-1.52,False,False
H1,2026-04-16,OPF-20260724-191134,20260417-0920-BEAR-OBS-001240-Z001240,20260417-0920-Short-1240,Short,ZoneBirthResearch,26510.625,26509.75,0.875,3.875,4.75,-0.875,SPLIT_BASE_SL_RUNNER_SL,Base:Stop|Runner:Stop,-20.9,-21.4,-0.5,False,False
H1,2026-04-16,OPF-20260724-191134,20260417-1020-BEAR-OBS-001252-Z001252,20260417-1020-Short-1252,Short,ZoneBirthResearch,26529.0,26529.5,-0.5,6.75,6.25,0.5,SPLIT_BASE_TP_RUNNER_BE,Base:Target|Runner:Target,31.6,78.85,47.25,False,False
H1,2026-04-16,OPF-20260724-191134,20260417-1055-BULL-OBS-001259-Z001259-OC,20260417-1100-Long-1260,Long,ObservationConfirm,26528.25,26527.5,0.75,9.0,8.25,0.75,TP,Target,67.6,96.6,29.0,False,False
H1,2026-04-16,OPF-20260724-191134,20260417-2025-BEAR-OBS-001373-Z001373,20260417-2025-Short-1373,Short,ZoneBirthResearch,26819.75,26819.75,0.0,12.5,12.5,0.0,SPLIT_BASE_SL_RUNNER_SL,Base:Stop|Runner:Stop,-51.4,-52.4,-1.0,False,False
H1,2026-04-16,OPF-20260724-191134,20260417-2025-BEAR-OBS-001373-Z001373-FR-RT,20260417-2045-Long-1377,Long,FailureReverse_RetestFailed,26832.25,26832.0,0.25,5.0,4.75,0.25,TP,GlobexCloseout,30.6,38.6,8.0,False,False
H1,2026-04-17,OPF-20260724-191330,20260420-0140-BULL-OBS-001148-Z001148-OC,20260420-0145-Long-1149,Long,ObservationConfirm,26704.625,26704.0,0.625,6.375,5.75,0.625,TP,ProtectBE,35.1,-2.4,-37.5,True,False
H1,2026-04-17,OPF-20260724-191330,20260420-0215-BEAR-OBS-001155-Z001153-OC,20260420-0225-Short-1157,Short,ObservationConfirm,26697.25,26696.75,0.5,6.75,7.25,-0.5,TP,ProtectBE,36.6,-2.4,-39.0,True,False
H1,2026-04-17,OPF-20260724-191330,20260420-0315-BEAR-OBS-001167-Z001167-FR-RT,20260420-0330-Long-1170,Long,FailureReverse_RetestFailed,26695.75,26696.0,-0.25,7.0,7.25,-0.25,SL,Stop,-28.4,-31.4,-3.0,False,False
H1,2026-04-17,OPF-20260724-191330,20260420-0345-BEAR-OBS-001173-Z001173-OC,20260420-0350-Short-1174,Short,ObservationConfirm,26680.75,26682.0,-1.25,8.25,7.0,1.25,TP,ProtectBE,39.6,-2.4,-42.0,True,False
H1,2026-04-17,OPF-20260724-191330,20260420-0450-BULL-OBS-001186-Z001185-OC,20260420-0455-Long-1187,Long,ObservationConfirm,26675.875,26675.75,0.125,10.125,10.0,0.125,SL,Stop,-37.9,-42.4,-4.5,False,False
H1,2026-04-17,OPF-20260724-191330,20260420-0605-BULL-OBS-001201-Z001201-OC,20260420-0610-Long-1202,Long,ObservationConfirm,26651.5,26651.75,-0.25,10.25,10.5,-0.25,TP,ProtectBE,75.6,-2.4,-78.0,True,False
H1,2026-04-17,OPF-20260724-191330,20260420-0850-BEAR-OBS-001234-Z001219-FR,20260420-0855-Long-1235,Long,FailureReverse_ObservationInvalidated,26697.0,26695.75,1.25,18.75,17.5,1.25,TP,ProtectBE,191.6,-2.4,-194.0,True,False
H1,2026-04-17,OPF-20260724-191330,20260420-1255-BULL-PB-001283-Z001282,20260420-1255-Long-1283,Long,AlmostConfirmed,26751.75,26750.5,1.25,11.75,10.5,1.25,SL,ProtectBE,-51.4,-2.4,49.0,False,True
H1,2026-04-17,OPF-20260724-191330,20260420-2040-BULL-OBS-001376-Z001376-FR,20260420-2045-Short-1377,Short,FailureReverse_ObservationInvalidated_WideStop1_5R,26775.25,26775.75,-0.5,18.5,18.0,0.5,SESSION_FLATTEN,GlobexCloseout,-13.4,-11.4,2.0,False,False
H1,2026-04-20,OPF-20260724-191525,20260420-2325-BEAR-OBS-001121-Z001121,20260420-2325-Short-1121,Short,ZoneBirthResearch,26797.125,26797.5,-0.375,5.375,5.0,0.375,SPLIT_BASE_SL_RUNNER_SL,Base:Stop|Runner:Stop,-23.9,-22.4,1.5,False,False
H1,2026-04-20,OPF-20260724-191525,20260421-0030-BEAR-OBS-001134-Z001134-OC,20260421-0035-Short-1135,Short,ObservationConfirm,26788.25,26789.0,-0.75,17.5,16.75,0.75,SL,Stop,-70.4,-69.4,1.0,False,False
H1,2026-04-20,OPF-20260724-191525,20260421-0155-BEAR-OBS-001151-Z001151-OC,20260421-0200-Short-1152,Short,ObservationConfirm,26814.5,26815.0,-0.5,5.5,5.0,0.5,SL,Stop,-22.9,-22.4,0.5,False,False
H1,2026-04-20,OPF-20260724-191525,20260421-0330-BULL-OBS-001170-Z001170-OC,20260421-0335-Long-1171,Long,ObservationConfirm,26804.75,26804.5,0.25,4.5,4.25,0.25,SL,Stop,-20.4,-19.4,1.0,False,False
H1,2026-04-20,OPF-20260724-191525,20260421-0350-BULL-OBS-001174-Z001174-OC,20260421-0355-Long-1175,Long,ObservationConfirm,26812.25,26812.25,0.0,7.75,7.75,0.0,TP,Target,44.6,90.6,46.0,False,False
H1,2026-04-20,OPF-20260724-191525,20260421-0425-BULL-OBS-001181-Z001181-OC,20260421-0430-Long-1182,Long,ObservationConfirm,26827.5,26827.5,0.0,5.5,5.5,0.0,SL,Stop,-25.4,-24.4,1.0,False,False
H1,2026-04-20,OPF-20260724-191525,20260421-0505-BULL-OBS-001189-Z001189-OC,20260421-0510-Long-1190,Long,ObservationConfirm,26840.0,26840.0,0.0,12.0,12.0,0.0,SL,Stop,-44.4,-50.4,-6.0,False,False
H1,2026-04-20,OPF-20260724-191525,20260421-0830-BULL-OBS-001230-Z001230-OC,20260421-0835-Long-1231,Long,ObservationConfirm,26827.25,26826.5,0.75,10.25,9.5,0.75,TP,ProtectBE,79.6,-2.4,-82.0,True,False
H1,2026-04-20,OPF-20260724-191525,20260421-0955-BULL-OBS-001247-Z001247-OC,20260421-1000-Long-1248,Long,ObservationConfirm,26842.5,26840.0,2.5,9.5,7.0,2.5,TP,Target,54.6,81.6,27.0,False,False
H1,2026-04-20,OPF-20260724-191525,20260421-1050-BULL-OBS-001258-Z001258-OC,20260421-1055-Long-1259,Long,ObservationConfirm,26871.875,26871.75,0.125,10.625,10.5,0.125,SL,Stop,-48.9,-44.4,4.5,False,True
H1,2026-04-20,OPF-20260724-191525,20260421-1810-BULL-OBS-001346-Z001345-FR-RT,20260421-1835-Short-1351,Short,FailureReverse_RetestFailed_WideStop1_5R,26690.875,26691.25,-0.375,20.625,20.25,0.375,SL,ProtectBE,-77.9,-2.4,75.5,False,False
H1,2026-04-21,OPF-20260724-191723,20260421-2310-BULL-OBS-001118-Z001117-OC,20260421-2315-Long-1119,Long,ObservationConfirm,26752.75,26751.5,1.25,8.25,7.0,1.25,SL,Stop,-30.4,-30.4,0.0,False,False
H1,2026-04-21,OPF-20260724-191723,20260422-0050-BEAR-OBS-001138-Z001138-OC,20260422-0055-Short-1139,Short,ObservationConfirm,26796.5,26796.5,0.0,10.75,10.75,0.0,SL,Stop,-44.9,-45.4,-0.5,False,False
H1,2026-04-21,OPF-20260724-191723,20260422-0055-BEAR-OBS-001139-Z001138-FR-RT,20260422-0130-Long-1146,Long,FailureReverse_RetestFailed,26806.75,26807.25,-0.5,6.0,6.5,-0.5,TP,Target,31.6,75.6,44.0,False,False
H1,2026-04-21,OPF-20260724-191723,20260422-0140-BULL-OBS-001148-Z001148-OC,20260422-0145-Long-1149,Long,ObservationConfirm_WideStop1_5R,26819.0,26819.0,0.0,15.5,15.38,0.12,SL,Stop,-75.4,-63.92,11.48,False,False
H1,2026-04-21,OPF-20260724-191723,20260422-0615-BEAR-OBS-001203-Z001202-FR,20260422-0625-Long-1205,Long,FailureReverse_ObservationInvalidated_WideStop1_5R,26821.5,26821.5,0.0,11.25,11.25,0.0,TP,Target,132.6,132.6,0.0,False,False
H1,2026-04-21,OPF-20260724-191723,20260422-0740-BULL-OBS-001220-Z001218-OC-STR,20260422-0745-Long-1221,Long,ObservationStrict_Other,26851.75,26851.75,0.0,8.0,8.0,0.0,SL,Stop,-35.4,-34.4,1.0,False,False
H1,2026-04-21,OPF-20260724-191723,20260422-0820-BEAR-OBS-001228-Z001228-OC,20260422-0825-Short-1229,Short,ObservationConfirm,26810.75,26810.75,0.0,17.75,17.75,0.0,TP,ProtectBE,102.6,-2.4,-105.0,True,False
H1,2026-04-21,OPF-20260724-191723,20260422-0840-BEAR-OBS-001232-Z001231-FR,20260422-0850-Long-1234,Long,FailureReverse_ObservationInvalidated,26815.75,26815.25,0.5,17.5,17.0,0.5,TP,ProtectBE,171.6,-2.4,-174.0,True,False
H1,2026-04-21,OPF-20260724-191723,20260422-1255-BEAR-OBS-001283-Z001282-OC,20260422-1300-Short-1284,Short,ObservationConfirm,26827.625,26828.25,-0.625,10.125,9.5,0.625,SL,Stop,-42.9,-40.4,2.5,False,False
H1,2026-04-21,OPF-20260724-191723,20260422-1710-BULL-OBS-001334-Z001334-OC-STR,20260422-1715-Long-1335,Long,ObservationStrict_BullFresh_WideStop1_5R,27014.75,27014.0,0.75,22.5,21.75,0.75,SL,ProtectBE,-92.4,-2.4,90.0,False,False
H1,2026-04-21,OPF-20260724-191723,20260422-1820-BULL-OBS-001348-Z001335-FR,20260422-1825-Short-1349,Short,FailureReverse_ObservationInvalidated_WideStop1_5R,26999.5,26998.75,0.75,12.75,13.5,-0.75,SL,Stop,-54.4,-56.4,-2.0,False,False
H1,2026-04-21,OPF-20260724-191723,20260422-1920-BULL-OBS-001360-Z001360-OC,20260422-1925-Long-1361,Long,ObservationConfirm,27044.75,27045.0,-0.25,9.75,10.0,-0.25,TP,ProtectBE,73.6,-2.4,-76.0,True,False
H1,2026-04-22,OPF-20260724-191916,20260422-2205-BEAR-OBS-001105-Z001105-OC,20260422-2210-Short-1106,Short,ObservationConfirm,27084.25,27085.0,-0.75,15.0,14.25,0.75,SL,Stop,-59.4,-59.4,0.0,False,False
H1,2026-04-22,OPF-20260724-191916,20260422-2330-BULL-OBS-001122-Z001119-OC,20260422-2335-Long-1123,Long,ObservationConfirm,27091.75,27091.75,0.0,5.5,5.5,0.0,SL,ProtectBE,-21.4,-2.4,19.0,False,False
H1,2026-04-22,OPF-20260724-191916,20260423-0115-BEAR-OBS-001143-Z001143,20260423-0115-Short-1143,Short,ZoneBirthResearch,27027.75,27028.5,-0.75,17.25,16.5,0.75,SPLIT_BASE_TP_RUNNER_TP,Base:Target|Runner:Target,221.1,212.1,-9.0,False,False
H1,2026-04-22,OPF-20260724-191916,20260423-0320-BEAR-OBS-001168-Z001168-OC,20260423-0325-Short-1169,Short,ObservationConfirm,26896.375,26897.0,-0.625,16.625,16.0,0.625,TP,ProtectBE,91.1,-2.4,-93.5,True,False
H1,2026-04-22,OPF-20260724-191916,20260423-0335-BEAR-OBS-001171-Z001171-OC,20260423-0340-Short-1172,Short,ObservationConfirm,26880.0,26879.75,0.25,16.25,16.5,-0.25,SL,Stop,-71.4,-68.4,3.0,False,False
H1,2026-04-22,OPF-20260724-191916,20260423-0415-BULL-OBS-001179-Z001179-OC,20260423-0420-Long-1180,Long,ObservationConfirm,26925.75,26925.25,0.5,9.25,8.75,0.5,TP,Target,80.1,102.6,22.5,False,False
H1,2026-04-22,OPF-20260724-191916,20260423-0435-BULL-OBS-001183-Z001183-OC,20260423-0440-Long-1184,Long,ObservationConfirm,26944.0,26945.0,-1.0,8.25,9.25,-1.0,TP,ProtectBE,63.6,-2.4,-66.0,True,False
H1,2026-04-22,OPF-20260724-191916,20260423-0930-BEAR-OBS-001242-Z001232-OC,20260423-0935-Short-1243,Short,ObservationConfirm_WideStop1_5R,26946.5,26949.25,-2.75,10.75,7.88,2.87,SL,Stop,-45.4,-33.92,11.48,False,False
H1,2026-04-23,OPF-20260724-192114,20260424-0250-BEAR-OBS-001162-Z001162,20260424-0250-Short-1162,Short,ZoneBirthResearch,27070.75,27071.0,-0.25,7.25,7.0,0.25,SPLIT_BASE_SL_RUNNER_SL,Base:Stop|Runner:Stop,-31.4,-30.4,1.0,False,False
H1,2026-04-23,OPF-20260724-192114,20260424-0325-BEAR-BRK-001169-Z001169,20260424-0325-Short-1169,Short,BreakawayFvg,27035.75,27036.75,-1.0,18.75,17.75,1.0,SL,ProtectBE,-77.4,-2.4,75.0,False,False
H1,2026-04-23,OPF-20260724-192114,20260424-0455-BULL-OBS-001187-Z001186-OC,20260424-0500-Long-1188,Long,ObservationConfirm,27050.75,27050.75,0.0,9.75,9.75,0.0,SL,Stop,-36.9,-41.4,-4.5,False,False
H1,2026-04-23,OPF-20260724-192114,20260424-0550-BULL-OBS-001198-Z001198-OC,20260424-0555-Long-1199,Long,ObservationConfirm,27086.0,27086.0,0.0,8.0,8.0,0.0,TP,ProtectBE,43.6,-2.4,-46.0,True,False
H1,2026-04-23,OPF-20260724-192114,20260424-0630-BEAR-OBS-001206-Z001206,20260424-0630-Short-1206,Short,ZoneBirthResearch,27077.5,27077.5,0.0,3.5,3.5,0.0,SPLIT_BASE_SL_RUNNER_SL,Base:Stop|Runner:Stop,-16.4,-16.4,0.0,False,False
H1,2026-04-23,OPF-20260724-192114,20260424-0740-BEAR-OBS-001220-Z001220,20260424-0740-Short-1220,Short,ZoneBirthResearch,27085.5,27086.25,-0.75,3.75,3.0,0.75,SPLIT_BASE_SL_RUNNER_SL,Base:Stop|Runner:Stop,-17.4,-14.4,3.0,False,False
H1,2026-04-23,OPF-20260724-192114,20260424-0940-BULL-OBS-001244-Z001244-OC,20260424-0945-Long-1245,Long,ObservationConfirm,27113.25,27113.25,0.0,11.0,11.0,0.0,SL,Stop,-46.4,-46.4,0.0,False,False
H1,2026-04-23,OPF-20260724-192114,20260424-1045-BULL-PB-001257-Z001254,20260424-1045-Long-1257,Long,AlmostConfirmed,27174.75,27174.75,0.0,9.25,9.25,0.0,TP,Target,88.6,108.6,20.0,False,False
H1,2026-04-23,OPF-20260724-192114,20260424-1500-BULL-OBS-001308-Z001308-OC,20260424-1505-Long-1309,Long,ObservationConfirm_WideStop1_5R,27297.0,27297.0,0.0,23.5,23.62,-0.12,TP,ProtectBE,135.6,-2.4,-138.0,True,False
H1,2026-04-23,OPF-20260724-192114,20260424-1720-BEAR-OBS-001336-Z001336-OC,20260424-1725-Short-1337,Short,ObservationConfirm,27382.375,27383.25,-0.875,18.875,18.0,0.875,SL,Stop,-77.9,-74.4,3.5,False,False
H1,2026-04-23,OPF-20260724-192114,20260424-1800-BULL-OBS-001344-Z001343-FR,20260424-1805-Short-1345,Short,FailureReverse_ObservationInvalidated,27420.25,27420.25,0.0,7.0,7.0,0.0,TP,Target,67.6,81.6,14.0,False,False
H1,2026-04-23,OPF-20260724-192114,20260424-2000-BULL-OBS-001368-Z001367-FR-RT,20260424-2025-Short-1373,Short,FailureReverse_RetestFailed,27419.25,27419.25,0.0,10.75,10.75,0.0,SL,Stop,-45.4,-45.4,0.0,False,False
H1,2026-04-24,OPF-20260724-192312,20260426-2330-BEAR-OBS-001122-Z001122-OC,20260426-2335-Short-1123,Short,ObservationConfirm,27374.25,27373.75,0.5,10.75,11.25,-0.5,SL,Stop,-45.4,-47.4,-2.0,False,False
H1,2026-04-24,OPF-20260724-192312,20260427-0405-BEAR-OBS-001177-Z001177-OC,20260427-0410-Short-1178,Short,ObservationConfirm,27514.0,27514.5,-0.5,10.25,9.75,0.5,SL,Stop,-45.9,-41.4,4.5,False,False
H1,2026-04-24,OPF-20260724-192312,20260427-0425-BULL-OBS-001181-Z001181-OC,20260427-0430-Long-1182,Long,ObservationConfirm,27528.75,27530.0,-1.25,8.0,9.25,-1.25,SL,ProtectBE,-34.4,-2.4,32.0,False,False
H1,2026-04-24,OPF-20260724-192312,20260427-0530-BEAR-OBS-001194-Z001194,20260427-0530-Short-1194,Short,ZoneBirthResearch,27459.75,27459.75,0.0,7.75,7.75,0.0,SPLIT_BASE_TP_RUNNER_TP,Base:Target|Runner:Target,97.1,98.35,1.25,False,False
H1,2026-04-24,OPF-20260724-192312,20260427-0845-BULL-OBS-001232-Z001232-OC,20260427-0850-Long-1233,Long,ObservationConfirm,27440.25,27439.75,0.5,9.75,9.25,0.5,TP,Target,73.6,108.6,35.0,False,False
H1,2026-04-24,OPF-20260724-192312,20260427-1040-BULL-OBS-001255-Z001255-OC,20260427-1045-Long-1256,Long,ObservationConfirm,27471.25,27471.25,0.0,6.25,6.25,0.0,TP,Target,33.6,72.6,39.0,False,False
H1,2026-04-24,OPF-20260724-192312,20260427-1125-BEAR-OBS-001264-Z001190-OC,20260427-1130-Short-1265,Short,ObservationConfirm,27485.25,27485.25,0.0,16.0,16.0,0.0,TP,Target,91.6,189.6,98.0,False,False
H1,2026-04-24,OPF-20260724-192312,20260427-1740-BULL-PB-001339-Z001338,20260427-1740-Long-1339,Long,AlmostConfirmed,27430.5,27430.0,0.5,15.25,14.75,0.5,SL,Stop,-59.4,-61.4,-2.0,False,False
H1,2026-04-24,OPF-20260724-192312,20260427-1920-BULL-OBS-001359-Z001359-OC,20260427-1925-Long-1360,Long,ObservationConfirm,27423.5,27423.25,0.25,8.0,7.75,0.25,TP,ProtectBE,45.6,-2.4,-48.0,True,False
H1,2026-04-24,OPF-20260724-192312,20260427-1950-BULL-OBS-001365-Z001365-OC,20260427-1955-Long-1366,Long,ObservationConfirm_WideStop1_5R,27445.0,27444.75,0.25,23.25,22.88,0.37,SL,Stop,-94.9,-93.92,0.98,False,False
H1,2026-04-27,OPF-20260724-192509,20260427-2250-BEAR-OBS-001113-Z001113,20260427-2250-Short-1113,Short,ZoneBirthResearch,27485.5,27486.0,-0.5,4.75,4.25,0.5,SPLIT_BASE_SL_RUNNER_SL,Base:Target|Runner:ProtectBE,-20.4,18.85,39.25,True,False
H1,2026-04-27,OPF-20260724-192509,20260427-2320-BULL-OBS-001119-Z001119-OC,20260427-2325-Long-1120,Long,ObservationConfirm,27490.5,27490.75,-0.25,6.75,7.0,-0.25,TP,ProtectBE,36.6,-2.4,-39.0,True,False
H1,2026-04-27,OPF-20260724-192509,20260427-2350-BEAR-OBS-001125-Z001125,20260427-2350-Short-1125,Short,ZoneBirthResearch,27490.75,27491.5,-0.75,5.75,5.0,0.75,SPLIT_BASE_SL_RUNNER_SL,Base:Stop|Runner:Stop,-26.4,-22.4,4.0,False,False
H1,2026-04-27,OPF-20260724-192509,20260428-0030-BEAR-OBS-001133-Z001133,20260428-0030-Short-1133,Short,ZoneBirthResearch,27463.75,27463.25,0.5,16.0,16.5,-0.5,SPLIT_BASE_SL_RUNNER_SL,Base:Stop|Runner:Stop,-65.4,-68.4,-3.0,False,False
H1,2026-04-27,OPF-20260724-192509,20260428-0040-BEAR-OBS-001135-Z001133-OC,20260428-0050-Short-1137,Short,ObservationConfirm,27471.75,27472.0,-0.25,8.0,7.75,0.25,TP,ProtectBE,52.6,-2.4,-55.0,True,False
H1,2026-04-27,OPF-20260724-192509,20260428-0105-BEAR-OBS-001140-Z001140,20260428-0105-Short-1140,Short,ZoneBirthResearch,27456.0,27455.25,0.75,11.5,12.25,-0.75,SPLIT_BASE_SL_RUNNER_SL,Base:Stop|Runner:Stop,-48.4,-51.4,-3.0,False,False
H1,2026-04-27,OPF-20260724-192509,20260428-0235-BEAR-OBS-001158-Z001158-OC,20260428-0240-Short-1159,Short,ObservationConfirm,27407.75,27408.0,-0.25,16.5,16.25,0.25,SL,ProtectBE,-70.4,-2.4,68.0,False,False
H1,2026-04-27,OPF-20260724-192509,20260428-0330-BULL-OBS-001169-Z001169-OC,20260428-0335-Long-1170,Long,ObservationConfirm,27425.0,27425.5,-0.5,9.0,9.5,-0.5,SL,Stop,-37.9,-40.4,-2.5,False,False
H1,2026-04-27,OPF-20260724-192509,20260428-0645-BEAR-OBS-001208-Z001208-OC,20260428-0650-Short-1209,Short,ObservationConfirm,27333.5,27334.0,-0.5,11.5,11.0,0.5,SL,ProtectBE,-47.4,-2.4,45.0,False,False
H1,2026-04-27,OPF-20260724-192509,20260428-0720-BEAR-SHD-001215-Z001208,20260428-0730-Short-1217,Short,ShadowCandidate,27334.0,27335.25,-1.25,11.0,9.75,1.25,SL,Stop,-45.9,-41.4,4.5,False,False
H1,2026-04-27,OPF-20260724-192509,20260428-0830-BULL-OBS-001229-Z001229-OC,20260428-0835-Long-1230,Long,ObservationConfirm,27356.0,27354.25,1.75,11.25,9.5,1.75,SL,Stop,-48.4,-40.4,8.0,False,False
H1,2026-04-28,OPF-20260724-192707,20260428-2220-BEAR-OBS-001107-Z001107,20260428-2220-Short-1107,Short,ZoneBirthResearch,27214.75,27216.0,-1.25,7.25,6.0,1.25,SPLIT_BASE_SL_RUNNER_SL,Base:Stop|Runner:Stop,-31.4,-26.4,5.0,False,False
H1,2026-04-28,OPF-20260724-192707,20260428-2240-BULL-OBS-001111-Z001110-OC,20260428-2250-Long-1113,Long,ObservationConfirm,27219.75,27219.75,0.0,2.25,2.25,0.0,TP,ProtectBE,10.6,-2.4,-13.0,True,True
H1,2026-04-28,OPF-20260724-192707,20260428-2320-BULL-OBS-001119-Z001119-OC,20260428-2325-Long-1120,Long,ObservationConfirm,27223.5,27223.5,0.0,4.0,4.0,0.0,TP,Target,19.6,45.6,26.0,False,False
H1,2026-04-28,OPF-20260724-192707,20260429-0030-BULL-OBS-001133-Z001132-FR,20260429-0035-Short-1134,Short,FailureReverse_ObservationInvalidated_WideStop1_5R,27277.0,27277.0,0.0,9.75,9.75,0.0,TP,Target,114.6,114.6,0.0,False,False
H1,2026-04-28,OPF-20260724-192707,20260429-0110-BEAR-OBS-001141-Z001141,20260429-0110-Short-1141,Short,ZoneBirthResearch,27220.75,27220.75,0.0,15.75,15.75,0.0,SPLIT_BASE_SL_RUNNER_SL,Base:Stop|Runner:Stop,-64.4,-65.4,-1.0,False,False
H1,2026-04-28,OPF-20260724-192707,20260429-0140-BULL-OBS-001147-Z001147-OC,20260429-0145-Long-1148,Long,ObservationConfirm,27255.75,27256.0,-0.25,7.25,7.5,-0.25,SL,Stop,-31.4,-32.4,-1.0,False,False
H1,2026-04-28,OPF-20260724-192707,20260429-0235-BEAR-OBS-001158-Z001158,20260429-0235-Short-1158,Short,ZoneBirthResearch,27254.75,27255.75,-1.0,8.0,7.0,1.0,SPLIT_BASE_SL_RUNNER_SL,Base:Stop|Runner:Stop,-34.4,-30.4,4.0,False,False
H1,2026-04-28,OPF-20260724-192707,20260429-0250-BULL-OBS-001161-Z001161-OC,20260429-0255-Long-1162,Long,ObservationConfirm,27268.75,27267.5,1.25,11.5,10.25,1.25,TP,Target,89.6,120.6,31.0,False,False
H1,2026-04-28,OPF-20260724-192707,20260429-0310-BULL-OBS-001165-Z001165-OC,20260429-0315-Long-1166,Long,ObservationConfirm,27285.5,27285.5,0.0,9.25,9.25,0.0,SL,Stop,-38.4,-39.4,-1.0,False,False
H1,2026-04-28,OPF-20260724-192707,20260429-0405-BULL-OBS-001176-Z001176-OC,20260429-0410-Long-1177,Long,ObservationConfirm,27295.0,27294.5,0.5,9.5,9.0,0.5,SL,ProtectBE,-36.4,-2.4,34.0,False,False
H1,2026-04-28,OPF-20260724-192707,20260429-0510-BULL-OBS-001189-Z001175-OC,20260429-0515-Long-1190,Long,ObservationConfirm,27287.5,27286.75,0.75,6.0,5.25,0.75,SL,Stop,-26.4,-23.4,3.0,False,False
H1,2026-04-28,OPF-20260724-192707,20260429-0615-BEAR-OBS-001202-Z001202-OC,20260429-0620-Short-1203,Short,ObservationConfirm,27289.0,27289.0,0.0,12.75,12.75,0.0,TP,Target,73.6,150.6,77.0,False,False
H1,2026-04-29,OPF-20260724-192905,20260429-2250-BULL-OBS-001113-Z001113-FR-RT,20260429-2305-Short-1116,Short,FailureReverse_RetestFailed_WideStop1_5R,27468.0,27468.25,-0.25,19.25,19.12,0.13,SL,Stop,-79.4,-78.88,0.52,False,False
H1,2026-04-29,OPF-20260724-192905,20260430-0035-BULL-OBS-001134-Z001134-OC,20260430-0040-Long-1135,Long,ObservationConfirm,27603.0,27603.0,0.0,10.75,10.75,0.0,SL,ProtectBE,-45.4,-2.4,43.0,False,False
H1,2026-04-29,OPF-20260724-192905,20260430-0105-BEAR-OBS-001140-Z001140,20260430-0105-Short-1140,Short,ZoneBirthResearch,27576.25,27576.0,0.25,12.25,12.5,-0.25,SPLIT_BASE_SL_RUNNER_SL,Base:Stop|Runner:Stop,-51.4,-52.4,-1.0,False,False
H1,2026-04-29,OPF-20260724-192905,20260430-0225-BEAR-BRK-001156-Z001156,20260430-0225-Short-1156,Short,BreakawayFvg,27516.5,27517.5,-1.0,29.25,28.25,1.0,TP,Target,231.6,336.6,105.0,False,False
H1,2026-04-29,OPF-20260724-192905,20260430-0315-BEAR-OBS-001166-Z001166,20260430-0315-Short-1166,Short,ZoneBirthResearch,27419.75,27420.5,-0.75,8.75,8.0,0.75,SPLIT_BASE_SL_RUNNER_SL,Base:Stop|Runner:Stop,-37.4,-34.4,3.0,False,False
H1,2026-04-29,OPF-20260724-192905,20260430-0945-BEAR-OBS-001244-Z001244-OC,20260430-0950-Short-1245,Short,ObservationConfirm,27374.25,27374.0,0.25,19.5,19.75,-0.25,SL,Stop,-78.9,-81.4,-2.5,False,False
H1,2026-04-29,OPF-20260724-192905,20260430-1130-BULL-OBS-001265-Z001265-OC-STR,20260430-1135-Long-1266,Long,ObservationStrict_BullFresh_WideStop1_5R,27469.25,27469.25,0.0,20.25,20.25,0.0,SL,Stop,-86.4,-83.4,3.0,False,False
H1,2026-04-29,OPF-20260724-192905,20260430-1150-BULL-OBS-001269-Z001263-OC-STR,20260430-1155-Long-1270,Long,ObservationStrict_Other,27439.625,27439.5,0.125,13.625,13.5,0.125,TP,ProtectBE,159.1,-2.4,-161.5,True,False
H1,2026-04-29,OPF-20260724-192905,20260430-1235-BEAR-OBS-001278-Z001278,20260430-1235-Short-1278,Short,ZoneBirthResearch,27504.0,27504.75,-0.75,14.0,13.25,0.75,SPLIT_BASE_SL_RUNNER_SL,Base:Stop|Runner:Stop,-58.4,-55.4,3.0,False,False
H1,2026-04-29,OPF-20260724-192905,20260430-1810-BULL-OBS-001345-Z001344-OC-STR,20260430-1815-Long-1346,Long,ObservationStrict_Other,27568.0,27568.25,-0.25,20.25,20.5,-0.25,SL,ProtectBE,-75.9,-2.4,73.5,False,False
H1,2026-04-30,OPF-20260724-193102,20260430-2220-BEAR-OBS-001107-Z001107,20260430-2220-Short-1107,Short,ZoneBirthResearch,27616.5,27615.0,1.5,15.25,16.75,-1.5,SPLIT_BASE_TP_RUNNER_TP,Base:Target|Runner:ProtectBE,195.1,81.35,-113.75,False,False
H1,2026-04-30,OPF-20260724-193102,20260501-0055-BEAR-OBS-001138-Z001138,20260501-0055-Short-1138,Short,ZoneBirthResearch,27624.75,27624.5,0.25,7.5,7.75,-0.25,SPLIT_BASE_SL_RUNNER_SL,Base:Stop|Runner:Stop,-28.4,-33.4,-5.0,False,False
H1,2026-04-30,OPF-20260724-193102,20260501-0120-BULL-OBS-001143-Z001142-OC-STR,20260501-0125-Long-1144,Long,ObservationStrict_Other,27646.75,27646.75,0.0,14.75,14.75,0.0,SL,Stop,-59.4,-61.4,-2.0,False,False
H1,2026-04-30,OPF-20260724-193102,20260501-0345-BEAR-OBS-001172-Z001172-OC,20260501-0350-Short-1173,Short,ObservationConfirm,27640.75,27640.75,0.0,6.75,6.75,0.0,TP,Target,37.6,78.6,41.0,False,False
H1,2026-04-30,OPF-20260724-193102,20260501-0350-BEAR-OBS-001173-Z001172-OC,20260501-0400-Short-1175,Short,ObservationConfirm,27630.875,27630.25,0.625,16.625,17.25,-0.625,TP,Target,95.1,204.6,109.5,False,False
H1,2026-04-30,OPF-20260724-193102,20260501-0640-BEAR-OBS-001207-Z001207,20260501-0640-Short-1207,Short,ZoneBirthResearch,27604.5,27603.25,1.25,2.0,3.25,-1.25,SPLIT_BASE_TP_RUNNER_BE,Base:Target|Runner:ProtectBE,11.1,13.85,2.75,False,False
H1,2026-04-30,OPF-20260724-193102,20260501-0725-BEAR-OBS-001216-Z001216,20260501-0725-Short-1216,Short,ZoneBirthResearch,27604.875,27605.0,-0.125,6.625,6.5,0.125,SPLIT_BASE_TP_RUNNER_TP,Base:Target|Runner:Target,88.1,82.1,-6.0,False,False
H1,2026-04-30,OPF-20260724-193102,20260501-0835-BEAR-OBS-001230-Z001230-OC,20260501-0840-Short-1231,Short,ObservationConfirm,27564.5,27564.75,-0.25,17.0,16.75,0.25,TP,ProtectBE,104.6,-2.4,-107.0,True,False
H1,2026-04-30,OPF-20260724-193102,20260501-1040-BEAR-OBS-001255-Z001255,20260501-1040-Short-1255,Short,ZoneBirthResearch,27550.75,27551.0,-0.25,8.0,7.75,0.25,SPLIT_BASE_SL_RUNNER_SL,Base:Stop|Runner:Stop,-34.4,-33.4,1.0,False,False
H1,2026-04-30,OPF-20260724-193102,20260501-1110-BEAR-BRK-001261-Z001261,20260501-1110-Short-1261,Short,BreakawayFvg,27547.75,27548.75,-1.0,11.5,10.5,1.0,SL,Stop,-48.4,-44.4,4.0,False,False
H1,2026-04-30,OPF-20260724-193102,20260501-1115-BEAR-PB-001262-Z001261-TRG,20260501-1130-Short-1265,Short,TrendPullbackConfirmed,27544.5,27544.5,0.0,14.75,14.75,0.0,SL,Stop,-63.4,-61.4,2.0,False,False
H1,2026-04-30,OPF-20260724-193102,20260501-1210-BEAR-OBS-001273-Z001216-OC,20260501-1215-Short-1274,Short,ObservationConfirm_WideStop1_5R,27600.5,27603.0,-2.5,15.25,12.75,2.5,SL,Stop,-64.4,-53.4,11.0,False,True
H1,2026-05-01,OPF-20260724-193256,20260503-2225-BEAR-OBS-001109-Z001109,20260503-2225-Short-1109,Short,ZoneBirthResearch,27844.5,27844.5,0.0,17.25,17.25,0.0,SPLIT_BASE_SL_RUNNER_SL,Base:Stop|Runner:Stop,-73.4,-71.4,2.0,False,False
H1,2026-05-01,OPF-20260724-193256,20260503-2300-BEAR-SHD-001116-Z001109,20260503-2305-Short-1117,Short,ShadowCandidate,27843.25,27843.25,0.0,18.5,18.5,0.0,SL,ProtectBE,-83.4,-2.4,81.0,False,False
H1,2026-05-01,OPF-20260724-193256,20260504-0045-BULL-OBS-001137-Z001137-OC,20260504-0050-Long-1138,Long,ObservationConfirm_WideStop1_5R,27873.5,27873.0,0.5,22.5,22.12,0.38,TP,ProtectBE,132.6,-2.4,-135.0,True,False
H1,2026-05-01,OPF-20260724-193256,20260504-0150-BULL-OBS-001150-Z001150-OC,20260504-0155-Long-1151,Long,ObservationConfirm,27919.25,27919.25,0.0,11.0,11.0,0.0,SL,Stop,-46.4,-46.4,0.0,False,False
H1,2026-05-01,OPF-20260724-193256,20260504-0650-BULL-OBS-001210-Z001210-OC,20260504-0655-Long-1211,Long,ObservationConfirm,27898.5,27896.25,2.25,11.0,8.75,2.25,SL,Stop,-46.4,-37.4,9.0,False,False
H1,2026-05-01,OPF-20260724-193256,20260504-0825-BEAR-OBS-001229-Z001224-OC,20260504-0830-Short-1230,Short,ObservationConfirm,27903.0,27903.0,0.0,17.0,17.0,0.0,SL,ProtectBE,-70.4,-2.4,68.0,False,False
H1,2026-05-01,OPF-20260724-193256,20260504-1930-BEAR-OBS-001362-Z001347-OC,20260504-1935-Short-1363,Short,ObservationConfirm,27775.5,27775.5,0.0,18.0,18.0,0.0,TP,ProtectBE,105.6,-2.4,-108.0,True,False
H1,2026-05-01,OPF-20260724-193256,20260504-2040-BEAR-OBS-001376-Z001376-OC,20260504-2045-Short-1377,Short,ObservationConfirm,27746.5,27746.5,0.0,8.75,8.75,0.0,SESSION_FLATTEN,GlobexCloseout,8.6,10.6,2.0,False,False
H1,2026-05-04,OPF-20260724-193509,20260504-2235-BEAR-OBS-001111-Z001111-OC,20260504-2240-Short-1112,Short,ObservationConfirm,27763.5,27764.0,-0.5,13.5,13.0,0.5,TP,ProtectBE,77.6,-2.4,-80.0,True,False
H1,2026-05-04,OPF-20260724-193509,20260504-2255-BEAR-OBS-001115-Z001115,20260504-2255-Short-1115,Short,ZoneBirthResearch,27752.0,27753.0,-1.0,4.5,3.5,1.0,SPLIT_BASE_SL_RUNNER_SL,Base:Target|Runner:ProtectBE,-26.4,15.1,41.5,True,False
H1,2026-05-04,OPF-20260724-193509,20260505-0020-BEAR-OBS-001132-Z001132-OC,20260505-0025-Short-1133,Short,ObservationConfirm,27753.5,27753.75,-0.25,19.25,19.0,0.25,SL,Stop,-86.4,-78.4,8.0,False,False
H1,2026-05-04,OPF-20260724-193509,20260505-0100-BULL-OBS-001140-Z001139-OC,20260505-0105-Long-1141,Long,ObservationConfirm,27785.75,27784.5,1.25,11.5,10.25,1.25,TP,Target,89.6,120.6,31.0,False,False
H1,2026-05-04,OPF-20260724-193509,20260505-0125-BULL-PB-001145-Z001143,20260505-0125-Long-1145,Long,AlmostConfirmed,27803.25,27802.5,0.75,13.25,12.5,0.75,TP,ProtectBE,129.6,-2.4,-132.0,True,False
H1,2026-05-04,OPF-20260724-193509,20260505-0330-BULL-OBS-001170-Z001170-OC,20260505-0335-Long-1171,Long,ObservationConfirm,27840.0,27839.75,0.25,7.5,7.25,0.25,TP,ProtectBE,39.6,-2.4,-42.0,True,False
H1,2026-05-04,OPF-20260724-193509,20260505-0415-BEAR-OBS-001179-Z001179-OC,20260505-0420-Short-1180,Short,ObservationConfirm,27841.0,27841.75,-0.75,6.75,6.0,0.75,TP,ProtectBE,34.6,-2.4,-37.0,True,False
H1,2026-05-04,OPF-20260724-193509,20260505-0500-BEAR-OBS-001188-Z001188-OC,20260505-0505-Short-1189,Short,ObservationConfirm,27831.0,27831.5,-0.5,10.5,10.0,0.5,SL,Stop,-44.9,-42.4,2.5,False,False
H1,2026-05-04,OPF-20260724-193509,20260505-0640-BULL-OBS-001208-Z001208-OC,20260505-0645-Long-1209,Long,ObservationConfirm,27865.125,27863.75,1.375,11.875,10.5,1.375,TP,Target,90.1,123.6,33.5,False,False
H1,2026-05-04,OPF-20260724-193509,20260505-0700-BULL-OBS-001212-Z001211-OC-STR,20260505-0705-Long-1213,Long,ObservationStrict_Other,27890.75,27890.0,0.75,23.5,22.75,0.75,TP,ProtectBE,265.6,-2.4,-268.0,True,False
H1,2026-05-04,OPF-20260724-193509,20260505-1305-BULL-OBS-001285-Z001285-OC,20260505-1310-Long-1286,Long,ObservationConfirm,27991.0,27991.25,-0.25,8.75,9.0,-0.25,SL,Stop,-37.4,-38.4,-1.0,False,False
H1,2026-05-04,OPF-20260724-193509,20260505-1650-BULL-OBS-001330-Z001330-OC,20260505-1655-Long-1331,Long,ObservationConfirm_WideStop1_5R,28126.0,28125.25,0.75,24.0,23.25,0.75,TP,ProtectBE,141.6,-2.4,-144.0,True,False
H1,2026-05-05,OPF-20260724-193708,20260506-0105-BULL-OBS-001141-Z001141-OC,20260506-0110-Long-1142,Long,ObservationConfirm,28290.375,28290.0,0.375,9.375,9.0,0.375,SL,Stop,-37.9,-38.4,-0.5,False,True
H1,2026-05-05,OPF-20260724-193708,20260506-0145-BEAR-OBS-001149-Z001146-OC,20260506-0150-Short-1150,Short,ObservationConfirm,28281.0,28280.75,0.25,15.0,15.25,-0.25,SL,Stop,-59.4,-63.4,-4.0,False,False
H1,2026-05-05,OPF-20260724-193708,20260506-0230-BEAR-OBS-001158-Z001158,20260506-0230-Short-1158,Short,ZoneBirthResearch,28280.25,28280.75,-0.5,5.25,4.75,0.5,SPLIT_BASE_TP_RUNNER_SL,Base:Target|Runner:ProtectBE,6.1,21.35,15.25,False,False
H1,2026-05-05,OPF-20260724-193708,20260506-0350-BEAR-OBS-001174-Z001174-OC,20260506-0355-Short-1175,Short,ObservationConfirm,28312.5,28312.75,-0.25,8.25,8.0,0.25,SL,Stop,-36.4,-34.4,2.0,False,False
H1,2026-05-05,OPF-20260724-193708,20260506-0445-BEAR-OBS-001185-Z001130-OC,20260506-0455-Short-1187,Short,ObservationConfirm,28335.25,28335.5,-0.25,15.5,15.25,0.25,SL,Stop,-67.4,-63.4,4.0,False,False
H1,2026-05-05,OPF-20260724-193708,20260506-0820-BEAR-OBS-001228-Z001228,20260506-0820-Short-1228,Short,ZoneBirthResearch,28337.0,28337.25,-0.25,6.0,5.75,0.25,SPLIT_BASE_SL_RUNNER_SL,Base:Stop|Runner:Stop,-27.4,-25.4,2.0,False,False
H1,2026-05-05,OPF-20260724-193708,20260506-0840-BULL-OBS-001232-Z001232-OC,20260506-0845-Long-1233,Long,ObservationConfirm,28364.875,28365.5,-0.625,7.875,8.5,-0.625,TP,Target,54.1,99.6,45.5,False,False
H1,2026-05-05,OPF-20260724-193708,20260506-1815-BULL-OBS-001347-Z001347-OC-STR,20260506-1820-Long-1348,Long,ObservationStrict_BullFresh_WideStop1_5R,28628.5,28628.5,0.0,15.75,15.75,0.0,TP,Target,188.6,186.6,-2.0,False,False
H1,2026-05-06,OPF-20260724-193906,20260506-2205-BEAR-OBS-001105-Z001105,20260506-2205-Short-1105,Short,ZoneBirthResearch,28680.125,28680.25,-0.125,14.375,14.25,0.125,SPLIT_BASE_SL_RUNNER_SL,Base:Stop|Runner:Stop,-53.9,-59.4,-5.5,False,False
H1,2026-05-06,OPF-20260724-193906,20260507-0020-BEAR-OBS-001132-Z001132-OC,20260507-0025-Short-1133,Short,ObservationConfirm,28648.0,28648.75,-0.75,20.25,19.5,0.75,SL,Stop,-83.4,-80.4,3.0,False,False
H1,2026-05-07,OPF-20260724-194101,20260507-2325-BULL-OBS-001121-Z001121-OC,20260507-2330-Long-1122,Long,ObservationConfirm,28643.0,28641.25,1.75,11.75,10.0,1.75,TP,Target,92.6,117.6,25.0,False,False
H1,2026-05-07,OPF-20260724-194101,20260508-0220-BEAR-OBS-001156-Z001156-OC,20260508-0225-Short-1157,Short,ObservationConfirm,28743.75,28743.75,0.0,6.5,6.5,0.0,SL,Stop,-29.4,-28.4,1.0,False,False
H1,2026-05-07,OPF-20260724-194101,20260508-0355-BULL-OBS-001175-Z001175-OC,20260508-0400-Long-1176,Long,ObservationConfirm,28771.25,28771.5,-0.25,10.0,10.25,-0.25,SL,ProtectBE,-42.4,-2.4,40.0,False,False
H1,2026-05-07,OPF-20260724-194101,20260508-0450-BULL-OBS-001186-Z001186-OC,20260508-0455-Long-1187,Long,ObservationConfirm,28781.0,28779.75,1.25,10.0,8.75,1.25,TP,ProtectBE,77.6,-2.4,-80.0,True,False
H1,2026-05-07,OPF-20260724-194101,20260508-0535-BULL-OBS-001195-Z001195-OC,20260508-0540-Long-1196,Long,ObservationConfirm,28811.0,28810.75,0.25,11.5,11.25,0.25,SL,Stop,-48.4,-47.4,1.0,False,False
H1,2026-05-07,OPF-20260724-194101,20260508-0805-BULL-OBS-001225-Z001225-OC,20260508-0810-Long-1226,Long,ObservationConfirm_WideStop1_5R,28848.0,28847.75,0.25,23.25,22.88,0.37,TP,ProtectBE,135.6,-2.4,-138.0,True,False
H1,2026-05-07,OPF-20260724-194101,20260508-0910-BULL-OBS-001238-Z001238-OC,20260508-0915-Long-1239,Long,ObservationConfirm,28885.5,28884.25,1.25,10.25,9.0,1.25,SL,ProtectBE,-42.4,-2.4,40.0,False,False
H1,2026-05-07,OPF-20260724-194101,20260508-1005-BULL-OBS-001249-Z001249-OC,20260508-1015-Long-1251,Long,ObservationConfirm,28865.25,28864.5,0.75,11.0,10.25,0.75,TP,ProtectBE,84.6,-2.4,-87.0,True,False
H1,2026-05-07,OPF-20260724-194101,20260508-1040-BULL-OBS-001256-Z001256-FR,20260508-1045-Short-1257,Short,FailureReverse_ObservationInvalidated_WideStop1_5R,28873.0,28872.75,0.25,10.75,10.88,-0.13,TP,ProtectBE,126.6,-2.4,-129.0,True,False
H1,2026-05-07,OPF-20260724-194101,20260508-1125-BULL-OBS-001265-Z001265-OC-STR,20260508-1130-Long-1266,Long,ObservationStrict_BullFresh_WideStop1_5R,28890.375,28890.25,0.125,8.125,7.88,0.245,TP,Target,93.1,92.16,-0.94,False,False
H1,2026-05-07,OPF-20260724-194101,20260508-1515-BEAR-OBS-001311-Z001311,20260508-1515-Short-1311,Short,ZoneBirthResearch,29146.0,29146.0,0.0,14.0,14.0,0.0,SPLIT_BASE_SL_RUNNER_SL,Base:Stop|Runner:Stop,-55.4,-58.4,-3.0,False,False
H1,2026-05-08,OPF-20260724-194259,20260510-2325-BULL-OBS-001121-Z001117-FR,20260510-2335-Short-1123,Short,FailureReverse_ObservationInvalidated_WideStop1_5R,29297.5,29298.25,-0.75,11.75,10.88,0.87,SL,Stop,-51.4,-45.92,5.48,False,False
H1,2026-05-08,OPF-20260724-194259,20260511-0120-BULL-OBS-001144-Z001144-OC-STR,20260511-0125-Long-1145,Long,ObservationStrict_BullFresh_WideStop1_5R,29316.75,29317.75,-1.0,18.0,19.12,-1.12,SL,ProtectBE,-71.9,-2.4,69.5,False,False
H1,2026-05-08,OPF-20260724-194259,20260511-0425-BULL-OBS-001181-Z001181-OC,20260511-0430-Long-1182,Long,ObservationConfirm,29332.5,29332.25,0.25,8.5,8.25,0.25,TP,ProtectBE,58.6,-2.4,-61.0,True,False
H1,2026-05-08,OPF-20260724-194259,20260511-0545-BEAR-OBS-001197-Z001197,20260511-0545-Short-1197,Short,ZoneBirthResearch,29326.75,29327.5,-0.75,7.5,6.75,0.75,SPLIT_BASE_SL_RUNNER_SL,Base:Stop|Runner:Stop,-30.4,-29.4,1.0,False,False
H1,2026-05-08,OPF-20260724-194259,20260511-0740-BEAR-OBS-001220-Z001207-OC,20260511-0745-Short-1221,Short,ObservationConfirm,29320.75,29320.75,0.0,19.25,19.25,0.0,TP,ProtectBE,109.1,-2.4,-111.5,True,False
H1,2026-05-08,OPF-20260724-194259,20260511-0830-BEAR-BRK-001230-Z001230,20260511-0830-Short-1230,Short,BreakawayFvg,29280.25,29279.25,1.0,18.0,19.0,-1.0,SL,Stop,-75.4,-78.4,-3.0,False,False
H1,2026-05-08,OPF-20260724-194259,20260511-1000-BEAR-OBS-001248-Z001248-OC,20260511-1005-Short-1249,Short,ObservationConfirm,29318.375,29318.75,-0.375,16.625,16.25,0.375,TP,ProtectBE,95.1,-2.4,-97.5,True,False
H1,2026-05-08,OPF-20260724-194259,20260511-1140-BEAR-OBS-001268-Z001268,20260511-1140-Short-1268,Short,ZoneBirthResearch,29346.75,29347.25,-0.5,17.25,16.75,0.5,SPLIT_BASE_TP_RUNNER_TP,Base:Target|Runner:Target,220.1,215.35,-4.75,False,False
H1,2026-05-08,OPF-20260724-194259,20260511-1640-BULL-OBS-001328-Z001313-OC-STR,20260511-1645-Long-1329,Long,ObservationStrict_Other,29411.25,29410.75,0.5,16.5,16.0,0.5,SL,ProtectBE,-74.4,-2.4,72.0,False,False
H1,2026-05-08,OPF-20260724-194259,20260511-1740-BULL-OBS-001340-Z001340-OC-STR,20260511-1745-Long-1341,Long,ObservationStrict_BullFresh_WideStop1_5R,29458.75,29458.75,0.0,8.25,8.25,0.0,SL,ProtectBE,-35.4,-2.4,33.0,False,False
H1,2026-05-08,OPF-20260724-194259,20260511-2000-BULL-OBS-001368-Z001367-FR,20260511-2005-Short-1369,Short,FailureReverse_ObservationInvalidated,29401.0,29400.75,0.25,12.5,12.75,-0.25,TP,Target,124.1,150.6,26.5,False,False
H1,2026-05-08,OPF-20260724-194259,20260511-1955-BULL-OBS-001367-Z001367-FR-RT,20260511-2015-Short-1371,Short,FailureReverse_RetestFailed_WideStop1_5R,29400.75,29401.25,-0.5,19.0,18.38,0.62,SESSION_FLATTEN,ProtectBE,-16.4,-2.4,14.0,False,False
H1,2026-05-11,OPF-20260724-194457,20260511-2245-BULL-OBS-001113-Z001113-FR-RT,20260511-2305-Short-1117,Short,FailureReverse_RetestFailed,29442.75,29442.75,0.0,7.25,7.25,0.0,TP,ProtectBE,46.6,-2.4,-49.0,True,False
H1,2026-05-11,OPF-20260724-194457,20260511-2325-BULL-OBS-001121-Z001121-OC,20260511-2330-Long-1122,Long,ObservationConfirm,29449.375,29449.75,-0.375,9.625,10.0,-0.375,SL,Stop,-40.9,-42.4,-1.5,False,False
H1,2026-05-11,OPF-20260724-194457,20260512-0400-BEAR-OBS-001176-Z001174-OC,20260512-0405-Short-1177,Short,ObservationConfirm,29330.0,29330.0,0.0,7.5,7.5,0.0,TP,ProtectBE,41.6,-2.4,-44.0,True,False
H1,2026-05-11,OPF-20260724-194457,20260512-0450-BEAR-BRK-001186-Z001186,20260512-0450-Short-1186,Short,BreakawayFvg,29293.5,29293.5,0.0,25.0,25.0,0.0,TP,Target,195.6,297.6,102.0,False,False
H1,2026-05-11,OPF-20260724-194457,20260512-0655-BEAR-BRK-001211-Z001211,20260512-0655-Short-1211,Short,BreakawayFvg,29219.25,29219.75,-0.5,21.75,21.25,0.5,SL,ProtectBE,-89.4,-2.4,87.0,False,False
H1,2026-05-11,OPF-20260724-194457,20260512-0810-BEAR-OBS-001226-Z001226-OC,20260512-0815-Short-1227,Short,ObservationConfirm,29192.5,29192.75,-0.25,18.5,18.25,0.25,SL,Stop,-77.4,-75.4,2.0,False,False
H1,2026-05-11,OPF-20260724-194457,20260512-0845-BEAR-BRK-001233-Z001233,20260512-0845-Short-1233,Short,BreakawayFvg,29192.5,29190.25,2.25,17.0,19.25,-2.25,SL,Stop,-67.9,-79.4,-11.5,False,False
H1,2026-05-11,OPF-20260724-194457,20260512-1020-BEAR-OBS-001252-Z001252,20260512-1020-Short-1252,Short,ZoneBirthResearch,29224.0,29224.75,-0.75,7.25,6.5,0.75,SPLIT_BASE_TP_RUNNER_TP,Base:Target|Runner:Target,91.1,82.1,-9.0,False,False
H1,2026-05-11,OPF-20260724-194457,20260512-1045-BEAR-OBS-001257-Z001257-OC,20260512-1050-Short-1258,Short,ObservationConfirm,29194.875,29196.25,-1.375,9.125,7.75,1.375,SL,Stop,-36.9,-33.4,3.5,False,False
H1,2026-05-11,OPF-20260724-194457,20260512-1625-BEAR-BRK-001325-Z001325,20260512-1625-Short-1325,Short,BreakawayFvg,28839.625,28840.0,-0.375,28.375,28.0,0.375,TP,ProtectBE,226.1,-2.4,-228.5,True,False
H1,2026-05-12,OPF-20260724-194656,20260512-2340-BEAR-OBS-001124-Z001124-OC,20260512-2345-Short-1125,Short,ObservationConfirm,29096.75,29097.0,-0.25,19.5,19.25,0.25,TP,ProtectBE,116.6,-2.4,-119.0,True,False
H1,2026-05-12,OPF-20260724-194656,20260513-0110-BULL-OBS-001142-Z001142-OC,20260513-0115-Long-1143,Long,ObservationConfirm_WideStop1_5R,29179.25,29178.5,0.75,15.25,14.62,0.63,TP,ProtectBE,88.6,-2.4,-91.0,True,False
H1,2026-05-12,OPF-20260724-194656,20260513-0205-BULL-PB-001153-Z001149,20260513-0205-Long-1153,Long,AlmostConfirmed,29206.5,29207.0,-0.5,16.0,16.5,-0.5,TP,ProtectBE,155.6,-2.4,-158.0,True,False
H1,2026-05-12,OPF-20260724-194656,20260513-0350-BULL-OBS-001174-Z001171-OC,20260513-0355-Long-1175,Long,ObservationConfirm,29248.875,29249.0,-0.125,9.875,10.0,-0.125,TP,Target,77.1,117.6,40.5,False,False
H1,2026-05-12,OPF-20260724-194656,20260513-0510-BULL-OBS-001190-Z001190-FR,20260513-0515-Short-1191,Short,FailureReverse_ObservationInvalidated_WideStop1_5R,29285.75,29287.25,-1.5,12.5,10.88,1.62,SL,Stop,-52.4,-45.92,6.48,False,False
H1,2026-05-12,OPF-20260724-194656,20260513-0900-BULL-OBS-001236-Z001226-FR,20260513-0910-Short-1238,Short,FailureReverse_ObservationInvalidated,29379.5,29379.75,-0.25,22.25,22.0,0.25,SL,Stop,-96.4,-90.4,6.0,False,False
H1,2026-05-12,OPF-20260724-194656,20260513-0955-BEAR-OBS-001247-Z001234-OC,20260513-1000-Short-1248,Short,ObservationConfirm,29416.5,29416.0,0.5,18.25,18.75,-0.5,TP,Target,112.6,222.6,110.0,False,False
H1,2026-05-12,OPF-20260724-194656,20260513-1045-BULL-OBS-001257-Z001257-OC,20260513-1050-Long-1258,Long,ObservationConfirm,29389.75,29390.0,-0.25,6.25,6.5,-0.25,SL,Stop,-29.4,-28.4,1.0,False,False
H1,2026-05-12,OPF-20260724-194656,20260513-1900-BEAR-OBS-001356-Z001356,20260513-1900-Short-1356,Short,ZoneBirthResearch,29490.25,29490.25,0.0,8.0,8.0,0.0,SPLIT_BASE_SL_RUNNER_SL,Base:Stop|Runner:Stop,-34.4,-34.4,0.0,False,False
H1,2026-05-13,OPF-20260724-194854,20260513-2325-BEAR-OBS-001121-Z001121,20260513-2325-Short-1121,Short,ZoneBirthResearch,29619.375,29620.5,-1.125,14.875,13.75,1.125,SPLIT_BASE_SL_RUNNER_SL,Base:Stop|Runner:Stop,-64.9,-57.4,7.5,False,False
H1,2026-05-13,OPF-20260724-194854,20260514-0020-BULL-OBS-001132-Z001131-OC-STR,20260514-0025-Long-1133,Long,ObservationStrict_Other,29649.0,29648.75,0.25,24.5,24.25,0.25,SL,ProtectBE,-98.4,-2.4,96.0,False,False
H1,2026-05-13,OPF-20260724-194854,20260514-0500-BULL-OBS-001188-Z001181-OC,20260514-0505-Long-1189,Long,ObservationConfirm,29566.5,29566.5,0.0,9.75,9.75,0.0,SL,Stop,-37.4,-41.4,-4.0,False,False
H1,2026-05-13,OPF-20260724-194854,20260514-0735-BULL-OBS-001219-Z001219-OC,20260514-0740-Long-1220,Long,ObservationConfirm,29622.0,29621.25,0.75,11.25,10.5,0.75,SL,Stop,-47.9,-44.4,3.5,False,False
H1,2026-05-13,OPF-20260724-194854,20260514-0840-BEAR-SHD-001232-Z001232,20260514-0900-Short-1236,Short,ShadowCandidate,29573.5,29574.75,-1.25,20.5,19.25,1.25,TP,Target,248.6,228.6,-20.0,False,False
H1,2026-05-13,OPF-20260724-194854,20260514-0940-BEAR-BRK-001244-Z001244,20260514-0940-Short-1244,Short,BreakawayFvg,29510.125,29511.0,-0.875,16.375,15.5,0.875,SL,Stop,-66.9,-64.4,2.5,False,False
H1,2026-05-13,OPF-20260724-194854,20260514-1255-BEAR-OBS-001283-Z001283,20260514-1255-Short-1283,Short,ZoneBirthResearch,29493.75,29494.25,-0.5,13.5,13.0,0.5,SPLIT_BASE_TP_RUNNER_BE,Base:Target|Runner:ProtectBE,62.1,62.6,0.5,False,False
H1,2026-05-13,OPF-20260724-194854,20260514-1910-BULL-OBS-001358-Z001355-OC-STR,20260514-1915-Long-1359,Long,ObservationStrict_Other,29710.75,29710.5,0.25,22.0,21.75,0.25,SL,ProtectBE,-91.4,-2.4,89.0,False,False
H1,2026-05-14,OPF-20260724-195051,20260514-2235-BULL-OBS-001111-Z001111-OC,20260514-2240-Long-1112,Long,ObservationConfirm,29707.5,29707.0,0.5,8.0,7.5,0.5,TP,ProtectBE,45.6,-2.4,-48.0,True,False
H1,2026-05-14,OPF-20260724-195051,20260514-2330-BULL-OBS-001122-Z001122-OC,20260514-2335-Long-1123,Long,ObservationConfirm,29725.375,29724.75,0.625,7.375,6.75,0.625,SL,Stop,-32.9,-29.4,3.5,False,False
H1,2026-05-14,OPF-20260724-195051,20260514-2345-BULL-OBS-001125-Z001110-FR,20260514-2355-Short-1127,Short,FailureReverse_ObservationInvalidated,29687.0,29687.75,-0.75,10.75,10.0,0.75,TP,Target,112.6,117.6,5.0,False,False
H1,2026-05-14,OPF-20260724-195051,20260515-0015-BEAR-OBS-001131-Z001125-OC,20260515-0030-Short-1134,Short,ObservationConfirm,29709.25,29709.5,-0.25,16.0,15.75,0.25,TP,Target,87.6,186.6,99.0,False,False
H1,2026-05-14,OPF-20260724-195051,20260515-0110-BEAR-OBS-001142-Z001142,20260515-0110-Short-1142,Short,ZoneBirthResearch,29656.5,29657.0,-0.5,6.75,6.25,0.5,SPLIT_BASE_TP_RUNNER_TP,Base:Target|Runner:Target,89.6,78.85,-10.75,False,False
H1,2026-05-14,OPF-20260724-195051,20260515-0510-BEAR-OBS-001190-Z001190,20260515-0510-Short-1190,Short,ZoneBirthResearch,29426.5,29426.5,0.0,16.0,16.0,0.0,SPLIT_BASE_SL_RUNNER_SL,Base:Stop|Runner:Stop,-69.4,-66.4,3.0,False,False
H1,2026-05-14,OPF-20260724-195051,20260515-0715-BULL-OBS-001215-Z001215-OC,20260515-0720-Long-1216,Long,ObservationConfirm_WideStop1_5R,29442.25,29442.0,0.25,21.25,21.0,0.25,SL,Stop,-85.4,-86.4,-1.0,False,False
H1,2026-05-14,OPF-20260724-195051,20260515-0845-BULL-OBS-001233-Z001233-FR-RT,20260515-0900-Short-1236,Short,FailureReverse_RetestFailed_WideStop1_5R,29267.75,29268.5,-0.75,13.5,12.75,0.75,SL,Stop,-52.4,-53.4,-1.0,False,True
H1,2026-05-14,OPF-20260724-195051,20260515-1230-BEAR-SHD-001278-Z001278,20260515-1255-Short-1283,Short,ShadowCandidate,29190.375,29190.75,-0.375,15.625,15.25,0.375,SL,ProtectBE,-69.9,-2.4,67.5,False,False
H1,2026-05-14,OPF-20260724-195051,20260515-1740-BULL-OBS-001340-Z001338-OC-STR,20260515-1745-Long-1341,Long,ObservationStrict_Other,29417.5,29417.0,0.5,12.0,11.5,0.5,TP,Target,141.6,135.6,-6.0,False,False
H1,2026-05-14,OPF-20260724-195051,20260515-1930-BEAR-OBS-001362-Z001359,20260515-1930-Short-1362,Short,UnknownRegimeZoneTouch,29313.75,29313.25,0.5,10.5,11.0,-0.5,SL,Stop,-46.4,-46.4,0.0,False,True
H1,2026-05-15,OPF-20260724-195251,20260517-2240-BULL-OBS-001112-Z001112-OC,20260517-2245-Long-1113,Long,ObservationConfirm,29250.5,29250.0,0.5,9.75,9.25,0.5,SL,Stop,-42.4,-39.4,3.0,False,False
H1,2026-05-15,OPF-20260724-195251,20260518-0240-BEAR-OBS-001160-Z001160,20260518-0240-Short-1160,Short,ZoneBirthResearch,29045.375,29046.0,-0.625,18.125,17.5,0.625,SPLIT_BASE_TP_RUNNER_BE,Base:Target|Runner:ProtectBE,82.6,85.1,2.5,False,False
H1,2026-05-15,OPF-20260724-195251,20260518-0305-BULL-OBS-001165-Z001165-FR-RT,20260518-0320-Short-1168,Short,FailureReverse_RetestFailed_WideStop1_5R,29025.25,29026.5,-1.25,14.25,13.12,1.13,SL,Stop,-49.4,-54.88,-5.48,False,True
H1,2026-05-15,OPF-20260724-195251,20260518-0715-BEAR-OBS-001215-Z001215-OC,20260518-0720-Short-1216,Short,ObservationConfirm,29082.75,29084.25,-1.5,20.5,19.0,1.5,SL,Stop,-87.4,-78.4,9.0,False,False
H1,2026-05-15,OPF-20260724-195251,20260518-0910-BEAR-OBS-001238-Z001238,20260518-0910-Short-1238,Short,ZoneBirthResearch,29200.25,29201.5,-1.25,14.0,12.75,1.25,SPLIT_BASE_SL_RUNNER_SL,Base:Stop|Runner:Stop,-66.4,-53.4,13.0,False,False
H1,2026-05-15,OPF-20260724-195251,20260518-1050-BULL-OBS-001258-Z001258-FR-RT,20260518-1120-Short-1264,Short,FailureReverse_RetestFailed_WideStop1_5R,29108.5,29108.0,0.5,22.5,22.88,-0.38,SL,Stop,-88.4,-93.92,-5.52,False,False
H1,2026-05-18,OPF-20260724-195454,20260519-0125-BEAR-OBS-001145-Z001145-OC,20260519-0130-Short-1146,Short,ObservationConfirm_WideStop1_5R,29021.25,29020.5,0.75,15.75,16.5,-0.75,SL,Stop,-68.9,-68.4,0.5,False,False
H1,2026-05-18,OPF-20260724-195454,20260519-0230-BULL-OBS-001158-Z001157-OC,20260519-0235-Long-1159,Long,ObservationConfirm,28972.75,28973.5,-0.75,9.5,10.25,-0.75,TP,Target,70.6,120.6,50.0,False,False
H1,2026-05-18,OPF-20260724-195454,20260519-0340-BULL-OBS-001172-Z001171-FR,20260519-0345-Short-1173,Short,FailureReverse_ObservationInvalidated,29006.0,29006.0,0.0,11.75,11.75,0.0,TP,Target,114.6,138.6,24.0,False,False
H1,2026-05-18,OPF-20260724-195454,20260519-0620-BULL-OBS-001204-Z001204-OC,20260519-0625-Long-1205,Long,ObservationConfirm_WideStop1_5R,28983.75,28984.0,-0.25,23.25,23.62,-0.37,TP,Target,132.6,281.04,148.44,False,False
H1,2026-05-18,OPF-20260724-195454,20260519-0900-BEAR-OBS-001236-Z001236,20260519-0900-Short-1236,Short,ZoneBirthResearch,28994.0,28994.5,-0.5,14.5,14.0,0.5,SPLIT_BASE_TP_RUNNER_TP,Base:Target|Runner:Target,185.1,179.6,-5.5,False,False
H1,2026-05-18,OPF-20260724-195454,20260519-0935-BEAR-OBS-001243-Z001243,20260519-0935-Short-1243,Short,ZoneBirthResearch,28878.0,28878.5,-0.5,15.25,14.75,0.5,SPLIT_BASE_TP_RUNNER_SL,Base:Target|Runner:ProtectBE,43.6,71.35,27.75,False,False
H1,2026-05-18,OPF-20260724-195454,20260519-1725-BULL-OBS-001337-Z001335-OC-STR,20260519-1730-Long-1338,Long,ObservationStrict_Other_WideStop1_5R,29082.0,29081.0,1.0,15.0,13.88,1.12,SL,ProtectBE,-62.4,-2.4,60.0,False,False
H1,2026-05-19,OPF-20260724-195707,20260519-2220-BEAR-OBS-001108-Z001108,20260519-2220-Short-1108,Short,ZoneBirthResearch,28902.875,28902.75,0.125,17.625,17.75,-0.125,SPLIT_BASE_SL_RUNNER_SL,Base:Stop|Runner:Stop,-78.9,-73.4,5.5,False,False
H1,2026-05-19,OPF-20260724-195707,20260520-0305-BEAR-OBS-001165-Z001165,20260520-0305-Short-1165,Short,ZoneBirthResearch,28864.0,28864.5,-0.5,14.75,14.25,0.5,SPLIT_BASE_SL_RUNNER_SL,Base:Stop|Runner:Stop,-56.4,-59.4,-3.0,False,False
H1,2026-05-19,OPF-20260724-195707,20260520-0515-BEAR-OBS-001191-Z001191,20260520-0515-Short-1191,Short,ZoneBirthResearch,28908.75,28908.0,0.75,12.25,13.0,-0.75,SPLIT_BASE_SL_RUNNER_SL,Base:Stop|Runner:Stop,-51.4,-54.4,-3.0,False,False
H1,2026-05-19,OPF-20260724-195707,20260520-0735-BEAR-OBS-001219-Z001219,20260520-0735-Short-1219,Short,ZoneBirthResearch,29036.0,29036.0,0.0,12.25,12.25,0.0,SPLIT_BASE_SL_RUNNER_SL,Base:Stop|Runner:Stop,-53.4,-51.4,2.0,False,False
H1,2026-05-19,OPF-20260724-195707,20260520-1050-BULL-OBS-001258-Z001247-FR,20260520-1055-Short-1259,Short,FailureReverse_ObservationInvalidated_WideStop1_5R,29108.75,29108.0,0.75,13.5,14.25,-0.75,SL,Stop,-57.4,-59.4,-2.0,False,False
H1,2026-05-19,OPF-20260724-195707,20260520-1300-BEAR-OBS-001284-Z001284-OC,20260520-1305-Short-1285,Short,ObservationConfirm,29108.75,29110.0,-1.25,16.75,15.5,1.25,TP,ProtectBE,97.6,-2.4,-100.0,True,False
H1,2026-05-20,OPF-20260724-195906,20260521-0225-BULL-PB-001157-Z001156,20260521-0225-Long-1157,Long,AlmostConfirmed,29356.25,29356.25,0.0,16.0,16.0,0.0,SL,Stop,-64.4,-66.4,-2.0,False,False
H1,2026-05-20,OPF-20260724-195906,20260521-0245-BULL-OBS-001161-Z001153-OC,20260521-0250-Long-1162,Long,ObservationConfirm,29329.25,29329.25,0.0,9.75,9.75,0.0,TP,ProtectBE,69.6,-2.4,-72.0,True,False
H1,2026-05-20,OPF-20260724-195906,20260521-0530-BEAR-OBS-001194-Z001194-OC,20260521-0535-Short-1195,Short,ObservationConfirm,29394.125,29394.5,-0.375,17.625,17.25,0.375,TP,Target,99.1,204.6,105.5,False,False
H1,2026-05-20,OPF-20260724-195906,20260521-0650-BEAR-OBS-001210-Z001210-OC,20260521-0655-Short-1211,Short,ObservationConfirm,29299.75,29300.5,-0.75,17.25,16.5,0.75,TP,Target,97.6,195.6,98.0,False,False
H1,2026-05-22,OPF-20260724-200100,20260522-0435-BEAR-OBS-001183-Z001183-OC,20260522-0440-Short-1184,Short,ObservationConfirm,29571.25,29571.75,-0.5,13.5,13.0,0.5,SL,Stop,-55.4,-54.4,1.0,False,False
H1,2026-05-22,OPF-20260724-200100,20260522-0525-BEAR-OBS-001193-Z001193,20260522-0525-Short-1193,Short,ZoneBirthResearch,29586.5,29586.75,-0.25,6.25,6.0,0.25,SPLIT_BASE_SL_RUNNER_SL,Base:Stop|Runner:Stop,-25.4,-26.4,-1.0,False,True
H1,2026-05-22,OPF-20260724-200100,20260522-0600-BEAR-OBS-001200-Z001200,20260522-0600-Short-1200,Short,ZoneBirthResearch,29556.5,29557.0,-0.5,16.0,15.5,0.5,SPLIT_BASE_SL_RUNNER_SL,Base:Stop|Runner:Stop,-71.4,-64.4,7.0,False,False
H1,2026-05-22,OPF-20260724-200100,20260522-0805-BULL-OBS-001225-Z001225-OC,20260522-0810-Long-1226,Long,ObservationConfirm,29596.0,29596.0,0.0,11.0,11.0,0.0,TP,Target,78.6,129.6,51.0,False,False
H1,2026-05-22,OPF-20260724-200100,20260522-0835-BEAR-OBS-001231-Z001231,20260522-0835-Short-1231,Short,ZoneBirthResearch,29606.875,29606.5,0.375,17.125,17.5,-0.375,SPLIT_BASE_TP_RUNNER_TP,Base:Target|Runner:Target,220.1,225.1,5.0,False,False
H1,2026-05-22,OPF-20260724-200100,20260522-0910-BEAR-OBS-001238-Z001238-OC,20260522-0915-Short-1239,Short,ObservationConfirm,29520.0,29520.25,-0.25,18.75,18.5,0.25,TP,ProtectBE,103.6,-2.4,-106.0,True,False
H1,2026-05-22,OPF-20260724-200100,20260522-1050-BULL-OBS-001258-Z001258-OC,20260522-1055-Long-1259,Long,ObservationConfirm,29465.25,29466.25,-1.0,8.5,9.5,-1.0,TP,Target,65.1,111.6,46.5,False,False
H1,2026-05-22,OPF-20260724-200100,20260522-1105-BULL-OBS-001261-Z001261-FR,20260522-1110-Short-1262,Short,FailureReverse_ObservationInvalidated_WideStop1_5R,29467.25,29468.75,-1.5,17.0,15.38,1.62,SL,ProtectBE,-69.4,-2.4,67.0,False,False
H1,2026-05-25,OPF-20260724-200256,20260526-0010-BEAR-OBS-001082-Z001082-OC,20260526-0015-Short-1083,Short,ObservationConfirm_WideStop1_5R,29823.25,29823.25,0.0,17.5,17.62,-0.12,SL,Stop,-71.4,-72.88,-1.48,False,False
H1,2026-05-25,OPF-20260724-200256,20260526-0415-BULL-OBS-001131-Z001131-OC,20260526-0420-Long-1132,Long,ObservationConfirm,29824.0,29824.25,-0.25,5.25,5.5,-0.25,SL,Stop,-20.4,-24.4,-4.0,False,False
H1,2026-05-25,OPF-20260724-200256,20260526-0455-BEAR-OBS-001139-Z001138-OC,20260526-0500-Short-1140,Short,ObservationConfirm,29789.75,29789.5,0.25,18.5,18.75,-0.25,SL,Stop,-76.4,-77.4,-1.0,False,False
H1,2026-05-25,OPF-20260724-200256,20260526-0625-BULL-OBS-001157-Z001153-OC,20260526-0630-Long-1158,Long,ObservationConfirm_WideStop1_5R,29821.875,29822.25,-0.375,22.125,22.5,-0.375,SL,Stop,-84.9,-92.4,-7.5,False,False
H1,2026-05-25,OPF-20260724-200256,20260526-0930-BULL-OBS-001194-Z001194-OC,20260526-0935-Long-1195,Long,ObservationConfirm,29837.625,29836.75,0.875,8.375,7.5,0.875,TP,Target,46.1,87.6,41.5,False,False
H1,2026-05-25,OPF-20260724-200256,20260526-1045-BULL-OBS-001209-Z001203-OC-STR,20260526-1050-Long-1210,Long,ObservationStrict_Other_WideStop1_5R,29864.5,29863.75,0.75,7.75,7.12,0.63,SL,Stop,-32.4,-30.88,1.52,False,False
H1,2026-05-25,OPF-20260724-200256,20260526-1245-BULL-OBS-001233-Z001233-OC,20260526-1250-Long-1234,Long,ObservationConfirm,29916.0,29915.75,0.25,6.25,6.0,0.25,TP,ProtectBE,33.6,-2.4,-36.0,True,False
H1,2026-05-25,OPF-20260724-200256,20260526-1250-BULL-OBS-001234-Z001233-OC,20260526-1255-Long-1235,Long,ObservationConfirm,29920.5,29920.5,0.0,10.75,10.75,0.0,SL,Stop,-45.4,-45.4,0.0,False,False
H1,2026-05-25,OPF-20260724-200256,20260526-1325-BULL-PB-001241-Z001230,20260526-1325-Long-1241,Long,AlmostConfirmed,29904.5,29902.5,2.0,18.25,16.25,2.0,SL,Stop,-73.9,-67.4,6.5,False,True
H1,2026-05-26,OPF-20260724-200454,20260527-0110-BULL-OBS-001094-Z001094-OC,20260527-0115-Long-1095,Long,ObservationConfirm_WideStop1_5R,30146.25,30146.75,-0.5,22.5,22.88,-0.38,SL,Stop,-89.4,-93.92,-4.52,False,False
H1,2026-05-26,OPF-20260724-200454,20260527-0315-BEAR-OBS-001119-Z001119-OC,20260527-0320-Short-1120,Short,ObservationConfirm,30125.0,30125.25,-0.25,16.5,16.25,0.25,TP,ProtectBE,94.6,-2.4,-97.0,True,False
H1,2026-05-26,OPF-20260724-200454,20260527-0350-BEAR-OBS-001126-Z001126-OC,20260527-0355-Short-1127,Short,ObservationConfirm,30097.25,30097.25,0.0,21.25,21.25,0.0,SL,Stop,-88.4,-87.4,1.0,False,False
H1,2026-05-26,OPF-20260724-200454,20260527-0720-BULL-OBS-001168-Z001168-OC,20260527-0725-Long-1169,Long,ObservationConfirm,30125.75,30124.75,1.0,11.25,10.25,1.0,SL,ProtectBE,-46.9,-2.4,44.5,False,False
H1,2026-05-26,OPF-20260724-200454,20260527-0905-BEAR-OBS-001189-Z001189,20260527-0905-Short-1189,Short,ZoneBirthResearch,30176.0,30176.75,-0.75,16.0,15.25,0.75,SPLIT_BASE_SL_RUNNER_SL,Base:Stop|Runner:Stop,-65.4,-63.4,2.0,False,False
H1,2026-05-26,OPF-20260724-200454,20260527-1040-BEAR-OBS-001208-Z001207-OC,20260527-1045-Short-1209,Short,ObservationConfirm,30224.0,30224.75,-0.75,6.5,5.75,0.75,SL,Stop,-28.4,-25.4,3.0,False,False
H1,2026-05-27,OPF-20260724-200651,20260527-2210-BEAR-OBS-001058-Z001058-OC,20260527-2215-Short-1059,Short,ObservationConfirm,30085.375,30086.0,-0.625,16.125,15.5,0.625,TP,Target,94.1,183.6,89.5,False,False
H1,2026-05-27,OPF-20260724-200651,20260528-0220-BEAR-OBS-001108-Z001108,20260528-0220-Short-1108,Short,ZoneBirthResearch,30023.0,30022.5,0.5,5.5,6.0,-0.5,SPLIT_BASE_TP_RUNNER_TP,Base:Target|Runner:Target,67.6,75.6,8.0,False,False
H1,2026-05-27,OPF-20260724-200651,20260528-0550-BEAR-OBS-001150-Z001122,20260528-0550-Short-1150,Short,UnknownRegimeZoneTouch,29910.5,29909.75,0.75,11.75,12.5,-0.75,SL,Stop,-49.4,-52.4,-3.0,False,False
H1,2026-05-27,OPF-20260724-200651,20260528-0610-BEAR-OBS-001154-Z001121,20260528-0610-Short-1154,Short,UnknownRegimeZoneTouch,29928.25,29928.25,0.0,5.25,5.25,0.0,SL,Stop,-24.4,-23.4,1.0,False,False
H1,2026-05-27,OPF-20260724-200651,20260528-0635-BEAR-OBS-001159-Z001159-OC,20260528-0645-Short-1161,Short,ObservationConfirm,29902.0,29901.75,0.25,12.75,13.0,-0.25,TP,ProtectBE,72.6,-2.4,-75.0,True,False
H1,2026-05-27,OPF-20260724-200651,20260528-0705-BEAR-OBS-001165-Z001118-OC,20260528-0710-Short-1166,Short,ObservationConfirm,29947.75,29947.25,0.5,19.25,19.75,-0.5,SL,ProtectBE,-77.4,-2.4,75.0,False,False
H1,2026-05-27,OPF-20260724-200651,20260528-1020-BEAR-BRK-001204-Z001204,20260528-1020-Short-1204,Short,BreakawayFvg,29918.25,29918.75,-0.5,25.25,24.75,0.5,TP,ProtectBE,190.6,-2.4,-193.0,True,False
H1,2026-05-27,OPF-20260724-200651,20260528-1635-BEAR-OBS-001279-Z001279-FR,20260528-1640-Long-1280,Long,FailureReverse_ObservationInvalidated_WideStop1_5R,30307.0,30307.0,0.0,14.0,13.88,0.12,SL,ProtectBE,-52.4,-2.4,50.0,False,False
H1,2026-05-27,OPF-20260724-200651,20260528-1915-BEAR-OBS-001311-Z001311,20260528-1915-Short-1311,Short,ZoneBirthResearch,30285.75,30286.25,-0.5,15.75,15.25,0.5,SPLIT_BASE_SL_RUNNER_SL,Base:Stop|Runner:Stop,-65.4,-63.4,2.0,False,False
H1,2026-05-27,OPF-20260724-200651,20260528-2015-BULL-PB-001323-Z001322,20260528-2015-Long-1323,Long,AlmostConfirmed,30326.25,30325.75,0.5,8.25,7.75,0.5,SL,Stop,-34.9,-33.4,1.5,False,False
H1,2026-05-28,OPF-20260724-200849,20260528-2215-BEAR-OBS-001059-Z001059,20260528-2215-Short-1059,Short,ZoneBirthResearch,30304.75,30304.75,0.0,14.0,14.0,0.0,SPLIT_BASE_SL_RUNNER_SL,Base:Stop|Runner:Stop,-53.4,-58.4,-5.0,False,False
H1,2026-05-28,OPF-20260724-200849,20260528-2325-BULL-OBS-001073-Z001072-FR,20260528-2330-Short-1074,Short,FailureReverse_ObservationInvalidated_WideStop1_5R,30311.0,30310.5,0.5,11.5,12.0,-0.5,TP,Target,135.6,141.6,6.0,False,False
H1,2026-05-28,OPF-20260724-200849,20260529-0005-BEAR-OBS-001081-Z001081,20260529-0005-Short-1081,Short,ZoneBirthResearch,30279.75,30280.0,-0.25,16.75,16.5,0.25,SPLIT_BASE_SL_RUNNER_SL,Base:Stop|Runner:Stop,-65.4,-68.4,-3.0,False,False
H1,2026-05-28,OPF-20260724-200849,20260529-0045-BEAR-OBS-001089-Z001089,20260529-0045-Short-1089,Short,ZoneBirthResearch,30249.25,30249.0,0.25,6.25,6.5,-0.25,SPLIT_BASE_SL_RUNNER_SL,Base:Stop|Runner:Stop,-24.4,-28.4,-4.0,False,True
H1,2026-05-28,OPF-20260724-200849,20260529-0410-BULL-OBS-001130-Z001130-OC,20260529-0415-Long-1131,Long,ObservationConfirm,30279.5,30279.25,0.25,11.0,10.75,0.25,TP,Target,83.6,126.6,43.0,False,False
H1,2026-05-28,OPF-20260724-200849,20260529-0440-BULL-OBS-001136-Z001136-OC,20260529-0445-Long-1137,Long,ObservationConfirm,30304.0,30303.5,0.5,9.75,9.25,0.5,SL,Stop,-40.4,-39.4,1.0,False,False
H1,2026-05-28,OPF-20260724-200849,20260529-0650-BULL-OBS-001162-Z001162-OC,20260529-0655-Long-1163,Long,ObservationConfirm_WideStop1_5R,30349.0,30349.0,0.0,24.0,24.0,0.0,SL,Stop,-98.4,-98.4,0.0,False,False
H1,2026-05-28,OPF-20260724-200849,20260529-0735-BEAR-OBS-001171-Z001171-OC,20260529-0740-Short-1172,Short,ObservationConfirm,30276.75,30277.25,-0.5,18.25,17.75,0.5,SL,Stop,-80.4,-73.4,7.0,False,False
H1,2026-05-29,OPF-20260724-201101,20260601-0245-BEAR-OBS-001161-Z001161,20260601-0245-Short-1161,Short,ZoneBirthResearch,30549.25,30549.25,0.0,8.0,8.0,0.0,SPLIT_BASE_SL_RUNNER_SL,Base:Stop|Runner:Stop,-28.4,-34.4,-6.0,False,False
H1,2026-05-29,OPF-20260724-201101,20260601-0305-BULL-OBS-001165-Z001165-OC,20260601-0310-Long-1166,Long,ObservationConfirm,30561.25,30561.0,0.25,10.0,9.75,0.25,SL,Stop,-29.4,-41.4,-12.0,False,False
H1,2026-05-29,OPF-20260724-201101,20260601-0340-BEAR-OBS-001172-Z001172-OC,20260601-0345-Short-1173,Short,ObservationConfirm,30558.25,30558.25,0.0,15.75,15.75,0.0,SL,ProtectBE,-61.4,-2.4,59.0,False,False
H1,2026-05-29,OPF-20260724-201101,20260601-0445-BULL-OBS-001185-Z001185-OC,20260601-0450-Long-1186,Long,ObservationConfirm,30574.25,30574.0,0.25,9.75,9.5,0.25,SL,Stop,-38.4,-40.4,-2.0,False,False
H1,2026-05-29,OPF-20260724-201101,20260601-0530-BEAR-OBS-001194-Z001194,20260601-0530-Short-1194,Short,ZoneBirthResearch,30560.0,30559.75,0.25,7.0,7.25,-0.25,SPLIT_BASE_SL_RUNNER_SL,Base:Stop|Runner:Stop,-31.4,-31.4,0.0,False,False
H1,2026-05-29,OPF-20260724-201101,20260601-0555-BULL-OBS-001199-Z001198-OC,20260601-0605-Long-1201,Long,ObservationConfirm,30584.75,30583.75,1.0,8.75,7.75,1.0,SL,Stop,-32.4,-33.4,-1.0,False,False
H1,2026-05-29,OPF-20260724-201101,20260601-0650-BULL-OBS-001210-Z001210-OC,20260601-0655-Long-1211,Long,ObservationConfirm,30580.25,30578.75,1.5,9.5,8.0,1.5,SL,ProtectBE,-37.4,-2.4,35.0,False,False
H1,2026-05-29,OPF-20260724-201101,20260601-0905-BULL-OBS-001237-Z001236-FR,20260601-0910-Short-1238,Short,FailureReverse_ObservationInvalidated_WideStop1_5R,30483.75,30483.75,0.0,23.5,23.62,-0.12,TP,ProtectBE,271.1,-2.4,-273.5,True,False
H1,2026-05-29,OPF-20260724-201101,20260601-1800-BULL-OBS-001344-Z001342-FR,20260601-1805-Short-1345,Short,FailureReverse_ObservationInvalidated_WideStop1_5R,30660.5,30660.75,-0.25,13.75,13.5,0.25,TP,Target,164.6,159.6,-5.0,False,False
H1,2026-05-29,OPF-20260724-201101,20260601-1850-BEAR-OBS-001354-Z001354,20260601-1850-Short-1354,Short,ZoneBirthResearch,30626.25,30626.5,-0.25,5.5,5.25,0.25,SPLIT_BASE_SL_RUNNER_SL,Base:Stop|Runner:Stop,-26.4,-23.4,3.0,False,False
H1,2026-06-01,OPF-20260724-201259,20260602-0150-BEAR-OBS-001150-Z001150,20260602-0150-Short-1150,Short,ZoneBirthResearch,30348.25,30348.5,-0.25,7.5,7.25,0.25,SPLIT_BASE_TP_RUNNER_BE,Base:Target|Runner:ProtectBE,33.1,33.85,0.75,False,False
H1,2026-06-01,OPF-20260724-201259,20260602-0240-BULL-OBS-001160-Z001159-OC,20260602-0245-Long-1161,Long,ObservationConfirm,30368.0,30368.25,-0.25,7.0,7.25,-0.25,TP,ProtectBE,40.1,-2.4,-42.5,True,False
H1,2026-06-01,OPF-20260724-201259,20260602-0325-BEAR-OBS-001169-Z001168-OC,20260602-0330-Short-1170,Short,ObservationConfirm,30320.75,30321.5,-0.75,17.75,17.0,0.75,SL,Stop,-72.4,-70.4,2.0,False,False
H1,2026-06-01,OPF-20260724-201259,20260602-0405-BULL-OBS-001177-Z001177-OC,20260602-0410-Long-1178,Long,ObservationConfirm,30376.0,30376.0,0.0,10.5,10.5,0.0,TP,Target,81.6,123.6,42.0,False,False
H1,2026-06-01,OPF-20260724-201259,20260602-0625-BULL-OBS-001205-Z001204-OC,20260602-0635-Long-1207,Long,ObservationConfirm_WideStop1_5R,30501.0,30501.0,0.0,24.75,24.75,0.0,TP,Target,143.6,294.6,151.0,False,False
H1,2026-06-01,OPF-20260724-201259,20260602-0710-BULL-OBS-001214-Z001214-OC,20260602-0715-Long-1215,Long,ObservationConfirm,30533.0,30532.75,0.25,5.25,5.0,0.25,TP,ProtectBE,24.6,-2.4,-27.0,True,False
H1,2026-06-01,OPF-20260724-201259,20260602-0725-BULL-OBS-001217-Z001213-OC,20260602-0730-Long-1218,Long,ObservationConfirm,30527.0,30526.25,0.75,11.25,10.5,0.75,SL,ProtectBE,-54.4,-2.4,52.0,False,False
H1,2026-06-01,OPF-20260724-201259,20260602-1035-BEAR-OBS-001255-Z001255-OC,20260602-1040-Short-1256,Short,ObservationConfirm,30535.5,30536.0,-0.5,11.5,11.0,0.5,TP,Target,66.6,129.6,63.0,False,False
H1,2026-06-01,OPF-20260724-201259,20260602-1800-BEAR-OBS-001344-Z001344,20260602-1800-Short-1344,Short,ZoneBirthResearch,30620.75,30621.0,-0.25,13.0,12.75,0.25,SPLIT_BASE_SL_RUNNER_SL,Base:Stop|Runner:Stop,-57.4,-53.4,4.0,False,False
H1,2026-06-01,OPF-20260724-201259,20260602-1820-BEAR-OBS-001348-Z001348,20260602-1820-Short-1348,Short,ZoneBirthResearch,30634.625,30635.25,-0.625,8.625,8.0,0.625,SPLIT_BASE_SL_RUNNER_SL,Base:Stop|Runner:Stop,-35.9,-34.4,1.5,False,False
H1,2026-06-02,OPF-20260724-201457,20260603-0140-BEAR-OBS-001148-Z001148-OC,20260603-0145-Short-1149,Short,ObservationConfirm_WideStop1_5R,30666.0,30666.5,-0.5,17.5,16.88,0.62,SL,Stop,-70.4,-69.92,0.48,False,False
H1,2026-06-02,OPF-20260724-201457,20260603-0410-BEAR-OBS-001178-Z001114-OC,20260603-0415-Short-1179,Short,ObservationConfirm,30716.25,30717.0,-0.75,20.25,19.5,0.75,TP,ProtectBE,118.6,-2.4,-121.0,True,False
H1,2026-06-02,OPF-20260724-201457,20260603-0510-BEAR-OBS-001190-Z001186-FR,20260603-0520-Long-1192,Long,FailureReverse_ObservationInvalidated,30720.5,30720.0,0.5,7.75,7.25,0.5,SL,Stop,-33.4,-31.4,2.0,False,False
H1,2026-06-02,OPF-20260724-201457,20260603-0725-BEAR-OBS-001217-Z001217,20260603-0725-Short-1217,Short,ZoneBirthResearch,30706.5,30707.0,-0.5,15.0,14.5,0.5,SPLIT_BASE_SL_RUNNER_SL,Base:Stop|Runner:Stop,-62.4,-60.4,2.0,False,False
H1,2026-06-02,OPF-20260724-201457,20260603-0840-BEAR-OBS-001232-Z001232,20260603-0840-Short-1232,Short,ZoneBirthResearch,30717.0,30716.75,0.25,7.25,7.5,-0.25,SPLIT_BASE_SL_RUNNER_SL,Base:Stop|Runner:Stop,-31.4,-32.4,-1.0,False,False
H1,2026-06-02,OPF-20260724-201457,20260603-1030-BULL-OBS-001254-Z001254-OC,20260603-1035-Long-1255,Long,ObservationConfirm,30765.5,30765.5,0.0,10.5,10.5,0.0,SL,Stop,-44.4,-44.4,0.0,False,False
H1,2026-06-02,OPF-20260724-201457,20260603-1200-BULL-OBS-001272-Z001271-OC-STR,20260603-1205-Long-1273,Long,ObservationStrict_Other,30790.5,30790.0,0.5,14.75,14.25,0.5,SL,Stop,-62.4,-59.4,3.0,False,False
H1,2026-06-02,OPF-20260724-201457,20260603-1540-BEAR-SHD-001316-Z001316,20260603-1550-Short-1318,Short,ShadowCandidate,30609.5,30610.25,-0.75,22.5,21.75,0.75,TP,ProtectBE,277.6,-2.4,-280.0,True,False
H1,2026-06-02,OPF-20260724-201457,20260603-1625-BEAR-OBS-001325-Z001325,20260603-1625-Short-1325,Short,ZoneBirthResearch,30552.5,30552.75,-0.25,13.25,13.0,0.25,SPLIT_BASE_SL_RUNNER_SL,Base:Stop|Runner:Stop,-56.4,-54.4,2.0,False,False
H1,2026-06-02,OPF-20260724-201457,20260603-1830-BULL-OBS-001350-Z001350-FR,20260603-1835-Short-1351,Short,FailureReverse_ObservationInvalidated_WideStop1_5R,30646.0,30646.0,0.0,24.0,24.0,0.0,SL,ProtectBE,-98.4,-2.4,96.0,False,False
H1,2026-06-02,OPF-20260724-201457,20260603-2005-BEAR-OBS-001369-Z001369,20260603-2005-Short-1369,Short,ZoneBirthResearch,30610.0,30609.25,0.75,15.5,16.25,-0.75,SPLIT_BASE_SL_RUNNER_SL,Base:Stop|Runner:Stop,-65.4,-67.4,-2.0,False,False
H1,2026-06-03,OPF-20260724-201701,20260604-0515-BEAR-OBS-001191-Z001190-OC,20260604-0520-Short-1192,Short,ObservationConfirm,30458.0,30458.5,-0.5,20.5,20.0,0.5,SL,Stop,-86.4,-82.4,4.0,False,False
H1,2026-06-03,OPF-20260724-201701,20260604-0640-BULL-OBS-001208-Z001208-OC,20260604-0645-Long-1209,Long,ObservationConfirm_WideStop1_5R,30510.25,30510.0,0.25,24.25,24.0,0.25,SL,ProtectBE,-93.4,-2.4,91.0,False,False
H1,2026-06-03,OPF-20260724-201701,20260604-0905-BEAR-OBS-001237-Z001237,20260604-0905-Short-1237,Short,ZoneBirthResearch,30312.75,30313.5,-0.75,14.25,13.5,0.75,SPLIT_BASE_TP_RUNNER_TP,Base:Target|Runner:Target,187.1,173.1,-14.0,False,False
H1,2026-06-03,OPF-20260724-201701,20260604-1005-BEAR-OBS-001249-Z001249-OC,20260604-1010-Short-1250,Short,ObservationConfirm,30308.25,30307.25,1.0,20.75,21.75,-1.0,TP,Target,121.6,258.6,137.0,False,False
H1,2026-06-04,OPF-20260724-201859,20260604-2215-BEAR-OBS-001107-Z001107,20260604-2215-Short-1107,Short,ZoneBirthResearch,30371.875,30372.25,-0.375,7.875,7.5,0.375,SPLIT_BASE_SL_RUNNER_SL,Base:Stop|Runner:Stop,-38.9,-32.4,6.5,False,True
H1,2026-06-04,OPF-20260724-201859,20260604-2225-BEAR-OBS-001109-Z001109,20260604-2225-Short-1109,Short,ZoneBirthResearch,30342.0,30342.25,-0.25,18.25,18.0,0.25,SPLIT_BASE_SL_RUNNER_SL,Base:Stop|Runner:Stop,-59.4,-74.4,-15.0,False,False
H1,2026-06-04,OPF-20260724-201859,20260605-0250-BEAR-OBS-001162-Z001161-OC,20260605-0255-Short-1163,Short,ObservationConfirm,30213.75,30213.5,0.25,17.75,18.0,-0.25,TP,ProtectBE,104.1,-2.4,-106.5,True,False
H1,2026-06-04,OPF-20260724-201859,20260605-0355-BEAR-SHD-001175-Z001174,20260605-0400-Short-1176,Short,ShadowCandidate,30167.25,30167.0,0.25,12.0,12.25,-0.25,SL,Stop,-61.4,-51.4,10.0,False,False
H1,2026-06-04,OPF-20260724-201859,20260605-0455-BULL-OBS-001187-Z001187-FR,20260605-0500-Short-1188,Short,FailureReverse_ObservationInvalidated_WideStop1_5R,30213.625,30214.0,-0.375,23.625,23.25,0.375,TP,ProtectBE,282.1,-2.4,-284.5,True,False
H1,2026-06-04,OPF-20260724-201859,20260605-0640-BEAR-BRK-001208-Z001208,20260605-0640-Short-1208,Short,BreakawayFvg,30118.0,30118.75,-0.75,21.75,21.0,0.75,SL,Stop,-87.4,-86.4,1.0,False,False
H1,2026-06-04,OPF-20260724-201859,20260605-0705-BEAR-BRK-001213-Z001213,20260605-0705-Short-1213,Short,BreakawayFvg,30091.875,30092.25,-0.375,25.625,25.25,0.375,SL,ProtectBE,-103.9,-2.4,101.5,False,False
H1,2026-06-04,OPF-20260724-201859,20260605-0955-BULL-OBS-001247-Z001246-OC,20260605-1000-Long-1248,Long,ObservationConfirm_WideStop1_5R,30202.75,30203.0,-0.25,22.75,22.88,-0.13,SL,ProtectBE,-89.9,-2.4,87.5,False,False
H1,2026-06-04,OPF-20260724-201859,20260605-1205-BEAR-BRK-001273-Z001273,20260605-1205-Short-1273,Short,BreakawayFvg,30126.75,30127.25,-0.5,18.25,17.75,0.5,SL,ProtectBE,-77.4,-2.4,75.0,False,False
H1,2026-06-04,OPF-20260724-201859,20260605-2035-BEAR-OBS-001375-Z001375,20260605-2035-Short-1375,Short,ZoneBirthResearch,28821.625,28824.25,-2.625,17.125,14.5,2.625,SPLIT_BASE_TP_RUNNER_BE,Base:Target|Runner:ProtectBE,87.1,70.1,-17.0,False,False
H1,2026-06-05,OPF-20260724-202118,20260608-0405-BEAR-OBS-001177-Z001177,20260608-0405-Short-1177,Short,ZoneBirthResearch,29182.5,29183.0,-0.5,18.0,17.5,0.5,SPLIT_BASE_SL_RUNNER_SL,Base:Stop|Runner:Stop,-72.4,-72.4,0.0,False,False
H1,2026-06-05,OPF-20260724-202118,20260608-0450-BEAR-OBS-001186-Z001184,20260608-0450-Short-1186,Short,UnknownRegimeZoneTouch,29122.25,29122.0,0.25,19.75,20.0,-0.25,SL,ProtectBE,-71.4,-2.4,69.0,False,False
H1,2026-06-05,OPF-20260724-202118,20260608-0515-BEAR-OBS-001191-Z001191,20260608-0515-Short-1191,Short,ZoneBirthResearch,29087.25,29087.0,0.25,14.5,14.75,-0.25,SPLIT_BASE_TP_RUNNER_TP,Base:Target|Runner:Target,186.1,189.35,3.25,False,False
H1,2026-06-05,OPF-20260724-202118,20260608-0920-BEAR-OBS-001240-Z001233-OC,20260608-0925-Short-1241,Short,ObservationConfirm,29192.125,29192.75,-0.625,18.875,18.25,0.625,SL,ProtectBE,-85.9,-2.4,83.5,False,False
H1,2026-06-08,OPF-20260724-202322,20260608-2255-BEAR-OBS-001115-Z001105-OC,20260608-2300-Short-1116,Short,ObservationConfirm,29414.5,29414.5,0.0,18.5,18.5,0.0,SL,Stop,-68.4,-76.4,-8.0,False,False
H1,2026-06-08,OPF-20260724-202322,20260609-0630-BEAR-OBS-001206-Z001206,20260609-0630-Short-1206,Short,ZoneBirthResearch,29637.375,29639.0,-1.625,15.625,14.0,1.625,SPLIT_BASE_SL_RUNNER_SL,Base:Target|Runner:ProtectBE,-64.9,67.6,132.5,True,False
H1,2026-06-08,OPF-20260724-202322,20260609-1120-BULL-PB-001264-Z001259,20260609-1120-Long-1264,Long,AlmostConfirmed,29673.0,29673.5,-0.5,9.75,10.25,-0.5,TP,Target,95.1,120.6,25.5,False,False
H1,2026-06-08,OPF-20260724-202322,20260609-1245-BEAR-OBS-001281-Z001281-OC,20260609-1250-Short-1282,Short,ObservationConfirm,29688.0,29688.5,-0.5,19.25,18.75,0.5,SL,Stop,-79.4,-77.4,2.0,False,False
H1,2026-06-09,OPF-20260724-202551,20260610-0340-BEAR-OBS-001172-Z001172-OC,20260610-0345-Short-1173,Short,ObservationConfirm,28981.0,28982.25,-1.25,18.25,17.0,1.25,SL,Stop,-78.4,-70.4,8.0,False,False
H1,2026-06-10,OPF-20260724-202815,20260611-0340-BULL-OBS-001172-Z001172-OC,20260611-0345-Long-1173,Long,ObservationConfirm_WideStop1_5R,28685.25,28684.5,0.75,25.5,24.75,0.75,TP,Target,150.1,294.6,144.5,False,False
H1,2026-06-10,OPF-20260724-202815,20260611-1110-BEAR-OBS-001262-Z001262-OC,20260611-1115-Short-1263,Short,ObservationConfirm_WideStop1_5R,28841.75,28841.75,0.0,9.75,9.75,0.0,TP,ProtectBE,53.1,-2.4,-55.5,True,False
H1,2026-06-11,OPF-20260724-203032,20260611-2255-BULL-OBS-001115-Z001114-FR,20260611-2300-Short-1116,Short,FailureReverse_ObservationInvalidated,29542.25,29543.5,-1.25,24.5,23.25,1.25,SL,ProtectBE,-93.9,-2.4,91.5,False,False
H1,2026-06-11,OPF-20260724-203032,20260612-0635-BEAR-BRK-001207-Z001207,20260612-0635-Short-1207,Short,BreakawayFvg,29394.5,29394.75,-0.25,26.75,26.5,0.25,TP,Target,208.6,315.6,107.0,False,False
H1,2026-06-11,OPF-20260724-203032,20260612-0705-BEAR-BRK-001213-Z001213,20260612-0705-Short-1213,Short,BreakawayFvg,29318.75,29321.75,-3.0,16.5,13.5,3.0,TP,Target,129.1,159.6,30.5,False,False
H1,2026-06-11,OPF-20260724-203032,20260612-1820-BEAR-OBS-001348-Z001348,20260612-1820-Short-1348,Short,ZoneBirthResearch,29626.625,29626.5,0.125,16.375,16.5,-0.125,SPLIT_BASE_SL_RUNNER_SL,Base:Stop|Runner:Stop,-72.9,-68.4,4.5,False,False
H1,2026-06-11,OPF-20260724-203032,20260612-2030-BEAR-OBS-001374-Z001374-OC,20260612-2035-Short-1375,Short,ObservationConfirm,29681.0,29680.5,0.5,15.0,15.5,-0.5,SL,Stop,-63.4,-64.4,-1.0,False,False
H1,2026-06-12,OPF-20260724-203235,20260615-0345-BEAR-OBS-001173-Z001173-OC,20260615-0350-Short-1174,Short,ObservationConfirm,30491.5,30492.0,-0.5,15.25,14.75,0.5,TP,ProtectBE,75.6,-2.4,-78.0,True,False
H1,2026-06-12,OPF-20260724-203235,20260615-0420-BEAR-OBS-001180-Z001173-FR,20260615-0425-Long-1181,Long,FailureReverse_ObservationInvalidated,30512.5,30512.25,0.25,12.5,12.25,0.25,TP,ProtectBE,122.6,-2.4,-125.0,True,False
H1,2026-06-12,OPF-20260724-203235,20260615-0600-BULL-OBS-001200-Z001200-OC,20260615-0605-Long-1201,Long,ObservationConfirm,30535.5,30533.75,1.75,10.75,9.0,1.75,SL,Stop,-44.4,-38.4,6.0,False,False
H1,2026-06-12,OPF-20260724-203235,20260615-0855-BEAR-OBS-001235-Z001235-OC,20260615-0900-Short-1236,Short,ObservationConfirm,30598.5,30598.5,0.0,7.25,7.25,0.0,TP,ProtectBE,35.6,-2.4,-38.0,True,True
H1,2026-06-12,OPF-20260724-203235,20260615-1000-BEAR-OBS-001248-Z001240-OC,20260615-1005-Short-1249,Short,ObservationConfirm,30554.875,30555.75,-0.875,18.625,17.75,0.875,SL,ProtectBE,-75.4,-2.4,73.0,False,False
H1,2026-06-12,OPF-20260724-203235,20260615-2025-BEAR-OBS-001373-Z001373-OC,20260615-2030-Short-1374,Short,ObservationConfirm,30854.5,30854.25,0.25,4.5,4.75,-0.25,TP,Target,22.6,54.6,32.0,False,False
H1,2026-06-15,OPF-20260724-203453,20260616-0240-BULL-OBS-001160-Z001159-OC,20260616-0245-Long-1161,Long,ObservationConfirm,30795.75,30795.25,0.5,9.75,9.25,0.5,SL,Stop,-43.4,-39.4,4.0,False,False
H1,2026-06-15,OPF-20260724-203453,20260616-0340-BULL-OBS-001172-Z001172-FR-RT,20260616-0355-Short-1175,Short,FailureReverse_RetestFailed_WideStop1_5R,30831.25,30831.0,0.25,17.75,18.0,-0.25,SL,ProtectBE,-71.4,-2.4,69.0,False,False
H1,2026-06-15,OPF-20260724-203453,20260616-0950-BEAR-OBS-001246-Z001245-OC,20260616-0955-Short-1247,Short,ObservationConfirm,30870.25,30870.0,0.25,16.75,17.0,-0.25,SL,Stop,-70.9,-70.4,0.5,False,False
H1,2026-06-15,OPF-20260724-203453,20260616-1010-BULL-OBS-001250-Z001250-OC,20260616-1015-Long-1251,Long,ObservationConfirm,30889.5,30889.25,0.25,10.5,10.25,0.25,TP,Target,81.6,120.6,39.0,False,False
H1,2026-06-16,OPF-20260724-203656,20260616-2245-BEAR-OBS-001113-Z001113,20260616-2245-Short-1113,Short,ZoneBirthResearch,30364.875,30365.0,-0.125,5.625,5.5,0.125,SPLIT_BASE_SL_RUNNER_SL,Base:Stop|Runner:Stop,-26.9,-24.4,2.5,False,False
H1,2026-06-16,OPF-20260724-203656,20260617-0035-BULL-OBS-001135-Z001135-OC,20260617-0040-Long-1136,Long,ObservationConfirm,30390.25,30390.25,0.0,9.75,9.75,0.0,SL,Stop,-45.4,-41.4,4.0,False,False
H1,2026-06-16,OPF-20260724-203656,20260617-0125-BULL-OBS-001145-Z001145-OC,20260617-0130-Long-1146,Long,ObservationConfirm,30420.75,30421.25,-0.5,11.25,11.75,-0.5,TP,Target,65.6,138.6,73.0,False,False
H1,2026-06-16,OPF-20260724-203656,20260617-0235-BEAR-OBS-001159-Z001159,20260617-0235-Short-1159,Short,ZoneBirthResearch,30435.75,30435.5,0.25,13.75,14.0,-0.25,SPLIT_BASE_SL_RUNNER_SL,Base:Stop|Runner:Stop,-57.4,-58.4,-1.0,False,False
H1,2026-06-16,OPF-20260724-203656,20260617-0315-BEAR-OBS-001167-Z001167,20260617-0315-Short-1167,Short,ZoneBirthResearch,30429.25,30429.0,0.25,12.0,12.25,-0.25,SPLIT_BASE_SL_RUNNER_SL,Base:Stop|Runner:Stop,-51.4,-51.4,0.0,False,False
H1,2026-06-16,OPF-20260724-203656,20260617-0645-BULL-OBS-001209-Z001209-OC,20260617-0650-Long-1210,Long,ObservationConfirm,30533.875,30533.5,0.375,10.625,10.25,0.375,TP,Target,81.6,120.6,39.0,False,False
H1,2026-06-16,OPF-20260724-203656,20260617-0815-BEAR-OBS-001227-Z001227-OC,20260617-0820-Short-1228,Short,ObservationConfirm,30536.125,30536.25,-0.125,19.875,19.75,0.125,TP,Target,117.1,234.6,117.5,False,False
H1,2026-06-16,OPF-20260724-203656,20260617-0855-BEAR-OBS-001235-Z001231-FR,20260617-0900-Long-1236,Long,FailureReverse_ObservationInvalidated,30519.0,30518.5,0.5,15.25,14.75,0.5,SL,Stop,-65.4,-61.4,4.0,False,False
H1,2026-06-16,OPF-20260724-203656,20260617-1130-BEAR-OBS-001266-Z001266,20260617-1130-Short-1266,Short,ZoneBirthResearch,30465.25,30465.75,-0.5,12.75,12.25,0.5,SPLIT_BASE_TP_RUNNER_TP,Base:Target|Runner:Target,162.6,156.85,-5.75,False,False
H1,2026-06-16,OPF-20260724-203656,20260617-1300-BEAR-OBS-001284-Z001284,20260617-1300-Short-1284,Short,ZoneBirthResearch,30488.875,30490.0,-1.125,7.375,6.25,1.125,SPLIT_BASE_TP_RUNNER_SL,Base:Target|Runner:Target,20.6,78.85,58.25,False,False
H1,2026-06-18,OPF-20260724-203909,20260618-0025-BEAR-OBS-001133-Z001133,20260618-0025-Short-1133,Short,ZoneBirthResearch,30382.0,30383.0,-1.0,15.0,14.0,1.0,SPLIT_BASE_SL_RUNNER_SL,Base:Stop|Runner:Stop,-48.4,-58.4,-10.0,False,False
H1,2026-06-18,OPF-20260724-203909,20260618-0210-BULL-OBS-001154-Z001154-FR-RT,20260618-0225-Short-1157,Short,FailureReverse_RetestFailed,30400.75,30401.25,-0.5,8.0,7.5,0.5,TP,Stop,43.6,-32.4,-76.0,True,True
H1,2026-06-18,OPF-20260724-203909,20260618-0420-BEAR-BRK-001180-Z001180,20260618-0420-Short-1180,Short,BreakawayFvg,30332.25,30332.5,-0.25,20.0,19.75,0.25,TP,ProtectBE,158.6,-2.4,-161.0,True,False
H1,2026-06-18,OPF-20260724-203909,20260618-0420-BEAR-SHD-001180-Z001180,20260618-0455-Short-1187,Short,ShadowCandidate,30340.75,30341.25,-0.5,11.5,11.0,0.5,SL,Stop,-49.4,-46.4,3.0,False,True
H1,2026-06-18,OPF-20260724-203909,20260618-0625-BEAR-OBS-001205-Z001178-OC,20260618-0630-Short-1206,Short,ObservationConfirm,30366.625,30367.0,-0.375,19.875,19.5,0.375,TP,ProtectBE,115.1,-2.4,-117.5,True,False
H1,2026-06-18,OPF-20260724-203909,20260618-1035-BEAR-OBS-001255-Z001255,20260618-1035-Short-1255,Short,ZoneBirthResearch,30455.0,30455.5,-0.5,14.25,13.75,0.5,SPLIT_BASE_TP_RUNNER_TP,Base:Target|Runner:ProtectBE,180.1,66.35,-113.75,False,False
H1,2026-06-19,OPF-20260724-204112,20260622-0300-BULL-OBS-001116-Z001089-FR,20260622-0305-Short-1117,Short,FailureReverse_ObservationInvalidated_WideStop1_5R,30560.5,30561.25,-0.75,24.75,24.0,0.75,SL,Stop,-101.4,-98.4,3.0,False,False
H1,2026-06-19,OPF-20260724-204112,20260622-0400-BEAR-OBS-001128-Z001128,20260622-0400-Short-1128,Short,ZoneBirthResearch,30558.25,30558.5,-0.25,5.5,5.25,0.25,SPLIT_BASE_SL_RUNNER_SL,Base:Stop|Runner:Stop,-22.4,-23.4,-1.0,False,False
H1,2026-06-19,OPF-20260724-204112,20260622-0805-BEAR-OBS-001177-Z001177-OC,20260622-0810-Short-1178,Short,ObservationConfirm,30725.75,30727.0,-1.25,20.75,19.5,1.25,TP,ProtectBE,121.6,-2.4,-124.0,True,False
H1,2026-06-19,OPF-20260724-204112,20260622-1035-BEAR-OBS-001207-Z001207-OC,20260622-1040-Short-1208,Short,ObservationConfirm,30717.75,30717.75,0.0,16.75,16.75,0.0,SL,Stop,-74.4,-69.4,5.0,False,False
H1,2026-06-19,OPF-20260724-204112,20260622-1230-BULL-OBS-001230-Z001230-OC,20260622-1235-Long-1231,Long,ObservationConfirm,30824.75,30823.5,1.25,12.0,10.75,1.25,SL,Stop,-47.9,-45.4,2.5,False,True
H1,2026-06-19,OPF-20260724-204112,20260622-1245-BEAR-OBS-001233-Z001233-OC,20260622-1250-Short-1234,Short,ObservationConfirm,30805.5,30805.5,0.0,17.0,17.0,0.0,SL,Stop,-75.4,-70.4,5.0,False,False
H1,2026-06-19,OPF-20260724-204112,20260622-2020-BULL-OBS-001324-Z001324-FR-RT,20260622-2035-Short-1327,Short,FailureReverse_RetestFailed,30652.75,30653.0,-0.25,4.75,4.5,0.25,SL,Stop,-20.4,-20.4,0.0,False,False
H1,2026-06-22,OPF-20260724-204319,20260623-0120-BEAR-OBS-001096-Z001096-OC,20260623-0125-Short-1097,Short,ObservationConfirm,30565.5,30565.75,-0.25,18.5,18.25,0.25,TP,Target,108.6,216.6,108.0,False,False
H1,2026-06-22,OPF-20260724-204319,20260623-0310-BEAR-BRK-001118-Z001118,20260623-0310-Short-1118,Short,BreakawayFvg,30366.25,30366.5,-0.25,22.0,21.75,0.25,TP,Target,172.6,258.6,86.0,False,False
H1,2026-06-22,OPF-20260724-204319,20260623-0335-BEAR-BRK-001123-Z001123,20260623-0335-Short-1123,Short,BreakawayFvg,30320.875,30320.75,0.125,29.625,29.75,-0.125,SL,Stop,-121.9,-121.4,0.5,False,False
H1,2026-06-22,OPF-20260724-204319,20260623-0420-BEAR-OBS-001132-Z001132,20260623-0420-Short-1132,Short,ZoneBirthResearch,30321.25,30322.25,-1.0,14.75,13.75,1.0,SPLIT_BASE_SL_RUNNER_SL,Base:Stop|Runner:Stop,-65.4,-57.4,8.0,False,False
H1,2026-06-22,OPF-20260724-204319,20260623-0700-BEAR-OBS-001164-Z001164,20260623-0700-Short-1164,Short,ZoneBirthResearch,29975.75,29976.25,-0.5,13.25,12.75,0.5,SPLIT_BASE_SL_RUNNER_SL,Base:Stop|Runner:Stop,-62.4,-53.4,9.0,False,False
H1,2026-06-22,OPF-20260724-204319,20260623-0755-BEAR-BRK-001175-Z001175,20260623-0755-Short-1175,Short,BreakawayFvg,29908.0,29908.0,0.0,29.75,29.75,0.0,TP,Target,234.6,354.6,120.0,False,False
H1,2026-06-22,OPF-20260724-204319,20260623-1035-BEAR-OBS-001207-Z001207,20260623-1035-Short-1207,Short,ZoneBirthResearch,29798.75,29800.25,-1.5,18.25,16.75,1.5,SPLIT_BASE_TP_RUNNER_SL,Base:Target|Runner:ProtectBE,50.1,81.35,31.25,False,False
H1,2026-06-22,OPF-20260724-204319,20260623-1110-BEAR-OBS-001214-Z001205-OC,20260623-1115-Short-1215,Short,ObservationConfirm,29837.5,29838.25,-0.75,17.75,17.0,0.75,SL,Stop,-87.9,-70.4,17.5,False,True
H1,2026-06-22,OPF-20260724-204319,20260623-1650-BEAR-OBS-001282-Z001282,20260623-1650-Short-1282,Short,ZoneBirthResearch,29855.0,29855.25,-0.25,12.75,12.5,0.25,SPLIT_BASE_SL_RUNNER_SL,Base:Stop|Runner:Stop,-56.4,-52.4,4.0,False,False
H1,2026-06-22,OPF-20260724-204319,20260623-1745-BEAR-BRK-001293-Z001293,20260623-1745-Short-1293,Short,BreakawayFvg,29827.375,29827.75,-0.375,21.125,20.75,0.375,TP,Target,161.1,246.6,85.5,False,False
H1,2026-06-23,OPF-20260724-204532,20260624-0220-BEAR-OBS-001108-Z001108-OC,20260624-0225-Short-1109,Short,ObservationConfirm,29796.25,29795.75,0.5,16.25,16.75,-0.5,TP,Target,94.6,198.6,104.0,False,False
H1,2026-06-23,OPF-20260724-204532,20260624-0555-BEAR-OBS-001151-Z001151,20260624-0555-Short-1151,Short,ZoneBirthResearch,29819.25,29819.75,-0.5,14.75,14.25,0.5,SPLIT_BASE_SL_RUNNER_SL,Base:Stop|Runner:Stop,-62.4,-59.4,3.0,False,False
H1,2026-06-23,OPF-20260724-204532,20260624-0615-BULL-OBS-001155-Z001154-FR,20260624-0620-Short-1156,Short,FailureReverse_ObservationInvalidated_WideStop1_5R,29820.75,29822.0,-1.25,13.25,12.0,1.25,SL,ProtectBE,-56.4,-2.4,54.0,False,False
H1,2026-06-23,OPF-20260724-204532,20260624-0635-BULL-OBS-001159-Z001159-OC,20260624-0640-Long-1160,Long,ObservationConfirm,29834.25,29835.0,-0.75,10.25,11.0,-0.75,SL,Stop,-41.4,-46.4,-5.0,False,False
H1,2026-06-23,OPF-20260724-204532,20260624-0955-BULL-OBS-001199-Z001199-OC,20260624-1005-Long-1201,Long,ObservationConfirm_WideStop1_5R,29797.0,29796.75,0.25,17.25,16.88,0.37,TP,ProtectBE,97.6,-2.4,-100.0,True,False
H1,2026-06-23,OPF-20260724-204532,20260624-1250-BEAR-OBS-001234-Z001234,20260624-1250-Short-1234,Short,ZoneBirthResearch,29768.0,29768.75,-0.75,16.0,15.25,0.75,SPLIT_BASE_SL_RUNNER_SL,Base:Stop|Runner:Stop,-59.4,-63.4,-4.0,False,False
H1,2026-06-24,OPF-20260724-204750,20260625-0320-BULL-OBS-001120-Z001120-OC,20260625-0325-Long-1121,Long,ObservationConfirm,30025.0,30025.25,-0.25,10.75,11.0,-0.25,SL,ProtectBE,-47.4,-2.4,45.0,False,False
H1,2026-06-24,OPF-20260724-204750,20260625-0350-BULL-OBS-001126-Z001126-OC,20260625-0355-Long-1127,Long,ObservationConfirm_WideStop1_5R,30034.625,30033.0,1.625,24.625,22.88,1.745,SL,Stop,-103.9,-93.92,9.98,False,False
H1,2026-06-24,OPF-20260724-204750,20260625-0725-BULL-OBS-001169-Z001169-OC,20260625-0730-Long-1170,Long,ObservationConfirm,30169.0,30168.75,0.25,10.75,10.5,0.25,SL,Stop,-40.4,-44.4,-4.0,False,False
H1,2026-06-24,OPF-20260724-204750,20260625-0815-BEAR-OBS-001179-Z001179-OC,20260625-0820-Short-1180,Short,ObservationConfirm,30169.875,30170.25,-0.375,17.125,16.75,0.375,TP,Target,98.1,198.6,100.5,False,False
H1,2026-06-24,OPF-20260724-204750,20260625-0845-BEAR-OBS-001185-Z001185,20260625-0845-Short-1185,Short,ZoneBirthResearch,30145.5,30146.25,-0.75,14.0,13.25,0.75,SPLIT_BASE_TP_RUNNER_BE,Base:Target|Runner:ProtectBE,67.1,63.85,-3.25,False,False
H1,2026-06-25,OPF-20260724-205014,20260626-0745-BEAR-OBS-001221-Z001221,20260626-0745-Short-1221,Short,ZoneBirthResearch,29510.0,29510.75,-0.75,14.5,13.75,0.75,SPLIT_BASE_SL_RUNNER_SL,Base:Stop|Runner:Stop,-61.4,-57.4,4.0,False,False
H1,2026-06-25,OPF-20260724-205014,20260626-0825-BEAR-OBS-001229-Z001225,20260626-0825-Short-1229,Short,UnknownRegimeZoneTouch,29501.25,29503.5,-2.25,20.5,18.25,2.25,TP,Target,244.6,216.6,-28.0,False,False
H1,2026-06-26,OPF-20260724-205217,20260629-0340-BEAR-OBS-001172-Z001172,20260629-0340-Short-1172,Short,ZoneBirthResearch,29497.5,29497.75,-0.25,17.25,17.0,0.25,SPLIT_BASE_SL_RUNNER_SL,Base:Stop|Runner:Stop,-72.4,-70.4,2.0,False,False
H1,2026-06-26,OPF-20260724-205217,20260629-0655-BEAR-OBS-001211-Z001211,20260629-0655-Short-1211,Short,ZoneBirthResearch,29632.5,29630.25,2.25,10.0,12.25,-2.25,SPLIT_BASE_TP_RUNNER_TP,Base:Target|Runner:Target,122.1,156.85,34.75,False,False
H1,2026-06-26,OPF-20260724-205217,20260629-0755-BULL-PB-001223-Z001220,20260629-0755-Long-1223,Long,AlmostConfirmed,29663.25,29663.75,-0.5,17.0,17.5,-0.5,TP,Target,167.6,207.6,40.0,False,False
H1,2026-06-26,OPF-20260724-205217,20260629-0835-BULL-OBS-001231-Z001225-OC,20260629-0840-Long-1232,Long,ObservationConfirm_WideStop1_5R,29685.0,29685.75,-0.75,24.0,24.75,-0.75,SL,Stop,-96.4,-101.4,-5.0,False,False
H1,2026-06-26,OPF-20260724-205217,20260629-0855-BEAR-OBS-001235-Z001235-OC,20260629-0900-Short-1236,Short,ObservationConfirm,29664.625,29663.25,1.375,14.875,16.25,-1.375,TP,ProtectBE,88.1,-2.4,-90.5,True,False
H1,2026-06-26,OPF-20260724-205217,20260629-1610-BULL-PB-001322-Z001320,20260629-1610-Long-1322,Long,AlmostConfirmed,29849.25,29849.75,-0.5,20.25,20.75,-0.5,TP,ProtectBE,207.1,-2.4,-209.5,True,False
H1,2026-06-26,OPF-20260724-205217,20260629-2035-BEAR-OBS-001375-Z001375-OC,20260629-2040-Short-1376,Short,ObservationConfirm,30004.75,30004.75,0.0,15.75,15.75,0.0,SESSION_FLATTEN,GlobexCloseout,3.6,5.6,2.0,False,False
H1,2026-06-30,OPF-20260724-205425,20260629-2235-BEAR-OBS-001111-Z001111,20260629-2235-Short-1111,Short,ZoneBirthResearch,30000.75,30000.75,0.0,5.75,5.75,0.0,SPLIT_BASE_SL_RUNNER_SL,Base:Stop|Runner:Stop,-25.4,-25.4,0.0,False,False
H1,2026-06-30,OPF-20260724-205425,20260629-2310-BULL-OBS-001118-Z001118-OC,20260629-2315-Long-1119,Long,ObservationConfirm,30032.25,30032.0,0.25,8.75,8.5,0.25,SL,Stop,-25.4,-36.4,-11.0,False,True
H1,2026-06-30,OPF-20260724-205425,20260630-0205-BEAR-OBS-001153-Z001153,20260630-0205-Short-1153,Short,ZoneBirthResearch,30027.0,30027.5,-0.5,13.5,13.0,0.5,SPLIT_BASE_TP_RUNNER_BE,Base:Target|Runner:ProtectBE,71.6,62.6,-9.0,False,False
H1,2026-06-30,OPF-20260724-205425,20260630-0300-BEAR-OBS-001164-Z001164,20260630-0300-Short-1164,Short,ZoneBirthResearch,30022.5,30023.0,-0.5,6.5,6.0,0.5,SPLIT_BASE_SL_RUNNER_SL,Base:Stop|Runner:Stop,-38.4,-26.4,12.0,False,False
H1,2026-06-30,OPF-20260724-205425,20260630-0355-BEAR-OBS-001175-Z001175,20260630-0355-Short-1175,Short,ZoneBirthResearch,30095.25,30096.25,-1.0,13.25,12.25,1.0,SPLIT_BASE_SL_RUNNER_SL,Base:Stop|Runner:Stop,-55.4,-51.4,4.0,False,False
H1,2026-06-30,OPF-20260724-205425,20260630-0440-BULL-OBS-001184-Z001184-OC,20260630-0445-Long-1185,Long,ObservationConfirm_WideStop1_5R,30194.75,30194.5,0.25,24.25,24.0,0.25,SL,Stop,-98.4,-98.4,0.0,False,False
H1,2026-06-30,OPF-20260724-205425,20260630-0550-BEAR-OBS-001198-Z001194-OC,20260630-0605-Short-1201,Short,ObservationConfirm,30155.0,30155.0,0.0,17.0,17.0,0.0,TP,Target,96.6,201.6,105.0,False,False
H1,2026-06-30,OPF-20260724-205425,20260630-0750-BEAR-OBS-001222-Z001222,20260630-0750-Short-1222,Short,ZoneBirthResearch,30089.0,30089.5,-0.5,14.0,13.5,0.5,SPLIT_BASE_SL_RUNNER_SL,Base:Stop|Runner:Stop,-55.4,-56.4,-1.0,False,False
H1,2026-06-30,OPF-20260724-205425,20260630-2040-BEAR-OBS-001376-Z001376,20260630-2040-Short-1376,Short,ZoneBirthResearch,30495.5,30496.5,-1.0,3.75,2.75,1.0,SPLIT_BASE_TP_RUNNER_SESSION_FLATTEN,Base:Target|Runner:Target,24.1,33.35,9.25,False,False
