SnapshotID,StrategyVersion,ResearchSchemaVersion,InstrumentProfileName,ExecutionProfileName,ProfileCatalogVersion,SignalID,TradeID,Time,Bar,Event,Role,Side,ResearchPath,Price,Quantity,Message
"OPF-20260725-170210","OPF_0.1","OPF_RESEARCH_2.17","MNQ_0.1","MNQ_1Contract_Target150_200","OPF_PROFILE_0.1","","LIVE-SAFETY","2026-02-10T21:55:00.0000000",1103,"GLOBEX_TRADING_DAY_ROLLOVER","-","-","-",25257.75,0,"previous=-|current=2026-02-10"
"OPF-20260725-170210","OPF_0.1","OPF_RESEARCH_2.17","MNQ_0.1","MNQ_1Contract_Target150_200","OPF_PROFILE_0.1","","LIVE-SAFETY","2026-02-10T23:00:00.0000000",1104,"GLOBEX_TRADING_DAY_ROLLOVER","-","-","-",25271.50,0,"previous=2026-02-10|current=2026-02-11"
"OPF-20260725-170210","OPF_0.1","OPF_RESEARCH_2.17","MNQ_0.1","MNQ_1Contract_Target150_200","OPF_PROFILE_0.1","","LIVE-SAFETY","2026-02-10T23:00:00.0000000",1104,"HISTORICAL_REPLAY_CONNECTOR_BYPASS","-","-","-",25271.50,0,"Disconnected"
"OPF-20260725-170210","OPF_0.1","OPF_RESEARCH_2.17","MNQ_0.1","MNQ_1Contract_Target150_200","OPF_PROFILE_0.1","20260210-2305-BULL-OBS-001105-Z001105","","2026-02-10T23:05:00.0000000",1105,"SKIP_EXECUTION_PATH_RULE","-","Long","ZoneBirthResearch",25275.25,0,"AggressiveExpansionV164SideDisabled:path=ZoneBirthResearch,side=Long"
"OPF-20260725-170210","OPF_0.1","OPF_RESEARCH_2.17","MNQ_0.1","MNQ_1Contract_Target150_200","OPF_PROFILE_0.1","20260210-2305-BULL-OBS-001105-Z001105-OC","","2026-02-10T23:10:00.0000000",1106,"SKIP_RISK_RR","-","Long","ObservationConfirm",25278.75,0,"LongObservationWideRiskCutV137:risk=19.25,max=12|ObservationConfirmRiskCapExceeded:risk=19.25,max=12|LongObservationRiskExpansionDisabledV111:risk=19.25"
"OPF-20260725-170210","OPF_0.1","OPF_RESEARCH_2.17","MNQ_0.1","MNQ_1Contract_Target150_200","OPF_PROFILE_0.1","20260210-2305-BULL-OBS-001105-Z001105-OC","","2026-02-10T23:10:00.0000000",1106,"SKIP_RISK_RR","-","Long","ObservationConfirm_WideStop1_5R",25278.75,0,"DailyVolumeFloorRiskCapExceeded:risk=28.88,max=18|OCWideStopLowRiskV132RiskCapExceeded:risk=28.88,max=18,side=Long|RiskTooWideHard:risk=28.88,max=25"
"OPF-20260725-170210","OPF_0.1","OPF_RESEARCH_2.17","MNQ_0.1","MNQ_1Contract_Target150_200","OPF_PROFILE_0.1","20260210-2320-BULL-OBS-001108-Z001108","","2026-02-10T23:20:00.0000000",1108,"SKIP_STRATEGY_QUALITY","-","Long","ZoneBirthResearch",25281.00,0,"StrategyRegimeNotTrend:score=20|SetupQualityTooLow:score=38,min=45"
"OPF-20260725-170210","OPF_0.1","OPF_RESEARCH_2.17","MNQ_0.1","MNQ_1Contract_Target150_200","OPF_PROFILE_0.1","20260210-2320-BULL-OBS-001108-Z001108-FR","","2026-02-10T23:25:00.0000000",1109,"SKIP_EXECUTION_PATH_RULE","-","Short","FailureReverse_ObservationInvalidated",25278.50,0,"ActualPathDisabledV209:side=Short|path=FailureReverse_ObservationInvalidated"
"OPF-20260725-170210","OPF_0.1","OPF_RESEARCH_2.17","MNQ_0.1","MNQ_1Contract_Target150_200","OPF_PROFILE_0.1","20260210-2320-BULL-OBS-001108-Z001108-FR","","2026-02-10T23:25:00.0000000",1109,"EXPANSION_WAIT1_SCHEDULED","-","Short","FailureReverse_ObservationInvalidated_WideStop1_5R",25278.50,0,"AggressiveExpansionWait1ScheduledV165:EntryBarStopTouched:high=25284.75,stop=25281.5"
"OPF-20260725-170210","OPF_0.1","OPF_RESEARCH_2.17","MNQ_0.1","MNQ_1Contract_Target150_200","OPF_PROFILE_0.1","20260210-2330-BEAR-OBS-001110-Z001110","20260210-2330-Short-1110","2026-02-10T23:30:00.0000000",1110,"ENTRY_SEND","ENTRY","Short","ZoneBirthResearch",25273.75,3,"stop=25280.5|target=25263.625"
"OPF-20260725-170210","OPF_0.1","OPF_RESEARCH_2.17","MNQ_0.1","MNQ_1Contract_Target150_200","OPF_PROFILE_0.1","20260210-2330-BEAR-OBS-001110-Z001110","20260210-2330-Short-1110","2026-02-10T23:30:00.0000000",1110,"ENTRY_QUOTE_PREFLIGHT_OK_V178","ENTRY","Short","ZoneBirthResearch",25273.75,3,"bid=25273.5|ask=25274.5|barLag=0|marketSequence=2330"
"OPF-20260725-170210","OPF_0.1","OPF_RESEARCH_2.17","MNQ_0.1","MNQ_1Contract_Target150_200","OPF_PROFILE_0.1","20260210-2330-BEAR-OBS-001110-Z001110","20260210-2330-Short-1110","2026-02-10T23:30:00.0000000",1110,"MYTRADE","ENTRY","Short","ZoneBirthResearch",25273.50,3,"orderExt=3282460|orderState=Done|orderType=Market|orderDir=Sell|orderPrice=0|orderTrig=0|orderUnfilled=0"
"OPF-20260725-170210","OPF_0.1","OPF_RESEARCH_2.17","MNQ_0.1","MNQ_1Contract_Target150_200","OPF_PROFILE_0.1","20260210-2330-BEAR-OBS-001110-Z001110","20260210-2330-Short-1110","2026-02-10T23:30:00.0000000",1110,"PROTECTION_QUOTE_PREFLIGHT_OK_V178","-","Short","ZoneBirthResearch",25273.75,3,"bid=25273.5|ask=25274.5|barLag=0"
"OPF-20260725-170210","OPF_0.1","OPF_RESEARCH_2.17","MNQ_0.1","MNQ_1Contract_Target150_200","OPF_PROFILE_0.1","20260210-2330-BEAR-OBS-001110-Z001110","20260210-2330-Short-1110","2026-02-10T23:30:00.0000000",1110,"BASE_SL_SENT","BASE_SL","Short","ZoneBirthResearch",25280.50,2,"OPF-20260210-2330-Short-1110-BASE"
"OPF-20260725-170210","OPF_0.1","OPF_RESEARCH_2.17","MNQ_0.1","MNQ_1Contract_Target150_200","OPF_PROFILE_0.1","20260210-2330-BEAR-OBS-001110-Z001110","20260210-2330-Short-1110","2026-02-10T23:30:00.0000000",1110,"BASE_TP_SENT","BASE_TP","Short","ZoneBirthResearch",24763.00,2,"HistoricalDormantTargetV181|intended=25263|ext=3282462"
"OPF-20260725-170210","OPF_0.1","OPF_RESEARCH_2.17","MNQ_0.1","MNQ_1Contract_Target150_200","OPF_PROFILE_0.1","20260210-2330-BEAR-OBS-001110-Z001110","20260210-2330-Short-1110","2026-02-10T23:30:00.0000000",1110,"HISTORICAL_DORMANT_TP_SENT_V181","BASE_TP","Short","ZoneBirthResearch",24763.00,2,"intended=25263|ext=3282462|activateAfterObservedTargetTouch"
"OPF-20260725-170210","OPF_0.1","OPF_RESEARCH_2.17","MNQ_0.1","MNQ_1Contract_Target150_200","OPF_PROFILE_0.1","20260210-2330-BEAR-OBS-001110-Z001110","20260210-2330-Short-1110","2026-02-10T23:30:00.0000000",1110,"RUNNER_SL_SENT","RUNNER_SL","Short","ZoneBirthResearch",25280.50,1,"OPF-20260210-2330-Short-1110-RUNNER"
"OPF-20260725-170210","OPF_0.1","OPF_RESEARCH_2.17","MNQ_0.1","MNQ_1Contract_Target150_200","OPF_PROFILE_0.1","20260210-2330-BEAR-OBS-001110-Z001110","20260210-2330-Short-1110","2026-02-10T23:30:00.0000000",1110,"RUNNER_TP_SENT","RUNNER_TP","Short","ZoneBirthResearch",24745.50,1,"HistoricalDormantTargetV181|intended=25245.5|ext=3282464"
"OPF-20260725-170210","OPF_0.1","OPF_RESEARCH_2.17","MNQ_0.1","MNQ_1Contract_Target150_200","OPF_PROFILE_0.1","20260210-2330-BEAR-OBS-001110-Z001110","20260210-2330-Short-1110","2026-02-10T23:30:00.0000000",1110,"HISTORICAL_DORMANT_TP_SENT_V181","RUNNER_TP","Short","ZoneBirthResearch",24745.50,1,"intended=25245.5|ext=3282464|activateAfterObservedTargetTouch"
"OPF-20260725-170210","OPF_0.1","OPF_RESEARCH_2.17","MNQ_0.1","MNQ_1Contract_Target150_200","OPF_PROFILE_0.1","20260210-2330-BEAR-OBS-001110-Z001110","20260210-2330-Short-1110","2026-02-10T23:30:00.0000000",1110,"ZONEBIRTH_SPLIT_V173_READY","-","Short","ZoneBirthResearch",25273.50,3,"baseOco=OPF-20260210-2330-Short-1110-BASE|runnerOco=OPF-20260210-2330-Short-1110-RUNNER|stop=25280.5|baseTarget=25263|runnerTarget=25245.5"
"OPF-20260725-170210","OPF_0.1","OPF_RESEARCH_2.17","MNQ_0.1","MNQ_1Contract_Target150_200","OPF_PROFILE_0.1","20260210-2330-BEAR-OBS-001110-Z001110-OC","20260210-2330-Short-1110","2026-02-10T23:35:00.0000000",1111,"SKIP_SECONDARY_GATE_V215","-","Short","ObservationConfirm",25274.75,0,"SecondaryStaticG2Blocked:path=ObservationConfirm|side=Short|band=R10"
"OPF-20260725-170210","OPF_0.1","OPF_RESEARCH_2.17","MNQ_0.1","MNQ_1Contract_Target150_200","OPF_PROFILE_0.1","20260210-2330-BEAR-OBS-001110-Z001110-OC","","2026-02-10T23:35:00.0000000",1111,"SKIP_EXECUTION_PATH_RULE","-","Short","ObservationConfirm_WideStop1_5R",25274.75,0,"ObservationConfirmWideStopQualityTooLowV132:side=Short,score=53,min=56"
"OPF-20260725-170210","OPF_0.1","OPF_RESEARCH_2.17","MNQ_0.1","MNQ_1Contract_Target150_200","OPF_PROFILE_0.1","20260210-2330-BEAR-OBS-001110-Z001110-OC-STR","","2026-02-10T23:35:00.0000000",1111,"SKIP_EXECUTION_PATH_RULE","-","Short","ObservationStrict_Other",25274.75,0,"AggressiveExpansionV164SideDisabled:path=ObservationStrict_Other,side=Short"
"OPF-20260725-170210","OPF_0.1","OPF_RESEARCH_2.17","MNQ_0.1","MNQ_1Contract_Target150_200","OPF_PROFILE_0.1","20260210-2330-BEAR-OBS-001110-Z001110-OC-STR","","2026-02-10T23:35:00.0000000",1111,"SKIP_STRATEGY_QUALITY","-","Short","ObservationStrict_Other_WideStop1_5R",25274.75,0,"StrategyRegimeNotTrend:score=20|SetupQualityTooLow:score=53,min=70"
"OPF-20260725-170210","OPF_0.1","OPF_RESEARCH_2.17","MNQ_0.1","MNQ_1Contract_Target150_200","OPF_PROFILE_0.1","20260210-2320-BULL-OBS-001108-Z001108-FR-RT","","2026-02-10T23:35:00.0000000",1111,"SKIP_STRATEGY_QUALITY","-","Short","FailureReverse_RetestFailed",25274.75,0,"SetupQualityTooLow:score=53,min=56"
"OPF-20260725-170210","OPF_0.1","OPF_RESEARCH_2.17","MNQ_0.1","MNQ_1Contract_Target150_200","OPF_PROFILE_0.1","20260210-2320-BULL-OBS-001108-Z001108-FR-RT","","2026-02-10T23:35:00.0000000",1111,"SKIP_EXECUTION_PATH_RULE","-","Short","FailureReverse_RetestFailed_WideStop1_5R",25274.75,0,"ActualPathDisabledV209:side=Short|path=FailureReverse_RetestFailed_WideStop1_5R"
"OPF-20260725-170210","OPF_0.1","OPF_RESEARCH_2.17","MNQ_0.1","MNQ_1Contract_Target150_200","OPF_PROFILE_0.1","20260210-2335-BULL-OBS-001111-Z001105","","2026-02-10T23:35:00.0000000",1111,"SKIP_STRATEGY_QUALITY","-","Long","UnknownRegimeZoneTouch",25274.75,0,"StrategyRegimeNotTrend:score=20|SetupQualityTooLow:score=41,min=70"
"OPF-20260725-170210","OPF_0.1","OPF_RESEARCH_2.17","MNQ_0.1","MNQ_1Contract_Target150_200","OPF_PROFILE_0.1","20260210-2330-BEAR-OBS-001110-Z001110","20260210-2330-Short-1110","2026-02-10T23:35:00.0000000",1111,"PROTECTIVE_EXIT_CALLBACK_PENDING_V187","BASE_SL","Short","ZoneBirthResearch",25280.50,2,"ext=3282461|src=OnOrderChanged"
"OPF-20260725-170210","OPF_0.1","OPF_RESEARCH_2.17","MNQ_0.1","MNQ_1Contract_Target150_200","OPF_PROFILE_0.1","20260210-2330-BEAR-OBS-001110-Z001110","20260210-2330-Short-1110","2026-02-10T23:35:00.0000000",1111,"MYTRADE","BASE_SL","Short","ZoneBirthResearch",25254.00,2,"orderExt=3282461|orderState=Done|orderType=Stop|orderDir=Buy|orderPrice=0|orderTrig=25280.5|orderUnfilled=0"
"OPF-20260725-170210","OPF_0.1","OPF_RESEARCH_2.17","MNQ_0.1","MNQ_1Contract_Target150_200","OPF_PROFILE_0.1","20260210-2330-BEAR-OBS-001110-Z001110","20260210-2330-Short-1110","2026-02-10T23:35:00.0000000",1111,"PROTECTIVE_EXIT_CALLBACK_RESOLVED_V187","BASE_SL","Short","ZoneBirthResearch",25254.00,2,"orderExt=3282461"
"OPF-20260725-170210","OPF_0.1","OPF_RESEARCH_2.17","MNQ_0.1","MNQ_1Contract_Target150_200","OPF_PROFILE_0.1","20260210-2330-BEAR-OBS-001110-Z001110","20260210-2330-Short-1110","2026-02-10T23:35:00.0000000",1111,"EXIT_FILLED","BASE_SL","Short","ZoneBirthResearch",25254.00,2,""
"OPF-20260725-170210","OPF_0.1","OPF_RESEARCH_2.17","MNQ_0.1","MNQ_1Contract_Target150_200","OPF_PROFILE_0.1","20260210-2330-BEAR-OBS-001110-Z001110","20260210-2330-Short-1110","2026-02-10T23:35:00.0000000",1111,"PROTECTIVE_EXIT_CALLBACK_PENDING_V187","RUNNER_SL","Short","ZoneBirthResearch",25280.50,1,"ext=3282463|src=OnOrderChanged"
"OPF-20260725-170210","OPF_0.1","OPF_RESEARCH_2.17","MNQ_0.1","MNQ_1Contract_Target150_200","OPF_PROFILE_0.1","20260210-2330-BEAR-OBS-001110-Z001110","20260210-2330-Short-1110","2026-02-10T23:35:00.0000000",1111,"MYTRADE","RUNNER_SL","Short","ZoneBirthResearch",25254.00,1,"orderExt=3282463|orderState=Done|orderType=Stop|orderDir=Buy|orderPrice=0|orderTrig=25280.5|orderUnfilled=0"
"OPF-20260725-170210","OPF_0.1","OPF_RESEARCH_2.17","MNQ_0.1","MNQ_1Contract_Target150_200","OPF_PROFILE_0.1","20260210-2330-BEAR-OBS-001110-Z001110","20260210-2330-Short-1110","2026-02-10T23:35:00.0000000",1111,"PROTECTIVE_EXIT_CALLBACK_RESOLVED_V187","RUNNER_SL","Short","ZoneBirthResearch",25254.00,1,"orderExt=3282463"
"OPF-20260725-170210","OPF_0.1","OPF_RESEARCH_2.17","MNQ_0.1","MNQ_1Contract_Target150_200","OPF_PROFILE_0.1","20260210-2330-BEAR-OBS-001110-Z001110","20260210-2330-Short-1110","2026-02-10T23:35:00.0000000",1111,"EXIT_FILLED","RUNNER_SL","Short","ZoneBirthResearch",25254.00,1,""
"OPF-20260725-170210","OPF_0.1","OPF_RESEARCH_2.17","MNQ_0.1","MNQ_1Contract_Target150_200","OPF_PROFILE_0.1","20260210-2330-BEAR-OBS-001110-Z001110","20260210-2330-Short-1110","2026-02-10T23:35:00.0000000",1111,"LIVE_ACCOUNT_PNL","Normal","Short","ZoneBirthResearch",25280.50,3,"gross=-42|rawGross=117|source=HistoricalReplayNormalized|commission=3.6|net=-45.6|dailyNet=-45.6"
"OPF-20260725-170210","OPF_0.1","OPF_RESEARCH_2.17","MNQ_0.1","MNQ_1Contract_Target150_200","OPF_PROFILE_0.1","20260210-2330-BEAR-OBS-001110-Z001110","20260210-2330-Short-1110","2026-02-10T23:35:00.0000000",1111,"PROTECTION_CLEANUP_PENDING","-","Short","ZoneBirthResearch",0,0,"ExitFilled:SPLIT_BASE_SL_RUNNER_SL"
"OPF-20260725-170210","OPF_0.1","OPF_RESEARCH_2.17","MNQ_0.1","MNQ_1Contract_Target150_200","OPF_PROFILE_0.1","20260210-2330-BEAR-OBS-001110-Z001110","20260210-2330-Short-1110","2026-02-10T23:35:00.0000000",1111,"PROTECTION_CLEANUP_CANCEL_SENT","-","Short","ZoneBirthResearch",0,1,"reason=ExitFilled:SPLIT_BASE_SL_RUNNER_SL|attempt=1"
"OPF-20260725-170210","OPF_0.1","OPF_RESEARCH_2.17","MNQ_0.1","MNQ_1Contract_Target150_200","OPF_PROFILE_0.1","20260210-2330-BEAR-OBS-001110-Z001110","20260210-2330-Short-1110","2026-02-10T23:35:00.0000000",1111,"CANCEL_SENT","RUNNER_TP","Short","ZoneBirthResearch",24745.50,1,"ProtectionCleanup:ExitFilled:SPLIT_BASE_SL_RUNNER_SL:RunnerTP"
"OPF-20260725-170210","OPF_0.1","OPF_RESEARCH_2.17","MNQ_0.1","MNQ_1Contract_Target150_200","OPF_PROFILE_0.1","20260210-2335-BULL-OBS-001111-Z001105-OC","","2026-02-10T23:40:00.0000000",1112,"SKIP_RISK_RR","-","Long","ObservationConfirm",25279.75,0,"LongObservationWideRiskCutV137:risk=20.25,max=12|ObservationConfirmRiskCapExceeded:risk=20.25,max=12|RiskTooWideVolAdjusted:risk=20.25,max=12,atr14=10.78"
"OPF-20260725-170210","OPF_0.1","OPF_RESEARCH_2.17","MNQ_0.1","MNQ_1Contract_Target150_200","OPF_PROFILE_0.1","20260210-2335-BULL-OBS-001111-Z001105-OC","","2026-02-10T23:40:00.0000000",1112,"SKIP_RISK_RR","-","Long","ObservationConfirm_WideStop1_5R",25279.75,0,"DailyVolumeFloorRiskCapExceeded:risk=30.38,max=18|OCWideStopLowRiskV132RiskCapExceeded:risk=30.38,max=18,side=Long|RiskTooWideHard:risk=30.38,max=25"
"OPF-20260725-170210","OPF_0.1","OPF_RESEARCH_2.17","MNQ_0.1","MNQ_1Contract_Target150_200","OPF_PROFILE_0.1","20260210-2335-BULL-OBS-001111-Z001105-OC-STR","","2026-02-10T23:40:00.0000000",1112,"SKIP_RISK_RR","-","Long","ObservationStrict_Other",25279.75,0,"EstimatedRRTooLow:rr=0.2469,min=0.25,reward=5,model=AggressiveExpansionV164Eligibility:NearestStructure"
"OPF-20260725-170210","OPF_0.1","OPF_RESEARCH_2.17","MNQ_0.1","MNQ_1Contract_Target150_200","OPF_PROFILE_0.1","20260210-2335-BULL-OBS-001111-Z001105-OC-STR","","2026-02-10T23:40:00.0000000",1112,"SKIP_RISK_RR","-","Long","ObservationStrict_Other_WideStop1_5R",25279.75,0,"AggressiveExpansionV164RiskCapExceeded:risk=30.38,max=25|RiskTooWideHard:risk=30.38,max=25|EstimatedRRTooLow:rr=0.1646,min=0.25,reward=5,model=AggressiveExpansionV164Eligibility:NearestStructure"
"OPF-20260725-170210","OPF_0.1","OPF_RESEARCH_2.17","MNQ_0.1","MNQ_1Contract_Target150_200","OPF_PROFILE_0.1","20260210-2340-BEAR-OBS-001112-Z001110","","2026-02-10T23:40:00.0000000",1112,"SKIP_STRATEGY_QUALITY","-","Short","UnknownRegimeZoneTouch",25279.75,0,"SetupQualityTooLow:score=27,min=45"
"OPF-20260725-170210","OPF_0.1","OPF_RESEARCH_2.17","MNQ_0.1","MNQ_1Contract_Target150_200","OPF_PROFILE_0.1","20260210-2340-BEAR-OBS-001112-Z001110-OC","","2026-02-10T23:45:00.0000000",1113,"SKIP_SAME_BAR_AMBIGUOUS","-","Short","ObservationConfirm",25277.50,0,"EntryBarStopTouched:high=25285,stop=25280.5"
"OPF-20260725-170210","OPF_0.1","OPF_RESEARCH_2.17","MNQ_0.1","MNQ_1Contract_Target150_200","OPF_PROFILE_0.1","20260210-2340-BEAR-OBS-001112-Z001110-OC","","2026-02-10T23:45:00.0000000",1113,"SKIP_EXECUTION_PATH_RULE","-","Short","ObservationConfirm_WideStop1_5R",25277.50,0,"ObservationConfirmWideStopQualityTooLowV132:side=Short,score=52,min=56"
"OPF-20260725-170210","OPF_0.1","OPF_RESEARCH_2.17","MNQ_0.1","MNQ_1Contract_Target150_200","OPF_PROFILE_0.1","20260210-2330-BEAR-OBS-001110-Z001110","20260210-2330-Short-1110","2026-02-10T23:45:00.0000000",1113,"PROTECTION_CLEANUP_DONE","-","Short","ZoneBirthResearch",0,0,"ExitFilled:SPLIT_BASE_SL_RUNNER_SL"
"OPF-20260725-170210","OPF_0.1","OPF_RESEARCH_2.17","MNQ_0.1","MNQ_1Contract_Target150_200","OPF_PROFILE_0.1","20260211-0105-BULL-OBS-001129-Z001129","","2026-02-11T01:05:00.0000000",1129,"SKIP_EXECUTION_PATH_RULE","-","Long","ZoneBirthResearch",25305.25,0,"AggressiveExpansionV164SideDisabled:path=ZoneBirthResearch,side=Long"
"OPF-20260725-170210","OPF_0.1","OPF_RESEARCH_2.17","MNQ_0.1","MNQ_1Contract_Target150_200","OPF_PROFILE_0.1","20260211-0105-BULL-OBS-001129-Z001129-OC","","2026-02-11T01:10:00.0000000",1130,"SKIP_RISK_RR","-","Long","ObservationConfirm",25309.75,0,"StrictEntryRiskBandExcludedV208:risk=13.75,excluded=(13.25,16]|LongObservationWideRiskCutV137:risk=13.75,max=12|ObservationConfirmRiskCapExceeded:risk=13.75,max=12|LongObservationRiskExpansionDisabledV111:risk=13.75"
"OPF-20260725-170210","OPF_0.1","OPF_RESEARCH_2.17","MNQ_0.1","MNQ_1Contract_Target150_200","OPF_PROFILE_0.1","20260211-0105-BULL-OBS-001129-Z001129-OC","","2026-02-11T01:10:00.0000000",1130,"SKIP_RISK_RR","-","Long","ObservationConfirm_WideStop1_5R",25309.75,0,"DailyVolumeFloorRiskCapExceeded:risk=20.62,max=18|OCWideStopLowRiskV132RiskCapExceeded:risk=20.62,max=18,side=Long"
"OPF-20260725-170210","OPF_0.1","OPF_RESEARCH_2.17","MNQ_0.1","MNQ_1Contract_Target150_200","OPF_PROFILE_0.1","20260211-0145-BULL-BRK-001137-Z001137","","2026-02-11T01:45:00.0000000",1137,"SKIP_EXECUTION_PATH_RULE","-","Long","BreakawayFvg",25321.50,0,"BreakawayLongActualDisabledV135"
"OPF-20260725-170210","OPF_0.1","OPF_RESEARCH_2.17","MNQ_0.1","MNQ_1Contract_Target150_200","OPF_PROFILE_0.1","20260211-0145-BULL-OBS-001137-Z001137","","2026-02-11T01:45:00.0000000",1137,"SKIP_EXECUTION_PATH_RULE","-","Long","ZoneBirthResearch",25321.50,0,"AggressiveExpansionV164SideDisabled:path=ZoneBirthResearch,side=Long"
"OPF-20260725-170210","OPF_0.1","OPF_RESEARCH_2.17","MNQ_0.1","MNQ_1Contract_Target150_200","OPF_PROFILE_0.1","20260211-0145-BULL-OBS-001137-Z001137-OC","20260211-0150-Long-1138","2026-02-11T01:50:00.0000000",1138,"ENTRY_SEND","ENTRY","Long","ObservationConfirm",25319.75,3,"stop=25307.75|target=25367.75"
"OPF-20260725-170210","OPF_0.1","OPF_RESEARCH_2.17","MNQ_0.1","MNQ_1Contract_Target150_200","OPF_PROFILE_0.1","20260211-0145-BULL-OBS-001137-Z001137-OC","20260211-0150-Long-1138","2026-02-11T01:50:00.0000000",1138,"ENTRY_QUOTE_RISK_EXCEEDED_V216","ENTRY","Long","ObservationConfirm",25320.50,3,"EntryQuoteRiskExceededV216:risk=12.75|max=12|planned=12|bid=25320|ask=25320.5"
"OPF-20260725-170210","OPF_0.1","OPF_RESEARCH_2.17","MNQ_0.1","MNQ_1Contract_Target150_200","OPF_PROFILE_0.1","20260211-0145-BULL-OBS-001137-Z001137-OC","20260211-0150-Long-1138","2026-02-11T01:50:00.0000000",1138,"ENTRY_SUBMISSION_ABORTED_V178","ENTRY","Long","ObservationConfirm",25320.50,3,"EntryQuoteRiskExceededV216:risk=12.75|max=12|planned=12|bid=25320|ask=25320.5"
"OPF-20260725-170210","OPF_0.1","OPF_RESEARCH_2.17","MNQ_0.1","MNQ_1Contract_Target150_200","OPF_PROFILE_0.1","20260211-0145-BULL-OBS-001137-Z001137-OC","20260211-0150-Long-1138","2026-02-11T01:50:00.0000000",1138,"ENTRY_SEND","ENTRY","Long","ObservationConfirm_WideStop1_5R",25319.75,3,"stop=25301.75|target=25373.75"
"OPF-20260725-170210","OPF_0.1","OPF_RESEARCH_2.17","MNQ_0.1","MNQ_1Contract_Target150_200","OPF_PROFILE_0.1","20260211-0145-BULL-OBS-001137-Z001137-OC","20260211-0150-Long-1138","2026-02-11T01:50:00.0000000",1138,"ENTRY_QUOTE_PREFLIGHT_OK_V178","ENTRY","Long","ObservationConfirm_WideStop1_5R",25319.75,3,"bid=25320|ask=25320.5|barLag=0|marketSequence=10459"
"OPF-20260725-170210","OPF_0.1","OPF_RESEARCH_2.17","MNQ_0.1","MNQ_1Contract_Target150_200","OPF_PROFILE_0.1","20260211-0145-BULL-OBS-001137-Z001137-OC-STR","","2026-02-11T01:50:00.0000000",1138,"SKIP_EXECUTION_PATH_RULE","-","Long","ObservationStrict_BullFresh_WideStop1_5R",25319.75,0,"ActualPathDisabledV209:side=Long|path=ObservationStrict_BullFresh_WideStop1_5R"
"OPF-20260725-170210","OPF_0.1","OPF_RESEARCH_2.17","MNQ_0.1","MNQ_1Contract_Target150_200","OPF_PROFILE_0.1","20260211-0150-BULL-OBS-001138-Z001138","","2026-02-11T01:50:00.0000000",1138,"SKIP_EXECUTION_PATH_RULE","-","Long","ZoneBirthResearch",25319.75,0,"AggressiveExpansionV164SideDisabled:path=ZoneBirthResearch,side=Long"
"OPF-20260725-170210","OPF_0.1","OPF_RESEARCH_2.17","MNQ_0.1","MNQ_1Contract_Target150_200","OPF_PROFILE_0.1","20260211-0145-BULL-OBS-001137-Z001137-OC","20260211-0150-Long-1138","2026-02-11T01:50:00.0000000",1138,"MYTRADE","ENTRY","Long","ObservationConfirm_WideStop1_5R",25254.00,3,"orderExt=3282466|orderState=Done|orderType=Market|orderDir=Buy|orderPrice=0|orderTrig=0|orderUnfilled=0"
"OPF-20260725-170210","OPF_0.1","OPF_RESEARCH_2.17","MNQ_0.1","MNQ_1Contract_Target150_200","OPF_PROFILE_0.1","20260211-0145-BULL-OBS-001137-Z001137-OC","20260211-0150-Long-1138","2026-02-11T01:50:00.0000000",1138,"HISTORICAL_FAVORABLE_ENTRY_NORMALIZED_V180","ENTRY","Long","ObservationConfirm_WideStop1_5R",25254.00,3,"HistoricalFavorableEntryNormalizedV180:raw=25254|planned=25319.75|improvement=65.75|max=4"
"OPF-20260725-170210","OPF_0.1","OPF_RESEARCH_2.17","MNQ_0.1","MNQ_1Contract_Target150_200","OPF_PROFILE_0.1","20260211-0145-BULL-OBS-001137-Z001137-OC","20260211-0150-Long-1138","2026-02-11T01:50:00.0000000",1138,"PROTECTION_QUOTE_PREFLIGHT_OK_V178","-","Long","ObservationConfirm_WideStop1_5R",25319.75,3,"bid=25320|ask=25320.5|barLag=0"
"OPF-20260725-170210","OPF_0.1","OPF_RESEARCH_2.17","MNQ_0.1","MNQ_1Contract_Target150_200","OPF_PROFILE_0.1","20260211-0145-BULL-OBS-001137-Z001137-OC","20260211-0150-Long-1138","2026-02-11T01:50:00.0000000",1138,"SL_SENT","SL","Long","ObservationConfirm_WideStop1_5R",25301.75,3,"OPF-20260211-0150-Long-1138"
"OPF-20260725-170210","OPF_0.1","OPF_RESEARCH_2.17","MNQ_0.1","MNQ_1Contract_Target150_200","OPF_PROFILE_0.1","20260211-0145-BULL-OBS-001137-Z001137-OC","20260211-0150-Long-1138","2026-02-11T01:50:00.0000000",1138,"TP_SENT","TP","Long","ObservationConfirm_WideStop1_5R",25873.75,3,"HistoricalDormantTargetV181|intended=25373.75|ext=3282468"
"OPF-20260725-170210","OPF_0.1","OPF_RESEARCH_2.17","MNQ_0.1","MNQ_1Contract_Target150_200","OPF_PROFILE_0.1","20260211-0145-BULL-OBS-001137-Z001137-OC","20260211-0150-Long-1138","2026-02-11T01:50:00.0000000",1138,"HISTORICAL_DORMANT_TP_SENT_V181","TP","Long","ObservationConfirm_WideStop1_5R",25873.75,3,"intended=25373.75|ext=3282468|activateAfterObservedTargetTouch"
"OPF-20260725-170210","OPF_0.1","OPF_RESEARCH_2.17","MNQ_0.1","MNQ_1Contract_Target150_200","OPF_PROFILE_0.1","20260211-0150-BULL-OBS-001138-Z001138-FR","","2026-02-11T01:55:00.0000000",1139,"SKIP_EXECUTION_PATH_RULE","-","Short","FailureReverse_ObservationInvalidated",25315.50,0,"ActualPathDisabledV209:side=Short|path=FailureReverse_ObservationInvalidated"
"OPF-20260725-170210","OPF_0.1","OPF_RESEARCH_2.17","MNQ_0.1","MNQ_1Contract_Target150_200","OPF_PROFILE_0.1","20260211-0150-BULL-OBS-001138-Z001138-FR","","2026-02-11T01:55:00.0000000",1139,"EXPANSION_WAIT1_SCHEDULED","-","Short","FailureReverse_ObservationInvalidated_WideStop1_5R",25315.50,0,"AggressiveExpansionWait1ScheduledV165:EntryBarStopTouched:high=25323.5,stop=25320.38"
"OPF-20260725-170210","OPF_0.1","OPF_RESEARCH_2.17","MNQ_0.1","MNQ_1Contract_Target150_200","OPF_PROFILE_0.1","20260211-0200-BULL-PB-001140-Z001137","","2026-02-11T02:00:00.0000000",1140,"SKIP_RISK_RR","-","Long","AlmostConfirmed",25309.00,0,"EstimatedRRTooLow:rr=0.2,min=0.25,reward=0.25,model=AggressiveExpansionV164Eligibility:NearestStructure"
"OPF-20260725-170210","OPF_0.1","OPF_RESEARCH_2.17","MNQ_0.1","MNQ_1Contract_Target150_200","OPF_PROFILE_0.1","20260211-0200-BULL-OBS-001140-Z001137","","2026-02-11T02:00:00.0000000",1140,"SKIP_EXECUTION_PATH_RULE","-","Long","UnknownRegimeZoneTouch",25309.00,0,"AggressiveExpansionV164SideDisabled:path=UnknownRegimeZoneTouch,side=Long"
"OPF-20260725-170210","OPF_0.1","OPF_RESEARCH_2.17","MNQ_0.1","MNQ_1Contract_Target150_200","OPF_PROFILE_0.1","20260211-0200-BEAR-OBS-001140-Z001140","","2026-02-11T02:00:00.0000000",1140,"SKIP_RISK_RR","-","Short","ZoneBirthResearch",25309.00,0,"ZoneBirthShortV170RiskBandExcluded:risk=9.75,allowed=<=8|>12<=18"
"OPF-20260725-170210","OPF_0.1","OPF_RESEARCH_2.17","MNQ_0.1","MNQ_1Contract_Target150_200","OPF_PROFILE_0.1","20260211-0200-BEAR-OBS-001140-Z001140-OC","20260211-0150-Long-1138","2026-02-11T02:05:00.0000000",1141,"SKIP_SECONDARY_GATE_V215","-","Short","ObservationConfirm",25312.25,0,"SecondaryDirectionMismatch:primary=Long|candidate=Short"
"OPF-20260725-170210","OPF_0.1","OPF_RESEARCH_2.17","MNQ_0.1","MNQ_1Contract_Target150_200","OPF_PROFILE_0.1","20260211-0200-BEAR-OBS-001140-Z001140-OC","","2026-02-11T02:05:00.0000000",1141,"SKIP_EXECUTION_PATH_RULE","-","Short","ObservationConfirm_WideStop1_5R",25312.25,0,"ObservationConfirmWideStopQualityTooLowV132:side=Short,score=53,min=56"
"OPF-20260725-170210","OPF_0.1","OPF_RESEARCH_2.17","MNQ_0.1","MNQ_1Contract_Target150_200","OPF_PROFILE_0.1","20260211-0205-BEAR-OBS-001141-Z001140","","2026-02-11T02:05:00.0000000",1141,"SKIP_STRATEGY_QUALITY","-","Short","UnknownRegimeZoneTouch",25312.25,0,"SetupQualityTooLow:score=34,min=45"
"OPF-20260725-170210","OPF_0.1","OPF_RESEARCH_2.17","MNQ_0.1","MNQ_1Contract_Target150_200","OPF_PROFILE_0.1","20260211-0145-BULL-SHD-001137-Z001137","","2026-02-11T02:10:00.0000000",1142,"SKIP_EXECUTION_PATH_RULE","-","Long","ShadowCandidate",25318.50,0,"AggressiveExpansionV164SideDisabled:path=ShadowCandidate,side=Long"
"OPF-20260725-170210","OPF_0.1","OPF_RESEARCH_2.17","MNQ_0.1","MNQ_1Contract_Target150_200","OPF_PROFILE_0.1","20260211-0205-BEAR-OBS-001141-Z001140-FR","","2026-02-11T02:10:00.0000000",1142,"EXPANSION_WAIT1_SCHEDULED","-","Long","FailureReverse_ObservationInvalidated",25318.50,0,"AggressiveExpansionWait1ScheduledV165:EntryBarStopTouched:low=25312.25,stop=25316.5"
"OPF-20260725-170210","OPF_0.1","OPF_RESEARCH_2.17","MNQ_0.1","MNQ_1Contract_Target150_200","OPF_PROFILE_0.1","20260211-0205-BEAR-OBS-001141-Z001140-FR","","2026-02-11T02:10:00.0000000",1142,"EXPANSION_WAIT1_SCHEDULED","-","Long","FailureReverse_ObservationInvalidated_WideStop1_5R",25318.50,0,"AggressiveExpansionWait1ScheduledV165:EntryBarStopTouched:low=25312.25,stop=25315.5"
"OPF-20260725-170210","OPF_0.1","OPF_RESEARCH_2.17","MNQ_0.1","MNQ_1Contract_Target150_200","OPF_PROFILE_0.1","20260211-0200-BULL-OBS-001140-Z001137-OC","20260211-0210-Long-1142-S2","2026-02-11T02:10:00.0000000",1142,"ENTRY_SEND","ENTRY","Long","ObservationConfirm",25318.50,3,"stop=25307.75|target=25361.5"
"OPF-20260725-170210","OPF_0.1","OPF_RESEARCH_2.17","MNQ_0.1","MNQ_1Contract_Target150_200","OPF_PROFILE_0.1","20260211-0200-BULL-OBS-001140-Z001137-OC","20260211-0210-Long-1142-S2","2026-02-11T02:10:00.0000000",1142,"ENTRY_QUOTE_PREFLIGHT_OK_V178","ENTRY","Long","ObservationConfirm",25318.25,3,"bid=25318|ask=25318.75|barLag=0|marketSequence=11127"
"OPF-20260725-170210","OPF_0.1","OPF_RESEARCH_2.17","MNQ_0.1","MNQ_1Contract_Target150_200","OPF_PROFILE_0.1","20260211-0200-BULL-OBS-001140-Z001137-OC","20260211-0150-Long-1138,20260211-0210-Long-1142-S2","2026-02-11T02:10:00.0000000",1142,"SKIP_ACTIVE_LIMIT_V215","-","Long","ObservationConfirm_WideStop1_5R",25318.50,0,"20260211-0150-Long-1138,20260211-0210-Long-1142-S2"
"OPF-20260725-170210","OPF_0.1","OPF_RESEARCH_2.17","MNQ_0.1","MNQ_1Contract_Target150_200","OPF_PROFILE_0.1","20260211-0200-BULL-OBS-001140-Z001137-OC","20260211-0210-Long-1142-S2","2026-02-11T02:10:00.0000000",1142,"MYTRADE","ENTRY","Long","ObservationConfirm",25254.00,3,"orderExt=3282469|orderState=Done|orderType=Market|orderDir=Buy|orderPrice=0|orderTrig=0|orderUnfilled=0"
"OPF-20260725-170210","OPF_0.1","OPF_RESEARCH_2.17","MNQ_0.1","MNQ_1Contract_Target150_200","OPF_PROFILE_0.1","20260211-0200-BULL-OBS-001140-Z001137-OC","20260211-0210-Long-1142-S2","2026-02-11T02:10:00.0000000",1142,"HISTORICAL_FAVORABLE_ENTRY_NORMALIZED_V180","ENTRY","Long","ObservationConfirm",25254.00,3,"HistoricalFavorableEntryNormalizedV180:raw=25254|planned=25318.5|improvement=64.5|max=4"
"OPF-20260725-170210","OPF_0.1","OPF_RESEARCH_2.17","MNQ_0.1","MNQ_1Contract_Target150_200","OPF_PROFILE_0.1","20260211-0200-BULL-OBS-001140-Z001137-OC","20260211-0210-Long-1142-S2","2026-02-11T02:10:00.0000000",1142,"PROTECTION_QUOTE_PREFLIGHT_OK_V178","-","Long","ObservationConfirm",25318.25,3,"bid=25318|ask=25318.75|barLag=0"
"OPF-20260725-170210","OPF_0.1","OPF_RESEARCH_2.17","MNQ_0.1","MNQ_1Contract_Target150_200","OPF_PROFILE_0.1","20260211-0200-BULL-OBS-001140-Z001137-OC","20260211-0210-Long-1142-S2","2026-02-11T02:10:00.0000000",1142,"SL_SENT","SL","Long","ObservationConfirm",25307.75,3,"OPF-20260211-0210-Long-1142-S2"
"OPF-20260725-170210","OPF_0.1","OPF_RESEARCH_2.17","MNQ_0.1","MNQ_1Contract_Target150_200","OPF_PROFILE_0.1","20260211-0200-BULL-OBS-001140-Z001137-OC","20260211-0210-Long-1142-S2","2026-02-11T02:10:00.0000000",1142,"TP_SENT","TP","Long","ObservationConfirm",25861.50,3,"HistoricalDormantTargetV181|intended=25361.5|ext=3282471"
"OPF-20260725-170210","OPF_0.1","OPF_RESEARCH_2.17","MNQ_0.1","MNQ_1Contract_Target150_200","OPF_PROFILE_0.1","20260211-0200-BULL-OBS-001140-Z001137-OC","20260211-0210-Long-1142-S2","2026-02-11T02:10:00.0000000",1142,"HISTORICAL_DORMANT_TP_SENT_V181","TP","Long","ObservationConfirm",25861.50,3,"intended=25361.5|ext=3282471|activateAfterObservedTargetTouch"
"OPF-20260725-170210","OPF_0.1","OPF_RESEARCH_2.17","MNQ_0.1","MNQ_1Contract_Target150_200","OPF_PROFILE_0.1","20260211-0205-BEAR-OBS-001141-Z001140-FR-RT","","2026-02-11T02:20:00.0000000",1144,"SKIP_EXECUTION_PATH_RULE","-","Long","FailureReverse_RetestFailed",25326.50,0,"ActualPathDisabledV209:side=Long|path=FailureReverse_RetestFailed"
"OPF-20260725-170210","OPF_0.1","OPF_RESEARCH_2.17","MNQ_0.1","MNQ_1Contract_Target150_200","OPF_PROFILE_0.1","20260211-0205-BEAR-OBS-001141-Z001140-FR-RT","","2026-02-11T02:20:00.0000000",1144,"SKIP_EXECUTION_PATH_RULE","-","Long","FailureReverse_RetestFailed_WideStop1_5R",25326.50,0,"AggressiveExpansionV164SideDisabled:path=FailureReverse_RetestFailed_WideStop1_5R,side=Long"
"OPF-20260725-170210","OPF_0.1","OPF_RESEARCH_2.17","MNQ_0.1","MNQ_1Contract_Target150_200","OPF_PROFILE_0.1","20260211-0150-BULL-OBS-001138-Z001138-FR-RT","","2026-02-11T02:25:00.0000000",1145,"SKIP_SAME_BAR_AMBIGUOUS","-","Short","FailureReverse_RetestFailed",25320.00,0,"EntryBarStopTouched:high=25326.75,stop=25318.75|EntryBarTargetTouched:low=25314,target=25318.125"
"OPF-20260725-170210","OPF_0.1","OPF_RESEARCH_2.17","MNQ_0.1","MNQ_1Contract_Target150_200","OPF_PROFILE_0.1","20260211-0150-BULL-OBS-001138-Z001138-FR-RT","","2026-02-11T02:25:00.0000000",1145,"SKIP_EXECUTION_PATH_RULE","-","Short","FailureReverse_RetestFailed_WideStop1_5R",25320.00,0,"ActualPathDisabledV209:side=Short|path=FailureReverse_RetestFailed_WideStop1_5R"
"OPF-20260725-170210","OPF_0.1","OPF_RESEARCH_2.17","MNQ_0.1","MNQ_1Contract_Target150_200","OPF_PROFILE_0.1","20260211-0200-BULL-OBS-001140-Z001137-OC","20260211-0210-Long-1142-S2","2026-02-11T02:35:00.0000000",1147,"PROTECTIVE_EXIT_CALLBACK_PENDING_V187","SL","Long","ObservationConfirm",25307.75,3,"ext=3282470|src=OnOrderChanged"
"OPF-20260725-170210","OPF_0.1","OPF_RESEARCH_2.17","MNQ_0.1","MNQ_1Contract_Target150_200","OPF_PROFILE_0.1","20260211-0200-BULL-OBS-001140-Z001137-OC","20260211-0210-Long-1142-S2","2026-02-11T02:35:00.0000000",1147,"MYTRADE","SL","Long","ObservationConfirm",25306.50,3,"orderExt=3282470|orderState=Done|orderType=Stop|orderDir=Sell|orderPrice=0|orderTrig=25307.75|orderUnfilled=0"
"OPF-20260725-170210","OPF_0.1","OPF_RESEARCH_2.17","MNQ_0.1","MNQ_1Contract_Target150_200","OPF_PROFILE_0.1","20260211-0200-BULL-OBS-001140-Z001137-OC","20260211-0210-Long-1142-S2","2026-02-11T02:35:00.0000000",1147,"PROTECTIVE_EXIT_CALLBACK_RESOLVED_V187","SL","Long","ObservationConfirm",25306.50,3,"orderExt=3282470"
"OPF-20260725-170210","OPF_0.1","OPF_RESEARCH_2.17","MNQ_0.1","MNQ_1Contract_Target150_200","OPF_PROFILE_0.1","20260211-0200-BULL-OBS-001140-Z001137-OC","20260211-0210-Long-1142-S2","2026-02-11T02:35:00.0000000",1147,"EXIT_FILLED","SL","Long","ObservationConfirm",25306.50,3,""
"OPF-20260725-170210","OPF_0.1","OPF_RESEARCH_2.17","MNQ_0.1","MNQ_1Contract_Target150_200","OPF_PROFILE_0.1","20260211-0200-BULL-OBS-001140-Z001137-OC","20260211-0210-Long-1142-S2","2026-02-11T02:35:00.0000000",1147,"LIVE_ACCOUNT_PNL","Normal","Long","ObservationConfirm",25306.50,3,"gross=-72|rawGross=-72|source=HistoricalReplayNormalized|commission=3.6|net=-75.6|dailyNet=-121.2"
"OPF-20260725-170210","OPF_0.1","OPF_RESEARCH_2.17","MNQ_0.1","MNQ_1Contract_Target150_200","OPF_PROFILE_0.1","20260211-0200-BULL-OBS-001140-Z001137-OC","20260211-0210-Long-1142-S2","2026-02-11T02:35:00.0000000",1147,"PROTECTION_CLEANUP_PENDING","-","Long","ObservationConfirm",0,0,"ExitFilled:SL"
"OPF-20260725-170210","OPF_0.1","OPF_RESEARCH_2.17","MNQ_0.1","MNQ_1Contract_Target150_200","OPF_PROFILE_0.1","20260211-0200-BULL-OBS-001140-Z001137-OC","20260211-0210-Long-1142-S2","2026-02-11T02:35:00.0000000",1147,"PROTECTION_CLEANUP_CANCEL_SENT","-","Long","ObservationConfirm",0,1,"reason=ExitFilled:SL|attempt=1"
"OPF-20260725-170210","OPF_0.1","OPF_RESEARCH_2.17","MNQ_0.1","MNQ_1Contract_Target150_200","OPF_PROFILE_0.1","20260211-0200-BULL-OBS-001140-Z001137-OC","20260211-0210-Long-1142-S2","2026-02-11T02:35:00.0000000",1147,"CANCEL_SENT","TP","Long","ObservationConfirm",25861.50,3,"ProtectionCleanup:ExitFilled:SL:TP"
"OPF-20260725-170210","OPF_0.1","OPF_RESEARCH_2.17","MNQ_0.1","MNQ_1Contract_Target150_200","OPF_PROFILE_0.1","20260211-0240-BEAR-OBS-001148-Z001148","","2026-02-11T02:40:00.0000000",1148,"SKIP_RISK_RR","-","Short","ZoneBirthResearch",25309.50,0,"ZoneBirthShortV170RiskBandExcluded:risk=9.5,allowed=<=8|>12<=18|EstimatedRRTooLow:rr=0.1579,min=0.25,reward=1.5,model=AggressiveExpansionV164Eligibility:NearestStructure"
"OPF-20260725-170210","OPF_0.1","OPF_RESEARCH_2.17","MNQ_0.1","MNQ_1Contract_Target150_200","OPF_PROFILE_0.1","20260211-0200-BULL-OBS-001140-Z001137-OC","20260211-0210-Long-1142-S2","2026-02-11T02:40:00.0000000",1148,"PROTECTION_CLEANUP_DONE","-","Long","ObservationConfirm",0,0,"ExitFilled:SL"
"OPF-20260725-170210","OPF_0.1","OPF_RESEARCH_2.17","MNQ_0.1","MNQ_1Contract_Target150_200","OPF_PROFILE_0.1","20260211-0145-BULL-OBS-001137-Z001137-OC","20260211-0150-Long-1138","2026-02-11T02:45:00.0000000",1149,"POLICY_TIMESTOP_TRIGGERED_V209","TIME_STOP","Long","ObservationConfirm_WideStop1_5R",25315.25,3,"bars=12|max=12|path=ObservationConfirm_WideStop1_5R"
"OPF-20260725-170210","OPF_0.1","OPF_RESEARCH_2.17","MNQ_0.1","MNQ_1Contract_Target150_200","OPF_PROFILE_0.1","20260211-0240-BEAR-OBS-001148-Z001148-OC","20260211-0150-Long-1138","2026-02-11T02:45:00.0000000",1149,"SKIP_SECONDARY_GATE_V215","-","Short","ObservationConfirm",25315.25,0,"SecondaryDirectionMismatch:primary=Long|candidate=Short"
"OPF-20260725-170210","OPF_0.1","OPF_RESEARCH_2.17","MNQ_0.1","MNQ_1Contract_Target150_200","OPF_PROFILE_0.1","20260211-0240-BEAR-OBS-001148-Z001148-OC","","2026-02-11T02:45:00.0000000",1149,"SKIP_EXECUTION_PATH_RULE","-","Short","ObservationConfirm_WideStop1_5R",25315.25,0,"ObservationConfirmWideStopQualityTooLowV132:side=Short,score=50,min=56"
"OPF-20260725-170210","OPF_0.1","OPF_RESEARCH_2.17","MNQ_0.1","MNQ_1Contract_Target150_200","OPF_PROFILE_0.1","20260211-0145-BULL-OBS-001137-Z001137-OC","20260211-0150-Long-1138","2026-02-11T02:45:00.0000000",1149,"CANCEL_SENT","SL","Long","ObservationConfirm_WideStop1_5R",25301.75,3,"PolicyTimeStopV209"
"OPF-20260725-170210","OPF_0.1","OPF_RESEARCH_2.17","MNQ_0.1","MNQ_1Contract_Target150_200","OPF_PROFILE_0.1","20260211-0145-BULL-OBS-001137-Z001137-OC","20260211-0150-Long-1138","2026-02-11T02:45:00.0000000",1149,"CANCEL_SENT","TP","Long","ObservationConfirm_WideStop1_5R",25873.75,3,"PolicyTimeStopV209"
"OPF-20260725-170210","OPF_0.1","OPF_RESEARCH_2.17","MNQ_0.1","MNQ_1Contract_Target150_200","OPF_PROFILE_0.1","20260211-0145-BULL-OBS-001137-Z001137-OC","20260211-0150-Long-1138","2026-02-11T02:45:00.0000000",1149,"POLICY_TIMESTOP_SEND_V209","TIME_STOP","Long","ObservationConfirm_WideStop1_5R",25315.25,3,"bars=12|max=12"
"OPF-20260725-170210","OPF_0.1","OPF_RESEARCH_2.17","MNQ_0.1","MNQ_1Contract_Target150_200","OPF_PROFILE_0.1","20260211-0145-BULL-OBS-001137-Z001137-OC","20260211-0150-Long-1138","2026-02-11T02:45:00.0000000",1149,"MYTRADE","TIME_STOP","Long","ObservationConfirm_WideStop1_5R",25314.75,2,"orderExt=3282475|orderState=Active|orderType=Market|orderDir=Sell|orderPrice=0|orderTrig=0|orderUnfilled=1"
"OPF-20260725-170210","OPF_0.1","OPF_RESEARCH_2.17","MNQ_0.1","MNQ_1Contract_Target150_200","OPF_PROFILE_0.1","20260211-0145-BULL-OBS-001137-Z001137-OC","20260211-0150-Long-1138","2026-02-11T02:45:00.0000000",1149,"EXIT_FILLED","TIME_STOP","Long","ObservationConfirm_WideStop1_5R",25314.75,2,""
"OPF-20260725-170210","OPF_0.1","OPF_RESEARCH_2.17","MNQ_0.1","MNQ_1Contract_Target150_200","OPF_PROFILE_0.1","20260211-0145-BULL-OBS-001137-Z001137-OC","20260211-0150-Long-1138","2026-02-11T02:45:00.0000000",1149,"MYTRADE","TIME_STOP","Long","ObservationConfirm_WideStop1_5R",25314.50,1,"orderExt=3282475|orderState=Done|orderType=Market|orderDir=Sell|orderPrice=0|orderTrig=0|orderUnfilled=0"
"OPF-20260725-170210","OPF_0.1","OPF_RESEARCH_2.17","MNQ_0.1","MNQ_1Contract_Target150_200","OPF_PROFILE_0.1","20260211-0145-BULL-OBS-001137-Z001137-OC","20260211-0150-Long-1138","2026-02-11T02:45:00.0000000",1149,"EXIT_FILLED","TIME_STOP","Long","ObservationConfirm_WideStop1_5R",25314.50,1,""
"OPF-20260725-170210","OPF_0.1","OPF_RESEARCH_2.17","MNQ_0.1","MNQ_1Contract_Target150_200","OPF_PROFILE_0.1","20260211-0145-BULL-OBS-001137-Z001137-OC","20260211-0150-Long-1138","2026-02-11T02:45:00.0000000",1149,"LIVE_ACCOUNT_PNL","Normal","Long","ObservationConfirm_WideStop1_5R",25314.666666666666666666666667,3,"gross=-30.5|rawGross=-30.5|source=HistoricalReplayNormalized|commission=3.6|net=-34.1|dailyNet=-155.3"
"OPF-20260725-170210","OPF_0.1","OPF_RESEARCH_2.17","MNQ_0.1","MNQ_1Contract_Target150_200","OPF_PROFILE_0.1","20260211-0145-BULL-OBS-001137-Z001137-OC","20260211-0150-Long-1138","2026-02-11T02:45:00.0000000",1149,"PROTECTION_CLEANUP_PENDING","-","Long","ObservationConfirm_WideStop1_5R",0,0,"ExitFilled:TIME_STOP"
"OPF-20260725-170210","OPF_0.1","OPF_RESEARCH_2.17","MNQ_0.1","MNQ_1Contract_Target150_200","OPF_PROFILE_0.1","20260211-0145-BULL-OBS-001137-Z001137-OC","20260211-0150-Long-1138","2026-02-11T02:45:00.0000000",1149,"PROTECTION_CLEANUP_DONE","-","Long","ObservationConfirm_WideStop1_5R",0,0,"ExitFilled:TIME_STOP"
"OPF-20260725-170210","OPF_0.1","OPF_RESEARCH_2.17","MNQ_0.1","MNQ_1Contract_Target150_200","OPF_PROFILE_0.1","20260211-0255-BULL-OBS-001151-Z001151","","2026-02-11T02:55:00.0000000",1151,"SKIP_STRATEGY_QUALITY","-","Long","ZoneBirthResearch",25322.00,0,"StrategyRegimeNotTrend:score=20|SetupQualityTooLow:score=38,min=45"
"OPF-20260725-170210","OPF_0.1","OPF_RESEARCH_2.17","MNQ_0.1","MNQ_1Contract_Target150_200","OPF_PROFILE_0.1","20260211-0300-BULL-OBS-001152-Z001151","","2026-02-11T03:00:00.0000000",1152,"SKIP_STRATEGY_QUALITY","-","Long","UnknownRegimeZoneTouch",25315.50,0,"StrategyRegimeNotTrend:score=20|SetupQualityTooLow:score=27,min=70"
"OPF-20260725-170210","OPF_0.1","OPF_RESEARCH_2.17","MNQ_0.1","MNQ_1Contract_Target150_200","OPF_PROFILE_0.1","20260211-0300-BULL-OBS-001152-Z001151-FR","","2026-02-11T03:05:00.0000000",1153,"SKIP_EXECUTION_PATH_RULE","-","Short","FailureReverse_ObservationInvalidated",25314.00,0,"ActualPathDisabledV209:side=Short|path=FailureReverse_ObservationInvalidated"
"OPF-20260725-170210","OPF_0.1","OPF_RESEARCH_2.17","MNQ_0.1","MNQ_1Contract_Target150_200","OPF_PROFILE_0.1","20260211-0300-BULL-OBS-001152-Z001151-FR","","2026-02-11T03:05:00.0000000",1153,"SKIP_RISK_RR","-","Short","FailureReverse_ObservationInvalidated_WideStop1_5R",25314.00,0,"EstimatedRRTooLow:rr=0.0741,min=0.25,reward=0.75,model=AggressiveExpansionV164Eligibility:NearestStructure"
"OPF-20260725-170210","OPF_0.1","OPF_RESEARCH_2.17","MNQ_0.1","MNQ_1Contract_Target150_200","OPF_PROFILE_0.1","20260211-0255-BULL-OBS-001151-Z001151-FR","","2026-02-11T03:05:00.0000000",1153,"SKIP_EXECUTION_PATH_RULE","-","Short","FailureReverse_ObservationInvalidated",25314.00,0,"ActualPathDisabledV209:side=Short|path=FailureReverse_ObservationInvalidated"
"OPF-20260725-170210","OPF_0.1","OPF_RESEARCH_2.17","MNQ_0.1","MNQ_1Contract_Target150_200","OPF_PROFILE_0.1","20260211-0255-BULL-OBS-001151-Z001151-FR","","2026-02-11T03:05:00.0000000",1153,"SKIP_RISK_RR","-","Short","FailureReverse_ObservationInvalidated_WideStop1_5R",25314.00,0,"EstimatedRRTooLow:rr=0.0741,min=0.25,reward=0.75,model=AggressiveExpansionV164Eligibility:NearestStructure"
"OPF-20260725-170210","OPF_0.1","OPF_RESEARCH_2.17","MNQ_0.1","MNQ_1Contract_Target150_200","OPF_PROFILE_0.1","20260211-0305-BEAR-OBS-001153-Z001153","","2026-02-11T03:05:00.0000000",1153,"SKIP_RISK_RR","-","Short","ZoneBirthResearch",25314.00,0,"EstimatedRRTooLow:rr=0.1111,min=0.25,reward=0.75,model=AggressiveExpansionV164Eligibility:NearestStructure"
"OPF-20260725-170210","OPF_0.1","OPF_RESEARCH_2.17","MNQ_0.1","MNQ_1Contract_Target150_200","OPF_PROFILE_0.1","20260211-0305-BEAR-OBS-001153-Z001153-OC","20260211-0310-Short-1154","2026-02-11T03:10:00.0000000",1154,"ENTRY_SEND","ENTRY","Short","ObservationConfirm",25313.75,3,"stop=25320.75|target=25303.25"
"OPF-20260725-170210","OPF_0.1","OPF_RESEARCH_2.17","MNQ_0.1","MNQ_1Contract_Target150_200","OPF_PROFILE_0.1","20260211-0305-BEAR-OBS-001153-Z001153-OC","20260211-0310-Short-1154","2026-02-11T03:10:00.0000000",1154,"ENTRY_QUOTE_PREFLIGHT_OK_V178","ENTRY","Short","ObservationConfirm",25314.25,3,"bid=25314|ask=25314.5|barLag=0|marketSequence=13378"
"OPF-20260725-170210","OPF_0.1","OPF_RESEARCH_2.17","MNQ_0.1","MNQ_1Contract_Target150_200","OPF_PROFILE_0.1","20260211-0305-BEAR-OBS-001153-Z001153-OC","","2026-02-11T03:10:00.0000000",1154,"SKIP_RISK_RR","-","Short","ObservationConfirm_WideStop1_5R",25313.75,0,"EstimatedRRTooLow:rr=0.0476,min=0.8,reward=0.5,model=NearestStructure"
"OPF-20260725-170210","OPF_0.1","OPF_RESEARCH_2.17","MNQ_0.1","MNQ_1Contract_Target150_200","OPF_PROFILE_0.1","20260211-0305-BEAR-OBS-001153-Z001153-OC","20260211-0310-Short-1154","2026-02-11T03:10:00.0000000",1154,"MYTRADE","ENTRY","Short","ObservationConfirm",25314.00,3,"orderExt=3282476|orderState=Done|orderType=Market|orderDir=Sell|orderPrice=0|orderTrig=0|orderUnfilled=0"
"OPF-20260725-170210","OPF_0.1","OPF_RESEARCH_2.17","MNQ_0.1","MNQ_1Contract_Target150_200","OPF_PROFILE_0.1","20260211-0305-BEAR-OBS-001153-Z001153-OC","20260211-0310-Short-1154","2026-02-11T03:10:00.0000000",1154,"PROTECTION_QUOTE_PREFLIGHT_OK_V178","-","Short","ObservationConfirm",25314.25,3,"bid=25314|ask=25314.5|barLag=0"
"OPF-20260725-170210","OPF_0.1","OPF_RESEARCH_2.17","MNQ_0.1","MNQ_1Contract_Target150_200","OPF_PROFILE_0.1","20260211-0305-BEAR-OBS-001153-Z001153-OC","20260211-0310-Short-1154","2026-02-11T03:10:00.0000000",1154,"SL_SENT","SL","Short","ObservationConfirm",25320.75,3,"OPF-20260211-0310-Short-1154"
"OPF-20260725-170210","OPF_0.1","OPF_RESEARCH_2.17","MNQ_0.1","MNQ_1Contract_Target150_200","OPF_PROFILE_0.1","20260211-0305-BEAR-OBS-001153-Z001153-OC","20260211-0310-Short-1154","2026-02-11T03:10:00.0000000",1154,"TP_SENT","TP","Short","ObservationConfirm",24804.00,3,"HistoricalDormantTargetV181|intended=25304|ext=3282478"
"OPF-20260725-170210","OPF_0.1","OPF_RESEARCH_2.17","MNQ_0.1","MNQ_1Contract_Target150_200","OPF_PROFILE_0.1","20260211-0305-BEAR-OBS-001153-Z001153-OC","20260211-0310-Short-1154","2026-02-11T03:10:00.0000000",1154,"HISTORICAL_DORMANT_TP_SENT_V181","TP","Short","ObservationConfirm",24804.00,3,"intended=25304|ext=3282478|activateAfterObservedTargetTouch"
"OPF-20260725-170210","OPF_0.1","OPF_RESEARCH_2.17","MNQ_0.1","MNQ_1Contract_Target150_200","OPF_PROFILE_0.1","20260211-0255-BULL-OBS-001151-Z001151-FR-RT","","2026-02-11T03:15:00.0000000",1155,"SKIP_RISK_RR","-","Short","FailureReverse_RetestFailed",25305.25,0,"StrictEntryRiskBandExcludedV208:risk=15.5,excluded=(13.25,16]|FailureRetestRiskCapExceeded:risk=15.5,max=11|RiskTooWideVolAdjusted:risk=15.5,max=12,atr14=8.71"
"OPF-20260725-170210","OPF_0.1","OPF_RESEARCH_2.17","MNQ_0.1","MNQ_1Contract_Target150_200","OPF_PROFILE_0.1","20260211-0255-BULL-OBS-001151-Z001151-FR-RT","","2026-02-11T03:15:00.0000000",1155,"SKIP_EXECUTION_PATH_RULE","-","Short","FailureReverse_RetestFailed_WideStop1_5R",25305.25,0,"ActualPathDisabledV209:side=Short|path=FailureReverse_RetestFailed_WideStop1_5R"
"OPF-20260725-170210","OPF_0.1","OPF_RESEARCH_2.17","MNQ_0.1","MNQ_1Contract_Target150_200","OPF_PROFILE_0.1","20260211-0300-BULL-OBS-001152-Z001151-FR-RT","","2026-02-11T03:15:00.0000000",1155,"SKIP_STRATEGY_QUALITY","-","Short","FailureReverse_RetestFailed",25305.25,0,"SetupQualityTooLow:score=52,min=56"
"OPF-20260725-170210","OPF_0.1","OPF_RESEARCH_2.17","MNQ_0.1","MNQ_1Contract_Target150_200","OPF_PROFILE_0.1","20260211-0300-BULL-OBS-001152-Z001151-FR-RT","","2026-02-11T03:15:00.0000000",1155,"SKIP_EXECUTION_PATH_RULE","-","Short","FailureReverse_RetestFailed_WideStop1_5R",25305.25,0,"ActualPathDisabledV209:side=Short|path=FailureReverse_RetestFailed_WideStop1_5R"
"OPF-20260725-170210","OPF_0.1","OPF_RESEARCH_2.17","MNQ_0.1","MNQ_1Contract_Target150_200","OPF_PROFILE_0.1","20260211-0305-BEAR-OBS-001153-Z001153-OC","20260211-0310-Short-1154","2026-02-11T03:20:00.0000000",1156,"HISTORICAL_OBSERVED_TP_EXIT_SEND_V206","TP","Short","ObservationConfirm",25304.00,3,"dormantExt=3282478|ObservedTargetTouch|orderType=Market"
"OPF-20260725-170210","OPF_0.1","OPF_RESEARCH_2.17","MNQ_0.1","MNQ_1Contract_Target150_200","OPF_PROFILE_0.1","20260211-0305-BEAR-OBS-001153-Z001153-OC","20260211-0310-Short-1154","2026-02-11T03:20:00.0000000",1156,"PROTECTIVE_EXIT_CALLBACK_PENDING_V187","TP","Short","ObservationConfirm",0,3,"ext=3282479|src=OnOrderChanged"
"OPF-20260725-170210","OPF_0.1","OPF_RESEARCH_2.17","MNQ_0.1","MNQ_1Contract_Target150_200","OPF_PROFILE_0.1","20260211-0305-BEAR-OBS-001153-Z001153-OC","20260211-0310-Short-1154","2026-02-11T03:20:00.0000000",1156,"HISTORICAL_DORMANT_TP_STALE_ORDER_IGNORED_V183","TP","Short","ObservationConfirm",24804.00,3,"observedTargetMarketExt=3282479|staleDormantExt=3282478|staleDormantPrice=24804|src=OnOrderChanged"
"OPF-20260725-170210","OPF_0.1","OPF_RESEARCH_2.17","MNQ_0.1","MNQ_1Contract_Target150_200","OPF_PROFILE_0.1","20260211-0305-BEAR-OBS-001153-Z001153-OC","20260211-0310-Short-1154","2026-02-11T03:20:00.0000000",1156,"CANCEL_SENT","TP","Short","ObservationConfirm",24804.00,3,"HistoricalObservedTargetExitV206:TP"
"OPF-20260725-170210","OPF_0.1","OPF_RESEARCH_2.17","MNQ_0.1","MNQ_1Contract_Target150_200","OPF_PROFILE_0.1","20260211-0305-BEAR-OBS-001153-Z001153-OC","20260211-0310-Short-1154","2026-02-11T03:20:00.0000000",1156,"HISTORICAL_OBSERVED_TP_EXIT_SENT_V206","TP","Short","ObservationConfirm",25304.00,3,"ext=3282479|ObservedTargetTouch|orderType=Market"
"OPF-20260725-170210","OPF_0.1","OPF_RESEARCH_2.17","MNQ_0.1","MNQ_1Contract_Target150_200","OPF_PROFILE_0.1","20260211-0305-BEAR-OBS-001153-Z001153-OC","20260211-0310-Short-1154","2026-02-11T03:20:00.0000000",1156,"MYTRADE","TP","Short","ObservationConfirm",25254.00,3,"orderExt=3282479|orderState=Done|orderType=Market|orderDir=Buy|orderPrice=0|orderTrig=0|orderUnfilled=0"
"OPF-20260725-170210","OPF_0.1","OPF_RESEARCH_2.17","MNQ_0.1","MNQ_1Contract_Target150_200","OPF_PROFILE_0.1","20260211-0305-BEAR-OBS-001153-Z001153-OC","20260211-0310-Short-1154","2026-02-11T03:20:00.0000000",1156,"PROTECTIVE_EXIT_CALLBACK_RESOLVED_V187","TP","Short","ObservationConfirm",25254.00,3,"orderExt=3282479"
"OPF-20260725-170210","OPF_0.1","OPF_RESEARCH_2.17","MNQ_0.1","MNQ_1Contract_Target150_200","OPF_PROFILE_0.1","20260211-0305-BEAR-OBS-001153-Z001153-OC","20260211-0310-Short-1154","2026-02-11T03:20:00.0000000",1156,"EXIT_FILLED","TP","Short","ObservationConfirm",25254.00,3,""
"OPF-20260725-170210","OPF_0.1","OPF_RESEARCH_2.17","MNQ_0.1","MNQ_1Contract_Target150_200","OPF_PROFILE_0.1","20260211-0305-BEAR-OBS-001153-Z001153-OC","20260211-0310-Short-1154","2026-02-11T03:20:00.0000000",1156,"HISTORICAL_OBSERVED_TP_EXIT_FILLED_V206","TP","Short","ObservationConfirm",25254.00,3,"expected=25304|normalizedByHistoricalReplayValidation"
"OPF-20260725-170210","OPF_0.1","OPF_RESEARCH_2.17","MNQ_0.1","MNQ_1Contract_Target150_200","OPF_PROFILE_0.1","20260211-0305-BEAR-OBS-001153-Z001153-OC","20260211-0310-Short-1154","2026-02-11T03:20:00.0000000",1156,"LIVE_ACCOUNT_PNL","Normal","Short","ObservationConfirm",25254.00,3,"gross=60|rawGross=360|source=HistoricalReplayNormalized|commission=3.6|net=56.4|dailyNet=-98.9"
"OPF-20260725-170210","OPF_0.1","OPF_RESEARCH_2.17","MNQ_0.1","MNQ_1Contract_Target150_200","OPF_PROFILE_0.1","20260211-0305-BEAR-OBS-001153-Z001153-OC","20260211-0310-Short-1154","2026-02-11T03:20:00.0000000",1156,"PROTECTION_CLEANUP_PENDING","-","Short","ObservationConfirm",0,0,"ExitFilled:TP"
"OPF-20260725-170210","OPF_0.1","OPF_RESEARCH_2.17","MNQ_0.1","MNQ_1Contract_Target150_200","OPF_PROFILE_0.1","20260211-0305-BEAR-OBS-001153-Z001153-OC","20260211-0310-Short-1154","2026-02-11T03:20:00.0000000",1156,"PROTECTION_CLEANUP_DONE","-","Short","ObservationConfirm",0,0,"ExitFilled:TP"
"OPF-20260725-170210","OPF_0.1","OPF_RESEARCH_2.17","MNQ_0.1","MNQ_1Contract_Target150_200","OPF_PROFILE_0.1","20260211-0330-BULL-OBS-001158-Z001158","","2026-02-11T03:30:00.0000000",1158,"SKIP_STRATEGY_QUALITY","-","Long","ZoneBirthResearch",25319.50,0,"StrategyRegimeNotTrend:score=20|SetupQualityTooLow:score=35,min=45"
"OPF-20260725-170210","OPF_0.1","OPF_RESEARCH_2.17","MNQ_0.1","MNQ_1Contract_Target150_200","OPF_PROFILE_0.1","20260211-0330-BULL-OBS-001158-Z001158-OC","20260211-0335-Long-1159","2026-02-11T03:35:00.0000000",1159,"ENTRY_SEND","ENTRY","Long","ObservationConfirm",25321.50,3,"stop=25314|target=25332.75"
"OPF-20260725-170210","OPF_0.1","OPF_RESEARCH_2.17","MNQ_0.1","MNQ_1Contract_Target150_200","OPF_PROFILE_0.1","20260211-0330-BULL-OBS-001158-Z001158-OC","20260211-0335-Long-1159","2026-02-11T03:35:00.0000000",1159,"ENTRY_QUOTE_PREFLIGHT_OK_V178","ENTRY","Long","ObservationConfirm",25321.75,3,"bid=25321.5|ask=25322|barLag=0|marketSequence=14421"
"OPF-20260725-170210","OPF_0.1","OPF_RESEARCH_2.17","MNQ_0.1","MNQ_1Contract_Target150_200","OPF_PROFILE_0.1","20260211-0330-BULL-OBS-001158-Z001158-OC","20260211-0335-Long-1159","2026-02-11T03:35:00.0000000",1159,"SECONDARY_WAITING_FOR_PROTECTION_V216","-","Long","ObservationConfirm_WideStop1_5R",25321.50,0,"PrimaryNotProtectedDeferredV216:primary=20260211-0335-Long-1159|signal=20260211-0330-BULL-OBS-001158-Z001158-OC|bar=1159"
"OPF-20260725-170210","OPF_0.1","OPF_RESEARCH_2.17","MNQ_0.1","MNQ_1Contract_Target150_200","OPF_PROFILE_0.1","20260211-0335-BULL-OBS-001159-Z001158","","2026-02-11T03:35:00.0000000",1159,"SKIP_STRATEGY_QUALITY","-","Long","UnknownRegimeZoneTouch",25321.50,0,"StrategyRegimeNotTrend:score=20|SetupQualityTooLow:score=37,min=70"
"OPF-20260725-170210","OPF_0.1","OPF_RESEARCH_2.17","MNQ_0.1","MNQ_1Contract_Target150_200","OPF_PROFILE_0.1","20260211-0330-BULL-OBS-001158-Z001158-OC","20260211-0335-Long-1159","2026-02-11T03:35:00.0000000",1159,"MYTRADE","ENTRY","Long","ObservationConfirm",25254.00,3,"orderExt=3282481|orderState=Done|orderType=Market|orderDir=Buy|orderPrice=0|orderTrig=0|orderUnfilled=0"
"OPF-20260725-170210","OPF_0.1","OPF_RESEARCH_2.17","MNQ_0.1","MNQ_1Contract_Target150_200","OPF_PROFILE_0.1","20260211-0330-BULL-OBS-001158-Z001158-OC","20260211-0335-Long-1159","2026-02-11T03:35:00.0000000",1159,"HISTORICAL_FAVORABLE_ENTRY_NORMALIZED_V180","ENTRY","Long","ObservationConfirm",25254.00,3,"HistoricalFavorableEntryNormalizedV180:raw=25254|planned=25321.5|improvement=67.5|max=4"
"OPF-20260725-170210","OPF_0.1","OPF_RESEARCH_2.17","MNQ_0.1","MNQ_1Contract_Target150_200","OPF_PROFILE_0.1","20260211-0330-BULL-OBS-001158-Z001158-OC","20260211-0335-Long-1159","2026-02-11T03:35:00.0000000",1159,"PROTECTION_QUOTE_PREFLIGHT_OK_V178","-","Long","ObservationConfirm",25321.75,3,"bid=25321.5|ask=25322|barLag=0"
"OPF-20260725-170210","OPF_0.1","OPF_RESEARCH_2.17","MNQ_0.1","MNQ_1Contract_Target150_200","OPF_PROFILE_0.1","20260211-0330-BULL-OBS-001158-Z001158-OC","20260211-0335-Long-1159","2026-02-11T03:35:00.0000000",1159,"SL_SENT","SL","Long","ObservationConfirm",25314.00,3,"OPF-20260211-0335-Long-1159"
"OPF-20260725-170210","OPF_0.1","OPF_RESEARCH_2.17","MNQ_0.1","MNQ_1Contract_Target150_200","OPF_PROFILE_0.1","20260211-0330-BULL-OBS-001158-Z001158-OC","20260211-0335-Long-1159","2026-02-11T03:35:00.0000000",1159,"TP_SENT","TP","Long","ObservationConfirm",25832.75,3,"HistoricalDormantTargetV181|intended=25332.75|ext=3282483"
"OPF-20260725-170210","OPF_0.1","OPF_RESEARCH_2.17","MNQ_0.1","MNQ_1Contract_Target150_200","OPF_PROFILE_0.1","20260211-0330-BULL-OBS-001158-Z001158-OC","20260211-0335-Long-1159","2026-02-11T03:35:00.0000000",1159,"HISTORICAL_DORMANT_TP_SENT_V181","TP","Long","ObservationConfirm",25832.75,3,"intended=25332.75|ext=3282483|activateAfterObservedTargetTouch"
"OPF-20260725-170210","OPF_0.1","OPF_RESEARCH_2.17","MNQ_0.1","MNQ_1Contract_Target150_200","OPF_PROFILE_0.1","20260211-0330-BULL-OBS-001158-Z001158-OC","20260211-0335-Long-1159","2026-02-11T03:35:00.0000000",1159,"SECONDARY_PROTECTION_READY_RETRY_V216","ENTRY","Long","ObservationConfirm_WideStop1_5R",25322.00,3,"primary=20260211-0335-Long-1159|plannedRisk=11.25|freshRisk=11.75|bid=25321.5|ask=25322"
"OPF-20260725-170210","OPF_0.1","OPF_RESEARCH_2.17","MNQ_0.1","MNQ_1Contract_Target150_200","OPF_PROFILE_0.1","20260211-0330-BULL-OBS-001158-Z001158-OC","20260211-0335-Long-1159-S2","2026-02-11T03:35:00.0000000",1159,"ENTRY_SEND","ENTRY","Long","ObservationConfirm_WideStop1_5R",25322.00,3,"stop=25310.25|target=25357.25"
"OPF-20260725-170210","OPF_0.1","OPF_RESEARCH_2.17","MNQ_0.1","MNQ_1Contract_Target150_200","OPF_PROFILE_0.1","20260211-0330-BULL-OBS-001158-Z001158-OC","20260211-0335-Long-1159-S2","2026-02-11T03:35:00.0000000",1159,"ENTRY_QUOTE_PREFLIGHT_OK_V178","ENTRY","Long","ObservationConfirm_WideStop1_5R",25321.75,3,"bid=25321.5|ask=25322|barLag=0|marketSequence=14421"
"OPF-20260725-170210","OPF_0.1","OPF_RESEARCH_2.17","MNQ_0.1","MNQ_1Contract_Target150_200","OPF_PROFILE_0.1","20260211-0330-BULL-OBS-001158-Z001158-OC","20260211-0335-Long-1159-S2","2026-02-11T03:35:00.0000000",1159,"MYTRADE","ENTRY","Long","ObservationConfirm_WideStop1_5R",25254.00,3,"orderExt=3282484|orderState=Done|orderType=Market|orderDir=Buy|orderPrice=0|orderTrig=0|orderUnfilled=0"
"OPF-20260725-170210","OPF_0.1","OPF_RESEARCH_2.17","MNQ_0.1","MNQ_1Contract_Target150_200","OPF_PROFILE_0.1","20260211-0330-BULL-OBS-001158-Z001158-OC","20260211-0335-Long-1159-S2","2026-02-11T03:35:00.0000000",1159,"HISTORICAL_FAVORABLE_ENTRY_NORMALIZED_V180","ENTRY","Long","ObservationConfirm_WideStop1_5R",25254.00,3,"HistoricalFavorableEntryNormalizedV180:raw=25254|planned=25322|improvement=68|max=4"
"OPF-20260725-170210","OPF_0.1","OPF_RESEARCH_2.17","MNQ_0.1","MNQ_1Contract_Target150_200","OPF_PROFILE_0.1","20260211-0330-BULL-OBS-001158-Z001158-OC","20260211-0335-Long-1159-S2","2026-02-11T03:35:00.0000000",1159,"PROTECTION_QUOTE_PREFLIGHT_OK_V178","-","Long","ObservationConfirm_WideStop1_5R",25321.75,3,"bid=25321.5|ask=25322|barLag=0"
"OPF-20260725-170210","OPF_0.1","OPF_RESEARCH_2.17","MNQ_0.1","MNQ_1Contract_Target150_200","OPF_PROFILE_0.1","20260211-0330-BULL-OBS-001158-Z001158-OC","20260211-0335-Long-1159-S2","2026-02-11T03:35:00.0000000",1159,"SL_SENT","SL","Long","ObservationConfirm_WideStop1_5R",25310.25,3,"OPF-20260211-0335-Long-1159-S2"
"OPF-20260725-170210","OPF_0.1","OPF_RESEARCH_2.17","MNQ_0.1","MNQ_1Contract_Target150_200","OPF_PROFILE_0.1","20260211-0330-BULL-OBS-001158-Z001158-OC","20260211-0335-Long-1159-S2","2026-02-11T03:35:00.0000000",1159,"TP_SENT","TP","Long","ObservationConfirm_WideStop1_5R",25857.25,3,"HistoricalDormantTargetV181|intended=25357.25|ext=3282486"
"OPF-20260725-170210","OPF_0.1","OPF_RESEARCH_2.17","MNQ_0.1","MNQ_1Contract_Target150_200","OPF_PROFILE_0.1","20260211-0330-BULL-OBS-001158-Z001158-OC","20260211-0335-Long-1159-S2","2026-02-11T03:35:00.0000000",1159,"HISTORICAL_DORMANT_TP_SENT_V181","TP","Long","ObservationConfirm_WideStop1_5R",25857.25,3,"intended=25357.25|ext=3282486|activateAfterObservedTargetTouch"
"OPF-20260725-170210","OPF_0.1","OPF_RESEARCH_2.17","MNQ_0.1","MNQ_1Contract_Target150_200","OPF_PROFILE_0.1","20260211-0330-BULL-OBS-001158-Z001158-OC","20260211-0335-Long-1159","2026-02-11T03:35:00.0000000",1159,"HISTORICAL_OBSERVED_TP_EXIT_SEND_V206","TP","Long","ObservationConfirm",25332.75,3,"dormantExt=3282483|ObservedTargetTouch|orderType=Market"
"OPF-20260725-170210","OPF_0.1","OPF_RESEARCH_2.17","MNQ_0.1","MNQ_1Contract_Target150_200","OPF_PROFILE_0.1","20260211-0335-BULL-OBS-001159-Z001158-OC","","2026-02-11T03:40:00.0000000",1160,"SKIP_RISK_RR","-","Long","ObservationConfirm",25332.75,0,"LongObservationWideRiskCutV137:risk=18.75,max=12|ObservationConfirmRiskCapExceeded:risk=18.75,max=12|LongObservationRiskExpansionDisabledV111:risk=18.75"
"OPF-20260725-170210","OPF_0.1","OPF_RESEARCH_2.17","MNQ_0.1","MNQ_1Contract_Target150_200","OPF_PROFILE_0.1","20260211-0335-BULL-OBS-001159-Z001158-OC","","2026-02-11T03:40:00.0000000",1160,"SKIP_EXECUTION_PATH_RULE","-","Long","ObservationConfirm_WideStop1_5R",25332.75,0,"ObservationConfirmWideStopQualityTooLowV132:side=Long,score=52,min=56"
"OPF-20260725-170210","OPF_0.1","OPF_RESEARCH_2.17","MNQ_0.1","MNQ_1Contract_Target150_200","OPF_PROFILE_0.1","20260211-0330-BULL-OBS-001158-Z001158-OC","20260211-0335-Long-1159","2026-02-11T03:40:00.0000000",1160,"PROTECTIVE_EXIT_CALLBACK_PENDING_V187","TP","Long","ObservationConfirm",0,3,"ext=3282487|src=OnOrderChanged"
"OPF-20260725-170210","OPF_0.1","OPF_RESEARCH_2.17","MNQ_0.1","MNQ_1Contract_Target150_200","OPF_PROFILE_0.1","20260211-0330-BULL-OBS-001158-Z001158-OC","20260211-0335-Long-1159","2026-02-11T03:40:00.0000000",1160,"HISTORICAL_DORMANT_TP_STALE_ORDER_IGNORED_V183","TP","Long","ObservationConfirm",25832.75,3,"observedTargetMarketExt=3282487|staleDormantExt=3282483|staleDormantPrice=25832.75|src=OnOrderChanged"
"OPF-20260725-170210","OPF_0.1","OPF_RESEARCH_2.17","MNQ_0.1","MNQ_1Contract_Target150_200","OPF_PROFILE_0.1","20260211-0330-BULL-OBS-001158-Z001158-OC","20260211-0335-Long-1159","2026-02-11T03:40:00.0000000",1160,"CANCEL_SENT","TP","Long","ObservationConfirm",25832.75,3,"HistoricalObservedTargetExitV206:TP"
"OPF-20260725-170210","OPF_0.1","OPF_RESEARCH_2.17","MNQ_0.1","MNQ_1Contract_Target150_200","OPF_PROFILE_0.1","20260211-0330-BULL-OBS-001158-Z001158-OC","20260211-0335-Long-1159","2026-02-11T03:40:00.0000000",1160,"HISTORICAL_OBSERVED_TP_EXIT_SENT_V206","TP","Long","ObservationConfirm",25332.75,3,"ext=3282487|ObservedTargetTouch|orderType=Market"
"OPF-20260725-170210","OPF_0.1","OPF_RESEARCH_2.17","MNQ_0.1","MNQ_1Contract_Target150_200","OPF_PROFILE_0.1","20260211-0330-BULL-OBS-001158-Z001158-OC","20260211-0335-Long-1159","2026-02-11T03:40:00.0000000",1160,"MYTRADE","TP","Long","ObservationConfirm",25332.25,2,"orderExt=3282487|orderState=Done|orderType=Market|orderDir=Sell|orderPrice=0|orderTrig=0|orderUnfilled=0"
"OPF-20260725-170210","OPF_0.1","OPF_RESEARCH_2.17","MNQ_0.1","MNQ_1Contract_Target150_200","OPF_PROFILE_0.1","20260211-0330-BULL-OBS-001158-Z001158-OC","20260211-0335-Long-1159","2026-02-11T03:40:00.0000000",1160,"PROTECTIVE_EXIT_CALLBACK_RESOLVED_V187","TP","Long","ObservationConfirm",25332.25,2,"orderExt=3282487"
"OPF-20260725-170210","OPF_0.1","OPF_RESEARCH_2.17","MNQ_0.1","MNQ_1Contract_Target150_200","OPF_PROFILE_0.1","20260211-0330-BULL-OBS-001158-Z001158-OC","20260211-0335-Long-1159","2026-02-11T03:40:00.0000000",1160,"EXIT_FILLED","TP","Long","ObservationConfirm",25332.25,2,""
"OPF-20260725-170210","OPF_0.1","OPF_RESEARCH_2.17","MNQ_0.1","MNQ_1Contract_Target150_200","OPF_PROFILE_0.1","20260211-0330-BULL-OBS-001158-Z001158-OC","20260211-0335-Long-1159","2026-02-11T03:40:00.0000000",1160,"HISTORICAL_OBSERVED_TP_EXIT_FILLED_V206","TP","Long","ObservationConfirm",25332.25,2,"expected=25332.75|normalizedByHistoricalReplayValidation"
"OPF-20260725-170210","OPF_0.1","OPF_RESEARCH_2.17","MNQ_0.1","MNQ_1Contract_Target150_200","OPF_PROFILE_0.1","20260211-0330-BULL-OBS-001158-Z001158-OC","20260211-0335-Long-1159","2026-02-11T03:40:00.0000000",1160,"MYTRADE","TP","Long","ObservationConfirm",25332.00,1,"orderExt=3282487|orderState=Done|orderType=Market|orderDir=Sell|orderPrice=0|orderTrig=0|orderUnfilled=0"
"OPF-20260725-170210","OPF_0.1","OPF_RESEARCH_2.17","MNQ_0.1","MNQ_1Contract_Target150_200","OPF_PROFILE_0.1","20260211-0330-BULL-OBS-001158-Z001158-OC","20260211-0335-Long-1159","2026-02-11T03:40:00.0000000",1160,"EXIT_FILLED","TP","Long","ObservationConfirm",25332.00,1,""
"OPF-20260725-170210","OPF_0.1","OPF_RESEARCH_2.17","MNQ_0.1","MNQ_1Contract_Target150_200","OPF_PROFILE_0.1","20260211-0330-BULL-OBS-001158-Z001158-OC","20260211-0335-Long-1159","2026-02-11T03:40:00.0000000",1160,"HISTORICAL_OBSERVED_TP_EXIT_FILLED_V206","TP","Long","ObservationConfirm",25332.00,1,"expected=25332.75|normalizedByHistoricalReplayValidation"
"OPF-20260725-170210","OPF_0.1","OPF_RESEARCH_2.17","MNQ_0.1","MNQ_1Contract_Target150_200","OPF_PROFILE_0.1","20260211-0330-BULL-OBS-001158-Z001158-OC","20260211-0335-Long-1159","2026-02-11T03:40:00.0000000",1160,"LIVE_ACCOUNT_PNL","Normal","Long","ObservationConfirm",25332.166666666666666666666667,3,"gross=64|rawGross=64|source=HistoricalReplayNormalized|commission=3.6|net=60.4|dailyNet=-38.5"
"OPF-20260725-170210","OPF_0.1","OPF_RESEARCH_2.17","MNQ_0.1","MNQ_1Contract_Target150_200","OPF_PROFILE_0.1","20260211-0330-BULL-OBS-001158-Z001158-OC","20260211-0335-Long-1159","2026-02-11T03:40:00.0000000",1160,"PROTECTION_CLEANUP_PENDING","-","Long","ObservationConfirm",0,0,"ExitFilled:TP"
"OPF-20260725-170210","OPF_0.1","OPF_RESEARCH_2.17","MNQ_0.1","MNQ_1Contract_Target150_200","OPF_PROFILE_0.1","20260211-0330-BULL-OBS-001158-Z001158-OC","20260211-0335-Long-1159","2026-02-11T03:40:00.0000000",1160,"PROTECTION_CLEANUP_DONE","-","Long","ObservationConfirm",0,0,"ExitFilled:TP"
"OPF-20260725-170210","OPF_0.1","OPF_RESEARCH_2.17","MNQ_0.1","MNQ_1Contract_Target150_200","OPF_PROFILE_0.1","20260211-0345-BULL-OBS-001161-Z001161","","2026-02-11T03:45:00.0000000",1161,"SKIP_STRATEGY_QUALITY","-","Long","ZoneBirthResearch",25335.00,0,"StrategyRegimeNotTrend:score=30|SetupQualityTooLow:score=41,min=45"
"OPF-20260725-170210","OPF_0.1","OPF_RESEARCH_2.17","MNQ_0.1","MNQ_1Contract_Target150_200","OPF_PROFILE_0.1","20260211-0345-BULL-OBS-001161-Z001161-OC","","2026-02-11T03:50:00.0000000",1162,"SKIP_RISK_RR","-","Long","ObservationConfirm",25341.75,0,"LongObservationWideRiskCutV137:risk=20,max=12|ObservationConfirmRiskCapExceeded:risk=20,max=12|LongObservationRiskExpansionDisabledV111:risk=20"
"OPF-20260725-170210","OPF_0.1","OPF_RESEARCH_2.17","MNQ_0.1","MNQ_1Contract_Target150_200","OPF_PROFILE_0.1","20260211-0345-BULL-OBS-001161-Z001161-OC","","2026-02-11T03:50:00.0000000",1162,"SKIP_RISK_RR","-","Long","ObservationConfirm_WideStop1_5R",25341.75,0,"DailyVolumeFloorRiskCapExceeded:risk=30,max=18|OCWideStopLowRiskV132RiskCapExceeded:risk=30,max=18,side=Long|RiskTooWideHard:risk=30,max=25"
"OPF-20260725-170210","OPF_0.1","OPF_RESEARCH_2.17","MNQ_0.1","MNQ_1Contract_Target150_200","OPF_PROFILE_0.1","20260211-0345-BULL-OBS-001161-Z001161-OC-STR","","2026-02-11T03:50:00.0000000",1162,"SKIP_EXECUTION_PATH_RULE","-","Long","ObservationStrict_BullFresh_WideStop1_5R",25341.75,0,"ActualPathDisabledV209:side=Long|path=ObservationStrict_BullFresh_WideStop1_5R"
"OPF-20260725-170210","OPF_0.1","OPF_RESEARCH_2.17","MNQ_0.1","MNQ_1Contract_Target150_200","OPF_PROFILE_0.1","20260211-0410-BULL-OBS-001166-Z001161","","2026-02-11T04:10:00.0000000",1166,"SKIP_STRATEGY_QUALITY","-","Long","UnknownRegimeZoneTouch",25324.00,0,"StrategyRegimeNotTrend:score=20|SetupQualityTooLow:score=27,min=70"
"OPF-20260725-170210","OPF_0.1","OPF_RESEARCH_2.17","MNQ_0.1","MNQ_1Contract_Target150_200","OPF_PROFILE_0.1","20260211-0415-BEAR-OBS-001167-Z001167","","2026-02-11T04:15:00.0000000",1167,"EXPANSION_WAIT1_SCHEDULED","-","Short","ZoneBirthResearch",25329.00,0,"AggressiveExpansionWait1ScheduledV165:EntryBarTargetTouched:low=25320.75,target=25323.75"
"OPF-20260725-170210","OPF_0.1","OPF_RESEARCH_2.17","MNQ_0.1","MNQ_1Contract_Target150_200","OPF_PROFILE_0.1","20260211-0415-BEAR-OBS-001167-Z001167-OC","","2026-02-11T04:20:00.0000000",1168,"SKIP_SAME_BAR_AMBIGUOUS","-","Short","ObservationConfirm",25323.00,0,"EntryBarStopTouched:high=25332.5,stop=25332.5"
"OPF-20260725-170210","OPF_0.1","OPF_RESEARCH_2.17","MNQ_0.1","MNQ_1Contract_Target150_200","OPF_PROFILE_0.1","20260211-0415-BEAR-OBS-001167-Z001167-OC","","2026-02-11T04:20:00.0000000",1168,"SKIP_RISK_RR","-","Short","ObservationConfirm_WideStop1_5R",25323.00,0,"StrictEntryRiskBandExcludedV208:risk=14.25,excluded=(13.25,16]|EstimatedRRTooLow:rr=0.1228,min=0.8,reward=1.75,model=NearestStructure"
"OPF-20260725-170210","OPF_0.1","OPF_RESEARCH_2.17","MNQ_0.1","MNQ_1Contract_Target150_200","OPF_PROFILE_0.1","20260211-0420-BEAR-OBS-001168-Z001167","","2026-02-11T04:20:00.0000000",1168,"SKIP_STRATEGY_QUALITY","-","Short","UnknownRegimeZoneTouch",25323.00,0,"SetupQualityTooLow:score=37,min=45"
"OPF-20260725-170210","OPF_0.1","OPF_RESEARCH_2.17","MNQ_0.1","MNQ_1Contract_Target150_200","OPF_PROFILE_0.1","20260211-0420-BEAR-OBS-001168-Z001167-OC","20260211-0335-Long-1159-S2","2026-02-11T04:25:00.0000000",1169,"SKIP_SECONDARY_GATE_V215","-","Short","ObservationConfirm",25313.50,0,"SecondaryDirectionMismatch:primary=Long|candidate=Short"
"OPF-20260725-170210","OPF_0.1","OPF_RESEARCH_2.17","MNQ_0.1","MNQ_1Contract_Target150_200","OPF_PROFILE_0.1","20260211-0420-BEAR-OBS-001168-Z001167-OC","","2026-02-11T04:25:00.0000000",1169,"SKIP_EXECUTION_PATH_RULE","-","Short","ObservationConfirm_WideStop1_5R",25313.50,0,"ObservationConfirmWideStopQualityTooLowV132:side=Short,score=52,min=56"
"OPF-20260725-170210","OPF_0.1","OPF_RESEARCH_2.17","MNQ_0.1","MNQ_1Contract_Target150_200","OPF_PROFILE_0.1","20260211-0410-BULL-OBS-001166-Z001161-FR","","2026-02-11T04:25:00.0000000",1169,"SKIP_EXECUTION_PATH_RULE","-","Short","FailureReverse_ObservationInvalidated",25313.50,0,"ActualPathDisabledV209:side=Short|path=FailureReverse_ObservationInvalidated"
"OPF-20260725-170210","OPF_0.1","OPF_RESEARCH_2.17","MNQ_0.1","MNQ_1Contract_Target150_200","OPF_PROFILE_0.1","20260211-0410-BULL-OBS-001166-Z001161-FR","","2026-02-11T04:25:00.0000000",1169,"SKIP_RISK_RR","-","Short","FailureReverse_ObservationInvalidated_WideStop1_5R",25313.50,0,"AggressiveExpansionV164RiskCapExceeded:risk=27,max=25|RiskTooWideHard:risk=27,max=25|EstimatedRRTooLow:rr=0.0093,min=0.25,reward=0.25,model=AggressiveExpansionV164Eligibility:NearestStructure"
"OPF-20260725-170210","OPF_0.1","OPF_RESEARCH_2.17","MNQ_0.1","MNQ_1Contract_Target150_200","OPF_PROFILE_0.1","20260211-0330-BULL-OBS-001158-Z001158-OC","20260211-0335-Long-1159-S2","2026-02-11T04:25:00.0000000",1169,"PROTECTIVE_EXIT_CALLBACK_PENDING_V187","SL","Long","ObservationConfirm_WideStop1_5R",25310.25,3,"ext=3282485|src=OnOrderChanged"
"OPF-20260725-170210","OPF_0.1","OPF_RESEARCH_2.17","MNQ_0.1","MNQ_1Contract_Target150_200","OPF_PROFILE_0.1","20260211-0330-BULL-OBS-001158-Z001158-OC","20260211-0335-Long-1159-S2","2026-02-11T04:25:00.0000000",1169,"MYTRADE","SL","Long","ObservationConfirm_WideStop1_5R",25310.00,3,"orderExt=3282485|orderState=Done|orderType=Stop|orderDir=Sell|orderPrice=0|orderTrig=25310.25|orderUnfilled=0"
"OPF-20260725-170210","OPF_0.1","OPF_RESEARCH_2.17","MNQ_0.1","MNQ_1Contract_Target150_200","OPF_PROFILE_0.1","20260211-0330-BULL-OBS-001158-Z001158-OC","20260211-0335-Long-1159-S2","2026-02-11T04:25:00.0000000",1169,"PROTECTIVE_EXIT_CALLBACK_RESOLVED_V187","SL","Long","ObservationConfirm_WideStop1_5R",25310.00,3,"orderExt=3282485"
"OPF-20260725-170210","OPF_0.1","OPF_RESEARCH_2.17","MNQ_0.1","MNQ_1Contract_Target150_200","OPF_PROFILE_0.1","20260211-0330-BULL-OBS-001158-Z001158-OC","20260211-0335-Long-1159-S2","2026-02-11T04:25:00.0000000",1169,"EXIT_FILLED","SL","Long","ObservationConfirm_WideStop1_5R",25310.00,3,""
"OPF-20260725-170210","OPF_0.1","OPF_RESEARCH_2.17","MNQ_0.1","MNQ_1Contract_Target150_200","OPF_PROFILE_0.1","20260211-0330-BULL-OBS-001158-Z001158-OC","20260211-0335-Long-1159-S2","2026-02-11T04:25:00.0000000",1169,"LIVE_ACCOUNT_PNL","Normal","Long","ObservationConfirm_WideStop1_5R",25310.00,3,"gross=-72|rawGross=-72|source=HistoricalReplayNormalized|commission=3.6|net=-75.6|dailyNet=-114.1"
"OPF-20260725-170210","OPF_0.1","OPF_RESEARCH_2.17","MNQ_0.1","MNQ_1Contract_Target150_200","OPF_PROFILE_0.1","20260211-0330-BULL-OBS-001158-Z001158-OC","20260211-0335-Long-1159-S2","2026-02-11T04:25:00.0000000",1169,"PROTECTION_CLEANUP_PENDING","-","Long","ObservationConfirm_WideStop1_5R",0,0,"ExitFilled:SL"
"OPF-20260725-170210","OPF_0.1","OPF_RESEARCH_2.17","MNQ_0.1","MNQ_1Contract_Target150_200","OPF_PROFILE_0.1","20260211-0330-BULL-OBS-001158-Z001158-OC","20260211-0335-Long-1159-S2","2026-02-11T04:25:00.0000000",1169,"PROTECTION_CLEANUP_CANCEL_SENT","-","Long","ObservationConfirm_WideStop1_5R",0,1,"reason=ExitFilled:SL|attempt=1"
"OPF-20260725-170210","OPF_0.1","OPF_RESEARCH_2.17","MNQ_0.1","MNQ_1Contract_Target150_200","OPF_PROFILE_0.1","20260211-0330-BULL-OBS-001158-Z001158-OC","20260211-0335-Long-1159-S2","2026-02-11T04:25:00.0000000",1169,"CANCEL_SENT","TP","Long","ObservationConfirm_WideStop1_5R",25857.25,3,"ProtectionCleanup:ExitFilled:SL:TP"
"OPF-20260725-170210","OPF_0.1","OPF_RESEARCH_2.17","MNQ_0.1","MNQ_1Contract_Target150_200","OPF_PROFILE_0.1","20260211-0430-BEAR-OBS-001170-Z001170","","2026-02-11T04:30:00.0000000",1170,"SKIP_RISK_RR","-","Short","ZoneBirthResearch",25312.25,0,"ZoneBirthShortV170RiskBandExcluded:risk=10.25,allowed=<=8|>12<=18|EstimatedRRTooLow:rr=0.0244,min=0.25,reward=0.25,model=AggressiveExpansionV164Eligibility:NearestStructure"
"OPF-20260725-170210","OPF_0.1","OPF_RESEARCH_2.17","MNQ_0.1","MNQ_1Contract_Target150_200","OPF_PROFILE_0.1","20260211-0330-BULL-OBS-001158-Z001158-OC","20260211-0335-Long-1159-S2","2026-02-11T04:30:00.0000000",1170,"PROTECTION_CLEANUP_DONE","-","Long","ObservationConfirm_WideStop1_5R",0,0,"ExitFilled:SL"
"OPF-20260725-170210","OPF_0.1","OPF_RESEARCH_2.17","MNQ_0.1","MNQ_1Contract_Target150_200","OPF_PROFILE_0.1","20260211-0430-BEAR-OBS-001170-Z001170-OC","","2026-02-11T04:35:00.0000000",1171,"SKIP_RISK_RR","-","Short","ObservationConfirm",25296.75,0,"ObservationConfirmRiskCapExceeded:risk=25.75,max=18|RiskTooWideHard:risk=25.75,max=25|RiskTooWideVolAdjusted:risk=25.75,max=12,atr14=9.96"
"OPF-20260725-170210","OPF_0.1","OPF_RESEARCH_2.17","MNQ_0.1","MNQ_1Contract_Target150_200","OPF_PROFILE_0.1","20260211-0430-BEAR-OBS-001170-Z001170-OC","","2026-02-11T04:35:00.0000000",1171,"SKIP_RISK_RR","-","Short","ObservationConfirm_WideStop1_5R",25296.75,0,"ObservationConfirmWideStopVolumeV131RiskCapExceeded:risk=38.62,max=22,side=Short|RiskTooWideHard:risk=38.62,max=25|EstimatedRRTooLow:rr=0,min=0.8,reward=0,model=NearestStructure"
"OPF-20260725-170210","OPF_0.1","OPF_RESEARCH_2.17","MNQ_0.1","MNQ_1Contract_Target150_200","OPF_PROFILE_0.1","20260211-0435-BULL-OBS-001171-Z001129","","2026-02-11T04:35:00.0000000",1171,"SKIP_STRATEGY_QUALITY","-","Long","UnknownRegimeZoneTouch",25296.75,0,"StrategyRegimeNotTrend:score=20|SetupQualityTooLow:score=27,min=70"
"OPF-20260725-170210","OPF_0.1","OPF_RESEARCH_2.17","MNQ_0.1","MNQ_1Contract_Target150_200","OPF_PROFILE_0.1","20260211-0435-BULL-OBS-001171-Z001129-OC","","2026-02-11T04:40:00.0000000",1172,"SKIP_SAME_BAR_AMBIGUOUS","-","Long","ObservationConfirm",25302.50,0,"EntryBarStopTouched:low=25295.75,stop=25296"
"OPF-20260725-170210","OPF_0.1","OPF_RESEARCH_2.17","MNQ_0.1","MNQ_1Contract_Target150_200","OPF_PROFILE_0.1","20260211-0435-BULL-OBS-001171-Z001129-OC","","2026-02-11T04:40:00.0000000",1172,"SKIP_EXECUTION_PATH_RULE","-","Long","ObservationConfirm_WideStop1_5R",25302.50,0,"ObservationConfirmWideStopQualityTooLowV132:side=Long,score=52,min=56"
"OPF-20260725-170210","OPF_0.1","OPF_RESEARCH_2.17","MNQ_0.1","MNQ_1Contract_Target150_200","OPF_PROFILE_0.1","20260211-0440-BEAR-OBS-001172-Z001172","20260211-0440-Short-1172","2026-02-11T04:40:00.0000000",1172,"ENTRY_SEND","ENTRY","Short","ZoneBirthResearch",25302.50,3,"stop=25310|target=25291.25"
"OPF-20260725-170210","OPF_0.1","OPF_RESEARCH_2.17","MNQ_0.1","MNQ_1Contract_Target150_200","OPF_PROFILE_0.1","20260211-0440-BEAR-OBS-001172-Z001172","20260211-0440-Short-1172","2026-02-11T04:40:00.0000000",1172,"ENTRY_QUOTE_PREFLIGHT_OK_V178","ENTRY","Short","ZoneBirthResearch",25303.25,3,"bid=25302.75|ask=25303.25|barLag=0|marketSequence=17563"
"OPF-20260725-170210","OPF_0.1","OPF_RESEARCH_2.17","MNQ_0.1","MNQ_1Contract_Target150_200","OPF_PROFILE_0.1","20260211-0440-BEAR-OBS-001172-Z001172","20260211-0440-Short-1172","2026-02-11T04:40:00.0000000",1172,"MYTRADE","ENTRY","Short","ZoneBirthResearch",25302.75,1,"orderExt=3282490|orderState=Active|orderType=Market|orderDir=Sell|orderPrice=0|orderTrig=0|orderUnfilled=2"
"OPF-20260725-170210","OPF_0.1","OPF_RESEARCH_2.17","MNQ_0.1","MNQ_1Contract_Target150_200","OPF_PROFILE_0.1","20260211-0440-BEAR-OBS-001172-Z001172","20260211-0440-Short-1172","2026-02-11T04:40:00.0000000",1172,"ENTRY_PARTIAL_FILL_WAITING","ENTRY","Short","ZoneBirthResearch",25302.75,1,"filled=1|requested=3|unfilled=2"
"OPF-20260725-170210","OPF_0.1","OPF_RESEARCH_2.17","MNQ_0.1","MNQ_1Contract_Target150_200","OPF_PROFILE_0.1","20260211-0440-BEAR-OBS-001172-Z001172","20260211-0440-Short-1172","2026-02-11T04:40:00.0000000",1172,"MYTRADE","ENTRY","Short","ZoneBirthResearch",25302.50,2,"orderExt=3282490|orderState=Done|orderType=Market|orderDir=Sell|orderPrice=0|orderTrig=0|orderUnfilled=0"
"OPF-20260725-170210","OPF_0.1","OPF_RESEARCH_2.17","MNQ_0.1","MNQ_1Contract_Target150_200","OPF_PROFILE_0.1","20260211-0440-BEAR-OBS-001172-Z001172","20260211-0440-Short-1172","2026-02-11T04:40:00.0000000",1172,"PROTECTION_QUOTE_PREFLIGHT_OK_V178","-","Short","ZoneBirthResearch",25303.25,3,"bid=25302.75|ask=25303.25|barLag=0"
"OPF-20260725-170210","OPF_0.1","OPF_RESEARCH_2.17","MNQ_0.1","MNQ_1Contract_Target150_200","OPF_PROFILE_0.1","20260211-0440-BEAR-OBS-001172-Z001172","20260211-0440-Short-1172","2026-02-11T04:40:00.0000000",1172,"BASE_SL_SENT","BASE_SL","Short","ZoneBirthResearch",25310.00,2,"OPF-20260211-0440-Short-1172-BASE"
"OPF-20260725-170210","OPF_0.1","OPF_RESEARCH_2.17","MNQ_0.1","MNQ_1Contract_Target150_200","OPF_PROFILE_0.1","20260211-0440-BEAR-OBS-001172-Z001172","20260211-0440-Short-1172","2026-02-11T04:40:00.0000000",1172,"BASE_TP_SENT","BASE_TP","Short","ZoneBirthResearch",24791.50,2,"HistoricalDormantTargetV181|intended=25291.5|ext=3282492"
"OPF-20260725-170210","OPF_0.1","OPF_RESEARCH_2.17","MNQ_0.1","MNQ_1Contract_Target150_200","OPF_PROFILE_0.1","20260211-0440-BEAR-OBS-001172-Z001172","20260211-0440-Short-1172","2026-02-11T04:40:00.0000000",1172,"HISTORICAL_DORMANT_TP_SENT_V181","BASE_TP","Short","ZoneBirthResearch",24791.50,2,"intended=25291.5|ext=3282492|activateAfterObservedTargetTouch"
"OPF-20260725-170210","OPF_0.1","OPF_RESEARCH_2.17","MNQ_0.1","MNQ_1Contract_Target150_200","OPF_PROFILE_0.1","20260211-0440-BEAR-OBS-001172-Z001172","20260211-0440-Short-1172","2026-02-11T04:40:00.0000000",1172,"RUNNER_SL_SENT","RUNNER_SL","Short","ZoneBirthResearch",25310.00,1,"OPF-20260211-0440-Short-1172-RUNNER"
"OPF-20260725-170210","OPF_0.1","OPF_RESEARCH_2.17","MNQ_0.1","MNQ_1Contract_Target150_200","OPF_PROFILE_0.1","20260211-0440-BEAR-OBS-001172-Z001172","20260211-0440-Short-1172","2026-02-11T04:40:00.0000000",1172,"RUNNER_TP_SENT","RUNNER_TP","Short","ZoneBirthResearch",24773.00,1,"HistoricalDormantTargetV181|intended=25273|ext=3282494"
"OPF-20260725-170210","OPF_0.1","OPF_RESEARCH_2.17","MNQ_0.1","MNQ_1Contract_Target150_200","OPF_PROFILE_0.1","20260211-0440-BEAR-OBS-001172-Z001172","20260211-0440-Short-1172","2026-02-11T04:40:00.0000000",1172,"HISTORICAL_DORMANT_TP_SENT_V181","RUNNER_TP","Short","ZoneBirthResearch",24773.00,1,"intended=25273|ext=3282494|activateAfterObservedTargetTouch"
"OPF-20260725-170210","OPF_0.1","OPF_RESEARCH_2.17","MNQ_0.1","MNQ_1Contract_Target150_200","OPF_PROFILE_0.1","20260211-0440-BEAR-OBS-001172-Z001172","20260211-0440-Short-1172","2026-02-11T04:40:00.0000000",1172,"ZONEBIRTH_SPLIT_V173_READY","-","Short","ZoneBirthResearch",25302.583333333333333333333333,3,"baseOco=OPF-20260211-0440-Short-1172-BASE|runnerOco=OPF-20260211-0440-Short-1172-RUNNER|stop=25310|baseTarget=25291.5|runnerTarget=25273"
"OPF-20260725-170210","OPF_0.1","OPF_RESEARCH_2.17","MNQ_0.1","MNQ_1Contract_Target150_200","OPF_PROFILE_0.1","20260211-0440-BEAR-OBS-001172-Z001172","20260211-0440-Short-1172","2026-02-11T04:40:00.0000000",1172,"PROTECTIVE_EXIT_CALLBACK_PENDING_V187","BASE_SL","Short","ZoneBirthResearch",25310.00,2,"ext=3282491|src=OnOrderChanged"
"OPF-20260725-170210","OPF_0.1","OPF_RESEARCH_2.17","MNQ_0.1","MNQ_1Contract_Target150_200","OPF_PROFILE_0.1","20260211-0440-BEAR-OBS-001172-Z001172","20260211-0440-Short-1172","2026-02-11T04:40:00.0000000",1172,"MYTRADE","BASE_SL","Short","ZoneBirthResearch",25254.00,2,"orderExt=3282491|orderState=Done|orderType=Stop|orderDir=Buy|orderPrice=0|orderTrig=25310|orderUnfilled=0"
"OPF-20260725-170210","OPF_0.1","OPF_RESEARCH_2.17","MNQ_0.1","MNQ_1Contract_Target150_200","OPF_PROFILE_0.1","20260211-0440-BEAR-OBS-001172-Z001172","20260211-0440-Short-1172","2026-02-11T04:40:00.0000000",1172,"PROTECTIVE_EXIT_CALLBACK_RESOLVED_V187","BASE_SL","Short","ZoneBirthResearch",25254.00,2,"orderExt=3282491"
"OPF-20260725-170210","OPF_0.1","OPF_RESEARCH_2.17","MNQ_0.1","MNQ_1Contract_Target150_200","OPF_PROFILE_0.1","20260211-0440-BEAR-OBS-001172-Z001172","20260211-0440-Short-1172","2026-02-11T04:40:00.0000000",1172,"EXIT_FILLED","BASE_SL","Short","ZoneBirthResearch",25254.00,2,""
"OPF-20260725-170210","OPF_0.1","OPF_RESEARCH_2.17","MNQ_0.1","MNQ_1Contract_Target150_200","OPF_PROFILE_0.1","20260211-0440-BEAR-OBS-001172-Z001172","20260211-0440-Short-1172","2026-02-11T04:40:00.0000000",1172,"PROTECTIVE_EXIT_CALLBACK_PENDING_V187","RUNNER_SL","Short","ZoneBirthResearch",25310.00,1,"ext=3282493|src=OnOrderChanged"
"OPF-20260725-170210","OPF_0.1","OPF_RESEARCH_2.17","MNQ_0.1","MNQ_1Contract_Target150_200","OPF_PROFILE_0.1","20260211-0440-BEAR-OBS-001172-Z001172","20260211-0440-Short-1172","2026-02-11T04:40:00.0000000",1172,"MYTRADE","RUNNER_SL","Short","ZoneBirthResearch",25254.00,1,"orderExt=3282493|orderState=Done|orderType=Stop|orderDir=Buy|orderPrice=0|orderTrig=25310|orderUnfilled=0"
"OPF-20260725-170210","OPF_0.1","OPF_RESEARCH_2.17","MNQ_0.1","MNQ_1Contract_Target150_200","OPF_PROFILE_0.1","20260211-0440-BEAR-OBS-001172-Z001172","20260211-0440-Short-1172","2026-02-11T04:40:00.0000000",1172,"PROTECTIVE_EXIT_CALLBACK_RESOLVED_V187","RUNNER_SL","Short","ZoneBirthResearch",25254.00,1,"orderExt=3282493"
"OPF-20260725-170210","OPF_0.1","OPF_RESEARCH_2.17","MNQ_0.1","MNQ_1Contract_Target150_200","OPF_PROFILE_0.1","20260211-0440-BEAR-OBS-001172-Z001172","20260211-0440-Short-1172","2026-02-11T04:40:00.0000000",1172,"EXIT_FILLED","RUNNER_SL","Short","ZoneBirthResearch",25254.00,1,""
"OPF-20260725-170210","OPF_0.1","OPF_RESEARCH_2.17","MNQ_0.1","MNQ_1Contract_Target150_200","OPF_PROFILE_0.1","20260211-0440-BEAR-OBS-001172-Z001172","20260211-0440-Short-1172","2026-02-11T04:40:00.0000000",1172,"LIVE_ACCOUNT_PNL","Normal","Short","ZoneBirthResearch",25310.00,3,"gross=-44.5|rawGross=291.5|source=HistoricalReplayNormalized|commission=3.6|net=-48.1|dailyNet=-162.2"
"OPF-20260725-170210","OPF_0.1","OPF_RESEARCH_2.17","MNQ_0.1","MNQ_1Contract_Target150_200","OPF_PROFILE_0.1","20260211-0440-BEAR-OBS-001172-Z001172","20260211-0440-Short-1172","2026-02-11T04:40:00.0000000",1172,"PROTECTION_CLEANUP_PENDING","-","Short","ZoneBirthResearch",0,0,"ExitFilled:SPLIT_BASE_SL_RUNNER_SL"
"OPF-20260725-170210","OPF_0.1","OPF_RESEARCH_2.17","MNQ_0.1","MNQ_1Contract_Target150_200","OPF_PROFILE_0.1","20260211-0440-BEAR-OBS-001172-Z001172","20260211-0440-Short-1172","2026-02-11T04:40:00.0000000",1172,"PROTECTION_CLEANUP_CANCEL_SENT","-","Short","ZoneBirthResearch",0,1,"reason=ExitFilled:SPLIT_BASE_SL_RUNNER_SL|attempt=1"
"OPF-20260725-170210","OPF_0.1","OPF_RESEARCH_2.17","MNQ_0.1","MNQ_1Contract_Target150_200","OPF_PROFILE_0.1","20260211-0440-BEAR-OBS-001172-Z001172","20260211-0440-Short-1172","2026-02-11T04:40:00.0000000",1172,"CANCEL_SENT","RUNNER_TP","Short","ZoneBirthResearch",24773.00,1,"ProtectionCleanup:ExitFilled:SPLIT_BASE_SL_RUNNER_SL:RunnerTP"
"OPF-20260725-170210","OPF_0.1","OPF_RESEARCH_2.17","MNQ_0.1","MNQ_1Contract_Target150_200","OPF_PROFILE_0.1","20260211-0440-BEAR-OBS-001172-Z001172-FR","","2026-02-11T04:45:00.0000000",1173,"EXPANSION_WAIT1_SCHEDULED","-","Long","FailureReverse_ObservationInvalidated",25310.00,0,"AggressiveExpansionWait1ScheduledV165:EntryBarStopTouched:low=25302,stop=25304"
"OPF-20260725-170210","OPF_0.1","OPF_RESEARCH_2.17","MNQ_0.1","MNQ_1Contract_Target150_200","OPF_PROFILE_0.1","20260211-0440-BEAR-OBS-001172-Z001172-FR","","2026-02-11T04:45:00.0000000",1173,"SKIP_RISK_RR","-","Long","FailureReverse_ObservationInvalidated_WideStop1_5R",25310.00,0,"EstimatedRRTooLow:rr=0.4722,min=0.5,reward=4.25,model=AggressiveExpansionV164Eligibility:NearestStructure"
"OPF-20260725-170210","OPF_0.1","OPF_RESEARCH_2.17","MNQ_0.1","MNQ_1Contract_Target150_200","OPF_PROFILE_0.1","20260211-0440-BEAR-OBS-001172-Z001172","20260211-0440-Short-1172","2026-02-11T04:50:00.0000000",1174,"PROTECTION_CLEANUP_DONE","-","Short","ZoneBirthResearch",0,0,"ExitFilled:SPLIT_BASE_SL_RUNNER_SL"
"OPF-20260725-170210","OPF_0.1","OPF_RESEARCH_2.17","MNQ_0.1","MNQ_1Contract_Target150_200","OPF_PROFILE_0.1","20260211-0440-BEAR-OBS-001172-Z001172-FR-AEW1","","2026-02-11T04:50:00.0000000",1174,"EXPANSION_WAIT1_REJECTED","-","Long","FailureReverse_ObservationInvalidated",25309.00,0,"AggressiveExpansionWait1LongFollowThroughFailedV165:close=25309,originClose=25310"
"OPF-20260725-170210","OPF_0.1","OPF_RESEARCH_2.17","MNQ_0.1","MNQ_1Contract_Target150_200","OPF_PROFILE_0.1","20260211-0450-BULL-OBS-001174-Z001174","","2026-02-11T04:50:00.0000000",1174,"SKIP_STRATEGY_QUALITY","-","Long","ZoneBirthResearch",25309.00,0,"StrategyRegimeNotTrend:score=20|SetupQualityTooLow:score=38,min=45"
"OPF-20260725-170210","OPF_0.1","OPF_RESEARCH_2.17","MNQ_0.1","MNQ_1Contract_Target150_200","OPF_PROFILE_0.1","20260211-0455-BULL-OBS-001175-Z001174","","2026-02-11T04:55:00.0000000",1175,"SKIP_STRATEGY_QUALITY","-","Long","UnknownRegimeZoneTouch",25307.00,0,"StrategyRegimeNotTrend:score=20|SetupQualityTooLow:score=30,min=70"
"OPF-20260725-170210","OPF_0.1","OPF_RESEARCH_2.17","MNQ_0.1","MNQ_1Contract_Target150_200","OPF_PROFILE_0.1","20260211-0455-BULL-OBS-001175-Z001174-OC","","2026-02-11T05:05:00.0000000",1177,"SKIP_STRATEGY_QUALITY","-","Long","ObservationConfirm",25316.25,0,"SetupQualityTooLow:score=52,min=56"
"OPF-20260725-170210","OPF_0.1","OPF_RESEARCH_2.17","MNQ_0.1","MNQ_1Contract_Target150_200","OPF_PROFILE_0.1","20260211-0455-BULL-OBS-001175-Z001174-OC","","2026-02-11T05:05:00.0000000",1177,"SKIP_STRATEGY_QUALITY","-","Long","ObservationConfirm_WideStop1_5R",25316.25,0,"StrategyRegimeNotTrend:score=20|SetupQualityTooLow:score=52,min=70"
"OPF-20260725-170210","OPF_0.1","OPF_RESEARCH_2.17","MNQ_0.1","MNQ_1Contract_Target150_200","OPF_PROFILE_0.1","20260211-0450-BULL-OBS-001174-Z001174-OC","","2026-02-11T05:05:00.0000000",1177,"SKIP_RISK_RR","-","Long","ObservationConfirm",25316.25,0,"LongObservationWideRiskCutV137:risk=12.25,max=12|ObservationConfirmRiskCapExceeded:risk=12.25,max=12|LongObservationRiskExpansionDisabledV111:risk=12.25|RiskTooWideVolAdjusted:risk=12.25,max=12,atr14=9.84"
"OPF-20260725-170210","OPF_0.1","OPF_RESEARCH_2.17","MNQ_0.1","MNQ_1Contract_Target150_200","OPF_PROFILE_0.1","20260211-0450-BULL-OBS-001174-Z001174-OC","","2026-02-11T05:05:00.0000000",1177,"SKIP_EXECUTION_PATH_RULE","-","Long","ObservationConfirm_WideStop1_5R",25316.25,0,"DailyVolumeFloorOnlyBeforeDailyTarget:trades=7,target=7,score=60,min=48"
"OPF-20260725-170210","OPF_0.1","OPF_RESEARCH_2.17","MNQ_0.1","MNQ_1Contract_Target150_200","OPF_PROFILE_0.1","20260211-0440-BEAR-OBS-001172-Z001172-FR-RT","","2026-02-11T05:05:00.0000000",1177,"SKIP_EXECUTION_PATH_RULE","-","Long","FailureReverse_RetestFailed",25316.25,0,"ActualPathDisabledV209:side=Long|path=FailureReverse_RetestFailed"
"OPF-20260725-170210","OPF_0.1","OPF_RESEARCH_2.17","MNQ_0.1","MNQ_1Contract_Target150_200","OPF_PROFILE_0.1","20260211-0440-BEAR-OBS-001172-Z001172-FR-RT","","2026-02-11T05:05:00.0000000",1177,"SKIP_EXECUTION_PATH_RULE","-","Long","FailureReverse_RetestFailed_WideStop1_5R",25316.25,0,"AggressiveExpansionV164SideDisabled:path=FailureReverse_RetestFailed_WideStop1_5R,side=Long"
"OPF-20260725-170210","OPF_0.1","OPF_RESEARCH_2.17","MNQ_0.1","MNQ_1Contract_Target150_200","OPF_PROFILE_0.1","20260211-0510-BEAR-OBS-001178-Z001170","","2026-02-11T05:10:00.0000000",1178,"SKIP_STRATEGY_QUALITY","-","Short","UnknownRegimeZoneTouch",25314.25,0,"SetupQualityTooLow:score=37,min=45"
"OPF-20260725-170210","OPF_0.1","OPF_RESEARCH_2.17","MNQ_0.1","MNQ_1Contract_Target150_200","OPF_PROFILE_0.1","20260211-0510-BULL-OBS-001178-Z001178","","2026-02-11T05:10:00.0000000",1178,"SKIP_STRATEGY_QUALITY","-","Long","ZoneBirthResearch",25314.25,0,"StrategyRegimeNotTrend:score=20|SetupQualityTooLow:score=38,min=45"
"OPF-20260725-170210","OPF_0.1","OPF_RESEARCH_2.17","MNQ_0.1","MNQ_1Contract_Target150_200","OPF_PROFILE_0.1","20260211-0510-BULL-OBS-001178-Z001178-OC","20260211-0515-Long-1179","2026-02-11T05:15:00.0000000",1179,"ENTRY_SEND","ENTRY","Long","ObservationConfirm",25316.25,3,"stop=25309|target=25327.125"
"OPF-20260725-170210","OPF_0.1","OPF_RESEARCH_2.17","MNQ_0.1","MNQ_1Contract_Target150_200","OPF_PROFILE_0.1","20260211-0510-BULL-OBS-001178-Z001178-OC","20260211-0515-Long-1179","2026-02-11T05:15:00.0000000",1179,"ENTRY_QUOTE_PREFLIGHT_OK_V178","ENTRY","Long","ObservationConfirm",25316.50,3,"bid=25316.25|ask=25317|barLag=0|marketSequence=18730"
"OPF-20260725-170210","OPF_0.1","OPF_RESEARCH_2.17","MNQ_0.1","MNQ_1Contract_Target150_200","OPF_PROFILE_0.1","20260211-0510-BULL-OBS-001178-Z001178-OC","","2026-02-11T05:15:00.0000000",1179,"SKIP_EXECUTION_PATH_RULE","-","Long","ObservationConfirm_WideStop1_5R",25316.25,0,"DailyVolumeFloorOnlyBeforeDailyTarget:trades=8,target=7,score=56,min=48"
"OPF-20260725-170210","OPF_0.1","OPF_RESEARCH_2.17","MNQ_0.1","MNQ_1Contract_Target150_200","OPF_PROFILE_0.1","20260211-0510-BULL-OBS-001178-Z001178-OC-STR","","2026-02-11T05:15:00.0000000",1179,"SKIP_EXECUTION_PATH_RULE","-","Long","ObservationStrict_BullFresh_WideStop1_5R",25316.25,0,"ActualPathDisabledV209:side=Long|path=ObservationStrict_BullFresh_WideStop1_5R"
"OPF-20260725-170210","OPF_0.1","OPF_RESEARCH_2.17","MNQ_0.1","MNQ_1Contract_Target150_200","OPF_PROFILE_0.1","20260211-0510-BEAR-OBS-001178-Z001170-OC","","2026-02-11T05:15:00.0000000",1179,"SKIP_STRATEGY_QUALITY","-","Short","ObservationConfirm",25316.25,0,"SetupQualityTooLow:score=48,min=56"
"OPF-20260725-170210","OPF_0.1","OPF_RESEARCH_2.17","MNQ_0.1","MNQ_1Contract_Target150_200","OPF_PROFILE_0.1","20260211-0510-BEAR-OBS-001178-Z001170-OC","","2026-02-11T05:15:00.0000000",1179,"SKIP_STRATEGY_QUALITY","-","Short","ObservationConfirm_WideStop1_5R",25316.25,0,"StrategyRegimeNotTrend:score=10|SetupQualityTooLow:score=48,min=70"
"OPF-20260725-170210","OPF_0.1","OPF_RESEARCH_2.17","MNQ_0.1","MNQ_1Contract_Target150_200","OPF_PROFILE_0.1","20260211-0510-BULL-OBS-001178-Z001178-OC","20260211-0515-Long-1179","2026-02-11T05:15:00.0000000",1179,"MYTRADE","ENTRY","Long","ObservationConfirm",25254.00,3,"orderExt=3282496|orderState=Done|orderType=Market|orderDir=Buy|orderPrice=0|orderTrig=0|orderUnfilled=0"
"OPF-20260725-170210","OPF_0.1","OPF_RESEARCH_2.17","MNQ_0.1","MNQ_1Contract_Target150_200","OPF_PROFILE_0.1","20260211-0510-BULL-OBS-001178-Z001178-OC","20260211-0515-Long-1179","2026-02-11T05:15:00.0000000",1179,"HISTORICAL_FAVORABLE_ENTRY_NORMALIZED_V180","ENTRY","Long","ObservationConfirm",25254.00,3,"HistoricalFavorableEntryNormalizedV180:raw=25254|planned=25316.25|improvement=62.25|max=4"
"OPF-20260725-170210","OPF_0.1","OPF_RESEARCH_2.17","MNQ_0.1","MNQ_1Contract_Target150_200","OPF_PROFILE_0.1","20260211-0510-BULL-OBS-001178-Z001178-OC","20260211-0515-Long-1179","2026-02-11T05:15:00.0000000",1179,"PROTECTION_QUOTE_PREFLIGHT_OK_V178","-","Long","ObservationConfirm",25316.50,3,"bid=25316.25|ask=25317|barLag=0"
"OPF-20260725-170210","OPF_0.1","OPF_RESEARCH_2.17","MNQ_0.1","MNQ_1Contract_Target150_200","OPF_PROFILE_0.1","20260211-0510-BULL-OBS-001178-Z001178-OC","20260211-0515-Long-1179","2026-02-11T05:15:00.0000000",1179,"SL_SENT","SL","Long","ObservationConfirm",25309.00,3,"OPF-20260211-0515-Long-1179"
"OPF-20260725-170210","OPF_0.1","OPF_RESEARCH_2.17","MNQ_0.1","MNQ_1Contract_Target150_200","OPF_PROFILE_0.1","20260211-0510-BULL-OBS-001178-Z001178-OC","20260211-0515-Long-1179","2026-02-11T05:15:00.0000000",1179,"TP_SENT","TP","Long","ObservationConfirm",25827.25,3,"HistoricalDormantTargetV181|intended=25327.25|ext=3282498"
"OPF-20260725-170210","OPF_0.1","OPF_RESEARCH_2.17","MNQ_0.1","MNQ_1Contract_Target150_200","OPF_PROFILE_0.1","20260211-0510-BULL-OBS-001178-Z001178-OC","20260211-0515-Long-1179","2026-02-11T05:15:00.0000000",1179,"HISTORICAL_DORMANT_TP_SENT_V181","TP","Long","ObservationConfirm",25827.25,3,"intended=25327.25|ext=3282498|activateAfterObservedTargetTouch"
"OPF-20260725-170210","OPF_0.1","OPF_RESEARCH_2.17","MNQ_0.1","MNQ_1Contract_Target150_200","OPF_PROFILE_0.1","20260211-0520-BULL-OBS-001180-Z001178","","2026-02-11T05:20:00.0000000",1180,"SKIP_STRATEGY_QUALITY","-","Long","UnknownRegimeZoneTouch",25314.75,0,"StrategyRegimeNotTrend:score=20|SetupQualityTooLow:score=34,min=70"
"OPF-20260725-170210","OPF_0.1","OPF_RESEARCH_2.17","MNQ_0.1","MNQ_1Contract_Target150_200","OPF_PROFILE_0.1","20260211-0510-BULL-OBS-001178-Z001178-OC","20260211-0515-Long-1179","2026-02-11T05:20:00.0000000",1180,"MYTRADE","SL","Long","ObservationConfirm",25309.00,2,"orderExt=3282497|orderState=Active|orderType=Stop|orderDir=Sell|orderPrice=0|orderTrig=25309|orderUnfilled=1"
"OPF-20260725-170210","OPF_0.1","OPF_RESEARCH_2.17","MNQ_0.1","MNQ_1Contract_Target150_200","OPF_PROFILE_0.1","20260211-0510-BULL-OBS-001178-Z001178-OC","20260211-0515-Long-1179","2026-02-11T05:20:00.0000000",1180,"EXIT_FILLED","SL","Long","ObservationConfirm",25309.00,2,""
"OPF-20260725-170210","OPF_0.1","OPF_RESEARCH_2.17","MNQ_0.1","MNQ_1Contract_Target150_200","OPF_PROFILE_0.1","20260211-0510-BULL-OBS-001178-Z001178-OC","20260211-0515-Long-1179","2026-02-11T05:20:00.0000000",1180,"PROTECTIVE_EXIT_CALLBACK_PENDING_V187","SL","Long","ObservationConfirm",25309.00,3,"ext=3282497|src=OnOrderChanged"
"OPF-20260725-170210","OPF_0.1","OPF_RESEARCH_2.17","MNQ_0.1","MNQ_1Contract_Target150_200","OPF_PROFILE_0.1","20260211-0510-BULL-OBS-001178-Z001178-OC","20260211-0515-Long-1179","2026-02-11T05:20:00.0000000",1180,"MYTRADE","SL","Long","ObservationConfirm",25308.75,1,"orderExt=3282497|orderState=Done|orderType=Stop|orderDir=Sell|orderPrice=0|orderTrig=25309|orderUnfilled=0"
"OPF-20260725-170210","OPF_0.1","OPF_RESEARCH_2.17","MNQ_0.1","MNQ_1Contract_Target150_200","OPF_PROFILE_0.1","20260211-0510-BULL-OBS-001178-Z001178-OC","20260211-0515-Long-1179","2026-02-11T05:20:00.0000000",1180,"PROTECTIVE_EXIT_CALLBACK_RESOLVED_V187","SL","Long","ObservationConfirm",25308.75,1,"orderExt=3282497"
"OPF-20260725-170210","OPF_0.1","OPF_RESEARCH_2.17","MNQ_0.1","MNQ_1Contract_Target150_200","OPF_PROFILE_0.1","20260211-0510-BULL-OBS-001178-Z001178-OC","20260211-0515-Long-1179","2026-02-11T05:20:00.0000000",1180,"EXIT_FILLED","SL","Long","ObservationConfirm",25308.75,1,""
"OPF-20260725-170210","OPF_0.1","OPF_RESEARCH_2.17","MNQ_0.1","MNQ_1Contract_Target150_200","OPF_PROFILE_0.1","20260211-0510-BULL-OBS-001178-Z001178-OC","20260211-0515-Long-1179","2026-02-11T05:20:00.0000000",1180,"LIVE_ACCOUNT_PNL","Normal","Long","ObservationConfirm",25308.916666666666666666666667,3,"gross=-44|rawGross=-44|source=HistoricalReplayNormalized|commission=3.6|net=-47.6|dailyNet=-209.8"
"OPF-20260725-170210","OPF_0.1","OPF_RESEARCH_2.17","MNQ_0.1","MNQ_1Contract_Target150_200","OPF_PROFILE_0.1","20260211-0510-BULL-OBS-001178-Z001178-OC","20260211-0515-Long-1179","2026-02-11T05:20:00.0000000",1180,"PROTECTION_CLEANUP_PENDING","-","Long","ObservationConfirm",0,0,"ExitFilled:SL"
"OPF-20260725-170210","OPF_0.1","OPF_RESEARCH_2.17","MNQ_0.1","MNQ_1Contract_Target150_200","OPF_PROFILE_0.1","20260211-0510-BULL-OBS-001178-Z001178-OC","20260211-0515-Long-1179","2026-02-11T05:20:00.0000000",1180,"PROTECTION_CLEANUP_CANCEL_SENT","-","Long","ObservationConfirm",0,1,"reason=ExitFilled:SL|attempt=1"
"OPF-20260725-170210","OPF_0.1","OPF_RESEARCH_2.17","MNQ_0.1","MNQ_1Contract_Target150_200","OPF_PROFILE_0.1","20260211-0510-BULL-OBS-001178-Z001178-OC","20260211-0515-Long-1179","2026-02-11T05:20:00.0000000",1180,"CANCEL_SENT","TP","Long","ObservationConfirm",25827.25,3,"ProtectionCleanup:ExitFilled:SL:TP"
"OPF-20260725-170210","OPF_0.1","OPF_RESEARCH_2.17","MNQ_0.1","MNQ_1Contract_Target150_200","OPF_PROFILE_0.1","20260211-0520-BULL-OBS-001180-Z001178-FR","","2026-02-11T05:25:00.0000000",1181,"SKIP_EXECUTION_PATH_RULE","-","Short","FailureReverse_ObservationInvalidated",25305.00,0,"ActualPathDisabledV209:side=Short|path=FailureReverse_ObservationInvalidated"
"OPF-20260725-170210","OPF_0.1","OPF_RESEARCH_2.17","MNQ_0.1","MNQ_1Contract_Target150_200","OPF_PROFILE_0.1","20260211-0520-BULL-OBS-001180-Z001178-FR","","2026-02-11T05:25:00.0000000",1181,"SKIP_RISK_RR","-","Short","FailureReverse_ObservationInvalidated_WideStop1_5R",25305.00,0,"EstimatedRRTooLow:rr=0.023,min=0.25,reward=0.25,model=AggressiveExpansionV164Eligibility:NearestStructure"
"OPF-20260725-170210","OPF_0.1","OPF_RESEARCH_2.17","MNQ_0.1","MNQ_1Contract_Target150_200","OPF_PROFILE_0.1","20260211-0510-BULL-OBS-001178-Z001178-OC","20260211-0515-Long-1179","2026-02-11T05:25:00.0000000",1181,"PROTECTION_CLEANUP_DONE","-","Long","ObservationConfirm",0,0,"ExitFilled:SL"
"OPF-20260725-170210","OPF_0.1","OPF_RESEARCH_2.17","MNQ_0.1","MNQ_1Contract_Target150_200","OPF_PROFILE_0.1","20260211-0530-BEAR-OBS-001182-Z001182","","2026-02-11T05:30:00.0000000",1182,"SKIP_RISK_RR","-","Short","ZoneBirthResearch",25297.75,0,"StrictEntryRiskBandExcludedV208:risk=13.75,excluded=(13.25,16]|EstimatedRRTooLow:rr=0.1455,min=0.25,reward=2,model=AggressiveExpansionV164Eligibility:NearestStructure"
"OPF-20260725-170210","OPF_0.1","OPF_RESEARCH_2.17","MNQ_0.1","MNQ_1Contract_Target150_200","OPF_PROFILE_0.1","20260211-0530-BEAR-OBS-001182-Z001182-OC","","2026-02-11T05:35:00.0000000",1183,"SKIP_STRATEGY_QUALITY","-","Short","ObservationConfirm",25300.25,0,"SetupQualityTooLow:score=53,min=56"
"OPF-20260725-170210","OPF_0.1","OPF_RESEARCH_2.17","MNQ_0.1","MNQ_1Contract_Target150_200","OPF_PROFILE_0.1","20260211-0530-BEAR-OBS-001182-Z001182-OC","","2026-02-11T05:35:00.0000000",1183,"SKIP_STRATEGY_QUALITY","-","Short","ObservationConfirm_WideStop1_5R",25300.25,0,"StrategyRegimeNotTrend:score=10|SetupQualityTooLow:score=53,min=70"
"OPF-20260725-170210","OPF_0.1","OPF_RESEARCH_2.17","MNQ_0.1","MNQ_1Contract_Target150_200","OPF_PROFILE_0.1","20260211-0530-BEAR-OBS-001182-Z001182-OC-STR","","2026-02-11T05:35:00.0000000",1183,"SKIP_EXECUTION_PATH_RULE","-","Short","ObservationStrict_Other",25300.25,0,"AggressiveExpansionV164SideDisabled:path=ObservationStrict_Other,side=Short"
"OPF-20260725-170210","OPF_0.1","OPF_RESEARCH_2.17","MNQ_0.1","MNQ_1Contract_Target150_200","OPF_PROFILE_0.1","20260211-0530-BEAR-OBS-001182-Z001182-OC-STR","","2026-02-11T05:35:00.0000000",1183,"SKIP_STRATEGY_QUALITY","-","Short","ObservationStrict_Other_WideStop1_5R",25300.25,0,"StrategyRegimeNotTrend:score=10|SetupQualityTooLow:score=53,min=70"
"OPF-20260725-170210","OPF_0.1","OPF_RESEARCH_2.17","MNQ_0.1","MNQ_1Contract_Target150_200","OPF_PROFILE_0.1","20260211-0545-BEAR-OBS-001185-Z001185","","2026-02-11T05:45:00.0000000",1185,"SKIP_RISK_RR","-","Short","ZoneBirthResearch",25285.00,0,"EstimatedRRTooLow:rr=0.0938,min=0.25,reward=0.75,model=AggressiveExpansionV164Eligibility:NearestStructure"
"OPF-20260725-170210","OPF_0.1","OPF_RESEARCH_2.17","MNQ_0.1","MNQ_1Contract_Target150_200","OPF_PROFILE_0.1","20260211-0545-BEAR-OBS-001185-Z001185-OC","20260211-0555-Short-1187","2026-02-11T05:55:00.0000000",1187,"ENTRY_SEND","ENTRY","Short","ObservationConfirm",25286.75,3,"stop=25293|target=25277.375"
"OPF-20260725-170210","OPF_0.1","OPF_RESEARCH_2.17","MNQ_0.1","MNQ_1Contract_Target150_200","OPF_PROFILE_0.1","20260211-0545-BEAR-OBS-001185-Z001185-OC","20260211-0555-Short-1187","2026-02-11T05:55:00.0000000",1187,"ENTRY_QUOTE_PREFLIGHT_OK_V178","ENTRY","Short","ObservationConfirm",25287.25,3,"bid=25287|ask=25287.5|barLag=0|marketSequence=20083"
"OPF-20260725-170210","OPF_0.1","OPF_RESEARCH_2.17","MNQ_0.1","MNQ_1Contract_Target150_200","OPF_PROFILE_0.1","20260211-0545-BEAR-OBS-001185-Z001185-OC","","2026-02-11T05:55:00.0000000",1187,"SKIP_EXECUTION_PATH_RULE","-","Short","ObservationConfirm_WideStop1_5R",25286.75,0,"DailyVolumeFloorOnlyBeforeDailyTarget:trades=9,target=7,score=56,min=48"
"OPF-20260725-170210","OPF_0.1","OPF_RESEARCH_2.17","MNQ_0.1","MNQ_1Contract_Target150_200","OPF_PROFILE_0.1","20260211-0555-BEAR-OBS-001187-Z001185","","2026-02-11T05:55:00.0000000",1187,"SKIP_STRATEGY_QUALITY","-","Short","UnknownRegimeZoneTouch",25286.75,0,"SetupQualityTooLow:score=25,min=45"
"OPF-20260725-170210","OPF_0.1","OPF_RESEARCH_2.17","MNQ_0.1","MNQ_1Contract_Target150_200","OPF_PROFILE_0.1","20260211-0545-BEAR-OBS-001185-Z001185-OC","20260211-0555-Short-1187","2026-02-11T05:55:00.0000000",1187,"MYTRADE","ENTRY","Short","ObservationConfirm",25287.00,1,"orderExt=3282500|orderState=Active|orderType=Market|orderDir=Sell|orderPrice=0|orderTrig=0|orderUnfilled=2"
"OPF-20260725-170210","OPF_0.1","OPF_RESEARCH_2.17","MNQ_0.1","MNQ_1Contract_Target150_200","OPF_PROFILE_0.1","20260211-0545-BEAR-OBS-001185-Z001185-OC","20260211-0555-Short-1187","2026-02-11T05:55:00.0000000",1187,"ENTRY_PARTIAL_FILL_WAITING","ENTRY","Short","ObservationConfirm",25287.00,1,"filled=1|requested=3|unfilled=2"
"OPF-20260725-170210","OPF_0.1","OPF_RESEARCH_2.17","MNQ_0.1","MNQ_1Contract_Target150_200","OPF_PROFILE_0.1","20260211-0545-BEAR-OBS-001185-Z001185-OC","20260211-0555-Short-1187","2026-02-11T05:55:00.0000000",1187,"MYTRADE","ENTRY","Short","ObservationConfirm",25286.75,2,"orderExt=3282500|orderState=Done|orderType=Market|orderDir=Sell|orderPrice=0|orderTrig=0|orderUnfilled=0"
"OPF-20260725-170210","OPF_0.1","OPF_RESEARCH_2.17","MNQ_0.1","MNQ_1Contract_Target150_200","OPF_PROFILE_0.1","20260211-0545-BEAR-OBS-001185-Z001185-OC","20260211-0555-Short-1187","2026-02-11T05:55:00.0000000",1187,"PROTECTION_QUOTE_PREFLIGHT_OK_V178","-","Short","ObservationConfirm",25287.25,3,"bid=25287|ask=25287.5|barLag=0"
"OPF-20260725-170210","OPF_0.1","OPF_RESEARCH_2.17","MNQ_0.1","MNQ_1Contract_Target150_200","OPF_PROFILE_0.1","20260211-0545-BEAR-OBS-001185-Z001185-OC","20260211-0555-Short-1187","2026-02-11T05:55:00.0000000",1187,"SL_SENT","SL","Short","ObservationConfirm",25293.00,3,"OPF-20260211-0555-Short-1187"
"OPF-20260725-170210","OPF_0.1","OPF_RESEARCH_2.17","MNQ_0.1","MNQ_1Contract_Target150_200","OPF_PROFILE_0.1","20260211-0545-BEAR-OBS-001185-Z001185-OC","20260211-0555-Short-1187","2026-02-11T05:55:00.0000000",1187,"TP_SENT","TP","Short","ObservationConfirm",24777.50,3,"HistoricalDormantTargetV181|intended=25277.5|ext=3282502"
"OPF-20260725-170210","OPF_0.1","OPF_RESEARCH_2.17","MNQ_0.1","MNQ_1Contract_Target150_200","OPF_PROFILE_0.1","20260211-0545-BEAR-OBS-001185-Z001185-OC","20260211-0555-Short-1187","2026-02-11T05:55:00.0000000",1187,"HISTORICAL_DORMANT_TP_SENT_V181","TP","Short","ObservationConfirm",24777.50,3,"intended=25277.5|ext=3282502|activateAfterObservedTargetTouch"
"OPF-20260725-170210","OPF_0.1","OPF_RESEARCH_2.17","MNQ_0.1","MNQ_1Contract_Target150_200","OPF_PROFILE_0.1","20260211-0545-BEAR-OBS-001185-Z001185-OC","20260211-0555-Short-1187","2026-02-11T05:55:00.0000000",1187,"PROTECTIVE_EXIT_CALLBACK_PENDING_V187","SL","Short","ObservationConfirm",25293.00,3,"ext=3282501|src=OnOrderChanged"
"OPF-20260725-170210","OPF_0.1","OPF_RESEARCH_2.17","MNQ_0.1","MNQ_1Contract_Target150_200","OPF_PROFILE_0.1","20260211-0545-BEAR-OBS-001185-Z001185-OC","20260211-0555-Short-1187","2026-02-11T05:55:00.0000000",1187,"MYTRADE","SL","Short","ObservationConfirm",25254.00,3,"orderExt=3282501|orderState=Done|orderType=Stop|orderDir=Buy|orderPrice=0|orderTrig=25293|orderUnfilled=0"
"OPF-20260725-170210","OPF_0.1","OPF_RESEARCH_2.17","MNQ_0.1","MNQ_1Contract_Target150_200","OPF_PROFILE_0.1","20260211-0545-BEAR-OBS-001185-Z001185-OC","20260211-0555-Short-1187","2026-02-11T05:55:00.0000000",1187,"PROTECTIVE_EXIT_CALLBACK_RESOLVED_V187","SL","Short","ObservationConfirm",25254.00,3,"orderExt=3282501"
"OPF-20260725-170210","OPF_0.1","OPF_RESEARCH_2.17","MNQ_0.1","MNQ_1Contract_Target150_200","OPF_PROFILE_0.1","20260211-0545-BEAR-OBS-001185-Z001185-OC","20260211-0555-Short-1187","2026-02-11T05:55:00.0000000",1187,"EXIT_FILLED","SL","Short","ObservationConfirm",25254.00,3,""
"OPF-20260725-170210","OPF_0.1","OPF_RESEARCH_2.17","MNQ_0.1","MNQ_1Contract_Target150_200","OPF_PROFILE_0.1","20260211-0545-BEAR-OBS-001185-Z001185-OC","20260211-0555-Short-1187","2026-02-11T05:55:00.0000000",1187,"LIVE_ACCOUNT_PNL","Normal","Short","ObservationConfirm",25254.00,3,"gross=-37|rawGross=197|source=HistoricalReplayNormalized|commission=3.6|net=-40.6|dailyNet=-250.4"
"OPF-20260725-170210","OPF_0.1","OPF_RESEARCH_2.17","MNQ_0.1","MNQ_1Contract_Target150_200","OPF_PROFILE_0.1","20260211-0545-BEAR-OBS-001185-Z001185-OC","20260211-0555-Short-1187","2026-02-11T05:55:00.0000000",1187,"PROTECTION_CLEANUP_PENDING","-","Short","ObservationConfirm",0,0,"ExitFilled:SL"
"OPF-20260725-170210","OPF_0.1","OPF_RESEARCH_2.17","MNQ_0.1","MNQ_1Contract_Target150_200","OPF_PROFILE_0.1","20260211-0545-BEAR-OBS-001185-Z001185-OC","20260211-0555-Short-1187","2026-02-11T05:55:00.0000000",1187,"PROTECTION_CLEANUP_CANCEL_SENT","-","Short","ObservationConfirm",0,1,"reason=ExitFilled:SL|attempt=1"
"OPF-20260725-170210","OPF_0.1","OPF_RESEARCH_2.17","MNQ_0.1","MNQ_1Contract_Target150_200","OPF_PROFILE_0.1","20260211-0545-BEAR-OBS-001185-Z001185-OC","20260211-0555-Short-1187","2026-02-11T05:55:00.0000000",1187,"CANCEL_SENT","TP","Short","ObservationConfirm",24777.50,3,"ProtectionCleanup:ExitFilled:SL:TP"
"OPF-20260725-170210","OPF_0.1","OPF_RESEARCH_2.17","MNQ_0.1","MNQ_1Contract_Target150_200","OPF_PROFILE_0.1","20260211-0555-BEAR-OBS-001187-Z001185-FR","","2026-02-11T06:00:00.0000000",1188,"SKIP_STRATEGY_QUALITY","-","Long","FailureReverse_ObservationInvalidated",25309.00,0,"SetupQualityTooLow:score=34,min=35"
"OPF-20260725-170210","OPF_0.1","OPF_RESEARCH_2.17","MNQ_0.1","MNQ_1Contract_Target150_200","OPF_PROFILE_0.1","20260211-0555-BEAR-OBS-001187-Z001185-FR","","2026-02-11T06:00:00.0000000",1188,"SKIP_STRATEGY_QUALITY","-","Long","FailureReverse_ObservationInvalidated_WideStop1_5R",25309.00,0,"SetupQualityTooLow:score=34,min=45"
"OPF-20260725-170210","OPF_0.1","OPF_RESEARCH_2.17","MNQ_0.1","MNQ_1Contract_Target150_200","OPF_PROFILE_0.1","20260211-0600-BEAR-OBS-001188-Z001182","","2026-02-11T06:00:00.0000000",1188,"SKIP_STRATEGY_QUALITY","-","Short","UnknownRegimeZoneTouch",25309.00,0,"SetupQualityTooLow:score=27,min=45"
"OPF-20260725-170210","OPF_0.1","OPF_RESEARCH_2.17","MNQ_0.1","MNQ_1Contract_Target150_200","OPF_PROFILE_0.1","20260211-0545-BEAR-OBS-001185-Z001185-OC","20260211-0555-Short-1187","2026-02-11T06:05:00.0000000",1189,"PROTECTION_CLEANUP_DONE","-","Short","ObservationConfirm",0,0,"ExitFilled:SL"
"OPF-20260725-170210","OPF_0.1","OPF_RESEARCH_2.17","MNQ_0.1","MNQ_1Contract_Target150_200","OPF_PROFILE_0.1","20260211-0600-BEAR-OBS-001188-Z001182-OC","","2026-02-11T06:10:00.0000000",1190,"SKIP_STRATEGY_QUALITY","-","Short","ObservationConfirm",25291.25,0,"SetupQualityTooLow:score=52,min=56"
"OPF-20260725-170210","OPF_0.1","OPF_RESEARCH_2.17","MNQ_0.1","MNQ_1Contract_Target150_200","OPF_PROFILE_0.1","20260211-0600-BEAR-OBS-001188-Z001182-OC","","2026-02-11T06:10:00.0000000",1190,"SKIP_STRATEGY_QUALITY","-","Short","ObservationConfirm_WideStop1_5R",25291.25,0,"StrategyRegimeNotTrend:score=20|SetupQualityTooLow:score=52,min=70"
"OPF-20260725-170210","OPF_0.1","OPF_RESEARCH_2.17","MNQ_0.1","MNQ_1Contract_Target150_200","OPF_PROFILE_0.1","20260211-0715-BEAR-OBS-001203-Z001203","","2026-02-11T07:15:00.0000000",1203,"SKIP_RISK_RR","-","Short","ZoneBirthResearch",25266.75,0,"EstimatedRRTooLow:rr=0.1154,min=0.25,reward=0.75,model=AggressiveExpansionV164Eligibility:NearestStructure"
"OPF-20260725-170210","OPF_0.1","OPF_RESEARCH_2.17","MNQ_0.1","MNQ_1Contract_Target150_200","OPF_PROFILE_0.1","20260211-0715-BEAR-OBS-001203-Z001203-FR","","2026-02-11T07:20:00.0000000",1204,"SKIP_RISK_RR","-","Long","FailureReverse_ObservationInvalidated",25285.00,0,"EstimatedRRTooLow:rr=0.029,min=0.25,reward=0.5,model=AggressiveExpansionV164Eligibility:NearestStructure"
"OPF-20260725-170210","OPF_0.1","OPF_RESEARCH_2.17","MNQ_0.1","MNQ_1Contract_Target150_200","OPF_PROFILE_0.1","20260211-0715-BEAR-OBS-001203-Z001203-FR","","2026-02-11T07:20:00.0000000",1204,"SKIP_RISK_RR","-","Long","FailureReverse_ObservationInvalidated_WideStop1_5R",25285.00,0,"AggressiveExpansionV164RiskCapExceeded:risk=25.88,max=25|RiskTooWideHard:risk=25.88,max=25|EstimatedRRTooLow:rr=0.0193,min=0.5,reward=0.5,model=AggressiveExpansionV164Eligibility:NearestStructure"
"OPF-20260725-170210","OPF_0.1","OPF_RESEARCH_2.17","MNQ_0.1","MNQ_1Contract_Target150_200","OPF_PROFILE_0.1","20260211-0735-BEAR-OBS-001207-Z001207","","2026-02-11T07:35:00.0000000",1207,"SKIP_RISK_RR","-","Short","ZoneBirthResearch",25264.25,0,"ZoneBirthShortV170RiskBandExcluded:risk=18.25,allowed=<=8|>12<=18"
"OPF-20260725-170210","OPF_0.1","OPF_RESEARCH_2.17","MNQ_0.1","MNQ_1Contract_Target150_200","OPF_PROFILE_0.1","20260211-0735-BEAR-OBS-001207-Z001207-OC","","2026-02-11T07:40:00.0000000",1208,"SKIP_STRATEGY_QUALITY","-","Short","ObservationConfirm",25272.75,0,"SetupQualityTooLow:score=50,min=56"
"OPF-20260725-170210","OPF_0.1","OPF_RESEARCH_2.17","MNQ_0.1","MNQ_1Contract_Target150_200","OPF_PROFILE_0.1","20260211-0735-BEAR-OBS-001207-Z001207-OC","","2026-02-11T07:40:00.0000000",1208,"SKIP_STRATEGY_QUALITY","-","Short","ObservationConfirm_WideStop1_5R",25272.75,0,"StrategyRegimeNotTrend:score=20|SetupQualityTooLow:score=50,min=70"
"OPF-20260725-170210","OPF_0.1","OPF_RESEARCH_2.17","MNQ_0.1","MNQ_1Contract_Target150_200","OPF_PROFILE_0.1","20260211-0740-BEAR-OBS-001208-Z001207","","2026-02-11T07:40:00.0000000",1208,"SKIP_STRATEGY_QUALITY","-","Short","UnknownRegimeZoneTouch",25272.75,0,"SetupQualityTooLow:score=31,min=45"
"OPF-20260725-170210","OPF_0.1","OPF_RESEARCH_2.17","MNQ_0.1","MNQ_1Contract_Target150_200","OPF_PROFILE_0.1","20260211-0715-BEAR-OBS-001203-Z001203-FR-RT","","2026-02-11T07:45:00.0000000",1209,"SKIP_EXECUTION_PATH_RULE","-","Long","FailureReverse_RetestFailed",25275.00,0,"ActualPathDisabledV209:side=Long|path=FailureReverse_RetestFailed"
"OPF-20260725-170210","OPF_0.1","OPF_RESEARCH_2.17","MNQ_0.1","MNQ_1Contract_Target150_200","OPF_PROFILE_0.1","20260211-0715-BEAR-OBS-001203-Z001203-FR-RT","","2026-02-11T07:45:00.0000000",1209,"SKIP_EXECUTION_PATH_RULE","-","Long","FailureReverse_RetestFailed_WideStop1_5R",25275.00,0,"AggressiveExpansionV164SideDisabled:path=FailureReverse_RetestFailed_WideStop1_5R,side=Long"
"OPF-20260725-170210","OPF_0.1","OPF_RESEARCH_2.17","MNQ_0.1","MNQ_1Contract_Target150_200","OPF_PROFILE_0.1","20260211-0740-BEAR-OBS-001208-Z001207-OC","","2026-02-11T07:50:00.0000000",1210,"SKIP_RISK_RR","-","Short","ObservationConfirm",25273.00,0,"ShortObservationMidRiskQualityCutV112:score=56,min=60,risk=9.5"
"OPF-20260725-170210","OPF_0.1","OPF_RESEARCH_2.17","MNQ_0.1","MNQ_1Contract_Target150_200","OPF_PROFILE_0.1","20260211-0740-BEAR-OBS-001208-Z001207-OC","","2026-02-11T07:50:00.0000000",1210,"SKIP_EXECUTION_PATH_RULE","-","Short","ObservationConfirm_WideStop1_5R",25273.00,0,"DailyVolumeFloorOnlyBeforeDailyTarget:trades=9,target=7,score=56,min=48"
"OPF-20260725-170210","OPF_0.1","OPF_RESEARCH_2.17","MNQ_0.1","MNQ_1Contract_Target150_200","OPF_PROFILE_0.1","20260211-0810-BEAR-OBS-001214-Z001214","","2026-02-11T08:10:00.0000000",1214,"SKIP_RISK_RR","-","Short","ZoneBirthResearch",25227.00,0,"ZoneBirthShortV170RiskBandExcluded:risk=35.5,allowed=<=8|>12<=18|AggressiveExpansionV164RiskCapExceeded:risk=35.5,max=25|RiskTooWideHard:risk=35.5,max=25|EstimatedRRTooLow:rr=0,min=0.25,reward=0,model=AggressiveExpansionV164Eligibility:NearestStructure"
"OPF-20260725-170210","OPF_0.1","OPF_RESEARCH_2.17","MNQ_0.1","MNQ_1Contract_Target150_200","OPF_PROFILE_0.1","20260211-0810-BEAR-OBS-001214-Z001214-OC","","2026-02-11T08:15:00.0000000",1215,"SKIP_RISK_RR","-","Short","ObservationConfirm",25211.50,0,"ObservationConfirmRiskCapExceeded:risk=51,max=18|RiskTooWideHard:risk=51,max=25|RiskTooWideVolAdjusted:risk=51,max=12,atr14=16.95"
"OPF-20260725-170210","OPF_0.1","OPF_RESEARCH_2.17","MNQ_0.1","MNQ_1Contract_Target150_200","OPF_PROFILE_0.1","20260211-0810-BEAR-OBS-001214-Z001214-OC","","2026-02-11T08:15:00.0000000",1215,"SKIP_RISK_RR","-","Short","ObservationConfirm_WideStop1_5R",25211.50,0,"ObservationConfirmWideStopVolumeV131RiskCapExceeded:risk=76.5,max=22,side=Short|RiskTooWideHard:risk=76.5,max=25|EstimatedRRTooLow:rr=0,min=0.8,reward=0,model=NearestStructure"
"OPF-20260725-170210","OPF_0.1","OPF_RESEARCH_2.17","MNQ_0.1","MNQ_1Contract_Target150_200","OPF_PROFILE_0.1","20260211-0810-BEAR-OBS-001214-Z001214-OC-STR","","2026-02-11T08:15:00.0000000",1215,"SKIP_EXECUTION_PATH_RULE","-","Short","ObservationStrict_Other",25211.50,0,"AggressiveExpansionV164SideDisabled:path=ObservationStrict_Other,side=Short"
"OPF-20260725-170210","OPF_0.1","OPF_RESEARCH_2.17","MNQ_0.1","MNQ_1Contract_Target150_200","OPF_PROFILE_0.1","20260211-0810-BEAR-OBS-001214-Z001214-OC-STR","","2026-02-11T08:15:00.0000000",1215,"SKIP_STRATEGY_QUALITY","-","Short","ObservationStrict_Other_WideStop1_5R",25211.50,0,"StrategyRegimeNotTrend:score=40|SetupQualityTooLow:score=60,min=70"
"OPF-20260725-170210","OPF_0.1","OPF_RESEARCH_2.17","MNQ_0.1","MNQ_1Contract_Target150_200","OPF_PROFILE_0.1","20260211-0815-BEAR-OBS-001215-Z001215","","2026-02-11T08:15:00.0000000",1215,"SKIP_RISK_RR","-","Short","ZoneBirthResearch",25211.50,0,"ZoneBirthShortV170RiskBandExcluded:risk=26,allowed=<=8|>12<=18|AggressiveExpansionV164RiskCapExceeded:risk=26,max=25|RiskTooWideHard:risk=26,max=25|EstimatedRRTooLow:rr=0,min=0.25,reward=0,model=AggressiveExpansionV164Eligibility:NearestStructure"
"OPF-20260725-170210","OPF_0.1","OPF_RESEARCH_2.17","MNQ_0.1","MNQ_1Contract_Target150_200","OPF_PROFILE_0.1","20260211-0815-BEAR-OBS-001215-Z001215-OC","","2026-02-11T08:20:00.0000000",1216,"SKIP_RISK_RR","-","Short","ObservationConfirm",25223.00,0,"StrictEntryRiskBandExcludedV208:risk=14.5,excluded=(13.25,16]"
"OPF-20260725-170210","OPF_0.1","OPF_RESEARCH_2.17","MNQ_0.1","MNQ_1Contract_Target150_200","OPF_PROFILE_0.1","20260211-0815-BEAR-OBS-001215-Z001215-OC","","2026-02-11T08:20:00.0000000",1216,"SKIP_RISK_RR","-","Short","ObservationConfirm_WideStop1_5R",25223.00,0,"EstimatedRRTooLow:rr=0.6207,min=0.8,reward=13.5,model=NearestStructure"
"OPF-20260725-170210","OPF_0.1","OPF_RESEARCH_2.17","MNQ_0.1","MNQ_1Contract_Target150_200","OPF_PROFILE_0.1","20260211-0815-BEAR-OBS-001215-Z001215-OC-STR","","2026-02-11T08:20:00.0000000",1216,"SKIP_EXECUTION_PATH_RULE","-","Short","ObservationStrict_Other",25223.00,0,"AggressiveExpansionV164SideDisabled:path=ObservationStrict_Other,side=Short"
"OPF-20260725-170210","OPF_0.1","OPF_RESEARCH_2.17","MNQ_0.1","MNQ_1Contract_Target150_200","OPF_PROFILE_0.1","20260211-0815-BEAR-OBS-001215-Z001215-OC-STR","","2026-02-11T08:20:00.0000000",1216,"SKIP_STRATEGY_QUALITY","-","Short","ObservationStrict_Other_WideStop1_5R",25223.00,0,"StrategyRegimeNotTrend:score=60"
"OPF-20260725-170210","OPF_0.1","OPF_RESEARCH_2.17","MNQ_0.1","MNQ_1Contract_Target150_200","OPF_PROFILE_0.1","20260211-0830-BULL-OBS-001218-Z001218","","2026-02-11T08:30:00.0000000",1218,"SKIP_EXECUTION_PATH_RULE","-","Long","ZoneBirthResearch",25255.50,0,"AggressiveExpansionV164SideDisabled:path=ZoneBirthResearch,side=Long"
"OPF-20260725-170210","OPF_0.1","OPF_RESEARCH_2.17","MNQ_0.1","MNQ_1Contract_Target150_200","OPF_PROFILE_0.1","20260211-0830-BULL-OBS-001218-Z001218-OC","","2026-02-11T08:35:00.0000000",1219,"SKIP_STRATEGY_QUALITY","-","Long","ObservationConfirm",25255.50,0,"SetupQualityTooLow:score=53,min=56"
"OPF-20260725-170210","OPF_0.1","OPF_RESEARCH_2.17","MNQ_0.1","MNQ_1Contract_Target150_200","OPF_PROFILE_0.1","20260211-0830-BULL-OBS-001218-Z001218-OC","","2026-02-11T08:35:00.0000000",1219,"SKIP_STRATEGY_QUALITY","-","Long","ObservationConfirm_WideStop1_5R",25255.50,0,"StrategyRegimeNotTrend:score=10|SetupQualityTooLow:score=53,min=70"
"OPF-20260725-170210","OPF_0.1","OPF_RESEARCH_2.17","MNQ_0.1","MNQ_1Contract_Target150_200","OPF_PROFILE_0.1","20260211-0830-BULL-OBS-001218-Z001218-OC-STR","","2026-02-11T08:35:00.0000000",1219,"SKIP_EXECUTION_PATH_RULE","-","Long","ObservationStrict_BullFresh_WideStop1_5R",25255.50,0,"ActualPathDisabledV209:side=Long|path=ObservationStrict_BullFresh_WideStop1_5R"
"OPF-20260725-170210","OPF_0.1","OPF_RESEARCH_2.17","MNQ_0.1","MNQ_1Contract_Target150_200","OPF_PROFILE_0.1","20260211-0835-BULL-OBS-001219-Z001219","","2026-02-11T08:35:00.0000000",1219,"SKIP_STRATEGY_QUALITY","-","Long","ZoneBirthResearch",25255.50,0,"StrategyRegimeNotTrend:score=10|SetupQualityTooLow:score=38,min=45"
"OPF-20260725-170210","OPF_0.1","OPF_RESEARCH_2.17","MNQ_0.1","MNQ_1Contract_Target150_200","OPF_PROFILE_0.1","20260211-0835-BULL-OBS-001219-Z001219-OC","","2026-02-11T08:40:00.0000000",1220,"SKIP_RISK_RR","-","Long","ObservationConfirm",25257.75,0,"LongObservationRiskExpansionDisabledV111:risk=11.25"
"OPF-20260725-170210","OPF_0.1","OPF_RESEARCH_2.17","MNQ_0.1","MNQ_1Contract_Target150_200","OPF_PROFILE_0.1","20260211-0835-BULL-OBS-001219-Z001219-OC","","2026-02-11T08:40:00.0000000",1220,"SKIP_EXECUTION_PATH_RULE","-","Long","ObservationConfirm_WideStop1_5R",25257.75,0,"DailyVolumeFloorOnlyBeforeDailyTarget:trades=9,target=7,score=60,min=48"
"OPF-20260725-170210","OPF_0.1","OPF_RESEARCH_2.17","MNQ_0.1","MNQ_1Contract_Target150_200","OPF_PROFILE_0.1","20260211-0830-BEAR-SHD-001218-Z001214","","2026-02-11T08:50:00.0000000",1222,"SKIP_EXECUTION_PATH_RULE","-","Short","ShadowCandidate",25253.50,0,"ActualPathDisabledV209:side=Short|path=ShadowCandidate"
"OPF-20260725-170210","OPF_0.1","OPF_RESEARCH_2.17","MNQ_0.1","MNQ_1Contract_Target150_200","OPF_PROFILE_0.1","20260211-0900-BULL-OBS-001224-Z001219","","2026-02-11T09:00:00.0000000",1224,"SKIP_STRATEGY_QUALITY","-","Long","UnknownRegimeZoneTouch",25266.00,0,"StrategyRegimeNotTrend:score=10|SetupQualityTooLow:score=29,min=70"
"OPF-20260725-170210","OPF_0.1","OPF_RESEARCH_2.17","MNQ_0.1","MNQ_1Contract_Target150_200","OPF_PROFILE_0.1","20260211-0900-BULL-OBS-001224-Z001219-OC","","2026-02-11T09:05:00.0000000",1225,"SKIP_STRATEGY_QUALITY","-","Long","ObservationConfirm",25273.25,0,"SetupQualityTooLow:score=40,min=56"
"OPF-20260725-170210","OPF_0.1","OPF_RESEARCH_2.17","MNQ_0.1","MNQ_1Contract_Target150_200","OPF_PROFILE_0.1","20260211-0900-BULL-OBS-001224-Z001219-OC","","2026-02-11T09:05:00.0000000",1225,"SKIP_STRATEGY_QUALITY","-","Long","ObservationConfirm_WideStop1_5R",25273.25,0,"StrategyRegimeNotTrend:score=10|SetupQualityTooLow:score=40,min=70"
"OPF-20260725-170210","OPF_0.1","OPF_RESEARCH_2.17","MNQ_0.1","MNQ_1Contract_Target150_200","OPF_PROFILE_0.1","20260211-0900-BULL-OBS-001224-Z001219-OC-STR","","2026-02-11T09:05:00.0000000",1225,"SKIP_RISK_RR","-","Long","ObservationStrict_Other",25273.25,0,"AggressiveExpansionV164RiskCapExceeded:risk=26.75,max=25|RiskTooWideHard:risk=26.75,max=25|EstimatedRRTooLow:rr=0.0093,min=0.25,reward=0.25,model=AggressiveExpansionV164Eligibility:NearestStructure"
"OPF-20260725-170210","OPF_0.1","OPF_RESEARCH_2.17","MNQ_0.1","MNQ_1Contract_Target150_200","OPF_PROFILE_0.1","20260211-0900-BULL-OBS-001224-Z001219-OC-STR","","2026-02-11T09:05:00.0000000",1225,"SKIP_RISK_RR","-","Long","ObservationStrict_Other_WideStop1_5R",25273.25,0,"AggressiveExpansionV164RiskCapExceeded:risk=40.12,max=25|RiskTooWideHard:risk=40.12,max=25|EstimatedRRTooLow:rr=0.0062,min=0.25,reward=0.25,model=AggressiveExpansionV164Eligibility:NearestStructure"
"OPF-20260725-170210","OPF_0.1","OPF_RESEARCH_2.17","MNQ_0.1","MNQ_1Contract_Target150_200","OPF_PROFILE_0.1","20260211-0905-BULL-OBS-001225-Z001225","","2026-02-11T09:05:00.0000000",1225,"SKIP_STRATEGY_QUALITY","-","Long","ZoneBirthResearch",25273.25,0,"StrategyRegimeNotTrend:score=10|SetupQualityTooLow:score=41,min=45"
"OPF-20260725-170210","OPF_0.1","OPF_RESEARCH_2.17","MNQ_0.1","MNQ_1Contract_Target150_200","OPF_PROFILE_0.1","20260211-0910-BULL-OBS-001226-Z001225","","2026-02-11T09:10:00.0000000",1226,"SKIP_STRATEGY_QUALITY","-","Long","UnknownRegimeZoneTouch",25259.50,0,"StrategyRegimeNotTrend:score=10|SetupQualityTooLow:score=27,min=70"
"OPF-20260725-170210","OPF_0.1","OPF_RESEARCH_2.17","MNQ_0.1","MNQ_1Contract_Target150_200","OPF_PROFILE_0.1","20260211-0910-BULL-OBS-001226-Z001225-FR","","2026-02-11T09:15:00.0000000",1227,"SKIP_EXECUTION_PATH_RULE","-","Short","FailureReverse_ObservationInvalidated",25246.75,0,"ActualPathDisabledV209:side=Short|path=FailureReverse_ObservationInvalidated"
"OPF-20260725-170210","OPF_0.1","OPF_RESEARCH_2.17","MNQ_0.1","MNQ_1Contract_Target150_200","OPF_PROFILE_0.1","20260211-0910-BULL-OBS-001226-Z001225-FR","","2026-02-11T09:15:00.0000000",1227,"SKIP_RISK_RR","-","Short","FailureReverse_ObservationInvalidated_WideStop1_5R",25246.75,0,"AggressiveExpansionV164RiskCapExceeded:risk=29.62,max=25|RiskTooWideHard:risk=29.62,max=25|EstimatedRRTooLow:rr=0.0253,min=0.25,reward=0.75,model=AggressiveExpansionV164Eligibility:NearestStructure"
"OPF-20260725-170210","OPF_0.1","OPF_RESEARCH_2.17","MNQ_0.1","MNQ_1Contract_Target150_200","OPF_PROFILE_0.1","20260211-0905-BULL-OBS-001225-Z001225-FR","","2026-02-11T09:15:00.0000000",1227,"SKIP_EXECUTION_PATH_RULE","-","Short","FailureReverse_ObservationInvalidated",25246.75,0,"ActualPathDisabledV209:side=Short|path=FailureReverse_ObservationInvalidated"
"OPF-20260725-170210","OPF_0.1","OPF_RESEARCH_2.17","MNQ_0.1","MNQ_1Contract_Target150_200","OPF_PROFILE_0.1","20260211-0905-BULL-OBS-001225-Z001225-FR","","2026-02-11T09:15:00.0000000",1227,"SKIP_RISK_RR","-","Short","FailureReverse_ObservationInvalidated_WideStop1_5R",25246.75,0,"AggressiveExpansionV164RiskCapExceeded:risk=29.62,max=25|RiskTooWideHard:risk=29.62,max=25|EstimatedRRTooLow:rr=0.0253,min=0.25,reward=0.75,model=AggressiveExpansionV164Eligibility:NearestStructure"
"OPF-20260725-170210","OPF_0.1","OPF_RESEARCH_2.17","MNQ_0.1","MNQ_1Contract_Target150_200","OPF_PROFILE_0.1","20260211-0915-BEAR-OBS-001227-Z001227","","2026-02-11T09:15:00.0000000",1227,"SKIP_RISK_RR","-","Short","ZoneBirthResearch",25246.75,0,"ZoneBirthShortV170RiskBandExcluded:risk=19.75,allowed=<=8|>12<=18|EstimatedRRTooLow:rr=0.038,min=0.25,reward=0.75,model=AggressiveExpansionV164Eligibility:NearestStructure"
"OPF-20260725-170210","OPF_0.1","OPF_RESEARCH_2.17","MNQ_0.1","MNQ_1Contract_Target150_200","OPF_PROFILE_0.1","20260211-0915-BEAR-OBS-001227-Z001227-OC","","2026-02-11T09:20:00.0000000",1228,"SKIP_RISK_RR","-","Short","ObservationConfirm",25240.50,0,"ObservationConfirmRiskCapExceeded:risk=26,max=18|RiskTooWideHard:risk=26,max=25|RiskTooWideVolAdjusted:risk=26,max=12,atr14=17.2"
"OPF-20260725-170210","OPF_0.1","OPF_RESEARCH_2.17","MNQ_0.1","MNQ_1Contract_Target150_200","OPF_PROFILE_0.1","20260211-0915-BEAR-OBS-001227-Z001227-OC","","2026-02-11T09:20:00.0000000",1228,"SKIP_RISK_RR","-","Short","ObservationConfirm_WideStop1_5R",25240.50,0,"ObservationConfirmWideStopVolumeV131RiskCapExceeded:risk=39,max=22,side=Short|RiskTooWideHard:risk=39,max=25|EstimatedRRTooLow:rr=0.0769,min=0.8,reward=3,model=NearestStructure"
"OPF-20260725-170210","OPF_0.1","OPF_RESEARCH_2.17","MNQ_0.1","MNQ_1Contract_Target150_200","OPF_PROFILE_0.1","20260211-0915-BEAR-OBS-001227-Z001227-OC-STR","","2026-02-11T09:20:00.0000000",1228,"SKIP_EXECUTION_PATH_RULE","-","Short","ObservationStrict_Other",25240.50,0,"AggressiveExpansionV164SideDisabled:path=ObservationStrict_Other,side=Short"
"OPF-20260725-170210","OPF_0.1","OPF_RESEARCH_2.17","MNQ_0.1","MNQ_1Contract_Target150_200","OPF_PROFILE_0.1","20260211-0915-BEAR-OBS-001227-Z001227-OC-STR","","2026-02-11T09:20:00.0000000",1228,"SKIP_STRATEGY_QUALITY","-","Short","ObservationStrict_Other_WideStop1_5R",25240.50,0,"StrategyRegimeNotTrend:score=30|SetupQualityTooLow:score=60,min=70"
"OPF-20260725-170210","OPF_0.1","OPF_RESEARCH_2.17","MNQ_0.1","MNQ_1Contract_Target150_200","OPF_PROFILE_0.1","20260211-0920-BULL-OBS-001228-Z001218","","2026-02-11T09:20:00.0000000",1228,"SKIP_STRATEGY_QUALITY","-","Long","UnknownRegimeZoneTouch",25240.50,0,"StrategyRegimeNotTrend:score=40|SetupQualityTooLow:score=31,min=70"
"OPF-20260725-170210","OPF_0.1","OPF_RESEARCH_2.17","MNQ_0.1","MNQ_1Contract_Target150_200","OPF_PROFILE_0.1","20260211-0920-BEAR-OBS-001228-Z001228","","2026-02-11T09:20:00.0000000",1228,"SKIP_RISK_RR","-","Short","ZoneBirthResearch",25240.50,0,"StrictEntryRiskBandExcludedV208:risk=15.75,excluded=(13.25,16]|EstimatedRRTooLow:rr=0.1905,min=0.25,reward=3,model=AggressiveExpansionV164Eligibility:NearestStructure"
"OPF-20260725-170210","OPF_0.1","OPF_RESEARCH_2.17","MNQ_0.1","MNQ_1Contract_Target150_200","OPF_PROFILE_0.1","20260211-0920-BULL-OBS-001228-Z001218-OC","","2026-02-11T09:25:00.0000000",1229,"SKIP_RISK_RR","-","Long","ObservationConfirm",25254.00,0,"LongObservationWideRiskCutV137:risk=27,max=12|ObservationConfirmRiskCapExceeded:risk=27,max=12|RiskTooWideHard:risk=27,max=25|RiskTooWideVolAdjusted:risk=27,max=12,atr14=16.71"
"OPF-20260725-170210","OPF_0.1","OPF_RESEARCH_2.17","MNQ_0.1","MNQ_1Contract_Target150_200","OPF_PROFILE_0.1","20260211-0920-BULL-OBS-001228-Z001218-OC","","2026-02-11T09:25:00.0000000",1229,"SKIP_EXECUTION_PATH_RULE","-","Long","ObservationConfirm_WideStop1_5R",25254.00,0,"DailyVolumeFloorOnlyBeforeDailyTarget:trades=9,target=7,score=56,min=48"
"OPF-20260725-170210","OPF_0.1","OPF_RESEARCH_2.17","MNQ_0.1","MNQ_1Contract_Target150_200","OPF_PROFILE_0.1","20260211-0920-BULL-OBS-001228-Z001218-OC-STR","","2026-02-11T09:25:00.0000000",1229,"SKIP_RISK_RR","-","Long","ObservationStrict_Other",25254.00,0,"AggressiveExpansionV164RiskCapExceeded:risk=27,max=25|RiskTooWideHard:risk=27,max=25|EstimatedRRTooLow:rr=0.1481,min=0.25,reward=4,model=AggressiveExpansionV164Eligibility:NearestStructure"
"OPF-20260725-170210","OPF_0.1","OPF_RESEARCH_2.17","MNQ_0.1","MNQ_1Contract_Target150_200","OPF_PROFILE_0.1","20260211-0920-BULL-OBS-001228-Z001218-OC-STR","","2026-02-11T09:25:00.0000000",1229,"SKIP_RISK_RR","-","Long","ObservationStrict_Other_WideStop1_5R",25254.00,0,"AggressiveExpansionV164RiskCapExceeded:risk=40.5,max=25|RiskTooWideHard:risk=40.5,max=25|EstimatedRRTooLow:rr=0.0988,min=0.25,reward=4,model=AggressiveExpansionV164Eligibility:NearestStructure"
"OPF-20260725-170210","OPF_0.1","OPF_RESEARCH_2.17","MNQ_0.1","MNQ_1Contract_Target150_200","OPF_PROFILE_0.1","20260211-0925-BEAR-OBS-001229-Z001228","","2026-02-11T09:25:00.0000000",1229,"SKIP_STRATEGY_QUALITY","-","Short","UnknownRegimeZoneTouch",25254.00,0,"SetupQualityTooLow:score=27,min=45"
"OPF-20260725-170210","OPF_0.1","OPF_RESEARCH_2.17","MNQ_0.1","MNQ_1Contract_Target150_200","OPF_PROFILE_0.1","20260211-0925-BEAR-OBS-001229-Z001228-OC","","2026-02-11T09:30:00.0000000",1230,"SKIP_STRATEGY_QUALITY","-","Short","ObservationConfirm",25231.75,0,"SetupQualityTooLow:score=52,min=56"
"OPF-20260725-170210","OPF_0.1","OPF_RESEARCH_2.17","MNQ_0.1","MNQ_1Contract_Target150_200","OPF_PROFILE_0.1","20260211-0925-BEAR-OBS-001229-Z001228-OC","","2026-02-11T09:30:00.0000000",1230,"SKIP_STRATEGY_QUALITY","-","Short","ObservationConfirm_WideStop1_5R",25231.75,0,"StrategyRegimeNotTrend:score=30|SetupQualityTooLow:score=52,min=70"
"OPF-20260725-170210","OPF_0.1","OPF_RESEARCH_2.17","MNQ_0.1","MNQ_1Contract_Target150_200","OPF_PROFILE_0.1","20260211-0920-BEAR-OBS-001228-Z001228-OC","","2026-02-11T09:30:00.0000000",1230,"SKIP_RISK_RR","-","Short","ObservationConfirm",25231.75,0,"ObservationConfirmRiskCapExceeded:risk=24.5,max=18|RiskTooWideVolAdjusted:risk=24.5,max=12,atr14=17.61"
"OPF-20260725-170210","OPF_0.1","OPF_RESEARCH_2.17","MNQ_0.1","MNQ_1Contract_Target150_200","OPF_PROFILE_0.1","20260211-0920-BEAR-OBS-001228-Z001228-OC","","2026-02-11T09:30:00.0000000",1230,"SKIP_RISK_RR","-","Short","ObservationConfirm_WideStop1_5R",25231.75,0,"ObservationConfirmWideStopVolumeV131RiskCapExceeded:risk=36.75,max=22,side=Short|RiskTooWideHard:risk=36.75,max=25|EstimatedRRTooLow:rr=0.1837,min=0.8,reward=6.75,model=NearestStructure"
"OPF-20260725-170210","OPF_0.1","OPF_RESEARCH_2.17","MNQ_0.1","MNQ_1Contract_Target150_200","OPF_PROFILE_0.1","20260211-0935-BEAR-OBS-001231-Z001231","","2026-02-11T09:35:00.0000000",1231,"SKIP_RISK_RR","-","Short","ZoneBirthResearch",25208.25,0,"ZoneBirthShortV170RiskBandExcluded:risk=32.75,allowed=<=8|>12<=18|AggressiveExpansionV164RiskCapExceeded:risk=32.75,max=25|RiskTooWideHard:risk=32.75,max=25|EstimatedRRTooLow:rr=0,min=0.25,reward=0,model=AggressiveExpansionV164Eligibility:NearestStructure"
"OPF-20260725-170210","OPF_0.1","OPF_RESEARCH_2.17","MNQ_0.1","MNQ_1Contract_Target150_200","OPF_PROFILE_0.1","20260211-0935-BEAR-OBS-001231-Z001231-OC","","2026-02-11T09:40:00.0000000",1232,"SKIP_RISK_RR","-","Short","ObservationConfirm",25213.75,0,"ObservationConfirmRiskCapExceeded:risk=27.25,max=22|RiskTooWideHard:risk=27.25,max=25|RiskTooWideVolAdjusted:risk=27.25,max=12,atr14=17.23"
"OPF-20260725-170210","OPF_0.1","OPF_RESEARCH_2.17","MNQ_0.1","MNQ_1Contract_Target150_200","OPF_PROFILE_0.1","20260211-0935-BEAR-OBS-001231-Z001231-OC","","2026-02-11T09:40:00.0000000",1232,"SKIP_RISK_RR","-","Short","ObservationConfirm_WideStop1_5R",25213.75,0,"ObservationConfirmWideStopVolumeV131RiskCapExceeded:risk=40.88,max=22,side=Short|RiskTooWideHard:risk=40.88,max=25|EstimatedRRTooLow:rr=0.0978,min=0.8,reward=4,model=NearestStructure"
"OPF-20260725-170210","OPF_0.1","OPF_RESEARCH_2.17","MNQ_0.1","MNQ_1Contract_Target150_200","OPF_PROFILE_0.1","20260211-0935-BEAR-OBS-001231-Z001231-OC-STR","","2026-02-11T09:40:00.0000000",1232,"SKIP_EXECUTION_PATH_RULE","-","Short","ObservationStrict_Other",25213.75,0,"AggressiveExpansionV164SideDisabled:path=ObservationStrict_Other,side=Short"
"OPF-20260725-170210","OPF_0.1","OPF_RESEARCH_2.17","MNQ_0.1","MNQ_1Contract_Target150_200","OPF_PROFILE_0.1","20260211-0935-BEAR-OBS-001231-Z001231-OC-STR","","2026-02-11T09:40:00.0000000",1232,"SKIP_STRATEGY_QUALITY","-","Short","ObservationStrict_Other_WideStop1_5R",25213.75,0,"StrategyRegimeNotTrend:score=60"
"OPF-20260725-170210","OPF_0.1","OPF_RESEARCH_2.17","MNQ_0.1","MNQ_1Contract_Target150_200","OPF_PROFILE_0.1","20260211-0940-BEAR-OBS-001232-Z001232","","2026-02-11T09:40:00.0000000",1232,"SKIP_RISK_RR","-","Short","ZoneBirthResearch",25213.75,0,"StrictEntryRiskBandExcludedV208:risk=13.75,excluded=(13.25,16]"
"OPF-20260725-170210","OPF_0.1","OPF_RESEARCH_2.17","MNQ_0.1","MNQ_1Contract_Target150_200","OPF_PROFILE_0.1","20260211-0940-BEAR-OBS-001232-Z001232-OC","","2026-02-11T09:45:00.0000000",1233,"SKIP_RISK_RR","-","Short","ObservationConfirm",25214.50,0,"ObservationConfirmRiskCapExceeded:risk=13,max=11|ShortObservationMidRiskQualityCutV112:score=56,min=60,risk=13|RiskTooWideVolAdjusted:risk=13,max=12,atr14=17.25"
"OPF-20260725-170210","OPF_0.1","OPF_RESEARCH_2.17","MNQ_0.1","MNQ_1Contract_Target150_200","OPF_PROFILE_0.1","20260211-0940-BEAR-OBS-001232-Z001232-OC","","2026-02-11T09:45:00.0000000",1233,"SKIP_EXECUTION_PATH_RULE","-","Short","ObservationConfirm_WideStop1_5R",25214.50,0,"DailyVolumeFloorOnlyBeforeDailyTarget:trades=9,target=7,score=56,min=48"
"OPF-20260725-170210","OPF_0.1","OPF_RESEARCH_2.17","MNQ_0.1","MNQ_1Contract_Target150_200","OPF_PROFILE_0.1","20260211-0945-BEAR-OBS-001233-Z001232","","2026-02-11T09:45:00.0000000",1233,"SKIP_STRATEGY_QUALITY","-","Short","UnknownRegimeZoneTouch",25214.50,0,"SetupQualityTooLow:score=33,min=45"
"OPF-20260725-170210","OPF_0.1","OPF_RESEARCH_2.17","MNQ_0.1","MNQ_1Contract_Target150_200","OPF_PROFILE_0.1","20260211-0950-BEAR-SHD-001234-Z001232","","2026-02-11T09:55:00.0000000",1235,"SKIP_EXECUTION_PATH_RULE","-","Short","ShadowCandidate",25204.75,0,"ActualPathDisabledV209:side=Short|path=ShadowCandidate"
"OPF-20260725-170210","OPF_0.1","OPF_RESEARCH_2.17","MNQ_0.1","MNQ_1Contract_Target150_200","OPF_PROFILE_0.1","20260211-0945-BEAR-OBS-001233-Z001232-OC","","2026-02-11T09:55:00.0000000",1235,"SKIP_STRATEGY_QUALITY","-","Short","ObservationConfirm",25204.75,0,"SetupQualityTooLow:score=52,min=56"
"OPF-20260725-170210","OPF_0.1","OPF_RESEARCH_2.17","MNQ_0.1","MNQ_1Contract_Target150_200","OPF_PROFILE_0.1","20260211-0945-BEAR-OBS-001233-Z001232-OC","","2026-02-11T09:55:00.0000000",1235,"SKIP_STRATEGY_QUALITY","-","Short","ObservationConfirm_WideStop1_5R",25204.75,0,"StrategyRegimeNotTrend:score=40|SetupQualityTooLow:score=52,min=70"
"OPF-20260725-170210","OPF_0.1","OPF_RESEARCH_2.17","MNQ_0.1","MNQ_1Contract_Target150_200","OPF_PROFILE_0.1","20260211-1000-BEAR-BRK-001236-Z001236","","2026-02-11T10:00:00.0000000",1236,"SKIP_RISK_RR","-","Short","BreakawayFvg",25160.75,0,"BreakawayVolumeV128RiskCapExceeded:risk=51,max=30,side=Short"
"OPF-20260725-170210","OPF_0.1","OPF_RESEARCH_2.17","MNQ_0.1","MNQ_1Contract_Target150_200","OPF_PROFILE_0.1","20260211-1000-BEAR-OBS-001236-Z001236","","2026-02-11T10:00:00.0000000",1236,"SKIP_RISK_RR","-","Short","ZoneBirthResearch",25160.75,0,"ZoneBirthShortV170RiskBandExcluded:risk=51,allowed=<=8|>12<=18|AggressiveExpansionV164RiskCapExceeded:risk=51,max=25|RiskTooWideHard:risk=51,max=25|EstimatedRRTooLow:rr=0,min=0.25,reward=0,model=AggressiveExpansionV164Eligibility:NearestStructure"
"OPF-20260725-170210","OPF_0.1","OPF_RESEARCH_2.17","MNQ_0.1","MNQ_1Contract_Target150_200","OPF_PROFILE_0.1","20260211-1000-BEAR-OBS-001236-Z001236-OC","","2026-02-11T10:05:00.0000000",1237,"SKIP_RISK_RR","-","Short","ObservationConfirm",25155.75,0,"ObservationConfirmRiskCapExceeded:risk=56,max=22|RiskTooWideHard:risk=56,max=25|RiskTooWideVolAdjusted:risk=56,max=14.28,atr14=23.8"
"OPF-20260725-170210","OPF_0.1","OPF_RESEARCH_2.17","MNQ_0.1","MNQ_1Contract_Target150_200","OPF_PROFILE_0.1","20260211-1000-BEAR-OBS-001236-Z001236-OC","","2026-02-11T10:05:00.0000000",1237,"SKIP_RISK_RR","-","Short","ObservationConfirm_WideStop1_5R",25155.75,0,"ObservationConfirmWideStopVolumeV131RiskCapExceeded:risk=84,max=22,side=Short|RiskTooWideHard:risk=84,max=25|EstimatedRRTooLow:rr=0.1042,min=0.8,reward=8.75,model=NearestStructure"
"OPF-20260725-170210","OPF_0.1","OPF_RESEARCH_2.17","MNQ_0.1","MNQ_1Contract_Target150_200","OPF_PROFILE_0.1","20260211-1000-BEAR-OBS-001236-Z001236-OC-STR","","2026-02-11T10:05:00.0000000",1237,"SKIP_EXECUTION_PATH_RULE","-","Short","ObservationStrict_Other",25155.75,0,"AggressiveExpansionV164SideDisabled:path=ObservationStrict_Other,side=Short"
"OPF-20260725-170210","OPF_0.1","OPF_RESEARCH_2.17","MNQ_0.1","MNQ_1Contract_Target150_200","OPF_PROFILE_0.1","20260211-1000-BEAR-OBS-001236-Z001236-OC-STR","","2026-02-11T10:05:00.0000000",1237,"SKIP_EXECUTION_PATH_RULE","-","Short","ObservationStrict_Other_WideStop1_5R",25155.75,0,"AggressiveExpansionV164SideDisabled:path=ObservationStrict_Other_WideStop1_5R,side=Short"
"OPF-20260725-170210","OPF_0.1","OPF_RESEARCH_2.17","MNQ_0.1","MNQ_1Contract_Target150_200","OPF_PROFILE_0.1","20260211-1025-BULL-OBS-001241-Z001241","","2026-02-11T10:25:00.0000000",1241,"SKIP_EXECUTION_PATH_RULE","-","Long","ZoneBirthResearch",25190.75,0,"AggressiveExpansionV164SideDisabled:path=ZoneBirthResearch,side=Long"
"OPF-20260725-170210","OPF_0.1","OPF_RESEARCH_2.17","MNQ_0.1","MNQ_1Contract_Target150_200","OPF_PROFILE_0.1","20260211-1025-BULL-OBS-001241-Z001241-OC","","2026-02-11T10:30:00.0000000",1242,"SKIP_STRATEGY_QUALITY","-","Long","ObservationConfirm",25183.25,0,"SetupQualityTooLow:score=50,min=56"
"OPF-20260725-170210","OPF_0.1","OPF_RESEARCH_2.17","MNQ_0.1","MNQ_1Contract_Target150_200","OPF_PROFILE_0.1","20260211-1025-BULL-OBS-001241-Z001241-OC","","2026-02-11T10:30:00.0000000",1242,"SKIP_STRATEGY_QUALITY","-","Long","ObservationConfirm_WideStop1_5R",25183.25,0,"StrategyRegimeNotTrend:score=10|SetupQualityTooLow:score=50,min=70"
"OPF-20260725-170210","OPF_0.1","OPF_RESEARCH_2.17","MNQ_0.1","MNQ_1Contract_Target150_200","OPF_PROFILE_0.1","20260211-1025-BULL-OBS-001241-Z001241-OC-STR","","2026-02-11T10:30:00.0000000",1242,"SKIP_EXECUTION_PATH_RULE","-","Long","ObservationStrict_BullFresh_WideStop1_5R",25183.25,0,"ActualPathDisabledV209:side=Long|path=ObservationStrict_BullFresh_WideStop1_5R"
"OPF-20260725-170210","OPF_0.1","OPF_RESEARCH_2.17","MNQ_0.1","MNQ_1Contract_Target150_200","OPF_PROFILE_0.1","20260211-1050-BEAR-OBS-001246-Z001246","","2026-02-11T10:50:00.0000000",1246,"SKIP_RISK_RR","-","Short","ZoneBirthResearch",25175.50,0,"ZoneBirthShortV170RiskBandExcluded:risk=8.5,allowed=<=8|>12<=18|EstimatedRRTooLow:rr=0.0588,min=0.25,reward=0.5,model=AggressiveExpansionV164Eligibility:NearestStructure"
"OPF-20260725-170210","OPF_0.1","OPF_RESEARCH_2.17","MNQ_0.1","MNQ_1Contract_Target150_200","OPF_PROFILE_0.1","20260211-1055-BEAR-PB-001247-Z001236","","2026-02-11T10:55:00.0000000",1247,"SKIP_EXECUTION_PATH_RULE","-","Short","AlmostConfirmed",25207.50,0,"AggressiveExpansionV164SideDisabled:path=AlmostConfirmed,side=Short"
"OPF-20260725-170210","OPF_0.1","OPF_RESEARCH_2.17","MNQ_0.1","MNQ_1Contract_Target150_200","OPF_PROFILE_0.1","20260211-1050-BEAR-OBS-001246-Z001246-FR","","2026-02-11T10:55:00.0000000",1247,"SKIP_RISK_RR","-","Long","FailureReverse_ObservationInvalidated",25207.50,0,"AggressiveExpansionV164RiskCapExceeded:risk=29.25,max=25|RiskTooWideHard:risk=29.25,max=25"
"OPF-20260725-170210","OPF_0.1","OPF_RESEARCH_2.17","MNQ_0.1","MNQ_1Contract_Target150_200","OPF_PROFILE_0.1","20260211-1050-BEAR-OBS-001246-Z001246-FR","","2026-02-11T10:55:00.0000000",1247,"SKIP_RISK_RR","-","Long","FailureReverse_ObservationInvalidated_WideStop1_5R",25207.50,0,"AggressiveExpansionV164RiskCapExceeded:risk=43.88,max=25|RiskTooWideHard:risk=43.88,max=25|EstimatedRRTooLow:rr=0.1994,min=0.5,reward=8.75,model=AggressiveExpansionV164Eligibility:NearestStructure"
"OPF-20260725-170210","OPF_0.1","OPF_RESEARCH_2.17","MNQ_0.1","MNQ_1Contract_Target150_200","OPF_PROFILE_0.1","20260211-1055-BEAR-OBS-001247-Z001236","","2026-02-11T10:55:00.0000000",1247,"EXPANSION_WAIT1_SCHEDULED","-","Short","UnknownRegimeZoneTouch",25207.50,0,"AggressiveExpansionWait1ScheduledV165:EntryBarTargetTouched:low=25176.5,target=25194.75"
"OPF-20260725-170210","OPF_0.1","OPF_RESEARCH_2.17","MNQ_0.1","MNQ_1Contract_Target150_200","OPF_PROFILE_0.1","20260211-1055-BEAR-OBS-001247-Z001236-FR","","2026-02-11T11:00:00.0000000",1248,"SKIP_RISK_RR","-","Long","FailureReverse_ObservationInvalidated",25228.50,0,"EstimatedRRTooLow:rr=0.0449,min=0.25,reward=1,model=AggressiveExpansionV164Eligibility:NearestStructure"
"OPF-20260725-170210","OPF_0.1","OPF_RESEARCH_2.17","MNQ_0.1","MNQ_1Contract_Target150_200","OPF_PROFILE_0.1","20260211-1055-BEAR-OBS-001247-Z001236-FR","","2026-02-11T11:00:00.0000000",1248,"SKIP_RISK_RR","-","Long","FailureReverse_ObservationInvalidated_WideStop1_5R",25228.50,0,"AggressiveExpansionV164RiskCapExceeded:risk=33.38,max=25|RiskTooWideHard:risk=33.38,max=25|EstimatedRRTooLow:rr=0.03,min=0.5,reward=1,model=AggressiveExpansionV164Eligibility:NearestStructure"
"OPF-20260725-170210","OPF_0.1","OPF_RESEARCH_2.17","MNQ_0.1","MNQ_1Contract_Target150_200","OPF_PROFILE_0.1","20260211-1055-BEAR-OBS-001247-Z001236-AEW1","","2026-02-11T11:00:00.0000000",1248,"EXPANSION_WAIT1_REJECTED","-","Short","UnknownRegimeZoneTouch",25228.50,0,"AggressiveExpansionWait1ShortFollowThroughFailedV165:close=25228.5,originClose=25207.5"
"OPF-20260725-170210","OPF_0.1","OPF_RESEARCH_2.17","MNQ_0.1","MNQ_1Contract_Target150_200","OPF_PROFILE_0.1","20260211-1105-BULL-OBS-001249-Z001249","","2026-02-11T11:05:00.0000000",1249,"SKIP_STRATEGY_QUALITY","-","Long","ZoneBirthResearch",25222.75,0,"StrategyRegimeNotTrend:score=20|SetupQualityTooLow:score=35,min=45"
"OPF-20260725-170210","OPF_0.1","OPF_RESEARCH_2.17","MNQ_0.1","MNQ_1Contract_Target150_200","OPF_PROFILE_0.1","20260211-1110-BULL-OBS-001250-Z001249","","2026-02-11T11:10:00.0000000",1250,"SKIP_STRATEGY_QUALITY","-","Long","UnknownRegimeZoneTouch",25216.25,0,"StrategyRegimeNotTrend:score=10|SetupQualityTooLow:score=31,min=70"
"OPF-20260725-170210","OPF_0.1","OPF_RESEARCH_2.17","MNQ_0.1","MNQ_1Contract_Target150_200","OPF_PROFILE_0.1","20260211-1110-BULL-OBS-001250-Z001249-OC","","2026-02-11T11:15:00.0000000",1251,"SKIP_RISK_RR","-","Long","ObservationConfirm",25233.50,0,"LongObservationWideRiskCutV137:risk=26.5,max=12|ObservationConfirmRiskCapExceeded:risk=26.5,max=12|RiskTooWideHard:risk=26.5,max=25|RiskTooWideVolAdjusted:risk=26.5,max=12,atr14=18.64"
"OPF-20260725-170210","OPF_0.1","OPF_RESEARCH_2.17","MNQ_0.1","MNQ_1Contract_Target150_200","OPF_PROFILE_0.1","20260211-1110-BULL-OBS-001250-Z001249-OC","","2026-02-11T11:15:00.0000000",1251,"SKIP_EXECUTION_PATH_RULE","-","Long","ObservationConfirm_WideStop1_5R",25233.50,0,"DailyVolumeFloorOnlyBeforeDailyTarget:trades=9,target=7,score=56,min=48"
"OPF-20260725-170210","OPF_0.1","OPF_RESEARCH_2.17","MNQ_0.1","MNQ_1Contract_Target150_200","OPF_PROFILE_0.1","20260211-1105-BULL-OBS-001249-Z001249-OC","","2026-02-11T11:15:00.0000000",1251,"SKIP_RISK_RR","-","Long","ObservationConfirm",25233.50,0,"LongObservationWideRiskCutV137:risk=26.5,max=12|ObservationConfirmRiskCapExceeded:risk=26.5,max=12|RiskTooWideHard:risk=26.5,max=25|RiskTooWideVolAdjusted:risk=26.5,max=12,atr14=18.64"
"OPF-20260725-170210","OPF_0.1","OPF_RESEARCH_2.17","MNQ_0.1","MNQ_1Contract_Target150_200","OPF_PROFILE_0.1","20260211-1105-BULL-OBS-001249-Z001249-OC","","2026-02-11T11:15:00.0000000",1251,"SKIP_EXECUTION_PATH_RULE","-","Long","ObservationConfirm_WideStop1_5R",25233.50,0,"DailyVolumeFloorOnlyBeforeDailyTarget:trades=9,target=7,score=60,min=48"
"OPF-20260725-170210","OPF_0.1","OPF_RESEARCH_2.17","MNQ_0.1","MNQ_1Contract_Target150_200","OPF_PROFILE_0.1","20260211-1120-BEAR-OBS-001252-Z001231","","2026-02-11T11:20:00.0000000",1252,"SKIP_STRATEGY_QUALITY","-","Short","UnknownRegimeZoneTouch",25235.00,0,"SetupQualityTooLow:score=33,min=45"
"OPF-20260725-170210","OPF_0.1","OPF_RESEARCH_2.17","MNQ_0.1","MNQ_1Contract_Target150_200","OPF_PROFILE_0.1","20260211-1120-BULL-OBS-001252-Z001252","","2026-02-11T11:20:00.0000000",1252,"SKIP_STRATEGY_QUALITY","-","Long","ZoneBirthResearch",25235.00,0,"StrategyRegimeNotTrend:score=10|SetupQualityTooLow:score=41,min=45"
"OPF-20260725-170210","OPF_0.1","OPF_RESEARCH_2.17","MNQ_0.1","MNQ_1Contract_Target150_200","OPF_PROFILE_0.1","20260211-1120-BULL-OBS-001252-Z001252-OC","","2026-02-11T11:25:00.0000000",1253,"SKIP_RISK_RR","-","Long","ObservationConfirm",25248.25,0,"LongObservationWideRiskCutV137:risk=24,max=12|ObservationConfirmRiskCapExceeded:risk=24,max=12|RiskTooWideVolAdjusted:risk=24,max=12,atr14=17.77"
"OPF-20260725-170210","OPF_0.1","OPF_RESEARCH_2.17","MNQ_0.1","MNQ_1Contract_Target150_200","OPF_PROFILE_0.1","20260211-1120-BULL-OBS-001252-Z001252-OC","","2026-02-11T11:25:00.0000000",1253,"SKIP_EXECUTION_PATH_RULE","-","Long","ObservationConfirm_WideStop1_5R",25248.25,0,"DailyVolumeFloorOnlyBeforeDailyTarget:trades=9,target=7,score=60,min=48"
"OPF-20260725-170210","OPF_0.1","OPF_RESEARCH_2.17","MNQ_0.1","MNQ_1Contract_Target150_200","OPF_PROFILE_0.1","20260211-1120-BEAR-OBS-001252-Z001231-FR","","2026-02-11T11:25:00.0000000",1253,"SKIP_RISK_RR","-","Long","FailureReverse_ObservationInvalidated",25248.25,0,"EstimatedRRTooLow:rr=0,min=0.25,reward=0,model=AggressiveExpansionV164Eligibility:NearestStructure"
"OPF-20260725-170210","OPF_0.1","OPF_RESEARCH_2.17","MNQ_0.1","MNQ_1Contract_Target150_200","OPF_PROFILE_0.1","20260211-1120-BEAR-OBS-001252-Z001231-FR","","2026-02-11T11:25:00.0000000",1253,"SKIP_STRATEGY_QUALITY","-","Long","FailureReverse_ObservationInvalidated_WideStop1_5R",25248.25,0,"SetupQualityTooLow:score=42,min=45"
"OPF-20260725-170210","OPF_0.1","OPF_RESEARCH_2.17","MNQ_0.1","MNQ_1Contract_Target150_200","OPF_PROFILE_0.1","20260211-1140-BEAR-OBS-001256-Z001256","","2026-02-11T11:40:00.0000000",1256,"SKIP_RISK_RR","-","Short","ZoneBirthResearch",25223.00,0,"ZoneBirthShortV170RiskBandExcluded:risk=19,allowed=<=8|>12<=18|EstimatedRRTooLow:rr=0.2105,min=0.25,reward=4,model=AggressiveExpansionV164Eligibility:NearestStructure"
"OPF-20260725-170210","OPF_0.1","OPF_RESEARCH_2.17","MNQ_0.1","MNQ_1Contract_Target150_200","OPF_PROFILE_0.1","20260211-1140-BEAR-OBS-001256-Z001256-OC","","2026-02-11T11:45:00.0000000",1257,"SKIP_STRATEGY_QUALITY","-","Short","ObservationConfirm",25225.75,0,"SetupQualityTooLow:score=53,min=56"
"OPF-20260725-170210","OPF_0.1","OPF_RESEARCH_2.17","MNQ_0.1","MNQ_1Contract_Target150_200","OPF_PROFILE_0.1","20260211-1140-BEAR-OBS-001256-Z001256-OC","","2026-02-11T11:45:00.0000000",1257,"SKIP_STRATEGY_QUALITY","-","Short","ObservationConfirm_WideStop1_5R",25225.75,0,"StrategyRegimeNotTrend:score=40|SetupQualityTooLow:score=53,min=70"
"OPF-20260725-170210","OPF_0.1","OPF_RESEARCH_2.17","MNQ_0.1","MNQ_1Contract_Target150_200","OPF_PROFILE_0.1","20260211-1200-BEAR-OBS-001260-Z001256","","2026-02-11T12:00:00.0000000",1260,"SKIP_STRATEGY_QUALITY","-","Short","UnknownRegimeZoneTouch",25237.00,0,"SetupQualityTooLow:score=27,min=45"
"OPF-20260725-170210","OPF_0.1","OPF_RESEARCH_2.17","MNQ_0.1","MNQ_1Contract_Target150_200","OPF_PROFILE_0.1","20260211-1200-BEAR-OBS-001260-Z001256-FR","","2026-02-11T12:05:00.0000000",1261,"SKIP_RISK_RR","-","Long","FailureReverse_ObservationInvalidated",25261.50,0,"EstimatedRRTooLow:rr=0,min=0.25,reward=0,model=AggressiveExpansionV164Eligibility:NearestStructure"
"OPF-20260725-170210","OPF_0.1","OPF_RESEARCH_2.17","MNQ_0.1","MNQ_1Contract_Target150_200","OPF_PROFILE_0.1","20260211-1200-BEAR-OBS-001260-Z001256-FR","","2026-02-11T12:05:00.0000000",1261,"SKIP_STRATEGY_QUALITY","-","Long","FailureReverse_ObservationInvalidated_WideStop1_5R",25261.50,0,"SetupQualityTooLow:score=42,min=45"
"OPF-20260725-170210","OPF_0.1","OPF_RESEARCH_2.17","MNQ_0.1","MNQ_1Contract_Target150_200","OPF_PROFILE_0.1","20260211-1205-BEAR-OBS-001261-Z001227","","2026-02-11T12:05:00.0000000",1261,"SKIP_STRATEGY_QUALITY","-","Short","UnknownRegimeZoneTouch",25261.50,0,"SetupQualityTooLow:score=31,min=45"
"OPF-20260725-170210","OPF_0.1","OPF_RESEARCH_2.17","MNQ_0.1","MNQ_1Contract_Target150_200","OPF_PROFILE_0.1","20260211-1205-BEAR-OBS-001261-Z001227-FR","","2026-02-11T12:10:00.0000000",1262,"SKIP_RISK_RR","-","Long","FailureReverse_ObservationInvalidated",25273.50,0,"EstimatedRRTooLow:rr=0,min=0.25,reward=0,model=AggressiveExpansionV164Eligibility:NearestStructure"
"OPF-20260725-170210","OPF_0.1","OPF_RESEARCH_2.17","MNQ_0.1","MNQ_1Contract_Target150_200","OPF_PROFILE_0.1","20260211-1205-BEAR-OBS-001261-Z001227-FR","","2026-02-11T12:10:00.0000000",1262,"SKIP_RISK_RR","-","Long","FailureReverse_ObservationInvalidated_WideStop1_5R",25273.50,0,"EstimatedRRTooLow:rr=0,min=0.5,reward=0,model=AggressiveExpansionV164Eligibility:NearestStructure"
"OPF-20260725-170210","OPF_0.1","OPF_RESEARCH_2.17","MNQ_0.1","MNQ_1Contract_Target150_200","OPF_PROFILE_0.1","20260211-1210-BULL-OBS-001262-Z001262","","2026-02-11T12:10:00.0000000",1262,"SKIP_EXECUTION_PATH_RULE","-","Long","ZoneBirthResearch",25273.50,0,"AggressiveExpansionV164SideDisabled:path=ZoneBirthResearch,side=Long"
"OPF-20260725-170210","OPF_0.1","OPF_RESEARCH_2.17","MNQ_0.1","MNQ_1Contract_Target150_200","OPF_PROFILE_0.1","20260211-1215-BULL-OBS-001263-Z001262","","2026-02-11T12:15:00.0000000",1263,"SKIP_STRATEGY_QUALITY","-","Long","UnknownRegimeZoneTouch",25252.00,0,"StrategyRegimeNotTrend:score=40|SetupQualityTooLow:score=27,min=70"
"OPF-20260725-170210","OPF_0.1","OPF_RESEARCH_2.17","MNQ_0.1","MNQ_1Contract_Target150_200","OPF_PROFILE_0.1","20260211-1215-BULL-OBS-001263-Z001262-OC","","2026-02-11T12:20:00.0000000",1264,"SKIP_STRATEGY_QUALITY","-","Long","ObservationConfirm",25266.00,0,"SetupQualityTooLow:score=52,min=56"
"OPF-20260725-170210","OPF_0.1","OPF_RESEARCH_2.17","MNQ_0.1","MNQ_1Contract_Target150_200","OPF_PROFILE_0.1","20260211-1215-BULL-OBS-001263-Z001262-OC","","2026-02-11T12:20:00.0000000",1264,"SKIP_STRATEGY_QUALITY","-","Long","ObservationConfirm_WideStop1_5R",25266.00,0,"StrategyRegimeNotTrend:score=40|SetupQualityTooLow:score=52,min=70"
"OPF-20260725-170210","OPF_0.1","OPF_RESEARCH_2.17","MNQ_0.1","MNQ_1Contract_Target150_200","OPF_PROFILE_0.1","20260211-1210-BULL-OBS-001262-Z001262-OC","","2026-02-11T12:20:00.0000000",1264,"SKIP_RISK_RR","-","Long","ObservationConfirm",25266.00,0,"StrictEntryRiskBandExcludedV208:risk=15,excluded=(13.25,16]|LongObservationWideRiskCutV137:risk=15,max=12|ObservationConfirmRiskCapExceeded:risk=15,max=12"
"OPF-20260725-170210","OPF_0.1","OPF_RESEARCH_2.17","MNQ_0.1","MNQ_1Contract_Target150_200","OPF_PROFILE_0.1","20260211-1210-BULL-OBS-001262-Z001262-OC","20260211-1220-Long-1264","2026-02-11T12:20:00.0000000",1264,"ENTRY_SEND","ENTRY","Long","ObservationConfirm_WideStop1_5R",25266.00,3,"stop=25243.5|target=25333.5"
"OPF-20260725-170210","OPF_0.1","OPF_RESEARCH_2.17","MNQ_0.1","MNQ_1Contract_Target150_200","OPF_PROFILE_0.1","20260211-1210-BULL-OBS-001262-Z001262-OC","20260211-1220-Long-1264","2026-02-11T12:20:00.0000000",1264,"ENTRY_QUOTE_PREFLIGHT_OK_V178","ENTRY","Long","ObservationConfirm_WideStop1_5R",25266.50,3,"bid=25266.5|ask=25267|barLag=0|marketSequence=49070"
"OPF-20260725-170210","OPF_0.1","OPF_RESEARCH_2.17","MNQ_0.1","MNQ_1Contract_Target150_200","OPF_PROFILE_0.1","20260211-1210-BULL-OBS-001262-Z001262-OC","20260211-1220-Long-1264","2026-02-11T12:20:00.0000000",1264,"MYTRADE","ENTRY","Long","ObservationConfirm_WideStop1_5R",25267.00,1,"orderExt=3282504|orderState=Active|orderType=Market|orderDir=Buy|orderPrice=0|orderTrig=0|orderUnfilled=2"
"OPF-20260725-170210","OPF_0.1","OPF_RESEARCH_2.17","MNQ_0.1","MNQ_1Contract_Target150_200","OPF_PROFILE_0.1","20260211-1210-BULL-OBS-001262-Z001262-OC","20260211-1220-Long-1264","2026-02-11T12:20:00.0000000",1264,"ENTRY_PARTIAL_FILL_WAITING","ENTRY","Long","ObservationConfirm_WideStop1_5R",25267.00,1,"filled=1|requested=3|unfilled=2"
"OPF-20260725-170210","OPF_0.1","OPF_RESEARCH_2.17","MNQ_0.1","MNQ_1Contract_Target150_200","OPF_PROFILE_0.1","20260211-1210-BULL-OBS-001262-Z001262-OC","20260211-1220-Long-1264","2026-02-11T12:20:00.0000000",1264,"MYTRADE","ENTRY","Long","ObservationConfirm_WideStop1_5R",25267.25,2,"orderExt=3282504|orderState=Done|orderType=Market|orderDir=Buy|orderPrice=0|orderTrig=0|orderUnfilled=0"
"OPF-20260725-170210","OPF_0.1","OPF_RESEARCH_2.17","MNQ_0.1","MNQ_1Contract_Target150_200","OPF_PROFILE_0.1","20260211-1210-BULL-OBS-001262-Z001262-OC","20260211-1220-Long-1264","2026-02-11T12:20:00.0000000",1264,"PROTECTION_QUOTE_PREFLIGHT_OK_V178","-","Long","ObservationConfirm_WideStop1_5R",25266.50,3,"bid=25266.5|ask=25267|barLag=0"
"OPF-20260725-170210","OPF_0.1","OPF_RESEARCH_2.17","MNQ_0.1","MNQ_1Contract_Target150_200","OPF_PROFILE_0.1","20260211-1210-BULL-OBS-001262-Z001262-OC","20260211-1220-Long-1264","2026-02-11T12:20:00.0000000",1264,"SL_SENT","SL","Long","ObservationConfirm_WideStop1_5R",25243.50,3,"OPF-20260211-1220-Long-1264"
"OPF-20260725-170210","OPF_0.1","OPF_RESEARCH_2.17","MNQ_0.1","MNQ_1Contract_Target150_200","OPF_PROFILE_0.1","20260211-1210-BULL-OBS-001262-Z001262-OC","20260211-1220-Long-1264","2026-02-11T12:20:00.0000000",1264,"TP_SENT","TP","Long","ObservationConfirm_WideStop1_5R",25838.25,3,"HistoricalDormantTargetV181|intended=25338.25|ext=3282506"
"OPF-20260725-170210","OPF_0.1","OPF_RESEARCH_2.17","MNQ_0.1","MNQ_1Contract_Target150_200","OPF_PROFILE_0.1","20260211-1210-BULL-OBS-001262-Z001262-OC","20260211-1220-Long-1264","2026-02-11T12:20:00.0000000",1264,"HISTORICAL_DORMANT_TP_SENT_V181","TP","Long","ObservationConfirm_WideStop1_5R",25838.25,3,"intended=25338.25|ext=3282506|activateAfterObservedTargetTouch"
"OPF-20260725-170210","OPF_0.1","OPF_RESEARCH_2.17","MNQ_0.1","MNQ_1Contract_Target150_200","OPF_PROFILE_0.1","20260211-1210-BULL-OBS-001262-Z001262-OC","20260211-1220-Long-1264","2026-02-11T12:25:00.0000000",1265,"PROTECTIVE_EXIT_CALLBACK_PENDING_V187","SL","Long","ObservationConfirm_WideStop1_5R",25243.50,3,"ext=3282505|src=OnOrderChanged"
"OPF-20260725-170210","OPF_0.1","OPF_RESEARCH_2.17","MNQ_0.1","MNQ_1Contract_Target150_200","OPF_PROFILE_0.1","20260211-1210-BULL-OBS-001262-Z001262-OC","20260211-1220-Long-1264","2026-02-11T12:25:00.0000000",1265,"MYTRADE","SL","Long","ObservationConfirm_WideStop1_5R",25243.50,3,"orderExt=3282505|orderState=Done|orderType=Stop|orderDir=Sell|orderPrice=0|orderTrig=25243.5|orderUnfilled=0"
"OPF-20260725-170210","OPF_0.1","OPF_RESEARCH_2.17","MNQ_0.1","MNQ_1Contract_Target150_200","OPF_PROFILE_0.1","20260211-1210-BULL-OBS-001262-Z001262-OC","20260211-1220-Long-1264","2026-02-11T12:25:00.0000000",1265,"PROTECTIVE_EXIT_CALLBACK_RESOLVED_V187","SL","Long","ObservationConfirm_WideStop1_5R",25243.50,3,"orderExt=3282505"
"OPF-20260725-170210","OPF_0.1","OPF_RESEARCH_2.17","MNQ_0.1","MNQ_1Contract_Target150_200","OPF_PROFILE_0.1","20260211-1210-BULL-OBS-001262-Z001262-OC","20260211-1220-Long-1264","2026-02-11T12:25:00.0000000",1265,"EXIT_FILLED","SL","Long","ObservationConfirm_WideStop1_5R",25243.50,3,""
"OPF-20260725-170210","OPF_0.1","OPF_RESEARCH_2.17","MNQ_0.1","MNQ_1Contract_Target150_200","OPF_PROFILE_0.1","20260211-1210-BULL-OBS-001262-Z001262-OC","20260211-1220-Long-1264","2026-02-11T12:25:00.0000000",1265,"LIVE_ACCOUNT_PNL","Normal","Long","ObservationConfirm_WideStop1_5R",25243.50,3,"gross=-142|rawGross=-142|source=HistoricalReplayNormalized|commission=3.6|net=-145.6|dailyNet=-396"
"OPF-20260725-170210","OPF_0.1","OPF_RESEARCH_2.17","MNQ_0.1","MNQ_1Contract_Target150_200","OPF_PROFILE_0.1","20260211-1210-BULL-OBS-001262-Z001262-OC","20260211-1220-Long-1264","2026-02-11T12:25:00.0000000",1265,"PROTECTION_CLEANUP_PENDING","-","Long","ObservationConfirm_WideStop1_5R",0,0,"ExitFilled:SL"
"OPF-20260725-170210","OPF_0.1","OPF_RESEARCH_2.17","MNQ_0.1","MNQ_1Contract_Target150_200","OPF_PROFILE_0.1","20260211-1210-BULL-OBS-001262-Z001262-OC","20260211-1220-Long-1264","2026-02-11T12:25:00.0000000",1265,"PROTECTION_CLEANUP_CANCEL_SENT","-","Long","ObservationConfirm_WideStop1_5R",0,1,"reason=ExitFilled:SL|attempt=1"
"OPF-20260725-170210","OPF_0.1","OPF_RESEARCH_2.17","MNQ_0.1","MNQ_1Contract_Target150_200","OPF_PROFILE_0.1","20260211-1210-BULL-OBS-001262-Z001262-OC","20260211-1220-Long-1264","2026-02-11T12:25:00.0000000",1265,"CANCEL_SENT","TP","Long","ObservationConfirm_WideStop1_5R",25838.25,3,"ProtectionCleanup:ExitFilled:SL:TP"
"OPF-20260725-170210","OPF_0.1","OPF_RESEARCH_2.17","MNQ_0.1","MNQ_1Contract_Target150_200","OPF_PROFILE_0.1","20260211-1210-BULL-OBS-001262-Z001262-OC","20260211-1220-Long-1264","2026-02-11T12:30:00.0000000",1266,"PROTECTION_CLEANUP_DONE","-","Long","ObservationConfirm_WideStop1_5R",0,0,"ExitFilled:SL"
"OPF-20260725-170210","OPF_0.1","OPF_RESEARCH_2.17","MNQ_0.1","MNQ_1Contract_Target150_200","OPF_PROFILE_0.1","20260211-1200-BEAR-OBS-001260-Z001256-FR-RT","","2026-02-11T12:40:00.0000000",1268,"SKIP_STRATEGY_QUALITY","-","Long","FailureReverse_RetestFailed",25247.25,0,"SetupQualityTooLow:score=42,min=56"
"OPF-20260725-170210","OPF_0.1","OPF_RESEARCH_2.17","MNQ_0.1","MNQ_1Contract_Target150_200","OPF_PROFILE_0.1","20260211-1200-BEAR-OBS-001260-Z001256-FR-RT","","2026-02-11T12:40:00.0000000",1268,"SKIP_STRATEGY_QUALITY","-","Long","FailureReverse_RetestFailed_WideStop1_5R",25247.25,0,"SetupQualityTooLow:score=42,min=56"
"OPF-20260725-170210","OPF_0.1","OPF_RESEARCH_2.17","MNQ_0.1","MNQ_1Contract_Target150_200","OPF_PROFILE_0.1","20260211-1250-BEAR-OBS-001270-Z001270","","2026-02-11T12:50:00.0000000",1270,"SKIP_RISK_RR","-","Short","ZoneBirthResearch",25226.50,0,"EstimatedRRTooLow:rr=0.1692,min=0.25,reward=2.75,model=AggressiveExpansionV164Eligibility:NearestStructure"
"OPF-20260725-170210","OPF_0.1","OPF_RESEARCH_2.17","MNQ_0.1","MNQ_1Contract_Target150_200","OPF_PROFILE_0.1","20260211-1250-BEAR-OBS-001270-Z001270-FR","","2026-02-11T12:55:00.0000000",1271,"SKIP_RISK_RR","-","Long","FailureReverse_ObservationInvalidated",25247.25,0,"EstimatedRRTooLow:rr=0.0741,min=0.25,reward=0.5,model=AggressiveExpansionV164Eligibility:NearestStructure"
"OPF-20260725-170210","OPF_0.1","OPF_RESEARCH_2.17","MNQ_0.1","MNQ_1Contract_Target150_200","OPF_PROFILE_0.1","20260211-1250-BEAR-OBS-001270-Z001270-FR","","2026-02-11T12:55:00.0000000",1271,"SKIP_RISK_RR","-","Long","FailureReverse_ObservationInvalidated_WideStop1_5R",25247.25,0,"EstimatedRRTooLow:rr=0.0494,min=0.5,reward=0.5,model=AggressiveExpansionV164Eligibility:NearestStructure"
"OPF-20260725-170210","OPF_0.1","OPF_RESEARCH_2.17","MNQ_0.1","MNQ_1Contract_Target150_200","OPF_PROFILE_0.1","20260211-1250-BEAR-OBS-001270-Z001270-FR-RT","","2026-02-11T13:05:00.0000000",1273,"SKIP_STRATEGY_QUALITY","-","Long","FailureReverse_RetestFailed",25242.75,0,"SetupQualityTooLow:score=53,min=56"
"OPF-20260725-170210","OPF_0.1","OPF_RESEARCH_2.17","MNQ_0.1","MNQ_1Contract_Target150_200","OPF_PROFILE_0.1","20260211-1250-BEAR-OBS-001270-Z001270-FR-RT","","2026-02-11T13:05:00.0000000",1273,"SKIP_STRATEGY_QUALITY","-","Long","FailureReverse_RetestFailed_WideStop1_5R",25242.75,0,"SetupQualityTooLow:score=53,min=56"
"OPF-20260725-170210","OPF_0.1","OPF_RESEARCH_2.17","MNQ_0.1","MNQ_1Contract_Target150_200","OPF_PROFILE_0.1","20260211-1410-BEAR-OBS-001286-Z001286","","2026-02-11T14:10:00.0000000",1286,"EXPANSION_WAIT1_SCHEDULED","-","Short","ZoneBirthResearch",25420.00,0,"AggressiveExpansionWait1ScheduledV165:EntryBarTargetTouched:low=25410,target=25411"
"OPF-20260725-170210","OPF_0.1","OPF_RESEARCH_2.17","MNQ_0.1","MNQ_1Contract_Target150_200","OPF_PROFILE_0.1","20260211-1410-BEAR-OBS-001286-Z001286-OC","","2026-02-11T14:15:00.0000000",1287,"SKIP_RISK_RR","-","Short","ObservationConfirm",25412.50,0,"StrictEntryRiskBandExcludedV208:risk=13.5,excluded=(13.25,16]"
"OPF-20260725-170210","OPF_0.1","OPF_RESEARCH_2.17","MNQ_0.1","MNQ_1Contract_Target150_200","OPF_PROFILE_0.1","20260211-1410-BEAR-OBS-001286-Z001286-OC","","2026-02-11T14:15:00.0000000",1287,"SKIP_RISK_RR","-","Short","ObservationConfirm_WideStop1_5R",25412.50,0,"EstimatedRRTooLow:rr=0.1235,min=0.8,reward=2.5,model=NearestStructure"
"OPF-20260725-170210","OPF_0.1","OPF_RESEARCH_2.17","MNQ_0.1","MNQ_1Contract_Target150_200","OPF_PROFILE_0.1","20260211-1415-BEAR-OBS-001287-Z001286","","2026-02-11T14:15:00.0000000",1287,"SKIP_STRATEGY_QUALITY","-","Short","UnknownRegimeZoneTouch",25412.50,0,"SetupQualityTooLow:score=41,min=45"
"OPF-20260725-170210","OPF_0.1","OPF_RESEARCH_2.17","MNQ_0.1","MNQ_1Contract_Target150_200","OPF_PROFILE_0.1","20260211-1415-BEAR-OBS-001287-Z001286-OC","","2026-02-11T14:20:00.0000000",1288,"SKIP_STRATEGY_QUALITY","-","Short","ObservationConfirm",25415.25,0,"SetupQualityTooLow:score=49,min=56"
"OPF-20260725-170210","OPF_0.1","OPF_RESEARCH_2.17","MNQ_0.1","MNQ_1Contract_Target150_200","OPF_PROFILE_0.1","20260211-1415-BEAR-OBS-001287-Z001286-OC","","2026-02-11T14:20:00.0000000",1288,"SKIP_STRATEGY_QUALITY","-","Short","ObservationConfirm_WideStop1_5R",25415.25,0,"StrategyRegimeNotTrend:score=10|SetupQualityTooLow:score=49,min=70"
"OPF-20260725-170210","OPF_0.1","OPF_RESEARCH_2.17","MNQ_0.1","MNQ_1Contract_Target150_200","OPF_PROFILE_0.1","20260211-1415-BEAR-OBS-001287-Z001286-OC-STR","","2026-02-11T14:20:00.0000000",1288,"SKIP_EXECUTION_PATH_RULE","-","Short","ObservationStrict_Other",25415.25,0,"AggressiveExpansionV164SideDisabled:path=ObservationStrict_Other,side=Short"
"OPF-20260725-170210","OPF_0.1","OPF_RESEARCH_2.17","MNQ_0.1","MNQ_1Contract_Target150_200","OPF_PROFILE_0.1","20260211-1415-BEAR-OBS-001287-Z001286-OC-STR","","2026-02-11T14:20:00.0000000",1288,"SKIP_STRATEGY_QUALITY","-","Short","ObservationStrict_Other_WideStop1_5R",25415.25,0,"StrategyRegimeNotTrend:score=10|SetupQualityTooLow:score=49,min=70"
"OPF-20260725-170210","OPF_0.1","OPF_RESEARCH_2.17","MNQ_0.1","MNQ_1Contract_Target150_200","OPF_PROFILE_0.1","20260211-1525-BEAR-OBS-001301-Z001301","","2026-02-11T15:25:00.0000000",1301,"SKIP_RISK_RR","-","Short","ZoneBirthResearch",25076.75,0,"ZoneBirthShortV170RiskBandExcluded:risk=50,allowed=<=8|>12<=18|AggressiveExpansionV164RiskCapExceeded:risk=50,max=25|RiskTooWideHard:risk=50,max=25|EstimatedRRTooLow:rr=0.225,min=0.25,reward=11.25,model=AggressiveExpansionV164Eligibility:NearestStructure"
"OPF-20260725-170210","OPF_0.1","OPF_RESEARCH_2.17","MNQ_0.1","MNQ_1Contract_Target150_200","OPF_PROFILE_0.1","20260211-1525-BEAR-OBS-001301-Z001301-FR","","2026-02-11T15:30:00.0000000",1302,"EXPANSION_WAIT1_SCHEDULED","-","Long","FailureReverse_ObservationInvalidated",25133.50,0,"AggressiveExpansionWait1ScheduledV165:EntryBarStopTouched:low=25067.75,stop=25120.25"
"OPF-20260725-170210","OPF_0.1","OPF_RESEARCH_2.17","MNQ_0.1","MNQ_1Contract_Target150_200","OPF_PROFILE_0.1","20260211-1525-BEAR-OBS-001301-Z001301-FR","","2026-02-11T15:30:00.0000000",1302,"SKIP_RISK_RR","-","Long","FailureReverse_ObservationInvalidated_WideStop1_5R",25133.50,0,"EstimatedRRTooLow:rr=0.3521,min=0.5,reward=7,model=AggressiveExpansionV164Eligibility:NearestStructure"
"OPF-20260725-170210","OPF_0.1","OPF_RESEARCH_2.17","MNQ_0.1","MNQ_1Contract_Target150_200","OPF_PROFILE_0.1","20260211-1525-BEAR-OBS-001301-Z001301-FR-RT","","2026-02-11T15:40:00.0000000",1304,"SKIP_EXECUTION_PATH_RULE","-","Long","FailureReverse_RetestFailed",25181.00,0,"ActualPathDisabledV209:side=Long|path=FailureReverse_RetestFailed"
"OPF-20260725-170210","OPF_0.1","OPF_RESEARCH_2.17","MNQ_0.1","MNQ_1Contract_Target150_200","OPF_PROFILE_0.1","20260211-1525-BEAR-OBS-001301-Z001301-FR-RT","","2026-02-11T15:40:00.0000000",1304,"SKIP_EXECUTION_PATH_RULE","-","Long","FailureReverse_RetestFailed_WideStop1_5R",25181.00,0,"AggressiveExpansionV164SideDisabled:path=FailureReverse_RetestFailed_WideStop1_5R,side=Long"
"OPF-20260725-170210","OPF_0.1","OPF_RESEARCH_2.17","MNQ_0.1","MNQ_1Contract_Target150_200","OPF_PROFILE_0.1","20260211-1615-BULL-OBS-001311-Z001311","","2026-02-11T16:15:00.0000000",1311,"SKIP_STRATEGY_QUALITY","-","Long","ZoneBirthResearch",25249.25,0,"StrategyRegimeNotTrend:score=20|SetupQualityTooLow:score=41,min=45"
"OPF-20260725-170210","OPF_0.1","OPF_RESEARCH_2.17","MNQ_0.1","MNQ_1Contract_Target150_200","OPF_PROFILE_0.1","20260211-1615-BULL-OBS-001311-Z001311-OC","","2026-02-11T16:20:00.0000000",1312,"SKIP_RISK_RR","-","Long","ObservationConfirm",25265.75,0,"LongObservationWideRiskCutV137:risk=46,max=12|ObservationConfirmRiskCapExceeded:risk=46,max=12|RiskTooWideHard:risk=46,max=25|RiskTooWideVolAdjusted:risk=46,max=25,atr14=62.38"
"OPF-20260725-170210","OPF_0.1","OPF_RESEARCH_2.17","MNQ_0.1","MNQ_1Contract_Target150_200","OPF_PROFILE_0.1","20260211-1615-BULL-OBS-001311-Z001311-OC","","2026-02-11T16:20:00.0000000",1312,"SKIP_EXECUTION_PATH_RULE","-","Long","ObservationConfirm_WideStop1_5R",25265.75,0,"DailyVolumeFloorOnlyBeforeDailyTarget:trades=10,target=7,score=60,min=48"
"OPF-20260725-170210","OPF_0.1","OPF_RESEARCH_2.17","MNQ_0.1","MNQ_1Contract_Target150_200","OPF_PROFILE_0.1","20260211-1630-BEAR-OBS-001314-Z001314","","2026-02-11T16:30:00.0000000",1314,"SKIP_RISK_RR","-","Short","ZoneBirthResearch",25203.00,0,"ZoneBirthShortV170RiskBandExcluded:risk=35.75,allowed=<=8|>12<=18|AggressiveExpansionV164RiskCapExceeded:risk=35.75,max=25|RiskTooWideHard:risk=35.75,max=25|EstimatedRRTooLow:rr=0.0559,min=0.25,reward=2,model=AggressiveExpansionV164Eligibility:NearestStructure"
"OPF-20260725-170210","OPF_0.1","OPF_RESEARCH_2.17","MNQ_0.1","MNQ_1Contract_Target150_200","OPF_PROFILE_0.1","20260211-1630-BEAR-OBS-001314-Z001314-OC","","2026-02-11T16:35:00.0000000",1315,"SKIP_STRATEGY_QUALITY","-","Short","ObservationConfirm",25225.75,0,"SetupQualityTooLow:score=50,min=56"
"OPF-20260725-170210","OPF_0.1","OPF_RESEARCH_2.17","MNQ_0.1","MNQ_1Contract_Target150_200","OPF_PROFILE_0.1","20260211-1630-BEAR-OBS-001314-Z001314-OC","","2026-02-11T16:35:00.0000000",1315,"SKIP_STRATEGY_QUALITY","-","Short","ObservationConfirm_WideStop1_5R",25225.75,0,"StrategyRegimeNotTrend:score=30|SetupQualityTooLow:score=50,min=70"
"OPF-20260725-170210","OPF_0.1","OPF_RESEARCH_2.17","MNQ_0.1","MNQ_1Contract_Target150_200","OPF_PROFILE_0.1","20260211-1640-BEAR-OBS-001316-Z001314","","2026-02-11T16:40:00.0000000",1316,"SKIP_STRATEGY_QUALITY","-","Short","UnknownRegimeZoneTouch",25228.75,0,"SetupQualityTooLow:score=33,min=45"
"OPF-20260725-170210","OPF_0.1","OPF_RESEARCH_2.17","MNQ_0.1","MNQ_1Contract_Target150_200","OPF_PROFILE_0.1","20260211-1640-BEAR-OBS-001316-Z001314-OC","","2026-02-11T16:45:00.0000000",1317,"SKIP_STRATEGY_QUALITY","-","Short","ObservationConfirm",25204.00,0,"SetupQualityTooLow:score=52,min=56"
"OPF-20260725-170210","OPF_0.1","OPF_RESEARCH_2.17","MNQ_0.1","MNQ_1Contract_Target150_200","OPF_PROFILE_0.1","20260211-1640-BEAR-OBS-001316-Z001314-OC","","2026-02-11T16:45:00.0000000",1317,"SKIP_STRATEGY_QUALITY","-","Short","ObservationConfirm_WideStop1_5R",25204.00,0,"StrategyRegimeNotTrend:score=40|SetupQualityTooLow:score=52,min=70"
"OPF-20260725-170210","OPF_0.1","OPF_RESEARCH_2.17","MNQ_0.1","MNQ_1Contract_Target150_200","OPF_PROFILE_0.1","20260211-1700-BEAR-BRK-001320-Z001320","","2026-02-11T17:00:00.0000000",1320,"SKIP_RISK_RR","-","Short","BreakawayFvg",25150.00,0,"BreakawayVolumeV128RiskCapExceeded:risk=43.75,max=30,side=Short"
"OPF-20260725-170210","OPF_0.1","OPF_RESEARCH_2.17","MNQ_0.1","MNQ_1Contract_Target150_200","OPF_PROFILE_0.1","20260211-1700-BEAR-OBS-001320-Z001320","","2026-02-11T17:00:00.0000000",1320,"SKIP_RISK_RR","-","Short","ZoneBirthResearch",25150.00,0,"ZoneBirthShortV170RiskBandExcluded:risk=43.75,allowed=<=8|>12<=18|AggressiveExpansionV164RiskCapExceeded:risk=43.75,max=25|RiskTooWideHard:risk=43.75,max=25"
"OPF-20260725-170210","OPF_0.1","OPF_RESEARCH_2.17","MNQ_0.1","MNQ_1Contract_Target150_200","OPF_PROFILE_0.1","20260211-1700-BEAR-OBS-001320-Z001320-FR","","2026-02-11T17:05:00.0000000",1321,"EXPANSION_WAIT1_SCHEDULED","-","Long","FailureReverse_ObservationInvalidated",25207.00,0,"AggressiveExpansionWait1ScheduledV165:EntryBarStopTouched:low=25149.5,stop=25183.5"
"OPF-20260725-170210","OPF_0.1","OPF_RESEARCH_2.17","MNQ_0.1","MNQ_1Contract_Target150_200","OPF_PROFILE_0.1","20260211-1700-BEAR-OBS-001320-Z001320-FR","","2026-02-11T17:05:00.0000000",1321,"SKIP_RISK_RR","-","Long","FailureReverse_ObservationInvalidated_WideStop1_5R",25207.00,0,"AggressiveExpansionV164RiskCapExceeded:risk=35.25,max=25|RiskTooWideHard:risk=35.25,max=25|EstimatedRRTooLow:rr=0.2057,min=0.5,reward=7.25,model=AggressiveExpansionV164Eligibility:NearestStructure"
"OPF-20260725-170210","OPF_0.1","OPF_RESEARCH_2.17","MNQ_0.1","MNQ_1Contract_Target150_200","OPF_PROFILE_0.1","20260211-1710-BULL-OBS-001322-Z001322","","2026-02-11T17:10:00.0000000",1322,"SKIP_EXECUTION_PATH_RULE","-","Long","ZoneBirthResearch",25212.25,0,"AggressiveExpansionV164SideDisabled:path=ZoneBirthResearch,side=Long"
"OPF-20260725-170210","OPF_0.1","OPF_RESEARCH_2.17","MNQ_0.1","MNQ_1Contract_Target150_200","OPF_PROFILE_0.1","20260211-1710-BULL-OBS-001322-Z001322-OC","","2026-02-11T17:15:00.0000000",1323,"SKIP_RISK_RR","-","Long","ObservationConfirm",25220.00,0,"LongObservationWideRiskCutV137:risk=36.5,max=12|ObservationConfirmRiskCapExceeded:risk=36.5,max=12|RiskTooWideHard:risk=36.5,max=25|RiskTooWideVolAdjusted:risk=36.5,max=25,atr14=47.86"
"OPF-20260725-170210","OPF_0.1","OPF_RESEARCH_2.17","MNQ_0.1","MNQ_1Contract_Target150_200","OPF_PROFILE_0.1","20260211-1710-BULL-OBS-001322-Z001322-OC","","2026-02-11T17:15:00.0000000",1323,"SKIP_EXECUTION_PATH_RULE","-","Long","ObservationConfirm_WideStop1_5R",25220.00,0,"DailyVolumeFloorOnlyBeforeDailyTarget:trades=10,target=7,score=56,min=48"
"OPF-20260725-170210","OPF_0.1","OPF_RESEARCH_2.17","MNQ_0.1","MNQ_1Contract_Target150_200","OPF_PROFILE_0.1","20260211-1700-BEAR-OBS-001320-Z001320-FR-RT","","2026-02-11T17:15:00.0000000",1323,"SKIP_EXECUTION_PATH_RULE","-","Long","FailureReverse_RetestFailed",25220.00,0,"ActualPathDisabledV209:side=Long|path=FailureReverse_RetestFailed"
"OPF-20260725-170210","OPF_0.1","OPF_RESEARCH_2.17","MNQ_0.1","MNQ_1Contract_Target150_200","OPF_PROFILE_0.1","20260211-1700-BEAR-OBS-001320-Z001320-FR-RT","","2026-02-11T17:15:00.0000000",1323,"SKIP_EXECUTION_PATH_RULE","-","Long","FailureReverse_RetestFailed_WideStop1_5R",25220.00,0,"AggressiveExpansionV164SideDisabled:path=FailureReverse_RetestFailed_WideStop1_5R,side=Long"
"OPF-20260725-170210","OPF_0.1","OPF_RESEARCH_2.17","MNQ_0.1","MNQ_1Contract_Target150_200","OPF_PROFILE_0.1","20260211-1725-BULL-OBS-001325-Z001325","","2026-02-11T17:25:00.0000000",1325,"SKIP_EXECUTION_PATH_RULE","-","Long","ZoneBirthResearch",25289.50,0,"AggressiveExpansionV164SideDisabled:path=ZoneBirthResearch,side=Long"
"OPF-20260725-170210","OPF_0.1","OPF_RESEARCH_2.17","MNQ_0.1","MNQ_1Contract_Target150_200","OPF_PROFILE_0.1","20260211-1725-BULL-OBS-001325-Z001325-OC","","2026-02-11T17:30:00.0000000",1326,"SKIP_STRATEGY_QUALITY","-","Long","ObservationConfirm",25277.75,0,"SetupQualityTooLow:score=50,min=56"
"OPF-20260725-170210","OPF_0.1","OPF_RESEARCH_2.17","MNQ_0.1","MNQ_1Contract_Target150_200","OPF_PROFILE_0.1","20260211-1725-BULL-OBS-001325-Z001325-OC","","2026-02-11T17:30:00.0000000",1326,"SKIP_STRATEGY_QUALITY","-","Long","ObservationConfirm_WideStop1_5R",25277.75,0,"StrategyRegimeNotTrend:score=30|SetupQualityTooLow:score=50,min=70"
"OPF-20260725-170210","OPF_0.1","OPF_RESEARCH_2.17","MNQ_0.1","MNQ_1Contract_Target150_200","OPF_PROFILE_0.1","20260211-1725-BULL-OBS-001325-Z001325-OC-STR","","2026-02-11T17:30:00.0000000",1326,"SKIP_EXECUTION_PATH_RULE","-","Long","ObservationStrict_BullFresh_WideStop1_5R",25277.75,0,"ActualPathDisabledV209:side=Long|path=ObservationStrict_BullFresh_WideStop1_5R"
"OPF-20260725-170210","OPF_0.1","OPF_RESEARCH_2.17","MNQ_0.1","MNQ_1Contract_Target150_200","OPF_PROFILE_0.1","20260211-1745-BULL-OBS-001329-Z001329","","2026-02-11T17:45:00.0000000",1329,"SKIP_STRATEGY_QUALITY","-","Long","ZoneBirthResearch",25303.00,0,"StrategyRegimeNotTrend:score=30|SetupQualityTooLow:score=41,min=45"
"OPF-20260725-170210","OPF_0.1","OPF_RESEARCH_2.17","MNQ_0.1","MNQ_1Contract_Target150_200","OPF_PROFILE_0.1","20260211-1745-BULL-OBS-001329-Z001329-OC","","2026-02-11T17:50:00.0000000",1330,"SKIP_RISK_RR","-","Long","ObservationConfirm",25305.25,0,"LongObservationWideRiskCutV137:risk=23.75,max=12|ObservationConfirmRiskCapExceeded:risk=23.75,max=12|RiskTooWideVolAdjusted:risk=23.75,max=22.95,atr14=38.25"
"OPF-20260725-170210","OPF_0.1","OPF_RESEARCH_2.17","MNQ_0.1","MNQ_1Contract_Target150_200","OPF_PROFILE_0.1","20260211-1745-BULL-OBS-001329-Z001329-OC","","2026-02-11T17:50:00.0000000",1330,"SKIP_EXECUTION_PATH_RULE","-","Long","ObservationConfirm_WideStop1_5R",25305.25,0,"DailyVolumeFloorOnlyBeforeDailyTarget:trades=10,target=7,score=56,min=48"
"OPF-20260725-170210","OPF_0.1","OPF_RESEARCH_2.17","MNQ_0.1","MNQ_1Contract_Target150_200","OPF_PROFILE_0.1","20260211-1800-BULL-OBS-001332-Z001325","","2026-02-11T18:00:00.0000000",1332,"SKIP_STRATEGY_QUALITY","-","Long","UnknownRegimeZoneTouch",25257.00,0,"StrategyRegimeNotTrend:score=20|SetupQualityTooLow:score=30,min=70"
"OPF-20260725-170210","OPF_0.1","OPF_RESEARCH_2.17","MNQ_0.1","MNQ_1Contract_Target150_200","OPF_PROFILE_0.1","20260211-1800-BULL-OBS-001332-Z001325-FR","","2026-02-11T18:05:00.0000000",1333,"SKIP_EXECUTION_PATH_RULE","-","Short","FailureReverse_ObservationInvalidated",25230.75,0,"ActualPathDisabledV209:side=Short|path=FailureReverse_ObservationInvalidated"
"OPF-20260725-170210","OPF_0.1","OPF_RESEARCH_2.17","MNQ_0.1","MNQ_1Contract_Target150_200","OPF_PROFILE_0.1","20260211-1800-BULL-OBS-001332-Z001325-FR","","2026-02-11T18:05:00.0000000",1333,"SKIP_RISK_RR","-","Short","FailureReverse_ObservationInvalidated_WideStop1_5R",25230.75,0,"AggressiveExpansionV164RiskCapExceeded:risk=35.25,max=25|RiskTooWideHard:risk=35.25,max=25"
"OPF-20260725-170210","OPF_0.1","OPF_RESEARCH_2.17","MNQ_0.1","MNQ_1Contract_Target150_200","OPF_PROFILE_0.1","20260211-1810-BEAR-OBS-001334-Z001334","","2026-02-11T18:10:00.0000000",1334,"SKIP_RISK_RR","-","Short","ZoneBirthResearch",25210.75,0,"ZoneBirthShortV170RiskBandExcluded:risk=31.75,allowed=<=8|>12<=18|AggressiveExpansionV164RiskCapExceeded:risk=31.75,max=25|RiskTooWideHard:risk=31.75,max=25"
"OPF-20260725-170210","OPF_0.1","OPF_RESEARCH_2.17","MNQ_0.1","MNQ_1Contract_Target150_200","OPF_PROFILE_0.1","20260211-1815-BEAR-OBS-001335-Z001334","","2026-02-11T18:15:00.0000000",1335,"SKIP_STRATEGY_QUALITY","-","Short","UnknownRegimeZoneTouch",25238.75,0,"SetupQualityTooLow:score=27,min=45"
"OPF-20260725-170210","OPF_0.1","OPF_RESEARCH_2.17","MNQ_0.1","MNQ_1Contract_Target150_200","OPF_PROFILE_0.1","20260211-1815-BEAR-OBS-001335-Z001334-FR","","2026-02-11T18:20:00.0000000",1336,"SKIP_RISK_RR","-","Long","FailureReverse_ObservationInvalidated",25246.25,0,"StrictEntryRiskBandExcludedV208:risk=15.75,excluded=(13.25,16]"
"OPF-20260725-170210","OPF_0.1","OPF_RESEARCH_2.17","MNQ_0.1","MNQ_1Contract_Target150_200","OPF_PROFILE_0.1","20260211-1815-BEAR-OBS-001335-Z001334-FR","","2026-02-11T18:20:00.0000000",1336,"SKIP_STRATEGY_QUALITY","-","Long","FailureReverse_ObservationInvalidated_WideStop1_5R",25246.25,0,"SetupQualityTooLow:score=42,min=45"
"OPF-20260725-170210","OPF_0.1","OPF_RESEARCH_2.17","MNQ_0.1","MNQ_1Contract_Target150_200","OPF_PROFILE_0.1","20260211-1810-BEAR-OBS-001334-Z001334-FR","","2026-02-11T18:20:00.0000000",1336,"SKIP_RISK_RR","-","Long","FailureReverse_ObservationInvalidated",25246.25,0,"StrictEntryRiskBandExcludedV208:risk=15.75,excluded=(13.25,16]"
"OPF-20260725-170210","OPF_0.1","OPF_RESEARCH_2.17","MNQ_0.1","MNQ_1Contract_Target150_200","OPF_PROFILE_0.1","20260211-1810-BEAR-OBS-001334-Z001334-FR","","2026-02-11T18:20:00.0000000",1336,"SKIP_RISK_RR","-","Long","FailureReverse_ObservationInvalidated_WideStop1_5R",25246.25,0,"EstimatedRRTooLow:rr=0.3493,min=0.5,reward=8.25,model=AggressiveExpansionV164Eligibility:NearestStructure"
"OPF-20260725-170210","OPF_0.1","OPF_RESEARCH_2.17","MNQ_0.1","MNQ_1Contract_Target150_200","OPF_PROFILE_0.1","20260211-1810-BEAR-OBS-001334-Z001334-FR-RT","","2026-02-11T18:30:00.0000000",1338,"SKIP_STRATEGY_QUALITY","-","Long","FailureReverse_RetestFailed",25261.50,0,"SetupQualityTooLow:score=50,min=56"
"OPF-20260725-170210","OPF_0.1","OPF_RESEARCH_2.17","MNQ_0.1","MNQ_1Contract_Target150_200","OPF_PROFILE_0.1","20260211-1810-BEAR-OBS-001334-Z001334-FR-RT","","2026-02-11T18:30:00.0000000",1338,"SKIP_STRATEGY_QUALITY","-","Long","FailureReverse_RetestFailed_WideStop1_5R",25261.50,0,"SetupQualityTooLow:score=50,min=56"
"OPF-20260725-170210","OPF_0.1","OPF_RESEARCH_2.17","MNQ_0.1","MNQ_1Contract_Target150_200","OPF_PROFILE_0.1","20260211-1815-BEAR-OBS-001335-Z001334-FR-RT","","2026-02-11T18:30:00.0000000",1338,"SKIP_STRATEGY_QUALITY","-","Long","FailureReverse_RetestFailed",25261.50,0,"SetupQualityTooLow:score=42,min=56"
"OPF-20260725-170210","OPF_0.1","OPF_RESEARCH_2.17","MNQ_0.1","MNQ_1Contract_Target150_200","OPF_PROFILE_0.1","20260211-1815-BEAR-OBS-001335-Z001334-FR-RT","","2026-02-11T18:30:00.0000000",1338,"SKIP_STRATEGY_QUALITY","-","Long","FailureReverse_RetestFailed_WideStop1_5R",25261.50,0,"SetupQualityTooLow:score=42,min=56"
"OPF-20260725-170210","OPF_0.1","OPF_RESEARCH_2.17","MNQ_0.1","MNQ_1Contract_Target150_200","OPF_PROFILE_0.1","20260211-1925-BULL-OBS-001349-Z001349","","2026-02-11T19:25:00.0000000",1349,"SKIP_EXECUTION_PATH_RULE","-","Long","ZoneBirthResearch",25348.75,0,"AggressiveExpansionV164SideDisabled:path=ZoneBirthResearch,side=Long"
"OPF-20260725-170210","OPF_0.1","OPF_RESEARCH_2.17","MNQ_0.1","MNQ_1Contract_Target150_200","OPF_PROFILE_0.1","20260211-1925-BULL-OBS-001349-Z001349-OC","","2026-02-11T19:30:00.0000000",1350,"SKIP_RISK_RR","-","Long","ObservationConfirm",25344.25,0,"StrictEntryRiskBandExcludedV208:risk=15,excluded=(13.25,16]|LongObservationWideRiskCutV137:risk=15,max=12|ObservationConfirmRiskCapExceeded:risk=15,max=12"
"OPF-20260725-170210","OPF_0.1","OPF_RESEARCH_2.17","MNQ_0.1","MNQ_1Contract_Target150_200","OPF_PROFILE_0.1","20260211-1925-BULL-OBS-001349-Z001349-OC","","2026-02-11T19:30:00.0000000",1350,"SKIP_RISK_RR","-","Long","ObservationConfirm_WideStop1_5R",25344.25,0,"OCWideStopLongExpansionV163DailyCap:count=1,max=1"
"OPF-20260725-170210","OPF_0.1","OPF_RESEARCH_2.17","MNQ_0.1","MNQ_1Contract_Target150_200","OPF_PROFILE_0.1","20260211-1930-BULL-OBS-001350-Z001349","","2026-02-11T19:30:00.0000000",1350,"SKIP_EXECUTION_PATH_RULE","-","Long","UnknownRegimeZoneTouch",25344.25,0,"AggressiveExpansionV164SideDisabled:path=UnknownRegimeZoneTouch,side=Long"
"OPF-20260725-170210","OPF_0.1","OPF_RESEARCH_2.17","MNQ_0.1","MNQ_1Contract_Target150_200","OPF_PROFILE_0.1","20260211-1930-BULL-OBS-001350-Z001349-OC","","2026-02-11T19:40:00.0000000",1352,"SKIP_RISK_RR","-","Long","ObservationConfirm",25341.75,0,"LongObservationWideRiskCutV137:risk=12.5,max=12|ObservationConfirmRiskCapExceeded:risk=12.5,max=12"
"OPF-20260725-170210","OPF_0.1","OPF_RESEARCH_2.17","MNQ_0.1","MNQ_1Contract_Target150_200","OPF_PROFILE_0.1","20260211-1930-BULL-OBS-001350-Z001349-OC","20260211-1940-Long-1352","2026-02-11T19:40:00.0000000",1352,"ENTRY_SEND","ENTRY","Long","ObservationConfirm_WideStop1_5R",25341.75,3,"stop=25323|target=25398"
"OPF-20260725-170210","OPF_0.1","OPF_RESEARCH_2.17","MNQ_0.1","MNQ_1Contract_Target150_200","OPF_PROFILE_0.1","20260211-1930-BULL-OBS-001350-Z001349-OC","20260211-1940-Long-1352","2026-02-11T19:40:00.0000000",1352,"ENTRY_QUOTE_PREFLIGHT_OK_V178","ENTRY","Long","ObservationConfirm_WideStop1_5R",25341.50,3,"bid=25341.75|ask=25342|barLag=0|marketSequence=273391"
"OPF-20260725-170210","OPF_0.1","OPF_RESEARCH_2.17","MNQ_0.1","MNQ_1Contract_Target150_200","OPF_PROFILE_0.1","20260211-1930-BULL-OBS-001350-Z001349-OC","20260211-1940-Long-1352","2026-02-11T19:40:00.0000000",1352,"MYTRADE","ENTRY","Long","ObservationConfirm_WideStop1_5R",25342.00,3,"orderExt=3282508|orderState=Done|orderType=Market|orderDir=Buy|orderPrice=0|orderTrig=0|orderUnfilled=0"
"OPF-20260725-170210","OPF_0.1","OPF_RESEARCH_2.17","MNQ_0.1","MNQ_1Contract_Target150_200","OPF_PROFILE_0.1","20260211-1930-BULL-OBS-001350-Z001349-OC","20260211-1940-Long-1352","2026-02-11T19:40:00.0000000",1352,"PROTECTION_QUOTE_PREFLIGHT_OK_V178","-","Long","ObservationConfirm_WideStop1_5R",25341.50,3,"bid=25341.75|ask=25342|barLag=0"
"OPF-20260725-170210","OPF_0.1","OPF_RESEARCH_2.17","MNQ_0.1","MNQ_1Contract_Target150_200","OPF_PROFILE_0.1","20260211-1930-BULL-OBS-001350-Z001349-OC","20260211-1940-Long-1352","2026-02-11T19:40:00.0000000",1352,"SL_SENT","SL","Long","ObservationConfirm_WideStop1_5R",25323.00,3,"OPF-20260211-1940-Long-1352"
"OPF-20260725-170210","OPF_0.1","OPF_RESEARCH_2.17","MNQ_0.1","MNQ_1Contract_Target150_200","OPF_PROFILE_0.1","20260211-1930-BULL-OBS-001350-Z001349-OC","20260211-1940-Long-1352","2026-02-11T19:40:00.0000000",1352,"TP_SENT","TP","Long","ObservationConfirm_WideStop1_5R",25899.00,3,"HistoricalDormantTargetV181|intended=25399|ext=3282510"
"OPF-20260725-170210","OPF_0.1","OPF_RESEARCH_2.17","MNQ_0.1","MNQ_1Contract_Target150_200","OPF_PROFILE_0.1","20260211-1930-BULL-OBS-001350-Z001349-OC","20260211-1940-Long-1352","2026-02-11T19:40:00.0000000",1352,"HISTORICAL_DORMANT_TP_SENT_V181","TP","Long","ObservationConfirm_WideStop1_5R",25899.00,3,"intended=25399|ext=3282510|activateAfterObservedTargetTouch"
"OPF-20260725-170210","OPF_0.1","OPF_RESEARCH_2.17","MNQ_0.1","MNQ_1Contract_Target150_200","OPF_PROFILE_0.1","20260211-1930-BULL-OBS-001350-Z001349-OC","20260211-1940-Long-1352","2026-02-11T19:40:00.0000000",1352,"PROTECTIVE_EXIT_CALLBACK_PENDING_V187","SL","Long","ObservationConfirm_WideStop1_5R",25323.00,3,"ext=3282509|src=OnOrderChanged"
"OPF-20260725-170210","OPF_0.1","OPF_RESEARCH_2.17","MNQ_0.1","MNQ_1Contract_Target150_200","OPF_PROFILE_0.1","20260211-1930-BULL-OBS-001350-Z001349-OC","20260211-1940-Long-1352","2026-02-11T19:40:00.0000000",1352,"MYTRADE","SL","Long","ObservationConfirm_WideStop1_5R",25322.00,3,"orderExt=3282509|orderState=Done|orderType=Stop|orderDir=Sell|orderPrice=0|orderTrig=25323|orderUnfilled=0"
"OPF-20260725-170210","OPF_0.1","OPF_RESEARCH_2.17","MNQ_0.1","MNQ_1Contract_Target150_200","OPF_PROFILE_0.1","20260211-1930-BULL-OBS-001350-Z001349-OC","20260211-1940-Long-1352","2026-02-11T19:40:00.0000000",1352,"PROTECTIVE_EXIT_CALLBACK_RESOLVED_V187","SL","Long","ObservationConfirm_WideStop1_5R",25322.00,3,"orderExt=3282509"
"OPF-20260725-170210","OPF_0.1","OPF_RESEARCH_2.17","MNQ_0.1","MNQ_1Contract_Target150_200","OPF_PROFILE_0.1","20260211-1930-BULL-OBS-001350-Z001349-OC","20260211-1940-Long-1352","2026-02-11T19:40:00.0000000",1352,"EXIT_FILLED","SL","Long","ObservationConfirm_WideStop1_5R",25322.00,3,""
"OPF-20260725-170210","OPF_0.1","OPF_RESEARCH_2.17","MNQ_0.1","MNQ_1Contract_Target150_200","OPF_PROFILE_0.1","20260211-1930-BULL-OBS-001350-Z001349-OC","20260211-1940-Long-1352","2026-02-11T19:40:00.0000000",1352,"LIVE_ACCOUNT_PNL","Normal","Long","ObservationConfirm_WideStop1_5R",25322.00,3,"gross=-120|rawGross=-120|source=HistoricalReplayNormalized|commission=3.6|net=-123.6|dailyNet=-519.6"
"OPF-20260725-170210","OPF_0.1","OPF_RESEARCH_2.17","MNQ_0.1","MNQ_1Contract_Target150_200","OPF_PROFILE_0.1","20260211-1930-BULL-OBS-001350-Z001349-OC","20260211-1940-Long-1352","2026-02-11T19:40:00.0000000",1352,"PROTECTION_CLEANUP_PENDING","-","Long","ObservationConfirm_WideStop1_5R",0,0,"ExitFilled:SL"
"OPF-20260725-170210","OPF_0.1","OPF_RESEARCH_2.17","MNQ_0.1","MNQ_1Contract_Target150_200","OPF_PROFILE_0.1","20260211-1930-BULL-OBS-001350-Z001349-OC","20260211-1940-Long-1352","2026-02-11T19:40:00.0000000",1352,"PROTECTION_CLEANUP_CANCEL_SENT","-","Long","ObservationConfirm_WideStop1_5R",0,1,"reason=ExitFilled:SL|attempt=1"
"OPF-20260725-170210","OPF_0.1","OPF_RESEARCH_2.17","MNQ_0.1","MNQ_1Contract_Target150_200","OPF_PROFILE_0.1","20260211-1930-BULL-OBS-001350-Z001349-OC","20260211-1940-Long-1352","2026-02-11T19:40:00.0000000",1352,"CANCEL_SENT","TP","Long","ObservationConfirm_WideStop1_5R",25899.00,3,"ProtectionCleanup:ExitFilled:SL:TP"
"OPF-20260725-170210","OPF_0.1","OPF_RESEARCH_2.17","MNQ_0.1","MNQ_1Contract_Target150_200","OPF_PROFILE_0.1","20260211-1930-BULL-OBS-001350-Z001349-OC","20260211-1940-Long-1352","2026-02-11T19:40:00.0000000",1352,"PROTECTION_CLEANUP_DONE","-","Long","ObservationConfirm_WideStop1_5R",0,0,"ExitFilled:SL"
"OPF-20260725-170210","OPF_0.1","OPF_RESEARCH_2.17","MNQ_0.1","MNQ_1Contract_Target150_200","OPF_PROFILE_0.1","20260211-2025-BEAR-OBS-001361-Z001361","","2026-02-11T20:25:00.0000000",1361,"SKIP_RISK_RR","-","Short","ZoneBirthResearch",25285.00,0,"ZoneBirthShortV170RiskBandExcluded:risk=19,allowed=<=8|>12<=18|EstimatedRRTooLow:rr=0.1842,min=0.25,reward=3.5,model=AggressiveExpansionV164Eligibility:NearestStructure"
"OPF-20260725-170210","OPF_0.1","OPF_RESEARCH_2.17","MNQ_0.1","MNQ_1Contract_Target150_200","OPF_PROFILE_0.1","20260211-2025-BEAR-OBS-001361-Z001361-OC","","2026-02-11T20:30:00.0000000",1362,"SKIP_RISK_RR","-","Short","ObservationConfirm",25278.25,0,"ObservationConfirmRiskCapExceeded:risk=25.75,max=18|RiskTooWideHard:risk=25.75,max=25|RiskTooWideVolAdjusted:risk=25.75,max=13.67,atr14=22.79"
"OPF-20260725-170210","OPF_0.1","OPF_RESEARCH_2.17","MNQ_0.1","MNQ_1Contract_Target150_200","OPF_PROFILE_0.1","20260211-2025-BEAR-OBS-001361-Z001361-OC","","2026-02-11T20:30:00.0000000",1362,"SKIP_RISK_RR","-","Short","ObservationConfirm_WideStop1_5R",25278.25,0,"ObservationConfirmWideStopVolumeV131RiskCapExceeded:risk=38.62,max=22,side=Short|RiskTooWideHard:risk=38.62,max=25|EstimatedRRTooLow:rr=0.0129,min=0.8,reward=0.5,model=NearestStructure"
"OPF-20260725-170210","OPF_0.1","OPF_RESEARCH_2.17","MNQ_0.1","MNQ_1Contract_Target150_200","OPF_PROFILE_0.1","20260211-2040-BULL-OBS-001364-Z001364","","2026-02-11T20:40:00.0000000",1364,"SKIP_STRATEGY_QUALITY","-","Long","ZoneBirthResearch",25305.00,0,"StrategyRegimeNotTrend:score=20|SetupQualityTooLow:score=38,min=45"
"OPF-20260725-170210","OPF_0.1","OPF_RESEARCH_2.17","MNQ_0.1","MNQ_1Contract_Target150_200","OPF_PROFILE_0.1","20260211-2040-BULL-OBS-001364-Z001364-OC","","2026-02-11T20:45:00.0000000",1365,"SKIP_RISK_RR","-","Long","ObservationConfirm",25317.00,0,"LongObservationWideRiskCutV137:risk=26,max=12|ObservationConfirmRiskCapExceeded:risk=26,max=12|RiskTooWideHard:risk=26,max=25|RiskTooWideVolAdjusted:risk=26,max=14.06,atr14=23.43"
"OPF-20260725-170210","OPF_0.1","OPF_RESEARCH_2.17","MNQ_0.1","MNQ_1Contract_Target150_200","OPF_PROFILE_0.1","20260211-2040-BULL-OBS-001364-Z001364-OC","","2026-02-11T20:45:00.0000000",1365,"SKIP_EXECUTION_PATH_RULE","-","Long","ObservationConfirm_WideStop1_5R",25317.00,0,"DailyVolumeFloorOnlyBeforeDailyTarget:trades=11,target=7,score=60,min=48"
"OPF-20260725-170210","OPF_0.1","OPF_RESEARCH_2.17","MNQ_0.1","MNQ_1Contract_Target150_200","OPF_PROFILE_0.1","20260211-2050-BULL-OBS-001366-Z001364","","2026-02-11T20:50:00.0000000",1366,"SKIP_STRATEGY_QUALITY","-","Long","UnknownRegimeZoneTouch",25312.25,0,"StrategyRegimeNotTrend:score=20|SetupQualityTooLow:score=33,min=70"
"OPF-20260725-170210","OPF_0.1","OPF_RESEARCH_2.17","MNQ_0.1","MNQ_1Contract_Target150_200","OPF_PROFILE_0.1","20260211-2050-BULL-OBS-001366-Z001364-FR","","2026-02-11T20:55:00.0000000",1367,"SKIP_EXECUTION_PATH_RULE","-","Short","FailureReverse_ObservationInvalidated",25278.25,0,"ActualPathDisabledV209:side=Short|path=FailureReverse_ObservationInvalidated"
"OPF-20260725-170210","OPF_0.1","OPF_RESEARCH_2.17","MNQ_0.1","MNQ_1Contract_Target150_200","OPF_PROFILE_0.1","20260211-2050-BULL-OBS-001366-Z001364-FR","","2026-02-11T20:55:00.0000000",1367,"SKIP_RISK_RR","-","Short","FailureReverse_ObservationInvalidated_WideStop1_5R",25278.25,0,"AggressiveExpansionV164RiskCapExceeded:risk=33,max=25|RiskTooWideHard:risk=33,max=25|EstimatedRRTooLow:rr=0.1288,min=0.25,reward=4.25,model=AggressiveExpansionV164Eligibility:NearestStructure"
"OPF-20260725-170210","OPF_0.1","OPF_RESEARCH_2.17","MNQ_0.1","MNQ_1Contract_Target150_200","OPF_PROFILE_0.1","20260211-2050-BULL-OBS-001366-Z001364-FR-RT","","2026-02-11T21:05:00.0000000",1369,"SKIP_STRATEGY_QUALITY","-","Short","FailureReverse_RetestFailed",25278.00,0,"SetupQualityTooLow:score=52,min=56"
"OPF-20260725-170210","OPF_0.1","OPF_RESEARCH_2.17","MNQ_0.1","MNQ_1Contract_Target150_200","OPF_PROFILE_0.1","20260211-2050-BULL-OBS-001366-Z001364-FR-RT","","2026-02-11T21:05:00.0000000",1369,"SKIP_EXECUTION_PATH_RULE","-","Short","FailureReverse_RetestFailed_WideStop1_5R",25278.00,0,"ActualPathDisabledV209:side=Short|path=FailureReverse_RetestFailed_WideStop1_5R"
