"SnapshotID","EntryTime","ExitTime","SignalID","TradeID","Side","ResearchPath","AppliedExitPolicy","InitialRiskPoints","Source","ExitReason","GrossDollars","NetDollars","DailyTradeCount","DailyNetDollars"
"OPF-20260722-043828","2025-10-01T00:00:00.0000000","2025-10-01T00:00:00.0000000","20251001-0000-BEAR-OBS-001128-Z001128","20251001-0000-Short-1128","Short","ZoneBirthResearch","","4.25","ActualTrade","SPLIT_BASE_SL_RUNNER_SL","-18.00","-20.40","1","-20.40"
"OPF-20260722-043828","2025-10-01T01:05:00.0000000","2025-10-01T01:20:00.0000000","20251001-0100-BEAR-OBS-001140-Z001140-OC","20251001-0105-Short-1141","Short","ObservationConfirm","","12.75","ActualTrade","SL","-51.00","-53.40","2","-73.80"
"OPF-20260722-043828","2025-10-01T02:05:00.0000000","2025-10-01T02:10:00.0000000","20251001-0150-BULL-OBS-001150-Z001149-FR","20251001-0205-Short-1153","Short","FailureReverse_ObservationInvalidated","","8.75","ActualTrade","SL","-1.00","-3.40","3","-77.20"
"OPF-20260722-043828","2025-10-01T03:15:00.0000000","2025-10-01T06:40:00.0000000","20251001-0310-BEAR-OBS-001166-Z001165-OC","20251001-0315-Short-1167","Short","ObservationConfirm","","16.00","ActualTrade","TP","196.00","193.60","4","116.40"
"OPF-20260722-043828","2025-10-01T08:50:00.0000000","2025-10-01T10:35:00.0000000","20251001-0845-BULL-OBS-001233-Z001233-OC","20251001-0850-Long-1234","Long","ObservationConfirm_WideStop1_5R","Fixed2_5R","16.88","ExitPolicyOverride:Fixed2_5R","TimeStop","38.00","35.60","5","152.00"
"OPF-20260722-043828","2025-10-01T10:40:00.0000000","2025-10-01T11:00:00.0000000","20251001-1035-BEAR-OBS-001255-Z001254-OC","","Short","ObservationConfirm","","21.25","ShadowTrade","Stop","-85.00","-87.40","6","64.60"
"OPF-20260722-043828","2025-10-01T12:10:00.0000000","2025-10-01T12:15:00.0000000","20251001-1205-BEAR-OBS-001273-Z001273-OC","20251001-1210-Short-1274","Short","ObservationConfirm","","6.25","ActualTrade","SL","0.00","-2.40","7","62.20"
"OPF-20260722-043828","2025-10-01T12:25:00.0000000","2025-10-01T13:30:00.0000000","20251001-1220-BEAR-OBS-001276-Z001273-OC","","Short","ObservationConfirm_WideStop1_5R","","21.75","ShadowTrade","Stop","-87.00","-89.40","8","-27.20"
"OPF-20260722-043828","2025-10-01T16:35:00.0000000","2025-10-01T16:40:00.0000000","20251001-1630-BULL-OBS-001326-Z001326-OC","20251001-1635-Long-1327","Long","ObservationConfirm_WideStop1_5R","Fixed2_5R","7.50","ExitPolicyOverride:Fixed2_5R","Stop","-30.00","-32.40","9","-59.60"
"OPF-20260722-043828","2025-10-01T20:05:00.0000000","2025-10-01T20:50:00.0000000","20251001-2000-BEAR-OBS-001368-Z001368-OC","20251001-2005-Short-1369","Short","ObservationConfirm","","18.25","ActualTrade","SESSION_FLATTEN","-43.00","-45.40","10","-105.00"
"OPF-20260722-044048","2025-10-02T02:05:00.0000000","2025-10-02T03:05:00.0000000","20251002-0200-BULL-OBS-001152-Z001150-FR","20251002-0205-Short-1153","Short","FailureReverse_ObservationInvalidated","","8.00","ActualTrade","SL","1.00","-1.40","1","-1.40"
"OPF-20260722-044048","2025-10-02T03:25:00.0000000","2025-10-02T04:00:00.0000000","20251002-0320-BEAR-OBS-001168-Z001153-OC","20251002-0325-Short-1169","Short","ObservationConfirm","","15.75","ActualTrade","SL","-64.00","-66.40","2","-67.80"
"OPF-20260722-044048","2025-10-02T04:25:00.0000000","2025-10-02T04:40:00.0000000","20251002-0420-BEAR-OBS-001180-Z001180-OC","20251002-0425-Short-1181","Short","ObservationConfirm","","5.50","ActualTrade","SL","-22.00","-24.40","3","-92.20"
"OPF-20260722-044048","2025-10-02T04:50:00.0000000","2025-10-02T05:50:00.0000000","20251002-0445-BULL-OBS-001185-Z001185-OC","20251002-0450-Long-1186","Long","ObservationConfirm_WideStop1_5R","Fixed2_5R","6.75","ExitPolicyOverride:Fixed2_5R","TimeStop","38.00","35.60","4","-56.60"
"OPF-20260722-044048","2025-10-02T07:15:00.0000000","2025-10-02T07:20:00.0000000","20251002-0710-BULL-OBS-001214-Z001214-OC","20251002-0715-Long-1215","Long","ObservationConfirm_WideStop1_5R","Fixed2_5R","6.75","ExitPolicyOverride:Fixed2_5R","Stop","-27.00","-29.40","5","-86.00"
"OPF-20260722-044048","2025-10-02T09:30:00.0000000","2025-10-02T09:55:00.0000000","20251002-0930-BEAR-OBS-001242-Z001242","20251002-0930-Short-1242","Short","ZoneBirthResearch","","15.75","ActualTrade","SPLIT_BASE_SL_RUNNER_SL","-62.00","-64.40","6","-150.40"
"OPF-20260722-044048","2025-10-02T11:25:00.0000000","2025-10-02T13:00:00.0000000","20251002-1120-BULL-OBS-001264-Z001263-OC","20251002-1125-Long-1265","Long","ObservationConfirm_WideStop1_5R","Fixed2_5R","15.00","ExitPolicyOverride:Fixed2_5R","Target","150.00","147.60","7","-2.80"
"OPF-20260722-044048","2025-10-02T13:05:00.0000000","2025-10-02T13:30:00.0000000","20251002-1300-BULL-OBS-001284-Z001284-OC","","Long","ObservationConfirm_WideStop1_5R","Fixed2_5R","20.62","ExitPolicyOverride:Fixed2_5R","Stop","-82.48","-84.88","8","-87.68"
"OPF-20260722-044048","2025-10-02T18:20:00.0000000","2025-10-02T20:50:00.0000000","20251002-1815-BULL-OBS-001347-Z001347-OC","20251002-1820-Long-1348","Long","ObservationConfirm_WideStop1_5R","Fixed2_5R","24.00","ExitPolicyOverride:Fixed2_5R","TimeStop","-16.00","-18.40","9","-106.08"
"OPF-20260722-044225","2025-10-02T22:55:00.0000000","2025-10-03T00:10:00.0000000","20251002-2250-BULL-OBS-001114-Z001114-OC","20251002-2255-Long-1115","Long","ObservationConfirm_WideStop1_5R","Fixed2_5R","11.62","ExitPolicyOverride:Fixed2_5R","Target","116.20","113.80","1","113.80"
"OPF-20260722-044225","2025-10-03T00:45:00.0000000","2025-10-03T05:30:00.0000000","20251003-0040-BULL-OBS-001136-Z001136-OC","20251003-0045-Long-1137","Long","ObservationConfirm_WideStop1_5R","Fixed2_5R","15.38","ExitPolicyOverride:Fixed2_5R","Target","153.80","151.40","2","265.20"
"OPF-20260722-044225","2025-10-03T05:35:00.0000000","2025-10-03T05:45:00.0000000","20251003-0530-BULL-OBS-001194-Z001194-OC","","Long","ObservationConfirm_WideStop1_5R","Fixed2_5R","6.38","ExitPolicyOverride:Fixed2_5R","Stop","-25.52","-27.92","3","237.28"
"OPF-20260722-044225","2025-10-03T05:50:00.0000000","2025-10-03T06:10:00.0000000","20251003-0550-BEAR-OBS-001198-Z001198","","Short","ZoneBirthResearch","","7.25","ShadowTrade","Base:Target|Runner:ProtectBE","36.25","33.85","4","271.13"
"OPF-20260722-044225","2025-10-03T06:20:00.0000000","2025-10-03T07:20:00.0000000","20251003-0615-BULL-OBS-001203-Z001203-OC","","Long","ObservationConfirm_WideStop1_5R","Fixed2_5R","15.00","ExitPolicyOverride:Fixed2_5R","TimeStop","3.00","0.60","5","271.73"
"OPF-20260722-044225","2025-10-03T07:40:00.0000000","2025-10-03T08:40:00.0000000","20251003-0735-BULL-OBS-001219-Z001203-OC","","Long","ObservationConfirm_WideStop1_5R","Fixed2_5R","15.38","ExitPolicyOverride:Fixed2_5R","TimeStop","-5.00","-7.40","6","264.33"
"OPF-20260722-044225","2025-10-03T09:25:00.0000000","2025-10-03T09:30:00.0000000","20251003-0920-BEAR-OBS-001240-Z001240-OC","","Short","ObservationConfirm","","4.25","ShadowTrade","Stop","-17.00","-19.40","7","244.93"
"OPF-20260722-044225","2025-10-03T10:20:00.0000000","2025-10-03T10:35:00.0000000","20251003-1010-BULL-OBS-001250-Z001247-FR","","Short","FailureReverse_ObservationInvalidated_WideStop1_5R","","5.62","ShadowTrade","TargetOrProtectBE:ConservativeProtectBE","0","-2.4","8","242.53"
"OPF-20260722-044225","2025-10-03T10:45:00.0000000","2025-10-03T11:55:00.0000000","20251003-1040-BEAR-OBS-001256-Z001255-OC","","Short","ObservationConfirm_WideStop1_5R","","13.12","ShadowTrade","TargetOrProtectBE:ConservativeProtectBE","0","-2.4","9","240.13"
"OPF-20260722-044225","2025-10-03T12:00:00.0000000","2025-10-03T12:25:00.0000000","20251003-1155-BEAR-OBS-001271-Z001271-OC","20251003-1200-Short-1272","Short","ObservationConfirm","","12.00","ActualTrade","SL","-12.50","-14.90","10","225.23"
"OPF-20260722-044225","2025-10-03T13:15:00.0000000","2025-10-03T13:25:00.0000000","20251003-1250-BEAR-OBS-001282-Z001281-FR-RT","20251003-1315-Long-1287","Long","FailureReverse_RetestFailed","","7.75","ActualTrade","SL","1.00","-1.40","11","223.83"
"OPF-20260722-044225","2025-10-03T16:05:00.0000000","2025-10-03T16:20:00.0000000","20251003-1600-BULL-OBS-001320-Z001320-OC-STR","20251003-1605-Long-1321","Long","ObservationStrict_BullFresh_WideStop1_5R","","12.00","ActualTrade","SL","-49.50","-51.90","12","171.93"
"OPF-20260722-044225","2025-10-03T16:30:00.0000000","2025-10-03T16:40:00.0000000","20251003-1625-BULL-OBS-001325-Z001319-OC","20251003-1630-Long-1326","Long","ObservationConfirm_WideStop1_5R","Fixed2_5R","23.25","ExitPolicyOverride:Fixed2_5R","Stop","-93.00","-95.40","13","76.53"
"OPF-20260722-044225","2025-10-03T16:45:00.0000000","2025-10-03T16:55:00.0000000","20251003-1640-BEAR-OBS-001328-Z001328-OC","20251003-1645-Short-1329","Short","ObservationConfirm","","18.00","ActualTrade","TP","222.00","219.60","14","296.13"
"OPF-20260722-044225","2025-10-03T18:35:00.0000000","2025-10-03T18:35:00.0000000","20251003-1825-BULL-OBS-001349-Z001349-FR","20251003-1835-Short-1351","Short","FailureReverse_ObservationInvalidated_WideStop1_5R","","10.88","ActualTrade","SL","-45.00","-47.40","15","248.73"
"OPF-20260722-044412","2025-10-06T00:30:00.0000000","2025-10-06T01:25:00.0000000","20251006-0025-BEAR-OBS-001133-Z001133-OC","20251006-0030-Short-1134","Short","ObservationConfirm","","11.25","ActualTrade","SL","-47.00","-49.40","1","-49.40"
"OPF-20260722-044412","2025-10-06T01:40:00.0000000","2025-10-06T03:55:00.0000000","20251006-0135-BULL-OBS-001147-Z001147-OC","20251006-0140-Long-1148","Long","ObservationConfirm_WideStop1_5R","Fixed2_5R","13.50","ExitPolicyOverride:Fixed2_5R","TimeStop","61.00","58.60","2","9.20"
"OPF-20260722-044412","2025-10-06T04:05:00.0000000","2025-10-06T04:05:00.0000000","20251006-0405-BEAR-OBS-001177-Z001177","20251006-0405-Short-1177","Short","ZoneBirthResearch","","5.00","ActualTrade","SPLIT_BASE_SL_RUNNER_SL","-21.00","-23.40","3","-14.20"
"OPF-20260722-044412","2025-10-06T04:20:00.0000000","2025-10-06T05:05:00.0000000","20251006-0405-BEAR-OBS-001177-Z001177-FR-RT","","Long","FailureReverse_RetestFailed","","9.50","ShadowTrade","ProtectBE","0.00","-2.40","4","-16.60"
"OPF-20260722-044412","2025-10-06T05:10:00.0000000","2025-10-06T07:50:00.0000000","20251006-0505-BEAR-OBS-001189-Z001189-OC","","Short","ObservationConfirm_WideStop1_5R","","21.38","ShadowTrade","ProtectBE","0.00","-2.40","5","-19.00"
"OPF-20260722-044412","2025-10-06T09:05:00.0000000","2025-10-06T09:20:00.0000000","20251006-0900-BULL-OBS-001236-Z001236-OC","20251006-0905-Long-1237","Long","ObservationConfirm_WideStop1_5R","Fixed2_5R","4.50","ExitPolicyOverride:Fixed2_5R","Target","45.00","42.60","6","23.60"
"OPF-20260722-044412","2025-10-06T09:45:00.0000000","2025-10-06T09:50:00.0000000","20251006-0940-BULL-OBS-001244-Z001244-FR","20251006-0945-Short-1245","Short","FailureReverse_ObservationInvalidated_WideStop1_5R","","8.62","ActualTrade","SL","-34.00","-36.40","7","-12.80"
"OPF-20260722-044412","2025-10-06T11:35:00.0000000","2025-10-06T12:00:00.0000000","20251006-1130-BULL-OBS-001266-Z001266-OC","20251006-1135-Long-1267","Long","ObservationConfirm_WideStop1_5R","Fixed2_5R","16.88","ExitPolicyOverride:Fixed2_5R","Target","168.80","166.40","8","153.60"
"OPF-20260722-044412","2025-10-06T12:20:00.0000000","2025-10-06T12:30:00.0000000","20251006-1210-BULL-OBS-001274-Z001274-OC","20251006-1220-Long-1276","Long","ObservationConfirm_WideStop1_5R","Fixed2_5R","18.00","ExitPolicyOverride:Fixed2_5R","Stop","-72.00","-74.40","9","79.20"
"OPF-20260722-044412","2025-10-06T16:00:00.0000000","2025-10-06T16:15:00.0000000","20251006-1555-BULL-OBS-001319-Z001319-FR","20251006-1600-Short-1320","Short","FailureReverse_ObservationInvalidated_WideStop1_5R","","15.00","ActualTrade","SL","0.00","-2.40","10","76.80"
"OPF-20260722-044412","2025-10-06T19:25:00.0000000","2025-10-06T19:40:00.0000000","20251006-1920-BEAR-OBS-001360-Z001360-OC","20251006-1925-Short-1361","Short","ObservationConfirm","","7.75","ActualTrade","TP","93.00","90.60","11","167.40"
"OPF-20260722-044412","2025-10-06T20:00:00.0000000","2025-10-06T20:50:00.0000000","20251006-2000-BEAR-OBS-001368-Z001368","20251006-2000-Short-1368","Short","ZoneBirthResearch","","6.25","ActualTrade","SPLIT_BASE_SESSION_FLATTEN_RUNNER_SESSION_FLATTEN","16.00","13.60","12","181.00"
"OPF-20260722-044613","2025-10-07T02:20:00.0000000","2025-10-07T02:25:00.0000000","20251007-0220-BEAR-OBS-001156-Z001156","20251007-0220-Short-1156","Short","ZoneBirthResearch","","5.75","ActualTrade","SPLIT_BASE_SL_RUNNER_SL","-22.00","-24.40","1","-24.40"
"OPF-20260722-044613","2025-10-07T03:20:00.0000000","2025-10-07T06:15:00.0000000","20251007-0315-BULL-OBS-001167-Z001167-OC","20251007-0320-Long-1168","Long","ObservationConfirm_WideStop1_5R","Fixed2_5R","13.12","ExitPolicyOverride:Fixed2_5R","TimeStop","14.00","11.60","2","-12.80"
"OPF-20260722-044613","2025-10-07T06:30:00.0000000","2025-10-07T06:40:00.0000000","20251007-0630-BEAR-OBS-001206-Z001205","20251007-0630-Short-1206","Short","UnknownRegimeZoneTouch","","8.75","ActualTrade","SL","-1.00","-3.40","3","-16.20"
"OPF-20260722-044613","2025-10-07T07:10:00.0000000","2025-10-07T07:25:00.0000000","20251007-0705-BEAR-OBS-001213-Z001213-OC","20251007-0710-Short-1214","Short","ObservationConfirm","","10.75","ActualTrade","SL","-44.00","-46.40","4","-62.60"
"OPF-20260722-044613","2025-10-07T07:40:00.0000000","2025-10-07T08:10:00.0000000","20251007-0735-BULL-OBS-001219-Z001218-OC","20251007-0740-Long-1220","Long","ObservationConfirm_WideStop1_5R","Fixed2_5R","11.25","ExitPolicyOverride:Fixed2_5R","Stop","-45.00","-47.40","5","-110.00"
"OPF-20260722-044613","2025-10-07T09:00:00.0000000","2025-10-07T11:00:00.0000000","20251007-0855-BULL-OBS-001235-Z001235-OC","20251007-0900-Long-1236","Long","ObservationConfirm_WideStop1_5R","Fixed2_5R","19.12","ExitPolicyOverride:Fixed2_5R","TimeStop","18.00","15.60","6","-94.40"
"OPF-20260722-044613","2025-10-07T11:35:00.0000000","2025-10-07T11:55:00.0000000","20251007-1130-BULL-OBS-001266-Z001266-OC","20251007-1135-Long-1267","Long","ObservationConfirm_WideStop1_5R","Fixed2_5R","7.88","ExitPolicyOverride:Fixed2_5R","Target","78.80","76.40","7","-18.00"
"OPF-20260722-044613","2025-10-07T12:10:00.0000000","2025-10-07T12:10:00.0000000","20251007-1210-BEAR-OBS-001274-Z001274","20251007-1210-Short-1274","Short","ZoneBirthResearch","","5.75","ActualTrade","SPLIT_BASE_SL_RUNNER_SL","-22.50","-24.90","8","-42.90"
"OPF-20260722-044613","2025-10-07T12:25:00.0000000","2025-10-07T12:45:00.0000000","20251007-1210-BEAR-OBS-001274-Z001274-FR-RT","20251007-1225-Long-1277","Long","FailureReverse_RetestFailed","","8.50","ActualTrade","TP","123.00","120.60","9","77.70"
"OPF-20260722-044613","2025-10-07T13:05:00.0000000","2025-10-07T13:15:00.0000000","20251007-1300-BULL-OBS-001284-Z001284-OC","20251007-1305-Long-1285","Long","ObservationConfirm_WideStop1_5R","Fixed2_5R","22.50","ExitPolicyOverride:Fixed2_5R","Stop","-90.00","-92.40","10","-14.70"
"OPF-20260722-044613","2025-10-07T13:25:00.0000000","2025-10-07T13:25:00.0000000","20251007-1320-BULL-OBS-001288-Z001282-OC-STR","20251007-1325-Long-1289","Long","ObservationStrict_Other","","6.00","ActualTrade","SL","-21.00","-23.40","11","-38.10"
"OPF-20260722-044613","2025-10-07T19:00:00.0000000","2025-10-07T19:35:00.0000000","20251007-1810-BEAR-SHD-001346-Z001330","20251007-1900-Short-1356","Short","ShadowCandidate","","17.00","ActualTrade","SL","-68.00","-70.40","12","-108.50"
"OPF-20260722-044756","2025-10-07T23:55:00.0000000","2025-10-07T23:55:00.0000000","20251007-2355-BEAR-OBS-001127-Z001127","20251007-2355-Short-1127","Short","ZoneBirthResearch","","5.50","ActualTrade","SPLIT_BASE_SL_RUNNER_SL","-25.50","-27.90","1","-27.90"
"OPF-20260722-044756","2025-10-08T00:50:00.0000000","2025-10-08T05:45:00.0000000","20251008-0045-BULL-OBS-001137-Z001136-OC-STR","20251008-0050-Long-1138","Long","ObservationStrict_Other","","18.50","ActualTrade","SL","0.00","-2.40","2","-30.30"
"OPF-20260722-044756","2025-10-08T06:10:00.0000000","2025-10-08T06:30:00.0000000","20251008-0605-BEAR-OBS-001201-Z001201-OC","20251008-0610-Short-1202","Short","ObservationConfirm","","6.25","ActualTrade","TP","84.50","82.10","3","51.80"
"OPF-20260722-044756","2025-10-08T07:00:00.0000000","2025-10-08T07:10:00.0000000","20251008-0655-BEAR-OBS-001211-Z001201-OC","20251008-0700-Short-1212","Short","ObservationConfirm","","5.75","ActualTrade","SL","0.00","-2.40","4","49.40"
"OPF-20260722-044756","2025-10-08T07:30:00.0000000","2025-10-08T08:35:00.0000000","20251008-0725-BULL-OBS-001217-Z001217-OC","20251008-0730-Long-1218","Long","ObservationConfirm_WideStop1_5R","Fixed2_5R","14.62","ExitPolicyOverride:Fixed2_5R","Target","146.20","143.80","5","193.20"
"OPF-20260722-044756","2025-10-08T08:40:00.0000000","2025-10-08T08:55:00.0000000","20251008-0835-BULL-OBS-001231-Z001231-OC","","Long","ObservationConfirm_WideStop1_5R","Fixed2_5R","21.38","ExitPolicyOverride:Fixed2_5R","Stop","-85.52","-87.92","6","105.28"
"OPF-20260722-044756","2025-10-08T09:05:00.0000000","2025-10-08T09:35:00.0000000","20251008-0845-BULL-OBS-001233-Z001231-FR-RT","","Short","FailureReverse_RetestFailed_WideStop1_5R","","11.25","ShadowTrade","ProtectBE","0.00","-2.40","7","102.88"
"OPF-20260722-044756","2025-10-08T09:40:00.0000000","2025-10-08T10:10:00.0000000","20251008-0935-BULL-OBS-001243-Z001243-OC","","Long","ObservationConfirm_WideStop1_5R","Fixed2_5R","12.00","ExitPolicyOverride:Fixed2_5R","Stop","-48.00","-50.40","8","52.48"
"OPF-20260722-044756","2025-10-08T11:20:00.0000000","2025-10-08T13:20:00.0000000","20251008-1120-BEAR-OBS-001264-Z001264","20251008-1120-Short-1264","Short","ZoneBirthResearch","","17.75","ActualTrade","SPLIT_BASE_SL_RUNNER_SL","-77.00","-79.40","9","-26.92"
"OPF-20260722-044756","2025-10-08T15:30:00.0000000","2025-10-08T16:45:00.0000000","20251008-1525-BULL-OBS-001313-Z001313-OC-STR","20251008-1530-Long-1314","Long","ObservationStrict_BullFresh_WideStop1_5R","","19.88","ActualTrade","SL","1.00","-1.40","10","-28.32"
"OPF-20260722-044756","2025-10-08T19:25:00.0000000","2025-10-08T20:50:00.0000000","20251008-1920-BULL-OBS-001360-Z001360-OC","20251008-1925-Long-1361","Long","ObservationConfirm_WideStop1_5R","Fixed2_5R","24.75","ExitPolicyOverride:Fixed2_5R","TimeStop","170.00","167.60","11","139.28"
"OPF-20260722-044957","2025-10-09T00:00:00.0000000","2025-10-09T01:05:00.0000000","20251008-2355-BEAR-OBS-001127-Z001127-OC","20251009-0000-Short-1128","Short","ObservationConfirm","","11.75","ActualTrade","TP","146.00","143.60","1","143.60"
"OPF-20260722-044957","2025-10-09T01:40:00.0000000","2025-10-09T02:20:00.0000000","20251009-0135-BEAR-OBS-001147-Z001147-OC","20251009-0140-Short-1148","Short","ObservationConfirm","","8.00","ActualTrade","SL","0.00","-2.40","2","141.20"
"OPF-20260722-044957","2025-10-09T02:45:00.0000000","2025-10-09T03:15:00.0000000","20251009-0240-BEAR-OBS-001160-Z001160-OC","20251009-0245-Short-1161","Short","ObservationConfirm","","12.00","ActualTrade","SL","-56.00","-58.40","3","82.80"
"OPF-20260722-044957","2025-10-09T04:35:00.0000000","2025-10-09T04:35:00.0000000","20251009-0435-BEAR-OBS-001183-Z001183","20251009-0435-Short-1183","Short","ZoneBirthResearch","","3.00","ActualTrade","SPLIT_BASE_SL_RUNNER_SL","-15.00","-17.40","4","65.40"
"OPF-20260722-044957","2025-10-09T04:50:00.0000000","2025-10-09T05:10:00.0000000","20251009-0445-BULL-OBS-001185-Z001185-OC","20251009-0450-Long-1186","Long","ObservationConfirm_WideStop1_5R","Fixed2_5R","6.00","ExitPolicyOverride:Fixed2_5R","Target","60.00","57.60","5","123.00"
"OPF-20260722-044957","2025-10-09T05:45:00.0000000","2025-10-09T06:05:00.0000000","20251009-0535-BULL-OBS-001195-Z001194-FR","","Short","FailureReverse_ObservationInvalidated_WideStop1_5R","","22.88","ShadowTrade","Stop","-91.52","-93.92","6","29.08"
"OPF-20260722-044957","2025-10-09T06:10:00.0000000","2025-10-09T06:25:00.0000000","20251009-0605-BULL-OBS-001201-Z001201-OC","20251009-0610-Long-1202","Long","ObservationConfirm_WideStop1_5R","Fixed2_5R","16.12","ExitPolicyOverride:Fixed2_5R","Stop","-64.48","-66.88","7","-37.80"
"OPF-20260722-044957","2025-10-09T06:35:00.0000000","2025-10-09T06:35:00.0000000","20251009-0610-BULL-OBS-001202-Z001201-FR-RT","20251009-0635-Short-1207","Short","FailureReverse_RetestFailed","","5.75","ActualTrade","SL","-26.00","-28.40","8","-66.20"
"OPF-20260722-044957","2025-10-09T06:55:00.0000000","2025-10-09T09:35:00.0000000","20251009-0650-BEAR-OBS-001210-Z001210-OC","","Short","ObservationConfirm_WideStop1_5R","","21.38","ShadowTrade","ProtectBE","0.00","-2.40","9","-68.60"
"OPF-20260722-044957","2025-10-09T09:45:00.0000000","2025-10-09T10:55:00.0000000","20251009-0930-BEAR-OBS-001242-Z001227-OC","20251009-0945-Short-1245","Short","ObservationConfirm","","13.25","ActualTrade","SL","-1.00","-3.40","10","-72.00"
"OPF-20260722-044957","2025-10-09T11:00:00.0000000","2025-10-09T11:10:00.0000000","20251009-1050-BEAR-OBS-001258-Z001254-FR","","Long","FailureReverse_ObservationInvalidated","","6.75","ShadowTrade","ProtectBE","0.00","-2.40","11","-74.40"
"OPF-20260722-044957","2025-10-09T11:50:00.0000000","2025-10-09T11:55:00.0000000","20251009-1135-BULL-OBS-001267-Z001265-FR-RT","20251009-1150-Short-1270","Short","FailureReverse_RetestFailed_WideStop1_5R","","5.62","ActualTrade","SL","-1.00","-3.40","12","-77.80"
"OPF-20260722-044957","2025-10-09T16:00:00.0000000","2025-10-09T16:20:00.0000000","20251009-1555-BULL-OBS-001319-Z001319-OC","","Long","ObservationConfirm_WideStop1_5R","Fixed2_5R","24.75","ExitPolicyOverride:Fixed2_5R","Stop","-99.00","-101.40","13","-179.20"
"OPF-20260722-044957","2025-10-09T20:15:00.0000000","2025-10-09T20:50:00.0000000","20251009-2015-BEAR-OBS-001371-Z001371","20251009-2015-Short-1371","Short","ZoneBirthResearch","","13.00","ActualTrade","SPLIT_BASE_SESSION_FLATTEN_RUNNER_SESSION_FLATTEN","6.00","3.60","14","-175.60"
"OPF-20260722-045149","2025-10-10T00:10:00.0000000","2025-10-10T00:45:00.0000000","20251010-0010-BEAR-OBS-001130-Z001130","20251010-0010-Short-1130","Short","ZoneBirthResearch","","4.75","ActualTrade","SPLIT_BASE_SL_RUNNER_SL","-24.00","-26.40","1","-26.40"
"OPF-20260722-045149","2025-10-10T01:00:00.0000000","2025-10-10T02:50:00.0000000","20251010-0055-BULL-OBS-001139-Z001139-OC","20251010-0100-Long-1140","Long","ObservationConfirm_WideStop1_5R","Fixed2_5R","12.75","ExitPolicyOverride:Fixed2_5R","TimeStop","2.00","-0.40","2","-26.80"
"OPF-20260722-045149","2025-10-10T03:05:00.0000000","2025-10-10T04:50:00.0000000","20251010-0305-BEAR-OBS-001165-Z001165","20251010-0305-Short-1165","Short","ZoneBirthResearch","","6.50","ActualTrade","SPLIT_BASE_TP_RUNNER_TP","94.00","91.60","3","64.80"
"OPF-20260722-045149","2025-10-10T05:00:00.0000000","2025-10-10T05:10:00.0000000","20251010-0455-BEAR-OBS-001187-Z001187-OC","20251010-0500-Short-1188","Short","ObservationConfirm","","15.25","ActualTrade","SL","-65.00","-67.40","4","-2.60"
"OPF-20260722-045149","2025-10-10T05:40:00.0000000","2025-10-10T06:35:00.0000000","20251010-0535-BULL-OBS-001195-Z001195-OC","20251010-0540-Long-1196","Long","ObservationConfirm_WideStop1_5R","Fixed2_5R","10.50","ExitPolicyOverride:Fixed2_5R","Stop","-42.00","-44.40","5","-47.00"
"OPF-20260722-045149","2025-10-10T06:50:00.0000000","2025-10-10T06:55:00.0000000","20251010-0650-BEAR-OBS-001210-Z001210","20251010-0650-Short-1210","Short","ZoneBirthResearch","","13.75","ActualTrade","SPLIT_BASE_SL_RUNNER_SL","-50.00","-52.40","6","-99.40"
"OPF-20260722-045149","2025-10-10T10:00:00.0000000","2025-10-10T10:05:00.0000000","20251010-1000-BEAR-OBS-001248-Z001247","","Short","UnknownRegimeZoneTouch","","6.00","ShadowTrade","Stop","-24.00","-26.40","7","-125.80"
"OPF-20260722-045149","2025-10-10T12:45:00.0000000","2025-10-10T12:55:00.0000000","20251010-1245-BEAR-OBS-001281-Z001281","20251010-1245-Short-1281","Short","ZoneBirthResearch","","15.00","ActualTrade","SPLIT_BASE_SL_RUNNER_SL","-61.00","-63.40","8","-189.20"
"OPF-20260722-045149","2025-10-10T13:20:00.0000000","2025-10-10T13:20:00.0000000","20251010-1310-BULL-OBS-001286-Z001285-FR","20251010-1320-Short-1288","Short","FailureReverse_ObservationInvalidated","","8.50","ActualTrade","SL","-44.00","-46.40","9","-235.60"
"OPF-20260722-045351","2025-10-13T01:30:00.0000000","2025-10-13T01:35:00.0000000","20251013-0125-BULL-OBS-001145-Z001145-OC","20251013-0130-Long-1146","Long","ObservationConfirm_WideStop1_5R","Fixed2_5R","19.12","ExitPolicyOverride:Fixed2_5R","Stop","-76.48","-78.88","1","-78.88"
"OPF-20260722-045351","2025-10-13T03:00:00.0000000","2025-10-13T03:00:00.0000000","20251013-0255-BEAR-OBS-001163-Z001163-OC","20251013-0300-Short-1164","Short","ObservationConfirm","","18.50","ActualTrade","SL","-76.00","-78.40","2","-157.28"
"OPF-20260722-045351","2025-10-13T03:30:00.0000000","2025-10-13T04:45:00.0000000","20251013-0315-BULL-OBS-001167-Z001166-FR","20251013-0330-Short-1170","Short","FailureReverse_ObservationInvalidated","","20.00","ActualTrade","SL","0.00","-2.40","3","-159.68"
"OPF-20260722-045351","2025-10-13T06:00:00.0000000","2025-10-13T06:05:00.0000000","20251013-0555-BULL-OBS-001199-Z001199-OC","20251013-0600-Long-1200","Long","ObservationConfirm_WideStop1_5R","Fixed2_5R","7.88","ExitPolicyOverride:Fixed2_5R","Stop","-31.52","-33.92","4","-193.60"
"OPF-20260722-045351","2025-10-13T06:15:00.0000000","2025-10-13T06:25:00.0000000","20251013-0615-BEAR-OBS-001203-Z001203","20251013-0615-Short-1203","Short","ZoneBirthResearch","","7.50","ActualTrade","SPLIT_BASE_SL_RUNNER_SL","-30.00","-32.40","5","-226.00"
"OPF-20260722-045351","2025-10-13T07:00:00.0000000","2025-10-13T07:10:00.0000000","20251013-0655-BULL-OBS-001211-Z001211-OC","20251013-0700-Long-1212","Long","ObservationConfirm_WideStop1_5R","Fixed2_5R","14.62","ExitPolicyOverride:Fixed2_5R","Target","146.20","143.80","6","-82.20"
"OPF-20260722-045351","2025-10-13T07:40:00.0000000","2025-10-13T07:40:00.0000000","20251013-0740-BULL-PB-001220-Z001217","20251013-0740-Long-1220","Long","AlmostConfirmed","","7.00","ActualTrade","SL","-28.00","-30.40","7","-112.60"
"OPF-20260722-045351","2025-10-13T07:45:00.0000000","2025-10-13T08:40:00.0000000","20251013-0745-BEAR-OBS-001221-Z001221","","Short","ZoneBirthResearch","","14.75","ShadowTrade","Base:Target|Runner:Target","191.75","189.35","8","76.75"
"OPF-20260722-045351","2025-10-13T17:05:00.0000000","2025-10-13T17:10:00.0000000","20251013-1700-BULL-OBS-001332-Z001332-OC-STR","","Long","ObservationStrict_BullFresh_WideStop1_5R","","14.25","ShadowTrade","Stop","-57.00","-59.40","9","17.35"
"OPF-20260722-045351","2025-10-13T18:45:00.0000000","2025-10-13T19:15:00.0000000","20251013-1845-BEAR-OBS-001353-Z001353","","Short","ZoneBirthResearch","","14.25","ShadowTrade","Base:Stop|Runner:Stop","-57.00","-59.40","10","-42.05"
"OPF-20260722-045351","2025-10-13T19:30:00.0000000","2025-10-13T19:35:00.0000000","20251013-1930-BEAR-OBS-001362-Z001362","20251013-1930-Short-1362","Short","ZoneBirthResearch","","5.75","ActualTrade","SPLIT_BASE_SL_RUNNER_SL","-21.00","-23.40","11","-65.45"
"OPF-20260722-045351","2025-10-13T20:10:00.0000000","2025-10-13T20:10:00.0000000","20251013-2005-BEAR-OBS-001369-Z001369-OC","20251013-2010-Short-1370","Short","ObservationConfirm_WideStop1_5R","","5.62","ActualTrade","SL","-15.00","-17.40","12","-82.85"
"OPF-20260722-045351","2025-10-13T20:40:00.0000000","2025-10-13T20:50:00.0000000","20251013-2035-BEAR-OBS-001375-Z001375-OC","20251013-2040-Short-1376","Short","ObservationConfirm","","6.75","ActualTrade","SESSION_FLATTEN","15.00","12.60","13","-70.25"
"OPF-20260722-045552","2025-10-13T22:55:00.0000000","2025-10-13T23:00:00.0000000","20251013-2250-BULL-OBS-001114-Z001114-OC","20251013-2255-Long-1115","Long","ObservationConfirm_WideStop1_5R","Fixed2_5R","13.88","ExitPolicyOverride:Fixed2_5R","Stop","-55.52","-57.92","1","-57.92"
"OPF-20260722-045552","2025-10-13T23:25:00.0000000","2025-10-13T23:30:00.0000000","20251013-2300-BULL-OBS-001116-Z001114-FR-RT","20251013-2325-Short-1121","Short","FailureReverse_RetestFailed_WideStop1_5R","","3.75","ActualTrade","SL","-2.00","-4.40","2","-62.32"
"OPF-20260722-045552","2025-10-13T23:35:00.0000000","2025-10-13T23:55:00.0000000","20251013-2335-BEAR-OBS-001123-Z001123","20251013-2335-Short-1123","Short","ZoneBirthResearch","","12.25","ActualTrade","SPLIT_BASE_SL_RUNNER_SL","-42.00","-44.40","3","-106.72"
"OPF-20260722-045552","2025-10-14T00:50:00.0000000","2025-10-14T01:05:00.0000000","20251014-0045-BULL-OBS-001137-Z001134-OC","20251014-0050-Long-1138","Long","ObservationConfirm_WideStop1_5R","Fixed2_5R","15.75","ExitPolicyOverride:Fixed2_5R","Stop","-63.00","-65.40","4","-172.12"
"OPF-20260722-045552","2025-10-14T02:40:00.0000000","2025-10-14T02:50:00.0000000","20251014-0235-BEAR-OBS-001159-Z001159-OC","","Short","ObservationConfirm_WideStop1_5R","","10.12","ShadowTrade","TargetOrProtectBE:ConservativeProtectBE","0","-2.4","5","-174.52"
"OPF-20260722-045552","2025-10-14T06:45:00.0000000","2025-10-14T07:05:00.0000000","20251014-0640-BEAR-OBS-001208-Z001208-OC","","Short","ObservationConfirm_WideStop1_5R","","15.00","ShadowTrade","TargetOrProtectBE:ConservativeProtectBE","0","-2.4","6","-176.92"
"OPF-20260722-045552","2025-10-14T07:20:00.0000000","2025-10-14T07:20:00.0000000","20251014-0650-BEAR-SHD-001210-Z001208","20251014-0720-Short-1216","Short","ShadowCandidate","","23.25","ActualTrade","SL","-98.50","-100.90","7","-277.82"
"OPF-20260722-045552","2025-10-14T10:00:00.0000000","2025-10-14T10:20:00.0000000","20251014-0955-BEAR-OBS-001247-Z001247-OC","20251014-1000-Short-1248","Short","ObservationConfirm","","15.75","ActualTrade","TP","201.00","198.60","8","-79.22"
"OPF-20260722-045552","2025-10-14T10:35:00.0000000","2025-10-14T10:40:00.0000000","20251014-1030-BEAR-OBS-001254-Z001254-OC","20251014-1035-Short-1255","Short","ObservationConfirm","","18.25","ActualTrade","TP","244.50","242.10","9","162.88"
"OPF-20260722-045552","2025-10-14T11:40:00.0000000","2025-10-14T11:45:00.0000000","20251014-1135-BEAR-OBS-001267-Z001247-OC","20251014-1140-Short-1268","Short","ObservationConfirm_WideStop1_5R","","9.38","ActualTrade","SL","1.00","-1.40","10","161.48"
"OPF-20260722-045552","2025-10-14T17:55:00.0000000","2025-10-14T18:05:00.0000000","20251014-1750-BULL-OBS-001342-Z001341-FR","20251014-1755-Short-1343","Short","FailureReverse_ObservationInvalidated_WideStop1_5R","","15.38","ActualTrade","SL","0.50","-1.90","11","159.58"
"OPF-20260722-045745","2025-10-14T23:30:00.0000000","2025-10-14T23:55:00.0000000","20251014-2330-BEAR-OBS-001122-Z001122","20251014-2330-Short-1122","Short","ZoneBirthResearch","","5.25","ActualTrade","SPLIT_BASE_TP_RUNNER_TP","79.50","77.10","1","77.10"
"OPF-20260722-045745","2025-10-15T00:05:00.0000000","2025-10-15T00:20:00.0000000","20251015-0000-BEAR-OBS-001128-Z001128-OC","20251015-0005-Short-1129","Short","ObservationConfirm","","16.00","ActualTrade","SL","0.00","-2.40","2","74.70"
"OPF-20260722-045745","2025-10-15T02:30:00.0000000","2025-10-15T02:30:00.0000000","20251015-0230-BULL-PB-001158-Z001157","20251015-0230-Long-1158","Long","AlmostConfirmed","","6.75","ActualTrade","SL","-27.00","-29.40","3","45.30"
"OPF-20260722-045745","2025-10-15T02:40:00.0000000","2025-10-15T03:20:00.0000000","20251015-0235-BEAR-OBS-001159-Z001159-OC","20251015-0240-Short-1160","Short","ObservationConfirm","","20.00","ActualTrade","SL","0.00","-2.40","4","42.90"
"OPF-20260722-045745","2025-10-15T03:50:00.0000000","2025-10-15T04:10:00.0000000","20251015-0345-BEAR-OBS-001173-Z001173-OC","20251015-0350-Short-1174","Short","ObservationConfirm_WideStop1_5R","","17.25","ActualTrade","SL","-72.00","-74.40","5","-31.50"
"OPF-20260722-045745","2025-10-15T04:35:00.0000000","2025-10-15T05:00:00.0000000","20251015-0430-BULL-OBS-001182-Z001182-OC","20251015-0435-Long-1183","Long","ObservationConfirm_WideStop1_5R","Fixed2_5R","18.38","ExitPolicyOverride:Fixed2_5R","Target","183.80","181.40","6","149.90"
"OPF-20260722-045745","2025-10-15T07:30:00.0000000","2025-10-15T07:55:00.0000000","20251015-0725-BEAR-OBS-001217-Z001217-OC","20251015-0730-Short-1218","Short","ObservationConfirm","","19.75","ActualTrade","SL","-77.00","-79.40","7","70.50"
"OPF-20260722-045745","2025-10-15T08:10:00.0000000","2025-10-15T09:05:00.0000000","20251015-0805-BULL-OBS-001225-Z001225-OC","20251015-0810-Long-1226","Long","ObservationConfirm_WideStop1_5R","Fixed2_5R","21.38","ExitPolicyOverride:Fixed2_5R","Target","213.80","211.40","8","281.90"
"OPF-20260722-045745","2025-10-15T09:45:00.0000000","2025-10-15T11:10:00.0000000","20251015-0935-BULL-OBS-001243-Z001243-OC","20251015-0945-Long-1245","Long","ObservationConfirm_WideStop1_5R","Fixed2_5R","21.00","ExitPolicyOverride:Fixed2_5R","TimeStop","-29.00","-31.40","9","250.50"
"OPF-20260722-045745","2025-10-15T20:30:00.0000000","2025-10-15T20:45:00.0000000","20251015-2030-BEAR-OBS-001374-Z001374","20251015-2030-Short-1374","Short","ZoneBirthResearch","","15.00","ActualTrade","SPLIT_BASE_SL_RUNNER_SL","-63.00","-65.40","10","185.10"
"OPF-20260722-045936","2025-10-15T23:25:00.0000000","2025-10-16T00:25:00.0000000","20251015-2320-BEAR-OBS-001120-Z001120-OC","20251015-2325-Short-1121","Short","ObservationConfirm","","17.50","ActualTrade","TP","220.50","218.10","1","218.10"
"OPF-20260722-045936","2025-10-16T01:45:00.0000000","2025-10-16T01:45:00.0000000","20251016-0140-BULL-OBS-001148-Z001147-FR","20251016-0145-Short-1149","Short","FailureReverse_ObservationInvalidated_WideStop1_5R","","12.38","ActualTrade","SL","-49.50","-51.90","2","166.20"
"OPF-20260722-045936","2025-10-16T02:35:00.0000000","2025-10-16T02:40:00.0000000","20251016-0230-BEAR-OBS-001158-Z001158-OC","20251016-0235-Short-1159","Short","ObservationConfirm","","17.00","ActualTrade","SL","-66.00","-68.40","3","97.80"
"OPF-20260722-045936","2025-10-16T03:25:00.0000000","2025-10-16T03:55:00.0000000","20251016-0320-BEAR-OBS-001168-Z001167-OC","20251016-0325-Short-1169","Short","ObservationConfirm","","11.50","ActualTrade","SL","0.50","-1.90","4","95.90"
"OPF-20260722-045936","2025-10-16T05:25:00.0000000","2025-10-16T05:30:00.0000000","20251016-0520-BULL-OBS-001192-Z001192-OC","20251016-0525-Long-1193","Long","ObservationConfirm_WideStop1_5R","Fixed2_5R","6.00","ExitPolicyOverride:Fixed2_5R","Stop:ConservativeSameBarAmbiguity","-24.00","-26.40","5","69.50"
"OPF-20260722-045936","2025-10-16T06:15:00.0000000","2025-10-16T07:00:00.0000000","20251016-0610-BULL-OBS-001202-Z001202-OC","20251016-0615-Long-1203","Long","ObservationConfirm_WideStop1_5R","Fixed2_5R","23.62","ExitPolicyOverride:Fixed2_5R","Target","236.20","233.80","6","303.30"
"OPF-20260722-045936","2025-10-16T07:20:00.0000000","2025-10-16T07:45:00.0000000","20251016-0715-BEAR-OBS-001215-Z001214-OC","","Short","ObservationConfirm","","15.25","ShadowTrade","ProtectBE","0.00","-2.40","7","300.90"
"OPF-20260722-045936","2025-10-16T08:30:00.0000000","2025-10-16T08:40:00.0000000","20251016-0825-BEAR-OBS-001229-Z001229-OC","20251016-0830-Short-1230","Short","ObservationConfirm","","15.75","ActualTrade","SL","1.00","-1.40","8","299.50"
"OPF-20260722-045936","2025-10-16T10:15:00.0000000","2025-10-16T10:40:00.0000000","20251016-1010-BULL-OBS-001250-Z001250-OC-STR","","Long","ObservationStrict_BullFresh_WideStop1_5R","","14.25","ShadowTrade","ProtectBE","0.00","-2.40","9","297.10"
"OPF-20260722-045936","2025-10-16T11:10:00.0000000","2025-10-16T11:25:00.0000000","20251016-1105-BULL-OBS-001261-Z001261-OC","20251016-1110-Long-1262","Long","ObservationConfirm_WideStop1_5R","Fixed2_5R","7.12","ExitPolicyOverride:Fixed2_5R","Target","71.20","68.80","10","365.90"
"OPF-20260722-045936","2025-10-16T11:35:00.0000000","2025-10-16T11:55:00.0000000","20251016-1125-BULL-OBS-001265-Z001265-FR","","Short","FailureReverse_ObservationInvalidated","","8.25","ShadowTrade","ProtectBE","0.00","-2.40","11","363.50"
"OPF-20260722-045936","2025-10-16T20:45:00.0000000","2025-10-16T20:55:00.0000000","20251016-2040-BULL-OBS-001376-Z001376-OC","20251016-2045-Long-1377","Long","ObservationConfirm_WideStop1_5R","Fixed2_5R","17.25","ExitPolicyOverride:Fixed2_5R","TimeStop","30.00","27.60","12","391.10"
"OPF-20260722-050132","2025-10-17T04:45:00.0000000","2025-10-17T05:15:00.0000000","20251017-0445-BEAR-OBS-001185-Z001185","20251017-0445-Short-1185","Short","ZoneBirthResearch","","13.00","ActualTrade","SPLIT_BASE_TP_RUNNER_TP","176.50","174.10","1","174.10"
"OPF-20260722-050132","2025-10-17T05:40:00.0000000","2025-10-17T05:45:00.0000000","20251017-0540-BEAR-BRK-001196-Z001196","20251017-0540-Short-1196","Short","BreakawayFvg","","23.75","ActualTrade","SL","-98.00","-100.40","2","73.70"
"OPF-20260722-050132","2025-10-17T06:15:00.0000000","2025-10-17T06:40:00.0000000","20251017-0615-BEAR-BRK-001203-Z001203","20251017-0615-Short-1203","Short","BreakawayFvg","","22.50","ActualTrade","TP","276.00","273.60","3","347.30"
"OPF-20260722-050132","2025-10-17T09:45:00.0000000","2025-10-17T09:45:00.0000000","20251017-0945-BEAR-OBS-001245-Z001245","20251017-0945-Short-1245","Short","ZoneBirthResearch","","12.25","ActualTrade","SPLIT_BASE_SL_RUNNER_SL","-57.00","-59.40","4","287.90"
"OPF-20260722-050132","2025-10-17T10:15:00.0000000","2025-10-17T10:25:00.0000000","20251017-1015-BEAR-BRK-001251-Z001251","20251017-1015-Short-1251","Short","BreakawayFvg","","29.75","ActualTrade","SL","-120.00","-122.40","5","165.50"
"OPF-20260722-050132","2025-10-17T19:35:00.0000000","2025-10-17T20:15:00.0000000","20251017-1930-BEAR-OBS-001362-Z001362-OC","20251017-1935-Short-1363","Short","ObservationConfirm","","18.25","ActualTrade","SL","1.00","-1.40","6","164.10"
"OPF-20260722-050334","2025-10-20T01:25:00.0000000","2025-10-20T01:30:00.0000000","20251020-0120-BULL-OBS-001144-Z001144-OC","20251020-0125-Long-1145","Long","ObservationConfirm_WideStop1_5R","Fixed2_5R","7.88","ExitPolicyOverride:Fixed2_5R","Stop","-31.52","-33.92","1","-33.92"
"OPF-20260722-050334","2025-10-20T01:55:00.0000000","2025-10-20T02:10:00.0000000","20251020-0150-BEAR-OBS-001150-Z001150-OC","20251020-0155-Short-1151","Short","ObservationConfirm","","7.75","ActualTrade","SL","1.00","-1.40","2","-35.32"
"OPF-20260722-050334","2025-10-20T02:40:00.0000000","2025-10-20T03:45:00.0000000","20251020-0235-BULL-OBS-001159-Z001159-OC","20251020-0240-Long-1160","Long","ObservationConfirm_WideStop1_5R","Fixed2_5R","13.12","ExitPolicyOverride:Fixed2_5R","Target","131.20","128.80","3","93.48"
"OPF-20260722-050334","2025-10-20T04:25:00.0000000","2025-10-20T04:35:00.0000000","20251020-0420-BULL-OBS-001180-Z001180-OC","20251020-0425-Long-1181","Long","ObservationConfirm_WideStop1_5R","Fixed2_5R","16.88","ExitPolicyOverride:Fixed2_5R","Stop","-67.52","-69.92","4","23.56"
"OPF-20260722-050334","2025-10-20T05:00:00.0000000","2025-10-20T05:15:00.0000000","20251020-0455-BULL-OBS-001187-Z001187-OC","20251020-0500-Long-1188","Long","ObservationConfirm_WideStop1_5R","Fixed2_5R","12.75","ExitPolicyOverride:Fixed2_5R","Stop","-51.00","-53.40","5","-29.84"
"OPF-20260722-050334","2025-10-20T06:05:00.0000000","2025-10-20T06:25:00.0000000","20251020-0600-BEAR-OBS-001200-Z001200-OC","20251020-0605-Short-1201","Short","ObservationConfirm","","20.00","ActualTrade","SL","-80.50","-82.90","6","-112.74"
"OPF-20260722-050334","2025-10-20T06:40:00.0000000","2025-10-20T06:45:00.0000000","20251020-0635-BULL-OBS-001207-Z001207-OC","20251020-0640-Long-1208","Long","ObservationConfirm_WideStop1_5R","Fixed2_5R","9.38","ExitPolicyOverride:Fixed2_5R","Stop","-37.52","-39.92","7","-152.66"
"OPF-20260722-050334","2025-10-20T08:50:00.0000000","2025-10-20T08:55:00.0000000","20251020-0850-BEAR-OBS-001234-Z001234","20251020-0850-Short-1234","Short","ZoneBirthResearch","","7.25","ActualTrade","SPLIT_BASE_SL_RUNNER_SL","-27.00","-29.40","8","-182.06"
"OPF-20260722-050334","2025-10-20T09:05:00.0000000","2025-10-20T09:05:00.0000000","20251020-0855-BEAR-OBS-001235-Z001234-OC","20251020-0905-Short-1237","Short","ObservationConfirm_WideStop1_5R","","9.75","ActualTrade","SL","-41.00","-43.40","9","-225.46"
"OPF-20260722-050334","2025-10-20T13:05:00.0000000","2025-10-20T13:25:00.0000000","20251020-1300-BULL-OBS-001284-Z001284-OC","20251020-1305-Long-1285","Long","ObservationConfirm_WideStop1_5R","Fixed2_5R","24.00","ExitPolicyOverride:Fixed2_5R","Stop","-96.00","-98.40","10","-323.86"
"OPF-20260722-050526","2025-10-20T22:35:00.0000000","2025-10-20T22:35:00.0000000","20251020-2235-BEAR-OBS-001111-Z001111","20251020-2235-Short-1111","Short","ZoneBirthResearch","","3.00","ActualTrade","SPLIT_BASE_SL_RUNNER_SL","-17.00","-19.40","1","-19.40"
"OPF-20260722-050526","2025-10-20T23:50:00.0000000","2025-10-21T00:10:00.0000000","20251020-2345-BEAR-OBS-001125-Z001125-OC","20251020-2350-Short-1126","Short","ObservationConfirm","","16.25","ActualTrade","SL","-60.00","-62.40","2","-81.80"
"OPF-20260722-050526","2025-10-21T00:50:00.0000000","2025-10-21T01:20:00.0000000","20251021-0040-BULL-OBS-001136-Z001136-OC","20251021-0050-Long-1138","Long","ObservationConfirm_WideStop1_5R","Fixed2_5R","5.62","ExitPolicyOverride:Fixed2_5R","Target","56.20","53.80","3","-28.00"
"OPF-20260722-050526","2025-10-21T01:50:00.0000000","2025-10-21T02:45:00.0000000","20251021-0135-BEAR-OBS-001147-Z001147-FR-RT","","Long","FailureReverse_RetestFailed","","10.75","ShadowTrade","ProtectBE","0.00","-2.40","4","-30.40"
"OPF-20260722-050526","2025-10-21T02:50:00.0000000","2025-10-21T04:40:00.0000000","20251021-0245-BEAR-OBS-001161-Z001161-OC","20251021-0250-Short-1162","Short","ObservationConfirm","","11.50","ActualTrade","TP","135.00","132.60","5","102.20"
"OPF-20260722-050526","2025-10-21T05:05:00.0000000","2025-10-21T05:15:00.0000000","20251021-0500-BEAR-OBS-001188-Z001188-OC","20251021-0505-Short-1189","Short","ObservationConfirm","","8.00","ActualTrade","SL","-31.00","-33.40","6","68.80"
"OPF-20260722-050526","2025-10-21T05:20:00.0000000","2025-10-21T08:15:00.0000000","20251021-0510-BEAR-OBS-001190-Z001188-OC","","Short","ObservationConfirm_WideStop1_5R","","15.00","ShadowTrade","TargetOrProtectBE:ConservativeProtectBE","0","-2.4","7","66.40"
"OPF-20260722-050526","2025-10-21T08:20:00.0000000","2025-10-21T08:30:00.0000000","20251021-0820-BEAR-OBS-001228-Z001228","20251021-0820-Short-1228","Short","ZoneBirthResearch","","5.25","ActualTrade","SPLIT_BASE_SL_RUNNER_SL","-26.00","-28.40","8","38.00"
"OPF-20260722-050526","2025-10-21T10:20:00.0000000","2025-10-21T10:20:00.0000000","20251021-1020-BEAR-OBS-001252-Z001252","20251021-1020-Short-1252","Short","ZoneBirthResearch","","4.75","ActualTrade","SPLIT_BASE_SL_RUNNER_SL","-22.00","-24.40","9","13.60"
"OPF-20260722-050526","2025-10-21T13:15:00.0000000","2025-10-21T13:20:00.0000000","20251021-1310-BEAR-OBS-001286-Z001286-OC","20251021-1315-Short-1287","Short","ObservationConfirm","","18.00","ActualTrade","SL","-74.00","-76.40","10","-62.80"
"OPF-20260722-050717","2025-10-21T23:15:00.0000000","2025-10-21T23:20:00.0000000","20251021-2310-BEAR-OBS-001118-Z001117-OC","20251021-2315-Short-1119","Short","ObservationConfirm_WideStop1_5R","","15.75","ActualTrade","SL","-64.00","-66.40","1","-66.40"
"OPF-20260722-050717","2025-10-21T23:50:00.0000000","2025-10-21T23:50:00.0000000","20251021-2350-BEAR-OBS-001126-Z001126","20251021-2350-Short-1126","Short","ZoneBirthResearch","","2.25","ActualTrade","SPLIT_BASE_SL_RUNNER_SL","-11.00","-13.40","2","-79.80"
"OPF-20260722-050717","2025-10-22T02:40:00.0000000","2025-10-22T03:00:00.0000000","20251022-0240-BEAR-OBS-001160-Z001160","20251022-0240-Short-1160","Short","ZoneBirthResearch","","2.00","ActualTrade","SPLIT_BASE_TP_RUNNER_TP","29.00","26.60","3","-53.20"
"OPF-20260722-050717","2025-10-22T03:10:00.0000000","2025-10-22T03:50:00.0000000","20251022-0305-BEAR-OBS-001165-Z001165-OC","20251022-0310-Short-1166","Short","ObservationConfirm_WideStop1_5R","","16.12","ActualTrade","SL","-64.00","-66.40","4","-119.60"
"OPF-20260722-050717","2025-10-22T04:15:00.0000000","2025-10-22T05:20:00.0000000","20251022-0410-BULL-OBS-001178-Z001178-OC","20251022-0415-Long-1179","Long","ObservationConfirm_WideStop1_5R","Fixed2_5R","22.50","ExitPolicyOverride:Fixed2_5R","TimeStop","-40.00","-42.40","5","-162.00"
"OPF-20260722-050717","2025-10-22T06:45:00.0000000","2025-10-22T07:00:00.0000000","20251022-0640-BULL-OBS-001208-Z001208-OC","20251022-0645-Long-1209","Long","ObservationConfirm_WideStop1_5R","Fixed2_5R","15.00","ExitPolicyOverride:Fixed2_5R","Stop","-60.00","-62.40","6","-224.40"
"OPF-20260722-050717","2025-10-22T07:30:00.0000000","2025-10-22T07:45:00.0000000","20251022-0725-BULL-OBS-001217-Z001217-OC-STR","","Long","ObservationStrict_BullFresh_WideStop1_5R","","8.62","ShadowTrade","ProtectBE","0.00","-2.40","7","-226.80"
"OPF-20260722-050717","2025-10-22T10:05:00.0000000","2025-10-22T10:40:00.0000000","20251022-1005-BULL-PB-001249-Z001248","","Long","AlmostConfirmed","","8.75","ShadowTrade","TargetOrProtectBE:ConservativeProtectBE","0","-2.4","8","-229.20"
"OPF-20260722-050717","2025-10-22T10:50:00.0000000","2025-10-22T10:55:00.0000000","20251022-1050-BULL-PB-001258-Z001257","","Long","AlmostConfirmed","","7.25","ShadowTrade","Stop","-29.00","-31.40","9","-260.60"
"OPF-20260722-050717","2025-10-22T13:20:00.0000000","2025-10-22T13:30:00.0000000","20251022-1315-BULL-OBS-001287-Z001287-OC","","Long","ObservationConfirm_WideStop1_5R","Fixed2_5R","18.00","ExitPolicyOverride:Fixed2_5R","Stop","-72.00","-74.40","10","-335.00"
"OPF-20260722-050909","2025-10-22T23:10:00.0000000","2025-10-22T23:10:00.0000000","20251022-2305-BULL-OBS-001117-Z001117-OC-STR","20251022-2310-Long-1118","Long","ObservationStrict_BullFresh_WideStop1_5R","","12.38","ActualTrade","SL","-49.00","-51.40","1","-51.40"
"OPF-20260722-050909","2025-10-22T23:40:00.0000000","2025-10-22T23:55:00.0000000","20251022-2340-BEAR-OBS-001124-Z001124","20251022-2340-Short-1124","Short","ZoneBirthResearch","","13.00","ActualTrade","SPLIT_BASE_TP_RUNNER_TP","172.00","169.60","2","118.20"
"OPF-20260722-050909","2025-10-23T00:35:00.0000000","2025-10-23T00:45:00.0000000","20251023-0030-BEAR-OBS-001134-Z001124-OC","20251023-0035-Short-1135","Short","ObservationConfirm","","15.25","ActualTrade","SL","-60.00","-62.40","3","55.80"
"OPF-20260722-050909","2025-10-23T01:20:00.0000000","2025-10-23T04:05:00.0000000","20251023-0115-BULL-OBS-001143-Z001143-OC","20251023-0120-Long-1144","Long","ObservationConfirm_WideStop1_5R","Fixed2_5R","16.88","ExitPolicyOverride:Fixed2_5R","TimeStop","34.00","31.60","4","87.40"
"OPF-20260722-050909","2025-10-23T04:30:00.0000000","2025-10-23T05:45:00.0000000","20251023-0425-BULL-OBS-001181-Z001181-FR","20251023-0430-Short-1182","Short","FailureReverse_ObservationInvalidated_WideStop1_5R","","20.62","ActualTrade","SL","-85.50","-87.90","5","-0.50"
"OPF-20260722-050909","2025-10-23T06:15:00.0000000","2025-10-23T06:25:00.0000000","20251023-0610-BULL-OBS-001202-Z001199-OC-STR","20251023-0615-Long-1203","Long","ObservationStrict_Other","","6.00","ActualTrade","SL","-1.00","-3.40","6","-3.90"
"OPF-20260722-050909","2025-10-23T06:55:00.0000000","2025-10-23T07:20:00.0000000","20251023-0650-BULL-OBS-001210-Z001210-OC","20251023-0655-Long-1211","Long","ObservationConfirm_WideStop1_5R","Fixed2_5R","16.50","ExitPolicyOverride:Fixed2_5R","Stop","-66.00","-68.40","7","-72.30"
"OPF-20260722-050909","2025-10-23T11:05:00.0000000","2025-10-23T11:45:00.0000000","20251023-1105-BEAR-OBS-001261-Z001261","20251023-1105-Short-1261","Short","ZoneBirthResearch","","14.25","ActualTrade","SPLIT_BASE_TP_RUNNER_TP","188.00","185.60","8","113.30"
"OPF-20260722-050909","2025-10-23T16:25:00.0000000","2025-10-23T16:25:00.0000000","20251023-1620-BULL-OBS-001324-Z001322-FR","20251023-1625-Short-1325","Short","FailureReverse_ObservationInvalidated_WideStop1_5R","","12.38","ActualTrade","SL","-51.00","-53.40","9","59.90"
"OPF-20260722-050909","2025-10-23T18:40:00.0000000","2025-10-23T18:45:00.0000000","20251023-1840-BEAR-OBS-001352-Z001352","20251023-1840-Short-1352","Short","ZoneBirthResearch","","4.25","ActualTrade","SPLIT_BASE_SL_RUNNER_SL","-17.00","-19.40","10","40.50"
"OPF-20260722-050909","2025-10-23T19:00:00.0000000","2025-10-23T19:35:00.0000000","20251023-1855-BULL-OBS-001355-Z001355-OC","20251023-1900-Long-1356","Long","ObservationConfirm_WideStop1_5R","Fixed2_5R","13.50","ExitPolicyOverride:Fixed2_5R","Stop","-54.00","-56.40","11","-15.90"
"OPF-20260722-051100","2025-10-23T23:10:00.0000000","2025-10-24T00:10:00.0000000","20251023-2305-BULL-OBS-001117-Z001117-OC","20251023-2310-Long-1118","Long","ObservationConfirm_WideStop1_5R","Fixed2_5R","7.88","ExitPolicyOverride:Fixed2_5R","Stop","-31.52","-33.92","1","-33.92"
"OPF-20260722-051100","2025-10-24T00:40:00.0000000","2025-10-24T01:10:00.0000000","20251024-0035-BULL-OBS-001135-Z001135-OC","20251024-0040-Long-1136","Long","ObservationConfirm_WideStop1_5R","Fixed2_5R","7.88","ExitPolicyOverride:Fixed2_5R","Target","78.80","76.40","2","42.48"
"OPF-20260722-051100","2025-10-24T01:40:00.0000000","2025-10-24T02:40:00.0000000","20251024-0125-BULL-OBS-001145-Z001141-OC","20251024-0140-Long-1148","Long","ObservationConfirm_WideStop1_5R","Fixed2_5R","9.00","ExitPolicyOverride:Fixed2_5R","TimeStop","-9.00","-11.40","3","31.08"
"OPF-20260722-051100","2025-10-24T02:45:00.0000000","2025-10-24T05:20:00.0000000","20251024-0240-BULL-OBS-001160-Z001149-OC","20251024-0245-Long-1161","Long","ObservationConfirm_WideStop1_5R","Fixed2_5R","11.25","ExitPolicyOverride:Fixed2_5R","Target","112.50","110.10","4","141.18"
"OPF-20260722-051100","2025-10-24T05:30:00.0000000","2025-10-24T06:15:00.0000000","20251024-0530-BULL-PB-001194-Z001193","","Long","AlmostConfirmed","","10.25","ShadowTrade","TargetOrProtectBE:ConservativeProtectBE","0","-2.4","5","138.78"
"OPF-20260722-051100","2025-10-24T06:25:00.0000000","2025-10-24T06:30:00.0000000","20251024-0620-BULL-OBS-001204-Z001204-OC","","Long","ObservationConfirm_WideStop1_5R","Fixed2_5R","13.88","ExitPolicyOverride:Fixed2_5R","Stop","-55.52","-57.92","6","80.86"
"OPF-20260722-051100","2025-10-24T06:35:00.0000000","2025-10-24T09:20:00.0000000","20251024-0635-BEAR-OBS-001207-Z001207","","Short","ZoneBirthResearch","","16.25","ShadowTrade","Base:Stop|Runner:Stop","-65.00","-67.40","7","13.46"
"OPF-20260722-051100","2025-10-24T09:40:00.0000000","2025-10-24T09:55:00.0000000","20251024-0935-BULL-OBS-001243-Z001243-OC","20251024-0940-Long-1244","Long","ObservationConfirm_WideStop1_5R","Fixed2_5R","13.12","ExitPolicyOverride:Fixed2_5R","Stop","-52.48","-54.88","8","-41.42"
"OPF-20260722-051100","2025-10-24T10:15:00.0000000","2025-10-24T10:20:00.0000000","20251024-1010-BULL-OBS-001250-Z001250-OC","20251024-1015-Long-1251","Long","ObservationConfirm_WideStop1_5R","Fixed2_5R","9.75","ExitPolicyOverride:Fixed2_5R","Stop","-39.00","-41.40","9","-82.82"
"OPF-20260722-051100","2025-10-24T10:40:00.0000000","2025-10-24T12:25:00.0000000","20251024-1025-BEAR-OBS-001253-Z001253-OC","20251024-1040-Short-1256","Short","ObservationConfirm_WideStop1_5R","","13.12","ActualTrade","SL","-55.00","-57.40","10","-140.22"
"OPF-20260722-051100","2025-10-24T13:10:00.0000000","2025-10-24T13:30:00.0000000","20251024-1305-BULL-OBS-001285-Z001285-OC","20251024-1310-Long-1286","Long","ObservationConfirm_WideStop1_5R","Fixed2_5R","15.75","ExitPolicyOverride:Fixed2_5R","Stop","-63.00","-65.40","11","-205.62"
"OPF-20260722-051100","2025-10-24T14:45:00.0000000","2025-10-24T14:50:00.0000000","20251024-1440-BULL-OBS-001304-Z001304-OC","20251024-1445-Long-1305","Long","ObservationConfirm_WideStop1_5R","Fixed2_5R","16.88","ExitPolicyOverride:Fixed2_5R","Stop","-67.52","-69.92","12","-275.54"
"OPF-20260722-051100","2025-10-24T15:30:00.0000000","2025-10-24T15:35:00.0000000","20251024-1525-BULL-OBS-001313-Z001313-OC","20251024-1530-Long-1314","Long","ObservationConfirm_WideStop1_5R","Fixed2_5R","15.00","ExitPolicyOverride:Fixed2_5R","Stop","-60.00","-62.40","13","-337.94"
"OPF-20260722-051253","2025-10-26T23:20:00.0000000","2025-10-26T23:25:00.0000000","20251026-2310-BULL-OBS-001118-Z001117-FR","20251026-2320-Short-1120","Short","FailureReverse_ObservationInvalidated","","7.00","ActualTrade","SL","-23.00","-25.40","1","-25.40"
"OPF-20260722-051253","2025-10-26T23:55:00.0000000","2025-10-27T00:00:00.0000000","20251026-2350-BEAR-OBS-001126-Z001126-OC","20251026-2355-Short-1127","Short","ObservationConfirm","","7.25","ActualTrade","SL","0.00","-2.40","2","-27.80"
"OPF-20260722-051253","2025-10-27T01:10:00.0000000","2025-10-27T01:15:00.0000000","20251027-0105-BEAR-OBS-001141-Z001141-OC","20251027-0110-Short-1142","Short","ObservationConfirm","","10.25","ActualTrade","SL","-46.00","-48.40","3","-76.20"
"OPF-20260722-051253","2025-10-27T01:35:00.0000000","2025-10-27T01:50:00.0000000","20251027-0125-BULL-OBS-001145-Z001145-OC","20251027-0135-Long-1147","Long","ObservationConfirm_WideStop1_5R","Fixed2_5R","14.25","ExitPolicyOverride:Fixed2_5R","Stop","-57.00","-59.40","4","-135.60"
"OPF-20260722-051253","2025-10-27T01:55:00.0000000","2025-10-27T01:55:00.0000000","20251027-0150-BEAR-OBS-001150-Z001150-OC","20251027-0155-Short-1151","Short","ObservationConfirm","","5.00","ActualTrade","SL","-24.00","-26.40","5","-162.00"
"OPF-20260722-051253","2025-10-27T02:30:00.0000000","2025-10-27T05:10:00.0000000","20251027-0220-BULL-OBS-001156-Z001156-OC","20251027-0230-Long-1158","Long","ObservationConfirm_WideStop1_5R","Fixed2_5R","17.62","ExitPolicyOverride:Fixed2_5R","Target","176.20","173.80","6","11.80"
"OPF-20260722-051253","2025-10-27T06:25:00.0000000","2025-10-27T06:30:00.0000000","20251027-0620-BULL-OBS-001204-Z001204-OC","20251027-0625-Long-1205","Long","ObservationConfirm_WideStop1_5R","Fixed2_5R","11.62","ExitPolicyOverride:Fixed2_5R","Stop","-46.48","-48.88","7","-37.08"
"OPF-20260722-051253","2025-10-27T07:25:00.0000000","2025-10-27T07:45:00.0000000","20251027-0720-BULL-OBS-001216-Z001216-OC","20251027-0725-Long-1217","Long","ObservationConfirm_WideStop1_5R","Fixed2_5R","8.62","ExitPolicyOverride:Fixed2_5R","Stop","-34.48","-36.88","8","-73.96"
"OPF-20260722-051253","2025-10-27T08:30:00.0000000","2025-10-27T08:30:00.0000000","20251027-0830-BEAR-OBS-001230-Z001230","20251027-0830-Short-1230","Short","ZoneBirthResearch","","5.25","ActualTrade","SPLIT_BASE_SL_RUNNER_SL","-25.50","-27.90","9","-101.86"
"OPF-20260722-051253","2025-10-27T09:50:00.0000000","2025-10-27T10:55:00.0000000","20251027-0945-BULL-OBS-001245-Z001245-OC","20251027-0950-Long-1246","Long","ObservationConfirm_WideStop1_5R","Fixed2_5R","16.12","ExitPolicyOverride:Fixed2_5R","TimeStop","23.00","20.60","10","-81.26"
"OPF-20260722-051253","2025-10-27T11:40:00.0000000","2025-10-27T12:00:00.0000000","20251027-1135-BEAR-OBS-001267-Z001267-OC","20251027-1140-Short-1268","Short","ObservationConfirm","","12.50","ActualTrade","SL","-55.00","-57.40","11","-138.66"
"OPF-20260722-051253","2025-10-27T14:50:00.0000000","2025-10-27T14:55:00.0000000","20251027-1450-BEAR-OBS-001306-Z001306","20251027-1450-Short-1306","Short","ZoneBirthResearch","","12.25","ActualTrade","SPLIT_BASE_SL_RUNNER_SL","-48.00","-50.40","12","-189.06"
"OPF-20260722-051253","2025-10-27T15:35:00.0000000","2025-10-27T15:50:00.0000000","20251027-1530-BULL-OBS-001314-Z001314-OC","20251027-1535-Long-1315","Long","ObservationConfirm_WideStop1_5R","Fixed2_5R","7.50","ExitPolicyOverride:Fixed2_5R","Stop","-30.00","-32.40","13","-221.46"
"OPF-20260722-051253","2025-10-27T17:00:00.0000000","2025-10-27T17:00:00.0000000","20251027-1700-BULL-PB-001332-Z001331","20251027-1700-Long-1332","Long","AlmostConfirmed","","7.00","ActualTrade","SL","-28.00","-30.40","14","-251.86"
"OPF-20260722-051253","2025-10-27T20:05:00.0000000","2025-10-27T20:40:00.0000000","20251027-2000-BULL-OBS-001368-Z001367-OC-STR","20251027-2005-Long-1369","Long","ObservationStrict_Other","","12.75","ActualTrade","TP","153.00","150.60","15","-101.26"
"OPF-20260722-051444","2025-10-28T00:05:00.0000000","2025-10-28T06:25:00.0000000","20251028-0000-BEAR-OBS-001128-Z001128-OC","20251028-0005-Short-1129","Short","ObservationConfirm","","20.00","ActualTrade","SL","1.00","-1.40","1","-1.40"
"OPF-20260722-051444","2025-10-28T06:35:00.0000000","2025-10-28T06:45:00.0000000","20251028-0630-BULL-OBS-001206-Z001206-OC","20251028-0635-Long-1207","Long","ObservationConfirm_WideStop1_5R","Fixed2_5R","8.62","ExitPolicyOverride:Fixed2_5R","Stop","-34.48","-36.88","2","-38.28"
"OPF-20260722-051444","2025-10-28T06:50:00.0000000","2025-10-28T06:55:00.0000000","20251028-0650-BEAR-OBS-001210-Z001210","20251028-0650-Short-1210","Short","ZoneBirthResearch","","5.00","ActualTrade","SPLIT_BASE_SL_RUNNER_SL","-25.00","-27.40","3","-65.68"
"OPF-20260722-051444","2025-10-28T07:45:00.0000000","2025-10-28T08:45:00.0000000","20251028-0740-BEAR-OBS-001220-Z001219-OC","","Short","ObservationConfirm_WideStop1_5R","","15.00","ShadowTrade","ProtectBE","0.00","-2.40","4","-68.08"
"OPF-20260722-051444","2025-10-28T09:00:00.0000000","2025-10-28T10:40:00.0000000","20251028-0855-BULL-OBS-001235-Z001235-OC","20251028-0900-Long-1236","Long","ObservationConfirm_WideStop1_5R","Fixed2_5R","11.25","ExitPolicyOverride:Fixed2_5R","TimeStop","37.00","34.60","5","-33.48"
"OPF-20260722-051444","2025-10-28T11:30:00.0000000","2025-10-28T12:15:00.0000000","20251028-1125-BULL-OBS-001265-Z001265-OC","20251028-1130-Long-1266","Long","ObservationConfirm_WideStop1_5R","Fixed2_5R","6.75","ExitPolicyOverride:Fixed2_5R","Target","67.50","65.10","6","31.62"
"OPF-20260722-051444","2025-10-28T12:25:00.0000000","2025-10-28T12:25:00.0000000","20251028-1225-BULL-PB-001277-Z001276","20251028-1225-Long-1277","Long","AlmostConfirmed","","9.75","ActualTrade","SL","-38.00","-40.40","7","-8.78"
"OPF-20260722-051444","2025-10-28T12:30:00.0000000","2025-10-28T13:00:00.0000000","20251028-1230-BULL-PB-001278-Z001275","","Long","AlmostConfirmed","","12.25","ShadowTrade","TargetOrProtectBE:ConservativeProtectBE","0","-2.4","8","-11.18"
"OPF-20260722-051444","2025-10-28T16:50:00.0000000","2025-10-28T16:55:00.0000000","20251028-1645-BULL-OBS-001329-Z001329-OC-STR","","Long","ObservationStrict_BullFresh_WideStop1_5R","","10.12","ShadowTrade","Stop","-40.48","-42.88","9","-54.06"
"OPF-20260722-051444","2025-10-28T19:15:00.0000000","2025-10-28T19:40:00.0000000","20251028-1910-BULL-OBS-001358-Z001358-OC","20251028-1915-Long-1359","Long","ObservationConfirm_WideStop1_5R","Fixed2_5R","13.50","ExitPolicyOverride:Fixed2_5R","Stop","-54.00","-56.40","10","-110.46"
"OPF-20260722-051636","2025-10-28T22:45:00.0000000","2025-10-28T23:05:00.0000000","20251028-2240-BEAR-OBS-001112-Z001112-OC","20251028-2245-Short-1113","Short","ObservationConfirm","","8.75","ActualTrade","SL","-2.00","-4.40","1","-4.40"
"OPF-20260722-051636","2025-10-28T23:20:00.0000000","2025-10-28T23:20:00.0000000","20251028-2315-BEAR-OBS-001119-Z001112-FR","20251028-2320-Long-1120","Long","FailureReverse_ObservationInvalidated","","7.50","ActualTrade","SL","-33.00","-35.40","2","-39.80"
"OPF-20260722-051636","2025-10-28T23:35:00.0000000","2025-10-28T23:45:00.0000000","20251028-2330-BULL-OBS-001122-Z001119-OC-STR","20251028-2335-Long-1123","Long","ObservationStrict_Other","","8.75","ActualTrade","SL","-1.00","-3.40","3","-43.20"
"OPF-20260722-051636","2025-10-29T00:45:00.0000000","2025-10-29T00:55:00.0000000","20251029-0030-BULL-OBS-001134-Z001134-FR-RT","20251029-0045-Short-1137","Short","FailureReverse_RetestFailed","","6.50","ActualTrade","SL","3.00","0.60","4","-42.60"
"OPF-20260722-051636","2025-10-29T01:10:00.0000000","2025-10-29T02:00:00.0000000","20251029-0105-BULL-OBS-001141-Z001141-OC","20251029-0110-Long-1142","Long","ObservationConfirm_WideStop1_5R","Fixed2_5R","16.12","ExitPolicyOverride:Fixed2_5R","Target","161.20","158.80","5","116.20"
"OPF-20260722-051636","2025-10-29T02:10:00.0000000","2025-10-29T03:25:00.0000000","20251029-0205-BULL-OBS-001153-Z001153-OC","20251029-0210-Long-1154","Long","ObservationConfirm_WideStop1_5R","Fixed2_5R","12.38","ExitPolicyOverride:Fixed2_5R","TimeStop","22.00","19.60","6","135.80"
"OPF-20260722-051636","2025-10-29T03:45:00.0000000","2025-10-29T04:00:00.0000000","20251029-0340-BULL-OBS-001172-Z001172-OC","20251029-0345-Long-1173","Long","ObservationConfirm_WideStop1_5R","Fixed2_5R","16.88","ExitPolicyOverride:Fixed2_5R","Stop","-67.52","-69.92","7","65.88"
"OPF-20260722-051636","2025-10-29T04:05:00.0000000","2025-10-29T04:25:00.0000000","20251029-0405-BEAR-OBS-001177-Z001177","","Short","ZoneBirthResearch","","12.50","ShadowTrade","Base:Stop|Runner:Stop","-50.00","-52.40","8","13.48"
"OPF-20260722-051636","2025-10-29T07:40:00.0000000","2025-10-29T08:35:00.0000000","20251029-0735-BULL-OBS-001219-Z001219-OC","20251029-0740-Long-1220","Long","ObservationConfirm_WideStop1_5R","Fixed2_5R","23.62","ExitPolicyOverride:Fixed2_5R","Stop","-94.48","-96.88","9","-83.40"
"OPF-20260722-051636","2025-10-29T08:55:00.0000000","2025-10-29T09:15:00.0000000","20251029-0855-BEAR-OBS-001235-Z001235","20251029-0855-Short-1235","Short","ZoneBirthResearch","","4.75","ActualTrade","SPLIT_BASE_TP_RUNNER_TP","69.00","66.60","10","-16.80"
"OPF-20260722-051636","2025-10-29T09:35:00.0000000","2025-10-29T10:50:00.0000000","20251029-0930-BULL-OBS-001242-Z001180-OC","20251029-0935-Long-1243","Long","ObservationConfirm_WideStop1_5R","Fixed2_5R","13.50","ExitPolicyOverride:Fixed2_5R","Target","135.00","132.60","11","115.80"
"OPF-20260722-051636","2025-10-29T11:30:00.0000000","2025-10-29T11:55:00.0000000","20251029-1125-BULL-OBS-001265-Z001265-OC","20251029-1130-Long-1266","Long","ObservationConfirm_WideStop1_5R","Fixed2_5R","15.38","ExitPolicyOverride:Fixed2_5R","Stop","-61.52","-63.92","12","51.88"
"OPF-20260722-051636","2025-10-29T12:25:00.0000000","2025-10-29T13:30:00.0000000","20251029-1225-BEAR-OBS-001277-Z001277","","Short","ZoneBirthResearch","","13.25","ShadowTrade","Base:Stop|Runner:Stop","-53.00","-55.40","13","-3.52"
"OPF-20260722-051636","2025-10-29T17:30:00.0000000","2025-10-29T17:30:00.0000000","20251029-1730-BEAR-OBS-001338-Z001338","20251029-1730-Short-1338","Short","ZoneBirthResearch","","6.25","ActualTrade","SPLIT_BASE_SL_RUNNER_SL","-24.00","-26.40","14","-29.92"
"OPF-20260722-051828","2025-10-30T00:35:00.0000000","2025-10-30T00:45:00.0000000","20251030-0030-BULL-OBS-001134-Z001133-OC","20251030-0035-Long-1135","Long","ObservationConfirm_WideStop1_5R","Fixed2_5R","16.12","ExitPolicyOverride:Fixed2_5R","Stop","-64.48","-66.88","1","-66.88"
"OPF-20260722-051828","2025-10-30T02:25:00.0000000","2025-10-30T03:25:00.0000000","20251030-0220-BULL-OBS-001156-Z001156-OC","20251030-0225-Long-1157","Long","ObservationConfirm_WideStop1_5R","Fixed2_5R","16.88","ExitPolicyOverride:Fixed2_5R","TimeStop","83.00","80.60","2","13.72"
"OPF-20260722-051828","2025-10-30T03:30:00.0000000","2025-10-30T03:55:00.0000000","20251030-0320-BULL-OBS-001168-Z001167-OC","20251030-0330-Long-1170","Long","ObservationConfirm_WideStop1_5R","Fixed2_5R","11.62","ExitPolicyOverride:Fixed2_5R","Stop","-46.48","-48.88","3","-35.16"
"OPF-20260722-051828","2025-10-30T07:05:00.0000000","2025-10-30T07:05:00.0000000","20251030-0700-BEAR-OBS-001212-Z001212-OC","20251030-0705-Short-1213","Short","ObservationConfirm","","17.50","ActualTrade","SL","-74.00","-76.40","4","-111.56"
"OPF-20260722-051828","2025-10-30T07:30:00.0000000","2025-10-30T07:40:00.0000000","20251030-0725-BEAR-OBS-001217-Z001217-OC","20251030-0730-Short-1218","Short","ObservationConfirm","","18.25","ActualTrade","SL","-72.50","-74.90","5","-186.46"
"OPF-20260722-051828","2025-10-30T10:25:00.0000000","2025-10-30T10:30:00.0000000","20251030-1020-BEAR-OBS-001252-Z001244-OC","","Short","ObservationConfirm_WideStop1_5R","","10.12","ShadowTrade","Stop","-40.48","-42.88","6","-229.34"
"OPF-20260722-051828","2025-10-30T11:55:00.0000000","2025-10-30T12:05:00.0000000","20251030-1150-BEAR-OBS-001270-Z001270-OC","20251030-1155-Short-1271","Short","ObservationConfirm","","15.00","ActualTrade","TP","171.00","168.60","7","-60.74"
"OPF-20260722-051828","2025-10-30T12:45:00.0000000","2025-10-30T13:05:00.0000000","20251030-1245-BEAR-BRK-001281-Z001281","20251030-1245-Short-1281","Short","BreakawayFvg","","23.50","ActualTrade","SL","1.00","-1.40","8","-62.14"
"OPF-20260722-051828","2025-10-30T17:10:00.0000000","2025-10-30T17:15:00.0000000","20251030-1705-BULL-OBS-001333-Z001321-FR","20251030-1710-Short-1334","Short","FailureReverse_ObservationInvalidated_WideStop1_5R","","21.75","ActualTrade","SL","-84.00","-86.40","9","-148.54"
"OPF-20260722-051828","2025-10-30T17:35:00.0000000","2025-10-30T17:40:00.0000000","20251030-1735-BEAR-OBS-001339-Z001339","20251030-1735-Short-1339","Short","ZoneBirthResearch","","8.00","ActualTrade","SPLIT_BASE_SL_RUNNER_SL","-36.00","-38.40","10","-186.94"
"OPF-20260722-051828","2025-10-30T19:25:00.0000000","2025-10-30T19:25:00.0000000","20251030-1920-BEAR-OBS-001360-Z001360-OC","20251030-1925-Short-1361","Short","ObservationConfirm","","21.50","ActualTrade","SL","-75.00","-77.40","11","-264.34"
"OPF-20260722-052020","2025-10-30T23:30:00.0000000","2025-10-30T23:30:00.0000000","20251030-2320-BEAR-OBS-001120-Z001120-OC","20251030-2330-Short-1122","Short","ObservationConfirm_WideStop1_5R","","16.50","ActualTrade","SL","-66.00","-68.40","1","-68.40"
"OPF-20260722-052020","2025-10-30T23:50:00.0000000","2025-10-31T00:05:00.0000000","20251030-2345-BULL-OBS-001125-Z001125-OC","20251030-2350-Long-1126","Long","ObservationConfirm_WideStop1_5R","Fixed2_5R","18.00","ExitPolicyOverride:Fixed2_5R","Stop","-72.00","-74.40","2","-142.80"
"OPF-20260722-052020","2025-10-31T02:35:00.0000000","2025-10-31T03:30:00.0000000","20251031-0230-BEAR-OBS-001158-Z001158-OC","20251031-0235-Short-1159","Short","ObservationConfirm","","19.50","ActualTrade","SL","-2.50","-4.90","3","-147.70"
"OPF-20260722-052020","2025-10-31T04:00:00.0000000","2025-10-31T05:00:00.0000000","20251031-0350-BULL-OBS-001174-Z001174-OC","20251031-0400-Long-1176","Long","ObservationConfirm_WideStop1_5R","Fixed2_5R","10.50","ExitPolicyOverride:Fixed2_5R","Stop","-42.00","-44.40","4","-192.10"
"OPF-20260722-052020","2025-10-31T05:35:00.0000000","2025-10-31T05:35:00.0000000","20251031-0530-BEAR-OBS-001194-Z001194-OC","20251031-0535-Short-1195","Short","ObservationConfirm","","5.75","ActualTrade","SL","-26.50","-28.90","5","-221.00"
"OPF-20260722-052020","2025-10-31T05:55:00.0000000","2025-10-31T05:55:00.0000000","20251031-0550-BEAR-OBS-001198-Z001198-OC","20251031-0555-Short-1199","Short","ObservationConfirm","","9.75","ActualTrade","SL","-41.00","-43.40","6","-264.40"
"OPF-20260722-052020","2025-10-31T06:55:00.0000000","2025-10-31T07:25:00.0000000","20251031-0650-BEAR-OBS-001210-Z001210-OC","20251031-0655-Short-1211","Short","ObservationConfirm","","17.00","ActualTrade","SL","-67.50","-69.90","7","-334.30"
"OPF-20260722-052211","2025-11-03T00:30:00.0000000","2025-11-03T01:35:00.0000000","20251103-0020-BULL-OBS-001120-Z001120-OC","20251103-0030-Long-1122","Long","ObservationConfirm_WideStop1_5R","Fixed2_5R","14.25","ExitPolicyOverride:Fixed2_5R","TimeStop","-38.00","-40.40","1","-40.40"
"OPF-20260722-052211","2025-11-03T01:45:00.0000000","2025-11-03T02:05:00.0000000","20251103-0140-BEAR-OBS-001136-Z001136-OC","","Short","ObservationConfirm_WideStop1_5R","","8.62","ShadowTrade","ProtectBE","0.00","-2.40","2","-42.80"
"OPF-20260722-052211","2025-11-03T03:05:00.0000000","2025-11-03T03:35:00.0000000","20251103-0300-BEAR-OBS-001152-Z001152-OC","","Short","ObservationConfirm_WideStop1_5R","","15.00","ShadowTrade","ProtectBE","0.00","-2.40","3","-45.20"
"OPF-20260722-052211","2025-11-03T03:50:00.0000000","2025-11-03T05:10:00.0000000","20251103-0325-BEAR-OBS-001157-Z001157-FR-RT","20251103-0350-Long-1162","Long","FailureReverse_RetestFailed","","11.00","ActualTrade","SL","2.00","-0.40","4","-45.60"
"OPF-20260722-052211","2025-11-03T06:40:00.0000000","2025-11-03T06:45:00.0000000","20251103-0630-BEAR-OBS-001194-Z001193-OC","20251103-0640-Short-1196","Short","ObservationConfirm","","15.25","ActualTrade","SL","-60.00","-62.40","5","-108.00"
"OPF-20260722-052211","2025-11-03T07:10:00.0000000","2025-11-03T07:20:00.0000000","20251103-0705-BEAR-OBS-001201-Z001201-OC","20251103-0710-Short-1202","Short","ObservationConfirm","","16.75","ActualTrade","SL","-68.00","-70.40","6","-178.40"
"OPF-20260722-052211","2025-11-03T08:55:00.0000000","2025-11-03T09:10:00.0000000","20251103-0850-BULL-OBS-001222-Z001222-OC-STR","20251103-0855-Long-1223","Long","ObservationStrict_BullFresh_WideStop1_5R","","12.00","ActualTrade","TP","144.00","141.60","7","-36.80"
"OPF-20260722-052211","2025-11-03T10:05:00.0000000","2025-11-03T11:05:00.0000000","20251103-1000-BULL-OBS-001236-Z001228-OC","20251103-1005-Long-1237","Long","ObservationConfirm_WideStop1_5R","Fixed2_5R","19.88","ExitPolicyOverride:Fixed2_5R","TimeStop","117.00","114.60","8","77.80"
"OPF-20260722-052211","2025-11-03T15:00:00.0000000","2025-11-03T15:00:00.0000000","20251103-1500-BULL-PB-001296-Z001225","20251103-1500-Long-1296","Long","AlmostConfirmed","","16.25","ActualTrade","SL","-61.00","-63.40","9","14.40"
"OPF-20260722-052211","2025-11-03T15:10:00.0000000","2025-11-03T15:10:00.0000000","20251103-1505-BULL-OBS-001297-Z001226-OC-STR","20251103-1510-Long-1298","Long","ObservationStrict_Other","","23.75","ActualTrade","SL","-91.00","-93.40","10","-79.00"
"OPF-20260722-052211","2025-11-03T17:40:00.0000000","2025-11-03T18:40:00.0000000","20251103-1735-BULL-OBS-001327-Z001327-OC","20251103-1740-Long-1328","Long","ObservationConfirm_WideStop1_5R","Fixed2_5R","18.75","ExitPolicyOverride:Fixed2_5R","TimeStop","79.00","76.60","11","-2.40"
"OPF-20260722-052211","2025-11-03T18:55:00.0000000","2025-11-03T18:55:00.0000000","20251103-1850-BULL-OBS-001342-Z001327-OC-STR","20251103-1855-Long-1343","Long","ObservationStrict_Other_WideStop1_5R","","5.62","ActualTrade","SL","-2.00","-4.40","12","-6.80"
"OPF-20260722-052211","2025-11-03T19:05:00.0000000","2025-11-03T19:05:00.0000000","20251103-1905-BEAR-OBS-001345-Z001345","20251103-1905-Short-1345","Short","ZoneBirthResearch","","8.00","ActualTrade","SPLIT_BASE_SL_RUNNER_SL","-33.00","-35.40","13","-42.20"
"OPF-20260722-052401","2025-11-04T00:30:00.0000000","2025-11-04T00:30:00.0000000","20251104-0025-BEAR-OBS-000845-Z000845-OC","20251104-0030-Short-846","Short","ObservationConfirm","","6.25","ActualTrade","SL","-26.50","-28.90","1","-28.90"
"OPF-20260722-052401","2025-11-04T01:05:00.0000000","2025-11-04T01:15:00.0000000","20251104-0105-BEAR-OBS-000853-Z000853","20251104-0105-Short-853","Short","ZoneBirthResearch","","5.50","ActualTrade","SPLIT_BASE_SL_RUNNER_SL","-28.00","-30.40","2","-59.30"
"OPF-20260722-052401","2025-11-04T01:35:00.0000000","2025-11-04T01:50:00.0000000","20251104-0130-BULL-OBS-000858-Z000857-FR","20251104-0135-Short-859","Short","FailureReverse_ObservationInvalidated_WideStop1_5R","","12.00","ActualTrade","SL","-2.50","-4.90","3","-64.20"
"OPF-20260722-052401","2025-11-04T05:20:00.0000000","2025-11-04T05:40:00.0000000","20251104-0520-BEAR-BRK-000904-Z000904","20251104-0520-Short-904","Short","BreakawayFvg","","23.25","ActualTrade","TP","280.50","278.10","4","213.90"
"OPF-20260722-052401","2025-11-04T07:00:00.0000000","2025-11-04T07:15:00.0000000","20251104-0700-BEAR-BRK-000924-Z000924","20251104-0700-Short-924","Short","BreakawayFvg","","24.50","ActualTrade","SL","-93.00","-95.40","5","118.50"
"OPF-20260722-052401","2025-11-04T07:30:00.0000000","2025-11-04T07:30:00.0000000","20251104-0725-BEAR-OBS-000929-Z000914-OC","20251104-0730-Short-930","Short","ObservationConfirm","","16.25","ActualTrade","SL","-71.50","-73.90","6","44.60"
"OPF-20260722-052401","2025-11-04T08:50:00.0000000","2025-11-04T09:00:00.0000000","20251104-0845-BULL-OBS-000945-Z000941-OC-STR","20251104-0850-Long-946","Long","ObservationStrict_Other","","14.00","ActualTrade","SL","-3.00","-5.40","7","39.20"
"OPF-20260722-052401","2025-11-04T09:25:00.0000000","2025-11-04T09:25:00.0000000","20251104-0925-BEAR-BRK-000953-Z000953","20251104-0925-Short-953","Short","BreakawayFvg","","14.25","ActualTrade","SL","-59.50","-61.90","8","-22.70"
"OPF-20260722-052401","2025-11-04T12:10:00.0000000","2025-11-04T12:10:00.0000000","20251104-1205-BEAR-OBS-000985-Z000985-OC","20251104-1210-Short-986","Short","ObservationConfirm","","18.50","ActualTrade","SL","-77.00","-79.40","9","-102.10"
"OPF-20260722-052401","2025-11-04T12:40:00.0000000","2025-11-04T12:45:00.0000000","20251104-1240-BEAR-BRK-000992-Z000992","20251104-1240-Short-992","Short","BreakawayFvg","","22.25","ActualTrade","SL","-89.50","-91.90","10","-194.00"
"OPF-20260722-052401","2025-11-04T12:55:00.0000000","2025-11-04T14:25:00.0000000","20251104-1250-BEAR-SHD-000994-Z000992","20251104-1255-Short-995","Short","ShadowCandidate","","20.50","ActualTrade","SL","1.00","-1.40","11","-195.40"
"OPF-20260722-052401","2025-11-04T17:40:00.0000000","2025-11-04T17:40:00.0000000","20251104-1740-BEAR-OBS-001052-Z001052","20251104-1740-Short-1052","Short","ZoneBirthResearch","","13.75","ActualTrade","SPLIT_BASE_SL_RUNNER_SL","-57.00","-59.40","12","-254.80"
"OPF-20260722-052401","2025-11-04T20:05:00.0000000","2025-11-04T20:05:00.0000000","20251104-2000-BEAR-OBS-001080-Z001076-OC","20251104-2005-Short-1081","Short","ObservationConfirm","","18.00","ActualTrade","SL","-75.00","-77.40","13","-332.20"
"OPF-20260722-052553","2025-11-04T23:50:00.0000000","2025-11-05T00:20:00.0000000","20251104-2350-BEAR-OBS-000838-Z000838","20251104-2350-Short-838","Short","ZoneBirthResearch","","14.75","ActualTrade","SPLIT_BASE_TP_RUNNER_TP","185.00","182.60","1","182.60"
"OPF-20260722-052553","2025-11-05T00:45:00.0000000","2025-11-05T01:00:00.0000000","20251105-0040-BEAR-OBS-000848-Z000848-OC","20251105-0045-Short-849","Short","ObservationConfirm","","12.50","ActualTrade","TP","154.50","152.10","2","334.70"
"OPF-20260722-052553","2025-11-05T01:55:00.0000000","2025-11-05T02:00:00.0000000","20251105-0155-BEAR-OBS-000863-Z000856","20251105-0155-Short-863","Short","UnknownRegimeZoneTouch","","19.75","ActualTrade","SL","-11.50","-13.90","3","320.80"
"OPF-20260722-052553","2025-11-05T11:05:00.0000000","2025-11-05T11:05:00.0000000","20251105-1100-BEAR-OBS-000972-Z000972-OC","20251105-1105-Short-973","Short","ObservationConfirm_WideStop1_5R","","15.00","ActualTrade","SL","-61.00","-63.40","4","257.40"
"OPF-20260722-052553","2025-11-05T12:00:00.0000000","2025-11-05T12:10:00.0000000","20251105-1120-BULL-OBS-000976-Z000976-FR-RT","20251105-1200-Short-984","Short","FailureReverse_RetestFailed_WideStop1_5R","","24.75","ActualTrade","SL","-107.00","-109.40","5","148.00"
"OPF-20260722-052553","2025-11-05T12:50:00.0000000","2025-11-05T12:50:00.0000000","20251105-1250-BEAR-OBS-000994-Z000994","20251105-1250-Short-994","Short","ZoneBirthResearch","","17.25","ActualTrade","SPLIT_BASE_SL_RUNNER_SL","-72.00","-74.40","6","73.60"
"OPF-20260722-052553","2025-11-05T16:55:00.0000000","2025-11-05T17:00:00.0000000","20251105-1650-BULL-OBS-001042-Z001042-OC","20251105-1655-Long-1043","Long","ObservationConfirm_WideStop1_5R","Fixed2_5R","9.75","ExitPolicyOverride:Fixed2_5R","Stop","-39.00","-41.40","7","32.20"
"OPF-20260722-052553","2025-11-05T17:10:00.0000000","2025-11-05T17:10:00.0000000","20251105-1655-BULL-OBS-001043-Z001042-FR-RT","20251105-1710-Short-1046","Short","FailureReverse_RetestFailed_WideStop1_5R","","10.12","ActualTrade","SL","-1.50","-3.90","8","28.30"
"OPF-20260722-052553","2025-11-05T17:45:00.0000000","2025-11-05T18:35:00.0000000","20251105-1740-BULL-OBS-001052-Z001052-OC","20251105-1745-Long-1053","Long","ObservationConfirm_WideStop1_5R","Fixed2_5R","13.88","ExitPolicyOverride:Fixed2_5R","Target","138.80","136.40","9","164.70"
"OPF-20260722-052745","2025-11-06T00:05:00.0000000","2025-11-06T00:25:00.0000000","20251106-0005-BEAR-OBS-001117-Z001117","20251106-0005-Short-1117","Short","ZoneBirthResearch","","16.75","ActualTrade","SPLIT_BASE_TP_RUNNER_TP","217.50","215.10","1","215.10"
"OPF-20260722-052745","2025-11-06T04:00:00.0000000","2025-11-06T04:05:00.0000000","20251106-0345-BULL-OBS-001161-Z001160-FR-RT","20251106-0400-Short-1164","Short","FailureReverse_RetestFailed_WideStop1_5R","","14.25","ActualTrade","SL","-65.50","-67.90","2","147.20"
"OPF-20260722-052745","2025-11-06T04:25:00.0000000","2025-11-06T05:10:00.0000000","20251106-0420-BULL-OBS-001168-Z001168-OC","20251106-0425-Long-1169","Long","ObservationConfirm_WideStop1_5R","Fixed2_5R","14.25","ExitPolicyOverride:Fixed2_5R","Stop","-57.00","-59.40","3","87.80"
"OPF-20260722-052745","2025-11-06T05:15:00.0000000","2025-11-06T05:35:00.0000000","20251106-0510-BULL-OBS-001178-Z001167-OC","20251106-0515-Long-1179","Long","ObservationConfirm_WideStop1_5R","Fixed2_5R","13.88","ExitPolicyOverride:Fixed2_5R","Stop","-55.52","-57.92","4","29.88"
"OPF-20260722-052745","2025-11-06T05:45:00.0000000","2025-11-06T07:20:00.0000000","20251106-0540-BEAR-OBS-001184-Z001184-OC","","Short","ObservationConfirm_WideStop1_5R","","19.12","ShadowTrade","ProtectBE","0.00","-2.40","5","27.48"
"OPF-20260722-052745","2025-11-06T10:50:00.0000000","2025-11-06T12:20:00.0000000","20251106-1045-BULL-OBS-001245-Z001240-OC","20251106-1050-Long-1246","Long","ObservationConfirm_WideStop1_5R","Fixed2_5R","22.88","ExitPolicyOverride:Fixed2_5R","TimeStop","52.00","49.60","6","77.08"
"OPF-20260722-052745","2025-11-06T12:40:00.0000000","2025-11-06T13:45:00.0000000","20251106-1235-BULL-OBS-001267-Z001267-OC","20251106-1240-Long-1268","Long","ObservationConfirm_WideStop1_5R","Fixed2_5R","16.50","ExitPolicyOverride:Fixed2_5R","TimeStop","30.00","27.60","7","104.68"
"OPF-20260722-052745","2025-11-06T19:15:00.0000000","2025-11-06T19:25:00.0000000","20251106-1910-BULL-OBS-001346-Z001346-OC","20251106-1915-Long-1347","Long","ObservationConfirm_WideStop1_5R","Fixed2_5R","21.38","ExitPolicyOverride:Fixed2_5R","Target","213.80","211.40","8","316.08"
"OPF-20260722-052745","2025-11-06T21:10:00.0000000","2025-11-06T21:15:00.0000000","20251106-2110-BEAR-OBS-001370-Z001366","20251106-2110-Short-1370","Short","UnknownRegimeZoneTouch","","12.25","ActualTrade","SL","-5.50","-7.90","9","308.18"
"OPF-20260722-052745","2025-11-06T21:20:00.0000000","2025-11-06T21:35:00.0000000","20251106-2110-BEAR-OBS-001370-Z001366-OC","","Short","ObservationConfirm","","18.25","ShadowTrade","Stop","-73.00","-75.40","10","232.78"
"OPF-20260722-052941","2025-11-07T03:20:00.0000000","2025-11-07T03:55:00.0000000","20251107-0315-BEAR-OBS-001155-Z001155-OC","20251107-0320-Short-1156","Short","ObservationConfirm","","16.75","ActualTrade","TP","207.00","204.60","1","204.60"
"OPF-20260722-052941","2025-11-07T05:40:00.0000000","2025-11-07T06:45:00.0000000","20251107-0535-BULL-OBS-001183-Z001183-OC","20251107-0540-Long-1184","Long","ObservationConfirm_WideStop1_5R","Fixed2_5R","23.25","ExitPolicyOverride:Fixed2_5R","TimeStop","81.00","78.60","2","283.20"
"OPF-20260722-052941","2025-11-07T09:40:00.0000000","2025-11-07T10:20:00.0000000","20251107-0935-BEAR-OBS-001231-Z001231-OC","","Short","ObservationConfirm_WideStop1_5R","","21.38","ShadowTrade","TargetOrProtectBE:ConservativeProtectBE","0","-2.4","3","280.80"
"OPF-20260722-052941","2025-11-07T10:30:00.0000000","2025-11-07T10:55:00.0000000","20251107-1020-BEAR-OBS-001240-Z001240-FR","","Long","FailureReverse_ObservationInvalidated_WideStop1_5R","","18.00","ShadowTrade","Stop","-72.00","-74.40","4","206.40"
"OPF-20260722-052941","2025-11-07T21:05:00.0000000","2025-11-07T21:10:00.0000000","20251107-2100-BEAR-OBS-001368-Z001249-OC","20251107-2105-Short-1369","Short","ObservationConfirm","","19.25","ActualTrade","SL","-76.00","-78.40","5","128.00"
"OPF-20260722-052941","2025-11-07T21:45:00.0000000","2025-11-07T21:55:00.0000000","20251107-2135-BULL-OBS-001375-Z001375-OC","20251107-2145-Long-1377","Long","ObservationConfirm_WideStop1_5R","Fixed2_5R","12.75","ExitPolicyOverride:Fixed2_5R","TimeStop","39.00","36.60","6","164.60"
"OPF-20260722-053133","2025-11-10T02:40:00.0000000","2025-11-10T03:15:00.0000000","20251110-0235-BULL-OBS-001147-Z001147-OC","20251110-0240-Long-1148","Long","ObservationConfirm_WideStop1_5R","Fixed2_5R","15.00","ExitPolicyOverride:Fixed2_5R","Target","150.00","147.60","1","147.60"
"OPF-20260722-053133","2025-11-10T04:00:00.0000000","2025-11-10T04:10:00.0000000","20251110-0355-BULL-OBS-001163-Z001156-OC","20251110-0400-Long-1164","Long","ObservationConfirm_WideStop1_5R","Fixed2_5R","7.50","ExitPolicyOverride:Fixed2_5R","Target","75.00","72.60","2","220.20"
"OPF-20260722-053133","2025-11-10T04:25:00.0000000","2025-11-10T04:25:00.0000000","20251110-0410-BULL-OBS-001166-Z001166-FR-RT","20251110-0425-Short-1169","Short","FailureReverse_RetestFailed","","3.25","ActualTrade","SL","-14.00","-16.40","3","203.80"
"OPF-20260722-053133","2025-11-10T05:20:00.0000000","2025-11-10T05:30:00.0000000","20251110-0515-BULL-OBS-001179-Z001179-OC","20251110-0520-Long-1180","Long","ObservationConfirm_WideStop1_5R","Fixed2_5R","15.75","ExitPolicyOverride:Fixed2_5R","Stop","-63.00","-65.40","4","138.40"
"OPF-20260722-053133","2025-11-10T05:40:00.0000000","2025-11-10T06:55:00.0000000","20251110-0535-BULL-OBS-001183-Z001177-OC","20251110-0540-Long-1184","Long","ObservationConfirm_WideStop1_5R","Fixed2_5R","18.00","ExitPolicyOverride:Fixed2_5R","TimeStop","-51.00","-53.40","5","85.00"
"OPF-20260722-053133","2025-11-10T07:05:00.0000000","2025-11-10T07:25:00.0000000","20251110-0700-BEAR-OBS-001200-Z001200-OC","20251110-0705-Short-1201","Short","ObservationConfirm_WideStop1_5R","","15.00","ActualTrade","SL","-60.00","-62.40","6","22.60"
"OPF-20260722-053133","2025-11-10T08:15:00.0000000","2025-11-10T08:15:00.0000000","20251110-0810-BEAR-OBS-001214-Z001214-OC","20251110-0815-Short-1215","Short","ObservationConfirm","","15.75","ActualTrade","SL","-70.00","-72.40","7","-49.80"
"OPF-20260722-053133","2025-11-10T10:15:00.0000000","2025-11-10T10:35:00.0000000","20251110-0955-BULL-OBS-001235-Z001234-FR-RT","","Short","FailureReverse_RetestFailed_WideStop1_5R","","7.12","ShadowTrade","ProtectBE","0.00","-2.40","8","-52.20"
"OPF-20260722-053133","2025-11-10T10:55:00.0000000","2025-11-10T11:35:00.0000000","20251110-1050-BEAR-OBS-001246-Z001246-OC","20251110-1055-Short-1247","Short","ObservationConfirm","","18.00","ActualTrade","SL","-0.50","-2.90","9","-55.10"
"OPF-20260722-053133","2025-11-10T13:45:00.0000000","2025-11-10T13:45:00.0000000","20251110-1335-BULL-OBS-001279-Z001278-FR","20251110-1345-Short-1281","Short","FailureReverse_ObservationInvalidated","","13.00","ActualTrade","SL","-54.00","-56.40","10","-111.50"
"OPF-20260722-053133","2025-11-10T21:30:00.0000000","2025-11-10T21:35:00.0000000","20251110-2130-BEAR-OBS-001374-Z001374","20251110-2130-Short-1374","Short","ZoneBirthResearch","","8.00","ActualTrade","SPLIT_BASE_SL_RUNNER_SL","-31.00","-33.40","11","-144.90"
"OPF-20260722-053324","2025-11-11T01:25:00.0000000","2025-11-11T01:35:00.0000000","20251111-0120-BULL-OBS-001132-Z001132-OC","20251111-0125-Long-1133","Long","ObservationConfirm_WideStop1_5R","Fixed2_5R","13.50","ExitPolicyOverride:Fixed2_5R","Stop","-54.00","-56.40","1","-56.40"
"OPF-20260722-053324","2025-11-11T01:45:00.0000000","2025-11-11T02:05:00.0000000","20251111-0140-BEAR-OBS-001136-Z001136-OC","20251111-0145-Short-1137","Short","ObservationConfirm_WideStop1_5R","","17.25","ActualTrade","SL","0.00","-2.40","2","-58.80"
"OPF-20260722-053324","2025-11-11T04:15:00.0000000","2025-11-11T05:05:00.0000000","20251111-0410-BEAR-OBS-001166-Z001166-OC","20251111-0415-Short-1167","Short","ObservationConfirm","","16.50","ActualTrade","TP","195.00","192.60","3","133.80"
"OPF-20260722-053324","2025-11-11T06:30:00.0000000","2025-11-11T07:00:00.0000000","20251111-0630-BEAR-OBS-001194-Z001175","20251111-0630-Short-1194","Short","UnknownRegimeZoneTouch","","11.75","ActualTrade","TP","147.00","144.60","4","278.40"
"OPF-20260722-053324","2025-11-11T08:15:00.0000000","2025-11-11T08:20:00.0000000","20251111-0815-BEAR-OBS-001215-Z001201","20251111-0815-Short-1215","Short","UnknownRegimeZoneTouch","","10.50","ActualTrade","TP","131.50","129.10","5","407.50"
"OPF-20260722-053324","2025-11-11T09:35:00.0000000","2025-11-11T09:40:00.0000000","20251111-0935-BEAR-BRK-001231-Z001231","20251111-0935-Short-1231","Short","BreakawayFvg","","15.75","ActualTrade","SL","-64.00","-66.40","6","341.10"
"OPF-20260722-053324","2025-11-11T11:15:00.0000000","2025-11-11T11:30:00.0000000","20251111-1110-BULL-OBS-001250-Z001249-OC","20251111-1115-Long-1251","Long","ObservationConfirm_WideStop1_5R","Fixed2_5R","12.00","ExitPolicyOverride:Fixed2_5R","Stop","-48.00","-50.40","7","290.70"
"OPF-20260722-053324","2025-11-11T14:25:00.0000000","2025-11-11T14:25:00.0000000","20251111-1420-BULL-OBS-001288-Z001288-FR","20251111-1425-Short-1289","Short","FailureReverse_ObservationInvalidated_WideStop1_5R","","16.50","ActualTrade","SL","-66.50","-68.90","8","221.80"
"OPF-20260722-053324","2025-11-11T15:35:00.0000000","2025-11-11T15:35:00.0000000","20251111-1535-BEAR-OBS-001303-Z001303","20251111-1535-Short-1303","Short","ZoneBirthResearch","","13.00","ActualTrade","SPLIT_BASE_SL_RUNNER_SL","-50.00","-52.40","9","169.40"
"OPF-20260722-053324","2025-11-11T21:30:00.0000000","2025-11-11T21:50:00.0000000","20251111-2125-BULL-OBS-001373-Z001370-OC-STR","20251111-2130-Long-1374","Long","ObservationStrict_Other","","8.75","ActualTrade","SESSION_FLATTEN","3.00","0.60","10","170.00"
"OPF-20260722-053516","2025-11-12T01:25:00.0000000","2025-11-12T01:30:00.0000000","20251112-0125-BULL-PB-001133-Z001130","20251112-0125-Long-1133","Long","AlmostConfirmed","","10.50","ActualTrade","SL","-0.50","-2.90","1","-2.90"
"OPF-20260722-053516","2025-11-12T01:50:00.0000000","2025-11-12T02:50:00.0000000","20251112-0145-BULL-OBS-001137-Z001137-OC","20251112-0150-Long-1138","Long","ObservationConfirm_WideStop1_5R","Fixed2_5R","21.75","ExitPolicyOverride:Fixed2_5R","TimeStop","-6.00","-8.40","2","-11.30"
"OPF-20260722-053516","2025-11-12T02:55:00.0000000","2025-11-12T03:30:00.0000000","20251112-0250-BEAR-OBS-001150-Z001150-OC","","Short","ObservationConfirm_WideStop1_5R","","16.50","ShadowTrade","ProtectBE","0.00","-2.40","3","-13.70"
"OPF-20260722-053516","2025-11-12T04:10:00.0000000","2025-11-12T04:20:00.0000000","20251112-0405-BEAR-OBS-001165-Z001165-OC","","Short","ObservationConfirm","","10.00","ShadowTrade","ProtectBE","0.00","-2.40","4","-16.10"
"OPF-20260722-053516","2025-11-12T05:25:00.0000000","2025-11-12T05:25:00.0000000","20251112-0515-BULL-OBS-001179-Z001178-FR","20251112-0525-Short-1181","Short","FailureReverse_ObservationInvalidated","","5.00","ActualTrade","SL","-24.00","-26.40","5","-42.50"
"OPF-20260722-053516","2025-11-12T06:05:00.0000000","2025-11-12T07:25:00.0000000","20251112-0550-BULL-OBS-001186-Z001185-OC","20251112-0605-Long-1189","Long","ObservationConfirm_WideStop1_5R","Fixed2_5R","17.62","ExitPolicyOverride:Fixed2_5R","TimeStop","170.00","167.60","6","125.10"
"OPF-20260722-053516","2025-11-12T07:50:00.0000000","2025-11-12T08:10:00.0000000","20251112-0745-BEAR-OBS-001209-Z001209-OC","20251112-0750-Short-1210","Short","ObservationConfirm","","16.75","ActualTrade","SL","1.00","-1.40","7","123.70"
"OPF-20260722-053516","2025-11-12T09:25:00.0000000","2025-11-12T10:30:00.0000000","20251112-0920-BULL-OBS-001228-Z001228-OC","20251112-0925-Long-1229","Long","ObservationConfirm_WideStop1_5R","Fixed2_5R","15.75","ExitPolicyOverride:Fixed2_5R","TimeStop","27.00","24.60","8","148.30"
"OPF-20260722-053516","2025-11-12T11:05:00.0000000","2025-11-12T11:20:00.0000000","20251112-1055-BULL-OBS-001247-Z001246-OC","20251112-1105-Long-1249","Long","ObservationConfirm_WideStop1_5R","Fixed2_5R","16.50","ExitPolicyOverride:Fixed2_5R","Stop","-66.00","-68.40","9","79.90"
"OPF-20260722-053516","2025-11-12T13:10:00.0000000","2025-11-12T13:20:00.0000000","20251112-1305-BULL-OBS-001273-Z001273-OC","20251112-1310-Long-1274","Long","ObservationConfirm_WideStop1_5R","Fixed2_5R","12.38","ExitPolicyOverride:Fixed2_5R","Stop","-49.52","-51.92","10","27.98"
"OPF-20260722-053516","2025-11-12T13:40:00.0000000","2025-11-12T13:45:00.0000000","20251112-1310-BULL-OBS-001274-Z001274-FR-RT","20251112-1340-Short-1280","Short","FailureReverse_RetestFailed_WideStop1_5R","","10.50","ActualTrade","SL","-46.00","-48.40","11","-20.42"
"OPF-20260722-053516","2025-11-12T14:05:00.0000000","2025-11-12T14:25:00.0000000","20251112-1405-BEAR-OBS-001285-Z001285","20251112-1405-Short-1285","Short","ZoneBirthResearch","","13.75","ActualTrade","SPLIT_BASE_TP_RUNNER_TP","182.50","180.10","12","159.68"
"OPF-20260722-053516","2025-11-12T17:20:00.0000000","2025-11-12T17:25:00.0000000","20251112-1715-BEAR-OBS-001323-Z001317-OC","20251112-1720-Short-1324","Short","ObservationConfirm","","15.75","ActualTrade","SL","-66.00","-68.40","13","91.28"
"OPF-20260722-053716","2025-11-13T03:50:00.0000000","2025-11-13T03:50:00.0000000","20251113-0345-BEAR-OBS-001161-Z001161-OC","20251113-0350-Short-1162","Short","ObservationConfirm","","6.50","ActualTrade","SL","-27.50","-29.90","1","-29.90"
"OPF-20260722-053716","2025-11-13T08:30:00.0000000","2025-11-13T09:00:00.0000000","20251113-0825-BULL-OBS-001217-Z001217-OC","20251113-0830-Long-1218","Long","ObservationConfirm_WideStop1_5R","Fixed2_5R","13.88","ExitPolicyOverride:Fixed2_5R","Stop","-55.52","-57.92","2","-87.82"
"OPF-20260722-053716","2025-11-13T10:45:00.0000000","2025-11-13T11:00:00.0000000","20251113-1035-BULL-OBS-001243-Z001243-FR","","Short","FailureReverse_ObservationInvalidated","","9.00","ShadowTrade","ProtectBE","0.00","-2.40","3","-90.22"
"OPF-20260722-053716","2025-11-13T14:10:00.0000000","2025-11-13T14:15:00.0000000","20251113-1410-BEAR-BRK-001286-Z001286","20251113-1410-Short-1286","Short","BreakawayFvg","","19.75","ActualTrade","SL","-82.00","-84.40","4","-174.62"
"OPF-20260722-053913","2025-11-14T04:25:00.0000000","2025-11-14T04:30:00.0000000","20251114-0425-BEAR-BRK-001169-Z001169","20251114-0425-Short-1169","Short","BreakawayFvg","","10.00","ActualTrade","SL","-1.00","-3.40","1","-3.40"
"OPF-20260722-053913","2025-11-14T05:00:00.0000000","2025-11-14T05:10:00.0000000","20251114-0500-BEAR-BRK-001176-Z001176","20251114-0500-Short-1176","Short","BreakawayFvg","","14.25","ActualTrade","TP","177.00","174.60","2","171.20"
"OPF-20260722-053913","2025-11-14T06:30:00.0000000","2025-11-14T06:40:00.0000000","20251114-0625-BEAR-OBS-001193-Z001193-OC","20251114-0630-Short-1194","Short","ObservationConfirm","","7.50","ActualTrade","TP","94.50","92.10","3","263.30"
"OPF-20260722-053913","2025-11-14T09:05:00.0000000","2025-11-14T09:25:00.0000000","20251114-0900-BEAR-OBS-001224-Z001202-OC","20251114-0905-Short-1225","Short","ObservationConfirm_WideStop1_5R","","16.50","ActualTrade","TP","208.50","206.10","4","469.40"
"OPF-20260722-053913","2025-11-14T11:25:00.0000000","2025-11-14T11:25:00.0000000","20251114-1120-BEAR-OBS-001252-Z001252-OC","20251114-1125-Short-1253","Short","ObservationConfirm","","11.50","ActualTrade","SL","-3.00","-5.40","5","464.00"
"OPF-20260722-053913","2025-11-14T11:30:00.0000000","2025-11-14T11:40:00.0000000","20251114-1125-BEAR-OBS-001253-Z001252-OC","20251114-1130-Short-1254","Short","ObservationConfirm","","16.50","ActualTrade","TP","195.00","192.60","6","656.60"
"OPF-20260722-054109","2025-11-17T01:35:00.0000000","2025-11-17T01:40:00.0000000","20251117-0130-BULL-OBS-001134-Z001131-OC","20251117-0135-Long-1135","Long","ObservationConfirm_WideStop1_5R","Fixed2_5R","12.38","ExitPolicyOverride:Fixed2_5R","Stop","-49.52","-51.92","1","-51.92"
"OPF-20260722-054109","2025-11-17T03:05:00.0000000","2025-11-17T03:30:00.0000000","20251117-0300-BULL-OBS-001152-Z001151-OC-STR","","Long","ObservationStrict_Other_WideStop1_5R","","23.25","ShadowTrade","Stop","-93.00","-95.40","2","-147.32"
"OPF-20260722-054109","2025-11-17T03:35:00.0000000","2025-11-17T04:35:00.0000000","20251117-0330-BULL-OBS-001158-Z001150-OC","","Long","ObservationConfirm_WideStop1_5R","Fixed2_5R","21.75","ExitPolicyOverride:Fixed2_5R","TimeStop","105.00","102.60","3","-44.72"
"OPF-20260722-054109","2025-11-17T06:00:00.0000000","2025-11-17T06:00:00.0000000","20251117-0555-BEAR-OBS-001187-Z001187-OC","20251117-0600-Short-1188","Short","ObservationConfirm","","7.00","ActualTrade","SL","-29.50","-31.90","4","-76.62"
"OPF-20260722-054109","2025-11-17T06:05:00.0000000","2025-11-17T06:15:00.0000000","20251117-0600-BEAR-OBS-001188-Z001187-OC","","Short","ObservationConfirm_WideStop1_5R","","14.25","ShadowTrade","Stop","-57.00","-59.40","5","-136.02"
"OPF-20260722-054109","2025-11-17T06:25:00.0000000","2025-11-17T06:30:00.0000000","20251117-0620-BULL-OBS-001192-Z001192-OC","20251117-0625-Long-1193","Long","ObservationConfirm_WideStop1_5R","Fixed2_5R","15.75","ExitPolicyOverride:Fixed2_5R","Stop","-63.00","-65.40","6","-201.42"
"OPF-20260722-054109","2025-11-17T06:40:00.0000000","2025-11-17T07:00:00.0000000","20251117-0635-BEAR-OBS-001195-Z001195-OC","20251117-0640-Short-1196","Short","ObservationConfirm","","14.00","ActualTrade","SL","-69.00","-71.40","7","-272.82"
"OPF-20260722-054109","2025-11-17T07:30:00.0000000","2025-11-17T08:30:00.0000000","20251117-0725-BULL-OBS-001205-Z001205-OC","","Long","ObservationConfirm_WideStop1_5R","Fixed2_5R","22.88","ExitPolicyOverride:Fixed2_5R","TimeStop","105.00","102.60","8","-170.22"
"OPF-20260722-054109","2025-11-17T09:40:00.0000000","2025-11-17T10:10:00.0000000","20251117-0935-BEAR-OBS-001231-Z001231-OC","","Short","ObservationConfirm","","16.50","ShadowTrade","ProtectBE","0.00","-2.40","9","-172.62"
"OPF-20260722-054109","2025-11-17T10:55:00.0000000","2025-11-17T11:00:00.0000000","20251117-1050-BEAR-OBS-001246-Z001246-OC","","Short","ObservationConfirm","","6.75","ShadowTrade","TargetOrProtectBE:ConservativeProtectBE","0","-2.4","10","-175.02"
"OPF-20260722-054109","2025-11-17T11:25:00.0000000","2025-11-17T11:40:00.0000000","20251117-1120-BULL-OBS-001252-Z001251-OC-STR","","Long","ObservationStrict_Other","","13.00","ShadowTrade","ProtectBE","0.00","-2.40","11","-177.42"
"OPF-20260722-054109","2025-11-17T13:35:00.0000000","2025-11-17T13:55:00.0000000","20251117-1335-BEAR-BRK-001279-Z001279","","Short","BreakawayFvg","","24.75","ShadowTrade","ProtectBE","0.00","-2.40","12","-179.82"
"OPF-20260722-054109","2025-11-17T14:00:00.0000000","2025-11-17T14:30:00.0000000","20251117-1335-BEAR-SHD-001279-Z001279","","Short","ShadowCandidate","","23.00","ShadowTrade","ProtectBE","0.00","-2.40","13","-182.22"
"OPF-20260722-054321","2025-11-18T03:55:00.0000000","2025-11-18T04:05:00.0000000","20251118-0350-BEAR-OBS-001162-Z001162-OC","20251118-0355-Short-1163","Short","ObservationConfirm_WideStop1_5R","","16.50","ActualTrade","TP","207.00","204.60","1","204.60"
"OPF-20260722-054321","2025-11-18T07:10:00.0000000","2025-11-18T07:15:00.0000000","20251118-0705-BEAR-OBS-001201-Z001201-OC","20251118-0710-Short-1202","Short","ObservationConfirm","","12.25","ActualTrade","SL","-2.50","-4.90","2","199.70"
"OPF-20260722-054321","2025-11-18T07:25:00.0000000","2025-11-18T07:25:00.0000000","20251118-0725-BEAR-OBS-001205-Z001195","20251118-0725-Short-1205","Short","UnknownRegimeZoneTouch","","23.25","ActualTrade","SL","-101.00","-103.40","3","96.30"
"OPF-20260722-054507","2025-11-19T01:10:00.0000000","2025-11-19T01:10:00.0000000","20251119-0105-BEAR-OBS-001129-Z001129-OC","20251119-0110-Short-1130","Short","ObservationConfirm","","19.25","ActualTrade","SL","-84.00","-86.40","1","-86.40"
"OPF-20260722-054507","2025-11-19T02:20:00.0000000","2025-11-19T03:00:00.0000000","20251119-0215-BULL-OBS-001143-Z001142-OC","20251119-0220-Long-1144","Long","ObservationConfirm_WideStop1_5R","Fixed2_5R","18.38","ExitPolicyOverride:Fixed2_5R","Target","183.80","181.40","2","95.00"
"OPF-20260722-054507","2025-11-19T08:40:00.0000000","2025-11-19T09:05:00.0000000","20251119-0840-BEAR-OBS-001220-Z001220","20251119-0840-Short-1220","Short","ZoneBirthResearch","","13.00","ActualTrade","SPLIT_BASE_TP_RUNNER_BE","71.50","69.10","3","164.10"
"OPF-20260722-054507","2025-11-19T12:25:00.0000000","2025-11-19T12:25:00.0000000","20251119-1145-BULL-OBS-001257-Z001257-FR-RT","20251119-1225-Short-1265","Short","FailureReverse_RetestFailed","","9.75","ActualTrade","SL","-37.00","-39.40","4","124.70"
"OPF-20260722-054507","2025-11-19T13:20:00.0000000","2025-11-19T13:20:00.0000000","20251119-1315-BEAR-OBS-001275-Z001274-OC","20251119-1320-Short-1276","Short","ObservationConfirm","","6.25","ActualTrade","SL","-27.50","-29.90","5","94.80"
"OPF-20260722-054507","2025-11-19T13:50:00.0000000","2025-11-19T13:55:00.0000000","20251119-1330-BULL-OBS-001278-Z001278-FR-RT","20251119-1350-Short-1282","Short","FailureReverse_RetestFailed_WideStop1_5R","","9.00","ActualTrade","SL","0.00","-2.40","6","92.40"
"OPF-20260722-054704","2025-11-20T01:35:00.0000000","2025-11-20T01:40:00.0000000","20251120-0130-BULL-OBS-001134-Z001134-OC","20251120-0135-Long-1135","Long","ObservationConfirm_WideStop1_5R","Fixed2_5R","10.12","ExitPolicyOverride:Fixed2_5R","Stop","-40.48","-42.88","1","-42.88"
"OPF-20260722-054704","2025-11-20T02:10:00.0000000","2025-11-20T02:25:00.0000000","20251120-0210-BEAR-OBS-001142-Z001142","20251120-0210-Short-1142","Short","ZoneBirthResearch","","7.50","ActualTrade","SPLIT_BASE_SL_RUNNER_SL","-38.50","-40.90","2","-83.78"
"OPF-20260722-054704","2025-11-20T03:15:00.0000000","2025-11-20T03:45:00.0000000","20251120-0305-BULL-OBS-001153-Z001153-OC","20251120-0315-Long-1155","Long","ObservationConfirm_WideStop1_5R","Fixed2_5R","22.12","ExitPolicyOverride:Fixed2_5R","Stop","-88.48","-90.88","3","-174.66"
"OPF-20260722-054704","2025-11-20T03:50:00.0000000","2025-11-20T03:50:00.0000000","20251120-0340-BEAR-OBS-001160-Z001160-FR","20251120-0350-Long-1162","Long","FailureReverse_ObservationInvalidated_WideStop1_5R","","6.38","ActualTrade","SL","-22.00","-24.40","4","-199.06"
"OPF-20260722-054704","2025-11-20T04:40:00.0000000","2025-11-20T05:30:00.0000000","20251120-0435-BULL-OBS-001171-Z001171-OC","20251120-0440-Long-1172","Long","ObservationConfirm_WideStop1_5R","Fixed2_5R","13.50","ExitPolicyOverride:Fixed2_5R","Stop","-54.00","-56.40","5","-255.46"
"OPF-20260722-054704","2025-11-20T05:35:00.0000000","2025-11-20T05:40:00.0000000","20251120-0530-BEAR-OBS-001182-Z001182-OC","20251120-0535-Short-1183","Short","ObservationConfirm","","6.50","ActualTrade","SL","-0.50","-2.90","6","-258.36"
"OPF-20260722-054704","2025-11-20T09:05:00.0000000","2025-11-20T09:20:00.0000000","20251120-0900-BEAR-OBS-001224-Z001224-OC","20251120-0905-Short-1225","Short","ObservationConfirm","","17.75","ActualTrade","TP","228.00","225.60","7","-32.76"
"OPF-20260722-054704","2025-11-20T10:10:00.0000000","2025-11-20T10:15:00.0000000","20251120-1010-BEAR-OBS-001238-Z001238","","Short","ZoneBirthResearch","","15.50","ShadowTrade","Base:Stop|Runner:Stop","-62.00","-64.40","8","-97.16"
"OPF-20260722-054704","2025-11-20T14:10:00.0000000","2025-11-20T14:10:00.0000000","20251120-1410-BEAR-OBS-001286-Z001286","20251120-1410-Short-1286","Short","ZoneBirthResearch","","14.50","ActualTrade","SPLIT_BASE_SL_RUNNER_SL","-64.00","-66.40","9","-163.56"
"OPF-20260722-054916","2025-11-21T03:05:00.0000000","2025-11-21T03:05:00.0000000","20251121-0300-BEAR-OBS-001152-Z001152-OC","20251121-0305-Short-1153","Short","ObservationConfirm","","15.50","ActualTrade","SL","-59.00","-61.40","1","-61.40"
"OPF-20260722-054916","2025-11-21T05:40:00.0000000","2025-11-21T05:45:00.0000000","20251121-0535-BEAR-OBS-001183-Z001183-OC","20251121-0540-Short-1184","Short","ObservationConfirm","","15.25","ActualTrade","SL","-12.50","-14.90","2","-76.30"
"OPF-20260722-054916","2025-11-21T06:00:00.0000000","2025-11-21T06:00:00.0000000","20251121-0555-BEAR-OBS-001187-Z001184-OC","20251121-0600-Short-1188","Short","ObservationConfirm","","7.25","ActualTrade","SL","-37.50","-39.90","3","-116.20"
"OPF-20260722-054916","2025-11-21T13:30:00.0000000","2025-11-21T13:30:00.0000000","20251121-1330-BEAR-OBS-001278-Z001278","20251121-1330-Short-1278","Short","ZoneBirthResearch","","13.50","ActualTrade","SPLIT_BASE_SL_RUNNER_SL","-64.00","-66.40","4","-182.60"
"OPF-20260722-054916","2025-11-21T18:15:00.0000000","2025-11-21T18:15:00.0000000","20251121-1815-BEAR-OBS-001335-Z001335","20251121-1815-Short-1335","Short","ZoneBirthResearch","","18.00","ActualTrade","SPLIT_BASE_SL_RUNNER_SL","-72.00","-74.40","5","-257.00"
"OPF-20260722-055125","2025-11-24T00:45:00.0000000","2025-11-24T00:55:00.0000000","20251124-0040-BULL-OBS-001124-Z001123-OC-STR","20251124-0045-Long-1125","Long","ObservationStrict_Other","","15.00","ActualTrade","SL","-58.00","-60.40","1","-60.40"
"OPF-20260722-055125","2025-11-24T01:15:00.0000000","2025-11-24T01:35:00.0000000","20251124-0110-BULL-OBS-001130-Z001130-OC","20251124-0115-Long-1131","Long","ObservationConfirm_WideStop1_5R","Fixed2_5R","15.00","ExitPolicyOverride:Fixed2_5R","Stop","-60.00","-62.40","2","-122.80"
"OPF-20260722-055125","2025-11-24T01:45:00.0000000","2025-11-24T01:45:00.0000000","20251124-0140-BEAR-OBS-001136-Z001136-OC","20251124-0145-Short-1137","Short","ObservationConfirm","","17.50","ActualTrade","SL","-72.00","-74.40","3","-197.20"
"OPF-20260722-055125","2025-11-24T03:05:00.0000000","2025-11-24T03:15:00.0000000","20251124-0300-BULL-OBS-001152-Z001152-OC","","Long","ObservationConfirm_WideStop1_5R","Fixed2_5R","5.25","ExitPolicyOverride:Fixed2_5R","Stop","-21.00","-23.40","4","-220.60"
"OPF-20260722-055125","2025-11-24T03:25:00.0000000","2025-11-24T03:30:00.0000000","20251124-0320-BULL-OBS-001156-Z001152-OC","20251124-0325-Long-1157","Long","ObservationConfirm_WideStop1_5R","Fixed2_5R","7.50","ExitPolicyOverride:Fixed2_5R","Stop","-30.00","-32.40","5","-253.00"
"OPF-20260722-055125","2025-11-24T03:40:00.0000000","2025-11-24T04:05:00.0000000","20251124-0335-BEAR-OBS-001159-Z001159-OC","20251124-0340-Short-1160","Short","ObservationConfirm","","16.00","ActualTrade","TP","195.00","192.60","6","-60.40"
"OPF-20260722-055125","2025-11-24T05:55:00.0000000","2025-11-24T06:00:00.0000000","20251124-0550-BULL-OBS-001186-Z001185-OC","20251124-0555-Long-1187","Long","ObservationConfirm_WideStop1_5R","Fixed2_5R","9.75","ExitPolicyOverride:Fixed2_5R","Stop","-39.00","-41.40","7","-101.80"
"OPF-20260722-055318","2025-11-25T01:15:00.0000000","2025-11-25T01:15:00.0000000","20251125-0105-BULL-OBS-001129-Z001127-FR","20251125-0115-Short-1131","Short","FailureReverse_ObservationInvalidated_WideStop1_5R","","8.62","ActualTrade","SL","-36.00","-38.40","1","-38.40"
"OPF-20260722-055318","2025-11-25T02:50:00.0000000","2025-11-25T03:30:00.0000000","20251125-0240-BULL-OBS-001148-Z001148-OC","20251125-0250-Long-1150","Long","ObservationConfirm_WideStop1_5R","Fixed2_5R","8.62","ExitPolicyOverride:Fixed2_5R","Stop","-34.48","-36.88","2","-75.28"
"OPF-20260722-055318","2025-11-25T05:50:00.0000000","2025-11-25T06:00:00.0000000","20251125-0545-BULL-OBS-001185-Z001183-FR","20251125-0550-Short-1186","Short","FailureReverse_ObservationInvalidated","","3.25","ActualTrade","SL","-1.50","-3.90","3","-79.18"
"OPF-20260722-055318","2025-11-25T06:25:00.0000000","2025-11-25T06:30:00.0000000","20251125-0620-BEAR-OBS-001192-Z001192-OC","20251125-0625-Short-1193","Short","ObservationConfirm","","16.00","ActualTrade","SL","-69.50","-71.90","4","-151.08"
"OPF-20260722-055318","2025-11-25T06:50:00.0000000","2025-11-25T07:15:00.0000000","20251125-0645-BEAR-OBS-001197-Z001197-OC","20251125-0650-Short-1198","Short","ObservationConfirm","","16.50","ActualTrade","SL","3.00","0.60","5","-150.48"
"OPF-20260722-055318","2025-11-25T07:25:00.0000000","2025-11-25T07:25:00.0000000","20251125-0705-BEAR-SHD-001201-Z001201","20251125-0725-Short-1205","Short","ShadowCandidate","","4.00","ActualTrade","SL","-19.50","-21.90","6","-172.38"
"OPF-20260722-055318","2025-11-25T08:10:00.0000000","2025-11-25T08:10:00.0000000","20251125-0810-BEAR-BRK-001214-Z001214","20251125-0810-Short-1214","Short","BreakawayFvg","","24.75","ActualTrade","SL","-99.00","-101.40","7","-273.78"
"OPF-20260722-055318","2025-11-25T09:20:00.0000000","2025-11-25T09:30:00.0000000","20251125-0920-BEAR-BRK-001228-Z001228","20251125-0920-Short-1228","Short","BreakawayFvg","","12.25","ActualTrade","SL","0.00","-2.40","8","-276.18"
"OPF-20260722-055318","2025-11-25T09:35:00.0000000","2025-11-25T09:40:00.0000000","20251125-0930-BEAR-OBS-001230-Z001230-OC","","Short","ObservationConfirm_WideStop1_5R","","21.00","ShadowTrade","Stop","-84.00","-86.40","9","-362.58"
"OPF-20260722-055510","2025-11-26T00:55:00.0000000","2025-11-26T01:40:00.0000000","20251126-0050-BULL-OBS-001126-Z001126-OC","20251126-0055-Long-1127","Long","ObservationConfirm_WideStop1_5R","Fixed2_5R","17.62","ExitPolicyOverride:Fixed2_5R","Target","176.20","173.80","1","173.80"
"OPF-20260722-055510","2025-11-26T02:50:00.0000000","2025-11-26T03:50:00.0000000","20251126-0240-BULL-OBS-001148-Z001148-OC","","Long","ObservationConfirm_WideStop1_5R","Fixed2_5R","17.25","ExitPolicyOverride:Fixed2_5R","TimeStop","-6.00","-8.40","2","165.40"
"OPF-20260722-055510","2025-11-26T04:35:00.0000000","2025-11-26T05:00:00.0000000","20251126-0430-BEAR-OBS-001170-Z001170-OC","","Short","ObservationConfirm","","8.00","ShadowTrade","Stop","-32.00","-34.40","3","131.00"
"OPF-20260722-055510","2025-11-26T06:35:00.0000000","2025-11-26T08:05:00.0000000","20251126-0630-BULL-OBS-001194-Z001194-OC","20251126-0635-Long-1195","Long","ObservationConfirm_WideStop1_5R","Fixed2_5R","24.75","ExitPolicyOverride:Fixed2_5R","TimeStop","-57.00","-59.40","4","71.60"
"OPF-20260722-055510","2025-11-26T08:20:00.0000000","2025-11-26T08:25:00.0000000","20251126-0815-BULL-OBS-001215-Z001215-OC","20251126-0820-Long-1216","Long","ObservationConfirm_WideStop1_5R","Fixed2_5R","8.25","ExitPolicyOverride:Fixed2_5R","Stop","-33.00","-35.40","5","36.20"
"OPF-20260722-055510","2025-11-26T09:05:00.0000000","2025-11-26T09:10:00.0000000","20251126-0905-BEAR-OBS-001225-Z001225","20251126-0905-Short-1225","Short","ZoneBirthResearch","","13.50","ActualTrade","SPLIT_BASE_SL_RUNNER_SL","-58.50","-60.90","6","-24.70"
"OPF-20260722-055510","2025-11-26T09:40:00.0000000","2025-11-26T09:55:00.0000000","20251126-0915-BEAR-SHD-001227-Z001225","20251126-0940-Short-1232","Short","ShadowCandidate","","10.25","ActualTrade","SL","-0.50","-2.90","7","-27.60"
"OPF-20260722-055510","2025-11-26T10:35:00.0000000","2025-11-26T11:30:00.0000000","20251126-1030-BULL-OBS-001242-Z001238-OC-STR","20251126-1035-Long-1243","Long","ObservationStrict_Other","","17.75","ActualTrade","SL","2.00","-0.40","8","-28.00"
"OPF-20260722-055510","2025-11-26T12:05:00.0000000","2025-11-26T12:45:00.0000000","20251126-1200-BULL-OBS-001260-Z001130-OC-STR","","Long","ObservationStrict_Other_WideStop1_5R","","16.50","ShadowTrade","TargetOrProtectBE:ConservativeProtectBE","0","-2.4","9","-30.40"
"OPF-20260722-055510","2025-11-26T20:15:00.0000000","2025-11-26T20:20:00.0000000","20251126-2015-BULL-BRK-001359-Z001359-Q","20251126-2015-Long-1359","Long","BreakawayFvg_Qualified","","7.50","ActualTrade","SL","0.00","-2.40","10","-32.80"
"OPF-20260722-055510","2025-11-26T21:35:00.0000000","2025-11-26T21:45:00.0000000","20251126-2135-BEAR-OBS-001375-Z001375","20251126-2135-Short-1375","Short","ZoneBirthResearch","","2.00","ActualTrade","SPLIT_BASE_TP_RUNNER_SL","7.00","4.60","11","-28.20"
"OPF-20260722-055701","2025-12-01T00:25:00.0000000","2025-12-01T00:45:00.0000000","20251201-0025-BEAR-OBS-000896-Z000896","20251201-0025-Short-896","Short","ZoneBirthResearch","","13.50","ActualTrade","SPLIT_BASE_TP_RUNNER_TP","172.00","169.60","1","169.60"
"OPF-20260722-055701","2025-12-01T03:15:00.0000000","2025-12-01T03:20:00.0000000","20251201-0315-BEAR-BRK-000930-Z000930","20251201-0315-Short-930","Short","BreakawayFvg","","11.50","ActualTrade","SL","1.50","-0.90","2","168.70"
"OPF-20260722-055701","2025-12-01T03:50:00.0000000","2025-12-01T04:30:00.0000000","20251201-0315-BEAR-SHD-000930-Z000930","20251201-0350-Short-937","Short","ShadowCandidate","","11.25","ActualTrade","SL","0.00","-2.40","3","166.30"
"OPF-20260722-055701","2025-12-01T05:05:00.0000000","2025-12-01T05:35:00.0000000","20251201-0500-BEAR-OBS-000951-Z000951-OC","20251201-0505-Short-952","Short","ObservationConfirm","","16.75","ActualTrade","SL","0.00","-2.40","4","163.90"
"OPF-20260722-055701","2025-12-01T12:15:00.0000000","2025-12-01T13:15:00.0000000","20251201-1210-BEAR-OBS-001037-Z001037-OC","20251201-1215-Short-1038","Short","ObservationConfirm","","17.75","ActualTrade","SL","0.00","-2.40","5","161.50"
"OPF-20260722-055701","2025-12-01T17:50:00.0000000","2025-12-01T18:50:00.0000000","20251201-1745-BULL-OBS-001104-Z001104-FR","20251201-1750-Short-1105","Short","FailureReverse_ObservationInvalidated_WideStop1_5R","","24.38","ActualTrade","SL","-91.00","-93.40","6","68.10"
"OPF-20260722-055849","2025-12-02T00:15:00.0000000","2025-12-02T00:20:00.0000000","20251202-0010-BULL-OBS-000893-Z000893-OC","20251202-0015-Long-894","Long","ObservationConfirm_WideStop1_5R","Fixed2_5R","10.50","ExitPolicyOverride:Fixed2_5R","Stop","-42.00","-44.40","1","-44.40"
"OPF-20260722-055849","2025-12-02T00:40:00.0000000","2025-12-02T01:15:00.0000000","20251202-0035-BULL-OBS-000898-Z000898-OC","20251202-0040-Long-899","Long","ObservationConfirm_WideStop1_5R","Fixed2_5R","13.12","ExitPolicyOverride:Fixed2_5R","Target","131.20","128.80","2","84.40"
"OPF-20260722-055849","2025-12-02T01:35:00.0000000","2025-12-02T02:45:00.0000000","20251202-0135-BEAR-OBS-000910-Z000910","","Short","ZoneBirthResearch","","13.00","ShadowTrade","Base:Target|Runner:ProtectBE","65.00","62.60","3","147.00"
"OPF-20260722-055849","2025-12-02T03:10:00.0000000","2025-12-02T03:25:00.0000000","20251202-0305-BULL-OBS-000928-Z000924-FR","20251202-0310-Short-929","Short","FailureReverse_ObservationInvalidated_WideStop1_5R","","14.25","ActualTrade","TP","174.00","171.60","4","318.60"
"OPF-20260722-055849","2025-12-02T03:50:00.0000000","2025-12-02T04:50:00.0000000","20251202-0340-BEAR-OBS-000935-Z000933-FR","20251202-0350-Long-937","Long","FailureReverse_ObservationInvalidated","","19.75","ActualTrade","SL","-87.00","-89.40","5","229.20"
"OPF-20260722-055849","2025-12-02T04:55:00.0000000","2025-12-02T06:50:00.0000000","20251202-0450-BEAR-OBS-000949-Z000949-OC","","Short","ObservationConfirm_WideStop1_5R","","20.62","ShadowTrade","ProtectBE","0.00","-2.40","6","226.80"
"OPF-20260722-055849","2025-12-02T07:50:00.0000000","2025-12-02T08:10:00.0000000","20251202-0740-BULL-OBS-000983-Z000973-FR","20251202-0750-Short-985","Short","FailureReverse_ObservationInvalidated_WideStop1_5R","","10.50","ActualTrade","SL","-1.00","-3.40","7","223.40"
"OPF-20260722-055849","2025-12-02T08:15:00.0000000","2025-12-02T08:20:00.0000000","20251202-0805-BEAR-OBS-000988-Z000988-OC","","Short","ObservationConfirm_WideStop1_5R","","6.38","ShadowTrade","Stop","-25.52","-27.92","8","195.48"
"OPF-20260722-055849","2025-12-02T10:35:00.0000000","2025-12-02T11:30:00.0000000","20251202-1030-BULL-OBS-001017-Z001017-OC","20251202-1035-Long-1018","Long","ObservationConfirm_WideStop1_5R","Fixed2_5R","18.75","ExitPolicyOverride:Fixed2_5R","Target","187.50","185.10","9","380.58"
"OPF-20260722-055849","2025-12-02T13:05:00.0000000","2025-12-02T14:05:00.0000000","20251202-1300-BULL-OBS-001047-Z001047-OC","20251202-1305-Long-1048","Long","ObservationConfirm_WideStop1_5R","Fixed2_5R","17.62","ExitPolicyOverride:Fixed2_5R","TimeStop","57.00","54.60","10","435.18"
"OPF-20260722-055849","2025-12-02T14:15:00.0000000","2025-12-02T14:20:00.0000000","20251202-1410-BULL-OBS-001061-Z001059-OC-STR","20251202-1415-Long-1062","Long","ObservationStrict_Other","","13.75","ActualTrade","SL","-59.00","-61.40","11","373.78"
"OPF-20260722-055849","2025-12-02T17:40:00.0000000","2025-12-02T17:40:00.0000000","20251202-1740-BEAR-OBS-001103-Z001103","20251202-1740-Short-1103","Short","ZoneBirthResearch","","7.50","ActualTrade","SPLIT_BASE_SL_RUNNER_SL","-31.50","-33.90","12","339.88"
"OPF-20260722-055849","2025-12-02T18:00:00.0000000","2025-12-02T18:00:00.0000000","20251202-1800-BEAR-OBS-001107-Z001107","20251202-1800-Short-1107","Short","ZoneBirthResearch","","17.00","ActualTrade","SPLIT_BASE_SL_RUNNER_SL","-70.00","-72.40","13","267.48"
"OPF-20260722-055849","2025-12-02T19:10:00.0000000","2025-12-02T19:20:00.0000000","20251202-1905-BULL-OBS-001120-Z001120-OC","","Long","ObservationConfirm_WideStop1_5R","Fixed2_5R","24.38","ExitPolicyOverride:Fixed2_5R","Stop","-97.52","-99.92","14","167.56"
"OPF-20260722-055849","2025-12-02T19:45:00.0000000","2025-12-02T20:45:00.0000000","20251202-1935-BULL-OBS-001126-Z001126-OC","","Long","ObservationConfirm_WideStop1_5R","Fixed2_5R","24.75","ExitPolicyOverride:Fixed2_5R","TimeStop","83.00","80.60","15","248.16"
"OPF-20260722-060041","2025-12-03T01:40:00.0000000","2025-12-03T02:20:00.0000000","20251203-0135-BULL-OBS-000910-Z000910-OC","20251203-0140-Long-911","Long","ObservationConfirm_WideStop1_5R","Fixed2_5R","9.38","ExitPolicyOverride:Fixed2_5R","Target","93.80","91.40","1","91.40"
"OPF-20260722-060041","2025-12-03T02:25:00.0000000","2025-12-03T02:30:00.0000000","20251203-0220-BULL-OBS-000919-Z000919-OC","20251203-0225-Long-920","Long","ObservationConfirm_WideStop1_5R","Fixed2_5R","13.50","ExitPolicyOverride:Fixed2_5R","Stop","-54.00","-56.40","2","35.00"
"OPF-20260722-060041","2025-12-03T02:35:00.0000000","2025-12-03T03:05:00.0000000","20251203-0230-BULL-OBS-000921-Z000918-OC","20251203-0235-Long-922","Long","ObservationConfirm_WideStop1_5R","Fixed2_5R","10.12","ExitPolicyOverride:Fixed2_5R","Stop","-40.48","-42.88","3","-7.88"
"OPF-20260722-060041","2025-12-03T03:25:00.0000000","2025-12-03T06:25:00.0000000","20251203-0320-BULL-OBS-000931-Z000931-OC","20251203-0325-Long-932","Long","ObservationConfirm_WideStop1_5R","Fixed2_5R","15.75","ExitPolicyOverride:Fixed2_5R","TimeStop","-56.00","-58.40","4","-66.28"
"OPF-20260722-060041","2025-12-03T06:35:00.0000000","2025-12-03T06:45:00.0000000","20251203-0630-BEAR-OBS-000969-Z000969-OC","","Short","ObservationConfirm_WideStop1_5R","","18.38","ShadowTrade","Stop","-73.52","-75.92","5","-142.20"
"OPF-20260722-060041","2025-12-03T07:20:00.0000000","2025-12-03T07:40:00.0000000","20251203-0715-BULL-OBS-000978-Z000978-OC","20251203-0720-Long-979","Long","ObservationConfirm_WideStop1_5R","Fixed2_5R","19.88","ExitPolicyOverride:Fixed2_5R","Stop","-79.52","-81.92","6","-224.12"
"OPF-20260722-060041","2025-12-03T07:50:00.0000000","2025-12-03T08:25:00.0000000","20251203-0745-BEAR-OBS-000984-Z000984-OC","20251203-0750-Short-985","Short","ObservationConfirm_WideStop1_5R","","15.38","ActualTrade","TP","171.00","168.60","7","-55.52"
"OPF-20260722-060041","2025-12-03T08:55:00.0000000","2025-12-03T09:00:00.0000000","20251203-0850-BULL-OBS-000997-Z000997-OC","20251203-0855-Long-998","Long","ObservationConfirm_WideStop1_5R","Fixed2_5R","22.88","ExitPolicyOverride:Fixed2_5R","Stop","-91.52","-93.92","8","-149.44"
"OPF-20260722-060041","2025-12-03T09:10:00.0000000","2025-12-03T11:20:00.0000000","20251203-0905-BEAR-OBS-001000-Z001000-OC","20251203-0910-Short-1001","Short","ObservationConfirm","","21.75","ActualTrade","SL","-1.00","-3.40","9","-152.84"
"OPF-20260722-060041","2025-12-03T12:15:00.0000000","2025-12-03T13:10:00.0000000","20251203-1210-BULL-OBS-001037-Z001037-OC","20251203-1215-Long-1038","Long","ObservationConfirm_WideStop1_5R","Fixed2_5R","10.12","ExitPolicyOverride:Fixed2_5R","Target","101.20","98.80","10","-54.04"
"OPF-20260722-060041","2025-12-03T20:00:00.0000000","2025-12-03T20:45:00.0000000","20251203-2000-BULL-PB-001131-Z001130","20251203-2000-Long-1131","Long","AlmostConfirmed","","7.75","ActualTrade","SL","6.00","3.60","11","-50.44"
"OPF-20260722-060233","2025-12-04T00:55:00.0000000","2025-12-04T01:00:00.0000000","20251204-0055-BEAR-OBS-000950-Z000950","20251204-0055-Short-950","Short","ZoneBirthResearch","","13.25","ActualTrade","SPLIT_BASE_SL_RUNNER_SL","-55.00","-57.40","1","-57.40"
"OPF-20260722-060233","2025-12-04T02:30:00.0000000","2025-12-04T03:20:00.0000000","20251204-0225-BULL-OBS-000968-Z000968-OC","20251204-0230-Long-969","Long","ObservationConfirm_WideStop1_5R","Fixed2_5R","12.38","ExitPolicyOverride:Fixed2_5R","Stop","-49.52","-51.92","2","-109.32"
"OPF-20260722-060233","2025-12-04T03:25:00.0000000","2025-12-04T03:40:00.0000000","20251204-0320-BEAR-OBS-000979-Z000979-OC","","Short","ObservationConfirm","","12.25","ShadowTrade","ProtectBE","0.00","-2.40","3","-111.72"
"OPF-20260722-060233","2025-12-04T04:50:00.0000000","2025-12-04T06:10:00.0000000","20251204-0445-BULL-OBS-000996-Z000996-OC","20251204-0450-Long-997","Long","ObservationConfirm_WideStop1_5R","Fixed2_5R","12.75","ExitPolicyOverride:Fixed2_5R","TimeStop","23.00","20.60","4","-91.12"
"OPF-20260722-060233","2025-12-04T06:35:00.0000000","2025-12-04T07:05:00.0000000","20251204-0630-BULL-OBS-001017-Z001017-OC","20251204-0635-Long-1018","Long","ObservationConfirm_WideStop1_5R","Fixed2_5R","6.38","ExitPolicyOverride:Fixed2_5R","Target","63.80","61.40","5","-29.72"
"OPF-20260722-060233","2025-12-04T08:05:00.0000000","2025-12-04T08:15:00.0000000","20251204-0800-BULL-OBS-001035-Z001017-FR","20251204-0805-Short-1036","Short","FailureReverse_ObservationInvalidated_WideStop1_5R","","6.00","ActualTrade","TP","69.00","66.60","6","36.88"
"OPF-20260722-060233","2025-12-04T09:05:00.0000000","2025-12-04T09:15:00.0000000","20251204-0900-BEAR-SHD-001047-Z001036","20251204-0905-Short-1048","Short","ShadowCandidate","","12.25","ActualTrade","SL","-0.50","-2.90","7","33.98"
"OPF-20260722-060233","2025-12-04T10:40:00.0000000","2025-12-04T11:45:00.0000000","20251204-1035-BEAR-OBS-001066-Z001066-OC","20251204-1040-Short-1067","Short","ObservationConfirm","","16.75","ActualTrade","SL","0.00","-2.40","8","31.58"
"OPF-20260722-060233","2025-12-04T13:40:00.0000000","2025-12-04T13:55:00.0000000","20251204-1325-BULL-OBS-001100-Z001100-FR-RT","20251204-1340-Short-1103","Short","FailureReverse_RetestFailed","","9.75","ActualTrade","SL","-3.00","-5.40","9","26.18"
"OPF-20260722-060233","2025-12-04T17:15:00.0000000","2025-12-04T17:30:00.0000000","20251204-1710-BEAR-OBS-001145-Z001145-OC","20251204-1715-Short-1146","Short","ObservationConfirm_WideStop1_5R","","20.25","ActualTrade","SL","-2.00","-4.40","10","21.78"
"OPF-20260722-060425","2025-12-04T23:40:00.0000000","2025-12-05T00:15:00.0000000","20251204-2335-BEAR-OBS-001111-Z001111-OC","20251204-2340-Short-1112","Short","ObservationConfirm","","12.50","ActualTrade","SL","-52.00","-54.40","1","-54.40"
"OPF-20260722-060425","2025-12-05T01:05:00.0000000","2025-12-05T02:15:00.0000000","20251205-0100-BULL-OBS-001128-Z001128-OC","20251205-0105-Long-1129","Long","ObservationConfirm_WideStop1_5R","Fixed2_5R","13.12","ExitPolicyOverride:Fixed2_5R","Target","131.20","128.80","2","74.40"
"OPF-20260722-060425","2025-12-05T03:25:00.0000000","2025-12-05T03:30:00.0000000","20251205-0320-BULL-OBS-001156-Z001156-OC","20251205-0325-Long-1157","Long","ObservationConfirm_WideStop1_5R","Fixed2_5R","6.00","ExitPolicyOverride:Fixed2_5R","Stop","-24.00","-26.40","3","48.00"
"OPF-20260722-060425","2025-12-05T03:40:00.0000000","2025-12-05T03:55:00.0000000","20251205-0325-BULL-OBS-001157-Z001156-OC","20251205-0340-Long-1160","Long","ObservationConfirm_WideStop1_5R","Fixed2_5R","4.88","ExitPolicyOverride:Fixed2_5R","Target","48.80","46.40","4","94.40"
"OPF-20260722-060425","2025-12-05T04:20:00.0000000","2025-12-05T04:50:00.0000000","20251205-0415-BULL-OBS-001167-Z001165-FR","20251205-0420-Short-1168","Short","FailureReverse_ObservationInvalidated_WideStop1_5R","","12.00","ActualTrade","SL","-49.00","-51.40","5","43.00"
"OPF-20260722-060425","2025-12-05T05:00:00.0000000","2025-12-05T06:25:00.0000000","20251205-0455-BULL-OBS-001175-Z001175-OC","20251205-0500-Long-1176","Long","ObservationConfirm_WideStop1_5R","Fixed2_5R","13.50","ExitPolicyOverride:Fixed2_5R","TimeStop","22.00","19.60","6","62.60"
"OPF-20260722-060425","2025-12-05T06:45:00.0000000","2025-12-05T06:55:00.0000000","20251205-0620-BULL-OBS-001192-Z001188-FR-RT","20251205-0645-Short-1197","Short","FailureReverse_RetestFailed","","6.25","ActualTrade","SL","-1.00","-3.40","7","59.20"
"OPF-20260722-060425","2025-12-05T07:25:00.0000000","2025-12-05T07:35:00.0000000","20251205-0725-BULL-BRK-001205-Z001205-Q","20251205-0725-Long-1205","Long","BreakawayFvg_Qualified","","8.00","ActualTrade","SL","-34.00","-36.40","8","22.80"
"OPF-20260722-060425","2025-12-05T10:55:00.0000000","2025-12-05T11:00:00.0000000","20251205-1055-BEAR-OBS-001247-Z001247","20251205-1055-Short-1247","Short","ZoneBirthResearch","","7.25","ActualTrade","SPLIT_BASE_SL_RUNNER_SL","-31.00","-33.40","9","-10.60"
"OPF-20260722-060425","2025-12-05T11:10:00.0000000","2025-12-05T11:15:00.0000000","20251205-1105-BEAR-OBS-001249-Z001247-OC","","Short","ObservationConfirm","","2.75","ShadowTrade","TargetOrProtectBE:ConservativeProtectBE","0","-2.4","10","-13.00"
"OPF-20260722-060425","2025-12-05T12:50:00.0000000","2025-12-05T12:50:00.0000000","20251205-1250-BEAR-OBS-001270-Z001270","20251205-1250-Short-1270","Short","ZoneBirthResearch","","6.50","ActualTrade","SPLIT_BASE_SL_RUNNER_SL","-27.00","-29.40","11","-42.40"
"OPF-20260722-060425","2025-12-05T13:25:00.0000000","2025-12-05T13:30:00.0000000","20251205-1325-BEAR-OBS-001277-Z001277","20251205-1325-Short-1277","Short","ZoneBirthResearch","","6.50","ActualTrade","SPLIT_BASE_TP_RUNNER_TP","91.00","88.60","12","46.20"
"OPF-20260722-060425","2025-12-05T13:55:00.0000000","2025-12-05T13:55:00.0000000","20251205-1345-BEAR-OBS-001281-Z001281-OC","20251205-1355-Short-1283","Short","ObservationConfirm_WideStop1_5R","","16.50","ActualTrade","SL","-65.00","-67.40","13","-21.20"
"OPF-20260722-060425","2025-12-05T15:40:00.0000000","2025-12-05T15:40:00.0000000","20251205-1540-BULL-PB-001304-Z001297","20251205-1540-Long-1304","Long","AlmostConfirmed","","19.75","ActualTrade","SL","-78.00","-80.40","14","-101.60"
"OPF-20260722-060425","2025-12-05T17:15:00.0000000","2025-12-05T17:20:00.0000000","20251205-1715-BEAR-OBS-001323-Z001323","20251205-1715-Short-1323","Short","ZoneBirthResearch","","12.25","ActualTrade","SPLIT_BASE_SL_RUNNER_SL","-48.00","-50.40","15","-152.00"
"OPF-20260722-060617","2025-12-08T00:30:00.0000000","2025-12-08T02:15:00.0000000","20251208-0025-BULL-OBS-001121-Z001121-OC","20251208-0030-Long-1122","Long","ObservationConfirm_WideStop1_5R","Fixed2_5R","16.88","ExitPolicyOverride:Fixed2_5R","Target","168.80","166.40","1","166.40"
"OPF-20260722-060617","2025-12-08T02:25:00.0000000","2025-12-08T02:40:00.0000000","20251208-0220-BULL-OBS-001144-Z001144-OC","","Long","ObservationConfirm_WideStop1_5R","Fixed2_5R","6.75","ExitPolicyOverride:Fixed2_5R","Stop","-27.00","-29.40","2","137.00"
"OPF-20260722-060617","2025-12-08T03:05:00.0000000","2025-12-08T04:05:00.0000000","20251208-0300-BULL-OBS-001152-Z001152-OC","","Long","ObservationConfirm_WideStop1_5R","Fixed2_5R","14.25","ExitPolicyOverride:Fixed2_5R","TimeStop","31.00","28.60","3","165.60"
"OPF-20260722-060617","2025-12-08T04:20:00.0000000","2025-12-08T05:20:00.0000000","20251208-0415-BULL-OBS-001167-Z001167-OC","20251208-0420-Long-1168","Long","ObservationConfirm_WideStop1_5R","Fixed2_5R","6.75","ExitPolicyOverride:Fixed2_5R","TimeStop","22.00","19.60","4","185.20"
"OPF-20260722-060617","2025-12-08T06:00:00.0000000","2025-12-08T06:00:00.0000000","20251208-0555-BEAR-OBS-001187-Z001187-OC","20251208-0600-Short-1188","Short","ObservationConfirm","","6.50","ActualTrade","SL","-27.00","-29.40","5","155.80"
"OPF-20260722-060617","2025-12-08T06:15:00.0000000","2025-12-08T06:55:00.0000000","20251208-0610-BULL-OBS-001190-Z001190-OC","20251208-0615-Long-1191","Long","ObservationConfirm_WideStop1_5R","Fixed2_5R","17.62","ExitPolicyOverride:Fixed2_5R","Stop","-70.48","-72.88","6","82.92"
"OPF-20260722-060617","2025-12-08T07:00:00.0000000","2025-12-08T07:15:00.0000000","20251208-0655-BEAR-OBS-001199-Z001199-OC","","Short","ObservationConfirm_WideStop1_5R","","18.38","ShadowTrade","Stop","-73.52","-75.92","7","7.00"
"OPF-20260722-060617","2025-12-08T07:55:00.0000000","2025-12-08T08:25:00.0000000","20251208-0750-BEAR-OBS-001210-Z001210-OC","20251208-0755-Short-1211","Short","ObservationConfirm","","9.75","ActualTrade","TP","106.50","104.10","8","111.10"
"OPF-20260722-060617","2025-12-08T10:35:00.0000000","2025-12-08T11:30:00.0000000","20251208-1030-BULL-OBS-001242-Z001242-OC","20251208-1035-Long-1243","Long","ObservationConfirm_WideStop1_5R","Fixed2_5R","21.38","ExitPolicyOverride:Fixed2_5R","Stop","-85.52","-87.92","9","23.18"
"OPF-20260722-060617","2025-12-08T13:35:00.0000000","2025-12-08T13:35:00.0000000","20251208-1335-BEAR-OBS-001279-Z001279","20251208-1335-Short-1279","Short","ZoneBirthResearch","","7.00","ActualTrade","SPLIT_BASE_SL_RUNNER_SL","-32.00","-34.40","10","-11.22"
"OPF-20260722-060617","2025-12-08T16:05:00.0000000","2025-12-08T16:05:00.0000000","20251208-1600-BEAR-OBS-001308-Z001308-OC","20251208-1605-Short-1309","Short","ObservationConfirm","","12.75","ActualTrade","SL","-45.00","-47.40","11","-58.62"
"OPF-20260722-060810","2025-12-09T00:05:00.0000000","2025-12-09T01:05:00.0000000","20251208-2355-BULL-OBS-001115-Z001115-OC","20251209-0005-Long-1117","Long","ObservationConfirm_WideStop1_5R","Fixed2_5R","17.62","ExitPolicyOverride:Fixed2_5R","Stop","-70.48","-72.88","1","-72.88"
"OPF-20260722-060810","2025-12-09T05:05:00.0000000","2025-12-09T05:30:00.0000000","20251209-0505-BEAR-BRK-001177-Z001177","20251209-0505-Short-1177","Short","BreakawayFvg","","10.00","ActualTrade","SL","0.00","-2.40","2","-75.28"
"OPF-20260722-060810","2025-12-09T05:50:00.0000000","2025-12-09T06:35:00.0000000","20251209-0545-BEAR-OBS-001185-Z001178-OC","20251209-0550-Short-1186","Short","ObservationConfirm","","15.50","ActualTrade","SL","-1.00","-3.40","3","-78.68"
"OPF-20260722-060810","2025-12-09T06:50:00.0000000","2025-12-09T07:05:00.0000000","20251209-0645-BEAR-OBS-001197-Z001177-OC","","Short","ObservationConfirm_WideStop1_5R","","15.38","ShadowTrade","Stop","-61.52","-63.92","4","-142.60"
"OPF-20260722-060810","2025-12-09T09:10:00.0000000","2025-12-09T10:15:00.0000000","20251209-0905-BEAR-OBS-001225-Z001225-OC","20251209-0910-Short-1226","Short","ObservationConfirm","","11.50","ActualTrade","SL","-1.00","-3.40","5","-146.00"
"OPF-20260722-060810","2025-12-09T10:30:00.0000000","2025-12-09T10:35:00.0000000","20251209-1025-BEAR-OBS-001241-Z001225-OC","20251209-1030-Short-1242","Short","ObservationConfirm","","6.75","ActualTrade","TP","81.00","78.60","6","-67.40"
"OPF-20260722-060810","2025-12-09T13:45:00.0000000","2025-12-09T14:20:00.0000000","20251209-1345-BEAR-OBS-001281-Z001279","20251209-1345-Short-1281","Short","UnknownRegimeZoneTouch","","18.75","ActualTrade","SL","11.00","8.60","7","-58.80"
"OPF-20260722-060810","2025-12-09T17:30:00.0000000","2025-12-09T17:45:00.0000000","20251209-1720-BEAR-OBS-001324-Z001324-OC","20251209-1730-Short-1326","Short","ObservationConfirm_WideStop1_5R","","12.38","ActualTrade","SL","-1.00","-3.40","8","-62.20"
"OPF-20260722-060810","2025-12-09T19:45:00.0000000","2025-12-09T19:45:00.0000000","20251209-1945-BEAR-OBS-001353-Z001353","20251209-1945-Short-1353","Short","ZoneBirthResearch","","4.75","ActualTrade","SPLIT_BASE_SL_RUNNER_SL","-20.00","-22.40","9","-84.60"
"OPF-20260722-060810","2025-12-09T19:50:00.0000000","2025-12-09T19:55:00.0000000","20251209-1950-BEAR-OBS-001354-Z001352","","Short","UnknownRegimeZoneTouch","","4.75","ShadowTrade","Stop","-19.00","-21.40","10","-106.00"
"OPF-20260722-061044","2025-12-10T00:55:00.0000000","2025-12-10T02:10:00.0000000","20251210-0050-BEAR-OBS-001126-Z001126-OC","20251210-0055-Short-1127","Short","ObservationConfirm","","16.25","ActualTrade","SL","-66.50","-68.90","1","-68.90"
"OPF-20260722-061044","2025-12-10T02:30:00.0000000","2025-12-10T05:00:00.0000000","20251210-0225-BULL-OBS-001145-Z001144-OC","20251210-0230-Long-1146","Long","ObservationConfirm_WideStop1_5R","Fixed2_5R","15.75","ExitPolicyOverride:Fixed2_5R","TimeStop","46.00","43.60","2","-25.30"
"OPF-20260722-061044","2025-12-10T05:10:00.0000000","2025-12-10T06:05:00.0000000","20251210-0505-BEAR-OBS-001177-Z001177-OC","","Short","ObservationConfirm","","17.25","ShadowTrade","Stop","-69.00","-71.40","3","-96.70"
"OPF-20260722-061044","2025-12-10T06:45:00.0000000","2025-12-10T07:00:00.0000000","20251210-0645-BEAR-OBS-001197-Z001197","20251210-0645-Short-1197","Short","ZoneBirthResearch","","5.00","ActualTrade","SPLIT_BASE_SL_RUNNER_SL","-21.00","-23.40","4","-120.10"
"OPF-20260722-061044","2025-12-10T07:30:00.0000000","2025-12-10T08:30:00.0000000","20251210-0725-BULL-OBS-001205-Z001205-OC","20251210-0730-Long-1206","Long","ObservationConfirm_WideStop1_5R","Fixed2_5R","18.75","ExitPolicyOverride:Fixed2_5R","TimeStop","9.00","6.60","5","-113.50"
"OPF-20260722-061044","2025-12-10T09:20:00.0000000","2025-12-10T10:00:00.0000000","20251210-0915-BEAR-OBS-001227-Z001227-OC","","Short","ObservationConfirm_WideStop1_5R","","16.50","ShadowTrade","Stop","-66.00","-68.40","6","-181.90"
"OPF-20260722-061044","2025-12-10T11:45:00.0000000","2025-12-10T11:45:00.0000000","20251210-1145-BEAR-OBS-001257-Z001257","20251210-1145-Short-1257","Short","ZoneBirthResearch","","3.00","ActualTrade","SPLIT_BASE_SL_RUNNER_SL","-12.00","-14.40","7","-196.30"
"OPF-20260722-061044","2025-12-10T12:45:00.0000000","2025-12-10T12:55:00.0000000","20251210-1240-BEAR-OBS-001268-Z001268-OC","","Short","ObservationConfirm_WideStop1_5R","","9.00","ShadowTrade","Stop","-36.00","-38.40","8","-234.70"
"OPF-20260722-061044","2025-12-10T16:00:00.0000000","2025-12-10T16:00:00.0000000","20251210-1600-BEAR-BRK-001308-Z001308","20251210-1600-Short-1308","Short","BreakawayFvg","","21.00","ActualTrade","SL","-83.00","-85.40","9","-320.10"
"OPF-20260722-061231","2025-12-11T00:50:00.0000000","2025-12-11T01:50:00.0000000","20251211-0050-BEAR-OBS-001126-Z001126","20251211-0050-Short-1126","Short","ZoneBirthResearch","","7.75","ActualTrade","SPLIT_BASE_TP_RUNNER_TP","104.00","101.60","1","101.60"
"OPF-20260722-061231","2025-12-11T01:55:00.0000000","2025-12-11T02:20:00.0000000","20251211-0150-BEAR-OBS-001138-Z001138-OC","20251211-0155-Short-1139","Short","ObservationConfirm","","17.25","ActualTrade","TP","207.00","204.60","2","306.20"
"OPF-20260722-061231","2025-12-11T02:55:00.0000000","2025-12-11T03:00:00.0000000","20251211-0250-BEAR-OBS-001150-Z001150-OC","20251211-0255-Short-1151","Short","ObservationConfirm","","16.75","ActualTrade","TP","214.50","212.10","3","518.30"
"OPF-20260722-061231","2025-12-11T04:25:00.0000000","2025-12-11T04:30:00.0000000","20251211-0425-BEAR-OBS-001169-Z001169","20251211-0425-Short-1169","Short","ZoneBirthResearch","","5.25","ActualTrade","SPLIT_BASE_SL_RUNNER_SL","-24.50","-26.90","4","491.40"
"OPF-20260722-061231","2025-12-11T06:30:00.0000000","2025-12-11T06:30:00.0000000","20251211-0625-BEAR-OBS-001193-Z001193-OC","20251211-0630-Short-1194","Short","ObservationConfirm","","9.25","ActualTrade","SL","-34.50","-36.90","5","454.50"
"OPF-20260722-061231","2025-12-11T07:40:00.0000000","2025-12-11T07:55:00.0000000","20251211-0735-BULL-OBS-001207-Z001207-OC-STR","20251211-0740-Long-1208","Long","ObservationStrict_BullFresh_WideStop1_5R","","14.62","ActualTrade","SL","-59.00","-61.40","6","393.10"
"OPF-20260722-061231","2025-12-11T09:20:00.0000000","2025-12-11T09:25:00.0000000","20251211-0920-BEAR-OBS-001228-Z001147","20251211-0920-Short-1228","Short","UnknownRegimeZoneTouch","","13.00","ActualTrade","SL","0.50","-1.90","7","391.20"
"OPF-20260722-061231","2025-12-11T10:40:00.0000000","2025-12-11T10:40:00.0000000","20251211-1035-BEAR-OBS-001243-Z001243-OC","20251211-1040-Short-1244","Short","ObservationConfirm","","7.75","ActualTrade","SL","-36.00","-38.40","8","352.80"
"OPF-20260722-061231","2025-12-11T12:05:00.0000000","2025-12-11T13:35:00.0000000","20251211-1200-BULL-OBS-001260-Z001258-OC-STR","20251211-1205-Long-1261","Long","ObservationStrict_Other","","23.00","ActualTrade","SL","0.50","-1.90","9","350.90"
"OPF-20260722-061231","2025-12-11T13:50:00.0000000","2025-12-11T14:05:00.0000000","20251211-1335-BEAR-SHD-001279-Z001279","20251211-1350-Short-1282","Short","ShadowCandidate","","7.50","ActualTrade","SL","-1.00","-3.40","10","347.50"
"OPF-20260722-061231","2025-12-11T17:50:00.0000000","2025-12-11T18:05:00.0000000","20251211-1750-BEAR-OBS-001330-Z001330","20251211-1750-Short-1330","Short","ZoneBirthResearch","","15.25","ActualTrade","SPLIT_BASE_SL_RUNNER_SL","-60.50","-62.90","11","284.60"
"OPF-20260722-061447","2025-12-12T06:35:00.0000000","2025-12-12T07:55:00.0000000","20251212-0635-BEAR-OBS-001195-Z001195","20251212-0635-Short-1195","Short","ZoneBirthResearch","","8.00","ActualTrade","SPLIT_BASE_TP_RUNNER_TP","109.00","106.60","1","106.60"
"OPF-20260722-061447","2025-12-12T08:55:00.0000000","2025-12-12T09:10:00.0000000","20251212-0845-BEAR-OBS-001221-Z001221-OC","20251212-0855-Short-1223","Short","ObservationConfirm","","9.00","ActualTrade","TP","120.00","117.60","2","224.20"
"OPF-20260722-061447","2025-12-12T10:25:00.0000000","2025-12-12T10:35:00.0000000","20251212-1015-BULL-OBS-001239-Z001238-FR","20251212-1025-Short-1241","Short","FailureReverse_ObservationInvalidated","","13.25","ActualTrade","SL","0.00","-2.40","3","221.80"
"OPF-20260722-061447","2025-12-12T11:40:00.0000000","2025-12-12T11:55:00.0000000","20251212-1140-BEAR-BRK-001256-Z001256","20251212-1140-Short-1256","Short","BreakawayFvg","","13.00","ActualTrade","SL","1.00","-1.40","4","220.40"
"OPF-20260722-061447","2025-12-12T12:45:00.0000000","2025-12-12T12:45:00.0000000","20251212-1245-BEAR-OBS-001269-Z001269","20251212-1245-Short-1269","Short","ZoneBirthResearch","","5.25","ActualTrade","SPLIT_BASE_SL_RUNNER_SL","-23.50","-25.90","5","194.50"
"OPF-20260722-061447","2025-12-12T14:15:00.0000000","2025-12-12T14:15:00.0000000","20251212-1410-BULL-OBS-001286-Z001283-FR","20251212-1415-Short-1287","Short","FailureReverse_ObservationInvalidated","","5.50","ActualTrade","SL","-22.50","-24.90","6","169.60"
"OPF-20260722-061447","2025-12-12T21:45:00.0000000","2025-12-12T21:50:00.0000000","20251212-2140-BULL-OBS-001376-Z001376-OC","20251212-2145-Long-1377","Long","ObservationConfirm_WideStop1_5R","Fixed2_5R","6.00","ExitPolicyOverride:Fixed2_5R","Stop","-24.00","-26.40","7","143.20"
"OPF-20260722-061618","2025-12-15T00:00:00.0000000","2025-12-15T00:55:00.0000000","20251214-2355-BULL-OBS-001115-Z001115-OC","20251215-0000-Long-1116","Long","ObservationConfirm_WideStop1_5R","Fixed2_5R","18.00","ExitPolicyOverride:Fixed2_5R","Target","180.00","177.60","1","177.60"
"OPF-20260722-061618","2025-12-15T01:05:00.0000000","2025-12-15T02:05:00.0000000","20251215-0100-BULL-OBS-001128-Z001126-OC","","Long","ObservationConfirm_WideStop1_5R","Fixed2_5R","16.12","ExitPolicyOverride:Fixed2_5R","Target","161.20","158.80","2","336.40"
"OPF-20260722-061618","2025-12-15T02:35:00.0000000","2025-12-15T02:45:00.0000000","20251215-0230-BULL-OBS-001146-Z001146-OC","20251215-0235-Long-1147","Long","ObservationConfirm_WideStop1_5R","Fixed2_5R","16.88","ExitPolicyOverride:Fixed2_5R","Stop","-67.52","-69.92","3","266.48"
"OPF-20260722-061618","2025-12-15T02:55:00.0000000","2025-12-15T02:55:00.0000000","20251215-0240-BULL-OBS-001148-Z001146-FR-RT","20251215-0255-Short-1151","Short","FailureReverse_RetestFailed","","10.25","ActualTrade","SL","-45.00","-47.40","4","219.08"
"OPF-20260722-061618","2025-12-15T05:00:00.0000000","2025-12-15T05:20:00.0000000","20251215-0455-BULL-OBS-001175-Z001175-OC-STR","","Long","ObservationStrict_BullFresh_WideStop1_5R","","11.25","ShadowTrade","Stop","-45.00","-47.40","5","171.68"
"OPF-20260722-061618","2025-12-15T05:40:00.0000000","2025-12-15T06:00:00.0000000","20251215-0535-BULL-OBS-001183-Z001183-OC","20251215-0540-Long-1184","Long","ObservationConfirm_WideStop1_5R","Fixed2_5R","9.75","ExitPolicyOverride:Fixed2_5R","Stop","-39.00","-41.40","6","130.28"
"OPF-20260722-061618","2025-12-15T06:10:00.0000000","2025-12-15T06:35:00.0000000","20251215-0605-BEAR-OBS-001189-Z001189-OC","20251215-0610-Short-1190","Short","ObservationConfirm","","16.50","ActualTrade","SL","-68.00","-70.40","7","59.88"
"OPF-20260722-061618","2025-12-15T07:15:00.0000000","2025-12-15T07:30:00.0000000","20251215-0710-BEAR-OBS-001202-Z001202-OC","20251215-0715-Short-1203","Short","ObservationConfirm","","7.75","ActualTrade","SL","-2.00","-4.40","8","55.48"
"OPF-20260722-061618","2025-12-15T07:35:00.0000000","2025-12-15T08:05:00.0000000","20251215-0730-BEAR-OBS-001206-Z001206-OC","","Short","ObservationConfirm_WideStop1_5R","","15.00","ShadowTrade","Stop","-60.00","-62.40","9","-6.92"
"OPF-20260722-061618","2025-12-15T08:50:00.0000000","2025-12-15T09:15:00.0000000","20251215-0845-BULL-OBS-001221-Z001221-OC","20251215-0850-Long-1222","Long","ObservationConfirm_WideStop1_5R","Fixed2_5R","13.12","ExitPolicyOverride:Fixed2_5R","Target","131.20","128.80","10","121.88"
"OPF-20260722-061618","2025-12-15T09:55:00.0000000","2025-12-15T10:00:00.0000000","20251215-0950-BULL-OBS-001234-Z001234-OC","20251215-0955-Long-1235","Long","ObservationConfirm_WideStop1_5R","Fixed2_5R","6.00","ExitPolicyOverride:Fixed2_5R","Stop","-24.00","-26.40","11","95.48"
"OPF-20260722-061618","2025-12-15T12:55:00.0000000","2025-12-15T14:25:00.0000000","20251215-1250-BULL-OBS-001270-Z001269-OC","20251215-1255-Long-1271","Long","ObservationConfirm_WideStop1_5R","Fixed2_5R","21.38","ExitPolicyOverride:Fixed2_5R","Target","213.80","211.40","12","306.88"
"OPF-20260722-061618","2025-12-15T16:00:00.0000000","2025-12-15T16:00:00.0000000","20251215-1555-BEAR-OBS-001307-Z001307-OC","20251215-1600-Short-1308","Short","ObservationConfirm","","17.75","ActualTrade","SL","-70.00","-72.40","13","234.48"
"OPF-20260722-061618","2025-12-15T18:35:00.0000000","2025-12-15T18:35:00.0000000","20251215-1830-BEAR-OBS-001338-Z001337-OC","20251215-1835-Short-1339","Short","ObservationConfirm","","18.50","ActualTrade","SL","-86.50","-88.90","14","145.58"
"OPF-20260722-061810","2025-12-16T01:00:00.0000000","2025-12-16T01:30:00.0000000","20251216-0055-BEAR-OBS-001127-Z001127-OC","20251216-0100-Short-1128","Short","ObservationConfirm","","21.25","ActualTrade","TP","252.00","249.60","1","249.60"
"OPF-20260722-061810","2025-12-16T03:20:00.0000000","2025-12-16T03:25:00.0000000","20251216-0315-BEAR-OBS-001155-Z001155-OC","20251216-0320-Short-1156","Short","ObservationConfirm","","8.75","ActualTrade","TP","110.00","107.60","2","357.20"
"OPF-20260722-061810","2025-12-16T03:30:00.0000000","2025-12-16T03:30:00.0000000","20251216-0330-BEAR-OBS-001158-Z001158","20251216-0330-Short-1158","Short","ZoneBirthResearch","","15.25","ActualTrade","SPLIT_BASE_SL_RUNNER_SL","-59.00","-61.40","3","295.80"
"OPF-20260722-061810","2025-12-16T04:10:00.0000000","2025-12-16T04:30:00.0000000","20251216-0405-BEAR-OBS-001165-Z001165-OC","20251216-0410-Short-1166","Short","ObservationConfirm","","19.75","ActualTrade","SL","-80.00","-82.40","4","213.40"
"OPF-20260722-061810","2025-12-16T05:05:00.0000000","2025-12-16T05:15:00.0000000","20251216-0500-BULL-OBS-001176-Z001169-OC-STR","20251216-0505-Long-1177","Long","ObservationStrict_Other","","5.00","ActualTrade","SL","-3.00","-5.40","5","208.00"
"OPF-20260722-061810","2025-12-16T07:10:00.0000000","2025-12-16T07:10:00.0000000","20251216-0705-BULL-OBS-001201-Z001200-FR","20251216-0710-Short-1202","Short","FailureReverse_ObservationInvalidated_WideStop1_5R","","11.25","ActualTrade","SL","-46.50","-48.90","6","159.10"
"OPF-20260722-061810","2025-12-16T08:10:00.0000000","2025-12-16T08:10:00.0000000","20251216-0810-BEAR-OBS-001214-Z001176","20251216-0810-Short-1214","Short","UnknownRegimeZoneTouch","","8.25","ActualTrade","SL","-35.00","-37.40","7","121.70"
"OPF-20260722-061810","2025-12-16T08:55:00.0000000","2025-12-16T09:50:00.0000000","20251216-0850-BULL-OBS-001222-Z001222-OC","20251216-0855-Long-1223","Long","ObservationConfirm_WideStop1_5R","Fixed2_5R","16.88","ExitPolicyOverride:Fixed2_5R","Stop","-67.52","-69.92","8","51.78"
"OPF-20260722-061810","2025-12-16T09:55:00.0000000","2025-12-16T10:00:00.0000000","20251216-0955-BEAR-OBS-001235-Z001235","20251216-0955-Short-1235","Short","ZoneBirthResearch","","14.75","ActualTrade","SPLIT_BASE_SL_RUNNER_SL","-58.00","-60.40","9","-8.62"
"OPF-20260722-061810","2025-12-16T14:00:00.0000000","2025-12-16T14:10:00.0000000","20251216-1355-BEAR-OBS-001283-Z001283-OC","20251216-1400-Short-1284","Short","ObservationConfirm_WideStop1_5R","","16.12","ActualTrade","SL","-67.00","-69.40","10","-78.02"
"OPF-20260722-061810","2025-12-16T18:05:00.0000000","2025-12-16T18:05:00.0000000","20251216-1800-BEAR-OBS-001332-Z001332-OC","20251216-1805-Short-1333","Short","ObservationConfirm_WideStop1_5R","","20.62","ActualTrade","SL","-6.50","-8.90","11","-86.92"
"OPF-20260722-061810","2025-12-16T21:40:00.0000000","2025-12-16T21:50:00.0000000","20251216-2125-BEAR-OBS-001373-Z001372-FR","","Long","FailureReverse_ObservationInvalidated_WideStop1_5R","","14.62","ShadowTrade","GlobexCloseout","8.00","5.60","12","-81.32"
"OPF-20260722-062002","2025-12-17T00:05:00.0000000","2025-12-17T00:05:00.0000000","20251217-0005-BEAR-OBS-001117-Z001117","20251217-0005-Short-1117","Short","ZoneBirthResearch","","15.25","ActualTrade","SPLIT_BASE_SL_RUNNER_SL","-62.00","-64.40","1","-64.40"
"OPF-20260722-062002","2025-12-17T00:45:00.0000000","2025-12-17T00:55:00.0000000","20251217-0040-BULL-OBS-001124-Z001124-OC","20251217-0045-Long-1125","Long","ObservationConfirm_WideStop1_5R","Fixed2_5R","15.75","ExitPolicyOverride:Fixed2_5R","Stop","-63.00","-65.40","2","-129.80"
"OPF-20260722-062002","2025-12-17T04:10:00.0000000","2025-12-17T04:15:00.0000000","20251217-0405-BULL-OBS-001165-Z001165-OC","20251217-0410-Long-1166","Long","ObservationConfirm_WideStop1_5R","Fixed2_5R","6.38","ExitPolicyOverride:Fixed2_5R","Stop","-25.52","-27.92","3","-157.72"
"OPF-20260722-062002","2025-12-17T04:25:00.0000000","2025-12-17T05:35:00.0000000","20251217-0420-BEAR-OBS-001168-Z001168-OC","20251217-0425-Short-1169","Short","ObservationConfirm","","19.75","ActualTrade","SL","-1.00","-3.40","4","-161.12"
"OPF-20260722-062002","2025-12-17T07:20:00.0000000","2025-12-17T07:25:00.0000000","20251217-0710-BULL-OBS-001202-Z001202-OC","20251217-0720-Long-1204","Long","ObservationConfirm_WideStop1_5R","Fixed2_5R","13.12","ExitPolicyOverride:Fixed2_5R","Stop","-52.48","-54.88","5","-216.00"
"OPF-20260722-062002","2025-12-17T09:05:00.0000000","2025-12-17T09:10:00.0000000","20251217-0855-BEAR-OBS-001223-Z001223-OC","20251217-0905-Short-1225","Short","ObservationConfirm_WideStop1_5R","","21.00","ActualTrade","SL","-85.00","-87.40","6","-303.40"
"OPF-20260722-062154","2025-12-18T00:40:00.0000000","2025-12-18T00:45:00.0000000","20251218-0035-BULL-OBS-001123-Z001120-OC-STR","20251218-0040-Long-1124","Long","ObservationStrict_Other","","4.50","ActualTrade","TP","54.00","51.60","1","51.60"
"OPF-20260722-062154","2025-12-18T02:00:00.0000000","2025-12-18T02:05:00.0000000","20251218-0155-BEAR-OBS-001139-Z001139-OC","20251218-0200-Short-1140","Short","ObservationConfirm","","17.00","ActualTrade","SL","-74.50","-76.90","2","-25.30"
"OPF-20260722-062154","2025-12-18T03:25:00.0000000","2025-12-18T03:25:00.0000000","20251218-0320-BEAR-OBS-001156-Z001156-OC","20251218-0325-Short-1157","Short","ObservationConfirm","","7.75","ActualTrade","SL","-32.00","-34.40","3","-59.70"
"OPF-20260722-062154","2025-12-18T08:50:00.0000000","2025-12-18T09:15:00.0000000","20251218-0845-BULL-OBS-001221-Z001221-OC","20251218-0850-Long-1222","Long","ObservationConfirm_WideStop1_5R","Fixed2_5R","21.00","ExitPolicyOverride:Fixed2_5R","Stop","-84.00","-86.40","4","-146.10"
"OPF-20260722-062154","2025-12-18T09:55:00.0000000","2025-12-18T10:10:00.0000000","20251218-0950-BULL-OBS-001234-Z001234-OC","20251218-0955-Long-1235","Long","ObservationConfirm_WideStop1_5R","Fixed2_5R","21.38","ExitPolicyOverride:Fixed2_5R","Stop","-85.52","-87.92","5","-234.02"
"OPF-20260722-062154","2025-12-18T10:15:00.0000000","2025-12-18T10:20:00.0000000","20251218-1000-BULL-OBS-001236-Z001234-FR-RT","20251218-1015-Short-1239","Short","FailureReverse_RetestFailed","","8.00","ActualTrade","SL","-1.00","-3.40","6","-237.42"
"OPF-20260722-062154","2025-12-18T10:45:00.0000000","2025-12-18T11:00:00.0000000","20251218-1040-BEAR-OBS-001244-Z001244-OC","20251218-1045-Short-1245","Short","ObservationConfirm_WideStop1_5R","","11.62","ActualTrade","SL","-44.00","-46.40","7","-283.82"
"OPF-20260722-062154","2025-12-18T11:15:00.0000000","2025-12-18T11:25:00.0000000","20251218-1110-BULL-OBS-001250-Z001250-OC","20251218-1115-Long-1251","Long","ObservationConfirm_WideStop1_5R","Fixed2_5R","10.88","ExitPolicyOverride:Fixed2_5R","Stop","-43.52","-45.92","8","-329.74"
"OPF-20260722-062346","2025-12-19T01:10:00.0000000","2025-12-19T01:10:00.0000000","20251219-0105-BEAR-OBS-001129-Z001129-OC","20251219-0110-Short-1130","Short","ObservationConfirm_WideStop1_5R","","8.25","ActualTrade","SL","-39.00","-41.40","1","-41.40"
"OPF-20260722-062346","2025-12-19T03:00:00.0000000","2025-12-19T03:00:00.0000000","20251219-0300-BEAR-OBS-001152-Z001152","20251219-0300-Short-1152","Short","ZoneBirthResearch","","5.00","ActualTrade","SPLIT_BASE_SL_RUNNER_SL","-24.00","-26.40","2","-67.80"
"OPF-20260722-062346","2025-12-19T04:25:00.0000000","2025-12-19T04:25:00.0000000","20251219-0425-BEAR-OBS-001169-Z001169","20251219-0425-Short-1169","Short","ZoneBirthResearch","","7.50","ActualTrade","SPLIT_BASE_SL_RUNNER_SL","-30.00","-32.40","3","-100.20"
"OPF-20260722-062346","2025-12-19T05:10:00.0000000","2025-12-19T05:25:00.0000000","20251219-0505-BEAR-OBS-001177-Z001177-OC","20251219-0510-Short-1178","Short","ObservationConfirm","","14.75","ActualTrade","SL","-57.50","-59.90","4","-160.10"
"OPF-20260722-062346","2025-12-19T05:55:00.0000000","2025-12-19T06:00:00.0000000","20251219-0550-BEAR-OBS-001186-Z001186-OC","20251219-0555-Short-1187","Short","ObservationConfirm","","13.25","ActualTrade","SL","-55.00","-57.40","5","-217.50"
"OPF-20260722-062346","2025-12-19T06:10:00.0000000","2025-12-19T06:55:00.0000000","20251219-0605-BEAR-OBS-001189-Z001186-OC","20251219-0610-Short-1190","Short","ObservationConfirm","","19.75","ActualTrade","SL","-78.00","-80.40","6","-297.90"
"OPF-20260722-062346","2025-12-19T07:30:00.0000000","2025-12-19T07:45:00.0000000","20251219-0725-BEAR-OBS-001205-Z001205-OC","20251219-0730-Short-1206","Short","ObservationConfirm","","16.50","ActualTrade","SL","0.00","-2.40","7","-300.30"
"OPF-20260722-062538","2025-12-22T02:10:00.0000000","2025-12-22T02:10:00.0000000","20251222-0205-BEAR-OBS-001141-Z001141-OC","20251222-0210-Short-1142","Short","ObservationConfirm","","3.00","ActualTrade","SL","-14.50","-16.90","1","-16.90"
"OPF-20260722-062538","2025-12-22T02:40:00.0000000","2025-12-22T02:40:00.0000000","20251222-0235-BULL-OBS-001147-Z001146-FR","20251222-0240-Short-1148","Short","FailureReverse_ObservationInvalidated","","2.00","ActualTrade","SL","-9.00","-11.40","2","-28.30"
"OPF-20260722-062538","2025-12-22T03:25:00.0000000","2025-12-22T05:40:00.0000000","20251222-0320-BEAR-OBS-001156-Z001156-OC","20251222-0325-Short-1157","Short","ObservationConfirm","","13.00","ActualTrade","SL","0.00","-2.40","3","-30.70"
"OPF-20260722-062538","2025-12-22T08:35:00.0000000","2025-12-22T08:35:00.0000000","20251222-0835-BEAR-OBS-001219-Z001219","20251222-0835-Short-1219","Short","ZoneBirthResearch","","3.75","ActualTrade","SPLIT_BASE_SL_RUNNER_SL","-16.00","-18.40","4","-49.10"
"OPF-20260722-062538","2025-12-22T08:55:00.0000000","2025-12-22T08:55:00.0000000","20251222-0855-BEAR-OBS-001223-Z001223","20251222-0855-Short-1223","Short","ZoneBirthResearch","","7.50","ActualTrade","SPLIT_BASE_SL_RUNNER_SL","-33.00","-35.40","5","-84.50"
"OPF-20260722-062538","2025-12-22T09:20:00.0000000","2025-12-22T13:20:00.0000000","20251222-0915-BULL-OBS-001227-Z001227-OC","20251222-0920-Long-1228","Long","ObservationConfirm_WideStop1_5R","Fixed2_5R","17.25","ExitPolicyOverride:Fixed2_5R","Target","172.50","170.10","6","85.60"
"OPF-20260722-062538","2025-12-22T13:25:00.0000000","2025-12-22T13:30:00.0000000","20251222-1325-BULL-BRK-001277-Z001277-Q","","Long","BreakawayFvg_Qualified","","5.25","ShadowTrade","Stop","-21.00","-23.40","7","62.20"
"OPF-20260722-062538","2025-12-22T13:40:00.0000000","2025-12-22T13:45:00.0000000","20251222-1340-BEAR-OBS-001280-Z001280","","Short","ZoneBirthResearch","","7.00","ShadowTrade","Base:Stop|Runner:Stop","-28.00","-30.40","8","31.80"
"OPF-20260722-062538","2025-12-22T13:55:00.0000000","2025-12-22T14:25:00.0000000","20251222-1340-BEAR-OBS-001280-Z001280-FR-RT","","Long","FailureReverse_RetestFailed","","11.00","ShadowTrade","TargetOrProtectBE:ConservativeProtectBE","0","-2.4","9","29.40"
"OPF-20260722-062538","2025-12-22T15:45:00.0000000","2025-12-22T15:50:00.0000000","20251222-1535-BEAR-OBS-001303-Z001303-OC","20251222-1545-Short-1305","Short","ObservationConfirm_WideStop1_5R","","17.62","ActualTrade","SL","-63.50","-65.90","10","-36.50"
"OPF-20260722-062538","2025-12-22T16:25:00.0000000","2025-12-22T16:30:00.0000000","20251222-1620-BULL-OBS-001312-Z001312-OC","20251222-1625-Long-1313","Long","ObservationConfirm_WideStop1_5R","Fixed2_5R","8.62","ExitPolicyOverride:Fixed2_5R","Stop","-34.48","-36.88","11","-73.38"
"OPF-20260722-062538","2025-12-22T17:00:00.0000000","2025-12-22T17:05:00.0000000","20251222-1655-BULL-OBS-001319-Z001319-OC","20251222-1700-Long-1320","Long","ObservationConfirm_WideStop1_5R","Fixed2_5R","10.88","ExitPolicyOverride:Fixed2_5R","Stop","-43.52","-45.92","12","-119.30"
"OPF-20260722-062538","2025-12-22T18:20:00.0000000","2025-12-22T18:35:00.0000000","20251222-1815-BEAR-OBS-001335-Z001335-OC","20251222-1820-Short-1336","Short","ObservationConfirm","","15.00","ActualTrade","SL","-62.00","-64.40","13","-183.70"
"OPF-20260722-062538","2025-12-22T19:55:00.0000000","2025-12-22T20:10:00.0000000","20251222-1940-BULL-OBS-001352-Z001350-FR-RT","20251222-1955-Short-1355","Short","FailureReverse_RetestFailed","","8.75","ActualTrade","SL","0.00","-2.40","14","-186.10"
"OPF-20260722-062538","2025-12-22T20:25:00.0000000","2025-12-22T20:25:00.0000000","20251222-1955-BULL-OBS-001355-Z001349-FR-RT","20251222-2025-Short-1361","Short","FailureReverse_RetestFailed_WideStop1_5R","","5.25","ActualTrade","SL","-23.00","-25.40","15","-211.50"
"OPF-20260722-062725","2025-12-23T03:55:00.0000000","2025-12-23T04:10:00.0000000","20251223-0350-BEAR-OBS-001162-Z001162-OC","20251223-0355-Short-1163","Short","ObservationConfirm","","4.00","ActualTrade","SL","1.00","-1.40","1","-1.40"
"OPF-20260722-062725","2025-12-23T04:35:00.0000000","2025-12-23T08:00:00.0000000","20251223-0435-BEAR-BRK-001171-Z001171","20251223-0435-Short-1171","Short","BreakawayFvg","","15.50","ActualTrade","SL","-1.50","-3.90","2","-5.30"
"OPF-20260722-062725","2025-12-23T08:15:00.0000000","2025-12-23T11:05:00.0000000","20251223-0810-BULL-OBS-001214-Z001214-OC","20251223-0815-Long-1215","Long","ObservationConfirm_WideStop1_5R","Fixed2_5R","18.38","ExitPolicyOverride:Fixed2_5R","TimeStop","37.00","34.60","3","29.30"
"OPF-20260722-062725","2025-12-23T11:30:00.0000000","2025-12-23T12:00:00.0000000","20251223-1125-BULL-OBS-001253-Z001253-OC","20251223-1130-Long-1254","Long","ObservationConfirm_WideStop1_5R","Fixed2_5R","11.62","ExitPolicyOverride:Fixed2_5R","Stop","-46.48","-48.88","4","-19.58"
"OPF-20260722-062725","2025-12-23T12:35:00.0000000","2025-12-23T12:45:00.0000000","20251223-1210-BULL-OBS-001262-Z001213-FR-RT","20251223-1235-Short-1267","Short","FailureReverse_RetestFailed_WideStop1_5R","","6.00","ActualTrade","SL","2.00","-0.40","5","-19.98"
"OPF-20260722-062725","2025-12-23T15:05:00.0000000","2025-12-23T15:05:00.0000000","20251223-1505-BEAR-OBS-001297-Z001297","20251223-1505-Short-1297","Short","ZoneBirthResearch","","12.75","ActualTrade","SPLIT_BASE_SL_RUNNER_SL","-49.00","-51.40","6","-71.38"
"OPF-20260722-062725","2025-12-23T17:00:00.0000000","2025-12-23T17:30:00.0000000","20251223-1655-BULL-OBS-001319-Z001319-OC","20251223-1700-Long-1320","Long","ObservationConfirm_WideStop1_5R","Fixed2_5R","16.12","ExitPolicyOverride:Fixed2_5R","Stop","-64.48","-66.88","7","-138.26"
"OPF-20260722-062725","2025-12-23T17:35:00.0000000","2025-12-23T18:35:00.0000000","20251223-1730-BULL-OBS-001326-Z001318-OC","","Long","ObservationConfirm_WideStop1_5R","Fixed2_5R","16.88","ExitPolicyOverride:Fixed2_5R","TimeStop","37.00","34.60","8","-103.66"
"OPF-20260722-062725","2025-12-23T19:55:00.0000000","2025-12-23T20:55:00.0000000","20251223-1950-BULL-OBS-001354-Z001354-OC","","Long","ObservationConfirm_WideStop1_5R","Fixed2_5R","16.50","ExitPolicyOverride:Fixed2_5R","TimeStop","58.00","55.60","9","-48.06"
"OPF-20260722-062917","2025-12-26T00:50:00.0000000","2025-12-26T00:50:00.0000000","20251226-0050-BEAR-OBS-000805-Z000805","20251226-0050-Short-805","Short","ZoneBirthResearch","","3.00","ActualTrade","SPLIT_BASE_SL_RUNNER_SL","-14.50","-16.90","1","-16.90"
"OPF-20260722-062917","2025-12-26T01:05:00.0000000","2025-12-26T01:20:00.0000000","20251226-0050-BEAR-OBS-000805-Z000805-FR-RT","20251226-0105-Long-808","Long","FailureReverse_RetestFailed","","7.75","ActualTrade","SL","0.00","-2.40","2","-19.30"
"OPF-20260722-062917","2025-12-26T01:30:00.0000000","2025-12-26T02:35:00.0000000","20251226-0125-BEAR-OBS-000812-Z000812-OC","20251226-0130-Short-813","Short","ObservationConfirm_WideStop1_5R","","14.25","ActualTrade","SL","0.00","-2.40","3","-21.70"
"OPF-20260722-062917","2025-12-26T02:45:00.0000000","2025-12-26T03:40:00.0000000","20251226-0240-BULL-OBS-000827-Z000827-OC","20251226-0245-Long-828","Long","ObservationConfirm_WideStop1_5R","Fixed2_5R","11.62","ExitPolicyOverride:Fixed2_5R","Stop","-46.48","-48.88","4","-70.58"
"OPF-20260722-062917","2025-12-26T03:45:00.0000000","2025-12-26T03:45:00.0000000","20251226-0345-BEAR-OBS-000840-Z000840","20251226-0345-Short-840","Short","ZoneBirthResearch","","1.75","ActualTrade","SPLIT_BASE_SL_RUNNER_SL","-8.00","-10.40","5","-80.98"
"OPF-20260722-062917","2025-12-26T03:50:00.0000000","2025-12-26T04:15:00.0000000","20251226-0345-BEAR-OBS-000840-Z000840-OC","","Short","ObservationConfirm_WideStop1_5R","","4.50","ShadowTrade","ProtectBE","0.00","-2.40","6","-83.38"
"OPF-20260722-062917","2025-12-26T04:50:00.0000000","2025-12-26T05:50:00.0000000","20251226-0445-BULL-OBS-000852-Z000852-OC","20251226-0450-Long-853","Long","ObservationConfirm_WideStop1_5R","Fixed2_5R","7.88","ExitPolicyOverride:Fixed2_5R","TimeStop","-11.00","-13.40","7","-96.78"
"OPF-20260722-062917","2025-12-26T07:20:00.0000000","2025-12-26T07:20:00.0000000","20251226-0720-BEAR-OBS-000883-Z000883","20251226-0720-Short-883","Short","ZoneBirthResearch","","5.75","ActualTrade","SPLIT_BASE_SL_RUNNER_SL","-25.00","-27.40","8","-124.18"
"OPF-20260722-062917","2025-12-26T07:25:00.0000000","2025-12-26T07:40:00.0000000","20251226-0720-BEAR-OBS-000883-Z000883-FR","","Long","FailureReverse_ObservationInvalidated_WideStop1_5R","","6.38","ShadowTrade","ProtectBE","0.00","-2.40","9","-126.58"
"OPF-20260722-062917","2025-12-26T08:10:00.0000000","2025-12-26T08:50:00.0000000","20251226-0810-BEAR-OBS-000893-Z000893","20251226-0810-Short-893","Short","ZoneBirthResearch","","5.00","ActualTrade","SPLIT_BASE_SL_RUNNER_SL","-20.00","-22.40","10","-148.98"
"OPF-20260722-062917","2025-12-26T09:25:00.0000000","2025-12-26T09:45:00.0000000","20251226-0920-BEAR-OBS-000907-Z000907-OC","20251226-0925-Short-908","Short","ObservationConfirm","","6.25","ActualTrade","SL","-23.00","-25.40","11","-174.38"
"OPF-20260722-062917","2025-12-26T10:00:00.0000000","2025-12-26T14:25:00.0000000","20251226-0955-BULL-OBS-000914-Z000914-OC","20251226-1000-Long-915","Long","ObservationConfirm_WideStop1_5R","Fixed2_5R","23.25","ExitPolicyOverride:Fixed2_5R","TimeStop","69.00","66.60","12","-107.78"
"OPF-20260722-062917","2025-12-26T19:20:00.0000000","2025-12-26T19:45:00.0000000","20251226-1920-BEAR-OBS-001027-Z001027","20251226-1920-Short-1027","Short","ZoneBirthResearch","","5.00","ActualTrade","SPLIT_BASE_SL_RUNNER_SL","-24.00","-26.40","13","-134.18"
"OPF-20260722-062917","2025-12-26T20:10:00.0000000","2025-12-26T21:50:00.0000000","20251226-2005-BEAR-OBS-001036-Z001036-OC","20251226-2010-Short-1037","Short","ObservationConfirm","","16.75","ActualTrade","SESSION_FLATTEN","44.00","41.60","14","-92.58"
"OPF-20260722-063108","2025-12-29T00:40:00.0000000","2025-12-29T01:25:00.0000000","20251229-0035-BULL-OBS-000802-Z000802-OC","20251229-0040-Long-803","Long","ObservationConfirm_WideStop1_5R","Fixed2_5R","15.00","ExitPolicyOverride:Fixed2_5R","Stop","-60.00","-62.40","1","-62.40"
"OPF-20260722-063108","2025-12-29T02:50:00.0000000","2025-12-29T03:30:00.0000000","20251229-0245-BEAR-OBS-000828-Z000815-OC","","Short","ObservationConfirm_WideStop1_5R","","16.12","ShadowTrade","ProtectBE","0.00","-2.40","2","-64.80"
"OPF-20260722-063108","2025-12-29T04:40:00.0000000","2025-12-29T04:55:00.0000000","20251229-0435-BULL-OBS-000850-Z000850-OC","20251229-0440-Long-851","Long","ObservationConfirm_WideStop1_5R","Fixed2_5R","12.75","ExitPolicyOverride:Fixed2_5R","Stop","-51.00","-53.40","3","-118.20"
"OPF-20260722-063108","2025-12-29T06:00:00.0000000","2025-12-29T06:05:00.0000000","20251229-0600-BEAR-BRK-000867-Z000867","20251229-0600-Short-867","Short","BreakawayFvg","","17.00","ActualTrade","SL","-70.00","-72.40","4","-190.60"
"OPF-20260722-063108","2025-12-29T06:15:00.0000000","2025-12-29T06:25:00.0000000","20251229-0600-BEAR-OBS-000867-Z000867-FR","20251229-0615-Long-870","Long","FailureReverse_ObservationInvalidated","","14.25","ActualTrade","SL","-58.00","-60.40","5","-251.00"
"OPF-20260722-063108","2025-12-29T06:40:00.0000000","2025-12-29T08:30:00.0000000","20251229-0635-BEAR-OBS-000874-Z000874-OC","20251229-0640-Short-875","Short","ObservationConfirm_WideStop1_5R","","17.62","ActualTrade","TP","222.50","220.10","6","-30.90"
"OPF-20260722-063108","2025-12-29T08:40:00.0000000","2025-12-29T08:55:00.0000000","20251229-0840-BEAR-BRK-000899-Z000899","20251229-0840-Short-899","Short","BreakawayFvg","","13.50","ActualTrade","SL","-1.00","-3.40","7","-34.30"
"OPF-20260722-063108","2025-12-29T09:00:00.0000000","2025-12-29T09:25:00.0000000","20251229-0840-BEAR-SHD-000899-Z000899","","Short","ShadowCandidate","","16.00","ShadowTrade","Stop","-64.00","-66.40","8","-100.70"
"OPF-20260722-063108","2025-12-29T09:30:00.0000000","2025-12-29T09:50:00.0000000","20251229-0915-BEAR-SHD-000906-Z000899","","Short","ShadowCandidate","","14.50","ShadowTrade","ProtectBE","0.00","-2.40","9","-103.10"
"OPF-20260722-063108","2025-12-29T11:15:00.0000000","2025-12-29T11:15:00.0000000","20251229-1115-BEAR-BRK-000930-Z000930","20251229-1115-Short-930","Short","BreakawayFvg","","8.00","ActualTrade","SL","-32.00","-34.40","10","-137.50"
"OPF-20260722-063108","2025-12-29T11:20:00.0000000","2025-12-29T11:30:00.0000000","20251229-1115-BEAR-OBS-000930-Z000930-OC","","Short","ObservationConfirm_WideStop1_5R","","8.62","ShadowTrade","Stop","-34.48","-36.88","11","-174.38"
"OPF-20260722-063108","2025-12-29T12:55:00.0000000","2025-12-29T12:55:00.0000000","20251229-1245-BEAR-OBS-000948-Z000948-OC","20251229-1255-Short-950","Short","ObservationConfirm","","9.25","ActualTrade","SL","-49.00","-51.40","12","-225.78"
"OPF-20260722-063108","2025-12-29T17:15:00.0000000","2025-12-29T17:40:00.0000000","20251229-1710-BEAR-OBS-001001-Z001001-OC","","Short","ObservationConfirm_WideStop1_5R","","13.12","ShadowTrade","ProtectBE","0.00","-2.40","13","-228.18"
"OPF-20260722-063108","2025-12-29T18:50:00.0000000","2025-12-29T19:25:00.0000000","20251229-1845-BEAR-OBS-001020-Z001020-OC","20251229-1850-Short-1021","Short","ObservationConfirm","","17.75","ActualTrade","SL","-79.00","-81.40","14","-309.58"
"OPF-20260722-063300","2025-12-29T23:45:00.0000000","2025-12-30T00:15:00.0000000","20251229-2345-BEAR-OBS-000792-Z000792","20251229-2345-Short-792","Short","ZoneBirthResearch","","7.25","ActualTrade","SPLIT_BASE_SL_RUNNER_SL","-29.00","-31.40","1","-31.40"
"OPF-20260722-063300","2025-12-30T00:50:00.0000000","2025-12-30T01:00:00.0000000","20251230-0025-BULL-OBS-000800-Z000800-FR-RT","20251230-0050-Short-805","Short","FailureReverse_RetestFailed","","8.50","ActualTrade","SL","-1.00","-3.40","2","-34.80"
"OPF-20260722-063300","2025-12-30T01:10:00.0000000","2025-12-30T01:15:00.0000000","20251230-0105-BEAR-OBS-000808-Z000806-OC","20251230-0110-Short-809","Short","ObservationConfirm","","5.25","ActualTrade","SL","1.00","-1.40","3","-36.20"
"OPF-20260722-063300","2025-12-30T02:05:00.0000000","2025-12-30T02:30:00.0000000","20251230-0200-BULL-OBS-000819-Z000819-OC","20251230-0205-Long-820","Long","ObservationConfirm_WideStop1_5R","Fixed2_5R","18.00","ExitPolicyOverride:Fixed2_5R","Stop","-72.00","-74.40","4","-110.60"
"OPF-20260722-063300","2025-12-30T03:10:00.0000000","2025-12-30T03:30:00.0000000","20251230-0305-BULL-OBS-000832-Z000831-OC","20251230-0310-Long-833","Long","ObservationConfirm_WideStop1_5R","Fixed2_5R","7.88","ExitPolicyOverride:Fixed2_5R","Target","78.80","76.40","5","-34.20"
"OPF-20260722-063300","2025-12-30T03:50:00.0000000","2025-12-30T05:10:00.0000000","20251230-0350-BULL-PB-000841-Z000838","20251230-0350-Long-841","Long","AlmostConfirmed","","12.00","ActualTrade","SL","1.50","-0.90","6","-35.10"
"OPF-20260722-063300","2025-12-30T05:20:00.0000000","2025-12-30T07:20:00.0000000","20251230-0515-BEAR-OBS-000858-Z000858-OC","","Short","ObservationConfirm_WideStop1_5R","","16.12","ShadowTrade","TargetOrProtectBE:ConservativeProtectBE","0","-2.4","7","-37.50"
"OPF-20260722-063300","2025-12-30T07:25:00.0000000","2025-12-30T07:55:00.0000000","20251230-0725-BEAR-OBS-000884-Z000884","","Short","ZoneBirthResearch","","7.75","ShadowTrade","Base:Stop|Runner:Stop","-31.00","-33.40","8","-70.90"
"OPF-20260722-063300","2025-12-30T08:55:00.0000000","2025-12-30T09:55:00.0000000","20251230-0850-BULL-OBS-000901-Z000901-OC","20251230-0855-Long-902","Long","ObservationConfirm_WideStop1_5R","Fixed2_5R","10.12","ExitPolicyOverride:Fixed2_5R","TimeStop","-1.00","-3.40","9","-74.30"
"OPF-20260722-063300","2025-12-30T10:55:00.0000000","2025-12-30T11:15:00.0000000","20251230-1055-BEAR-OBS-000926-Z000926","20251230-1055-Short-926","Short","ZoneBirthResearch","","4.50","ActualTrade","SPLIT_BASE_TP_RUNNER_TP","55.00","52.60","10","-21.70"
"OPF-20260722-063300","2025-12-30T12:30:00.0000000","2025-12-30T12:40:00.0000000","20251230-1225-BEAR-OBS-000944-Z000944-OC","20251230-1230-Short-945","Short","ObservationConfirm","","17.25","ActualTrade","SL","-75.00","-77.40","11","-99.10"
"OPF-20260722-063300","2025-12-30T13:40:00.0000000","2025-12-30T13:50:00.0000000","20251230-1335-BULL-OBS-000958-Z000890-OC","","Long","ObservationConfirm_WideStop1_5R","Fixed2_5R","13.12","ExitPolicyOverride:Fixed2_5R","Stop","-52.48","-54.88","12","-153.98"
"OPF-20260722-063300","2025-12-30T16:05:00.0000000","2025-12-30T16:40:00.0000000","20251230-1600-BULL-OBS-000987-Z000987-OC","","Long","ObservationConfirm_WideStop1_5R","Fixed2_5R","20.25","ExitPolicyOverride:Fixed2_5R","Stop","-81.00","-83.40","13","-237.38"
"OPF-20260722-063300","2025-12-30T17:45:00.0000000","2025-12-30T17:50:00.0000000","20251230-1745-BEAR-OBS-001008-Z001008","","Short","ZoneBirthResearch","","6.00","ShadowTrade","Base:Stop|Runner:Stop","-24.00","-26.40","14","-263.78"
"OPF-20260722-063300","2025-12-30T19:55:00.0000000","2025-12-30T20:10:00.0000000","20251230-1955-BEAR-OBS-001034-Z001034","","Short","ZoneBirthResearch","","4.00","ShadowTrade","Base:Target|Runner:Target","52.00","49.60","15","-214.18"
"OPF-20260722-063452","2025-12-31T00:15:00.0000000","2025-12-31T00:45:00.0000000","20251231-0010-BEAR-OBS-000842-Z000842-OC","20251231-0015-Short-843","Short","ObservationConfirm_WideStop1_5R","","10.88","ActualTrade","TP","133.50","131.10","1","131.10"
"OPF-20260722-063452","2025-12-31T00:50:00.0000000","2025-12-31T02:25:00.0000000","20251231-0050-BEAR-OBS-000850-Z000850","20251231-0050-Short-850","Short","ZoneBirthResearch","","13.25","ActualTrade","SPLIT_BASE_SL_RUNNER_SL","-52.00","-54.40","2","76.70"
"OPF-20260722-063452","2025-12-31T03:30:00.0000000","2025-12-31T03:55:00.0000000","20251231-0325-BEAR-OBS-000881-Z000881-OC","20251231-0330-Short-882","Short","ObservationConfirm","","9.00","ActualTrade","SL","-37.00","-39.40","3","37.30"
"OPF-20260722-063452","2025-12-31T04:10:00.0000000","2025-12-31T05:30:00.0000000","20251231-0405-BULL-OBS-000889-Z000889-OC","20251231-0410-Long-890","Long","ObservationConfirm_WideStop1_5R","Fixed2_5R","16.88","ExitPolicyOverride:Fixed2_5R","TimeStop","-13.00","-15.40","4","21.90"
"OPF-20260722-063452","2025-12-31T05:45:00.0000000","2025-12-31T07:05:00.0000000","20251231-0540-BEAR-OBS-000908-Z000908-OC","20251231-0545-Short-909","Short","ObservationConfirm","","10.75","ActualTrade","TP","126.00","123.60","5","145.50"
"OPF-20260722-063452","2025-12-31T07:15:00.0000000","2025-12-31T07:20:00.0000000","20251231-0715-BEAR-OBS-000927-Z000927","20251231-0715-Short-927","Short","ZoneBirthResearch","","6.75","ActualTrade","SPLIT_BASE_SL_RUNNER_SL","-31.00","-33.40","6","112.10"
"OPF-20260722-063452","2025-12-31T07:55:00.0000000","2025-12-31T08:30:00.0000000","20251231-0750-BEAR-OBS-000934-Z000934-OC","","Short","ObservationConfirm_WideStop1_5R","","8.62","ShadowTrade","TargetOrProtectBE:ConservativeProtectBE","0","-2.4","7","109.70"
"OPF-20260722-063452","2025-12-31T08:35:00.0000000","2025-12-31T09:00:00.0000000","20251231-0835-BEAR-BRK-000943-Z000943","","Short","BreakawayFvg","","22.00","ShadowTrade","Stop","-88.00","-90.40","8","19.30"
"OPF-20260722-063452","2025-12-31T11:05:00.0000000","2025-12-31T12:20:00.0000000","20251231-1100-BULL-OBS-000972-Z000972-OC","20251231-1105-Long-973","Long","ObservationConfirm_WideStop1_5R","Fixed2_5R","12.38","ExitPolicyOverride:Fixed2_5R","Target","123.80","121.40","9","140.70"
"OPF-20260722-063452","2025-12-31T12:35:00.0000000","2025-12-31T12:40:00.0000000","20251231-1230-BULL-OBS-000990-Z000989-OC-STR","","Long","ObservationStrict_Other","","4.00","ShadowTrade","Stop","-16.00","-18.40","10","122.30"
"OPF-20260722-063452","2025-12-31T13:30:00.0000000","2025-12-31T13:45:00.0000000","20251231-1325-BULL-OBS-001001-Z001001-OC","20251231-1330-Long-1002","Long","ObservationConfirm_WideStop1_5R","Fixed2_5R","13.12","ExitPolicyOverride:Fixed2_5R","Target","131.20","128.80","11","251.10"
"OPF-20260722-063452","2025-12-31T16:00:00.0000000","2025-12-31T16:20:00.0000000","20251231-1555-BEAR-OBS-001031-Z001031-OC","","Short","ObservationConfirm_WideStop1_5R","","19.50","ShadowTrade","Stop","-78.00","-80.40","12","170.70"
"OPF-20260722-063452","2025-12-31T19:25:00.0000000","2025-12-31T19:55:00.0000000","20251231-1920-BULL-OBS-001072-Z001062-FR","20251231-1925-Short-1073","Short","FailureReverse_ObservationInvalidated_WideStop1_5R","","22.50","ActualTrade","TP","273.00","270.60","13","441.30"
"OPF-20260722-063452","2025-12-31T20:10:00.0000000","2025-12-31T20:10:00.0000000","20251231-2010-BEAR-OBS-001082-Z001082","20251231-2010-Short-1082","Short","ZoneBirthResearch","","7.25","ActualTrade","SPLIT_BASE_SL_RUNNER_SL","-30.50","-32.90","14","408.40"
"OPF-20260722-063452","2025-12-31T20:20:00.0000000","2025-12-31T20:25:00.0000000","20251231-2015-BEAR-OBS-001083-Z001082-OC","20251231-2020-Short-1084","Short","ObservationConfirm","","16.75","ActualTrade","SL","-73.00","-75.40","15","333.00"
"OPF-20260722-125802","2026-01-02T00:40:00.0000000","2026-01-02T00:40:00.0000000","20260102-0040-BEAR-OBS-000848-Z000848","20260102-0040-Short-848","Short","ZoneBirthResearch","","3.75","ActualTrade","SPLIT_BASE_SL_RUNNER_SL","-14.00","-16.40","1","-16.40"
"OPF-20260722-125802","2026-01-02T01:15:00.0000000","2026-01-02T01:20:00.0000000","20260102-0110-BULL-OBS-000854-Z000854-OC","20260102-0115-Long-855","Long","ObservationConfirm_WideStop1_5R","Fixed2_5R","7.12","ExitPolicyOverride:Fixed2_5R","Stop","-28.48","-30.88","2","-47.28"
"OPF-20260722-125802","2026-01-02T02:05:00.0000000","2026-01-02T03:35:00.0000000","20260102-0200-BULL-OBS-000864-Z000864-OC","20260102-0205-Long-865","Long","ObservationConfirm_WideStop1_5R","Fixed2_5R","18.38","ExitPolicyOverride:Fixed2_5R","Target","183.80","181.40","3","134.12"
"OPF-20260722-125802","2026-01-02T05:05:00.0000000","2026-01-02T05:10:00.0000000","20260102-0500-BEAR-OBS-000900-Z000900-OC","20260102-0505-Short-901","Short","ObservationConfirm","","4.50","ActualTrade","SL","-16.00","-18.40","4","115.72"
"OPF-20260722-125802","2026-01-02T05:25:00.0000000","2026-01-02T05:40:00.0000000","20260102-0520-BULL-OBS-000904-Z000904-OC","20260102-0525-Long-905","Long","ObservationConfirm_WideStop1_5R","Fixed2_5R","9.00","ExitPolicyOverride:Fixed2_5R","Stop","-36.00","-38.40","5","77.32"
"OPF-20260722-125802","2026-01-02T06:00:00.0000000","2026-01-02T07:10:00.0000000","20260102-0555-BULL-OBS-000911-Z000911-OC","20260102-0600-Long-912","Long","ObservationConfirm_WideStop1_5R","Fixed2_5R","13.88","ExitPolicyOverride:Fixed2_5R","TimeStop","-35.00","-37.40","6","39.92"
"OPF-20260722-125802","2026-01-02T07:35:00.0000000","2026-01-02T07:40:00.0000000","20260102-0715-BEAR-OBS-000927-Z000927-FR-RT","20260102-0735-Long-931","Long","FailureReverse_RetestFailed","","6.25","ActualTrade","SL","-26.00","-28.40","7","11.52"
"OPF-20260722-125802","2026-01-02T08:55:00.0000000","2026-01-02T09:00:00.0000000","20260102-0855-BULL-BRK-000947-Z000947-Q","","Long","BreakawayFvg_Qualified","","5.50","ShadowTrade","TargetOrProtectBE:ConservativeProtectBE","0","-2.4","8","9.12"
"OPF-20260722-125802","2026-01-02T10:30:00.0000000","2026-01-02T10:45:00.0000000","20260102-1025-BEAR-OBS-000965-Z000965-OC","","Short","ObservationConfirm","","17.50","ShadowTrade","Stop","-70.00","-72.40","9","-63.28"
"OPF-20260722-125802","2026-01-02T11:25:00.0000000","2026-01-02T14:10:00.0000000","20260102-1120-BEAR-OBS-000976-Z000976-OC","20260102-1125-Short-977","Short","ObservationConfirm","","15.50","ActualTrade","TP","186.00","183.60","10","120.32"
"OPF-20260722-125802","2026-01-02T16:55:00.0000000","2026-01-02T16:55:00.0000000","20260102-1655-BEAR-BRK-001043-Z001043","20260102-1655-Short-1043","Short","BreakawayFvg","","10.25","ActualTrade","SL","-1.00","-3.40","11","116.92"
"OPF-20260722-125802","2026-01-02T17:00:00.0000000","2026-01-02T17:00:00.0000000","20260102-1655-BEAR-SHD-001043-Z001043","20260102-1700-Short-1044","Short","ShadowCandidate","","24.75","ActualTrade","SL","-100.00","-102.40","12","14.52"
"OPF-20260722-130026","2026-01-05T00:40:00.0000000","2026-01-05T00:40:00.0000000","20260105-0040-BEAR-OBS-000848-Z000848","20260105-0040-Short-848","Short","ZoneBirthResearch","","6.50","ActualTrade","SPLIT_BASE_SL_RUNNER_SL","-30.00","-32.40","1","-32.40"
"OPF-20260722-130026","2026-01-05T01:55:00.0000000","2026-01-05T01:55:00.0000000","20260105-0150-BEAR-OBS-000862-Z000862-OC","20260105-0155-Short-863","Short","ObservationConfirm","","17.25","ActualTrade","SL","-72.00","-74.40","2","-106.80"
"OPF-20260722-130026","2026-01-05T04:50:00.0000000","2026-01-05T05:05:00.0000000","20260105-0445-BULL-OBS-000897-Z000897-OC","20260105-0450-Long-898","Long","ObservationConfirm_WideStop1_5R","Fixed2_5R","13.88","ExitPolicyOverride:Fixed2_5R","Stop","-55.52","-57.92","3","-164.72"
"OPF-20260722-130026","2026-01-05T05:30:00.0000000","2026-01-05T06:30:00.0000000","20260105-0525-BULL-OBS-000905-Z000905-OC","20260105-0530-Long-906","Long","ObservationConfirm_WideStop1_5R","Fixed2_5R","14.25","ExitPolicyOverride:Fixed2_5R","Stop","-57.00","-59.40","4","-224.12"
"OPF-20260722-130026","2026-01-05T06:50:00.0000000","2026-01-05T07:20:00.0000000","20260105-0645-BULL-OBS-000921-Z000921-OC","20260105-0650-Long-922","Long","ObservationConfirm_WideStop1_5R","Fixed2_5R","19.88","ExitPolicyOverride:Fixed2_5R","Stop","-79.52","-81.92","5","-306.04"
"OPF-20260722-130242","2026-01-05T23:35:00.0000000","2026-01-06T01:10:00.0000000","20260105-2335-BEAR-OBS-000835-Z000835","20260105-2335-Short-835","Short","ZoneBirthResearch","","12.25","ActualTrade","SPLIT_BASE_SL_RUNNER_SL","-51.00","-53.40","1","-53.40"
"OPF-20260722-130242","2026-01-06T01:35:00.0000000","2026-01-06T02:30:00.0000000","20260106-0130-BULL-OBS-000858-Z000858-OC","20260106-0135-Long-859","Long","ObservationConfirm_WideStop1_5R","Fixed2_5R","5.62","ExitPolicyOverride:Fixed2_5R","Target","56.20","53.80","2","0.40"
"OPF-20260722-130242","2026-01-06T02:45:00.0000000","2026-01-06T03:45:00.0000000","20260106-0240-BULL-OBS-000872-Z000872-OC","","Long","ObservationConfirm_WideStop1_5R","Fixed2_5R","20.25","ExitPolicyOverride:Fixed2_5R","TimeStop","-16.00","-18.40","3","-18.00"
"OPF-20260722-130242","2026-01-06T05:20:00.0000000","2026-01-06T05:45:00.0000000","20260106-0515-BULL-OBS-000903-Z000903-OC","20260106-0520-Long-904","Long","ObservationConfirm_WideStop1_5R","Fixed2_5R","10.12","ExitPolicyOverride:Fixed2_5R","Stop","-40.48","-42.88","4","-60.88"
"OPF-20260722-130242","2026-01-06T06:10:00.0000000","2026-01-06T07:55:00.0000000","20260106-0605-BULL-OBS-000913-Z000913-OC","20260106-0610-Long-914","Long","ObservationConfirm_WideStop1_5R","Fixed2_5R","18.75","ExitPolicyOverride:Fixed2_5R","TimeStop","-39.00","-41.40","5","-102.28"
"OPF-20260722-130242","2026-01-06T10:10:00.0000000","2026-01-06T10:20:00.0000000","20260106-1005-BULL-OBS-000961-Z000956-OC","20260106-1010-Long-962","Long","ObservationConfirm_WideStop1_5R","Fixed2_5R","5.62","ExitPolicyOverride:Fixed2_5R","Stop","-22.48","-24.88","6","-127.16"
"OPF-20260722-130242","2026-01-06T12:20:00.0000000","2026-01-06T12:45:00.0000000","20260106-1215-BULL-OBS-000987-Z000987-OC","20260106-1220-Long-988","Long","ObservationConfirm_WideStop1_5R","Fixed2_5R","9.38","ExitPolicyOverride:Fixed2_5R","Target","93.80","91.40","7","-35.76"
"OPF-20260722-130242","2026-01-06T12:50:00.0000000","2026-01-06T13:45:00.0000000","20260106-1245-BULL-OBS-000993-Z000993-OC","","Long","ObservationConfirm_WideStop1_5R","Fixed2_5R","21.75","ExitPolicyOverride:Fixed2_5R","Stop","-87.00","-89.40","8","-125.16"
"OPF-20260722-130242","2026-01-06T14:00:00.0000000","2026-01-06T14:25:00.0000000","20260106-1355-BEAR-OBS-001007-Z001006-OC","","Short","ObservationConfirm_WideStop1_5R","","21.00","ShadowTrade","Stop","-84.00","-86.40","9","-211.56"
"OPF-20260722-130242","2026-01-06T17:15:00.0000000","2026-01-06T17:35:00.0000000","20260106-1710-BULL-OBS-001046-Z001046-OC","20260106-1715-Long-1047","Long","ObservationConfirm_WideStop1_5R","Fixed2_5R","23.25","ExitPolicyOverride:Fixed2_5R","Target","232.50","230.10","10","18.54"
"OPF-20260722-130458","2026-01-07T01:25:00.0000000","2026-01-07T02:00:00.0000000","20260107-0120-BEAR-OBS-000856-Z000856-OC","20260107-0125-Short-857","Short","ObservationConfirm","","15.25","ActualTrade","SL","-64.00","-66.40","1","-66.40"
"OPF-20260722-130458","2026-01-07T02:45:00.0000000","2026-01-07T02:55:00.0000000","20260107-0235-BEAR-OBS-000871-Z000870-OC","20260107-0245-Short-873","Short","ObservationConfirm","","4.75","ActualTrade","SL","1.00","-1.40","2","-67.80"
"OPF-20260722-130458","2026-01-07T04:00:00.0000000","2026-01-07T06:05:00.0000000","20260107-0355-BEAR-OBS-000887-Z000887-OC","20260107-0400-Short-888","Short","ObservationConfirm","","17.75","ActualTrade","SL","-2.00","-4.40","3","-72.20"
"OPF-20260722-130458","2026-01-07T06:45:00.0000000","2026-01-07T08:00:00.0000000","20260107-0640-BEAR-OBS-000920-Z000920-OC","20260107-0645-Short-921","Short","ObservationConfirm","","9.75","ActualTrade","SL","0.00","-2.40","4","-74.60"
"OPF-20260722-130458","2026-01-07T08:15:00.0000000","2026-01-07T08:50:00.0000000","20260107-0810-BULL-OBS-000938-Z000938-OC","20260107-0815-Long-939","Long","ObservationConfirm_WideStop1_5R","Fixed2_5R","15.00","ExitPolicyOverride:Fixed2_5R","Stop","-60.00","-62.40","5","-137.00"
"OPF-20260722-130458","2026-01-07T10:20:00.0000000","2026-01-07T11:30:00.0000000","20260107-1020-BEAR-OBS-000964-Z000964","20260107-1020-Short-964","Short","ZoneBirthResearch","","7.00","ActualTrade","SPLIT_BASE_SL_RUNNER_SL","-37.00","-39.40","6","-176.40"
"OPF-20260722-130458","2026-01-07T11:45:00.0000000","2026-01-07T12:45:00.0000000","20260107-1140-BULL-OBS-000980-Z000980-OC","20260107-1145-Long-981","Long","ObservationConfirm_WideStop1_5R","Fixed2_5R","9.75","ExitPolicyOverride:Fixed2_5R","TimeStop","64.00","61.60","7","-114.80"
"OPF-20260722-130458","2026-01-07T16:10:00.0000000","2026-01-07T16:20:00.0000000","20260107-1605-BULL-OBS-001033-Z001033-OC","20260107-1610-Long-1034","Long","ObservationConfirm_WideStop1_5R","Fixed2_5R","24.75","ExitPolicyOverride:Fixed2_5R","Stop","-99.00","-101.40","8","-216.20"
"OPF-20260722-130458","2026-01-07T17:10:00.0000000","2026-01-07T17:40:00.0000000","20260107-1705-BULL-OBS-001045-Z001045-OC","","Long","ObservationConfirm_WideStop1_5R","Fixed2_5R","7.12","ExitPolicyOverride:Fixed2_5R","Target","71.20","68.80","9","-147.40"
"OPF-20260722-130458","2026-01-07T19:15:00.0000000","2026-01-07T20:15:00.0000000","20260107-1915-BEAR-OBS-001071-Z001071","","Short","ZoneBirthResearch","","14.00","ShadowTrade","Base:Target|Runner:Target","182.00","179.60","10","32.20"
"OPF-20260722-130715","2026-01-08T00:00:00.0000000","2026-01-08T00:30:00.0000000","20260107-2355-BEAR-OBS-001115-Z001115-OC","20260108-0000-Short-1116","Short","ObservationConfirm","","7.00","ActualTrade","SL","0.00","-2.40","1","-2.40"
"OPF-20260722-130715","2026-01-08T01:10:00.0000000","2026-01-08T01:15:00.0000000","20260108-0105-BEAR-OBS-001129-Z001129-OC","20260108-0110-Short-1130","Short","ObservationConfirm","","13.50","ActualTrade","SL","-57.50","-59.90","2","-62.30"
"OPF-20260722-130715","2026-01-08T01:35:00.0000000","2026-01-08T01:35:00.0000000","20260108-0135-BEAR-OBS-001135-Z001135","20260108-0135-Short-1135","Short","ZoneBirthResearch","","4.00","ActualTrade","SPLIT_BASE_SL_RUNNER_SL","-18.50","-20.90","3","-83.20"
"OPF-20260722-130715","2026-01-08T01:50:00.0000000","2026-01-08T01:55:00.0000000","20260108-0145-BULL-OBS-001137-Z001137-OC-STR","20260108-0150-Long-1138","Long","ObservationStrict_BullFresh_WideStop1_5R","","3.75","ActualTrade","SL","-5.50","-7.90","4","-91.10"
"OPF-20260722-130715","2026-01-08T02:05:00.0000000","2026-01-08T02:15:00.0000000","20260108-0200-BULL-OBS-001140-Z001137-OC","20260108-0205-Long-1141","Long","ObservationConfirm_WideStop1_5R","Fixed2_5R","12.75","ExitPolicyOverride:Fixed2_5R","Stop","-51.00","-53.40","5","-144.50"
"OPF-20260722-130715","2026-01-08T02:20:00.0000000","2026-01-08T03:45:00.0000000","20260108-0215-BEAR-OBS-001143-Z001143-OC","","Short","ObservationConfirm_WideStop1_5R","","17.25","ShadowTrade","TargetOrProtectBE:ConservativeProtectBE","0","-2.4","6","-146.90"
"OPF-20260722-130715","2026-01-08T05:25:00.0000000","2026-01-08T06:05:00.0000000","20260108-0515-BEAR-OBS-001179-Z001179-OC","","Short","ObservationConfirm_WideStop1_5R","","19.12","ShadowTrade","TargetOrProtectBE:ConservativeProtectBE","0","-2.4","7","-149.30"
"OPF-20260722-130715","2026-01-08T08:40:00.0000000","2026-01-08T08:55:00.0000000","20260108-0835-BULL-OBS-001219-Z001219-OC","20260108-0840-Long-1220","Long","ObservationConfirm_WideStop1_5R","Fixed2_5R","21.00","ExitPolicyOverride:Fixed2_5R","Stop","-84.00","-86.40","8","-235.70"
"OPF-20260722-130715","2026-01-08T09:25:00.0000000","2026-01-08T10:55:00.0000000","20260108-0920-BEAR-OBS-001228-Z001228-OC","","Short","ObservationConfirm_WideStop1_5R","","15.00","ShadowTrade","ProtectBE","0.00","-2.40","9","-238.10"
"OPF-20260722-130715","2026-01-08T12:10:00.0000000","2026-01-08T12:10:00.0000000","20260108-1205-BEAR-OBS-001261-Z001261-OC","20260108-1210-Short-1262","Short","ObservationConfirm","","8.75","ActualTrade","SL","-37.50","-39.90","10","-278.00"
"OPF-20260722-130715","2026-01-08T13:00:00.0000000","2026-01-08T13:00:00.0000000","20260108-1255-BULL-OBS-001271-Z001270-FR","20260108-1300-Short-1272","Short","FailureReverse_ObservationInvalidated_WideStop1_5R","","6.00","ActualTrade","SL","-22.00","-24.40","11","-302.40"
"OPF-20260722-130933","2026-01-08T23:35:00.0000000","2026-01-09T00:05:00.0000000","20260108-2330-BEAR-OBS-001110-Z001110-OC","20260108-2335-Short-1111","Short","ObservationConfirm","","12.25","ActualTrade","SL","-1.00","-3.40","1","-3.40"
"OPF-20260722-130933","2026-01-09T01:10:00.0000000","2026-01-09T02:10:00.0000000","20260109-0105-BEAR-OBS-001129-Z001127-OC","20260109-0110-Short-1130","Short","ObservationConfirm","","16.25","ActualTrade","SL","2.00","-0.40","2","-3.80"
"OPF-20260722-130933","2026-01-09T04:10:00.0000000","2026-01-09T05:30:00.0000000","20260109-0400-BULL-OBS-001164-Z001144-OC","20260109-0410-Long-1166","Long","ObservationConfirm_WideStop1_5R","Fixed2_5R","14.62","ExitPolicyOverride:Fixed2_5R","TimeStop","15.00","12.60","3","8.80"
"OPF-20260722-130933","2026-01-09T05:40:00.0000000","2026-01-09T05:50:00.0000000","20260109-0535-BEAR-OBS-001183-Z001183-OC","20260109-0540-Short-1184","Short","ObservationConfirm_WideStop1_5R","","12.75","ActualTrade","SL","-51.00","-53.40","4","-44.60"
"OPF-20260722-130933","2026-01-09T06:15:00.0000000","2026-01-09T06:25:00.0000000","20260109-0610-BEAR-OBS-001190-Z001190-OC","20260109-0615-Short-1191","Short","ObservationConfirm","","13.75","ActualTrade","SL","-57.00","-59.40","5","-104.00"
"OPF-20260722-130933","2026-01-09T06:35:00.0000000","2026-01-09T07:20:00.0000000","20260109-0630-BULL-OBS-001194-Z001194-OC","20260109-0635-Long-1195","Long","ObservationConfirm_WideStop1_5R","Fixed2_5R","24.38","ExitPolicyOverride:Fixed2_5R","Stop","-97.52","-99.92","6","-203.92"
"OPF-20260722-130933","2026-01-09T07:30:00.0000000","2026-01-09T07:35:00.0000000","20260109-0730-BEAR-OBS-001206-Z001206","","Short","ZoneBirthResearch","","6.00","ShadowTrade","Base:Stop|Runner:Stop","-24.00","-26.40","7","-230.32"
"OPF-20260722-130933","2026-01-09T07:55:00.0000000","2026-01-09T08:00:00.0000000","20260109-0745-BEAR-OBS-001209-Z001204-OC","","Short","ObservationConfirm_WideStop1_5R","","15.00","ShadowTrade","Stop","-60.00","-62.40","8","-292.72"
"OPF-20260722-130933","2026-01-09T11:45:00.0000000","2026-01-09T11:55:00.0000000","20260109-1140-BULL-OBS-001256-Z001255-OC-STR","","Long","ObservationStrict_Other_WideStop1_5R","","7.50","ShadowTrade","Stop","-30.00","-32.40","9","-325.12"
"OPF-20260722-131149","2026-01-12T02:05:00.0000000","2026-01-12T02:25:00.0000000","20260112-0205-BEAR-BRK-001141-Z001141","20260112-0205-Short-1141","Short","BreakawayFvg","","19.75","ActualTrade","SL","1.50","-0.90","1","-0.90"
"OPF-20260722-131149","2026-01-12T02:55:00.0000000","2026-01-12T04:00:00.0000000","20260112-0255-BEAR-OBS-001151-Z001151","20260112-0255-Short-1151","Short","ZoneBirthResearch","","6.00","ActualTrade","SPLIT_BASE_TP_RUNNER_TP","78.00","75.60","2","74.70"
"OPF-20260722-131149","2026-01-12T04:05:00.0000000","2026-01-12T04:10:00.0000000","20260112-0405-BEAR-BRK-001165-Z001165","20260112-0405-Short-1165","Short","BreakawayFvg","","3.00","ActualTrade","TP","40.00","37.60","3","112.30"
"OPF-20260722-131149","2026-01-12T05:20:00.0000000","2026-01-12T06:00:00.0000000","20260112-0515-BEAR-OBS-001179-Z001179-OC","20260112-0520-Short-1180","Short","ObservationConfirm","","13.00","ActualTrade","SL","0.00","-2.40","4","109.90"
"OPF-20260722-131149","2026-01-12T06:20:00.0000000","2026-01-12T07:10:00.0000000","20260112-0615-BULL-OBS-001191-Z001189-OC","20260112-0620-Long-1192","Long","ObservationConfirm_WideStop1_5R","Fixed2_5R","14.62","ExitPolicyOverride:Fixed2_5R","Target","146.20","143.80","5","253.70"
"OPF-20260722-131149","2026-01-12T07:20:00.0000000","2026-01-12T08:15:00.0000000","20260112-0715-BULL-OBS-001203-Z001201-OC","","Long","ObservationConfirm_WideStop1_5R","Fixed2_5R","15.38","ExitPolicyOverride:Fixed2_5R","Stop","-61.52","-63.92","6","189.78"
"OPF-20260722-131149","2026-01-12T08:25:00.0000000","2026-01-12T08:30:00.0000000","20260112-0825-BEAR-BRK-001217-Z001217","20260112-0825-Short-1217","Short","BreakawayFvg","","12.75","ActualTrade","TP","153.00","150.60","7","340.38"
"OPF-20260722-131149","2026-01-12T08:40:00.0000000","2026-01-12T08:50:00.0000000","20260112-0835-BEAR-OBS-001219-Z001219-OC","20260112-0840-Short-1220","Short","ObservationConfirm","","18.75","ActualTrade","SL","-74.50","-76.90","8","263.48"
"OPF-20260722-131149","2026-01-12T09:25:00.0000000","2026-01-12T09:40:00.0000000","20260112-0925-BEAR-OBS-001229-Z001229","20260112-0925-Short-1229","Short","ZoneBirthResearch","","6.50","ActualTrade","SPLIT_BASE_SL_RUNNER_SL","-24.00","-26.40","9","237.08"
"OPF-20260722-131149","2026-01-12T10:50:00.0000000","2026-01-12T10:55:00.0000000","20260112-1050-BEAR-OBS-001246-Z001246","20260112-1050-Short-1246","Short","ZoneBirthResearch","","4.00","ActualTrade","SPLIT_BASE_SL_RUNNER_SL","-16.00","-18.40","10","218.68"
"OPF-20260722-131149","2026-01-12T18:15:00.0000000","2026-01-12T18:25:00.0000000","20260112-1815-BULL-PB-001335-Z001333","20260112-1815-Long-1335","Long","AlmostConfirmed","","11.00","ActualTrade","SL","3.00","0.60","11","219.28"
"OPF-20260722-131149","2026-01-12T18:40:00.0000000","2026-01-12T18:40:00.0000000","20260112-1825-BULL-OBS-001337-Z001337-FR-RT","20260112-1840-Short-1340","Short","FailureReverse_RetestFailed","","5.25","ActualTrade","SL","-19.00","-21.40","12","197.88"
"OPF-20260722-131406","2026-01-12T23:30:00.0000000","2026-01-12T23:40:00.0000000","20260112-2330-BEAR-OBS-001110-Z001110","20260112-2330-Short-1110","Short","ZoneBirthResearch","","5.00","ActualTrade","SPLIT_BASE_TP_RUNNER_TP","58.50","56.10","1","56.10"
"OPF-20260722-131406","2026-01-13T00:00:00.0000000","2026-01-13T01:45:00.0000000","20260112-2355-BEAR-OBS-001115-Z001115-OC","20260113-0000-Short-1116","Short","ObservationConfirm","","17.00","ActualTrade","SL","1.00","-1.40","2","54.70"
"OPF-20260722-131406","2026-01-13T02:45:00.0000000","2026-01-13T02:55:00.0000000","20260113-0240-BULL-OBS-001148-Z001148-OC","20260113-0245-Long-1149","Long","ObservationConfirm_WideStop1_5R","Fixed2_5R","12.75","ExitPolicyOverride:Fixed2_5R","Stop","-51.00","-53.40","3","1.30"
"OPF-20260722-131406","2026-01-13T03:00:00.0000000","2026-01-13T03:15:00.0000000","20260113-0255-BEAR-OBS-001151-Z001151-OC","20260113-0300-Short-1152","Short","ObservationConfirm_WideStop1_5R","","17.25","ActualTrade","SL","-71.00","-73.40","4","-72.10"
"OPF-20260722-131406","2026-01-13T03:40:00.0000000","2026-01-13T03:50:00.0000000","20260113-0335-BEAR-OBS-001159-Z001159-OC","20260113-0340-Short-1160","Short","ObservationConfirm","","15.75","ActualTrade","SL","-68.00","-70.40","5","-142.50"
"OPF-20260722-131406","2026-01-13T05:40:00.0000000","2026-01-13T08:25:00.0000000","20260113-0535-BULL-OBS-001183-Z001180-OC","20260113-0540-Long-1184","Long","ObservationConfirm_WideStop1_5R","Fixed2_5R","22.12","ExitPolicyOverride:Fixed2_5R","TimeStop","85.00","82.60","6","-59.90"
"OPF-20260722-131406","2026-01-13T08:35:00.0000000","2026-01-13T08:40:00.0000000","20260113-0835-BEAR-OBS-001219-Z001219","","Short","ZoneBirthResearch","","5.75","ShadowTrade","Base:Stop|Runner:Stop","-23.00","-25.40","7","-85.30"
"OPF-20260722-131406","2026-01-13T09:35:00.0000000","2026-01-13T09:35:00.0000000","20260113-0935-BULL-PB-001231-Z001225","20260113-0935-Long-1231","Long","AlmostConfirmed","","7.00","ActualTrade","SL","-29.00","-31.40","8","-116.70"
"OPF-20260722-131406","2026-01-13T10:00:00.0000000","2026-01-13T11:50:00.0000000","20260113-0945-BEAR-OBS-001233-Z001233-OC","20260113-1000-Short-1236","Short","ObservationConfirm","","13.25","ActualTrade","SL","0.50","-1.90","9","-118.60"
"OPF-20260722-131406","2026-01-13T12:55:00.0000000","2026-01-13T13:20:00.0000000","20260113-1255-BEAR-OBS-001271-Z001271","20260113-1255-Short-1271","Short","ZoneBirthResearch","","14.50","ActualTrade","SPLIT_BASE_SL_RUNNER_SL","-59.00","-61.40","10","-180.00"
"OPF-20260722-131406","2026-01-13T17:10:00.0000000","2026-01-13T17:30:00.0000000","20260113-1705-BULL-OBS-001321-Z001319-FR","","Short","FailureReverse_ObservationInvalidated_WideStop1_5R","","22.12","ShadowTrade","TargetOrProtectBE:ConservativeProtectBE","0","-2.4","11","-182.40"
"OPF-20260722-131406","2026-01-13T18:30:00.0000000","2026-01-13T18:30:00.0000000","20260113-1825-BEAR-OBS-001337-Z001337-OC","20260113-1830-Short-1338","Short","ObservationConfirm_WideStop1_5R","","10.88","ActualTrade","SL","-45.00","-47.40","12","-229.80"
"OPF-20260722-131406","2026-01-13T19:30:00.0000000","2026-01-13T19:40:00.0000000","20260113-1925-BULL-OBS-001349-Z001348-OC-STR","20260113-1930-Long-1350","Long","ObservationStrict_Other","","12.50","ActualTrade","SL","0.00","-2.40","13","-232.20"
"OPF-20260722-131406","2026-01-13T21:45:00.0000000","2026-01-13T21:50:00.0000000","20260113-2145-BEAR-OBS-001377-Z001377","20260113-2145-Short-1377","Short","ZoneBirthResearch","","4.50","ActualTrade","SPLIT_BASE_SESSION_FLATTEN_RUNNER_SESSION_FLATTEN","-12.00","-14.40","14","-246.60"
"OPF-20260722-131602","2026-01-14T01:25:00.0000000","2026-01-14T01:30:00.0000000","20260114-0120-BULL-OBS-001132-Z001132-OC","20260114-0125-Long-1133","Long","ObservationConfirm_WideStop1_5R","Fixed2_5R","13.88","ExitPolicyOverride:Fixed2_5R","Stop","-55.52","-57.92","1","-57.92"
"OPF-20260722-131602","2026-01-14T01:50:00.0000000","2026-01-14T02:55:00.0000000","20260114-0150-BEAR-OBS-001138-Z001138","20260114-0150-Short-1138","Short","ZoneBirthResearch","","13.50","ActualTrade","SPLIT_BASE_SL_RUNNER_SL","-54.00","-56.40","2","-114.32"
"OPF-20260722-131602","2026-01-14T03:20:00.0000000","2026-01-14T03:20:00.0000000","20260114-0310-BEAR-OBS-001154-Z001135-FR","20260114-0320-Long-1156","Long","FailureReverse_ObservationInvalidated","","3.75","ActualTrade","SL","-17.00","-19.40","3","-133.72"
"OPF-20260722-131602","2026-01-14T04:55:00.0000000","2026-01-14T05:05:00.0000000","20260114-0450-BEAR-OBS-001174-Z001174-OC","","Short","ObservationConfirm_WideStop1_5R","","11.62","ShadowTrade","ProtectBE","0.00","-2.40","4","-136.12"
"OPF-20260722-131602","2026-01-14T05:30:00.0000000","2026-01-14T05:35:00.0000000","20260114-0525-BEAR-OBS-001181-Z001181-OC","","Short","ObservationConfirm_WideStop1_5R","","7.50","ShadowTrade","Stop","-30.00","-32.40","5","-168.52"
"OPF-20260722-131602","2026-01-14T05:40:00.0000000","2026-01-14T06:30:00.0000000","20260114-0535-BEAR-OBS-001183-Z001181-OC","20260114-0540-Short-1184","Short","ObservationConfirm_WideStop1_5R","","9.00","ActualTrade","TP","111.00","108.60","6","-59.92"
"OPF-20260722-131602","2026-01-14T07:05:00.0000000","2026-01-14T08:05:00.0000000","20260114-0700-BULL-OBS-001200-Z001200-OC","20260114-0705-Long-1201","Long","ObservationConfirm_WideStop1_5R","Fixed2_5R","9.75","ExitPolicyOverride:Fixed2_5R","TimeStop","49.00","46.60","7","-13.32"
"OPF-20260722-131602","2026-01-14T09:30:00.0000000","2026-01-14T10:05:00.0000000","20260114-0930-BEAR-OBS-001230-Z001230","20260114-0930-Short-1230","Short","ZoneBirthResearch","","7.25","ActualTrade","SPLIT_BASE_TP_RUNNER_TP","107.00","104.60","8","91.28"
"OPF-20260722-131602","2026-01-14T10:15:00.0000000","2026-01-14T10:40:00.0000000","20260114-1015-BEAR-BRK-001239-Z001239","20260114-1015-Short-1239","Short","BreakawayFvg","","27.25","ActualTrade","TP","330.00","327.60","9","418.88"
"OPF-20260722-131602","2026-01-14T10:50:00.0000000","2026-01-14T11:15:00.0000000","20260114-1050-BEAR-BRK-001246-Z001246","20260114-1050-Short-1246","Short","BreakawayFvg","","21.75","ActualTrade","SL","-86.50","-88.90","10","329.98"
"OPF-20260722-131602","2026-01-14T11:20:00.0000000","2026-01-14T11:55:00.0000000","20260114-1110-BEAR-OBS-001250-Z001246-FR","","Long","FailureReverse_ObservationInvalidated","","18.75","ShadowTrade","Stop","-75.00","-77.40","11","252.58"
"OPF-20260722-131602","2026-01-14T13:45:00.0000000","2026-01-14T13:45:00.0000000","20260114-1345-BEAR-OBS-001281-Z001281","20260114-1345-Short-1281","Short","ZoneBirthResearch","","12.50","ActualTrade","SPLIT_BASE_SL_RUNNER_SL","-54.00","-56.40","12","196.18"
"OPF-20260722-131602","2026-01-14T16:55:00.0000000","2026-01-14T16:55:00.0000000","20260114-1655-BEAR-OBS-001319-Z001319","20260114-1655-Short-1319","Short","ZoneBirthResearch","","14.50","ActualTrade","SPLIT_BASE_SL_RUNNER_SL","-60.00","-62.40","13","133.78"
"OPF-20260722-131602","2026-01-14T19:00:00.0000000","2026-01-14T19:15:00.0000000","20260114-1855-BEAR-OBS-001343-Z001317-OC","20260114-1900-Short-1344","Short","ObservationConfirm","","17.25","ActualTrade","SL","-75.00","-77.40","14","56.38"
"OPF-20260722-131803","2026-01-15T03:35:00.0000000","2026-01-15T04:15:00.0000000","20260115-0330-BEAR-OBS-001158-Z001158-OC","20260115-0335-Short-1159","Short","ObservationConfirm_WideStop1_5R","","20.25","ActualTrade","SL","1.00","-1.40","1","-1.40"
"OPF-20260722-131803","2026-01-15T05:25:00.0000000","2026-01-15T05:40:00.0000000","20260115-0520-BULL-OBS-001180-Z001179-OC","20260115-0525-Long-1181","Long","ObservationConfirm_WideStop1_5R","Fixed2_5R","8.25","ExitPolicyOverride:Fixed2_5R","Target","82.50","80.10","2","78.70"
"OPF-20260722-131803","2026-01-15T05:50:00.0000000","2026-01-15T05:50:00.0000000","20260115-0550-BULL-PB-001186-Z001185","20260115-0550-Long-1186","Long","AlmostConfirmed","","7.00","ActualTrade","SL","-31.50","-33.90","3","44.80"
"OPF-20260722-131803","2026-01-15T06:00:00.0000000","2026-01-15T06:05:00.0000000","20260115-0600-BEAR-OBS-001188-Z001188","20260115-0600-Short-1188","Short","ZoneBirthResearch","","6.75","ActualTrade","SPLIT_BASE_SL_RUNNER_SL","-19.00","-21.40","4","23.40"
"OPF-20260722-131803","2026-01-15T06:50:00.0000000","2026-01-15T07:05:00.0000000","20260115-0645-BULL-OBS-001197-Z001197-OC","20260115-0650-Long-1198","Long","ObservationConfirm_WideStop1_5R","Fixed2_5R","24.38","ExitPolicyOverride:Fixed2_5R","Stop","-97.52","-99.92","5","-76.52"
"OPF-20260722-131803","2026-01-15T09:45:00.0000000","2026-01-15T09:55:00.0000000","20260115-0940-BULL-OBS-001232-Z001232-OC","20260115-0945-Long-1233","Long","ObservationConfirm_WideStop1_5R","Fixed2_5R","18.75","ExitPolicyOverride:Fixed2_5R","Stop","-75.00","-77.40","6","-153.92"
"OPF-20260722-131803","2026-01-15T12:05:00.0000000","2026-01-15T12:20:00.0000000","20260115-1205-BEAR-OBS-001261-Z001261","20260115-1205-Short-1261","Short","ZoneBirthResearch","","3.75","ActualTrade","SPLIT_BASE_TP_RUNNER_TP","55.00","52.60","7","-101.32"
"OPF-20260722-131803","2026-01-15T13:50:00.0000000","2026-01-15T14:25:00.0000000","20260115-1345-BULL-OBS-001281-Z001281-OC","20260115-1350-Long-1282","Long","ObservationConfirm_WideStop1_5R","Fixed2_5R","16.50","ExitPolicyOverride:Fixed2_5R","Target","165.00","162.60","8","61.28"
"OPF-20260722-131803","2026-01-15T20:05:00.0000000","2026-01-15T20:10:00.0000000","20260115-2000-BULL-OBS-001356-Z001225-OC-STR","20260115-2005-Long-1357","Long","ObservationStrict_Other","","18.75","ActualTrade","SL","-72.00","-74.40","9","-13.12"
"OPF-20260722-131803","2026-01-15T21:45:00.0000000","2026-01-15T21:50:00.0000000","20260115-2145-BULL-BRK-001377-Z001377-Q","20260115-2145-Long-1377","Long","BreakawayFvg_Qualified","","6.50","ActualTrade","SESSION_FLATTEN","-12.00","-14.40","10","-27.52"
"OPF-20260722-132004","2026-01-16T00:05:00.0000000","2026-01-16T00:05:00.0000000","20260116-0005-BEAR-OBS-001117-Z001117","20260116-0005-Short-1117","Short","ZoneBirthResearch","","4.50","ActualTrade","SPLIT_BASE_SL_RUNNER_SL","-21.50","-23.90","1","-23.90"
"OPF-20260722-132004","2026-01-16T01:50:00.0000000","2026-01-16T05:05:00.0000000","20260116-0140-BULL-OBS-001136-Z001135-OC","20260116-0150-Long-1138","Long","ObservationConfirm_WideStop1_5R","Fixed2_5R","16.12","ExitPolicyOverride:Fixed2_5R","Target","161.20","158.80","2","134.90"
"OPF-20260722-132004","2026-01-16T05:10:00.0000000","2026-01-16T05:20:00.0000000","20260116-0505-BULL-OBS-001177-Z001175-OC","","Long","ObservationConfirm_WideStop1_5R","Fixed2_5R","4.12","ExitPolicyOverride:Fixed2_5R","Target","41.20","38.80","3","173.70"
"OPF-20260722-132004","2026-01-16T05:45:00.0000000","2026-01-16T06:10:00.0000000","20260116-0540-BEAR-OBS-001184-Z001184-OC","","Short","ObservationConfirm","","6.75","ShadowTrade","Stop","-27.00","-29.40","4","144.30"
"OPF-20260722-132004","2026-01-16T08:30:00.0000000","2026-01-16T08:40:00.0000000","20260116-0825-BEAR-OBS-001217-Z001217-OC","20260116-0830-Short-1218","Short","ObservationConfirm","","14.75","ActualTrade","SL","0.00","-2.40","5","141.90"
"OPF-20260722-132004","2026-01-16T11:50:00.0000000","2026-01-16T13:25:00.0000000","20260116-1145-BEAR-OBS-001257-Z001257-OC","20260116-1150-Short-1258","Short","ObservationConfirm","","17.50","ActualTrade","SL","-3.00","-5.40","6","136.50"
"OPF-20260722-132004","2026-01-16T15:45:00.0000000","2026-01-16T15:45:00.0000000","20260116-1540-BEAR-OBS-001304-Z001304-OC","20260116-1545-Short-1305","Short","ObservationConfirm","","16.75","ActualTrade","SL","1.00","-1.40","7","135.10"
"OPF-20260722-132004","2026-01-16T17:00:00.0000000","2026-01-16T17:30:00.0000000","20260116-1655-BEAR-OBS-001319-Z001319-OC","20260116-1700-Short-1320","Short","ObservationConfirm","","21.50","ActualTrade","SL","6.00","3.60","8","138.70"
"OPF-20260722-132004","2026-01-16T18:25:00.0000000","2026-01-16T19:00:00.0000000","20260116-1820-BEAR-OBS-001336-Z001319-OC","","Short","ObservationConfirm_WideStop1_5R","","18.00","ShadowTrade","Stop","-72.00","-74.40","9","64.30"
"OPF-20260722-132004","2026-01-16T20:40:00.0000000","2026-01-16T20:40:00.0000000","20260116-2030-BEAR-OBS-001362-Z001362-OC","20260116-2040-Short-1364","Short","ObservationConfirm_WideStop1_5R","","15.38","ActualTrade","SL","-15.00","-17.40","10","46.90"
"OPF-20260722-132155","2026-01-20T01:45:00.0000000","2026-01-20T02:15:00.0000000","20260120-0140-BULL-OBS-001088-Z001086-OC","20260120-0145-Long-1089","Long","ObservationConfirm_WideStop1_5R","Fixed2_5R","17.62","ExitPolicyOverride:Fixed2_5R","Stop","-70.48","-72.88","1","-72.88"
"OPF-20260722-132155","2026-01-20T03:30:00.0000000","2026-01-20T05:25:00.0000000","20260120-0325-BEAR-OBS-001109-Z001109-OC","","Short","ObservationConfirm_WideStop1_5R","","18.38","ShadowTrade","ProtectBE","0.00","-2.40","2","-75.28"
"OPF-20260722-132155","2026-01-20T05:45:00.0000000","2026-01-20T06:10:00.0000000","20260120-0540-BEAR-OBS-001136-Z001136-OC","20260120-0545-Short-1137","Short","ObservationConfirm","","18.50","ActualTrade","TP","228.00","225.60","3","150.32"
"OPF-20260722-132155","2026-01-20T08:25:00.0000000","2026-01-20T09:10:00.0000000","20260120-0820-BEAR-OBS-001168-Z001168-OC","20260120-0825-Short-1169","Short","ObservationConfirm","","22.00","ActualTrade","TP","276.00","273.60","4","423.92"
"OPF-20260722-132155","2026-01-20T11:10:00.0000000","2026-01-20T11:15:00.0000000","20260120-1105-BULL-OBS-001201-Z001201-OC","20260120-1110-Long-1202","Long","ObservationConfirm_WideStop1_5R","Fixed2_5R","17.25","ExitPolicyOverride:Fixed2_5R","Stop","-69.00","-71.40","5","352.52"
"OPF-20260722-132155","2026-01-20T18:25:00.0000000","2026-01-20T18:45:00.0000000","20260120-1825-BEAR-BRK-001289-Z001289","20260120-1825-Short-1289","Short","BreakawayFvg","","19.25","ActualTrade","TP","246.00","243.60","6","596.12"
"OPF-20260722-132155","2026-01-20T21:25:00.0000000","2026-01-20T21:50:00.0000000","20260120-2115-BULL-OBS-001322-Z001322-FR","","Short","FailureReverse_ObservationInvalidated","","8.50","ShadowTrade","GlobexCloseout","18.00","15.60","7","611.72"
"OPF-20260722-132353","2026-01-21T01:25:00.0000000","2026-01-21T01:30:00.0000000","20260121-0120-BULL-OBS-001083-Z001083-OC","20260121-0125-Long-1084","Long","ObservationConfirm_WideStop1_5R","Fixed2_5R","13.50","ExitPolicyOverride:Fixed2_5R","Stop","-54.00","-56.40","1","-56.40"
"OPF-20260722-132353","2026-01-21T02:05:00.0000000","2026-01-21T02:15:00.0000000","20260121-0200-BULL-OBS-001091-Z001082-OC-STR","","Long","ObservationStrict_Other","","6.75","ShadowTrade","ProtectBE","0.00","-2.40","2","-58.80"
"OPF-20260722-132353","2026-01-21T03:25:00.0000000","2026-01-21T03:45:00.0000000","20260121-0320-BULL-OBS-001107-Z001107-OC","20260121-0325-Long-1108","Long","ObservationConfirm_WideStop1_5R","Fixed2_5R","19.50","ExitPolicyOverride:Fixed2_5R","Stop","-78.00","-80.40","3","-139.20"
"OPF-20260722-132353","2026-01-21T05:15:00.0000000","2026-01-21T06:20:00.0000000","20260121-0510-BULL-OBS-001129-Z001129-OC","20260121-0515-Long-1130","Long","ObservationConfirm_WideStop1_5R","Fixed2_5R","17.62","ExitPolicyOverride:Fixed2_5R","TimeStop","28.00","25.60","4","-113.60"
"OPF-20260722-132353","2026-01-21T06:55:00.0000000","2026-01-21T07:00:00.0000000","20260121-0650-BEAR-OBS-001149-Z001149-OC","20260121-0655-Short-1150","Short","ObservationConfirm","","16.75","ActualTrade","SL","-66.00","-68.40","5","-182.00"
"OPF-20260722-132353","2026-01-21T07:35:00.0000000","2026-01-21T07:50:00.0000000","20260121-0730-BULL-OBS-001157-Z001154-OC","20260121-0735-Long-1158","Long","ObservationConfirm_WideStop1_5R","Fixed2_5R","16.88","ExitPolicyOverride:Fixed2_5R","Stop","-67.52","-69.92","6","-251.92"
"OPF-20260722-132353","2026-01-21T09:30:00.0000000","2026-01-21T09:40:00.0000000","20260121-0925-BEAR-OBS-001180-Z001180-OC","","Short","ObservationConfirm","","10.00","ShadowTrade","ProtectBE","0.00","-2.40","7","-254.32"
"OPF-20260722-132353","2026-01-21T09:50:00.0000000","2026-01-21T10:00:00.0000000","20260121-0950-BEAR-BRK-001185-Z001185","","Short","BreakawayFvg","","18.50","ShadowTrade","ProtectBE","0.00","-2.40","8","-256.72"
"OPF-20260722-132353","2026-01-21T10:05:00.0000000","2026-01-21T10:15:00.0000000","20260121-1000-BEAR-OBS-001187-Z001185-OC","","Short","ObservationConfirm","","14.75","ShadowTrade","Stop","-59.00","-61.40","9","-318.12"
"OPF-20260722-132544","2026-01-22T02:15:00.0000000","2026-01-22T03:00:00.0000000","20260122-0215-BEAR-OBS-001094-Z001094","20260122-0215-Short-1094","Short","ZoneBirthResearch","","7.75","ActualTrade","SPLIT_BASE_TP_RUNNER_BE","37.00","34.60","1","34.60"
"OPF-20260722-132544","2026-01-22T04:35:00.0000000","2026-01-22T05:45:00.0000000","20260122-0420-BEAR-OBS-001119-Z001119-OC","20260122-0435-Short-1122","Short","ObservationConfirm","","12.50","ActualTrade","TP","154.50","152.10","2","186.70"
"OPF-20260722-132544","2026-01-22T05:50:00.0000000","2026-01-22T06:45:00.0000000","20260122-0545-BEAR-OBS-001136-Z001136-OC","20260122-0550-Short-1137","Short","ObservationConfirm","","21.75","ActualTrade","SL","0.00","-2.40","3","184.30"
"OPF-20260722-132544","2026-01-22T13:15:00.0000000","2026-01-22T13:30:00.0000000","20260122-1310-BULL-OBS-001225-Z001223-OC","20260122-1315-Long-1226","Long","ObservationConfirm_WideStop1_5R","Fixed2_5R","24.75","ExitPolicyOverride:Fixed2_5R","Stop","-99.00","-101.40","4","82.90"
"OPF-20260722-132544","2026-01-22T16:50:00.0000000","2026-01-22T16:55:00.0000000","20260122-1645-BULL-OBS-001268-Z001268-OC","20260122-1650-Long-1269","Long","ObservationConfirm_WideStop1_5R","Fixed2_5R","21.38","ExitPolicyOverride:Fixed2_5R","Stop","-85.52","-87.92","5","-5.02"
"OPF-20260722-132544","2026-01-22T18:25:00.0000000","2026-01-22T18:25:00.0000000","20260122-1815-BEAR-OBS-001286-Z001286-OC","20260122-1825-Short-1288","Short","ObservationConfirm","","11.50","ActualTrade","SL","-42.00","-44.40","6","-49.42"
"OPF-20260722-132544","2026-01-22T19:50:00.0000000","2026-01-22T20:10:00.0000000","20260122-1945-BEAR-OBS-001304-Z001304-OC","20260122-1950-Short-1305","Short","ObservationConfirm_WideStop1_5R","","20.25","ActualTrade","SL","-1.00","-3.40","7","-52.82"
"OPF-20260722-132736","2026-01-23T02:05:00.0000000","2026-01-23T02:15:00.0000000","20260123-0200-BULL-OBS-001091-Z001090-OC-STR","20260123-0205-Long-1092","Long","ObservationStrict_Other","","3.50","ActualTrade","SL","0.00","-2.40","1","-2.40"
"OPF-20260722-132736","2026-01-23T02:25:00.0000000","2026-01-23T02:55:00.0000000","20260123-0225-BEAR-OBS-001096-Z001096","20260123-0225-Short-1096","Short","ZoneBirthResearch","","5.75","ActualTrade","SPLIT_BASE_SL_RUNNER_SL","-22.00","-24.40","2","-26.80"
"OPF-20260722-132736","2026-01-23T03:25:00.0000000","2026-01-23T03:35:00.0000000","20260123-0320-BULL-OBS-001107-Z001107-OC","20260123-0325-Long-1108","Long","ObservationConfirm_WideStop1_5R","Fixed2_5R","10.50","ExitPolicyOverride:Fixed2_5R","Stop","-42.00","-44.40","3","-71.20"
"OPF-20260722-132736","2026-01-23T03:45:00.0000000","2026-01-23T04:30:00.0000000","20260123-0335-BEAR-OBS-001110-Z001110-OC","20260123-0345-Short-1112","Short","ObservationConfirm_WideStop1_5R","","10.12","ActualTrade","SL","-40.00","-42.40","4","-113.60"
"OPF-20260722-132736","2026-01-23T05:05:00.0000000","2026-01-23T06:30:00.0000000","20260123-0455-BULL-OBS-001126-Z001126-OC","20260123-0505-Long-1128","Long","ObservationConfirm_WideStop1_5R","Fixed2_5R","12.75","ExitPolicyOverride:Fixed2_5R","TimeStop","73.00","70.60","5","-43.00"
"OPF-20260722-132736","2026-01-23T06:55:00.0000000","2026-01-23T07:15:00.0000000","20260123-0650-BEAR-OBS-001149-Z001147-OC","20260123-0655-Short-1150","Short","ObservationConfirm","","15.50","ActualTrade","SL","-59.00","-61.40","6","-104.40"
"OPF-20260722-132736","2026-01-23T07:55:00.0000000","2026-01-23T08:05:00.0000000","20260123-0750-BEAR-OBS-001161-Z001161-OC","20260123-0755-Short-1162","Short","ObservationConfirm","","8.00","ActualTrade","TP","87.00","84.60","7","-19.80"
"OPF-20260722-132736","2026-01-23T09:15:00.0000000","2026-01-23T09:15:00.0000000","20260123-0915-BEAR-OBS-001178-Z001178","20260123-0915-Short-1178","Short","ZoneBirthResearch","","8.00","ActualTrade","SPLIT_BASE_SL_RUNNER_SL","-36.00","-38.40","8","-58.20"
"OPF-20260722-132736","2026-01-23T09:45:00.0000000","2026-01-23T09:50:00.0000000","20260123-0945-BEAR-OBS-001184-Z001184","20260123-0945-Short-1184","Short","ZoneBirthResearch","","12.75","ActualTrade","SPLIT_BASE_SL_RUNNER_SL","-50.00","-52.40","9","-110.60"
"OPF-20260722-132736","2026-01-23T11:45:00.0000000","2026-01-23T12:00:00.0000000","20260123-1140-BULL-OBS-001207-Z001205-FR","20260123-1145-Short-1208","Short","FailureReverse_ObservationInvalidated","","11.00","ActualTrade","SL","-1.00","-3.40","10","-114.00"
"OPF-20260722-132736","2026-01-23T21:10:00.0000000","2026-01-23T21:50:00.0000000","20260123-2110-BEAR-OBS-001321-Z001321","20260123-2110-Short-1321","Short","ZoneBirthResearch","","16.00","ActualTrade","SPLIT_BASE_SESSION_FLATTEN_RUNNER_SESSION_FLATTEN","62.00","59.60","11","-54.40"
"OPF-20260722-132926","2026-01-26T00:45:00.0000000","2026-01-26T00:50:00.0000000","20260126-0040-BEAR-OBS-001123-Z001123-OC","20260126-0045-Short-1124","Short","ObservationConfirm","","15.00","ActualTrade","SL","-64.00","-66.40","1","-66.40"
"OPF-20260722-132926","2026-01-26T02:45:00.0000000","2026-01-26T02:55:00.0000000","20260126-0245-BEAR-OBS-001148-Z001148","20260126-0245-Short-1148","Short","ZoneBirthResearch","","17.75","ActualTrade","SPLIT_BASE_SL_RUNNER_SL","-75.00","-77.40","2","-143.80"
"OPF-20260722-132926","2026-01-26T03:15:00.0000000","2026-01-26T03:20:00.0000000","20260126-0310-BULL-OBS-001153-Z001153-FR","20260126-0315-Short-1154","Short","FailureReverse_ObservationInvalidated_WideStop1_5R","","11.25","ActualTrade","SL","-1.50","-3.90","3","-147.70"
"OPF-20260722-132926","2026-01-26T03:30:00.0000000","2026-01-26T03:50:00.0000000","20260126-0320-BEAR-OBS-001155-Z001155-OC","20260126-0330-Short-1157","Short","ObservationConfirm_WideStop1_5R","","17.62","ActualTrade","SL","-1.00","-3.40","4","-151.10"
"OPF-20260722-132926","2026-01-26T06:10:00.0000000","2026-01-26T06:40:00.0000000","20260126-0605-BULL-OBS-001188-Z001188-OC","20260126-0610-Long-1189","Long","ObservationConfirm_WideStop1_5R","Fixed2_5R","16.88","ExitPolicyOverride:Fixed2_5R","Stop","-67.52","-69.92","5","-221.02"
"OPF-20260722-132926","2026-01-26T06:45:00.0000000","2026-01-26T07:45:00.0000000","20260126-0640-BULL-OBS-001195-Z001186-OC","20260126-0645-Long-1196","Long","ObservationConfirm_WideStop1_5R","Fixed2_5R","13.12","ExitPolicyOverride:Fixed2_5R","TimeStop","61.00","58.60","6","-162.42"
"OPF-20260722-132926","2026-01-26T09:20:00.0000000","2026-01-26T09:30:00.0000000","20260126-0915-BEAR-OBS-001226-Z001226-OC","20260126-0920-Short-1227","Short","ObservationConfirm","","20.00","ActualTrade","TP","246.00","243.60","7","81.18"
"OPF-20260722-132926","2026-01-26T10:15:00.0000000","2026-01-26T10:20:00.0000000","20260126-1015-BEAR-OBS-001238-Z001231","20260126-1015-Short-1238","Short","UnknownRegimeZoneTouch","","11.25","ActualTrade","SL","-51.00","-53.40","8","27.78"
"OPF-20260722-132926","2026-01-26T11:05:00.0000000","2026-01-26T11:05:00.0000000","20260126-1100-BULL-OBS-001247-Z001241-OC-STR","20260126-1105-Long-1248","Long","ObservationStrict_Other","","5.50","ActualTrade","SL","-24.50","-26.90","9","0.88"
"OPF-20260722-132926","2026-01-26T12:20:00.0000000","2026-01-26T13:05:00.0000000","20260126-1220-BEAR-OBS-001263-Z001263","20260126-1220-Short-1263","Short","ZoneBirthResearch","","18.00","ActualTrade","SPLIT_BASE_SL_RUNNER_SL","-73.00","-75.40","10","-74.52"
"OPF-20260722-132926","2026-01-26T13:30:00.0000000","2026-01-26T13:45:00.0000000","20260126-1325-BEAR-OBS-001276-Z001276-OC","","Short","ObservationConfirm_WideStop1_5R","","21.75","ShadowTrade","ProtectBE","0.00","-2.40","11","-76.92"
"OPF-20260722-132926","2026-01-26T15:55:00.0000000","2026-01-26T16:20:00.0000000","20260126-1550-BULL-OBS-001305-Z001305-OC","20260126-1555-Long-1306","Long","ObservationConfirm_WideStop1_5R","Fixed2_5R","22.50","ExitPolicyOverride:Fixed2_5R","Stop","-90.00","-92.40","12","-169.32"
"OPF-20260722-132926","2026-01-26T17:30:00.0000000","2026-01-26T17:30:00.0000000","20260126-1725-BULL-OBS-001324-Z001320-FR","20260126-1730-Short-1325","Short","FailureReverse_ObservationInvalidated","","7.75","ActualTrade","SL","-36.00","-38.40","13","-207.72"
"OPF-20260722-132926","2026-01-26T18:45:00.0000000","2026-01-26T18:45:00.0000000","20260126-1845-BEAR-OBS-001340-Z001340","20260126-1845-Short-1340","Short","ZoneBirthResearch","","5.25","ActualTrade","SPLIT_BASE_SL_RUNNER_SL","-21.00","-23.40","14","-231.12"
"OPF-20260722-132926","2026-01-26T19:55:00.0000000","2026-01-26T20:35:00.0000000","20260126-1950-BEAR-OBS-001353-Z001353-OC","","Short","ObservationConfirm","","21.75","ShadowTrade","Stop","-87.00","-89.40","15","-320.52"
"OPF-20260722-133117","2026-01-27T01:55:00.0000000","2026-01-27T02:05:00.0000000","20260127-0150-BULL-OBS-001138-Z001138-OC","20260127-0155-Long-1139","Long","ObservationConfirm_WideStop1_5R","Fixed2_5R","4.88","ExitPolicyOverride:Fixed2_5R","Target","48.80","46.40","1","46.40"
"OPF-20260722-133117","2026-01-27T02:45:00.0000000","2026-01-27T04:10:00.0000000","20260127-0240-BULL-OBS-001148-Z001148-OC","20260127-0245-Long-1149","Long","ObservationConfirm_WideStop1_5R","Fixed2_5R","13.50","ExitPolicyOverride:Fixed2_5R","Target","135.00","132.60","2","179.00"
"OPF-20260722-133117","2026-01-27T04:30:00.0000000","2026-01-27T05:30:00.0000000","20260127-0420-BULL-OBS-001168-Z001166-OC","","Long","ObservationConfirm_WideStop1_5R","Fixed2_5R","18.00","ExitPolicyOverride:Fixed2_5R","TimeStop","-10.00","-12.40","3","166.60"
"OPF-20260722-133117","2026-01-27T05:45:00.0000000","2026-01-27T07:20:00.0000000","20260127-0540-BULL-OBS-001184-Z001183-OC-STR","","Long","ObservationStrict_Other","","17.50","ShadowTrade","ProtectBE","0.00","-2.40","4","164.20"
"OPF-20260722-133117","2026-01-27T07:25:00.0000000","2026-01-27T08:10:00.0000000","20260127-0720-BULL-OBS-001204-Z001185-OC","20260127-0725-Long-1205","Long","ObservationConfirm_WideStop1_5R","Fixed2_5R","15.75","ExitPolicyOverride:Fixed2_5R","Stop","-63.00","-65.40","5","98.80"
"OPF-20260722-133117","2026-01-27T12:00:00.0000000","2026-01-27T12:20:00.0000000","20260127-1200-BULL-PB-001260-Z001255","20260127-1200-Long-1260","Long","AlmostConfirmed","","10.00","ActualTrade","SL","-39.50","-41.90","6","56.90"
"OPF-20260722-133117","2026-01-27T12:55:00.0000000","2026-01-27T13:00:00.0000000","20260127-1240-BULL-OBS-001268-Z001268-FR","","Short","FailureReverse_ObservationInvalidated","","3.00","ShadowTrade","Stop","-12.00","-14.40","7","42.50"
"OPF-20260722-133117","2026-01-27T13:55:00.0000000","2026-01-27T13:55:00.0000000","20260127-1350-BEAR-OBS-001282-Z001282-OC","20260127-1355-Short-1283","Short","ObservationConfirm","","7.25","ActualTrade","SL","-28.00","-30.40","8","12.10"
"OPF-20260722-133117","2026-01-27T15:45:00.0000000","2026-01-27T15:50:00.0000000","20260127-1540-BULL-OBS-001304-Z001304-OC","20260127-1545-Long-1305","Long","ObservationConfirm_WideStop1_5R","Fixed2_5R","19.88","ExitPolicyOverride:Fixed2_5R","Stop","-79.52","-81.92","9","-69.82"
"OPF-20260722-133117","2026-01-27T18:15:00.0000000","2026-01-27T18:20:00.0000000","20260127-1810-BEAR-OBS-001334-Z001331-FR","20260127-1815-Long-1335","Long","FailureReverse_ObservationInvalidated","","7.75","ActualTrade","SL","2.00","-0.40","10","-70.22"
"OPF-20260722-133117","2026-01-27T19:20:00.0000000","2026-01-27T19:30:00.0000000","20260127-1905-BEAR-OBS-001345-Z001345-FR-RT","20260127-1920-Long-1348","Long","FailureReverse_RetestFailed","","7.50","ActualTrade","SL","-29.50","-31.90","11","-102.12"
"OPF-20260722-133117","2026-01-27T20:00:00.0000000","2026-01-27T20:05:00.0000000","20260127-1955-BULL-OBS-001355-Z001355-OC","20260127-2000-Long-1356","Long","ObservationConfirm_WideStop1_5R","Fixed2_5R","6.38","ExitPolicyOverride:Fixed2_5R","Stop","-25.52","-27.92","12","-130.04"
"OPF-20260722-133117","2026-01-27T21:05:00.0000000","2026-01-27T21:50:00.0000000","20260127-2100-BULL-OBS-001368-Z001335-OC-STR","20260127-2105-Long-1369","Long","ObservationStrict_Other","","16.50","ActualTrade","SESSION_FLATTEN","129.50","127.10","13","-2.94"
"OPF-20260722-133314","2026-01-28T00:20:00.0000000","2026-01-28T00:35:00.0000000","20260128-0015-BULL-OBS-001119-Z001119-OC","20260128-0020-Long-1120","Long","ObservationConfirm_WideStop1_5R","Fixed2_5R","13.88","ExitPolicyOverride:Fixed2_5R","Target","138.80","136.40","1","136.40"
"OPF-20260722-133314","2026-01-28T01:10:00.0000000","2026-01-28T01:15:00.0000000","20260128-0110-BULL-BRK-001130-Z001130-Q","","Long","BreakawayFvg_Qualified","","5.50","ShadowTrade","Stop","-22.00","-24.40","2","112.00"
"OPF-20260722-133314","2026-01-28T01:25:00.0000000","2026-01-28T01:35:00.0000000","20260128-0110-BULL-OBS-001130-Z001130-OC","","Long","ObservationConfirm_WideStop1_5R","Fixed2_5R","9.38","ExitPolicyOverride:Fixed2_5R","Stop","-37.52","-39.92","3","72.08"
"OPF-20260722-133314","2026-01-28T03:35:00.0000000","2026-01-28T03:55:00.0000000","20260128-0330-BEAR-OBS-001158-Z001158-OC","20260128-0335-Short-1159","Short","ObservationConfirm","","7.25","ActualTrade","SL","0.00","-2.40","4","69.68"
"OPF-20260722-133314","2026-01-28T04:15:00.0000000","2026-01-28T05:55:00.0000000","20260128-0410-BULL-OBS-001166-Z001166-OC","20260128-0415-Long-1167","Long","ObservationConfirm_WideStop1_5R","Fixed2_5R","16.12","ExitPolicyOverride:Fixed2_5R","TimeStop","96.00","93.60","5","163.28"
"OPF-20260722-133314","2026-01-28T06:45:00.0000000","2026-01-28T06:50:00.0000000","20260128-0645-BEAR-OBS-001197-Z001197","","Short","ZoneBirthResearch","","16.25","ShadowTrade","Base:Stop|Runner:Stop","-65.00","-67.40","6","95.88"
"OPF-20260722-133314","2026-01-28T07:50:00.0000000","2026-01-28T08:15:00.0000000","20260128-0745-BULL-OBS-001209-Z001209-OC","20260128-0750-Long-1210","Long","ObservationConfirm_WideStop1_5R","Fixed2_5R","17.62","ExitPolicyOverride:Fixed2_5R","Stop","-70.48","-72.88","7","23.00"
"OPF-20260722-133314","2026-01-28T10:50:00.0000000","2026-01-28T11:15:00.0000000","20260128-1045-BULL-OBS-001245-Z001244-OC-STR","","Long","ObservationStrict_Other_WideStop1_5R","","14.25","ShadowTrade","Stop","-57.00","-59.40","8","-36.40"
"OPF-20260722-133314","2026-01-28T14:25:00.0000000","2026-01-28T14:30:00.0000000","20260128-1420-BEAR-OBS-001288-Z001286-OC","","Short","ObservationConfirm_WideStop1_5R","","17.62","ShadowTrade","Stop","-70.48","-72.88","9","-109.28"
"OPF-20260722-133314","2026-01-28T15:50:00.0000000","2026-01-28T15:50:00.0000000","20260128-1545-BULL-OBS-001305-Z001122-OC-STR","20260128-1550-Long-1306","Long","ObservationStrict_Other","","18.50","ActualTrade","SL","-76.00","-78.40","10","-187.68"
"OPF-20260722-133314","2026-01-28T16:45:00.0000000","2026-01-28T16:55:00.0000000","20260128-1645-BEAR-OBS-001317-Z001317","20260128-1645-Short-1317","Short","ZoneBirthResearch","","14.50","ActualTrade","SPLIT_BASE_SL_RUNNER_SL","-54.00","-56.40","11","-244.08"
"OPF-20260722-133314","2026-01-28T17:05:00.0000000","2026-01-28T17:10:00.0000000","20260128-1635-BULL-OBS-001315-Z001118-FR-RT","","Short","FailureReverse_RetestFailed_WideStop1_5R","","22.50","ShadowTrade","Stop","-90.00","-92.40","12","-336.48"
"OPF-20260722-133505","2026-01-29T02:15:00.0000000","2026-01-29T02:35:00.0000000","20260129-0205-BULL-OBS-001141-Z001141-OC","20260129-0215-Long-1143","Long","ObservationConfirm_WideStop1_5R","Fixed2_5R","15.00","ExitPolicyOverride:Fixed2_5R","Target","150.00","147.60","1","147.60"
"OPF-20260722-133505","2026-01-29T02:45:00.0000000","2026-01-29T02:55:00.0000000","20260129-0245-BEAR-OBS-001149-Z001149","","Short","ZoneBirthResearch","","16.75","ShadowTrade","Base:Stop|Runner:Stop","-67.00","-69.40","2","78.20"
"OPF-20260722-133505","2026-01-29T03:20:00.0000000","2026-01-29T04:50:00.0000000","20260129-0315-BULL-OBS-001155-Z001155-OC","20260129-0320-Long-1156","Long","ObservationConfirm_WideStop1_5R","Fixed2_5R","17.25","ExitPolicyOverride:Fixed2_5R","Target","172.50","170.10","3","248.30"
"OPF-20260722-133505","2026-01-29T05:50:00.0000000","2026-01-29T05:55:00.0000000","20260129-0540-BULL-OBS-001184-Z001184-OC","20260129-0550-Long-1186","Long","ObservationConfirm_WideStop1_5R","Fixed2_5R","10.50","ExitPolicyOverride:Fixed2_5R","Stop","-42.00","-44.40","4","203.90"
"OPF-20260722-133505","2026-01-29T06:15:00.0000000","2026-01-29T06:40:00.0000000","20260129-0610-BULL-OBS-001190-Z001190-OC","20260129-0615-Long-1191","Long","ObservationConfirm_WideStop1_5R","Fixed2_5R","19.50","ExitPolicyOverride:Fixed2_5R","Stop","-78.00","-80.40","5","123.50"
"OPF-20260722-133505","2026-01-29T10:10:00.0000000","2026-01-29T10:10:00.0000000","20260129-1005-BEAR-OBS-001237-Z001236-OC","20260129-1010-Short-1238","Short","ObservationConfirm","","17.25","ActualTrade","SL","-68.00","-70.40","6","53.10"
"OPF-20260722-133505","2026-01-29T10:40:00.0000000","2026-01-29T11:00:00.0000000","20260129-1030-BULL-OBS-001242-Z001241-FR","","Short","FailureReverse_ObservationInvalidated_WideStop1_5R","","10.50","ShadowTrade","TargetOrProtectBE:ConservativeProtectBE","0","-2.4","7","50.70"
"OPF-20260722-133505","2026-01-29T11:10:00.0000000","2026-01-29T12:05:00.0000000","20260129-1100-BEAR-OBS-001248-Z001248-OC","","Short","ObservationConfirm_WideStop1_5R","","21.00","ShadowTrade","Stop","-84.00","-86.40","8","-35.70"
"OPF-20260722-133656","2026-01-30T01:15:00.0000000","2026-01-30T01:25:00.0000000","20260130-0115-BEAR-OBS-001131-Z001131","20260130-0115-Short-1131","Short","ZoneBirthResearch","","5.00","ActualTrade","SPLIT_BASE_TP_RUNNER_TP","78.00","75.60","1","75.60"
"OPF-20260722-133656","2026-01-30T06:00:00.0000000","2026-01-30T06:50:00.0000000","20260130-0600-BEAR-BRK-001188-Z001188","20260130-0600-Short-1188","Short","BreakawayFvg","","26.00","ActualTrade","TP","306.00","303.60","2","379.20"
"OPF-20260722-133852","2026-02-02T01:50:00.0000000","2026-02-02T01:55:00.0000000","20260202-0145-BEAR-OBS-001137-Z001137-OC","20260202-0150-Short-1138","Short","ObservationConfirm","","19.50","ActualTrade","SL","1.50","-0.90","1","-0.90"
"OPF-20260722-133852","2026-02-02T03:15:00.0000000","2026-02-02T03:20:00.0000000","20260202-0315-BEAR-OBS-001155-Z001155","20260202-0315-Short-1155","Short","ZoneBirthResearch","","14.75","ActualTrade","SPLIT_BASE_SL_RUNNER_SL","-65.00","-67.40","2","-68.30"
"OPF-20260722-133852","2026-02-02T04:10:00.0000000","2026-02-02T04:10:00.0000000","20260202-0405-BEAR-OBS-001165-Z001165-OC","20260202-0410-Short-1166","Short","ObservationConfirm_WideStop1_5R","","13.50","ActualTrade","SL","-55.50","-57.90","3","-126.20"
"OPF-20260722-133852","2026-02-02T07:20:00.0000000","2026-02-02T07:35:00.0000000","20260202-0715-BULL-OBS-001203-Z001202-OC-STR","20260202-0720-Long-1204","Long","ObservationStrict_Other","","22.25","ActualTrade","SL","0.00","-2.40","4","-128.60"
"OPF-20260722-133852","2026-02-02T10:45:00.0000000","2026-02-02T11:25:00.0000000","20260202-1040-BULL-OBS-001244-Z001228-OC","20260202-1045-Long-1245","Long","ObservationConfirm_WideStop1_5R","Fixed2_5R","16.50","ExitPolicyOverride:Fixed2_5R","Target","165.00","162.60","5","34.00"
"OPF-20260722-133852","2026-02-02T14:15:00.0000000","2026-02-02T14:20:00.0000000","20260202-1410-BULL-OBS-001286-Z001284-OC-STR","20260202-1415-Long-1287","Long","ObservationStrict_Other","","12.50","ActualTrade","SL","-51.50","-53.90","6","-19.90"
"OPF-20260722-133852","2026-02-02T18:25:00.0000000","2026-02-02T18:35:00.0000000","20260202-1820-BEAR-OBS-001336-Z001336-OC","20260202-1825-Short-1337","Short","ObservationConfirm_WideStop1_5R","","17.25","ActualTrade","SL","-71.00","-73.40","7","-93.30"
"OPF-20260722-134044","2026-02-03T01:05:00.0000000","2026-02-03T01:25:00.0000000","20260203-0100-BEAR-OBS-001128-Z001125-FR","20260203-0105-Long-1129","Long","FailureReverse_ObservationInvalidated","","10.00","ActualTrade","SL","-1.50","-3.90","1","-3.90"
"OPF-20260722-134044","2026-02-03T01:35:00.0000000","2026-02-03T02:40:00.0000000","20260203-0130-BEAR-OBS-001134-Z001134-OC","20260203-0135-Short-1135","Short","ObservationConfirm","","18.00","ActualTrade","TP","222.00","219.60","2","215.70"
"OPF-20260722-134044","2026-02-03T03:35:00.0000000","2026-02-03T04:40:00.0000000","20260203-0325-BULL-OBS-001157-Z001157-OC","20260203-0335-Long-1159","Long","ObservationConfirm_WideStop1_5R","Fixed2_5R","16.12","ExitPolicyOverride:Fixed2_5R","Target","161.20","158.80","3","374.50"
"OPF-20260722-134044","2026-02-03T05:10:00.0000000","2026-02-03T05:15:00.0000000","20260203-0505-BEAR-OBS-001177-Z001177-OC","20260203-0510-Short-1178","Short","ObservationConfirm","","16.50","ActualTrade","SL","-62.50","-64.90","4","309.60"
"OPF-20260722-134044","2026-02-03T05:30:00.0000000","2026-02-03T06:30:00.0000000","20260203-0525-BULL-OBS-001181-Z001181-OC","20260203-0530-Long-1182","Long","ObservationConfirm_WideStop1_5R","Fixed2_5R","13.50","ExitPolicyOverride:Fixed2_5R","TimeStop","101.00","98.60","5","408.20"
"OPF-20260722-134044","2026-02-03T08:05:00.0000000","2026-02-03T08:05:00.0000000","20260203-0800-BEAR-OBS-001212-Z001212-OC","20260203-0805-Short-1213","Short","ObservationConfirm_WideStop1_5R","","13.50","ActualTrade","SL","-59.00","-61.40","6","346.80"
"OPF-20260722-134044","2026-02-03T10:05:00.0000000","2026-02-03T10:05:00.0000000","20260203-1005-BEAR-OBS-001237-Z001227","20260203-1005-Short-1237","Short","UnknownRegimeZoneTouch","","5.50","ActualTrade","SL","-17.50","-19.90","7","326.90"
"OPF-20260722-134044","2026-02-03T10:10:00.0000000","2026-02-03T12:00:00.0000000","20260203-1005-BEAR-OBS-001237-Z001227-OC","","Short","ObservationConfirm_WideStop1_5R","","17.62","ShadowTrade","TargetOrProtectBE:ConservativeProtectBE","0","-2.4","8","324.50"
"OPF-20260722-134044","2026-02-03T18:35:00.0000000","2026-02-03T18:45:00.0000000","20260203-1830-BEAR-OBS-001338-Z001338-OC","20260203-1835-Short-1339","Short","ObservationConfirm","","16.00","ActualTrade","TP","195.00","192.60","9","517.10"
"OPF-20260722-134240","2026-02-04T01:50:00.0000000","2026-02-04T01:50:00.0000000","20260204-0145-BEAR-OBS-001137-Z001136-OC","20260204-0150-Short-1138","Short","ObservationConfirm","","18.50","ActualTrade","SL","-75.50","-77.90","1","-77.90"
"OPF-20260722-134240","2026-02-04T02:10:00.0000000","2026-02-04T02:20:00.0000000","20260204-0205-BULL-OBS-001141-Z001141-OC","20260204-0210-Long-1142","Long","ObservationConfirm_WideStop1_5R","Fixed2_5R","18.38","ExitPolicyOverride:Fixed2_5R","Stop","-73.52","-75.92","2","-153.82"
"OPF-20260722-134240","2026-02-04T02:55:00.0000000","2026-02-04T03:10:00.0000000","20260204-0250-BULL-OBS-001150-Z001129-OC-STR","20260204-0255-Long-1151","Long","ObservationStrict_Other","","19.50","ActualTrade","SL","-10.50","-12.90","3","-166.72"
"OPF-20260722-134240","2026-02-04T04:10:00.0000000","2026-02-04T04:15:00.0000000","20260204-0350-BEAR-OBS-001162-Z001162-FR-RT","","Long","FailureReverse_RetestFailed","","6.00","ShadowTrade","Stop","-24.00","-26.40","4","-193.12"
"OPF-20260722-134240","2026-02-04T06:15:00.0000000","2026-02-04T06:20:00.0000000","20260204-0610-BULL-OBS-001190-Z001189-OC-STR","","Long","ObservationStrict_Other_WideStop1_5R","","10.88","ShadowTrade","Stop","-43.52","-45.92","5","-239.04"
"OPF-20260722-134240","2026-02-04T07:45:00.0000000","2026-02-04T08:00:00.0000000","20260204-0740-BULL-OBS-001208-Z001208-OC","20260204-0745-Long-1209","Long","ObservationConfirm_WideStop1_5R","Fixed2_5R","17.25","ExitPolicyOverride:Fixed2_5R","Stop","-69.00","-71.40","6","-310.44"
"OPF-20260722-134442","2026-02-05T01:30:00.0000000","2026-02-05T01:30:00.0000000","20260205-0125-BEAR-OBS-001133-Z001133-OC","20260205-0130-Short-1134","Short","ObservationConfirm","","19.25","ActualTrade","SL","-82.00","-84.40","1","-84.40"
"OPF-20260722-134442","2026-02-05T04:20:00.0000000","2026-02-05T04:25:00.0000000","20260205-0420-BEAR-BRK-001168-Z001168","20260205-0420-Short-1168","Short","BreakawayFvg","","20.00","ActualTrade","SL","-1.00","-3.40","2","-87.80"
"OPF-20260722-134442","2026-02-05T04:50:00.0000000","2026-02-05T05:30:00.0000000","20260205-0450-BEAR-OBS-001174-Z001151","20260205-0450-Short-1174","Short","UnknownRegimeZoneTouch","","17.75","ActualTrade","SL","0.00","-2.40","3","-90.20"
"OPF-20260722-134442","2026-02-05T06:50:00.0000000","2026-02-05T07:50:00.0000000","20260205-0645-BULL-OBS-001197-Z001197-OC","20260205-0650-Long-1198","Long","ObservationConfirm_WideStop1_5R","Fixed2_5R","17.25","ExitPolicyOverride:Fixed2_5R","TimeStop","101.00","98.60","4","8.40"
"OPF-20260722-134442","2026-02-05T08:10:00.0000000","2026-02-05T08:10:00.0000000","20260205-0805-BEAR-OBS-001213-Z001141-OC","20260205-0810-Short-1214","Short","ObservationConfirm","","18.00","ActualTrade","SL","-78.00","-80.40","5","-72.00"
"OPF-20260722-134442","2026-02-05T09:45:00.0000000","2026-02-05T09:45:00.0000000","20260205-0945-BEAR-BRK-001233-Z001233","20260205-0945-Short-1233","Short","BreakawayFvg","","20.00","ActualTrade","SL","-82.00","-84.40","6","-156.40"
"OPF-20260722-134442","2026-02-05T11:35:00.0000000","2026-02-05T11:55:00.0000000","20260205-1130-BEAR-OBS-001254-Z001254-OC","20260205-1135-Short-1255","Short","ObservationConfirm","","21.75","ActualTrade","SL","-99.50","-101.90","7","-258.30"
"OPF-20260722-134442","2026-02-05T14:20:00.0000000","2026-02-05T14:25:00.0000000","20260205-1420-BEAR-OBS-001288-Z001288","","Short","ZoneBirthResearch","","12.25","ShadowTrade","Base:Stop|Runner:Stop","-49.00","-51.40","8","-309.70"
"OPF-20260722-134633","2026-02-06T02:10:00.0000000","2026-02-06T02:15:00.0000000","20260206-0205-BULL-OBS-001141-Z001141-OC","20260206-0210-Long-1142","Long","ObservationConfirm_WideStop1_5R","Fixed2_5R","12.75","ExitPolicyOverride:Fixed2_5R","Stop","-51.00","-53.40","1","-53.40"
"OPF-20260722-134633","2026-02-06T03:45:00.0000000","2026-02-06T03:45:00.0000000","20260206-0340-BEAR-OBS-001160-Z001160-OC","20260206-0345-Short-1161","Short","ObservationConfirm","","16.00","ActualTrade","SL","-70.00","-72.40","2","-125.80"
"OPF-20260722-134633","2026-02-06T07:45:00.0000000","2026-02-06T07:50:00.0000000","20260206-0740-BEAR-OBS-001208-Z001208-OC","20260206-0745-Short-1209","Short","ObservationConfirm","","18.75","ActualTrade","SL","-5.00","-7.40","3","-133.20"
"OPF-20260722-134633","2026-02-06T10:10:00.0000000","2026-02-06T10:15:00.0000000","20260206-1005-BEAR-OBS-001237-Z001237-OC","20260206-1010-Short-1238","Short","ObservationConfirm_WideStop1_5R","","8.25","ActualTrade","SL","-0.50","-2.90","4","-136.10"
"OPF-20260722-134824","2026-02-09T03:05:00.0000000","2026-02-09T03:30:00.0000000","20260209-0300-BEAR-OBS-001152-Z001152-OC","20260209-0305-Short-1153","Short","ObservationConfirm","","17.25","ActualTrade","SL","0.00","-2.40","1","-2.40"
"OPF-20260722-134824","2026-02-09T04:40:00.0000000","2026-02-09T05:05:00.0000000","20260209-0435-BEAR-OBS-001171-Z001171-OC","20260209-0440-Short-1172","Short","ObservationConfirm","","10.50","ActualTrade","SL","0.00","-2.40","2","-4.80"
"OPF-20260722-134824","2026-02-09T05:45:00.0000000","2026-02-09T05:45:00.0000000","20260209-0545-BEAR-OBS-001185-Z001185","20260209-0545-Short-1185","Short","ZoneBirthResearch","","6.00","ActualTrade","SPLIT_BASE_SL_RUNNER_SL","-28.00","-30.40","3","-35.20"
"OPF-20260722-134824","2026-02-09T06:10:00.0000000","2026-02-09T06:30:00.0000000","20260209-0605-BEAR-OBS-001189-Z001189-OC","20260209-0610-Short-1190","Short","ObservationConfirm","","16.75","ActualTrade","SL","-0.50","-2.90","4","-38.10"
"OPF-20260722-134824","2026-02-09T07:05:00.0000000","2026-02-09T07:45:00.0000000","20260209-0700-BEAR-OBS-001200-Z001200-OC","20260209-0705-Short-1201","Short","ObservationConfirm_WideStop1_5R","","20.25","ActualTrade","SL","-0.50","-2.90","5","-41.00"
"OPF-20260722-134824","2026-02-09T07:55:00.0000000","2026-02-09T08:00:00.0000000","20260209-0750-BULL-OBS-001210-Z001210-OC","20260209-0755-Long-1211","Long","ObservationConfirm_WideStop1_5R","Fixed2_5R","11.62","ExitPolicyOverride:Fixed2_5R","Target","116.20","113.80","6","72.80"
"OPF-20260722-134824","2026-02-09T08:10:00.0000000","2026-02-09T08:15:00.0000000","20260209-0805-BEAR-OBS-001213-Z001189-OC","20260209-0810-Short-1214","Short","ObservationConfirm_WideStop1_5R","","16.88","ActualTrade","SL","-1.00","-3.40","7","69.40"
"OPF-20260722-134824","2026-02-09T12:10:00.0000000","2026-02-09T12:20:00.0000000","20260209-1210-BEAR-OBS-001262-Z001236","20260209-1210-Short-1262","Short","UnknownRegimeZoneTouch","","8.75","ActualTrade","SL","-3.00","-5.40","8","64.00"
"OPF-20260722-134824","2026-02-09T14:00:00.0000000","2026-02-09T14:05:00.0000000","20260209-1355-BEAR-OBS-001283-Z001283-OC","20260209-1400-Short-1284","Short","ObservationConfirm_WideStop1_5R","","16.88","ActualTrade","SL","-2.00","-4.40","9","59.60"
"OPF-20260722-134824","2026-02-09T16:05:00.0000000","2026-02-09T16:10:00.0000000","20260209-1605-BULL-PB-001309-Z001308","20260209-1605-Long-1309","Long","AlmostConfirmed","","17.25","ActualTrade","SL","-4.00","-6.40","10","53.20"
"OPF-20260722-134824","2026-02-09T19:30:00.0000000","2026-02-09T19:55:00.0000000","20260209-1925-BULL-OBS-001349-Z001349-OC","20260209-1930-Long-1350","Long","ObservationConfirm_WideStop1_5R","Fixed2_5R","23.25","ExitPolicyOverride:Fixed2_5R","Stop","-93.00","-95.40","11","-42.20"
"OPF-20260722-135015","2026-02-09T23:55:00.0000000","2026-02-09T23:55:00.0000000","20260209-2350-BEAR-OBS-001114-Z001114-OC","20260209-2355-Short-1115","Short","ObservationConfirm","","5.25","ActualTrade","SL","-32.00","-34.40","1","-34.40"
"OPF-20260722-135015","2026-02-10T00:15:00.0000000","2026-02-10T00:45:00.0000000","20260210-0010-BEAR-OBS-001118-Z001118-OC","20260210-0015-Short-1119","Short","ObservationConfirm","","16.00","ActualTrade","SL","1.00","-1.40","2","-35.80"
"OPF-20260722-135015","2026-02-10T02:40:00.0000000","2026-02-10T02:45:00.0000000","20260210-0240-BEAR-OBS-001148-Z001148","20260210-0240-Short-1148","Short","ZoneBirthResearch","","6.25","ActualTrade","SPLIT_BASE_SL_RUNNER_SL","-23.00","-25.40","3","-61.20"
"OPF-20260722-135015","2026-02-10T02:55:00.0000000","2026-02-10T03:00:00.0000000","20260210-0245-BEAR-OBS-001149-Z001148-OC","20260210-0255-Short-1151","Short","ObservationConfirm_WideStop1_5R","","7.12","ActualTrade","TP","69.00","66.60","4","5.40"
"OPF-20260722-135015","2026-02-10T03:10:00.0000000","2026-02-10T03:25:00.0000000","20260210-0305-BEAR-OBS-001153-Z001153-OC","20260210-0310-Short-1154","Short","ObservationConfirm","","17.25","ActualTrade","SL","-67.50","-69.90","5","-64.50"
"OPF-20260722-135015","2026-02-10T04:15:00.0000000","2026-02-10T04:55:00.0000000","20260210-0410-BULL-OBS-001166-Z001166-OC","20260210-0415-Long-1167","Long","ObservationConfirm_WideStop1_5R","Fixed2_5R","11.25","ExitPolicyOverride:Fixed2_5R","Target","112.50","110.10","6","45.60"
"OPF-20260722-135015","2026-02-10T05:10:00.0000000","2026-02-10T05:20:00.0000000","20260210-0455-BULL-OBS-001175-Z001175-FR-RT","","Short","FailureReverse_RetestFailed_WideStop1_5R","","4.12","ShadowTrade","TargetOrProtectBE:ConservativeProtectBE","0","-2.4","7","43.20"
"OPF-20260722-135015","2026-02-10T05:45:00.0000000","2026-02-10T05:45:00.0000000","20260210-0545-BEAR-OBS-001185-Z001185","20260210-0545-Short-1185","Short","ZoneBirthResearch","","5.75","ActualTrade","SPLIT_BASE_SL_RUNNER_SL","-20.00","-22.40","8","20.80"
"OPF-20260722-135015","2026-02-10T09:25:00.0000000","2026-02-10T09:45:00.0000000","20260210-0920-BULL-OBS-001228-Z001228-OC","20260210-0925-Long-1229","Long","ObservationConfirm_WideStop1_5R","Fixed2_5R","17.25","ExitPolicyOverride:Fixed2_5R","Stop","-69.00","-71.40","9","-50.60"
"OPF-20260722-135015","2026-02-10T09:50:00.0000000","2026-02-10T10:00:00.0000000","20260210-0945-BULL-OBS-001233-Z001226-FR","20260210-0950-Short-1234","Short","FailureReverse_ObservationInvalidated_WideStop1_5R","","18.38","ActualTrade","SL","3.00","0.60","10","-50.00"
"OPF-20260722-135015","2026-02-10T18:20:00.0000000","2026-02-10T20:05:00.0000000","20260210-1820-BEAR-OBS-001336-Z001336","20260210-1820-Short-1336","Short","ZoneBirthResearch","","17.75","ActualTrade","SPLIT_BASE_TP_RUNNER_TP","236.00","233.60","11","183.60"
"OPF-20260722-135203","2026-02-11T01:50:00.0000000","2026-02-11T04:20:00.0000000","20260211-0145-BULL-OBS-001137-Z001137-OC","20260211-0150-Long-1138","Long","ObservationConfirm_WideStop1_5R","Fixed2_5R","18.00","ExitPolicyOverride:Fixed2_5R","TimeStop","13.00","10.60","1","10.60"
"OPF-20260722-135203","2026-02-11T04:25:00.0000000","2026-02-11T06:05:00.0000000","20260211-0420-BEAR-OBS-001168-Z001167-OC","","Short","ObservationConfirm","","19.00","ShadowTrade","ProtectBE","0.00","-2.40","2","8.20"
"OPF-20260722-135203","2026-02-11T07:45:00.0000000","2026-02-11T07:50:00.0000000","20260211-0715-BEAR-OBS-001203-Z001203-FR-RT","20260211-0745-Long-1209","Long","FailureReverse_RetestFailed","","7.25","ActualTrade","SL","-31.00","-33.40","3","-25.20"
"OPF-20260722-135203","2026-02-11T08:20:00.0000000","2026-02-11T08:25:00.0000000","20260211-0815-BEAR-OBS-001215-Z001215-OC","","Short","ObservationConfirm_WideStop1_5R","","21.75","ShadowTrade","Stop","-87.00","-89.40","4","-114.60"
"OPF-20260722-135203","2026-02-11T08:40:00.0000000","2026-02-11T09:20:00.0000000","20260211-0835-BULL-OBS-001219-Z001219-OC","20260211-0840-Long-1220","Long","ObservationConfirm_WideStop1_5R","Fixed2_5R","16.88","ExitPolicyOverride:Fixed2_5R","Stop","-67.52","-69.92","5","-184.52"
"OPF-20260722-135203","2026-02-11T09:40:00.0000000","2026-02-11T09:45:00.0000000","20260211-0940-BEAR-OBS-001232-Z001232","20260211-0940-Short-1232","Short","ZoneBirthResearch","","13.75","ActualTrade","SPLIT_BASE_SL_RUNNER_SL","-58.00","-60.40","6","-244.92"
"OPF-20260722-135203","2026-02-11T10:30:00.0000000","2026-02-11T10:40:00.0000000","20260211-1025-BULL-OBS-001241-Z001241-OC-STR","20260211-1030-Long-1242","Long","ObservationStrict_BullFresh_WideStop1_5R","","11.25","ActualTrade","SL","-47.50","-49.90","7","-294.82"
"OPF-20260722-135203","2026-02-11T12:20:00.0000000","2026-02-11T12:30:00.0000000","20260211-1210-BULL-OBS-001262-Z001262-OC","","Long","ObservationConfirm_WideStop1_5R","Fixed2_5R","22.50","ExitPolicyOverride:Fixed2_5R","Stop","-90.00","-92.40","8","-387.22"
"OPF-20260722-135354","2026-02-12T01:40:00.0000000","2026-02-12T02:15:00.0000000","20260212-0135-BULL-OBS-001135-Z001135-OC","20260212-0140-Long-1136","Long","ObservationConfirm_WideStop1_5R","Fixed2_5R","20.62","ExitPolicyOverride:Fixed2_5R","Stop","-82.48","-84.88","1","-84.88"
"OPF-20260722-135354","2026-02-12T03:45:00.0000000","2026-02-12T06:15:00.0000000","20260212-0340-BULL-OBS-001160-Z001159-OC","20260212-0345-Long-1161","Long","ObservationConfirm_WideStop1_5R","Fixed2_5R","13.12","ExitPolicyOverride:Fixed2_5R","TimeStop","42.00","39.60","2","-45.28"
"OPF-20260722-135354","2026-02-12T06:55:00.0000000","2026-02-12T07:35:00.0000000","20260212-0645-BEAR-OBS-001197-Z001195-FR","20260212-0655-Long-1199","Long","FailureReverse_ObservationInvalidated","","11.50","ActualTrade","TP","148.50","146.10","3","100.82"
"OPF-20260722-135354","2026-02-12T07:55:00.0000000","2026-02-12T08:30:00.0000000","20260212-0745-BULL-OBS-001209-Z001205-OC","20260212-0755-Long-1211","Long","ObservationConfirm_WideStop1_5R","Fixed2_5R","16.12","ExitPolicyOverride:Fixed2_5R","Stop","-64.48","-66.88","4","33.94"
"OPF-20260722-135354","2026-02-12T10:15:00.0000000","2026-02-12T11:05:00.0000000","20260212-1015-BEAR-OBS-001239-Z001239","20260212-1015-Short-1239","Short","ZoneBirthResearch","","14.00","ActualTrade","SPLIT_BASE_SL_RUNNER_SL","-59.00","-61.40","5","-27.46"
"OPF-20260722-135354","2026-02-12T15:45:00.0000000","2026-02-12T15:50:00.0000000","20260212-1545-BEAR-BRK-001305-Z001305","20260212-1545-Short-1305","Short","BreakawayFvg","","28.25","ActualTrade","TP","342.00","339.60","6","312.14"
"OPF-20260722-135354","2026-02-12T21:10:00.0000000","2026-02-12T21:50:00.0000000","20260212-2105-BEAR-OBS-001369-Z001366-FR","20260212-2110-Long-1370","Long","FailureReverse_ObservationInvalidated","","17.75","ActualTrade","SESSION_FLATTEN","105.50","103.10","7","415.24"
"OPF-20260722-135551","2026-02-13T00:15:00.0000000","2026-02-13T00:20:00.0000000","20260213-0010-BULL-OBS-001118-Z001117-FR","20260213-0015-Short-1119","Short","FailureReverse_ObservationInvalidated_WideStop1_5R","","15.38","ActualTrade","TP","201.00","198.60","1","198.60"
"OPF-20260722-135551","2026-02-13T02:40:00.0000000","2026-02-13T03:55:00.0000000","20260213-0235-BULL-OBS-001147-Z001147-FR","20260213-0240-Short-1148","Short","FailureReverse_ObservationInvalidated_WideStop1_5R","","19.50","ActualTrade","TP","240.00","237.60","2","436.20"
"OPF-20260722-135551","2026-02-13T04:00:00.0000000","2026-02-13T04:05:00.0000000","20260213-0355-BEAR-OBS-001163-Z001163-OC","20260213-0400-Short-1164","Short","ObservationConfirm","","16.00","ActualTrade","SL","-64.00","-66.40","3","369.80"
"OPF-20260722-135551","2026-02-13T04:40:00.0000000","2026-02-13T05:35:00.0000000","20260213-0435-BEAR-OBS-001171-Z001171-OC","20260213-0440-Short-1172","Short","ObservationConfirm","","20.00","ActualTrade","TP","252.00","249.60","4","619.40"
"OPF-20260722-135551","2026-02-13T06:05:00.0000000","2026-02-13T06:10:00.0000000","20260213-0600-BEAR-SHD-001188-Z001181","20260213-0605-Short-1189","Short","ShadowCandidate","","10.00","ActualTrade","SL","-2.00","-4.40","5","615.00"
"OPF-20260722-135551","2026-02-13T07:05:00.0000000","2026-02-13T07:10:00.0000000","20260213-0700-BEAR-OBS-001200-Z001180-OC","20260213-0705-Short-1201","Short","ObservationConfirm","","13.50","ActualTrade","SL","-54.50","-56.90","6","558.10"
"OPF-20260722-135551","2026-02-13T09:55:00.0000000","2026-02-13T09:55:00.0000000","20260213-0950-BULL-OBS-001234-Z001228-FR","20260213-0955-Short-1235","Short","FailureReverse_ObservationInvalidated_WideStop1_5R","","14.25","ActualTrade","SL","-63.00","-65.40","7","492.70"
"OPF-20260722-135551","2026-02-13T21:25:00.0000000","2026-02-13T21:25:00.0000000","20260213-2125-BEAR-OBS-001373-Z001373","20260213-2125-Short-1373","Short","ZoneBirthResearch","","6.75","ActualTrade","SPLIT_BASE_SL_RUNNER_SL","-20.00","-22.40","8","470.30"
"OPF-20260722-135805","2026-02-17T06:50:00.0000000","2026-02-17T07:00:00.0000000","20260217-0645-BULL-OBS-001149-Z001149-OC","20260217-0650-Long-1150","Long","ObservationConfirm_WideStop1_5R","Fixed2_5R","19.50","ExitPolicyOverride:Fixed2_5R","Stop","-78.00","-80.40","1","-80.40"
"OPF-20260722-135805","2026-02-17T08:40:00.0000000","2026-02-17T08:50:00.0000000","20260217-0835-BULL-OBS-001171-Z001163-FR","20260217-0840-Short-1172","Short","FailureReverse_ObservationInvalidated_WideStop1_5R","","14.25","ActualTrade","SL","0.50","-1.90","2","-82.30"
"OPF-20260722-135805","2026-02-17T09:40:00.0000000","2026-02-17T10:10:00.0000000","20260217-0935-BULL-OBS-001183-Z001183-OC","20260217-0940-Long-1184","Long","ObservationConfirm_WideStop1_5R","Fixed2_5R","16.88","ExitPolicyOverride:Fixed2_5R","Stop","-67.52","-69.92","3","-152.22"
"OPF-20260722-135805","2026-02-17T10:15:00.0000000","2026-02-17T10:45:00.0000000","20260217-1015-BEAR-OBS-001191-Z001191","20260217-1015-Short-1191","Short","ZoneBirthResearch","","13.75","ActualTrade","SPLIT_BASE_TP_RUNNER_TP","182.00","179.60","4","27.38"
"OPF-20260722-135805","2026-02-17T10:50:00.0000000","2026-02-17T11:20:00.0000000","20260217-1045-BEAR-OBS-001197-Z001197-OC","20260217-1050-Short-1198","Short","ObservationConfirm","","16.50","ActualTrade","SL","0.00","-2.40","5","24.98"
"OPF-20260722-135805","2026-02-17T12:15:00.0000000","2026-02-17T12:15:00.0000000","20260217-1215-BULL-PB-001215-Z001214","20260217-1215-Long-1215","Long","AlmostConfirmed","","8.25","ActualTrade","SL","-36.00","-38.40","6","-13.42"
"OPF-20260722-135805","2026-02-17T12:20:00.0000000","2026-02-17T13:00:00.0000000","20260217-1210-BULL-OBS-001214-Z001214-FR","","Short","FailureReverse_ObservationInvalidated","","17.75","ShadowTrade","TargetOrProtectBE:ConservativeProtectBE","0","-2.4","7","-15.82"
"OPF-20260722-135805","2026-02-17T14:10:00.0000000","2026-02-17T14:25:00.0000000","20260217-1355-BEAR-SHD-001235-Z001191","20260217-1410-Short-1238","Short","ShadowCandidate","","24.50","ActualTrade","SL","-97.50","-99.90","8","-115.72"
"OPF-20260722-135805","2026-02-17T17:15:00.0000000","2026-02-17T17:20:00.0000000","20260217-1715-BEAR-OBS-001275-Z001275","20260217-1715-Short-1275","Short","ZoneBirthResearch","","17.50","ActualTrade","SPLIT_BASE_TP_RUNNER_BE","78.00","75.60","9","-40.12"
"OPF-20260722-135940","2026-02-18T00:45:00.0000000","2026-02-18T01:50:00.0000000","20260218-0045-BEAR-OBS-001077-Z001077","20260218-0045-Short-1077","Short","ZoneBirthResearch","","13.50","ActualTrade","SPLIT_BASE_SL_RUNNER_SL","-55.00","-57.40","1","-57.40"
"OPF-20260722-135940","2026-02-18T02:45:00.0000000","2026-02-18T02:50:00.0000000","20260218-0240-BULL-OBS-001100-Z001100-OC","20260218-0245-Long-1101","Long","ObservationConfirm_WideStop1_5R","Fixed2_5R","5.25","ExitPolicyOverride:Fixed2_5R","Stop","-21.00","-23.40","2","-80.80"
"OPF-20260722-135940","2026-02-18T02:55:00.0000000","2026-02-18T03:00:00.0000000","20260218-0255-BEAR-OBS-001103-Z001103","","Short","ZoneBirthResearch","","6.25","ShadowTrade","Base:Stop|Runner:Stop","-25.00","-27.40","3","-108.20"
"OPF-20260722-135940","2026-02-18T03:20:00.0000000","2026-02-18T03:25:00.0000000","20260218-0315-BEAR-OBS-001107-Z001107-OC","20260218-0320-Short-1108","Short","ObservationConfirm_WideStop1_5R","","17.25","ActualTrade","SL","-74.00","-76.40","4","-184.60"
"OPF-20260722-135940","2026-02-18T04:15:00.0000000","2026-02-18T04:40:00.0000000","20260218-0410-BULL-OBS-001118-Z001118-OC","20260218-0415-Long-1119","Long","ObservationConfirm_WideStop1_5R","Fixed2_5R","11.62","ExitPolicyOverride:Fixed2_5R","Target","116.20","113.80","5","-70.80"
"OPF-20260722-135940","2026-02-18T06:45:00.0000000","2026-02-18T06:55:00.0000000","20260218-0640-BULL-OBS-001148-Z001148-OC","20260218-0645-Long-1149","Long","ObservationConfirm_WideStop1_5R","Fixed2_5R","10.50","ExitPolicyOverride:Fixed2_5R","Stop","-42.00","-44.40","6","-115.20"
"OPF-20260722-135940","2026-02-18T07:05:00.0000000","2026-02-18T07:30:00.0000000","20260218-0700-BEAR-OBS-001152-Z001152-OC","20260218-0705-Short-1153","Short","ObservationConfirm","","18.00","ActualTrade","SL","-76.50","-78.90","7","-194.10"
"OPF-20260722-135940","2026-02-18T09:05:00.0000000","2026-02-18T10:05:00.0000000","20260218-0900-BULL-OBS-001176-Z001176-OC","20260218-0905-Long-1177","Long","ObservationConfirm_WideStop1_5R","Fixed2_5R","24.00","ExitPolicyOverride:Fixed2_5R","TimeStop","66.00","63.60","8","-130.50"
"OPF-20260722-135940","2026-02-18T17:35:00.0000000","2026-02-18T17:45:00.0000000","20260218-1730-BEAR-OBS-001278-Z001278-OC","20260218-1735-Short-1279","Short","ObservationConfirm","","16.25","ActualTrade","SL","-71.00","-73.40","9","-203.90"
"OPF-20260722-135940","2026-02-18T18:25:00.0000000","2026-02-18T18:45:00.0000000","20260218-1825-BEAR-OBS-001289-Z001289","20260218-1825-Short-1289","Short","ZoneBirthResearch","","17.00","ActualTrade","SPLIT_BASE_TP_RUNNER_TP","237.50","235.10","10","31.20"
"OPF-20260722-135940","2026-02-18T21:05:00.0000000","2026-02-18T21:40:00.0000000","20260218-2105-BEAR-OBS-001321-Z001321","20260218-2105-Short-1321","Short","ZoneBirthResearch","","14.75","ActualTrade","SPLIT_BASE_SL_RUNNER_SL","-60.50","-62.90","11","-31.70"
"OPF-20260722-140131","2026-02-18T23:40:00.0000000","2026-02-18T23:40:00.0000000","20260218-2340-BEAR-OBS-001064-Z001064","20260218-2340-Short-1064","Short","ZoneBirthResearch","","4.25","ActualTrade","SPLIT_BASE_SL_RUNNER_SL","-20.00","-22.40","1","-22.40"
"OPF-20260722-140131","2026-02-19T01:45:00.0000000","2026-02-19T01:50:00.0000000","20260219-0140-BEAR-OBS-001088-Z001088-OC","20260219-0145-Short-1089","Short","ObservationConfirm_WideStop1_5R","","15.00","ActualTrade","SL","-64.00","-66.40","2","-88.80"
"OPF-20260722-140131","2026-02-19T02:00:00.0000000","2026-02-19T02:45:00.0000000","20260219-0155-BULL-OBS-001091-Z001091-OC","20260219-0200-Long-1092","Long","ObservationConfirm_WideStop1_5R","Fixed2_5R","10.50","ExitPolicyOverride:Fixed2_5R","Target","105.00","102.60","3","13.80"
"OPF-20260722-140131","2026-02-19T03:45:00.0000000","2026-02-19T03:50:00.0000000","20260219-0340-BEAR-OBS-001112-Z001112-OC","20260219-0345-Short-1113","Short","ObservationConfirm","","16.00","ActualTrade","SL","-67.50","-69.90","4","-56.10"
"OPF-20260722-140131","2026-02-19T04:50:00.0000000","2026-02-19T05:10:00.0000000","20260219-0450-BEAR-OBS-001126-Z001126","20260219-0450-Short-1126","Short","ZoneBirthResearch","","6.50","ActualTrade","SPLIT_BASE_TP_RUNNER_BE","34.50","32.10","5","-24.00"
"OPF-20260722-140131","2026-02-19T05:20:00.0000000","2026-02-19T05:20:00.0000000","20260219-0515-BEAR-OBS-001131-Z001126-OC","20260219-0520-Short-1132","Short","ObservationConfirm","","6.00","ActualTrade","SL","-25.00","-27.40","6","-51.40"
"OPF-20260722-140131","2026-02-19T05:40:00.0000000","2026-02-19T06:30:00.0000000","20260219-0535-BULL-OBS-001135-Z001135-OC","20260219-0540-Long-1136","Long","ObservationConfirm_WideStop1_5R","Fixed2_5R","10.88","ExitPolicyOverride:Fixed2_5R","Target","108.80","106.40","7","55.00"
"OPF-20260722-140131","2026-02-19T07:00:00.0000000","2026-02-19T08:00:00.0000000","20260219-0655-BULL-OBS-001151-Z001151-OC","20260219-0700-Long-1152","Long","ObservationConfirm_WideStop1_5R","Fixed2_5R","15.38","ExitPolicyOverride:Fixed2_5R","TimeStop","33.00","30.60","8","85.60"
"OPF-20260722-140131","2026-02-19T08:55:00.0000000","2026-02-19T08:55:00.0000000","20260219-0850-BULL-OBS-001174-Z001134-FR","20260219-0855-Short-1175","Short","FailureReverse_ObservationInvalidated","","19.00","ActualTrade","SL","-69.00","-71.40","9","14.20"
"OPF-20260722-140131","2026-02-19T09:05:00.0000000","2026-02-19T09:15:00.0000000","20260219-0850-BULL-OBS-001174-Z001134-FR-RT","20260219-0905-Short-1177","Short","FailureReverse_RetestFailed_WideStop1_5R","","11.62","ActualTrade","SL","-2.00","-4.40","10","9.80"
"OPF-20260722-140131","2026-02-19T09:50:00.0000000","2026-02-19T10:05:00.0000000","20260219-0945-BEAR-OBS-001185-Z001185-OC","20260219-0950-Short-1186","Short","ObservationConfirm_WideStop1_5R","","17.25","ActualTrade","TP","195.00","192.60","11","202.40"
"OPF-20260722-140131","2026-02-19T11:10:00.0000000","2026-02-19T11:25:00.0000000","20260219-1110-BEAR-OBS-001202-Z001189","20260219-1110-Short-1202","Short","UnknownRegimeZoneTouch","","15.00","ActualTrade","SL","-59.00","-61.40","12","141.00"
"OPF-20260722-140131","2026-02-19T18:20:00.0000000","2026-02-19T18:20:00.0000000","20260219-1820-BEAR-OBS-001288-Z001288","20260219-1820-Short-1288","Short","ZoneBirthResearch","","12.25","ActualTrade","SPLIT_BASE_SL_RUNNER_SL","-57.00","-59.40","13","81.60"
"OPF-20260722-140131","2026-02-19T19:30:00.0000000","2026-02-19T19:30:00.0000000","20260219-1925-BULL-OBS-001301-Z001294-OC-STR","20260219-1930-Long-1302","Long","ObservationStrict_Other","","23.00","ActualTrade","SL","-91.00","-93.40","14","-11.80"
"OPF-20260722-140131","2026-02-19T21:35:00.0000000","2026-02-19T21:50:00.0000000","20260219-2135-BEAR-OBS-001327-Z001327","20260219-2135-Short-1327","Short","ZoneBirthResearch","","7.50","ActualTrade","SPLIT_BASE_SESSION_FLATTEN_RUNNER_SESSION_FLATTEN","20.00","17.60","15","5.80"
"OPF-20260722-140322","2026-02-20T00:40:00.0000000","2026-02-20T01:40:00.0000000","20260220-0035-BULL-OBS-001075-Z001074-OC-STR","20260220-0040-Long-1076","Long","ObservationStrict_Other","","19.75","ActualTrade","SL","0.00","-2.40","1","-2.40"
"OPF-20260722-140322","2026-02-20T03:00:00.0000000","2026-02-20T03:45:00.0000000","20260220-0255-BULL-OBS-001103-Z001103-OC","20260220-0300-Long-1104","Long","ObservationConfirm_WideStop1_5R","Fixed2_5R","13.88","ExitPolicyOverride:Fixed2_5R","Stop","-55.52","-57.92","2","-60.32"
"OPF-20260722-140322","2026-02-20T04:25:00.0000000","2026-02-20T05:25:00.0000000","20260220-0410-BULL-OBS-001118-Z001118-OC","20260220-0425-Long-1121","Long","ObservationConfirm_WideStop1_5R","Fixed2_5R","10.50","ExitPolicyOverride:Fixed2_5R","TimeStop","93.00","90.60","3","30.28"
"OPF-20260722-140322","2026-02-20T05:35:00.0000000","2026-02-20T06:25:00.0000000","20260220-0535-BULL-BRK-001135-Z001135-Q","20260220-0535-Long-1135","Long","BreakawayFvg_Qualified","","7.00","ActualTrade","SL","-0.50","-2.90","4","27.38"
"OPF-20260722-140322","2026-02-20T06:40:00.0000000","2026-02-20T07:40:00.0000000","20260220-0635-BULL-OBS-001147-Z001135-OC","20260220-0640-Long-1148","Long","ObservationConfirm_WideStop1_5R","Fixed2_5R","15.00","ExitPolicyOverride:Fixed2_5R","TimeStop","4.00","1.60","5","28.98"
"OPF-20260722-140322","2026-02-20T08:55:00.0000000","2026-02-20T09:55:00.0000000","20260220-0850-BULL-OBS-001174-Z001174-OC","20260220-0855-Long-1175","Long","ObservationConfirm_WideStop1_5R","Fixed2_5R","22.50","ExitPolicyOverride:Fixed2_5R","TimeStop","-5.00","-7.40","6","21.58"
"OPF-20260722-140322","2026-02-20T10:30:00.0000000","2026-02-20T10:35:00.0000000","20260220-1025-BEAR-OBS-001193-Z001193-OC","","Short","ObservationConfirm","","16.75","ShadowTrade","Stop","-67.00","-69.40","7","-47.82"
"OPF-20260722-140322","2026-02-20T12:20:00.0000000","2026-02-20T12:30:00.0000000","20260220-1220-BEAR-BRK-001216-Z001216","20260220-1220-Short-1216","Short","BreakawayFvg","","9.75","ActualTrade","SL","-1.00","-3.40","8","-51.22"
"OPF-20260722-140322","2026-02-20T14:10:00.0000000","2026-02-20T14:25:00.0000000","20260220-1410-BEAR-BRK-001238-Z001238","20260220-1410-Short-1238","Short","BreakawayFvg","","23.00","ActualTrade","SL","3.50","1.10","9","-50.12"
"OPF-20260722-140513","2026-02-23T02:15:00.0000000","2026-02-23T02:20:00.0000000","20260223-0215-BEAR-BRK-001143-Z001143","20260223-0215-Short-1143","Short","BreakawayFvg","","14.25","ActualTrade","SL","-58.00","-60.40","1","-60.40"
"OPF-20260722-140513","2026-02-23T03:50:00.0000000","2026-02-23T04:25:00.0000000","20260223-0345-BULL-OBS-001161-Z001161-OC","20260223-0350-Long-1162","Long","ObservationConfirm_WideStop1_5R","Fixed2_5R","14.25","ExitPolicyOverride:Fixed2_5R","Stop","-57.00","-59.40","2","-119.80"
"OPF-20260722-140513","2026-02-23T05:15:00.0000000","2026-02-23T05:25:00.0000000","20260223-0510-BEAR-OBS-001178-Z001178-OC","","Short","ObservationConfirm","","18.25","ShadowTrade","Stop","-73.00","-75.40","3","-195.20"
"OPF-20260722-140513","2026-02-23T05:40:00.0000000","2026-02-23T06:10:00.0000000","20260223-0535-BEAR-OBS-001183-Z001168-OC","","Short","ObservationConfirm_WideStop1_5R","","11.62","ShadowTrade","Stop","-46.48","-48.88","4","-244.08"
"OPF-20260722-140513","2026-02-23T06:20:00.0000000","2026-02-23T06:55:00.0000000","20260223-0615-BULL-OBS-001191-Z001191-OC-STR","20260223-0620-Long-1192","Long","ObservationStrict_BullFresh_WideStop1_5R","","8.25","ActualTrade","TP","96.50","94.10","5","-149.98"
"OPF-20260722-140513","2026-02-23T07:20:00.0000000","2026-02-23T07:25:00.0000000","20260223-0715-BULL-OBS-001203-Z001203-OC","20260223-0720-Long-1204","Long","ObservationConfirm_WideStop1_5R","Fixed2_5R","7.12","ExitPolicyOverride:Fixed2_5R","Stop","-28.48","-30.88","6","-180.86"
"OPF-20260722-140513","2026-02-23T09:20:00.0000000","2026-02-23T10:20:00.0000000","20260223-0915-BULL-OBS-001227-Z001227-OC","20260223-0920-Long-1228","Long","ObservationConfirm_WideStop1_5R","Fixed2_5R","11.62","ExitPolicyOverride:Fixed2_5R","TimeStop","-3.00","-5.40","7","-186.26"
"OPF-20260722-140513","2026-02-23T10:25:00.0000000","2026-02-23T11:50:00.0000000","20260223-1020-BEAR-OBS-001240-Z001240-OC","20260223-1025-Short-1241","Short","ObservationConfirm","","19.75","ActualTrade","TP","231.00","228.60","8","42.34"
"OPF-20260722-140513","2026-02-23T12:15:00.0000000","2026-02-23T13:00:00.0000000","20260223-1215-BEAR-OBS-001263-Z001263","20260223-1215-Short-1263","Short","ZoneBirthResearch","","16.50","ActualTrade","SPLIT_BASE_SL_RUNNER_SL","-66.00","-68.40","9","-26.06"
"OPF-20260722-140513","2026-02-23T19:00:00.0000000","2026-02-23T20:25:00.0000000","20260223-1900-BEAR-BRK-001344-Z001344","20260223-1900-Short-1344","Short","BreakawayFvg","","25.00","ActualTrade","SL","-2.50","-4.90","10","-30.96"
"OPF-20260722-140700","2026-02-24T04:40:00.0000000","2026-02-24T04:45:00.0000000","20260224-0435-BEAR-OBS-001171-Z001171-OC","20260224-0440-Short-1172","Short","ObservationConfirm_WideStop1_5R","","6.75","ActualTrade","SL","-27.00","-29.40","1","-29.40"
"OPF-20260722-140700","2026-02-24T05:10:00.0000000","2026-02-24T05:15:00.0000000","20260224-0505-BULL-OBS-001177-Z001177-OC","20260224-0510-Long-1178","Long","ObservationConfirm_WideStop1_5R","Fixed2_5R","4.12","ExitPolicyOverride:Fixed2_5R","Stop","-16.48","-18.88","2","-48.28"
"OPF-20260722-140700","2026-02-24T05:50:00.0000000","2026-02-24T07:35:00.0000000","20260224-0545-BULL-OBS-001185-Z001143-OC","20260224-0550-Long-1186","Long","ObservationConfirm_WideStop1_5R","Fixed2_5R","16.88","ExitPolicyOverride:Fixed2_5R","TimeStop","41.00","38.60","3","-9.68"
"OPF-20260722-140700","2026-02-24T07:55:00.0000000","2026-02-24T08:10:00.0000000","20260224-0745-BEAR-OBS-001209-Z001209-OC","","Short","ObservationConfirm","","15.75","ShadowTrade","TargetOrProtectBE:ConservativeProtectBE","0","-2.4","4","-12.08"
"OPF-20260722-140700","2026-02-24T08:50:00.0000000","2026-02-24T08:50:00.0000000","20260224-0850-BEAR-OBS-001222-Z001222","20260224-0850-Short-1222","Short","ZoneBirthResearch","","6.50","ActualTrade","SPLIT_BASE_SL_RUNNER_SL","-26.00","-28.40","5","-40.48"
"OPF-20260722-140700","2026-02-24T09:30:00.0000000","2026-02-24T09:40:00.0000000","20260224-0915-BULL-OBS-001227-Z001227-FR","","Short","FailureReverse_ObservationInvalidated","","21.75","ShadowTrade","Stop","-87.00","-89.40","6","-129.88"
"OPF-20260722-140700","2026-02-24T10:05:00.0000000","2026-02-24T10:15:00.0000000","20260224-1000-BULL-OBS-001236-Z001236-OC","20260224-1005-Long-1237","Long","ObservationConfirm_WideStop1_5R","Fixed2_5R","7.12","ExitPolicyOverride:Fixed2_5R","Stop","-28.48","-30.88","7","-160.76"
"OPF-20260722-140700","2026-02-24T10:30:00.0000000","2026-02-24T10:35:00.0000000","20260224-1030-BULL-PB-001242-Z001234","20260224-1030-Long-1242","Long","AlmostConfirmed","","4.25","ActualTrade","SL","-21.00","-23.40","8","-184.16"
"OPF-20260722-140700","2026-02-24T10:40:00.0000000","2026-02-24T11:10:00.0000000","20260224-1030-BULL-OBS-001242-Z001234-OC","","Long","ObservationConfirm_WideStop1_5R","Fixed2_5R","20.62","ExitPolicyOverride:Fixed2_5R","Stop","-82.48","-84.88","9","-269.04"
"OPF-20260722-140700","2026-02-24T11:15:00.0000000","2026-02-24T11:20:00.0000000","20260224-1110-BULL-OBS-001250-Z001233-OC","20260224-1115-Long-1251","Long","ObservationConfirm_WideStop1_5R","Fixed2_5R","7.88","ExitPolicyOverride:Fixed2_5R","Stop","-31.52","-33.92","10","-302.96"
"OPF-20260722-140851","2026-02-25T00:55:00.0000000","2026-02-25T01:15:00.0000000","20260225-0050-BULL-OBS-001126-Z001126-OC","20260225-0055-Long-1127","Long","ObservationConfirm_WideStop1_5R","Fixed2_5R","13.50","ExitPolicyOverride:Fixed2_5R","Target","135.00","132.60","1","132.60"
"OPF-20260722-140851","2026-02-25T02:05:00.0000000","2026-02-25T02:15:00.0000000","20260225-0150-BULL-OBS-001138-Z001138-FR-RT","20260225-0205-Short-1141","Short","FailureReverse_RetestFailed","","9.75","ActualTrade","SL","-1.50","-3.90","2","128.70"
"OPF-20260722-140851","2026-02-25T03:25:00.0000000","2026-02-25T03:30:00.0000000","20260225-0320-BEAR-OBS-001156-Z001156-OC","20260225-0325-Short-1157","Short","ObservationConfirm","","7.50","ActualTrade","TP","87.00","84.60","3","213.30"
"OPF-20260722-140851","2026-02-25T04:20:00.0000000","2026-02-25T04:20:00.0000000","20260225-0415-BEAR-OBS-001167-Z001167-OC","20260225-0420-Short-1168","Short","ObservationConfirm","","7.25","ActualTrade","SL","-38.00","-40.40","4","172.90"
"OPF-20260722-140851","2026-02-25T04:40:00.0000000","2026-02-25T05:20:00.0000000","20260225-0435-BULL-OBS-001171-Z001170-OC","20260225-0440-Long-1172","Long","ObservationConfirm_WideStop1_5R","Fixed2_5R","14.62","ExitPolicyOverride:Fixed2_5R","Stop","-58.48","-60.88","5","112.02"
"OPF-20260722-140851","2026-02-25T06:05:00.0000000","2026-02-25T06:10:00.0000000","20260225-0600-BEAR-OBS-001188-Z001188-OC","20260225-0605-Short-1189","Short","ObservationConfirm","","8.00","ActualTrade","SL","-30.00","-32.40","6","79.62"
"OPF-20260722-140851","2026-02-25T06:45:00.0000000","2026-02-25T06:55:00.0000000","20260225-0645-BEAR-OBS-001197-Z001197","20260225-0645-Short-1197","Short","ZoneBirthResearch","","5.50","ActualTrade","SPLIT_BASE_SL_RUNNER_SL","-26.50","-28.90","7","50.72"
"OPF-20260722-140851","2026-02-25T07:35:00.0000000","2026-02-25T07:45:00.0000000","20260225-0735-BEAR-OBS-001207-Z001207","20260225-0735-Short-1207","Short","ZoneBirthResearch","","7.50","ActualTrade","SPLIT_BASE_SL_RUNNER_SL","-35.00","-37.40","8","13.32"
"OPF-20260722-140851","2026-02-25T08:25:00.0000000","2026-02-25T11:55:00.0000000","20260225-0820-BULL-OBS-001216-Z001216-OC","20260225-0825-Long-1217","Long","ObservationConfirm_WideStop1_5R","Fixed2_5R","20.62","ExitPolicyOverride:Fixed2_5R","Target","206.20","203.80","9","217.12"
"OPF-20260722-140851","2026-02-25T12:25:00.0000000","2026-02-25T13:25:00.0000000","20260225-1220-BULL-OBS-001264-Z001264-OC","20260225-1225-Long-1265","Long","ObservationConfirm_WideStop1_5R","Fixed2_5R","14.25","ExitPolicyOverride:Fixed2_5R","TimeStop","38.00","35.60","10","252.72"
"OPF-20260722-140851","2026-02-25T17:45:00.0000000","2026-02-25T18:10:00.0000000","20260225-1730-BEAR-OBS-001326-Z001326-FR-RT","20260225-1745-Long-1329","Long","FailureReverse_RetestFailed","","9.50","ActualTrade","SL","0.00","-2.40","11","250.32"
"OPF-20260722-140851","2026-02-25T18:20:00.0000000","2026-02-25T18:35:00.0000000","20260225-1820-BEAR-OBS-001336-Z001336","20260225-1820-Short-1336","Short","ZoneBirthResearch","","6.25","ActualTrade","SPLIT_BASE_SL_RUNNER_SL","-24.50","-26.90","12","223.42"
"OPF-20260722-140851","2026-02-25T19:10:00.0000000","2026-02-25T21:05:00.0000000","20260225-1905-BULL-OBS-001345-Z001345-OC","20260225-1910-Long-1346","Long","ObservationConfirm_WideStop1_5R","Fixed2_5R","17.62","ExitPolicyOverride:Fixed2_5R","Target","176.20","173.80","13","397.22"
"OPF-20260722-141042","2026-02-26T00:45:00.0000000","2026-02-26T00:50:00.0000000","20260226-0040-BEAR-OBS-001124-Z001124-OC","20260226-0045-Short-1125","Short","ObservationConfirm","","5.00","ActualTrade","SL","-13.00","-15.40","1","-15.40"
"OPF-20260722-141042","2026-02-26T02:55:00.0000000","2026-02-26T03:55:00.0000000","20260226-0250-BULL-OBS-001150-Z001150-OC","20260226-0255-Long-1151","Long","ObservationConfirm_WideStop1_5R","Fixed2_5R","13.50","ExitPolicyOverride:Fixed2_5R","TimeStop","-25.00","-27.40","2","-42.80"
"OPF-20260722-141042","2026-02-26T04:00:00.0000000","2026-02-26T04:00:00.0000000","20260226-0355-BEAR-OBS-001163-Z001163-OC","20260226-0400-Short-1164","Short","ObservationConfirm","","9.50","ActualTrade","SL","-40.00","-42.40","3","-85.20"
"OPF-20260722-141042","2026-02-26T05:10:00.0000000","2026-02-26T05:10:00.0000000","20260226-0505-BEAR-OBS-001177-Z001177-OC","20260226-0510-Short-1178","Short","ObservationConfirm","","13.75","ActualTrade","SL","-58.00","-60.40","4","-145.60"
"OPF-20260722-141042","2026-02-26T07:50:00.0000000","2026-02-26T08:20:00.0000000","20260226-0745-BULL-OBS-001209-Z001209-OC","20260226-0750-Long-1210","Long","ObservationConfirm_WideStop1_5R","Fixed2_5R","14.25","ExitPolicyOverride:Fixed2_5R","Target","142.50","140.10","5","-5.50"
"OPF-20260722-141042","2026-02-26T08:25:00.0000000","2026-02-26T08:30:00.0000000","20260226-0825-BULL-PB-001217-Z001215","","Long","AlmostConfirmed","","11.75","ShadowTrade","Stop","-47.00","-49.40","6","-54.90"
"OPF-20260722-141042","2026-02-26T08:50:00.0000000","2026-02-26T08:55:00.0000000","20260226-0845-BULL-OBS-001221-Z001209-OC","20260226-0850-Long-1222","Long","ObservationConfirm_WideStop1_5R","Fixed2_5R","4.12","ExitPolicyOverride:Fixed2_5R","Target","41.20","38.80","7","-16.10"
"OPF-20260722-141042","2026-02-26T10:55:00.0000000","2026-02-26T11:05:00.0000000","20260226-1055-BEAR-OBS-001247-Z001247","20260226-1055-Short-1247","Short","ZoneBirthResearch","","5.25","ActualTrade","SPLIT_BASE_TP_RUNNER_BE","22.50","20.10","8","4.00"
"OPF-20260722-141241","2026-02-27T00:55:00.0000000","2026-02-27T01:15:00.0000000","20260227-0050-BULL-OBS-001126-Z001126-OC","20260227-0055-Long-1127","Long","ObservationConfirm_WideStop1_5R","Fixed2_5R","11.25","ExitPolicyOverride:Fixed2_5R","Target","112.50","110.10","1","110.10"
"OPF-20260722-141241","2026-02-27T03:05:00.0000000","2026-02-27T03:20:00.0000000","20260227-0300-BULL-OBS-001152-Z001152-OC","20260227-0305-Long-1153","Long","ObservationConfirm_WideStop1_5R","Fixed2_5R","11.62","ExitPolicyOverride:Fixed2_5R","Stop","-46.48","-48.88","2","61.22"
"OPF-20260722-141241","2026-02-27T04:55:00.0000000","2026-02-27T04:55:00.0000000","20260227-0455-BEAR-OBS-001175-Z001175","20260227-0455-Short-1175","Short","ZoneBirthResearch","","3.00","ActualTrade","SPLIT_BASE_SL_RUNNER_SL","-19.00","-21.40","3","39.82"
"OPF-20260722-141241","2026-02-27T05:20:00.0000000","2026-02-27T05:55:00.0000000","20260227-0515-BULL-OBS-001179-Z001179-OC","20260227-0520-Long-1180","Long","ObservationConfirm_WideStop1_5R","Fixed2_5R","7.50","ExitPolicyOverride:Fixed2_5R","Stop","-30.00","-32.40","4","7.42"
"OPF-20260722-141241","2026-02-27T06:25:00.0000000","2026-02-27T06:25:00.0000000","20260227-0620-BEAR-OBS-001192-Z001192-OC","20260227-0625-Short-1193","Short","ObservationConfirm","","5.75","ActualTrade","SL","-26.00","-28.40","5","-20.98"
"OPF-20260722-141241","2026-02-27T07:30:00.0000000","2026-02-27T08:10:00.0000000","20260227-0725-BULL-OBS-001205-Z001205-OC","20260227-0730-Long-1206","Long","ObservationConfirm_WideStop1_5R","Fixed2_5R","13.88","ExitPolicyOverride:Fixed2_5R","Stop","-55.52","-57.92","6","-78.90"
"OPF-20260722-141241","2026-02-27T10:55:00.0000000","2026-02-27T11:35:00.0000000","20260227-1050-BEAR-OBS-001246-Z001246-OC","20260227-1055-Short-1247","Short","ObservationConfirm","","19.50","ActualTrade","TP","237.00","234.60","7","155.70"
"OPF-20260722-141241","2026-02-27T12:45:00.0000000","2026-02-27T13:30:00.0000000","20260227-1245-BEAR-BRK-001269-Z001269","20260227-1245-Short-1269","Short","BreakawayFvg","","29.25","ActualTrade","TP","355.50","353.10","8","508.80"
"OPF-20260722-141241","2026-02-27T17:15:00.0000000","2026-02-27T17:15:00.0000000","20260227-1710-BULL-OBS-001322-Z001319-FR","20260227-1715-Short-1323","Short","FailureReverse_ObservationInvalidated","","23.75","ActualTrade","SL","-1.00","-3.40","9","505.40"
"OPF-20260722-141241","2026-02-27T19:45:00.0000000","2026-02-27T19:50:00.0000000","20260227-1945-BEAR-OBS-001353-Z001353","20260227-1945-Short-1353","Short","ZoneBirthResearch","","15.00","ActualTrade","SPLIT_BASE_SL_RUNNER_SL","-64.00","-66.40","10","439.00"
"OPF-20260722-141431","2026-03-02T00:25:00.0000000","2026-03-02T00:35:00.0000000","20260302-0020-BEAR-OBS-001120-Z001120-OC","20260302-0025-Short-1121","Short","ObservationConfirm","","19.00","ActualTrade","SL","-78.50","-80.90","1","-80.90"
"OPF-20260722-141431","2026-03-02T01:45:00.0000000","2026-03-02T01:55:00.0000000","20260302-0145-BEAR-OBS-001137-Z001137","20260302-0145-Short-1137","Short","ZoneBirthResearch","","16.50","ActualTrade","SPLIT_BASE_SL_RUNNER_SL","-64.00","-66.40","2","-147.30"
"OPF-20260722-141431","2026-03-02T02:10:00.0000000","2026-03-02T04:15:00.0000000","20260302-0210-BEAR-OBS-001142-Z001142","20260302-0210-Short-1142","Short","ZoneBirthResearch","","17.25","ActualTrade","SPLIT_BASE_TP_RUNNER_TP","240.50","238.10","3","90.80"
"OPF-20260722-141431","2026-03-02T04:45:00.0000000","2026-03-02T05:15:00.0000000","20260302-0440-BULL-OBS-001172-Z001170-FR","20260302-0445-Short-1173","Short","FailureReverse_ObservationInvalidated_WideStop1_5R","","16.12","ActualTrade","TP","204.00","201.60","4","292.40"
"OPF-20260722-141431","2026-03-02T05:25:00.0000000","2026-03-02T05:30:00.0000000","20260302-0525-BEAR-OBS-001181-Z001181","20260302-0525-Short-1181","Short","ZoneBirthResearch","","13.50","ActualTrade","SPLIT_BASE_SL_RUNNER_SL","-53.00","-55.40","5","237.00"
"OPF-20260722-141431","2026-03-02T14:10:00.0000000","2026-03-02T14:15:00.0000000","20260302-1405-BEAR-OBS-001285-Z001284-OC","20260302-1410-Short-1286","Short","ObservationConfirm","","12.50","ActualTrade","SL","0.00","-2.40","6","234.60"
"OPF-20260722-141431","2026-03-02T18:10:00.0000000","2026-03-02T18:25:00.0000000","20260302-1810-BEAR-OBS-001334-Z001334","20260302-1810-Short-1334","Short","ZoneBirthResearch","","6.75","ActualTrade","SPLIT_BASE_TP_RUNNER_TP","100.50","98.10","7","332.70"
"OPF-20260722-141431","2026-03-02T21:10:00.0000000","2026-03-02T21:30:00.0000000","20260302-2110-BEAR-OBS-001370-Z001370","20260302-2110-Short-1370","Short","ZoneBirthResearch","","7.50","ActualTrade","SPLIT_BASE_SL_RUNNER_SL","-30.00","-32.40","8","300.30"
"OPF-20260722-141622","2026-03-03T01:15:00.0000000","2026-03-03T01:25:00.0000000","20260303-0110-BULL-OBS-001130-Z001130-OC","20260303-0115-Long-1131","Long","ObservationConfirm_WideStop1_5R","Fixed2_5R","16.88","ExitPolicyOverride:Fixed2_5R","Stop","-67.52","-69.92","1","-69.92"
"OPF-20260722-141622","2026-03-03T02:30:00.0000000","2026-03-03T02:40:00.0000000","20260303-0220-BEAR-OBS-001144-Z001144-FR","","Long","FailureReverse_ObservationInvalidated_WideStop1_5R","","12.00","ShadowTrade","TargetOrProtectBE:ConservativeProtectBE","0","-2.4","2","-72.32"
"OPF-20260722-141622","2026-03-03T06:35:00.0000000","2026-03-03T06:40:00.0000000","20260303-0630-BULL-OBS-001194-Z001194-OC","20260303-0635-Long-1195","Long","ObservationConfirm_WideStop1_5R","Fixed2_5R","16.50","ExitPolicyOverride:Fixed2_5R","Stop","-66.00","-68.40","3","-140.72"
"OPF-20260722-141622","2026-03-03T08:45:00.0000000","2026-03-03T08:55:00.0000000","20260303-0845-BEAR-BRK-001221-Z001221","20260303-0845-Short-1221","Short","BreakawayFvg","","15.75","ActualTrade","SL","-2.50","-4.90","4","-145.62"
"OPF-20260722-141622","2026-03-03T09:50:00.0000000","2026-03-03T10:00:00.0000000","20260303-0950-BEAR-BRK-001234-Z001234","20260303-0950-Short-1234","Short","BreakawayFvg","","28.50","ActualTrade","SL","-0.50","-2.90","5","-148.52"
"OPF-20260722-141622","2026-03-03T13:35:00.0000000","2026-03-03T13:35:00.0000000","20260303-1335-BEAR-OBS-001279-Z001279","20260303-1335-Short-1279","Short","ZoneBirthResearch","","17.25","ActualTrade","SPLIT_BASE_SL_RUNNER_SL","-63.50","-65.90","6","-214.42"
"OPF-20260722-141813","2026-03-04T02:05:00.0000000","2026-03-04T02:05:00.0000000","20260304-0205-BEAR-BRK-001141-Z001141","20260304-0205-Short-1141","Short","BreakawayFvg","","22.00","ActualTrade","SL","-91.50","-93.90","1","-93.90"
"OPF-20260722-141813","2026-03-04T08:25:00.0000000","2026-03-04T08:25:00.0000000","20260304-0825-BEAR-OBS-001217-Z001217","20260304-0825-Short-1217","Short","ZoneBirthResearch","","13.75","ActualTrade","SPLIT_BASE_SL_RUNNER_SL","-52.00","-54.40","2","-148.30"
"OPF-20260722-141813","2026-03-04T12:30:00.0000000","2026-03-04T12:30:00.0000000","20260304-1230-BEAR-OBS-001266-Z001266","20260304-1230-Short-1266","Short","ZoneBirthResearch","","13.00","ActualTrade","SPLIT_BASE_SL_RUNNER_SL","-61.00","-63.40","3","-211.70"
"OPF-20260722-141813","2026-03-04T14:00:00.0000000","2026-03-04T14:00:00.0000000","20260304-1345-BULL-OBS-001281-Z001281-FR-RT","20260304-1400-Short-1284","Short","FailureReverse_RetestFailed","","11.00","ActualTrade","SL","-46.50","-48.90","4","-260.60"
"OPF-20260722-142046","2026-03-05T02:30:00.0000000","2026-03-05T02:30:00.0000000","20260305-0225-BEAR-OBS-001145-Z001145-OC","20260305-0230-Short-1146","Short","ObservationConfirm","","17.50","ActualTrade","SL","-71.50","-73.90","1","-73.90"
"OPF-20260722-142046","2026-03-05T05:25:00.0000000","2026-03-05T05:55:00.0000000","20260305-0520-BEAR-OBS-001180-Z001180-OC","20260305-0525-Short-1181","Short","ObservationConfirm_WideStop1_5R","","14.62","ActualTrade","TP","178.50","176.10","2","102.20"
"OPF-20260722-142046","2026-03-05T06:25:00.0000000","2026-03-05T06:30:00.0000000","20260305-0620-BULL-OBS-001192-Z001192-OC","20260305-0625-Long-1193","Long","ObservationConfirm_WideStop1_5R","Fixed2_5R","15.75","ExitPolicyOverride:Fixed2_5R","Stop","-63.00","-65.40","3","36.80"
"OPF-20260722-142046","2026-03-05T07:40:00.0000000","2026-03-05T07:50:00.0000000","20260305-0735-BEAR-OBS-001207-Z001207-OC","20260305-0740-Short-1208","Short","ObservationConfirm","","14.25","ActualTrade","SL","-0.50","-2.90","4","33.90"
"OPF-20260722-142046","2026-03-05T10:40:00.0000000","2026-03-05T10:45:00.0000000","20260305-1040-BEAR-OBS-001244-Z001244","20260305-1040-Short-1244","Short","ZoneBirthResearch","","14.00","ActualTrade","SPLIT_BASE_SL_RUNNER_SL","-61.00","-63.40","5","-29.50"
"OPF-20260722-142237","2026-03-06T02:35:00.0000000","2026-03-06T03:40:00.0000000","20260306-0235-BEAR-OBS-001147-Z001147","20260306-0235-Short-1147","Short","ZoneBirthResearch","","13.50","ActualTrade","SPLIT_BASE_SL_RUNNER_SL","-54.50","-56.90","1","-56.90"
"OPF-20260722-142237","2026-03-06T04:05:00.0000000","2026-03-06T04:20:00.0000000","20260306-0400-BULL-OBS-001164-Z001164-OC","20260306-0405-Long-1165","Long","ObservationConfirm_WideStop1_5R","Fixed2_5R","11.62","ExitPolicyOverride:Fixed2_5R","Stop","-46.48","-48.88","2","-105.78"
"OPF-20260722-142237","2026-03-06T05:00:00.0000000","2026-03-06T05:00:00.0000000","20260306-0500-BEAR-OBS-001176-Z001176","20260306-0500-Short-1176","Short","ZoneBirthResearch","","8.00","ActualTrade","SPLIT_BASE_SL_RUNNER_SL","-32.00","-34.40","3","-140.18"
"OPF-20260722-142237","2026-03-06T05:05:00.0000000","2026-03-06T05:20:00.0000000","20260306-0500-BEAR-OBS-001176-Z001176-FR","","Long","FailureReverse_ObservationInvalidated_WideStop1_5R","","11.62","ShadowTrade","Stop","-46.48","-48.88","4","-189.06"
"OPF-20260722-142237","2026-03-06T05:55:00.0000000","2026-03-06T05:55:00.0000000","20260306-0550-BEAR-OBS-001186-Z001186-OC","20260306-0555-Short-1187","Short","ObservationConfirm_WideStop1_5R","","9.38","ActualTrade","SL","-34.00","-36.40","5","-225.46"
"OPF-20260722-142237","2026-03-06T06:25:00.0000000","2026-03-06T07:15:00.0000000","20260306-0615-BEAR-OBS-001191-Z001191-OC","","Short","ObservationConfirm_WideStop1_5R","","19.50","ShadowTrade","ProtectBE","0.00","-2.40","6","-227.86"
"OPF-20260722-142237","2026-03-06T07:50:00.0000000","2026-03-06T07:50:00.0000000","20260306-0750-BEAR-OBS-001210-Z001210","20260306-0750-Short-1210","Short","ZoneBirthResearch","","6.25","ActualTrade","SPLIT_BASE_SL_RUNNER_SL","-30.00","-32.40","7","-260.26"
"OPF-20260722-142237","2026-03-06T08:05:00.0000000","2026-03-06T08:40:00.0000000","20260306-0805-BEAR-BRK-001213-Z001213","20260306-0805-Short-1213","Short","BreakawayFvg","","27.00","ActualTrade","SL","-0.50","-2.90","8","-263.16"
"OPF-20260722-142237","2026-03-06T09:10:00.0000000","2026-03-06T09:20:00.0000000","20260306-0910-BEAR-BRK-001226-Z001226","20260306-0910-Short-1226","Short","BreakawayFvg","","18.25","ActualTrade","TP","219.00","216.60","9","-46.56"
"OPF-20260722-142237","2026-03-06T09:40:00.0000000","2026-03-06T09:50:00.0000000","20260306-0940-BEAR-BRK-001232-Z001232","20260306-0940-Short-1232","Short","BreakawayFvg","","11.75","ActualTrade","SL","0.00","-2.40","10","-48.96"
"OPF-20260722-142237","2026-03-06T11:15:00.0000000","2026-03-06T11:15:00.0000000","20260306-1055-BULL-OBS-001247-Z001247-FR-RT","20260306-1115-Short-1251","Short","FailureReverse_RetestFailed_WideStop1_5R","","18.75","ActualTrade","SL","-78.00","-80.40","11","-129.36"
"OPF-20260722-142428","2026-03-08T23:55:00.0000000","2026-03-09T00:00:00.0000000","20260308-2350-BEAR-OBS-001126-Z001126-OC","20260308-2355-Short-1127","Short","ObservationConfirm","","19.50","ActualTrade","SL","-2.00","-4.40","1","-4.40"
"OPF-20260722-142428","2026-03-09T01:20:00.0000000","2026-03-09T01:20:00.0000000","20260309-0115-BEAR-OBS-001143-Z001142-OC","20260309-0120-Short-1144","Short","ObservationConfirm","","8.75","ActualTrade","SL","-39.00","-41.40","2","-45.80"
"OPF-20260722-142428","2026-03-09T04:40:00.0000000","2026-03-09T05:00:00.0000000","20260309-0440-BEAR-OBS-001184-Z001184","20260309-0440-Short-1184","Short","ZoneBirthResearch","","8.00","ActualTrade","SPLIT_BASE_TP_RUNNER_BE","43.00","40.60","3","-5.20"
"OPF-20260722-142428","2026-03-09T16:55:00.0000000","2026-03-09T16:55:00.0000000","20260309-1655-BULL-PB-001331-Z001328","20260309-1655-Long-1331","Long","AlmostConfirmed","","9.75","ActualTrade","SL","-38.50","-40.90","4","-46.10"
"OPF-20260722-142624","2026-03-09T23:50:00.0000000","2026-03-09T23:55:00.0000000","20260309-2345-BEAR-OBS-001125-Z001125-OC","20260309-2350-Short-1126","Short","ObservationConfirm","","18.50","ActualTrade","SL","-76.00","-78.40","1","-78.40"
"OPF-20260722-142624","2026-03-10T02:20:00.0000000","2026-03-10T02:40:00.0000000","20260310-0155-BULL-OBS-001151-Z001151-FR-RT","20260310-0220-Short-1156","Short","FailureReverse_RetestFailed","","11.00","ActualTrade","TP","140.00","137.60","2","59.20"
"OPF-20260722-142624","2026-03-10T03:45:00.0000000","2026-03-10T03:45:00.0000000","20260310-0345-BEAR-OBS-001173-Z001173","20260310-0345-Short-1173","Short","ZoneBirthResearch","","17.00","ActualTrade","SPLIT_BASE_SL_RUNNER_SL","-62.00","-64.40","3","-5.20"
"OPF-20260722-142624","2026-03-10T04:45:00.0000000","2026-03-10T04:50:00.0000000","20260310-0440-BULL-OBS-001184-Z001184-OC","20260310-0445-Long-1185","Long","ObservationConfirm_WideStop1_5R","Fixed2_5R","11.25","ExitPolicyOverride:Fixed2_5R","Stop","-45.00","-47.40","4","-52.60"
"OPF-20260722-142624","2026-03-10T09:25:00.0000000","2026-03-10T09:30:00.0000000","20260310-0910-BULL-OBS-001238-Z001238-FR-RT","","Short","FailureReverse_RetestFailed","","6.50","ShadowTrade","Stop","-26.00","-28.40","5","-81.00"
"OPF-20260722-142624","2026-03-10T10:45:00.0000000","2026-03-10T10:45:00.0000000","20260310-1040-BEAR-OBS-001256-Z001256-OC","20260310-1045-Short-1257","Short","ObservationConfirm","","16.00","ActualTrade","SL","-62.50","-64.90","6","-145.90"
"OPF-20260722-142624","2026-03-10T19:35:00.0000000","2026-03-10T19:35:00.0000000","20260310-1930-BEAR-OBS-001362-Z001362-OC","20260310-1935-Short-1363","Short","ObservationConfirm_WideStop1_5R","","15.75","ActualTrade","SL","1.00","-1.40","7","-147.30"
"OPF-20260722-142810","2026-03-10T22:45:00.0000000","2026-03-10T22:45:00.0000000","20260310-2240-BEAR-OBS-001112-Z001112-OC","20260310-2245-Short-1113","Short","ObservationConfirm","","7.00","ActualTrade","SL","-27.00","-29.40","1","-29.40"
"OPF-20260722-142810","2026-03-11T02:25:00.0000000","2026-03-11T02:30:00.0000000","20260311-0220-BULL-OBS-001156-Z001156-OC","20260311-0225-Long-1157","Long","ObservationConfirm_WideStop1_5R","Fixed2_5R","6.38","ExitPolicyOverride:Fixed2_5R","Stop","-25.52","-27.92","2","-57.32"
"OPF-20260722-142810","2026-03-11T03:45:00.0000000","2026-03-11T04:35:00.0000000","20260311-0340-BULL-OBS-001172-Z001172-OC","20260311-0345-Long-1173","Long","ObservationConfirm_WideStop1_5R","Fixed2_5R","15.00","ExitPolicyOverride:Fixed2_5R","Stop","-60.00","-62.40","3","-119.72"
"OPF-20260722-142810","2026-03-11T04:45:00.0000000","2026-03-11T04:50:00.0000000","20260311-0430-BULL-OBS-001182-Z001172-FR-RT","20260311-0445-Short-1185","Short","FailureReverse_RetestFailed","","4.75","ActualTrade","TP","57.00","54.60","4","-65.12"
"OPF-20260722-142810","2026-03-11T05:45:00.0000000","2026-03-11T06:05:00.0000000","20260311-0545-BEAR-BRK-001197-Z001197","20260311-0545-Short-1197","Short","BreakawayFvg","","9.00","ActualTrade","SL","0.00","-2.40","5","-67.52"
"OPF-20260722-142810","2026-03-11T09:35:00.0000000","2026-03-11T09:40:00.0000000","20260311-0930-BEAR-OBS-001242-Z001242-OC","20260311-0935-Short-1243","Short","ObservationConfirm","","15.00","ActualTrade","SL","0.50","-1.90","6","-69.42"
"OPF-20260722-142810","2026-03-11T11:55:00.0000000","2026-03-11T12:25:00.0000000","20260311-1150-BULL-OBS-001270-Z001249-OC-STR","20260311-1155-Long-1271","Long","ObservationStrict_Other","","23.00","ActualTrade","SL","0.00","-2.40","7","-71.82"
"OPF-20260722-142810","2026-03-11T15:45:00.0000000","2026-03-11T15:45:00.0000000","20260311-1545-BEAR-BRK-001317-Z001317","20260311-1545-Short-1317","Short","BreakawayFvg","","22.00","ActualTrade","SL","-85.50","-87.90","8","-159.72"
"OPF-20260722-142810","2026-03-11T20:10:00.0000000","2026-03-11T20:50:00.0000000","20260311-2005-BEAR-OBS-001369-Z001369-OC","20260311-2010-Short-1370","Short","ObservationConfirm","","17.00","ActualTrade","SESSION_FLATTEN","61.50","59.10","9","-100.62"
"OPF-20260722-143001","2026-03-11T22:50:00.0000000","2026-03-11T22:55:00.0000000","20260311-2245-BEAR-OBS-001113-Z001112-OC","20260311-2250-Short-1114","Short","ObservationConfirm","","15.50","ActualTrade","SL","-2.50","-4.90","1","-4.90"
"OPF-20260722-143001","2026-03-12T00:05:00.0000000","2026-03-12T00:05:00.0000000","20260312-0000-BULL-OBS-001128-Z001127-FR","20260312-0005-Short-1129","Short","FailureReverse_ObservationInvalidated","","16.25","ActualTrade","SL","-61.00","-63.40","2","-68.30"
"OPF-20260722-143001","2026-03-12T02:25:00.0000000","2026-03-12T03:00:00.0000000","20260312-0225-BEAR-OBS-001157-Z001157","20260312-0225-Short-1157","Short","ZoneBirthResearch","","17.25","ActualTrade","SPLIT_BASE_TP_RUNNER_BE","88.00","85.60","3","17.30"
"OPF-20260722-143001","2026-03-12T04:35:00.0000000","2026-03-12T04:55:00.0000000","20260312-0435-BEAR-OBS-001183-Z001183","20260312-0435-Short-1183","Short","ZoneBirthResearch","","15.75","ActualTrade","SPLIT_BASE_SL_RUNNER_SL","-67.00","-69.40","4","-52.10"
"OPF-20260722-143001","2026-03-12T06:35:00.0000000","2026-03-12T07:15:00.0000000","20260312-0630-BULL-OBS-001206-Z001206-OC","20260312-0635-Long-1207","Long","ObservationConfirm_WideStop1_5R","Fixed2_5R","15.75","ExitPolicyOverride:Fixed2_5R","Target","157.50","155.10","5","103.00"
"OPF-20260722-143001","2026-03-12T10:15:00.0000000","2026-03-12T10:25:00.0000000","20260312-1010-BEAR-OBS-001250-Z001250-OC","20260312-1015-Short-1251","Short","ObservationConfirm_WideStop1_5R","","14.62","ActualTrade","SL","-8.50","-10.90","6","92.10"
"OPF-20260722-143001","2026-03-12T10:55:00.0000000","2026-03-12T10:55:00.0000000","20260312-1050-BULL-OBS-001258-Z001244-OC-STR","20260312-1055-Long-1259","Long","ObservationStrict_Other","","15.75","ActualTrade","SL","-65.50","-67.90","7","24.20"
"OPF-20260722-143001","2026-03-12T11:05:00.0000000","2026-03-12T11:15:00.0000000","20260312-1105-BEAR-OBS-001261-Z001261","20260312-1105-Short-1261","Short","ZoneBirthResearch","","14.75","ActualTrade","SPLIT_BASE_SL_RUNNER_SL","-61.00","-63.40","8","-39.20"
"OPF-20260722-143152","2026-03-12T23:25:00.0000000","2026-03-12T23:50:00.0000000","20260312-2320-BEAR-OBS-001120-Z001120-OC","20260312-2325-Short-1121","Short","ObservationConfirm_WideStop1_5R","","14.62","ActualTrade","TP","174.00","171.60","1","171.60"
"OPF-20260722-143152","2026-03-13T01:55:00.0000000","2026-03-13T02:40:00.0000000","20260313-0145-BULL-OBS-001149-Z001140-OC","20260313-0155-Long-1151","Long","ObservationConfirm_WideStop1_5R","Fixed2_5R","19.12","ExitPolicyOverride:Fixed2_5R","Stop","-76.48","-78.88","2","92.72"
"OPF-20260722-143152","2026-03-13T04:15:00.0000000","2026-03-13T04:15:00.0000000","20260313-0415-BEAR-OBS-001179-Z001179","20260313-0415-Short-1179","Short","ZoneBirthResearch","","6.25","ActualTrade","SPLIT_BASE_TP_RUNNER_TP","81.00","78.60","3","171.32"
"OPF-20260722-143152","2026-03-13T05:35:00.0000000","2026-03-13T05:50:00.0000000","20260313-0530-BEAR-OBS-001194-Z001181-OC","20260313-0535-Short-1195","Short","ObservationConfirm","","15.75","ActualTrade","SL","5.00","2.60","4","173.92"
"OPF-20260722-143152","2026-03-13T07:15:00.0000000","2026-03-13T07:20:00.0000000","20260313-0710-BEAR-OBS-001214-Z001214-OC","20260313-0715-Short-1215","Short","ObservationConfirm","","19.00","ActualTrade","SL","-4.00","-6.40","5","167.52"
"OPF-20260722-143152","2026-03-13T09:20:00.0000000","2026-03-13T09:25:00.0000000","20260313-0850-BEAR-OBS-001234-Z001210-FR-RT","20260313-0920-Long-1240","Long","FailureReverse_RetestFailed","","10.50","ActualTrade","SL","0.00","-2.40","6","165.12"
"OPF-20260722-143152","2026-03-13T10:25:00.0000000","2026-03-13T10:40:00.0000000","20260313-1020-BULL-OBS-001252-Z001252-FR","20260313-1025-Short-1253","Short","FailureReverse_ObservationInvalidated_WideStop1_5R","","18.75","ActualTrade","SL","-71.50","-73.90","7","91.22"
"OPF-20260722-143152","2026-03-13T12:40:00.0000000","2026-03-13T12:45:00.0000000","20260313-1235-BULL-OBS-001279-Z001278-OC","20260313-1240-Long-1280","Long","ObservationConfirm_WideStop1_5R","Fixed2_5R","22.50","ExitPolicyOverride:Fixed2_5R","Target","225.00","222.60","8","313.82"
"OPF-20260722-143152","2026-03-13T20:20:00.0000000","2026-03-13T20:20:00.0000000","20260313-1940-BEAR-OBS-001364-Z001364-FR-RT","20260313-2020-Long-1372","Long","FailureReverse_RetestFailed","","5.75","ActualTrade","SL","-26.00","-28.40","9","285.42"
"OPF-20260722-143342","2026-03-16T01:10:00.0000000","2026-03-16T01:10:00.0000000","20260316-0105-BEAR-OBS-001141-Z001141-OC","20260316-0110-Short-1142","Short","ObservationConfirm","","7.50","ActualTrade","SL","-21.50","-23.90","1","-23.90"
"OPF-20260722-143342","2026-03-16T03:35:00.0000000","2026-03-16T04:15:00.0000000","20260316-0330-BULL-OBS-001170-Z001170-OC","20260316-0335-Long-1171","Long","ObservationConfirm_WideStop1_5R","Fixed2_5R","13.12","ExitPolicyOverride:Fixed2_5R","Target","131.20","128.80","2","104.90"
"OPF-20260722-143342","2026-03-16T04:40:00.0000000","2026-03-16T05:35:00.0000000","20260316-0435-BEAR-OBS-001183-Z001183-OC","","Short","ObservationConfirm","","15.25","ShadowTrade","Stop","-61.00","-63.40","3","41.50"
"OPF-20260722-143342","2026-03-16T06:25:00.0000000","2026-03-16T06:35:00.0000000","20260316-0620-BEAR-OBS-001204-Z001204-OC","20260316-0625-Short-1205","Short","ObservationConfirm","","11.50","ActualTrade","SL","-49.50","-51.90","4","-10.40"
"OPF-20260722-143342","2026-03-16T08:10:00.0000000","2026-03-16T08:15:00.0000000","20260316-0805-BULL-OBS-001225-Z001225-OC","20260316-0810-Long-1226","Long","ObservationConfirm_WideStop1_5R","Fixed2_5R","16.88","ExitPolicyOverride:Fixed2_5R","Stop","-67.52","-69.92","5","-80.32"
"OPF-20260722-143342","2026-03-16T09:35:00.0000000","2026-03-16T09:40:00.0000000","20260316-0930-BEAR-OBS-001242-Z001242-OC","20260316-0935-Short-1243","Short","ObservationConfirm","","19.25","ActualTrade","SL","-71.00","-73.40","6","-153.72"
"OPF-20260722-143342","2026-03-16T09:50:00.0000000","2026-03-16T09:55:00.0000000","20260316-0945-BEAR-OBS-001245-Z001242-OC","20260316-0950-Short-1246","Short","ObservationConfirm","","20.00","ActualTrade","SL","-88.00","-90.40","7","-244.12"
"OPF-20260722-143342","2026-03-16T11:05:00.0000000","2026-03-16T11:15:00.0000000","20260316-1100-BULL-OBS-001260-Z001259-FR","","Short","FailureReverse_ObservationInvalidated_WideStop1_5R","","14.25","ShadowTrade","Stop","-57.00","-59.40","8","-303.52"
"OPF-20260722-143532","2026-03-17T01:10:00.0000000","2026-03-17T01:40:00.0000000","20260317-0105-BULL-OBS-001141-Z001141-OC","20260317-0110-Long-1142","Long","ObservationConfirm_WideStop1_5R","Fixed2_5R","17.25","ExitPolicyOverride:Fixed2_5R","Stop","-69.00","-71.40","1","-71.40"
"OPF-20260722-143532","2026-03-17T02:15:00.0000000","2026-03-17T04:25:00.0000000","20260317-0210-BEAR-OBS-001154-Z001154-OC","20260317-0215-Short-1155","Short","ObservationConfirm_WideStop1_5R","","15.00","ActualTrade","SL","8.00","5.60","2","-65.80"
"OPF-20260722-143532","2026-03-17T05:35:00.0000000","2026-03-17T05:50:00.0000000","20260317-0535-BEAR-OBS-001195-Z001195","20260317-0535-Short-1195","Short","ZoneBirthResearch","","15.25","ActualTrade","SPLIT_BASE_TP_RUNNER_TP","191.50","189.10","3","123.30"
"OPF-20260722-143532","2026-03-17T06:10:00.0000000","2026-03-17T06:10:00.0000000","20260317-0605-BEAR-OBS-001201-Z001201-OC","20260317-0610-Short-1202","Short","ObservationConfirm","","10.50","ActualTrade","SL","-42.50","-44.90","4","78.40"
"OPF-20260722-143532","2026-03-17T06:30:00.0000000","2026-03-17T06:30:00.0000000","20260317-0620-BEAR-SHD-001204-Z001200","20260317-0630-Short-1206","Short","ShadowCandidate","","10.75","ActualTrade","SL","-43.00","-45.40","5","33.00"
"OPF-20260722-143532","2026-03-17T07:10:00.0000000","2026-03-17T07:15:00.0000000","20260317-0655-BEAR-OBS-001211-Z001210-FR","20260317-0710-Long-1214","Long","FailureReverse_ObservationInvalidated","","10.75","ActualTrade","TP","126.00","123.60","6","156.60"
"OPF-20260722-143532","2026-03-17T07:45:00.0000000","2026-03-17T07:45:00.0000000","20260317-0745-BULL-PB-001221-Z001216","20260317-0745-Long-1221","Long","AlmostConfirmed","","16.25","ActualTrade","SL","-68.00","-70.40","7","86.20"
"OPF-20260722-143532","2026-03-17T07:55:00.0000000","2026-03-17T07:55:00.0000000","20260317-0755-BEAR-OBS-001223-Z001223","20260317-0755-Short-1223","Short","ZoneBirthResearch","","5.25","ActualTrade","SPLIT_BASE_SL_RUNNER_SL","-27.00","-29.40","8","56.80"
"OPF-20260722-143532","2026-03-17T10:20:00.0000000","2026-03-17T10:25:00.0000000","20260317-1020-BEAR-OBS-001252-Z001252","20260317-1020-Short-1252","Short","ZoneBirthResearch","","15.75","ActualTrade","SPLIT_BASE_SL_RUNNER_SL","-63.00","-65.40","9","-8.60"
"OPF-20260722-143532","2026-03-17T12:40:00.0000000","2026-03-17T13:10:00.0000000","20260317-1235-BULL-OBS-001279-Z001279-OC","20260317-1240-Long-1280","Long","ObservationConfirm_WideStop1_5R","Fixed2_5R","17.25","ExitPolicyOverride:Fixed2_5R","Target","172.50","170.10","10","161.50"
"OPF-20260722-143723","2026-03-17T22:45:00.0000000","2026-03-17T22:50:00.0000000","20260317-2240-BEAR-OBS-001112-Z001112-OC","20260317-2245-Short-1113","Short","ObservationConfirm","","10.25","ActualTrade","SL","-48.50","-50.90","1","-50.90"
"OPF-20260722-143723","2026-03-18T00:25:00.0000000","2026-03-18T00:55:00.0000000","20260318-0020-BULL-OBS-001132-Z001131-OC-STR","20260318-0025-Long-1133","Long","ObservationStrict_Other","","13.75","ActualTrade","TP","184.00","181.60","2","130.70"
"OPF-20260722-143723","2026-03-18T01:10:00.0000000","2026-03-18T01:45:00.0000000","20260318-0110-BULL-PB-001142-Z001141","20260318-0110-Long-1142","Long","AlmostConfirmed","","7.75","ActualTrade","SL","-40.50","-42.90","3","87.80"
"OPF-20260722-143723","2026-03-18T02:10:00.0000000","2026-03-18T04:10:00.0000000","20260318-0205-BULL-OBS-001153-Z001153-OC","20260318-0210-Long-1154","Long","ObservationConfirm_WideStop1_5R","Fixed2_5R","15.75","ExitPolicyOverride:Fixed2_5R","Target","157.50","155.10","4","242.90"
"OPF-20260722-143723","2026-03-18T04:55:00.0000000","2026-03-18T05:15:00.0000000","20260318-0450-BULL-OBS-001186-Z001186-OC","","Long","ObservationConfirm_WideStop1_5R","Fixed2_5R","6.38","ExitPolicyOverride:Fixed2_5R","Target","63.80","61.40","5","304.30"
"OPF-20260722-143723","2026-03-18T05:20:00.0000000","2026-03-18T06:20:00.0000000","20260318-0515-BULL-OBS-001191-Z001191-OC","20260318-0520-Long-1192","Long","ObservationConfirm_WideStop1_5R","Fixed2_5R","14.25","ExitPolicyOverride:Fixed2_5R","Target","142.50","140.10","6","444.40"
"OPF-20260722-143723","2026-03-18T06:40:00.0000000","2026-03-18T07:50:00.0000000","20260318-0640-BEAR-OBS-001208-Z001208","20260318-0640-Short-1208","Short","ZoneBirthResearch","","6.25","ActualTrade","SPLIT_BASE_TP_RUNNER_TP","88.00","85.60","7","530.00"
"OPF-20260722-143723","2026-03-18T10:35:00.0000000","2026-03-18T10:55:00.0000000","20260318-1025-BULL-OBS-001253-Z001252-FR","20260318-1035-Short-1255","Short","FailureReverse_ObservationInvalidated_WideStop1_5R","","9.38","ActualTrade","TP","124.50","122.10","8","652.10"
"OPF-20260722-143723","2026-03-18T11:05:00.0000000","2026-03-18T11:25:00.0000000","20260318-1100-BULL-OBS-001260-Z001191-OC","20260318-1105-Long-1261","Long","ObservationConfirm_WideStop1_5R","Fixed2_5R","19.50","ExitPolicyOverride:Fixed2_5R","Stop","-78.00","-80.40","9","571.70"
"OPF-20260722-143723","2026-03-18T12:10:00.0000000","2026-03-18T12:25:00.0000000","20260318-1210-BEAR-BRK-001274-Z001274","20260318-1210-Short-1274","Short","BreakawayFvg","","25.25","ActualTrade","TP","306.00","303.60","10","875.30"
"OPF-20260722-143723","2026-03-18T19:25:00.0000000","2026-03-18T19:25:00.0000000","20260318-1925-BEAR-OBS-001361-Z001361","20260318-1925-Short-1361","Short","ZoneBirthResearch","","16.50","ActualTrade","SPLIT_BASE_SL_RUNNER_SL","-67.00","-69.40","11","805.90"
"OPF-20260722-143723","2026-03-18T20:10:00.0000000","2026-03-18T20:45:00.0000000","20260318-2010-BEAR-BRK-001370-Z001370","20260318-2010-Short-1370","Short","BreakawayFvg","","23.25","ActualTrade","SL","-2.00","-4.40","12","801.50"
"OPF-20260722-143914","2026-03-19T01:30:00.0000000","2026-03-19T02:00:00.0000000","20260319-0125-BULL-OBS-001145-Z001145-OC","20260319-0130-Long-1146","Long","ObservationConfirm_WideStop1_5R","Fixed2_5R","14.25","ExitPolicyOverride:Fixed2_5R","Stop","-57.00","-59.40","1","-59.40"
"OPF-20260722-143914","2026-03-19T02:25:00.0000000","2026-03-19T03:25:00.0000000","20260319-0220-BULL-OBS-001156-Z001156-OC","20260319-0225-Long-1157","Long","ObservationConfirm_WideStop1_5R","Fixed2_5R","16.12","ExitPolicyOverride:Fixed2_5R","TimeStop","-14.00","-16.40","2","-75.80"
"OPF-20260722-143914","2026-03-19T03:30:00.0000000","2026-03-19T04:35:00.0000000","20260319-0330-BEAR-OBS-001170-Z001170","","Short","ZoneBirthResearch","","13.25","ShadowTrade","Base:Target|Runner:Target","172.25","169.85","3","94.05"
"OPF-20260722-143914","2026-03-19T06:35:00.0000000","2026-03-19T07:10:00.0000000","20260319-0630-BEAR-OBS-001206-Z001206-OC","20260319-0635-Short-1207","Short","ObservationConfirm","","19.75","ActualTrade","SL","-2.00","-4.40","4","89.65"
"OPF-20260722-143914","2026-03-19T11:25:00.0000000","2026-03-19T12:00:00.0000000","20260319-1125-BEAR-OBS-001265-Z001265","","Short","ZoneBirthResearch","","15.50","ShadowTrade","Base:Target|Runner:Target","201.50","199.10","5","288.75"
"OPF-20260722-143914","2026-03-19T12:50:00.0000000","2026-03-19T13:15:00.0000000","20260319-1250-BEAR-OBS-001282-Z001282","20260319-1250-Short-1282","Short","ZoneBirthResearch","","15.75","ActualTrade","SPLIT_BASE_TP_RUNNER_BE","78.00","75.60","6","364.35"
"OPF-20260722-143914","2026-03-19T16:15:00.0000000","2026-03-19T16:35:00.0000000","20260319-1615-BEAR-BRK-001318-Z001318","20260319-1615-Short-1318","Short","BreakawayFvg","","29.75","ActualTrade","SL","-116.00","-118.40","7","245.95"
"OPF-20260722-143914","2026-03-19T20:25:00.0000000","2026-03-19T20:55:00.0000000","20260319-2020-BULL-OBS-001367-Z001367-OC","20260319-2025-Long-1368","Long","ObservationConfirm_WideStop1_5R","Fixed2_5R","14.25","ExitPolicyOverride:Fixed2_5R","TimeStop","-20.00","-22.40","8","223.55"
"OPF-20260722-144105","2026-03-19T23:30:00.0000000","2026-03-19T23:50:00.0000000","20260319-2325-BEAR-OBS-001121-Z001121-OC","20260319-2330-Short-1122","Short","ObservationConfirm_WideStop1_5R","","19.88","ActualTrade","SL","-85.00","-87.40","1","-87.40"
"OPF-20260722-144105","2026-03-20T00:15:00.0000000","2026-03-20T01:00:00.0000000","20260320-0010-BEAR-OBS-001130-Z001119-OC","20260320-0015-Short-1131","Short","ObservationConfirm","","15.50","ActualTrade","SL","0.50","-1.90","2","-89.30"
"OPF-20260722-144105","2026-03-20T01:45:00.0000000","2026-03-20T01:50:00.0000000","20260320-0140-BULL-OBS-001148-Z001148-OC","20260320-0145-Long-1149","Long","ObservationConfirm_WideStop1_5R","Fixed2_5R","15.75","ExitPolicyOverride:Fixed2_5R","Stop","-63.00","-65.40","3","-154.70"
"OPF-20260722-144105","2026-03-20T02:00:00.0000000","2026-03-20T02:00:00.0000000","20260320-0150-BULL-OBS-001150-Z001147-FR","20260320-0200-Short-1152","Short","FailureReverse_ObservationInvalidated","","15.75","ActualTrade","SL","-65.50","-67.90","4","-222.60"
"OPF-20260722-144105","2026-03-20T02:15:00.0000000","2026-03-20T02:25:00.0000000","20260320-0210-BULL-OBS-001154-Z001154-OC","20260320-0215-Long-1155","Long","ObservationConfirm_WideStop1_5R","Fixed2_5R","11.25","ExitPolicyOverride:Fixed2_5R","Stop","-45.00","-47.40","5","-270.00"
"OPF-20260722-144105","2026-03-20T02:30:00.0000000","2026-03-20T02:35:00.0000000","20260320-0215-BULL-OBS-001155-Z001154-FR-RT","20260320-0230-Short-1158","Short","FailureReverse_RetestFailed_WideStop1_5R","","7.12","ActualTrade","SL","1.00","-1.40","6","-271.40"
"OPF-20260722-144105","2026-03-20T03:05:00.0000000","2026-03-20T06:30:00.0000000","20260320-0300-BEAR-OBS-001164-Z001164-OC","20260320-0305-Short-1165","Short","ObservationConfirm","","19.75","ActualTrade","TP","243.00","240.60","7","-30.80"
"OPF-20260722-144105","2026-03-20T06:45:00.0000000","2026-03-20T06:55:00.0000000","20260320-0640-BEAR-OBS-001208-Z001208-OC","20260320-0645-Short-1209","Short","ObservationConfirm","","16.50","ActualTrade","TP","199.50","197.10","8","166.30"
"OPF-20260722-144105","2026-03-20T08:00:00.0000000","2026-03-20T08:00:00.0000000","20260320-0800-BEAR-OBS-001224-Z001224","20260320-0800-Short-1224","Short","ZoneBirthResearch","","14.50","ActualTrade","SPLIT_BASE_SL_RUNNER_SL","-62.50","-64.90","9","101.40"
"OPF-20260722-144105","2026-03-20T08:15:00.0000000","2026-03-20T08:20:00.0000000","20260320-0810-BULL-OBS-001226-Z001226-OC","20260320-0815-Long-1227","Long","ObservationConfirm_WideStop1_5R","Fixed2_5R","14.62","ExitPolicyOverride:Fixed2_5R","Stop","-58.48","-60.88","10","40.52"
"OPF-20260722-144105","2026-03-20T08:35:00.0000000","2026-03-20T09:10:00.0000000","20260320-0825-BEAR-OBS-001229-Z001229-OC","20260320-0835-Short-1231","Short","ObservationConfirm","","18.00","ActualTrade","TP","220.00","217.60","11","258.12"
"OPF-20260722-144105","2026-03-20T09:25:00.0000000","2026-03-20T09:25:00.0000000","20260320-0925-BEAR-BRK-001241-Z001241","20260320-0925-Short-1241","Short","BreakawayFvg","","14.25","ActualTrade","SL","-54.00","-56.40","12","201.72"
"OPF-20260722-144105","2026-03-20T09:55:00.0000000","2026-03-20T09:55:00.0000000","20260320-0955-BEAR-BRK-001247-Z001247","20260320-0955-Short-1247","Short","BreakawayFvg","","8.25","ActualTrade","SL","-35.00","-37.40","13","164.32"
"OPF-20260722-144105","2026-03-20T10:10:00.0000000","2026-03-20T10:30:00.0000000","20260320-1010-BEAR-OBS-001250-Z001250","","Short","ZoneBirthResearch","","17.75","ShadowTrade","Base:Stop|Runner:Stop","-71.00","-73.40","14","90.92"
"OPF-20260722-144105","2026-03-20T18:10:00.0000000","2026-03-20T18:20:00.0000000","20260320-1755-BULL-OBS-001343-Z001343-FR","","Short","FailureReverse_ObservationInvalidated","","18.00","ShadowTrade","TargetOrProtectBE:ConservativeProtectBE","0","-2.4","15","88.52"
"OPF-20260722-144256","2026-03-23T03:00:00.0000000","2026-03-23T03:00:00.0000000","20260323-0255-BEAR-OBS-001163-Z001162-FR","20260323-0300-Long-1164","Long","FailureReverse_ObservationInvalidated","","17.50","ActualTrade","SL","-66.00","-68.40","1","-68.40"
"OPF-20260722-144256","2026-03-23T03:20:00.0000000","2026-03-23T03:40:00.0000000","20260323-0315-BEAR-OBS-001167-Z001167-OC","20260323-0320-Short-1168","Short","ObservationConfirm","","16.50","ActualTrade","SL","-1.50","-3.90","2","-72.30"
"OPF-20260722-144256","2026-03-23T04:00:00.0000000","2026-03-23T04:00:00.0000000","20260323-0355-BEAR-OBS-001175-Z001175-OC","20260323-0400-Short-1176","Short","ObservationConfirm","","17.50","ActualTrade","SL","-72.00","-74.40","3","-146.70"
"OPF-20260722-144256","2026-03-23T05:10:00.0000000","2026-03-23T05:20:00.0000000","20260323-0505-BULL-OBS-001189-Z001189-OC","20260323-0510-Long-1190","Long","ObservationConfirm_WideStop1_5R","Fixed2_5R","16.50","ExitPolicyOverride:Fixed2_5R","Stop","-66.00","-68.40","4","-215.10"
"OPF-20260722-144256","2026-03-23T06:35:00.0000000","2026-03-23T06:50:00.0000000","20260323-0635-BEAR-BRK-001207-Z001207","20260323-0635-Short-1207","Short","BreakawayFvg","","23.00","ActualTrade","TP","285.00","282.60","5","67.50"
"OPF-20260722-144256","2026-03-23T08:15:00.0000000","2026-03-23T08:15:00.0000000","20260323-0810-BEAR-OBS-001226-Z001207-OC","20260323-0815-Short-1227","Short","ObservationConfirm","","17.25","ActualTrade","SL","-71.50","-73.90","6","-6.40"
"OPF-20260722-144256","2026-03-23T19:20:00.0000000","2026-03-23T19:35:00.0000000","20260323-1920-BEAR-OBS-001360-Z001360","20260323-1920-Short-1360","Short","ZoneBirthResearch","","17.25","ActualTrade","SPLIT_BASE_SL_RUNNER_SL","-70.00","-72.40","7","-78.80"
"OPF-20260722-144446","2026-03-24T04:40:00.0000000","2026-03-24T04:40:00.0000000","20260324-0435-BEAR-OBS-001183-Z001183-OC","20260324-0440-Short-1184","Short","ObservationConfirm","","11.75","ActualTrade","SL","-43.50","-45.90","1","-45.90"
"OPF-20260722-144446","2026-03-24T04:55:00.0000000","2026-03-24T05:10:00.0000000","20260324-0450-BEAR-OBS-001186-Z001181-OC","20260324-0455-Short-1187","Short","ObservationConfirm","","17.75","ActualTrade","SL","-5.00","-7.40","2","-53.30"
"OPF-20260722-144446","2026-03-24T05:40:00.0000000","2026-03-24T05:55:00.0000000","20260324-0520-BEAR-SHD-001192-Z001181","20260324-0540-Short-1196","Short","ShadowCandidate","","21.75","ActualTrade","SL","-95.50","-97.90","3","-151.20"
"OPF-20260722-144446","2026-03-24T13:10:00.0000000","2026-03-24T13:10:00.0000000","20260324-1310-BEAR-OBS-001286-Z001286","20260324-1310-Short-1286","Short","ZoneBirthResearch","","16.75","ActualTrade","SPLIT_BASE_SL_RUNNER_SL","-57.00","-59.40","4","-210.60"
"OPF-20260722-144446","2026-03-24T13:25:00.0000000","2026-03-24T13:25:00.0000000","20260324-1315-BEAR-SHD-001287-Z001286","20260324-1325-Short-1289","Short","ShadowCandidate","","15.75","ActualTrade","SL","-81.00","-83.40","5","-294.00"
"OPF-20260722-144638","2026-03-24T23:50:00.0000000","2026-03-25T00:05:00.0000000","20260324-2345-BEAR-OBS-001125-Z001125-OC","20260324-2350-Short-1126","Short","ObservationConfirm","","8.00","ActualTrade","SL","-2.00","-4.40","1","-4.40"
"OPF-20260722-144638","2026-03-25T01:00:00.0000000","2026-03-25T01:15:00.0000000","20260325-0055-BEAR-OBS-001139-Z001138-OC","20260325-0100-Short-1140","Short","ObservationConfirm","","16.75","ActualTrade","SL","2.00","-0.40","2","-4.80"
"OPF-20260722-144638","2026-03-25T02:20:00.0000000","2026-03-25T02:25:00.0000000","20260325-0215-BEAR-OBS-001155-Z001154-OC","20260325-0220-Short-1156","Short","ObservationConfirm_WideStop1_5R","","13.88","ActualTrade","SL","-57.00","-59.40","3","-64.20"
"OPF-20260722-144638","2026-03-25T03:20:00.0000000","2026-03-25T03:20:00.0000000","20260325-0315-BEAR-OBS-001167-Z001167-OC","20260325-0320-Short-1168","Short","ObservationConfirm","","5.50","ActualTrade","SL","-26.00","-28.40","4","-92.60"
"OPF-20260722-144638","2026-03-25T03:30:00.0000000","2026-03-25T03:30:00.0000000","20260325-0320-BEAR-OBS-001168-Z001167-OC","20260325-0330-Short-1170","Short","ObservationConfirm","","4.50","ActualTrade","SL","-19.00","-21.40","5","-114.00"
"OPF-20260722-144638","2026-03-25T04:45:00.0000000","2026-03-25T04:50:00.0000000","20260325-0435-BULL-OBS-001183-Z001180-FR","20260325-0445-Short-1185","Short","FailureReverse_ObservationInvalidated","","9.75","ActualTrade","SL","-40.50","-42.90","6","-156.90"
"OPF-20260722-144638","2026-03-25T06:25:00.0000000","2026-03-25T06:35:00.0000000","20260325-0625-BEAR-BRK-001205-Z001205","20260325-0625-Short-1205","Short","BreakawayFvg","","17.75","ActualTrade","SL","-0.50","-2.90","7","-159.80"
"OPF-20260722-144638","2026-03-25T06:40:00.0000000","2026-03-25T06:40:00.0000000","20260325-0625-BEAR-SHD-001205-Z001205","20260325-0640-Short-1208","Short","ShadowCandidate","","9.75","ActualTrade","SL","-30.00","-32.40","8","-192.20"
"OPF-20260722-144638","2026-03-25T08:25:00.0000000","2026-03-25T08:30:00.0000000","20260325-0825-BULL-PB-001229-Z001228","20260325-0825-Long-1229","Long","AlmostConfirmed","","7.25","ActualTrade","SL","-2.00","-4.40","9","-196.60"
"OPF-20260722-144638","2026-03-25T09:30:00.0000000","2026-03-25T09:50:00.0000000","20260325-0925-BEAR-OBS-001241-Z001241-OC","20260325-0930-Short-1242","Short","ObservationConfirm_WideStop1_5R","","19.12","ActualTrade","SL","-3.50","-5.90","10","-202.50"
"OPF-20260722-144638","2026-03-25T11:30:00.0000000","2026-03-25T11:45:00.0000000","20260325-1125-BULL-OBS-001265-Z001265-OC","20260325-1130-Long-1266","Long","ObservationConfirm_WideStop1_5R","Fixed2_5R","20.25","ExitPolicyOverride:Fixed2_5R","Stop","-81.00","-83.40","11","-285.90"
"OPF-20260722-144638","2026-03-25T12:00:00.0000000","2026-03-25T12:10:00.0000000","20260325-1150-BEAR-OBS-001270-Z001270-FR","20260325-1200-Long-1272","Long","FailureReverse_ObservationInvalidated","","18.25","ActualTrade","SL","2.00","-0.40","12","-286.30"
"OPF-20260722-144638","2026-03-25T19:45:00.0000000","2026-03-25T19:45:00.0000000","20260325-1940-BEAR-SHD-001364-Z001363","20260325-1945-Short-1365","Short","ShadowCandidate","","7.25","ActualTrade","SL","-19.50","-21.90","13","-308.20"
"OPF-20260722-144829","2026-03-25T23:05:00.0000000","2026-03-25T23:45:00.0000000","20260325-2300-BEAR-OBS-001116-Z001115-OC","20260325-2305-Short-1117","Short","ObservationConfirm","","15.50","ActualTrade","SL","0.00","-2.40","1","-2.40"
"OPF-20260722-144829","2026-03-26T00:40:00.0000000","2026-03-26T00:55:00.0000000","20260326-0030-BULL-OBS-001134-Z001133-FR","20260326-0040-Short-1136","Short","FailureReverse_ObservationInvalidated","","10.25","ActualTrade","SL","-11.00","-13.40","2","-15.80"
"OPF-20260722-144829","2026-03-26T01:05:00.0000000","2026-03-26T01:35:00.0000000","20260326-0100-BEAR-OBS-001140-Z001139-OC","20260326-0105-Short-1141","Short","ObservationConfirm","","15.50","ActualTrade","SL","0.50","-1.90","3","-17.70"
"OPF-20260722-144829","2026-03-26T03:45:00.0000000","2026-03-26T04:50:00.0000000","20260326-0340-BULL-OBS-001172-Z001172-FR","20260326-0345-Short-1173","Short","FailureReverse_ObservationInvalidated_WideStop1_5R","","18.38","ActualTrade","TP","232.50","230.10","4","212.40"
"OPF-20260722-144829","2026-03-26T05:15:00.0000000","2026-03-26T05:50:00.0000000","20260326-0510-BEAR-OBS-001190-Z001190-OC","20260326-0515-Short-1191","Short","ObservationConfirm","","17.00","ActualTrade","TP","201.50","199.10","5","411.50"
"OPF-20260722-144829","2026-03-26T07:25:00.0000000","2026-03-26T07:30:00.0000000","20260326-0715-BEAR-OBS-001215-Z001214-OC","20260326-0725-Short-1217","Short","ObservationConfirm","","17.25","ActualTrade","SL","-3.00","-5.40","6","406.10"
"OPF-20260722-144829","2026-03-26T09:35:00.0000000","2026-03-26T09:35:00.0000000","20260326-0935-BEAR-OBS-001243-Z001243","20260326-0935-Short-1243","Short","ZoneBirthResearch","","12.75","ActualTrade","SPLIT_BASE_SL_RUNNER_SL","-54.00","-56.40","7","349.70"
"OPF-20260722-144829","2026-03-26T10:55:00.0000000","2026-03-26T11:00:00.0000000","20260326-1050-BEAR-SHD-001258-Z001256","20260326-1055-Short-1259","Short","ShadowCandidate","","12.50","ActualTrade","SL","-2.00","-4.40","8","345.30"
"OPF-20260722-144829","2026-03-26T13:15:00.0000000","2026-03-26T13:25:00.0000000","20260326-1315-BEAR-OBS-001287-Z001265","20260326-1315-Short-1287","Short","UnknownRegimeZoneTouch","","13.75","ActualTrade","SL","-3.00","-5.40","9","339.90"
"OPF-20260722-145019","2026-03-26T23:45:00.0000000","2026-03-27T00:15:00.0000000","20260326-2340-BULL-OBS-001124-Z001124-OC","20260326-2345-Long-1125","Long","ObservationConfirm_WideStop1_5R","Fixed2_5R","16.50","ExitPolicyOverride:Fixed2_5R","Stop","-66.00","-68.40","1","-68.40"
"OPF-20260722-145019","2026-03-27T06:00:00.0000000","2026-03-27T06:05:00.0000000","20260327-0600-BEAR-OBS-001200-Z001200","20260327-0600-Short-1200","Short","ZoneBirthResearch","","17.25","ActualTrade","SPLIT_BASE_SL_RUNNER_SL","-68.00","-70.40","2","-138.80"
"OPF-20260722-145019","2026-03-27T06:25:00.0000000","2026-03-27T06:30:00.0000000","20260327-0620-BULL-OBS-001204-Z001204-OC","20260327-0625-Long-1205","Long","ObservationConfirm_WideStop1_5R","Fixed2_5R","13.88","ExitPolicyOverride:Fixed2_5R","Stop","-55.52","-57.92","3","-196.72"
"OPF-20260722-145019","2026-03-27T06:50:00.0000000","2026-03-27T07:55:00.0000000","20260327-0650-BEAR-OBS-001210-Z001210","20260327-0650-Short-1210","Short","ZoneBirthResearch","","13.00","ActualTrade","SPLIT_BASE_TP_RUNNER_TP","176.50","174.10","4","-22.62"
"OPF-20260722-145019","2026-03-27T11:40:00.0000000","2026-03-27T11:40:00.0000000","20260327-1140-BEAR-OBS-001268-Z001260","20260327-1140-Short-1268","Short","UnknownRegimeZoneTouch","","8.25","ActualTrade","SL","-32.00","-34.40","5","-57.02"
"OPF-20260722-145019","2026-03-27T16:30:00.0000000","2026-03-27T16:40:00.0000000","20260327-1630-BEAR-OBS-001326-Z001326","20260327-1630-Short-1326","Short","ZoneBirthResearch","","14.75","ActualTrade","SPLIT_BASE_SL_RUNNER_SL","-67.00","-69.40","6","-126.42"
"OPF-20260722-145019","2026-03-27T17:50:00.0000000","2026-03-27T18:10:00.0000000","20260327-1745-BEAR-OBS-001341-Z001341-OC","20260327-1750-Short-1342","Short","ObservationConfirm","","21.00","ActualTrade","SL","0.00","-2.40","7","-128.82"
"OPF-20260722-145019","2026-03-27T18:55:00.0000000","2026-03-27T18:55:00.0000000","20260327-1855-BEAR-OBS-001355-Z001355","20260327-1855-Short-1355","Short","ZoneBirthResearch","","7.00","ActualTrade","SPLIT_BASE_SL_RUNNER_SL","-34.00","-36.40","8","-165.22"
"OPF-20260722-145210","2026-03-30T01:55:00.0000000","2026-03-30T02:40:00.0000000","20260330-0145-BULL-OBS-001149-Z001149-OC","20260330-0155-Long-1151","Long","ObservationConfirm_WideStop1_5R","Fixed2_5R","13.12","ExitPolicyOverride:Fixed2_5R","Target","131.20","128.80","1","128.80"
"OPF-20260722-145210","2026-03-30T02:55:00.0000000","2026-03-30T03:05:00.0000000","20260330-0250-BULL-OBS-001162-Z001162-OC","20260330-0255-Long-1163","Long","ObservationConfirm_WideStop1_5R","Fixed2_5R","14.25","ExitPolicyOverride:Fixed2_5R","Target","142.50","140.10","2","268.90"
"OPF-20260722-145210","2026-03-30T04:45:00.0000000","2026-03-30T04:55:00.0000000","20260330-0445-BEAR-OBS-001185-Z001185","20260330-0445-Short-1185","Short","ZoneBirthResearch","","7.25","ActualTrade","SPLIT_BASE_SL_RUNNER_SL","-35.00","-37.40","3","231.50"
"OPF-20260722-145210","2026-03-30T06:25:00.0000000","2026-03-30T06:50:00.0000000","20260330-0620-BULL-OBS-001204-Z001204-OC","20260330-0625-Long-1205","Long","ObservationConfirm_WideStop1_5R","Fixed2_5R","16.50","ExitPolicyOverride:Fixed2_5R","Target","165.00","162.60","4","394.10"
"OPF-20260722-145210","2026-03-30T14:00:00.0000000","2026-03-30T14:00:00.0000000","20260330-1355-BEAR-OBS-001295-Z001295-OC","20260330-1400-Short-1296","Short","ObservationConfirm","","19.50","ActualTrade","SL","-0.50","-2.90","5","391.20"
"OPF-20260722-145210","2026-03-30T18:30:00.0000000","2026-03-30T18:30:00.0000000","20260330-1830-BEAR-OBS-001350-Z001350","20260330-1830-Short-1350","Short","ZoneBirthResearch","","13.75","ActualTrade","SPLIT_BASE_SL_RUNNER_SL","-54.00","-56.40","6","334.80"
"OPF-20260722-145210","2026-03-30T19:15:00.0000000","2026-03-30T19:25:00.0000000","20260330-1915-BEAR-BRK-001359-Z001359","20260330-1915-Short-1359","Short","BreakawayFvg","","22.75","ActualTrade","SL","-2.00","-4.40","7","330.40"
"OPF-20260722-145210","2026-03-30T20:15:00.0000000","2026-03-30T20:50:00.0000000","20260330-2010-BEAR-OBS-001370-Z001370-OC","20260330-2015-Short-1371","Short","ObservationConfirm","","16.25","ActualTrade","SESSION_FLATTEN","-6.00","-8.40","8","322.00"
"OPF-20260722-145410","2026-03-31T03:40:00.0000000","2026-03-31T03:45:00.0000000","20260331-0335-BEAR-OBS-001171-Z001171-OC","20260331-0340-Short-1172","Short","ObservationConfirm","","16.50","ActualTrade","SL","0.00","-2.40","1","-2.40"
"OPF-20260722-145410","2026-03-31T04:50:00.0000000","2026-03-31T05:05:00.0000000","20260331-0450-BEAR-OBS-001186-Z001186","20260331-0450-Short-1186","Short","ZoneBirthResearch","","6.75","ActualTrade","SPLIT_BASE_TP_RUNNER_TP","80.00","77.60","2","75.20"
"OPF-20260722-145410","2026-03-31T09:10:00.0000000","2026-03-31T09:15:00.0000000","20260331-0905-BULL-OBS-001237-Z001237-OC","20260331-0910-Long-1238","Long","ObservationConfirm_WideStop1_5R","Fixed2_5R","14.25","ExitPolicyOverride:Fixed2_5R","Stop","-57.00","-59.40","3","15.80"
"OPF-20260722-145410","2026-03-31T10:20:00.0000000","2026-03-31T10:20:00.0000000","20260331-1020-BEAR-OBS-001252-Z001252","20260331-1020-Short-1252","Short","ZoneBirthResearch","","6.25","ActualTrade","SPLIT_BASE_SL_RUNNER_SL","-36.00","-38.40","4","-22.60"
"OPF-20260722-145410","2026-03-31T11:05:00.0000000","2026-03-31T11:05:00.0000000","20260331-1100-BULL-OBS-001260-Z001259-OC-STR","20260331-1105-Long-1261","Long","ObservationStrict_Other","","17.00","ActualTrade","TP","202.00","199.60","5","177.00"
"OPF-20260722-145410","2026-03-31T13:05:00.0000000","2026-03-31T13:10:00.0000000","20260331-1300-BEAR-OBS-001284-Z001284-OC","20260331-1305-Short-1285","Short","ObservationConfirm_WideStop1_5R","","8.25","ActualTrade","SL","-5.50","-7.90","6","169.10"
"OPF-20260722-145410","2026-03-31T15:45:00.0000000","2026-03-31T15:45:00.0000000","20260331-1545-BEAR-OBS-001317-Z001317","20260331-1545-Short-1317","Short","ZoneBirthResearch","","17.50","ActualTrade","SPLIT_BASE_SL_RUNNER_SL","-74.00","-76.40","7","92.70"
"OPF-20260722-145410","2026-03-31T20:45:00.0000000","2026-03-31T20:50:00.0000000","20260331-2045-BEAR-OBS-001377-Z001377","20260331-2045-Short-1377","Short","ZoneBirthResearch","","8.00","ActualTrade","SPLIT_BASE_SESSION_FLATTEN_RUNNER_SESSION_FLATTEN","18.00","15.60","8","108.30"
"OPF-20260722-145605","2026-04-01T01:10:00.0000000","2026-04-01T03:40:00.0000000","20260401-0105-BEAR-OBS-001141-Z001141-OC","20260401-0110-Short-1142","Short","ObservationConfirm","","17.25","ActualTrade","SL","0.00","-2.40","1","-2.40"
"OPF-20260722-145605","2026-04-01T05:00:00.0000000","2026-04-01T05:25:00.0000000","20260401-0455-BULL-OBS-001187-Z001186-OC","20260401-0500-Long-1188","Long","ObservationConfirm_WideStop1_5R","Fixed2_5R","17.62","ExitPolicyOverride:Fixed2_5R","Target","176.20","173.80","2","171.40"
"OPF-20260722-145605","2026-04-01T05:30:00.0000000","2026-04-01T05:35:00.0000000","20260401-0525-BULL-OBS-001193-Z001193-OC","20260401-0530-Long-1194","Long","ObservationConfirm_WideStop1_5R","Fixed2_5R","18.00","ExitPolicyOverride:Fixed2_5R","Stop","-72.00","-74.40","3","97.00"
"OPF-20260722-145605","2026-04-01T12:00:00.0000000","2026-04-01T12:00:00.0000000","20260401-1155-BULL-OBS-001271-Z001271-FR","20260401-1200-Short-1272","Short","FailureReverse_ObservationInvalidated_WideStop1_5R","","17.62","ActualTrade","SL","-59.00","-61.40","4","35.60"
"OPF-20260722-145605","2026-04-01T12:15:00.0000000","2026-04-01T12:20:00.0000000","20260401-1210-BULL-OBS-001274-Z001268-OC","20260401-1215-Long-1275","Long","ObservationConfirm_WideStop1_5R","Fixed2_5R","10.50","ExitPolicyOverride:Fixed2_5R","Stop","-42.00","-44.40","5","-8.80"
"OPF-20260722-145605","2026-04-01T13:05:00.0000000","2026-04-01T13:25:00.0000000","20260401-1305-BULL-PB-001285-Z001243","20260401-1305-Long-1285","Long","AlmostConfirmed","","20.00","ActualTrade","SL","5.50","3.10","6","-5.70"
"OPF-20260722-145605","2026-04-01T17:10:00.0000000","2026-04-01T17:30:00.0000000","20260401-1705-BULL-OBS-001333-Z001333-OC","20260401-1710-Long-1334","Long","ObservationConfirm_WideStop1_5R","Fixed2_5R","18.00","ExitPolicyOverride:Fixed2_5R","Stop","-72.00","-74.40","7","-80.10"
"OPF-20260722-145756","2026-04-01T22:55:00.0000000","2026-04-01T23:00:00.0000000","20260401-2255-BEAR-OBS-001115-Z001115","20260401-2255-Short-1115","Short","ZoneBirthResearch","","14.25","ActualTrade","SPLIT_BASE_SL_RUNNER_SL","-55.50","-57.90","1","-57.90"
"OPF-20260722-145756","2026-04-01T23:55:00.0000000","2026-04-01T23:55:00.0000000","20260401-2350-BULL-OBS-001126-Z001118-OC-STR","20260401-2355-Long-1127","Long","ObservationStrict_Other","","8.50","ActualTrade","SL","-39.00","-41.40","2","-99.30"
"OPF-20260722-145756","2026-04-02T00:10:00.0000000","2026-04-02T00:10:00.0000000","20260402-0005-BEAR-OBS-001129-Z001129-OC","20260402-0010-Short-1130","Short","ObservationConfirm_WideStop1_5R","","17.25","ActualTrade","SL","-72.00","-74.40","3","-173.70"
"OPF-20260722-145756","2026-04-02T02:15:00.0000000","2026-04-02T02:50:00.0000000","20260402-0215-BEAR-BRK-001155-Z001155","20260402-0215-Short-1155","Short","BreakawayFvg","","21.75","ActualTrade","SL","-7.00","-9.40","4","-183.10"
"OPF-20260722-145756","2026-04-02T03:40:00.0000000","2026-04-02T05:35:00.0000000","20260402-0340-BEAR-OBS-001172-Z001172","20260402-0340-Short-1172","Short","ZoneBirthResearch","","16.50","ActualTrade","SPLIT_BASE_TP_RUNNER_TP","217.50","215.10","5","32.00"
"OPF-20260722-145756","2026-04-02T08:10:00.0000000","2026-04-02T08:25:00.0000000","20260402-0805-BEAR-OBS-001225-Z001225-OC","20260402-0810-Short-1226","Short","ObservationConfirm","","15.25","ActualTrade","SL","-2.50","-4.90","6","27.10"
"OPF-20260722-145756","2026-04-02T09:40:00.0000000","2026-04-02T11:00:00.0000000","20260402-0935-BEAR-OBS-001243-Z001243-OC","20260402-0940-Short-1244","Short","ObservationConfirm","","18.25","ActualTrade","TP","231.00","228.60","7","255.70"
"OPF-20260722-145756","2026-04-02T11:20:00.0000000","2026-04-02T11:50:00.0000000","20260402-1120-BEAR-OBS-001264-Z001264","20260402-1120-Short-1264","Short","ZoneBirthResearch","","12.25","ActualTrade","SPLIT_BASE_TP_RUNNER_TP","189.00","186.60","8","442.30"
"OPF-20260722-145756","2026-04-02T12:50:00.0000000","2026-04-02T12:55:00.0000000","20260402-1245-BEAR-OBS-001281-Z001264-OC","20260402-1250-Short-1282","Short","ObservationConfirm","","7.25","ActualTrade","TP","90.00","87.60","9","529.90"
"OPF-20260722-145756","2026-04-02T13:15:00.0000000","2026-04-02T13:20:00.0000000","20260402-1310-BULL-OBS-001286-Z001277-OC-STR","20260402-1315-Long-1287","Long","ObservationStrict_Other","","18.75","ActualTrade","SL","-1.50","-3.90","10","526.00"
"OPF-20260722-145756","2026-04-02T17:35:00.0000000","2026-04-02T17:45:00.0000000","20260402-1735-BEAR-OBS-001339-Z001339","20260402-1735-Short-1339","Short","ZoneBirthResearch","","16.00","ActualTrade","SPLIT_BASE_TP_RUNNER_TP","211.00","208.60","11","734.60"
"OPF-20260722-145947","2026-04-05T23:10:00.0000000","2026-04-05T23:15:00.0000000","20260405-2255-BULL-OBS-001022-Z001022-FR-RT","20260405-2310-Short-1025","Short","FailureReverse_RetestFailed_WideStop1_5R","","10.12","ActualTrade","SL","-3.00","-5.40","1","-5.40"
"OPF-20260722-145947","2026-04-06T01:05:00.0000000","2026-04-06T01:55:00.0000000","20260406-0100-BULL-OBS-001047-Z001047-OC","20260406-0105-Long-1048","Long","ObservationConfirm_WideStop1_5R","Fixed2_5R","24.00","ExitPolicyOverride:Fixed2_5R","Stop","-96.00","-98.40","2","-103.80"
"OPF-20260722-145947","2026-04-06T04:10:00.0000000","2026-04-06T05:35:00.0000000","20260406-0405-BULL-OBS-001084-Z001084-OC","20260406-0410-Long-1085","Long","ObservationConfirm_WideStop1_5R","Fixed2_5R","19.50","ExitPolicyOverride:Fixed2_5R","TimeStop","43.00","40.60","3","-63.20"
"OPF-20260722-145947","2026-04-06T05:50:00.0000000","2026-04-06T05:50:00.0000000","20260406-0545-BEAR-OBS-001104-Z001104-OC","20260406-0550-Short-1105","Short","ObservationConfirm","","6.25","ActualTrade","SL","-24.00","-26.40","4","-89.60"
"OPF-20260722-145947","2026-04-06T08:45:00.0000000","2026-04-06T08:50:00.0000000","20260406-0840-BULL-OBS-001139-Z001139-OC","20260406-0845-Long-1140","Long","ObservationConfirm_WideStop1_5R","Fixed2_5R","19.12","ExitPolicyOverride:Fixed2_5R","Stop","-76.48","-78.88","5","-168.48"
"OPF-20260722-145947","2026-04-06T08:55:00.0000000","2026-04-06T09:50:00.0000000","20260406-0850-BULL-OBS-001141-Z001138-OC","","Long","ObservationConfirm_WideStop1_5R","Fixed2_5R","15.75","ExitPolicyOverride:Fixed2_5R","Stop","-63.00","-65.40","6","-233.88"
"OPF-20260722-145947","2026-04-06T10:50:00.0000000","2026-04-06T10:55:00.0000000","20260406-1045-BULL-OBS-001164-Z001130-OC-STR","20260406-1050-Long-1165","Long","ObservationStrict_Other","","17.75","ActualTrade","SL","-76.50","-78.90","7","-312.78"
"OPF-20260722-150139","2026-04-07T00:05:00.0000000","2026-04-07T00:05:00.0000000","20260407-0000-BEAR-OBS-001035-Z001035-OC","20260407-0005-Short-1036","Short","ObservationConfirm","","16.75","ActualTrade","SL","-64.00","-66.40","1","-66.40"
"OPF-20260722-150139","2026-04-07T00:25:00.0000000","2026-04-07T00:30:00.0000000","20260407-0020-BULL-OBS-001039-Z001039-OC","20260407-0025-Long-1040","Long","ObservationConfirm_WideStop1_5R","Fixed2_5R","11.25","ExitPolicyOverride:Fixed2_5R","Stop","-45.00","-47.40","2","-113.80"
"OPF-20260722-150139","2026-04-07T02:00:00.0000000","2026-04-07T02:10:00.0000000","20260407-0200-BEAR-OBS-001059-Z001059","","Short","ZoneBirthResearch","","15.50","ShadowTrade","Base:Stop|Runner:Stop","-62.00","-64.40","3","-178.20"
"OPF-20260722-150139","2026-04-07T02:20:00.0000000","2026-04-07T02:25:00.0000000","20260407-0215-BEAR-OBS-001062-Z001059-OC","","Short","ObservationConfirm_WideStop1_5R","","10.88","ShadowTrade","Stop","-43.52","-45.92","4","-224.12"
"OPF-20260722-150139","2026-04-07T04:10:00.0000000","2026-04-07T04:15:00.0000000","20260407-0405-BEAR-OBS-001084-Z001084-OC","20260407-0410-Short-1085","Short","ObservationConfirm","","16.75","ActualTrade","SL","-69.50","-71.90","5","-296.02"
"OPF-20260722-150139","2026-04-07T05:10:00.0000000","2026-04-07T05:20:00.0000000","20260407-0455-BULL-OBS-001094-Z001093-OC","20260407-0510-Long-1097","Long","ObservationConfirm_WideStop1_5R","Fixed2_5R","11.62","ExitPolicyOverride:Fixed2_5R","Stop","-46.48","-48.88","6","-344.90"
"OPF-20260722-150331","2026-04-08T01:25:00.0000000","2026-04-08T01:25:00.0000000","20260408-0120-BEAR-OBS-001051-Z001051-OC","20260408-0125-Short-1052","Short","ObservationConfirm","","17.00","ActualTrade","SL","-73.00","-75.40","1","-75.40"
"OPF-20260722-150331","2026-04-08T04:20:00.0000000","2026-04-08T04:50:00.0000000","20260408-0415-BULL-OBS-001086-Z001086-OC","20260408-0420-Long-1087","Long","ObservationConfirm_WideStop1_5R","Fixed2_5R","11.25","ExitPolicyOverride:Fixed2_5R","Stop","-45.00","-47.40","2","-122.80"
"OPF-20260722-150331","2026-04-08T04:55:00.0000000","2026-04-08T05:25:00.0000000","20260408-0450-BULL-OBS-001093-Z001085-OC-STR","","Long","ObservationStrict_Other_WideStop1_5R","","12.38","ShadowTrade","TargetOrProtectBE:ConservativeProtectBE","0","-2.4","3","-125.20"
"OPF-20260722-150331","2026-04-08T06:00:00.0000000","2026-04-08T06:15:00.0000000","20260408-0600-BULL-PB-001107-Z001106","20260408-0600-Long-1107","Long","AlmostConfirmed","","17.75","ActualTrade","SL","-73.00","-75.40","4","-200.60"
"OPF-20260722-150331","2026-04-08T06:45:00.0000000","2026-04-08T06:55:00.0000000","20260408-0635-BULL-OBS-001114-Z001106-OC","20260408-0645-Long-1116","Long","ObservationConfirm_WideStop1_5R","Fixed2_5R","16.88","ExitPolicyOverride:Fixed2_5R","Stop","-67.52","-69.92","5","-270.52"
"OPF-20260722-150331","2026-04-08T07:05:00.0000000","2026-04-08T07:05:00.0000000","20260408-0705-BEAR-BRK-001120-Z001120","20260408-0705-Short-1120","Short","BreakawayFvg","","13.50","ActualTrade","SL","-57.50","-59.90","6","-330.42"
"OPF-20260722-150522","2026-04-08T22:50:00.0000000","2026-04-08T22:50:00.0000000","20260408-2245-BEAR-OBS-001020-Z001020-OC","20260408-2250-Short-1021","Short","ObservationConfirm","","2.50","ActualTrade","SL","-12.50","-14.90","1","-14.90"
"OPF-20260722-150522","2026-04-08T23:35:00.0000000","2026-04-08T23:40:00.0000000","20260408-2310-BULL-OBS-001025-Z001025-FR-RT","20260408-2335-Short-1030","Short","FailureReverse_RetestFailed","","5.75","ActualTrade","SL","-22.00","-24.40","2","-39.30"
"OPF-20260722-150522","2026-04-09T00:20:00.0000000","2026-04-09T00:20:00.0000000","20260409-0010-BEAR-OBS-001037-Z001036-FR","20260409-0020-Long-1039","Long","FailureReverse_ObservationInvalidated","","10.50","ActualTrade","SL","-40.50","-42.90","3","-82.20"
"OPF-20260722-150522","2026-04-09T00:35:00.0000000","2026-04-09T00:40:00.0000000","20260409-0005-BEAR-OBS-001036-Z001036-FR-RT","20260409-0035-Long-1042","Long","FailureReverse_RetestFailed","","8.75","ActualTrade","SL","-41.00","-43.40","4","-125.60"
"OPF-20260722-150522","2026-04-09T01:40:00.0000000","2026-04-09T02:05:00.0000000","20260409-0135-BULL-OBS-001054-Z001054-OC","20260409-0140-Long-1055","Long","ObservationConfirm_WideStop1_5R","Fixed2_5R","15.00","ExitPolicyOverride:Fixed2_5R","Target","150.00","147.60","5","22.00"
"OPF-20260722-150522","2026-04-09T03:05:00.0000000","2026-04-09T03:35:00.0000000","20260409-0300-BEAR-OBS-001071-Z001071-OC","","Short","ObservationConfirm","","8.00","ShadowTrade","ProtectBE","0.00","-2.40","6","19.60"
"OPF-20260722-150522","2026-04-09T05:55:00.0000000","2026-04-09T05:55:00.0000000","20260409-0550-BEAR-OBS-001105-Z001105-OC","20260409-0555-Short-1106","Short","ObservationConfirm","","3.75","ActualTrade","SL","-15.00","-17.40","7","2.20"
"OPF-20260722-150522","2026-04-09T07:10:00.0000000","2026-04-09T07:35:00.0000000","20260409-0710-BEAR-OBS-001121-Z001121","20260409-0710-Short-1121","Short","ZoneBirthResearch","","7.25","ActualTrade","SPLIT_BASE_TP_RUNNER_TP","100.50","98.10","8","100.30"
"OPF-20260722-150522","2026-04-09T07:45:00.0000000","2026-04-09T07:55:00.0000000","20260409-0745-BEAR-BRK-001128-Z001128","20260409-0745-Short-1128","Short","BreakawayFvg","","14.50","ActualTrade","SL","-63.00","-65.40","9","34.90"
"OPF-20260722-150522","2026-04-09T08:15:00.0000000","2026-04-09T08:15:00.0000000","20260409-0810-BEAR-OBS-001133-Z001133-OC","20260409-0815-Short-1134","Short","ObservationConfirm_WideStop1_5R","","8.25","ActualTrade","SL","-33.00","-35.40","10","-0.50"
"OPF-20260722-150522","2026-04-09T08:45:00.0000000","2026-04-09T09:00:00.0000000","20260409-0845-BEAR-OBS-001140-Z001126","20260409-0845-Short-1140","Short","UnknownRegimeZoneTouch","","19.00","ActualTrade","SL","-1.00","-3.40","11","-3.90"
"OPF-20260722-150522","2026-04-09T14:20:00.0000000","2026-04-09T14:35:00.0000000","20260409-1415-BEAR-OBS-001206-Z001206-OC","20260409-1420-Short-1207","Short","ObservationConfirm","","16.50","ActualTrade","SL","0.00","-2.40","12","-6.30"
"OPF-20260722-150522","2026-04-09T16:40:00.0000000","2026-04-09T16:45:00.0000000","20260409-1640-BEAR-OBS-001235-Z001235","20260409-1640-Short-1235","Short","ZoneBirthResearch","","13.50","ActualTrade","SPLIT_BASE_SL_RUNNER_SL","-60.00","-62.40","13","-68.70"
"OPF-20260722-150522","2026-04-09T17:30:00.0000000","2026-04-09T17:30:00.0000000","20260409-1730-BEAR-OBS-001245-Z001245","20260409-1730-Short-1245","Short","ZoneBirthResearch","","16.25","ActualTrade","SPLIT_BASE_SL_RUNNER_SL","-68.00","-70.40","14","-139.10"
"OPF-20260722-150522","2026-04-09T17:45:00.0000000","2026-04-09T18:00:00.0000000","20260409-1740-BULL-OBS-001247-Z001247-OC","20260409-1745-Long-1248","Long","ObservationConfirm_WideStop1_5R","Fixed2_5R","24.38","ExitPolicyOverride:Fixed2_5R","Stop","-97.52","-99.92","15","-239.02"
"OPF-20260722-150714","2026-04-09T23:15:00.0000000","2026-04-09T23:25:00.0000000","20260409-2300-BEAR-OBS-001116-Z001116-OC","20260409-2315-Short-1119","Short","ObservationConfirm_WideStop1_5R","","6.75","ActualTrade","SL","-35.50","-37.90","1","-37.90"
"OPF-20260722-150714","2026-04-10T00:45:00.0000000","2026-04-10T00:55:00.0000000","20260410-0040-BULL-OBS-001136-Z001136-OC","20260410-0045-Long-1137","Long","ObservationConfirm_WideStop1_5R","Fixed2_5R","10.88","ExitPolicyOverride:Fixed2_5R","Target","108.80","106.40","2","68.50"
"OPF-20260722-150714","2026-04-10T01:05:00.0000000","2026-04-10T02:05:00.0000000","20260410-0100-BULL-OBS-001140-Z001140-OC","","Long","ObservationConfirm_WideStop1_5R","Fixed2_5R","16.50","ExitPolicyOverride:Fixed2_5R","TimeStop","53.00","50.60","3","119.10"
"OPF-20260722-150714","2026-04-10T02:10:00.0000000","2026-04-10T02:40:00.0000000","20260410-0205-BEAR-OBS-001153-Z001153-OC","","Short","ObservationConfirm","","11.00","ShadowTrade","ProtectBE","0.00","-2.40","4","116.70"
"OPF-20260722-150714","2026-04-10T03:10:00.0000000","2026-04-10T03:25:00.0000000","20260410-0305-BULL-OBS-001165-Z001165-OC","20260410-0310-Long-1166","Long","ObservationConfirm_WideStop1_5R","Fixed2_5R","16.88","ExitPolicyOverride:Fixed2_5R","Stop","-67.52","-69.92","5","46.78"
"OPF-20260722-150714","2026-04-10T03:55:00.0000000","2026-04-10T04:05:00.0000000","20260410-0350-BULL-OBS-001174-Z001171-OC","20260410-0355-Long-1175","Long","ObservationConfirm_WideStop1_5R","Fixed2_5R","12.00","ExitPolicyOverride:Fixed2_5R","Stop","-48.00","-50.40","6","-3.62"
"OPF-20260722-150714","2026-04-10T05:20:00.0000000","2026-04-10T05:30:00.0000000","20260410-0505-BULL-OBS-001189-Z001189-OC","20260410-0520-Long-1192","Long","ObservationConfirm_WideStop1_5R","Fixed2_5R","11.25","ExitPolicyOverride:Fixed2_5R","Stop","-45.00","-47.40","7","-51.02"
"OPF-20260722-150714","2026-04-10T05:55:00.0000000","2026-04-10T06:30:00.0000000","20260410-0555-BEAR-OBS-001199-Z001199","20260410-0555-Short-1199","Short","ZoneBirthResearch","","6.00","ActualTrade","SPLIT_BASE_TP_RUNNER_TP","88.50","86.10","8","35.08"
"OPF-20260722-150714","2026-04-10T06:45:00.0000000","2026-04-10T07:05:00.0000000","20260410-0640-BULL-OBS-001208-Z001132-OC-STR","20260410-0645-Long-1209","Long","ObservationStrict_Other","","11.00","ActualTrade","SL","1.00","-1.40","9","33.68"
"OPF-20260722-150714","2026-04-10T08:00:00.0000000","2026-04-10T08:20:00.0000000","20260410-0745-BEAR-OBS-001221-Z001221-OC","20260410-0800-Short-1224","Short","ObservationConfirm","","17.50","ActualTrade","SL","0.50","-1.90","10","31.78"
"OPF-20260722-150714","2026-04-10T08:25:00.0000000","2026-04-10T08:45:00.0000000","20260410-0820-BEAR-OBS-001228-Z001227-FR","","Long","FailureReverse_ObservationInvalidated","","10.00","ShadowTrade","Stop","-40.00","-42.40","11","-10.62"
"OPF-20260722-150714","2026-04-10T08:55:00.0000000","2026-04-10T08:55:00.0000000","20260410-0855-BEAR-OBS-001235-Z001235","20260410-0855-Short-1235","Short","ZoneBirthResearch","","3.50","ActualTrade","SPLIT_BASE_SL_RUNNER_SL","-14.00","-16.40","12","-27.02"
"OPF-20260722-150714","2026-04-10T10:00:00.0000000","2026-04-10T10:00:00.0000000","20260410-1000-BULL-PB-001248-Z001247","20260410-1000-Long-1248","Long","AlmostConfirmed","","9.25","ActualTrade","SL","-40.50","-42.90","13","-69.92"
"OPF-20260722-150714","2026-04-10T10:35:00.0000000","2026-04-10T10:35:00.0000000","20260410-1030-BULL-OBS-001254-Z001253-FR","20260410-1035-Short-1255","Short","FailureReverse_ObservationInvalidated","","7.75","ActualTrade","SL","-31.00","-33.40","14","-103.32"
"OPF-20260722-150714","2026-04-10T10:50:00.0000000","2026-04-10T11:00:00.0000000","20260410-1040-BEAR-OBS-001256-Z001255-FR","20260410-1050-Long-1258","Long","FailureReverse_ObservationInvalidated","","12.50","ActualTrade","SL","-1.50","-3.90","15","-107.22"
"OPF-20260722-150905","2026-04-12T23:40:00.0000000","2026-04-12T23:45:00.0000000","20260412-2335-BEAR-OBS-001123-Z001123-OC","20260412-2340-Short-1124","Short","ObservationConfirm","","2.50","ActualTrade","SL","-1.00","-3.40","1","-3.40"
"OPF-20260722-150905","2026-04-13T00:20:00.0000000","2026-04-13T00:50:00.0000000","20260413-0015-BULL-OBS-001131-Z001131-OC","20260413-0020-Long-1132","Long","ObservationConfirm_WideStop1_5R","Fixed2_5R","13.88","ExitPolicyOverride:Fixed2_5R","Target","138.80","136.40","2","133.00"
"OPF-20260722-150905","2026-04-13T02:15:00.0000000","2026-04-13T02:25:00.0000000","20260413-0210-BEAR-OBS-001154-Z001154-OC","20260413-0215-Short-1155","Short","ObservationConfirm","","6.25","ActualTrade","SL","0.00","-2.40","3","130.60"
"OPF-20260722-150905","2026-04-13T03:25:00.0000000","2026-04-13T03:30:00.0000000","20260413-0320-BEAR-OBS-001168-Z001166-FR","20260413-0325-Long-1169","Long","FailureReverse_ObservationInvalidated","","9.00","ActualTrade","SL","-37.00","-39.40","4","91.20"
"OPF-20260722-150905","2026-04-13T03:50:00.0000000","2026-04-13T04:00:00.0000000","20260413-0330-BULL-OBS-001170-Z001169-FR-RT","20260413-0350-Short-1174","Short","FailureReverse_RetestFailed","","5.25","ActualTrade","SL","-2.50","-4.90","5","86.30"
"OPF-20260722-150905","2026-04-13T05:00:00.0000000","2026-04-13T05:15:00.0000000","20260413-0455-BULL-OBS-001187-Z001187-OC","20260413-0500-Long-1188","Long","ObservationConfirm_WideStop1_5R","Fixed2_5R","17.25","ExitPolicyOverride:Fixed2_5R","Stop","-69.00","-71.40","6","14.90"
"OPF-20260722-150905","2026-04-13T05:30:00.0000000","2026-04-13T05:40:00.0000000","20260413-0500-BULL-OBS-001188-Z001187-FR-RT","20260413-0530-Short-1194","Short","FailureReverse_RetestFailed_WideStop1_5R","","6.38","ActualTrade","SL","-2.00","-4.40","7","10.50"
"OPF-20260722-150905","2026-04-13T06:35:00.0000000","2026-04-13T07:15:00.0000000","20260413-0630-BULL-OBS-001206-Z001204-OC-STR","20260413-0635-Long-1207","Long","ObservationStrict_Other","","10.75","ActualTrade","SL","1.00","-1.40","8","9.10"
"OPF-20260722-150905","2026-04-13T08:10:00.0000000","2026-04-13T08:35:00.0000000","20260413-0805-BULL-OBS-001225-Z001225-OC","20260413-0810-Long-1226","Long","ObservationConfirm_WideStop1_5R","Fixed2_5R","12.75","ExitPolicyOverride:Fixed2_5R","Stop","-51.00","-53.40","9","-44.30"
"OPF-20260722-150905","2026-04-13T10:50:00.0000000","2026-04-13T10:55:00.0000000","20260413-1050-BULL-BRK-001258-Z001258-Q","20260413-1050-Long-1258","Long","BreakawayFvg_Qualified","","5.75","ActualTrade","TP","75.00","72.60","10","28.30"
"OPF-20260722-150905","2026-04-13T11:10:00.0000000","2026-04-13T11:15:00.0000000","20260413-1105-BULL-OBS-001261-Z001261-OC","20260413-1110-Long-1262","Long","ObservationConfirm_WideStop1_5R","Fixed2_5R","7.12","ExitPolicyOverride:Fixed2_5R","Stop","-28.48","-30.88","11","-2.58"
"OPF-20260722-150905","2026-04-13T12:55:00.0000000","2026-04-13T13:30:00.0000000","20260413-1250-BULL-OBS-001282-Z001282-OC","20260413-1255-Long-1283","Long","ObservationConfirm_WideStop1_5R","Fixed2_5R","24.75","ExitPolicyOverride:Fixed2_5R","Target","247.50","245.10","12","242.52"
"OPF-20260722-150905","2026-04-13T17:55:00.0000000","2026-04-13T17:55:00.0000000","20260413-1750-BEAR-OBS-001342-Z001342-OC","20260413-1755-Short-1343","Short","ObservationConfirm","","15.50","ActualTrade","SL","-60.00","-62.40","13","180.12"
"OPF-20260722-150905","2026-04-13T18:25:00.0000000","2026-04-13T18:30:00.0000000","20260413-1820-BEAR-OBS-001348-Z001348-OC","20260413-1825-Short-1349","Short","ObservationConfirm","","15.25","ActualTrade","SL","-59.00","-61.40","14","118.72"
"OPF-20260722-150905","2026-04-13T19:35:00.0000000","2026-04-13T19:35:00.0000000","20260413-1935-BULL-BRK-001363-Z001363-Q","20260413-1935-Long-1363","Long","BreakawayFvg_Qualified","","7.50","ActualTrade","SL","-32.00","-34.40","15","84.32"
"OPF-20260722-151056","2026-04-13T23:25:00.0000000","2026-04-13T23:40:00.0000000","20260413-2325-BEAR-OBS-001121-Z001121","20260413-2325-Short-1121","Short","ZoneBirthResearch","","6.00","ActualTrade","SPLIT_BASE_SL_RUNNER_SL","-24.00","-26.40","1","-26.40"
"OPF-20260722-151056","2026-04-14T00:00:00.0000000","2026-04-14T00:25:00.0000000","20260413-2355-BEAR-OBS-001127-Z001127-OC","20260414-0000-Short-1128","Short","ObservationConfirm","","18.00","ActualTrade","SL","-74.50","-76.90","2","-103.30"
"OPF-20260722-151056","2026-04-14T01:50:00.0000000","2026-04-14T01:55:00.0000000","20260414-0145-BULL-OBS-001149-Z001149-OC","20260414-0150-Long-1150","Long","ObservationConfirm_WideStop1_5R","Fixed2_5R","4.12","ExitPolicyOverride:Fixed2_5R","Stop","-16.48","-18.88","3","-122.18"
"OPF-20260722-151056","2026-04-14T02:55:00.0000000","2026-04-14T03:00:00.0000000","20260414-0245-BULL-OBS-001161-Z001161-OC","20260414-0255-Long-1163","Long","ObservationConfirm_WideStop1_5R","Fixed2_5R","9.38","ExitPolicyOverride:Fixed2_5R","Stop","-37.52","-39.92","4","-162.10"
"OPF-20260722-151056","2026-04-14T03:10:00.0000000","2026-04-14T03:50:00.0000000","20260414-0305-BEAR-OBS-001165-Z001165-OC","","Short","ObservationConfirm_WideStop1_5R","","9.00","ShadowTrade","ProtectBE","0.00","-2.40","5","-164.50"
"OPF-20260722-151056","2026-04-14T04:55:00.0000000","2026-04-14T05:30:00.0000000","20260414-0450-BULL-OBS-001186-Z001186-OC","20260414-0455-Long-1187","Long","ObservationConfirm_WideStop1_5R","Fixed2_5R","10.50","ExitPolicyOverride:Fixed2_5R","Stop","-42.00","-44.40","6","-208.90"
"OPF-20260722-151056","2026-04-14T05:45:00.0000000","2026-04-14T06:05:00.0000000","20260414-0540-BEAR-OBS-001196-Z001195-OC","20260414-0545-Short-1197","Short","ObservationConfirm","","6.50","ActualTrade","SL","14.00","11.60","7","-197.30"
"OPF-20260722-151056","2026-04-14T08:35:00.0000000","2026-04-14T09:35:00.0000000","20260414-0830-BULL-OBS-001230-Z001230-OC","20260414-0835-Long-1231","Long","ObservationConfirm_WideStop1_5R","Fixed2_5R","18.38","ExitPolicyOverride:Fixed2_5R","TimeStop","-7.00","-9.40","8","-206.70"
"OPF-20260722-151056","2026-04-14T09:40:00.0000000","2026-04-14T10:05:00.0000000","20260414-0935-BEAR-OBS-001243-Z001243-OC","","Short","ObservationConfirm","","10.25","ShadowTrade","ProtectBE","0.00","-2.40","9","-209.10"
"OPF-20260722-151056","2026-04-14T10:15:00.0000000","2026-04-14T10:35:00.0000000","20260414-1010-BULL-OBS-001250-Z001250-OC","20260414-1015-Long-1251","Long","ObservationConfirm_WideStop1_5R","Fixed2_5R","23.25","ExitPolicyOverride:Fixed2_5R","Stop","-93.00","-95.40","10","-304.50"
"OPF-20260722-151248","2026-04-14T22:50:00.0000000","2026-04-14T23:00:00.0000000","20260414-2250-BEAR-OBS-001114-Z001114","20260414-2250-Short-1114","Short","ZoneBirthResearch","","4.25","ActualTrade","SPLIT_BASE_SL_RUNNER_SL","-17.50","-19.90","1","-19.90"
"OPF-20260722-151248","2026-04-14T23:15:00.0000000","2026-04-14T23:30:00.0000000","20260414-2310-BULL-OBS-001118-Z001118-OC","20260414-2315-Long-1119","Long","ObservationConfirm_WideStop1_5R","Fixed2_5R","9.38","ExitPolicyOverride:Fixed2_5R","Target","93.80","91.40","2","71.50"
"OPF-20260722-151248","2026-04-15T00:00:00.0000000","2026-04-15T00:00:00.0000000","20260415-0000-BEAR-OBS-001128-Z001128","20260415-0000-Short-1128","Short","ZoneBirthResearch","","8.00","ActualTrade","SPLIT_BASE_SL_RUNNER_SL","-30.00","-32.40","3","39.10"
"OPF-20260722-151248","2026-04-15T00:45:00.0000000","2026-04-15T00:45:00.0000000","20260415-0045-BEAR-OBS-001137-Z001137","20260415-0045-Short-1137","Short","ZoneBirthResearch","","3.75","ActualTrade","SPLIT_BASE_SL_RUNNER_SL","-15.00","-17.40","4","21.70"
"OPF-20260722-151248","2026-04-15T02:15:00.0000000","2026-04-15T02:35:00.0000000","20260415-0215-BEAR-OBS-001155-Z001155","20260415-0215-Short-1155","Short","ZoneBirthResearch","","7.00","ActualTrade","SPLIT_BASE_TP_RUNNER_TP","97.50","95.10","5","116.80"
"OPF-20260722-151248","2026-04-15T03:40:00.0000000","2026-04-15T03:40:00.0000000","20260415-0335-BEAR-OBS-001171-Z001158-OC","20260415-0340-Short-1172","Short","ObservationConfirm","","8.00","ActualTrade","SL","-37.00","-39.40","6","77.40"
"OPF-20260722-151248","2026-04-15T07:05:00.0000000","2026-04-15T09:05:00.0000000","20260415-0700-BULL-OBS-001212-Z001206-OC","20260415-0705-Long-1213","Long","ObservationConfirm_WideStop1_5R","Fixed2_5R","22.88","ExitPolicyOverride:Fixed2_5R","TimeStop","33.00","30.60","7","108.00"
"OPF-20260722-151248","2026-04-15T09:25:00.0000000","2026-04-15T10:30:00.0000000","20260415-0915-BEAR-OBS-001239-Z001239-OC","","Short","ObservationConfirm_WideStop1_5R","","16.88","ShadowTrade","TargetOrProtectBE:ConservativeProtectBE","0","-2.4","8","105.60"
"OPF-20260722-151439","2026-04-16T23:35:00.0000000","2026-04-17T00:05:00.0000000","20260416-2320-BULL-OBS-001120-Z001120-OC","20260416-2335-Long-1123","Long","ObservationConfirm_WideStop1_5R","Fixed2_5R","18.00","ExitPolicyOverride:Fixed2_5R","Stop","-72.00","-74.40","1","-74.40"
"OPF-20260722-151439","2026-04-17T00:10:00.0000000","2026-04-17T00:10:00.0000000","20260417-0005-BEAR-OBS-001129-Z001129-OC","20260417-0010-Short-1130","Short","ObservationConfirm","","17.75","ActualTrade","SL","-72.50","-74.90","2","-149.30"
"OPF-20260722-151439","2026-04-17T02:10:00.0000000","2026-04-17T04:15:00.0000000","20260417-0210-BEAR-OBS-001154-Z001154","20260417-0210-Short-1154","Short","ZoneBirthResearch","","7.75","ActualTrade","SPLIT_BASE_TP_RUNNER_BE","37.50","35.10","3","-114.20"
"OPF-20260722-151439","2026-04-17T04:40:00.0000000","2026-04-17T04:40:00.0000000","20260417-0435-BULL-OBS-001183-Z001180-FR","20260417-0440-Short-1184","Short","FailureReverse_ObservationInvalidated","","4.00","ActualTrade","SL","-19.00","-21.40","4","-135.60"
"OPF-20260722-151439","2026-04-17T04:45:00.0000000","2026-04-17T05:00:00.0000000","20260417-0440-BEAR-OBS-001184-Z001184-OC","","Short","ObservationConfirm_WideStop1_5R","","6.75","ShadowTrade","TargetOrProtectBE:ConservativeProtectBE","0","-2.4","5","-138.00"
"OPF-20260722-151439","2026-04-17T06:35:00.0000000","2026-04-17T06:40:00.0000000","20260417-0630-BEAR-OBS-001206-Z001206-OC","20260417-0635-Short-1207","Short","ObservationConfirm","","6.50","ActualTrade","SL","-28.00","-30.40","6","-168.40"
"OPF-20260722-151439","2026-04-17T06:55:00.0000000","2026-04-17T06:55:00.0000000","20260417-0650-BULL-OBS-001210-Z001210-FR","20260417-0655-Short-1211","Short","FailureReverse_ObservationInvalidated_WideStop1_5R","","6.38","ActualTrade","SL","-24.00","-26.40","7","-194.80"
"OPF-20260722-151439","2026-04-17T09:20:00.0000000","2026-04-17T09:20:00.0000000","20260417-0920-BEAR-OBS-001240-Z001240","20260417-0920-Short-1240","Short","ZoneBirthResearch","","4.75","ActualTrade","SPLIT_BASE_SL_RUNNER_SL","-18.50","-20.90","8","-215.70"
"OPF-20260722-151439","2026-04-17T10:00:00.0000000","2026-04-17T10:30:00.0000000","20260417-0955-BULL-OBS-001247-Z001247-OC","20260417-1000-Long-1248","Long","ObservationConfirm_WideStop1_5R","Fixed2_5R","19.88","ExitPolicyOverride:Fixed2_5R","Stop","-79.52","-81.92","9","-297.62"
"OPF-20260722-151439","2026-04-17T10:35:00.0000000","2026-04-17T11:00:00.0000000","20260417-1030-BEAR-OBS-001254-Z001254-OC","","Short","ObservationConfirm_WideStop1_5R","","20.25","ShadowTrade","Stop","-81.00","-83.40","10","-381.02"
"OPF-20260722-151630","2026-04-20T01:45:00.0000000","2026-04-20T02:05:00.0000000","20260420-0140-BULL-OBS-001148-Z001148-OC","20260420-0145-Long-1149","Long","ObservationConfirm_WideStop1_5R","Fixed2_5R","8.62","ExitPolicyOverride:Fixed2_5R","Stop","-34.48","-36.88","1","-36.88"
"OPF-20260722-151630","2026-04-20T02:10:00.0000000","2026-04-20T05:25:00.0000000","20260420-0205-BEAR-OBS-001153-Z001153-OC","20260420-0210-Short-1154","Short","ObservationConfirm_WideStop1_5R","","17.62","ActualTrade","TP","213.00","210.60","2","173.72"
"OPF-20260722-151630","2026-04-20T06:10:00.0000000","2026-04-20T06:40:00.0000000","20260420-0605-BULL-OBS-001201-Z001201-OC-STR","20260420-0610-Long-1202","Long","ObservationStrict_BullFresh_WideStop1_5R","","15.75","ActualTrade","SL","-2.00","-4.40","3","169.32"
"OPF-20260722-151630","2026-04-20T08:55:00.0000000","2026-04-20T09:10:00.0000000","20260420-0850-BEAR-OBS-001234-Z001219-FR","20260420-0855-Long-1235","Long","FailureReverse_ObservationInvalidated","","17.50","ActualTrade","SL","-2.00","-4.40","4","164.92"
"OPF-20260722-151630","2026-04-20T09:15:00.0000000","2026-04-20T10:10:00.0000000","20260420-0910-BULL-OBS-001238-Z001236-OC","20260420-0915-Long-1239","Long","ObservationConfirm_WideStop1_5R","Fixed2_5R","12.75","ExitPolicyOverride:Fixed2_5R","Target","127.50","125.10","5","290.02"
"OPF-20260722-151630","2026-04-20T10:35:00.0000000","2026-04-20T10:45:00.0000000","20260420-1035-BEAR-OBS-001255-Z001255","20260420-1035-Short-1255","Short","ZoneBirthResearch","","3.25","ActualTrade","SPLIT_BASE_TP_RUNNER_SL","11.00","8.60","6","298.62"
"OPF-20260722-151630","2026-04-20T10:55:00.0000000","2026-04-20T11:00:00.0000000","20260420-1050-BEAR-OBS-001258-Z001255-OC","20260420-1055-Short-1259","Short","ObservationConfirm","","6.00","ActualTrade","SL","-1.00","-3.40","7","295.22"
"OPF-20260722-151630","2026-04-20T12:55:00.0000000","2026-04-20T13:05:00.0000000","20260420-1250-BULL-OBS-001282-Z001282-OC","","Long","ObservationConfirm_WideStop1_5R","Fixed2_5R","15.75","ExitPolicyOverride:Fixed2_5R","Target","157.50","155.10","8","450.32"
"OPF-20260722-151630","2026-04-20T20:45:00.0000000","2026-04-20T20:50:00.0000000","20260420-2040-BULL-OBS-001376-Z001376-FR","20260420-2045-Short-1377","Short","FailureReverse_ObservationInvalidated_WideStop1_5R","","18.00","ActualTrade","SESSION_FLATTEN","-10.50","-12.90","9","437.42"
"OPF-20260722-151821","2026-04-20T23:25:00.0000000","2026-04-20T23:25:00.0000000","20260420-2325-BEAR-OBS-001121-Z001121","20260420-2325-Short-1121","Short","ZoneBirthResearch","","5.00","ActualTrade","SPLIT_BASE_SL_RUNNER_SL","-21.50","-23.90","1","-23.90"
"OPF-20260722-151821","2026-04-21T00:35:00.0000000","2026-04-21T00:40:00.0000000","20260421-0030-BEAR-OBS-001134-Z001134-OC","20260421-0035-Short-1135","Short","ObservationConfirm","","16.75","ActualTrade","SL","-84.00","-86.40","2","-110.30"
"OPF-20260722-151821","2026-04-21T02:00:00.0000000","2026-04-21T02:00:00.0000000","20260421-0155-BEAR-OBS-001151-Z001151-OC","20260421-0200-Short-1152","Short","ObservationConfirm","","5.00","ActualTrade","SL","-20.50","-22.90","3","-133.20"
"OPF-20260722-151821","2026-04-21T03:55:00.0000000","2026-04-21T05:05:00.0000000","20260421-0350-BULL-OBS-001174-Z001174-OC","20260421-0355-Long-1175","Long","ObservationConfirm_WideStop1_5R","Fixed2_5R","11.62","ExitPolicyOverride:Fixed2_5R","Target","116.20","113.80","4","-19.40"
"OPF-20260722-151821","2026-04-21T05:10:00.0000000","2026-04-21T05:45:00.0000000","20260421-0505-BULL-OBS-001189-Z001189-OC","","Long","ObservationConfirm_WideStop1_5R","Fixed2_5R","18.00","ExitPolicyOverride:Fixed2_5R","Stop","-72.00","-74.40","5","-93.80"
"OPF-20260722-151821","2026-04-21T05:50:00.0000000","2026-04-21T06:00:00.0000000","20260421-0545-BEAR-OBS-001197-Z001197-OC","","Short","ObservationConfirm","","5.25","ShadowTrade","Stop","-21.00","-23.40","6","-117.20"
"OPF-20260722-151821","2026-04-21T08:35:00.0000000","2026-04-21T09:05:00.0000000","20260421-0830-BULL-OBS-001230-Z001230-OC","20260421-0835-Long-1231","Long","ObservationConfirm_WideStop1_5R","Fixed2_5R","14.25","ExitPolicyOverride:Fixed2_5R","Stop","-57.00","-59.40","7","-176.60"
"OPF-20260722-151821","2026-04-21T09:10:00.0000000","2026-04-21T09:45:00.0000000","20260421-0905-BEAR-OBS-001237-Z001237-OC","20260421-0910-Short-1238","Short","ObservationConfirm","","20.00","ActualTrade","SL","-80.00","-82.40","8","-259.00"
"OPF-20260722-151821","2026-04-21T10:00:00.0000000","2026-04-21T10:50:00.0000000","20260421-0955-BULL-OBS-001247-Z001247-OC","20260421-1000-Long-1248","Long","ObservationConfirm_WideStop1_5R","Fixed2_5R","10.50","ExitPolicyOverride:Fixed2_5R","Target","105.00","102.60","9","-156.40"
"OPF-20260722-151821","2026-04-21T10:55:00.0000000","2026-04-21T11:05:00.0000000","20260421-1055-BULL-BRK-001259-Z001259-Q","","Long","BreakawayFvg_Qualified","","6.25","ShadowTrade","Stop","-25.00","-27.40","10","-183.80"
"OPF-20260722-151821","2026-04-21T18:35:00.0000000","2026-04-21T18:45:00.0000000","20260421-1810-BULL-OBS-001346-Z001345-FR-RT","20260421-1835-Short-1351","Short","FailureReverse_RetestFailed_WideStop1_5R","","20.25","ActualTrade","SL","-11.50","-13.90","11","-197.70"
"OPF-20260722-152015","2026-04-21T22:55:00.0000000","2026-04-21T22:55:00.0000000","20260421-2255-BEAR-OBS-001115-Z001115","20260421-2255-Short-1115","Short","ZoneBirthResearch","","7.50","ActualTrade","SPLIT_BASE_SL_RUNNER_SL","-31.50","-33.90","1","-33.90"
"OPF-20260722-152015","2026-04-21T23:15:00.0000000","2026-04-21T23:15:00.0000000","20260421-2255-BEAR-OBS-001115-Z001115-FR-RT","20260421-2315-Long-1119","Long","FailureReverse_RetestFailed","","7.00","ActualTrade","SL","-28.50","-30.90","2","-64.80"
"OPF-20260722-152015","2026-04-21T23:55:00.0000000","2026-04-22T01:30:00.0000000","20260421-2350-BULL-OBS-001126-Z001126-OC","20260421-2355-Long-1127","Long","ObservationConfirm_WideStop1_5R","Fixed2_5R","17.62","ExitPolicyOverride:Fixed2_5R","TimeStop","134.00","131.60","3","66.80"
"OPF-20260722-152015","2026-04-22T01:45:00.0000000","2026-04-22T04:05:00.0000000","20260422-0140-BULL-OBS-001148-Z001148-OC","20260422-0145-Long-1149","Long","ObservationConfirm_WideStop1_5R","Fixed2_5R","15.38","ExitPolicyOverride:Fixed2_5R","TimeStop","-27.00","-29.40","4","37.40"
"OPF-20260722-152015","2026-04-22T06:15:00.0000000","2026-04-22T06:20:00.0000000","20260422-0610-BEAR-OBS-001202-Z001202-OC","20260422-0615-Short-1203","Short","ObservationConfirm","","6.25","ActualTrade","SL","-31.00","-33.40","5","4.00"
"OPF-20260722-152015","2026-04-22T06:25:00.0000000","2026-04-22T07:35:00.0000000","20260422-0615-BEAR-OBS-001203-Z001202-FR","","Long","FailureReverse_ObservationInvalidated_WideStop1_5R","","11.25","ShadowTrade","TargetOrProtectBE:ConservativeProtectBE","0","-2.4","6","1.60"
"OPF-20260722-152015","2026-04-22T07:45:00.0000000","2026-04-22T07:55:00.0000000","20260422-0740-BULL-OBS-001220-Z001218-OC-STR","20260422-0745-Long-1221","Long","ObservationStrict_Other","","8.00","ActualTrade","SL","-35.00","-37.40","7","-35.80"
"OPF-20260722-152015","2026-04-22T08:25:00.0000000","2026-04-22T08:45:00.0000000","20260422-0820-BEAR-OBS-001228-Z001228-OC","20260422-0825-Short-1229","Short","ObservationConfirm","","17.75","ActualTrade","SL","-1.00","-3.40","8","-39.20"
"OPF-20260722-152015","2026-04-22T08:50:00.0000000","2026-04-22T09:55:00.0000000","20260422-0840-BEAR-OBS-001232-Z001231-FR","","Long","FailureReverse_ObservationInvalidated","","17.00","ShadowTrade","ProtectBE","0.00","-2.40","9","-41.60"
"OPF-20260722-152015","2026-04-22T12:20:00.0000000","2026-04-22T12:30:00.0000000","20260422-1215-BULL-OBS-001275-Z001275-OC","20260422-1220-Long-1276","Long","ObservationConfirm_WideStop1_5R","Fixed2_5R","19.88","ExitPolicyOverride:Fixed2_5R","Stop","-79.52","-81.92","10","-123.52"
"OPF-20260722-152015","2026-04-22T13:00:00.0000000","2026-04-22T13:05:00.0000000","20260422-1255-BEAR-OBS-001283-Z001282-OC","","Short","ObservationConfirm_WideStop1_5R","","14.25","ShadowTrade","Stop","-57.00","-59.40","11","-182.92"
"OPF-20260722-152015","2026-04-22T17:15:00.0000000","2026-04-22T18:10:00.0000000","20260422-1710-BULL-OBS-001334-Z001334-OC-STR","20260422-1715-Long-1335","Long","ObservationStrict_BullFresh_WideStop1_5R","","21.75","ActualTrade","SL","0.00","-2.40","12","-185.32"
"OPF-20260722-152015","2026-04-22T18:25:00.0000000","2026-04-22T18:25:00.0000000","20260422-1820-BULL-OBS-001348-Z001335-FR","20260422-1825-Short-1349","Short","FailureReverse_ObservationInvalidated_WideStop1_5R","","13.50","ActualTrade","SL","-52.00","-54.40","13","-239.72"
"OPF-20260722-152015","2026-04-22T19:25:00.0000000","2026-04-22T19:50:00.0000000","20260422-1920-BULL-OBS-001360-Z001360-OC","20260422-1925-Long-1361","Long","ObservationConfirm_WideStop1_5R","Fixed2_5R","15.00","ExitPolicyOverride:Fixed2_5R","Target","150.00","147.60","14","-92.12"
"OPF-20260722-152206","2026-04-22T23:20:00.0000000","2026-04-23T00:00:00.0000000","20260422-2315-BULL-OBS-001119-Z001119-OC","20260422-2320-Long-1120","Long","ObservationConfirm_WideStop1_5R","Fixed2_5R","13.12","ExitPolicyOverride:Fixed2_5R","Stop","-52.48","-54.88","1","-54.88"
"OPF-20260722-152206","2026-04-23T01:15:00.0000000","2026-04-23T02:10:00.0000000","20260423-0115-BEAR-OBS-001143-Z001143","20260423-0115-Short-1143","Short","ZoneBirthResearch","","16.50","ActualTrade","SPLIT_BASE_TP_RUNNER_TP","224.00","221.60","2","166.72"
"OPF-20260722-152206","2026-04-23T03:25:00.0000000","2026-04-23T03:30:00.0000000","20260423-0320-BEAR-OBS-001168-Z001168-OC","20260423-0325-Short-1169","Short","ObservationConfirm","","16.00","ActualTrade","SL","-1.50","-3.90","3","162.82"
"OPF-20260722-152206","2026-04-23T03:40:00.0000000","2026-04-23T03:45:00.0000000","20260423-0335-BEAR-OBS-001171-Z001171-OC","20260423-0340-Short-1172","Short","ObservationConfirm","","16.50","ActualTrade","SL","-76.00","-78.40","4","84.42"
"OPF-20260722-152206","2026-04-23T04:40:00.0000000","2026-04-23T05:40:00.0000000","20260423-0435-BULL-OBS-001183-Z001183-OC","20260423-0440-Long-1184","Long","ObservationConfirm_WideStop1_5R","Fixed2_5R","13.88","ExitPolicyOverride:Fixed2_5R","TimeStop","13.00","10.60","5","95.02"
"OPF-20260722-152206","2026-04-23T09:35:00.0000000","2026-04-23T09:35:00.0000000","20260423-0930-BEAR-OBS-001242-Z001232-OC","20260423-0935-Short-1243","Short","ObservationConfirm","","5.25","ActualTrade","SL","-32.00","-34.40","6","60.62"
"OPF-20260722-152357","2026-04-24T02:35:00.0000000","2026-04-24T03:25:00.0000000","20260424-0225-BEAR-OBS-001157-Z001157-OC","20260424-0235-Short-1159","Short","ObservationConfirm_WideStop1_5R","","16.88","ActualTrade","TP","204.00","201.60","1","201.60"
"OPF-20260722-152357","2026-04-24T03:35:00.0000000","2026-04-24T03:40:00.0000000","20260424-0330-BEAR-OBS-001170-Z001170-OC","20260424-0335-Short-1171","Short","ObservationConfirm_WideStop1_5R","","6.75","ActualTrade","SL","0.00","-2.40","2","199.20"
"OPF-20260722-152357","2026-04-24T04:25:00.0000000","2026-04-24T04:25:00.0000000","20260424-0420-BEAR-OBS-001180-Z001180-OC","20260424-0425-Short-1181","Short","ObservationConfirm","","13.25","ActualTrade","SL","-48.00","-50.40","3","148.80"
"OPF-20260722-152357","2026-04-24T04:50:00.0000000","2026-04-24T05:10:00.0000000","20260424-0445-BEAR-OBS-001185-Z001169-OC","20260424-0450-Short-1186","Short","ObservationConfirm_WideStop1_5R","","9.75","ActualTrade","SL","0.00","-2.40","4","146.40"
"OPF-20260722-152357","2026-04-24T05:55:00.0000000","2026-04-24T06:25:00.0000000","20260424-0550-BULL-OBS-001198-Z001198-OC","20260424-0555-Long-1199","Long","ObservationConfirm_WideStop1_5R","Fixed2_5R","12.00","ExitPolicyOverride:Fixed2_5R","Stop","-48.00","-50.40","5","96.00"
"OPF-20260722-152357","2026-04-24T06:30:00.0000000","2026-04-24T06:30:00.0000000","20260424-0630-BEAR-OBS-001206-Z001206","20260424-0630-Short-1206","Short","ZoneBirthResearch","","3.50","ActualTrade","SPLIT_BASE_SL_RUNNER_SL","-14.00","-16.40","6","79.60"
"OPF-20260722-152357","2026-04-24T07:40:00.0000000","2026-04-24T07:40:00.0000000","20260424-0740-BEAR-OBS-001220-Z001220","20260424-0740-Short-1220","Short","ZoneBirthResearch","","3.00","ActualTrade","SPLIT_BASE_SL_RUNNER_SL","-15.00","-17.40","7","62.20"
"OPF-20260722-152357","2026-04-24T10:35:00.0000000","2026-04-24T11:05:00.0000000","20260424-1030-BULL-OBS-001254-Z001254-OC","20260424-1035-Long-1255","Long","ObservationConfirm_WideStop1_5R","Fixed2_5R","19.12","ExitPolicyOverride:Fixed2_5R","Target","191.20","188.80","8","251.00"
"OPF-20260722-152357","2026-04-24T15:05:00.0000000","2026-04-24T15:40:00.0000000","20260424-1500-BULL-OBS-001308-Z001308-OC","20260424-1505-Long-1309","Long","ObservationConfirm_WideStop1_5R","Fixed2_5R","23.62","ExitPolicyOverride:Fixed2_5R","Target","236.20","233.80","9","484.80"
"OPF-20260722-152357","2026-04-24T17:05:00.0000000","2026-04-24T17:10:00.0000000","20260424-1700-BULL-OBS-001332-Z001332-OC","20260424-1705-Long-1333","Long","ObservationConfirm_WideStop1_5R","Fixed2_5R","6.75","ExitPolicyOverride:Fixed2_5R","Stop","-27.00","-29.40","10","455.40"
"OPF-20260722-152357","2026-04-24T17:25:00.0000000","2026-04-24T17:30:00.0000000","20260424-1720-BEAR-OBS-001336-Z001336-OC","20260424-1725-Short-1337","Short","ObservationConfirm","","18.00","ActualTrade","SL","-75.00","-77.40","11","378.00"
"OPF-20260722-152357","2026-04-24T18:05:00.0000000","2026-04-24T18:20:00.0000000","20260424-1755-BULL-OBS-001343-Z001343-FR","","Short","FailureReverse_ObservationInvalidated_WideStop1_5R","","10.50","ShadowTrade","TargetOrProtectBE:ConservativeProtectBE","0","-2.4","12","375.60"
"OPF-20260722-152357","2026-04-24T20:10:00.0000000","2026-04-24T20:20:00.0000000","20260424-2010-BEAR-OBS-001370-Z001370","","Short","ZoneBirthResearch","","13.50","ShadowTrade","Base:Stop|Runner:Stop","-54.00","-56.40","13","319.20"
"OPF-20260722-152357","2026-04-24T20:25:00.0000000","2026-04-24T20:25:00.0000000","20260424-2000-BULL-OBS-001368-Z001367-FR-RT","20260424-2025-Short-1373","Short","FailureReverse_RetestFailed","","10.75","ActualTrade","SL","-42.00","-44.40","14","274.80"
"OPF-20260722-152557","2026-04-27T04:10:00.0000000","2026-04-27T04:15:00.0000000","20260427-0405-BEAR-OBS-001177-Z001177-OC","20260427-0410-Short-1178","Short","ObservationConfirm","","9.75","ActualTrade","SL","-43.50","-45.90","1","-45.90"
"OPF-20260722-152557","2026-04-27T04:30:00.0000000","2026-04-27T04:55:00.0000000","20260427-0425-BULL-OBS-001181-Z001181-OC","20260427-0430-Long-1182","Long","ObservationConfirm_WideStop1_5R","Fixed2_5R","13.88","ExitPolicyOverride:Fixed2_5R","Stop","-55.52","-57.92","2","-103.82"
"OPF-20260722-152557","2026-04-27T05:20:00.0000000","2026-04-27T05:30:00.0000000","20260427-0515-BEAR-OBS-001191-Z001191-OC","20260427-0520-Short-1192","Short","ObservationConfirm","","7.50","ActualTrade","TP","97.50","95.10","3","-8.72"
"OPF-20260722-152557","2026-04-27T06:35:00.0000000","2026-04-27T06:45:00.0000000","20260427-0635-BEAR-BRK-001207-Z001207","20260427-0635-Short-1207","Short","BreakawayFvg","","9.75","ActualTrade","SL","0.00","-2.40","4","-11.12"
"OPF-20260722-152557","2026-04-27T08:10:00.0000000","2026-04-27T08:10:00.0000000","20260427-0810-BEAR-BRK-001226-Z001226","20260427-0810-Short-1226","Short","BreakawayFvg","","18.75","ActualTrade","SL","-76.00","-78.40","5","-89.52"
"OPF-20260722-152557","2026-04-27T08:15:00.0000000","2026-04-27T08:25:00.0000000","20260427-0810-BEAR-OBS-001226-Z001226-OC","","Short","ObservationConfirm","","5.75","ShadowTrade","Stop","-23.00","-25.40","6","-114.92"
"OPF-20260722-152557","2026-04-27T10:00:00.0000000","2026-04-27T10:30:00.0000000","20260427-0955-BEAR-OBS-001246-Z001194-OC","20260427-1000-Short-1247","Short","ObservationConfirm","","15.50","ActualTrade","SL","-64.00","-66.40","7","-181.32"
"OPF-20260722-152557","2026-04-27T11:30:00.0000000","2026-04-27T12:15:00.0000000","20260427-1125-BEAR-OBS-001264-Z001190-OC","20260427-1130-Short-1265","Short","ObservationConfirm","","16.00","ActualTrade","TP","192.00","189.60","8","8.28"
"OPF-20260722-152557","2026-04-27T20:10:00.0000000","2026-04-27T20:25:00.0000000","20260427-1955-BULL-OBS-001366-Z001365-FR-RT","20260427-2010-Short-1369","Short","FailureReverse_RetestFailed_WideStop1_5R","","10.12","ActualTrade","SL","-1.00","-3.40","9","4.88"
"OPF-20260722-152743","2026-04-27T23:50:00.0000000","2026-04-27T23:55:00.0000000","20260427-2350-BEAR-OBS-001125-Z001125","20260427-2350-Short-1125","Short","ZoneBirthResearch","","5.00","ActualTrade","SPLIT_BASE_SL_RUNNER_SL","-24.00","-26.40","1","-26.40"
"OPF-20260722-152743","2026-04-28T00:30:00.0000000","2026-04-28T00:40:00.0000000","20260428-0030-BEAR-OBS-001133-Z001133","20260428-0030-Short-1133","Short","ZoneBirthResearch","","16.50","ActualTrade","SPLIT_BASE_SL_RUNNER_SL","-64.00","-66.40","2","-92.80"
"OPF-20260722-152743","2026-04-28T00:50:00.0000000","2026-04-28T01:20:00.0000000","20260428-0040-BEAR-OBS-001135-Z001133-OC","20260428-0050-Short-1137","Short","ObservationConfirm","","7.75","ActualTrade","SL","1.00","-1.40","3","-94.20"
"OPF-20260722-152743","2026-04-28T02:40:00.0000000","2026-04-28T03:05:00.0000000","20260428-0235-BEAR-OBS-001158-Z001158-OC","20260428-0240-Short-1159","Short","ObservationConfirm","","16.25","ActualTrade","SL","-6.50","-8.90","4","-103.10"
"OPF-20260722-152743","2026-04-28T03:35:00.0000000","2026-04-28T03:45:00.0000000","20260428-0330-BULL-OBS-001169-Z001169-OC","20260428-0335-Long-1170","Long","ObservationConfirm_WideStop1_5R","Fixed2_5R","14.25","ExitPolicyOverride:Fixed2_5R","Stop","-57.00","-59.40","5","-162.50"
"OPF-20260722-152743","2026-04-28T03:55:00.0000000","2026-04-28T04:05:00.0000000","20260428-0350-BEAR-OBS-001173-Z001173-OC","20260428-0355-Short-1174","Short","ObservationConfirm_WideStop1_5R","","17.25","ActualTrade","SL","-62.00","-64.40","6","-226.90"
"OPF-20260722-152743","2026-04-28T05:25:00.0000000","2026-04-28T06:35:00.0000000","20260428-0520-BEAR-OBS-001191-Z001189-OC","20260428-0525-Short-1192","Short","ObservationConfirm","","17.25","ActualTrade","TP","201.00","198.60","7","-28.30"
"OPF-20260722-152743","2026-04-28T06:50:00.0000000","2026-04-28T07:40:00.0000000","20260428-0645-BEAR-OBS-001208-Z001208-OC","","Short","ObservationConfirm_WideStop1_5R","","16.50","ShadowTrade","Stop","-66.00","-68.40","8","-96.70"
"OPF-20260722-152743","2026-04-28T08:50:00.0000000","2026-04-28T09:05:00.0000000","20260428-0835-BULL-OBS-001230-Z001229-FR-RT","20260428-0850-Short-1233","Short","FailureReverse_RetestFailed_WideStop1_5R","","13.88","ActualTrade","SL","-2.00","-4.40","9","-101.10"
"OPF-20260722-152743","2026-04-28T09:25:00.0000000","2026-04-28T10:40:00.0000000","20260428-0925-BEAR-OBS-001240-Z001240","20260428-0925-Short-1240","Short","ZoneBirthResearch","","16.00","ActualTrade","SPLIT_BASE_TP_RUNNER_TP","214.50","212.10","10","111.00"
"OPF-20260722-152743","2026-04-28T11:15:00.0000000","2026-04-28T11:30:00.0000000","20260428-1115-BEAR-BRK-001262-Z001262","20260428-1115-Short-1262","Short","BreakawayFvg","","21.25","ActualTrade","TP","256.50","254.10","11","365.10"
"OPF-20260722-152743","2026-04-28T12:25:00.0000000","2026-04-28T12:25:00.0000000","20260428-1225-BEAR-OBS-001276-Z001276","20260428-1225-Short-1276","Short","ZoneBirthResearch","","17.25","ActualTrade","SPLIT_BASE_SL_RUNNER_SL","-68.50","-70.90","12","294.20"
"OPF-20260722-152743","2026-04-28T13:15:00.0000000","2026-04-28T13:15:00.0000000","20260428-1300-BULL-OBS-001283-Z001283-FR-RT","20260428-1315-Short-1286","Short","FailureReverse_RetestFailed_WideStop1_5R","","15.00","ActualTrade","SL","-65.00","-67.40","13","226.80"
"OPF-20260722-152743","2026-04-28T16:00:00.0000000","2026-04-28T16:05:00.0000000","20260428-1600-BEAR-OBS-001319-Z001312","","Short","UnknownRegimeZoneTouch","","7.50","ShadowTrade","Stop","-30.00","-32.40","14","194.40"
"OPF-20260722-152743","2026-04-28T19:10:00.0000000","2026-04-28T19:15:00.0000000","20260428-1905-BULL-OBS-001356-Z001356-OC","","Long","ObservationConfirm_WideStop1_5R","Fixed2_5R","19.50","ExitPolicyOverride:Fixed2_5R","Stop","-78.00","-80.40","15","114.00"
"OPF-20260722-152929","2026-04-28T23:25:00.0000000","2026-04-28T23:40:00.0000000","20260428-2320-BULL-OBS-001119-Z001119-OC","20260428-2325-Long-1120","Long","ObservationConfirm_WideStop1_5R","Fixed2_5R","6.00","ExitPolicyOverride:Fixed2_5R","Target","60.00","57.60","1","57.60"
"OPF-20260722-152929","2026-04-29T00:35:00.0000000","2026-04-29T00:55:00.0000000","20260429-0030-BULL-OBS-001133-Z001132-FR","20260429-0035-Short-1134","Short","FailureReverse_ObservationInvalidated_WideStop1_5R","","9.75","ActualTrade","TP","117.00","114.60","2","172.20"
"OPF-20260722-152929","2026-04-29T01:10:00.0000000","2026-04-29T01:15:00.0000000","20260429-0110-BEAR-OBS-001141-Z001141","20260429-0110-Short-1141","Short","ZoneBirthResearch","","15.75","ActualTrade","SPLIT_BASE_SL_RUNNER_SL","-62.50","-64.90","3","107.30"
"OPF-20260722-152929","2026-04-29T01:55:00.0000000","2026-04-29T01:55:00.0000000","20260429-0155-BEAR-OBS-001150-Z001150","20260429-0155-Short-1150","Short","ZoneBirthResearch","","5.50","ActualTrade","SPLIT_BASE_SL_RUNNER_SL","-18.00","-20.40","4","86.90"
"OPF-20260722-152929","2026-04-29T02:35:00.0000000","2026-04-29T02:40:00.0000000","20260429-0235-BEAR-OBS-001158-Z001158","20260429-0235-Short-1158","Short","ZoneBirthResearch","","7.00","ActualTrade","SPLIT_BASE_SL_RUNNER_SL","-32.50","-34.90","5","52.00"
"OPF-20260722-152929","2026-04-29T02:55:00.0000000","2026-04-29T04:30:00.0000000","20260429-0250-BULL-OBS-001161-Z001161-OC","20260429-0255-Long-1162","Long","ObservationConfirm_WideStop1_5R","Fixed2_5R","15.38","ExitPolicyOverride:Fixed2_5R","Target","153.80","151.40","6","203.40"
"OPF-20260722-152929","2026-04-29T05:15:00.0000000","2026-04-29T05:20:00.0000000","20260429-0510-BULL-OBS-001189-Z001175-OC","","Long","ObservationConfirm_WideStop1_5R","Fixed2_5R","7.88","ExitPolicyOverride:Fixed2_5R","Stop","-31.52","-33.92","7","169.48"
"OPF-20260722-152929","2026-04-29T05:35:00.0000000","2026-04-29T06:25:00.0000000","20260429-0530-BULL-OBS-001193-Z001193-OC","","Long","ObservationConfirm_WideStop1_5R","Fixed2_5R","15.75","ExitPolicyOverride:Fixed2_5R","Stop","-63.00","-65.40","8","104.08"
"OPF-20260722-152929","2026-04-29T06:45:00.0000000","2026-04-29T07:05:00.0000000","20260429-0640-BEAR-OBS-001207-Z001202-OC","","Short","ObservationConfirm","","15.50","ShadowTrade","ProtectBE","0.00","-2.40","9","101.68"
"OPF-20260722-152929","2026-04-29T07:20:00.0000000","2026-04-29T08:00:00.0000000","20260429-0715-BEAR-OBS-001214-Z001214-OC","","Short","ObservationConfirm_WideStop1_5R","","19.50","ShadowTrade","ProtectBE","0.00","-2.40","10","99.28"
"OPF-20260722-152929","2026-04-29T08:05:00.0000000","2026-04-29T08:20:00.0000000","20260429-0800-BULL-OBS-001223-Z001223-FR","20260429-0805-Short-1224","Short","FailureReverse_ObservationInvalidated_WideStop1_5R","","24.38","ActualTrade","SL","-101.00","-103.40","11","-4.12"
"OPF-20260722-152929","2026-04-29T08:25:00.0000000","2026-04-29T08:30:00.0000000","20260429-0820-BEAR-OBS-001227-Z001225-FR","","Long","FailureReverse_ObservationInvalidated","","20.00","ShadowTrade","Stop","-80.00","-82.40","12","-86.52"
"OPF-20260722-152929","2026-04-29T08:45:00.0000000","2026-04-29T09:00:00.0000000","20260429-0830-BEAR-SHD-001229-Z001220","20260429-0845-Short-1232","Short","ShadowCandidate","","16.25","ActualTrade","SL","-65.00","-67.40","13","-153.92"
"OPF-20260722-152929","2026-04-29T10:30:00.0000000","2026-04-29T10:35:00.0000000","20260429-1025-BULL-OBS-001252-Z001252-OC-STR","20260429-1030-Long-1253","Long","ObservationStrict_BullFresh_WideStop1_5R","","15.75","ActualTrade","SL","-66.50","-68.90","14","-222.82"
"OPF-20260722-152929","2026-04-29T14:15:00.0000000","2026-04-29T14:15:00.0000000","20260429-1355-BEAR-SHD-001294-Z001287","20260429-1415-Short-1298","Short","ShadowCandidate","","16.50","ActualTrade","SL","-66.00","-68.40","15","-291.22"
"OPF-20260722-153120","2026-04-29T23:05:00.0000000","2026-04-29T23:25:00.0000000","20260429-2250-BULL-OBS-001113-Z001113-FR-RT","20260429-2305-Short-1116","Short","FailureReverse_RetestFailed_WideStop1_5R","","19.12","ActualTrade","SL","-77.00","-79.40","1","-79.40"
"OPF-20260722-153120","2026-04-30T01:05:00.0000000","2026-04-30T01:25:00.0000000","20260430-0105-BEAR-OBS-001140-Z001140","20260430-0105-Short-1140","Short","ZoneBirthResearch","","12.50","ActualTrade","SPLIT_BASE_SL_RUNNER_SL","-49.00","-51.40","2","-130.80"
"OPF-20260722-153120","2026-04-30T02:25:00.0000000","2026-04-30T02:25:00.0000000","20260430-0225-BEAR-BRK-001156-Z001156","20260430-0225-Short-1156","Short","BreakawayFvg","","28.25","ActualTrade","TP","354.00","351.60","3","220.80"
"OPF-20260722-153120","2026-04-30T03:15:00.0000000","2026-04-30T03:25:00.0000000","20260430-0315-BEAR-OBS-001166-Z001166","20260430-0315-Short-1166","Short","ZoneBirthResearch","","8.00","ActualTrade","SPLIT_BASE_SL_RUNNER_SL","-33.00","-35.40","4","185.40"
"OPF-20260722-153120","2026-04-30T09:50:00.0000000","2026-04-30T09:55:00.0000000","20260430-0945-BEAR-OBS-001244-Z001244-OC","20260430-0950-Short-1245","Short","ObservationConfirm","","19.75","ActualTrade","SL","-77.50","-79.90","5","105.50"
"OPF-20260722-153120","2026-04-30T11:35:00.0000000","2026-04-30T11:40:00.0000000","20260430-1130-BULL-OBS-001265-Z001265-OC-STR","20260430-1135-Long-1266","Long","ObservationStrict_BullFresh_WideStop1_5R","","20.25","ActualTrade","SL","-83.00","-85.40","6","20.10"
"OPF-20260722-153120","2026-04-30T11:55:00.0000000","2026-04-30T12:00:00.0000000","20260430-1150-BULL-OBS-001269-Z001263-OC-STR","20260430-1155-Long-1270","Long","ObservationStrict_Other","","13.50","ActualTrade","SL","0.00","-2.40","7","17.70"
"OPF-20260722-153120","2026-04-30T12:35:00.0000000","2026-04-30T12:45:00.0000000","20260430-1235-BEAR-OBS-001278-Z001278","20260430-1235-Short-1278","Short","ZoneBirthResearch","","13.25","ActualTrade","SPLIT_BASE_SL_RUNNER_SL","-52.00","-54.40","8","-36.70"
"OPF-20260722-153120","2026-04-30T18:15:00.0000000","2026-04-30T18:45:00.0000000","20260430-1810-BULL-OBS-001345-Z001344-OC-STR","20260430-1815-Long-1346","Long","ObservationStrict_Other","","20.50","ActualTrade","SL","1.00","-1.40","9","-38.10"
"OPF-20260722-153312","2026-04-30T22:55:00.0000000","2026-04-30T23:00:00.0000000","20260430-2255-BEAR-OBS-001114-Z001114","20260430-2255-Short-1114","Short","ZoneBirthResearch","","12.75","ActualTrade","SPLIT_BASE_SL_RUNNER_SL","-53.00","-55.40","1","-55.40"
"OPF-20260722-153312","2026-05-01T00:55:00.0000000","2026-05-01T01:00:00.0000000","20260501-0055-BEAR-OBS-001138-Z001138","20260501-0055-Short-1138","Short","ZoneBirthResearch","","7.75","ActualTrade","SPLIT_BASE_SL_RUNNER_SL","-26.50","-28.90","2","-84.30"
"OPF-20260722-153312","2026-05-01T01:25:00.0000000","2026-05-01T02:25:00.0000000","20260501-0120-BULL-OBS-001143-Z001142-OC-STR","20260501-0125-Long-1144","Long","ObservationStrict_Other","","14.75","ActualTrade","SL","-56.00","-58.40","3","-142.70"
"OPF-20260722-153312","2026-05-01T03:50:00.0000000","2026-05-01T04:55:00.0000000","20260501-0345-BEAR-OBS-001172-Z001172-OC","20260501-0350-Short-1173","Short","ObservationConfirm","","6.75","ActualTrade","TP","81.00","78.60","4","-64.10"
"OPF-20260722-153312","2026-05-01T05:35:00.0000000","2026-05-01T06:10:00.0000000","20260501-0535-BEAR-OBS-001194-Z001194","20260501-0535-Short-1194","Short","ZoneBirthResearch","","3.00","ActualTrade","SPLIT_BASE_TP_RUNNER_BE","22.00","19.60","5","-44.50"
"OPF-20260722-153312","2026-05-01T06:40:00.0000000","2026-05-01T06:50:00.0000000","20260501-0640-BEAR-OBS-001207-Z001207","20260501-0640-Short-1207","Short","ZoneBirthResearch","","3.25","ActualTrade","SPLIT_BASE_TP_RUNNER_TP","29.50","27.10","6","-17.40"
"OPF-20260722-153312","2026-05-01T07:25:00.0000000","2026-05-01T07:50:00.0000000","20260501-0725-BEAR-OBS-001216-Z001216","20260501-0725-Short-1216","Short","ZoneBirthResearch","","6.50","ActualTrade","SPLIT_BASE_TP_RUNNER_TP","94.00","91.60","7","74.20"
"OPF-20260722-153312","2026-05-01T08:40:00.0000000","2026-05-01T09:15:00.0000000","20260501-0835-BEAR-OBS-001230-Z001230-OC","20260501-0840-Short-1231","Short","ObservationConfirm","","16.75","ActualTrade","SL","0.00","-2.40","8","71.80"
"OPF-20260722-153312","2026-05-01T10:40:00.0000000","2026-05-01T10:40:00.0000000","20260501-1040-BEAR-OBS-001255-Z001255","20260501-1040-Short-1255","Short","ZoneBirthResearch","","7.75","ActualTrade","SPLIT_BASE_SL_RUNNER_SL","-32.00","-34.40","9","37.40"
"OPF-20260722-153312","2026-05-01T11:10:00.0000000","2026-05-01T11:10:00.0000000","20260501-1110-BEAR-BRK-001261-Z001261","20260501-1110-Short-1261","Short","BreakawayFvg","","10.50","ActualTrade","SL","-46.00","-48.40","10","-11.00"
"OPF-20260722-153312","2026-05-01T11:25:00.0000000","2026-05-01T11:50:00.0000000","20260501-1110-BEAR-OBS-001261-Z001261-OC","20260501-1125-Short-1264","Short","ObservationConfirm_WideStop1_5R","","18.75","ActualTrade","SL","-78.00","-80.40","11","-91.40"
"OPF-20260722-153312","2026-05-01T12:15:00.0000000","2026-05-01T12:15:00.0000000","20260501-1210-BEAR-OBS-001273-Z001216-OC","20260501-1215-Short-1274","Short","ObservationConfirm_WideStop1_5R","","12.75","ActualTrade","SL","-62.00","-64.40","12","-155.80"
"OPF-20260722-153312","2026-05-01T17:50:00.0000000","2026-05-01T18:00:00.0000000","20260501-1745-BULL-OBS-001340-Z001340-OC","20260501-1750-Long-1341","Long","ObservationConfirm_WideStop1_5R","Fixed2_5R","9.38","ExitPolicyOverride:Fixed2_5R","Stop","-37.52","-39.92","13","-195.72"
"OPF-20260722-153312","2026-05-01T19:05:00.0000000","2026-05-01T19:45:00.0000000","20260501-1900-BEAR-OBS-001355-Z001351-FR","20260501-1905-Long-1356","Long","FailureReverse_ObservationInvalidated","","17.25","ActualTrade","SL","0.00","-2.40","14","-198.12"
"OPF-20260722-153503","2026-05-03T23:15:00.0000000","2026-05-04T00:00:00.0000000","20260503-2315-BEAR-OBS-001119-Z001119","20260503-2315-Short-1119","Short","ZoneBirthResearch","","17.00","ActualTrade","SPLIT_BASE_SL_RUNNER_SL","-72.00","-74.40","1","-74.40"
"OPF-20260722-153503","2026-05-04T00:50:00.0000000","2026-05-04T01:50:00.0000000","20260504-0045-BULL-OBS-001137-Z001137-OC","20260504-0050-Long-1138","Long","ObservationConfirm_WideStop1_5R","Fixed2_5R","22.12","ExitPolicyOverride:Fixed2_5R","TimeStop","158.00","155.60","2","81.20"
"OPF-20260722-153503","2026-05-04T01:55:00.0000000","2026-05-04T02:05:00.0000000","20260504-0150-BULL-OBS-001150-Z001150-OC","","Long","ObservationConfirm_WideStop1_5R","Fixed2_5R","16.50","ExitPolicyOverride:Fixed2_5R","Stop","-66.00","-68.40","3","12.80"
"OPF-20260722-153503","2026-05-04T03:40:00.0000000","2026-05-04T05:25:00.0000000","20260504-0325-BULL-OBS-001169-Z001163-OC","20260504-0340-Long-1172","Long","ObservationConfirm_WideStop1_5R","Fixed2_5R","18.00","ExitPolicyOverride:Fixed2_5R","TimeStop","30.00","27.60","4","40.40"
"OPF-20260722-153503","2026-05-04T06:30:00.0000000","2026-05-04T06:55:00.0000000","20260504-0625-BEAR-OBS-001205-Z001205-OC","20260504-0630-Short-1206","Short","ObservationConfirm_WideStop1_5R","","19.12","ActualTrade","SL","-2.00","-4.40","5","36.00"
"OPF-20260722-153503","2026-05-04T08:30:00.0000000","2026-05-04T09:05:00.0000000","20260504-0755-BULL-OBS-001223-Z001214-FR-RT","","Short","FailureReverse_RetestFailed_WideStop1_5R","","16.88","ShadowTrade","ProtectBE","0.00","-2.40","6","33.60"
"OPF-20260722-153503","2026-05-04T17:45:00.0000000","2026-05-04T17:45:00.0000000","20260504-1740-BEAR-OBS-001340-Z001339-OC","20260504-1745-Short-1341","Short","ObservationConfirm","","4.75","ActualTrade","SL","-19.00","-21.40","7","12.20"
"OPF-20260722-153503","2026-05-04T19:35:00.0000000","2026-05-04T19:50:00.0000000","20260504-1930-BEAR-OBS-001362-Z001347-OC","20260504-1935-Short-1363","Short","ObservationConfirm","","18.00","ActualTrade","SL","2.50","0.10","8","12.30"
"OPF-20260722-153503","2026-05-04T20:45:00.0000000","2026-05-04T20:50:00.0000000","20260504-2030-BULL-OBS-001374-Z001374-FR-RT","","Short","FailureReverse_RetestFailed","","8.75","ShadowTrade","GlobexCloseout","13.00","10.60","9","22.90"
"OPF-20260722-153704","2026-05-04T22:55:00.0000000","2026-05-04T23:05:00.0000000","20260504-2255-BEAR-OBS-001115-Z001115","20260504-2255-Short-1115","Short","ZoneBirthResearch","","3.50","ActualTrade","SPLIT_BASE_SL_RUNNER_SL","-24.00","-26.40","1","-26.40"
"OPF-20260722-153704","2026-05-05T00:25:00.0000000","2026-05-05T00:30:00.0000000","20260505-0020-BEAR-OBS-001132-Z001132-OC","20260505-0025-Short-1133","Short","ObservationConfirm","","19.00","ActualTrade","SL","-81.00","-83.40","2","-109.80"
"OPF-20260722-153704","2026-05-05T01:05:00.0000000","2026-05-05T01:35:00.0000000","20260505-0055-BULL-OBS-001139-Z001139-OC","20260505-0105-Long-1141","Long","ObservationConfirm_WideStop1_5R","Fixed2_5R","15.38","ExitPolicyOverride:Fixed2_5R","Target","153.80","151.40","3","41.60"
"OPF-20260722-153704","2026-05-05T03:15:00.0000000","2026-05-05T04:30:00.0000000","20260505-0310-BULL-OBS-001166-Z001166-OC","20260505-0315-Long-1167","Long","ObservationConfirm_WideStop1_5R","Fixed2_5R","18.38","ExitPolicyOverride:Fixed2_5R","TimeStop","13.00","10.60","4","52.20"
"OPF-20260722-153704","2026-05-05T05:05:00.0000000","2026-05-05T05:10:00.0000000","20260505-0500-BEAR-OBS-001188-Z001188-OC","20260505-0505-Short-1189","Short","ObservationConfirm","","10.00","ActualTrade","SL","-42.00","-44.40","5","7.80"
"OPF-20260722-153704","2026-05-05T06:25:00.0000000","2026-05-05T06:50:00.0000000","20260505-0620-BULL-OBS-001204-Z001165-OC","20260505-0625-Long-1205","Long","ObservationConfirm_WideStop1_5R","Fixed2_5R","19.50","ExitPolicyOverride:Fixed2_5R","Target","195.00","192.60","6","200.40"
"OPF-20260722-153704","2026-05-05T07:05:00.0000000","2026-05-05T07:40:00.0000000","20260505-0700-BULL-OBS-001212-Z001211-OC-STR","20260505-0705-Long-1213","Long","ObservationStrict_Other","","22.75","ActualTrade","SL","-5.50","-7.90","7","192.50"
"OPF-20260722-153704","2026-05-05T07:50:00.0000000","2026-05-05T07:55:00.0000000","20260505-0750-BEAR-OBS-001222-Z001222","20260505-0750-Short-1222","Short","ZoneBirthResearch","","15.50","ActualTrade","SPLIT_BASE_SL_RUNNER_SL","-66.00","-68.40","8","124.10"
"OPF-20260722-153704","2026-05-05T08:20:00.0000000","2026-05-05T10:00:00.0000000","20260505-0815-BULL-OBS-001227-Z001227-OC","20260505-0820-Long-1228","Long","ObservationConfirm_WideStop1_5R","Fixed2_5R","19.12","ExitPolicyOverride:Fixed2_5R","TimeStop","33.00","30.60","9","154.70"
"OPF-20260722-153704","2026-05-05T13:10:00.0000000","2026-05-05T13:20:00.0000000","20260505-1305-BULL-OBS-001285-Z001285-OC","20260505-1310-Long-1286","Long","ObservationConfirm_WideStop1_5R","Fixed2_5R","13.50","ExitPolicyOverride:Fixed2_5R","Stop","-54.00","-56.40","10","98.30"
"OPF-20260722-153704","2026-05-05T16:55:00.0000000","2026-05-05T18:10:00.0000000","20260505-1650-BULL-OBS-001330-Z001330-OC","20260505-1655-Long-1331","Long","ObservationConfirm_WideStop1_5R","Fixed2_5R","23.25","ExitPolicyOverride:Fixed2_5R","Target","232.50","230.10","11","328.40"
"OPF-20260722-153704","2026-05-05T20:05:00.0000000","2026-05-05T20:15:00.0000000","20260505-1955-BEAR-OBS-001367-Z001367-FR","","Long","FailureReverse_ObservationInvalidated","","9.50","ShadowTrade","Stop","-38.00","-40.40","12","288.00"
"OPF-20260722-153855","2026-05-06T01:50:00.0000000","2026-05-06T01:55:00.0000000","20260506-0145-BEAR-OBS-001149-Z001146-OC","20260506-0150-Short-1150","Short","ObservationConfirm","","15.25","ActualTrade","SL","-56.50","-58.90","1","-58.90"
"OPF-20260722-153855","2026-05-06T02:30:00.0000000","2026-05-06T02:50:00.0000000","20260506-0230-BEAR-OBS-001158-Z001158","20260506-0230-Short-1158","Short","ZoneBirthResearch","","4.75","ActualTrade","SPLIT_BASE_TP_RUNNER_SL","14.50","12.10","2","-46.80"
"OPF-20260722-153855","2026-05-06T03:05:00.0000000","2026-05-06T03:10:00.0000000","20260506-0300-BULL-OBS-001164-Z001164-OC","20260506-0305-Long-1165","Long","ObservationConfirm_WideStop1_5R","Fixed2_5R","7.12","ExitPolicyOverride:Fixed2_5R","Target","71.20","68.80","3","22.00"
"OPF-20260722-153855","2026-05-06T03:55:00.0000000","2026-05-06T04:15:00.0000000","20260506-0350-BEAR-OBS-001174-Z001174-OC","","Short","ObservationConfirm_WideStop1_5R","","12.00","ShadowTrade","Stop","-48.00","-50.40","4","-28.40"
"OPF-20260722-153855","2026-05-06T04:55:00.0000000","2026-05-06T05:40:00.0000000","20260506-0445-BEAR-OBS-001185-Z001130-OC","20260506-0455-Short-1187","Short","ObservationConfirm","","15.25","ActualTrade","SL","-67.00","-69.40","5","-97.80"
"OPF-20260722-153855","2026-05-06T08:20:00.0000000","2026-05-06T08:25:00.0000000","20260506-0820-BEAR-OBS-001228-Z001228","20260506-0820-Short-1228","Short","ZoneBirthResearch","","5.75","ActualTrade","SPLIT_BASE_SL_RUNNER_SL","-24.00","-26.40","6","-124.20"
"OPF-20260722-153855","2026-05-06T08:45:00.0000000","2026-05-06T08:50:00.0000000","20260506-0840-BULL-OBS-001232-Z001232-OC","20260506-0845-Long-1233","Long","ObservationConfirm_WideStop1_5R","Fixed2_5R","12.75","ExitPolicyOverride:Fixed2_5R","Target","127.50","125.10","7","0.90"
"OPF-20260722-153855","2026-05-06T11:10:00.0000000","2026-05-06T11:20:00.0000000","20260506-1105-BULL-OBS-001261-Z001261-OC","20260506-1110-Long-1262","Long","ObservationConfirm_WideStop1_5R","Fixed2_5R","18.75","ExitPolicyOverride:Fixed2_5R","Stop","-75.00","-77.40","8","-76.50"
"OPF-20260722-153855","2026-05-06T18:20:00.0000000","2026-05-06T19:05:00.0000000","20260506-1815-BULL-OBS-001347-Z001347-OC-STR","20260506-1820-Long-1348","Long","ObservationStrict_BullFresh_WideStop1_5R","","15.75","ActualTrade","TP","192.00","189.60","9","113.10"
"OPF-20260722-154046","2026-05-06T23:30:00.0000000","2026-05-06T23:40:00.0000000","20260506-2330-BEAR-OBS-001122-Z001122","20260506-2330-Short-1122","Short","ZoneBirthResearch","","6.50","ActualTrade","SPLIT_BASE_SL_RUNNER_SL","-28.50","-30.90","1","-30.90"
"OPF-20260722-154046","2026-05-07T00:25:00.0000000","2026-05-07T01:10:00.0000000","20260507-0020-BEAR-OBS-001132-Z001132-OC","20260507-0025-Short-1133","Short","ObservationConfirm","","19.50","ActualTrade","SL","-81.00","-83.40","2","-114.30"
"OPF-20260722-154237","2026-05-08T02:25:00.0000000","2026-05-08T02:25:00.0000000","20260508-0220-BEAR-OBS-001156-Z001156-OC","20260508-0225-Short-1157","Short","ObservationConfirm","","6.50","ActualTrade","SL","-26.50","-28.90","1","-28.90"
"OPF-20260722-154237","2026-05-08T04:00:00.0000000","2026-05-08T05:25:00.0000000","20260508-0355-BULL-OBS-001175-Z001175-OC","20260508-0400-Long-1176","Long","ObservationConfirm_WideStop1_5R","Fixed2_5R","15.38","ExitPolicyOverride:Fixed2_5R","TimeStop","99.00","96.60","2","67.70"
"OPF-20260722-154237","2026-05-08T05:40:00.0000000","2026-05-08T06:00:00.0000000","20260508-0535-BULL-OBS-001195-Z001195-OC","20260508-0540-Long-1196","Long","ObservationConfirm_WideStop1_5R","Fixed2_5R","16.88","ExitPolicyOverride:Fixed2_5R","Stop","-67.52","-69.92","3","-2.22"
"OPF-20260722-154237","2026-05-08T08:10:00.0000000","2026-05-08T09:40:00.0000000","20260508-0805-BULL-OBS-001225-Z001225-OC","20260508-0810-Long-1226","Long","ObservationConfirm_WideStop1_5R","Fixed2_5R","22.88","ExitPolicyOverride:Fixed2_5R","TimeStop","40.00","37.60","4","35.38"
"OPF-20260722-154237","2026-05-08T10:15:00.0000000","2026-05-08T10:55:00.0000000","20260508-1005-BULL-OBS-001249-Z001249-OC","20260508-1015-Long-1251","Long","ObservationConfirm_WideStop1_5R","Fixed2_5R","15.38","ExitPolicyOverride:Fixed2_5R","Stop","-61.52","-63.92","5","-28.54"
"OPF-20260722-154237","2026-05-08T11:30:00.0000000","2026-05-08T11:55:00.0000000","20260508-1125-BULL-OBS-001265-Z001265-OC-STR","20260508-1130-Long-1266","Long","ObservationStrict_BullFresh_WideStop1_5R","","7.88","ActualTrade","SL","1.00","-1.40","6","-29.94"
"OPF-20260722-154237","2026-05-08T15:15:00.0000000","2026-05-08T15:15:00.0000000","20260508-1515-BEAR-OBS-001311-Z001311","20260508-1515-Short-1311","Short","ZoneBirthResearch","","14.00","ActualTrade","SPLIT_BASE_SL_RUNNER_SL","-54.00","-56.40","7","-86.34"
"OPF-20260722-154237","2026-05-08T18:50:00.0000000","2026-05-08T18:50:00.0000000","20260508-1845-BEAR-OBS-001353-Z001353-OC","20260508-1850-Short-1354","Short","ObservationConfirm_WideStop1_5R","","16.50","ActualTrade","SL","3.00","0.60","8","-85.74"
"OPF-20260722-154237","2026-05-08T20:20:00.0000000","2026-05-08T20:55:00.0000000","20260508-2015-BULL-OBS-001371-Z001368-OC","20260508-2020-Long-1372","Long","ObservationConfirm_WideStop1_5R","Fixed2_5R","18.75","ExitPolicyOverride:Fixed2_5R","TimeStop","-32.00","-34.40","9","-120.14"
"OPF-20260722-154435","2026-05-10T23:35:00.0000000","2026-05-10T23:35:00.0000000","20260510-2325-BULL-OBS-001121-Z001117-FR","20260510-2335-Short-1123","Short","FailureReverse_ObservationInvalidated_WideStop1_5R","","10.88","ActualTrade","SL","-48.50","-50.90","1","-50.90"
"OPF-20260722-154435","2026-05-11T01:25:00.0000000","2026-05-11T02:55:00.0000000","20260511-0120-BULL-OBS-001144-Z001144-OC-STR","20260511-0125-Long-1145","Long","ObservationStrict_BullFresh_WideStop1_5R","","19.12","ActualTrade","SL","1.00","-1.40","2","-52.30"
"OPF-20260722-154435","2026-05-11T04:30:00.0000000","2026-05-11T05:30:00.0000000","20260511-0425-BULL-OBS-001181-Z001181-OC","20260511-0430-Long-1182","Long","ObservationConfirm_WideStop1_5R","Fixed2_5R","12.38","ExitPolicyOverride:Fixed2_5R","TimeStop","73.00","70.60","3","18.30"
"OPF-20260722-154435","2026-05-11T05:45:00.0000000","2026-05-11T06:00:00.0000000","20260511-0545-BEAR-OBS-001197-Z001197","20260511-0545-Short-1197","Short","ZoneBirthResearch","","6.75","ActualTrade","SPLIT_BASE_SL_RUNNER_SL","-30.00","-32.40","4","-14.10"
"OPF-20260722-154435","2026-05-11T07:45:00.0000000","2026-05-11T09:00:00.0000000","20260511-0740-BEAR-OBS-001220-Z001207-OC","20260511-0745-Short-1221","Short","ObservationConfirm","","19.25","ActualTrade","SL","-4.00","-6.40","5","-20.50"
"OPF-20260722-154435","2026-05-11T10:05:00.0000000","2026-05-11T10:55:00.0000000","20260511-1000-BEAR-OBS-001248-Z001248-OC","20260511-1005-Short-1249","Short","ObservationConfirm","","16.25","ActualTrade","SL","-0.50","-2.90","6","-23.40"
"OPF-20260722-154435","2026-05-11T11:40:00.0000000","2026-05-11T12:15:00.0000000","20260511-1140-BEAR-OBS-001268-Z001268","20260511-1140-Short-1268","Short","ZoneBirthResearch","","16.75","ActualTrade","SPLIT_BASE_TP_RUNNER_TP","221.00","218.60","7","195.20"
"OPF-20260722-154435","2026-05-11T16:45:00.0000000","2026-05-11T17:00:00.0000000","20260511-1640-BULL-OBS-001328-Z001313-OC-STR","20260511-1645-Long-1329","Long","ObservationStrict_Other","","16.00","ActualTrade","SL","3.00","0.60","8","195.80"
"OPF-20260722-154435","2026-05-11T17:45:00.0000000","2026-05-11T17:50:00.0000000","20260511-1740-BULL-OBS-001340-Z001340-OC-STR","20260511-1745-Long-1341","Long","ObservationStrict_BullFresh_WideStop1_5R","","8.25","ActualTrade","SL","-38.00","-40.40","9","155.40"
"OPF-20260722-154435","2026-05-11T17:55:00.0000000","2026-05-11T18:00:00.0000000","20260511-1750-BULL-OBS-001342-Z001340-FR","","Short","FailureReverse_ObservationInvalidated_WideStop1_5R","","21.38","ShadowTrade","Stop","-85.52","-87.92","10","67.48"
"OPF-20260722-154435","2026-05-11T20:05:00.0000000","2026-05-11T20:10:00.0000000","20260511-1955-BULL-OBS-001367-Z001367-FR","","Short","FailureReverse_ObservationInvalidated_WideStop1_5R","","19.12","ShadowTrade","TargetOrProtectBE:ConservativeProtectBE","0","-2.4","11","65.08"
"OPF-20260722-154435","2026-05-11T20:15:00.0000000","2026-05-11T20:25:00.0000000","20260511-1955-BULL-OBS-001367-Z001367-FR-RT","20260511-2015-Short-1371","Short","FailureReverse_RetestFailed_WideStop1_5R","","18.38","ActualTrade","SL","-1.00","-3.40","12","61.68"
"OPF-20260722-154435","2026-05-11T20:45:00.0000000","2026-05-11T20:50:00.0000000","20260511-2040-BULL-OBS-001376-Z001375-FR","20260511-2045-Short-1377","Short","FailureReverse_ObservationInvalidated_WideStop1_5R","","4.12","ActualTrade","SL","-4.50","-6.90","13","54.78"
"OPF-20260722-154626","2026-05-11T23:05:00.0000000","2026-05-11T23:15:00.0000000","20260511-2245-BULL-OBS-001113-Z001113-FR-RT","20260511-2305-Short-1117","Short","FailureReverse_RetestFailed","","7.25","ActualTrade","SL","-2.00","-4.40","1","-4.40"
"OPF-20260722-154626","2026-05-12T03:55:00.0000000","2026-05-12T06:00:00.0000000","20260512-0350-BEAR-OBS-001174-Z001174-OC","20260512-0355-Short-1175","Short","ObservationConfirm_WideStop1_5R","","17.62","ActualTrade","TP","219.00","216.60","2","212.20"
"OPF-20260722-154626","2026-05-12T06:25:00.0000000","2026-05-12T07:00:00.0000000","20260512-0625-BEAR-BRK-001205-Z001205","20260512-0625-Short-1205","Short","BreakawayFvg","","23.25","ActualTrade","TP","236.00","233.60","3","445.80"
"OPF-20260722-154626","2026-05-12T08:15:00.0000000","2026-05-12T08:20:00.0000000","20260512-0810-BEAR-OBS-001226-Z001226-OC","20260512-0815-Short-1227","Short","ObservationConfirm","","18.25","ActualTrade","SL","-75.00","-77.40","4","368.40"
"OPF-20260722-154626","2026-05-12T08:45:00.0000000","2026-05-12T08:50:00.0000000","20260512-0845-BEAR-BRK-001233-Z001233","20260512-0845-Short-1233","Short","BreakawayFvg","","19.25","ActualTrade","SL","-66.50","-68.90","5","299.50"
"OPF-20260722-154626","2026-05-12T10:20:00.0000000","2026-05-12T10:35:00.0000000","20260512-1020-BEAR-OBS-001252-Z001252","20260512-1020-Short-1252","Short","ZoneBirthResearch","","6.50","ActualTrade","SPLIT_BASE_TP_RUNNER_BE","33.50","31.10","6","330.60"
"OPF-20260722-154626","2026-05-12T10:45:00.0000000","2026-05-12T10:50:00.0000000","20260512-1045-BEAR-OBS-001257-Z001257","20260512-1045-Short-1257","Short","ZoneBirthResearch","","6.50","ActualTrade","SPLIT_BASE_SL_RUNNER_SL","-26.50","-28.90","7","301.70"
"OPF-20260722-154626","2026-05-12T16:25:00.0000000","2026-05-12T16:30:00.0000000","20260512-1625-BEAR-BRK-001325-Z001325","20260512-1625-Short-1325","Short","BreakawayFvg","","28.00","ActualTrade","SL","-8.00","-10.40","8","291.30"
"OPF-20260722-154839","2026-05-13T03:55:00.0000000","2026-05-13T04:20:00.0000000","20260513-0350-BULL-OBS-001174-Z001171-OC-STR","20260513-0355-Long-1175","Long","ObservationStrict_Other","","10.00","ActualTrade","TP","118.50","116.10","1","116.10"
"OPF-20260722-154839","2026-05-13T05:15:00.0000000","2026-05-13T05:15:00.0000000","20260513-0510-BULL-OBS-001190-Z001190-FR","20260513-0515-Short-1191","Short","FailureReverse_ObservationInvalidated_WideStop1_5R","","10.88","ActualTrade","SL","-50.50","-52.90","2","63.20"
"OPF-20260722-154839","2026-05-13T06:55:00.0000000","2026-05-13T07:10:00.0000000","20260513-0650-BULL-OBS-001210-Z001201-OC","20260513-0655-Long-1211","Long","ObservationConfirm_WideStop1_5R","Fixed2_5R","18.75","ExitPolicyOverride:Fixed2_5R","Stop","-75.00","-77.40","3","-14.20"
"OPF-20260722-154839","2026-05-13T09:10:00.0000000","2026-05-13T09:25:00.0000000","20260513-0900-BULL-OBS-001236-Z001226-FR","20260513-0910-Short-1238","Short","FailureReverse_ObservationInvalidated","","22.00","ActualTrade","SL","-86.00","-88.40","4","-102.60"
"OPF-20260722-154839","2026-05-13T10:00:00.0000000","2026-05-13T10:55:00.0000000","20260513-0955-BEAR-OBS-001247-Z001234-OC","20260513-1000-Short-1248","Short","ObservationConfirm","","18.75","ActualTrade","TP","219.00","216.60","5","114.00"
"OPF-20260722-154839","2026-05-13T11:10:00.0000000","2026-05-13T11:25:00.0000000","20260513-1105-BEAR-OBS-001261-Z001261-OC","20260513-1110-Short-1262","Short","ObservationConfirm","","15.25","ActualTrade","SL","1.00","-1.40","6","112.60"
"OPF-20260722-154839","2026-05-13T19:00:00.0000000","2026-05-13T19:00:00.0000000","20260513-1900-BEAR-OBS-001356-Z001356","20260513-1900-Short-1356","Short","ZoneBirthResearch","","8.00","ActualTrade","SPLIT_BASE_SL_RUNNER_SL","-32.00","-34.40","7","78.20"
"OPF-20260722-155014","2026-05-13T23:25:00.0000000","2026-05-14T00:10:00.0000000","20260513-2325-BEAR-OBS-001121-Z001121","20260513-2325-Short-1121","Short","ZoneBirthResearch","","13.75","ActualTrade","SPLIT_BASE_SL_RUNNER_SL","-62.50","-64.90","1","-64.90"
"OPF-20260722-155014","2026-05-14T00:25:00.0000000","2026-05-14T01:10:00.0000000","20260514-0020-BULL-OBS-001132-Z001131-OC-STR","20260514-0025-Long-1133","Long","ObservationStrict_Other","","24.25","ActualTrade","SL","-8.50","-10.90","2","-75.80"
"OPF-20260722-155014","2026-05-14T05:15:00.0000000","2026-05-14T05:15:00.0000000","20260514-0515-BEAR-BRK-001191-Z001191","20260514-0515-Short-1191","Short","BreakawayFvg","","18.75","ActualTrade","SL","-79.00","-81.40","3","-157.20"
"OPF-20260722-155014","2026-05-14T07:40:00.0000000","2026-05-14T07:50:00.0000000","20260514-0735-BULL-OBS-001219-Z001219-OC","20260514-0740-Long-1220","Long","ObservationConfirm_WideStop1_5R","Fixed2_5R","15.75","ExitPolicyOverride:Fixed2_5R","Stop","-63.00","-65.40","4","-222.60"
"OPF-20260722-155014","2026-05-14T08:05:00.0000000","2026-05-14T08:05:00.0000000","20260514-0800-BEAR-OBS-001224-Z001224-OC","20260514-0805-Short-1225","Short","ObservationConfirm","","18.75","ActualTrade","SL","-73.50","-75.90","5","-298.50"
"OPF-20260722-155014","2026-05-14T09:00:00.0000000","2026-05-14T09:35:00.0000000","20260514-0840-BEAR-SHD-001232-Z001232","","Short","ShadowCandidate","","19.25","ShadowTrade","TargetOrProtectBE:ConservativeProtectBE","0","-2.4","6","-300.90"
"OPF-20260722-155205","2026-05-15T00:30:00.0000000","2026-05-15T00:35:00.0000000","20260515-0015-BEAR-OBS-001131-Z001125-OC","20260515-0030-Short-1134","Short","ObservationConfirm","","15.75","ActualTrade","TP","192.00","189.60","1","189.60"
"OPF-20260722-155205","2026-05-15T01:10:00.0000000","2026-05-15T01:15:00.0000000","20260515-0110-BEAR-OBS-001142-Z001142","20260515-0110-Short-1142","Short","ZoneBirthResearch","","6.25","ActualTrade","SPLIT_BASE_TP_RUNNER_TP","87.50","85.10","2","274.70"
"OPF-20260722-155205","2026-05-15T05:10:00.0000000","2026-05-15T05:10:00.0000000","20260515-0510-BEAR-OBS-001190-Z001190","20260515-0510-Short-1190","Short","ZoneBirthResearch","","16.00","ActualTrade","SPLIT_BASE_SL_RUNNER_SL","-67.00","-69.40","3","205.30"
"OPF-20260722-155205","2026-05-15T07:20:00.0000000","2026-05-15T07:35:00.0000000","20260515-0715-BULL-OBS-001215-Z001215-OC","20260515-0720-Long-1216","Long","ObservationConfirm_WideStop1_5R","Fixed2_5R","21.00","ExitPolicyOverride:Fixed2_5R","Stop","-84.00","-86.40","4","118.90"
"OPF-20260722-155205","2026-05-15T09:00:00.0000000","2026-05-15T09:00:00.0000000","20260515-0845-BULL-OBS-001233-Z001233-FR-RT","20260515-0900-Short-1236","Short","FailureReverse_RetestFailed_WideStop1_5R","","12.75","ActualTrade","SL","-51.00","-53.40","5","65.50"
"OPF-20260722-155205","2026-05-15T12:55:00.0000000","2026-05-15T13:10:00.0000000","20260515-1230-BEAR-SHD-001278-Z001278","20260515-1255-Short-1283","Short","ShadowCandidate","","15.25","ActualTrade","SL","13.50","11.10","6","76.60"
"OPF-20260722-155205","2026-05-15T17:45:00.0000000","2026-05-15T18:00:00.0000000","20260515-1740-BULL-OBS-001340-Z001338-OC","20260515-1745-Long-1341","Long","ObservationConfirm_WideStop1_5R","Fixed2_5R","17.25","ExitPolicyOverride:Fixed2_5R","Target","172.50","170.10","7","246.70"
"OPF-20260722-155205","2026-05-15T19:30:00.0000000","2026-05-15T19:30:00.0000000","20260515-1930-BEAR-OBS-001362-Z001359","20260515-1930-Short-1362","Short","UnknownRegimeZoneTouch","","11.00","ActualTrade","SL","-1.00","-3.40","8","243.30"
"OPF-20260722-155401","2026-05-18T02:40:00.0000000","2026-05-18T02:55:00.0000000","20260518-0240-BEAR-OBS-001160-Z001160","20260518-0240-Short-1160","Short","ZoneBirthResearch","","17.50","ActualTrade","SPLIT_BASE_TP_RUNNER_BE","89.00","86.60","1","86.60"
"OPF-20260722-155401","2026-05-18T03:20:00.0000000","2026-05-18T03:25:00.0000000","20260518-0305-BULL-OBS-001165-Z001165-FR-RT","20260518-0320-Short-1168","Short","FailureReverse_RetestFailed_WideStop1_5R","","13.12","ActualTrade","SL","-1.00","-3.40","2","83.20"
"OPF-20260722-155401","2026-05-18T03:55:00.0000000","2026-05-18T04:10:00.0000000","20260518-0350-BULL-OBS-001174-Z001172-OC","20260518-0355-Long-1175","Long","ObservationConfirm_WideStop1_5R","Fixed2_5R","18.75","ExitPolicyOverride:Fixed2_5R","Target","187.50","185.10","3","268.30"
"OPF-20260722-155401","2026-05-18T05:20:00.0000000","2026-05-18T05:25:00.0000000","20260518-0515-BEAR-OBS-001191-Z001191-OC","20260518-0520-Short-1192","Short","ObservationConfirm","","17.00","ActualTrade","SL","-69.50","-71.90","4","196.40"
"OPF-20260722-155401","2026-05-18T07:20:00.0000000","2026-05-18T07:20:00.0000000","20260518-0715-BEAR-OBS-001215-Z001215-OC","20260518-0720-Short-1216","Short","ObservationConfirm","","19.00","ActualTrade","SL","-85.00","-87.40","5","109.00"
"OPF-20260722-155401","2026-05-18T09:10:00.0000000","2026-05-18T09:10:00.0000000","20260518-0910-BEAR-OBS-001238-Z001238","20260518-0910-Short-1238","Short","ZoneBirthResearch","","12.75","ActualTrade","SPLIT_BASE_SL_RUNNER_SL","-62.00","-64.40","6","44.60"
"OPF-20260722-155401","2026-05-18T11:20:00.0000000","2026-05-18T11:25:00.0000000","20260518-1050-BULL-OBS-001258-Z001258-FR-RT","20260518-1120-Short-1264","Short","FailureReverse_RetestFailed_WideStop1_5R","","22.88","ActualTrade","SL","-1.00","-3.40","7","41.20"
"OPF-20260722-155558","2026-05-19T01:30:00.0000000","2026-05-19T01:30:00.0000000","20260519-0125-BEAR-OBS-001145-Z001145-OC","20260519-0130-Short-1146","Short","ObservationConfirm","","11.00","ActualTrade","SL","-42.00","-44.40","1","-44.40"
"OPF-20260722-155558","2026-05-19T03:45:00.0000000","2026-05-19T03:55:00.0000000","20260519-0340-BULL-OBS-001172-Z001171-FR","20260519-0345-Short-1173","Short","FailureReverse_ObservationInvalidated","","11.75","ActualTrade","TP","148.50","146.10","2","101.70"
"OPF-20260722-155558","2026-05-19T06:25:00.0000000","2026-05-19T07:05:00.0000000","20260519-0620-BULL-OBS-001204-Z001204-OC","20260519-0625-Long-1205","Long","ObservationConfirm_WideStop1_5R","Fixed2_5R","23.62","ExitPolicyOverride:Fixed2_5R","Target","236.20","233.80","3","335.50"
"OPF-20260722-155558","2026-05-19T09:00:00.0000000","2026-05-19T09:15:00.0000000","20260519-0900-BEAR-OBS-001236-Z001236","20260519-0900-Short-1236","Short","ZoneBirthResearch","","14.00","ActualTrade","SPLIT_BASE_TP_RUNNER_TP","178.00","175.60","4","511.10"
"OPF-20260722-155558","2026-05-19T09:35:00.0000000","2026-05-19T09:50:00.0000000","20260519-0935-BEAR-OBS-001243-Z001243","20260519-0935-Short-1243","Short","ZoneBirthResearch","","14.75","ActualTrade","SPLIT_BASE_TP_RUNNER_SL","45.50","43.10","5","554.20"
"OPF-20260722-155558","2026-05-19T17:30:00.0000000","2026-05-19T17:35:00.0000000","20260519-1725-BULL-OBS-001337-Z001335-OC","20260519-1730-Long-1338","Long","ObservationConfirm_WideStop1_5R","Fixed2_5R","13.88","ExitPolicyOverride:Fixed2_5R","Target","138.80","136.40","6","690.60"
"OPF-20260722-155754","2026-05-20T03:05:00.0000000","2026-05-20T03:10:00.0000000","20260520-0305-BEAR-OBS-001165-Z001165","20260520-0305-Short-1165","Short","ZoneBirthResearch","","14.25","ActualTrade","SPLIT_BASE_SL_RUNNER_SL","-54.00","-56.40","1","-56.40"
"OPF-20260722-155754","2026-05-20T05:15:00.0000000","2026-05-20T05:15:00.0000000","20260520-0515-BEAR-OBS-001191-Z001191","20260520-0515-Short-1191","Short","ZoneBirthResearch","","13.00","ActualTrade","SPLIT_BASE_SL_RUNNER_SL","-45.00","-47.40","2","-103.80"
"OPF-20260722-155754","2026-05-20T07:35:00.0000000","2026-05-20T07:35:00.0000000","20260520-0735-BEAR-OBS-001219-Z001219","20260520-0735-Short-1219","Short","ZoneBirthResearch","","12.25","ActualTrade","SPLIT_BASE_SL_RUNNER_SL","-50.00","-52.40","3","-156.20"
"OPF-20260722-155754","2026-05-20T10:55:00.0000000","2026-05-20T10:55:00.0000000","20260520-1050-BULL-OBS-001258-Z001247-FR","20260520-1055-Short-1259","Short","FailureReverse_ObservationInvalidated_WideStop1_5R","","14.25","ActualTrade","SL","-55.00","-57.40","4","-213.60"
"OPF-20260722-155754","2026-05-20T13:05:00.0000000","2026-05-20T13:15:00.0000000","20260520-1300-BEAR-OBS-001284-Z001284-OC","20260520-1305-Short-1285","Short","ObservationConfirm","","15.50","ActualTrade","SL","2.50","0.10","5","-213.50"
"OPF-20260722-155754","2026-05-20T16:35:00.0000000","2026-05-20T16:35:00.0000000","20260520-1630-BEAR-OBS-001326-Z001325-OC","20260520-1635-Short-1327","Short","ObservationConfirm_WideStop1_5R","","19.88","ActualTrade","SL","-92.50","-94.90","6","-308.40"
"OPF-20260722-160002","2026-05-21T02:10:00.0000000","2026-05-21T03:10:00.0000000","20260521-0205-BULL-OBS-001153-Z001153-OC","20260521-0210-Long-1154","Long","ObservationConfirm_WideStop1_5R","Fixed2_5R","20.25","ExitPolicyOverride:Fixed2_5R","TimeStop","54.00","51.60","1","51.60"
"OPF-20260722-160002","2026-05-21T05:35:00.0000000","2026-05-21T05:45:00.0000000","20260521-0530-BEAR-OBS-001194-Z001194-OC","20260521-0535-Short-1195","Short","ObservationConfirm","","17.25","ActualTrade","TP","211.50","209.10","2","260.70"
"OPF-20260722-160002","2026-05-21T06:15:00.0000000","2026-05-21T06:15:00.0000000","20260521-0615-BEAR-BRK-001203-Z001203","20260521-0615-Short-1203","Short","BreakawayFvg","","28.00","ActualTrade","SL","-120.50","-122.90","3","137.80"
"OPF-20260722-160002","2026-05-21T06:25:00.0000000","2026-05-21T06:40:00.0000000","20260521-0605-BULL-OBS-001201-Z001201-FR-RT","","Short","FailureReverse_RetestFailed_WideStop1_5R","","13.50","ShadowTrade","TargetOrProtectBE:ConservativeProtectBE","0","-2.4","4","135.40"
"OPF-20260722-160002","2026-05-21T06:55:00.0000000","2026-05-21T07:05:00.0000000","20260521-0650-BEAR-OBS-001210-Z001210-OC","20260521-0655-Short-1211","Short","ObservationConfirm","","16.50","ActualTrade","TP","210.00","207.60","5","343.00"
"OPF-20260722-160153","2026-05-22T02:30:00.0000000","2026-05-22T02:30:00.0000000","20260522-0225-BEAR-OBS-001157-Z001157-OC","20260522-0230-Short-1158","Short","ObservationConfirm","","7.75","ActualTrade","SL","-27.00","-29.40","1","-29.40"
"OPF-20260722-160153","2026-05-22T03:15:00.0000000","2026-05-22T03:25:00.0000000","20260522-0310-BEAR-OBS-001166-Z001166-OC","20260522-0315-Short-1167","Short","ObservationConfirm_WideStop1_5R","","13.50","ActualTrade","SL","-54.50","-56.90","2","-86.30"
"OPF-20260722-160153","2026-05-22T04:40:00.0000000","2026-05-22T04:45:00.0000000","20260522-0435-BEAR-OBS-001183-Z001183-OC","20260522-0440-Short-1184","Short","ObservationConfirm","","13.00","ActualTrade","SL","-53.00","-55.40","3","-141.70"
"OPF-20260722-160153","2026-05-22T05:00:00.0000000","2026-05-22T05:25:00.0000000","20260522-0455-BULL-OBS-001187-Z001187-OC","20260522-0500-Long-1188","Long","ObservationConfirm_WideStop1_5R","Fixed2_5R","18.00","ExitPolicyOverride:Fixed2_5R","Stop","-72.00","-74.40","4","-216.10"
"OPF-20260722-160153","2026-05-22T06:00:00.0000000","2026-05-22T06:10:00.0000000","20260522-0600-BEAR-OBS-001200-Z001200","20260522-0600-Short-1200","Short","ZoneBirthResearch","","15.50","ActualTrade","SPLIT_BASE_SL_RUNNER_SL","-69.00","-71.40","5","-287.50"
"OPF-20260722-160153","2026-05-22T08:10:00.0000000","2026-05-22T08:25:00.0000000","20260522-0805-BULL-OBS-001225-Z001225-OC-STR","20260522-0810-Long-1226","Long","ObservationStrict_BullFresh_WideStop1_5R","","16.50","ActualTrade","SL","0.00","-2.40","6","-289.90"
"OPF-20260722-160153","2026-05-22T08:35:00.0000000","2026-05-22T09:00:00.0000000","20260522-0835-BEAR-OBS-001231-Z001231","20260522-0835-Short-1231","Short","ZoneBirthResearch","","17.50","ActualTrade","SPLIT_BASE_TP_RUNNER_TP","222.50","220.10","7","-69.80"
"OPF-20260722-160153","2026-05-22T11:10:00.0000000","2026-05-22T11:30:00.0000000","20260522-1105-BULL-OBS-001261-Z001261-FR","20260522-1110-Short-1262","Short","FailureReverse_ObservationInvalidated_WideStop1_5R","","15.38","ActualTrade","SL","-67.00","-69.40","8","-139.20"
"OPF-20260722-160344","2026-05-26T00:15:00.0000000","2026-05-26T00:20:00.0000000","20260526-0010-BEAR-OBS-001082-Z001082-OC","20260526-0015-Short-1083","Short","ObservationConfirm_WideStop1_5R","","17.62","ActualTrade","SL","-69.00","-71.40","1","-71.40"
"OPF-20260722-160344","2026-05-26T04:20:00.0000000","2026-05-26T04:25:00.0000000","20260526-0415-BULL-OBS-001131-Z001131-OC","20260526-0420-Long-1132","Long","ObservationConfirm_WideStop1_5R","Fixed2_5R","8.25","ExitPolicyOverride:Fixed2_5R","Stop","-33.00","-35.40","2","-106.80"
"OPF-20260722-160344","2026-05-26T04:35:00.0000000","2026-05-26T05:10:00.0000000","20260526-0430-BEAR-OBS-001134-Z001134-OC","20260526-0435-Short-1135","Short","ObservationConfirm_WideStop1_5R","","16.88","ActualTrade","SL","1.00","-1.40","3","-108.20"
"OPF-20260722-160344","2026-05-26T06:20:00.0000000","2026-05-26T06:25:00.0000000","20260526-0615-BULL-OBS-001155-Z001155-OC","20260526-0620-Long-1156","Long","ObservationConfirm_WideStop1_5R","Fixed2_5R","19.88","ExitPolicyOverride:Fixed2_5R","Stop","-79.52","-81.92","4","-190.12"
"OPF-20260722-160344","2026-05-26T06:30:00.0000000","2026-05-26T07:00:00.0000000","20260526-0625-BULL-OBS-001157-Z001153-OC","20260526-0630-Long-1158","Long","ObservationConfirm_WideStop1_5R","Fixed2_5R","22.50","ExitPolicyOverride:Fixed2_5R","Stop","-90.00","-92.40","5","-282.52"
"OPF-20260722-160344","2026-05-26T10:50:00.0000000","2026-05-26T10:55:00.0000000","20260526-1045-BULL-OBS-001209-Z001203-OC","20260526-1050-Long-1210","Long","ObservationConfirm_WideStop1_5R","Fixed2_5R","7.12","ExitPolicyOverride:Fixed2_5R","Stop","-28.48","-30.88","6","-313.40"
"OPF-20260722-160535","2026-05-27T01:15:00.0000000","2026-05-27T01:55:00.0000000","20260527-0110-BULL-OBS-001094-Z001094-OC","20260527-0115-Long-1095","Long","ObservationConfirm_WideStop1_5R","Fixed2_5R","22.88","ExitPolicyOverride:Fixed2_5R","Stop","-91.52","-93.92","1","-93.92"
"OPF-20260722-160535","2026-05-27T03:20:00.0000000","2026-05-27T05:25:00.0000000","20260527-0315-BEAR-OBS-001119-Z001119-OC","20260527-0320-Short-1120","Short","ObservationConfirm","","16.25","ActualTrade","TP","198.00","195.60","2","101.68"
"OPF-20260722-160535","2026-05-27T07:25:00.0000000","2026-05-27T08:10:00.0000000","20260527-0720-BULL-OBS-001168-Z001168-OC","20260527-0725-Long-1169","Long","ObservationConfirm_WideStop1_5R","Fixed2_5R","15.38","ExitPolicyOverride:Fixed2_5R","Target","153.80","151.40","3","253.08"
"OPF-20260722-160535","2026-05-27T09:05:00.0000000","2026-05-27T09:10:00.0000000","20260527-0905-BEAR-OBS-001189-Z001189","20260527-0905-Short-1189","Short","ZoneBirthResearch","","15.25","ActualTrade","SPLIT_BASE_SL_RUNNER_SL","-61.00","-63.40","4","189.68"
"OPF-20260722-160535","2026-05-27T09:15:00.0000000","2026-05-27T09:25:00.0000000","20260527-0910-BEAR-OBS-001190-Z001189-OC","","Short","ObservationConfirm_WideStop1_5R","","14.62","ShadowTrade","Stop","-58.48","-60.88","5","128.80"
"OPF-20260722-160535","2026-05-27T10:40:00.0000000","2026-05-27T10:45:00.0000000","20260527-1035-BEAR-OBS-001207-Z001207-OC","20260527-1040-Short-1208","Short","ObservationConfirm","","5.75","ActualTrade","SL","-23.00","-25.40","6","103.40"
"OPF-20260722-160535","2026-05-27T18:40:00.0000000","2026-05-27T19:00:00.0000000","20260527-1830-BULL-OBS-001302-Z001302-OC","20260527-1840-Long-1304","Long","ObservationConfirm_WideStop1_5R","Fixed2_5R","18.00","ExitPolicyOverride:Fixed2_5R","Stop","-72.00","-74.40","7","29.00"
"OPF-20260722-160727","2026-05-28T02:20:00.0000000","2026-05-28T02:35:00.0000000","20260528-0220-BEAR-OBS-001108-Z001108","20260528-0220-Short-1108","Short","ZoneBirthResearch","","6.00","ActualTrade","SPLIT_BASE_TP_RUNNER_TP","71.50","69.10","1","69.10"
"OPF-20260722-160727","2026-05-28T05:50:00.0000000","2026-05-28T05:55:00.0000000","20260528-0550-BEAR-OBS-001150-Z001122","20260528-0550-Short-1150","Short","UnknownRegimeZoneTouch","","12.50","ActualTrade","SL","-47.00","-49.40","2","19.70"
"OPF-20260722-160727","2026-05-28T06:10:00.0000000","2026-05-28T06:10:00.0000000","20260528-0610-BEAR-OBS-001154-Z001121","20260528-0610-Short-1154","Short","UnknownRegimeZoneTouch","","5.25","ActualTrade","SL","-22.00","-24.40","3","-4.70"
"OPF-20260722-160727","2026-05-28T06:45:00.0000000","2026-05-28T06:50:00.0000000","20260528-0635-BEAR-OBS-001159-Z001159-OC","20260528-0645-Short-1161","Short","ObservationConfirm","","13.00","ActualTrade","SL","-3.00","-5.40","4","-10.10"
"OPF-20260722-160727","2026-05-28T07:10:00.0000000","2026-05-28T07:45:00.0000000","20260528-0705-BEAR-OBS-001165-Z001118-OC","20260528-0710-Short-1166","Short","ObservationConfirm","","19.75","ActualTrade","SL","-0.50","-2.90","5","-13.00"
"OPF-20260722-160727","2026-05-28T10:20:00.0000000","2026-05-28T11:30:00.0000000","20260528-1020-BEAR-BRK-001204-Z001204","20260528-1020-Short-1204","Short","BreakawayFvg","","24.75","ActualTrade","SL","-1.00","-3.40","6","-16.40"
"OPF-20260722-160727","2026-05-28T15:45:00.0000000","2026-05-28T15:45:00.0000000","20260528-1545-BULL-PB-001269-Z001266","20260528-1545-Long-1269","Long","AlmostConfirmed","","5.75","ActualTrade","SL","-1.00","-3.40","7","-19.80"
"OPF-20260722-160727","2026-05-28T16:40:00.0000000","2026-05-28T17:10:00.0000000","20260528-1635-BEAR-OBS-001279-Z001279-FR","20260528-1640-Long-1280","Long","FailureReverse_ObservationInvalidated_WideStop1_5R","","13.88","ActualTrade","SL","-1.00","-3.40","8","-23.20"
"OPF-20260722-160727","2026-05-28T19:15:00.0000000","2026-05-28T19:20:00.0000000","20260528-1915-BEAR-OBS-001311-Z001311","20260528-1915-Short-1311","Short","ZoneBirthResearch","","15.25","ActualTrade","SPLIT_BASE_SL_RUNNER_SL","-65.00","-67.40","9","-90.60"
"OPF-20260722-160727","2026-05-28T20:15:00.0000000","2026-05-28T20:15:00.0000000","20260528-2015-BULL-PB-001323-Z001322","20260528-2015-Long-1323","Long","AlmostConfirmed","","7.75","ActualTrade","SL","-32.50","-34.90","10","-125.50"
"OPF-20260722-160917","2026-05-28T22:50:00.0000000","2026-05-28T22:55:00.0000000","20260528-2245-BULL-OBS-001065-Z001065-OC","20260528-2250-Long-1066","Long","ObservationConfirm_WideStop1_5R","Fixed2_5R","5.62","ExitPolicyOverride:Fixed2_5R","Stop","-22.48","-24.88","1","-24.88"
"OPF-20260722-160917","2026-05-28T23:30:00.0000000","2026-05-28T23:55:00.0000000","20260528-2325-BULL-OBS-001073-Z001072-FR","20260528-2330-Short-1074","Short","FailureReverse_ObservationInvalidated_WideStop1_5R","","12.00","ActualTrade","TP","142.00","139.60","2","114.72"
"OPF-20260722-160917","2026-05-29T00:05:00.0000000","2026-05-29T00:20:00.0000000","20260529-0005-BEAR-OBS-001081-Z001081","","Short","ZoneBirthResearch","","16.50","ShadowTrade","Base:Stop|Runner:Stop","-66.00","-68.40","3","46.32"
"OPF-20260722-160917","2026-05-29T00:45:00.0000000","2026-05-29T00:55:00.0000000","20260529-0045-BEAR-OBS-001089-Z001089","20260529-0045-Short-1089","Short","ZoneBirthResearch","","6.50","ActualTrade","SPLIT_BASE_SL_RUNNER_SL","-21.00","-23.40","4","22.92"
"OPF-20260722-160917","2026-05-29T04:15:00.0000000","2026-05-29T06:05:00.0000000","20260529-0410-BULL-OBS-001130-Z001130-OC","20260529-0415-Long-1131","Long","ObservationConfirm_WideStop1_5R","Fixed2_5R","16.12","ExitPolicyOverride:Fixed2_5R","Target","161.20","158.80","5","181.72"
"OPF-20260722-160917","2026-05-29T06:55:00.0000000","2026-05-29T07:10:00.0000000","20260529-0650-BULL-OBS-001162-Z001162-OC","20260529-0655-Long-1163","Long","ObservationConfirm_WideStop1_5R","Fixed2_5R","24.00","ExitPolicyOverride:Fixed2_5R","Stop","-96.00","-98.40","6","83.32"
"OPF-20260722-160917","2026-05-29T07:40:00.0000000","2026-05-29T07:45:00.0000000","20260529-0735-BEAR-OBS-001171-Z001171-OC","20260529-0740-Short-1172","Short","ObservationConfirm","","17.75","ActualTrade","SL","-78.00","-80.40","7","2.92"
"OPF-20260722-161108","2026-06-01T02:45:00.0000000","2026-06-01T02:55:00.0000000","20260601-0245-BEAR-OBS-001161-Z001161","20260601-0245-Short-1161","Short","ZoneBirthResearch","","8.00","ActualTrade","SPLIT_BASE_SL_RUNNER_SL","-26.00","-28.40","1","-28.40"
"OPF-20260722-161108","2026-06-01T03:45:00.0000000","2026-06-01T03:55:00.0000000","20260601-0340-BEAR-OBS-001172-Z001172-OC","20260601-0345-Short-1173","Short","ObservationConfirm","","15.75","ActualTrade","SL","1.00","-1.40","2","-29.80"
"OPF-20260722-161108","2026-06-01T04:10:00.0000000","2026-06-01T05:10:00.0000000","20260601-0405-BULL-OBS-001177-Z001177-OC","20260601-0410-Long-1178","Long","ObservationConfirm_WideStop1_5R","Fixed2_5R","16.50","ExitPolicyOverride:Fixed2_5R","TimeStop","53.00","50.60","3","20.80"
"OPF-20260722-161108","2026-06-01T05:30:00.0000000","2026-06-01T05:30:00.0000000","20260601-0530-BEAR-OBS-001194-Z001194","20260601-0530-Short-1194","Short","ZoneBirthResearch","","7.25","ActualTrade","SPLIT_BASE_SL_RUNNER_SL","-30.50","-32.90","4","-12.10"
"OPF-20260722-161108","2026-06-01T06:05:00.0000000","2026-06-01T06:10:00.0000000","20260601-0550-BULL-OBS-001198-Z001198-OC","20260601-0605-Long-1201","Long","ObservationConfirm_WideStop1_5R","Fixed2_5R","11.62","ExitPolicyOverride:Fixed2_5R","Stop","-46.48","-48.88","5","-60.98"
"OPF-20260722-161108","2026-06-01T06:55:00.0000000","2026-06-01T07:10:00.0000000","20260601-0650-BULL-OBS-001210-Z001210-OC","20260601-0655-Long-1211","Long","ObservationConfirm_WideStop1_5R","Fixed2_5R","12.00","ExitPolicyOverride:Fixed2_5R","Stop","-48.00","-50.40","6","-111.38"
"OPF-20260722-161108","2026-06-01T07:30:00.0000000","2026-06-01T08:10:00.0000000","20260601-0725-BEAR-OBS-001217-Z001217-OC","20260601-0730-Short-1218","Short","ObservationConfirm","","19.25","ActualTrade","TP","229.00","226.60","7","115.22"
"OPF-20260722-161108","2026-06-01T09:10:00.0000000","2026-06-01T10:10:00.0000000","20260601-0900-BULL-OBS-001236-Z001236-FR","","Short","FailureReverse_ObservationInvalidated_WideStop1_5R","","23.62","ShadowTrade","ProtectBE","0.00","-2.40","8","112.82"
"OPF-20260722-161108","2026-06-01T18:05:00.0000000","2026-06-01T18:45:00.0000000","20260601-1800-BULL-OBS-001344-Z001342-FR","20260601-1805-Short-1345","Short","FailureReverse_ObservationInvalidated_WideStop1_5R","","13.50","ActualTrade","TP","165.00","162.60","9","275.42"
"OPF-20260722-161108","2026-06-01T18:50:00.0000000","2026-06-01T18:50:00.0000000","20260601-1850-BEAR-OBS-001354-Z001354","20260601-1850-Short-1354","Short","ZoneBirthResearch","","5.25","ActualTrade","SPLIT_BASE_SL_RUNNER_SL","-24.00","-26.40","10","249.02"
"OPF-20260722-161304","2026-06-02T01:50:00.0000000","2026-06-02T02:10:00.0000000","20260602-0150-BEAR-OBS-001150-Z001150","20260602-0150-Short-1150","Short","ZoneBirthResearch","","7.25","ActualTrade","SPLIT_BASE_TP_RUNNER_BE","37.50","35.10","1","35.10"
"OPF-20260722-161304","2026-06-02T03:25:00.0000000","2026-06-02T03:30:00.0000000","20260602-0320-BEAR-OBS-001168-Z001168-OC","20260602-0325-Short-1169","Short","ObservationConfirm_WideStop1_5R","","20.25","ActualTrade","SL","-88.50","-90.90","2","-55.80"
"OPF-20260722-161304","2026-06-02T06:35:00.0000000","2026-06-02T08:00:00.0000000","20260602-0625-BULL-OBS-001205-Z001204-OC","20260602-0635-Long-1207","Long","ObservationConfirm_WideStop1_5R","Fixed2_5R","24.75","ExitPolicyOverride:Fixed2_5R","Target","247.50","245.10","3","189.30"
"OPF-20260722-161304","2026-06-02T10:40:00.0000000","2026-06-02T11:00:00.0000000","20260602-1035-BEAR-OBS-001255-Z001255-OC","20260602-1040-Short-1256","Short","ObservationConfirm","","11.00","ActualTrade","SL","2.00","-0.40","4","188.90"
"OPF-20260722-161304","2026-06-02T12:10:00.0000000","2026-06-02T12:15:00.0000000","20260602-1200-BEAR-OBS-001272-Z001272-OC","20260602-1210-Short-1274","Short","ObservationConfirm_WideStop1_5R","","18.75","ActualTrade","SL","-77.00","-79.40","5","109.50"
"OPF-20260722-161304","2026-06-02T15:20:00.0000000","2026-06-02T15:30:00.0000000","20260602-1515-BULL-OBS-001311-Z001311-OC","20260602-1520-Long-1312","Long","ObservationConfirm_WideStop1_5R","Fixed2_5R","19.50","ExitPolicyOverride:Fixed2_5R","Stop","-78.00","-80.40","6","29.10"
"OPF-20260722-161304","2026-06-02T18:00:00.0000000","2026-06-02T18:00:00.0000000","20260602-1800-BEAR-OBS-001344-Z001344","20260602-1800-Short-1344","Short","ZoneBirthResearch","","12.75","ActualTrade","SPLIT_BASE_SL_RUNNER_SL","-53.50","-55.90","7","-26.80"
"OPF-20260722-161304","2026-06-02T18:20:00.0000000","2026-06-02T18:20:00.0000000","20260602-1820-BEAR-OBS-001348-Z001348","20260602-1820-Short-1348","Short","ZoneBirthResearch","","8.00","ActualTrade","SPLIT_BASE_SL_RUNNER_SL","-33.50","-35.90","8","-62.70"
"OPF-20260722-161449","2026-06-03T01:45:00.0000000","2026-06-03T01:45:00.0000000","20260603-0140-BEAR-OBS-001148-Z001148-OC","20260603-0145-Short-1149","Short","ObservationConfirm_WideStop1_5R","","16.88","ActualTrade","SL","-68.00","-70.40","1","-70.40"
"OPF-20260722-161449","2026-06-03T04:15:00.0000000","2026-06-03T05:05:00.0000000","20260603-0410-BEAR-OBS-001178-Z001114-OC","20260603-0415-Short-1179","Short","ObservationConfirm","","19.50","ActualTrade","SL","0.50","-1.90","2","-72.30"
"OPF-20260722-161449","2026-06-03T05:15:00.0000000","2026-06-03T05:30:00.0000000","20260603-0510-BULL-OBS-001190-Z001190-OC","20260603-0515-Long-1191","Long","ObservationConfirm_WideStop1_5R","Fixed2_5R","18.00","ExitPolicyOverride:Fixed2_5R","Stop","-72.00","-74.40","3","-146.70"
"OPF-20260722-161449","2026-06-03T07:25:00.0000000","2026-06-03T07:50:00.0000000","20260603-0725-BEAR-OBS-001217-Z001217","20260603-0725-Short-1217","Short","ZoneBirthResearch","","14.50","ActualTrade","SPLIT_BASE_SL_RUNNER_SL","-60.00","-62.40","4","-209.10"
"OPF-20260722-161449","2026-06-03T08:40:00.0000000","2026-06-03T08:40:00.0000000","20260603-0840-BEAR-OBS-001232-Z001232","20260603-0840-Short-1232","Short","ZoneBirthResearch","","7.50","ActualTrade","SPLIT_BASE_SL_RUNNER_SL","-29.00","-31.40","5","-240.50"
"OPF-20260722-161449","2026-06-03T10:35:00.0000000","2026-06-03T10:40:00.0000000","20260603-1030-BULL-OBS-001254-Z001254-OC","20260603-1035-Long-1255","Long","ObservationConfirm_WideStop1_5R","Fixed2_5R","15.75","ExitPolicyOverride:Fixed2_5R","Stop","-63.00","-65.40","6","-305.90"
"OPF-20260722-161659","2026-06-04T05:20:00.0000000","2026-06-04T05:25:00.0000000","20260604-0515-BEAR-OBS-001191-Z001190-OC","20260604-0520-Short-1192","Short","ObservationConfirm","","20.00","ActualTrade","SL","-84.50","-86.90","1","-86.90"
"OPF-20260722-161659","2026-06-04T06:45:00.0000000","2026-06-04T07:45:00.0000000","20260604-0640-BULL-OBS-001208-Z001208-OC","20260604-0645-Long-1209","Long","ObservationConfirm_WideStop1_5R","Fixed2_5R","24.00","ExitPolicyOverride:Fixed2_5R","TimeStop","5.00","2.60","2","-84.30"
"OPF-20260722-161659","2026-06-04T09:05:00.0000000","2026-06-04T09:10:00.0000000","20260604-0905-BEAR-OBS-001237-Z001237","20260604-0905-Short-1237","Short","ZoneBirthResearch","","13.50","ActualTrade","SPLIT_BASE_TP_RUNNER_TP","187.00","184.60","3","100.30"
"OPF-20260722-161659","2026-06-04T10:10:00.0000000","2026-06-04T10:45:00.0000000","20260604-1005-BEAR-OBS-001249-Z001249-OC","20260604-1010-Short-1250","Short","ObservationConfirm","","21.75","ActualTrade","TP","252.00","249.60","4","349.90"
"OPF-20260722-161849","2026-06-05T02:55:00.0000000","2026-06-05T03:05:00.0000000","20260605-0250-BEAR-OBS-001162-Z001161-OC","20260605-0255-Short-1163","Short","ObservationConfirm","","18.00","ActualTrade","SL","11.00","8.60","1","8.60"
"OPF-20260722-161849","2026-06-05T04:00:00.0000000","2026-06-05T04:00:00.0000000","20260605-0355-BEAR-SHD-001175-Z001174","20260605-0400-Short-1176","Short","ShadowCandidate","","12.25","ActualTrade","SL","-59.50","-61.90","2","-53.30"
"OPF-20260722-161849","2026-06-05T05:00:00.0000000","2026-06-05T05:20:00.0000000","20260605-0455-BULL-OBS-001187-Z001187-FR","20260605-0500-Short-1188","Short","FailureReverse_ObservationInvalidated_WideStop1_5R","","23.25","ActualTrade","SL","-1.50","-3.90","3","-57.20"
"OPF-20260722-161849","2026-06-05T06:05:00.0000000","2026-06-05T06:05:00.0000000","20260605-0600-BEAR-OBS-001200-Z001198-FR","20260605-0605-Long-1201","Long","FailureReverse_ObservationInvalidated","","11.50","ActualTrade","SL","-46.50","-48.90","4","-106.10"
"OPF-20260722-161849","2026-06-05T06:40:00.0000000","2026-06-05T06:45:00.0000000","20260605-0640-BEAR-BRK-001208-Z001208","20260605-0640-Short-1208","Short","BreakawayFvg","","21.00","ActualTrade","SL","-85.00","-87.40","5","-193.50"
"OPF-20260722-161849","2026-06-05T07:05:00.0000000","2026-06-05T07:15:00.0000000","20260605-0705-BEAR-BRK-001213-Z001213","20260605-0705-Short-1213","Short","BreakawayFvg","","25.25","ActualTrade","SL","0.50","-1.90","6","-195.40"
"OPF-20260722-161849","2026-06-05T07:25:00.0000000","2026-06-05T07:25:00.0000000","20260605-0705-BEAR-SHD-001213-Z001213","20260605-0725-Short-1217","Short","ShadowCandidate","","10.75","ActualTrade","SL","-46.00","-48.40","7","-243.80"
"OPF-20260722-161849","2026-06-05T10:00:00.0000000","2026-06-05T11:00:00.0000000","20260605-0955-BULL-OBS-001247-Z001246-OC","20260605-1000-Long-1248","Long","ObservationConfirm_WideStop1_5R","Fixed2_5R","22.88","ExitPolicyOverride:Fixed2_5R","Stop","-91.52","-93.92","8","-337.72"
"OPF-20260722-162056","2026-06-08T04:05:00.0000000","2026-06-08T04:10:00.0000000","20260608-0405-BEAR-OBS-001177-Z001177","20260608-0405-Short-1177","Short","ZoneBirthResearch","","17.50","ActualTrade","SPLIT_BASE_SL_RUNNER_SL","-70.00","-72.40","1","-72.40"
"OPF-20260722-162056","2026-06-08T04:50:00.0000000","2026-06-08T04:55:00.0000000","20260608-0450-BEAR-OBS-001186-Z001184","20260608-0450-Short-1186","Short","UnknownRegimeZoneTouch","","20.00","ActualTrade","SL","1.50","-0.90","2","-73.30"
"OPF-20260722-162056","2026-06-08T05:15:00.0000000","2026-06-08T05:30:00.0000000","20260608-0515-BEAR-OBS-001191-Z001191","20260608-0515-Short-1191","Short","ZoneBirthResearch","","14.75","ActualTrade","SPLIT_BASE_TP_RUNNER_TP","192.00","189.60","3","116.30"
"OPF-20260722-162056","2026-06-08T09:25:00.0000000","2026-06-08T09:30:00.0000000","20260608-0920-BEAR-OBS-001240-Z001233-OC","20260608-0925-Short-1241","Short","ObservationConfirm","","18.25","ActualTrade","SL","-5.50","-7.90","4","108.40"
"OPF-20260722-162252","2026-06-09T06:30:00.0000000","2026-06-09T06:55:00.0000000","20260609-0630-BEAR-OBS-001206-Z001206","20260609-0630-Short-1206","Short","ZoneBirthResearch","","14.00","ActualTrade","SPLIT_BASE_SL_RUNNER_SL","-62.50","-64.90","1","-64.90"
"OPF-20260722-162252","2026-06-09T11:20:00.0000000","2026-06-09T11:25:00.0000000","20260609-1120-BULL-PB-001264-Z001259","20260609-1120-Long-1264","Long","AlmostConfirmed","","10.25","ActualTrade","TP","117.00","114.60","2","49.70"
"OPF-20260722-162252","2026-06-09T12:50:00.0000000","2026-06-09T12:50:00.0000000","20260609-1245-BEAR-OBS-001281-Z001281-OC","20260609-1250-Short-1282","Short","ObservationConfirm","","18.75","ActualTrade","SL","-80.00","-82.40","3","-32.70"
"OPF-20260722-162508","2026-06-10T03:45:00.0000000","2026-06-10T03:50:00.0000000","20260610-0340-BEAR-OBS-001172-Z001172-OC","20260610-0345-Short-1173","Short","ObservationConfirm","","17.00","ActualTrade","SL","-76.00","-78.40","1","-78.40"
"OPF-20260722-162508","2026-06-10T06:10:00.0000000","2026-06-10T06:10:00.0000000","20260610-0605-BEAR-OBS-001201-Z001177-OC","20260610-0610-Short-1202","Short","ObservationConfirm","","6.75","ActualTrade","SL","-36.00","-38.40","2","-116.80"
"OPF-20260722-162720","2026-06-11T03:45:00.0000000","2026-06-11T04:20:00.0000000","20260611-0340-BULL-OBS-001172-Z001172-OC","20260611-0345-Long-1173","Long","ObservationConfirm_WideStop1_5R","Fixed2_5R","24.75","ExitPolicyOverride:Fixed2_5R","Target","247.50","245.10","1","245.10"
"OPF-20260722-162720","2026-06-11T06:45:00.0000000","2026-06-11T07:00:00.0000000","20260611-0640-BULL-OBS-001208-Z001208-OC","20260611-0645-Long-1209","Long","ObservationConfirm_WideStop1_5R","Fixed2_5R","19.50","ExitPolicyOverride:Fixed2_5R","Target","195.00","192.60","2","437.70"
"OPF-20260722-162720","2026-06-11T11:15:00.0000000","2026-06-11T11:20:00.0000000","20260611-1110-BEAR-OBS-001262-Z001262-OC","20260611-1115-Short-1263","Short","ObservationConfirm_WideStop1_5R","","9.75","ActualTrade","SL","-4.00","-6.40","3","431.30"
"OPF-20260722-162931","2026-06-11T23:00:00.0000000","2026-06-11T23:25:00.0000000","20260611-2255-BULL-OBS-001115-Z001114-FR","20260611-2300-Short-1116","Short","FailureReverse_ObservationInvalidated","","23.25","ActualTrade","SL","0.00","-2.40","1","-2.40"
"OPF-20260722-162931","2026-06-12T06:35:00.0000000","2026-06-12T06:55:00.0000000","20260612-0635-BEAR-BRK-001207-Z001207","20260612-0635-Short-1207","Short","BreakawayFvg","","26.50","ActualTrade","TP","324.00","321.60","2","319.20"
"OPF-20260722-162931","2026-06-12T07:05:00.0000000","2026-06-12T07:15:00.0000000","20260612-0705-BEAR-BRK-001213-Z001213","20260612-0705-Short-1213","Short","BreakawayFvg","","13.50","ActualTrade","SL","-2.50","-4.90","3","314.30"
"OPF-20260722-162931","2026-06-12T18:20:00.0000000","2026-06-12T18:20:00.0000000","20260612-1820-BEAR-OBS-001348-Z001348","20260612-1820-Short-1348","Short","ZoneBirthResearch","","16.50","ActualTrade","SPLIT_BASE_SL_RUNNER_SL","-68.00","-70.40","4","243.90"
"OPF-20260722-162931","2026-06-12T20:35:00.0000000","2026-06-12T20:35:00.0000000","20260612-2030-BEAR-OBS-001374-Z001374-OC","20260612-2035-Short-1375","Short","ObservationConfirm","","15.50","ActualTrade","SL","-61.00","-63.40","5","180.50"
"OPF-20260722-163132","2026-06-15T03:50:00.0000000","2026-06-15T04:10:00.0000000","20260615-0345-BEAR-OBS-001173-Z001173-OC","20260615-0350-Short-1174","Short","ObservationConfirm","","14.75","ActualTrade","SL","0.00","-2.40","1","-2.40"
"OPF-20260722-163132","2026-06-15T04:25:00.0000000","2026-06-15T04:35:00.0000000","20260615-0420-BEAR-OBS-001180-Z001173-FR","20260615-0425-Long-1181","Long","FailureReverse_ObservationInvalidated","","12.25","ActualTrade","SL","0.00","-2.40","2","-4.80"
"OPF-20260722-163132","2026-06-15T05:15:00.0000000","2026-06-15T05:30:00.0000000","20260615-0510-BULL-OBS-001190-Z001190-OC","20260615-0515-Long-1191","Long","ObservationConfirm_WideStop1_5R","Fixed2_5R","18.75","ExitPolicyOverride:Fixed2_5R","Stop","-75.00","-77.40","3","-82.20"
"OPF-20260722-163132","2026-06-15T06:05:00.0000000","2026-06-15T06:15:00.0000000","20260615-0600-BULL-OBS-001200-Z001200-OC","20260615-0605-Long-1201","Long","ObservationConfirm_WideStop1_5R","Fixed2_5R","13.50","ExitPolicyOverride:Fixed2_5R","Stop","-54.00","-56.40","4","-138.60"
"OPF-20260722-163132","2026-06-15T09:00:00.0000000","2026-06-15T09:05:00.0000000","20260615-0855-BEAR-OBS-001235-Z001235-OC","20260615-0900-Short-1236","Short","ObservationConfirm","","7.25","ActualTrade","SL","-2.00","-4.40","5","-143.00"
"OPF-20260722-163132","2026-06-15T10:05:00.0000000","2026-06-15T10:40:00.0000000","20260615-1000-BEAR-OBS-001248-Z001240-OC","20260615-1005-Short-1249","Short","ObservationConfirm","","17.75","ActualTrade","SL","-2.50","-4.90","6","-147.90"
"OPF-20260722-163132","2026-06-15T10:55:00.0000000","2026-06-15T11:20:00.0000000","20260615-1050-BULL-OBS-001258-Z001258-OC","20260615-1055-Long-1259","Long","ObservationConfirm_WideStop1_5R","Fixed2_5R","20.62","ExitPolicyOverride:Fixed2_5R","Target","206.20","203.80","7","55.90"
"OPF-20260722-163132","2026-06-15T11:25:00.0000000","2026-06-15T11:30:00.0000000","20260615-1120-BULL-OBS-001264-Z001264-OC","","Long","ObservationConfirm_WideStop1_5R","Fixed2_5R","20.25","ExitPolicyOverride:Fixed2_5R","Stop","-81.00","-83.40","8","-27.50"
"OPF-20260722-163321","2026-06-16T02:40:00.0000000","2026-06-16T02:50:00.0000000","20260616-0235-BULL-OBS-001159-Z001159-OC","20260616-0240-Long-1160","Long","ObservationConfirm_WideStop1_5R","Fixed2_5R","18.00","ExitPolicyOverride:Fixed2_5R","Stop","-72.00","-74.40","1","-74.40"
"OPF-20260722-163321","2026-06-16T03:00:00.0000000","2026-06-16T03:00:00.0000000","20260616-0255-BEAR-OBS-001163-Z001163-OC","20260616-0300-Short-1164","Short","ObservationConfirm","","5.25","ActualTrade","SL","-20.00","-22.40","2","-96.80"
"OPF-20260722-163321","2026-06-16T03:55:00.0000000","2026-06-16T04:15:00.0000000","20260616-0340-BULL-OBS-001172-Z001172-FR-RT","20260616-0355-Short-1175","Short","FailureReverse_RetestFailed_WideStop1_5R","","18.00","ActualTrade","SL","-1.00","-3.40","3","-100.20"
"OPF-20260722-163321","2026-06-16T09:55:00.0000000","2026-06-16T10:00:00.0000000","20260616-0950-BEAR-OBS-001246-Z001245-OC","20260616-0955-Short-1247","Short","ObservationConfirm","","17.00","ActualTrade","SL","-68.00","-70.40","4","-170.60"
"OPF-20260722-163321","2026-06-16T10:45:00.0000000","2026-06-16T11:15:00.0000000","20260616-1040-BULL-OBS-001256-Z001256-OC","20260616-1045-Long-1257","Long","ObservationConfirm_WideStop1_5R","Fixed2_5R","17.25","ExitPolicyOverride:Fixed2_5R","Target","172.50","170.10","5","-0.50"
"OPF-20260722-163521","2026-06-16T22:45:00.0000000","2026-06-16T22:45:00.0000000","20260616-2245-BEAR-OBS-001113-Z001113","20260616-2245-Short-1113","Short","ZoneBirthResearch","","5.50","ActualTrade","SPLIT_BASE_SL_RUNNER_SL","-24.50","-26.90","1","-26.90"
"OPF-20260722-163521","2026-06-16T23:00:00.0000000","2026-06-16T23:55:00.0000000","20260616-2255-BULL-OBS-001115-Z001115-FR","20260616-2300-Short-1116","Short","FailureReverse_ObservationInvalidated_WideStop1_5R","","22.50","ActualTrade","SL","-8.00","-10.40","2","-37.30"
"OPF-20260722-163521","2026-06-17T00:50:00.0000000","2026-06-17T00:50:00.0000000","20260617-0040-BULL-OBS-001136-Z001135-FR","20260617-0050-Short-1138","Short","FailureReverse_ObservationInvalidated","","12.25","ActualTrade","SL","-44.00","-46.40","3","-83.70"
"OPF-20260722-163521","2026-06-17T01:30:00.0000000","2026-06-17T03:15:00.0000000","20260617-0125-BULL-OBS-001145-Z001145-OC","20260617-0130-Long-1146","Long","ObservationConfirm_WideStop1_5R","Fixed2_5R","17.62","ExitPolicyOverride:Fixed2_5R","TimeStop","31.00","28.60","4","-55.10"
"OPF-20260722-163521","2026-06-17T03:20:00.0000000","2026-06-17T03:35:00.0000000","20260617-0315-BEAR-OBS-001167-Z001167-OC","","Short","ObservationConfirm","","15.25","ShadowTrade","Stop","-61.00","-63.40","5","-118.50"
"OPF-20260722-163521","2026-06-17T05:30:00.0000000","2026-06-17T06:30:00.0000000","20260617-0520-BULL-OBS-001192-Z001192-OC","","Long","ObservationConfirm_WideStop1_5R","Fixed2_5R","20.25","ExitPolicyOverride:Fixed2_5R","TimeStop","71.00","68.60","6","-49.90"
"OPF-20260722-163521","2026-06-17T06:50:00.0000000","2026-06-17T07:10:00.0000000","20260617-0645-BULL-OBS-001209-Z001209-OC","20260617-0650-Long-1210","Long","ObservationConfirm_WideStop1_5R","Fixed2_5R","15.38","ExitPolicyOverride:Fixed2_5R","Target","153.80","151.40","7","101.50"
"OPF-20260722-163521","2026-06-17T08:20:00.0000000","2026-06-17T08:40:00.0000000","20260617-0815-BEAR-OBS-001227-Z001227-OC","20260617-0820-Short-1228","Short","ObservationConfirm","","19.75","ActualTrade","TP","240.00","237.60","8","339.10"
"OPF-20260722-163521","2026-06-17T09:00:00.0000000","2026-06-17T09:05:00.0000000","20260617-0855-BEAR-OBS-001235-Z001231-FR","20260617-0900-Long-1236","Long","FailureReverse_ObservationInvalidated","","14.75","ActualTrade","SL","-66.00","-68.40","9","270.70"
"OPF-20260722-163521","2026-06-17T11:30:00.0000000","2026-06-17T11:45:00.0000000","20260617-1130-BEAR-OBS-001266-Z001266","20260617-1130-Short-1266","Short","ZoneBirthResearch","","12.25","ActualTrade","SPLIT_BASE_TP_RUNNER_TP","166.50","164.10","10","434.80"
"OPF-20260722-163521","2026-06-17T11:55:00.0000000","2026-06-17T11:55:00.0000000","20260617-1150-BEAR-OBS-001270-Z001270-OC","20260617-1155-Short-1271","Short","ObservationConfirm","","18.25","ActualTrade","SL","-68.00","-70.40","11","364.40"
"OPF-20260722-163521","2026-06-17T13:00:00.0000000","2026-06-17T13:10:00.0000000","20260617-1300-BEAR-OBS-001284-Z001284","20260617-1300-Short-1284","Short","ZoneBirthResearch","","6.25","ActualTrade","SPLIT_BASE_TP_RUNNER_SL","24.50","22.10","12","386.50"
"OPF-20260722-163731","2026-06-18T00:25:00.0000000","2026-06-18T00:25:00.0000000","20260618-0025-BEAR-OBS-001133-Z001133","20260618-0025-Short-1133","Short","ZoneBirthResearch","","14.00","ActualTrade","SPLIT_BASE_SL_RUNNER_SL","-50.00","-52.40","1","-52.40"
"OPF-20260722-163731","2026-06-18T02:25:00.0000000","2026-06-18T02:30:00.0000000","20260618-0210-BULL-OBS-001154-Z001154-FR-RT","20260618-0225-Short-1157","Short","FailureReverse_RetestFailed","","7.50","ActualTrade","SL","0.50","-1.90","2","-54.30"
"OPF-20260722-163731","2026-06-18T04:20:00.0000000","2026-06-18T04:45:00.0000000","20260618-0420-BEAR-BRK-001180-Z001180","20260618-0420-Short-1180","Short","BreakawayFvg","","19.75","ActualTrade","SL","-3.00","-5.40","3","-59.70"
"OPF-20260722-163731","2026-06-18T06:30:00.0000000","2026-06-18T06:40:00.0000000","20260618-0625-BEAR-OBS-001205-Z001178-OC","20260618-0630-Short-1206","Short","ObservationConfirm","","19.50","ActualTrade","SL","2.00","-0.40","4","-60.10"
"OPF-20260722-163731","2026-06-18T07:30:00.0000000","2026-06-18T08:05:00.0000000","20260618-0725-BULL-OBS-001217-Z001217-OC","20260618-0730-Long-1218","Long","ObservationConfirm_WideStop1_5R","Fixed2_5R","20.62","ExitPolicyOverride:Fixed2_5R","Target","206.20","203.80","5","143.70"
"OPF-20260722-163731","2026-06-18T10:35:00.0000000","2026-06-18T11:05:00.0000000","20260618-1035-BEAR-OBS-001255-Z001255","20260618-1035-Short-1255","Short","ZoneBirthResearch","","13.75","ActualTrade","SPLIT_BASE_TP_RUNNER_TP","182.50","180.10","6","323.80"
"OPF-20260722-163731","2026-06-18T17:40:00.0000000","2026-06-18T17:55:00.0000000","20260618-1735-BULL-OBS-001339-Z001339-OC","20260618-1740-Long-1340","Long","ObservationConfirm_WideStop1_5R","Fixed2_5R","21.38","ExitPolicyOverride:Fixed2_5R","Stop","-85.52","-87.92","7","235.88"
"OPF-20260722-163731","2026-06-18T18:40:00.0000000","2026-06-18T18:45:00.0000000","20260618-1835-BEAR-OBS-001351-Z001351-OC","","Short","ObservationConfirm_WideStop1_5R","","19.12","ShadowTrade","Stop","-76.48","-78.88","8","157.00"
"OPF-20260722-163931","2026-06-22T01:15:00.0000000","2026-06-22T01:45:00.0000000","20260622-0110-BULL-OBS-001094-Z001093-OC","20260622-0115-Long-1095","Long","ObservationConfirm_WideStop1_5R","Fixed2_5R","13.12","ExitPolicyOverride:Fixed2_5R","Stop","-52.48","-54.88","1","-54.88"
"OPF-20260722-163931","2026-06-22T03:05:00.0000000","2026-06-22T03:10:00.0000000","20260622-0300-BULL-OBS-001116-Z001089-FR","20260622-0305-Short-1117","Short","FailureReverse_ObservationInvalidated_WideStop1_5R","","24.00","ActualTrade","SL","-99.00","-101.40","2","-156.28"
"OPF-20260722-163931","2026-06-22T04:00:00.0000000","2026-06-22T04:00:00.0000000","20260622-0400-BEAR-OBS-001128-Z001128","20260622-0400-Short-1128","Short","ZoneBirthResearch","","5.25","ActualTrade","SPLIT_BASE_SL_RUNNER_SL","-20.00","-22.40","3","-178.68"
"OPF-20260722-163931","2026-06-22T08:10:00.0000000","2026-06-22T08:30:00.0000000","20260622-0805-BEAR-OBS-001177-Z001177-OC","20260622-0810-Short-1178","Short","ObservationConfirm","","19.50","ActualTrade","SL","0.00","-2.40","4","-181.08"
"OPF-20260722-163931","2026-06-22T10:20:00.0000000","2026-06-22T10:30:00.0000000","20260622-1015-BULL-OBS-001203-Z001202-OC","20260622-1020-Long-1204","Long","ObservationConfirm_WideStop1_5R","Fixed2_5R","18.00","ExitPolicyOverride:Fixed2_5R","Stop","-72.00","-74.40","5","-255.48"
"OPF-20260722-163931","2026-06-22T10:40:00.0000000","2026-06-22T10:40:00.0000000","20260622-1035-BEAR-OBS-001207-Z001207-OC","20260622-1040-Short-1208","Short","ObservationConfirm","","16.75","ActualTrade","SL","-72.00","-74.40","6","-329.88"
"OPF-20260722-164132","2026-06-23T01:25:00.0000000","2026-06-23T01:30:00.0000000","20260623-0120-BEAR-OBS-001096-Z001096-OC","20260623-0125-Short-1097","Short","ObservationConfirm","","18.25","ActualTrade","TP","222.00","219.60","1","219.60"
"OPF-20260722-164132","2026-06-23T03:10:00.0000000","2026-06-23T03:45:00.0000000","20260623-0310-BEAR-BRK-001118-Z001118","20260623-0310-Short-1118","Short","BreakawayFvg","","21.75","ActualTrade","SL","-1.50","-3.90","2","215.70"
"OPF-20260722-164132","2026-06-23T04:20:00.0000000","2026-06-23T04:20:00.0000000","20260623-0420-BEAR-OBS-001132-Z001132","20260623-0420-Short-1132","Short","ZoneBirthResearch","","13.75","ActualTrade","SPLIT_BASE_SL_RUNNER_SL","-64.00","-66.40","3","149.30"
"OPF-20260722-164132","2026-06-23T06:00:00.0000000","2026-06-23T06:15:00.0000000","20260623-0555-BEAR-OBS-001151-Z001151-OC","20260623-0600-Short-1152","Short","ObservationConfirm","","22.00","ActualTrade","TP","273.00","270.60","4","419.90"
"OPF-20260722-164132","2026-06-23T07:00:00.0000000","2026-06-23T07:00:00.0000000","20260623-0700-BEAR-BRK-001164-Z001164","20260623-0700-Short-1164","Short","BreakawayFvg","","12.75","ActualTrade","SL","-53.00","-55.40","5","364.50"
"OPF-20260722-164132","2026-06-23T07:55:00.0000000","2026-06-23T08:10:00.0000000","20260623-0755-BEAR-BRK-001175-Z001175","20260623-0755-Short-1175","Short","BreakawayFvg","","29.75","ActualTrade","TP","351.00","348.60","6","713.10"
"OPF-20260722-164132","2026-06-23T10:35:00.0000000","2026-06-23T10:50:00.0000000","20260623-1035-BEAR-OBS-001207-Z001207","20260623-1035-Short-1207","Short","ZoneBirthResearch","","16.75","ActualTrade","SPLIT_BASE_TP_RUNNER_SL","55.00","52.60","7","765.70"
"OPF-20260722-164132","2026-06-23T11:15:00.0000000","2026-06-23T11:15:00.0000000","20260623-1110-BEAR-OBS-001214-Z001205-OC","20260623-1115-Short-1215","Short","ObservationConfirm","","17.00","ActualTrade","SL","0.00","-2.40","8","763.30"
"OPF-20260722-164132","2026-06-23T16:50:00.0000000","2026-06-23T16:50:00.0000000","20260623-1650-BEAR-OBS-001282-Z001282","20260623-1650-Short-1282","Short","ZoneBirthResearch","","12.50","ActualTrade","SPLIT_BASE_SL_RUNNER_SL","-57.00","-59.40","9","703.90"
"OPF-20260722-164132","2026-06-23T17:45:00.0000000","2026-06-23T17:45:00.0000000","20260623-1745-BEAR-BRK-001293-Z001293","20260623-1745-Short-1293","Short","BreakawayFvg","","20.75","ActualTrade","TP","253.50","251.10","10","955.00"
"OPF-20260722-164341","2026-06-24T02:25:00.0000000","2026-06-24T02:35:00.0000000","20260624-0220-BEAR-OBS-001108-Z001108-OC","20260624-0225-Short-1109","Short","ObservationConfirm","","16.75","ActualTrade","TP","196.50","194.10","1","194.10"
"OPF-20260722-164341","2026-06-24T05:30:00.0000000","2026-06-24T05:50:00.0000000","20260624-0520-BULL-OBS-001144-Z001144-OC","20260624-0530-Long-1146","Long","ObservationConfirm_WideStop1_5R","Fixed2_5R","16.50","ExitPolicyOverride:Fixed2_5R","Stop","-66.00","-68.40","2","125.70"
"OPF-20260722-164341","2026-06-24T05:55:00.0000000","2026-06-24T06:00:00.0000000","20260624-0555-BEAR-OBS-001151-Z001151","20260624-0555-Short-1151","Short","ZoneBirthResearch","","14.25","ActualTrade","SPLIT_BASE_SL_RUNNER_SL","-60.50","-62.90","3","62.80"
"OPF-20260722-164341","2026-06-24T06:10:00.0000000","2026-06-24T06:15:00.0000000","20260624-0605-BEAR-OBS-001153-Z001151-FR","","Long","FailureReverse_ObservationInvalidated","","15.75","ShadowTrade","Stop","-63.00","-65.40","4","-2.60"
"OPF-20260722-164341","2026-06-24T06:20:00.0000000","2026-06-24T06:25:00.0000000","20260624-0615-BULL-OBS-001155-Z001154-FR","20260624-0620-Short-1156","Short","FailureReverse_ObservationInvalidated_WideStop1_5R","","12.00","ActualTrade","SL","-2.00","-4.40","5","-7.00"
"OPF-20260722-164341","2026-06-24T10:05:00.0000000","2026-06-24T10:40:00.0000000","20260624-0955-BULL-OBS-001199-Z001199-OC","20260624-1005-Long-1201","Long","ObservationConfirm_WideStop1_5R","Fixed2_5R","16.88","ExitPolicyOverride:Fixed2_5R","Target","168.80","166.40","6","159.40"
"OPF-20260722-164341","2026-06-24T12:50:00.0000000","2026-06-24T12:55:00.0000000","20260624-1250-BEAR-OBS-001234-Z001234","20260624-1250-Short-1234","Short","ZoneBirthResearch","","15.25","ActualTrade","SPLIT_BASE_SL_RUNNER_SL","-47.00","-49.40","7","110.00"
"OPF-20260722-164556","2026-06-25T03:30:00.0000000","2026-06-25T03:30:00.0000000","20260625-0325-BULL-OBS-001121-Z001120-OC-STR","20260625-0330-Long-1122","Long","ObservationStrict_Other","","8.75","ActualTrade","SL","-39.00","-41.40","1","-41.40"
"OPF-20260722-164556","2026-06-25T03:55:00.0000000","2026-06-25T04:30:00.0000000","20260625-0350-BULL-OBS-001126-Z001126-OC","20260625-0355-Long-1127","Long","ObservationConfirm_WideStop1_5R","Fixed2_5R","22.88","ExitPolicyOverride:Fixed2_5R","Stop","-91.52","-93.92","2","-135.32"
"OPF-20260722-164556","2026-06-25T07:10:00.0000000","2026-06-25T07:20:00.0000000","20260625-0705-BULL-OBS-001165-Z001165-OC","20260625-0710-Long-1166","Long","ObservationConfirm_WideStop1_5R","Fixed2_5R","19.50","ExitPolicyOverride:Fixed2_5R","Target","195.00","192.60","3","57.28"
"OPF-20260722-164556","2026-06-25T07:30:00.0000000","2026-06-25T07:35:00.0000000","20260625-0725-BULL-OBS-001169-Z001169-OC","","Long","ObservationConfirm_WideStop1_5R","Fixed2_5R","15.75","ExitPolicyOverride:Fixed2_5R","Stop","-63.00","-65.40","4","-8.12"
"OPF-20260722-164556","2026-06-25T08:20:00.0000000","2026-06-25T08:45:00.0000000","20260625-0815-BEAR-OBS-001179-Z001179-OC","20260625-0820-Short-1180","Short","ObservationConfirm","","16.75","ActualTrade","TP","201.00","198.60","5","190.48"
"OPF-20260722-164556","2026-06-25T09:10:00.0000000","2026-06-25T09:20:00.0000000","20260625-0905-BEAR-OBS-001189-Z001186-OC","20260625-0910-Short-1190","Short","ObservationConfirm","","16.25","ActualTrade","SL","0.00","-2.40","6","188.08"
"OPF-20260722-164822","2026-06-26T07:45:00.0000000","2026-06-26T07:45:00.0000000","20260626-0745-BEAR-OBS-001221-Z001221","20260626-0745-Short-1221","Short","ZoneBirthResearch","","13.75","ActualTrade","SPLIT_BASE_SL_RUNNER_SL","-57.00","-59.40","1","-59.40"
"OPF-20260722-164822","2026-06-26T08:25:00.0000000","2026-06-26T08:30:00.0000000","20260626-0825-BEAR-OBS-001229-Z001225","20260626-0825-Short-1229","Short","UnknownRegimeZoneTouch","","18.25","ActualTrade","SL","4.50","2.10","2","-57.30"
"OPF-20260722-164822","2026-06-26T08:55:00.0000000","2026-06-26T09:00:00.0000000","20260626-0855-BEAR-BRK-001235-Z001235","20260626-0855-Short-1235","Short","BreakawayFvg","","12.00","ActualTrade","SL","-1.00","-3.40","3","-60.70"
"OPF-20260722-165031","2026-06-29T03:40:00.0000000","2026-06-29T03:40:00.0000000","20260629-0340-BEAR-OBS-001172-Z001172","20260629-0340-Short-1172","Short","ZoneBirthResearch","","17.00","ActualTrade","SPLIT_BASE_SL_RUNNER_SL","-69.00","-71.40","1","-71.40"
"OPF-20260722-165031","2026-06-29T06:55:00.0000000","2026-06-29T07:10:00.0000000","20260629-0655-BEAR-OBS-001211-Z001211","20260629-0655-Short-1211","Short","ZoneBirthResearch","","12.25","ActualTrade","SPLIT_BASE_TP_RUNNER_BE","50.00","47.60","2","-23.80"
"OPF-20260722-165031","2026-06-29T07:55:00.0000000","2026-06-29T08:10:00.0000000","20260629-0755-BULL-PB-001223-Z001220","20260629-0755-Long-1223","Long","AlmostConfirmed","","17.50","ActualTrade","TP","204.00","201.60","3","177.80"
"OPF-20260722-165031","2026-06-29T08:40:00.0000000","2026-06-29T08:55:00.0000000","20260629-0835-BULL-OBS-001231-Z001225-OC","20260629-0840-Long-1232","Long","ObservationConfirm_WideStop1_5R","Fixed2_5R","24.75","ExitPolicyOverride:Fixed2_5R","Stop","-99.00","-101.40","4","76.40"
"OPF-20260722-165031","2026-06-29T09:00:00.0000000","2026-06-29T09:05:00.0000000","20260629-0855-BEAR-OBS-001235-Z001235-OC","20260629-0900-Short-1236","Short","ObservationConfirm","","16.25","ActualTrade","SL","-3.00","-5.40","5","71.00"
"OPF-20260722-165031","2026-06-29T09:45:00.0000000","2026-06-29T09:50:00.0000000","20260629-0940-BEAR-OBS-001244-Z001244-OC","20260629-0945-Short-1245","Short","ObservationConfirm_WideStop1_5R","","13.50","ActualTrade","SL","-7.00","-9.40","6","61.60"
"OPF-20260722-165031","2026-06-29T16:10:00.0000000","2026-06-29T16:25:00.0000000","20260629-1610-BULL-PB-001322-Z001320","20260629-1610-Long-1322","Long","AlmostConfirmed","","20.75","ActualTrade","SL","-2.00","-4.40","7","57.20"
"OPF-20260722-165031","2026-06-29T20:45:00.0000000","2026-06-29T20:50:00.0000000","20260629-2040-BEAR-OBS-001376-Z001376-OC","20260629-2045-Short-1377","Short","ObservationConfirm","","7.00","ActualTrade","SESSION_FLATTEN","-1.00","-3.40","8","53.80"
"OPF-20260722-165236","2026-06-29T23:15:00.0000000","2026-06-29T23:45:00.0000000","20260629-2310-BULL-OBS-001118-Z001118-OC","20260629-2315-Long-1119","Long","ObservationConfirm_WideStop1_5R","Fixed2_5R","12.75","ExitPolicyOverride:Fixed2_5R","Stop","-51.00","-53.40","1","-53.40"
"OPF-20260722-165236","2026-06-30T02:05:00.0000000","2026-06-30T02:25:00.0000000","20260630-0205-BEAR-OBS-001153-Z001153","20260630-0205-Short-1153","Short","ZoneBirthResearch","","13.00","ActualTrade","SPLIT_BASE_TP_RUNNER_BE","70.00","67.60","2","14.20"
"OPF-20260722-165236","2026-06-30T03:00:00.0000000","2026-06-30T03:00:00.0000000","20260630-0300-BEAR-OBS-001164-Z001164","20260630-0300-Short-1164","Short","ZoneBirthResearch","","6.00","ActualTrade","SPLIT_BASE_SL_RUNNER_SL","-36.00","-38.40","3","-24.20"
"OPF-20260722-165236","2026-06-30T03:55:00.0000000","2026-06-30T03:55:00.0000000","20260630-0355-BEAR-OBS-001175-Z001175","20260630-0355-Short-1175","Short","ZoneBirthResearch","","12.25","ActualTrade","SPLIT_BASE_SL_RUNNER_SL","-49.00","-51.40","4","-75.60"
"OPF-20260722-165236","2026-06-30T04:45:00.0000000","2026-06-30T05:15:00.0000000","20260630-0440-BULL-OBS-001184-Z001184-OC","20260630-0445-Long-1185","Long","ObservationConfirm_WideStop1_5R","Fixed2_5R","24.00","ExitPolicyOverride:Fixed2_5R","Stop","-96.00","-98.40","5","-174.00"
"OPF-20260722-165236","2026-06-30T06:05:00.0000000","2026-06-30T06:25:00.0000000","20260630-0550-BEAR-OBS-001198-Z001194-OC","20260630-0605-Short-1201","Short","ObservationConfirm","","17.00","ActualTrade","TP","212.00","209.60","6","35.60"
"OPF-20260722-165236","2026-06-30T07:50:00.0000000","2026-06-30T07:55:00.0000000","20260630-0750-BEAR-OBS-001222-Z001222","20260630-0750-Short-1222","Short","ZoneBirthResearch","","13.50","ActualTrade","SPLIT_BASE_SL_RUNNER_SL","-53.00","-55.40","7","-19.80"
"OPF-20260722-165236","2026-06-30T12:35:00.0000000","2026-06-30T12:35:00.0000000","20260630-1230-BEAR-OBS-001278-Z001278-OC","20260630-1235-Short-1279","Short","ObservationConfirm","","10.75","ActualTrade","SL","-41.00","-43.40","8","-63.20"
"OPF-20260722-165236","2026-06-30T17:35:00.0000000","2026-06-30T17:35:00.0000000","20260630-1730-BEAR-OBS-001338-Z001338-OC","20260630-1735-Short-1339","Short","ObservationConfirm_WideStop1_5R","","18.75","ActualTrade","SL","-78.00","-80.40","9","-143.60"
"OPF-20260722-165236","2026-06-30T18:50:00.0000000","2026-06-30T19:05:00.0000000","20260630-1845-BULL-OBS-001353-Z001353-OC","20260630-1850-Long-1354","Long","ObservationConfirm_WideStop1_5R","Fixed2_5R","12.38","ExitPolicyOverride:Fixed2_5R","Target","123.80","121.40","10","-22.20"
"OPF-20260722-165236","2026-06-30T19:15:00.0000000","2026-06-30T19:30:00.0000000","20260630-1910-BULL-OBS-001358-Z001358-OC","20260630-1915-Long-1359","Long","ObservationConfirm_WideStop1_5R","Fixed2_5R","14.25","ExitPolicyOverride:Fixed2_5R","Stop","-57.00","-59.40","11","-81.60"
"OPF-20260722-165236","2026-06-30T20:40:00.0000000","2026-06-30T20:50:00.0000000","20260630-2040-BEAR-OBS-001376-Z001376","20260630-2040-Short-1376","Short","ZoneBirthResearch","","2.75","ActualTrade","SPLIT_BASE_SESSION_FLATTEN_RUNNER_SESSION_FLATTEN","16.00","13.60","12","-68.00"
