SnapshotID,StrategyVersion,ResearchSchemaVersion,InstrumentProfileName,ExecutionProfileName,ProfileCatalogVersion,SignalID,EntryTime,EntryBar,ExitTime,ExitBar,Side,Entry,Stop,InitialRiskPoints,PointValue,TickSize,TickValue,PlannedContracts,ActualContracts,RiskPerContractDollars,TotalInitialRiskDollars,MFEPoints,MAEPoints,MFE_Dollars,MAE_Dollars,MFE_R,MAE_R,Hit1R,Hit1_5R,Hit2R,Hit2_5R,Hit3R,BarsTracked,ResearchPath,FirstStopBar,First1RBar,First1_5RBar,First2RBar,First2_5RBar,First3RBar,StopHitBefore1R,AmbiguousStopAndTargetSameBar,IntraBarAmbiguous,TimeTo1RMinutes,TimeToMFEMinutes,MaxHeatBefore1R,StopBasis,EntryDelayBars,OutcomeClass,ExitReason,ExitEfficiency,RunupCapturePct,AdverseBeforeProfit_R,ActualVerified,ActualTradeID,ActualExitTime,ActualExitBar,ActualExitPrice,ActualExitRole,ActualPnLPoints,ActualPnLDollars,ActualPnL_R,ActualMFEPoints,ActualMAEPoints,ActualMFE_R,ActualMAE_R,ResolvedOutcomeClass,OutcomeSource,WouldTradeLive,ResearchOnlySignal,SkippedByDailyGuard,ExecutionSkipReasons,DailyTargetDollars,DailyLossLimitDollars,MaxContracts
"OPF-20260725-151004","OPF_0.1","OPF_RESEARCH_2.15","MNQ_0.1","MNQ_1Contract_Target150_200","OPF_PROFILE_0.1","20260101-2315-BULL-OBS-000831-Z000831","2026-01-01T23:15:00.0000000",831,"2026-01-02T00:15:00.0000000",843,"Long",25482.25,25475.75,6.50,2,0.25,0.50,1,1,13.00,13.00,21.00,8.50,42.00,17.00,3.2308,1.3077,True,True,True,True,True,12,"ZoneBirthResearch",841,832,832,834,837,837,False,False,False,5,30,1.00,"Zone",0,"Excellent","ResearchWindowEnd",0,0,0.1538,False,"","",,,"",0,0,0,0,0,0,0,"Excellent","ResearchOHLC",False,True,False,"ResearchOnlyMode",0,0,1
"OPF-20260725-151004","OPF_0.1","OPF_RESEARCH_2.15","MNQ_0.1","MNQ_1Contract_Target150_200","OPF_PROFILE_0.1","20260101-2315-BULL-OBS-000831-Z000831-OC","2026-01-01T23:20:00.0000000",832,"2026-01-02T00:20:00.0000000",844,"Long",25489.75,25468.75,21.00,2,0.25,0.50,1,1,42.00,42.00,17.75,16.00,35.50,32.00,0.8452,0.7619,False,False,False,False,False,12,"ObservationConfirm_WideStop1_5R",,,,,,,False,False,False,,60,16.00,"Zone",0,"Scratch","ResearchWindowEnd",0,0,0.7619,False,"","",,,"",0,0,0,0,0,0,0,"Scratch","ResearchOHLC",False,True,False,"ResearchOnlyMode",0,0,1
"OPF-20260725-151004","OPF_0.1","OPF_RESEARCH_2.15","MNQ_0.1","MNQ_1Contract_Target150_200","OPF_PROFILE_0.1","20260101-2315-BULL-OBS-000831-Z000831-OC","2026-01-01T23:20:00.0000000",832,"2026-01-02T00:20:00.0000000",844,"Long",25489.75,25475.75,14.00,2,0.25,0.50,1,1,28.00,28.00,17.75,16.00,35.50,32.00,1.2679,1.1429,True,False,False,False,False,12,"ObservationConfirm",841,844,,,,,True,False,False,60,60,16.00,"Zone",0,"Catastrophic","ResearchWindowEnd",0,0,1.1429,False,"","",,,"",0,0,0,0,0,0,0,"Catastrophic","ResearchOHLC",False,True,False,"ResearchOnlyMode",0,0,1
"OPF-20260725-151004","OPF_0.1","OPF_RESEARCH_2.15","MNQ_0.1","MNQ_1Contract_Target150_200","OPF_PROFILE_0.1","20260101-2330-BULL-OBS-000834-Z000831","2026-01-01T23:30:00.0000000",834,"2026-01-02T00:30:00.0000000",846,"Long",25494.00,25475.75,18.25,2,0.25,0.50,1,1,36.50,36.50,14.25,20.25,28.50,40.50,0.7808,1.1096,False,False,False,False,False,12,"UnknownRegimeZoneTouch",841,,,,,,True,False,False,,55,20.25,"Zone",0,"Catastrophic","ResearchWindowEnd",0,0,1.1096,False,"","",,,"",0,0,0,0,0,0,0,"Catastrophic","ResearchOHLC",False,True,False,"ResearchOnlyMode",0,0,1
"OPF-20260725-151004","OPF_0.1","OPF_RESEARCH_2.15","MNQ_0.1","MNQ_1Contract_Target150_200","OPF_PROFILE_0.1","20260101-2330-BULL-OBS-000834-Z000831-OC-STR","2026-01-01T23:35:00.0000000",835,"2026-01-02T00:35:00.0000000",847,"Long",25493.25,25467.00,26.25,2,0.25,0.50,1,1,52.50,52.50,15.00,19.50,30.00,39.00,0.5714,0.7429,False,False,False,False,False,12,"ObservationStrict_Other_WideStop1_5R",,,,,,,False,False,False,,50,19.50,"Zone",0,"Scratch","ResearchWindowEnd",0,0,0.7429,False,"","",,,"",0,0,0,0,0,0,0,"Scratch","ResearchOHLC",False,True,False,"ResearchOnlyMode",0,0,1
"OPF-20260725-151004","OPF_0.1","OPF_RESEARCH_2.15","MNQ_0.1","MNQ_1Contract_Target150_200","OPF_PROFILE_0.1","20260101-2330-BULL-OBS-000834-Z000831-OC-STR","2026-01-01T23:35:00.0000000",835,"2026-01-02T00:35:00.0000000",847,"Long",25493.25,25475.75,17.50,2,0.25,0.50,1,1,35.00,35.00,15.00,19.50,30.00,39.00,0.8571,1.1143,False,False,False,False,False,12,"ObservationStrict_Other",841,,,,,,True,False,False,,50,19.50,"Zone",0,"Catastrophic","ResearchWindowEnd",0,0,1.1143,False,"","",,,"",0,0,0,0,0,0,0,"Catastrophic","ResearchOHLC",False,True,False,"ResearchOnlyMode",0,0,1
"OPF-20260725-151004","OPF_0.1","OPF_RESEARCH_2.15","MNQ_0.1","MNQ_1Contract_Target150_200","OPF_PROFILE_0.1","20260101-2330-BULL-OBS-000834-Z000831-OC","2026-01-01T23:35:00.0000000",835,"2026-01-02T00:35:00.0000000",847,"Long",25493.25,25467.00,26.25,2,0.25,0.50,1,1,52.50,52.50,15.00,19.50,30.00,39.00,0.5714,0.7429,False,False,False,False,False,12,"ObservationConfirm_WideStop1_5R",,,,,,,False,False,False,,50,19.50,"Zone",0,"Scratch","ResearchWindowEnd",0,0,0.7429,False,"","",,,"",0,0,0,0,0,0,0,"Scratch","ResearchOHLC",False,True,False,"ResearchOnlyMode",0,0,1
"OPF-20260725-151004","OPF_0.1","OPF_RESEARCH_2.15","MNQ_0.1","MNQ_1Contract_Target150_200","OPF_PROFILE_0.1","20260101-2330-BULL-OBS-000834-Z000831-OC","2026-01-01T23:35:00.0000000",835,"2026-01-02T00:35:00.0000000",847,"Long",25493.25,25475.75,17.50,2,0.25,0.50,1,1,35.00,35.00,15.00,19.50,30.00,39.00,0.8571,1.1143,False,False,False,False,False,12,"ObservationConfirm",841,,,,,,True,False,False,,50,19.50,"Zone",0,"Catastrophic","ResearchWindowEnd",0,0,1.1143,False,"","",,,"",0,0,0,0,0,0,0,"Catastrophic","ResearchOHLC",False,True,False,"ResearchOnlyMode",0,0,1
"OPF-20260725-151004","OPF_0.1","OPF_RESEARCH_2.15","MNQ_0.1","MNQ_1Contract_Target150_200","OPF_PROFILE_0.1","20260102-0020-BULL-OBS-000844-Z000844","2026-01-02T00:20:00.0000000",844,"2026-01-02T01:20:00.0000000",856,"Long",25501.50,25492.25,9.25,2,0.25,0.50,1,1,18.50,18.50,35.00,8.00,70.00,16.00,3.7838,0.8649,True,True,True,True,True,12,"ZoneBirthResearch",,851,852,852,853,854,False,False,False,35,50,8.00,"Zone",0,"Excellent","ResearchWindowEnd",0,0,0.8649,False,"","",,,"",0,0,0,0,0,0,0,"Excellent","ResearchOHLC",False,True,False,"ResearchOnlyMode",0,0,1
"OPF-20260725-151004","OPF_0.1","OPF_RESEARCH_2.15","MNQ_0.1","MNQ_1Contract_Target150_200","OPF_PROFILE_0.1","20260102-0025-BULL-OBS-000845-Z000844","2026-01-02T00:25:00.0000000",845,"2026-01-02T01:25:00.0000000",857,"Long",25505.25,25492.25,13.00,2,0.25,0.50,1,1,26.00,26.00,31.25,11.75,62.50,23.50,2.4038,0.9038,True,True,True,False,False,12,"UnknownRegimeZoneTouch",,852,853,854,,,False,False,False,35,45,11.75,"Zone",0,"Excellent","ResearchWindowEnd",0,0,0.9038,False,"","",,,"",0,0,0,0,0,0,0,"Excellent","ResearchOHLC",False,True,False,"ResearchOnlyMode",0,0,1
"OPF-20260725-151004","OPF_0.1","OPF_RESEARCH_2.15","MNQ_0.1","MNQ_1Contract_Target150_200","OPF_PROFILE_0.1","20260102-0020-BULL-OBS-000844-Z000844-OC","2026-01-02T00:25:00.0000000",845,"2026-01-02T01:25:00.0000000",857,"Long",25505.25,25485.75,19.50,2,0.25,0.50,1,1,39.00,39.00,31.25,11.75,62.50,23.50,1.6026,0.6026,True,True,False,False,False,12,"ObservationConfirm_WideStop1_5R",,853,854,,,,False,False,False,40,45,11.75,"Zone",0,"Good","ResearchWindowEnd",0,0,0.6026,False,"","",,,"",0,0,0,0,0,0,0,"Good","ResearchOHLC",False,True,False,"ResearchOnlyMode",0,0,1
"OPF-20260725-151004","OPF_0.1","OPF_RESEARCH_2.15","MNQ_0.1","MNQ_1Contract_Target150_200","OPF_PROFILE_0.1","20260102-0020-BULL-OBS-000844-Z000844-OC","2026-01-02T00:25:00.0000000",845,"2026-01-02T01:25:00.0000000",857,"Long",25505.25,25492.25,13.00,2,0.25,0.50,1,1,26.00,26.00,31.25,11.75,62.50,23.50,2.4038,0.9038,True,True,True,False,False,12,"ObservationConfirm",,852,853,854,,,False,False,False,35,45,11.75,"Zone",0,"Excellent","ResearchWindowEnd",0,0,0.9038,False,"","",,,"",0,0,0,0,0,0,0,"Excellent","ResearchOHLC",False,True,False,"ResearchOnlyMode",0,0,1
"OPF-20260725-151004","OPF_0.1","OPF_RESEARCH_2.15","MNQ_0.1","MNQ_1Contract_Target150_200","OPF_PROFILE_0.1","20260102-0025-BULL-OBS-000845-Z000844-OC-STR","2026-01-02T00:30:00.0000000",846,"2026-01-02T01:30:00.0000000",858,"Long",25505.00,25485.88,19.12,2,0.25,0.50,1,1,38.24,38.24,47.50,11.50,95.00,23.00,2.4843,0.6015,True,True,True,False,False,12,"ObservationStrict_Other_WideStop1_5R",,853,854,858,,,False,False,False,35,60,11.50,"Zone",0,"Excellent","ResearchWindowEnd",0,0,0.6015,False,"","",,,"",0,0,0,0,0,0,0,"Excellent","ResearchOHLC",False,True,False,"ResearchOnlyMode",0,0,1
"OPF-20260725-151004","OPF_0.1","OPF_RESEARCH_2.15","MNQ_0.1","MNQ_1Contract_Target150_200","OPF_PROFILE_0.1","20260102-0025-BULL-OBS-000845-Z000844-OC-STR","2026-01-02T00:30:00.0000000",846,"2026-01-02T01:30:00.0000000",858,"Long",25505.00,25492.25,12.75,2,0.25,0.50,1,1,25.50,25.50,47.50,11.50,95.00,23.00,3.7255,0.9020,True,True,True,True,True,12,"ObservationStrict_Other",,852,853,854,858,858,False,False,False,30,60,11.50,"Zone",0,"Excellent","ResearchWindowEnd",0,0,0.9020,False,"","",,,"",0,0,0,0,0,0,0,"Excellent","ResearchOHLC",False,True,False,"ResearchOnlyMode",0,0,1
"OPF-20260725-151004","OPF_0.1","OPF_RESEARCH_2.15","MNQ_0.1","MNQ_1Contract_Target150_200","OPF_PROFILE_0.1","20260102-0025-BULL-OBS-000845-Z000844-OC","2026-01-02T00:30:00.0000000",846,"2026-01-02T01:30:00.0000000",858,"Long",25505.00,25485.88,19.12,2,0.25,0.50,1,1,38.24,38.24,47.50,11.50,95.00,23.00,2.4843,0.6015,True,True,True,False,False,12,"ObservationConfirm_WideStop1_5R",,853,854,858,,,False,False,False,35,60,11.50,"Zone",0,"Excellent","ResearchWindowEnd",0,0,0.6015,False,"","",,,"",0,0,0,0,0,0,0,"Excellent","ResearchOHLC",False,True,False,"ResearchOnlyMode",0,0,1
"OPF-20260725-151004","OPF_0.1","OPF_RESEARCH_2.15","MNQ_0.1","MNQ_1Contract_Target150_200","OPF_PROFILE_0.1","20260102-0025-BULL-OBS-000845-Z000844-OC","2026-01-02T00:30:00.0000000",846,"2026-01-02T01:30:00.0000000",858,"Long",25505.00,25492.25,12.75,2,0.25,0.50,1,1,25.50,25.50,47.50,11.50,95.00,23.00,3.7255,0.9020,True,True,True,True,True,12,"ObservationConfirm",,852,853,854,858,858,False,False,False,30,60,11.50,"Zone",0,"Excellent","ResearchWindowEnd",0,0,0.9020,False,"","",,,"",0,0,0,0,0,0,0,"Excellent","ResearchOHLC",False,True,False,"ResearchOnlyMode",0,0,1
"OPF-20260725-151004","OPF_0.1","OPF_RESEARCH_2.15","MNQ_0.1","MNQ_1Contract_Target150_200","OPF_PROFILE_0.1","20260102-0040-BEAR-OBS-000848-Z000848","2026-01-02T00:40:00.0000000",848,"2026-01-02T01:40:00.0000000",860,"Short",25499.50,25503.25,3.75,2,0.25,0.50,1,1,7.50,7.50,2.75,54.75,5.50,109.50,0.7333,14.6,False,False,False,False,False,12,"ZoneBirthResearch",849,,,,,,True,False,False,,10,54.75,"Zone",0,"Catastrophic","ResearchWindowEnd",0,0,14.6,False,"","",,,"",0,0,0,0,0,0,0,"Catastrophic","ResearchOHLC",False,True,False,"ResearchOnlyMode",0,0,1
"OPF-20260725-151004","OPF_0.1","OPF_RESEARCH_2.15","MNQ_0.1","MNQ_1Contract_Target150_200","OPF_PROFILE_0.1","20260102-0045-BEAR-OBS-000849-Z000848","2026-01-02T00:45:00.0000000",849,"2026-01-02T01:45:00.0000000",861,"Short",25499.75,25503.25,3.50,2,0.25,0.50,1,1,7.00,7.00,3.00,54.50,6.00,109.00,0.8571,15.5714,False,False,False,False,False,12,"UnknownRegimeZoneTouch",850,,,,,,True,False,False,,5,54.50,"Zone",0,"Catastrophic","ResearchWindowEnd",0,0,15.5714,False,"","",,,"",0,0,0,0,0,0,0,"Catastrophic","ResearchOHLC",False,True,False,"ResearchOnlyMode",0,0,1
"OPF-20260725-151004","OPF_0.1","OPF_RESEARCH_2.15","MNQ_0.1","MNQ_1Contract_Target150_200","OPF_PROFILE_0.1","20260102-0040-BEAR-OBS-000848-Z000848-OC","2026-01-02T00:45:00.0000000",849,"2026-01-02T01:45:00.0000000",861,"Short",25499.75,25505.00,5.25,2,0.25,0.50,1,1,10.50,10.50,3.00,54.50,6.00,109.00,0.5714,10.3810,False,False,False,False,False,12,"ObservationConfirm_WideStop1_5R",850,,,,,,True,False,False,,5,54.50,"Zone",0,"Catastrophic","ResearchWindowEnd",0,0,10.3810,False,"","",,,"",0,0,0,0,0,0,0,"Catastrophic","ResearchOHLC",False,True,False,"ResearchOnlyMode",0,0,1
"OPF-20260725-151004","OPF_0.1","OPF_RESEARCH_2.15","MNQ_0.1","MNQ_1Contract_Target150_200","OPF_PROFILE_0.1","20260102-0040-BEAR-OBS-000848-Z000848-OC","2026-01-02T00:45:00.0000000",849,"2026-01-02T01:45:00.0000000",861,"Short",25499.75,25503.25,3.50,2,0.25,0.50,1,1,7.00,7.00,3.00,54.50,6.00,109.00,0.8571,15.5714,False,False,False,False,False,12,"ObservationConfirm",850,,,,,,True,False,False,,5,54.50,"Zone",0,"Catastrophic","ResearchWindowEnd",0,0,15.5714,False,"","",,,"",0,0,0,0,0,0,0,"Catastrophic","ResearchOHLC",False,True,False,"ResearchOnlyMode",0,0,1
"OPF-20260725-151004","OPF_0.1","OPF_RESEARCH_2.15","MNQ_0.1","MNQ_1Contract_Target150_200","OPF_PROFILE_0.1","20260102-0045-BEAR-OBS-000849-Z000848-FR","2026-01-02T00:50:00.0000000",850,"2026-01-02T01:50:00.0000000",862,"Long",25505.00,25500.12,4.88,2,0.25,0.50,1,1,9.76,9.76,49.25,2.25,98.50,4.50,10.0922,0.4611,True,True,True,True,True,12,"FailureReverse_ObservationInvalidated_WideStop1_5R",,851,851,852,852,852,False,False,False,5,45,2.25,"Zone",0,"Excellent","ResearchWindowEnd",0,0,0.4611,False,"","",,,"",0,0,0,0,0,0,0,"Excellent","ResearchOHLC",False,True,False,"ResearchOnlyMode",0,0,1
"OPF-20260725-151004","OPF_0.1","OPF_RESEARCH_2.15","MNQ_0.1","MNQ_1Contract_Target150_200","OPF_PROFILE_0.1","20260102-0045-BEAR-OBS-000849-Z000848-FR","2026-01-02T00:50:00.0000000",850,"2026-01-02T01:50:00.0000000",862,"Long",25505.00,25501.75,3.25,2,0.25,0.50,1,1,6.50,6.50,49.25,2.25,98.50,4.50,15.1538,0.6923,True,True,True,True,True,12,"FailureReverse_ObservationInvalidated",,851,851,851,851,852,False,False,False,5,45,2.25,"Zone",0,"Excellent","ResearchWindowEnd",0,0,0.6923,False,"","",,,"",0,0,0,0,0,0,0,"Excellent","ResearchOHLC",False,True,False,"ResearchOnlyMode",0,0,1
"OPF-20260725-151004","OPF_0.1","OPF_RESEARCH_2.15","MNQ_0.1","MNQ_1Contract_Target150_200","OPF_PROFILE_0.1","20260102-0045-BEAR-OBS-000849-Z000848-FR-AEW1","2026-01-02T00:55:00.0000000",851,"2026-01-02T01:55:00.0000000",863,"Long",25510.50,25502.25,8.25,2,0.25,0.50,1,1,16.50,16.50,46.00,0,92.00,0,5.5758,0,True,True,True,True,True,12,"FailureReverse_ObservationInvalidated",,852,853,854,854,854,False,False,False,5,60,0,"Zone",0,"Excellent","ResearchWindowEnd",0,0,0,False,"","",,,"",0,0,0,0,0,0,0,"Excellent","ResearchOHLC",False,True,False,"ResearchOnlyMode",0,0,1
"OPF-20260725-151004","OPF_0.1","OPF_RESEARCH_2.15","MNQ_0.1","MNQ_1Contract_Target150_200","OPF_PROFILE_0.1","20260102-0100-BULL-OBS-000852-Z000852","2026-01-02T01:00:00.0000000",852,"2026-01-02T02:00:00.0000000",864,"Long",25520.00,25505.75,14.25,2,0.25,0.50,1,1,28.50,28.50,48.50,2.00,97.00,4.00,3.4035,0.1404,True,True,True,True,True,12,"ZoneBirthResearch",,854,858,858,863,864,False,False,False,10,60,1.25,"Zone",0,"Excellent","ResearchWindowEnd",0,0,0.0877,False,"","",,,"",0,0,0,0,0,0,0,"Excellent","ResearchOHLC",False,True,False,"ResearchOnlyMode",0,0,1
"OPF-20260725-151004","OPF_0.1","OPF_RESEARCH_2.15","MNQ_0.1","MNQ_1Contract_Target150_200","OPF_PROFILE_0.1","20260102-0045-BEAR-OBS-000849-Z000848-FR-RT","2026-01-02T01:00:00.0000000",852,"2026-01-02T02:00:00.0000000",864,"Long",25520.00,25492.62,27.38,2,0.25,0.50,1,1,54.76,54.76,48.50,2.00,97.00,4.00,1.7714,0.0730,True,True,False,False,False,12,"FailureReverse_RetestFailed_WideStop1_5R",,858,864,,,,False,False,False,30,60,2.00,"Zone",0,"Good","ResearchWindowEnd",0,0,0.0730,False,"","",,,"",0,0,0,0,0,0,0,"Good","ResearchOHLC",False,True,False,"ResearchOnlyMode",0,0,1
"OPF-20260725-151004","OPF_0.1","OPF_RESEARCH_2.15","MNQ_0.1","MNQ_1Contract_Target150_200","OPF_PROFILE_0.1","20260102-0045-BEAR-OBS-000849-Z000848-FR-RT","2026-01-02T01:00:00.0000000",852,"2026-01-02T02:00:00.0000000",864,"Long",25520.00,25501.75,18.25,2,0.25,0.50,1,1,36.50,36.50,48.50,2.00,97.00,4.00,2.6575,0.1096,True,True,True,True,False,12,"FailureReverse_RetestFailed",,858,858,863,864,,False,False,False,30,60,2.00,"Zone",0,"Excellent","ResearchWindowEnd",0,0,0.1096,False,"","",,,"",0,0,0,0,0,0,0,"Excellent","ResearchOHLC",False,True,False,"ResearchOnlyMode",0,0,1
"OPF-20260725-151004","OPF_0.1","OPF_RESEARCH_2.15","MNQ_0.1","MNQ_1Contract_Target150_200","OPF_PROFILE_0.1","20260102-0105-BULL-OBS-000853-Z000853","2026-01-02T01:05:00.0000000",853,"2026-01-02T02:05:00.0000000",865,"Long",25524.00,25513.50,10.50,2,0.25,0.50,1,1,21.00,21.00,46.75,6.00,93.50,12.00,4.4524,0.5714,True,True,True,True,True,12,"ZoneBirthResearch",,854,858,858,858,863,False,False,False,5,60,0,"Zone",0,"Excellent","ResearchWindowEnd",0,0,0,False,"","",,,"",0,0,0,0,0,0,0,"Excellent","ResearchOHLC",False,True,False,"ResearchOnlyMode",0,0,1
"OPF-20260725-151004","OPF_0.1","OPF_RESEARCH_2.15","MNQ_0.1","MNQ_1Contract_Target150_200","OPF_PROFILE_0.1","20260102-0105-BULL-BRK-000853-Z000853","2026-01-02T01:05:00.0000000",853,"2026-01-02T02:05:00.0000000",865,"Long",25524.00,25513.50,10.50,2,0.25,0.50,1,1,21.00,21.00,46.75,6.00,93.50,12.00,4.4524,0.5714,True,True,True,True,True,12,"BreakawayFvg",,854,858,858,858,863,False,False,False,5,60,0,"Zone",0,"Excellent","ResearchWindowEnd",0,0,0,False,"","",,,"",0,0,0,0,0,0,0,"Excellent","ResearchOHLC",False,True,False,"ResearchOnlyMode",0,0,1
"OPF-20260725-151004","OPF_0.1","OPF_RESEARCH_2.15","MNQ_0.1","MNQ_1Contract_Target150_200","OPF_PROFILE_0.1","20260102-0100-BULL-OBS-000852-Z000852-OC-STR","2026-01-02T01:05:00.0000000",853,"2026-01-02T02:05:00.0000000",865,"Long",25524.00,25496.62,27.38,2,0.25,0.50,1,1,54.76,54.76,46.75,6.00,93.50,12.00,1.7075,0.2191,True,True,False,False,False,12,"ObservationStrict_BullFresh_WideStop1_5R",,858,864,,,,False,False,False,25,60,6.00,"Zone",0,"Good","ResearchWindowEnd",0,0,0.2191,False,"","",,,"",0,0,0,0,0,0,0,"Good","ResearchOHLC",False,True,False,"ResearchOnlyMode",0,0,1
"OPF-20260725-151004","OPF_0.1","OPF_RESEARCH_2.15","MNQ_0.1","MNQ_1Contract_Target150_200","OPF_PROFILE_0.1","20260102-0100-BULL-OBS-000852-Z000852-OC-STR","2026-01-02T01:05:00.0000000",853,"2026-01-02T02:05:00.0000000",865,"Long",25524.00,25505.75,18.25,2,0.25,0.50,1,1,36.50,36.50,46.75,6.00,93.50,12.00,2.5616,0.3288,True,True,True,True,False,12,"ObservationStrict_BullFresh",,858,858,864,865,,False,False,False,25,60,6.00,"Zone",0,"Excellent","ResearchWindowEnd",0,0,0.3288,False,"","",,,"",0,0,0,0,0,0,0,"Excellent","ResearchOHLC",False,True,False,"ResearchOnlyMode",0,0,1
"OPF-20260725-151004","OPF_0.1","OPF_RESEARCH_2.15","MNQ_0.1","MNQ_1Contract_Target150_200","OPF_PROFILE_0.1","20260102-0100-BULL-OBS-000852-Z000852-OC","2026-01-02T01:05:00.0000000",853,"2026-01-02T02:05:00.0000000",865,"Long",25524.00,25496.62,27.38,2,0.25,0.50,1,1,54.76,54.76,46.75,6.00,93.50,12.00,1.7075,0.2191,True,True,False,False,False,12,"ObservationConfirm_WideStop1_5R",,858,864,,,,False,False,False,25,60,6.00,"Zone",0,"Good","ResearchWindowEnd",0,0,0.2191,False,"","",,,"",0,0,0,0,0,0,0,"Good","ResearchOHLC",False,True,False,"ResearchOnlyMode",0,0,1
"OPF-20260725-151004","OPF_0.1","OPF_RESEARCH_2.15","MNQ_0.1","MNQ_1Contract_Target150_200","OPF_PROFILE_0.1","20260102-0100-BULL-OBS-000852-Z000852-OC","2026-01-02T01:05:00.0000000",853,"2026-01-02T02:05:00.0000000",865,"Long",25524.00,25505.75,18.25,2,0.25,0.50,1,1,36.50,36.50,46.75,6.00,93.50,12.00,2.5616,0.3288,True,True,True,True,False,12,"ObservationConfirm",,858,858,864,865,,False,False,False,25,60,6.00,"Zone",0,"Excellent","ResearchWindowEnd",0,0,0.3288,False,"","",,,"",0,0,0,0,0,0,0,"Excellent","ResearchOHLC",False,True,False,"ResearchOnlyMode",0,0,1
"OPF-20260725-151004","OPF_0.1","OPF_RESEARCH_2.15","MNQ_0.1","MNQ_1Contract_Target150_200","OPF_PROFILE_0.1","20260102-0110-BULL-OBS-000854-Z000854","2026-01-02T01:10:00.0000000",854,"2026-01-02T02:10:00.0000000",866,"Long",25530.00,25522.25,7.75,2,0.25,0.50,1,1,15.50,15.50,42.75,12.00,85.50,24.00,5.5161,1.5484,True,True,True,True,True,12,"ZoneBirthResearch",856,858,858,858,858,859,True,False,False,20,60,12.00,"Zone",0,"Catastrophic","ResearchWindowEnd",0,0,1.5484,False,"","",,,"",0,0,0,0,0,0,0,"Catastrophic","ResearchOHLC",False,True,False,"ResearchOnlyMode",0,0,1
"OPF-20260725-151004","OPF_0.1","OPF_RESEARCH_2.15","MNQ_0.1","MNQ_1Contract_Target150_200","OPF_PROFILE_0.1","20260102-0110-BULL-BRK-000854-Z000854","2026-01-02T01:10:00.0000000",854,"2026-01-02T02:10:00.0000000",866,"Long",25530.00,25522.25,7.75,2,0.25,0.50,1,1,15.50,15.50,42.75,12.00,85.50,24.00,5.5161,1.5484,True,True,True,True,True,12,"BreakawayFvg",856,858,858,858,858,859,True,False,False,20,60,12.00,"Zone",0,"Catastrophic","ResearchWindowEnd",0,0,1.5484,False,"","",,,"",0,0,0,0,0,0,0,"Catastrophic","ResearchOHLC",False,True,False,"ResearchOnlyMode",0,0,1
"OPF-20260725-151004","OPF_0.1","OPF_RESEARCH_2.15","MNQ_0.1","MNQ_1Contract_Target150_200","OPF_PROFILE_0.1","20260102-0105-BULL-OBS-000853-Z000853-OC-STR","2026-01-02T01:10:00.0000000",854,"2026-01-02T02:10:00.0000000",866,"Long",25530.00,25505.25,24.75,2,0.25,0.50,1,1,49.50,49.50,42.75,12.00,85.50,24.00,1.7273,0.4848,True,True,False,False,False,12,"ObservationStrict_BullFresh_WideStop1_5R",,863,864,,,,False,False,False,45,60,12.00,"Zone",0,"Good","ResearchWindowEnd",0,0,0.4848,False,"","",,,"",0,0,0,0,0,0,0,"Good","ResearchOHLC",False,True,False,"ResearchOnlyMode",0,0,1
"OPF-20260725-151004","OPF_0.1","OPF_RESEARCH_2.15","MNQ_0.1","MNQ_1Contract_Target150_200","OPF_PROFILE_0.1","20260102-0105-BULL-OBS-000853-Z000853-OC-STR","2026-01-02T01:10:00.0000000",854,"2026-01-02T02:10:00.0000000",866,"Long",25530.00,25513.50,16.50,2,0.25,0.50,1,1,33.00,33.00,42.75,12.00,85.50,24.00,2.5909,0.7273,True,True,True,True,False,12,"ObservationStrict_BullFresh",,858,863,864,866,,False,False,False,20,60,12.00,"Zone",0,"Excellent","ResearchWindowEnd",0,0,0.7273,False,"","",,,"",0,0,0,0,0,0,0,"Excellent","ResearchOHLC",False,True,False,"ResearchOnlyMode",0,0,1
"OPF-20260725-151004","OPF_0.1","OPF_RESEARCH_2.15","MNQ_0.1","MNQ_1Contract_Target150_200","OPF_PROFILE_0.1","20260102-0105-BULL-OBS-000853-Z000853-OC","2026-01-02T01:10:00.0000000",854,"2026-01-02T02:10:00.0000000",866,"Long",25530.00,25505.25,24.75,2,0.25,0.50,1,1,49.50,49.50,42.75,12.00,85.50,24.00,1.7273,0.4848,True,True,False,False,False,12,"ObservationConfirm_WideStop1_5R",,863,864,,,,False,False,False,45,60,12.00,"Zone",0,"Good","ResearchWindowEnd",0,0,0.4848,False,"","",,,"",0,0,0,0,0,0,0,"Good","ResearchOHLC",False,True,False,"ResearchOnlyMode",0,0,1
"OPF-20260725-151004","OPF_0.1","OPF_RESEARCH_2.15","MNQ_0.1","MNQ_1Contract_Target150_200","OPF_PROFILE_0.1","20260102-0105-BULL-OBS-000853-Z000853-OC","2026-01-02T01:10:00.0000000",854,"2026-01-02T02:10:00.0000000",866,"Long",25530.00,25513.50,16.50,2,0.25,0.50,1,1,33.00,33.00,42.75,12.00,85.50,24.00,2.5909,0.7273,True,True,True,True,False,12,"ObservationConfirm",,858,863,864,866,,False,False,False,20,60,12.00,"Zone",0,"Excellent","ResearchWindowEnd",0,0,0.7273,False,"","",,,"",0,0,0,0,0,0,0,"Excellent","ResearchOHLC",False,True,False,"ResearchOnlyMode",0,0,1
"OPF-20260725-151004","OPF_0.1","OPF_RESEARCH_2.15","MNQ_0.1","MNQ_1Contract_Target150_200","OPF_PROFILE_0.1","20260102-0115-BULL-OBS-000855-Z000855","2026-01-02T01:15:00.0000000",855,"2026-01-02T02:15:00.0000000",867,"Long",25527.00,25525.50,1.50,2,0.25,0.50,1,1,3.00,3.00,49.75,9.00,99.50,18.00,33.1667,6,True,True,True,True,True,12,"ZoneBirthResearch",856,856,856,857,857,857,True,True,True,5,60,9.00,"Zone",0,"Catastrophic","ResearchWindowEnd",0,0,6,False,"","",,,"",0,0,0,0,0,0,0,"Catastrophic","ResearchOHLC",False,True,False,"ResearchOnlyMode",0,0,1
"OPF-20260725-151004","OPF_0.1","OPF_RESEARCH_2.15","MNQ_0.1","MNQ_1Contract_Target150_200","OPF_PROFILE_0.1","20260102-0110-BULL-OBS-000854-Z000854-OC-STR","2026-01-02T01:15:00.0000000",855,"2026-01-02T02:15:00.0000000",867,"Long",25527.00,25519.88,7.12,2,0.25,0.50,1,1,14.24,14.24,49.75,9.00,99.50,18.00,6.9874,1.2640,True,True,True,True,True,12,"ObservationStrict_BullFresh_WideStop1_5R",856,858,858,858,858,858,True,False,False,15,60,9.00,"Zone",0,"Catastrophic","ResearchWindowEnd",0,0,1.2640,False,"","",,,"",0,0,0,0,0,0,0,"Catastrophic","ResearchOHLC",False,True,False,"ResearchOnlyMode",0,0,1
"OPF-20260725-151004","OPF_0.1","OPF_RESEARCH_2.15","MNQ_0.1","MNQ_1Contract_Target150_200","OPF_PROFILE_0.1","20260102-0110-BULL-OBS-000854-Z000854-OC-STR","2026-01-02T01:15:00.0000000",855,"2026-01-02T02:15:00.0000000",867,"Long",25527.00,25522.25,4.75,2,0.25,0.50,1,1,9.50,9.50,49.75,9.00,99.50,18.00,10.4737,1.8947,True,True,True,True,True,12,"ObservationStrict_BullFresh",856,857,858,858,858,858,True,False,False,10,60,9.00,"Zone",0,"Catastrophic","ResearchWindowEnd",0,0,1.8947,False,"","",,,"",0,0,0,0,0,0,0,"Catastrophic","ResearchOHLC",False,True,False,"ResearchOnlyMode",0,0,1
"OPF-20260725-151004","OPF_0.1","OPF_RESEARCH_2.15","MNQ_0.1","MNQ_1Contract_Target150_200","OPF_PROFILE_0.1","20260102-0110-BULL-OBS-000854-Z000854-OC","2026-01-02T01:15:00.0000000",855,"2026-01-02T02:15:00.0000000",867,"Long",25527.00,25519.88,7.12,2,0.25,0.50,1,1,14.24,14.24,49.75,9.00,99.50,18.00,6.9874,1.2640,True,True,True,True,True,12,"ObservationConfirm_WideStop1_5R",856,855,858,858,858,858,False,False,False,0,60,0,"Zone",0,"Excellent","ResearchWindowEnd",0,0,0,True,"20260102-0115-Long-855","2026-01-02T01:15:00.0000000",855,25520.00,"SL",-7.833333333333333333333333,-47.00,-1,0,7.833333333333333333333333,0,1,"Catastrophic","ActualTrade",False,True,False,"ResearchOnlyMode",0,0,1
"OPF-20260725-151004","OPF_0.1","OPF_RESEARCH_2.15","MNQ_0.1","MNQ_1Contract_Target150_200","OPF_PROFILE_0.1","20260102-0110-BULL-OBS-000854-Z000854-OC","2026-01-02T01:15:00.0000000",855,"2026-01-02T02:15:00.0000000",867,"Long",25527.00,25522.25,4.75,2,0.25,0.50,1,1,9.50,9.50,49.75,9.00,99.50,18.00,10.4737,1.8947,True,True,True,True,True,12,"ObservationConfirm",856,857,858,858,858,858,True,False,False,10,60,9.00,"Zone",0,"Catastrophic","ResearchWindowEnd",0,0,1.8947,False,"","",,,"",0,0,0,0,0,0,0,"Catastrophic","ResearchOHLC",False,True,False,"ResearchOnlyMode",0,0,1
"OPF-20260725-151004","OPF_0.1","OPF_RESEARCH_2.15","MNQ_0.1","MNQ_1Contract_Target150_200","OPF_PROFILE_0.1","20260102-0120-BULL-OBS-000856-Z000853","2026-01-02T01:20:00.0000000",856,"2026-01-02T02:20:00.0000000",868,"Long",25519.00,25513.50,5.50,2,0.25,0.50,1,1,11.00,11.00,67.25,1.00,134.50,2.00,12.2273,0.1818,True,True,True,True,True,12,"UnknownRegimeZoneTouch",,857,857,857,857,858,False,False,False,5,60,1.00,"Zone",0,"Excellent","ResearchWindowEnd",0,0,0.1818,False,"","",,,"",0,0,0,0,0,0,0,"Excellent","ResearchOHLC",False,True,False,"ResearchOnlyMode",0,0,1
"OPF-20260725-151004","OPF_0.1","OPF_RESEARCH_2.15","MNQ_0.1","MNQ_1Contract_Target150_200","OPF_PROFILE_0.1","20260102-0115-BULL-OBS-000855-Z000855-FR","2026-01-02T01:20:00.0000000",856,"2026-01-02T02:20:00.0000000",868,"Short",25519.00,25531.75,12.75,2,0.25,0.50,1,1,25.50,25.50,1.00,67.25,2.00,134.50,0.0784,5.2745,False,False,False,False,False,12,"FailureReverse_ObservationInvalidated_WideStop1_5R",857,,,,,,True,False,False,,5,67.25,"Zone",0,"Catastrophic","ResearchWindowEnd",0,0,5.2745,False,"","",,,"",0,0,0,0,0,0,0,"Catastrophic","ResearchOHLC",False,True,False,"ResearchOnlyMode",0,0,1
"OPF-20260725-151004","OPF_0.1","OPF_RESEARCH_2.15","MNQ_0.1","MNQ_1Contract_Target150_200","OPF_PROFILE_0.1","20260102-0115-BULL-OBS-000855-Z000855-FR","2026-01-02T01:20:00.0000000",856,"2026-01-02T02:20:00.0000000",868,"Short",25519.00,25527.50,8.50,2,0.25,0.50,1,1,17.00,17.00,1.00,67.25,2.00,134.50,0.1176,7.9118,False,False,False,False,False,12,"FailureReverse_ObservationInvalidated",857,,,,,,True,False,False,,5,67.25,"Zone",0,"Catastrophic","ResearchWindowEnd",0,0,7.9118,False,"","",,,"",0,0,0,0,0,0,0,"Catastrophic","ResearchOHLC",False,True,False,"ResearchOnlyMode",0,0,1
"OPF-20260725-151004","OPF_0.1","OPF_RESEARCH_2.15","MNQ_0.1","MNQ_1Contract_Target150_200","OPF_PROFILE_0.1","20260102-0105-BULL-SHD-000853-Z000853","2026-01-02T01:20:00.0000000",856,"2026-01-02T02:20:00.0000000",868,"Long",25519.00,25513.50,5.50,2,0.25,0.50,1,1,11.00,11.00,67.25,1.00,134.50,2.00,12.2273,0.1818,True,True,True,True,True,12,"ShadowCandidate",,857,857,857,857,858,False,False,False,5,60,1.00,"Zone",0,"Excellent","ResearchWindowEnd",0,0,0.1818,False,"","",,,"",0,0,0,0,0,0,0,"Excellent","ResearchOHLC",False,True,False,"ResearchOnlyMode",0,0,1
"OPF-20260725-151004","OPF_0.1","OPF_RESEARCH_2.15","MNQ_0.1","MNQ_1Contract_Target150_200","OPF_PROFILE_0.1","20260102-0120-BULL-PB-000856-Z000853","2026-01-02T01:20:00.0000000",856,"2026-01-02T02:20:00.0000000",868,"Long",25519.00,25513.50,5.50,2,0.25,0.50,1,1,11.00,11.00,67.25,1.00,134.50,2.00,12.2273,0.1818,True,True,True,True,True,12,"AlmostConfirmed",,857,857,857,857,858,False,False,False,5,60,1.00,"Zone",0,"Excellent","ResearchWindowEnd",0,0,0.1818,False,"","",,,"",0,0,0,0,0,0,0,"Excellent","ResearchOHLC",False,True,False,"ResearchOnlyMode",0,0,1
"OPF-20260725-151004","OPF_0.1","OPF_RESEARCH_2.15","MNQ_0.1","MNQ_1Contract_Target150_200","OPF_PROFILE_0.1","20260102-0120-BULL-OBS-000856-Z000853-OC","2026-01-02T01:25:00.0000000",857,"2026-01-02T02:25:00.0000000",869,"Long",25532.25,25504.13,28.12,2,0.25,0.50,1,1,56.24,56.24,60.50,1.00,121.00,2.00,2.1515,0.0356,True,True,True,False,False,12,"ObservationConfirm_WideStop1_5R",,864,867,869,,,False,False,False,35,60,1.00,"Zone",0,"Excellent","ResearchWindowEnd",0,0,0.0356,False,"","",,,"",0,0,0,0,0,0,0,"Excellent","ResearchOHLC",False,True,False,"ResearchOnlyMode",0,0,1
"OPF-20260725-151004","OPF_0.1","OPF_RESEARCH_2.15","MNQ_0.1","MNQ_1Contract_Target150_200","OPF_PROFILE_0.1","20260102-0120-BULL-OBS-000856-Z000853-OC","2026-01-02T01:25:00.0000000",857,"2026-01-02T02:25:00.0000000",869,"Long",25532.25,25513.50,18.75,2,0.25,0.50,1,1,37.50,37.50,60.50,1.00,121.00,2.00,3.2267,0.0533,True,True,True,True,True,12,"ObservationConfirm",,858,864,865,868,869,False,False,False,5,60,1.00,"Zone",0,"Excellent","ResearchWindowEnd",0,0,0.0533,False,"","",,,"",0,0,0,0,0,0,0,"Excellent","ResearchOHLC",False,True,False,"ResearchOnlyMode",0,0,1
"OPF-20260725-151004","OPF_0.1","OPF_RESEARCH_2.15","MNQ_0.1","MNQ_1Contract_Target150_200","OPF_PROFILE_0.1","20260102-0130-BULL-OBS-000858-Z000858","2026-01-02T01:30:00.0000000",858,"2026-01-02T02:30:00.0000000",870,"Long",25552.00,25529.25,22.75,2,0.25,0.50,1,1,45.50,45.50,40.75,10.50,81.50,21.00,1.7912,0.4615,True,True,False,False,False,12,"ZoneBirthResearch",,867,868,,,,False,False,False,45,55,10.50,"Zone",0,"Good","ResearchWindowEnd",0,0,0.4615,False,"","",,,"",0,0,0,0,0,0,0,"Good","ResearchOHLC",False,True,False,"ResearchOnlyMode",0,0,1
"OPF-20260725-151004","OPF_0.1","OPF_RESEARCH_2.15","MNQ_0.1","MNQ_1Contract_Target150_200","OPF_PROFILE_0.1","20260102-0120-BULL-PB-000856-Z000853-SCB-CBM","2026-01-02T01:30:00.0000000",858,"2026-01-02T02:30:00.0000000",870,"Long",25552.00,25530.75,21.25,2,0.25,0.50,1,1,42.50,42.50,40.75,10.50,81.50,21.00,1.9176,0.4941,True,True,False,False,False,12,"StructureConfirmShadow_ConfirmBarStop_Min10",,867,868,,,,False,False,False,45,55,10.50,"ConfirmBarMin10",0,"Good","ResearchWindowEnd",0,0,0.4941,False,"","",,,"",0,0,0,0,0,0,0,"Good","ResearchOHLC",False,True,False,"ResearchOnlyMode",0,0,1
"OPF-20260725-151004","OPF_0.1","OPF_RESEARCH_2.15","MNQ_0.1","MNQ_1Contract_Target150_200","OPF_PROFILE_0.1","20260102-0120-BULL-PB-000856-Z000853-SCB-CBR","2026-01-02T01:30:00.0000000",858,"2026-01-02T02:30:00.0000000",870,"Long",25552.00,25530.75,21.25,2,0.25,0.50,1,1,42.50,42.50,40.75,10.50,81.50,21.00,1.9176,0.4941,True,True,False,False,False,12,"StructureConfirmShadow_ConfirmBarStop",,867,868,,,,False,False,False,45,55,10.50,"ConfirmBar",0,"Good","ResearchWindowEnd",0,0,0.4941,False,"","",,,"",0,0,0,0,0,0,0,"Good","ResearchOHLC",False,True,False,"ResearchOnlyMode",0,0,1
"OPF-20260725-151004","OPF_0.1","OPF_RESEARCH_2.15","MNQ_0.1","MNQ_1Contract_Target150_200","OPF_PROFILE_0.1","20260102-0120-BULL-PB-000856-Z000853-SCB","2026-01-02T01:30:00.0000000",858,"2026-01-02T02:30:00.0000000",870,"Long",25552.00,25513.50,38.50,2,0.25,0.50,1,1,77.00,77.00,40.75,10.50,81.50,21.00,1.0584,0.2727,True,False,False,False,False,12,"StructureConfirmShadow",,869,,,,,False,False,False,55,55,10.50,"Zone",0,"Good","ResearchWindowEnd",0,0,0.2727,False,"","",,,"",0,0,0,0,0,0,0,"Good","ResearchOHLC",False,True,False,"ResearchOnlyMode",0,0,1
"OPF-20260725-151004","OPF_0.1","OPF_RESEARCH_2.15","MNQ_0.1","MNQ_1Contract_Target150_200","OPF_PROFILE_0.1","20260102-0105-BULL-SHD-000853-Z000853-SCB-CBM","2026-01-02T01:30:00.0000000",858,"2026-01-02T02:30:00.0000000",870,"Long",25552.00,25530.75,21.25,2,0.25,0.50,1,1,42.50,42.50,40.75,10.50,81.50,21.00,1.9176,0.4941,True,True,False,False,False,12,"StructureConfirmShadow_ConfirmBarStop_Min10",,867,868,,,,False,False,False,45,55,10.50,"ConfirmBarMin10",0,"Good","ResearchWindowEnd",0,0,0.4941,False,"","",,,"",0,0,0,0,0,0,0,"Good","ResearchOHLC",False,True,False,"ResearchOnlyMode",0,0,1
"OPF-20260725-151004","OPF_0.1","OPF_RESEARCH_2.15","MNQ_0.1","MNQ_1Contract_Target150_200","OPF_PROFILE_0.1","20260102-0105-BULL-SHD-000853-Z000853-SCB-CBR","2026-01-02T01:30:00.0000000",858,"2026-01-02T02:30:00.0000000",870,"Long",25552.00,25530.75,21.25,2,0.25,0.50,1,1,42.50,42.50,40.75,10.50,81.50,21.00,1.9176,0.4941,True,True,False,False,False,12,"StructureConfirmShadow_ConfirmBarStop",,867,868,,,,False,False,False,45,55,10.50,"ConfirmBar",0,"Good","ResearchWindowEnd",0,0,0.4941,False,"","",,,"",0,0,0,0,0,0,0,"Good","ResearchOHLC",False,True,False,"ResearchOnlyMode",0,0,1
"OPF-20260725-151004","OPF_0.1","OPF_RESEARCH_2.15","MNQ_0.1","MNQ_1Contract_Target150_200","OPF_PROFILE_0.1","20260102-0105-BULL-SHD-000853-Z000853-SCB","2026-01-02T01:30:00.0000000",858,"2026-01-02T02:30:00.0000000",870,"Long",25552.00,25513.50,38.50,2,0.25,0.50,1,1,77.00,77.00,40.75,10.50,81.50,21.00,1.0584,0.2727,True,False,False,False,False,12,"StructureConfirmShadow",,869,,,,,False,False,False,55,55,10.50,"Zone",0,"Good","ResearchWindowEnd",0,0,0.2727,False,"","",,,"",0,0,0,0,0,0,0,"Good","ResearchOHLC",False,True,False,"ResearchOnlyMode",0,0,1
"OPF-20260725-151004","OPF_0.1","OPF_RESEARCH_2.15","MNQ_0.1","MNQ_1Contract_Target150_200","OPF_PROFILE_0.1","20260102-0130-BULL-OBS-000858-Z000858-OC-STR","2026-01-02T01:35:00.0000000",859,"2026-01-02T02:35:00.0000000",871,"Long",25548.75,25519.50,29.25,2,0.25,0.50,1,1,58.50,58.50,47.00,7.25,94.00,14.50,1.6068,0.2479,True,True,False,False,False,12,"ObservationStrict_BullFresh_WideStop1_5R",,868,869,,,,False,False,False,45,60,7.25,"Zone",0,"Good","ResearchWindowEnd",0,0,0.2479,False,"","",,,"",0,0,0,0,0,0,0,"Good","ResearchOHLC",False,True,False,"ResearchOnlyMode",0,0,1
"OPF-20260725-151004","OPF_0.1","OPF_RESEARCH_2.15","MNQ_0.1","MNQ_1Contract_Target150_200","OPF_PROFILE_0.1","20260102-0130-BULL-OBS-000858-Z000858-OC-STR","2026-01-02T01:35:00.0000000",859,"2026-01-02T02:35:00.0000000",871,"Long",25548.75,25529.25,19.50,2,0.25,0.50,1,1,39.00,39.00,47.00,7.25,94.00,14.50,2.4103,0.3718,True,True,True,False,False,12,"ObservationStrict_BullFresh",,864,868,869,,,False,False,False,25,60,7.25,"Zone",0,"Excellent","ResearchWindowEnd",0,0,0.3718,False,"","",,,"",0,0,0,0,0,0,0,"Excellent","ResearchOHLC",False,True,False,"ResearchOnlyMode",0,0,1
"OPF-20260725-151004","OPF_0.1","OPF_RESEARCH_2.15","MNQ_0.1","MNQ_1Contract_Target150_200","OPF_PROFILE_0.1","20260102-0130-BULL-OBS-000858-Z000858-OC","2026-01-02T01:35:00.0000000",859,"2026-01-02T02:35:00.0000000",871,"Long",25548.75,25519.50,29.25,2,0.25,0.50,1,1,58.50,58.50,47.00,7.25,94.00,14.50,1.6068,0.2479,True,True,False,False,False,12,"ObservationConfirm_WideStop1_5R",,868,869,,,,False,False,False,45,60,7.25,"Zone",0,"Good","ResearchWindowEnd",0,0,0.2479,False,"","",,,"",0,0,0,0,0,0,0,"Good","ResearchOHLC",False,True,False,"ResearchOnlyMode",0,0,1
"OPF-20260725-151004","OPF_0.1","OPF_RESEARCH_2.15","MNQ_0.1","MNQ_1Contract_Target150_200","OPF_PROFILE_0.1","20260102-0130-BULL-OBS-000858-Z000858-OC","2026-01-02T01:35:00.0000000",859,"2026-01-02T02:35:00.0000000",871,"Long",25548.75,25529.25,19.50,2,0.25,0.50,1,1,39.00,39.00,47.00,7.25,94.00,14.50,2.4103,0.3718,True,True,True,False,False,12,"ObservationConfirm",,864,868,869,,,False,False,False,25,60,7.25,"Zone",0,"Excellent","ResearchWindowEnd",0,0,0.3718,False,"","",,,"",0,0,0,0,0,0,0,"Excellent","ResearchOHLC",False,True,False,"ResearchOnlyMode",0,0,1
"OPF-20260725-151004","OPF_0.1","OPF_RESEARCH_2.15","MNQ_0.1","MNQ_1Contract_Target150_200","OPF_PROFILE_0.1","20260102-0115-BULL-OBS-000855-Z000855-FR-RT","2026-01-02T01:50:00.0000000",862,"2026-01-02T02:50:00.0000000",874,"Short",25545.50,25572.50,27.00,2,0.25,0.50,1,1,54.00,54.00,4.00,62.50,8.00,125.00,0.1481,2.3148,False,False,False,False,False,12,"FailureReverse_RetestFailed_WideStop1_5R",866,,,,,,True,False,False,,5,62.50,"Zone",0,"Catastrophic","ResearchWindowEnd",0,0,2.3148,False,"","",,,"",0,0,0,0,0,0,0,"Catastrophic","ResearchOHLC",False,True,False,"ResearchOnlyMode",0,0,1
"OPF-20260725-151004","OPF_0.1","OPF_RESEARCH_2.15","MNQ_0.1","MNQ_1Contract_Target150_200","OPF_PROFILE_0.1","20260102-0115-BULL-OBS-000855-Z000855-FR-RT","2026-01-02T01:50:00.0000000",862,"2026-01-02T02:50:00.0000000",874,"Short",25545.50,25527.50,18.00,2,0.25,0.50,1,1,36.00,36.00,4.00,62.50,8.00,125.00,0.2222,3.4722,False,False,False,False,False,12,"FailureReverse_RetestFailed",863,,,,,,True,False,False,,5,62.50,"Zone",0,"Catastrophic","ResearchWindowEnd",0,0,3.4722,False,"","",,,"",0,0,0,0,0,0,0,"Catastrophic","ResearchOHLC",False,True,False,"ResearchOnlyMode",0,0,1
"OPF-20260725-151004","OPF_0.1","OPF_RESEARCH_2.15","MNQ_0.1","MNQ_1Contract_Target150_200","OPF_PROFILE_0.1","20260102-0200-BULL-OBS-000864-Z000864","2026-01-02T02:00:00.0000000",864,"2026-01-02T03:00:00.0000000",876,"Long",25567.25,25552.75,14.50,2,0.25,0.50,1,1,29.00,29.00,42.00,7.00,84.00,14.00,2.8966,0.4828,True,True,True,True,False,12,"ZoneBirthResearch",,868,869,873,874,,False,False,False,20,60,7.00,"Zone",0,"Excellent","ResearchWindowEnd",0,0,0.4828,False,"","",,,"",0,0,0,0,0,0,0,"Excellent","ResearchOHLC",False,True,False,"ResearchOnlyMode",0,0,1
"OPF-20260725-151004","OPF_0.1","OPF_RESEARCH_2.15","MNQ_0.1","MNQ_1Contract_Target150_200","OPF_PROFILE_0.1","20260102-0200-BULL-BRK-000864-Z000864","2026-01-02T02:00:00.0000000",864,"2026-01-02T03:00:00.0000000",876,"Long",25567.25,25552.75,14.50,2,0.25,0.50,1,1,29.00,29.00,42.00,7.00,84.00,14.00,2.8966,0.4828,True,True,True,True,False,12,"BreakawayFvg",,868,869,873,874,,False,False,False,20,60,7.00,"Zone",0,"Excellent","ResearchWindowEnd",0,0,0.4828,False,"","",,,"",0,0,0,0,0,0,0,"Excellent","ResearchOHLC",False,True,False,"ResearchOnlyMode",0,0,1
"OPF-20260725-151004","OPF_0.1","OPF_RESEARCH_2.15","MNQ_0.1","MNQ_1Contract_Target150_200","OPF_PROFILE_0.1","20260102-0205-BULL-OBS-000865-Z000865","2026-01-02T02:05:00.0000000",865,"2026-01-02T03:05:00.0000000",877,"Long",25565.00,25556.00,9.00,2,0.25,0.50,1,1,18.00,18.00,44.25,4.75,88.50,9.50,4.9167,0.5278,True,True,True,True,True,12,"ZoneBirthResearch",,867,868,868,869,869,False,False,False,10,55,4.75,"Zone",0,"Excellent","ResearchWindowEnd",0,0,0.5278,False,"","",,,"",0,0,0,0,0,0,0,"Excellent","ResearchOHLC",False,True,False,"ResearchOnlyMode",0,0,1
"OPF-20260725-151004","OPF_0.1","OPF_RESEARCH_2.15","MNQ_0.1","MNQ_1Contract_Target150_200","OPF_PROFILE_0.1","20260102-0200-BULL-OBS-000864-Z000864-OC-STR","2026-01-02T02:05:00.0000000",865,"2026-01-02T03:05:00.0000000",877,"Long",25565.00,25546.62,18.38,2,0.25,0.50,1,1,36.76,36.76,44.25,4.75,88.50,9.50,2.4075,0.2584,True,True,True,False,False,12,"ObservationStrict_BullFresh_WideStop1_5R",,868,869,874,,,False,False,False,15,55,4.75,"Zone",0,"Excellent","ResearchWindowEnd",0,0,0.2584,False,"","",,,"",0,0,0,0,0,0,0,"Excellent","ResearchOHLC",False,True,False,"ResearchOnlyMode",0,0,1
"OPF-20260725-151004","OPF_0.1","OPF_RESEARCH_2.15","MNQ_0.1","MNQ_1Contract_Target150_200","OPF_PROFILE_0.1","20260102-0200-BULL-OBS-000864-Z000864-OC-STR","2026-01-02T02:05:00.0000000",865,"2026-01-02T03:05:00.0000000",877,"Long",25565.00,25552.75,12.25,2,0.25,0.50,1,1,24.50,24.50,44.25,4.75,88.50,9.50,3.6122,0.3878,True,True,True,True,True,12,"ObservationStrict_BullFresh",,868,868,869,871,874,False,False,False,15,55,4.75,"Zone",0,"Excellent","ResearchWindowEnd",0,0,0.3878,False,"","",,,"",0,0,0,0,0,0,0,"Excellent","ResearchOHLC",False,True,False,"ResearchOnlyMode",0,0,1
"OPF-20260725-151004","OPF_0.1","OPF_RESEARCH_2.15","MNQ_0.1","MNQ_1Contract_Target150_200","OPF_PROFILE_0.1","20260102-0200-BULL-OBS-000864-Z000864-OC","2026-01-02T02:05:00.0000000",865,"2026-01-02T03:05:00.0000000",877,"Long",25565.00,25546.62,18.38,2,0.25,0.50,1,1,36.76,36.76,44.25,4.75,88.50,9.50,2.4075,0.2584,True,True,True,False,False,12,"ObservationConfirm_WideStop1_5R",,868,869,874,,,False,False,False,15,55,4.75,"Zone",0,"Excellent","ResearchWindowEnd",0.8652,86.52,0.2584,True,"20260102-0205-Long-865","2026-01-02T03:00:00.0000000",876,25603.25,"TIME_STOP",38.50,231.00,2.1096,44.50,4.50,2.4384,0.2466,"Excellent","ActualTrade",False,True,False,"ResearchOnlyMode",0,0,1
"OPF-20260725-151004","OPF_0.1","OPF_RESEARCH_2.15","MNQ_0.1","MNQ_1Contract_Target150_200","OPF_PROFILE_0.1","20260102-0200-BULL-OBS-000864-Z000864-OC","2026-01-02T02:05:00.0000000",865,"2026-01-02T03:05:00.0000000",877,"Long",25565.00,25552.75,12.25,2,0.25,0.50,1,1,24.50,24.50,44.25,4.75,88.50,9.50,3.6122,0.3878,True,True,True,True,True,12,"ObservationConfirm",,868,868,869,871,874,False,False,False,15,55,4.75,"Zone",0,"Excellent","ResearchWindowEnd",0,0,0.3878,False,"","",,,"",0,0,0,0,0,0,0,"Excellent","ResearchOHLC",False,True,False,"ResearchOnlyMode",0,0,1
"OPF-20260725-151004","OPF_0.1","OPF_RESEARCH_2.15","MNQ_0.1","MNQ_1Contract_Target150_200","OPF_PROFILE_0.1","20260102-0210-BULL-OBS-000866-Z000865","2026-01-02T02:10:00.0000000",866,"2026-01-02T03:10:00.0000000",878,"Long",25572.00,25556.00,16.00,2,0.25,0.50,1,1,32.00,32.00,37.25,4.00,74.50,8.00,2.3281,0.25,True,True,True,False,False,12,"UnknownRegimeZoneTouch",,869,873,874,,,False,False,False,15,50,4.00,"Zone",0,"Excellent","ResearchWindowEnd",0,0,0.25,False,"","",,,"",0,0,0,0,0,0,0,"Excellent","ResearchOHLC",False,True,False,"ResearchOnlyMode",0,0,1
"OPF-20260725-151004","OPF_0.1","OPF_RESEARCH_2.15","MNQ_0.1","MNQ_1Contract_Target150_200","OPF_PROFILE_0.1","20260102-0205-BULL-OBS-000865-Z000865-OC","2026-01-02T02:10:00.0000000",866,"2026-01-02T03:10:00.0000000",878,"Long",25572.00,25548.00,24.00,2,0.25,0.50,1,1,48.00,48.00,37.25,4.00,74.50,8.00,1.5521,0.1667,True,True,False,False,False,12,"ObservationConfirm_WideStop1_5R",,873,874,,,,False,False,False,35,50,4.00,"Zone",0,"Good","ResearchWindowEnd",0.6972,69.72,0.1667,True,"20260102-0210-Long-866-S2","2026-01-02T03:05:00.0000000",877,25598.25,"TIME_STOP",25.333333333333333333333333,152.00,1.0167,36.333333333333333333333333,4.916666666666666666666667,1.4582,0.1973,"Good","ActualTrade",False,True,False,"ResearchOnlyMode",0,0,1
"OPF-20260725-151004","OPF_0.1","OPF_RESEARCH_2.15","MNQ_0.1","MNQ_1Contract_Target150_200","OPF_PROFILE_0.1","20260102-0205-BULL-OBS-000865-Z000865-OC","2026-01-02T02:10:00.0000000",866,"2026-01-02T03:10:00.0000000",878,"Long",25572.00,25556.00,16.00,2,0.25,0.50,1,1,32.00,32.00,37.25,4.00,74.50,8.00,2.3281,0.25,True,True,True,False,False,12,"ObservationConfirm",,869,873,874,,,False,False,False,15,50,4.00,"Zone",0,"Excellent","ResearchWindowEnd",0,0,0.25,False,"","",,,"",0,0,0,0,0,0,0,"Excellent","ResearchOHLC",False,True,False,"ResearchOnlyMode",0,0,1
"OPF-20260725-151004","OPF_0.1","OPF_RESEARCH_2.15","MNQ_0.1","MNQ_1Contract_Target150_200","OPF_PROFILE_0.1","20260102-0210-BULL-OBS-000866-Z000865-OC-STR","2026-01-02T02:15:00.0000000",867,"2026-01-02T03:15:00.0000000",879,"Long",25572.25,25547.87,24.38,2,0.25,0.50,1,1,48.76,48.76,37.00,1.75,74.00,3.50,1.5176,0.0718,True,True,False,False,False,12,"ObservationStrict_Other_WideStop1_5R",,873,876,,,,False,False,False,30,45,1.75,"Zone",0,"Good","ResearchWindowEnd",0,0,0.0718,False,"","",,,"",0,0,0,0,0,0,0,"Good","ResearchOHLC",False,True,False,"ResearchOnlyMode",0,0,1
"OPF-20260725-151004","OPF_0.1","OPF_RESEARCH_2.15","MNQ_0.1","MNQ_1Contract_Target150_200","OPF_PROFILE_0.1","20260102-0210-BULL-OBS-000866-Z000865-OC-STR","2026-01-02T02:15:00.0000000",867,"2026-01-02T03:15:00.0000000",879,"Long",25572.25,25556.00,16.25,2,0.25,0.50,1,1,32.50,32.50,37.00,1.75,74.00,3.50,2.2769,0.1077,True,True,True,False,False,12,"ObservationStrict_Other",,869,873,874,,,False,False,False,10,45,1.75,"Zone",0,"Excellent","ResearchWindowEnd",0,0,0.1077,False,"","",,,"",0,0,0,0,0,0,0,"Excellent","ResearchOHLC",False,True,False,"ResearchOnlyMode",0,0,1
"OPF-20260725-151004","OPF_0.1","OPF_RESEARCH_2.15","MNQ_0.1","MNQ_1Contract_Target150_200","OPF_PROFILE_0.1","20260102-0210-BULL-OBS-000866-Z000865-OC","2026-01-02T02:15:00.0000000",867,"2026-01-02T03:15:00.0000000",879,"Long",25572.25,25547.87,24.38,2,0.25,0.50,1,1,48.76,48.76,37.00,1.75,74.00,3.50,1.5176,0.0718,True,True,False,False,False,12,"ObservationConfirm_WideStop1_5R",,873,876,,,,False,False,False,30,45,1.75,"Zone",0,"Good","ResearchWindowEnd",0,0,0.0718,False,"","",,,"",0,0,0,0,0,0,0,"Good","ResearchOHLC",False,True,False,"ResearchOnlyMode",0,0,1
"OPF-20260725-151004","OPF_0.1","OPF_RESEARCH_2.15","MNQ_0.1","MNQ_1Contract_Target150_200","OPF_PROFILE_0.1","20260102-0210-BULL-OBS-000866-Z000865-OC","2026-01-02T02:15:00.0000000",867,"2026-01-02T03:15:00.0000000",879,"Long",25572.25,25556.00,16.25,2,0.25,0.50,1,1,32.50,32.50,37.00,1.75,74.00,3.50,2.2769,0.1077,True,True,True,False,False,12,"ObservationConfirm",,869,873,874,,,False,False,False,10,45,1.75,"Zone",0,"Excellent","ResearchWindowEnd",0,0,0.1077,False,"","",,,"",0,0,0,0,0,0,0,"Excellent","ResearchOHLC",False,True,False,"ResearchOnlyMode",0,0,1
"OPF-20260725-151004","OPF_0.1","OPF_RESEARCH_2.15","MNQ_0.1","MNQ_1Contract_Target150_200","OPF_PROFILE_0.1","20260102-0225-BULL-OBS-000869-Z000869","2026-01-02T02:25:00.0000000",869,"2026-01-02T03:25:00.0000000",881,"Long",25590.25,25576.25,14.00,2,0.25,0.50,1,1,28.00,28.00,19.00,7.25,38.00,14.50,1.3571,0.5179,True,False,False,False,False,12,"ZoneBirthResearch",,874,,,,,False,False,False,25,35,7.25,"Zone",0,"Good","ResearchWindowEnd",0,0,0.5179,False,"","",,,"",0,0,0,0,0,0,0,"Good","ResearchOHLC",False,True,False,"ResearchOnlyMode",0,0,1
"OPF-20260725-151004","OPF_0.1","OPF_RESEARCH_2.15","MNQ_0.1","MNQ_1Contract_Target150_200","OPF_PROFILE_0.1","20260102-0225-BULL-OBS-000869-Z000869-OC","2026-01-02T02:30:00.0000000",870,"2026-01-02T03:30:00.0000000",882,"Long",25590.25,25569.25,21.00,2,0.25,0.50,1,1,42.00,42.00,19.00,4.50,38.00,9.00,0.9048,0.2143,False,False,False,False,False,12,"ObservationConfirm_WideStop1_5R",,,,,,,False,False,False,,30,4.50,"Zone",0,"Scratch","ResearchWindowEnd",0,0,0.2143,False,"","",,,"",0,0,0,0,0,0,0,"Scratch","ResearchOHLC",False,True,False,"ResearchOnlyMode",0,0,1
"OPF-20260725-151004","OPF_0.1","OPF_RESEARCH_2.15","MNQ_0.1","MNQ_1Contract_Target150_200","OPF_PROFILE_0.1","20260102-0225-BULL-OBS-000869-Z000869-OC","2026-01-02T02:30:00.0000000",870,"2026-01-02T03:30:00.0000000",882,"Long",25590.25,25576.25,14.00,2,0.25,0.50,1,1,28.00,28.00,19.00,4.50,38.00,9.00,1.3571,0.3214,True,False,False,False,False,12,"ObservationConfirm",,874,,,,,False,False,False,20,30,4.50,"Zone",0,"Good","ResearchWindowEnd",0,0,0.3214,False,"","",,,"",0,0,0,0,0,0,0,"Good","ResearchOHLC",False,True,False,"ResearchOnlyMode",0,0,1
"OPF-20260725-151004","OPF_0.1","OPF_RESEARCH_2.15","MNQ_0.1","MNQ_1Contract_Target150_200","OPF_PROFILE_0.1","20260102-0250-BULL-OBS-000874-Z000874","2026-01-02T02:50:00.0000000",874,"2026-01-02T03:50:00.0000000",886,"Long",25604.50,25592.50,12.00,2,0.25,0.50,1,1,24.00,24.00,20.50,9.50,41.00,19.00,1.7083,0.7917,True,True,False,False,False,12,"ZoneBirthResearch",,884,886,,,,False,False,False,50,60,9.50,"Zone",0,"Good","ResearchWindowEnd",0,0,0.7917,False,"","",,,"",0,0,0,0,0,0,0,"Good","ResearchOHLC",False,True,False,"ResearchOnlyMode",0,0,1
"OPF-20260725-151004","OPF_0.1","OPF_RESEARCH_2.15","MNQ_0.1","MNQ_1Contract_Target150_200","OPF_PROFILE_0.1","20260102-0250-BULL-BRK-000874-Z000874","2026-01-02T02:50:00.0000000",874,"2026-01-02T03:50:00.0000000",886,"Long",25604.50,25592.50,12.00,2,0.25,0.50,1,1,24.00,24.00,20.50,9.50,41.00,19.00,1.7083,0.7917,True,True,False,False,False,12,"BreakawayFvg",,884,886,,,,False,False,False,50,60,9.50,"Zone",0,"Good","ResearchWindowEnd",0,0,0.7917,False,"","",,,"",0,0,0,0,0,0,0,"Good","ResearchOHLC",False,True,False,"ResearchOnlyMode",0,0,1
"OPF-20260725-151004","OPF_0.1","OPF_RESEARCH_2.15","MNQ_0.1","MNQ_1Contract_Target150_200","OPF_PROFILE_0.1","20260102-0255-BULL-OBS-000875-Z000875","2026-01-02T02:55:00.0000000",875,"2026-01-02T03:55:00.0000000",887,"Long",25603.50,25597.50,6.00,2,0.25,0.50,1,1,12.00,12.00,22.25,8.50,44.50,17.00,3.7083,1.4167,True,True,True,True,True,12,"ZoneBirthResearch",877,883,883,884,884,884,True,False,False,40,60,8.50,"Zone",0,"Catastrophic","ResearchWindowEnd",0,0,1.4167,False,"","",,,"",0,0,0,0,0,0,0,"Catastrophic","ResearchOHLC",False,True,False,"ResearchOnlyMode",0,0,1
"OPF-20260725-151004","OPF_0.1","OPF_RESEARCH_2.15","MNQ_0.1","MNQ_1Contract_Target150_200","OPF_PROFILE_0.1","20260102-0250-BULL-OBS-000874-Z000874-OC-STR","2026-01-02T02:55:00.0000000",875,"2026-01-02T03:55:00.0000000",887,"Long",25603.50,25587.00,16.50,2,0.25,0.50,1,1,33.00,33.00,22.25,8.50,44.50,17.00,1.3485,0.5152,True,False,False,False,False,12,"ObservationStrict_BullFresh_WideStop1_5R",,884,,,,,False,False,False,45,60,8.50,"Zone",0,"Good","ResearchWindowEnd",0,0,0.5152,False,"","",,,"",0,0,0,0,0,0,0,"Good","ResearchOHLC",False,True,False,"ResearchOnlyMode",0,0,1
"OPF-20260725-151004","OPF_0.1","OPF_RESEARCH_2.15","MNQ_0.1","MNQ_1Contract_Target150_200","OPF_PROFILE_0.1","20260102-0250-BULL-OBS-000874-Z000874-OC-STR","2026-01-02T02:55:00.0000000",875,"2026-01-02T03:55:00.0000000",887,"Long",25603.50,25592.50,11.00,2,0.25,0.50,1,1,22.00,22.00,22.25,8.50,44.50,17.00,2.0227,0.7727,True,True,True,False,False,12,"ObservationStrict_BullFresh",,884,884,887,,,False,False,False,45,60,8.50,"Zone",0,"Excellent","ResearchWindowEnd",0,0,0.7727,False,"","",,,"",0,0,0,0,0,0,0,"Excellent","ResearchOHLC",False,True,False,"ResearchOnlyMode",0,0,1
"OPF-20260725-151004","OPF_0.1","OPF_RESEARCH_2.15","MNQ_0.1","MNQ_1Contract_Target150_200","OPF_PROFILE_0.1","20260102-0250-BULL-OBS-000874-Z000874-OC","2026-01-02T02:55:00.0000000",875,"2026-01-02T03:55:00.0000000",887,"Long",25603.50,25587.00,16.50,2,0.25,0.50,1,1,33.00,33.00,22.25,8.50,44.50,17.00,1.3485,0.5152,True,False,False,False,False,12,"ObservationConfirm_WideStop1_5R",,884,,,,,False,False,False,45,60,8.50,"Zone",0,"Good","ResearchWindowEnd",0,0,0.5152,False,"","",,,"",0,0,0,0,0,0,0,"Good","ResearchOHLC",False,True,False,"ResearchOnlyMode",0,0,1
"OPF-20260725-151004","OPF_0.1","OPF_RESEARCH_2.15","MNQ_0.1","MNQ_1Contract_Target150_200","OPF_PROFILE_0.1","20260102-0250-BULL-OBS-000874-Z000874-OC","2026-01-02T02:55:00.0000000",875,"2026-01-02T03:55:00.0000000",887,"Long",25603.50,25592.50,11.00,2,0.25,0.50,1,1,22.00,22.00,22.25,8.50,44.50,17.00,2.0227,0.7727,True,True,True,False,False,12,"ObservationConfirm",,884,884,887,,,False,False,False,45,60,8.50,"Zone",0,"Excellent","ResearchWindowEnd",0,0,0.7727,False,"","",,,"",0,0,0,0,0,0,0,"Excellent","ResearchOHLC",False,True,False,"ResearchOnlyMode",0,0,1
"OPF-20260725-151004","OPF_0.1","OPF_RESEARCH_2.15","MNQ_0.1","MNQ_1Contract_Target150_200","OPF_PROFILE_0.1","20260102-0300-BULL-OBS-000876-Z000875","2026-01-02T03:00:00.0000000",876,"2026-01-02T04:00:00.0000000",888,"Long",25603.50,25597.50,6.00,2,0.25,0.50,1,1,12.00,12.00,24.50,8.50,49.00,17.00,4.0833,1.4167,True,True,True,True,True,12,"UnknownRegimeZoneTouch",877,883,883,884,884,884,True,False,False,35,60,8.50,"Zone",0,"Catastrophic","ResearchWindowEnd",0,0,1.4167,False,"","",,,"",0,0,0,0,0,0,0,"Catastrophic","ResearchOHLC",False,True,False,"ResearchOnlyMode",0,0,1
"OPF-20260725-151004","OPF_0.1","OPF_RESEARCH_2.15","MNQ_0.1","MNQ_1Contract_Target150_200","OPF_PROFILE_0.1","20260102-0255-BULL-OBS-000875-Z000875-OC","2026-01-02T03:00:00.0000000",876,"2026-01-02T04:00:00.0000000",888,"Long",25603.50,25594.50,9.00,2,0.25,0.50,1,1,18.00,18.00,24.50,8.50,49.00,17.00,2.7222,0.9444,True,True,True,True,False,12,"ObservationConfirm_WideStop1_5R",,883,884,884,888,,False,False,False,35,60,8.50,"Zone",0,"Excellent","ResearchWindowEnd",0,0,0.9444,False,"","",,,"",0,0,0,0,0,0,0,"Excellent","ResearchOHLC",False,True,False,"ResearchOnlyMode",0,0,1
"OPF-20260725-151004","OPF_0.1","OPF_RESEARCH_2.15","MNQ_0.1","MNQ_1Contract_Target150_200","OPF_PROFILE_0.1","20260102-0255-BULL-OBS-000875-Z000875-OC","2026-01-02T03:00:00.0000000",876,"2026-01-02T04:00:00.0000000",888,"Long",25603.50,25597.50,6.00,2,0.25,0.50,1,1,12.00,12.00,24.50,8.50,49.00,17.00,4.0833,1.4167,True,True,True,True,True,12,"ObservationConfirm",877,883,883,884,884,884,True,False,False,35,60,8.50,"Zone",0,"Catastrophic","ResearchWindowEnd",0,0,1.4167,False,"","",,,"",0,0,0,0,0,0,0,"Catastrophic","ResearchOHLC",False,True,False,"ResearchOnlyMode",0,0,1
"OPF-20260725-151004","OPF_0.1","OPF_RESEARCH_2.15","MNQ_0.1","MNQ_1Contract_Target150_200","OPF_PROFILE_0.1","20260102-0300-BULL-OBS-000876-Z000875-OC","2026-01-02T03:10:00.0000000",878,"2026-01-02T04:10:00.0000000",890,"Long",25604.25,25594.13,10.12,2,0.25,0.50,1,1,20.24,20.24,29.00,9.25,58.00,18.50,2.8656,0.9140,True,True,True,True,False,12,"ObservationConfirm_WideStop1_5R",,884,884,886,890,,False,False,False,30,60,9.25,"Zone",0,"Excellent","ResearchWindowEnd",0,0,0.9140,False,"","",,,"",0,0,0,0,0,0,0,"Excellent","ResearchOHLC",False,True,False,"ResearchOnlyMode",0,0,1
"OPF-20260725-151004","OPF_0.1","OPF_RESEARCH_2.15","MNQ_0.1","MNQ_1Contract_Target150_200","OPF_PROFILE_0.1","20260102-0300-BULL-OBS-000876-Z000875-OC","2026-01-02T03:10:00.0000000",878,"2026-01-02T04:10:00.0000000",890,"Long",25604.25,25597.50,6.75,2,0.25,0.50,1,1,13.50,13.50,29.00,9.25,58.00,18.50,4.2963,1.3704,True,True,True,True,True,12,"ObservationConfirm",882,883,884,884,884,886,True,False,False,25,60,9.25,"Zone",0,"Catastrophic","ResearchWindowEnd",-3.1533,-315.38,1.3704,True,"20260102-0310-Long-878","2026-01-02T03:25:00.0000000",881,25598.00,"SL",-6.833333333333333333333333,-41.00,-0.9318,2.166666666666666666666667,7.083333333333333333333333,0.2955,0.9659,"Catastrophic","ActualTrade",False,True,False,"ResearchOnlyMode",0,0,1
"OPF-20260725-151004","OPF_0.1","OPF_RESEARCH_2.15","MNQ_0.1","MNQ_1Contract_Target150_200","OPF_PROFILE_0.1","20260102-0340-BULL-OBS-000884-Z000884","2026-01-02T03:40:00.0000000",884,"2026-01-02T04:40:00.0000000",896,"Long",25618.75,25606.00,12.75,2,0.25,0.50,1,1,25.50,25.50,18.50,6.00,37.00,12.00,1.4510,0.4706,True,False,False,False,False,12,"ZoneBirthResearch",,890,,,,,False,False,False,30,45,6.00,"Zone",0,"Good","ResearchWindowEnd",0,0,0.4706,False,"","",,,"",0,0,0,0,0,0,0,"Good","ResearchOHLC",False,True,False,"ResearchOnlyMode",0,0,1
"OPF-20260725-151004","OPF_0.1","OPF_RESEARCH_2.15","MNQ_0.1","MNQ_1Contract_Target150_200","OPF_PROFILE_0.1","20260102-0340-BULL-OBS-000884-Z000884-OC","2026-01-02T03:45:00.0000000",885,"2026-01-02T04:45:00.0000000",897,"Long",25620.00,25599.00,21.00,2,0.25,0.50,1,1,42.00,42.00,17.25,2.75,34.50,5.50,0.8214,0.1310,False,False,False,False,False,12,"ObservationConfirm_WideStop1_5R",,,,,,,False,False,False,,40,2.75,"Zone",0,"Scratch","ResearchWindowEnd",0,0,0.1310,False,"","",,,"",0,0,0,0,0,0,0,"Scratch","ResearchOHLC",False,True,False,"ResearchOnlyMode",0,0,1
"OPF-20260725-151004","OPF_0.1","OPF_RESEARCH_2.15","MNQ_0.1","MNQ_1Contract_Target150_200","OPF_PROFILE_0.1","20260102-0340-BULL-OBS-000884-Z000884-OC","2026-01-02T03:45:00.0000000",885,"2026-01-02T04:45:00.0000000",897,"Long",25620.00,25606.00,14.00,2,0.25,0.50,1,1,28.00,28.00,17.25,2.75,34.50,5.50,1.2321,0.1964,True,False,False,False,False,12,"ObservationConfirm",,893,,,,,False,False,False,40,40,1.25,"Zone",0,"Good","ResearchWindowEnd",0,0,0.0893,False,"","",,,"",0,0,0,0,0,0,0,"Good","ResearchOHLC",False,True,False,"ResearchOnlyMode",0,0,1
"OPF-20260725-151004","OPF_0.1","OPF_RESEARCH_2.15","MNQ_0.1","MNQ_1Contract_Target150_200","OPF_PROFILE_0.1","20260102-0500-BEAR-OBS-000900-Z000900","2026-01-02T05:00:00.0000000",900,"2026-01-02T06:00:00.0000000",912,"Short",25618.00,25629.00,11.00,2,0.25,0.50,1,1,22.00,22.00,5.75,26.00,11.50,52.00,0.5227,2.3636,False,False,False,False,False,12,"ZoneBirthResearch",903,,,,,,True,False,False,,5,26.00,"Zone",0,"Catastrophic","ResearchWindowEnd",0,0,2.3636,False,"","",,,"",0,0,0,0,0,0,0,"Catastrophic","ResearchOHLC",False,True,False,"ResearchOnlyMode",0,0,1
"OPF-20260725-151004","OPF_0.1","OPF_RESEARCH_2.15","MNQ_0.1","MNQ_1Contract_Target150_200","OPF_PROFILE_0.1","20260102-0505-BEAR-OBS-000901-Z000900","2026-01-02T05:05:00.0000000",901,"2026-01-02T06:05:00.0000000",913,"Short",25624.50,25629.00,4.50,2,0.25,0.50,1,1,9.00,9.00,3.50,19.50,7.00,39.00,0.7778,4.3333,False,False,False,False,False,12,"UnknownRegimeZoneTouch",903,,,,,,True,False,False,,5,19.50,"Zone",0,"Catastrophic","ResearchWindowEnd",0,0,4.3333,False,"","",,,"",0,0,0,0,0,0,0,"Catastrophic","ResearchOHLC",False,True,False,"ResearchOnlyMode",0,0,1
"OPF-20260725-151004","OPF_0.1","OPF_RESEARCH_2.15","MNQ_0.1","MNQ_1Contract_Target150_200","OPF_PROFILE_0.1","20260102-0500-BEAR-OBS-000900-Z000900-OC","2026-01-02T05:05:00.0000000",901,"2026-01-02T06:05:00.0000000",913,"Short",25624.50,25631.25,6.75,2,0.25,0.50,1,1,13.50,13.50,3.50,19.50,7.00,39.00,0.5185,2.8889,False,False,False,False,False,12,"ObservationConfirm_WideStop1_5R",904,,,,,,True,False,False,,5,19.50,"Zone",0,"Catastrophic","ResearchWindowEnd",0,0,2.8889,False,"","",,,"",0,0,0,0,0,0,0,"Catastrophic","ResearchOHLC",False,True,False,"ResearchOnlyMode",0,0,1
"OPF-20260725-151004","OPF_0.1","OPF_RESEARCH_2.15","MNQ_0.1","MNQ_1Contract_Target150_200","OPF_PROFILE_0.1","20260102-0500-BEAR-OBS-000900-Z000900-OC","2026-01-02T05:05:00.0000000",901,"2026-01-02T06:05:00.0000000",913,"Short",25624.50,25629.00,4.50,2,0.25,0.50,1,1,9.00,9.00,3.50,19.50,7.00,39.00,0.7778,4.3333,False,False,False,False,False,12,"ObservationConfirm",903,,,,,,True,False,False,,5,19.50,"Zone",0,"Catastrophic","ResearchWindowEnd",0,0,4.3333,False,"","",,,"",0,0,0,0,0,0,0,"Catastrophic","ResearchOHLC",False,True,False,"ResearchOnlyMode",0,0,1
"OPF-20260725-151004","OPF_0.1","OPF_RESEARCH_2.15","MNQ_0.1","MNQ_1Contract_Target150_200","OPF_PROFILE_0.1","20260102-0505-BEAR-OBS-000901-Z000900-OC-STR","2026-01-02T05:10:00.0000000",902,"2026-01-02T06:10:00.0000000",914,"Short",25623.00,25632.00,9.00,2,0.25,0.50,1,1,18.00,18.00,1.75,21.25,3.50,42.50,0.1944,2.3611,False,False,False,False,False,12,"ObservationStrict_Other_WideStop1_5R",904,,,,,,True,False,False,,30,21.25,"Zone",0,"Catastrophic","ResearchWindowEnd",0,0,2.3611,False,"","",,,"",0,0,0,0,0,0,0,"Catastrophic","ResearchOHLC",False,True,False,"ResearchOnlyMode",0,0,1
"OPF-20260725-151004","OPF_0.1","OPF_RESEARCH_2.15","MNQ_0.1","MNQ_1Contract_Target150_200","OPF_PROFILE_0.1","20260102-0505-BEAR-OBS-000901-Z000900-OC-STR","2026-01-02T05:10:00.0000000",902,"2026-01-02T06:10:00.0000000",914,"Short",25623.00,25629.00,6.00,2,0.25,0.50,1,1,12.00,12.00,1.75,21.25,3.50,42.50,0.2917,3.5417,False,False,False,False,False,12,"ObservationStrict_Other",903,,,,,,True,False,False,,30,21.25,"Zone",0,"Catastrophic","ResearchWindowEnd",0,0,3.5417,False,"","",,,"",0,0,0,0,0,0,0,"Catastrophic","ResearchOHLC",False,True,False,"ResearchOnlyMode",0,0,1
"OPF-20260725-151004","OPF_0.1","OPF_RESEARCH_2.15","MNQ_0.1","MNQ_1Contract_Target150_200","OPF_PROFILE_0.1","20260102-0505-BEAR-OBS-000901-Z000900-OC","2026-01-02T05:10:00.0000000",902,"2026-01-02T06:10:00.0000000",914,"Short",25623.00,25632.00,9.00,2,0.25,0.50,1,1,18.00,18.00,1.75,21.25,3.50,42.50,0.1944,2.3611,False,False,False,False,False,12,"ObservationConfirm_WideStop1_5R",904,,,,,,True,False,False,,30,21.25,"Zone",0,"Catastrophic","ResearchWindowEnd",0,0,2.3611,False,"","",,,"",0,0,0,0,0,0,0,"Catastrophic","ResearchOHLC",False,True,False,"ResearchOnlyMode",0,0,1
"OPF-20260725-151004","OPF_0.1","OPF_RESEARCH_2.15","MNQ_0.1","MNQ_1Contract_Target150_200","OPF_PROFILE_0.1","20260102-0505-BEAR-OBS-000901-Z000900-OC","2026-01-02T05:10:00.0000000",902,"2026-01-02T06:10:00.0000000",914,"Short",25623.00,25629.00,6.00,2,0.25,0.50,1,1,12.00,12.00,2.00,21.25,4.00,42.50,0.3333,3.5417,False,False,False,False,False,12,"ObservationConfirm",903,,,,,,True,False,False,,0,21.25,"Zone",0,"Catastrophic","ResearchWindowEnd",0,0,3.5417,True,"20260102-0510-Short-902","2026-01-02T05:10:00.0000000",902,25628.00,"SL",-5.75,-34.50,-0.8519,0,5.75,0,0.8519,"Catastrophic","ActualTrade",False,True,False,"ResearchOnlyMode",0,0,1
"OPF-20260725-151004","OPF_0.1","OPF_RESEARCH_2.15","MNQ_0.1","MNQ_1Contract_Target150_200","OPF_PROFILE_0.1","20260102-0520-BULL-OBS-000904-Z000904","2026-01-02T05:20:00.0000000",904,"2026-01-02T06:20:00.0000000",916,"Long",25631.75,25624.75,7.00,2,0.25,0.50,1,1,14.00,14.00,12.50,10.50,25.00,21.00,1.7857,1.5,True,True,False,False,False,12,"ZoneBirthResearch",908,910,910,,,,True,False,False,30,50,10.50,"Zone",0,"Catastrophic","ResearchWindowEnd",0,0,1.5,False,"","",,,"",0,0,0,0,0,0,0,"Catastrophic","ResearchOHLC",False,True,False,"ResearchOnlyMode",0,0,1
"OPF-20260725-151004","OPF_0.1","OPF_RESEARCH_2.15","MNQ_0.1","MNQ_1Contract_Target150_200","OPF_PROFILE_0.1","20260102-0520-BULL-OBS-000904-Z000904-OC","2026-01-02T05:25:00.0000000",905,"2026-01-02T06:25:00.0000000",917,"Long",25630.75,25621.75,9.00,2,0.25,0.50,1,1,18.00,18.00,13.50,9.50,27.00,19.00,1.5,1.0556,True,True,False,False,False,12,"ObservationConfirm_WideStop1_5R",908,910,914,,,,True,False,False,25,45,9.50,"Zone",0,"Catastrophic","ResearchWindowEnd",0,0,1.0556,False,"","",,,"",0,0,0,0,0,0,0,"Catastrophic","ResearchOHLC",False,True,False,"ResearchOnlyMode",0,0,1
"OPF-20260725-151004","OPF_0.1","OPF_RESEARCH_2.15","MNQ_0.1","MNQ_1Contract_Target150_200","OPF_PROFILE_0.1","20260102-0520-BULL-OBS-000904-Z000904-OC","2026-01-02T05:25:00.0000000",905,"2026-01-02T06:25:00.0000000",917,"Long",25630.75,25624.75,6.00,2,0.25,0.50,1,1,12.00,12.00,13.50,9.50,27.00,19.00,2.25,1.5833,True,True,True,False,False,12,"ObservationConfirm",908,910,910,910,,,True,False,False,25,45,9.50,"Zone",0,"Catastrophic","ResearchWindowEnd",-4.0554,-405.56,1.5833,True,"20260102-0525-Long-905","2026-01-02T05:35:00.0000000",907,25624.916666666666666666666667,"SL",-6.083333333333333333333333,-36.50,-0.9733,1.50,6.083333333333333333333333,0.24,0.9733,"Catastrophic","ActualTrade",False,True,False,"ResearchOnlyMode",0,0,1
"OPF-20260725-151004","OPF_0.1","OPF_RESEARCH_2.15","MNQ_0.1","MNQ_1Contract_Target150_200","OPF_PROFILE_0.1","20260102-0530-BULL-OBS-000906-Z000904","2026-01-02T05:30:00.0000000",906,"2026-01-02T06:30:00.0000000",918,"Long",25629.00,25624.75,4.25,2,0.25,0.50,1,1,8.50,8.50,15.25,7.75,30.50,15.50,3.5882,1.8235,True,True,True,True,True,12,"UnknownRegimeZoneTouch",908,910,910,910,910,910,True,False,False,20,40,7.75,"Zone",0,"Catastrophic","ResearchWindowEnd",0,0,1.8235,False,"","",,,"",0,0,0,0,0,0,0,"Catastrophic","ResearchOHLC",False,True,False,"ResearchOnlyMode",0,0,1
"OPF-20260725-151004","OPF_0.1","OPF_RESEARCH_2.15","MNQ_0.1","MNQ_1Contract_Target150_200","OPF_PROFILE_0.1","20260102-0530-BULL-OBS-000906-Z000904-FR","2026-01-02T05:40:00.0000000",908,"2026-01-02T06:40:00.0000000",920,"Short",25622.75,25628.37,5.62,2,0.25,0.50,1,1,11.24,11.24,0,27.25,0,54.50,0,4.8488,False,False,False,False,False,12,"FailureReverse_ObservationInvalidated_WideStop1_5R",909,,,,,,True,False,False,,,27.25,"Zone",0,"Catastrophic","ResearchWindowEnd",0,0,4.8488,False,"","",,,"",0,0,0,0,0,0,0,"Catastrophic","ResearchOHLC",False,True,False,"ResearchOnlyMode",0,0,1
"OPF-20260725-151004","OPF_0.1","OPF_RESEARCH_2.15","MNQ_0.1","MNQ_1Contract_Target150_200","OPF_PROFILE_0.1","20260102-0530-BULL-OBS-000906-Z000904-FR","2026-01-02T05:40:00.0000000",908,"2026-01-02T06:40:00.0000000",920,"Short",25622.75,25626.50,3.75,2,0.25,0.50,1,1,7.50,7.50,0,27.25,0,54.50,0,7.2667,False,False,False,False,False,12,"FailureReverse_ObservationInvalidated",909,,,,,,True,False,False,,,27.25,"Zone",0,"Catastrophic","ResearchWindowEnd",0,0,7.2667,False,"","",,,"",0,0,0,0,0,0,0,"Catastrophic","ResearchOHLC",False,True,False,"ResearchOnlyMode",0,0,1
"OPF-20260725-151004","OPF_0.1","OPF_RESEARCH_2.15","MNQ_0.1","MNQ_1Contract_Target150_200","OPF_PROFILE_0.1","20260102-0550-BULL-OBS-000910-Z000910","2026-01-02T05:50:00.0000000",910,"2026-01-02T06:50:00.0000000",922,"Long",25636.00,25626.50,9.50,2,0.25,0.50,1,1,19.00,19.00,14.00,2.00,28.00,4.00,1.4737,0.2105,True,False,False,False,False,12,"ZoneBirthResearch",,920,,,,,False,False,False,50,50,2.00,"Zone",0,"Good","ResearchWindowEnd",0,0,0.2105,False,"","",,,"",0,0,0,0,0,0,0,"Good","ResearchOHLC",False,True,False,"ResearchOnlyMode",0,0,1
"OPF-20260725-151004","OPF_0.1","OPF_RESEARCH_2.15","MNQ_0.1","MNQ_1Contract_Target150_200","OPF_PROFILE_0.1","20260102-0555-BULL-OBS-000911-Z000911","2026-01-02T05:55:00.0000000",911,"2026-01-02T06:55:00.0000000",923,"Long",25638.75,25631.25,7.50,2,0.25,0.50,1,1,15.00,15.00,11.25,4.75,22.50,9.50,1.5,0.6333,True,True,False,False,False,12,"ZoneBirthResearch",,920,920,,,,False,False,False,45,45,4.75,"Zone",0,"Good","ResearchWindowEnd",0,0,0.6333,False,"","",,,"",0,0,0,0,0,0,0,"Good","ResearchOHLC",False,True,False,"ResearchOnlyMode",0,0,1
"OPF-20260725-151004","OPF_0.1","OPF_RESEARCH_2.15","MNQ_0.1","MNQ_1Contract_Target150_200","OPF_PROFILE_0.1","20260102-0550-BULL-OBS-000910-Z000910-OC-STR","2026-01-02T05:55:00.0000000",911,"2026-01-02T06:55:00.0000000",923,"Long",25638.75,25620.37,18.38,2,0.25,0.50,1,1,36.76,36.76,11.25,4.75,22.50,9.50,0.6121,0.2584,False,False,False,False,False,12,"ObservationStrict_BullFresh_WideStop1_5R",,,,,,,False,False,False,,45,4.75,"Zone",0,"Scratch","ResearchWindowEnd",0,0,0.2584,False,"","",,,"",0,0,0,0,0,0,0,"Scratch","ResearchOHLC",False,True,False,"ResearchOnlyMode",0,0,1
"OPF-20260725-151004","OPF_0.1","OPF_RESEARCH_2.15","MNQ_0.1","MNQ_1Contract_Target150_200","OPF_PROFILE_0.1","20260102-0550-BULL-OBS-000910-Z000910-OC-STR","2026-01-02T05:55:00.0000000",911,"2026-01-02T06:55:00.0000000",923,"Long",25638.75,25626.50,12.25,2,0.25,0.50,1,1,24.50,24.50,11.25,4.75,22.50,9.50,0.9184,0.3878,False,False,False,False,False,12,"ObservationStrict_BullFresh",,,,,,,False,False,False,,45,4.75,"Zone",0,"Scratch","ResearchWindowEnd",0,0,0.3878,False,"","",,,"",0,0,0,0,0,0,0,"Scratch","ResearchOHLC",False,True,False,"ResearchOnlyMode",0,0,1
"OPF-20260725-151004","OPF_0.1","OPF_RESEARCH_2.15","MNQ_0.1","MNQ_1Contract_Target150_200","OPF_PROFILE_0.1","20260102-0550-BULL-OBS-000910-Z000910-OC","2026-01-02T05:55:00.0000000",911,"2026-01-02T06:55:00.0000000",923,"Long",25638.75,25620.37,18.38,2,0.25,0.50,1,1,36.76,36.76,11.25,4.75,22.50,9.50,0.6121,0.2584,False,False,False,False,False,12,"ObservationConfirm_WideStop1_5R",,,,,,,False,False,False,,45,4.75,"Zone",0,"Scratch","ResearchWindowEnd",0,0,0.2584,False,"","",,,"",0,0,0,0,0,0,0,"Scratch","ResearchOHLC",False,True,False,"ResearchOnlyMode",0,0,1
"OPF-20260725-151004","OPF_0.1","OPF_RESEARCH_2.15","MNQ_0.1","MNQ_1Contract_Target150_200","OPF_PROFILE_0.1","20260102-0550-BULL-OBS-000910-Z000910-OC","2026-01-02T05:55:00.0000000",911,"2026-01-02T06:55:00.0000000",923,"Long",25638.75,25626.50,12.25,2,0.25,0.50,1,1,24.50,24.50,11.25,4.75,22.50,9.50,0.9184,0.3878,False,False,False,False,False,12,"ObservationConfirm",,,,,,,False,False,False,,45,4.75,"Zone",0,"Scratch","ResearchWindowEnd",0,0,0.3878,False,"","",,,"",0,0,0,0,0,0,0,"Scratch","ResearchOHLC",False,True,False,"ResearchOnlyMode",0,0,1
"OPF-20260725-151004","OPF_0.1","OPF_RESEARCH_2.15","MNQ_0.1","MNQ_1Contract_Target150_200","OPF_PROFILE_0.1","20260102-0600-BULL-OBS-000912-Z000911","2026-01-02T06:00:00.0000000",912,"2026-01-02T07:00:00.0000000",924,"Long",25640.50,25631.25,9.25,2,0.25,0.50,1,1,18.50,18.50,9.50,6.50,19.00,13.00,1.0270,0.7027,True,False,False,False,False,12,"UnknownRegimeZoneTouch",,920,,,,,False,False,False,40,40,6.50,"Zone",0,"Good","ResearchWindowEnd",0,0,0.7027,False,"","",,,"",0,0,0,0,0,0,0,"Good","ResearchOHLC",False,True,False,"ResearchOnlyMode",0,0,1
"OPF-20260725-151004","OPF_0.1","OPF_RESEARCH_2.15","MNQ_0.1","MNQ_1Contract_Target150_200","OPF_PROFILE_0.1","20260102-0555-BULL-OBS-000911-Z000911-OC","2026-01-02T06:00:00.0000000",912,"2026-01-02T07:00:00.0000000",924,"Long",25640.50,25626.62,13.88,2,0.25,0.50,1,1,27.76,27.76,9.50,6.50,19.00,13.00,0.6844,0.4683,False,False,False,False,False,12,"ObservationConfirm_WideStop1_5R",,,,,,,False,False,False,,40,6.50,"Zone",0,"Scratch","ResearchWindowEnd",0,0,0.4683,False,"","",,,"",0,0,0,0,0,0,0,"Scratch","ResearchOHLC",False,True,False,"ResearchOnlyMode",0,0,1
"OPF-20260725-151004","OPF_0.1","OPF_RESEARCH_2.15","MNQ_0.1","MNQ_1Contract_Target150_200","OPF_PROFILE_0.1","20260102-0555-BULL-OBS-000911-Z000911-OC","2026-01-02T06:00:00.0000000",912,"2026-01-02T07:00:00.0000000",924,"Long",25640.50,25631.25,9.25,2,0.25,0.50,1,1,18.50,18.50,9.50,6.50,19.00,13.00,1.0270,0.7027,True,False,False,False,False,12,"ObservationConfirm",,920,,,,,False,False,False,40,40,6.50,"Zone",0,"Good","ResearchWindowEnd",-0.4224,-42.24,0.7027,True,"20260102-0600-Long-912","2026-01-02T06:55:00.0000000",923,25636.25,"TIME_STOP",-4.083333333333333333333333,-24.50,-0.4495,9.666666666666666666666667,6.333333333333333333333333,1.0642,0.6972,"Poor","ActualTrade",False,True,False,"ResearchOnlyMode",0,0,1
"OPF-20260725-151004","OPF_0.1","OPF_RESEARCH_2.15","MNQ_0.1","MNQ_1Contract_Target150_200","OPF_PROFILE_0.1","20260102-0600-BULL-OBS-000912-Z000911-OC-STR","2026-01-02T06:05:00.0000000",913,"2026-01-02T07:05:00.0000000",925,"Long",25642.25,25625.75,16.50,2,0.25,0.50,1,1,33.00,33.00,7.75,8.25,15.50,16.50,0.4697,0.5,False,False,False,False,False,12,"ObservationStrict_Other_WideStop1_5R",,,,,,,False,False,False,,35,8.25,"Zone",0,"Poor","ResearchWindowEnd",0,0,0.5,False,"","",,,"",0,0,0,0,0,0,0,"Poor","ResearchOHLC",False,True,False,"ResearchOnlyMode",0,0,1
"OPF-20260725-151004","OPF_0.1","OPF_RESEARCH_2.15","MNQ_0.1","MNQ_1Contract_Target150_200","OPF_PROFILE_0.1","20260102-0600-BULL-OBS-000912-Z000911-OC-STR","2026-01-02T06:05:00.0000000",913,"2026-01-02T07:05:00.0000000",925,"Long",25642.25,25631.25,11.00,2,0.25,0.50,1,1,22.00,22.00,7.75,8.25,15.50,16.50,0.7045,0.75,False,False,False,False,False,12,"ObservationStrict_Other",,,,,,,False,False,False,,35,8.25,"Zone",0,"Scratch","ResearchWindowEnd",0,0,0.75,False,"","",,,"",0,0,0,0,0,0,0,"Scratch","ResearchOHLC",False,True,False,"ResearchOnlyMode",0,0,1
"OPF-20260725-151004","OPF_0.1","OPF_RESEARCH_2.15","MNQ_0.1","MNQ_1Contract_Target150_200","OPF_PROFILE_0.1","20260102-0600-BULL-OBS-000912-Z000911-OC","2026-01-02T06:05:00.0000000",913,"2026-01-02T07:05:00.0000000",925,"Long",25642.25,25625.75,16.50,2,0.25,0.50,1,1,33.00,33.00,7.75,8.25,15.50,16.50,0.4697,0.5,False,False,False,False,False,12,"ObservationConfirm_WideStop1_5R",,,,,,,False,False,False,,35,8.25,"Zone",0,"Poor","ResearchWindowEnd",0,0,0.5,False,"","",,,"",0,0,0,0,0,0,0,"Poor","ResearchOHLC",False,True,False,"ResearchOnlyMode",0,0,1
"OPF-20260725-151004","OPF_0.1","OPF_RESEARCH_2.15","MNQ_0.1","MNQ_1Contract_Target150_200","OPF_PROFILE_0.1","20260102-0600-BULL-OBS-000912-Z000911-OC","2026-01-02T06:05:00.0000000",913,"2026-01-02T07:10:00.0000000",926,"Long",25642.25,25631.25,11.00,2,0.25,0.50,1,1,22.00,22.00,7.75,10.50,15.50,21.00,0.7045,0.9545,False,False,False,False,False,13,"ObservationConfirm",,,,,,,False,False,False,,35,10.50,"Zone",0,"Scratch","ActualExit:SL",-1.1923,-119.23,0.9545,True,"20260102-0605-Long-913-S2","2026-01-02T07:10:00.0000000",926,25631.00,"SL",-10.333333333333333333333333,-62.00,-1.0248,8.666666666666666666666667,10.333333333333333333333333,0.8595,1.0248,"Catastrophic","ActualTrade",False,True,False,"ResearchOnlyMode",0,0,1
"OPF-20260725-151004","OPF_0.1","OPF_RESEARCH_2.15","MNQ_0.1","MNQ_1Contract_Target150_200","OPF_PROFILE_0.1","20260102-0630-BEAR-OBS-000918-Z000918","2026-01-02T06:30:00.0000000",918,"2026-01-02T07:30:00.0000000",930,"Short",25637.75,25641.25,3.50,2,0.25,0.50,1,1,7.00,7.00,14.00,12.25,28.00,24.50,4,3.5,True,True,True,True,True,12,"ZoneBirthResearch",919,926,926,927,927,927,True,False,False,40,50,12.25,"Zone",0,"Catastrophic","ResearchWindowEnd",0,0,3.5,False,"","",,,"",0,0,0,0,0,0,0,"Catastrophic","ResearchOHLC",False,True,False,"ResearchOnlyMode",0,0,1
"OPF-20260725-151004","OPF_0.1","OPF_RESEARCH_2.15","MNQ_0.1","MNQ_1Contract_Target150_200","OPF_PROFILE_0.1","20260102-0635-BEAR-OBS-000919-Z000918","2026-01-02T06:35:00.0000000",919,"2026-01-02T07:35:00.0000000",931,"Short",25639.75,25641.25,1.50,2,0.25,0.50,1,1,3.00,3.00,16.00,10.25,32.00,20.50,10.6667,6.8333,True,True,True,True,True,12,"UnknownRegimeZoneTouch",920,921,921,921,921,921,True,False,False,10,45,10.25,"Zone",0,"Catastrophic","ResearchWindowEnd",0,0,6.8333,False,"","",,,"",0,0,0,0,0,0,0,"Catastrophic","ResearchOHLC",False,True,False,"ResearchOnlyMode",0,0,1
"OPF-20260725-151004","OPF_0.1","OPF_RESEARCH_2.15","MNQ_0.1","MNQ_1Contract_Target150_200","OPF_PROFILE_0.1","20260102-0630-BEAR-OBS-000918-Z000918-OC","2026-01-02T06:35:00.0000000",919,"2026-01-02T07:35:00.0000000",931,"Short",25639.75,25642.00,2.25,2,0.25,0.50,1,1,4.50,4.50,16.00,10.25,32.00,20.50,7.1111,4.5556,True,True,True,True,True,12,"ObservationConfirm_WideStop1_5R",920,921,921,921,926,926,True,False,False,10,45,10.25,"Zone",0,"Catastrophic","ResearchWindowEnd",0,0,4.5556,False,"","",,,"",0,0,0,0,0,0,0,"Catastrophic","ResearchOHLC",False,True,False,"ResearchOnlyMode",0,0,1
"OPF-20260725-151004","OPF_0.1","OPF_RESEARCH_2.15","MNQ_0.1","MNQ_1Contract_Target150_200","OPF_PROFILE_0.1","20260102-0630-BEAR-OBS-000918-Z000918-OC","2026-01-02T06:35:00.0000000",919,"2026-01-02T07:35:00.0000000",931,"Short",25639.75,25641.25,1.50,2,0.25,0.50,1,1,3.00,3.00,16.00,10.25,32.00,20.50,10.6667,6.8333,True,True,True,True,True,12,"ObservationConfirm",920,921,921,921,921,921,True,False,False,10,45,10.25,"Zone",0,"Catastrophic","ResearchWindowEnd",0,0,6.8333,False,"","",,,"",0,0,0,0,0,0,0,"Catastrophic","ResearchOHLC",False,True,False,"ResearchOnlyMode",0,0,1
"OPF-20260725-151004","OPF_0.1","OPF_RESEARCH_2.15","MNQ_0.1","MNQ_1Contract_Target150_200","OPF_PROFILE_0.1","20260102-0635-BEAR-OBS-000919-Z000918-FR-LQ","2026-01-02T06:40:00.0000000",920,"2026-01-02T07:40:00.0000000",932,"Long",25646.25,25639.50,6.75,2,0.25,0.50,1,1,13.50,13.50,2.75,22.50,5.50,45.00,0.4074,3.3333,False,False,False,False,False,12,"FailureReverse_LongQualified",921,,,,,,True,False,False,,5,22.50,"Zone",0,"Catastrophic","ResearchWindowEnd",0,0,3.3333,False,"","",,,"",0,0,0,0,0,0,0,"Catastrophic","ResearchOHLC",False,True,False,"ResearchOnlyMode",0,0,1
"OPF-20260725-151004","OPF_0.1","OPF_RESEARCH_2.15","MNQ_0.1","MNQ_1Contract_Target150_200","OPF_PROFILE_0.1","20260102-0635-BEAR-OBS-000919-Z000918-FR","2026-01-02T06:40:00.0000000",920,"2026-01-02T07:40:00.0000000",932,"Long",25646.25,25636.13,10.12,2,0.25,0.50,1,1,20.24,20.24,2.75,22.50,5.50,45.00,0.2717,2.2233,False,False,False,False,False,12,"FailureReverse_ObservationInvalidated_WideStop1_5R",921,,,,,,True,False,False,,5,22.50,"Zone",0,"Catastrophic","ResearchWindowEnd",0,0,2.2233,False,"","",,,"",0,0,0,0,0,0,0,"Catastrophic","ResearchOHLC",False,True,False,"ResearchOnlyMode",0,0,1
"OPF-20260725-151004","OPF_0.1","OPF_RESEARCH_2.15","MNQ_0.1","MNQ_1Contract_Target150_200","OPF_PROFILE_0.1","20260102-0635-BEAR-OBS-000919-Z000918-FR","2026-01-02T06:40:00.0000000",920,"2026-01-02T07:40:00.0000000",932,"Long",25646.25,25639.50,6.75,2,0.25,0.50,1,1,13.50,13.50,2.75,22.50,5.50,45.00,0.4074,3.3333,False,False,False,False,False,12,"FailureReverse_ObservationInvalidated",921,,,,,,True,False,False,,5,22.50,"Zone",0,"Catastrophic","ResearchWindowEnd",0,0,3.3333,False,"","",,,"",0,0,0,0,0,0,0,"Catastrophic","ResearchOHLC",False,True,False,"ResearchOnlyMode",0,0,1
"OPF-20260725-151004","OPF_0.1","OPF_RESEARCH_2.15","MNQ_0.1","MNQ_1Contract_Target150_200","OPF_PROFILE_0.1","20260102-0715-BEAR-OBS-000927-Z000927","2026-01-02T07:15:00.0000000",927,"2026-01-02T08:15:00.0000000",939,"Short",25626.75,25636.00,9.25,2,0.25,0.50,1,1,18.50,18.50,3.00,66.50,6.00,133.00,0.3243,7.1892,False,False,False,False,False,12,"ZoneBirthResearch",928,,,,,,True,False,False,,5,66.50,"Zone",0,"Catastrophic","ResearchWindowEnd",0,0,7.1892,False,"","",,,"",0,0,0,0,0,0,0,"Catastrophic","ResearchOHLC",False,True,False,"ResearchOnlyMode",0,0,1
"OPF-20260725-151004","OPF_0.1","OPF_RESEARCH_2.15","MNQ_0.1","MNQ_1Contract_Target150_200","OPF_PROFILE_0.1","20260102-0715-BEAR-OBS-000927-Z000927-FR","2026-01-02T07:20:00.0000000",928,"2026-01-02T08:20:00.0000000",940,"Long",25636.25,25632.50,3.75,2,0.25,0.50,1,1,7.50,7.50,64.75,9.25,129.50,18.50,17.2667,2.4667,True,True,True,True,True,12,"FailureReverse_ObservationInvalidated_WideStop1_5R",933,929,929,932,936,936,False,False,False,5,60,3.25,"Zone",0,"Excellent","ResearchWindowEnd",0,0,0.8667,False,"","",,,"",0,0,0,0,0,0,0,"Excellent","ResearchOHLC",False,True,False,"ResearchOnlyMode",0,0,1
"OPF-20260725-151004","OPF_0.1","OPF_RESEARCH_2.15","MNQ_0.1","MNQ_1Contract_Target150_200","OPF_PROFILE_0.1","20260102-0715-BEAR-OBS-000927-Z000927-FR","2026-01-02T07:20:00.0000000",928,"2026-01-02T08:20:00.0000000",940,"Long",25636.25,25633.75,2.50,2,0.25,0.50,1,1,5.00,5.00,64.75,9.25,129.50,18.50,25.9,3.7,True,True,True,True,True,12,"FailureReverse_ObservationInvalidated",929,929,929,929,929,932,True,True,True,5,60,3.25,"Zone",0,"Catastrophic","ResearchWindowEnd",0,0,1.3,False,"","",,,"",0,0,0,0,0,0,0,"Catastrophic","ResearchOHLC",False,True,False,"ResearchOnlyMode",0,0,1
"OPF-20260725-151004","OPF_0.1","OPF_RESEARCH_2.15","MNQ_0.1","MNQ_1Contract_Target150_200","OPF_PROFILE_0.1","20260102-0715-BEAR-OBS-000927-Z000927-FR-AEW1","2026-01-02T07:25:00.0000000",929,"2026-01-02T08:25:00.0000000",941,"Long",25637.75,25632.50,5.25,2,0.25,0.50,1,1,10.50,10.50,63.25,10.75,126.50,21.50,12.0476,2.0476,True,True,True,True,True,12,"FailureReverse_ObservationInvalidated",933,932,936,936,936,936,False,False,False,15,55,3.25,"Zone",0,"Excellent","ResearchWindowEnd",0,0,0.6190,False,"","",,,"",0,0,0,0,0,0,0,"Excellent","ResearchOHLC",False,True,False,"ResearchOnlyMode",0,0,1
"OPF-20260725-151004","OPF_0.1","OPF_RESEARCH_2.15","MNQ_0.1","MNQ_1Contract_Target150_200","OPF_PROFILE_0.1","20260102-0715-BEAR-OBS-000927-Z000927-FR-AEW1","2026-01-02T07:25:00.0000000",929,"2026-01-02T08:25:00.0000000",941,"Long",25637.75,25629.87,7.88,2,0.25,0.50,1,1,15.76,15.76,63.25,10.75,126.50,21.50,8.0266,1.3642,True,True,True,True,True,12,"FailureReverse_ObservationInvalidated_WideStop1_5R",933,936,936,936,937,937,True,False,False,35,55,10.75,"Zone",0,"Catastrophic","ResearchWindowEnd",0,0,1.3642,False,"","",,,"",0,0,0,0,0,0,0,"Catastrophic","ResearchOHLC",False,True,False,"ResearchOnlyMode",0,0,1
"OPF-20260725-151004","OPF_0.1","OPF_RESEARCH_2.15","MNQ_0.1","MNQ_1Contract_Target150_200","OPF_PROFILE_0.1","20260102-0715-BEAR-OBS-000927-Z000927-FR-RT","2026-01-02T07:35:00.0000000",931,"2026-01-02T08:35:00.0000000",943,"Long",25640.00,25630.62,9.38,2,0.25,0.50,1,1,18.76,18.76,61.00,13.00,122.00,26.00,6.5032,1.3859,True,True,True,True,True,12,"FailureReverse_RetestFailed_WideStop1_5R",933,936,936,937,937,938,True,False,False,25,45,13.00,"Zone",0,"Catastrophic","ResearchWindowEnd",0,0,1.3859,False,"","",,,"",0,0,0,0,0,0,0,"Catastrophic","ResearchOHLC",False,True,False,"ResearchOnlyMode",0,0,1
"OPF-20260725-151004","OPF_0.1","OPF_RESEARCH_2.15","MNQ_0.1","MNQ_1Contract_Target150_200","OPF_PROFILE_0.1","20260102-0715-BEAR-OBS-000927-Z000927-FR-RT","2026-01-02T07:35:00.0000000",931,"2026-01-02T08:35:00.0000000",943,"Long",25640.00,25633.75,6.25,2,0.25,0.50,1,1,12.50,12.50,61.00,13.00,122.00,26.00,9.76,2.08,True,True,True,True,True,12,"FailureReverse_RetestFailed",933,936,936,936,936,937,True,False,False,25,45,13.00,"Zone",0,"Catastrophic","ResearchWindowEnd",0,0,2.08,False,"","",,,"",0,0,0,0,0,0,0,"Catastrophic","ResearchOHLC",False,True,False,"ResearchOnlyMode",0,0,1
"OPF-20260725-151004","OPF_0.1","OPF_RESEARCH_2.15","MNQ_0.1","MNQ_1Contract_Target150_200","OPF_PROFILE_0.1","20260102-0750-BEAR-OBS-000934-Z000934","2026-01-02T07:50:00.0000000",934,"2026-01-02T08:50:00.0000000",946,"Short",25630.50,25639.00,8.50,2,0.25,0.50,1,1,17.00,17.00,0,87.75,0,175.50,0,10.3235,False,False,False,False,False,12,"ZoneBirthResearch",935,,,,,,True,False,False,,,87.75,"Zone",0,"Catastrophic","ResearchWindowEnd",0,0,10.3235,False,"","",,,"",0,0,0,0,0,0,0,"Catastrophic","ResearchOHLC",False,True,False,"ResearchOnlyMode",0,0,1
"OPF-20260725-151004","OPF_0.1","OPF_RESEARCH_2.15","MNQ_0.1","MNQ_1Contract_Target150_200","OPF_PROFILE_0.1","20260102-0755-BEAR-OBS-000935-Z000934","2026-01-02T07:55:00.0000000",935,"2026-01-02T08:55:00.0000000",947,"Short",25637.50,25639.00,1.50,2,0.25,0.50,1,1,3.00,3.00,0.75,80.75,1.50,161.50,0.5,53.8333,False,False,False,False,False,12,"UnknownRegimeZoneTouch",936,,,,,,True,False,False,,5,80.75,"Zone",0,"Catastrophic","ResearchWindowEnd",0,0,53.8333,False,"","",,,"",0,0,0,0,0,0,0,"Catastrophic","ResearchOHLC",False,True,False,"ResearchOnlyMode",0,0,1
"OPF-20260725-151004","OPF_0.1","OPF_RESEARCH_2.15","MNQ_0.1","MNQ_1Contract_Target150_200","OPF_PROFILE_0.1","20260102-0800-BULL-OBS-000936-Z000936","2026-01-02T08:00:00.0000000",936,"2026-01-02T09:00:00.0000000",948,"Long",25650.25,25632.25,18.00,2,0.25,0.50,1,1,36.00,36.00,75.75,0,151.50,0,4.2083,0,True,True,True,True,True,12,"ZoneBirthResearch",,938,938,938,940,945,False,False,False,10,60,0,"Zone",0,"Excellent","ResearchWindowEnd",0,0,0,False,"","",,,"",0,0,0,0,0,0,0,"Excellent","ResearchOHLC",False,True,False,"ResearchOnlyMode",0,0,1
"OPF-20260725-151004","OPF_0.1","OPF_RESEARCH_2.15","MNQ_0.1","MNQ_1Contract_Target150_200","OPF_PROFILE_0.1","20260102-0800-BULL-BRK-000936-Z000936","2026-01-02T08:00:00.0000000",936,"2026-01-02T09:00:00.0000000",948,"Long",25650.25,25632.25,18.00,2,0.25,0.50,1,1,36.00,36.00,75.75,0,151.50,0,4.2083,0,True,True,True,True,True,12,"BreakawayFvg",,938,938,938,940,945,False,False,False,10,60,0,"Zone",0,"Excellent","ResearchWindowEnd",0,0,0,False,"","",,,"",0,0,0,0,0,0,0,"Excellent","ResearchOHLC",False,True,False,"ResearchOnlyMode",0,0,1
"OPF-20260725-151004","OPF_0.1","OPF_RESEARCH_2.15","MNQ_0.1","MNQ_1Contract_Target150_200","OPF_PROFILE_0.1","20260102-0750-BEAR-OBS-000934-Z000934-FR","2026-01-02T08:00:00.0000000",936,"2026-01-02T09:00:00.0000000",948,"Long",25650.25,25623.25,27.00,2,0.25,0.50,1,1,54.00,54.00,75.75,0,151.50,0,2.8056,0,True,True,True,True,False,12,"FailureReverse_ObservationInvalidated_WideStop1_5R",,938,938,945,946,,False,False,False,10,60,0,"Zone",0,"Excellent","ResearchWindowEnd",0,0,0,False,"","",,,"",0,0,0,0,0,0,0,"Excellent","ResearchOHLC",False,True,False,"ResearchOnlyMode",0,0,1
"OPF-20260725-151004","OPF_0.1","OPF_RESEARCH_2.15","MNQ_0.1","MNQ_1Contract_Target150_200","OPF_PROFILE_0.1","20260102-0750-BEAR-OBS-000934-Z000934-FR","2026-01-02T08:00:00.0000000",936,"2026-01-02T09:00:00.0000000",948,"Long",25650.25,25632.25,18.00,2,0.25,0.50,1,1,36.00,36.00,75.75,0,151.50,0,4.2083,0,True,True,True,True,True,12,"FailureReverse_ObservationInvalidated",,938,938,938,940,945,False,False,False,10,60,0,"Zone",0,"Excellent","ResearchWindowEnd",0,0,0,False,"","",,,"",0,0,0,0,0,0,0,"Excellent","ResearchOHLC",False,True,False,"ResearchOnlyMode",0,0,1
"OPF-20260725-151004","OPF_0.1","OPF_RESEARCH_2.15","MNQ_0.1","MNQ_1Contract_Target150_200","OPF_PROFILE_0.1","20260102-0755-BEAR-OBS-000935-Z000934-FR","2026-01-02T08:00:00.0000000",936,"2026-01-02T09:00:00.0000000",948,"Long",25650.25,25623.25,27.00,2,0.25,0.50,1,1,54.00,54.00,75.75,0,151.50,0,2.8056,0,True,True,True,True,False,12,"FailureReverse_ObservationInvalidated_WideStop1_5R",,938,938,945,946,,False,False,False,10,60,0,"Zone",0,"Excellent","ResearchWindowEnd",0,0,0,False,"","",,,"",0,0,0,0,0,0,0,"Excellent","ResearchOHLC",False,True,False,"ResearchOnlyMode",0,0,1
"OPF-20260725-151004","OPF_0.1","OPF_RESEARCH_2.15","MNQ_0.1","MNQ_1Contract_Target150_200","OPF_PROFILE_0.1","20260102-0755-BEAR-OBS-000935-Z000934-FR","2026-01-02T08:00:00.0000000",936,"2026-01-02T09:00:00.0000000",948,"Long",25650.25,25632.25,18.00,2,0.25,0.50,1,1,36.00,36.00,75.75,0,151.50,0,4.2083,0,True,True,True,True,True,12,"FailureReverse_ObservationInvalidated",,938,938,938,940,945,False,False,False,10,60,0,"Zone",0,"Excellent","ResearchWindowEnd",0,0,0,False,"","",,,"",0,0,0,0,0,0,0,"Excellent","ResearchOHLC",False,True,False,"ResearchOnlyMode",0,0,1
"OPF-20260725-151004","OPF_0.1","OPF_RESEARCH_2.15","MNQ_0.1","MNQ_1Contract_Target150_200","OPF_PROFILE_0.1","20260102-0805-BULL-OBS-000937-Z000937","2026-01-02T08:05:00.0000000",937,"2026-01-02T09:05:00.0000000",949,"Long",25662.25,25643.00,19.25,2,0.25,0.50,1,1,38.50,38.50,65.75,1.50,131.50,3.00,3.4156,0.0779,True,True,True,True,True,12,"ZoneBirthResearch",,938,938,940,946,948,False,False,False,5,60,1.50,"Zone",0,"Excellent","ResearchWindowEnd",0,0,0.0779,False,"","",,,"",0,0,0,0,0,0,0,"Excellent","ResearchOHLC",False,True,False,"ResearchOnlyMode",0,0,1
"OPF-20260725-151004","OPF_0.1","OPF_RESEARCH_2.15","MNQ_0.1","MNQ_1Contract_Target150_200","OPF_PROFILE_0.1","20260102-0800-BULL-OBS-000936-Z000936-OC-STR","2026-01-02T08:05:00.0000000",937,"2026-01-02T09:05:00.0000000",949,"Long",25662.25,25617.25,45.00,2,0.25,0.50,1,1,90.00,90.00,65.75,1.50,131.50,3.00,1.4611,0.0333,True,False,False,False,False,12,"ObservationStrict_BullFresh_WideStop1_5R",,946,,,,,False,False,False,45,60,1.50,"Zone",0,"Good","ResearchWindowEnd",0,0,0.0333,False,"","",,,"",0,0,0,0,0,0,0,"Good","ResearchOHLC",False,True,False,"ResearchOnlyMode",0,0,1
"OPF-20260725-151004","OPF_0.1","OPF_RESEARCH_2.15","MNQ_0.1","MNQ_1Contract_Target150_200","OPF_PROFILE_0.1","20260102-0800-BULL-OBS-000936-Z000936-OC-STR","2026-01-02T08:05:00.0000000",937,"2026-01-02T09:05:00.0000000",949,"Long",25662.25,25632.25,30.00,2,0.25,0.50,1,1,60.00,60.00,65.75,1.50,131.50,3.00,2.1917,0.05,True,True,True,False,False,12,"ObservationStrict_BullFresh",,938,946,948,,,False,False,False,5,60,1.50,"Zone",0,"Excellent","ResearchWindowEnd",0,0,0.05,False,"","",,,"",0,0,0,0,0,0,0,"Excellent","ResearchOHLC",False,True,False,"ResearchOnlyMode",0,0,1
"OPF-20260725-151004","OPF_0.1","OPF_RESEARCH_2.15","MNQ_0.1","MNQ_1Contract_Target150_200","OPF_PROFILE_0.1","20260102-0800-BULL-OBS-000936-Z000936-OC","2026-01-02T08:05:00.0000000",937,"2026-01-02T09:05:00.0000000",949,"Long",25662.25,25617.25,45.00,2,0.25,0.50,1,1,90.00,90.00,65.75,1.50,131.50,3.00,1.4611,0.0333,True,False,False,False,False,12,"ObservationConfirm_WideStop1_5R",,946,,,,,False,False,False,45,60,1.50,"Zone",0,"Good","ResearchWindowEnd",0,0,0.0333,False,"","",,,"",0,0,0,0,0,0,0,"Good","ResearchOHLC",False,True,False,"ResearchOnlyMode",0,0,1
"OPF-20260725-151004","OPF_0.1","OPF_RESEARCH_2.15","MNQ_0.1","MNQ_1Contract_Target150_200","OPF_PROFILE_0.1","20260102-0800-BULL-OBS-000936-Z000936-OC","2026-01-02T08:05:00.0000000",937,"2026-01-02T09:05:00.0000000",949,"Long",25662.25,25632.25,30.00,2,0.25,0.50,1,1,60.00,60.00,65.75,1.50,131.50,3.00,2.1917,0.05,True,True,True,False,False,12,"ObservationConfirm",,938,946,948,,,False,False,False,5,60,1.50,"Zone",0,"Excellent","ResearchWindowEnd",0,0,0.05,False,"","",,,"",0,0,0,0,0,0,0,"Excellent","ResearchOHLC",False,True,False,"ResearchOnlyMode",0,0,1
"OPF-20260725-151004","OPF_0.1","OPF_RESEARCH_2.15","MNQ_0.1","MNQ_1Contract_Target150_200","OPF_PROFILE_0.1","20260102-0810-BULL-OBS-000938-Z000938","2026-01-02T08:10:00.0000000",938,"2026-01-02T09:10:00.0000000",950,"Long",25688.75,25655.75,33.00,2,0.25,0.50,1,1,66.00,66.00,50.00,12.75,100.00,25.50,1.5152,0.3864,True,True,False,False,False,12,"ZoneBirthResearch",,948,950,,,,False,False,False,50,60,12.75,"Zone",0,"Good","ResearchWindowEnd",0,0,0.3864,False,"","",,,"",0,0,0,0,0,0,0,"Good","ResearchOHLC",False,True,False,"ResearchOnlyMode",0,0,1
"OPF-20260725-151004","OPF_0.1","OPF_RESEARCH_2.15","MNQ_0.1","MNQ_1Contract_Target150_200","OPF_PROFILE_0.1","20260102-0810-BULL-BRK-000938-Z000938","2026-01-02T08:10:00.0000000",938,"2026-01-02T09:10:00.0000000",950,"Long",25688.75,25655.75,33.00,2,0.25,0.50,1,1,66.00,66.00,50.00,12.75,100.00,25.50,1.5152,0.3864,True,True,False,False,False,12,"BreakawayFvg",,948,950,,,,False,False,False,50,60,12.75,"Zone",0,"Good","ResearchWindowEnd",0,0,0.3864,False,"","",,,"",0,0,0,0,0,0,0,"Good","ResearchOHLC",False,True,False,"ResearchOnlyMode",0,0,1
"OPF-20260725-151004","OPF_0.1","OPF_RESEARCH_2.15","MNQ_0.1","MNQ_1Contract_Target150_200","OPF_PROFILE_0.1","20260102-0805-BULL-OBS-000937-Z000937-OC","2026-01-02T08:10:00.0000000",938,"2026-01-02T09:10:00.0000000",950,"Long",25688.75,25620.13,68.62,2,0.25,0.50,1,1,137.24,137.24,50.00,12.75,100.00,25.50,0.7287,0.1858,False,False,False,False,False,12,"ObservationConfirm_WideStop1_5R",,,,,,,False,False,False,,60,12.75,"Zone",0,"Scratch","ResearchWindowEnd",0,0,0.1858,False,"","",,,"",0,0,0,0,0,0,0,"Scratch","ResearchOHLC",False,True,False,"ResearchOnlyMode",0,0,1
"OPF-20260725-151004","OPF_0.1","OPF_RESEARCH_2.15","MNQ_0.1","MNQ_1Contract_Target150_200","OPF_PROFILE_0.1","20260102-0805-BULL-OBS-000937-Z000937-OC","2026-01-02T08:10:00.0000000",938,"2026-01-02T09:10:00.0000000",950,"Long",25688.75,25643.00,45.75,2,0.25,0.50,1,1,91.50,91.50,50.00,12.75,100.00,25.50,1.0929,0.2787,True,False,False,False,False,12,"ObservationConfirm",,950,,,,,False,False,False,60,60,12.75,"Zone",0,"Good","ResearchWindowEnd",0,0,0.2787,False,"","",,,"",0,0,0,0,0,0,0,"Good","ResearchOHLC",False,True,False,"ResearchOnlyMode",0,0,1
"OPF-20260725-151004","OPF_0.1","OPF_RESEARCH_2.15","MNQ_0.1","MNQ_1Contract_Target150_200","OPF_PROFILE_0.1","20260102-0810-BULL-OBS-000938-Z000938-OC-STR","2026-01-02T08:15:00.0000000",939,"2026-01-02T09:15:00.0000000",951,"Long",25689.50,25638.88,50.62,2,0.25,0.50,1,1,101.24,101.24,49.25,13.50,98.50,27.00,0.9729,0.2667,False,False,False,False,False,12,"ObservationStrict_BullFresh_WideStop1_5R",,,,,,,False,False,False,,55,13.50,"Zone",0,"Scratch","ResearchWindowEnd",0,0,0.2667,False,"","",,,"",0,0,0,0,0,0,0,"Scratch","ResearchOHLC",False,True,False,"ResearchOnlyMode",0,0,1
"OPF-20260725-151004","OPF_0.1","OPF_RESEARCH_2.15","MNQ_0.1","MNQ_1Contract_Target150_200","OPF_PROFILE_0.1","20260102-0810-BULL-OBS-000938-Z000938-OC-STR","2026-01-02T08:15:00.0000000",939,"2026-01-02T09:15:00.0000000",951,"Long",25689.50,25655.75,33.75,2,0.25,0.50,1,1,67.50,67.50,49.25,13.50,98.50,27.00,1.4593,0.4,True,False,False,False,False,12,"ObservationStrict_BullFresh",,948,,,,,False,False,False,45,55,13.50,"Zone",0,"Good","ResearchWindowEnd",0,0,0.4,False,"","",,,"",0,0,0,0,0,0,0,"Good","ResearchOHLC",False,True,False,"ResearchOnlyMode",0,0,1
"OPF-20260725-151004","OPF_0.1","OPF_RESEARCH_2.15","MNQ_0.1","MNQ_1Contract_Target150_200","OPF_PROFILE_0.1","20260102-0810-BULL-OBS-000938-Z000938-OC","2026-01-02T08:15:00.0000000",939,"2026-01-02T09:15:00.0000000",951,"Long",25689.50,25638.88,50.62,2,0.25,0.50,1,1,101.24,101.24,49.25,13.50,98.50,27.00,0.9729,0.2667,False,False,False,False,False,12,"ObservationConfirm_WideStop1_5R",,,,,,,False,False,False,,55,13.50,"Zone",0,"Scratch","ResearchWindowEnd",0,0,0.2667,False,"","",,,"",0,0,0,0,0,0,0,"Scratch","ResearchOHLC",False,True,False,"ResearchOnlyMode",0,0,1
"OPF-20260725-151004","OPF_0.1","OPF_RESEARCH_2.15","MNQ_0.1","MNQ_1Contract_Target150_200","OPF_PROFILE_0.1","20260102-0810-BULL-OBS-000938-Z000938-OC","2026-01-02T08:15:00.0000000",939,"2026-01-02T09:15:00.0000000",951,"Long",25689.50,25655.75,33.75,2,0.25,0.50,1,1,67.50,67.50,49.25,13.50,98.50,27.00,1.4593,0.4,True,False,False,False,False,12,"ObservationConfirm",,948,,,,,False,False,False,45,55,13.50,"Zone",0,"Good","ResearchWindowEnd",0,0,0.4,False,"","",,,"",0,0,0,0,0,0,0,"Good","ResearchOHLC",False,True,False,"ResearchOnlyMode",0,0,1
"OPF-20260725-151004","OPF_0.1","OPF_RESEARCH_2.15","MNQ_0.1","MNQ_1Contract_Target150_200","OPF_PROFILE_0.1","20260102-0850-BULL-OBS-000946-Z000946","2026-01-02T08:50:00.0000000",946,"2026-01-02T09:50:00.0000000",958,"Long",25712.25,25695.25,17.00,2,0.25,0.50,1,1,34.00,34.00,26.50,7.50,53.00,15.00,1.5588,0.4412,True,True,False,False,False,12,"ZoneBirthResearch",,950,950,,,,False,False,False,20,20,7.50,"Zone",0,"Good","ResearchWindowEnd",0,0,0.4412,False,"","",,,"",0,0,0,0,0,0,0,"Good","ResearchOHLC",False,True,False,"ResearchOnlyMode",0,0,1
"OPF-20260725-151004","OPF_0.1","OPF_RESEARCH_2.15","MNQ_0.1","MNQ_1Contract_Target150_200","OPF_PROFILE_0.1","20260102-0850-BULL-BRK-000946-Z000946","2026-01-02T08:50:00.0000000",946,"2026-01-02T09:50:00.0000000",958,"Long",25712.25,25695.25,17.00,2,0.25,0.50,1,1,34.00,34.00,26.50,7.50,53.00,15.00,1.5588,0.4412,True,True,False,False,False,12,"BreakawayFvg",,950,950,,,,False,False,False,20,20,7.50,"Zone",0,"Good","ResearchWindowEnd",0,0,0.4412,False,"","",,,"",0,0,0,0,0,0,0,"Good","ResearchOHLC",False,True,False,"ResearchOnlyMode",0,0,1
"OPF-20260725-151004","OPF_0.1","OPF_RESEARCH_2.15","MNQ_0.1","MNQ_1Contract_Target150_200","OPF_PROFILE_0.1","20260102-0855-BULL-OBS-000947-Z000947","2026-01-02T08:55:00.0000000",947,"2026-01-02T09:55:00.0000000",959,"Long",25709.25,25703.75,5.50,2,0.25,0.50,1,1,11.00,11.00,29.50,4.50,59.00,9.00,5.3636,0.8182,True,True,True,True,True,12,"ZoneBirthResearch",,948,948,948,948,948,False,False,False,5,15,4.50,"Zone",0,"Excellent","ResearchWindowEnd",0,0,0.8182,False,"","",,,"",0,0,0,0,0,0,0,"Excellent","ResearchOHLC",False,True,False,"ResearchOnlyMode",0,0,1
"OPF-20260725-151004","OPF_0.1","OPF_RESEARCH_2.15","MNQ_0.1","MNQ_1Contract_Target150_200","OPF_PROFILE_0.1","20260102-0855-BULL-BRK-000947-Z000947-Q","2026-01-02T08:55:00.0000000",947,"2026-01-02T09:55:00.0000000",959,"Long",25709.25,25703.75,5.50,2,0.25,0.50,1,1,11.00,11.00,29.50,4.50,59.00,9.00,5.3636,0.8182,True,True,True,True,True,12,"BreakawayFvg_Qualified",,948,948,948,948,948,False,False,False,5,15,4.50,"Zone",0,"Excellent","ResearchWindowEnd",0,0,0.8182,False,"","",,,"",0,0,0,0,0,0,0,"Excellent","ResearchOHLC",False,True,False,"ResearchOnlyMode",0,0,1
"OPF-20260725-151004","OPF_0.1","OPF_RESEARCH_2.15","MNQ_0.1","MNQ_1Contract_Target150_200","OPF_PROFILE_0.1","20260102-0855-BULL-BRK-000947-Z000947","2026-01-02T08:55:00.0000000",947,"2026-01-02T09:55:00.0000000",959,"Long",25709.25,25703.75,5.50,2,0.25,0.50,1,1,11.00,11.00,29.50,4.50,59.00,9.00,5.3636,0.8182,True,True,True,True,True,12,"BreakawayFvg",,948,948,948,948,948,False,False,False,5,15,4.50,"Zone",0,"Excellent","ResearchWindowEnd",0,0,0.8182,False,"","",,,"",0,0,0,0,0,0,0,"Excellent","ResearchOHLC",False,True,False,"ResearchOnlyMode",0,0,1
"OPF-20260725-151004","OPF_0.1","OPF_RESEARCH_2.15","MNQ_0.1","MNQ_1Contract_Target150_200","OPF_PROFILE_0.1","20260102-0850-BULL-OBS-000946-Z000946-OC-STR","2026-01-02T08:55:00.0000000",947,"2026-01-02T09:55:00.0000000",959,"Long",25709.25,25688.25,21.00,2,0.25,0.50,1,1,42.00,42.00,29.50,4.50,59.00,9.00,1.4048,0.2143,True,False,False,False,False,12,"ObservationStrict_BullFresh_WideStop1_5R",,950,,,,,False,False,False,15,15,4.50,"Zone",0,"Good","ResearchWindowEnd",0,0,0.2143,False,"","",,,"",0,0,0,0,0,0,0,"Good","ResearchOHLC",False,True,False,"ResearchOnlyMode",0,0,1
"OPF-20260725-151004","OPF_0.1","OPF_RESEARCH_2.15","MNQ_0.1","MNQ_1Contract_Target150_200","OPF_PROFILE_0.1","20260102-0850-BULL-OBS-000946-Z000946-OC-STR","2026-01-02T08:55:00.0000000",947,"2026-01-02T09:55:00.0000000",959,"Long",25709.25,25695.25,14.00,2,0.25,0.50,1,1,28.00,28.00,29.50,4.50,59.00,9.00,2.1071,0.3214,True,True,True,False,False,12,"ObservationStrict_BullFresh",,948,950,950,,,False,False,False,5,15,4.50,"Zone",0,"Excellent","ResearchWindowEnd",0,0,0.3214,False,"","",,,"",0,0,0,0,0,0,0,"Excellent","ResearchOHLC",False,True,False,"ResearchOnlyMode",0,0,1
"OPF-20260725-151004","OPF_0.1","OPF_RESEARCH_2.15","MNQ_0.1","MNQ_1Contract_Target150_200","OPF_PROFILE_0.1","20260102-0850-BULL-OBS-000946-Z000946-OC","2026-01-02T08:55:00.0000000",947,"2026-01-02T09:55:00.0000000",959,"Long",25709.25,25688.25,21.00,2,0.25,0.50,1,1,42.00,42.00,29.50,4.50,59.00,9.00,1.4048,0.2143,True,False,False,False,False,12,"ObservationConfirm_WideStop1_5R",,950,,,,,False,False,False,15,15,4.50,"Zone",0,"Good","ResearchWindowEnd",0.7151,71.51,0.2143,True,"20260102-0855-Long-947","2026-01-02T09:50:00.0000000",958,25730.25,"TIME_STOP",21.333333333333333333333333,128.00,1.0323,29.833333333333333333333333,4.166666666666666666666667,1.4435,0.2016,"Good","ActualTrade",False,True,False,"ResearchOnlyMode",0,0,1
"OPF-20260725-151004","OPF_0.1","OPF_RESEARCH_2.15","MNQ_0.1","MNQ_1Contract_Target150_200","OPF_PROFILE_0.1","20260102-0850-BULL-OBS-000946-Z000946-OC","2026-01-02T08:55:00.0000000",947,"2026-01-02T09:55:00.0000000",959,"Long",25709.25,25695.25,14.00,2,0.25,0.50,1,1,28.00,28.00,29.50,4.50,59.00,9.00,2.1071,0.3214,True,True,True,False,False,12,"ObservationConfirm",,948,950,950,,,False,False,False,5,15,4.50,"Zone",0,"Excellent","ResearchWindowEnd",0,0,0.3214,False,"","",,,"",0,0,0,0,0,0,0,"Excellent","ResearchOHLC",False,True,False,"ResearchOnlyMode",0,0,1
"OPF-20260725-151004","OPF_0.1","OPF_RESEARCH_2.15","MNQ_0.1","MNQ_1Contract_Target150_200","OPF_PROFILE_0.1","20260102-0900-BULL-OBS-000948-Z000947","2026-01-02T09:00:00.0000000",948,"2026-01-02T10:00:00.0000000",960,"Long",25716.50,25703.75,12.75,2,0.25,0.50,1,1,25.50,25.50,22.25,4.50,44.50,9.00,1.7451,0.3529,True,True,False,False,False,12,"UnknownRegimeZoneTouch",,950,950,,,,False,False,False,10,10,4.50,"Zone",0,"Good","ResearchWindowEnd",0,0,0.3529,False,"","",,,"",0,0,0,0,0,0,0,"Good","ResearchOHLC",False,True,False,"ResearchOnlyMode",0,0,1
"OPF-20260725-151004","OPF_0.1","OPF_RESEARCH_2.15","MNQ_0.1","MNQ_1Contract_Target150_200","OPF_PROFILE_0.1","20260102-0855-BULL-OBS-000947-Z000947-OC","2026-01-02T09:00:00.0000000",948,"2026-01-02T10:00:00.0000000",960,"Long",25716.50,25697.38,19.12,2,0.25,0.50,1,1,38.24,38.24,22.25,4.50,44.50,9.00,1.1637,0.2354,True,False,False,False,False,12,"ObservationConfirm_WideStop1_5R",,950,,,,,False,False,False,10,10,4.50,"Zone",0,"Good","ResearchWindowEnd",0.7954,79.55,0.2354,True,"20260102-0900-Long-948-S2","2026-01-02T09:55:00.0000000",959,25734.25,"TIME_STOP",17.50,105.00,0.9091,22.00,4.75,1.1429,0.2468,"Scratch","ActualTrade",False,True,False,"ResearchOnlyMode",0,0,1
"OPF-20260725-151004","OPF_0.1","OPF_RESEARCH_2.15","MNQ_0.1","MNQ_1Contract_Target150_200","OPF_PROFILE_0.1","20260102-0855-BULL-OBS-000947-Z000947-OC","2026-01-02T09:00:00.0000000",948,"2026-01-02T10:00:00.0000000",960,"Long",25716.50,25703.75,12.75,2,0.25,0.50,1,1,25.50,25.50,22.25,4.50,44.50,9.00,1.7451,0.3529,True,True,False,False,False,12,"ObservationConfirm",,950,950,,,,False,False,False,10,10,4.50,"Zone",0,"Good","ResearchWindowEnd",0,0,0.3529,False,"","",,,"",0,0,0,0,0,0,0,"Good","ResearchOHLC",False,True,False,"ResearchOnlyMode",0,0,1
"OPF-20260725-151004","OPF_0.1","OPF_RESEARCH_2.15","MNQ_0.1","MNQ_1Contract_Target150_200","OPF_PROFILE_0.1","20260102-0855-BULL-SHD-000947-Z000947","2026-01-02T09:00:00.0000000",948,"2026-01-02T10:00:00.0000000",960,"Long",25716.50,25703.75,12.75,2,0.25,0.50,1,1,25.50,25.50,22.25,4.50,44.50,9.00,1.7451,0.3529,True,True,False,False,False,12,"ShadowCandidate",,950,950,,,,False,False,False,10,10,4.50,"Zone",0,"Good","ResearchWindowEnd",0,0,0.3529,False,"","",,,"",0,0,0,0,0,0,0,"Good","ResearchOHLC",False,True,False,"ResearchOnlyMode",0,0,1
"OPF-20260725-151004","OPF_0.1","OPF_RESEARCH_2.15","MNQ_0.1","MNQ_1Contract_Target150_200","OPF_PROFILE_0.1","20260102-0900-BULL-OBS-000948-Z000947-OC","2026-01-02T09:05:00.0000000",949,"2026-01-02T10:05:00.0000000",961,"Long",25724.00,25693.62,30.38,2,0.25,0.50,1,1,60.76,60.76,14.75,8.00,29.50,16.00,0.4855,0.2633,False,False,False,False,False,12,"ObservationConfirm_WideStop1_5R",,,,,,,False,False,False,,5,8.00,"Zone",0,"Poor","ResearchWindowEnd",0,0,0.2633,False,"","",,,"",0,0,0,0,0,0,0,"Poor","ResearchOHLC",False,True,False,"ResearchOnlyMode",0,0,1
"OPF-20260725-151004","OPF_0.1","OPF_RESEARCH_2.15","MNQ_0.1","MNQ_1Contract_Target150_200","OPF_PROFILE_0.1","20260102-0900-BULL-OBS-000948-Z000947-OC","2026-01-02T09:05:00.0000000",949,"2026-01-02T10:05:00.0000000",961,"Long",25724.00,25703.75,20.25,2,0.25,0.50,1,1,40.50,40.50,14.75,8.00,29.50,16.00,0.7284,0.3951,False,False,False,False,False,12,"ObservationConfirm",,,,,,,False,False,False,,5,8.00,"Zone",0,"Scratch","ResearchWindowEnd",0,0,0.3951,False,"","",,,"",0,0,0,0,0,0,0,"Scratch","ResearchOHLC",False,True,False,"ResearchOnlyMode",0,0,1
"OPF-20260725-151004","OPF_0.1","OPF_RESEARCH_2.15","MNQ_0.1","MNQ_1Contract_Target150_200","OPF_PROFILE_0.1","20260102-0855-BULL-SHD-000947-Z000947-SCB-CBM","2026-01-02T09:10:00.0000000",950,"2026-01-02T10:10:00.0000000",962,"Long",25735.25,25722.75,12.50,2,0.25,0.50,1,1,25.00,25.00,2.50,19.25,5.00,38.50,0.2,1.54,False,False,False,False,False,12,"StructureConfirmShadow_ConfirmBarStop_Min10",951,,,,,,True,False,False,,60,19.25,"ConfirmBarMin10",0,"Catastrophic","ResearchWindowEnd",0,0,1.54,False,"","",,,"",0,0,0,0,0,0,0,"Catastrophic","ResearchOHLC",False,True,False,"ResearchOnlyMode",0,0,1
"OPF-20260725-151004","OPF_0.1","OPF_RESEARCH_2.15","MNQ_0.1","MNQ_1Contract_Target150_200","OPF_PROFILE_0.1","20260102-0855-BULL-SHD-000947-Z000947-SCB-CBR","2026-01-02T09:10:00.0000000",950,"2026-01-02T10:10:00.0000000",962,"Long",25735.25,25722.75,12.50,2,0.25,0.50,1,1,25.00,25.00,2.50,19.25,5.00,38.50,0.2,1.54,False,False,False,False,False,12,"StructureConfirmShadow_ConfirmBarStop",951,,,,,,True,False,False,,60,19.25,"ConfirmBar",0,"Catastrophic","ResearchWindowEnd",0,0,1.54,False,"","",,,"",0,0,0,0,0,0,0,"Catastrophic","ResearchOHLC",False,True,False,"ResearchOnlyMode",0,0,1
"OPF-20260725-151004","OPF_0.1","OPF_RESEARCH_2.15","MNQ_0.1","MNQ_1Contract_Target150_200","OPF_PROFILE_0.1","20260102-0855-BULL-SHD-000947-Z000947-SCB","2026-01-02T09:10:00.0000000",950,"2026-01-02T10:10:00.0000000",962,"Long",25735.25,25703.75,31.50,2,0.25,0.50,1,1,63.00,63.00,2.50,19.25,5.00,38.50,0.0794,0.6111,False,False,False,False,False,12,"StructureConfirmShadow",,,,,,,False,False,False,,60,19.25,"Zone",0,"Poor","ResearchWindowEnd",0,0,0.6111,False,"","",,,"",0,0,0,0,0,0,0,"Poor","ResearchOHLC",False,True,False,"ResearchOnlyMode",0,0,1
"OPF-20260725-151004","OPF_0.1","OPF_RESEARCH_2.15","MNQ_0.1","MNQ_1Contract_Target150_200","OPF_PROFILE_0.1","20260102-1025-BEAR-OBS-000965-Z000965","2026-01-02T10:25:00.0000000",965,"2026-01-02T11:25:00.0000000",977,"Short",25716.75,25725.50,8.75,2,0.25,0.50,1,1,17.50,17.50,9.00,27.25,18.00,54.50,1.0286,3.1143,True,False,False,False,False,12,"ZoneBirthResearch",969,966,,,,,False,False,False,5,5,2.00,"Zone",0,"Good","ResearchWindowEnd",0,0,0.2286,False,"","",,,"",0,0,0,0,0,0,0,"Good","ResearchOHLC",False,True,False,"ResearchOnlyMode",0,0,1
"OPF-20260725-151004","OPF_0.1","OPF_RESEARCH_2.15","MNQ_0.1","MNQ_1Contract_Target150_200","OPF_PROFILE_0.1","20260102-1025-BEAR-OBS-000965-Z000965-OC","2026-01-02T10:30:00.0000000",966,"2026-01-02T11:30:00.0000000",978,"Short",25708.00,25734.25,26.25,2,0.25,0.50,1,1,52.50,52.50,0.25,36.00,0.50,72.00,0.0095,1.3714,False,False,False,False,False,12,"ObservationConfirm_WideStop1_5R",969,,,,,,True,False,False,,5,36.00,"Zone",0,"Catastrophic","ResearchWindowEnd",0,0,1.3714,False,"","",,,"",0,0,0,0,0,0,0,"Catastrophic","ResearchOHLC",False,True,False,"ResearchOnlyMode",0,0,1
"OPF-20260725-151004","OPF_0.1","OPF_RESEARCH_2.15","MNQ_0.1","MNQ_1Contract_Target150_200","OPF_PROFILE_0.1","20260102-1025-BEAR-OBS-000965-Z000965-OC","2026-01-02T10:30:00.0000000",966,"2026-01-02T11:30:00.0000000",978,"Short",25708.00,25725.50,17.50,2,0.25,0.50,1,1,35.00,35.00,0.25,36.00,0.50,72.00,0.0143,2.0571,False,False,False,False,False,12,"ObservationConfirm",969,,,,,,True,False,False,,5,36.00,"Zone",0,"Catastrophic","ResearchWindowEnd",0,0,2.0571,True,"20260102-1030-Short-966","2026-01-02T10:40:00.0000000",968,25725.833333333333333333333333,"SL",-18.083333333333333333333333,-108.50,-1.0188,0,18.083333333333333333333333,0,1.0188,"Catastrophic","ActualTrade",False,True,False,"ResearchOnlyMode",0,0,1
"OPF-20260725-151004","OPF_0.1","OPF_RESEARCH_2.15","MNQ_0.1","MNQ_1Contract_Target150_200","OPF_PROFILE_0.1","20260102-1040-BEAR-OBS-000968-Z000965","2026-01-02T10:40:00.0000000",968,"2026-01-02T11:40:00.0000000",980,"Short",25722.50,25725.50,3.00,2,0.25,0.50,1,1,6.00,6.00,8.75,21.50,17.50,43.00,2.9167,7.1667,True,True,True,True,False,12,"UnknownRegimeZoneTouch",969,976,977,977,977,,True,False,False,40,45,21.50,"Zone",0,"Catastrophic","ResearchWindowEnd",0,0,7.1667,False,"","",,,"",0,0,0,0,0,0,0,"Catastrophic","ResearchOHLC",False,True,False,"ResearchOnlyMode",0,0,1
"OPF-20260725-151004","OPF_0.1","OPF_RESEARCH_2.15","MNQ_0.1","MNQ_1Contract_Target150_200","OPF_PROFILE_0.1","20260102-1045-BULL-OBS-000969-Z000969","2026-01-02T10:45:00.0000000",969,"2026-01-02T11:45:00.0000000",981,"Long",25735.25,25718.00,17.25,2,0.25,0.50,1,1,34.50,34.50,8.75,21.50,17.50,43.00,0.5072,1.2464,False,False,False,False,False,12,"ZoneBirthResearch",977,,,,,,True,False,False,,15,21.50,"Zone",0,"Catastrophic","ResearchWindowEnd",0,0,1.2464,False,"","",,,"",0,0,0,0,0,0,0,"Catastrophic","ResearchOHLC",False,True,False,"ResearchOnlyMode",0,0,1
"OPF-20260725-151004","OPF_0.1","OPF_RESEARCH_2.15","MNQ_0.1","MNQ_1Contract_Target150_200","OPF_PROFILE_0.1","20260102-1040-BEAR-OBS-000968-Z000965-FR","2026-01-02T10:45:00.0000000",969,"2026-01-02T11:45:00.0000000",981,"Long",25735.25,25711.63,23.62,2,0.25,0.50,1,1,47.24,47.24,8.75,21.50,17.50,43.00,0.3704,0.9102,False,False,False,False,False,12,"FailureReverse_ObservationInvalidated_WideStop1_5R",,,,,,,False,False,False,,15,21.50,"Zone",0,"Poor","ResearchWindowEnd",0,0,0.9102,False,"","",,,"",0,0,0,0,0,0,0,"Poor","ResearchOHLC",False,True,False,"ResearchOnlyMode",0,0,1
"OPF-20260725-151004","OPF_0.1","OPF_RESEARCH_2.15","MNQ_0.1","MNQ_1Contract_Target150_200","OPF_PROFILE_0.1","20260102-1040-BEAR-OBS-000968-Z000965-FR","2026-01-02T10:45:00.0000000",969,"2026-01-02T11:45:00.0000000",981,"Long",25735.25,25719.50,15.75,2,0.25,0.50,1,1,31.50,31.50,8.75,21.50,17.50,43.00,0.5556,1.3651,False,False,False,False,False,12,"FailureReverse_ObservationInvalidated",976,,,,,,True,False,False,,15,21.50,"Zone",0,"Catastrophic","ResearchWindowEnd",0,0,1.3651,False,"","",,,"",0,0,0,0,0,0,0,"Catastrophic","ResearchOHLC",False,True,False,"ResearchOnlyMode",0,0,1
"OPF-20260725-151004","OPF_0.1","OPF_RESEARCH_2.15","MNQ_0.1","MNQ_1Contract_Target150_200","OPF_PROFILE_0.1","20260102-1050-BULL-OBS-000970-Z000970","2026-01-02T10:50:00.0000000",970,"2026-01-02T11:50:00.0000000",982,"Long",25732.50,25723.25,9.25,2,0.25,0.50,1,1,18.50,18.50,11.50,18.75,23.00,37.50,1.2432,2.0270,True,False,False,False,False,12,"ZoneBirthResearch",975,972,,,,,False,False,False,10,10,5.50,"Zone",0,"Good","ResearchWindowEnd",0,0,0.5946,False,"","",,,"",0,0,0,0,0,0,0,"Good","ResearchOHLC",False,True,False,"ResearchOnlyMode",0,0,1
"OPF-20260725-151004","OPF_0.1","OPF_RESEARCH_2.15","MNQ_0.1","MNQ_1Contract_Target150_200","OPF_PROFILE_0.1","20260102-1045-BULL-OBS-000969-Z000969-OC-STR","2026-01-02T10:50:00.0000000",970,"2026-01-02T11:50:00.0000000",982,"Long",25732.50,25710.75,21.75,2,0.25,0.50,1,1,43.50,43.50,11.50,18.75,23.00,37.50,0.5287,0.8621,False,False,False,False,False,12,"ObservationStrict_BullFresh_WideStop1_5R",,,,,,,False,False,False,,10,18.75,"Zone",0,"Scratch","ResearchWindowEnd",0,0,0.8621,False,"","",,,"",0,0,0,0,0,0,0,"Scratch","ResearchOHLC",False,True,False,"ResearchOnlyMode",0,0,1
"OPF-20260725-151004","OPF_0.1","OPF_RESEARCH_2.15","MNQ_0.1","MNQ_1Contract_Target150_200","OPF_PROFILE_0.1","20260102-1045-BULL-OBS-000969-Z000969-OC-STR","2026-01-02T10:50:00.0000000",970,"2026-01-02T11:50:00.0000000",982,"Long",25732.50,25718.00,14.50,2,0.25,0.50,1,1,29.00,29.00,11.50,18.75,23.00,37.50,0.7931,1.2931,False,False,False,False,False,12,"ObservationStrict_BullFresh",977,,,,,,True,False,False,,10,18.75,"Zone",0,"Catastrophic","ResearchWindowEnd",0,0,1.2931,False,"","",,,"",0,0,0,0,0,0,0,"Catastrophic","ResearchOHLC",False,True,False,"ResearchOnlyMode",0,0,1
"OPF-20260725-151004","OPF_0.1","OPF_RESEARCH_2.15","MNQ_0.1","MNQ_1Contract_Target150_200","OPF_PROFILE_0.1","20260102-1045-BULL-OBS-000969-Z000969-OC","2026-01-02T10:50:00.0000000",970,"2026-01-02T11:50:00.0000000",982,"Long",25732.50,25710.75,21.75,2,0.25,0.50,1,1,43.50,43.50,11.50,18.75,23.00,37.50,0.5287,0.8621,False,False,False,False,False,12,"ObservationConfirm_WideStop1_5R",,,,,,,False,False,False,,10,18.75,"Zone",0,"Scratch","ResearchWindowEnd",0,0,0.8621,False,"","",,,"",0,0,0,0,0,0,0,"Scratch","ResearchOHLC",False,True,False,"ResearchOnlyMode",0,0,1
"OPF-20260725-151004","OPF_0.1","OPF_RESEARCH_2.15","MNQ_0.1","MNQ_1Contract_Target150_200","OPF_PROFILE_0.1","20260102-1045-BULL-OBS-000969-Z000969-OC","2026-01-02T10:50:00.0000000",970,"2026-01-02T11:50:00.0000000",982,"Long",25732.50,25718.00,14.50,2,0.25,0.50,1,1,29.00,29.00,11.50,18.75,23.00,37.50,0.7931,1.2931,False,False,False,False,False,12,"ObservationConfirm",977,,,,,,True,False,False,,10,18.75,"Zone",0,"Catastrophic","ResearchWindowEnd",0,0,1.2931,False,"","",,,"",0,0,0,0,0,0,0,"Catastrophic","ResearchOHLC",False,True,False,"ResearchOnlyMode",0,0,1
"OPF-20260725-151004","OPF_0.1","OPF_RESEARCH_2.15","MNQ_0.1","MNQ_1Contract_Target150_200","OPF_PROFILE_0.1","20260102-1055-BULL-OBS-000971-Z000970","2026-01-02T10:55:00.0000000",971,"2026-01-02T11:55:00.0000000",983,"Long",25731.00,25723.25,7.75,2,0.25,0.50,1,1,15.50,15.50,13.00,17.25,26.00,34.50,1.6774,2.2258,True,True,False,False,False,12,"UnknownRegimeZoneTouch",975,972,972,,,,False,False,False,5,5,1.50,"Zone",0,"Good","ResearchWindowEnd",0,0,0.1935,False,"","",,,"",0,0,0,0,0,0,0,"Good","ResearchOHLC",False,True,False,"ResearchOnlyMode",0,0,1
"OPF-20260725-151004","OPF_0.1","OPF_RESEARCH_2.15","MNQ_0.1","MNQ_1Contract_Target150_200","OPF_PROFILE_0.1","20260102-1050-BULL-OBS-000970-Z000970-OC","2026-01-02T10:55:00.0000000",971,"2026-01-02T11:55:00.0000000",983,"Long",25731.00,25719.38,11.62,2,0.25,0.50,1,1,23.24,23.24,13.00,17.25,26.00,34.50,1.1188,1.4845,True,False,False,False,False,12,"ObservationConfirm_WideStop1_5R",976,972,,,,,False,False,False,5,5,1.50,"Zone",0,"Good","ResearchWindowEnd",0,0,0.1291,False,"","",,,"",0,0,0,0,0,0,0,"Good","ResearchOHLC",False,True,False,"ResearchOnlyMode",0,0,1
"OPF-20260725-151004","OPF_0.1","OPF_RESEARCH_2.15","MNQ_0.1","MNQ_1Contract_Target150_200","OPF_PROFILE_0.1","20260102-1050-BULL-OBS-000970-Z000970-OC","2026-01-02T10:55:00.0000000",971,"2026-01-02T11:55:00.0000000",983,"Long",25731.00,25723.25,7.75,2,0.25,0.50,1,1,15.50,15.50,13.00,17.25,26.00,34.50,1.6774,2.2258,True,True,False,False,False,12,"ObservationConfirm",975,972,972,,,,False,False,False,5,5,1.50,"Zone",0,"Good","ResearchWindowEnd",0,0,0.1935,False,"","",,,"",0,0,0,0,0,0,0,"Good","ResearchOHLC",False,True,False,"ResearchOnlyMode",0,0,1
"OPF-20260725-151004","OPF_0.1","OPF_RESEARCH_2.15","MNQ_0.1","MNQ_1Contract_Target150_200","OPF_PROFILE_0.1","20260102-1055-BULL-OBS-000971-Z000970-OC","2026-01-02T11:00:00.0000000",972,"2026-01-02T12:00:00.0000000",984,"Long",25737.50,25716.12,21.38,2,0.25,0.50,1,1,42.76,42.76,1.00,39.75,2.00,79.50,0.0468,1.8592,False,False,False,False,False,12,"ObservationConfirm_WideStop1_5R",977,,,,,,True,False,False,,5,39.75,"Zone",0,"Catastrophic","ResearchWindowEnd",0,0,1.8592,False,"","",,,"",0,0,0,0,0,0,0,"Catastrophic","ResearchOHLC",False,True,False,"ResearchOnlyMode",0,0,1
"OPF-20260725-151004","OPF_0.1","OPF_RESEARCH_2.15","MNQ_0.1","MNQ_1Contract_Target150_200","OPF_PROFILE_0.1","20260102-1055-BULL-OBS-000971-Z000970-OC","2026-01-02T11:00:00.0000000",972,"2026-01-02T12:00:00.0000000",984,"Long",25737.50,25723.25,14.25,2,0.25,0.50,1,1,28.50,28.50,1.00,39.75,2.00,79.50,0.0702,2.7895,False,False,False,False,False,12,"ObservationConfirm",975,,,,,,True,False,False,,5,39.75,"Zone",0,"Catastrophic","ResearchWindowEnd",0,0,2.7895,False,"","",,,"",0,0,0,0,0,0,0,"Catastrophic","ResearchOHLC",False,True,False,"ResearchOnlyMode",0,0,1
"OPF-20260725-151004","OPF_0.1","OPF_RESEARCH_2.15","MNQ_0.1","MNQ_1Contract_Target150_200","OPF_PROFILE_0.1","20260102-1120-BEAR-OBS-000976-Z000976","2026-01-02T11:20:00.0000000",976,"2026-01-02T12:20:00.0000000",988,"Short",25721.75,25732.25,10.50,2,0.25,0.50,1,1,21.00,21.00,41.50,7.75,83.00,15.50,3.9524,0.7381,True,True,True,True,True,12,"ZoneBirthResearch",,984,984,984,985,986,False,False,False,40,50,7.75,"Zone",0,"Excellent","ResearchWindowEnd",0,0,0.7381,False,"","",,,"",0,0,0,0,0,0,0,"Excellent","ResearchOHLC",False,True,False,"ResearchOnlyMode",0,0,1
"OPF-20260725-151004","OPF_0.1","OPF_RESEARCH_2.15","MNQ_0.1","MNQ_1Contract_Target150_200","OPF_PROFILE_0.1","20260102-1120-BULL-OBS-000976-Z000969","2026-01-02T11:20:00.0000000",976,"2026-01-02T12:20:00.0000000",988,"Long",25721.75,25718.00,3.75,2,0.25,0.50,1,1,7.50,7.50,7.75,41.50,15.50,83.00,2.0667,11.0667,True,True,True,False,False,12,"UnknownRegimeZoneTouch",977,979,980,980,,,True,False,False,15,25,8.00,"Zone",0,"Catastrophic","ResearchWindowEnd",0,0,2.1333,False,"","",,,"",0,0,0,0,0,0,0,"Catastrophic","ResearchOHLC",False,True,False,"ResearchOnlyMode",0,0,1
"OPF-20260725-151004","OPF_0.1","OPF_RESEARCH_2.15","MNQ_0.1","MNQ_1Contract_Target150_200","OPF_PROFILE_0.1","20260102-1120-BULL-OBS-000976-Z000969-FR","2026-01-02T11:25:00.0000000",977,"2026-01-02T12:25:00.0000000",989,"Short",25716.75,25725.00,8.25,2,0.25,0.50,1,1,16.50,16.50,36.50,12.75,73.00,25.50,4.4242,1.5455,True,True,True,True,True,12,"FailureReverse_ObservationInvalidated_WideStop1_5R",979,984,984,984,985,986,True,False,False,35,45,12.75,"Zone",0,"Catastrophic","ResearchWindowEnd",0,0,1.5455,False,"","",,,"",0,0,0,0,0,0,0,"Catastrophic","ResearchOHLC",False,True,False,"ResearchOnlyMode",0,0,1
"OPF-20260725-151004","OPF_0.1","OPF_RESEARCH_2.15","MNQ_0.1","MNQ_1Contract_Target150_200","OPF_PROFILE_0.1","20260102-1120-BULL-OBS-000976-Z000969-FR","2026-01-02T11:25:00.0000000",977,"2026-01-02T12:25:00.0000000",989,"Short",25716.75,25722.25,5.50,2,0.25,0.50,1,1,11.00,11.00,36.50,12.75,73.00,25.50,6.6364,2.3182,True,True,True,True,True,12,"FailureReverse_ObservationInvalidated",978,984,984,984,984,984,True,False,False,35,45,12.75,"Zone",0,"Catastrophic","ResearchWindowEnd",0,0,2.3182,False,"","",,,"",0,0,0,0,0,0,0,"Catastrophic","ResearchOHLC",False,True,False,"ResearchOnlyMode",0,0,1
"OPF-20260725-151004","OPF_0.1","OPF_RESEARCH_2.15","MNQ_0.1","MNQ_1Contract_Target150_200","OPF_PROFILE_0.1","20260102-1120-BEAR-OBS-000976-Z000976-OC-STR","2026-01-02T11:25:00.0000000",977,"2026-01-02T12:25:00.0000000",989,"Short",25716.75,25740.00,23.25,2,0.25,0.50,1,1,46.50,46.50,36.50,12.75,73.00,25.50,1.5699,0.5484,True,True,False,False,False,12,"ObservationStrict_Other_WideStop1_5R",,985,986,,,,False,False,False,40,45,12.75,"Zone",0,"Good","ResearchWindowEnd",0,0,0.5484,False,"","",,,"",0,0,0,0,0,0,0,"Good","ResearchOHLC",False,True,False,"ResearchOnlyMode",0,0,1
"OPF-20260725-151004","OPF_0.1","OPF_RESEARCH_2.15","MNQ_0.1","MNQ_1Contract_Target150_200","OPF_PROFILE_0.1","20260102-1120-BEAR-OBS-000976-Z000976-OC-STR","2026-01-02T11:25:00.0000000",977,"2026-01-02T12:25:00.0000000",989,"Short",25716.75,25732.25,15.50,2,0.25,0.50,1,1,31.00,31.00,36.50,12.75,73.00,25.50,2.3548,0.8226,True,True,True,False,False,12,"ObservationStrict_Other",,984,985,986,,,False,False,False,35,45,12.75,"Zone",0,"Excellent","ResearchWindowEnd",0,0,0.8226,False,"","",,,"",0,0,0,0,0,0,0,"Excellent","ResearchOHLC",False,True,False,"ResearchOnlyMode",0,0,1
"OPF-20260725-151004","OPF_0.1","OPF_RESEARCH_2.15","MNQ_0.1","MNQ_1Contract_Target150_200","OPF_PROFILE_0.1","20260102-1120-BEAR-OBS-000976-Z000976-OC","2026-01-02T11:25:00.0000000",977,"2026-01-02T12:25:00.0000000",989,"Short",25716.75,25740.00,23.25,2,0.25,0.50,1,1,46.50,46.50,36.50,12.75,73.00,25.50,1.5699,0.5484,True,True,False,False,False,12,"ObservationConfirm_WideStop1_5R",,985,986,,,,False,False,False,40,45,12.75,"Zone",0,"Good","ResearchWindowEnd",0,0,0.5484,False,"","",,,"",0,0,0,0,0,0,0,"Good","ResearchOHLC",False,True,False,"ResearchOnlyMode",0,0,1
"OPF-20260725-151004","OPF_0.1","OPF_RESEARCH_2.15","MNQ_0.1","MNQ_1Contract_Target150_200","OPF_PROFILE_0.1","20260102-1120-BEAR-OBS-000976-Z000976-OC","2026-01-02T11:25:00.0000000",977,"2026-01-02T12:25:00.0000000",989,"Short",25716.75,25732.25,15.50,2,0.25,0.50,1,1,31.00,31.00,36.50,12.75,73.00,25.50,2.3548,0.8226,True,True,True,False,False,12,"ObservationConfirm",,984,985,986,,,False,False,False,35,45,12.75,"Zone",0,"Excellent","ResearchWindowEnd",0,0,0.8226,False,"","",,,"",0,0,0,0,0,0,0,"Excellent","ResearchOHLC",False,True,False,"ResearchOnlyMode",0,0,1
"OPF-20260725-151004","OPF_0.1","OPF_RESEARCH_2.15","MNQ_0.1","MNQ_1Contract_Target150_200","OPF_PROFILE_0.1","20260102-1135-BEAR-OBS-000979-Z000976","2026-01-02T11:35:00.0000000",979,"2026-01-02T12:35:00.0000000",991,"Short",25722.25,25732.25,10.00,2,0.25,0.50,1,1,20.00,20.00,42.00,7.25,84.00,14.50,4.2,0.725,True,True,True,True,True,12,"UnknownRegimeZoneTouch",,984,984,984,985,986,False,False,False,25,35,7.25,"Zone",0,"Excellent","ResearchWindowEnd",0,0,0.725,False,"","",,,"",0,0,0,0,0,0,0,"Excellent","ResearchOHLC",False,True,False,"ResearchOnlyMode",0,0,1
"OPF-20260725-151004","OPF_0.1","OPF_RESEARCH_2.15","MNQ_0.1","MNQ_1Contract_Target150_200","OPF_PROFILE_0.1","20260102-1120-BULL-OBS-000976-Z000969-FR-RT","2026-01-02T11:50:00.0000000",982,"2026-01-02T12:50:00.0000000",994,"Short",25721.75,25722.50,0.75,2,0.25,0.50,1,1,1.50,1.50,41.50,6.75,83.00,13.50,55.3333,9,True,True,True,True,True,12,"FailureReverse_RetestFailed_WideStop1_5R",983,983,983,983,983,983,True,True,True,5,20,6.75,"Zone",0,"Catastrophic","ResearchWindowEnd",0,0,9,False,"","",,,"",0,0,0,0,0,0,0,"Catastrophic","ResearchOHLC",False,True,False,"ResearchOnlyMode",0,0,1
"OPF-20260725-151004","OPF_0.1","OPF_RESEARCH_2.15","MNQ_0.1","MNQ_1Contract_Target150_200","OPF_PROFILE_0.1","20260102-1120-BULL-OBS-000976-Z000969-FR-RT","2026-01-02T11:50:00.0000000",982,"2026-01-02T12:50:00.0000000",994,"Short",25721.75,25722.25,0.50,2,0.25,0.50,1,1,1.00,1.00,41.50,6.75,83.00,13.50,83,13.5,True,True,True,True,True,12,"FailureReverse_RetestFailed",983,983,983,983,983,983,True,True,True,5,20,6.75,"Zone",0,"Catastrophic","ResearchWindowEnd",0,0,13.5,False,"","",,,"",0,0,0,0,0,0,0,"Catastrophic","ResearchOHLC",False,True,False,"ResearchOnlyMode",0,0,1
"OPF-20260725-151004","OPF_0.1","OPF_RESEARCH_2.15","MNQ_0.1","MNQ_1Contract_Target150_200","OPF_PROFILE_0.1","20260102-1135-BEAR-OBS-000979-Z000976-OC","2026-01-02T11:50:00.0000000",982,"2026-01-02T12:50:00.0000000",994,"Short",25721.75,25737.50,15.75,2,0.25,0.50,1,1,31.50,31.50,41.50,6.75,83.00,13.50,2.6349,0.4286,True,True,True,True,False,12,"ObservationConfirm_WideStop1_5R",,984,984,986,986,,False,False,False,10,20,6.75,"Zone",0,"Excellent","ResearchWindowEnd",0,0,0.4286,False,"","",,,"",0,0,0,0,0,0,0,"Excellent","ResearchOHLC",False,True,False,"ResearchOnlyMode",0,0,1
"OPF-20260725-151004","OPF_0.1","OPF_RESEARCH_2.15","MNQ_0.1","MNQ_1Contract_Target150_200","OPF_PROFILE_0.1","20260102-1135-BEAR-OBS-000979-Z000976-OC","2026-01-02T11:50:00.0000000",982,"2026-01-02T12:50:00.0000000",994,"Short",25721.75,25732.25,10.50,2,0.25,0.50,1,1,21.00,21.00,41.50,6.75,83.00,13.50,3.9524,0.6429,True,True,True,True,True,12,"ObservationConfirm",,984,984,984,985,986,False,False,False,10,20,6.75,"Zone",0,"Excellent","ResearchWindowEnd",0,0,0.6429,False,"","",,,"",0,0,0,0,0,0,0,"Excellent","ResearchOHLC",False,True,False,"ResearchOnlyMode",0,0,1
"OPF-20260725-151004","OPF_0.1","OPF_RESEARCH_2.15","MNQ_0.1","MNQ_1Contract_Target150_200","OPF_PROFILE_0.1","20260102-1200-BULL-OBS-000984-Z000946","2026-01-02T12:00:00.0000000",984,"2026-01-02T13:00:00.0000000",996,"Long",25702.00,25695.25,6.75,2,0.25,0.50,1,1,13.50,13.50,4.25,21.75,8.50,43.50,0.6296,3.2222,False,False,False,False,False,12,"UnknownRegimeZoneTouch",985,,,,,,True,False,False,,5,21.75,"Zone",0,"Catastrophic","ResearchWindowEnd",0,0,3.2222,False,"","",,,"",0,0,0,0,0,0,0,"Catastrophic","ResearchOHLC",False,True,False,"ResearchOnlyMode",0,0,1
"OPF-20260725-151004","OPF_0.1","OPF_RESEARCH_2.15","MNQ_0.1","MNQ_1Contract_Target150_200","OPF_PROFILE_0.1","20260102-1205-BEAR-OBS-000985-Z000985","2026-01-02T12:05:00.0000000",985,"2026-01-02T13:05:00.0000000",997,"Short",25694.75,25717.25,22.50,2,0.25,0.50,1,1,45.00,45.00,14.50,13.75,29.00,27.50,0.6444,0.6111,False,False,False,False,False,12,"ZoneBirthResearch",,,,,,,False,False,False,,5,13.75,"Zone",0,"Scratch","ResearchWindowEnd",0,0,0.6111,False,"","",,,"",0,0,0,0,0,0,0,"Scratch","ResearchOHLC",False,True,False,"ResearchOnlyMode",0,0,1
"OPF-20260725-151004","OPF_0.1","OPF_RESEARCH_2.15","MNQ_0.1","MNQ_1Contract_Target150_200","OPF_PROFILE_0.1","20260102-1200-BULL-OBS-000984-Z000946-FR","2026-01-02T12:05:00.0000000",985,"2026-01-02T13:05:00.0000000",997,"Short",25694.75,25702.63,7.88,2,0.25,0.50,1,1,15.76,15.76,14.50,13.75,29.00,27.50,1.8401,1.7449,True,True,False,False,False,12,"FailureReverse_ObservationInvalidated_WideStop1_5R",990,986,986,,,,False,False,False,5,5,0.25,"Zone",0,"Good","ResearchWindowEnd",0,0,0.0317,False,"","",,,"",0,0,0,0,0,0,0,"Good","ResearchOHLC",False,True,False,"ResearchOnlyMode",0,0,1
"OPF-20260725-151004","OPF_0.1","OPF_RESEARCH_2.15","MNQ_0.1","MNQ_1Contract_Target150_200","OPF_PROFILE_0.1","20260102-1200-BULL-OBS-000984-Z000946-FR","2026-01-02T12:05:00.0000000",985,"2026-01-02T13:05:00.0000000",997,"Short",25694.75,25700.00,5.25,2,0.25,0.50,1,1,10.50,10.50,14.50,13.75,29.00,27.50,2.7619,2.6190,True,True,True,True,False,12,"FailureReverse_ObservationInvalidated",987,986,986,986,986,,False,False,False,5,5,0.25,"Zone",0,"Excellent","ResearchWindowEnd",0,0,0.0476,False,"","",,,"",0,0,0,0,0,0,0,"Excellent","ResearchOHLC",False,True,False,"ResearchOnlyMode",0,0,1
"OPF-20260725-151004","OPF_0.1","OPF_RESEARCH_2.15","MNQ_0.1","MNQ_1Contract_Target150_200","OPF_PROFILE_0.1","20260102-1210-BEAR-OBS-000986-Z000986","2026-01-02T12:10:00.0000000",986,"2026-01-02T13:10:00.0000000",998,"Short",25691.75,25698.25,6.50,2,0.25,0.50,1,1,13.00,13.00,4.00,16.75,8.00,33.50,0.6154,2.5769,False,False,False,False,False,12,"ZoneBirthResearch",987,,,,,,True,False,False,,25,16.75,"Zone",0,"Catastrophic","ResearchWindowEnd",0,0,2.5769,False,"","",,,"",0,0,0,0,0,0,0,"Catastrophic","ResearchOHLC",False,True,False,"ResearchOnlyMode",0,0,1
"OPF-20260725-151004","OPF_0.1","OPF_RESEARCH_2.15","MNQ_0.1","MNQ_1Contract_Target150_200","OPF_PROFILE_0.1","20260102-1205-BEAR-OBS-000985-Z000985-OC-STR","2026-01-02T12:10:00.0000000",986,"2026-01-02T13:10:00.0000000",998,"Short",25691.75,25730.00,38.25,2,0.25,0.50,1,1,76.50,76.50,4.00,16.75,8.00,33.50,0.1046,0.4379,False,False,False,False,False,12,"ObservationStrict_Other_WideStop1_5R",,,,,,,False,False,False,,25,16.75,"Zone",0,"Poor","ResearchWindowEnd",0,0,0.4379,False,"","",,,"",0,0,0,0,0,0,0,"Poor","ResearchOHLC",False,True,False,"ResearchOnlyMode",0,0,1
"OPF-20260725-151004","OPF_0.1","OPF_RESEARCH_2.15","MNQ_0.1","MNQ_1Contract_Target150_200","OPF_PROFILE_0.1","20260102-1205-BEAR-OBS-000985-Z000985-OC-STR","2026-01-02T12:10:00.0000000",986,"2026-01-02T13:10:00.0000000",998,"Short",25691.75,25717.25,25.50,2,0.25,0.50,1,1,51.00,51.00,4.00,16.75,8.00,33.50,0.1569,0.6569,False,False,False,False,False,12,"ObservationStrict_Other",,,,,,,False,False,False,,25,16.75,"Zone",0,"Poor","ResearchWindowEnd",0,0,0.6569,False,"","",,,"",0,0,0,0,0,0,0,"Poor","ResearchOHLC",False,True,False,"ResearchOnlyMode",0,0,1
"OPF-20260725-151004","OPF_0.1","OPF_RESEARCH_2.15","MNQ_0.1","MNQ_1Contract_Target150_200","OPF_PROFILE_0.1","20260102-1205-BEAR-OBS-000985-Z000985-OC","2026-01-02T12:10:00.0000000",986,"2026-01-02T13:10:00.0000000",998,"Short",25691.75,25730.00,38.25,2,0.25,0.50,1,1,76.50,76.50,4.00,16.75,8.00,33.50,0.1046,0.4379,False,False,False,False,False,12,"ObservationConfirm_WideStop1_5R",,,,,,,False,False,False,,25,16.75,"Zone",0,"Poor","ResearchWindowEnd",0,0,0.4379,False,"","",,,"",0,0,0,0,0,0,0,"Poor","ResearchOHLC",False,True,False,"ResearchOnlyMode",0,0,1
"OPF-20260725-151004","OPF_0.1","OPF_RESEARCH_2.15","MNQ_0.1","MNQ_1Contract_Target150_200","OPF_PROFILE_0.1","20260102-1205-BEAR-OBS-000985-Z000985-OC","2026-01-02T12:10:00.0000000",986,"2026-01-02T13:10:00.0000000",998,"Short",25691.75,25717.25,25.50,2,0.25,0.50,1,1,51.00,51.00,4.00,16.75,8.00,33.50,0.1569,0.6569,False,False,False,False,False,12,"ObservationConfirm",,,,,,,False,False,False,,25,16.75,"Zone",0,"Poor","ResearchWindowEnd",0,0,0.6569,False,"","",,,"",0,0,0,0,0,0,0,"Poor","ResearchOHLC",False,True,False,"ResearchOnlyMode",0,0,1
"OPF-20260725-151004","OPF_0.1","OPF_RESEARCH_2.15","MNQ_0.1","MNQ_1Contract_Target150_200","OPF_PROFILE_0.1","20260102-1210-BEAR-OBS-000986-Z000986-FR-LQ","2026-01-02T12:15:00.0000000",987,"2026-01-02T13:15:00.0000000",999,"Long",25698.25,25694.50,3.75,2,0.25,0.50,1,1,7.50,7.50,12.75,10.50,25.50,21.00,3.4,2.8,True,True,True,True,True,12,"FailureReverse_LongQualified",988,990,990,992,997,999,True,False,False,15,60,9.75,"Zone",0,"Catastrophic","ResearchWindowEnd",0,0,2.6,False,"","",,,"",0,0,0,0,0,0,0,"Catastrophic","ResearchOHLC",False,True,False,"ResearchOnlyMode",0,0,1
"OPF-20260725-151004","OPF_0.1","OPF_RESEARCH_2.15","MNQ_0.1","MNQ_1Contract_Target150_200","OPF_PROFILE_0.1","20260102-1210-BEAR-OBS-000986-Z000986-FR","2026-01-02T12:15:00.0000000",987,"2026-01-02T13:15:00.0000000",999,"Long",25698.25,25692.63,5.62,2,0.25,0.50,1,1,11.24,11.24,12.75,10.50,25.50,21.00,2.2687,1.8683,True,True,True,False,False,12,"FailureReverse_ObservationInvalidated_WideStop1_5R",988,990,997,999,,,True,False,False,15,60,9.75,"Zone",0,"Catastrophic","ResearchWindowEnd",0,0,1.7349,False,"","",,,"",0,0,0,0,0,0,0,"Catastrophic","ResearchOHLC",False,True,False,"ResearchOnlyMode",0,0,1
"OPF-20260725-151004","OPF_0.1","OPF_RESEARCH_2.15","MNQ_0.1","MNQ_1Contract_Target150_200","OPF_PROFILE_0.1","20260102-1210-BEAR-OBS-000986-Z000986-FR","2026-01-02T12:15:00.0000000",987,"2026-01-02T13:15:00.0000000",999,"Long",25698.25,25694.50,3.75,2,0.25,0.50,1,1,7.50,7.50,12.75,10.50,25.50,21.00,3.4,2.8,True,True,True,True,True,12,"FailureReverse_ObservationInvalidated",988,990,990,992,997,999,True,False,False,15,60,9.75,"Zone",0,"Catastrophic","ResearchWindowEnd",0,0,2.6,False,"","",,,"",0,0,0,0,0,0,0,"Catastrophic","ResearchOHLC",False,True,False,"ResearchOnlyMode",0,0,1
"OPF-20260725-151004","OPF_0.1","OPF_RESEARCH_2.15","MNQ_0.1","MNQ_1Contract_Target150_200","OPF_PROFILE_0.1","20260102-1200-BULL-OBS-000984-Z000946-FR-RT","2026-01-02T12:20:00.0000000",988,"2026-01-02T13:20:00.0000000",1000,"Short",25688.75,25705.63,16.88,2,0.25,0.50,1,1,33.76,33.76,1.00,22.25,2.00,44.50,0.0592,1.3181,False,False,False,False,False,12,"FailureReverse_RetestFailed_WideStop1_5R",992,,,,,,True,False,False,,15,22.25,"Zone",0,"Catastrophic","ResearchWindowEnd",0,0,1.3181,False,"","",,,"",0,0,0,0,0,0,0,"Catastrophic","ResearchOHLC",False,True,False,"ResearchOnlyMode",0,0,1
"OPF-20260725-151004","OPF_0.1","OPF_RESEARCH_2.15","MNQ_0.1","MNQ_1Contract_Target150_200","OPF_PROFILE_0.1","20260102-1200-BULL-OBS-000984-Z000946-FR-RT","2026-01-02T12:20:00.0000000",988,"2026-01-02T13:20:00.0000000",1000,"Short",25688.75,25700.00,11.25,2,0.25,0.50,1,1,22.50,22.50,1.00,22.25,2.00,44.50,0.0889,1.9778,False,False,False,False,False,12,"FailureReverse_RetestFailed",990,,,,,,True,False,False,,15,22.25,"Zone",0,"Catastrophic","ResearchWindowEnd",0,0,1.9778,False,"","",,,"",0,0,0,0,0,0,0,"Catastrophic","ResearchOHLC",False,True,False,"ResearchOnlyMode",0,0,1
"OPF-20260725-151004","OPF_0.1","OPF_RESEARCH_2.15","MNQ_0.1","MNQ_1Contract_Target150_200","OPF_PROFILE_0.1","20260102-1210-BEAR-OBS-000986-Z000986-FR-RT","2026-01-02T12:40:00.0000000",992,"2026-01-02T13:40:00.0000000",1004,"Long",25703.25,25690.13,13.12,2,0.25,0.50,1,1,26.24,26.24,7.75,14.75,15.50,29.50,0.5907,1.1242,False,False,False,False,False,12,"FailureReverse_RetestFailed_WideStop1_5R",1001,,,,,,True,False,False,,35,14.75,"Zone",0,"Catastrophic","ResearchWindowEnd",0,0,1.1242,False,"","",,,"",0,0,0,0,0,0,0,"Catastrophic","ResearchOHLC",False,True,False,"ResearchOnlyMode",0,0,1
"OPF-20260725-151004","OPF_0.1","OPF_RESEARCH_2.15","MNQ_0.1","MNQ_1Contract_Target150_200","OPF_PROFILE_0.1","20260102-1210-BEAR-OBS-000986-Z000986-FR-RT","2026-01-02T12:40:00.0000000",992,"2026-01-02T13:40:00.0000000",1004,"Long",25703.25,25694.50,8.75,2,0.25,0.50,1,1,17.50,17.50,7.75,14.75,15.50,29.50,0.8857,1.6857,False,False,False,False,False,12,"FailureReverse_RetestFailed",994,,,,,,True,False,False,,35,14.75,"Zone",0,"Catastrophic","ResearchWindowEnd",0,0,1.6857,False,"","",,,"",0,0,0,0,0,0,0,"Catastrophic","ResearchOHLC",False,True,False,"ResearchOnlyMode",0,0,1
"OPF-20260725-151004","OPF_0.1","OPF_RESEARCH_2.15","MNQ_0.1","MNQ_1Contract_Target150_200","OPF_PROFILE_0.1","20260102-1245-BULL-OBS-000993-Z000993","2026-01-02T12:45:00.0000000",993,"2026-01-02T13:45:00.0000000",1005,"Long",25699.25,25695.75,3.50,2,0.25,0.50,1,1,7.00,7.00,11.75,10.75,23.50,21.50,3.3571,3.0714,True,True,True,True,True,12,"ZoneBirthResearch",994,994,995,997,997,999,True,True,True,5,30,6.00,"Zone",0,"Catastrophic","ResearchWindowEnd",0,0,1.7143,False,"","",,,"",0,0,0,0,0,0,0,"Catastrophic","ResearchOHLC",False,True,False,"ResearchOnlyMode",0,0,1
"OPF-20260725-151004","OPF_0.1","OPF_RESEARCH_2.15","MNQ_0.1","MNQ_1Contract_Target150_200","OPF_PROFILE_0.1","20260102-1250-BULL-OBS-000994-Z000993","2026-01-02T12:50:00.0000000",994,"2026-01-02T13:50:00.0000000",1006,"Long",25698.50,25695.75,2.75,2,0.25,0.50,1,1,5.50,5.50,12.50,16.75,25.00,33.50,4.5455,6.0909,True,True,True,True,True,12,"UnknownRegimeZoneTouch",1000,995,995,995,996,997,False,False,False,5,25,2.50,"Zone",0,"Excellent","ResearchWindowEnd",0,0,0.9091,False,"","",,,"",0,0,0,0,0,0,0,"Excellent","ResearchOHLC",False,True,False,"ResearchOnlyMode",0,0,1
"OPF-20260725-151004","OPF_0.1","OPF_RESEARCH_2.15","MNQ_0.1","MNQ_1Contract_Target150_200","OPF_PROFILE_0.1","20260102-1245-BULL-OBS-000993-Z000993-OC","2026-01-02T12:50:00.0000000",994,"2026-01-02T13:50:00.0000000",1006,"Long",25698.50,25694.38,4.12,2,0.25,0.50,1,1,8.24,8.24,12.50,16.75,25.00,33.50,3.0340,4.0655,True,True,True,True,True,12,"ObservationConfirm_WideStop1_5R",1000,995,995,997,999,999,False,False,False,5,25,2.50,"Zone",0,"Excellent","ResearchWindowEnd",0,0,0.6068,False,"","",,,"",0,0,0,0,0,0,0,"Excellent","ResearchOHLC",False,True,False,"ResearchOnlyMode",0,0,1
"OPF-20260725-151004","OPF_0.1","OPF_RESEARCH_2.15","MNQ_0.1","MNQ_1Contract_Target150_200","OPF_PROFILE_0.1","20260102-1245-BULL-OBS-000993-Z000993-OC","2026-01-02T12:50:00.0000000",994,"2026-01-02T13:50:00.0000000",1006,"Long",25698.50,25695.75,2.75,2,0.25,0.50,1,1,5.50,5.50,12.50,16.75,25.00,33.50,4.5455,6.0909,True,True,True,True,True,12,"ObservationConfirm",1000,995,995,995,996,997,False,False,False,5,25,2.50,"Zone",0,"Excellent","ResearchWindowEnd",0,0,0.9091,False,"","",,,"",0,0,0,0,0,0,0,"Excellent","ResearchOHLC",False,True,False,"ResearchOnlyMode",0,0,1
"OPF-20260725-151004","OPF_0.1","OPF_RESEARCH_2.15","MNQ_0.1","MNQ_1Contract_Target150_200","OPF_PROFILE_0.1","20260102-1250-BULL-OBS-000994-Z000993-OC","2026-01-02T12:55:00.0000000",995,"2026-01-02T13:55:00.0000000",1007,"Long",25703.00,25692.12,10.88,2,0.25,0.50,1,1,21.76,21.76,8.00,25.00,16.00,50.00,0.7353,2.2978,False,False,False,False,False,12,"ObservationConfirm_WideStop1_5R",1000,,,,,,True,False,False,,20,25.00,"Zone",0,"Catastrophic","ResearchWindowEnd",0,0,2.2978,False,"","",,,"",0,0,0,0,0,0,0,"Catastrophic","ResearchOHLC",False,True,False,"ResearchOnlyMode",0,0,1
"OPF-20260725-151004","OPF_0.1","OPF_RESEARCH_2.15","MNQ_0.1","MNQ_1Contract_Target150_200","OPF_PROFILE_0.1","20260102-1250-BULL-OBS-000994-Z000993-OC","2026-01-02T12:55:00.0000000",995,"2026-01-02T13:55:00.0000000",1007,"Long",25703.00,25695.75,7.25,2,0.25,0.50,1,1,14.50,14.50,8.00,25.00,16.00,50.00,1.1034,3.4483,True,False,False,False,False,12,"ObservationConfirm",1000,999,,,,,False,False,False,20,20,6.75,"Zone",0,"Good","ResearchWindowEnd",0,0,0.9310,False,"","",,,"",0,0,0,0,0,0,0,"Good","ResearchOHLC",False,True,False,"ResearchOnlyMode",0,0,1
"OPF-20260725-151004","OPF_0.1","OPF_RESEARCH_2.15","MNQ_0.1","MNQ_1Contract_Target150_200","OPF_PROFILE_0.1","20260102-1305-BEAR-OBS-000997-Z000985","2026-01-02T13:05:00.0000000",997,"2026-01-02T14:05:00.0000000",1009,"Short",25699.50,25717.25,17.75,2,0.25,0.50,1,1,35.50,35.50,21.50,11.50,43.00,23.00,1.2113,0.6479,True,False,False,False,False,12,"UnknownRegimeZoneTouch",,1006,,,,,False,False,False,45,50,11.50,"Zone",0,"Good","ResearchWindowEnd",0,0,0.6479,False,"","",,,"",0,0,0,0,0,0,0,"Good","ResearchOHLC",False,True,False,"ResearchOnlyMode",0,0,1
"OPF-20260725-151004","OPF_0.1","OPF_RESEARCH_2.15","MNQ_0.1","MNQ_1Contract_Target150_200","OPF_PROFILE_0.1","20260102-1305-BEAR-OBS-000997-Z000985-OC-STR","2026-01-02T13:10:00.0000000",998,"2026-01-02T14:10:00.0000000",1010,"Short",25701.75,25725.00,23.25,2,0.25,0.50,1,1,46.50,46.50,29.75,9.25,59.50,18.50,1.2796,0.3978,True,False,False,False,False,12,"ObservationStrict_Other_WideStop1_5R",,1007,,,,,False,False,False,45,60,9.25,"Zone",0,"Good","ResearchWindowEnd",0,0,0.3978,False,"","",,,"",0,0,0,0,0,0,0,"Good","ResearchOHLC",False,True,False,"ResearchOnlyMode",0,0,1
"OPF-20260725-151004","OPF_0.1","OPF_RESEARCH_2.15","MNQ_0.1","MNQ_1Contract_Target150_200","OPF_PROFILE_0.1","20260102-1305-BEAR-OBS-000997-Z000985-OC-STR","2026-01-02T13:10:00.0000000",998,"2026-01-02T14:10:00.0000000",1010,"Short",25701.75,25717.25,15.50,2,0.25,0.50,1,1,31.00,31.00,29.75,9.25,59.50,18.50,1.9194,0.5968,True,True,False,False,False,12,"ObservationStrict_Other",,1006,1007,,,,False,False,False,40,60,9.25,"Zone",0,"Good","ResearchWindowEnd",0,0,0.5968,False,"","",,,"",0,0,0,0,0,0,0,"Good","ResearchOHLC",False,True,False,"ResearchOnlyMode",0,0,1
"OPF-20260725-151004","OPF_0.1","OPF_RESEARCH_2.15","MNQ_0.1","MNQ_1Contract_Target150_200","OPF_PROFILE_0.1","20260102-1305-BEAR-OBS-000997-Z000985-OC","2026-01-02T13:10:00.0000000",998,"2026-01-02T14:10:00.0000000",1010,"Short",25701.75,25725.00,23.25,2,0.25,0.50,1,1,46.50,46.50,29.75,9.25,59.50,18.50,1.2796,0.3978,True,False,False,False,False,12,"ObservationConfirm_WideStop1_5R",,1007,,,,,False,False,False,45,60,9.25,"Zone",0,"Good","ResearchWindowEnd",0,0,0.3978,False,"","",,,"",0,0,0,0,0,0,0,"Good","ResearchOHLC",False,True,False,"ResearchOnlyMode",0,0,1
"OPF-20260725-151004","OPF_0.1","OPF_RESEARCH_2.15","MNQ_0.1","MNQ_1Contract_Target150_200","OPF_PROFILE_0.1","20260102-1305-BEAR-OBS-000997-Z000985-OC","2026-01-02T13:10:00.0000000",998,"2026-01-02T14:10:00.0000000",1010,"Short",25701.75,25717.25,15.50,2,0.25,0.50,1,1,31.00,31.00,29.75,9.25,59.50,18.50,1.9194,0.5968,True,True,False,False,False,12,"ObservationConfirm",,1006,1007,,,,False,False,False,40,60,9.25,"Zone",0,"Good","ResearchWindowEnd",0,0,0.5968,False,"","",,,"",0,0,0,0,0,0,0,"Good","ResearchOHLC",False,True,False,"ResearchOnlyMode",0,0,1
"OPF-20260725-151004","OPF_0.1","OPF_RESEARCH_2.15","MNQ_0.1","MNQ_1Contract_Target150_200","OPF_PROFILE_0.1","20260102-1415-BEAR-OBS-001011-Z001011","2026-01-02T14:15:00.0000000",1011,"2026-01-02T15:15:00.0000000",1023,"Short",25669.50,25687.50,18.00,2,0.25,0.50,1,1,36.00,36.00,118.50,134.00,237.00,268.00,6.5833,7.4444,True,True,True,True,True,12,"ZoneBirthResearch",1013,1015,1016,1022,1022,1022,True,False,False,20,60,64.00,"Zone",0,"Catastrophic","ResearchWindowEnd",0,0,3.5556,False,"","",,,"",0,0,0,0,0,0,0,"Catastrophic","ResearchOHLC",False,True,False,"ResearchOnlyMode",0,0,1
"OPF-20260725-151004","OPF_0.1","OPF_RESEARCH_2.15","MNQ_0.1","MNQ_1Contract_Target150_200","OPF_PROFILE_0.1","20260102-1415-BEAR-OBS-001011-Z001011-OC-STR","2026-01-02T14:20:00.0000000",1012,"2026-01-02T15:20:00.0000000",1024,"Short",25677.50,25692.50,15.00,2,0.25,0.50,1,1,30.00,30.00,198.50,126.00,397.00,252.00,13.2333,8.4,True,True,True,True,True,12,"ObservationStrict_Other_WideStop1_5R",1013,1014,1014,1016,1016,1022,True,False,False,10,60,56.00,"Zone",0,"Catastrophic","ResearchWindowEnd",0,0,3.7333,False,"","",,,"",0,0,0,0,0,0,0,"Catastrophic","ResearchOHLC",False,True,False,"ResearchOnlyMode",0,0,1
"OPF-20260725-151004","OPF_0.1","OPF_RESEARCH_2.15","MNQ_0.1","MNQ_1Contract_Target150_200","OPF_PROFILE_0.1","20260102-1415-BEAR-OBS-001011-Z001011-OC-STR","2026-01-02T14:20:00.0000000",1012,"2026-01-02T15:20:00.0000000",1024,"Short",25677.50,25687.50,10.00,2,0.25,0.50,1,1,20.00,20.00,198.50,126.00,397.00,252.00,19.85,12.6,True,True,True,True,True,12,"ObservationStrict_Other",1013,1014,1014,1014,1015,1016,True,False,False,10,60,56.00,"Zone",0,"Catastrophic","ResearchWindowEnd",0,0,5.6,False,"","",,,"",0,0,0,0,0,0,0,"Catastrophic","ResearchOHLC",False,True,False,"ResearchOnlyMode",0,0,1
"OPF-20260725-151004","OPF_0.1","OPF_RESEARCH_2.15","MNQ_0.1","MNQ_1Contract_Target150_200","OPF_PROFILE_0.1","20260102-1415-BEAR-OBS-001011-Z001011-OC","2026-01-02T14:20:00.0000000",1012,"2026-01-02T15:20:00.0000000",1024,"Short",25677.50,25692.50,15.00,2,0.25,0.50,1,1,30.00,30.00,198.50,126.00,397.00,252.00,13.2333,8.4,True,True,True,True,True,12,"ObservationConfirm_WideStop1_5R",1013,1014,1014,1016,1016,1022,True,False,False,10,60,56.00,"Zone",0,"Catastrophic","ResearchWindowEnd",0,0,3.7333,False,"","",,,"",0,0,0,0,0,0,0,"Catastrophic","ResearchOHLC",False,True,False,"ResearchOnlyMode",0,0,1
"OPF-20260725-151004","OPF_0.1","OPF_RESEARCH_2.15","MNQ_0.1","MNQ_1Contract_Target150_200","OPF_PROFILE_0.1","20260102-1415-BEAR-OBS-001011-Z001011-OC","2026-01-02T14:20:00.0000000",1012,"2026-01-02T15:20:00.0000000",1024,"Short",25677.50,25687.50,10.00,2,0.25,0.50,1,1,20.00,20.00,198.50,126.00,397.00,252.00,19.85,12.6,True,True,True,True,True,12,"ObservationConfirm",1013,1012,1014,1014,1015,1016,False,False,False,0,60,3.00,"Zone",0,"Excellent","ResearchWindowEnd",-1.6521,-165.22,0.3,True,"20260102-1420-Short-1012","2026-01-02T14:20:00.0000000",1012,25687.50,"SL",-9.50,-57.00,-1,5.75,9.50,0.6053,1,"Catastrophic","ActualTrade",False,True,False,"ResearchOnlyMode",0,0,1
"OPF-20260725-151004","OPF_0.1","OPF_RESEARCH_2.15","MNQ_0.1","MNQ_1Contract_Target150_200","OPF_PROFILE_0.1","20260102-1425-BEAR-OBS-001013-Z001011","2026-01-02T14:25:00.0000000",1013,"2026-01-02T15:25:00.0000000",1025,"Short",25686.25,25687.50,1.25,2,0.25,0.50,1,1,2.50,2.50,229.00,117.25,458.00,234.50,183.2,93.8,True,True,True,True,True,12,"UnknownRegimeZoneTouch",1014,1014,1014,1014,1014,1014,True,True,True,5,60,47.25,"Zone",0,"Catastrophic","ResearchWindowEnd",0,0,37.8,False,"","",,,"",0,0,0,0,0,0,0,"Catastrophic","ResearchOHLC",False,True,False,"ResearchOnlyMode",0,0,1
"OPF-20260725-151004","OPF_0.1","OPF_RESEARCH_2.15","MNQ_0.1","MNQ_1Contract_Target150_200","OPF_PROFILE_0.1","20260102-1430-BULL-OBS-001014-Z000938","2026-01-02T14:30:00.0000000",1014,"2026-01-02T15:30:00.0000000",1026,"Long",25679.00,25655.75,23.25,2,0.25,0.50,1,1,46.50,46.50,124.50,221.75,249.00,443.50,5.3548,9.5376,True,True,True,True,True,12,"UnknownRegimeZoneTouch",1015,1015,1017,1017,1017,1017,True,True,True,5,20,28.75,"Zone",0,"Catastrophic","ResearchWindowEnd",0,0,1.2366,False,"","",,,"",0,0,0,0,0,0,0,"Catastrophic","ResearchOHLC",False,True,False,"ResearchOnlyMode",0,0,1
"OPF-20260725-151004","OPF_0.1","OPF_RESEARCH_2.15","MNQ_0.1","MNQ_1Contract_Target150_200","OPF_PROFILE_0.1","20260102-1425-BEAR-OBS-001013-Z001011-OC","2026-01-02T14:30:00.0000000",1014,"2026-01-02T15:30:00.0000000",1026,"Short",25679.00,25691.75,12.75,2,0.25,0.50,1,1,25.50,25.50,221.75,124.50,443.50,249.00,17.3922,9.7647,True,True,True,True,True,12,"ObservationConfirm_WideStop1_5R",1015,1015,1015,1015,1016,1016,True,True,True,5,55,26.00,"Zone",0,"Catastrophic","ResearchWindowEnd",0,0,2.0392,False,"","",,,"",0,0,0,0,0,0,0,"Catastrophic","ResearchOHLC",False,True,False,"ResearchOnlyMode",0,0,1
"OPF-20260725-151004","OPF_0.1","OPF_RESEARCH_2.15","MNQ_0.1","MNQ_1Contract_Target150_200","OPF_PROFILE_0.1","20260102-1425-BEAR-OBS-001013-Z001011-OC","2026-01-02T14:30:00.0000000",1014,"2026-01-02T15:30:00.0000000",1026,"Short",25679.00,25687.50,8.50,2,0.25,0.50,1,1,17.00,17.00,221.75,124.50,443.50,249.00,26.0882,14.6471,True,True,True,True,True,12,"ObservationConfirm",1015,1015,1015,1015,1015,1015,True,True,True,5,55,26.00,"Zone",0,"Catastrophic","ResearchWindowEnd",0,0,3.0588,False,"","",,,"",0,0,0,0,0,0,0,"Catastrophic","ResearchOHLC",False,True,False,"ResearchOnlyMode",0,0,1
"OPF-20260725-151004","OPF_0.1","OPF_RESEARCH_2.15","MNQ_0.1","MNQ_1Contract_Target150_200","OPF_PROFILE_0.1","20260102-1435-BULL-OBS-001015-Z000937","2026-01-02T14:35:00.0000000",1015,"2026-01-02T15:35:00.0000000",1027,"Long",25651.50,25643.00,8.50,2,0.25,0.50,1,1,17.00,17.00,152.00,194.25,304.00,388.50,17.8824,22.8529,True,True,True,True,True,12,"UnknownRegimeZoneTouch",1016,1016,1016,1016,1016,1016,True,True,True,5,15,13.50,"Zone",0,"Catastrophic","ResearchWindowEnd",0,0,1.5882,False,"","",,,"",0,0,0,0,0,0,0,"Catastrophic","ResearchOHLC",False,True,False,"ResearchOnlyMode",0,0,1
"OPF-20260725-151004","OPF_0.1","OPF_RESEARCH_2.15","MNQ_0.1","MNQ_1Contract_Target150_200","OPF_PROFILE_0.1","20260102-1430-BULL-OBS-001014-Z000938-FR","2026-01-02T14:35:00.0000000",1015,"2026-01-02T15:35:00.0000000",1027,"Short",25651.50,25666.12,14.62,2,0.25,0.50,1,1,29.24,29.24,194.25,152.00,388.50,304.00,13.2866,10.3967,True,True,True,True,True,12,"FailureReverse_ObservationInvalidated_WideStop1_5R",1016,1022,1022,1022,1022,1022,True,False,False,35,50,152.00,"Zone",0,"Catastrophic","ResearchWindowEnd",0,0,10.3967,False,"","",,,"",0,0,0,0,0,0,0,"Catastrophic","ResearchOHLC",False,True,False,"ResearchOnlyMode",0,0,1
"OPF-20260725-151004","OPF_0.1","OPF_RESEARCH_2.15","MNQ_0.1","MNQ_1Contract_Target150_200","OPF_PROFILE_0.1","20260102-1430-BULL-OBS-001014-Z000938-FR","2026-01-02T14:35:00.0000000",1015,"2026-01-02T15:35:00.0000000",1027,"Short",25651.50,25661.25,9.75,2,0.25,0.50,1,1,19.50,19.50,194.25,152.00,388.50,304.00,19.9231,15.5897,True,True,True,True,True,12,"FailureReverse_ObservationInvalidated",1016,1016,1022,1022,1022,1022,True,True,True,5,50,45.25,"Zone",0,"Catastrophic","ResearchWindowEnd",0,0,4.6410,False,"","",,,"",0,0,0,0,0,0,0,"Catastrophic","ResearchOHLC",False,True,False,"ResearchOnlyMode",0,0,1
"OPF-20260725-151004","OPF_0.1","OPF_RESEARCH_2.15","MNQ_0.1","MNQ_1Contract_Target150_200","OPF_PROFILE_0.1","20260102-1435-BULL-OBS-001015-Z000937-OC","2026-01-02T14:40:00.0000000",1016,"2026-01-02T15:40:00.0000000",1028,"Long",25690.25,25619.37,70.88,2,0.25,0.50,1,1,141.76,141.76,113.25,233.00,226.50,466.00,1.5978,3.2872,True,True,False,False,False,12,"ObservationConfirm_WideStop1_5R",1022,1017,1018,,,,False,False,False,5,10,1.00,"Zone",0,"Good","ResearchWindowEnd",0,0,0.0141,False,"","",,,"",0,0,0,0,0,0,0,"Good","ResearchOHLC",False,True,False,"ResearchOnlyMode",0,0,1
"OPF-20260725-151004","OPF_0.1","OPF_RESEARCH_2.15","MNQ_0.1","MNQ_1Contract_Target150_200","OPF_PROFILE_0.1","20260102-1435-BULL-OBS-001015-Z000937-OC","2026-01-02T14:40:00.0000000",1016,"2026-01-02T15:40:00.0000000",1028,"Long",25690.25,25643.00,47.25,2,0.25,0.50,1,1,94.50,94.50,113.25,233.00,226.50,466.00,2.3968,4.9312,True,True,True,False,False,12,"ObservationConfirm",1022,1017,1017,1018,,,False,False,False,5,10,1.00,"Zone",0,"Excellent","ResearchWindowEnd",0,0,0.0212,False,"","",,,"",0,0,0,0,0,0,0,"Excellent","ResearchOHLC",False,True,False,"ResearchOnlyMode",0,0,1
"OPF-20260725-151004","OPF_0.1","OPF_RESEARCH_2.15","MNQ_0.1","MNQ_1Contract_Target150_200","OPF_PROFILE_0.1","20260102-1430-BULL-OBS-001014-Z000938-FR-RT","2026-01-02T15:05:00.0000000",1021,"2026-01-02T16:05:00.0000000",1033,"Short",25699.50,25756.88,57.38,2,0.25,0.50,1,1,114.76,114.76,377.50,7.25,755.00,14.50,6.5789,0.1264,True,True,True,True,True,12,"FailureReverse_RetestFailed_WideStop1_5R",,1022,1022,1023,1023,1024,False,False,False,5,60,7.25,"Zone",0,"Excellent","ResearchWindowEnd",0,0,0.1264,False,"","",,,"",0,0,0,0,0,0,0,"Excellent","ResearchOHLC",False,True,False,"ResearchOnlyMode",0,0,1
"OPF-20260725-151004","OPF_0.1","OPF_RESEARCH_2.15","MNQ_0.1","MNQ_1Contract_Target150_200","OPF_PROFILE_0.1","20260102-1430-BULL-OBS-001014-Z000938-FR-RT","2026-01-02T15:05:00.0000000",1021,"2026-01-02T16:05:00.0000000",1033,"Short",25699.50,25661.25,38.25,2,0.25,0.50,1,1,76.50,76.50,377.50,7.25,755.00,14.50,9.8693,0.1895,True,True,True,True,True,12,"FailureReverse_RetestFailed",1022,1022,1022,1022,1022,1023,True,True,True,5,60,7.25,"Zone",0,"Catastrophic","ResearchWindowEnd",0,0,0.1895,False,"","",,,"",0,0,0,0,0,0,0,"Catastrophic","ResearchOHLC",False,True,False,"ResearchOnlyMode",0,0,1
"OPF-20260725-151004","OPF_0.1","OPF_RESEARCH_2.15","MNQ_0.1","MNQ_1Contract_Target150_200","OPF_PROFILE_0.1","20260102-1510-BULL-OBS-001022-Z000874","2026-01-02T15:10:00.0000000",1022,"2026-01-02T16:10:00.0000000",1034,"Long",25604.00,25592.50,11.50,2,0.25,0.50,1,1,23.00,23.00,2.25,310.00,4.50,620.00,0.1957,26.9565,False,False,False,False,False,12,"UnknownRegimeZoneTouch",1023,,,,,,True,False,False,,5,310.00,"Zone",0,"Catastrophic","ResearchWindowEnd",0,0,26.9565,False,"","",,,"",0,0,0,0,0,0,0,"Catastrophic","ResearchOHLC",False,True,False,"ResearchOnlyMode",0,0,1
"OPF-20260725-151004","OPF_0.1","OPF_RESEARCH_2.15","MNQ_0.1","MNQ_1Contract_Target150_200","OPF_PROFILE_0.1","20260102-1515-BULL-OBS-001023-Z000869","2026-01-02T15:15:00.0000000",1023,"2026-01-02T16:15:00.0000000",1035,"Long",25577.00,25576.25,0.75,2,0.25,0.50,1,1,1.50,1.50,26.75,283.00,53.50,566.00,35.6667,377.3333,True,True,True,True,True,12,"UnknownRegimeZoneTouch",1024,1024,1024,1024,1024,1028,True,True,True,5,25,98.00,"Zone",0,"Catastrophic","ResearchWindowEnd",0,0,130.6667,False,"","",,,"",0,0,0,0,0,0,0,"Catastrophic","ResearchOHLC",False,True,False,"ResearchOnlyMode",0,0,1
"OPF-20260725-151004","OPF_0.1","OPF_RESEARCH_2.15","MNQ_0.1","MNQ_1Contract_Target150_200","OPF_PROFILE_0.1","20260102-1515-BULL-OBS-001023-Z000864","2026-01-02T15:15:00.0000000",1023,"2026-01-02T16:15:00.0000000",1035,"Long",25577.00,25552.75,24.25,2,0.25,0.50,1,1,48.50,48.50,26.75,283.00,53.50,566.00,1.1031,11.6701,True,False,False,False,False,12,"UnknownRegimeZoneTouch",1024,1028,,,,,True,False,False,25,25,119.75,"Zone",0,"Catastrophic","ResearchWindowEnd",0,0,4.9381,False,"","",,,"",0,0,0,0,0,0,0,"Catastrophic","ResearchOHLC",False,True,False,"ResearchOnlyMode",0,0,1
"OPF-20260725-151004","OPF_0.1","OPF_RESEARCH_2.15","MNQ_0.1","MNQ_1Contract_Target150_200","OPF_PROFILE_0.1","20260102-1510-BULL-OBS-001022-Z000874-FR","2026-01-02T15:15:00.0000000",1023,"2026-01-02T16:15:00.0000000",1035,"Short",25577.00,25604.38,27.38,2,0.25,0.50,1,1,54.76,54.76,283.00,26.75,566.00,53.50,10.3360,0.9770,True,True,True,True,True,12,"FailureReverse_ObservationInvalidated_WideStop1_5R",,1024,1024,1024,1024,1024,False,False,False,5,55,2.00,"Zone",0,"Excellent","ResearchWindowEnd",0,0,0.0730,False,"","",,,"",0,0,0,0,0,0,0,"Excellent","ResearchOHLC",False,True,False,"ResearchOnlyMode",0,0,1
"OPF-20260725-151004","OPF_0.1","OPF_RESEARCH_2.15","MNQ_0.1","MNQ_1Contract_Target150_200","OPF_PROFILE_0.1","20260102-1510-BULL-OBS-001022-Z000874-FR","2026-01-02T15:15:00.0000000",1023,"2026-01-02T16:15:00.0000000",1035,"Short",25577.00,25595.25,18.25,2,0.25,0.50,1,1,36.50,36.50,283.00,26.75,566.00,53.50,15.5068,1.4658,True,True,True,True,True,12,"FailureReverse_ObservationInvalidated",1028,1024,1024,1024,1024,1024,False,False,False,5,55,2.00,"Zone",0,"Excellent","ResearchWindowEnd",0,0,0.1096,False,"","",,,"",0,0,0,0,0,0,0,"Excellent","ResearchOHLC",False,True,False,"ResearchOnlyMode",0,0,1
"OPF-20260725-151004","OPF_0.1","OPF_RESEARCH_2.15","MNQ_0.1","MNQ_1Contract_Target150_200","OPF_PROFILE_0.1","20260102-1515-BULL-OBS-001023-Z000864-FR","2026-01-02T15:20:00.0000000",1024,"2026-01-02T16:20:00.0000000",1036,"Short",25485.25,25590.63,105.38,2,0.25,0.50,1,1,210.76,210.76,191.25,118.50,382.50,237.00,1.8149,1.1245,True,True,False,False,False,12,"FailureReverse_ObservationInvalidated_WideStop1_5R",1028,1031,1033,,,,True,False,False,35,50,118.50,"Zone",0,"Catastrophic","ResearchWindowEnd",0,0,1.1245,False,"","",,,"",0,0,0,0,0,0,0,"Catastrophic","ResearchOHLC",False,True,False,"ResearchOnlyMode",0,0,1
"OPF-20260725-151004","OPF_0.1","OPF_RESEARCH_2.15","MNQ_0.1","MNQ_1Contract_Target150_200","OPF_PROFILE_0.1","20260102-1515-BULL-OBS-001023-Z000864-FR","2026-01-02T15:20:00.0000000",1024,"2026-01-02T16:20:00.0000000",1036,"Short",25485.25,25555.50,70.25,2,0.25,0.50,1,1,140.50,140.50,191.25,118.50,382.50,237.00,2.7224,1.6868,True,True,True,True,False,12,"FailureReverse_ObservationInvalidated",1027,1031,1031,1032,1034,,True,False,False,35,50,118.50,"Zone",0,"Catastrophic","ResearchWindowEnd",0,0,1.6868,False,"","",,,"",0,0,0,0,0,0,0,"Catastrophic","ResearchOHLC",False,True,False,"ResearchOnlyMode",0,0,1
"OPF-20260725-151004","OPF_0.1","OPF_RESEARCH_2.15","MNQ_0.1","MNQ_1Contract_Target150_200","OPF_PROFILE_0.1","20260102-1515-BULL-OBS-001023-Z000869-FR","2026-01-02T15:20:00.0000000",1024,"2026-01-02T16:20:00.0000000",1036,"Short",25485.25,25631.87,146.62,2,0.25,0.50,1,1,293.24,293.24,191.25,118.50,382.50,237.00,1.3044,0.8082,True,False,False,False,False,12,"FailureReverse_ObservationInvalidated_WideStop1_5R",,1032,,,,,False,False,False,40,50,118.50,"Zone",0,"Good","ResearchWindowEnd",0,0,0.8082,False,"","",,,"",0,0,0,0,0,0,0,"Good","ResearchOHLC",False,True,False,"ResearchOnlyMode",0,0,1
"OPF-20260725-151004","OPF_0.1","OPF_RESEARCH_2.15","MNQ_0.1","MNQ_1Contract_Target150_200","OPF_PROFILE_0.1","20260102-1515-BULL-OBS-001023-Z000869-FR","2026-01-02T15:20:00.0000000",1024,"2026-01-02T16:20:00.0000000",1036,"Short",25485.25,25583.00,97.75,2,0.25,0.50,1,1,195.50,195.50,191.25,118.50,382.50,237.00,1.9565,1.2123,True,True,False,False,False,12,"FailureReverse_ObservationInvalidated",1028,1031,1032,,,,True,False,False,35,50,118.50,"Zone",0,"Catastrophic","ResearchWindowEnd",0,0,1.2123,False,"","",,,"",0,0,0,0,0,0,0,"Catastrophic","ResearchOHLC",False,True,False,"ResearchOnlyMode",0,0,1
"OPF-20260725-151004","OPF_0.1","OPF_RESEARCH_2.15","MNQ_0.1","MNQ_1Contract_Target150_200","OPF_PROFILE_0.1","20260102-1535-BULL-OBS-001027-Z001027","2026-01-02T15:35:00.0000000",1027,"2026-01-02T16:35:00.0000000",1039,"Long",25556.50,25507.25,49.25,2,0.25,0.50,1,1,98.50,98.50,47.25,262.50,94.50,525.00,0.9594,5.3299,False,False,False,False,False,12,"ZoneBirthResearch",1030,,,,,,True,False,False,,5,262.50,"Zone",0,"Catastrophic","ResearchWindowEnd",0,0,5.3299,False,"","",,,"",0,0,0,0,0,0,0,"Catastrophic","ResearchOHLC",False,True,False,"ResearchOnlyMode",0,0,1
"OPF-20260725-151004","OPF_0.1","OPF_RESEARCH_2.15","MNQ_0.1","MNQ_1Contract_Target150_200","OPF_PROFILE_0.1","20260102-1540-BULL-OBS-001028-Z001028","2026-01-02T15:40:00.0000000",1028,"2026-01-02T16:40:00.0000000",1040,"Long",25582.00,25546.50,35.50,2,0.25,0.50,1,1,71.00,71.00,11.50,288.00,23.00,576.00,0.3239,8.1127,False,False,False,False,False,12,"ZoneBirthResearch",1029,,,,,,True,False,False,,5,288.00,"Zone",0,"Catastrophic","ResearchWindowEnd",0,0,8.1127,False,"","",,,"",0,0,0,0,0,0,0,"Catastrophic","ResearchOHLC",False,True,False,"ResearchOnlyMode",0,0,1
"OPF-20260725-151004","OPF_0.1","OPF_RESEARCH_2.15","MNQ_0.1","MNQ_1Contract_Target150_200","OPF_PROFILE_0.1","20260102-1535-BULL-OBS-001027-Z001027-OC-STR","2026-01-02T15:40:00.0000000",1028,"2026-01-02T16:40:00.0000000",1040,"Long",25582.00,25469.88,112.12,2,0.25,0.50,1,1,224.24,224.24,11.50,288.00,23.00,576.00,0.1026,2.5687,False,False,False,False,False,12,"ObservationStrict_BullFresh_WideStop1_5R",1030,,,,,,True,False,False,,5,288.00,"Zone",0,"Catastrophic","ResearchWindowEnd",0,0,2.5687,False,"","",,,"",0,0,0,0,0,0,0,"Catastrophic","ResearchOHLC",False,True,False,"ResearchOnlyMode",0,0,1
"OPF-20260725-151004","OPF_0.1","OPF_RESEARCH_2.15","MNQ_0.1","MNQ_1Contract_Target150_200","OPF_PROFILE_0.1","20260102-1535-BULL-OBS-001027-Z001027-OC-STR","2026-01-02T15:40:00.0000000",1028,"2026-01-02T16:40:00.0000000",1040,"Long",25582.00,25507.25,74.75,2,0.25,0.50,1,1,149.50,149.50,11.50,288.00,23.00,576.00,0.1538,3.8528,False,False,False,False,False,12,"ObservationStrict_BullFresh",1030,,,,,,True,False,False,,5,288.00,"Zone",0,"Catastrophic","ResearchWindowEnd",0,0,3.8528,False,"","",,,"",0,0,0,0,0,0,0,"Catastrophic","ResearchOHLC",False,True,False,"ResearchOnlyMode",0,0,1
"OPF-20260725-151004","OPF_0.1","OPF_RESEARCH_2.15","MNQ_0.1","MNQ_1Contract_Target150_200","OPF_PROFILE_0.1","20260102-1535-BULL-OBS-001027-Z001027-OC","2026-01-02T15:40:00.0000000",1028,"2026-01-02T16:40:00.0000000",1040,"Long",25582.00,25469.88,112.12,2,0.25,0.50,1,1,224.24,224.24,11.50,288.00,23.00,576.00,0.1026,2.5687,False,False,False,False,False,12,"ObservationConfirm_WideStop1_5R",1030,,,,,,True,False,False,,5,288.00,"Zone",0,"Catastrophic","ResearchWindowEnd",0,0,2.5687,False,"","",,,"",0,0,0,0,0,0,0,"Catastrophic","ResearchOHLC",False,True,False,"ResearchOnlyMode",0,0,1
"OPF-20260725-151004","OPF_0.1","OPF_RESEARCH_2.15","MNQ_0.1","MNQ_1Contract_Target150_200","OPF_PROFILE_0.1","20260102-1535-BULL-OBS-001027-Z001027-OC","2026-01-02T15:40:00.0000000",1028,"2026-01-02T16:40:00.0000000",1040,"Long",25582.00,25507.25,74.75,2,0.25,0.50,1,1,149.50,149.50,11.50,288.00,23.00,576.00,0.1538,3.8528,False,False,False,False,False,12,"ObservationConfirm",1030,,,,,,True,False,False,,5,288.00,"Zone",0,"Catastrophic","ResearchWindowEnd",0,0,3.8528,False,"","",,,"",0,0,0,0,0,0,0,"Catastrophic","ResearchOHLC",False,True,False,"ResearchOnlyMode",0,0,1
"OPF-20260725-151004","OPF_0.1","OPF_RESEARCH_2.15","MNQ_0.1","MNQ_1Contract_Target150_200","OPF_PROFILE_0.1","20260102-1510-BULL-OBS-001022-Z000874-FR-RT","2026-01-02T15:45:00.0000000",1029,"2026-01-02T16:45:00.0000000",1041,"Short",25529.75,25628.00,98.25,2,0.25,0.50,1,1,196.50,196.50,235.75,3.75,471.50,7.50,2.3995,0.0382,True,True,True,False,False,12,"FailureReverse_RetestFailed_WideStop1_5R",,1031,1031,1033,,,False,False,False,10,25,3.75,"Zone",0,"Excellent","ResearchWindowEnd",0,0,0.0382,False,"","",,,"",0,0,0,0,0,0,0,"Excellent","ResearchOHLC",False,True,False,"ResearchOnlyMode",0,0,1
"OPF-20260725-151004","OPF_0.1","OPF_RESEARCH_2.15","MNQ_0.1","MNQ_1Contract_Target150_200","OPF_PROFILE_0.1","20260102-1510-BULL-OBS-001022-Z000874-FR-RT","2026-01-02T15:45:00.0000000",1029,"2026-01-02T16:45:00.0000000",1041,"Short",25529.75,25595.25,65.50,2,0.25,0.50,1,1,131.00,131.00,235.75,3.75,471.50,7.50,3.5992,0.0573,True,True,True,True,True,12,"FailureReverse_RetestFailed",,1030,1031,1031,1031,1033,False,False,False,5,25,3.75,"Zone",0,"Excellent","ResearchWindowEnd",0,0,0.0573,False,"","",,,"",0,0,0,0,0,0,0,"Excellent","ResearchOHLC",False,True,False,"ResearchOnlyMode",0,0,1
"OPF-20260725-151004","OPF_0.1","OPF_RESEARCH_2.15","MNQ_0.1","MNQ_1Contract_Target150_200","OPF_PROFILE_0.1","20260102-1515-BULL-OBS-001023-Z000869-FR-RT","2026-01-02T15:45:00.0000000",1029,"2026-01-02T16:45:00.0000000",1041,"Short",25529.75,25609.63,79.88,2,0.25,0.50,1,1,159.76,159.76,235.75,3.75,471.50,7.50,2.9513,0.0469,True,True,True,True,False,12,"FailureReverse_RetestFailed_WideStop1_5R",,1030,1031,1031,1033,,False,False,False,5,25,3.75,"Zone",0,"Excellent","ResearchWindowEnd",0,0,0.0469,False,"","",,,"",0,0,0,0,0,0,0,"Excellent","ResearchOHLC",False,True,False,"ResearchOnlyMode",0,0,1
"OPF-20260725-151004","OPF_0.1","OPF_RESEARCH_2.15","MNQ_0.1","MNQ_1Contract_Target150_200","OPF_PROFILE_0.1","20260102-1515-BULL-OBS-001023-Z000869-FR-RT","2026-01-02T15:45:00.0000000",1029,"2026-01-02T16:45:00.0000000",1041,"Short",25529.75,25583.00,53.25,2,0.25,0.50,1,1,106.50,106.50,235.75,3.75,471.50,7.50,4.4272,0.0704,True,True,True,True,True,12,"FailureReverse_RetestFailed",,1030,1030,1031,1031,1031,False,False,False,5,25,3.75,"Zone",0,"Excellent","ResearchWindowEnd",0,0,0.0704,False,"","",,,"",0,0,0,0,0,0,0,"Excellent","ResearchOHLC",False,True,False,"ResearchOnlyMode",0,0,1
"OPF-20260725-151004","OPF_0.1","OPF_RESEARCH_2.15","MNQ_0.1","MNQ_1Contract_Target150_200","OPF_PROFILE_0.1","20260102-1515-BULL-OBS-001023-Z000864-FR-RT","2026-01-02T15:45:00.0000000",1029,"2026-01-02T16:45:00.0000000",1041,"Short",25529.75,25568.37,38.62,2,0.25,0.50,1,1,77.24,77.24,235.75,3.75,471.50,7.50,6.1044,0.0971,True,True,True,True,True,12,"FailureReverse_RetestFailed_WideStop1_5R",,1030,1030,1030,1031,1031,False,False,False,5,25,3.75,"Zone",0,"Excellent","ResearchWindowEnd",0,0,0.0971,False,"","",,,"",0,0,0,0,0,0,0,"Excellent","ResearchOHLC",False,True,False,"ResearchOnlyMode",0,0,1
"OPF-20260725-151004","OPF_0.1","OPF_RESEARCH_2.15","MNQ_0.1","MNQ_1Contract_Target150_200","OPF_PROFILE_0.1","20260102-1515-BULL-OBS-001023-Z000864-FR-RT","2026-01-02T15:45:00.0000000",1029,"2026-01-02T16:45:00.0000000",1041,"Short",25529.75,25555.50,25.75,2,0.25,0.50,1,1,51.50,51.50,235.75,3.75,471.50,7.50,9.1553,0.1456,True,True,True,True,True,12,"FailureReverse_RetestFailed",,1030,1030,1030,1030,1030,False,False,False,5,25,3.75,"Zone",0,"Excellent","ResearchWindowEnd",0,0,0.1456,False,"","",,,"",0,0,0,0,0,0,0,"Excellent","ResearchOHLC",False,True,False,"ResearchOnlyMode",0,0,1
"OPF-20260725-151004","OPF_0.1","OPF_RESEARCH_2.15","MNQ_0.1","MNQ_1Contract_Target150_200","OPF_PROFILE_0.1","20260102-1540-BULL-OBS-001028-Z001028-FR","2026-01-02T15:45:00.0000000",1029,"2026-01-02T16:45:00.0000000",1041,"Short",25529.75,25557.50,27.75,2,0.25,0.50,1,1,55.50,55.50,235.75,3.75,471.50,7.50,8.4955,0.1351,True,True,True,True,True,12,"FailureReverse_ObservationInvalidated_WideStop1_5R",,1030,1030,1030,1030,1030,False,False,False,5,25,3.75,"Zone",0,"Excellent","ResearchWindowEnd",0,0,0.1351,False,"","",,,"",0,0,0,0,0,0,0,"Excellent","ResearchOHLC",False,True,False,"ResearchOnlyMode",0,0,1
"OPF-20260725-151004","OPF_0.1","OPF_RESEARCH_2.15","MNQ_0.1","MNQ_1Contract_Target150_200","OPF_PROFILE_0.1","20260102-1540-BULL-OBS-001028-Z001028-FR","2026-01-02T15:45:00.0000000",1029,"2026-01-02T16:45:00.0000000",1041,"Short",25529.75,25548.25,18.50,2,0.25,0.50,1,1,37.00,37.00,235.75,3.75,471.50,7.50,12.7432,0.2027,True,True,True,True,True,12,"FailureReverse_ObservationInvalidated",,1030,1030,1030,1030,1030,False,False,False,5,25,3.75,"Zone",0,"Excellent","ResearchWindowEnd",0,0,0.2027,False,"","",,,"",0,0,0,0,0,0,0,"Excellent","ResearchOHLC",False,True,False,"ResearchOnlyMode",0,0,1
"OPF-20260725-151004","OPF_0.1","OPF_RESEARCH_2.15","MNQ_0.1","MNQ_1Contract_Target150_200","OPF_PROFILE_0.1","20260102-1655-BEAR-OBS-001043-Z001043","2026-01-02T16:55:00.0000000",1043,"2026-01-02T17:55:00.0000000",1055,"Short",25341.50,25351.75,10.25,2,0.25,0.50,1,1,20.50,20.50,30.00,64.00,60.00,128.00,2.9268,6.2439,True,True,True,True,False,12,"ZoneBirthResearch",1045,1044,1044,1044,1055,,False,False,False,5,60,7.00,"Zone",0,"Excellent","ResearchWindowEnd",0,0,0.6829,False,"","",,,"",0,0,0,0,0,0,0,"Excellent","ResearchOHLC",False,True,False,"ResearchOnlyMode",0,0,1
"OPF-20260725-151004","OPF_0.1","OPF_RESEARCH_2.15","MNQ_0.1","MNQ_1Contract_Target150_200","OPF_PROFILE_0.1","20260102-1655-BEAR-BRK-001043-Z001043","2026-01-02T16:55:00.0000000",1043,"2026-01-02T17:55:00.0000000",1055,"Short",25341.50,25351.75,10.25,2,0.25,0.50,1,1,20.50,20.50,30.00,64.00,60.00,128.00,2.9268,6.2439,True,True,True,True,False,12,"BreakawayFvg",1045,1044,1044,1044,1055,,False,False,False,5,60,7.00,"Zone",0,"Excellent","ResearchWindowEnd",-0.0106,-1.06,0.6829,True,"20260102-1655-Short-1043","2026-01-02T17:00:00.0000000",1044,25340.00,"SL",-0.25,-1.50,-0.0208,23.50,12.50,1.9583,1.0417,"Catastrophic","ActualTrade",False,True,False,"ResearchOnlyMode",0,0,1
"OPF-20260725-151004","OPF_0.1","OPF_RESEARCH_2.15","MNQ_0.1","MNQ_1Contract_Target150_200","OPF_PROFILE_0.1","20260102-1700-BEAR-OBS-001044-Z001043","2026-01-02T17:00:00.0000000",1044,"2026-01-02T18:00:00.0000000",1056,"Short",25327.00,25351.75,24.75,2,0.25,0.50,1,1,49.50,49.50,15.50,78.50,31.00,157.00,0.6263,3.1717,False,False,False,False,False,12,"UnknownRegimeZoneTouch",1045,,,,,,True,False,False,,55,78.50,"Zone",0,"Catastrophic","ResearchWindowEnd",0,0,3.1717,False,"","",,,"",0,0,0,0,0,0,0,"Catastrophic","ResearchOHLC",False,True,False,"ResearchOnlyMode",0,0,1
"OPF-20260725-151004","OPF_0.1","OPF_RESEARCH_2.15","MNQ_0.1","MNQ_1Contract_Target150_200","OPF_PROFILE_0.1","20260102-1655-BEAR-OBS-001043-Z001043-OC","2026-01-02T17:00:00.0000000",1044,"2026-01-02T18:00:00.0000000",1056,"Short",25327.00,25364.12,37.12,2,0.25,0.50,1,1,74.24,74.24,15.50,78.50,31.00,157.00,0.4176,2.1148,False,False,False,False,False,12,"ObservationConfirm_WideStop1_5R",1046,,,,,,True,False,False,,55,78.50,"Zone",0,"Catastrophic","ResearchWindowEnd",0,0,2.1148,False,"","",,,"",0,0,0,0,0,0,0,"Catastrophic","ResearchOHLC",False,True,False,"ResearchOnlyMode",0,0,1
"OPF-20260725-151004","OPF_0.1","OPF_RESEARCH_2.15","MNQ_0.1","MNQ_1Contract_Target150_200","OPF_PROFILE_0.1","20260102-1655-BEAR-OBS-001043-Z001043-OC","2026-01-02T17:00:00.0000000",1044,"2026-01-02T18:00:00.0000000",1056,"Short",25327.00,25351.75,24.75,2,0.25,0.50,1,1,49.50,49.50,15.50,78.50,31.00,157.00,0.6263,3.1717,False,False,False,False,False,12,"ObservationConfirm",1045,,,,,,True,False,False,,55,78.50,"Zone",0,"Catastrophic","ResearchWindowEnd",0,0,3.1717,False,"","",,,"",0,0,0,0,0,0,0,"Catastrophic","ResearchOHLC",False,True,False,"ResearchOnlyMode",0,0,1
"OPF-20260725-151004","OPF_0.1","OPF_RESEARCH_2.15","MNQ_0.1","MNQ_1Contract_Target150_200","OPF_PROFILE_0.1","20260102-1655-BEAR-SHD-001043-Z001043","2026-01-02T17:00:00.0000000",1044,"2026-01-02T18:00:00.0000000",1056,"Short",25327.00,25351.75,24.75,2,0.25,0.50,1,1,49.50,49.50,15.50,78.50,31.00,157.00,0.6263,3.1717,False,False,False,False,False,12,"ShadowCandidate",1045,,,,,,True,False,False,,55,78.50,"Zone",0,"Catastrophic","ResearchWindowEnd",0,0,3.1717,False,"","",,,"",0,0,0,0,0,0,0,"Catastrophic","ResearchOHLC",False,True,False,"ResearchOnlyMode",0,0,1
"OPF-20260725-151004","OPF_0.1","OPF_RESEARCH_2.15","MNQ_0.1","MNQ_1Contract_Target150_200","OPF_PROFILE_0.1","20260102-1700-BEAR-PB-001044-Z001043","2026-01-02T17:00:00.0000000",1044,"2026-01-02T18:00:00.0000000",1056,"Short",25327.00,25351.75,24.75,2,0.25,0.50,1,1,49.50,49.50,15.50,78.50,31.00,157.00,0.6263,3.1717,False,False,False,False,False,12,"AlmostConfirmed",1045,,,,,,True,False,False,,55,78.50,"Zone",0,"Catastrophic","ResearchWindowEnd",0,0,3.1717,False,"","",,,"",0,0,0,0,0,0,0,"Catastrophic","ResearchOHLC",False,True,False,"ResearchOnlyMode",0,0,1
"OPF-20260725-151004","OPF_0.1","OPF_RESEARCH_2.15","MNQ_0.1","MNQ_1Contract_Target150_200","OPF_PROFILE_0.1","20260102-1700-BEAR-OBS-001044-Z001043-FR","2026-01-02T17:10:00.0000000",1046,"2026-01-02T18:10:00.0000000",1058,"Long",25396.50,25318.12,78.38,2,0.25,0.50,1,1,156.76,156.76,9.00,85.00,18.00,170.00,0.1148,1.0845,False,False,False,False,False,12,"FailureReverse_ObservationInvalidated_WideStop1_5R",1055,,,,,,True,False,False,,5,85.00,"Zone",0,"Catastrophic","ResearchWindowEnd",0,0,1.0845,False,"","",,,"",0,0,0,0,0,0,0,"Catastrophic","ResearchOHLC",False,True,False,"ResearchOnlyMode",0,0,1
"OPF-20260725-151004","OPF_0.1","OPF_RESEARCH_2.15","MNQ_0.1","MNQ_1Contract_Target150_200","OPF_PROFILE_0.1","20260102-1700-BEAR-OBS-001044-Z001043-FR","2026-01-02T17:10:00.0000000",1046,"2026-01-02T18:10:00.0000000",1058,"Long",25396.50,25344.25,52.25,2,0.25,0.50,1,1,104.50,104.50,9.00,85.00,18.00,170.00,0.1722,1.6268,False,False,False,False,False,12,"FailureReverse_ObservationInvalidated",1053,,,,,,True,False,False,,5,85.00,"Zone",0,"Catastrophic","ResearchWindowEnd",0,0,1.6268,False,"","",,,"",0,0,0,0,0,0,0,"Catastrophic","ResearchOHLC",False,True,False,"ResearchOnlyMode",0,0,1
"OPF-20260725-151004","OPF_0.1","OPF_RESEARCH_2.15","MNQ_0.1","MNQ_1Contract_Target150_200","OPF_PROFILE_0.1","20260102-1915-BULL-OBS-001071-Z001071","2026-01-02T19:15:00.0000000",1071,"2026-01-02T20:15:00.0000000",1083,"Long",25375.00,25362.25,12.75,2,0.25,0.50,1,1,25.50,25.50,82.00,11.75,164.00,23.50,6.4314,0.9216,True,True,True,True,True,12,"ZoneBirthResearch",,1072,1072,1072,1072,1073,False,False,False,5,25,11.75,"Zone",0,"Excellent","ResearchWindowEnd",0,0,0.9216,False,"","",,,"",0,0,0,0,0,0,0,"Excellent","ResearchOHLC",False,True,False,"ResearchOnlyMode",0,0,1
"OPF-20260725-151004","OPF_0.1","OPF_RESEARCH_2.15","MNQ_0.1","MNQ_1Contract_Target150_200","OPF_PROFILE_0.1","20260102-1920-BULL-OBS-001072-Z001071","2026-01-02T19:20:00.0000000",1072,"2026-01-02T20:20:00.0000000",1084,"Long",25409.00,25362.25,46.75,2,0.25,0.50,1,1,93.50,93.50,48.00,21.50,96.00,43.00,1.0267,0.4599,True,False,False,False,False,12,"UnknownRegimeZoneTouch",,1076,,,,,False,False,False,20,20,14.00,"Zone",0,"Good","ResearchWindowEnd",0,0,0.2995,False,"","",,,"",0,0,0,0,0,0,0,"Good","ResearchOHLC",False,True,False,"ResearchOnlyMode",0,0,1
"OPF-20260725-151004","OPF_0.1","OPF_RESEARCH_2.15","MNQ_0.1","MNQ_1Contract_Target150_200","OPF_PROFILE_0.1","20260102-1915-BULL-OBS-001071-Z001071-OC","2026-01-02T19:20:00.0000000",1072,"2026-01-02T20:20:00.0000000",1084,"Long",25409.00,25338.88,70.12,2,0.25,0.50,1,1,140.24,140.24,48.00,21.50,96.00,43.00,0.6845,0.3066,False,False,False,False,False,12,"ObservationConfirm_WideStop1_5R",,,,,,,False,False,False,,20,21.50,"Zone",0,"Scratch","ResearchWindowEnd",0,0,0.3066,False,"","",,,"",0,0,0,0,0,0,0,"Scratch","ResearchOHLC",False,True,False,"ResearchOnlyMode",0,0,1
"OPF-20260725-151004","OPF_0.1","OPF_RESEARCH_2.15","MNQ_0.1","MNQ_1Contract_Target150_200","OPF_PROFILE_0.1","20260102-1915-BULL-OBS-001071-Z001071-OC","2026-01-02T19:20:00.0000000",1072,"2026-01-02T20:20:00.0000000",1084,"Long",25409.00,25362.25,46.75,2,0.25,0.50,1,1,93.50,93.50,48.00,21.50,96.00,43.00,1.0267,0.4599,True,False,False,False,False,12,"ObservationConfirm",,1076,,,,,False,False,False,20,20,14.00,"Zone",0,"Good","ResearchWindowEnd",0,0,0.2995,False,"","",,,"",0,0,0,0,0,0,0,"Good","ResearchOHLC",False,True,False,"ResearchOnlyMode",0,0,1
"OPF-20260725-151004","OPF_0.1","OPF_RESEARCH_2.15","MNQ_0.1","MNQ_1Contract_Target150_200","OPF_PROFILE_0.1","20260102-1920-BULL-OBS-001072-Z001071-OC-STR","2026-01-02T19:25:00.0000000",1073,"2026-01-02T20:25:00.0000000",1085,"Long",25411.25,25337.75,73.50,2,0.25,0.50,1,1,147.00,147.00,45.75,23.75,91.50,47.50,0.6224,0.3231,False,False,False,False,False,12,"ObservationStrict_Other_WideStop1_5R",,,,,,,False,False,False,,15,23.75,"Zone",0,"Scratch","ResearchWindowEnd",0,0,0.3231,False,"","",,,"",0,0,0,0,0,0,0,"Scratch","ResearchOHLC",False,True,False,"ResearchOnlyMode",0,0,1
"OPF-20260725-151004","OPF_0.1","OPF_RESEARCH_2.15","MNQ_0.1","MNQ_1Contract_Target150_200","OPF_PROFILE_0.1","20260102-1920-BULL-OBS-001072-Z001071-OC-STR","2026-01-02T19:25:00.0000000",1073,"2026-01-02T20:25:00.0000000",1085,"Long",25411.25,25362.25,49.00,2,0.25,0.50,1,1,98.00,98.00,45.75,23.75,91.50,47.50,0.9337,0.4847,False,False,False,False,False,12,"ObservationStrict_Other",,,,,,,False,False,False,,15,23.75,"Zone",0,"Scratch","ResearchWindowEnd",0,0,0.4847,False,"","",,,"",0,0,0,0,0,0,0,"Scratch","ResearchOHLC",False,True,False,"ResearchOnlyMode",0,0,1
"OPF-20260725-151004","OPF_0.1","OPF_RESEARCH_2.15","MNQ_0.1","MNQ_1Contract_Target150_200","OPF_PROFILE_0.1","20260102-1920-BULL-OBS-001072-Z001071-OC","2026-01-02T19:25:00.0000000",1073,"2026-01-02T20:25:00.0000000",1085,"Long",25411.25,25337.75,73.50,2,0.25,0.50,1,1,147.00,147.00,45.75,23.75,91.50,47.50,0.6224,0.3231,False,False,False,False,False,12,"ObservationConfirm_WideStop1_5R",,,,,,,False,False,False,,15,23.75,"Zone",0,"Scratch","ResearchWindowEnd",0,0,0.3231,False,"","",,,"",0,0,0,0,0,0,0,"Scratch","ResearchOHLC",False,True,False,"ResearchOnlyMode",0,0,1
"OPF-20260725-151004","OPF_0.1","OPF_RESEARCH_2.15","MNQ_0.1","MNQ_1Contract_Target150_200","OPF_PROFILE_0.1","20260102-1920-BULL-OBS-001072-Z001071-OC","2026-01-02T19:25:00.0000000",1073,"2026-01-02T20:25:00.0000000",1085,"Long",25411.25,25362.25,49.00,2,0.25,0.50,1,1,98.00,98.00,45.75,23.75,91.50,47.50,0.9337,0.4847,False,False,False,False,False,12,"ObservationConfirm",,,,,,,False,False,False,,15,23.75,"Zone",0,"Scratch","ResearchWindowEnd",0,0,0.4847,False,"","",,,"",0,0,0,0,0,0,0,"Scratch","ResearchOHLC",False,True,False,"ResearchOnlyMode",0,0,1
"OPF-20260725-151004","OPF_0.1","OPF_RESEARCH_2.15","MNQ_0.1","MNQ_1Contract_Target150_200","OPF_PROFILE_0.1","20260102-1935-BULL-OBS-001075-Z001075","2026-01-02T19:35:00.0000000",1075,"2026-01-02T20:35:00.0000000",1087,"Long",25440.75,25419.50,21.25,2,0.25,0.50,1,1,42.50,42.50,16.25,53.25,32.50,106.50,0.7647,2.5059,False,False,False,False,False,12,"ZoneBirthResearch",1078,,,,,,True,False,False,,5,53.25,"Zone",0,"Catastrophic","ResearchWindowEnd",0,0,2.5059,False,"","",,,"",0,0,0,0,0,0,0,"Catastrophic","ResearchOHLC",False,True,False,"ResearchOnlyMode",0,0,1
"OPF-20260725-151004","OPF_0.1","OPF_RESEARCH_2.15","MNQ_0.1","MNQ_1Contract_Target150_200","OPF_PROFILE_0.1","20260102-1935-BULL-OBS-001075-Z001075-OC-STR","2026-01-02T19:40:00.0000000",1076,"2026-01-02T20:40:00.0000000",1088,"Long",25434.25,25412.13,22.12,2,0.25,0.50,1,1,44.24,44.24,15.75,46.75,31.50,93.50,0.7120,2.1135,False,False,False,False,False,12,"ObservationStrict_BullFresh_WideStop1_5R",1078,,,,,,True,False,False,,40,46.75,"Zone",0,"Catastrophic","ResearchWindowEnd",0,0,2.1135,False,"","",,,"",0,0,0,0,0,0,0,"Catastrophic","ResearchOHLC",False,True,False,"ResearchOnlyMode",0,0,1
"OPF-20260725-151004","OPF_0.1","OPF_RESEARCH_2.15","MNQ_0.1","MNQ_1Contract_Target150_200","OPF_PROFILE_0.1","20260102-1935-BULL-OBS-001075-Z001075-OC-STR","2026-01-02T19:40:00.0000000",1076,"2026-01-02T20:40:00.0000000",1088,"Long",25434.25,25419.50,14.75,2,0.25,0.50,1,1,29.50,29.50,15.75,46.75,31.50,93.50,1.0678,3.1695,True,False,False,False,False,12,"ObservationStrict_BullFresh",1078,1084,,,,,True,False,False,40,40,46.75,"Zone",0,"Catastrophic","ResearchWindowEnd",0,0,3.1695,False,"","",,,"",0,0,0,0,0,0,0,"Catastrophic","ResearchOHLC",False,True,False,"ResearchOnlyMode",0,0,1
"OPF-20260725-151004","OPF_0.1","OPF_RESEARCH_2.15","MNQ_0.1","MNQ_1Contract_Target150_200","OPF_PROFILE_0.1","20260102-1935-BULL-OBS-001075-Z001075-OC","2026-01-02T19:40:00.0000000",1076,"2026-01-02T20:40:00.0000000",1088,"Long",25434.25,25412.13,22.12,2,0.25,0.50,1,1,44.24,44.24,15.75,46.75,31.50,93.50,0.7120,2.1135,False,False,False,False,False,12,"ObservationConfirm_WideStop1_5R",1078,,,,,,True,False,False,,40,46.75,"Zone",0,"Catastrophic","ResearchWindowEnd",0,0,2.1135,False,"","",,,"",0,0,0,0,0,0,0,"Catastrophic","ResearchOHLC",False,True,False,"ResearchOnlyMode",0,0,1
"OPF-20260725-151004","OPF_0.1","OPF_RESEARCH_2.15","MNQ_0.1","MNQ_1Contract_Target150_200","OPF_PROFILE_0.1","20260102-1935-BULL-OBS-001075-Z001075-OC","2026-01-02T19:40:00.0000000",1076,"2026-01-02T20:40:00.0000000",1088,"Long",25434.25,25419.50,14.75,2,0.25,0.50,1,1,29.50,29.50,15.75,46.75,31.50,93.50,1.0678,3.1695,True,False,False,False,False,12,"ObservationConfirm",1078,1084,,,,,True,False,False,40,40,46.75,"Zone",0,"Catastrophic","ResearchWindowEnd",0,0,3.1695,False,"","",,,"",0,0,0,0,0,0,0,"Catastrophic","ResearchOHLC",False,True,False,"ResearchOnlyMode",0,0,1
"OPF-20260725-151004","OPF_0.1","OPF_RESEARCH_2.15","MNQ_0.1","MNQ_1Contract_Target150_200","OPF_PROFILE_0.1","20260102-1945-BULL-OBS-001077-Z001075","2026-01-02T19:45:00.0000000",1077,"2026-01-02T20:45:00.0000000",1089,"Long",25434.75,25419.50,15.25,2,0.25,0.50,1,1,30.50,30.50,15.25,65.75,30.50,131.50,1,4.3115,True,False,False,False,False,12,"UnknownRegimeZoneTouch",1078,1084,,,,,True,False,False,35,35,47.25,"Zone",0,"Catastrophic","ResearchWindowEnd",0,0,3.0984,False,"","",,,"",0,0,0,0,0,0,0,"Catastrophic","ResearchOHLC",False,True,False,"ResearchOnlyMode",0,0,1
"OPF-20260725-151004","OPF_0.1","OPF_RESEARCH_2.15","MNQ_0.1","MNQ_1Contract_Target150_200","OPF_PROFILE_0.1","20260102-1945-BULL-OBS-001077-Z001075-FR","2026-01-02T19:50:00.0000000",1078,"2026-01-02T20:50:00.0000000",1090,"Short",25418.50,25429.38,10.88,2,0.25,0.50,1,1,21.76,21.76,49.50,31.50,99.00,63.00,4.5496,2.8952,True,True,True,True,True,12,"FailureReverse_ObservationInvalidated_WideStop1_5R",1082,1079,1079,1079,1079,1089,False,False,False,5,55,2.25,"Zone",0,"Excellent","ResearchWindowEnd",0,0,0.2068,False,"","",,,"",0,0,0,0,0,0,0,"Excellent","ResearchOHLC",False,True,False,"ResearchOnlyMode",0,0,1
"OPF-20260725-151004","OPF_0.1","OPF_RESEARCH_2.15","MNQ_0.1","MNQ_1Contract_Target150_200","OPF_PROFILE_0.1","20260102-1945-BULL-OBS-001077-Z001075-FR","2026-01-02T19:50:00.0000000",1078,"2026-01-02T20:50:00.0000000",1090,"Short",25418.50,25425.75,7.25,2,0.25,0.50,1,1,14.50,14.50,49.50,31.50,99.00,63.00,6.8276,4.3448,True,True,True,True,True,12,"FailureReverse_ObservationInvalidated",1082,1079,1079,1079,1079,1079,False,False,False,5,55,2.25,"Zone",0,"Excellent","ResearchWindowEnd",0,0,0.3103,False,"","",,,"",0,0,0,0,0,0,0,"Excellent","ResearchOHLC",False,True,False,"ResearchOnlyMode",0,0,1
"OPF-20260725-151004","OPF_0.1","OPF_RESEARCH_2.15","MNQ_0.1","MNQ_1Contract_Target150_200","OPF_PROFILE_0.1","20260102-1955-BEAR-OBS-001079-Z001079","2026-01-02T19:55:00.0000000",1079,"2026-01-02T20:55:00.0000000",1091,"Short",25400.00,25422.25,22.25,2,0.25,0.50,1,1,44.50,44.50,34.00,50.00,68.00,100.00,1.5281,2.2472,True,True,False,False,False,12,"ZoneBirthResearch",1082,1089,1091,,,,True,False,False,50,60,50.00,"Zone",0,"Catastrophic","ResearchWindowEnd",0,0,2.2472,False,"","",,,"",0,0,0,0,0,0,0,"Catastrophic","ResearchOHLC",False,True,False,"ResearchOnlyMode",0,0,1
"OPF-20260725-151004","OPF_0.1","OPF_RESEARCH_2.15","MNQ_0.1","MNQ_1Contract_Target150_200","OPF_PROFILE_0.1","20260102-1945-BULL-OBS-001077-Z001075-FR-AEW1","2026-01-02T19:55:00.0000000",1079,"2026-01-02T20:55:00.0000000",1091,"Short",25400.00,25431.88,31.88,2,0.25,0.50,1,1,63.76,63.76,34.00,50.00,68.00,100.00,1.0665,1.5684,True,False,False,False,False,12,"FailureReverse_ObservationInvalidated_WideStop1_5R",1082,1091,,,,,True,False,False,60,60,50.00,"Zone",0,"Catastrophic","ResearchWindowEnd",0,0,1.5684,False,"","",,,"",0,0,0,0,0,0,0,"Catastrophic","ResearchOHLC",False,True,False,"ResearchOnlyMode",0,0,1
"OPF-20260725-151004","OPF_0.1","OPF_RESEARCH_2.15","MNQ_0.1","MNQ_1Contract_Target150_200","OPF_PROFILE_0.1","20260102-1945-BULL-OBS-001077-Z001075-FR-RT","2026-01-02T20:00:00.0000000",1080,"2026-01-02T21:00:00.0000000",1092,"Short",25410.25,25433.50,23.25,2,0.25,0.50,1,1,46.50,46.50,44.25,39.75,88.50,79.50,1.9032,1.7097,True,True,False,False,False,12,"FailureReverse_RetestFailed_WideStop1_5R",1082,1089,1089,,,,True,False,False,45,55,39.75,"Zone",0,"Catastrophic","ResearchWindowEnd",0,0,1.7097,False,"","",,,"",0,0,0,0,0,0,0,"Catastrophic","ResearchOHLC",False,True,False,"ResearchOnlyMode",0,0,1
"OPF-20260725-151004","OPF_0.1","OPF_RESEARCH_2.15","MNQ_0.1","MNQ_1Contract_Target150_200","OPF_PROFILE_0.1","20260102-1945-BULL-OBS-001077-Z001075-FR-RT","2026-01-02T20:00:00.0000000",1080,"2026-01-02T21:00:00.0000000",1092,"Short",25410.25,25425.75,15.50,2,0.25,0.50,1,1,31.00,31.00,44.25,39.75,88.50,79.50,2.8548,2.5645,True,True,True,True,False,12,"FailureReverse_RetestFailed",1082,1088,1089,1089,1089,,True,False,False,40,55,39.75,"Zone",0,"Catastrophic","ResearchWindowEnd",0,0,2.5645,False,"","",,,"",0,0,0,0,0,0,0,"Catastrophic","ResearchOHLC",False,True,False,"ResearchOnlyMode",0,0,1
"OPF-20260725-151004","OPF_0.1","OPF_RESEARCH_2.15","MNQ_0.1","MNQ_1Contract_Target150_200","OPF_PROFILE_0.1","20260102-1955-BEAR-OBS-001079-Z001079-OC","2026-01-02T20:00:00.0000000",1080,"2026-01-02T21:00:00.0000000",1092,"Short",25410.25,25428.25,18.00,2,0.25,0.50,1,1,36.00,36.00,44.25,39.75,88.50,79.50,2.4583,2.2083,True,True,True,False,False,12,"ObservationConfirm_WideStop1_5R",1082,1088,1089,1089,,,True,False,False,40,55,39.75,"Zone",0,"Catastrophic","ResearchWindowEnd",0,0,2.2083,False,"","",,,"",0,0,0,0,0,0,0,"Catastrophic","ResearchOHLC",False,True,False,"ResearchOnlyMode",0,0,1
"OPF-20260725-151004","OPF_0.1","OPF_RESEARCH_2.15","MNQ_0.1","MNQ_1Contract_Target150_200","OPF_PROFILE_0.1","20260102-1955-BEAR-OBS-001079-Z001079-OC","2026-01-02T20:00:00.0000000",1080,"2026-01-02T21:00:00.0000000",1092,"Short",25410.25,25422.25,12.00,2,0.25,0.50,1,1,24.00,24.00,44.25,39.75,88.50,79.50,3.6875,3.3125,True,True,True,True,True,12,"ObservationConfirm",1082,1088,1088,1089,1089,1089,True,False,False,40,55,39.75,"Zone",0,"Catastrophic","ResearchWindowEnd",0,0,3.3125,False,"","",,,"",0,0,0,0,0,0,0,"Catastrophic","ResearchOHLC",False,True,False,"ResearchOnlyMode",0,0,1
"OPF-20260725-151004","OPF_0.1","OPF_RESEARCH_2.15","MNQ_0.1","MNQ_1Contract_Target150_200","OPF_PROFILE_0.1","20260102-2045-BEAR-OBS-001089-Z001089","2026-01-02T20:45:00.0000000",1089,"2026-01-02T21:45:00.0000000",1101,"Short",25380.00,25411.50,31.50,2,0.25,0.50,1,1,63.00,63.00,14.00,35.00,28.00,70.00,0.4444,1.1111,False,False,False,False,False,12,"ZoneBirthResearch",1092,,,,,,True,False,False,,10,35.00,"Zone",0,"Catastrophic","ResearchWindowEnd",0,0,1.1111,False,"","",,,"",0,0,0,0,0,0,0,"Catastrophic","ResearchOHLC",False,True,False,"ResearchOnlyMode",0,0,1
"OPF-20260725-151004","OPF_0.1","OPF_RESEARCH_2.15","MNQ_0.1","MNQ_1Contract_Target150_200","OPF_PROFILE_0.1","20260102-2050-BEAR-OBS-001090-Z001089","2026-01-02T20:50:00.0000000",1090,"2026-01-02T21:50:00.0000000",1102,"Short",25378.75,25411.50,32.75,2,0.25,0.50,1,1,65.50,65.50,12.75,36.25,25.50,72.50,0.3893,1.1069,False,False,False,False,False,12,"UnknownRegimeZoneTouch",1092,,,,,,True,False,False,,5,36.25,"Zone",0,"Catastrophic","ResearchWindowEnd",0,0,1.1069,False,"","",,,"",0,0,0,0,0,0,0,"Catastrophic","ResearchOHLC",False,True,False,"ResearchOnlyMode",0,0,1
"OPF-20260725-151004","OPF_0.1","OPF_RESEARCH_2.15","MNQ_0.1","MNQ_1Contract_Target150_200","OPF_PROFILE_0.1","20260102-2045-BEAR-OBS-001089-Z001089-OC","2026-01-02T20:50:00.0000000",1090,"2026-01-02T21:50:00.0000000",1102,"Short",25378.75,25427.87,49.12,2,0.25,0.50,1,1,98.24,98.24,12.75,36.25,25.50,72.50,0.2596,0.7380,False,False,False,False,False,12,"ObservationConfirm_WideStop1_5R",,,,,,,False,False,False,,5,36.25,"Zone",0,"Poor","ResearchWindowEnd",0,0,0.7380,False,"","",,,"",0,0,0,0,0,0,0,"Poor","ResearchOHLC",False,True,False,"ResearchOnlyMode",0,0,1
"OPF-20260725-151004","OPF_0.1","OPF_RESEARCH_2.15","MNQ_0.1","MNQ_1Contract_Target150_200","OPF_PROFILE_0.1","20260102-2045-BEAR-OBS-001089-Z001089-OC","2026-01-02T20:50:00.0000000",1090,"2026-01-02T21:50:00.0000000",1102,"Short",25378.75,25411.50,32.75,2,0.25,0.50,1,1,65.50,65.50,12.75,36.25,25.50,72.50,0.3893,1.1069,False,False,False,False,False,12,"ObservationConfirm",1092,,,,,,True,False,False,,5,36.25,"Zone",0,"Catastrophic","ResearchWindowEnd",0,0,1.1069,False,"","",,,"",0,0,0,0,0,0,0,"Catastrophic","ResearchOHLC",False,True,False,"ResearchOnlyMode",0,0,1
"OPF-20260725-151004","OPF_0.1","OPF_RESEARCH_2.15","MNQ_0.1","MNQ_1Contract_Target150_200","OPF_PROFILE_0.1","20260102-2050-BEAR-OBS-001090-Z001089-OC-STR","2026-01-02T20:55:00.0000000",1091,"2026-01-02T21:55:00.0000000",1103,"Short",25385.25,25424.63,39.38,2,0.25,0.50,1,1,78.76,78.76,6.75,29.75,13.50,59.50,0.1714,0.7555,False,False,False,False,False,12,"ObservationStrict_Other_WideStop1_5R",,,,,,,False,False,False,,55,29.75,"Zone",0,"Poor","ResearchWindowEnd",0,0,0.7555,False,"","",,,"",0,0,0,0,0,0,0,"Poor","ResearchOHLC",False,True,False,"ResearchOnlyMode",0,0,1
"OPF-20260725-151004","OPF_0.1","OPF_RESEARCH_2.15","MNQ_0.1","MNQ_1Contract_Target150_200","OPF_PROFILE_0.1","20260102-2050-BEAR-OBS-001090-Z001089-OC-STR","2026-01-02T20:55:00.0000000",1091,"2026-01-02T21:55:00.0000000",1103,"Short",25385.25,25411.50,26.25,2,0.25,0.50,1,1,52.50,52.50,6.75,29.75,13.50,59.50,0.2571,1.1333,False,False,False,False,False,12,"ObservationStrict_Other",1092,,,,,,True,False,False,,55,29.75,"Zone",0,"Catastrophic","ResearchWindowEnd",0,0,1.1333,False,"","",,,"",0,0,0,0,0,0,0,"Catastrophic","ResearchOHLC",False,True,False,"ResearchOnlyMode",0,0,1
"OPF-20260725-151004","OPF_0.1","OPF_RESEARCH_2.15","MNQ_0.1","MNQ_1Contract_Target150_200","OPF_PROFILE_0.1","20260102-2050-BEAR-OBS-001090-Z001089-OC","2026-01-02T20:55:00.0000000",1091,"2026-01-02T21:55:00.0000000",1103,"Short",25385.25,25424.63,39.38,2,0.25,0.50,1,1,78.76,78.76,6.75,29.75,13.50,59.50,0.1714,0.7555,False,False,False,False,False,12,"ObservationConfirm_WideStop1_5R",,,,,,,False,False,False,,55,29.75,"Zone",0,"Poor","ResearchWindowEnd",0,0,0.7555,False,"","",,,"",0,0,0,0,0,0,0,"Poor","ResearchOHLC",False,True,False,"ResearchOnlyMode",0,0,1
"OPF-20260725-151004","OPF_0.1","OPF_RESEARCH_2.15","MNQ_0.1","MNQ_1Contract_Target150_200","OPF_PROFILE_0.1","20260102-2050-BEAR-OBS-001090-Z001089-OC","2026-01-02T20:55:00.0000000",1091,"2026-01-02T21:55:00.0000000",1103,"Short",25385.25,25411.50,26.25,2,0.25,0.50,1,1,52.50,52.50,6.75,29.75,13.50,59.50,0.2571,1.1333,False,False,False,False,False,12,"ObservationConfirm",1092,,,,,,True,False,False,,55,29.75,"Zone",0,"Catastrophic","ResearchWindowEnd",0,0,1.1333,False,"","",,,"",0,0,0,0,0,0,0,"Catastrophic","ResearchOHLC",False,True,False,"ResearchOnlyMode",0,0,1
"OPF-20260725-151004","OPF_0.1","OPF_RESEARCH_2.15","MNQ_0.1","MNQ_1Contract_Target150_200","OPF_PROFILE_0.1","20260102-2155-BEAR-OBS-001103-Z001102","2026-01-02T21:55:00.0000000",1103,"2026-01-02T21:55:00.0000000",1103,"Short",25393.75,25396.50,2.75,2,0.25,0.50,1,1,5.50,5.50,0,0,0,0,0,0,False,False,False,False,False,0,"UnknownRegimeZoneTouch",,,,,,,False,False,False,,,0,"Zone",0,"Poor","ResearchStopped",0,0,0,False,"","",,,"",0,0,0,0,0,0,0,"Poor","ResearchOHLC",False,True,False,"ResearchOnlyMode",0,0,1
"OPF-20260725-151004","OPF_0.1","OPF_RESEARCH_2.15","MNQ_0.1","MNQ_1Contract_Target150_200","OPF_PROFILE_0.1","20260102-2150-BEAR-OBS-001102-Z001102","2026-01-02T21:50:00.0000000",1102,"2026-01-02T21:55:00.0000000",1103,"Short",25384.00,25396.50,12.50,2,0.25,0.50,1,1,25.00,25.00,1.25,12.50,2.50,25.00,0.1,1,False,False,False,False,False,1,"ZoneBirthResearch",1103,,,,,,True,False,False,,5,12.50,"Zone",0,"Catastrophic","ResearchStopped",0,0,1,False,"","",,,"",0,0,0,0,0,0,0,"Catastrophic","ResearchOHLC",False,True,False,"ResearchOnlyMode",0,0,1
