SnapshotID,TradeID,Sequence,Kind,Reason,RecordedDailyTradeCount,PreTradeCount,PreDailyNet
OPF-20260728-041610,20260102-0110-Long-854,35,Execute,,0.0,0,0.0
OPF-20260728-041610,20260102-0115-Long-855,42,Execute,,0.0,0,0.0
OPF-20260728-041610,20260102-0120-Long-856,60,Execute,,1.0,1,-50.1
OPF-20260728-041610,20260102-0205-Long-865,97,Execute,,2.0,2,66.30000000000001
OPF-20260728-041610,20260102-0210-Long-866-S2,107,Execute,,3.0,3,66.30000000000001
OPF-20260728-041610,20260102-0310-Long-878,148,Execute,,4.0,4,441.6
OPF-20260728-041610,20260102-0510-Short-902,172,Execute,,5.0,5,571.0
OPF-20260728-041610,20260102-0525-Long-905,190,Execute,,6.0,6,534.4
OPF-20260728-041610,20260102-0600-Long-912,215,Execute,,7.0,7,494.29999999999995
OPF-20260728-041610,20260102-0605-Long-913-S2,226,Execute,,8.0,8,494.29999999999995
OPF-20260728-041610,20260102-0855-Long-947,284,Execute,,9.0,9,404.0999999999999
OPF-20260728-041610,20260102-0855-Long-947-S2,298,Execute,,10.0,10,404.0999999999999
OPF-20260728-041610,20260102-1030-Short-966,332,Execute,,11.0,11,550.8999999999999
OPF-20260728-041610,20260102-1420-Short-1012,404,Execute,,12.0,12,437.29999999999984
OPF-20260728-041824,20260105-0025-Long-845,25,Execute,,0.0,0,0.0
OPF-20260728-041824,20260105-0155-Short-863,55,Execute,,1.0,1,-66.1
OPF-20260728-041824,20260105-0255-Long-875,89,Execute,,2.0,2,-177.7
OPF-20260728-041824,20260105-0450-Long-898,121,Execute,,3.0,3,-226.29999999999998
OPF-20260728-041824,20260105-0455-Long-899-S2,134,Execute,,4.0,4,-226.29999999999998
OPF-20260728-041824,,170,Decision,"LiveDailyLoss:net=-355.5,limit=250",,5,-355.5
OPF-20260728-041824,,172,Decision,"LiveDailyLoss:net=-355.5,limit=250",,5,-355.5
OPF-20260728-041824,,175,Decision,"LiveDailyLoss:net=-355.5,limit=250",,5,-355.5
OPF-20260728-041824,,176,Decision,"LiveDailyLoss:net=-355.5,limit=250",,5,-355.5
OPF-20260728-041824,,180,Decision,"LiveDailyLoss:net=-355.5,limit=250",,5,-355.5
OPF-20260728-041824,,181,Decision,"LiveDailyLoss:net=-355.5,limit=250",,5,-355.5
OPF-20260728-041824,,184,Decision,"LiveDailyLoss:net=-355.5,limit=250",,5,-355.5
OPF-20260728-041824,,185,Decision,"LiveDailyLoss:net=-355.5,limit=250",,5,-355.5
OPF-20260728-041824,,194,Decision,"LiveDailyLoss:net=-355.5,limit=250",,5,-355.5
OPF-20260728-041824,,202,Decision,"LiveDailyLoss:net=-355.5,limit=250",,5,-355.5
OPF-20260728-041824,,213,Decision,"LiveDailyLoss:net=-355.5,limit=250",,5,-355.5
OPF-20260728-041824,,217,Decision,"LiveDailyLoss:net=-355.5,limit=250",,5,-355.5
OPF-20260728-041824,,230,Decision,"LiveDailyLoss:net=-355.5,limit=250",,5,-355.5
OPF-20260728-041824,,257,Decision,"LiveDailyLoss:net=-355.5,limit=250",,5,-355.5
OPF-20260728-041824,,263,Decision,"LiveDailyLoss:net=-355.5,limit=250",,5,-355.5
OPF-20260728-041824,,264,Decision,"LiveDailyLoss:net=-355.5,limit=250",,5,-355.5
OPF-20260728-041824,,268,Decision,"LiveDailyLoss:net=-355.5,limit=250",,5,-355.5
OPF-20260728-041824,,269,Decision,"LiveDailyLoss:net=-355.5,limit=250",,5,-355.5
OPF-20260728-041824,,270,Decision,"LiveDailyLoss:net=-355.5,limit=250",,5,-355.5
OPF-20260728-041824,,271,Decision,"LiveDailyLoss:net=-355.5,limit=250",,5,-355.5
OPF-20260728-041824,,273,Decision,"LiveDailyLoss:net=-355.5,limit=250",,5,-355.5
OPF-20260728-041824,,349,Decision,"LiveDailyLoss:net=-355.5,limit=250",,5,-355.5
OPF-20260728-041824,,354,Decision,"LiveDailyLoss:net=-355.5,limit=250",,5,-355.5
OPF-20260728-042020,20260105-2320-Short-832,8,Execute,,0.0,0,0.0
OPF-20260728-042020,20260106-0005-Short-841,32,Execute,,1.0,1,-32.6
OPF-20260728-042020,20260106-0710-Short-926,148,Execute,,2.0,2,-161.7
OPF-20260728-042020,20260106-1405-Short-1009,240,Execute,,3.0,3,-87.79999999999998
OPF-20260728-042213,20260107-0245-Short-873,38,Execute,,0.0,0,0.0
OPF-20260728-042213,20260107-0400-Short-888,73,Execute,,1.0,1,35.4
OPF-20260728-042213,20260107-0410-Short-890-S2,88,Execute,,2.0,2,35.4
OPF-20260728-042213,20260107-0645-Short-921,166,Execute,,3.0,3,200.2
OPF-20260728-042213,20260107-0835-Short-943,199,Execute,,4.0,4,134.1
OPF-20260728-042213,20260107-1040-Short-968,251,Execute,,5.0,5,201.0
OPF-20260728-042426,20260108-0000-Short-1116,10,Execute,,0.0,0,0.0
OPF-20260728-042426,20260108-0220-Short-1144,77,Execute,,1.0,1,52.9
OPF-20260728-042426,20260108-0255-Short-1151,113,Execute,,2.0,2,162.3
OPF-20260728-042426,20260108-0525-Short-1181,140,Execute,,3.0,3,251.70000000000002
OPF-20260728-042426,20260108-0925-Short-1229,202,Execute,,4.0,4,361.6
OPF-20260728-042426,20260108-0940-Short-1232-S2,215,Execute,,5.0,5,361.6
OPF-20260728-042426,20260108-1210-Short-1262,265,Execute,,6.0,6,389.9
OPF-20260728-042426,20260108-1300-Short-1272,292,Execute,,7.0,7,329.79999999999995
OPF-20260728-042426,20260108-1420-Short-1288,323,Execute,,8.0,8,293.19999999999993
OPF-20260728-042426,20260108-1425-Short-1289-S2,338,Execute,,9.0,9,293.19999999999993
OPF-20260728-042426,20260108-1800-Short-1332,395,Execute,,10.0,10,204.00999999999993
OPF-20260728-042625,20260108-2335-Short-1111,9,Execute,,0.0,0,0.0
OPF-20260728-042625,20260109-0110-Short-1130,41,Execute,,1.0,1,105.9
OPF-20260728-042625,20260109-0730-Short-1206,149,Execute,,2.0,2,252.3
OPF-20260728-042625,20260109-0730-Short-1206-S2,161,Execute,,3.0,3,252.3
OPF-20260728-042625,20260109-0755-Short-1211,210,Execute,,4.0,4,95.60000000000002
OPF-20260728-042625,20260109-1200-Short-1260,267,Execute,,5.0,5,33.50000000000002
OPF-20260728-042625,20260109-1220-Short-1264,292,Execute,,6.0,6,-9.09999999999998
OPF-20260728-042818,20260112-0045-Short-1125,19,Execute,,0.0,0,0.0
OPF-20260728-042818,20260112-0205-Short-1141,49,Execute,,1.0,1,183.9
OPF-20260728-042818,20260112-0255-Short-1151-S2,75,Execute,,2.0,2,183.9
OPF-20260728-042818,20260112-0520-Short-1180,143,Execute,,3.0,3,411.20000000000005
OPF-20260728-042818,20260112-0720-Long-1204,207,Execute,,4.0,4,528.6
OPF-20260728-042818,20260112-0825-Short-1217,225,Execute,,5.0,5,462.0
OPF-20260728-042818,20260112-0925-Short-1229,278,Execute,,6.0,6,459.4
OPF-20260728-042818,20260112-1055-Short-1247,325,Execute,,7.0,7,480.79999999999995
OPF-20260728-042818,20260112-1815-Long-1335,403,Execute,,8.0,8,432.19999999999993
OPF-20260728-042818,20260112-2140-Long-1376,455,Execute,,9.0,9,358.0999999999999
OPF-20260728-043011,20260112-2335-Short-1111,10,Execute,,0.0,0,0.0
OPF-20260728-043011,20260113-0000-Short-1116,48,Execute,,1.0,1,91.9
OPF-20260728-043011,20260113-0040-Short-1124-S2,67,Execute,,2.0,2,91.9
OPF-20260728-043011,20260113-0245-Long-1149,117,Execute,,3.0,3,392.70000000000005
OPF-20260728-043011,20260113-0245-Long-1149-S2,127,Execute,,4.0,4,392.70000000000005
OPF-20260728-043011,20260113-0305-Long-1153,156,Execute,,5.0,5,254.00000000000003
OPF-20260728-043011,20260113-0400-Long-1164,193,Execute,,6.0,6,317.40000000000003
OPF-20260728-043011,20260113-0540-Long-1184,238,Execute,,7.0,7,382.80000000000007
OPF-20260728-043011,20260113-0550-Long-1186-S2,249,Execute,,8.0,8,382.80000000000007
OPF-20260728-043011,20260113-0705-Short-1201,287,Execute,,9.0,9,621.6
OPF-20260728-043011,20260113-0705-Short-1201-S2,299,Execute,,10.0,10,621.6
OPF-20260728-043011,20260113-0935-Long-1231,337,Execute,,11.0,11,482.4
OPF-20260728-043011,20260113-1000-Short-1236,361,Execute,,12.0,12,435.29999999999995
OPF-20260728-043011,20260113-1010-Short-1238,369,Execute,,12.0,12,435.29999999999995
OPF-20260728-043011,20260113-1020-Short-1240-S2,384,Execute,,13.0,13,435.29999999999995
OPF-20260728-043011,20260113-1310-Short-1274,445,Execute,,14.0,14,270.0999999999999
OPF-20260728-043011,,481,Decision,max=15,,15,207.49999999999991
OPF-20260728-043011,,536,Decision,max=15,,15,207.49999999999991
OPF-20260728-043011,,537,Decision,max=15,,15,207.49999999999991
OPF-20260728-043011,,554,Decision,max=15,,15,207.49999999999991
OPF-20260728-043210,20260113-2325-Short-1109,10,Execute,,0.0,0,0.0
OPF-20260728-043210,20260114-0125-Long-1133,40,Execute,,1.0,1,-109.6
OPF-20260728-043210,20260114-0320-Long-1156,78,Execute,,2.0,2,-165.7
OPF-20260728-043210,20260114-0455-Short-1175,118,Execute,,3.0,3,-195.29999999999998
OPF-20260728-043210,20260114-0455-Short-1175-S2,129,Execute,,4.0,4,-195.29999999999998
OPF-20260728-043210,20260114-0530-Short-1182,163,Execute,,5.0,5,-23.49999999999997
OPF-20260728-043210,20260114-0555-Short-1187,184,Execute,,6.0,6,-67.09999999999997
OPF-20260728-043210,20260114-0615-Short-1191,211,Execute,,7.0,7,8.80000000000004
OPF-20260728-043210,20260114-0705-Long-1201,231,Execute,,8.0,8,-53.29999999999996
OPF-20260728-043210,20260114-0930-Short-1230,263,Execute,,9.0,9,-98.39999999999996
OPF-20260728-043210,20260114-0935-Short-1231-S2,277,Execute,,10.0,10,-98.39999999999996
OPF-20260728-043210,20260114-1015-Short-1239,328,Execute,,11.0,11,144.40000000000003
OPF-20260728-043210,20260114-1050-Short-1246-S2,342,Execute,,12.0,12,144.40000000000003
OPF-20260728-043210,20260114-1900-Short-1344,475,Execute,,13.0,13,662.2
OPF-20260728-043419,20260115-0400-Short-1164,42,Execute,,0.0,0,0.0
OPF-20260728-043419,20260115-0525-Long-1181,74,Execute,,1.0,1,-80.1
OPF-20260728-043419,20260115-0550-Long-1186,97,Execute,,2.0,2,59.80000000000001
OPF-20260728-043419,20260115-0605-Short-1189,119,Execute,,3.0,3,8.70000000000001
OPF-20260728-043419,20260115-0650-Long-1198,143,Execute,,4.0,4,-35.89999999999999
OPF-20260728-043419,20260115-0945-Long-1233,184,Execute,,5.0,5,-189.0
OPF-20260728-043419,,209,Decision,"LiveDailyLoss:net=-315.6,limit=250",,6,-315.6
OPF-20260728-043419,,210,Decision,"LiveDailyLoss:net=-315.6,limit=250",,6,-315.6
OPF-20260728-043419,,214,Decision,"LiveDailyLoss:net=-315.6,limit=250",,6,-315.6
OPF-20260728-043419,,226,Decision,"LiveDailyLoss:net=-315.6,limit=250",,6,-315.6
OPF-20260728-043419,,227,Decision,"LiveDailyLoss:net=-315.6,limit=250",,6,-315.6
OPF-20260728-043419,,275,Decision,"LiveDailyLoss:net=-315.6,limit=250",,6,-315.6
OPF-20260728-043419,,292,Decision,"LiveDailyLoss:net=-315.6,limit=250",,6,-315.6
OPF-20260728-043617,20260115-2355-Long-1115,7,Execute,,0.0,0,0.0
OPF-20260728-043617,20260115-2355-Long-1115-S2,19,Execute,,1.0,1,0.0
OPF-20260728-043617,20260116-0010-Long-1118-S2,37,Execute,,2.0,2,-57.1
OPF-20260728-043617,20260116-0150-Long-1138,74,Execute,,3.0,3,189.20000000000002
OPF-20260728-043617,20260116-0150-Long-1138-S2,84,Execute,,4.0,4,189.20000000000002
OPF-20260728-043617,20260116-0220-Long-1144-S2,106,Execute,,5.0,5,116.60000000000002
OPF-20260728-043617,20260116-0300-Long-1152-S2,134,Execute,,6.0,6,231.50000000000003
OPF-20260728-043617,20260116-0500-Long-1176,170,Execute,,7.0,7,290.8
OPF-20260728-043617,20260116-1150-Short-1258,252,Execute,,8.0,8,284.7
OPF-20260728-043617,20260116-1700-Short-1320,317,Execute,,9.0,9,449.1
OPF-20260728-043617,20260116-1705-Short-1321,324,Execute,,9.0,9,449.1
OPF-20260728-043617,20260116-1825-Short-1337,358,Execute,,10.0,10,627.0
OPF-20260728-043812,20260120-0145-Long-1089,34,Execute,,0.0,0,0.0
OPF-20260728-043812,20260120-0215-Long-1095,50,Execute,,1.0,1,-112.1
OPF-20260728-043812,20260120-0330-Short-1110,82,Execute,,2.0,2,-164.2
OPF-20260728-043812,20260120-0545-Short-1137,124,Execute,,3.0,3,-63.79999999999998
OPF-20260728-043812,20260120-0825-Short-1169,180,Execute,,4.0,4,102.10000000000002
OPF-20260728-043812,20260120-0845-Long-1173,199,Execute,,4.0,4,95.00000000000003
OPF-20260728-043812,20260120-1110-Long-1202,241,Execute,,5.0,5,-34.099999999999966
OPF-20260728-043812,20260120-1825-Short-1289,297,Execute,,6.0,6,-146.19999999999996
OPF-20260728-043812,20260120-2130-Short-1325,339,Execute,,7.0,7,346.70000000000005
OPF-20260728-044020,20260121-0125-Long-1084,36,Execute,,0.0,0,0.0
OPF-20260728-044020,20260121-0205-Long-1092,55,Execute,,1.0,1,-57.6
OPF-20260728-044020,20260121-0205-Long-1092-S2,66,Execute,,2.0,2,-57.6
OPF-20260728-044020,20260121-0655-Short-1150,148,Execute,,3.0,3,-171.3
OPF-20260728-044020,,184,Decision,"LiveDailyLoss:net=-275.9,limit=250",,4,-275.9
OPF-20260728-044020,,189,Decision,"LiveDailyLoss:net=-275.9,limit=250",,4,-275.9
OPF-20260728-044020,,193,Decision,"LiveDailyLoss:net=-275.9,limit=250",,4,-275.9
OPF-20260728-044020,,203,Decision,"LiveDailyLoss:net=-275.9,limit=250",,4,-275.9
OPF-20260728-044020,,212,Decision,"LiveDailyLoss:net=-275.9,limit=250",,4,-275.9
OPF-20260728-044020,,226,Decision,"LiveDailyLoss:net=-275.9,limit=250",,4,-275.9
OPF-20260728-044020,,227,Decision,"LiveDailyLoss:net=-275.9,limit=250",,4,-275.9
OPF-20260728-044020,,262,Decision,"LiveDailyLoss:net=-275.9,limit=250",,4,-275.9
OPF-20260728-044020,,326,Decision,"LiveDailyLoss:net=-275.9,limit=250",,4,-275.9
OPF-20260728-044020,,357,Decision,"LiveDailyLoss:net=-275.9,limit=250",,4,-275.9
OPF-20260728-044020,,359,Decision,"LiveDailyLoss:net=-275.9,limit=250",,4,-275.9
OPF-20260728-044020,,360,Decision,"LiveDailyLoss:net=-275.9,limit=250",,4,-275.9
OPF-20260728-044020,,361,Decision,"LiveDailyLoss:net=-275.9,limit=250",,4,-275.9
OPF-20260728-044020,,364,Decision,"LiveDailyLoss:net=-275.9,limit=250",,4,-275.9
OPF-20260728-044245,20260122-0215-Short-1094,18,Execute,,0.0,0,0.0
OPF-20260728-044245,20260122-0220-Short-1095-S2,36,Execute,,1.0,1,0.0
OPF-20260728-044245,20260122-0235-Short-1098-S2,92,Execute,,2.0,2,67.9
OPF-20260728-044245,20260122-0550-Short-1137,160,Execute,,3.0,3,133.69
OPF-20260728-044245,20260122-0620-Short-1143,192,Execute,,4.0,4,331.09000000000003
OPF-20260728-044245,20260122-1825-Short-1288,345,Execute,,5.0,5,201.99000000000004
OPF-20260728-044443,20260122-2310-Short-1057,4,Execute,,0.0,0,0.0
OPF-20260728-044443,20260123-0230-Short-1097,58,Execute,,1.0,1,-119.1
OPF-20260728-044443,20260123-0400-Short-1115,94,Execute,,2.0,2,-164.7
OPF-20260728-044443,20260123-0755-Short-1162,185,Execute,,3.0,3,-214.79999999999998
OPF-20260728-044443,20260123-0835-Short-1170,224,Execute,,4.0,4,-148.39999999999998
OPF-20260728-044443,20260123-0945-Short-1184,264,Execute,,5.0,5,23.50000000000003
OPF-20260728-044443,20260123-1145-Short-1208,307,Execute,,6.0,6,-58.099999999999966
OPF-20260728-044642,20260126-0315-Short-1154,27,Execute,,0.0,0,0.0
OPF-20260728-044642,20260126-0535-Long-1182,66,Execute,,1.0,1,-71.1
OPF-20260728-044642,20260126-0610-Long-1189-S2,83,Execute,,2.0,2,-71.1
OPF-20260728-044642,20260126-0645-Long-1196-S2,117,Execute,,3.0,3,-146.7
OPF-20260728-044642,20260126-0920-Short-1227,149,Execute,,4.0,4,226.1
OPF-20260728-044642,20260126-1015-Short-1238,189,Execute,,5.0,5,405.5
OPF-20260728-044642,20260126-1105-Long-1248,222,Execute,,6.0,6,325.4
OPF-20260728-044642,20260126-1220-Short-1263,250,Execute,,7.0,7,284.29999999999995
OPF-20260728-044642,20260126-1335-Short-1278,286,Execute,,8.0,8,171.19999999999996
OPF-20260728-044642,20260126-1555-Long-1306,347,Execute,,9.0,9,88.09999999999997
OPF-20260728-044642,20260126-1730-Short-1325,385,Execute,,10.0,10,-47.00000000000003
OPF-20260728-044642,20260126-1955-Short-1354,436,Execute,,11.0,11,-116.10000000000002
OPF-20260728-044835,20260126-2350-Long-1114,11,Execute,,0.0,0,0.0
OPF-20260728-044835,20260127-0155-Long-1139,39,Execute,,1.0,1,-47.1
OPF-20260728-044835,20260127-0200-Long-1140-S2,50,Execute,,2.0,2,-47.1
OPF-20260728-044835,20260127-0305-Long-1153,99,Execute,,3.0,3,270.2
OPF-20260728-044835,20260127-0315-Long-1155,106,Execute,,3.0,3,270.2
OPF-20260728-044835,20260127-0350-Long-1162,128,Execute,,4.0,4,221.1
OPF-20260728-044835,20260127-0430-Long-1170,151,Execute,,5.0,5,318.0
OPF-20260728-044835,20260127-0430-Long-1170,154,Execute,,,5,318.0
OPF-20260728-044835,20260127-0545-Long-1185,191,Execute,,6.0,6,262.4
OPF-20260728-044835,20260127-0550-Long-1186-S2,203,Execute,,7.0,7,262.4
OPF-20260728-044835,20260127-1200-Long-1260,301,Execute,,8.0,8,292.19999999999993
OPF-20260728-044835,20260127-1355-Short-1283,344,Execute,,9.0,9,227.59999999999994
OPF-20260728-044835,20260127-1545-Long-1305,382,Execute,,10.0,10,181.99999999999994
OPF-20260728-044835,20260127-1815-Long-1335,428,Execute,,11.0,11,57.39999999999995
OPF-20260728-044835,20260127-2000-Long-1356,467,Execute,,12.0,12,170.79999999999995
OPF-20260728-044835,20260127-2105-Long-1369,500,Execute,,13.0,13,129.69999999999996
OPF-20260728-044835,20260127-2145-Long-1377-S2,521,Execute,,14.0,14,129.69999999999996
OPF-20260728-045049,20260127-2330-Long-1110,8,Execute,,0.0,0,0.0
OPF-20260728-045049,20260128-0020-Long-1120,34,Execute,,1.0,1,-35.1
OPF-20260728-045049,20260128-0110-Long-1130,68,Execute,,2.0,2,48.300000000000004
OPF-20260728-045049,20260128-0110-Long-1130-S2,81,Execute,,3.0,3,48.300000000000004
OPF-20260728-045049,20260128-0125-Long-1133-S2,100,Execute,,4.0,4,10.200000000000003
OPF-20260728-045049,20260128-0335-Short-1159,131,Execute,,5.0,5,-82.5
OPF-20260728-045049,20260128-0355-Short-1163,159,Execute,,6.0,6,-14.099999999999994
OPF-20260728-045049,20260128-0415-Long-1167,181,Execute,,7.0,7,-43.199999999999996
OPF-20260728-045049,20260128-0505-Long-1177-S2,200,Execute,,8.0,8,-43.199999999999996
OPF-20260728-045049,20260128-0545-Long-1185-S2,226,Execute,,9.0,9,16.200000000000003
OPF-20260728-045049,20260128-0645-Short-1197,265,Execute,,10.0,10,483.0
OPF-20260728-045049,20260128-1050-Long-1246,309,Execute,,11.0,11,689.4
OPF-20260728-045049,20260128-1425-Short-1289,353,Execute,,12.0,12,631.3
OPF-20260728-045049,20260128-1550-Long-1306,384,Execute,,13.0,13,737.1999999999999
OPF-20260728-045049,20260128-1705-Short-1321,415,Execute,,14.0,14,619.5999999999999
OPF-20260728-045252,20260129-0215-Long-1143,32,Execute,,0.0,0,0.0
OPF-20260728-045252,20260129-0245-Short-1149,56,Execute,,1.0,1,-72.6
OPF-20260728-045252,20260129-0320-Long-1156,91,Execute,,2.0,2,-175.19
OPF-20260728-045252,20260129-0330-Long-1158-S2,103,Execute,,3.0,3,-175.19
OPF-20260728-045252,20260129-0330-Long-1158-S2,106,Execute,,,3,-175.19
OPF-20260728-045252,20260129-0425-Long-1169-S2,129,Execute,,4.0,4,-8.789999999999992
OPF-20260728-045252,20260129-0550-Long-1186-S2,168,Execute,,5.0,5,115.11000000000001
OPF-20260728-045252,20260129-0615-Long-1191,201,Execute,,6.0,6,315.40999999999997
OPF-20260728-045252,20260129-0620-Long-1192-S2,210,Execute,,7.0,7,315.40999999999997
OPF-20260728-045252,20260129-0630-Long-1194-S2,229,Execute,,8.0,8,266.80999999999995
OPF-20260728-045252,20260129-1040-Short-1244,320,Execute,,9.0,9,55.60999999999996
OPF-20260728-045523,20260130-0600-Short-1188,60,Execute,,0.0,0,0.0
OPF-20260728-045523,20260130-1915-Long-1347,192,Execute,,1.0,1,610.9
OPF-20260728-045738,20260202-0150-Short-1138,13,Execute,,0.0,0,0.0
OPF-20260728-045738,20260202-0320-Short-1156,46,Execute,,1.0,1,153.9
OPF-20260728-045738,20260202-0320-Short-1156-S2,58,Execute,,2.0,2,153.9
OPF-20260728-045738,20260202-0720-Long-1204,157,Execute,,3.0,3,247.70000000000002
OPF-20260728-045738,20260202-1045-Long-1245,213,Execute,,4.0,4,658.6
OPF-20260728-045738,20260202-1415-Long-1287,270,Execute,,5.0,5,956.0
OPF-20260728-045738,20260202-1415-Long-1287-S2,279,Execute,,6.0,6,956.0
OPF-20260728-045936,20260203-0105-Long-1129,22,Execute,,0.0,0,0.0
OPF-20260728-045936,20260203-0120-Long-1132-S2,38,Execute,,1.0,1,0.0
OPF-20260728-045936,20260203-0135-Short-1135,64,Execute,,2.0,2,-128.2
OPF-20260728-045936,20260203-0240-Short-1148,108,Execute,,3.0,3,34.70000000000002
OPF-20260728-045936,20260203-0300-Long-1152,134,Execute,,4.0,4,-50.39999999999998
OPF-20260728-045936,20260203-0335-Long-1159,169,Execute,,5.0,5,35.00000000000003
OPF-20260728-045936,20260203-0350-Long-1162-S2,185,Execute,,6.0,6,35.00000000000003
OPF-20260728-045936,20260203-0620-Long-1192,272,Execute,,7.0,7,438.30000000000007
OPF-20260728-045936,20260203-0620-Long-1192-S2,284,Execute,,8.0,8,438.30000000000007
OPF-20260728-045936,20260203-1005-Short-1237,361,Execute,,8.0,8,371.6
OPF-20260728-045936,20260203-1040-Short-1244,386,Execute,,9.0,9,341.5
OPF-20260728-045936,20260203-1235-Long-1267,431,Execute,,10.0,10,491.4
OPF-20260728-045936,20260203-1315-Long-1275,450,Execute,,11.0,11,424.79999999999995
OPF-20260728-050154,20260204-0150-Short-1138,34,Execute,,0.0,0,0.0
OPF-20260728-050154,20260204-0210-Long-1142,58,Execute,,1.0,1,-117.1
OPF-20260728-050154,20260204-0255-Long-1151,93,Execute,,2.0,2,-240.2
OPF-20260728-050154,20260204-0410-Long-1166,120,Execute,,3.0,3,-178.79999999999998
OPF-20260728-050154,20260204-0615-Long-1191,155,Execute,,4.0,4,-237.39999999999998
OPF-20260728-050154,,188,Decision,"LiveDailyLoss:net=-279,limit=250",,5,-279.0
OPF-20260728-050154,,189,Decision,"LiveDailyLoss:net=-279,limit=250",,5,-279.0
OPF-20260728-050154,,192,Decision,"LiveDailyLoss:net=-279,limit=250",,5,-279.0
OPF-20260728-050154,,225,Decision,"LiveDailyLoss:net=-279,limit=250",,5,-279.0
OPF-20260728-050154,,238,Decision,"LiveDailyLoss:net=-279,limit=250",,5,-279.0
OPF-20260728-050154,,264,Decision,"LiveDailyLoss:net=-279,limit=250",,5,-279.0
OPF-20260728-050154,,278,Decision,"LiveDailyLoss:net=-279,limit=250",,5,-279.0
OPF-20260728-050413,20260205-0130-Short-1134,41,Execute,,0.0,0,0.0
OPF-20260728-050413,20260205-0420-Short-1168,103,Execute,,1.0,1,-127.1
OPF-20260728-050413,20260205-0450-Short-1174,122,Execute,,2.0,2,-234.2
OPF-20260728-050413,,163,Decision,"LiveDailyLoss:net=-340.8,limit=250",,3,-340.79999999999995
OPF-20260728-050413,,178,Decision,"LiveDailyLoss:net=-340.8,limit=250",,3,-340.79999999999995
OPF-20260728-050413,,191,Decision,"LiveDailyLoss:net=-340.8,limit=250",,3,-340.79999999999995
OPF-20260728-050413,,201,Decision,"LiveDailyLoss:net=-340.8,limit=250",,3,-340.79999999999995
OPF-20260728-050413,,221,Decision,"LiveDailyLoss:net=-340.8,limit=250",,3,-340.79999999999995
OPF-20260728-050616,20260206-0210-Long-1142,27,Execute,,0.0,0,0.0
OPF-20260728-050616,20260206-0745-Short-1209,83,Execute,,0.0,0,-9.1
OPF-20260728-050821,20260209-0305-Short-1153,22,Execute,,0.0,0,0.0
OPF-20260728-050821,20260209-0440-Short-1172,45,Execute,,1.0,1,162.9
OPF-20260728-050821,20260209-0610-Short-1190,94,Execute,,2.0,2,256.3
OPF-20260728-050821,20260209-0625-Short-1193,120,Execute,,3.0,3,419.20000000000005
OPF-20260728-050821,20260209-0755-Long-1211,149,Execute,,4.0,4,302.1
OPF-20260728-050821,20260209-0810-Short-1214,176,Execute,,5.0,5,496.0
OPF-20260728-050821,20260209-1210-Short-1262,234,Execute,,6.0,6,640.4
OPF-20260728-050821,20260209-1605-Long-1309,331,Execute,,7.0,7,810.8
OPF-20260728-050821,20260209-1930-Long-1350,384,Execute,,8.0,8,1219.1999999999998
OPF-20260728-051018,20260210-0245-Short-1149,47,Execute,,0.0,0,0.0
OPF-20260728-051018,20260210-0255-Short-1151,66,Execute,,1.0,1,-71.6
OPF-20260728-051018,20260210-0305-Short-1153,87,Execute,,2.0,2,-21.699999999999996
OPF-20260728-051018,20260210-0415-Long-1167,121,Execute,,3.0,3,-139.29999999999998
OPF-20260728-051018,20260210-0710-Long-1202,186,Execute,,4.0,4,-55.89999999999998
OPF-20260728-051018,20260210-0925-Long-1229,229,Execute,,5.0,5,35.00000000000003
OPF-20260728-051018,20260210-0950-Short-1234,250,Execute,,6.0,6,-66.09999999999997
OPF-20260728-051018,20260210-0955-Short-1235-S2,262,Execute,,7.0,7,-66.09999999999997
OPF-20260728-051221,20260210-2330-Short-1110,9,Execute,,0.0,0,0.0
OPF-20260728-051221,20260211-0150-Long-1138,51,Execute,,1.0,1,-45.6
OPF-20260728-051221,20260211-0210-Long-1142-S2,72,Execute,,2.0,2,-45.6
OPF-20260728-051221,20260211-0310-Short-1154,112,Execute,,3.0,3,-155.29999999999998
OPF-20260728-051221,20260211-0335-Long-1159,137,Execute,,4.0,4,-98.89999999999998
OPF-20260728-051221,20260211-0335-Long-1159-S2,148,Execute,,5.0,5,-98.89999999999998
OPF-20260728-051221,20260211-0515-Long-1179,210,Execute,,6.0,6,-112.09999999999997
OPF-20260728-051221,20260211-0555-Short-1187,240,Execute,,7.0,7,-159.69999999999996
OPF-20260728-051221,20260211-1220-Long-1264,373,Execute,,8.0,8,-197.79999999999995
OPF-20260728-051221,,452,Decision,"LiveDailyLoss:net=-341.9,limit=250",,9,-341.9
OPF-20260728-051438,20260212-0140-Long-1136,27,Execute,,0.0,0,0.0
OPF-20260728-051438,20260212-0155-Long-1139-S2,51,Execute,,1.0,1,0.0
OPF-20260728-051438,20260212-0345-Long-1161,74,Execute,,1.0,1,-137.6
OPF-20260728-051438,20260212-0345-Long-1161-S2,87,Execute,,2.0,2,-137.6
OPF-20260728-051438,20260212-0445-Long-1173,127,Execute,,3.0,3,-175.79999999999998
OPF-20260728-051438,20260212-0455-Long-1175-S2,139,Execute,,4.0,4,-175.79999999999998
OPF-20260728-051438,20260212-0550-Long-1186-S2,171,Execute,,5.0,5,-125.39999999999998
OPF-20260728-051438,20260212-0555-Long-1187-S2,189,Execute,,6.0,6,-65.99999999999997
OPF-20260728-051438,20260212-0655-Long-1199,216,Execute,,7.0,7,-191.19999999999996
OPF-20260728-051438,20260212-0755-Long-1211,248,Execute,,8.0,8,-8.799999999999955
OPF-20260728-051438,20260212-1545-Short-1305,332,Execute,,9.0,9,-76.89999999999995
OPF-20260728-051438,20260212-2110-Long-1370,402,Execute,,10.0,10,575.5
OPF-20260728-051656,20260213-0010-Long-1118,20,Execute,,0.0,0,0.0
OPF-20260728-051656,20260213-0240-Short-1148,52,Execute,,1.0,1,-65.1
OPF-20260728-051656,20260213-0445-Short-1173-S2,108,Execute,,2.0,2,-65.1
OPF-20260728-051656,20260213-0705-Short-1201,182,Execute,,3.0,3,594.7
OPF-20260728-051910,20260217-0110-Long-1082,21,Execute,,0.0,0,0.0
OPF-20260728-051910,20260217-0225-Short-1097,67,Execute,,1.0,1,-73.1
OPF-20260728-051910,20260217-0335-Short-1111,91,Execute,,2.0,2,22.30000000000001
OPF-20260728-051910,20260217-0440-Short-1124,122,Execute,,3.0,3,-160.29999999999998
OPF-20260728-051910,20260217-0845-Short-1173,175,Execute,,4.0,4,-201.89999999999998
OPF-20260728-051910,20260217-0940-Long-1184,204,Execute,,5.0,5,-112.49999999999997
OPF-20260728-051910,20260217-1050-Short-1198,247,Execute,,6.0,6,-225.59999999999997
OPF-20260728-051910,20260217-1220-Short-1216,289,Execute,,7.0,7,-74.69999999999996
OPF-20260728-052124,20260217-2340-Short-1064,9,Execute,,0.0,0,0.0
OPF-20260728-052124,20260218-0100-Short-1080,46,Execute,,1.0,1,-107.1
OPF-20260728-052124,20260218-0245-Long-1101,78,Execute,,2.0,2,-218.7
OPF-20260728-052124,,94,Decision,"LiveDailyLoss:net=-253.8,limit=250",,3,-253.79999999999998
OPF-20260728-052124,,95,Decision,"LiveDailyLoss:net=-253.8,limit=250",,3,-253.79999999999998
OPF-20260728-052124,,96,Decision,"LiveDailyLoss:net=-253.8,limit=250",,3,-253.79999999999998
OPF-20260728-052124,,130,Decision,"LiveDailyLoss:net=-253.8,limit=250",,3,-253.79999999999998
OPF-20260728-052124,,145,Decision,"LiveDailyLoss:net=-253.8,limit=250",,3,-253.79999999999998
OPF-20260728-052124,,146,Decision,"LiveDailyLoss:net=-253.8,limit=250",,3,-253.79999999999998
OPF-20260728-052124,,148,Decision,"LiveDailyLoss:net=-253.8,limit=250",,3,-253.79999999999998
OPF-20260728-052124,,163,Decision,"LiveDailyLoss:net=-253.8,limit=250",,3,-253.79999999999998
OPF-20260728-052124,,171,Decision,"LiveDailyLoss:net=-253.8,limit=250",,3,-253.79999999999998
OPF-20260728-052124,,172,Decision,"LiveDailyLoss:net=-253.8,limit=250",,3,-253.79999999999998
OPF-20260728-052124,,177,Decision,"LiveDailyLoss:net=-253.8,limit=250",,3,-253.79999999999998
OPF-20260728-052124,,184,Decision,"LiveDailyLoss:net=-253.8,limit=250",,3,-253.79999999999998
OPF-20260728-052124,,229,Decision,"LiveDailyLoss:net=-253.8,limit=250",,3,-253.79999999999998
OPF-20260728-052124,,233,Decision,"LiveDailyLoss:net=-253.8,limit=250",,3,-253.79999999999998
OPF-20260728-052124,,270,Decision,"LiveDailyLoss:net=-253.8,limit=250",,3,-253.79999999999998
OPF-20260728-052322,20260218-2320-Short-1060,6,Execute,,0.0,0,0.0
OPF-20260728-052322,20260219-0155-Long-1091,62,Execute,,1.0,1,-82.6
OPF-20260728-052322,20260219-0200-Long-1092,80,Execute,,2.0,2,-188.2
OPF-20260728-052322,20260219-0205-Long-1093-S2,93,Execute,,3.0,3,-188.2
OPF-20260728-052322,20260219-0405-Long-1117,127,Execute,,4.0,4,15.100000000000023
OPF-20260728-052322,20260219-0455-Short-1127,160,Execute,,5.0,5,-51.99999999999997
OPF-20260728-052322,20260219-0540-Long-1136,183,Execute,,6.0,6,-132.09999999999997
OPF-20260728-052322,20260219-0555-Long-1139,210,Execute,,7.0,7,-60.69999999999996
OPF-20260728-052322,20260219-0700-Long-1152-S2,225,Execute,,8.0,8,-60.69999999999996
OPF-20260728-052322,20260219-0730-Long-1158-S2,256,Execute,,9.0,9,203.70000000000002
OPF-20260728-052322,20260219-1930-Long-1302,423,Execute,,10.0,10,344.5
OPF-20260728-052322,20260219-2135-Short-1327,450,Execute,,11.0,11,202.9
OPF-20260728-052530,20260219-2325-Long-1061,5,Execute,,0.0,0,0.0
OPF-20260728-052530,20260219-2345-Long-1065,13,Execute,,0.0,0,0.0
OPF-20260728-052530,20260220-0040-Long-1076,37,Execute,,1.0,1,-113.6
OPF-20260728-052530,20260220-0300-Long-1104,81,Execute,,2.0,2,-34.19999999999999
OPF-20260728-052530,20260220-0425-Long-1121,108,Execute,,3.0,3,-84.79999999999998
OPF-20260728-052530,20260220-0425-Long-1121-S2,120,Execute,,4.0,4,-84.79999999999998
OPF-20260728-052530,20260220-0540-Long-1136,159,Execute,,5.0,5,-30.49999999999997
OPF-20260728-052530,20260220-0555-Long-1139-S2,174,Execute,,6.0,6,-30.49999999999997
OPF-20260728-052530,20260220-0855-Long-1175,209,Execute,,7.0,7,-149.69999999999996
OPF-20260728-052530,20260220-1030-Short-1194,237,Execute,,8.0,8,-111.79999999999995
OPF-20260728-052530,20260220-1225-Short-1217,272,Execute,,9.0,9,-218.89999999999995
OPF-20260728-052530,,296,Decision,"LiveDailyLoss:net=-336.5,limit=250",,10,-336.49999999999994
OPF-20260728-052736,20260223-0220-Short-1144,19,Execute,,0.0,0,0.0
OPF-20260728-052736,20260223-0350-Long-1162,47,Execute,,1.0,1,-58.1
OPF-20260728-052736,20260223-0515-Short-1179,75,Execute,,2.0,2,-112.7
OPF-20260728-052736,20260223-0620-Long-1192,94,Execute,,3.0,3,-225.8
OPF-20260728-052736,,118,Decision,"LiveDailyLoss:net=-252.4,limit=250",,4,-252.4
OPF-20260728-052736,,125,Decision,"LiveDailyLoss:net=-252.4,limit=250",,4,-252.4
OPF-20260728-052736,,144,Decision,"LiveDailyLoss:net=-252.4,limit=250",,4,-252.4
OPF-20260728-052736,,148,Decision,"LiveDailyLoss:net=-252.4,limit=250",,4,-252.4
OPF-20260728-052736,,158,Decision,"LiveDailyLoss:net=-252.4,limit=250",,4,-252.4
OPF-20260728-052736,,160,Decision,"LiveDailyLoss:net=-252.4,limit=250",,4,-252.4
OPF-20260728-052736,,172,Decision,"LiveDailyLoss:net=-252.4,limit=250",,4,-252.4
OPF-20260728-052736,,173,Decision,"LiveDailyLoss:net=-252.4,limit=250",,4,-252.4
OPF-20260728-052736,,180,Decision,"LiveDailyLoss:net=-252.4,limit=250",,4,-252.4
OPF-20260728-052736,,181,Decision,"LiveDailyLoss:net=-252.4,limit=250",,4,-252.4
OPF-20260728-052736,,186,Decision,"LiveDailyLoss:net=-252.4,limit=250",,4,-252.4
OPF-20260728-052736,,213,Decision,"LiveDailyLoss:net=-252.4,limit=250",,4,-252.4
OPF-20260728-052736,,217,Decision,"LiveDailyLoss:net=-252.4,limit=250",,4,-252.4
OPF-20260728-052736,,222,Decision,"LiveDailyLoss:net=-252.4,limit=250",,4,-252.4
OPF-20260728-052939,20260224-0030-Short-1122,10,Execute,,0.0,0,0.0
OPF-20260728-052939,20260224-0510-Long-1178,65,Execute,,0.0,0,0.0
OPF-20260728-052939,20260224-0550-Long-1186,86,Execute,,1.0,1,-30.1
OPF-20260728-052939,20260224-1005-Long-1237,151,Execute,,2.0,2,-14.200000000000001
OPF-20260728-052939,20260224-1030-Long-1242,165,Execute,,3.0,3,-62.800000000000004
OPF-20260728-052939,20260224-1040-Long-1244,182,Execute,,4.0,4,-99.4
OPF-20260728-052939,20260224-1115-Long-1251,199,Execute,,5.0,5,-228.5
OPF-20260728-052939,20260224-1115-Long-1251-S2,208,Execute,,6.0,6,-228.5
OPF-20260728-052939,,236,Decision,"LiveDailyLoss:net=-332.7,limit=250",,7,-332.70000000000005
OPF-20260728-052939,,267,Decision,"LiveDailyLoss:net=-332.7,limit=250",,7,-332.70000000000005
OPF-20260728-052939,,300,Decision,"LiveDailyLoss:net=-332.7,limit=250",,7,-332.70000000000005
OPF-20260728-052939,,335,Decision,"LiveDailyLoss:net=-332.7,limit=250",,7,-332.70000000000005
OPF-20260728-052939,,344,Decision,"LiveDailyLoss:net=-332.7,limit=250",,7,-332.70000000000005
OPF-20260728-052939,,370,Decision,"LiveDailyLoss:net=-332.7,limit=250",,7,-332.70000000000005
OPF-20260728-053138,20260225-0205-Short-1141,35,Execute,,0.0,0,0.0
OPF-20260728-053138,20260225-0420-Short-1168,75,Execute,,1.0,1,-52.6
OPF-20260728-053138,20260225-0605-Short-1189,120,Execute,,2.0,2,-114.7
OPF-20260728-053138,20260225-0650-Short-1198,145,Execute,,3.0,3,-163.3
OPF-20260728-053138,20260225-0740-Short-1208,166,Execute,,4.0,4,-211.9
OPF-20260728-053138,,194,Decision,"LiveDailyLoss:net=-274,limit=250",,5,-274.0
OPF-20260728-053138,,230,Decision,"LiveDailyLoss:net=-274,limit=250",,5,-274.0
OPF-20260728-053138,,233,Decision,"LiveDailyLoss:net=-274,limit=250",,5,-274.0
OPF-20260728-053138,,246,Decision,"LiveDailyLoss:net=-274,limit=250",,5,-274.0
OPF-20260728-053138,,251,Decision,"LiveDailyLoss:net=-274,limit=250",,5,-274.0
OPF-20260728-053138,,263,Decision,"LiveDailyLoss:net=-274,limit=250",,5,-274.0
OPF-20260728-053138,,265,Decision,"LiveDailyLoss:net=-274,limit=250",,5,-274.0
OPF-20260728-053138,,277,Decision,"LiveDailyLoss:net=-274,limit=250",,5,-274.0
OPF-20260728-053138,,287,Decision,"LiveDailyLoss:net=-274,limit=250",,5,-274.0
OPF-20260728-053138,,288,Decision,"LiveDailyLoss:net=-274,limit=250",,5,-274.0
OPF-20260728-053138,,291,Decision,"LiveDailyLoss:net=-274,limit=250",,5,-274.0
OPF-20260728-053138,,297,Decision,"LiveDailyLoss:net=-274,limit=250",,5,-274.0
OPF-20260728-053138,,300,Decision,"LiveDailyLoss:net=-274,limit=250",,5,-274.0
OPF-20260728-053138,,301,Decision,"LiveDailyLoss:net=-274,limit=250",,5,-274.0
OPF-20260728-053331,20260226-0400-Short-1164,37,Execute,,0.0,0,0.0
OPF-20260728-053555,20260226-2330-Short-1110,6,Execute,,0.0,0,0.0
OPF-20260728-053555,20260226-2330-Short-1110-S2,16,Execute,,1.0,1,0.0
OPF-20260728-053555,20260227-1055-Short-1247,161,Execute,,2.0,2,-79.2
OPF-20260728-053555,20260227-1245-Short-1269,196,Execute,,3.0,3,90.7
OPF-20260728-053758,20260302-0025-Short-1121,10,Execute,,0.0,0,0.0
OPF-20260728-053758,20260302-0145-Short-1137,33,Execute,,1.0,1,-122.1
OPF-20260728-053758,20260302-0340-Short-1160,82,Execute,,2.0,2,-227.7
OPF-20260728-053758,,113,Decision,"LiveDailyLoss:net=-333.8,limit=250",,3,-333.79999999999995
OPF-20260728-053758,,114,Decision,"LiveDailyLoss:net=-333.8,limit=250",,3,-333.79999999999995
OPF-20260728-053758,,131,Decision,"LiveDailyLoss:net=-333.8,limit=250",,3,-333.79999999999995
OPF-20260728-053758,,184,Decision,"LiveDailyLoss:net=-333.8,limit=250",,3,-333.79999999999995
OPF-20260728-053758,,186,Decision,"LiveDailyLoss:net=-333.8,limit=250",,3,-333.79999999999995
OPF-20260728-053758,,215,Decision,"LiveDailyLoss:net=-333.8,limit=250",,3,-333.79999999999995
OPF-20260728-054002,20260303-0115-Long-1131,10,Execute,,0.0,0,0.0
OPF-20260728-054002,20260303-0230-Long-1146,54,Execute,,1.0,1,-104.1
OPF-20260728-054002,20260303-0230-Long-1146-S2,66,Execute,,2.0,2,-104.1
OPF-20260728-054002,20260303-0635-Long-1195,115,Execute,,3.0,3,359.20000000000005
OPF-20260728-054002,20260303-0950-Short-1234,156,Execute,,3.0,3,359.20000000000005
OPF-20260728-054206,20260304-0205-Short-1141,30,Execute,,0.0,0,0.0
OPF-20260728-054206,20260304-0255-Long-1151,64,Execute,,1.0,1,-141.6
OPF-20260728-054206,,175,Decision,"LiveDailyLoss:net=-260.2,limit=250",,2,-260.2
OPF-20260728-054206,,260,Decision,"LiveDailyLoss:net=-260.2,limit=250",,2,-260.2
OPF-20260728-054404,20260304-2325-Short-1109,11,Execute,,0.0,0,0.0
OPF-20260728-054404,20260305-0035-Long-1123,41,Execute,,1.0,1,-99.6
OPF-20260728-054404,,71,Decision,"LiveDailyLoss:net=-257.7,limit=250",,2,-257.7
OPF-20260728-054404,,108,Decision,"LiveDailyLoss:net=-257.7,limit=250",,2,-257.7
OPF-20260728-054404,,112,Decision,"LiveDailyLoss:net=-257.7,limit=250",,2,-257.7
OPF-20260728-054404,,165,Decision,"LiveDailyLoss:net=-257.7,limit=250",,2,-257.7
OPF-20260728-054612,20260306-0310-Short-1154,60,Execute,,0.0,0,0.0
OPF-20260728-054612,20260306-0420-Short-1168,100,Execute,,1.0,1,-114.6
OPF-20260728-054612,20260306-0625-Short-1193,168,Execute,,2.0,2,-185.7
OPF-20260728-054612,20260306-0805-Short-1213,191,Execute,,2.0,2,-185.7
OPF-20260728-054612,20260306-0910-Short-1226,237,Execute,,3.0,3,-191.79999999999998
OPF-20260728-054612,20260306-0920-Short-1228-S2,251,Execute,,4.0,4,-191.79999999999998
OPF-20260728-054821,20260309-0445-Short-1185,68,Execute,,0.0,0,0.0
OPF-20260728-054821,20260309-1655-Long-1331,172,Execute,,1.0,1,-116.6
OPF-20260728-055029,20260309-2350-Short-1126,33,Execute,,0.0,0,0.0
OPF-20260728-055029,20260310-0220-Short-1156,80,Execute,,1.0,1,-117.1
OPF-20260728-055029,20260310-0220-Short-1156-S2,91,Execute,,2.0,2,-117.1
OPF-20260728-055029,20260310-0445-Long-1185,163,Execute,,3.0,3,62.70000000000002
OPF-20260728-055029,20260310-0445-Long-1185-S2,173,Execute,,4.0,4,62.70000000000002
OPF-20260728-055029,20260310-0555-Long-1199,204,Execute,,5.0,5,-69.99999999999997
OPF-20260728-055238,20260310-2245-Short-1113,9,Execute,,0.0,0,0.0
OPF-20260728-055238,20260311-0225-Long-1157,48,Execute,,1.0,1,-44.6
OPF-20260728-055238,20260311-0225-Long-1157-S2,59,Execute,,2.0,2,-44.6
OPF-20260728-055238,20260311-0435-Short-1183,101,Execute,,3.0,3,-113.80000000000001
OPF-20260728-055238,20260311-0555-Short-1199,147,Execute,,4.0,4,76.1
OPF-20260728-055238,20260311-1155-Long-1271,254,Execute,,5.0,5,-47.5
OPF-20260728-055238,20260311-1705-Long-1333,331,Execute,,6.0,6,390.9
OPF-20260728-055238,20260311-2010-Short-1370,362,Execute,,7.0,7,279.29999999999995
OPF-20260728-055502,20260311-2215-Short-1107,4,Execute,,0.0,0,0.0
OPF-20260728-055502,20260312-0225-Short-1157,78,Execute,,1.0,1,70.4
OPF-20260728-055502,20260312-0635-Long-1207,163,Execute,,2.0,2,139.8
OPF-20260728-055502,20260312-0655-Long-1211-S2,177,Execute,,3.0,3,139.8
OPF-20260728-055502,20260312-1025-Long-1253,240,Execute,,4.0,4,652.1
OPF-20260728-055502,20260312-1055-Long-1259,261,Execute,,5.0,5,591.0
OPF-20260728-055502,20260312-1210-Short-1274,306,Execute,,6.0,6,450.4
OPF-20260728-055713,20260313-0155-Long-1151,51,Execute,,0.0,0,0.0
OPF-20260728-055713,20260313-0715-Short-1215,118,Execute,,1.0,1,-116.6
OPF-20260728-055713,20260313-1025-Short-1253,191,Execute,,2.0,2,-231.7
OPF-20260728-055713,,243,Decision,"LiveDailyLoss:net=-342.8,limit=250",,3,-342.79999999999995
OPF-20260728-055924,20260316-0110-Short-1142,32,Execute,,0.0,0,0.0
OPF-20260728-055924,20260316-0335-Long-1171,78,Execute,,1.0,1,-34.1
OPF-20260728-055924,20260316-0515-Long-1191,137,Execute,,2.0,2,54.300000000000004
OPF-20260728-055924,20260316-0625-Short-1205,166,Execute,,3.0,3,-8.299999999999997
OPF-20260728-055924,20260316-0810-Long-1226,216,Execute,,4.0,4,-89.39999999999999
OPF-20260728-055924,20260316-0935-Short-1243,245,Execute,,5.0,5,-193.5
OPF-20260728-055924,,263,Decision,"LiveDailyLoss:net=-306.1,limit=250",,6,-306.1
OPF-20260728-055924,,290,Decision,"LiveDailyLoss:net=-306.1,limit=250",,6,-306.1
OPF-20260728-055924,,292,Decision,"LiveDailyLoss:net=-306.1,limit=250",,6,-306.1
OPF-20260728-055924,,370,Decision,"LiveDailyLoss:net=-306.1,limit=250",,6,-306.1
OPF-20260728-060118,20260317-0110-Long-1142,44,Execute,,0.0,0,0.0
OPF-20260728-060118,20260317-0225-Short-1157,91,Execute,,1.0,1,-112.6
OPF-20260728-060118,20260317-0315-Short-1167,116,Execute,,2.0,2,-160.2
OPF-20260728-060118,20260317-0410-Long-1178,153,Execute,,3.0,3,-32.29999999999998
OPF-20260728-060118,20260317-0520-Long-1192,196,Execute,,4.0,4,207.10000000000002
OPF-20260728-060118,20260317-0605-Short-1201,245,Execute,,5.0,5,174.00000000000003
OPF-20260728-060118,20260317-0610-Short-1202,248,Execute,,5.0,5,174.00000000000003
OPF-20260728-060118,20260317-0710-Long-1214,271,Execute,,6.0,6,104.90000000000003
OPF-20260728-060118,20260317-0745-Long-1221,303,Execute,,7.0,7,231.30000000000004
OPF-20260728-060118,20260317-1240-Long-1280,387,Execute,,8.0,8,125.70000000000005
OPF-20260728-060118,20260317-1240-Long-1280-S2,398,Execute,,9.0,9,125.70000000000005
OPF-20260728-060311,20260317-2215-Short-1107,5,Execute,,0.0,0,0.0
OPF-20260728-060311,20260318-0025-Long-1133,51,Execute,,1.0,1,-113.1
OPF-20260728-060311,20260318-0110-Long-1142-S2,70,Execute,,2.0,2,-113.1
OPF-20260728-060311,20260318-0210-Long-1154-S2,96,Execute,,3.0,3,-175.2
OPF-20260728-060311,20260318-0235-Long-1159-S2,121,Execute,,4.0,4,223.7
OPF-20260728-060311,20260318-0310-Long-1166-S2,140,Execute,,5.0,5,143.6
OPF-20260728-060311,20260318-0455-Long-1187-S2,184,Execute,,6.0,6,251.0
OPF-20260728-060311,20260318-0535-Long-1195,227,Execute,,7.0,7,577.8
OPF-20260728-060311,20260318-0640-Short-1208,252,Execute,,8.0,8,766.1999999999999
OPF-20260728-060311,20260318-1035-Short-1255,311,Execute,,9.0,9,855.5999999999999
OPF-20260728-060311,20260318-1210-Short-1274,374,Execute,,10.0,10,1095.5
OPF-20260728-060311,20260318-1925-Short-1361,495,Execute,,11.0,11,1702.4
OPF-20260728-060311,20260318-2010-Short-1370,522,Execute,,12.0,12,1595.3000000000002
OPF-20260728-060311,20260318-2035-Short-1375-S2,547,Execute,,13.0,13,1595.3000000000002
OPF-20260728-060517,20260319-0225-Long-1157,35,Execute,,0.0,0,0.0
OPF-20260728-060517,20260319-0255-Short-1163,45,Execute,,0.0,0,0.0
OPF-20260728-060517,20260319-0330-Short-1170,73,Execute,,1.0,1,-102.6
OPF-20260728-060517,20260319-0410-Short-1178,112,Execute,,2.0,2,67.80000000000001
OPF-20260728-060517,20260319-0505-Long-1189,146,Execute,,3.0,3,244.70000000000002
OPF-20260728-060517,20260319-0545-Long-1197,170,Execute,,4.0,4,199.10000000000002
OPF-20260728-060517,20260319-0635-Short-1207,198,Execute,,5.0,5,465.0
OPF-20260728-060517,20260319-1120-Short-1264,248,Execute,,6.0,6,638.9
OPF-20260728-060517,20260319-1135-Short-1267,275,Execute,,6.0,6,631.3
OPF-20260728-060517,20260319-1255-Short-1283,308,Execute,,7.0,7,520.1999999999999
OPF-20260728-060517,20260319-1615-Short-1323,360,Execute,,8.0,8,687.5999999999999
OPF-20260728-060517,20260319-2025-Long-1373,437,Execute,,9.0,9,509.4999999999999
OPF-20260728-060737,20260320-0215-Long-1155,64,Execute,,0.0,0,0.0
OPF-20260728-060737,20260320-0305-Short-1165,88,Execute,,1.0,1,-78.1
OPF-20260728-060737,20260320-0505-Short-1189,140,Execute,,2.0,2,97.30000000000001
OPF-20260728-060737,20260320-0515-Short-1191-S2,155,Execute,,3.0,3,97.30000000000001
OPF-20260728-060737,20260320-0535-Long-1195,191,Execute,,4.0,4,-66.39999999999998
OPF-20260728-060737,20260320-0535-Long-1195-S2,204,Execute,,5.0,5,-66.39999999999998
OPF-20260728-060737,20260320-0630-Short-1206,250,Execute,,6.0,6,-82.59999999999997
OPF-20260728-060737,20260320-0645-Short-1209,274,Execute,,7.0,7,-14.69999999999996
OPF-20260728-060737,20260320-0815-Long-1227,326,Execute,,8.0,8,135.70000000000005
OPF-20260728-060737,20260320-0835-Short-1231,350,Execute,,9.0,9,73.60000000000005
OPF-20260728-060737,20260320-0855-Short-1235,377,Execute,,10.0,10,240.50000000000006
OPF-20260728-060737,20260320-1015-Short-1251,416,Execute,,11.0,11,114.90000000000006
OPF-20260728-060737,20260320-1840-Short-1352,490,Execute,,12.0,12,-13.199999999999932
OPF-20260728-060940,20260323-0300-Long-1164,41,Execute,,0.0,0,0.0
OPF-20260728-060940,20260323-0320-Short-1168,65,Execute,,1.0,1,-105.6
OPF-20260728-060940,20260323-0400-Short-1176,73,Execute,,1.0,1,-105.6
OPF-20260728-060940,20260323-0510-Long-1190,102,Execute,,2.0,2,-217.2
OPF-20260728-060940,20260323-0635-Short-1207,115,Execute,,2.0,2,-217.2
OPF-20260728-060940,20260323-0815-Short-1227,144,Execute,,3.0,3,-223.79999999999998
OPF-20260728-060940,,213,Decision,"LiveDailyLoss:net=-336.4,limit=250",,4,-336.4
OPF-20260728-060940,,214,Decision,"LiveDailyLoss:net=-336.4,limit=250",,4,-336.4
OPF-20260728-061144,20260324-0440-Short-1184,71,Execute,,0.0,0,0.0
OPF-20260728-061144,20260324-0455-Short-1187,94,Execute,,1.0,1,-69.6
OPF-20260728-061144,20260324-1315-Long-1287,201,Execute,,2.0,2,91.30000000000001
OPF-20260728-061352,20260324-2250-Short-1114,15,Execute,,0.0,0,0.0
OPF-20260728-061352,20260324-2350-Short-1126,35,Execute,,1.0,1,-114.1
OPF-20260728-061352,20260325-0100-Short-1140,67,Execute,,2.0,2,-29.69999999999999
OPF-20260728-061352,20260325-0320-Short-1168,109,Execute,,3.0,3,130.20000000000002
OPF-20260728-061352,20260325-0330-Short-1170,127,Execute,,4.0,4,89.10000000000002
OPF-20260728-061352,20260325-0425-Long-1181,162,Execute,,5.0,5,57.50000000000002
OPF-20260728-061352,20260325-0625-Short-1205,200,Execute,,6.0,6,-14.599999999999973
OPF-20260728-061352,20260325-0825-Long-1229,242,Execute,,7.0,7,-128.69999999999996
OPF-20260728-061352,20260325-0825-Long-1229-S2,255,Execute,,8.0,8,-128.69999999999996
OPF-20260728-061352,,307,Decision,"LiveDailyLoss:net=-255.9,limit=250",,9,-255.89999999999995
OPF-20260728-061352,,310,Decision,"LiveDailyLoss:net=-255.9,limit=250",,9,-255.89999999999995
OPF-20260728-061352,,314,Decision,"LiveDailyLoss:net=-255.9,limit=250",,9,-255.89999999999995
OPF-20260728-061352,,318,Decision,"LiveDailyLoss:net=-255.9,limit=250",,9,-255.89999999999995
OPF-20260728-061550,20260325-2210-Short-1106,4,Execute,,0.0,0,0.0
OPF-20260728-061550,20260325-2320-Short-1120,41,Execute,,1.0,1,165.4
OPF-20260728-061550,20260326-0120-Long-1144,80,Execute,,2.0,2,97.30000000000001
OPF-20260728-061550,20260326-0345-Short-1173,118,Execute,,3.0,3,43.20000000000001
OPF-20260728-061550,20260326-0355-Short-1175-S2,130,Execute,,4.0,4,43.20000000000001
OPF-20260728-061550,20260326-0515-Short-1191,189,Execute,,5.0,5,462.0
OPF-20260728-061550,20260326-0555-Short-1199,226,Execute,,6.0,6,608.4
OPF-20260728-061550,20260326-1100-Short-1260,284,Execute,,7.0,7,492.29999999999995
OPF-20260728-061753,20260326-2345-Long-1125,20,Execute,,0.0,0,0.0
OPF-20260728-061753,20260326-2345-Long-1125-S2,31,Execute,,1.0,1,0.0
OPF-20260728-061753,20260327-0135-Long-1147,87,Execute,,2.0,2,-189.2
OPF-20260728-061753,,141,Decision,"LiveDailyLoss:net=-262.8,limit=250",,3,-262.79999999999995
OPF-20260728-061753,,154,Decision,"LiveDailyLoss:net=-262.8,limit=250",,3,-262.79999999999995
OPF-20260728-061753,,157,Decision,"LiveDailyLoss:net=-262.8,limit=250",,3,-262.79999999999995
OPF-20260728-061753,,163,Decision,"LiveDailyLoss:net=-262.8,limit=250",,3,-262.79999999999995
OPF-20260728-061753,,202,Decision,"LiveDailyLoss:net=-262.8,limit=250",,3,-262.79999999999995
OPF-20260728-061753,,247,Decision,"LiveDailyLoss:net=-262.8,limit=250",,3,-262.79999999999995
OPF-20260728-061753,,275,Decision,"LiveDailyLoss:net=-262.8,limit=250",,3,-262.79999999999995
OPF-20260728-061753,,280,Decision,"LiveDailyLoss:net=-262.8,limit=250",,3,-262.79999999999995
OPF-20260728-061954,20260330-0155-Long-1151,29,Execute,,0.0,0,0.0
OPF-20260728-061954,20260330-0255-Long-1163,54,Execute,,1.0,1,237.4
OPF-20260728-061954,20260330-0455-Long-1187,101,Execute,,2.0,2,320.3
OPF-20260728-061954,20260330-0625-Long-1205,130,Execute,,3.0,3,528.2
OPF-20260728-061954,20260330-1915-Short-1359,268,Execute,,3.0,3,519.1
OPF-20260728-061954,20260330-2015-Short-1371,301,Execute,,4.0,4,377.0
OPF-20260728-062157,20260331-0340-Short-1172,39,Execute,,0.0,0,0.0
OPF-20260728-062157,20260331-0455-Short-1187,59,Execute,,0.0,0,0.0
OPF-20260728-062157,20260331-0910-Long-1238,144,Execute,,1.0,1,91.9
OPF-20260728-062157,20260331-1105-Long-1261,184,Execute,,2.0,2,38.800000000000004
OPF-20260728-062406,20260401-0110-Short-1142,32,Execute,,0.0,0,0.0
OPF-20260728-062406,20260401-0205-Short-1153,74,Execute,,1.0,1,164.9
OPF-20260728-062406,20260401-0220-Short-1156,98,Execute,,2.0,2,245.3
OPF-20260728-062406,20260401-0250-Short-1162,126,Execute,,3.0,3,326.70000000000005
OPF-20260728-062406,20260401-0500-Long-1188,155,Execute,,4.0,4,253.60000000000005
OPF-20260728-062406,20260401-0500-Long-1188-S2,165,Execute,,5.0,5,253.60000000000005
OPF-20260728-062406,20260401-1200-Short-1272,273,Execute,,6.0,6,884.9
OPF-20260728-062406,20260401-1215-Long-1275,292,Execute,,7.0,7,792.3
OPF-20260728-062406,20260401-1305-Long-1285,307,Execute,,8.0,8,745.1999999999999
OPF-20260728-062406,20260401-1715-Long-1335,336,Execute,,9.0,9,1224.6
OPF-20260728-062624,20260401-2355-Long-1127,23,Execute,,0.0,0,0.0
OPF-20260728-062624,20260402-0340-Short-1172,64,Execute,,1.0,1,-65.1
OPF-20260728-062624,20260402-0940-Short-1244,139,Execute,,2.0,2,158.8
OPF-20260728-062624,20260402-1250-Short-1282,192,Execute,,3.0,3,326.20000000000005
OPF-20260728-062624,20260402-1315-Long-1287,217,Execute,,4.0,4,390.1
OPF-20260728-062624,20260402-1740-Short-1340,268,Execute,,5.0,5,711.5
OPF-20260728-062826,20260406-0105-Long-1048,13,Execute,,0.0,0,0.0
OPF-20260728-062826,20260406-0155-Short-1058,32,Execute,,1.0,1,-161.6
OPF-20260728-062826,,97,Decision,"LiveDailyLoss:net=-293.7,limit=250",,2,-293.7
OPF-20260728-062826,,189,Decision,"LiveDailyLoss:net=-293.7,limit=250",,2,-293.7
OPF-20260728-062826,,192,Decision,"LiveDailyLoss:net=-293.7,limit=250",,2,-293.7
OPF-20260728-062826,,194,Decision,"LiveDailyLoss:net=-293.7,limit=250",,2,-293.7
OPF-20260728-062826,,218,Decision,"LiveDailyLoss:net=-293.7,limit=250",,2,-293.7
OPF-20260728-062826,,289,Decision,"LiveDailyLoss:net=-293.7,limit=250",,2,-293.7
OPF-20260728-063025,20260407-0005-Short-1036,4,Execute,,0.0,0,0.0
OPF-20260728-063025,20260407-0025-Long-1040,27,Execute,,1.0,1,-110.6
OPF-20260728-063025,20260407-0220-Short-1063,74,Execute,,2.0,2,-190.2
OPF-20260728-063025,,100,Decision,"LiveDailyLoss:net=-259.3,limit=250",,3,-259.29999999999995
OPF-20260728-063025,,113,Decision,"LiveDailyLoss:net=-259.3,limit=250",,3,-259.29999999999995
OPF-20260728-063025,,114,Decision,"LiveDailyLoss:net=-259.3,limit=250",,3,-259.29999999999995
OPF-20260728-063025,,131,Decision,"LiveDailyLoss:net=-259.3,limit=250",,3,-259.29999999999995
OPF-20260728-063025,,133,Decision,"LiveDailyLoss:net=-259.3,limit=250",,3,-259.29999999999995
OPF-20260728-063025,,155,Decision,"LiveDailyLoss:net=-259.3,limit=250",,3,-259.29999999999995
OPF-20260728-063025,,165,Decision,"LiveDailyLoss:net=-259.3,limit=250",,3,-259.29999999999995
OPF-20260728-063025,,188,Decision,"LiveDailyLoss:net=-259.3,limit=250",,3,-259.29999999999995
OPF-20260728-063240,20260408-0125-Short-1052,7,Execute,,0.0,0,0.0
OPF-20260728-063240,20260408-0740-Short-1127,92,Execute,,1.0,1,-114.1
OPF-20260728-063240,20260408-1705-Short-1240,230,Execute,,2.0,2,-216.7
OPF-20260728-063240,20260408-2020-Short-1279,305,Execute,,3.0,3,259.7
OPF-20260728-063438,20260408-2240-Short-1019,21,Execute,,0.0,0,0.0
OPF-20260728-063438,20260408-2335-Short-1030,55,Execute,,1.0,1,-125.1
OPF-20260728-063438,20260409-0305-Short-1072,99,Execute,,2.0,2,-161.7
OPF-20260728-063438,20260409-0310-Short-1073-S2,112,Execute,,3.0,3,-161.7
OPF-20260728-063438,20260409-0845-Short-1140,214,Execute,,4.0,4,4.100000000000023
OPF-20260728-063438,20260409-1420-Short-1207,287,Execute,,5.0,5,-117.99999999999997
OPF-20260728-063636,20260409-2235-Short-1111,4,Execute,,0.0,0,0.0
OPF-20260728-063636,20260410-0210-Short-1154,97,Execute,,1.0,1,173.9
OPF-20260728-063636,20260410-0225-Short-1157,123,Execute,,2.0,2,268.3
OPF-20260728-063636,20260410-0600-Short-1200,184,Execute,,3.0,3,211.70000000000002
OPF-20260728-063636,20260410-0620-Short-1204,211,Execute,,4.0,4,307.1
OPF-20260728-063636,20260410-0800-Short-1224,270,Execute,,5.0,5,414.0
OPF-20260728-063636,20260410-1150-Short-1270,390,Execute,,6.0,6,316.9
OPF-20260728-063829,20260412-2240-Short-1112,9,Execute,,0.0,0,0.0
OPF-20260728-063829,20260413-0020-Long-1132,39,Execute,,1.0,1,-116.6
OPF-20260728-063829,20260413-0040-Long-1136,61,Execute,,2.0,2,-167.7
OPF-20260728-063829,20260413-0215-Short-1155,90,Execute,,3.0,3,-0.29999999999998295
OPF-20260728-063829,20260413-0325-Long-1169,131,Execute,,4.0,4,57.100000000000016
OPF-20260728-063829,20260413-0330-Long-1170-S2,141,Execute,,5.0,5,57.100000000000016
OPF-20260728-063829,20260413-0350-Short-1174,168,Execute,,6.0,6,-56.59999999999999
OPF-20260728-063829,20260413-0605-Long-1201,216,Execute,,7.0,7,-20.19999999999999
OPF-20260728-063829,20260413-0635-Long-1207-S2,235,Execute,,8.0,8,-20.19999999999999
OPF-20260728-063829,20260413-0810-Long-1226-S2,271,Execute,,9.0,9,240.2
OPF-20260728-063829,20260413-1050-Long-1258-S2,334,Execute,,10.0,10,167.1
OPF-20260728-063829,20260413-1110-Long-1262,370,Execute,,11.0,11,512.9
OPF-20260728-063829,20260413-1115-Short-1263,388,Execute,,12.0,12,458.79999999999995
OPF-20260728-063829,20260413-1255-Long-1283,426,Execute,,12.0,12,458.79999999999995
OPF-20260728-063829,20260413-1900-Long-1356,510,Execute,,13.0,13,903.1999999999999
OPF-20260728-063829,20260413-2040-Long-1376,561,Execute,,14.0,14,857.5999999999999
OPF-20260728-063829,,563,Decision,max=15,,15,857.5999999999999
OPF-20260728-063829,,575,Decision,max=15,,15,857.5999999999999
OPF-20260728-064023,20260413-2325-Short-1121,3,Execute,,0.0,0,0.0
OPF-20260728-064023,20260414-0000-Short-1128,31,Execute,,1.0,1,-41.1
OPF-20260728-064023,20260414-0150-Long-1150,66,Execute,,2.0,2,-162.7
OPF-20260728-064023,20260414-0215-Long-1155,84,Execute,,3.0,3,-187.29999999999998
OPF-20260728-064023,20260414-0255-Long-1163,111,Execute,,4.0,4,-242.89999999999998
OPF-20260728-064023,,126,Decision,"LiveDailyLoss:net=-303.5,limit=250",,5,-303.5
OPF-20260728-064023,,132,Decision,"LiveDailyLoss:net=-303.5,limit=250",,5,-303.5
OPF-20260728-064023,,137,Decision,"LiveDailyLoss:net=-303.5,limit=250",,5,-303.5
OPF-20260728-064023,,141,Decision,"LiveDailyLoss:net=-303.5,limit=250",,5,-303.5
OPF-20260728-064023,,144,Decision,"LiveDailyLoss:net=-303.5,limit=250",,5,-303.5
OPF-20260728-064023,,145,Decision,"LiveDailyLoss:net=-303.5,limit=250",,5,-303.5
OPF-20260728-064023,,148,Decision,"LiveDailyLoss:net=-303.5,limit=250",,5,-303.5
OPF-20260728-064023,,156,Decision,"LiveDailyLoss:net=-303.5,limit=250",,5,-303.5
OPF-20260728-064023,,182,Decision,"LiveDailyLoss:net=-303.5,limit=250",,5,-303.5
OPF-20260728-064023,,188,Decision,"LiveDailyLoss:net=-303.5,limit=250",,5,-303.5
OPF-20260728-064023,,197,Decision,"LiveDailyLoss:net=-303.5,limit=250",,5,-303.5
OPF-20260728-064023,,198,Decision,"LiveDailyLoss:net=-303.5,limit=250",,5,-303.5
OPF-20260728-064023,,203,Decision,"LiveDailyLoss:net=-303.5,limit=250",,5,-303.5
OPF-20260728-064023,,210,Decision,"LiveDailyLoss:net=-303.5,limit=250",,5,-303.5
OPF-20260728-064023,,219,Decision,"LiveDailyLoss:net=-303.5,limit=250",,5,-303.5
OPF-20260728-064023,,225,Decision,"LiveDailyLoss:net=-303.5,limit=250",,5,-303.5
OPF-20260728-064023,,279,Decision,"LiveDailyLoss:net=-303.5,limit=250",,5,-303.5
OPF-20260728-064023,,296,Decision,"LiveDailyLoss:net=-303.5,limit=250",,5,-303.5
OPF-20260728-064221,20260414-2215-Long-1107,5,Execute,,0.0,0,0.0
OPF-20260728-064221,20260414-2315-Long-1119,34,Execute,,1.0,1,-24.6
OPF-20260728-064221,20260414-2315-Long-1119-S2,46,Execute,,2.0,2,-24.6
OPF-20260728-064221,20260415-0125-Long-1145,113,Execute,,3.0,3,61.699999999999996
OPF-20260728-064221,20260415-0220-Short-1156,132,Execute,,4.0,4,11.599999999999994
OPF-20260728-064221,20260415-0340-Short-1172,164,Execute,,5.0,5,104.0
OPF-20260728-064221,20260415-0355-Long-1175,180,Execute,,6.0,6,47.9
OPF-20260728-064221,20260415-0705-Long-1213,221,Execute,,7.0,7,-3.700000000000003
OPF-20260728-064221,20260415-0835-Long-1231,260,Execute,,8.0,8,79.2
OPF-20260728-064221,20260415-0835-Long-1231-S2,270,Execute,,9.0,9,79.2
OPF-20260728-064221,20260415-0925-Short-1241,301,Execute,,10.0,10,-115.49999999999999
OPF-20260728-070052,20260415-2240-Long-1112,4,Execute,,0.0,0,0.0
OPF-20260728-070052,20260416-0020-Long-1132,37,Execute,,1.0,1,65.4
OPF-20260728-070052,20260416-0055-Long-1139,65,Execute,,2.0,2,31.300000000000004
OPF-20260728-070052,20260416-0055-Long-1139-S2,76,Execute,,3.0,3,31.300000000000004
OPF-20260728-070052,20260416-0405-Short-1177,111,Execute,,4.0,4,34.600000000000016
OPF-20260728-070052,20260416-0405-Short-1177-S2,123,Execute,,5.0,5,34.600000000000016
OPF-20260728-070052,20260416-0430-Short-1182,163,Execute,,6.0,6,-62.59999999999999
OPF-20260728-070052,20260416-0535-Long-1195,199,Execute,,7.0,7,-1.6999999999999886
OPF-20260728-070052,20260416-0540-Long-1196-S2,209,Execute,,8.0,8,-1.6999999999999886
OPF-20260728-070052,20260416-0615-Long-1203-S2,235,Execute,,9.0,9,86.20000000000002
OPF-20260728-070052,20260416-0705-Short-1213,262,Execute,,10.0,10,160.00000000000003
OPF-20260728-070052,20260416-0730-Long-1218,299,Execute,,11.0,11,53.900000000000034
OPF-20260728-070052,20260416-0950-Long-1246,364,Execute,,12.0,12,-9.199999999999967
OPF-20260728-070052,20260416-1025-Short-1253,386,Execute,,12.0,12,-9.199999999999967
OPF-20260728-070052,20260416-1140-Long-1268,450,Execute,,13.0,13,137.20000000000005
OPF-20260728-070052,20260416-2040-Long-1376,545,Execute,,14.0,14,198.10000000000005
OPF-20260728-072342,20260416-2220-Long-1108,8,Execute,,0.0,0,0.0
OPF-20260728-072342,20260416-2335-Long-1123,31,Execute,,1.0,1,15.9
OPF-20260728-072342,20260417-0010-Short-1130,51,Execute,,2.0,2,-103.19999999999999
OPF-20260728-072342,20260417-0215-Short-1155,77,Execute,,3.0,3,-216.29999999999998
OPF-20260728-072342,20260417-0425-Long-1181,107,Execute,,4.0,4,-133.89999999999998
OPF-20260728-072342,20260417-0440-Short-1184,127,Execute,,5.0,5,-163.99999999999997
OPF-20260728-072342,20260417-0440-Short-1184-S2,137,Execute,,6.0,6,-163.99999999999997
OPF-20260728-072342,20260417-0655-Short-1211,189,Execute,,7.0,7,-240.19999999999996
OPF-20260728-072342,,217,Decision,"LiveDailyLoss:net=-280.3,limit=250",,8,-280.29999999999995
OPF-20260728-072342,,228,Decision,"LiveDailyLoss:net=-280.3,limit=250",,8,-280.29999999999995
OPF-20260728-072342,,232,Decision,"LiveDailyLoss:net=-280.3,limit=250",,8,-280.29999999999995
OPF-20260728-072342,,233,Decision,"LiveDailyLoss:net=-280.3,limit=250",,8,-280.29999999999995
OPF-20260728-072342,,238,Decision,"LiveDailyLoss:net=-280.3,limit=250",,8,-280.29999999999995
OPF-20260728-072342,,255,Decision,"LiveDailyLoss:net=-280.3,limit=250",,8,-280.29999999999995
OPF-20260728-072342,,267,Decision,"LiveDailyLoss:net=-280.3,limit=250",,8,-280.29999999999995
OPF-20260728-072342,,270,Decision,"LiveDailyLoss:net=-280.3,limit=250",,8,-280.29999999999995
OPF-20260728-072342,,273,Decision,"LiveDailyLoss:net=-280.3,limit=250",,8,-280.29999999999995
OPF-20260728-072342,,274,Decision,"LiveDailyLoss:net=-280.3,limit=250",,8,-280.29999999999995
OPF-20260728-072342,,339,Decision,"LiveDailyLoss:net=-280.3,limit=250",,8,-280.29999999999995
OPF-20260728-072342,,347,Decision,"LiveDailyLoss:net=-280.3,limit=250",,8,-280.29999999999995
OPF-20260728-074354,20260420-0145-Long-1149,32,Execute,,0.0,0,0.0
OPF-20260728-074354,20260420-0145-Long-1149-S2,44,Execute,,1.0,1,0.0
OPF-20260728-074354,20260420-0225-Short-1157,78,Execute,,2.0,2,-7.700000000000003
OPF-20260728-074354,20260420-0350-Short-1174,107,Execute,,3.0,3,49.199999999999996
OPF-20260728-074354,20260420-0455-Long-1187,145,Execute,,4.0,4,108.6
OPF-20260728-074354,20260420-0610-Long-1202,176,Execute,,5.0,5,50.99999999999999
OPF-20260728-074354,20260420-0615-Long-1203-S2,189,Execute,,6.0,6,50.99999999999999
OPF-20260728-074354,20260420-0855-Long-1235,244,Execute,,7.0,7,653.3
OPF-20260728-074354,20260420-0915-Long-1239-S2,264,Execute,,8.0,8,653.3
OPF-20260728-074354,20260420-1255-Long-1283,327,Execute,,9.0,9,1030.6
OPF-20260728-074354,20260420-1255-Long-1283-S2,338,Execute,,10.0,10,1030.6
OPF-20260728-074354,20260420-1320-Long-1288,375,Execute,,11.0,11,875.3999999999999
OPF-20260728-074354,20260420-2045-Short-1377,419,Execute,,11.0,11,875.3999999999999
OPF-20260728-080452,20260420-2325-Short-1121,3,Execute,,0.0,0,0.0
OPF-20260728-080452,20260421-0035-Short-1135,31,Execute,,1.0,1,-38.1
OPF-20260728-080452,20260421-0200-Short-1152,56,Execute,,2.0,2,-142.2
OPF-20260728-080452,20260421-0335-Long-1171,92,Execute,,3.0,3,-176.79999999999998
OPF-20260728-080452,20260421-0355-Long-1175,118,Execute,,4.0,4,-207.39999999999998
OPF-20260728-080452,20260421-0355-Long-1175-S2,128,Execute,,5.0,5,-207.39999999999998
OPF-20260728-080452,20260421-0430-Long-1182-S2,149,Execute,,6.0,6,-140.49999999999997
OPF-20260728-080452,20260421-0510-Long-1190-S2,170,Execute,,7.0,7,-61.099999999999966
OPF-20260728-080452,20260421-0540-Short-1196,202,Execute,,8.0,8,-68.29999999999995
OPF-20260728-080452,20260421-0835-Long-1231,248,Execute,,9.0,9,-124.39999999999995
OPF-20260728-080452,20260421-1000-Long-1248,289,Execute,,10.0,10,-31.499999999999943
OPF-20260728-080452,20260421-1000-Long-1248-S2,299,Execute,,11.0,11,-31.499999999999943
OPF-20260728-080452,20260421-1055-Long-1259-S2,327,Execute,,12.0,12,50.40000000000006
OPF-20260728-080452,20260421-1100-Long-1260-S2,348,Execute,,13.0,13,280.80000000000007
OPF-20260728-082005,20260421-2315-Long-1119,10,Execute,,0.0,0,0.0
OPF-20260728-082005,20260421-2355-Long-1127,33,Execute,,1.0,1,-47.1
OPF-20260728-082005,20260422-0055-Short-1139,64,Execute,,2.0,2,90.30000000000001
OPF-20260728-082005,20260422-0150-Long-1150,96,Execute,,3.0,3,22.700000000000017
OPF-20260728-082005,20260422-0625-Long-1205,137,Execute,,4.0,4,-2.8999999999999844
OPF-20260728-082005,20260422-0745-Long-1221,170,Execute,,5.0,5,196.00000000000003
OPF-20260728-082005,20260422-0825-Short-1229,192,Execute,,6.0,6,142.90000000000003
OPF-20260728-082005,20260422-0850-Long-1234,217,Execute,,7.0,7,298.30000000000007
OPF-20260728-082005,20260422-1220-Long-1276,263,Execute,,8.0,8,555.2
OPF-20260728-082005,20260422-1300-Short-1284,290,Execute,,9.0,9,421.1
OPF-20260728-084737,20260422-2220-Short-1108,8,Execute,,0.0,0,0.0
OPF-20260728-084737,20260423-0115-Short-1143,48,Execute,,1.0,1,111.4
OPF-20260728-084737,20260423-0120-Short-1144-S2,59,Execute,,2.0,2,111.4
OPF-20260728-084737,20260423-0340-Short-1172,129,Execute,,3.0,3,523.7
OPF-20260728-084737,20260423-0420-Long-1180,165,Execute,,4.0,4,415.6
OPF-20260728-084737,20260423-0440-Long-1184,201,Execute,,5.0,5,509.5
OPF-20260728-084737,20260423-0810-Short-1226,249,Execute,,6.0,6,577.9
OPF-20260728-084737,20260423-0935-Short-1243,286,Execute,,7.0,7,453.29999999999995
OPF-20260728-084737,20260423-1010-Short-1250,303,Execute,,8.0,8,397.69999999999993
OPF-20260728-084737,20260423-1215-Short-1275,347,Execute,,9.0,9,288.0999999999999
OPF-20260728-091045,20260424-0015-Long-1131,11,Execute,,0.0,0,0.0
OPF-20260728-091045,20260424-0255-Short-1163,47,Execute,,1.0,1,59.4
OPF-20260728-091045,20260424-0255-Short-1163-S2,58,Execute,,2.0,2,59.4
OPF-20260728-091045,20260424-0325-Short-1169,87,Execute,,3.0,3,107.7
OPF-20260728-091045,20260424-0555-Long-1199,157,Execute,,4.0,4,-8.899999999999991
OPF-20260728-091045,20260424-0555-Long-1199-S2,167,Execute,,5.0,5,-8.899999999999991
OPF-20260728-091045,20260424-0750-Short-1222,222,Execute,,6.0,6,-24.59999999999998
OPF-20260728-091045,20260424-0945-Long-1245,255,Execute,,7.0,7,-74.69999999999999
OPF-20260728-091045,20260424-1035-Long-1255,288,Execute,,7.0,7,-74.69999999999999
OPF-20260728-091045,20260424-1045-Long-1257-S2,297,Execute,,8.0,8,-74.69999999999999
OPF-20260728-091045,20260424-1505-Long-1309,377,Execute,,9.0,9,488.1
OPF-20260728-091045,20260424-1705-Long-1333,414,Execute,,10.0,10,913.5
OPF-20260728-091045,20260424-1725-Short-1337,435,Execute,,11.0,11,876.9
OPF-20260728-091045,20260424-1805-Short-1345,459,Execute,,12.0,12,760.3
OPF-20260728-091045,20260424-1805-Short-1345-S2,469,Execute,,13.0,13,760.3
OPF-20260728-091045,20260424-2025-Short-1373,546,Execute,,14.0,14,627.0999999999999
OPF-20260728-091045,,562,Decision,max=15,,15,560.4999999999999
OPF-20260728-092905,20260426-2335-Short-1123,15,Execute,,0.0,0,0.0
OPF-20260728-092905,20260427-0050-Long-1138,41,Execute,,1.0,1,-72.6
OPF-20260728-092905,20260427-0410-Short-1178,74,Execute,,2.0,2,261.29999999999995
OPF-20260728-092905,20260427-1030-Long-1253,190,Execute,,3.0,3,191.19999999999996
OPF-20260728-092905,20260427-1140-Short-1267,217,Execute,,4.0,4,360.59999999999997
OPF-20260728-092905,20260427-1150-Short-1269,237,Execute,,5.0,5,309.49999999999994
OPF-20260728-092905,20260427-1925-Long-1360,303,Execute,,6.0,6,376.4
OPF-20260728-092905,20260427-1955-Long-1366,332,Execute,,7.0,7,441.79999999999995
OPF-20260728-095453,20260427-2255-Short-1114,8,Execute,,0.0,0,0.0
OPF-20260728-095453,20260427-2325-Long-1120,34,Execute,,1.0,1,43.9
OPF-20260728-095453,20260427-2355-Short-1126,62,Execute,,2.0,2,98.8
OPF-20260728-095453,20260428-0030-Short-1133,89,Execute,,3.0,3,56.699999999999996
OPF-20260728-095453,20260428-0050-Short-1137,98,Execute,,3.0,3,56.699999999999996
OPF-20260728-095453,20260428-0055-Short-1138-S2,108,Execute,,4.0,4,56.699999999999996
OPF-20260728-095453,20260428-0240-Short-1159,161,Execute,,5.0,5,62.99999999999999
OPF-20260728-095453,20260428-0525-Short-1192,232,Execute,,6.0,6,-42.6
OPF-20260728-095453,20260428-0650-Short-1209,265,Execute,,7.0,7,103.80000000000001
OPF-20260728-095453,20260428-0835-Long-1230,309,Execute,,8.0,8,32.70000000000002
OPF-20260728-095453,20260428-0930-Short-1241,337,Execute,,9.0,9,-39.89999999999998
OPF-20260728-095453,20260428-1115-Short-1262,387,Execute,,10.0,10,609.0
OPF-20260728-095453,20260428-1125-Short-1264-S2,402,Execute,,11.0,11,609.0
OPF-20260728-095453,20260428-1225-Short-1276,430,Execute,,11.0,11,1116.4
OPF-20260728-095453,20260428-1600-Short-1319,523,Execute,,12.0,12,1012.8000000000001
OPF-20260728-095453,20260428-1910-Long-1357,578,Execute,,13.0,13,958.7
OPF-20260728-095715,20260428-2220-Short-1107,3,Execute,,0.0,0,0.0
OPF-20260728-095715,20260428-2250-Long-1113,33,Execute,,1.0,1,-44.1
OPF-20260728-095715,20260428-2325-Long-1120,58,Execute,,2.0,2,-28.700000000000003
OPF-20260728-095715,20260428-2325-Long-1120-S2,69,Execute,,3.0,3,-28.700000000000003
OPF-20260728-095715,20260429-0035-Short-1134,126,Execute,,4.0,4,122.1
OPF-20260728-095715,20260429-0050-Short-1137-S2,134,Execute,,5.0,5,122.1
OPF-20260728-095715,20260429-0145-Long-1148,191,Execute,,6.0,6,453.9
OPF-20260728-095715,20260429-0255-Long-1162,230,Execute,,7.0,7,404.29999999999995
OPF-20260728-095715,20260429-0310-Long-1165-S2,245,Execute,,8.0,8,404.29999999999995
OPF-20260728-095715,20260429-0620-Short-1203,310,Execute,,9.0,9,692.5999999999999
OPF-20260728-095715,20260429-0720-Short-1215,357,Execute,,10.0,10,811.9999999999999
OPF-20260728-095715,20260429-0735-Short-1218,362,Execute,,10.0,10,811.9999999999999
OPF-20260728-095715,20260429-0750-Short-1221,389,Execute,,11.0,11,980.8999999999999
OPF-20260728-095715,20260429-0805-Short-1224,416,Execute,,12.0,12,900.7999999999998
OPF-20260728-095715,20260429-0825-Long-1228,441,Execute,,13.0,13,745.6999999999998
OPF-20260728-095715,20260429-1640-Long-1327,556,Execute,,14.0,14,617.0999999999998
OPF-20260728-095715,,617,Decision,max=15,,15,506.9999999999998
OPF-20260728-102608,20260430-0040-Long-1135,26,Execute,,0.0,0,0.0
OPF-20260728-102608,20260430-0225-Short-1156,61,Execute,,1.0,1,-68.1
OPF-20260728-102608,20260430-0320-Short-1167,86,Execute,,2.0,2,636.3
OPF-20260728-102608,20260430-0950-Short-1245,142,Execute,,2.0,2,636.3
OPF-20260728-102608,20260430-1815-Long-1346,254,Execute,,3.0,3,516.1999999999999
OPF-20260728-102811,20260430-2220-Short-1107,3,Execute,,0.0,0,0.0
OPF-20260728-102811,20260501-0055-Short-1138,62,Execute,,0.0,0,0.0
OPF-20260728-102811,20260501-0225-Short-1156,107,Execute,,1.0,1,25.4
OPF-20260728-102811,20260501-0350-Short-1173,145,Execute,,2.0,2,45.3
OPF-20260728-102811,20260501-0420-Short-1179,177,Execute,,3.0,3,101.69999999999999
OPF-20260728-102811,20260501-0645-Short-1208,211,Execute,,4.0,4,163.6
OPF-20260728-102811,20260501-0730-Short-1217,237,Execute,,5.0,5,108.0
OPF-20260728-102811,20260501-0840-Short-1231,270,Execute,,6.0,6,216.9
OPF-20260728-102811,20260501-1215-Short-1274,344,Execute,,7.0,7,373.8
OPF-20260728-102811,20260501-1750-Long-1341,393,Execute,,7.0,7,373.8
OPF-20260728-102811,20260501-1905-Long-1356,432,Execute,,8.0,8,311.7
OPF-20260728-104909,20260503-2225-Short-1109,3,Execute,,0.0,0,0.0
OPF-20260728-104909,20260503-2315-Short-1119,32,Execute,,1.0,1,-110.1
OPF-20260728-104909,20260504-0050-Long-1138,70,Execute,,2.0,2,-221.7
OPF-20260728-104909,20260504-0155-Long-1151,97,Execute,,3.0,3,2.700000000000017
OPF-20260728-104909,20260504-0155-Long-1151-S2,108,Execute,,4.0,4,2.700000000000017
OPF-20260728-104909,20260504-0300-Long-1164,147,Execute,,5.0,5,-170.49999999999997
OPF-20260728-104909,20260504-0340-Long-1172,169,Execute,,5.0,5,-174.09999999999997
OPF-20260728-104909,20260504-0655-Long-1211,220,Execute,,6.0,6,-70.19999999999996
OPF-20260728-104909,20260504-0835-Long-1231,272,Execute,,7.0,7,-145.79999999999995
OPF-20260728-104909,20260504-0845-Long-1233-S2,283,Execute,,8.0,8,-145.79999999999995
OPF-20260728-104909,,363,Decision,"LiveDailyLoss:net=-355.5,limit=250",,9,-355.49999999999994
OPF-20260728-104909,,378,Decision,"LiveDailyLoss:net=-355.5,limit=250",,9,-355.49999999999994
OPF-20260728-104909,,380,Decision,"LiveDailyLoss:net=-355.5,limit=250",,9,-355.49999999999994
OPF-20260728-105108,20260504-2240-Short-1112,4,Execute,,0.0,0,0.0
OPF-20260728-105108,20260504-2300-Short-1116,37,Execute,,1.0,1,111.9
OPF-20260728-105108,20260505-0025-Short-1133,68,Execute,,2.0,2,42.30000000000001
OPF-20260728-105108,20260505-0105-Long-1141,98,Execute,,3.0,3,-85.79999999999998
OPF-20260728-105108,20260505-0125-Long-1145-S2,114,Execute,,4.0,4,-85.79999999999998
OPF-20260728-105108,20260505-0315-Long-1167,153,Execute,,4.0,4,186.6
OPF-20260728-105108,20260505-0335-Long-1171-S2,165,Execute,,5.0,5,186.6
OPF-20260728-105108,20260505-0505-Short-1189,213,Execute,,6.0,6,231.4
OPF-20260728-105108,20260505-0625-Long-1205,247,Execute,,7.0,7,163.8
OPF-20260728-105108,20260505-0645-Long-1209-S2,255,Execute,,8.0,8,163.8
OPF-20260728-105108,20260505-0705-Long-1213-S2,284,Execute,,9.0,9,475.2
OPF-20260728-105108,20260505-0820-Long-1228,328,Execute,,10.0,10,809.4999999999999
OPF-20260728-105108,20260505-1310-Long-1286,373,Execute,,11.0,11,790.8999999999999
OPF-20260728-105108,20260505-1655-Long-1331,426,Execute,,12.0,12,734.7999999999998
OPF-20260728-105108,20260505-1705-Long-1333-S2,436,Execute,,13.0,13,734.7999999999998
OPF-20260728-105108,20260505-1805-Long-1345,471,Execute,,14.0,14,901.0999999999998
OPF-20260728-105108,,491,Decision,max=15,,15,798.4999999999998
OPF-20260728-105108,,493,Decision,max=15,,15,798.4999999999998
OPF-20260728-111044,20260506-0110-Long-1142,41,Execute,,0.0,0,0.0
OPF-20260728-111044,20260506-0235-Short-1159,76,Execute,,1.0,1,-57.1
OPF-20260728-111044,20260506-0305-Long-1165,100,Execute,,2.0,2,-162.2
OPF-20260728-111044,20260506-0355-Short-1175,133,Execute,,3.0,3,-15.299999999999983
OPF-20260728-111044,20260506-0405-Long-1177,150,Execute,,4.0,4,-69.89999999999998
OPF-20260728-111044,20260506-0550-Long-1198,184,Execute,,5.0,5,-119.99999999999997
OPF-20260728-111044,20260506-0845-Long-1233,223,Execute,,6.0,6,-54.599999999999966
OPF-20260728-111044,20260506-1110-Long-1262,265,Execute,,7.0,7,16.80000000000004
OPF-20260728-113158,20260506-2335-Short-1123,10,Execute,,0.0,0,0.0
OPF-20260728-113158,20260507-0025-Short-1133,31,Execute,,1.0,1,-78.6
OPF-20260728-113158,20260507-0205-Short-1153,71,Execute,,2.0,2,-195.2
OPF-20260728-113158,,98,Decision,"LiveDailyLoss:net=-296.3,limit=250",,3,-296.29999999999995
OPF-20260728-113158,,101,Decision,"LiveDailyLoss:net=-296.3,limit=250",,3,-296.29999999999995
OPF-20260728-113158,,111,Decision,"LiveDailyLoss:net=-296.3,limit=250",,3,-296.29999999999995
OPF-20260728-113158,,113,Decision,"LiveDailyLoss:net=-296.3,limit=250",,3,-296.29999999999995
OPF-20260728-113158,,140,Decision,"LiveDailyLoss:net=-296.3,limit=250",,3,-296.29999999999995
OPF-20260728-113158,,165,Decision,"LiveDailyLoss:net=-296.3,limit=250",,3,-296.29999999999995
OPF-20260728-113158,,188,Decision,"LiveDailyLoss:net=-296.3,limit=250",,3,-296.29999999999995
OPF-20260728-113158,,195,Decision,"LiveDailyLoss:net=-296.3,limit=250",,3,-296.29999999999995
OPF-20260728-113158,,204,Decision,"LiveDailyLoss:net=-296.3,limit=250",,3,-296.29999999999995
OPF-20260728-115715,20260507-2330-Long-1122,8,Execute,,0.0,0,0.0
OPF-20260728-115715,20260508-0225-Short-1157,63,Execute,,1.0,1,90.4
OPF-20260728-115715,20260508-0455-Long-1187,101,Execute,,2.0,2,45.300000000000004
OPF-20260728-115715,20260508-0525-Long-1193,110,Execute,,2.0,2,45.300000000000004
OPF-20260728-115715,20260508-0525-Long-1193-S2,123,Execute,,3.0,3,45.300000000000004
OPF-20260728-115715,20260508-0545-Long-1197,160,Execute,,4.0,4,285.6
OPF-20260728-115715,20260508-0545-Long-1197-S2,170,Execute,,5.0,5,285.6
OPF-20260728-115715,20260508-0810-Long-1226,202,Execute,,6.0,6,139.40000000000003
OPF-20260728-115715,20260508-0915-Long-1239,225,Execute,,7.0,7,357.30000000000007
OPF-20260728-115715,20260508-1015-Long-1251,278,Execute,,8.0,8,292.70000000000005
OPF-20260728-115715,20260508-2020-Long-1372,418,Execute,,9.0,9,235.10000000000005
OPF-20260728-131223,20260510-2335-Short-1123,28,Execute,,0.0,0,0.0
OPF-20260728-131223,20260511-0430-Long-1182,79,Execute,,1.0,1,-77.1
OPF-20260728-131223,20260511-0430-Long-1182-S2,90,Execute,,2.0,2,-77.1
OPF-20260728-131223,20260511-0550-Short-1198,137,Execute,,3.0,3,46.20000000000001
OPF-20260728-131223,20260511-0745-Short-1221,184,Execute,,4.0,4,87.10000000000001
OPF-20260728-131223,20260511-0835-Short-1231,217,Execute,,5.0,5,250.0
OPF-20260728-131223,20260511-1005-Short-1249,251,Execute,,6.0,6,118.9
OPF-20260728-131223,20260511-1140-Short-1268,301,Execute,,7.0,7,262.8
OPF-20260728-131223,20260511-1145-Short-1269-S2,317,Execute,,8.0,8,262.8
OPF-20260728-131223,20260511-1645-Long-1329,396,Execute,,9.0,9,429.1
OPF-20260728-131223,20260511-1755-Short-1343,433,Execute,,10.0,10,278.5
OPF-20260728-131223,20260511-2005-Short-1369,466,Execute,,11.0,11,141.4
OPF-20260728-131223,20260511-2005-Short-1369-S2,477,Execute,,12.0,12,141.4
OPF-20260728-131223,20260511-2045-Short-1377,532,Execute,,13.0,13,1034.1999999999998
OPF-20260728-132557,20260511-2305-Short-1117,17,Execute,,0.0,0,0.0
OPF-20260728-132557,20260511-2330-Long-1122,45,Execute,,1.0,1,67.9
OPF-20260728-132557,20260512-0405-Short-1177,128,Execute,,2.0,2,6.300000000000004
OPF-20260728-132557,20260512-0450-Short-1186,151,Execute,,3.0,3,71.20000000000002
OPF-20260728-132557,20260512-0515-Short-1191-S2,165,Execute,,4.0,4,71.20000000000002
OPF-20260728-132557,20260512-0625-Short-1205-S2,208,Execute,,5.0,5,14.100000000000016
OPF-20260728-132557,20260512-0815-Short-1227,274,Execute,,6.0,6,614.9
OPF-20260728-132557,20260512-0850-Short-1234,309,Execute,,7.0,7,498.79999999999995
OPF-20260728-132557,20260512-1050-Short-1258,347,Execute,,8.0,8,437.19999999999993
OPF-20260728-132557,20260512-1625-Short-1325,370,Execute,,9.0,9,381.5999999999999
OPF-20260728-140746,20260512-2345-Short-1125,30,Execute,,0.0,0,0.0
OPF-20260728-140746,20260513-0205-Long-1153,79,Execute,,1.0,1,174.4
OPF-20260728-140746,20260513-0355-Long-1175,107,Execute,,1.0,1,174.4
OPF-20260728-140746,20260513-0515-Short-1191,133,Execute,,2.0,2,259.8
OPF-20260728-140746,20260513-0655-Long-1211,154,Execute,,3.0,3,181.20000000000002
OPF-20260728-140746,20260513-1000-Short-1248,197,Execute,,4.0,4,57.60000000000002
OPF-20260728-140746,20260513-1010-Short-1250-S2,212,Execute,,5.0,5,57.60000000000002
OPF-20260728-142930,20260513-2330-Short-1122,19,Execute,,0.0,0,0.0
OPF-20260728-142930,20260514-0025-Long-1133,52,Execute,,1.0,1,-126.6
OPF-20260728-142930,20260514-0515-Short-1191,118,Execute,,2.0,2,-2.6999999999999886
OPF-20260728-142930,20260514-0740-Long-1220,147,Execute,,3.0,3,-125.29999999999998
OPF-20260728-142930,20260514-1255-Short-1283,219,Execute,,4.0,4,-196.89999999999998
OPF-20260728-142930,20260514-1530-Long-1314,242,Execute,,4.0,4,-196.89999999999998
OPF-20260728-142930,,300,Decision,"LiveDailyLoss:net=-265,limit=250",,5,-265.0
OPF-20260728-145349,20260514-2240-Long-1112,8,Execute,,0.0,0,0.0
OPF-20260728-145349,20260514-2240-Long-1112-S2,17,Execute,,1.0,1,0.0
OPF-20260728-145349,20260515-0115-Short-1143,73,Execute,,2.0,2,168.3
OPF-20260728-145349,20260515-0520-Short-1192,117,Execute,,3.0,3,331.20000000000005
OPF-20260728-145349,20260515-0520-Short-1192-S2,127,Execute,,4.0,4,331.20000000000005
OPF-20260728-145349,20260515-0720-Long-1216,187,Execute,,5.0,5,587.0
OPF-20260728-145349,20260515-1745-Long-1341,293,Execute,,6.0,6,458.9
OPF-20260728-145349,20260515-1745-Long-1341-S2,303,Execute,,7.0,7,458.9
OPF-20260728-145349,20260515-1930-Short-1362,355,Execute,,8.0,8,1088.1999999999998
OPF-20260728-153930,20260518-0355-Long-1175,59,Execute,,0.0,0,0.0
OPF-20260728-153930,20260518-0720-Short-1216,127,Execute,,1.0,1,343.9
OPF-20260728-153930,20260518-0910-Short-1238,161,Execute,,2.0,2,218.29999999999998
OPF-20260728-163718,20260519-0130-Short-1146,30,Execute,,0.0,0,0.0
OPF-20260728-163718,20260519-0345-Short-1173,70,Execute,,1.0,1,-106.6
OPF-20260728-163718,20260519-0345-Short-1173-S2,83,Execute,,2.0,2,-106.6
OPF-20260728-163718,20260519-0625-Long-1205,140,Execute,,3.0,3,714.6999999999999
OPF-20260728-163718,20260519-0905-Short-1237,170,Execute,,4.0,4,1135.6
OPF-20260728-183004,20260521-0210-Long-1154,52,Execute,,0.0,0,0.0
OPF-20260728-183004,20260521-0225-Long-1157-S2,66,Execute,,1.0,1,0.0
OPF-20260728-183004,20260521-0535-Short-1195,122,Execute,,2.0,2,-67.69999999999999
OPF-20260728-183004,20260521-0615-Short-1203,152,Execute,,3.0,3,87.70000000000002
OPF-20260728-183004,20260521-0655-Short-1211,189,Execute,,3.0,3,84.10000000000002
OPF-20260728-185105,20260522-0440-Short-1184,81,Execute,,0.0,0,0.0
OPF-20260728-185105,20260522-0500-Long-1188,90,Execute,,0.0,0,0.0
OPF-20260728-185105,20260522-0605-Short-1201,123,Execute,,1.0,1,-111.6
OPF-20260728-185105,20260522-0610-Short-1202-S2,132,Execute,,2.0,2,-111.6
OPF-20260728-185105,,178,Decision,"LiveDailyLoss:net=-382.3,limit=250",,3,-382.29999999999995
OPF-20260728-185105,,185,Decision,"LiveDailyLoss:net=-382.3,limit=250",,3,-382.29999999999995
OPF-20260728-185105,,192,Decision,"LiveDailyLoss:net=-382.3,limit=250",,3,-382.29999999999995
OPF-20260728-185105,,195,Decision,"LiveDailyLoss:net=-382.3,limit=250",,3,-382.29999999999995
OPF-20260728-185105,,211,Decision,"LiveDailyLoss:net=-382.3,limit=250",,3,-382.29999999999995
OPF-20260728-185105,,234,Decision,"LiveDailyLoss:net=-382.3,limit=250",,3,-382.29999999999995
OPF-20260728-190035,20260526-0015-Short-1083,33,Execute,,0.0,0,0.0
OPF-20260728-190035,20260526-0020-Short-1084-S2,43,Execute,,1.0,1,0.0
OPF-20260728-190035,20260526-0420-Long-1132,109,Execute,,2.0,2,-197.7
OPF-20260728-190035,20260526-0420-Long-1132-S2,119,Execute,,3.0,3,-197.7
OPF-20260728-190035,,154,Decision,"LiveDailyLoss:net=-282.4,limit=250",,4,-282.4
OPF-20260728-190035,,161,Decision,"LiveDailyLoss:net=-282.4,limit=250",,4,-282.4
OPF-20260728-190035,,167,Decision,"LiveDailyLoss:net=-282.4,limit=250",,4,-282.4
OPF-20260728-190035,,193,Decision,"LiveDailyLoss:net=-282.4,limit=250",,4,-282.4
OPF-20260728-190035,,208,Decision,"LiveDailyLoss:net=-282.4,limit=250",,4,-282.4
OPF-20260728-190035,,210,Decision,"LiveDailyLoss:net=-282.4,limit=250",,4,-282.4
OPF-20260728-190035,,239,Decision,"LiveDailyLoss:net=-282.4,limit=250",,4,-282.4
OPF-20260728-190035,,240,Decision,"LiveDailyLoss:net=-282.4,limit=250",,4,-282.4
OPF-20260728-190035,,246,Decision,"LiveDailyLoss:net=-282.4,limit=250",,4,-282.4
OPF-20260728-190035,,247,Decision,"LiveDailyLoss:net=-282.4,limit=250",,4,-282.4
OPF-20260728-190035,,252,Decision,"LiveDailyLoss:net=-282.4,limit=250",,4,-282.4
OPF-20260728-190035,,343,Decision,"LiveDailyLoss:net=-282.4,limit=250",,4,-282.4
OPF-20260728-190035,,361,Decision,"LiveDailyLoss:net=-282.4,limit=250",,4,-282.4
OPF-20260728-190035,,370,Decision,"LiveDailyLoss:net=-282.4,limit=250",,4,-282.4
OPF-20260728-190241,20260527-0115-Long-1095,26,Execute,,0.0,0,0.0
OPF-20260728-190241,20260527-0320-Short-1120,48,Execute,,1.0,1,-134.6
OPF-20260728-190241,20260527-0725-Long-1169,147,Execute,,2.0,2,4.800000000000011
OPF-20260728-190241,20260527-0740-Long-1172-S2,160,Execute,,3.0,3,4.800000000000011
OPF-20260728-190241,20260527-1045-Short-1209,232,Execute,,4.0,4,268.6
OPF-20260728-190241,20260527-1840-Long-1304,337,Execute,,5.0,5,224.50000000000003
OPF-20260728-191238,20260528-0550-Short-1150,72,Execute,,0.0,0,0.0
OPF-20260728-191238,20260528-0610-Short-1154,99,Execute,,1.0,1,-73.6
OPF-20260728-191238,20260528-0645-Short-1161,126,Execute,,2.0,2,-111.19999999999999
OPF-20260728-191238,20260528-0710-Short-1166,159,Execute,,3.0,3,0.20000000000001705
OPF-20260728-191238,20260528-1020-Short-1204,203,Execute,,4.0,4,-118.39999999999998
OPF-20260728-191238,20260528-1545-Long-1269,303,Execute,,5.0,5,-123.99999999999997
OPF-20260728-191238,20260528-2015-Long-1323,409,Execute,,6.0,6,-154.09999999999997
OPF-20260728-191238,20260528-2015-Long-1323-S2,420,Execute,,7.0,7,-154.09999999999997
OPF-20260728-192214,20260528-2250-Long-1066,13,Execute,,0.0,0,0.0
OPF-20260728-192214,20260528-2330-Short-1074,37,Execute,,1.0,1,-40.1
OPF-20260728-192214,20260529-0415-Long-1131,84,Execute,,2.0,2,221.79999999999998
OPF-20260728-192214,20260529-0415-Long-1131-S2,93,Execute,,3.0,3,221.79999999999998
OPF-20260728-192214,20260529-0655-Long-1163,148,Execute,,4.0,4,669.0999999999999
OPF-20260728-192214,20260529-0740-Short-1172,181,Execute,,5.0,5,521.9999999999999
OPF-20260728-192927,20260601-0310-Long-1166,39,Execute,,0.0,0,0.0
OPF-20260728-192927,20260601-0410-Long-1178,75,Execute,,1.0,1,-60.1
OPF-20260728-192927,20260601-0410-Long-1178-S2,86,Execute,,2.0,2,-60.1
OPF-20260728-192927,20260601-0605-Long-1201-S2,130,Execute,,3.0,3,-29.200000000000003
OPF-20260728-192927,20260601-0655-Long-1211-S2,146,Execute,,4.0,4,-106.3
OPF-20260728-192927,20260601-0730-Short-1218,186,Execute,,5.0,5,-41.99999999999999
OPF-20260728-192927,20260601-0745-Short-1221,212,Execute,,6.0,6,135.9
OPF-20260728-192927,20260601-0910-Short-1238,260,Execute,,7.0,7,301.3
OPF-20260728-192927,20260601-0950-Short-1246-S2,281,Execute,,8.0,8,301.3
OPF-20260728-192927,20260601-1820-Short-1348,445,Execute,,9.0,9,558.5999999999999
OPF-20260728-193612,20260602-0150-Short-1150,13,Execute,,0.0,0,0.0
OPF-20260728-193612,20260602-0245-Long-1161,55,Execute,,1.0,1,25.9
OPF-20260728-193612,20260602-0330-Short-1170,87,Execute,,2.0,2,80.8
OPF-20260728-193612,20260602-0410-Long-1178,113,Execute,,3.0,3,-26.799999999999997
OPF-20260728-193612,20260602-0635-Long-1207,178,Execute,,4.0,4,242.09999999999997
OPF-20260728-193612,20260602-0730-Long-1218-S2,208,Execute,,5.0,5,242.09999999999997
OPF-20260728-193612,20260602-1040-Short-1256,235,Execute,,6.0,6,308.9
OPF-20260728-193612,20260602-1520-Long-1312,329,Execute,,7.0,7,410.79999999999995
OPF-20260728-193612,20260602-1800-Short-1344,364,Execute,,8.0,8,299.69999999999993
OPF-20260728-193810,20260603-0145-Short-1149,45,Execute,,0.0,0,0.0
OPF-20260728-193810,20260603-0415-Short-1179,89,Execute,,1.0,1,-106.1
OPF-20260728-193810,20260603-0500-Short-1188-S2,114,Execute,,2.0,2,-106.1
OPF-20260728-193810,20260603-0515-Long-1191,146,Execute,,3.0,3,26.20000000000001
OPF-20260728-193810,20260603-0545-Short-1197,176,Execute,,4.0,4,-80.89999999999998
OPF-20260728-193810,20260603-1540-Short-1316,263,Execute,,4.0,4,-80.89999999999998
OPF-20260728-193810,20260603-1835-Short-1351,309,Execute,,4.0,4,-80.89999999999998
OPF-20260728-194827,20260604-0520-Short-1192,89,Execute,,0.0,0,0.0
OPF-20260728-194827,20260604-0645-Long-1209,109,Execute,,1.0,1,-127.6
OPF-20260728-194827,20260604-1010-Short-1250,174,Execute,,2.0,2,-168.7
OPF-20260728-195510,20260605-0255-Short-1163,52,Execute,,0.0,0,0.0
OPF-20260728-195510,20260605-0500-Short-1188,88,Execute,,1.0,1,155.4
OPF-20260728-195510,20260605-0505-Short-1189-S2,99,Execute,,2.0,2,155.4
OPF-20260728-195510,20260605-0725-Short-1217,176,Execute,,3.0,3,619.2
OPF-20260728-195510,20260605-0845-Short-1233,196,Execute,,4.0,4,546.6
OPF-20260728-195510,20260605-0955-Long-1247,228,Execute,,5.0,5,719.5
OPF-20260728-195510,20260605-1000-Long-1248-S2,238,Execute,,6.0,6,719.5
OPF-20260728-195510,20260605-1205-Short-1273,282,Execute,,7.0,7,589.8
OPF-20260728-195510,20260605-2040-Short-1376,344,Execute,,8.0,8,472.69999999999993
OPF-20260728-200702,20260608-0450-Short-1186,28,Execute,,0.0,0,0.0
OPF-20260728-200702,20260608-0925-Short-1241,73,Execute,,1.0,1,-104.6
OPF-20260728-200921,20260608-2300-Short-1116,21,Execute,,0.0,0,0.0
OPF-20260728-200921,20260609-1120-Long-1264,98,Execute,,1.0,1,-114.6
OPF-20260728-200921,20260609-1250-Short-1282,127,Execute,,2.0,2,114.80000000000001
OPF-20260728-202217,20260610-0345-Short-1173,41,Execute,,0.0,0,0.0
OPF-20260728-203240,20260611-0345-Long-1173,29,Execute,,0.0,0,0.0
OPF-20260728-203240,20260611-0645-Long-1209,78,Execute,,1.0,1,453.4
OPF-20260728-203240,20260611-1115-Short-1263,122,Execute,,2.0,2,824.3
OPF-20260728-203954,20260612-0635-Short-1207,97,Execute,,0.0,0,0.0
OPF-20260728-203954,20260612-2045-Short-1377,241,Execute,,1.0,1,636.4
OPF-20260728-204453,20260615-0425-Long-1181,65,Execute,,0.0,0,0.0
OPF-20260728-204453,20260615-0515-Long-1191,100,Execute,,1.0,1,183.9
OPF-20260728-204453,20260615-0605-Long-1201,123,Execute,,2.0,2,80.30000000000001
OPF-20260728-204453,20260615-0900-Short-1236,152,Execute,,3.0,3,16.200000000000017
OPF-20260728-204453,20260615-1005-Short-1249,183,Execute,,4.0,4,76.60000000000002
OPF-20260728-204453,20260615-1125-Long-1265,222,Execute,,5.0,5,-37.49999999999997
OPF-20260728-204453,20260615-2030-Short-1374,277,Execute,,6.0,6,-177.59999999999997
OPF-20260728-205250,20260616-0240-Long-1160,17,Execute,,0.0,0,0.0
OPF-20260728-205250,20260616-0955-Short-1247,122,Execute,,1.0,1,-114.6
OPF-20260728-205250,20260616-1015-Long-1251,144,Execute,,2.0,2,-221.7
OPF-20260728-205250,20260616-1045-Long-1257,167,Execute,,3.0,3,25.200000000000017
OPF-20260728-205507,20260617-0040-Long-1136,21,Execute,,0.0,0,0.0
OPF-20260728-205507,20260617-0130-Long-1146,49,Execute,,1.0,1,-68.1
OPF-20260728-205507,20260617-0130-Long-1146-S2,59,Execute,,2.0,2,-68.1
OPF-20260728-205507,20260617-0530-Long-1194,126,Execute,,3.0,3,374.7
OPF-20260728-205507,20260617-0530-Long-1194-S2,136,Execute,,4.0,4,374.7
OPF-20260728-205507,20260617-0650-Long-1210,166,Execute,,5.0,5,229.50000000000003
OPF-20260728-205507,20260617-0820-Short-1228,229,Execute,,6.0,6,469.90000000000003
OPF-20260728-205829,20260618-0225-Short-1157,41,Execute,,0.0,0,0.0
OPF-20260728-205829,20260618-0420-Short-1180,88,Execute,,1.0,1,62.9
OPF-20260728-205829,20260618-0425-Short-1181-S2,98,Execute,,2.0,2,62.9
OPF-20260728-205829,20260618-0630-Short-1206,153,Execute,,3.0,3,241.20000000000002
OPF-20260728-205829,20260618-0730-Long-1218,196,Execute,,4.0,4,414.6
OPF-20260728-205829,20260618-1050-Short-1258,237,Execute,,5.0,5,781.5
OPF-20260728-205829,20260618-1740-Long-1340,299,Execute,,6.0,6,658.9
OPF-20260728-205829,20260618-1840-Short-1352,320,Execute,,7.0,7,533.3
OPF-20260728-210155,20260622-0115-Long-1095,29,Execute,,0.0,0,0.0
OPF-20260728-210155,20260622-0115-Long-1095,33,Execute,,,0,0.0
OPF-20260728-210155,20260622-0305-Short-1117,50,Execute,,0.0,0,0.0
OPF-20260728-210155,20260622-0810-Short-1178,97,Execute,,1.0,1,-152.1
OPF-20260728-210155,20260622-1020-Long-1204,141,Execute,,2.0,2,30.30000000000001
OPF-20260728-210155,20260622-1020-Long-1204-S2,153,Execute,,3.0,3,30.30000000000001
OPF-20260728-210155,20260622-1040-Short-1208,179,Execute,,4.0,4,-195.39999999999998
OPF-20260728-210155,,211,Decision,"LiveDailyLoss:net=-307.5,limit=250",,5,-307.5
OPF-20260728-210155,,212,Decision,"LiveDailyLoss:net=-307.5,limit=250",,5,-307.5
OPF-20260728-210155,,215,Decision,"LiveDailyLoss:net=-307.5,limit=250",,5,-307.5
OPF-20260728-210155,,268,Decision,"LiveDailyLoss:net=-307.5,limit=250",,5,-307.5
OPF-20260728-210415,20260623-0125-Short-1097,37,Execute,,0.0,0,0.0
OPF-20260728-210415,20260623-0310-Short-1118,85,Execute,,1.0,1,162.4
OPF-20260728-210415,20260623-0430-Short-1134,147,Execute,,2.0,2,156.3
OPF-20260728-210415,20260623-0430-Short-1134-S2,162,Execute,,3.0,3,156.3
OPF-20260728-210415,20260623-0700-Short-1164,210,Execute,,4.0,4,542.6
OPF-20260728-210415,20260623-0755-Short-1175,233,Execute,,5.0,5,459.0
OPF-20260728-210415,20260623-1115-Short-1215,266,Execute,,5.0,5,459.0
OPF-20260728-210415,20260623-1745-Short-1293,334,Execute,,6.0,6,604.9
OPF-20260728-211421,20260624-0225-Short-1109,24,Execute,,0.0,0,0.0
OPF-20260728-211421,20260624-0410-Short-1130,72,Execute,,1.0,1,146.9
OPF-20260728-211421,20260624-0530-Long-1146,83,Execute,,1.0,1,146.9
OPF-20260728-211421,20260624-0530-Long-1146-S2,96,Execute,,2.0,2,146.9
OPF-20260728-211421,20260624-0620-Short-1156,131,Execute,,3.0,3,4.200000000000017
OPF-20260728-211421,20260624-0620-Short-1156-S2,141,Execute,,4.0,4,4.200000000000017
OPF-20260728-211421,20260624-0640-Long-1160,169,Execute,,4.0,4,-87.99999999999997
OPF-20260728-211421,20260624-1005-Long-1201,213,Execute,,5.0,5,-151.09999999999997
OPF-20260728-212339,20260624-2345-Long-1077,12,Execute,,0.0,0,0.0
OPF-20260728-212339,20260625-0325-Long-1121,67,Execute,,1.0,1,-63.1
OPF-20260728-212339,20260625-0330-Long-1122-S2,81,Execute,,2.0,2,-63.1
OPF-20260728-212339,20260625-0355-Long-1127,101,Execute,,2.0,2,-135.2
OPF-20260728-212339,,160,Decision,"LiveDailyLoss:net=-291.8,limit=250",,3,-291.79999999999995
OPF-20260728-212339,,166,Decision,"LiveDailyLoss:net=-291.8,limit=250",,3,-291.79999999999995
OPF-20260728-212339,,178,Decision,"LiveDailyLoss:net=-291.8,limit=250",,3,-291.79999999999995
OPF-20260728-212339,,195,Decision,"LiveDailyLoss:net=-291.8,limit=250",,3,-291.79999999999995
OPF-20260728-212339,,210,Decision,"LiveDailyLoss:net=-291.8,limit=250",,3,-291.79999999999995
OPF-20260728-212808,20260626-0825-Short-1229,101,Execute,,0.0,0,0.0
OPF-20260728-212808,20260626-0855-Short-1235,134,Execute,,1.0,1,360.9
OPF-20260728-213534,20260628-2340-Long-1124,5,Execute,,0.0,0,0.0
OPF-20260728-213534,20260629-0755-Long-1223,108,Execute,,1.0,1,-86.1
OPF-20260728-213534,20260629-0840-Long-1232-S2,135,Execute,,2.0,2,-86.1
OPF-20260728-213534,,195,Decision,"LiveDailyLoss:net=-348.3,limit=250",,3,-348.29999999999995
OPF-20260728-213534,,248,Decision,"LiveDailyLoss:net=-348.3,limit=250",,3,-348.29999999999995
OPF-20260728-213534,,249,Decision,"LiveDailyLoss:net=-348.3,limit=250",,3,-348.29999999999995
OPF-20260728-213852,20260629-2315-Long-1119,24,Execute,,0.0,0,0.0
OPF-20260728-213852,20260629-2315-Long-1119-S2,34,Execute,,1.0,1,0.0
OPF-20260728-213852,20260629-2350-Long-1126,61,Execute,,2.0,2,-99.7
OPF-20260728-213852,20260630-0355-Short-1175,141,Execute,,3.0,3,-217.3
OPF-20260728-213852,,179,Decision,"LiveDailyLoss:net=-298.9,limit=250",,4,-298.9
OPF-20260728-213852,,180,Decision,"LiveDailyLoss:net=-298.9,limit=250",,4,-298.9
OPF-20260728-213852,,203,Decision,"LiveDailyLoss:net=-298.9,limit=250",,4,-298.9
OPF-20260728-213852,,222,Decision,"LiveDailyLoss:net=-298.9,limit=250",,4,-298.9
OPF-20260728-213852,,252,Decision,"LiveDailyLoss:net=-298.9,limit=250",,4,-298.9
OPF-20260728-213852,,265,Decision,"LiveDailyLoss:net=-298.9,limit=250",,4,-298.9
OPF-20260728-213852,,323,Decision,"LiveDailyLoss:net=-298.9,limit=250",,4,-298.9
OPF-20260728-213852,,337,Decision,"LiveDailyLoss:net=-298.9,limit=250",,4,-298.9
OPF-20260728-213852,,342,Decision,"LiveDailyLoss:net=-298.9,limit=250",,4,-298.9
OPF-20260728-215322,20260701-0150-Short-1150,49,Execute,,0.0,0,0.0
OPF-20260728-215322,20260701-0325-Short-1169,91,Execute,,1.0,1,-53.1
OPF-20260728-215322,20260701-0610-Short-1202,137,Execute,,2.0,2,-134.2
OPF-20260728-215322,20260701-0620-Short-1204-S2,146,Execute,,3.0,3,-134.2
OPF-20260728-215556,20260701-2325-Short-1121,15,Execute,,0.0,0,0.0
OPF-20260728-215556,20260701-2355-Short-1127,36,Execute,,1.0,1,72.9
OPF-20260728-215556,20260702-0515-Short-1191,124,Execute,,2.0,2,249.8
OPF-20260728-220327,20260706-0540-Long-1148,60,Execute,,0.0,0,0.0
OPF-20260728-220327,20260706-1215-Long-1227,162,Execute,,1.0,1,-114.6
OPF-20260728-220327,20260706-1320-Short-1240,187,Execute,,2.0,2,-236.7
OPF-20260728-220327,,259,Decision,"LiveDailyLoss:net=-334.8,limit=250",,3,-334.79999999999995
OPF-20260728-220327,,260,Decision,"LiveDailyLoss:net=-334.8,limit=250",,3,-334.79999999999995
OPF-20260728-220327,,262,Decision,"LiveDailyLoss:net=-334.8,limit=250",,3,-334.79999999999995
OPF-20260728-220542,20260706-2345-Short-1077,18,Execute,,0.0,0,0.0
OPF-20260728-220542,20260707-0335-Short-1123,97,Execute,,1.0,1,-142.1
OPF-20260728-220542,20260707-0450-Short-1138,141,Execute,,2.0,2,28.30000000000001
OPF-20260728-220542,20260707-0455-Short-1139-S2,153,Execute,,3.0,3,28.30000000000001
OPF-20260728-220542,20260707-0510-Short-1142-S2,178,Execute,,4.0,4,157.70000000000002
OPF-20260728-220542,20260707-0925-Short-1193,239,Execute,,5.0,5,20.00000000000002
OPF-20260728-220542,20260707-0945-Short-1197-S2,265,Execute,,6.0,6,20.00000000000002
OPF-20260728-220542,,335,Decision,"LiveDailyLoss:net=-251.2,limit=250",,7,-251.19999999999996
OPF-20260728-221125,20260708-0315-Short-1119,62,Execute,,0.0,0,0.0
OPF-20260728-221125,20260708-0340-Short-1124,87,Execute,,1.0,1,-115.6
OPF-20260728-221756,20260709-2010-Short-1322,248,Execute,,0.0,0,0.0
OPF-20260728-221756,20260709-2035-Short-1327,279,Execute,,1.0,1,76.9
OPF-20260728-221756,20260709-2045-Short-1329-S2,289,Execute,,2.0,2,76.9
OPF-20260728-222355,20260710-0210-Short-1154,34,Execute,,0.0,0,0.0
OPF-20260728-222355,20260710-0325-Short-1169,74,Execute,,1.0,1,-115.1
OPF-20260728-222355,20260710-0830-Short-1230,159,Execute,,2.0,2,-219.7
OPF-20260728-222355,20260710-0835-Short-1231-S2,171,Execute,,3.0,3,-219.7
OPF-20260728-222355,,269,Decision,"LiveDailyLoss:net=-349.4,limit=250",,4,-349.4
OPF-20260728-222355,,280,Decision,"LiveDailyLoss:net=-349.4,limit=250",,4,-349.4
OPF-20260728-222558,20260713-0320-Short-1168,37,Execute,,0.0,0,0.0
OPF-20260728-222558,20260713-1110-Long-1262,136,Execute,,1.0,1,-74.1
OPF-20260728-222558,20260713-1235-Short-1279,174,Execute,,2.0,2,-183.2
OPF-20260728-222558,,210,Decision,"LiveDailyLoss:net=-305.8,limit=250",,3,-305.79999999999995
OPF-20260728-222558,,246,Decision,"LiveDailyLoss:net=-305.8,limit=250",,3,-305.79999999999995
OPF-20260728-222558,,255,Decision,"LiveDailyLoss:net=-305.8,limit=250",,3,-305.79999999999995
OPF-20260728-223223,20260714-0715-Short-1215,106,Execute,,0.0,0,0.0
OPF-20260728-223821,20260714-2230-Long-1110,9,Execute,,0.0,0,0.0
OPF-20260728-223821,20260715-0405-Short-1177,92,Execute,,1.0,1,-70.1
OPF-20260728-223821,20260715-1215-Short-1275,230,Execute,,2.0,2,-176.2
OPF-20260728-223821,20260715-1320-Short-1288,258,Execute,,2.0,2,-179.79999999999998
OPF-20260728-223821,,351,Decision,"LiveDailyLoss:net=-292.9,limit=250",,3,-292.9
OPF-20260728-223821,,355,Decision,"LiveDailyLoss:net=-292.9,limit=250",,3,-292.9
OPF-20260728-224554,20260716-0725-Short-1217,84,Execute,,0.0,0,0.0
OPF-20260728-224554,20260716-0725-Short-1217-S2,97,Execute,,1.0,1,0.0
OPF-20260728-224554,20260716-0940-Short-1244,165,Execute,,2.0,2,359.3
OPF-20260728-224808,20260717-0225-Short-1157,23,Execute,,0.0,0,0.0
OPF-20260728-224808,20260717-0655-Short-1211,134,Execute,,1.0,1,-2.6
OPF-20260728-225542,20260720-1010-Short-1250,83,Execute,,0.0,0,0.0
OPF-20260728-225542,20260720-2025-Short-1373,155,Execute,,1.0,1,-108.6
OPF-20260728-225542,20260720-2025-Short-1373-S2,171,Execute,,2.0,2,-108.6
OPF-20260728-225851,20260720-2330-Long-1122,5,Execute,,0.0,0,0.0
OPF-20260728-225851,20260721-0325-Long-1169,63,Execute,,1.0,1,-128.1
OPF-20260728-225851,20260721-0645-Long-1209,111,Execute,,2.0,2,250.79999999999998
OPF-20260728-225851,20260721-0650-Long-1210-S2,122,Execute,,3.0,3,250.79999999999998
OPF-20260728-230515,20260721-2250-Short-1114,12,Execute,,0.0,0,0.0
OPF-20260728-230515,20260722-0115-Long-1143,55,Execute,,1.0,1,-43.6
OPF-20260728-230515,20260722-0115-Long-1143,58,Execute,,,1,-43.6
OPF-20260728-230515,20260722-0510-Short-1190,113,Execute,,2.0,2,-171.7
OPF-20260728-230515,20260722-0610-Short-1202,156,Execute,,3.0,3,7.210000000000008
OPF-20260728-230515,20260722-0845-Long-1233,229,Execute,,4.0,4,202.61
OPF-20260728-230515,20260722-1150-Short-1270,315,Execute,,5.0,5,321.51
OPF-20260728-230515,20260722-1645-Short-1329,375,Execute,,6.0,6,489.90999999999997
OPF-20260728-231309,20260723-1130-Short-1266,132,Execute,,0.0,0,0.0
OPF-20260728-231309,20260723-2035-Long-1375,201,Execute,,1.0,1,-18.1
OPF-20260728-232156,20260724-0240-Short-1160,44,Execute,,0.0,0,0.0
OPF-20260728-232156,20260724-0445-Short-1185,82,Execute,,1.0,1,-0.6
OPF-20260728-232156,20260724-0520-Long-1192,119,Execute,,2.0,2,-73.19999999999999
OPF-20260728-232156,20260724-0915-Long-1239,191,Execute,,3.0,3,-230.29999999999998
OPF-20260728-232156,20260724-1015-Short-1251,223,Execute,,4.0,4,75.6
OPF-20260728-232156,20260724-1245-Short-1281,249,Execute,,5.0,5,-31.5
OPF-20260728-232156,20260724-1255-Short-1283-S2,262,Execute,,6.0,6,-31.5
OPF-20260728-233055,20260727-0335-Short-1171,47,Execute,,0.0,0,0.0
OPF-20260728-233055,20260727-0540-Long-1196,78,Execute,,0.0,0,0.0
OPF-20260728-233055,20260727-0545-Long-1197-S2,88,Execute,,1.0,1,0.0
OPF-20260728-233055,20260727-0905-Short-1237,161,Execute,,2.0,2,219.8
OPF-20260728-233055,20260727-1005-Short-1249,192,Execute,,3.0,3,139.70000000000002
OPF-20260728-233055,20260727-1805-Long-1345,260,Execute,,4.0,4,60.60000000000002
OPF-20260730-095701,20250630-2215-Long-1107,5,Execute,,0.0,0,0.0
OPF-20260730-095701,20250701-0140-Long-1148,37,Execute,,1.0,1,-34.6
OPF-20260730-095701,20250701-0240-Short-1160,71,Execute,,2.0,2,-101.19999999999999
OPF-20260730-095701,20250701-0605-Short-1201,109,Execute,,3.0,3,5.200000000000017
OPF-20260730-095701,20250701-0615-Short-1203,132,Execute,,4.0,4,-44.899999999999984
OPF-20260730-095701,20250701-0745-Short-1221,166,Execute,,5.0,5,-76.49999999999999
OPF-20260730-095701,20250701-0925-Short-1241,192,Execute,,6.0,6,-142.09999999999997
OPF-20260730-095701,20250701-0930-Short-1242-S2,200,Execute,,7.0,7,-142.09999999999997
OPF-20260730-095701,20250701-1150-Short-1270,255,Execute,,8.0,8,-195.79999999999995
OPF-20260730-095701,20250701-1225-Short-1277,287,Execute,,9.0,9,-59.39999999999995
OPF-20260730-095701,20250701-1915-Long-1359,366,Execute,,10.0,10,-197.49999999999994
OPF-20260730-095701,,409,Decision,"LiveDailyLoss:net=-318.1,limit=250",,11,-318.0999999999999
OPF-20260730-095701,,415,Decision,"LiveDailyLoss:net=-318.1,limit=250",,11,-318.0999999999999
OPF-20260730-095904,20250701-2210-Long-1106,5,Execute,,0.0,0,0.0
OPF-20260730-095904,20250701-2320-Short-1120,24,Execute,,1.0,1,138.9
OPF-20260730-095904,20250702-0205-Short-1153,55,Execute,,1.0,1,131.8
OPF-20260730-095904,20250702-0250-Long-1162,92,Execute,,2.0,2,29.700000000000017
OPF-20260730-095904,20250702-0305-Long-1165,115,Execute,,3.0,3,104.60000000000002
OPF-20260730-095904,20250702-0435-Long-1183,150,Execute,,4.0,4,38.00000000000003
OPF-20260730-095904,20250702-0435-Long-1183,153,Execute,,,4,38.00000000000003
OPF-20260730-095904,20250702-0750-Short-1222,190,Execute,,5.0,5,-71.09999999999997
OPF-20260730-095904,20250702-0835-Long-1231,228,Execute,,6.0,6,-154.19999999999996
OPF-20260730-095904,20250702-0835-Long-1231,231,Execute,,,6,-154.19999999999996
OPF-20260730-095904,,353,Decision,"LiveDailyLoss:net=-281.3,limit=250",,7,-281.29999999999995
OPF-20260730-100102,20250707-0025-Short-1040,21,Execute,,0.0,0,0.0
OPF-20260730-100102,20250707-0125-Long-1052,59,Execute,,1.0,1,-40.61
OPF-20260730-100102,20250707-0355-Long-1082-S2,96,Execute,,2.0,2,-40.61
OPF-20260730-100102,,200,Decision,"LiveDailyLoss:net=-278.31,limit=250",,3,-278.30999999999995
OPF-20260730-100102,,202,Decision,"LiveDailyLoss:net=-278.31,limit=250",,3,-278.30999999999995
OPF-20260730-100102,,203,Decision,"LiveDailyLoss:net=-278.31,limit=250",,3,-278.30999999999995
OPF-20260730-100102,,210,Decision,"LiveDailyLoss:net=-278.31,limit=250",,3,-278.30999999999995
OPF-20260730-100102,,223,Decision,"LiveDailyLoss:net=-278.31,limit=250",,3,-278.30999999999995
OPF-20260730-100102,,235,Decision,"LiveDailyLoss:net=-278.31,limit=250",,3,-278.30999999999995
OPF-20260730-100102,,279,Decision,"LiveDailyLoss:net=-278.31,limit=250",,3,-278.30999999999995
OPF-20260730-100310,20250707-2245-Long-1020,15,Execute,,0.0,0,0.0
OPF-20260730-100310,20250707-2250-Long-1021,34,Execute,,0.0,0,-6.6
OPF-20260730-100310,20250707-2320-Long-1027-S2,46,Execute,,1.0,1,-6.6
OPF-20260730-100310,20250708-0100-Long-1047,95,Execute,,2.0,2,476.20000000000005
OPF-20260730-100310,20250708-0125-Long-1052-S2,107,Execute,,3.0,3,476.20000000000005
OPF-20260730-100310,20250708-0145-Long-1056,138,Execute,,4.0,4,292.0
OPF-20260730-100310,20250708-0230-Long-1065,164,Execute,,5.0,5,415.4
OPF-20260730-100310,20250708-0330-Short-1077,194,Execute,,6.0,6,463.29999999999995
OPF-20260730-100310,20250708-0335-Short-1078-S2,204,Execute,,7.0,7,463.29999999999995
OPF-20260730-100310,20250708-0355-Short-1082-S2,235,Execute,,8.0,8,512.1999999999999
OPF-20260730-100310,20250708-0555-Long-1106,268,Execute,,9.0,9,425.4999999999999
OPF-20260730-100310,20250708-0655-Long-1118,290,Execute,,10.0,10,363.39999999999986
OPF-20260730-100310,20250708-0745-Long-1128,312,Execute,,11.0,11,302.79999999999984
OPF-20260730-100310,20250708-1010-Short-1157,358,Execute,,12.0,12,216.19999999999985
OPF-20260730-100310,20250708-1045-Long-1164,394,Execute,,13.0,13,152.59999999999985
OPF-20260730-100310,20250708-1055-Long-1166-S2,406,Execute,,14.0,14,152.59999999999985
OPF-20260730-100310,,441,Decision,max=15,,15,192.89999999999986
OPF-20260730-100310,,452,Decision,max=15,,15,192.89999999999986
OPF-20260730-100310,,537,Decision,max=15,,15,192.89999999999986
OPF-20260730-100310,,541,Decision,max=15,,15,192.89999999999986
OPF-20260730-100310,,543,Decision,max=15,,15,192.89999999999986
OPF-20260730-100509,20250709-0020-Short-1039,14,Execute,,0.0,0,0.0
OPF-20260730-100509,20250709-0110-Long-1049,37,Execute,,1.0,1,-60.1
OPF-20260730-100509,20250709-0135-Short-1054,61,Execute,,2.0,2,-127.69999999999999
OPF-20260730-100509,20250709-0155-Long-1058,83,Execute,,3.0,3,-164.79999999999998
OPF-20260730-100509,20250709-0300-Long-1071,133,Execute,,4.0,4,-217.89999999999998
OPF-20260730-100509,20250709-0445-Long-1092,153,Execute,,5.0,5,-245.49999999999997
OPF-20260730-100509,20250709-0450-Long-1093-S2,166,Execute,,6.0,6,-245.49999999999997
OPF-20260730-100509,,217,Decision,"LiveDailyLoss:net=-361.2,limit=250",,7,-361.19999999999993
OPF-20260730-100509,,223,Decision,"LiveDailyLoss:net=-361.2,limit=250",,7,-361.19999999999993
OPF-20260730-100509,,245,Decision,"LiveDailyLoss:net=-361.2,limit=250",,7,-361.19999999999993
OPF-20260730-100509,,270,Decision,"LiveDailyLoss:net=-361.2,limit=250",,7,-361.19999999999993
OPF-20260730-100509,,271,Decision,"LiveDailyLoss:net=-361.2,limit=250",,7,-361.19999999999993
OPF-20260730-100509,,272,Decision,"LiveDailyLoss:net=-361.2,limit=250",,7,-361.19999999999993
OPF-20260730-100509,,285,Decision,"LiveDailyLoss:net=-361.2,limit=250",,7,-361.19999999999993
OPF-20260730-100509,,317,Decision,"LiveDailyLoss:net=-361.2,limit=250",,7,-361.19999999999993
OPF-20260730-100509,,335,Decision,"LiveDailyLoss:net=-361.2,limit=250",,7,-361.19999999999993
OPF-20260730-100509,,348,Decision,"LiveDailyLoss:net=-361.2,limit=250",,7,-361.19999999999993
OPF-20260730-100707,20250709-2220-Long-1060,9,Execute,,0.0,0,0.0
OPF-20260730-100707,20250709-2325-Short-1073,20,Execute,,0.0,0,0.0
OPF-20260730-100707,20250710-0310-Short-1118,57,Execute,,1.0,1,54.9
OPF-20260730-100707,20250710-0925-Short-1193,150,Execute,,2.0,2,-55.699999999999996
OPF-20260730-100707,20250710-1115-Short-1215,196,Execute,,3.0,3,-176.29999999999998
OPF-20260730-100707,20250710-1215-Short-1227,223,Execute,,4.0,4,-211.89999999999998
OPF-20260730-100707,20250710-1955-Short-1319,342,Execute,,5.0,5,-135.99999999999997
OPF-20260730-100914,20250711-0640-Short-1208,107,Execute,,0.0,0,0.0
OPF-20260730-100914,20250711-0830-Short-1230,141,Execute,,1.0,1,-47.6
OPF-20260730-100914,20250711-1000-Short-1248,173,Execute,,2.0,2,-110.2
OPF-20260730-100914,20250711-1605-Short-1321,275,Execute,,3.0,3,-222.8
OPF-20260730-100914,,315,Decision,"LiveDailyLoss:net=-340.4,limit=250",,4,-340.4
OPF-20260730-100914,,347,Decision,"LiveDailyLoss:net=-340.4,limit=250",,4,-340.4
OPF-20260730-100914,,359,Decision,"LiveDailyLoss:net=-340.4,limit=250",,4,-340.4
OPF-20260730-100914,,363,Decision,"LiveDailyLoss:net=-340.4,limit=250",,4,-340.4
OPF-20260730-100914,,364,Decision,"LiveDailyLoss:net=-340.4,limit=250",,4,-340.4
OPF-20260730-100914,,370,Decision,"LiveDailyLoss:net=-340.4,limit=250",,4,-340.4
OPF-20260730-101111,20250714-0100-Short-1140,16,Execute,,0.0,0,0.0
OPF-20260730-101111,20250714-0100-Short-1140-S2,28,Execute,,1.0,1,0.0
OPF-20260730-101111,20250714-0315-Long-1167,70,Execute,,2.0,2,12.299999999999997
OPF-20260730-101111,20250714-0350-Long-1174,96,Execute,,3.0,3,47.699999999999996
OPF-20260730-101111,20250714-0455-Short-1187,127,Execute,,4.0,4,13.599999999999994
OPF-20260730-101111,20250714-0610-Short-1202,160,Execute,,5.0,5,-35.50000000000001
OPF-20260730-101111,20250714-0725-Short-1217,177,Execute,,6.0,6,-75.10000000000001
OPF-20260730-101111,20250714-0800-Long-1224,209,Execute,,7.0,7,-144.2
OPF-20260730-101111,20250714-0810-Long-1226-S2,219,Execute,,8.0,8,-144.2
OPF-20260730-101111,20250714-0910-Long-1238,255,Execute,,9.0,9,-181.39999999999998
OPF-20260730-101111,20250714-0945-Long-1245,274,Execute,,10.0,10,-214.99999999999997
OPF-20260730-101111,,295,Decision,"LiveDailyLoss:net=-251.1,limit=250",,11,-251.09999999999997
OPF-20260730-101111,,297,Decision,"LiveDailyLoss:net=-251.1,limit=250",,11,-251.09999999999997
OPF-20260730-101111,,394,Decision,"LiveDailyLoss:net=-251.1,limit=250",,11,-251.09999999999997
OPF-20260730-101111,,410,Decision,"LiveDailyLoss:net=-251.1,limit=250",,11,-251.09999999999997
OPF-20260730-101111,,416,Decision,"LiveDailyLoss:net=-251.1,limit=250",,11,-251.09999999999997
OPF-20260730-101309,20250714-2230-Short-1110,14,Execute,,0.0,0,0.0
OPF-20260730-101309,20250714-2300-Short-1116-S2,25,Execute,,1.0,1,0.0
OPF-20260730-101309,20250715-0005-Long-1129,77,Execute,,2.0,2,-104.19999999999999
OPF-20260730-101309,20250715-0245-Short-1161,109,Execute,,3.0,3,-151.29999999999998
OPF-20260730-101309,,139,Decision,"LiveDailyLoss:net=-279.4,limit=250",,4,-279.4
OPF-20260730-101309,,140,Decision,"LiveDailyLoss:net=-279.4,limit=250",,4,-279.4
OPF-20260730-101309,,153,Decision,"LiveDailyLoss:net=-279.4,limit=250",,4,-279.4
OPF-20260730-101309,,162,Decision,"LiveDailyLoss:net=-279.4,limit=250",,4,-279.4
OPF-20260730-101309,,167,Decision,"LiveDailyLoss:net=-279.4,limit=250",,4,-279.4
OPF-20260730-101309,,169,Decision,"LiveDailyLoss:net=-279.4,limit=250",,4,-279.4
OPF-20260730-101309,,178,Decision,"LiveDailyLoss:net=-279.4,limit=250",,4,-279.4
OPF-20260730-101309,,180,Decision,"LiveDailyLoss:net=-279.4,limit=250",,4,-279.4
OPF-20260730-101309,,187,Decision,"LiveDailyLoss:net=-279.4,limit=250",,4,-279.4
OPF-20260730-101309,,188,Decision,"LiveDailyLoss:net=-279.4,limit=250",,4,-279.4
OPF-20260730-101309,,190,Decision,"LiveDailyLoss:net=-279.4,limit=250",,4,-279.4
OPF-20260730-101309,,197,Decision,"LiveDailyLoss:net=-279.4,limit=250",,4,-279.4
OPF-20260730-101309,,199,Decision,"LiveDailyLoss:net=-279.4,limit=250",,4,-279.4
OPF-20260730-101309,,200,Decision,"LiveDailyLoss:net=-279.4,limit=250",,4,-279.4
OPF-20260730-101309,,214,Decision,"LiveDailyLoss:net=-279.4,limit=250",,4,-279.4
OPF-20260730-101309,,222,Decision,"LiveDailyLoss:net=-279.4,limit=250",,4,-279.4
OPF-20260730-101309,,223,Decision,"LiveDailyLoss:net=-279.4,limit=250",,4,-279.4
OPF-20260730-101309,,268,Decision,"LiveDailyLoss:net=-279.4,limit=250",,4,-279.4
OPF-20260730-101309,,321,Decision,"LiveDailyLoss:net=-279.4,limit=250",,4,-279.4
OPF-20260730-101309,,322,Decision,"LiveDailyLoss:net=-279.4,limit=250",,4,-279.4
OPF-20260730-101506,20250716-0015-Short-1131,35,Execute,,0.0,0,0.0
OPF-20260730-101506,20250716-0250-Short-1162,90,Execute,,1.0,1,-113.1
OPF-20260730-101506,20250716-0730-Short-1218,144,Execute,,2.0,2,-153.2
OPF-20260730-101506,20250716-2005-Short-1369,254,Execute,,3.0,3,-195.79999999999998
OPF-20260730-101703,20250716-2235-Short-1111,7,Execute,,0.0,0,0.0
OPF-20260730-101703,20250717-0120-Short-1144,49,Execute,,1.0,1,-74.6
OPF-20260730-101703,20250717-0240-Short-1160,79,Execute,,2.0,2,-19.199999999999996
OPF-20260730-101703,20250717-0430-Short-1182,118,Execute,,3.0,3,-54.8
OPF-20260730-101703,20250717-0430-Short-1182-S2,130,Execute,,4.0,4,-54.8
OPF-20260730-101703,20250717-0800-Short-1224,238,Execute,,5.0,5,-128.0
OPF-20260730-101703,20250717-0925-Short-1241,268,Execute,,5.0,5,-128.0
OPF-20260730-101703,20250717-0925-Short-1241-S2,280,Execute,,6.0,6,-128.0
OPF-20260730-101703,20250717-1055-Short-1259,310,Execute,,7.0,7,-184.2
OPF-20260730-101703,20250717-1320-Short-1288,377,Execute,,8.0,8,-85.79999999999998
OPF-20260730-101903,20250717-2325-Short-1121,13,Execute,,0.0,0,0.0
OPF-20260730-101903,20250717-2325-Short-1121-S2,27,Execute,,1.0,1,0.0
OPF-20260730-101903,20250718-0035-Short-1135,70,Execute,,2.0,2,-33.2
OPF-20260730-101903,20250718-0125-Short-1145,104,Execute,,3.0,3,-6.800000000000004
OPF-20260730-101903,20250718-0305-Short-1165,161,Execute,,4.0,4,-31.400000000000006
OPF-20260730-101903,20250718-0640-Short-1208,227,Execute,,5.0,5,-60.50000000000001
OPF-20260730-101903,20250718-0720-Short-1216,254,Execute,,6.0,6,-6.6000000000000085
OPF-20260730-101903,20250718-1030-Short-1254,303,Execute,,7.0,7,-90.7
OPF-20260730-101903,20250718-1030-Short-1254-S2,313,Execute,,8.0,8,-90.7
OPF-20260730-101903,20250718-1100-Short-1260,337,Execute,,9.0,9,-193.9
OPF-20260730-101903,20250718-1205-Short-1273-S2,351,Execute,,10.0,10,-193.9
OPF-20260730-101903,,388,Decision,"LiveDailyLoss:net=-286.6,limit=250",,11,-286.6
OPF-20260730-101903,,389,Decision,"LiveDailyLoss:net=-286.6,limit=250",,11,-286.6
OPF-20260730-101903,,413,Decision,"LiveDailyLoss:net=-286.6,limit=250",,11,-286.6
OPF-20260730-101903,,418,Decision,"LiveDailyLoss:net=-286.6,limit=250",,11,-286.6
OPF-20260730-101903,,437,Decision,"LiveDailyLoss:net=-286.6,limit=250",,11,-286.6
OPF-20260730-101903,,440,Decision,"LiveDailyLoss:net=-286.6,limit=250",,11,-286.6
OPF-20260730-102101,20250720-2210-Short-1106,4,Execute,,0.0,0,0.0
OPF-20260730-102101,20250720-2305-Long-1117,46,Execute,,1.0,1,53.4
OPF-20260730-102101,20250721-0000-Long-1128,63,Execute,,2.0,2,10.799999999999997
OPF-20260730-102101,20250721-0110-Long-1142,87,Execute,,3.0,3,-48.800000000000004
OPF-20260730-102101,20250721-0140-Long-1148-S2,108,Execute,,4.0,4,-48.800000000000004
OPF-20260730-102101,20250721-0240-Short-1160,137,Execute,,5.0,5,-150.0
OPF-20260730-102101,20250721-0335-Short-1171,163,Execute,,6.0,6,-115.6
OPF-20260730-102101,20250721-0435-Long-1183,231,Execute,,7.0,7,-114.69999999999999
OPF-20260730-102101,20250721-0525-Long-1193-S2,258,Execute,,8.0,8,-114.69999999999999
OPF-20260730-102101,20250721-0610-Long-1202-S2,293,Execute,,9.0,9,-97.79999999999998
OPF-20260730-102101,20250721-0840-Short-1232,357,Execute,,10.0,10,56.00000000000003
OPF-20260730-102101,20250721-0905-Long-1237,381,Execute,,11.0,11,8.400000000000027
OPF-20260730-102101,20250721-0910-Long-1238-S2,392,Execute,,12.0,12,8.400000000000027
OPF-20260730-102101,20250721-0940-Short-1244,421,Execute,,13.0,13,-82.79999999999998
OPF-20260730-102101,20250721-1020-Long-1252,446,Execute,,14.0,14,-144.89999999999998
OPF-20260730-102101,,467,Decision,max=15,,15,-215.99999999999997
OPF-20260730-102101,,470,Decision,max=15,,15,-215.99999999999997
OPF-20260730-102101,,477,Decision,max=15,,15,-215.99999999999997
OPF-20260730-102101,,479,Decision,max=15,,15,-215.99999999999997
OPF-20260730-102101,,485,Decision,max=15,,15,-215.99999999999997
OPF-20260730-102101,,487,Decision,max=15,,15,-215.99999999999997
OPF-20260730-102101,,493,Decision,max=15,,15,-215.99999999999997
OPF-20260730-102101,,495,Decision,max=15,,15,-215.99999999999997
OPF-20260730-102101,,499,Decision,max=15,,15,-215.99999999999997
OPF-20260730-102101,,500,Decision,max=15,,15,-215.99999999999997
OPF-20260730-102101,,501,Decision,max=15,,15,-215.99999999999997
OPF-20260730-102101,,552,Decision,max=15,,15,-215.99999999999997
OPF-20260730-102101,,553,Decision,max=15,,15,-215.99999999999997
OPF-20260730-102101,,555,Decision,max=15,,15,-215.99999999999997
OPF-20260730-102101,,556,Decision,max=15,,15,-215.99999999999997
OPF-20260730-102101,,586,Decision,max=15,,15,-215.99999999999997
OPF-20260730-102259,20250721-2230-Long-1110,4,Execute,,0.0,0,0.0
OPF-20260730-102259,20250721-2245-Long-1113,21,Execute,,1.0,1,-29.1
OPF-20260730-102259,20250722-0040-Short-1136,55,Execute,,2.0,2,-56.2
OPF-20260730-102259,20250722-0140-Long-1148,89,Execute,,3.0,3,21.200000000000003
OPF-20260730-102259,20250722-0145-Long-1149-S2,101,Execute,,4.0,4,21.200000000000003
OPF-20260730-102259,20250722-0155-Long-1151,131,Execute,,4.0,4,43.0
OPF-20260730-102259,20250722-0155-Long-1151-S2,140,Execute,,5.0,5,43.0
OPF-20260730-102259,20250722-0215-Short-1155,162,Execute,,6.0,6,-43.7
OPF-20260730-102259,20250722-0320-Short-1168,191,Execute,,7.0,7,-0.8000000000000043
OPF-20260730-102259,20250722-0340-Short-1172,217,Execute,,8.0,8,66.1
OPF-20260730-102259,20250722-0350-Short-1174-S2,241,Execute,,9.0,9,66.1
OPF-20260730-102259,20250722-0415-Short-1179,277,Execute,,10.0,10,177.4
OPF-20260730-102259,20250722-0705-Short-1213,316,Execute,,11.0,11,56.30000000000001
OPF-20260730-102259,20250722-0710-Long-1214,336,Execute,,12.0,12,-62.29999999999998
OPF-20260730-102259,20250722-0710-Long-1214-S2,351,Execute,,13.0,13,-62.29999999999998
OPF-20260730-102259,,383,Decision,"LiveDailyLoss:net=-294,limit=250",,14,-294.0
OPF-20260730-102259,,388,Decision,"LiveDailyLoss:net=-294,limit=250",,14,-294.0
OPF-20260730-102259,,389,Decision,"LiveDailyLoss:net=-294,limit=250",,14,-294.0
OPF-20260730-102259,,390,Decision,"LiveDailyLoss:net=-294,limit=250",,14,-294.0
OPF-20260730-102259,,397,Decision,"LiveDailyLoss:net=-294,limit=250",,14,-294.0
OPF-20260730-102259,,403,Decision,"LiveDailyLoss:net=-294,limit=250",,14,-294.0
OPF-20260730-102259,,405,Decision,"LiveDailyLoss:net=-294,limit=250",,14,-294.0
OPF-20260730-102259,,410,Decision,"LiveDailyLoss:net=-294,limit=250",,14,-294.0
OPF-20260730-102259,,413,Decision,"LiveDailyLoss:net=-294,limit=250",,14,-294.0
OPF-20260730-102259,,419,Decision,"LiveDailyLoss:net=-294,limit=250",,14,-294.0
OPF-20260730-102259,,433,Decision,"LiveDailyLoss:net=-294,limit=250",,14,-294.0
OPF-20260730-102456,20250723-0035-Short-1135,22,Execute,,0.0,0,0.0
OPF-20260730-102456,20250723-0200-Short-1152,62,Execute,,1.0,1,-80.1
OPF-20260730-102456,20250723-0205-Short-1153-S2,73,Execute,,2.0,2,-80.1
OPF-20260730-102456,20250723-0340-Short-1172,143,Execute,,3.0,3,3.7000000000000117
OPF-20260730-102456,20250723-0805-Short-1225,198,Execute,,4.0,4,-104.89999999999998
OPF-20260730-102456,20250723-0830-Short-1230,215,Execute,,5.0,5,-156.49999999999997
OPF-20260730-102456,20250723-1005-Short-1249,277,Execute,,6.0,6,-223.09999999999997
OPF-20260730-102456,,299,Decision,"LiveDailyLoss:net=-269.7,limit=250",,7,-269.7
OPF-20260730-102654,20250723-2325-Short-1121,16,Execute,,0.0,0,0.0
OPF-20260730-102654,20250724-0355-Short-1175,73,Execute,,1.0,1,-45.6
OPF-20260730-102654,20250724-0735-Short-1219,125,Execute,,2.0,2,99.80000000000001
OPF-20260730-102654,20250724-1035-Short-1255,156,Execute,,3.0,3,33.20000000000002
OPF-20260730-102654,20250724-1230-Short-1278,190,Execute,,4.0,4,-22.899999999999984
OPF-20260730-102654,20250724-1250-Short-1282,219,Execute,,5.0,5,127.50000000000003
OPF-20260730-102654,20250724-1735-Short-1339,283,Execute,,6.0,6,58.400000000000034
OPF-20260730-102654,20250724-2000-Short-1368,342,Execute,,7.0,7,110.80000000000004
OPF-20260730-102852,20250724-2320-Short-1120,19,Execute,,0.0,0,0.0
OPF-20260730-102852,20250725-0035-Short-1135,49,Execute,,1.0,1,-53.6
OPF-20260730-102852,20250725-0040-Short-1136-S2,56,Execute,,2.0,2,-53.6
OPF-20260730-102852,20250725-0240-Short-1160,111,Execute,,3.0,3,-130.3
OPF-20260730-102852,20250725-0405-Short-1177,146,Execute,,4.0,4,-107.4
OPF-20260730-102852,20250725-0435-Short-1183,174,Execute,,5.0,5,-79.0
OPF-20260730-102852,20250725-0640-Short-1208-S2,230,Execute,,6.0,6,-79.0
OPF-20260730-102852,20250725-0705-Short-1213-S2,269,Execute,,7.0,7,71.9
OPF-20260730-102852,20250725-0905-Short-1237,319,Execute,,8.0,8,345.70000000000005
OPF-20260730-102852,20250725-1100-Short-1260,374,Execute,,9.0,9,288.1
OPF-20260730-102852,20250725-1120-Short-1264-S2,390,Execute,,10.0,10,288.1
OPF-20260730-102852,20250725-1640-Short-1328,508,Execute,,11.0,11,551.9
OPF-20260730-102852,20250725-1900-Short-1356,552,Execute,,12.0,12,710.3
OPF-20260730-102852,20250725-2000-Short-1368,586,Execute,,13.0,13,646.6999999999999
OPF-20260730-103050,20250727-2345-Long-1125,27,Execute,,0.0,0,0.0
OPF-20260730-103050,20250728-0020-Long-1132,63,Execute,,1.0,1,-34.1
OPF-20260730-103050,20250728-0120-Short-1144,112,Execute,,2.0,2,-96.2
OPF-20260730-103050,20250728-0250-Short-1162,148,Execute,,3.0,3,-113.30000000000001
OPF-20260730-103050,20250728-0305-Short-1165-S2,172,Execute,,4.0,4,-113.30000000000001
OPF-20260730-103050,20250728-0330-Short-1170-S2,203,Execute,,5.0,5,-127.9
OPF-20260730-103050,20250728-0455-Long-1187,243,Execute,,6.0,6,-203.1
OPF-20260730-103050,20250728-0455-Long-1187-S2,254,Execute,,7.0,7,-203.1
OPF-20260730-103050,20250728-0550-Long-1198-S2,284,Execute,,8.0,8,-146.7
OPF-20260730-103050,20250728-0615-Long-1203-S2,300,Execute,,9.0,9,-60.29999999999998
OPF-20260730-103050,20250728-0650-Short-1210,336,Execute,,10.0,10,-115.99999999999997
OPF-20260730-103050,20250728-0705-Short-1213,367,Execute,,11.0,11,-52.59999999999997
OPF-20260730-103050,20250728-0735-Short-1219-S2,381,Execute,,12.0,12,-52.59999999999997
OPF-20260730-103050,20250728-0925-Short-1241-S2,423,Execute,,13.0,13,-74.19999999999997
OPF-20260730-103050,20250728-1030-Short-1254-S2,457,Execute,,14.0,14,94.70000000000003
OPF-20260730-103050,,468,Decision,max=15,,15,94.70000000000003
OPF-20260730-103050,,505,Decision,max=15,,15,276.5
OPF-20260730-103050,,512,Decision,max=15,,15,276.5
OPF-20260730-103050,,513,Decision,max=15,,15,276.5
OPF-20260730-103050,,518,Decision,max=15,,15,276.5
OPF-20260730-103050,,519,Decision,max=15,,15,276.5
OPF-20260730-103050,,528,Decision,max=15,,15,276.5
OPF-20260730-103050,,531,Decision,max=15,,15,276.5
OPF-20260730-103050,,540,Decision,max=15,,15,276.5
OPF-20260730-103050,,549,Decision,max=15,,15,276.5
OPF-20260730-103050,,550,Decision,max=15,,15,276.5
OPF-20260730-103050,,579,Decision,max=15,,15,276.5
OPF-20260730-103050,,596,Decision,max=15,,15,276.5
OPF-20260730-103248,20250728-2220-Long-1108,9,Execute,,0.0,0,0.0
OPF-20260730-103248,20250728-2335-Long-1123,40,Execute,,1.0,1,-41.6
OPF-20260730-103248,20250729-0035-Long-1135,61,Execute,,2.0,2,-28.700000000000003
OPF-20260730-103248,20250729-0120-Long-1144,90,Execute,,3.0,3,10.699999999999996
OPF-20260730-103248,20250729-0135-Short-1147,110,Execute,,4.0,4,-18.400000000000006
OPF-20260730-103248,20250729-0305-Long-1165,140,Execute,,5.0,5,-69.0
OPF-20260730-103248,20250729-0310-Long-1166-S2,153,Execute,,6.0,6,-69.0
OPF-20260730-103248,20250729-0325-Long-1169-S2,174,Execute,,7.0,7,-96.6
OPF-20260730-103248,20250729-0410-Long-1178-S2,193,Execute,,8.0,8,-76.69999999999999
OPF-20260730-103248,20250729-0550-Long-1198,230,Execute,,9.0,9,-117.89999999999999
OPF-20260730-103248,20250729-0550-Long-1198-S2,241,Execute,,10.0,10,-117.89999999999999
OPF-20260730-103248,20250729-0735-Long-1219,280,Execute,,11.0,11,-180.1
OPF-20260730-103248,20250729-0735-Long-1219,283,Execute,,,11,-180.1
OPF-20260730-103248,20250729-0740-Long-1220-S2,292,Execute,,12.0,12,-180.1
OPF-20260730-103248,20250729-1000-Long-1248,349,Execute,,13.0,13,-13.79999999999999
OPF-20260730-103248,20250729-1000-Long-1248,352,Execute,,,13,-13.79999999999999
OPF-20260730-103248,20250729-1220-Short-1276,406,Execute,,14.0,14,-146.89999999999998
OPF-20260730-103248,,414,Decision,max=15,,15,-146.89999999999998
OPF-20260730-103248,,435,Decision,max=15,,15,-84.49999999999997
OPF-20260730-103248,,467,Decision,max=15,,15,-84.49999999999997
OPF-20260730-103445,20250729-2255-Long-1113,10,Execute,,0.0,0,0.0
OPF-20260730-103445,20250729-2305-Long-1115-S2,24,Execute,,1.0,1,0.0
OPF-20260730-103445,20250730-0005-Long-1127,62,Execute,,2.0,2,25.299999999999997
OPF-20260730-103445,20250730-0005-Long-1127-S2,78,Execute,,3.0,3,25.299999999999997
OPF-20260730-103445,20250730-0025-Long-1131-S2,113,Execute,,4.0,4,73.19999999999999
OPF-20260730-103445,20250730-0125-Short-1143,138,Execute,,5.0,5,79.0
OPF-20260730-103445,20250730-0140-Long-1146,156,Execute,,6.0,6,37.9
OPF-20260730-103445,20250730-0305-Long-1163,211,Execute,,7.0,7,41.3
OPF-20260730-103445,20250730-0310-Long-1164-S2,219,Execute,,8.0,8,41.3
OPF-20260730-103445,20250730-0345-Short-1171,247,Execute,,9.0,9,-21.400000000000006
OPF-20260730-103445,20250730-0505-Short-1187,268,Execute,,10.0,10,-53.50000000000001
OPF-20260730-103445,20250730-0530-Long-1192,306,Execute,,11.0,11,-94.60000000000001
OPF-20260730-103445,20250730-0605-Long-1199-S2,322,Execute,,12.0,12,-94.60000000000001
OPF-20260730-103445,20250730-0940-Short-1242,392,Execute,,13.0,13,-131.3
OPF-20260730-103445,20250730-1020-Long-1250,421,Execute,,14.0,14,-187.9
OPF-20260730-103445,,423,Decision,max=15,,15,-187.9
OPF-20260730-103445,,440,Decision,max=15,,15,-234.5
OPF-20260730-103445,,444,Decision,max=15,,15,-234.5
OPF-20260730-103445,,448,Decision,max=15,,15,-234.5
OPF-20260730-103445,,449,Decision,max=15,,15,-234.5
OPF-20260730-103445,,453,Decision,max=15,,15,-234.5
OPF-20260730-103445,,456,Decision,max=15,,15,-234.5
OPF-20260730-103445,,511,Decision,max=15,,15,-234.5
OPF-20260730-103445,,525,Decision,max=15,,15,-234.5
OPF-20260730-103445,,529,Decision,max=15,,15,-234.5
OPF-20260730-103445,,556,Decision,max=15,,15,-234.5
OPF-20260730-103653,20250730-2245-Long-1111,4,Execute,,0.0,0,0.0
OPF-20260730-103653,20250731-0045-Long-1135,45,Execute,,1.0,1,77.4
OPF-20260730-103653,20250731-0050-Long-1136-S2,57,Execute,,2.0,2,77.4
OPF-20260730-103653,20250731-0355-Long-1173,106,Execute,,3.0,3,535.7
OPF-20260730-103653,20250731-0355-Long-1173-S2,116,Execute,,4.0,4,535.7
OPF-20260730-103653,20250731-0445-Long-1183,144,Execute,,5.0,5,440.0
OPF-20260730-103653,20250731-0620-Short-1202,176,Execute,,6.0,6,413.9
OPF-20260730-103653,20250731-0940-Short-1242,261,Execute,,7.0,7,383.79999999999995
OPF-20260730-103653,20250731-1500-Short-1306,336,Execute,,8.0,8,328.19999999999993
OPF-20260730-103653,20250731-1610-Long-1320,376,Execute,,9.0,9,546.5999999999999
OPF-20260730-111959,20250601-2355-Long-1127,16,Execute,,0.0,0,0.0
OPF-20260730-111959,20250602-0030-Short-1134,36,Execute,,0.0,0,-7.6
OPF-20260730-111959,20250602-0310-Short-1166,76,Execute,,1.0,1,-86.19999999999999
OPF-20260730-111959,20250602-0540-Short-1196,127,Execute,,2.0,2,78.20000000000002
OPF-20260730-111959,20250602-1115-Long-1263,209,Execute,,3.0,3,239.60000000000002
OPF-20260730-111959,20250602-1225-Short-1277,236,Execute,,4.0,4,248.50000000000003
OPF-20260730-111959,20250602-1940-Short-1364,329,Execute,,5.0,5,155.90000000000003
OPF-20260730-111959,20250602-2020-Long-1372,353,Execute,,5.0,5,152.30000000000004
OPF-20260730-112923,20250603-0005-Short-1129,23,Execute,,0.0,0,0.0
OPF-20260730-112923,20250603-0240-Short-1160,62,Execute,,1.0,1,161.4
OPF-20260730-112923,20250603-0440-Short-1184,104,Execute,,2.0,2,225.8
OPF-20260730-112923,20250603-0510-Long-1190,122,Execute,,3.0,3,188.70000000000002
OPF-20260730-112923,20250603-0845-Long-1233,165,Execute,,4.0,4,124.60000000000002
OPF-20260730-112923,20250603-1115-Long-1263,205,Execute,,5.0,5,193.00000000000003
OPF-20260730-112923,20250603-1150-Long-1270,236,Execute,,6.0,6,231.90000000000003
OPF-20260730-112923,20250603-1510-Long-1310,268,Execute,,6.0,6,231.90000000000003
OPF-20260730-112923,20250603-1525-Long-1313-S2,277,Execute,,7.0,7,231.90000000000003
OPF-20260730-112923,20250603-1805-Short-1345,315,Execute,,8.0,8,277.20000000000005
OPF-20260730-112923,20250603-2005-Short-1369,360,Execute,,9.0,9,125.10000000000005
OPF-20260730-113653,20250603-2340-Short-1124,4,Execute,,0.0,0,0.0
OPF-20260730-113653,20250604-0200-Short-1152,54,Execute,,1.0,1,-63.6
OPF-20260730-113653,20250604-0440-Short-1184,96,Execute,,2.0,2,-168.2
OPF-20260730-113653,20250604-0535-Long-1195,143,Execute,,3.0,3,-149.29
OPF-20260730-113653,20250604-0535-Long-1195-S2,153,Execute,,4.0,4,-149.29
OPF-20260730-113653,20250604-0635-Short-1207,196,Execute,,5.0,5,-212.48999999999998
OPF-20260730-113653,,250,Decision,"LiveDailyLoss:net=-322.09,limit=250",,6,-322.09
OPF-20260730-113653,,252,Decision,"LiveDailyLoss:net=-322.09,limit=250",,6,-322.09
OPF-20260730-113653,,255,Decision,"LiveDailyLoss:net=-322.09,limit=250",,6,-322.09
OPF-20260730-113653,,274,Decision,"LiveDailyLoss:net=-322.09,limit=250",,6,-322.09
OPF-20260730-114926,20250604-2250-Short-1114,12,Execute,,0.0,0,0.0
OPF-20260730-114926,20250604-2315-Short-1119,38,Execute,,1.0,1,-33.6
OPF-20260730-114926,20250605-0025-Long-1133,60,Execute,,2.0,2,-112.19999999999999
OPF-20260730-114926,20250605-0025-Long-1133-S2,73,Execute,,3.0,3,-112.19999999999999
OPF-20260730-114926,20250605-0215-Short-1155,134,Execute,,4.0,4,-238.39999999999998
OPF-20260730-114926,20250605-0650-Short-1210,179,Execute,,5.0,5,-203.49999999999997
OPF-20260730-114926,20250605-0905-Short-1237,244,Execute,,6.0,6,-230.09999999999997
OPF-20260730-114926,20250605-0920-Short-1240,268,Execute,,7.0,7,-160.19999999999996
OPF-20260730-114926,20250605-1035-Short-1255,304,Execute,,8.0,8,-218.79999999999995
OPF-20260730-114926,20250605-2040-Short-1376,376,Execute,,9.0,9,-0.39999999999994884
OPF-20260730-120136,20250606-0155-Short-1151,47,Execute,,0.0,0,0.0
OPF-20260730-120136,20250606-0155-Short-1151-S2,61,Execute,,1.0,1,0.0
OPF-20260730-120136,20250606-0525-Short-1193,133,Execute,,2.0,2,-159.2
OPF-20260730-120136,20250606-1920-Short-1360,267,Execute,,3.0,3,-185.29999999999998
OPF-20260730-120136,,295,Decision,"LiveDailyLoss:net=-290.9,limit=250",,4,-290.9
OPF-20260730-120136,,304,Decision,"LiveDailyLoss:net=-290.9,limit=250",,4,-290.9
OPF-20260730-121044,20250609-0030-Short-1134,4,Execute,,0.0,0,0.0
OPF-20260730-121044,20250609-0245-Long-1161,56,Execute,,1.0,1,160.4
OPF-20260730-121044,20250609-0300-Long-1164-S2,68,Execute,,2.0,2,160.4
OPF-20260730-121044,20250609-0615-Short-1203,123,Execute,,3.0,3,103.20000000000002
OPF-20260730-121044,20250609-0835-Short-1231,164,Execute,,4.0,4,65.10000000000002
OPF-20260730-121044,20250609-0855-Long-1235,190,Execute,,5.0,5,-43.99999999999997
OPF-20260730-121044,20250609-0915-Short-1239,216,Execute,,6.0,6,-94.59999999999997
OPF-20260730-121044,20250609-0940-Long-1244,241,Execute,,7.0,7,-148.69999999999996
OPF-20260730-121044,20250609-1040-Short-1256,262,Execute,,8.0,8,-175.29999999999995
OPF-20260730-121044,20250609-1310-Long-1286,300,Execute,,9.0,9,-242.89999999999995
OPF-20260730-121044,,377,Decision,"LiveDailyLoss:net=-274.5,limit=250",,10,-274.49999999999994
OPF-20260730-121044,,404,Decision,"LiveDailyLoss:net=-274.5,limit=250",,10,-274.49999999999994
OPF-20260730-121044,,414,Decision,"LiveDailyLoss:net=-274.5,limit=250",,10,-274.49999999999994
OPF-20260730-122233,20250609-2235-Long-1111,13,Execute,,0.0,0,0.0
OPF-20260730-122233,20250609-2325-Long-1121-S2,36,Execute,,1.0,1,0.0
OPF-20260730-122233,20250609-2350-Long-1126-S2,57,Execute,,2.0,2,28.4
OPF-20260730-122233,20250610-0035-Long-1135,97,Execute,,3.0,3,-104.8
OPF-20260730-122233,20250610-0050-Long-1138-S2,108,Execute,,4.0,4,-104.8
OPF-20260730-122233,20250610-0140-Long-1148,161,Execute,,5.0,5,523.0
OPF-20260730-122233,20250610-0145-Long-1149-S2,170,Execute,,6.0,6,523.0
OPF-20260730-122233,20250610-0345-Long-1173,221,Execute,,7.0,7,397.79999999999995
OPF-20260730-122233,20250610-0650-Short-1210,256,Execute,,8.0,8,367.19999999999993
OPF-20260730-122233,20250610-0655-Short-1211,259,Execute,,8.0,8,367.19999999999993
OPF-20260730-122233,20250610-0845-Long-1233,322,Execute,,9.0,9,254.59999999999994
OPF-20260730-122233,20250610-0915-Long-1239-S2,336,Execute,,10.0,10,254.59999999999994
OPF-20260730-122233,20250610-1030-Long-1254,371,Execute,,11.0,11,457.9
OPF-20260730-122233,20250610-2035-Long-1375,460,Execute,,12.0,12,377.79999999999995
OPF-20260730-124108,20250611-0130-Short-1146,23,Execute,,0.0,0,0.0
OPF-20260730-124108,20250611-0130-Short-1146,27,Execute,,,0,0.0
OPF-20260730-124108,20250611-0155-Long-1151,37,Execute,,0.0,0,0.0
OPF-20260730-124108,20250611-0330-Long-1170,63,Execute,,1.0,1,-63.1
OPF-20260730-124108,20250611-0440-Short-1184,87,Execute,,2.0,2,-125.2
OPF-20260730-124108,20250611-0510-Long-1190,117,Execute,,3.0,3,-58.3
OPF-20260730-124108,20250611-0520-Short-1192,142,Execute,,4.0,4,-139.89999999999998
OPF-20260730-124108,,202,Decision,"LiveDailyLoss:net=-267.5,limit=250",,5,-267.5
OPF-20260730-124108,,207,Decision,"LiveDailyLoss:net=-267.5,limit=250",,5,-267.5
OPF-20260730-124108,,215,Decision,"LiveDailyLoss:net=-267.5,limit=250",,5,-267.5
OPF-20260730-124108,,216,Decision,"LiveDailyLoss:net=-267.5,limit=250",,5,-267.5
OPF-20260730-124108,,217,Decision,"LiveDailyLoss:net=-267.5,limit=250",,5,-267.5
OPF-20260730-124108,,218,Decision,"LiveDailyLoss:net=-267.5,limit=250",,5,-267.5
OPF-20260730-124108,,219,Decision,"LiveDailyLoss:net=-267.5,limit=250",,5,-267.5
OPF-20260730-124108,,220,Decision,"LiveDailyLoss:net=-267.5,limit=250",,5,-267.5
OPF-20260730-124108,,226,Decision,"LiveDailyLoss:net=-267.5,limit=250",,5,-267.5
OPF-20260730-124108,,242,Decision,"LiveDailyLoss:net=-267.5,limit=250",,5,-267.5
OPF-20260730-124108,,246,Decision,"LiveDailyLoss:net=-267.5,limit=250",,5,-267.5
OPF-20260730-124108,,252,Decision,"LiveDailyLoss:net=-267.5,limit=250",,5,-267.5
OPF-20260730-124108,,268,Decision,"LiveDailyLoss:net=-267.5,limit=250",,5,-267.5
OPF-20260730-124108,,302,Decision,"LiveDailyLoss:net=-267.5,limit=250",,5,-267.5
OPF-20260730-124108,,318,Decision,"LiveDailyLoss:net=-267.5,limit=250",,5,-267.5
OPF-20260730-124108,,322,Decision,"LiveDailyLoss:net=-267.5,limit=250",,5,-267.5
OPF-20260730-125229,20250611-2210-Short-1106,4,Execute,,0.0,0,0.0
OPF-20260730-125229,20250612-0105-Short-1141,78,Execute,,1.0,1,-45.1
OPF-20260730-125229,20250612-0140-Short-1148,104,Execute,,2.0,2,-86.2
OPF-20260730-125229,20250612-0330-Long-1170,130,Execute,,2.0,2,-86.2
OPF-20260730-125229,20250612-0330-Long-1170-S2,141,Execute,,3.0,3,-86.2
OPF-20260730-125229,20250612-0435-Short-1183,174,Execute,,4.0,4,-164.9
OPF-20260730-125229,20250612-0450-Long-1186,195,Execute,,5.0,5,-214.5
OPF-20260730-125229,20250612-0450-Long-1186-S2,206,Execute,,6.0,6,-214.5
OPF-20260730-125229,,244,Decision,"LiveDailyLoss:net=-392.2,limit=250",,7,-392.20000000000005
OPF-20260730-125229,,246,Decision,"LiveDailyLoss:net=-392.2,limit=250",,7,-392.20000000000005
OPF-20260730-125229,,265,Decision,"LiveDailyLoss:net=-392.2,limit=250",,7,-392.20000000000005
OPF-20260730-125229,,289,Decision,"LiveDailyLoss:net=-392.2,limit=250",,7,-392.20000000000005
OPF-20260730-125229,,308,Decision,"LiveDailyLoss:net=-392.2,limit=250",,7,-392.20000000000005
OPF-20260730-125229,,368,Decision,"LiveDailyLoss:net=-392.2,limit=250",,7,-392.20000000000005
OPF-20260730-125229,,386,Decision,"LiveDailyLoss:net=-392.2,limit=250",,7,-392.20000000000005
OPF-20260730-125229,,407,Decision,"LiveDailyLoss:net=-392.2,limit=250",,7,-392.20000000000005
OPF-20260730-125229,,464,Decision,"LiveDailyLoss:net=-392.2,limit=250",,7,-392.20000000000005
OPF-20260730-130322,20250612-2300-Short-1116,18,Execute,,0.0,0,0.0
OPF-20260730-130322,20250612-2320-Short-1120,37,Execute,,1.0,1,-53.1
OPF-20260730-130322,20250613-0830-Short-1230,107,Execute,,2.0,2,12.800000000000004
OPF-20260730-130322,20250613-1210-Short-1274,170,Execute,,3.0,3,162.20000000000002
OPF-20260730-130322,20250613-1820-Short-1348,240,Execute,,4.0,4,56.60000000000002
OPF-20260730-131207,20250616-0140-Long-1148,30,Execute,,0.0,0,0.0
OPF-20260730-131207,20250616-0140-Long-1148-S2,41,Execute,,1.0,1,0.0
OPF-20260730-131207,20250616-0235-Long-1159,80,Execute,,2.0,2,103.30000000000001
OPF-20260730-131207,20250616-0400-Long-1176,117,Execute,,3.0,3,26.700000000000017
OPF-20260730-131207,20250616-0400-Long-1176-S2,131,Execute,,4.0,4,26.700000000000017
OPF-20260730-131207,20250616-0440-Short-1184,171,Execute,,5.0,5,-119.99999999999997
OPF-20260730-131207,20250616-0715-Long-1215,213,Execute,,6.0,6,-203.09999999999997
OPF-20260730-131207,20250616-1625-Short-1325,317,Execute,,7.0,7,-193.69999999999996
OPF-20260730-131207,20250616-1625-Short-1325-S2,328,Execute,,8.0,8,-193.69999999999996
OPF-20260730-131207,,383,Decision,"LiveDailyLoss:net=-413.9,limit=250",,9,-413.9
OPF-20260730-131207,,396,Decision,"LiveDailyLoss:net=-413.9,limit=250",,9,-413.9
OPF-20260730-131207,,398,Decision,"LiveDailyLoss:net=-413.9,limit=250",,9,-413.9
OPF-20260730-131207,,405,Decision,"LiveDailyLoss:net=-413.9,limit=250",,9,-413.9
OPF-20260730-132502,20250617-0155-Long-1151,30,Execute,,0.0,0,0.0
OPF-20260730-132502,20250617-0340-Long-1172,58,Execute,,1.0,1,-52.1
OPF-20260730-132502,20250617-0340-Long-1172-S2,70,Execute,,2.0,2,-52.1
OPF-20260730-132502,20250617-0440-Short-1184,105,Execute,,3.0,3,-184.8
OPF-20260730-132502,20250617-0450-Short-1186,123,Execute,,4.0,4,-225.9
OPF-20260730-132502,,145,Decision,"LiveDailyLoss:net=-289,limit=250",,5,-289.0
OPF-20260730-132502,,147,Decision,"LiveDailyLoss:net=-289,limit=250",,5,-289.0
OPF-20260730-132502,,148,Decision,"LiveDailyLoss:net=-289,limit=250",,5,-289.0
OPF-20260730-132502,,151,Decision,"LiveDailyLoss:net=-289,limit=250",,5,-289.0
OPF-20260730-132502,,155,Decision,"LiveDailyLoss:net=-289,limit=250",,5,-289.0
OPF-20260730-132502,,164,Decision,"LiveDailyLoss:net=-289,limit=250",,5,-289.0
OPF-20260730-132502,,217,Decision,"LiveDailyLoss:net=-289,limit=250",,5,-289.0
OPF-20260730-132502,,223,Decision,"LiveDailyLoss:net=-289,limit=250",,5,-289.0
OPF-20260730-132502,,227,Decision,"LiveDailyLoss:net=-289,limit=250",,5,-289.0
OPF-20260730-133726,20250617-2225-Short-1109,4,Execute,,0.0,0,0.0
OPF-20260730-133726,20250618-0150-Short-1150,53,Execute,,1.0,1,102.9
OPF-20260730-133726,20250618-0215-Short-1155,82,Execute,,2.0,2,46.300000000000004
OPF-20260730-133726,20250618-0320-Short-1168,111,Execute,,3.0,3,-3.299999999999997
OPF-20260730-133726,20250618-1020-Short-1252,200,Execute,,4.0,4,164.10000000000002
OPF-20260730-133726,20250618-1200-Short-1272,265,Execute,,5.0,5,338.5
OPF-20260730-133726,20250618-1510-Short-1310,329,Execute,,6.0,6,228.89
OPF-20260730-133726,20250618-1515-Short-1311,332,Execute,,6.0,6,228.89
OPF-20260730-145517,20250620-0700-Short-1164,79,Execute,,0.0,0,0.0
OPF-20260730-145517,20250620-0845-Short-1185,129,Execute,,1.0,1,-126.1
OPF-20260730-145517,20250620-1025-Short-1205,205,Execute,,2.0,2,-242.2
OPF-20260730-145517,,223,Decision,"LiveDailyLoss:net=-282.3,limit=250",,3,-282.3
OPF-20260730-145517,,229,Decision,"LiveDailyLoss:net=-282.3,limit=250",,3,-282.3
OPF-20260730-145517,,257,Decision,"LiveDailyLoss:net=-282.3,limit=250",,3,-282.3
OPF-20260730-145517,,323,Decision,"LiveDailyLoss:net=-282.3,limit=250",,3,-282.3
OPF-20260730-145517,,339,Decision,"LiveDailyLoss:net=-282.3,limit=250",,3,-282.3
OPF-20260730-145517,,340,Decision,"LiveDailyLoss:net=-282.3,limit=250",,3,-282.3
OPF-20260730-145517,,342,Decision,"LiveDailyLoss:net=-282.3,limit=250",,3,-282.3
OPF-20260730-145517,,343,Decision,"LiveDailyLoss:net=-282.3,limit=250",,3,-282.3
OPF-20260730-145517,,344,Decision,"LiveDailyLoss:net=-282.3,limit=250",,3,-282.3
OPF-20260730-145517,,345,Decision,"LiveDailyLoss:net=-282.3,limit=250",,3,-282.3
OPF-20260730-150701,20250622-2355-Long-1079,10,Execute,,0.0,0,0.0
OPF-20260730-150701,20250623-0210-Long-1106,54,Execute,,1.0,1,-73.6
OPF-20260730-150701,20250623-0210-Long-1106-S2,66,Execute,,2.0,2,-73.6
OPF-20260730-150701,20250623-0615-Long-1155,137,Execute,,3.0,3,215.70000000000002
OPF-20260730-150701,20250623-1005-Long-1201,182,Execute,,4.0,4,187.10000000000002
OPF-20260730-150701,20250623-1055-Short-1211,207,Execute,,5.0,5,63.00000000000003
OPF-20260730-150701,20250623-1200-Short-1224,245,Execute,,6.0,6,159.90000000000003
OPF-20260730-150701,20250623-1245-Long-1233,277,Execute,,7.0,7,94.80000000000004
OPF-20260730-150701,20250623-1245-Long-1233-S2,287,Execute,,8.0,8,94.80000000000004
OPF-20260730-151325,20250624-0115-Long-1095,35,Execute,,0.0,0,0.0
OPF-20260730-151325,20250624-0310-Long-1118,83,Execute,,1.0,1,80.9
OPF-20260730-151325,20250624-0310-Long-1118-S2,94,Execute,,2.0,2,80.9
OPF-20260730-151325,20250624-0420-Short-1132,140,Execute,,3.0,3,55.20000000000002
OPF-20260730-151325,20250624-0515-Short-1143,164,Execute,,4.0,4,20.100000000000016
OPF-20260730-151325,20250624-0545-Long-1149,190,Execute,,5.0,5,-26.499999999999986
OPF-20260730-151325,20250624-0555-Long-1151-S2,200,Execute,,6.0,6,-26.499999999999986
OPF-20260730-151325,20250624-0840-Short-1184,266,Execute,,7.0,7,708.8
OPF-20260730-151325,20250624-0945-Short-1197,300,Execute,,8.0,8,637.1999999999999
OPF-20260730-151325,20250624-1530-Long-1266,367,Execute,,9.0,9,804.5999999999999
OPF-20260730-151325,20250624-1650-Short-1282,395,Execute,,10.0,10,918.4999999999999
OPF-20260730-151325,20250624-2015-Short-1323,448,Execute,,11.0,11,878.8999999999999
OPF-20260730-151934,20250624-2335-Long-1075,16,Execute,,0.0,0,0.0
OPF-20260730-151934,20250625-0110-Short-1094,45,Execute,,1.0,1,130.9
OPF-20260730-151934,20250625-0310-Long-1118,81,Execute,,2.0,2,187.8
OPF-20260730-151934,20250625-0320-Long-1120-S2,90,Execute,,3.0,3,187.8
OPF-20260730-151934,20250625-0345-Short-1125,115,Execute,,4.0,4,68.10000000000002
OPF-20260730-151934,20250625-0440-Long-1136,152,Execute,,5.0,5,-6.999999999999972
OPF-20260730-151934,20250625-0440-Long-1136-S2,163,Execute,,6.0,6,-6.999999999999972
OPF-20260730-151934,20250625-0500-Long-1140-S2,184,Execute,,7.0,7,22.400000000000027
OPF-20260730-151934,20250625-0750-Long-1174,230,Execute,,8.0,8,110.70000000000005
OPF-20260730-151934,20250625-0935-Short-1195,251,Execute,,9.0,9,58.600000000000044
OPF-20260730-151934,20250625-0950-Short-1198-S2,266,Execute,,10.0,10,58.600000000000044
OPF-20260730-151934,20250625-1025-Long-1205,300,Execute,,11.0,11,99.40000000000006
OPF-20260730-151934,20250625-1040-Long-1208-S2,318,Execute,,12.0,12,99.40000000000006
OPF-20260730-151934,20250625-1200-Long-1224,359,Execute,,13.0,13,334.70000000000005
OPF-20260730-151934,20250625-1200-Long-1224-S2,373,Execute,,14.0,14,334.70000000000005
OPF-20260730-151934,,380,Decision,max=15,,15,334.70000000000005
OPF-20260730-151934,,382,Decision,max=15,,15,334.70000000000005
OPF-20260730-151934,,398,Decision,max=15,,15,401.6
OPF-20260730-151934,,401,Decision,max=15,,15,401.6
OPF-20260730-151934,,450,Decision,max=15,,15,583.0
OPF-20260730-151934,,460,Decision,max=15,,15,583.0
OPF-20260730-151934,,475,Decision,max=15,,15,583.0
OPF-20260730-151934,,481,Decision,max=15,,15,583.0
OPF-20260730-152543,20250625-2225-Short-1109,3,Execute,,0.0,0,0.0
OPF-20260730-152543,20250625-2330-Short-1122-S2,37,Execute,,1.0,1,0.0
OPF-20260730-152543,20250626-0130-Short-1146,76,Execute,,2.0,2,6.789999999999999
OPF-20260730-152543,20250626-0435-Long-1183,99,Execute,,3.0,3,-43.31
OPF-20260730-152543,20250626-0555-Long-1199,126,Execute,,4.0,4,-24.410000000000004
OPF-20260730-152543,20250626-0615-Long-1203-S2,146,Execute,,5.0,5,-24.410000000000004
OPF-20260730-152543,20250626-0650-Long-1210-S2,170,Execute,,6.0,6,67.99000000000001
OPF-20260730-152543,20250626-0655-Long-1211-S2,189,Execute,,7.0,7,202.89000000000001
OPF-20260730-152543,20250626-0915-Long-1239,245,Execute,,8.0,8,432.69000000000005
OPF-20260730-152543,20250626-1100-Long-1260,290,Execute,,9.0,9,409.09000000000003
OPF-20260730-152543,20250626-1115-Long-1263,317,Execute,,10.0,10,451.99
OPF-20260730-152543,20250626-1305-Short-1285,344,Execute,,10.0,10,451.99
OPF-20260730-152543,20250626-1610-Long-1322,392,Execute,,11.0,11,397.39
OPF-20260730-152543,20250626-1610-Long-1322-S2,402,Execute,,12.0,12,397.39
OPF-20260730-152543,20250626-2040-Long-1376,480,Execute,,13.0,13,291.68999999999994
OPF-20260730-152543,20250626-2040-Long-1376-S2,490,Execute,,14.0,14,291.68999999999994
OPF-20260730-152543,,499,Decision,max=15,,15,291.68999999999994
OPF-20260730-152543,,500,Decision,max=15,,15,291.68999999999994
OPF-20260730-153550,20250626-2320-Long-1120,11,Execute,,0.0,0,0.0
OPF-20260730-153550,20250627-0225-Long-1157,29,Execute,,1.0,1,-65.1
OPF-20260730-153550,20250627-0225-Long-1157-S2,39,Execute,,2.0,2,-65.1
OPF-20260730-153550,20250627-0245-Short-1161,66,Execute,,3.0,3,-159.79999999999998
OPF-20260730-153550,20250627-0305-Long-1165,88,Execute,,4.0,4,-182.39999999999998
OPF-20260730-153550,20250627-0305-Long-1165-S2,100,Execute,,5.0,5,-182.39999999999998
OPF-20260730-153550,20250627-0315-Long-1167-S2,118,Execute,,6.0,6,-233.99999999999997
OPF-20260730-153550,,181,Decision,"LiveDailyLoss:net=-372.2,limit=250",,7,-372.19999999999993
OPF-20260730-153550,,194,Decision,"LiveDailyLoss:net=-372.2,limit=250",,7,-372.19999999999993
OPF-20260730-153550,,195,Decision,"LiveDailyLoss:net=-372.2,limit=250",,7,-372.19999999999993
OPF-20260730-153550,,197,Decision,"LiveDailyLoss:net=-372.2,limit=250",,7,-372.19999999999993
OPF-20260730-153550,,198,Decision,"LiveDailyLoss:net=-372.2,limit=250",,7,-372.19999999999993
OPF-20260730-153550,,203,Decision,"LiveDailyLoss:net=-372.2,limit=250",,7,-372.19999999999993
OPF-20260730-153550,,205,Decision,"LiveDailyLoss:net=-372.2,limit=250",,7,-372.19999999999993
OPF-20260730-153550,,206,Decision,"LiveDailyLoss:net=-372.2,limit=250",,7,-372.19999999999993
OPF-20260730-153550,,229,Decision,"LiveDailyLoss:net=-372.2,limit=250",,7,-372.19999999999993
OPF-20260730-153550,,230,Decision,"LiveDailyLoss:net=-372.2,limit=250",,7,-372.19999999999993
OPF-20260730-153550,,265,Decision,"LiveDailyLoss:net=-372.2,limit=250",,7,-372.19999999999993
OPF-20260730-153550,,297,Decision,"LiveDailyLoss:net=-372.2,limit=250",,7,-372.19999999999993
OPF-20260730-153550,,319,Decision,"LiveDailyLoss:net=-372.2,limit=250",,7,-372.19999999999993
OPF-20260730-153550,,320,Decision,"LiveDailyLoss:net=-372.2,limit=250",,7,-372.19999999999993
OPF-20260730-154555,20250629-2305-Long-1117,26,Execute,,0.0,0,0.0
OPF-20260730-154555,20250629-2340-Short-1124,42,Execute,,1.0,1,-137.1
OPF-20260730-154555,20250630-0040-Long-1136,70,Execute,,2.0,2,-239.7
OPF-20260730-154555,,97,Decision,"LiveDailyLoss:net=-276.3,limit=250",,3,-276.3
OPF-20260730-154555,,98,Decision,"LiveDailyLoss:net=-276.3,limit=250",,3,-276.3
OPF-20260730-154555,,128,Decision,"LiveDailyLoss:net=-276.3,limit=250",,3,-276.3
OPF-20260730-154555,,130,Decision,"LiveDailyLoss:net=-276.3,limit=250",,3,-276.3
OPF-20260730-154555,,133,Decision,"LiveDailyLoss:net=-276.3,limit=250",,3,-276.3
OPF-20260730-154555,,136,Decision,"LiveDailyLoss:net=-276.3,limit=250",,3,-276.3
OPF-20260730-154555,,138,Decision,"LiveDailyLoss:net=-276.3,limit=250",,3,-276.3
OPF-20260730-154555,,139,Decision,"LiveDailyLoss:net=-276.3,limit=250",,3,-276.3
OPF-20260730-154555,,141,Decision,"LiveDailyLoss:net=-276.3,limit=250",,3,-276.3
OPF-20260730-154555,,152,Decision,"LiveDailyLoss:net=-276.3,limit=250",,3,-276.3
OPF-20260730-154555,,159,Decision,"LiveDailyLoss:net=-276.3,limit=250",,3,-276.3
OPF-20260730-154555,,162,Decision,"LiveDailyLoss:net=-276.3,limit=250",,3,-276.3
OPF-20260730-154555,,168,Decision,"LiveDailyLoss:net=-276.3,limit=250",,3,-276.3
OPF-20260730-154555,,171,Decision,"LiveDailyLoss:net=-276.3,limit=250",,3,-276.3
OPF-20260730-154555,,172,Decision,"LiveDailyLoss:net=-276.3,limit=250",,3,-276.3
OPF-20260730-154555,,181,Decision,"LiveDailyLoss:net=-276.3,limit=250",,3,-276.3
OPF-20260730-154555,,182,Decision,"LiveDailyLoss:net=-276.3,limit=250",,3,-276.3
OPF-20260730-154555,,184,Decision,"LiveDailyLoss:net=-276.3,limit=250",,3,-276.3
OPF-20260730-154555,,188,Decision,"LiveDailyLoss:net=-276.3,limit=250",,3,-276.3
OPF-20260730-154555,,202,Decision,"LiveDailyLoss:net=-276.3,limit=250",,3,-276.3
OPF-20260730-154555,,211,Decision,"LiveDailyLoss:net=-276.3,limit=250",,3,-276.3
OPF-20260730-154555,,221,Decision,"LiveDailyLoss:net=-276.3,limit=250",,3,-276.3
OPF-20260730-154555,,228,Decision,"LiveDailyLoss:net=-276.3,limit=250",,3,-276.3
OPF-20260730-154555,,229,Decision,"LiveDailyLoss:net=-276.3,limit=250",,3,-276.3
OPF-20260730-154555,,235,Decision,"LiveDailyLoss:net=-276.3,limit=250",,3,-276.3
OPF-20260730-154555,,238,Decision,"LiveDailyLoss:net=-276.3,limit=250",,3,-276.3
OPF-20260730-154555,,239,Decision,"LiveDailyLoss:net=-276.3,limit=250",,3,-276.3
OPF-20260730-154555,,255,Decision,"LiveDailyLoss:net=-276.3,limit=250",,3,-276.3
OPF-20260730-154555,,272,Decision,"LiveDailyLoss:net=-276.3,limit=250",,3,-276.3
OPF-20260730-154555,,273,Decision,"LiveDailyLoss:net=-276.3,limit=250",,3,-276.3
OPF-20260730-154555,,287,Decision,"LiveDailyLoss:net=-276.3,limit=250",,3,-276.3
OPF-20260730-154555,,320,Decision,"LiveDailyLoss:net=-276.3,limit=250",,3,-276.3
OPF-20260730-154555,,326,Decision,"LiveDailyLoss:net=-276.3,limit=250",,3,-276.3
OPF-20260730-154555,,343,Decision,"LiveDailyLoss:net=-276.3,limit=250",,3,-276.3
OPF-20260730-154555,,373,Decision,"LiveDailyLoss:net=-276.3,limit=250",,3,-276.3
OPF-20260730-154555,,374,Decision,"LiveDailyLoss:net=-276.3,limit=250",,3,-276.3
OPF-20260730-154555,,421,Decision,"LiveDailyLoss:net=-276.3,limit=250",,3,-276.3
OPF-20260730-154555,,422,Decision,"LiveDailyLoss:net=-276.3,limit=250",,3,-276.3
OPF-20260730-162254,20250401-0040-Short-1136,38,Execute,,0.0,0,0.0
OPF-20260730-162254,20250401-0155-Long-1151,75,Execute,,1.0,1,162.9
OPF-20260730-162254,20250401-0155-Long-1151-S2,87,Execute,,2.0,2,162.9
OPF-20260730-162254,20250401-0225-Long-1157,131,Execute,,3.0,3,386.20000000000005
OPF-20260730-162254,20250401-0340-Long-1172,158,Execute,,4.0,4,434.1
OPF-20260730-162254,20250401-0420-Long-1180,187,Execute,,5.0,5,367.5
OPF-20260730-162254,20250401-0525-Long-1193,230,Execute,,6.0,6,306.9
OPF-20260730-162254,20250401-1010-Long-1250,317,Execute,,7.0,7,270.29999999999995
OPF-20260730-162254,20250401-2025-Short-1373,399,Execute,,8.0,8,136.19999999999996
OPF-20260730-163453,20250401-2240-Short-1112,14,Execute,,0.0,0,0.0
OPF-20260730-163453,20250401-2305-Short-1117,48,Execute,,1.0,1,109.4
OPF-20260730-163453,20250402-0035-Short-1135,80,Execute,,2.0,2,4.800000000000011
OPF-20260730-163453,20250402-0035-Short-1135-S2,93,Execute,,3.0,3,4.800000000000011
OPF-20260730-163453,20250402-0055-Short-1139-S2,113,Execute,,4.0,4,-47.29999999999999
OPF-20260730-163453,20250402-0345-Short-1173,177,Execute,,5.0,5,7.500000000000014
OPF-20260730-163453,20250402-0350-Short-1174-S2,187,Execute,,6.0,6,7.500000000000014
OPF-20260730-163453,20250402-1040-Short-1256,283,Execute,,7.0,7,-63.69999999999999
OPF-20260730-165206,20250403-0325-Short-1169,33,Execute,,0.0,0,0.0
OPF-20260730-165206,20250403-0540-Long-1196,67,Execute,,1.0,1,-107.6
OPF-20260730-165206,20250403-1815-Short-1347,180,Execute,,2.0,2,-238.7
OPF-20260730-165206,,202,Decision,"LiveDailyLoss:net=-380.3,limit=250",,3,-380.29999999999995
OPF-20260730-165206,,212,Decision,"LiveDailyLoss:net=-380.3,limit=250",,3,-380.29999999999995
OPF-20260730-171241,20250404-0550-Short-1198,76,Execute,,0.0,0,0.0
OPF-20260730-171241,20250404-0620-Short-1204,105,Execute,,1.0,1,-141.1
OPF-20260730-171241,20250404-1000-Short-1248,149,Execute,,2.0,2,-224.2
OPF-20260730-174830,20250408-0215-Short-1155,48,Execute,,0.0,0,0.0
OPF-20260730-174830,20250408-0320-Short-1168,81,Execute,,1.0,1,106.9
OPF-20260730-174830,20250408-0505-Short-1189,123,Execute,,2.0,2,269.3
OPF-20260730-182201,20250410-2030-Short-1374,112,Execute,,0.0,0,0.0
OPF-20260730-184222,20250413-2355-Long-1127,15,Execute,,0.0,0,0.0
OPF-20260730-184222,20250414-0215-Long-1155,60,Execute,,1.0,1,84.9
OPF-20260730-184222,20250414-0525-Short-1193,110,Execute,,2.0,2,-68.69999999999999
OPF-20260730-184222,20250414-0645-Long-1209,150,Execute,,3.0,3,95.70000000000002
OPF-20260730-184222,20250414-0655-Long-1211-S2,160,Execute,,4.0,4,95.70000000000002
OPF-20260730-184222,20250414-0940-Short-1244,214,Execute,,5.0,5,-56.99999999999997
OPF-20260730-185113,20250414-2345-Short-1125,22,Execute,,0.0,0,0.0
OPF-20260730-185113,20250414-2350-Short-1126-S2,33,Execute,,1.0,1,0.0
OPF-20260730-185113,20250415-0045-Long-1137,80,Execute,,2.0,2,-155.2
OPF-20260730-185113,20250415-0155-Short-1151,121,Execute,,3.0,3,-166.29999999999998
OPF-20260730-185113,,169,Decision,"LiveDailyLoss:net=-284.9,limit=250",,4,-284.9
OPF-20260730-185113,,194,Decision,"LiveDailyLoss:net=-284.9,limit=250",,4,-284.9
OPF-20260730-185113,,216,Decision,"LiveDailyLoss:net=-284.9,limit=250",,4,-284.9
OPF-20260730-185113,,295,Decision,"LiveDailyLoss:net=-284.9,limit=250",,4,-284.9
OPF-20260730-185113,,300,Decision,"LiveDailyLoss:net=-284.9,limit=250",,4,-284.9
OPF-20260730-190230,20250416-0125-Long-1145,34,Execute,,0.0,0,0.0
OPF-20260730-190230,20250416-0230-Short-1158,82,Execute,,1.0,1,-117.6
OPF-20260730-190230,20250416-0405-Short-1177,120,Execute,,2.0,2,-37.19999999999999
OPF-20260730-190230,20250416-0615-Short-1203,162,Execute,,3.0,3,-106.79999999999998
OPF-20260730-190924,20250416-2215-Short-1107,3,Execute,,0.0,0,0.0
OPF-20260730-190924,20250416-2310-Short-1118,37,Execute,,1.0,1,-115.1
OPF-20260730-190924,20250417-0240-Short-1160,83,Execute,,2.0,2,-245.7
OPF-20260730-190924,,109,Decision,"LiveDailyLoss:net=-384.8,limit=250",,3,-384.79999999999995
OPF-20260730-190924,,110,Decision,"LiveDailyLoss:net=-384.8,limit=250",,3,-384.79999999999995
OPF-20260730-190924,,131,Decision,"LiveDailyLoss:net=-384.8,limit=250",,3,-384.79999999999995
OPF-20260730-190924,,133,Decision,"LiveDailyLoss:net=-384.8,limit=250",,3,-384.79999999999995
OPF-20260730-190924,,136,Decision,"LiveDailyLoss:net=-384.8,limit=250",,3,-384.79999999999995
OPF-20260730-190924,,139,Decision,"LiveDailyLoss:net=-384.8,limit=250",,3,-384.79999999999995
OPF-20260730-190924,,140,Decision,"LiveDailyLoss:net=-384.8,limit=250",,3,-384.79999999999995
OPF-20260730-190924,,149,Decision,"LiveDailyLoss:net=-384.8,limit=250",,3,-384.79999999999995
OPF-20260730-190924,,166,Decision,"LiveDailyLoss:net=-384.8,limit=250",,3,-384.79999999999995
OPF-20260730-190924,,173,Decision,"LiveDailyLoss:net=-384.8,limit=250",,3,-384.79999999999995
OPF-20260730-190924,,185,Decision,"LiveDailyLoss:net=-384.8,limit=250",,3,-384.79999999999995
OPF-20260730-190924,,189,Decision,"LiveDailyLoss:net=-384.8,limit=250",,3,-384.79999999999995
OPF-20260730-190924,,204,Decision,"LiveDailyLoss:net=-384.8,limit=250",,3,-384.79999999999995
OPF-20260730-191531,20250421-0040-Long-860,38,Execute,,0.0,0,0.0
OPF-20260730-191531,20250421-0420-Long-904,87,Execute,,1.0,1,-70.1
OPF-20260730-191531,20250421-0420-Long-904-S2,97,Execute,,2.0,2,-70.1
OPF-20260730-191531,20250421-0450-Short-910,123,Execute,,3.0,3,-147.29999999999998
OPF-20260730-191531,,168,Decision,"LiveDailyLoss:net=-262.4,limit=250",,4,-262.4
OPF-20260730-191531,,217,Decision,"LiveDailyLoss:net=-262.4,limit=250",,4,-262.4
OPF-20260730-191531,,224,Decision,"LiveDailyLoss:net=-262.4,limit=250",,4,-262.4
OPF-20260730-191531,,226,Decision,"LiveDailyLoss:net=-262.4,limit=250",,4,-262.4
OPF-20260730-191531,,240,Decision,"LiveDailyLoss:net=-262.4,limit=250",,4,-262.4
OPF-20260730-191531,,249,Decision,"LiveDailyLoss:net=-262.4,limit=250",,4,-262.4
OPF-20260730-191531,,257,Decision,"LiveDailyLoss:net=-262.4,limit=250",,4,-262.4
OPF-20260730-191531,,258,Decision,"LiveDailyLoss:net=-262.4,limit=250",,4,-262.4
OPF-20260730-191531,,274,Decision,"LiveDailyLoss:net=-262.4,limit=250",,4,-262.4
OPF-20260730-192143,20250421-2245-Long-837,14,Execute,,0.0,0,0.0
OPF-20260730-192143,20250422-0145-Long-873,70,Execute,,1.0,1,-75.6
OPF-20260730-192143,20250422-0145-Long-873-S2,81,Execute,,2.0,2,-75.6
OPF-20260730-192143,20250422-0245-Long-885,118,Execute,,3.0,3,-194.79999999999998
OPF-20260730-192143,,167,Decision,"LiveDailyLoss:net=-275.4,limit=250",,4,-275.4
OPF-20260730-192143,,189,Decision,"LiveDailyLoss:net=-275.4,limit=250",,4,-275.4
OPF-20260730-192143,,194,Decision,"LiveDailyLoss:net=-275.4,limit=250",,4,-275.4
OPF-20260730-192143,,213,Decision,"LiveDailyLoss:net=-275.4,limit=250",,4,-275.4
OPF-20260730-192143,,221,Decision,"LiveDailyLoss:net=-275.4,limit=250",,4,-275.4
OPF-20260730-192143,,264,Decision,"LiveDailyLoss:net=-275.4,limit=250",,4,-275.4
OPF-20260730-192843,20250423-0315-Short-891,52,Execute,,0.0,0,0.0
OPF-20260730-192843,20250423-0515-Short-915,87,Execute,,1.0,1,-57.1
OPF-20260730-192843,20250423-0645-Short-933,132,Execute,,2.0,2,-179.7
OPF-20260730-193327,20250424-0200-Short-876,29,Execute,,0.0,0,0.0
OPF-20260730-193327,20250424-0600-Short-924,100,Execute,,1.0,1,-108.6
OPF-20260730-193327,,147,Decision,"LiveDailyLoss:net=-255.2,limit=250",,2,-255.2
OPF-20260730-193327,,149,Decision,"LiveDailyLoss:net=-255.2,limit=250",,2,-255.2
OPF-20260730-193327,,170,Decision,"LiveDailyLoss:net=-255.2,limit=250",,2,-255.2
OPF-20260730-193327,,258,Decision,"LiveDailyLoss:net=-255.2,limit=250",,2,-255.2
OPF-20260730-193327,,260,Decision,"LiveDailyLoss:net=-255.2,limit=250",,2,-255.2
OPF-20260730-193327,,261,Decision,"LiveDailyLoss:net=-255.2,limit=250",,2,-255.2
OPF-20260730-193327,,269,Decision,"LiveDailyLoss:net=-255.2,limit=250",,2,-255.2
OPF-20260730-193327,,278,Decision,"LiveDailyLoss:net=-255.2,limit=250",,2,-255.2
OPF-20260730-193826,20250425-0000-Short-1128,14,Execute,,0.0,0,0.0
OPF-20260730-193826,20250425-0155-Short-1151,67,Execute,,1.0,1,-108.1
OPF-20260730-193826,20250425-0205-Short-1153,96,Execute,,2.0,2,-157.2
OPF-20260730-193826,20250425-1150-Short-1270,274,Execute,,3.0,3,16.700000000000017
OPF-20260730-194110,20250428-0155-Long-1151,36,Execute,,0.0,0,0.0
OPF-20260730-194110,20250428-0230-Long-1158,62,Execute,,1.0,1,88.9
OPF-20260730-194110,20250428-0300-Short-1164,82,Execute,,2.0,2,19.80000000000001
OPF-20260730-194110,20250428-0425-Short-1181-S2,98,Execute,,3.0,3,19.80000000000001
OPF-20260730-194110,20250428-0650-Long-1210,146,Execute,,4.0,4,-151.89999999999998
OPF-20260730-194110,20250428-0655-Long-1211-S2,158,Execute,,5.0,5,-151.89999999999998
OPF-20260730-194110,,184,Decision,"LiveDailyLoss:net=-277,limit=250",,6,-277.0
OPF-20260730-194110,,194,Decision,"LiveDailyLoss:net=-435.6,limit=250",,6,-435.6
OPF-20260730-194110,,204,Decision,"LiveDailyLoss:net=-435.6,limit=250",,6,-435.6
OPF-20260730-194110,,217,Decision,"LiveDailyLoss:net=-435.6,limit=250",,6,-435.6
OPF-20260730-194110,,233,Decision,"LiveDailyLoss:net=-435.6,limit=250",,6,-435.6
OPF-20260730-194110,,237,Decision,"LiveDailyLoss:net=-435.6,limit=250",,6,-435.6
OPF-20260730-194110,,243,Decision,"LiveDailyLoss:net=-435.6,limit=250",,6,-435.6
OPF-20260730-194110,,260,Decision,"LiveDailyLoss:net=-435.6,limit=250",,6,-435.6
OPF-20260730-194110,,305,Decision,"LiveDailyLoss:net=-435.6,limit=250",,6,-435.6
OPF-20260730-194110,,306,Decision,"LiveDailyLoss:net=-435.6,limit=250",,6,-435.6
OPF-20260730-194110,,315,Decision,"LiveDailyLoss:net=-435.6,limit=250",,6,-435.6
OPF-20260730-194110,,336,Decision,"LiveDailyLoss:net=-435.6,limit=250",,6,-435.6
OPF-20260730-194110,,401,Decision,"LiveDailyLoss:net=-435.6,limit=250",,6,-435.6
OPF-20260730-194110,,402,Decision,"LiveDailyLoss:net=-435.6,limit=250",,6,-435.6
OPF-20260730-194651,20250428-2335-Long-1123,21,Execute,,0.0,0,0.0
OPF-20260730-194651,20250428-2350-Long-1126-S2,32,Execute,,1.0,1,0.0
OPF-20260730-194651,20250429-0445-Short-1185,126,Execute,,2.0,2,-146.2
OPF-20260730-194651,,187,Decision,"LiveDailyLoss:net=-291.8,limit=250",,3,-291.79999999999995
OPF-20260730-194651,,190,Decision,"LiveDailyLoss:net=-291.8,limit=250",,3,-291.79999999999995
OPF-20260730-194651,,191,Decision,"LiveDailyLoss:net=-291.8,limit=250",,3,-291.79999999999995
OPF-20260730-194651,,198,Decision,"LiveDailyLoss:net=-291.8,limit=250",,3,-291.79999999999995
OPF-20260730-194651,,205,Decision,"LiveDailyLoss:net=-291.8,limit=250",,3,-291.79999999999995
OPF-20260730-194651,,216,Decision,"LiveDailyLoss:net=-291.8,limit=250",,3,-291.79999999999995
OPF-20260730-194651,,225,Decision,"LiveDailyLoss:net=-291.8,limit=250",,3,-291.79999999999995
OPF-20260730-194651,,233,Decision,"LiveDailyLoss:net=-291.8,limit=250",,3,-291.79999999999995
OPF-20260730-194651,,255,Decision,"LiveDailyLoss:net=-291.8,limit=250",,3,-291.79999999999995
OPF-20260730-194651,,310,Decision,"LiveDailyLoss:net=-291.8,limit=250",,3,-291.79999999999995
OPF-20260730-195432,20250429-2325-Short-1121,24,Execute,,0.0,0,0.0
OPF-20260730-195432,20250430-0210-Short-1154,60,Execute,,1.0,1,-118.6
OPF-20260730-195432,20250430-0305-Short-1165-S2,76,Execute,,2.0,2,-118.6
OPF-20260730-195432,,117,Decision,"LiveDailyLoss:net=-330.8,limit=250",,3,-330.79999999999995
OPF-20260730-195432,,124,Decision,"LiveDailyLoss:net=-330.8,limit=250",,3,-330.79999999999995
OPF-20260730-195432,,127,Decision,"LiveDailyLoss:net=-330.8,limit=250",,3,-330.79999999999995
OPF-20260730-195432,,156,Decision,"LiveDailyLoss:net=-330.8,limit=250",,3,-330.79999999999995
OPF-20260730-195432,,161,Decision,"LiveDailyLoss:net=-330.8,limit=250",,3,-330.79999999999995
OPF-20260730-200143,20250430-2245-Short-1113,3,Execute,,0.0,0,0.0
OPF-20260730-200143,20250501-0425-Short-1181,99,Execute,,1.0,1,-50.6
OPF-20260730-200143,20250501-0435-Short-1183,126,Execute,,2.0,2,-105.2
OPF-20260730-200143,20250501-0545-Short-1197,165,Execute,,3.0,3,-76.30000000000001
OPF-20260730-200143,20250501-1035-Short-1255,256,Execute,,4.0,4,-205.9
OPF-20260730-200711,20250501-2340-Short-1124,10,Execute,,0.0,0,0.0
OPF-20260730-200711,20250502-0150-Short-1150,45,Execute,,1.0,1,110.4
OPF-20260730-200711,20250502-0430-Short-1182,93,Execute,,2.0,2,256.3
OPF-20260730-200711,20250502-0515-Short-1191,127,Execute,,3.0,3,172.70000000000002
OPF-20260730-200711,20250502-0550-Short-1198,160,Execute,,4.0,4,265.1
OPF-20260730-200711,20250502-0610-Short-1202-S2,170,Execute,,5.0,5,265.1
OPF-20260730-200711,20250502-0620-Short-1204-S2,193,Execute,,6.0,6,449.0
OPF-20260730-200711,20250502-0925-Short-1241,278,Execute,,7.0,7,534.3
OPF-20260730-200711,20250502-0925-Short-1241-S2,294,Execute,,8.0,8,534.3
OPF-20260730-200711,20250502-1145-Short-1269,344,Execute,,9.0,9,417.5999999999999
OPF-20260730-201123,20250504-2255-Short-1115,7,Execute,,0.0,0,0.0
OPF-20260730-201123,20250505-0235-Long-1159,83,Execute,,1.0,1,159.4
OPF-20260730-201123,20250505-0235-Long-1159-S2,94,Execute,,2.0,2,159.4
OPF-20260730-201123,20250505-0425-Short-1181,126,Execute,,3.0,3,-34.29999999999998
OPF-20260730-201123,20250505-0640-Long-1208,158,Execute,,4.0,4,-102.89999999999998
OPF-20260730-201123,20250505-1100-Long-1260,207,Execute,,5.0,5,-155.99999999999997
OPF-20260730-201123,,288,Decision,"LiveDailyLoss:net=-271.6,limit=250",,6,-271.59999999999997
OPF-20260730-201402,20250505-2215-Long-1107,9,Execute,,0.0,0,0.0
OPF-20260730-201402,20250505-2255-Short-1115,31,Execute,,1.0,1,-54.1
OPF-20260730-201402,20250505-2300-Short-1116-S2,41,Execute,,2.0,2,-54.1
OPF-20260730-201402,20250505-2315-Long-1119,67,Execute,,3.0,3,-141.3
OPF-20260730-201402,20250505-2315-Long-1119-S2,79,Execute,,4.0,4,-141.3
OPF-20260730-201402,20250506-0345-Short-1173,159,Execute,,5.0,5,-233.5
OPF-20260730-201402,,178,Decision,"LiveDailyLoss:net=-279.1,limit=250",,6,-279.1
OPF-20260730-201402,,182,Decision,"LiveDailyLoss:net=-279.1,limit=250",,6,-279.1
OPF-20260730-201402,,194,Decision,"LiveDailyLoss:net=-279.1,limit=250",,6,-279.1
OPF-20260730-201402,,195,Decision,"LiveDailyLoss:net=-279.1,limit=250",,6,-279.1
OPF-20260730-201402,,212,Decision,"LiveDailyLoss:net=-279.1,limit=250",,6,-279.1
OPF-20260730-201402,,218,Decision,"LiveDailyLoss:net=-279.1,limit=250",,6,-279.1
OPF-20260730-201402,,225,Decision,"LiveDailyLoss:net=-279.1,limit=250",,6,-279.1
OPF-20260730-201402,,230,Decision,"LiveDailyLoss:net=-279.1,limit=250",,6,-279.1
OPF-20260730-201402,,236,Decision,"LiveDailyLoss:net=-279.1,limit=250",,6,-279.1
OPF-20260730-201402,,246,Decision,"LiveDailyLoss:net=-279.1,limit=250",,6,-279.1
OPF-20260730-201402,,248,Decision,"LiveDailyLoss:net=-279.1,limit=250",,6,-279.1
OPF-20260730-201402,,249,Decision,"LiveDailyLoss:net=-279.1,limit=250",,6,-279.1
OPF-20260730-201402,,252,Decision,"LiveDailyLoss:net=-279.1,limit=250",,6,-279.1
OPF-20260730-201402,,279,Decision,"LiveDailyLoss:net=-279.1,limit=250",,6,-279.1
OPF-20260730-201402,,282,Decision,"LiveDailyLoss:net=-279.1,limit=250",,6,-279.1
OPF-20260730-201402,,299,Decision,"LiveDailyLoss:net=-279.1,limit=250",,6,-279.1
OPF-20260730-201402,,349,Decision,"LiveDailyLoss:net=-279.1,limit=250",,6,-279.1
OPF-20260730-201944,20250506-2325-Short-1121,40,Execute,,0.0,0,0.0
OPF-20260730-201944,20250507-0210-Short-1154,92,Execute,,0.0,0,-8.1
OPF-20260730-201944,20250507-0500-Short-1188,149,Execute,,1.0,1,173.8
OPF-20260730-201944,20250507-0555-Short-1199,182,Execute,,2.0,2,315.70000000000005
OPF-20260730-201944,20250507-0630-Short-1206,213,Execute,,3.0,3,360.1
OPF-20260730-201944,20250507-1005-Short-1249,294,Execute,,4.0,4,251.00000000000003
OPF-20260730-201944,20250507-1025-Short-1253,323,Execute,,5.0,5,187.40000000000003
OPF-20260730-201944,20250507-1030-Short-1254,328,Execute,,5.0,5,187.40000000000003
OPF-20260730-201944,20250507-1030-Short-1254,331,Execute,,,5,187.40000000000003
OPF-20260730-201944,20250507-1230-Short-1278,381,Execute,,6.0,6,134.79000000000002
OPF-20260730-201944,20250507-2025-Short-1373,470,Execute,,7.0,7,21.190000000000026
OPF-20260730-202454,20250507-2350-Short-1126,9,Execute,,0.0,0,0.0
OPF-20260730-202454,20250508-0050-Short-1138,33,Execute,,1.0,1,-48.6
OPF-20260730-202454,20250508-0050-Short-1138-S2,45,Execute,,2.0,2,-48.6
OPF-20260730-202454,20250508-1040-Short-1256,154,Execute,,3.0,3,-149.3
OPF-20260730-202454,20250508-1155-Short-1271,201,Execute,,4.0,4,-187.4
OPF-20260730-202454,20250508-1305-Short-1285,231,Execute,,5.0,5,-237.0
OPF-20260730-202454,20250508-1305-Short-1285-S2,243,Execute,,6.0,6,-237.0
OPF-20260730-202454,,292,Decision,"LiveDailyLoss:net=-398.2,limit=250",,7,-398.20000000000005
OPF-20260730-202454,,320,Decision,"LiveDailyLoss:net=-398.2,limit=250",,7,-398.20000000000005
OPF-20260730-202747,20250508-2335-Short-1123,7,Execute,,0.0,0,0.0
OPF-20260730-202747,20250509-0320-Short-1168,80,Execute,,1.0,1,151.9
OPF-20260730-202747,20250509-0425-Short-1181,120,Execute,,2.0,2,90.30000000000001
OPF-20260730-203210,20250512-0145-Short-1149,35,Execute,,0.0,0,0.0
OPF-20260730-203210,20250512-0335-Short-1171,71,Execute,,1.0,1,-126.1
OPF-20260730-203210,20250512-0340-Long-1172,92,Execute,,2.0,2,-167.7
OPF-20260730-203210,20250512-0400-Long-1176-S2,107,Execute,,3.0,3,-167.7
OPF-20260730-203210,20250512-0550-Long-1198,136,Execute,,4.0,4,-174.89999999999998
OPF-20260730-203210,20250512-0630-Long-1206-S2,155,Execute,,5.0,5,-174.89999999999998
OPF-20260730-203210,20250512-0910-Long-1238,216,Execute,,6.0,6,226.9
OPF-20260730-203210,20250512-2035-Long-1375,333,Execute,,7.0,7,176.8
OPF-20260730-203458,20250512-2325-Long-1121,16,Execute,,0.0,0,0.0
OPF-20260730-203458,20250513-0000-Short-1128,45,Execute,,1.0,1,-60.6
OPF-20260730-203458,20250513-0455-Long-1187,92,Execute,,2.0,2,131.8
OPF-20260730-203458,20250513-0545-Long-1197,125,Execute,,3.0,3,240.70000000000002
OPF-20260730-203458,20250513-0920-Long-1240,191,Execute,,4.0,4,301.6
OPF-20260730-203458,20250513-1020-Long-1252,219,Execute,,5.0,5,383.0
OPF-20260730-203458,20250513-1120-Long-1264,267,Execute,,6.0,6,636.9
OPF-20260730-203458,20250513-1155-Long-1271,301,Execute,,7.0,7,574.3
OPF-20260730-203458,20250513-1705-Short-1333,375,Execute,,8.0,8,993.1999999999999
OPF-20260730-203458,20250513-1805-Short-1345,406,Execute,,9.0,9,927.0999999999999
OPF-20260730-203458,20250513-1905-Long-1357,435,Execute,,10.0,10,814.9999999999999
OPF-20260730-203752,20250514-0125-Long-1145,20,Execute,,0.0,0,0.0
OPF-20260730-203752,20250514-0150-Long-1150,45,Execute,,1.0,1,-21.1
OPF-20260730-203752,20250514-0225-Long-1157,81,Execute,,2.0,2,-77.7
OPF-20260730-203752,20250514-0240-Long-1160,103,Execute,,3.0,3,-140.3
OPF-20260730-203752,20250514-0315-Long-1167,135,Execute,,4.0,4,-192.9
OPF-20260730-203752,20250514-0355-Long-1175-S2,148,Execute,,5.0,5,-192.9
OPF-20260730-203752,20250514-0500-Long-1188,190,Execute,,6.0,6,-93.6
OPF-20260730-203752,20250514-0545-Long-1197-S2,205,Execute,,7.0,7,-93.6
OPF-20260730-203752,20250514-0635-Long-1207-S2,229,Execute,,8.0,8,-64.19999999999999
OPF-20260730-203752,20250514-0850-Short-1234,270,Execute,,9.0,9,103.60000000000002
OPF-20260730-203752,20250514-0955-Short-1247,301,Execute,,10.0,10,269.5
OPF-20260730-203752,20250514-1050-Short-1258,336,Execute,,11.0,11,226.4
OPF-20260730-203752,20250514-1130-Long-1266,357,Execute,,12.0,12,158.3
OPF-20260730-203752,20250514-1150-Short-1270,367,Execute,,12.0,12,158.3
OPF-20260730-203752,20250514-1155-Short-1271,395,Execute,,12.0,12,150.20000000000002
OPF-20260730-203752,20250514-1210-Short-1274,413,Execute,,13.0,13,113.10000000000002
OPF-20260730-203752,20250514-1515-Short-1311,465,Execute,,14.0,14,63.50000000000002
OPF-20260730-203752,,495,Decision,max=15,,15,-1.599999999999973
OPF-20260730-204225,20250514-2330-Short-1122,4,Execute,,0.0,0,0.0
OPF-20260730-204225,20250515-0130-Short-1146,39,Execute,,1.0,1,-53.6
OPF-20260730-204225,20250515-0335-Long-1171,82,Execute,,2.0,2,-108.2
OPF-20260730-204225,20250515-0540-Short-1196,137,Execute,,3.0,3,-179.8
OPF-20260730-204225,,183,Decision,"LiveDailyLoss:net=-283.9,limit=250",,4,-283.9
OPF-20260730-204225,,185,Decision,"LiveDailyLoss:net=-283.9,limit=250",,4,-283.9
OPF-20260730-204225,,189,Decision,"LiveDailyLoss:net=-283.9,limit=250",,4,-283.9
OPF-20260730-204225,,191,Decision,"LiveDailyLoss:net=-283.9,limit=250",,4,-283.9
OPF-20260730-204225,,197,Decision,"LiveDailyLoss:net=-283.9,limit=250",,4,-283.9
OPF-20260730-204225,,218,Decision,"LiveDailyLoss:net=-283.9,limit=250",,4,-283.9
OPF-20260730-204225,,227,Decision,"LiveDailyLoss:net=-283.9,limit=250",,4,-283.9
OPF-20260730-204225,,278,Decision,"LiveDailyLoss:net=-283.9,limit=250",,4,-283.9
OPF-20260730-204225,,297,Decision,"LiveDailyLoss:net=-283.9,limit=250",,4,-283.9
OPF-20260730-204225,,319,Decision,"LiveDailyLoss:net=-283.9,limit=250",,4,-283.9
OPF-20260730-204225,,371,Decision,"LiveDailyLoss:net=-283.9,limit=250",,4,-283.9
OPF-20260730-225915,20250516-0030-Short-1134,10,Execute,,0.0,0,0.0
OPF-20260730-225915,20250516-0250-Long-1162,59,Execute,,1.0,1,170.4
OPF-20260730-225915,20250516-0250-Long-1162-S2,70,Execute,,2.0,2,170.4
OPF-20260730-225915,20250516-0405-Long-1177,125,Execute,,3.0,3,258.7
OPF-20260730-225915,20250516-0505-Short-1189,148,Execute,,4.0,4,199.6
OPF-20260730-225915,20250516-0635-Short-1207,183,Execute,,5.0,5,269.0
OPF-20260730-225915,20250516-0820-Long-1228,230,Execute,,6.0,6,134.4
OPF-20260730-225915,20250516-0940-Short-1244,258,Execute,,7.0,7,187.3
OPF-20260730-225915,20250516-1140-Short-1268,297,Execute,,8.0,8,102.70000000000002
OPF-20260730-225915,20250516-1220-Long-1276,324,Execute,,9.0,9,50.600000000000016
OPF-20260730-225915,20250516-1320-Long-1288,354,Execute,,10.0,10,-67.49999999999997
OPF-20260730-225915,20250516-1850-Long-1354,427,Execute,,11.0,11,-187.59999999999997
OPF-20260730-225915,20250516-1900-Long-1356-S2,436,Execute,,12.0,12,-187.59999999999997
OPF-20260730-225915,,466,Decision,"LiveDailyLoss:net=-438.8,limit=250",,13,-438.79999999999995
OPF-20260730-225915,,467,Decision,"LiveDailyLoss:net=-438.8,limit=250",,13,-438.79999999999995
OPF-20260730-230123,20250518-2315-Long-1119,13,Execute,,0.0,0,0.0
OPF-20260730-230123,20250518-2345-Long-1125,21,Execute,,0.0,0,0.0
OPF-20260730-230123,20250518-2345-Long-1125-S2,32,Execute,,1.0,1,0.0
OPF-20260730-230123,20250519-0150-Short-1150,121,Execute,,2.0,2,-104.7
OPF-20260730-230123,20250519-0305-Short-1165,159,Execute,,3.0,3,-46.800000000000004
OPF-20260730-230123,20250519-0345-Short-1173,188,Execute,,4.0,4,72.1
OPF-20260730-230123,20250519-0500-Short-1188,230,Execute,,5.0,5,-32.5
OPF-20260730-230123,20250519-0510-Short-1190,251,Execute,,6.0,6,-67.6
OPF-20260730-230123,20250519-0605-Short-1201,283,Execute,,7.0,7,-113.69999999999999
OPF-20260730-230123,20250519-0650-Short-1210,333,Execute,,8.0,8,-157.79999999999998
OPF-20260730-230123,20250519-1050-Long-1258,430,Execute,,9.0,9,-68.89999999999998
OPF-20260730-230123,20250519-1800-Long-1344,557,Execute,,10.0,10,-189.99999999999997
OPF-20260730-230123,,580,Decision,"LiveDailyLoss:net=-263.6,limit=250",,11,-263.59999999999997
OPF-20260730-230123,,610,Decision,"LiveDailyLoss:net=-263.6,limit=250",,11,-263.59999999999997
OPF-20260730-230123,,613,Decision,"LiveDailyLoss:net=-263.6,limit=250",,11,-263.59999999999997
OPF-20260730-230123,,623,Decision,"LiveDailyLoss:net=-263.6,limit=250",,11,-263.59999999999997
OPF-20260730-230320,20250520-0245-Long-1161,25,Execute,,0.0,0,0.0
OPF-20260730-230320,20250520-0255-Long-1163-S2,41,Execute,,1.0,1,0.0
OPF-20260730-230320,20250520-0520-Long-1192,78,Execute,,2.0,2,-110.7
OPF-20260730-230320,20250520-0525-Long-1193-S2,91,Execute,,3.0,3,-110.7
OPF-20260730-230320,20250520-0605-Short-1201,128,Execute,,3.0,3,-178.8
OPF-20260730-230320,,167,Decision,"LiveDailyLoss:net=-312.4,limit=250",,4,-312.4
OPF-20260730-230320,,170,Decision,"LiveDailyLoss:net=-312.4,limit=250",,4,-312.4
OPF-20260730-230320,,172,Decision,"LiveDailyLoss:net=-312.4,limit=250",,4,-312.4
OPF-20260730-230320,,214,Decision,"LiveDailyLoss:net=-312.4,limit=250",,4,-312.4
OPF-20260730-230320,,236,Decision,"LiveDailyLoss:net=-312.4,limit=250",,4,-312.4
OPF-20260730-230320,,240,Decision,"LiveDailyLoss:net=-312.4,limit=250",,4,-312.4
OPF-20260730-230320,,244,Decision,"LiveDailyLoss:net=-312.4,limit=250",,4,-312.4
OPF-20260730-230320,,248,Decision,"LiveDailyLoss:net=-312.4,limit=250",,4,-312.4
OPF-20260730-230320,,254,Decision,"LiveDailyLoss:net=-312.4,limit=250",,4,-312.4
OPF-20260730-230320,,258,Decision,"LiveDailyLoss:net=-312.4,limit=250",,4,-312.4
OPF-20260730-230320,,260,Decision,"LiveDailyLoss:net=-312.4,limit=250",,4,-312.4
OPF-20260730-230320,,265,Decision,"LiveDailyLoss:net=-312.4,limit=250",,4,-312.4
OPF-20260730-230320,,268,Decision,"LiveDailyLoss:net=-312.4,limit=250",,4,-312.4
OPF-20260730-230320,,270,Decision,"LiveDailyLoss:net=-312.4,limit=250",,4,-312.4
OPF-20260730-230320,,300,Decision,"LiveDailyLoss:net=-312.4,limit=250",,4,-312.4
OPF-20260730-230515,20250520-2340-Short-1124,13,Execute,,0.0,0,0.0
OPF-20260730-230515,20250521-0015-Short-1131,54,Execute,,1.0,1,-37.1
OPF-20260730-230515,20250521-0130-Short-1146,94,Execute,,2.0,2,-150.7
OPF-20260730-230515,20250521-0140-Short-1148-S2,107,Execute,,3.0,3,-150.7
OPF-20260730-230515,20250521-0300-Short-1164-S2,151,Execute,,4.0,4,-59.79999999999998
OPF-20260730-230515,20250521-0435-Short-1183,222,Execute,,5.0,5,97.00000000000003
OPF-20260730-230515,20250521-0645-Short-1209,281,Execute,,6.0,6,40.40000000000003
OPF-20260730-230515,20250521-0750-Short-1222,311,Execute,,7.0,7,-88.19999999999996
OPF-20260730-230515,20250521-0845-Short-1233,355,Execute,,8.0,8,81.20000000000005
OPF-20260730-230515,20250521-1315-Short-1287,460,Execute,,9.0,9,52.600000000000044
OPF-20260730-230515,20250521-1320-Short-1288,464,Execute,,9.0,9,52.600000000000044
OPF-20260730-230515,20250521-1405-Short-1297,471,Execute,,9.0,9,52.600000000000044
OPF-20260730-230515,20250521-1900-Short-1356,522,Execute,,10.0,10,257.50000000000006
OPF-20260730-230712,20250521-2340-Short-1124,21,Execute,,0.0,0,0.0
OPF-20260730-230712,20250522-0135-Short-1147,70,Execute,,1.0,1,66.9
OPF-20260730-230712,20250522-0720-Short-1216,118,Execute,,2.0,2,12.800000000000004
OPF-20260730-230712,20250522-1320-Short-1288,229,Execute,,3.0,3,-98.79999999999998
OPF-20260730-230712,20250522-1625-Short-1325,272,Execute,,4.0,4,-220.39999999999998
OPF-20260730-230910,20250523-0340-Short-1172,105,Execute,,0.0,0,0.0
OPF-20260730-230910,20250523-0355-Short-1175,133,Execute,,1.0,1,-108.6
OPF-20260730-230910,20250523-0410-Short-1178,162,Execute,,2.0,2,-54.699999999999996
OPF-20260730-230910,20250523-0930-Short-1242,281,Execute,,3.0,3,73.70000000000002
OPF-20260730-230910,20250523-1740-Short-1340,365,Execute,,4.0,4,-61.89999999999998
OPF-20260730-230910,20250523-2005-Short-1369,402,Execute,,5.0,5,-194.49999999999997
OPF-20260730-230910,,428,Decision,"LiveDailyLoss:net=-308.1,limit=250",,6,-308.09999999999997
OPF-20260730-231107,20250527-0010-Short-1082,27,Execute,,0.0,0,0.0
OPF-20260730-231107,20250527-0150-Short-1102,70,Execute,,1.0,1,-52.1
OPF-20260730-231107,20250527-0325-Short-1121,117,Execute,,2.0,2,-4.700000000000003
OPF-20260730-231107,20250527-0415-Long-1131,150,Execute,,3.0,3,75.2
OPF-20260730-231107,20250527-0415-Long-1131-S2,160,Execute,,4.0,4,75.2
OPF-20260730-231107,20250527-0420-Long-1132-S2,164,Execute,,4.0,4,75.2
OPF-20260730-231107,20250527-0605-Long-1153,207,Execute,,5.0,5,344.0
OPF-20260730-231107,20250527-0630-Long-1158-S2,225,Execute,,6.0,6,344.0
OPF-20260730-231107,20250527-0710-Long-1166-S2,252,Execute,,7.0,7,578.4
OPF-20260730-231107,20250527-0740-Long-1172-S2,287,Execute,,8.0,8,772.8
OPF-20260730-231107,20250527-0950-Long-1198,362,Execute,,9.0,9,1173.6
OPF-20260730-231107,20250527-1055-Short-1211,383,Execute,,10.0,10,1107.5
OPF-20260730-231107,20250527-1150-Long-1222,416,Execute,,10.0,10,1107.5
OPF-20260730-231107,20250527-2000-Long-1320,498,Execute,,11.0,11,980.9
OPF-20260730-231306,20250527-2210-Short-1058,4,Execute,,0.0,0,0.0
OPF-20260730-231306,20250528-0255-Short-1115,38,Execute,,1.0,1,-106.1
OPF-20260730-231306,20250528-0315-Long-1119,61,Execute,,2.0,2,-139.7
OPF-20260730-231306,20250528-0325-Long-1121-S2,73,Execute,,3.0,3,-139.7
OPF-20260730-231306,,105,Decision,"LiveDailyLoss:net=-255.9,limit=250",,4,-255.89999999999998
OPF-20260730-231306,,117,Decision,"LiveDailyLoss:net=-255.9,limit=250",,4,-255.89999999999998
OPF-20260730-231306,,119,Decision,"LiveDailyLoss:net=-255.9,limit=250",,4,-255.89999999999998
OPF-20260730-231306,,121,Decision,"LiveDailyLoss:net=-255.9,limit=250",,4,-255.89999999999998
OPF-20260730-231306,,136,Decision,"LiveDailyLoss:net=-255.9,limit=250",,4,-255.89999999999998
OPF-20260730-231306,,142,Decision,"LiveDailyLoss:net=-255.9,limit=250",,4,-255.89999999999998
OPF-20260730-231306,,147,Decision,"LiveDailyLoss:net=-255.9,limit=250",,4,-255.89999999999998
OPF-20260730-231306,,148,Decision,"LiveDailyLoss:net=-255.9,limit=250",,4,-255.89999999999998
OPF-20260730-231306,,168,Decision,"LiveDailyLoss:net=-255.9,limit=250",,4,-255.89999999999998
OPF-20260730-231306,,177,Decision,"LiveDailyLoss:net=-255.9,limit=250",,4,-255.89999999999998
OPF-20260730-231306,,184,Decision,"LiveDailyLoss:net=-255.9,limit=250",,4,-255.89999999999998
OPF-20260730-231306,,190,Decision,"LiveDailyLoss:net=-255.9,limit=250",,4,-255.89999999999998
OPF-20260730-231306,,210,Decision,"LiveDailyLoss:net=-255.9,limit=250",,4,-255.89999999999998
OPF-20260730-231503,20250529-0120-Short-1096,23,Execute,,0.0,0,0.0
OPF-20260730-231503,20250529-0215-Long-1107,51,Execute,,0.0,0,-7.1
OPF-20260730-231503,20250529-0330-Short-1122,81,Execute,,1.0,1,78.80000000000001
OPF-20260730-231503,20250529-0425-Short-1133,111,Execute,,2.0,2,29.70000000000001
OPF-20260730-231503,20250529-0500-Long-1140,146,Execute,,3.0,3,-39.399999999999984
OPF-20260730-231503,20250529-0745-Long-1173,201,Execute,,4.0,4,-110.49999999999997
OPF-20260730-231503,20250529-0810-Long-1178-S2,221,Execute,,5.0,5,-110.49999999999997
OPF-20260730-231503,,262,Decision,"LiveDailyLoss:net=-298.2,limit=250",,6,-298.19999999999993
OPF-20260730-231503,,267,Decision,"LiveDailyLoss:net=-298.2,limit=250",,6,-298.19999999999993
OPF-20260730-231503,,271,Decision,"LiveDailyLoss:net=-298.2,limit=250",,6,-298.19999999999993
OPF-20260730-231503,,281,Decision,"LiveDailyLoss:net=-298.2,limit=250",,6,-298.19999999999993
OPF-20260730-231701,20250530-0245-Long-1113,68,Execute,,0.0,0,0.0
OPF-20260730-231701,20250530-0255-Long-1115,86,Execute,,1.0,1,-29.6
OPF-20260730-231701,20250530-0325-Short-1121,102,Execute,,2.0,2,-108.19999999999999
OPF-20260730-231701,20250530-0550-Long-1150,158,Execute,,3.0,3,-235.79999999999998
OPF-20260730-231701,,194,Decision,"LiveDailyLoss:net=-268.4,limit=250",,4,-268.4
OPF-20260730-231701,,195,Decision,"LiveDailyLoss:net=-268.4,limit=250",,4,-268.4
OPF-20260730-231701,,213,Decision,"LiveDailyLoss:net=-268.4,limit=250",,4,-268.4
OPF-20260730-231701,,248,Decision,"LiveDailyLoss:net=-268.4,limit=250",,4,-268.4
OPF-20260730-231701,,268,Decision,"LiveDailyLoss:net=-268.4,limit=250",,4,-268.4
OPF-20260731-070926,20251001-0000-Short-1128,25,Execute,,0.0,0,0.0
OPF-20260731-070926,20251001-0010-Short-1130,52,Execute,,1.0,1,-29.6
OPF-20260731-070926,20251001-0105-Short-1141,62,Execute,,1.0,1,-29.6
OPF-20260731-070926,20251001-0135-Long-1147,84,Execute,,2.0,2,-111.19999999999999
OPF-20260731-070926,20251001-0620-Short-1204,136,Execute,,3.0,3,-174.29999999999998
OPF-20260731-070926,20251001-0850-Long-1234,173,Execute,,4.0,4,-61.39999999999998
OPF-20260731-070926,20251001-0935-Long-1243-S2,196,Execute,,5.0,5,-61.39999999999998
OPF-20260731-070926,20251001-1040-Short-1256,231,Execute,,6.0,6,-14.599999999999966
OPF-20260731-070926,20251001-1635-Long-1327,306,Execute,,7.0,7,-153.69999999999996
OPF-20260731-070926,20251001-2005-Short-1369,334,Execute,,8.0,8,-202.29999999999995
OPF-20260731-081123,20251001-2240-Long-1112,8,Execute,,0.0,0,0.0
OPF-20260731-081123,20251001-2240-Long-1112-S2,17,Execute,,1.0,1,0.0
OPF-20260731-081123,20251001-2345-Short-1125,58,Execute,,2.0,2,-125.69999999999999
OPF-20260731-081123,20251001-2355-Long-1127,77,Execute,,3.0,3,-183.29999999999998
OPF-20260731-081123,20251002-0055-Long-1139,110,Execute,,4.0,4,-94.39999999999998
OPF-20260731-081123,20251002-0105-Long-1141,128,Execute,,5.0,5,-163.99999999999997
OPF-20260731-081123,20251002-0105-Long-1141-S2,139,Execute,,6.0,6,-163.99999999999997
OPF-20260731-081123,20251002-0155-Long-1151-S2,169,Execute,,7.0,7,-90.59999999999997
OPF-20260731-081123,20251002-0340-Short-1172,213,Execute,,8.0,8,-138.79999999999995
OPF-20260731-081123,20251002-0450-Long-1186,247,Execute,,9.0,9,-184.89999999999995
OPF-20260731-081123,20251002-0455-Long-1187-S2,256,Execute,,10.0,10,-184.89999999999995
OPF-20260731-081123,20251002-0715-Long-1215,297,Execute,,11.0,11,-138.59999999999994
OPF-20260731-081123,20251002-0935-Short-1243,327,Execute,,12.0,12,-181.19999999999993
OPF-20260731-081123,20251002-0955-Long-1247,339,Execute,,12.0,12,-181.19999999999993
OPF-20260731-081123,20251002-1020-Long-1252,374,Execute,,13.0,13,-117.29999999999993
OPF-20260731-081123,20251002-1120-Long-1264,405,Execute,,14.0,14,-29.89999999999992
OPF-20260731-081123,,414,Decision,max=15,,15,-29.89999999999992
OPF-20260731-081123,,432,Decision,max=15,,15,38.500000000000085
OPF-20260731-081123,,434,Decision,max=15,,15,38.500000000000085
OPF-20260731-081123,,435,Decision,max=15,,15,38.500000000000085
OPF-20260731-081123,,441,Decision,max=15,,15,38.500000000000085
OPF-20260731-081123,,444,Decision,max=15,,15,38.500000000000085
OPF-20260731-081123,,472,Decision,max=15,,15,38.500000000000085
OPF-20260731-081123,,492,Decision,max=15,,15,38.500000000000085
OPF-20260731-081123,,496,Decision,max=15,,15,38.500000000000085
OPF-20260731-081123,,497,Decision,max=15,,15,38.500000000000085
OPF-20260731-081413,20251002-2250-Long-1114,20,Execute,,0.0,0,0.0
OPF-20260731-081413,20251002-2255-Long-1115-S2,30,Execute,,1.0,1,0.0
OPF-20260731-081413,20251002-2320-Long-1120-S2,57,Execute,,2.0,2,-47.1
OPF-20260731-081413,20251003-0045-Long-1137,88,Execute,,3.0,3,153.70000000000002
OPF-20260731-081413,20251003-0110-Long-1142,108,Execute,,4.0,4,86.10000000000002
OPF-20260731-081413,20251003-0145-Long-1149,146,Execute,,5.0,5,161.50000000000003
OPF-20260731-081413,20251003-0150-Long-1150-S2,157,Execute,,6.0,6,161.50000000000003
OPF-20260731-081413,20251003-0240-Long-1160-S2,198,Execute,,7.0,7,78.90000000000003
OPF-20260731-081413,20251003-0255-Short-1163,223,Execute,,8.0,8,47.70000000000004
OPF-20260731-081413,20251003-0355-Long-1175,247,Execute,,9.0,9,25.100000000000037
OPF-20260731-081413,20251003-0405-Long-1177-S2,255,Execute,,10.0,10,25.100000000000037
OPF-20260731-081413,20251003-0530-Long-1194-S2,284,Execute,,11.0,11,26.000000000000036
OPF-20260731-081413,20251003-0620-Long-1204,323,Execute,,12.0,12,-126.69999999999996
OPF-20260731-081413,20251003-0740-Long-1220,374,Execute,,13.0,13,-102.79999999999995
OPF-20260731-081413,20251003-1200-Short-1272,442,Execute,,14.0,14,-167.39999999999995
OPF-20260731-081413,,530,Decision,max=15,,15,-59.99999999999994
OPF-20260731-081413,,550,Decision,max=15,,15,-59.99999999999994
OPF-20260731-081907,20251005-2230-Long-1110,7,Execute,,0.0,0,0.0
OPF-20260731-081907,20251006-0030-Short-1134,45,Execute,,1.0,1,81.9
OPF-20260731-081907,20251006-0140-Long-1148,74,Execute,,2.0,2,7.800000000000011
OPF-20260731-081907,20251006-0310-Long-1166,95,Execute,,3.0,3,46.20000000000001
OPF-20260731-081907,20251006-0320-Long-1168-S2,110,Execute,,4.0,4,46.20000000000001
OPF-20260731-081907,20251006-0335-Long-1171-S2,132,Execute,,5.0,5,29.10000000000001
OPF-20260731-081907,20251006-0430-Long-1182,176,Execute,,6.0,6,-129.6
OPF-20260731-081907,20251006-0435-Long-1183-S2,188,Execute,,7.0,7,-129.6
OPF-20260731-081907,20251006-0645-Long-1209,242,Execute,,8.0,8,-238.29999999999998
OPF-20260731-081907,20251006-0645-Long-1209-S2,252,Execute,,9.0,9,-238.29999999999998
OPF-20260731-081907,,320,Decision,"LiveDailyLoss:net=-345,limit=250",,10,-345.0
OPF-20260731-081907,,333,Decision,"LiveDailyLoss:net=-345,limit=250",,10,-345.0
OPF-20260731-081907,,343,Decision,"LiveDailyLoss:net=-345,limit=250",,10,-345.0
OPF-20260731-081907,,357,Decision,"LiveDailyLoss:net=-345,limit=250",,10,-345.0
OPF-20260731-081907,,367,Decision,"LiveDailyLoss:net=-345,limit=250",,10,-345.0
OPF-20260731-081907,,377,Decision,"LiveDailyLoss:net=-345,limit=250",,10,-345.0
OPF-20260731-081907,,386,Decision,"LiveDailyLoss:net=-345,limit=250",,10,-345.0
OPF-20260731-081907,,387,Decision,"LiveDailyLoss:net=-345,limit=250",,10,-345.0
OPF-20260731-081907,,442,Decision,"LiveDailyLoss:net=-345,limit=250",,10,-345.0
OPF-20260731-081907,,458,Decision,"LiveDailyLoss:net=-345,limit=250",,10,-345.0
OPF-20260731-082332,20251006-2245-Short-1113,9,Execute,,0.0,0,0.0
OPF-20260731-082332,20251006-2245-Short-1113-S2,21,Execute,,1.0,1,0.0
OPF-20260731-082332,20251006-2305-Short-1117,76,Execute,,2.0,2,218.8
OPF-20260731-082332,20251007-0220-Short-1156-S2,103,Execute,,3.0,3,218.8
OPF-20260731-082332,20251007-0320-Long-1168,147,Execute,,4.0,4,63.60000000000002
OPF-20260731-082332,20251007-0320-Long-1168-S2,158,Execute,,5.0,5,63.60000000000002
OPF-20260731-082332,20251007-0415-Long-1179-S2,186,Execute,,6.0,6,139.50000000000003
OPF-20260731-082332,20251007-0445-Long-1185-S2,210,Execute,,7.0,7,229.40000000000003
OPF-20260731-082332,20251007-0555-Short-1199,258,Execute,,8.0,8,171.70000000000005
OPF-20260731-082332,20251007-0625-Short-1205,299,Execute,,9.0,9,279.6
OPF-20260731-082332,20251007-0710-Short-1214,321,Execute,,10.0,10,163.00000000000003
OPF-20260731-082332,20251007-0740-Long-1220,342,Execute,,11.0,11,93.90000000000003
OPF-20260731-082332,20251007-0900-Long-1236,385,Execute,,12.0,12,153.30000000000004
OPF-20260731-082332,20251007-1035-Long-1255,423,Execute,,13.0,13,258.70000000000005
OPF-20260731-082332,20251007-1135-Long-1267,449,Execute,,14.0,14,196.60000000000005
OPF-20260731-082332,,475,Decision,max=15,,15,161.50000000000006
OPF-20260731-082332,,500,Decision,max=15,,15,161.50000000000006
OPF-20260731-082332,,505,Decision,max=15,,15,161.50000000000006
OPF-20260731-082332,,511,Decision,max=15,,15,161.50000000000006
OPF-20260731-082332,,513,Decision,max=15,,15,161.50000000000006
OPF-20260731-082332,,514,Decision,max=15,,15,161.50000000000006
OPF-20260731-082557,20251007-2235-Long-1111,4,Execute,,0.0,0,0.0
OPF-20260731-082557,20251007-2325-Short-1121,41,Execute,,1.0,1,-56.6
OPF-20260731-082557,20251007-2355-Short-1127-S2,53,Execute,,2.0,2,-56.6
OPF-20260731-082557,20251008-0050-Long-1138,95,Execute,,3.0,3,-158.3
OPF-20260731-082557,20251008-0110-Long-1142-S2,119,Execute,,4.0,4,-158.3
OPF-20260731-082557,20251008-0220-Long-1156,149,Execute,,5.0,5,-80.5
OPF-20260731-082557,20251008-0220-Long-1156-S2,160,Execute,,6.0,6,-80.5
OPF-20260731-082557,20251008-0245-Long-1161-S2,178,Execute,,7.0,7,-117.1
OPF-20260731-082557,20251008-0400-Long-1176,205,Execute,,8.0,8,-90.29999999999998
OPF-20260731-082557,20251008-0400-Long-1176-S2,218,Execute,,9.0,9,-90.29999999999998
OPF-20260731-082557,20251008-0510-Short-1190,252,Execute,,10.0,10,-219.49999999999997
OPF-20260731-082557,20251008-0610-Short-1202,290,Execute,,11.0,11,-67.09999999999997
OPF-20260731-082557,20251008-0730-Long-1218,329,Execute,,12.0,12,-8.199999999999967
OPF-20260731-082557,20251008-0840-Long-1232,355,Execute,,13.0,13,85.70000000000005
OPF-20260731-082557,20251008-0905-Short-1237,381,Execute,,14.0,14,-69.89999999999995
OPF-20260731-082557,,402,Decision,max=15,,15,-11.99999999999995
OPF-20260731-082557,,424,Decision,max=15,,15,-11.99999999999995
OPF-20260731-082557,,429,Decision,max=15,,15,-11.99999999999995
OPF-20260731-082557,,446,Decision,max=15,,15,-11.99999999999995
OPF-20260731-082557,,452,Decision,max=15,,15,-11.99999999999995
OPF-20260731-082557,,454,Decision,max=15,,15,-11.99999999999995
OPF-20260731-082557,,473,Decision,max=15,,15,-11.99999999999995
OPF-20260731-082557,,482,Decision,max=15,,15,-11.99999999999995
OPF-20260731-082557,,538,Decision,max=15,,15,-11.99999999999995
OPF-20260731-082557,,539,Decision,max=15,,15,-11.99999999999995
OPF-20260731-082557,,552,Decision,max=15,,15,-11.99999999999995
OPF-20260731-082557,,572,Decision,max=15,,15,-11.99999999999995
OPF-20260731-082557,,582,Decision,max=15,,15,-11.99999999999995
OPF-20260731-082557,,586,Decision,max=15,,15,-11.99999999999995
OPF-20260731-082557,,587,Decision,max=15,,15,-11.99999999999995
OPF-20260731-082825,20251008-2325-Long-1121,8,Execute,,0.0,0,0.0
OPF-20260731-082825,20251008-2355-Long-1127,31,Execute,,1.0,1,-75.1
OPF-20260731-082825,20251009-0000-Short-1128,48,Execute,,2.0,2,-128.7
OPF-20260731-082825,20251009-0140-Short-1148,92,Execute,,3.0,3,-25.799999999999983
OPF-20260731-082825,20251009-0245-Short-1161,127,Execute,,4.0,4,-69.89999999999998
OPF-20260731-082825,20251009-0425-Long-1181,162,Execute,,5.0,5,-160.99999999999997
OPF-20260731-082825,20251009-0440-Long-1184,182,Execute,,6.0,6,-206.59999999999997
OPF-20260731-082825,20251009-0545-Short-1197,216,Execute,,7.0,7,-139.69999999999996
OPF-20260731-082825,,243,Decision,"LiveDailyLoss:net=-281.3,limit=250",,8,-281.29999999999995
OPF-20260731-082825,,251,Decision,"LiveDailyLoss:net=-281.3,limit=250",,8,-281.29999999999995
OPF-20260731-082825,,262,Decision,"LiveDailyLoss:net=-281.3,limit=250",,8,-281.29999999999995
OPF-20260731-082825,,275,Decision,"LiveDailyLoss:net=-281.3,limit=250",,8,-281.29999999999995
OPF-20260731-082825,,277,Decision,"LiveDailyLoss:net=-281.3,limit=250",,8,-281.29999999999995
OPF-20260731-082825,,281,Decision,"LiveDailyLoss:net=-281.3,limit=250",,8,-281.29999999999995
OPF-20260731-082825,,284,Decision,"LiveDailyLoss:net=-281.3,limit=250",,8,-281.29999999999995
OPF-20260731-082825,,303,Decision,"LiveDailyLoss:net=-281.3,limit=250",,8,-281.29999999999995
OPF-20260731-082825,,311,Decision,"LiveDailyLoss:net=-281.3,limit=250",,8,-281.29999999999995
OPF-20260731-082825,,313,Decision,"LiveDailyLoss:net=-281.3,limit=250",,8,-281.29999999999995
OPF-20260731-082825,,314,Decision,"LiveDailyLoss:net=-281.3,limit=250",,8,-281.29999999999995
OPF-20260731-082825,,315,Decision,"LiveDailyLoss:net=-281.3,limit=250",,8,-281.29999999999995
OPF-20260731-082825,,319,Decision,"LiveDailyLoss:net=-281.3,limit=250",,8,-281.29999999999995
OPF-20260731-082825,,324,Decision,"LiveDailyLoss:net=-281.3,limit=250",,8,-281.29999999999995
OPF-20260731-082825,,326,Decision,"LiveDailyLoss:net=-281.3,limit=250",,8,-281.29999999999995
OPF-20260731-082825,,366,Decision,"LiveDailyLoss:net=-281.3,limit=250",,8,-281.29999999999995
OPF-20260731-082825,,369,Decision,"LiveDailyLoss:net=-281.3,limit=250",,8,-281.29999999999995
OPF-20260731-082825,,396,Decision,"LiveDailyLoss:net=-281.3,limit=250",,8,-281.29999999999995
OPF-20260731-083439,20251010-0015-Short-1131,15,Execute,,0.0,0,0.0
OPF-20260731-083439,20251010-0015-Short-1131-S2,27,Execute,,1.0,1,0.0
OPF-20260731-083439,20251010-0310-Short-1166,110,Execute,,2.0,2,-70.2
OPF-20260731-083439,20251010-0355-Short-1175,136,Execute,,3.0,3,-36.300000000000004
OPF-20260731-083439,20251010-0400-Short-1176-S2,146,Execute,,4.0,4,-36.300000000000004
OPF-20260731-083439,20251010-0655-Short-1211,207,Execute,,5.0,5,-100.5
OPF-20260731-083439,20251010-1000-Short-1248,237,Execute,,5.0,5,-100.5
OPF-20260731-083920,20251013-0130-Long-1146,30,Execute,,0.0,0,0.0
OPF-20260731-083920,20251013-0300-Short-1164,56,Execute,,1.0,1,-118.1
OPF-20260731-083920,20251013-0335-Short-1171,87,Execute,,2.0,2,-235.7
OPF-20260731-083920,20251013-0340-Short-1172-S2,97,Execute,,3.0,3,-235.7
OPF-20260731-083920,,149,Decision,"LiveDailyLoss:net=-376.9,limit=250",,4,-376.9
OPF-20260731-083920,,150,Decision,"LiveDailyLoss:net=-376.9,limit=250",,4,-376.9
OPF-20260731-083920,,188,Decision,"LiveDailyLoss:net=-376.9,limit=250",,4,-376.9
OPF-20260731-083920,,199,Decision,"LiveDailyLoss:net=-376.9,limit=250",,4,-376.9
OPF-20260731-083920,,218,Decision,"LiveDailyLoss:net=-376.9,limit=250",,4,-376.9
OPF-20260731-083920,,275,Decision,"LiveDailyLoss:net=-376.9,limit=250",,4,-376.9
OPF-20260731-083920,,300,Decision,"LiveDailyLoss:net=-376.9,limit=250",,4,-376.9
OPF-20260731-083920,,351,Decision,"LiveDailyLoss:net=-376.9,limit=250",,4,-376.9
OPF-20260731-083920,,354,Decision,"LiveDailyLoss:net=-376.9,limit=250",,4,-376.9
OPF-20260731-084631,20251013-2235-Short-1111,17,Execute,,0.0,0,0.0
OPF-20260731-084631,20251013-2255-Long-1115,33,Execute,,1.0,1,-50.1
OPF-20260731-084631,20251014-0050-Long-1138,94,Execute,,2.0,2,-115.19999999999999
OPF-20260731-084631,20251014-0240-Short-1160,133,Execute,,3.0,3,-181.29999999999998
OPF-20260731-084631,20251014-0645-Short-1209,184,Execute,,4.0,4,-129.39999999999998
OPF-20260731-084631,20251014-1035-Short-1255,253,Execute,,5.0,5,48.00000000000003
OPF-20260731-084631,20251014-1140-Short-1268,299,Execute,,6.0,6,218.40000000000003
OPF-20260731-085804,20251014-2335-Short-1123,22,Execute,,0.0,0,0.0
OPF-20260731-085804,20251015-0240-Short-1160,71,Execute,,1.0,1,98.4
OPF-20260731-085804,20251015-0730-Short-1218,166,Execute,,2.0,2,280.3
OPF-20260731-090949,20251015-2325-Short-1121,27,Execute,,0.0,0,0.0
OPF-20260731-090949,20251016-0145-Short-1149,74,Execute,,1.0,1,158.9
OPF-20260731-090949,20251016-0145-Short-1149-S2,84,Execute,,2.0,2,158.9
OPF-20260731-090949,20251016-0235-Short-1159,112,Execute,,2.0,2,78.70000000000002
OPF-20260731-090949,20251016-0325-Short-1169,154,Execute,,3.0,3,-25.899999999999977
OPF-20260731-090949,20251016-0910-Short-1238,281,Execute,,4.0,4,-96.99999999999997
OPF-20260731-090949,20251016-1200-Short-1272,348,Execute,,5.0,5,-205.09999999999997
OPF-20260731-091339,20251016-2335-Short-1123,25,Execute,,0.0,0,0.0
OPF-20260731-091339,20251017-0515-Short-1191,75,Execute,,1.0,1,-132.1
OPF-20260731-091339,,103,Decision,"LiveDailyLoss:net=-300.7,limit=250",,2,-300.7
OPF-20260731-091339,,113,Decision,"LiveDailyLoss:net=-300.7,limit=250",,2,-300.7
OPF-20260731-091339,,162,Decision,"LiveDailyLoss:net=-300.7,limit=250",,2,-300.7
OPF-20260731-091339,,171,Decision,"LiveDailyLoss:net=-300.7,limit=250",,2,-300.7
OPF-20260731-091339,,179,Decision,"LiveDailyLoss:net=-300.7,limit=250",,2,-300.7
OPF-20260731-091339,,180,Decision,"LiveDailyLoss:net=-300.7,limit=250",,2,-300.7
OPF-20260731-091339,,183,Decision,"LiveDailyLoss:net=-300.7,limit=250",,2,-300.7
OPF-20260731-091339,,217,Decision,"LiveDailyLoss:net=-300.7,limit=250",,2,-300.7
OPF-20260731-091625,20251020-0125-Long-1145,33,Execute,,0.0,0,0.0
OPF-20260731-091625,20251020-0240-Long-1160,62,Execute,,1.0,1,-53.1
OPF-20260731-091625,20251020-0425-Long-1181,97,Execute,,2.0,2,27.800000000000004
OPF-20260731-091625,20251020-0500-Long-1188,117,Execute,,3.0,3,-83.79999999999998
OPF-20260731-091625,20251020-0605-Short-1201,139,Execute,,4.0,4,-161.39999999999998
OPF-20260731-091625,,172,Decision,"LiveDailyLoss:net=-288,limit=250",,5,-288.0
OPF-20260731-091625,,173,Decision,"LiveDailyLoss:net=-288,limit=250",,5,-288.0
OPF-20260731-091625,,191,Decision,"LiveDailyLoss:net=-288,limit=250",,5,-288.0
OPF-20260731-091625,,192,Decision,"LiveDailyLoss:net=-288,limit=250",,5,-288.0
OPF-20260731-091625,,206,Decision,"LiveDailyLoss:net=-288,limit=250",,5,-288.0
OPF-20260731-091625,,211,Decision,"LiveDailyLoss:net=-288,limit=250",,5,-288.0
OPF-20260731-091625,,217,Decision,"LiveDailyLoss:net=-288,limit=250",,5,-288.0
OPF-20260731-091625,,218,Decision,"LiveDailyLoss:net=-288,limit=250",,5,-288.0
OPF-20260731-091625,,231,Decision,"LiveDailyLoss:net=-288,limit=250",,5,-288.0
OPF-20260731-091625,,239,Decision,"LiveDailyLoss:net=-288,limit=250",,5,-288.0
OPF-20260731-091625,,258,Decision,"LiveDailyLoss:net=-288,limit=250",,5,-288.0
OPF-20260731-091625,,263,Decision,"LiveDailyLoss:net=-288,limit=250",,5,-288.0
OPF-20260731-091625,,268,Decision,"LiveDailyLoss:net=-288,limit=250",,5,-288.0
OPF-20260731-091625,,279,Decision,"LiveDailyLoss:net=-288,limit=250",,5,-288.0
OPF-20260731-091625,,296,Decision,"LiveDailyLoss:net=-288,limit=250",,5,-288.0
OPF-20260731-091625,,302,Decision,"LiveDailyLoss:net=-288,limit=250",,5,-288.0
OPF-20260731-091625,,303,Decision,"LiveDailyLoss:net=-288,limit=250",,5,-288.0
OPF-20260731-091900,20251020-2240-Long-1112,10,Execute,,0.0,0,0.0
OPF-20260731-091900,20251020-2320-Long-1120,40,Execute,,1.0,1,123.4
OPF-20260731-091900,20251020-2350-Short-1126,67,Execute,,2.0,2,188.8
OPF-20260731-091900,20251021-0020-Long-1132,98,Execute,,3.0,3,93.20000000000002
OPF-20260731-091900,20251021-0050-Long-1138,121,Execute,,4.0,4,167.60000000000002
OPF-20260731-091900,20251021-0050-Long-1138-S2,132,Execute,,5.0,5,167.60000000000002
OPF-20260731-091900,20251021-0110-Long-1142-S2,158,Execute,,6.0,6,194.50000000000003
OPF-20260731-091900,20251021-0150-Long-1150,197,Execute,,7.0,7,259.8
OPF-20260731-091900,20251021-0310-Long-1166-S2,229,Execute,,8.0,8,259.8
OPF-20260731-091900,20251021-0355-Long-1175,269,Execute,,9.0,9,133.60000000000002
OPF-20260731-091900,20251021-0505-Short-1189,295,Execute,,10.0,10,63.50000000000003
OPF-20260731-091900,20251021-0550-Short-1198,322,Execute,,11.0,11,166.90000000000003
OPF-20260731-091900,20251021-0620-Long-1204,352,Execute,,12.0,12,98.80000000000004
OPF-20260731-091900,20251021-0825-Short-1229,372,Execute,,13.0,13,39.70000000000004
OPF-20260731-091900,20251021-1120-Long-1264,431,Execute,,14.0,14,-6.399999999999963
OPF-20260731-091900,,464,Decision,max=15,,15,-50.499999999999964
OPF-20260731-092301,20251022-0115-Long-1143,21,Execute,,0.0,0,0.0
OPF-20260731-092301,20251022-0245-Short-1161,46,Execute,,1.0,1,53.4
OPF-20260731-092301,20251022-0320-Long-1168,80,Execute,,2.0,2,81.8
OPF-20260731-092301,20251022-0415-Long-1179,113,Execute,,3.0,3,444.2
OPF-20260731-092301,20251022-0620-Long-1204,145,Execute,,4.0,4,400.09999999999997
OPF-20260731-092301,20251022-0645-Long-1209,173,Execute,,5.0,5,446.49999999999994
OPF-20260731-092301,20251022-0730-Long-1218,201,Execute,,6.0,6,377.9
OPF-20260731-092301,20251022-0730-Long-1218-S2,212,Execute,,7.0,7,377.9
OPF-20260731-092301,20251022-1005-Long-1249,281,Execute,,8.0,8,274.69999999999993
OPF-20260731-092301,20251022-1025-Long-1253-S2,295,Execute,,9.0,9,274.69999999999993
OPF-20260731-092301,20251022-1320-Long-1288,344,Execute,,10.0,10,106.49999999999994
OPF-20260731-092301,20251022-1320-Long-1288-S2,354,Execute,,11.0,11,106.49999999999994
OPF-20260731-092931,20251022-2310-Long-1118,9,Execute,,0.0,0,0.0
OPF-20260731-092931,20251022-2345-Short-1125,31,Execute,,1.0,1,-53.1
OPF-20260731-092931,20251023-0045-Long-1137,73,Execute,,2.0,2,99.30000000000001
OPF-20260731-092931,20251023-0120-Long-1144-S2,82,Execute,,3.0,3,99.30000000000001
OPF-20260731-092931,20251023-0315-Long-1167,115,Execute,,4.0,4,650.1
OPF-20260731-092931,20251023-0320-Long-1168-S2,124,Execute,,5.0,5,650.1
OPF-20260731-092931,20251023-0340-Short-1172,155,Execute,,6.0,6,561.9
OPF-20260731-092931,20251023-0430-Short-1182-S2,176,Execute,,7.0,7,561.9
OPF-20260731-092931,20251023-0615-Long-1203,223,Execute,,8.0,8,603.6999999999999
OPF-20260731-092931,20251023-1625-Short-1325,360,Execute,,9.0,9,700.5999999999999
OPF-20260731-092931,20251023-1845-Short-1353,395,Execute,,10.0,10,618.9999999999999
OPF-20260731-093312,20251023-2310-Long-1118,12,Execute,,0.0,0,0.0
OPF-20260731-093312,20251023-2310-Long-1118-S2,24,Execute,,1.0,1,0.0
OPF-20260731-093312,20251024-0040-Long-1136,54,Execute,,2.0,2,-78.7
OPF-20260731-093312,20251024-0040-Long-1136-S2,66,Execute,,3.0,3,-78.7
OPF-20260731-093312,20251024-0140-Long-1148,110,Execute,,4.0,4,-93.9
OPF-20260731-093312,20251024-0140-Long-1148-S2,120,Execute,,5.0,5,-93.9
OPF-20260731-093312,20251024-0155-Long-1151-S2,145,Execute,,6.0,6,-45.00000000000001
OPF-20260731-093312,20251024-0245-Long-1161,179,Execute,,7.0,7,-46.20000000000001
OPF-20260731-093312,20251024-0410-Long-1178,213,Execute,,8.0,8,35.699999999999996
OPF-20260731-093312,20251024-0530-Long-1194,234,Execute,,9.0,9,41.099999999999994
OPF-20260731-093312,20251024-0530-Long-1194-S2,245,Execute,,10.0,10,41.099999999999994
OPF-20260731-093312,20251024-0900-Long-1236,338,Execute,,11.0,11,-80.10000000000001
OPF-20260731-093312,20251024-0900-Long-1236-S2,352,Execute,,12.0,12,-80.10000000000001
OPF-20260731-093312,20251024-0940-Long-1244-S2,384,Execute,,13.0,13,49.8
OPF-20260731-093312,20251024-0940-Long-1244-S2,389,Execute,,,13,49.8
OPF-20260731-093312,20251024-1015-Long-1251,427,Execute,,14.0,14,121.1
OPF-20260731-093312,,450,Decision,max=15,,15,51.5
OPF-20260731-093312,,486,Decision,max=15,,15,51.5
OPF-20260731-093312,,503,Decision,max=15,,15,51.5
OPF-20260731-093312,,504,Decision,max=15,,15,51.5
OPF-20260731-093312,,529,Decision,max=15,,15,51.5
OPF-20260731-093312,,532,Decision,max=15,,15,51.5
OPF-20260731-093312,,540,Decision,max=15,,15,51.5
OPF-20260731-093312,,554,Decision,max=15,,15,51.5
OPF-20260731-093542,20251026-2350-Short-1126,21,Execute,,0.0,0,0.0
OPF-20260731-093542,20251027-0110-Short-1142,58,Execute,,1.0,1,-80.6
OPF-20260731-093542,20251027-0135-Long-1147,83,Execute,,2.0,2,-153.2
OPF-20260731-093542,20251027-0155-Short-1151,101,Execute,,3.0,3,-215.29999999999998
OPF-20260731-093542,,123,Decision,"LiveDailyLoss:net=-256.4,limit=250",,4,-256.4
OPF-20260731-093542,,128,Decision,"LiveDailyLoss:net=-256.4,limit=250",,4,-256.4
OPF-20260731-093542,,132,Decision,"LiveDailyLoss:net=-256.4,limit=250",,4,-256.4
OPF-20260731-093542,,133,Decision,"LiveDailyLoss:net=-256.4,limit=250",,4,-256.4
OPF-20260731-093542,,136,Decision,"LiveDailyLoss:net=-256.4,limit=250",,4,-256.4
OPF-20260731-093542,,139,Decision,"LiveDailyLoss:net=-256.4,limit=250",,4,-256.4
OPF-20260731-093542,,143,Decision,"LiveDailyLoss:net=-256.4,limit=250",,4,-256.4
OPF-20260731-093542,,144,Decision,"LiveDailyLoss:net=-256.4,limit=250",,4,-256.4
OPF-20260731-093542,,147,Decision,"LiveDailyLoss:net=-256.4,limit=250",,4,-256.4
OPF-20260731-093542,,149,Decision,"LiveDailyLoss:net=-256.4,limit=250",,4,-256.4
OPF-20260731-093542,,150,Decision,"LiveDailyLoss:net=-256.4,limit=250",,4,-256.4
OPF-20260731-093542,,159,Decision,"LiveDailyLoss:net=-256.4,limit=250",,4,-256.4
OPF-20260731-093542,,164,Decision,"LiveDailyLoss:net=-256.4,limit=250",,4,-256.4
OPF-20260731-093542,,167,Decision,"LiveDailyLoss:net=-256.4,limit=250",,4,-256.4
OPF-20260731-093542,,171,Decision,"LiveDailyLoss:net=-256.4,limit=250",,4,-256.4
OPF-20260731-093542,,183,Decision,"LiveDailyLoss:net=-256.4,limit=250",,4,-256.4
OPF-20260731-093542,,186,Decision,"LiveDailyLoss:net=-256.4,limit=250",,4,-256.4
OPF-20260731-093542,,187,Decision,"LiveDailyLoss:net=-256.4,limit=250",,4,-256.4
OPF-20260731-093542,,192,Decision,"LiveDailyLoss:net=-256.4,limit=250",,4,-256.4
OPF-20260731-093542,,205,Decision,"LiveDailyLoss:net=-256.4,limit=250",,4,-256.4
OPF-20260731-093542,,232,Decision,"LiveDailyLoss:net=-256.4,limit=250",,4,-256.4
OPF-20260731-093542,,233,Decision,"LiveDailyLoss:net=-256.4,limit=250",,4,-256.4
OPF-20260731-093542,,241,Decision,"LiveDailyLoss:net=-256.4,limit=250",,4,-256.4
OPF-20260731-093542,,244,Decision,"LiveDailyLoss:net=-256.4,limit=250",,4,-256.4
OPF-20260731-093542,,250,Decision,"LiveDailyLoss:net=-256.4,limit=250",,4,-256.4
OPF-20260731-093542,,255,Decision,"LiveDailyLoss:net=-256.4,limit=250",,4,-256.4
OPF-20260731-093542,,263,Decision,"LiveDailyLoss:net=-256.4,limit=250",,4,-256.4
OPF-20260731-093542,,264,Decision,"LiveDailyLoss:net=-256.4,limit=250",,4,-256.4
OPF-20260731-093542,,268,Decision,"LiveDailyLoss:net=-256.4,limit=250",,4,-256.4
OPF-20260731-093542,,308,Decision,"LiveDailyLoss:net=-256.4,limit=250",,4,-256.4
OPF-20260731-093542,,315,Decision,"LiveDailyLoss:net=-256.4,limit=250",,4,-256.4
OPF-20260731-093542,,316,Decision,"LiveDailyLoss:net=-256.4,limit=250",,4,-256.4
OPF-20260731-093542,,319,Decision,"LiveDailyLoss:net=-256.4,limit=250",,4,-256.4
OPF-20260731-093542,,322,Decision,"LiveDailyLoss:net=-256.4,limit=250",,4,-256.4
OPF-20260731-093542,,324,Decision,"LiveDailyLoss:net=-256.4,limit=250",,4,-256.4
OPF-20260731-093542,,325,Decision,"LiveDailyLoss:net=-256.4,limit=250",,4,-256.4
OPF-20260731-093542,,331,Decision,"LiveDailyLoss:net=-256.4,limit=250",,4,-256.4
OPF-20260731-093542,,335,Decision,"LiveDailyLoss:net=-256.4,limit=250",,4,-256.4
OPF-20260731-093542,,336,Decision,"LiveDailyLoss:net=-256.4,limit=250",,4,-256.4
OPF-20260731-093542,,340,Decision,"LiveDailyLoss:net=-256.4,limit=250",,4,-256.4
OPF-20260731-093542,,360,Decision,"LiveDailyLoss:net=-256.4,limit=250",,4,-256.4
OPF-20260731-093542,,361,Decision,"LiveDailyLoss:net=-256.4,limit=250",,4,-256.4
OPF-20260731-093813,20251028-0005-Short-1129,14,Execute,,0.0,0,0.0
OPF-20260731-093813,20251028-0555-Long-1199,69,Execute,,1.0,1,181.4
OPF-20260731-093813,20251028-0635-Long-1207,102,Execute,,2.0,2,278.8
OPF-20260731-093813,20251028-0650-Short-1210,120,Execute,,3.0,3,225.20000000000002
OPF-20260731-093813,20251028-0745-Short-1221,169,Execute,,4.0,4,180.60000000000002
OPF-20260731-093813,20251028-0900-Long-1236,207,Execute,,5.0,5,272.5
OPF-20260731-093813,20251028-0950-Long-1246-S2,220,Execute,,6.0,6,272.5
OPF-20260731-093813,20251028-1025-Long-1253-S2,240,Execute,,7.0,7,294.4
OPF-20260731-093813,20251028-1225-Long-1277,294,Execute,,8.0,8,229.2
OPF-20260731-093813,20251028-1230-Long-1278,313,Execute,,9.0,9,162.1
OPF-20260731-093813,20251028-1650-Long-1330,358,Execute,,10.0,10,458.5
OPF-20260731-093813,20251028-1740-Long-1340,376,Execute,,11.0,11,389.4
OPF-20260731-094125,20251028-2240-Short-1112,4,Execute,,0.0,0,0.0
OPF-20260731-094125,20251028-2320-Long-1120,35,Execute,,1.0,1,-70.6
OPF-20260731-094125,20251028-2335-Long-1123,55,Execute,,2.0,2,-120.69999999999999
OPF-20260731-094125,20251029-0030-Long-1134,90,Execute,,3.0,3,-44.79999999999998
OPF-20260731-094125,20251029-0110-Long-1142,115,Execute,,4.0,4,-103.89999999999998
OPF-20260731-094125,20251029-0210-Long-1154,156,Execute,,5.0,5,137.00000000000003
OPF-20260731-094125,20251029-0215-Long-1155-S2,167,Execute,,6.0,6,137.00000000000003
OPF-20260731-094125,20251029-0345-Long-1173,203,Execute,,7.0,7,187.30000000000004
OPF-20260731-094125,20251029-0345-Long-1173-S2,214,Execute,,8.0,8,187.30000000000004
OPF-20260731-094125,20251029-0405-Short-1177,235,Execute,,9.0,9,5.100000000000051
OPF-20260731-094125,20251029-0755-Long-1223,306,Execute,,10.0,10,-75.99999999999994
OPF-20260731-094125,20251029-0755-Long-1223-S2,317,Execute,,11.0,11,-75.99999999999994
OPF-20260731-094125,20251029-0900-Short-1236,350,Execute,,12.0,12,-206.19999999999993
OPF-20260731-094125,20251029-1155-Short-1271,419,Execute,,13.0,13,-113.79999999999993
OPF-20260731-094125,20251029-1225-Short-1277,456,Execute,,14.0,14,-168.39999999999992
OPF-20260731-094455,20251030-0035-Long-1135,11,Execute,,0.0,0,0.0
OPF-20260731-094455,20251030-0225-Long-1157,51,Execute,,1.0,1,-100.1
OPF-20260731-094455,20251030-0230-Long-1158-S2,60,Execute,,2.0,2,-100.1
OPF-20260731-094455,20251030-0330-Long-1170,98,Execute,,3.0,3,-19.299999999999983
OPF-20260731-094455,20251030-0345-Long-1173-S2,112,Execute,,4.0,4,-19.299999999999983
OPF-20260731-094455,20251030-0730-Short-1218,158,Execute,,5.0,5,-229.99999999999997
OPF-20260731-094455,,186,Decision,"LiveDailyLoss:net=-343.1,limit=250",,6,-343.09999999999997
OPF-20260731-094455,,202,Decision,"LiveDailyLoss:net=-343.1,limit=250",,6,-343.09999999999997
OPF-20260731-094455,,209,Decision,"LiveDailyLoss:net=-343.1,limit=250",,6,-343.09999999999997
OPF-20260731-094455,,240,Decision,"LiveDailyLoss:net=-343.1,limit=250",,6,-343.09999999999997
OPF-20260731-094455,,242,Decision,"LiveDailyLoss:net=-343.1,limit=250",,6,-343.09999999999997
OPF-20260731-094455,,291,Decision,"LiveDailyLoss:net=-343.1,limit=250",,6,-343.09999999999997
OPF-20260731-094835,20251104-0120-Long-856,41,Execute,,0.0,0,0.0
OPF-20260731-094835,20251104-0135-Short-859,64,Execute,,1.0,1,-119.1
OPF-20260731-094835,20251104-0520-Short-904,98,Execute,,2.0,2,170.79999999999998
OPF-20260731-094835,20251104-0700-Short-924,145,Execute,,3.0,3,733.6999999999999
OPF-20260731-094835,20251104-0730-Short-930,186,Execute,,4.0,4,591.5999999999999
OPF-20260731-094835,20251104-0850-Long-946,224,Execute,,5.0,5,480.4999999999999
OPF-20260731-094835,20251104-1210-Short-986,257,Execute,,6.0,6,354.39999999999986
OPF-20260731-094835,20251104-1240-Short-992,274,Execute,,7.0,7,235.29999999999987
OPF-20260731-094835,20251104-1300-Short-996,299,Execute,,8.0,8,97.19999999999987
OPF-20260731-094835,20251104-1345-Short-1005,334,Execute,,9.0,9,383.09999999999985
OPF-20260731-094835,20251104-2005-Short-1081,400,Execute,,10.0,10,229.99999999999986
OPF-20260731-095236,20251105-0035-Short-847,19,Execute,,0.0,0,0.0
OPF-20260731-095236,20251105-0155-Short-863,61,Execute,,1.0,1,612.4
OPF-20260731-095236,20251105-1655-Long-1043,208,Execute,,2.0,2,487.79999999999995
OPF-20260731-095236,20251105-1755-Long-1055,246,Execute,,3.0,3,410.69999999999993
OPF-20260731-095543,20251106-0005-Short-1117,8,Execute,,0.0,0,0.0
OPF-20260731-095543,20251106-0055-Long-1127,49,Execute,,1.0,1,236.4
OPF-20260731-095543,20251106-0225-Long-1145,79,Execute,,2.0,2,177.8
OPF-20260731-095543,20251106-0425-Long-1169,138,Execute,,3.0,3,230.20000000000002
OPF-20260731-095543,20251106-0430-Long-1170-S2,147,Execute,,4.0,4,230.20000000000002
OPF-20260731-095543,20251106-0515-Long-1179,174,Execute,,5.0,5,99.50000000000003
OPF-20260731-095543,20251106-0545-Short-1185,197,Execute,,6.0,6,40.90000000000003
OPF-20260731-095543,20251106-1050-Long-1246,261,Execute,,6.0,6,40.90000000000003
OPF-20260731-095543,20251106-1240-Long-1268,281,Execute,,7.0,7,38.300000000000026
OPF-20260731-095543,20251106-1335-Long-1279,292,Execute,,7.0,7,38.300000000000026
OPF-20260731-095543,20251106-1345-Short-1281,309,Execute,,8.0,8,-14.799999999999976
OPF-20260731-095543,20251106-1915-Long-1347,365,Execute,,9.0,9,440.6
OPF-20260731-095543,20251106-2110-Short-1370,406,Execute,,10.0,10,318.5
OPF-20260731-095932,20251106-2335-Long-1111,18,Execute,,0.0,0,0.0
OPF-20260731-095932,20251107-0320-Short-1156,60,Execute,,1.0,1,-102.1
OPF-20260731-095932,20251107-0950-Short-1234,167,Execute,,2.0,2,43.80000000000001
OPF-20260731-095932,20251107-2105-Short-1369,264,Execute,,3.0,3,-64.29999999999998
OPF-20260731-100321,20251110-0240-Long-1148,9,Execute,,0.0,0,0.0
OPF-20260731-100321,20251110-0310-Long-1154,32,Execute,,1.0,1,93.9
OPF-20260731-100321,20251110-0400-Long-1164-S2,58,Execute,,2.0,2,93.9
OPF-20260731-100321,20251110-0520-Long-1180,93,Execute,,3.0,3,160.20000000000002
OPF-20260731-100321,20251110-0540-Long-1184,113,Execute,,4.0,4,91.10000000000002
OPF-20260731-100321,20251110-0540-Long-1184,116,Execute,,,4,91.10000000000002
OPF-20260731-100321,20251110-0715-Short-1203,142,Execute,,5.0,5,70.00000000000003
OPF-20260731-100321,20251110-1055-Short-1247,190,Execute,,6.0,6,17.900000000000027
OPF-20260731-100321,20251110-2130-Short-1374,347,Execute,,7.0,7,-97.69999999999996
OPF-20260731-100559,20251111-0125-Long-1133,16,Execute,,0.0,0,0.0
OPF-20260731-100559,20251111-0240-Long-1148,42,Execute,,1.0,1,-57.6
OPF-20260731-100559,20251111-0415-Short-1167,66,Execute,,2.0,2,-111.7
OPF-20260731-100559,20251111-0450-Short-1174-S2,74,Execute,,3.0,3,-111.7
OPF-20260731-100559,20251111-0630-Short-1194,126,Execute,,4.0,4,30.6
OPF-20260731-100559,20251111-0815-Short-1215,168,Execute,,5.0,5,253.0
OPF-20260731-100559,20251111-1115-Long-1251,223,Execute,,6.0,6,437.4
OPF-20260731-100559,20251111-1425-Short-1289,257,Execute,,7.0,7,357.79999999999995
OPF-20260731-100559,20251111-2130-Long-1374,296,Execute,,7.0,7,357.79999999999995
OPF-20260731-100845,20251111-2330-Long-1110,10,Execute,,0.0,0,0.0
OPF-20260731-100845,20251111-2335-Long-1111-S2,20,Execute,,1.0,1,0.0
OPF-20260731-100845,20251112-0125-Long-1133,59,Execute,,2.0,2,48.80000000000001
OPF-20260731-100845,20251112-0130-Long-1134-S2,69,Execute,,3.0,3,48.80000000000001
OPF-20260731-100845,20251112-0215-Long-1143-S2,99,Execute,,4.0,4,276.20000000000005
OPF-20260731-100845,20251112-0250-Long-1150,140,Execute,,5.0,5,401.0
OPF-20260731-100845,20251112-0410-Short-1166,166,Execute,,6.0,6,392.9
OPF-20260731-100845,20251112-0710-Long-1202,218,Execute,,7.0,7,475.79999999999995
OPF-20260731-100845,20251112-0720-Long-1204-S2,228,Execute,,8.0,8,475.79999999999995
OPF-20260731-100845,20251112-0925-Long-1229,305,Execute,,9.0,9,280.5999999999999
OPF-20260731-100845,20251112-1105-Long-1249,334,Execute,,10.0,10,201.99999999999991
OPF-20260731-100845,20251112-1105-Long-1249-S2,345,Execute,,11.0,11,201.99999999999991
OPF-20260731-100845,20251112-1120-Short-1252,369,Execute,,12.0,12,25.799999999999926
OPF-20260731-100845,20251112-1310-Long-1274,424,Execute,,13.0,13,103.69999999999993
OPF-20260731-100845,20251112-1320-Short-1276,444,Execute,,14.0,14,20.599999999999937
OPF-20260731-100845,,447,Decision,max=15,,15,20.599999999999937
OPF-20260731-101149,20251113-0350-Short-1162,49,Execute,,0.0,0,0.0
OPF-20260731-101149,20251113-1415-Short-1287,183,Execute,,1.0,1,-45.1
OPF-20260731-101514,20251113-2340-Long-1112,8,Execute,,0.0,0,0.0
OPF-20260731-101514,20251114-0505-Short-1177,70,Execute,,1.0,1,-62.6
OPF-20260731-101514,20251114-0905-Short-1225,137,Execute,,2.0,2,114.30000000000001
OPF-20260731-101514,20251114-1125-Short-1253,198,Execute,,3.0,3,260.20000000000005
OPF-20260731-101514,20251114-2130-Long-1374,274,Execute,,4.0,4,419.6
OPF-20260731-101827,20251117-0135-Long-1135,23,Execute,,0.0,0,0.0
OPF-20260731-101827,20251117-0305-Long-1153,71,Execute,,1.0,1,-54.6
OPF-20260731-101827,20251117-0335-Long-1159,90,Execute,,2.0,2,-203.7
OPF-20260731-101827,20251117-0600-Short-1188,110,Execute,,3.0,3,-37.79999999999998
OPF-20260731-101827,20251117-0625-Long-1193,131,Execute,,4.0,4,-82.89999999999998
OPF-20260731-101827,20251117-0730-Long-1206,166,Execute,,5.0,5,-155.49999999999997
OPF-20260731-101827,20251117-0735-Long-1207-S2,175,Execute,,6.0,6,-155.49999999999997
OPF-20260731-101827,20251117-0940-Short-1232,215,Execute,,6.0,6,-98.19999999999996
OPF-20260731-101827,20251117-0945-Short-1233,224,Execute,,6.0,6,-98.19999999999996
OPF-20260731-101827,20251117-1125-Long-1253,256,Execute,,7.0,7,-11.799999999999955
OPF-20260731-101827,20251117-1345-Short-1281,290,Execute,,8.0,8,196.10000000000005
OPF-20260731-102243,20251117-2325-Long-1109,8,Execute,,0.0,0,0.0
OPF-20260731-102243,20251118-0150-Short-1138,54,Execute,,1.0,1,-110.1
OPF-20260731-102243,20251118-0340-Short-1160,83,Execute,,2.0,2,-178.7
OPF-20260731-102243,20251118-0355-Short-1163,107,Execute,,3.0,3,5.700000000000017
OPF-20260731-102243,20251118-0710-Short-1202,154,Execute,,4.0,4,104.10000000000002
OPF-20260731-102632,20251119-0110-Short-1130,8,Execute,,0.0,0,0.0
OPF-20260731-102632,20251119-0220-Long-1144,41,Execute,,1.0,1,-131.1
OPF-20260731-103442,20251120-0030-Long-1122,14,Execute,,0.0,0,0.0
OPF-20260731-103442,20251120-0135-Long-1135,34,Execute,,1.0,1,-117.6
OPF-20260731-103442,20251120-0135-Long-1135-S2,46,Execute,,2.0,2,-117.6
OPF-20260731-103442,20251120-0210-Short-1142,77,Execute,,3.0,3,-232.79999999999998
OPF-20260731-103442,,120,Decision,"LiveDailyLoss:net=-294.89,limit=250",,4,-294.89
OPF-20260731-103442,,121,Decision,"LiveDailyLoss:net=-294.89,limit=250",,4,-294.89
OPF-20260731-103442,,126,Decision,"LiveDailyLoss:net=-294.89,limit=250",,4,-294.89
OPF-20260731-103442,,134,Decision,"LiveDailyLoss:net=-294.89,limit=250",,4,-294.89
OPF-20260731-103442,,137,Decision,"LiveDailyLoss:net=-294.89,limit=250",,4,-294.89
OPF-20260731-103442,,138,Decision,"LiveDailyLoss:net=-294.89,limit=250",,4,-294.89
OPF-20260731-103442,,139,Decision,"LiveDailyLoss:net=-294.89,limit=250",,4,-294.89
OPF-20260731-103442,,140,Decision,"LiveDailyLoss:net=-294.89,limit=250",,4,-294.89
OPF-20260731-103442,,147,Decision,"LiveDailyLoss:net=-294.89,limit=250",,4,-294.89
OPF-20260731-103442,,151,Decision,"LiveDailyLoss:net=-294.89,limit=250",,4,-294.89
OPF-20260731-103442,,153,Decision,"LiveDailyLoss:net=-294.89,limit=250",,4,-294.89
OPF-20260731-103442,,180,Decision,"LiveDailyLoss:net=-294.89,limit=250",,4,-294.89
OPF-20260731-103442,,237,Decision,"LiveDailyLoss:net=-294.89,limit=250",,4,-294.89
OPF-20260731-104305,20251124-0045-Long-1125,10,Execute,,0.0,0,0.0
OPF-20260731-104305,20251124-0145-Short-1137,38,Execute,,1.0,1,-124.6
OPF-20260731-104305,20251124-0305-Long-1153,68,Execute,,2.0,2,-240.7
OPF-20260731-104305,20251124-0305-Long-1153-S2,79,Execute,,3.0,3,-240.7
OPF-20260731-104305,,105,Decision,"LiveDailyLoss:net=-317.4,limit=250",,4,-317.40000000000003
OPF-20260731-104305,,106,Decision,"LiveDailyLoss:net=-317.4,limit=250",,4,-317.40000000000003
OPF-20260731-104305,,123,Decision,"LiveDailyLoss:net=-317.4,limit=250",,4,-317.40000000000003
OPF-20260731-104305,,124,Decision,"LiveDailyLoss:net=-317.4,limit=250",,4,-317.40000000000003
OPF-20260731-104305,,125,Decision,"LiveDailyLoss:net=-317.4,limit=250",,4,-317.40000000000003
OPF-20260731-104305,,126,Decision,"LiveDailyLoss:net=-317.4,limit=250",,4,-317.40000000000003
OPF-20260731-104305,,196,Decision,"LiveDailyLoss:net=-317.4,limit=250",,4,-317.40000000000003
OPF-20260731-104643,20251125-0115-Short-1131,19,Execute,,0.0,0,0.0
OPF-20260731-104643,20251125-0250-Long-1150,53,Execute,,1.0,1,-58.1
OPF-20260731-104643,20251125-0540-Long-1184,95,Execute,,2.0,2,-118.7
OPF-20260731-104643,20251125-0555-Short-1187,119,Execute,,3.0,3,-175.8
OPF-20260731-104643,20251125-0650-Short-1198,157,Execute,,4.0,4,-237.4
OPF-20260731-104643,,200,Decision,"LiveDailyLoss:net=-343,limit=250",,5,-343.0
OPF-20260731-104643,,223,Decision,"LiveDailyLoss:net=-343,limit=250",,5,-343.0
OPF-20260731-104643,,227,Decision,"LiveDailyLoss:net=-343,limit=250",,5,-343.0
OPF-20260731-104643,,229,Decision,"LiveDailyLoss:net=-343,limit=250",,5,-343.0
OPF-20260731-104643,,256,Decision,"LiveDailyLoss:net=-343,limit=250",,5,-343.0
OPF-20260731-104643,,258,Decision,"LiveDailyLoss:net=-343,limit=250",,5,-343.0
OPF-20260731-105147,20251202-0015-Long-894,23,Execute,,0.0,0,0.0
OPF-20260731-105147,20251202-0015-Long-894-S2,37,Execute,,1.0,1,0.0
OPF-20260731-105147,20251202-0040-Long-899,70,Execute,,2.0,2,-98.2
OPF-20260731-105147,20251202-0350-Long-937,142,Execute,,3.0,3,-152.3
OPF-20260731-105147,,181,Decision,"LiveDailyLoss:net=-278.9,limit=250",,4,-278.9
OPF-20260731-105147,,226,Decision,"LiveDailyLoss:net=-278.9,limit=250",,4,-278.9
OPF-20260731-105147,,263,Decision,"LiveDailyLoss:net=-278.9,limit=250",,4,-278.9
OPF-20260731-105147,,271,Decision,"LiveDailyLoss:net=-278.9,limit=250",,4,-278.9
OPF-20260731-105147,,282,Decision,"LiveDailyLoss:net=-278.9,limit=250",,4,-278.9
OPF-20260731-105147,,308,Decision,"LiveDailyLoss:net=-278.9,limit=250",,4,-278.9
OPF-20260731-105147,,309,Decision,"LiveDailyLoss:net=-278.9,limit=250",,4,-278.9
OPF-20260731-105147,,362,Decision,"LiveDailyLoss:net=-278.9,limit=250",,4,-278.9
OPF-20260731-105147,,369,Decision,"LiveDailyLoss:net=-278.9,limit=250",,4,-278.9
OPF-20260731-105147,,371,Decision,"LiveDailyLoss:net=-278.9,limit=250",,4,-278.9
OPF-20260731-105147,,375,Decision,"LiveDailyLoss:net=-278.9,limit=250",,4,-278.9
OPF-20260731-105147,,376,Decision,"LiveDailyLoss:net=-278.9,limit=250",,4,-278.9
OPF-20260731-105147,,379,Decision,"LiveDailyLoss:net=-278.9,limit=250",,4,-278.9
OPF-20260731-105147,,388,Decision,"LiveDailyLoss:net=-278.9,limit=250",,4,-278.9
OPF-20260731-105443,20251203-0140-Long-911,19,Execute,,0.0,0,0.0
OPF-20260731-105443,20251203-0230-Long-921,57,Execute,,1.0,1,172.4
OPF-20260731-105443,20251203-0235-Long-922-S2,69,Execute,,2.0,2,172.4
OPF-20260731-105443,20251203-0325-Long-932,108,Execute,,3.0,3,51.70000000000002
OPF-20260731-105443,20251203-0635-Short-970,164,Execute,,4.0,4,-17.899999999999977
OPF-20260731-105443,20251203-0655-Long-974,190,Execute,,5.0,5,-95.99999999999997
OPF-20260731-105443,20251203-0720-Long-979,220,Execute,,6.0,6,-40.09999999999997
OPF-20260731-105443,20251203-0855-Long-998,273,Execute,,7.0,7,-166.69999999999996
OPF-20260731-105443,,296,Decision,"LiveDailyLoss:net=-313.3,limit=250",,8,-313.29999999999995
OPF-20260731-105443,,305,Decision,"LiveDailyLoss:net=-313.3,limit=250",,8,-313.29999999999995
OPF-20260731-105443,,334,Decision,"LiveDailyLoss:net=-313.3,limit=250",,8,-313.29999999999995
OPF-20260731-105443,,341,Decision,"LiveDailyLoss:net=-313.3,limit=250",,8,-313.29999999999995
OPF-20260731-105443,,344,Decision,"LiveDailyLoss:net=-313.3,limit=250",,8,-313.29999999999995
OPF-20260731-105443,,346,Decision,"LiveDailyLoss:net=-313.3,limit=250",,8,-313.29999999999995
OPF-20260731-105443,,347,Decision,"LiveDailyLoss:net=-313.3,limit=250",,8,-313.29999999999995
OPF-20260731-105443,,348,Decision,"LiveDailyLoss:net=-313.3,limit=250",,8,-313.29999999999995
OPF-20260731-105443,,402,Decision,"LiveDailyLoss:net=-313.3,limit=250",,8,-313.29999999999995
OPF-20260731-105443,,404,Decision,"LiveDailyLoss:net=-313.3,limit=250",,8,-313.29999999999995
OPF-20260731-105443,,405,Decision,"LiveDailyLoss:net=-313.3,limit=250",,8,-313.29999999999995
OPF-20260731-105443,,407,Decision,"LiveDailyLoss:net=-313.3,limit=250",,8,-313.29999999999995
OPF-20260731-105443,,408,Decision,"LiveDailyLoss:net=-313.3,limit=250",,8,-313.29999999999995
OPF-20260731-105443,,411,Decision,"LiveDailyLoss:net=-313.3,limit=250",,8,-313.29999999999995
OPF-20260731-105723,20251204-0315-Short-978,51,Execute,,0.0,0,0.0
OPF-20260731-105723,20251204-0805-Short-1036,126,Execute,,1.0,1,-118.6
OPF-20260731-105723,20251204-1040-Short-1067,188,Execute,,2.0,2,15.300000000000011
OPF-20260731-105723,20251204-1340-Short-1103,231,Execute,,3.0,3,160.20000000000002
OPF-20260731-110159,20251204-2340-Short-1112,4,Execute,,0.0,0,0.0
OPF-20260731-110159,20251205-0420-Short-1168,54,Execute,,1.0,1,-81.6
OPF-20260731-110159,20251205-0645-Short-1197,92,Execute,,2.0,2,-160.2
OPF-20260731-110159,20251205-1055-Short-1247,151,Execute,,3.0,3,-111.29999999999998
OPF-20260731-110159,20251205-1220-Short-1264,188,Execute,,4.0,4,-84.39999999999998
OPF-20260731-110159,20251205-1250-Short-1270-S2,217,Execute,,5.0,5,-84.39999999999998
OPF-20260731-110159,20251205-1850-Short-1342,324,Execute,,6.0,6,47.900000000000034
OPF-20260731-110614,20251208-0030-Long-1122,5,Execute,,0.0,0,0.0
OPF-20260731-110614,20251208-0140-Long-1136,24,Execute,,1.0,1,83.9
OPF-20260731-110614,20251208-0225-Long-1145,52,Execute,,2.0,2,166.3
OPF-20260731-110614,20251208-0230-Long-1146-S2,61,Execute,,3.0,3,166.3
OPF-20260731-110614,20251208-0420-Long-1168,94,Execute,,4.0,4,149.10000000000002
OPF-20260731-110614,20251208-0440-Long-1172-S2,106,Execute,,5.0,5,149.10000000000002
OPF-20260731-110614,20251208-0600-Short-1188,139,Execute,,6.0,6,178.90000000000003
OPF-20260731-110614,20251208-0620-Long-1192,162,Execute,,7.0,7,134.80000000000004
OPF-20260731-110614,20251208-0650-Short-1198,187,Execute,,8.0,8,76.20000000000005
OPF-20260731-110614,20251208-0755-Short-1211,230,Execute,,9.0,9,163.10000000000005
OPF-20260731-110614,20251208-1035-Long-1243,277,Execute,,10.0,10,245.00000000000006
OPF-20260731-110931,20251208-2320-Short-1108,4,Execute,,0.0,0,0.0
OPF-20260731-110931,20251208-2345-Long-1113,23,Execute,,1.0,1,-49.1
OPF-20260731-110931,20251209-0005-Long-1117,50,Execute,,2.0,2,47.800000000000004
OPF-20260731-110931,20251209-0100-Short-1128,68,Execute,,3.0,3,-57.29999999999999
OPF-20260731-110931,20251209-0510-Short-1178,111,Execute,,3.0,3,-57.29999999999999
OPF-20260731-110931,20251209-0510-Short-1178-S2,123,Execute,,4.0,4,-57.29999999999999
OPF-20260731-110931,20251209-0650-Short-1198,186,Execute,,5.0,5,120.00000000000003
OPF-20260731-110931,20251209-0705-Long-1201,209,Execute,,6.0,6,52.900000000000034
OPF-20260731-110931,20251209-0910-Short-1226,258,Execute,,7.0,7,-16.19999999999996
OPF-20260731-110931,20251209-0940-Short-1232,286,Execute,,8.0,8,85.20000000000005
OPF-20260731-110931,20251209-0955-Short-1235,314,Execute,,9.0,9,31.100000000000044
OPF-20260731-110931,20251209-1345-Short-1281,376,Execute,,10.0,10,-29.999999999999957
OPF-20260731-110931,20251209-1950-Short-1354,464,Execute,,11.0,11,303.90000000000003
OPF-20260731-111351,20251210-0055-Short-1127,25,Execute,,0.0,0,0.0
OPF-20260731-111351,20251210-0230-Long-1146,37,Execute,,0.0,0,0.0
OPF-20260731-111351,20251210-0230-Long-1146-S2,53,Execute,,1.0,1,0.0
OPF-20260731-111351,20251210-0650-Short-1198,141,Execute,,2.0,2,51.8
OPF-20260731-111351,20251210-0730-Long-1206,167,Execute,,3.0,3,9.699999999999996
OPF-20260731-111351,20251210-0920-Short-1228,197,Execute,,4.0,4,65.6
OPF-20260731-111351,20251210-1245-Short-1269,224,Execute,,5.0,5,-3.5
OPF-20260731-111351,20251210-1350-Short-1282,261,Execute,,6.0,6,-49.6
OPF-20260731-111857,20251210-2330-Short-1110,7,Execute,,0.0,0,0.0
OPF-20260731-111857,20251211-0055-Short-1127,41,Execute,,1.0,1,58.9
OPF-20260731-111857,20251211-0110-Short-1130,70,Execute,,2.0,2,150.8
OPF-20260731-111857,20251211-0155-Short-1139,100,Execute,,3.0,3,213.70000000000002
OPF-20260731-111857,20251211-0210-Short-1142,131,Execute,,4.0,4,364.6
OPF-20260731-111857,20251211-0255-Short-1151,154,Execute,,4.0,4,364.6
OPF-20260731-111857,20251211-0430-Short-1170,188,Execute,,5.0,5,520.0
OPF-20260731-111857,20251211-0630-Short-1194,225,Execute,,6.0,6,466.4
OPF-20260731-111857,20251211-0920-Short-1228,289,Execute,,7.0,7,410.29999999999995
OPF-20260731-111857,20251211-0925-Short-1229,305,Execute,,7.0,7,402.69999999999993
OPF-20260731-111857,20251211-1040-Short-1244,336,Execute,,8.0,8,279.5999999999999
OPF-20260731-111857,20251211-1205-Long-1261,367,Execute,,9.0,9,219.99999999999991
OPF-20260731-111857,20251211-1310-Short-1274,409,Execute,,10.0,10,521.3999999999999
OPF-20260731-111857,20251211-1335-Short-1279,443,Execute,,11.0,11,600.2999999999998
OPF-20260731-111857,20251211-1350-Short-1282-S2,462,Execute,,12.0,12,600.2999999999998
OPF-20260731-111857,20251211-1810-Long-1334,528,Execute,,13.0,13,435.0999999999998
OPF-20260731-112313,20251212-0230-Long-1146,46,Execute,,0.0,0,0.0
OPF-20260731-112313,20251212-0400-Short-1164,77,Execute,,1.0,1,-68.6
OPF-20260731-112313,20251212-0545-Long-1185,115,Execute,,2.0,2,-131.2
OPF-20260731-112313,20251212-0550-Long-1186-S2,125,Execute,,3.0,3,-131.2
OPF-20260731-112313,20251212-0710-Short-1202,163,Execute,,4.0,4,-155.89999999999998
OPF-20260731-112313,20251212-0750-Long-1210,189,Execute,,5.0,5,-85.99999999999997
OPF-20260731-112313,20251212-0855-Short-1223,222,Execute,,6.0,6,-151.59999999999997
OPF-20260731-112313,20251212-1140-Short-1256,266,Execute,,7.0,7,-55.69999999999996
OPF-20260731-112313,20251212-1415-Short-1287,304,Execute,,7.0,7,-55.69999999999996
OPF-20260731-112313,20251212-2145-Long-1377,351,Execute,,8.0,8,-109.79999999999995
OPF-20260731-112607,20251215-0000-Long-1116,11,Execute,,0.0,0,0.0
OPF-20260731-112607,20251215-0055-Long-1127-S2,30,Execute,,1.0,1,0.0
OPF-20260731-112607,20251215-0105-Long-1129-S2,51,Execute,,2.0,2,221.4
OPF-20260731-112607,20251215-0235-Long-1147,99,Execute,,3.0,3,616.2
OPF-20260731-112607,20251215-0255-Short-1151,131,Execute,,4.0,4,508.1
OPF-20260731-112607,20251215-0500-Long-1176,156,Execute,,5.0,5,437.0
OPF-20260731-112607,20251215-0500-Long-1176-S2,168,Execute,,6.0,6,437.0
OPF-20260731-112607,20251215-0540-Long-1184,202,Execute,,7.0,7,311.29999999999995
OPF-20260731-112607,20251215-0540-Long-1184-S2,214,Execute,,8.0,8,311.29999999999995
OPF-20260731-112607,20251215-0625-Long-1193,249,Execute,,9.0,9,195.09999999999994
OPF-20260731-112607,20251215-0655-Long-1199,274,Execute,,10.0,10,162.49999999999994
OPF-20260731-112607,20251215-0715-Short-1203,292,Execute,,11.0,11,103.89999999999995
OPF-20260731-112607,20251215-0850-Long-1222,333,Execute,,12.0,12,172.29999999999995
OPF-20260731-112607,20251215-0850-Long-1222-S2,344,Execute,,13.0,13,172.29999999999995
OPF-20260731-112607,20251215-0955-Long-1235,392,Execute,,14.0,14,476.09999999999997
OPF-20260731-112607,,414,Decision,max=15,,15,436.49999999999994
OPF-20260731-112607,,432,Decision,max=15,,15,436.49999999999994
OPF-20260731-112607,,465,Decision,max=15,,15,436.49999999999994
OPF-20260731-112607,,483,Decision,max=15,,15,436.49999999999994
OPF-20260731-113042,20251216-0100-Short-1128,28,Execute,,0.0,0,0.0
OPF-20260731-113042,20251216-0320-Short-1156,54,Execute,,1.0,1,186.4
OPF-20260731-113042,20251216-0320-Short-1156-S2,64,Execute,,2.0,2,186.4
OPF-20260731-113042,20251216-0410-Short-1166,105,Execute,,3.0,3,414.70000000000005
OPF-20260731-113042,20251216-0505-Long-1177,140,Execute,,4.0,4,287.1
OPF-20260731-113042,20251216-0710-Short-1202,172,Execute,,5.0,5,250.50000000000003
OPF-20260731-113042,20251216-0810-Short-1214,204,Execute,,6.0,6,176.40000000000003
OPF-20260731-113042,20251216-0855-Long-1223,232,Execute,,7.0,7,120.30000000000004
OPF-20260731-113042,20251216-0920-Long-1228-S2,251,Execute,,8.0,8,120.30000000000004
OPF-20260731-113042,20251216-2140-Long-1376,424,Execute,,9.0,9,-33.89999999999995
OPF-20260731-113409,20251217-0045-Long-1125,19,Execute,,0.0,0,0.0
OPF-20260731-113409,20251217-0410-Long-1166,56,Execute,,1.0,1,-75.1
OPF-20260731-113409,20251217-0410-Long-1166-S2,68,Execute,,2.0,2,-75.1
OPF-20260731-113409,20251217-0425-Short-1169,100,Execute,,3.0,3,-146.29999999999998
OPF-20260731-113409,20251217-0720-Long-1204,151,Execute,,4.0,4,36.10000000000002
OPF-20260731-113409,20251217-0925-Long-1229,179,Execute,,5.0,5,-43.99999999999997
OPF-20260731-113409,20251217-1125-Short-1253,214,Execute,,6.0,6,220.9
OPF-20260731-113409,20251217-1245-Long-1269,233,Execute,,7.0,7,169.3
OPF-20260731-113409,20251217-1305-Short-1273,254,Execute,,8.0,8,106.20000000000002
OPF-20260731-113409,20251217-1405-Long-1285,301,Execute,,9.0,9,206.10000000000002
OPF-20260731-113749,20251218-0040-Long-1124,16,Execute,,0.0,0,0.0
OPF-20260731-113749,20251218-0200-Short-1140,39,Execute,,1.0,1,88.4
OPF-20260731-113749,20251218-0325-Short-1157,78,Execute,,2.0,2,-25.19999999999999
OPF-20260731-113749,20251218-0850-Long-1222,148,Execute,,3.0,3,-76.79999999999998
OPF-20260731-113749,20251218-0955-Long-1235,175,Execute,,4.0,4,-209.39999999999998
OPF-20260731-113749,,196,Decision,"LiveDailyLoss:net=-356,limit=250",,5,-356.0
OPF-20260731-113749,,214,Decision,"LiveDailyLoss:net=-356,limit=250",,5,-356.0
OPF-20260731-113749,,215,Decision,"LiveDailyLoss:net=-356,limit=250",,5,-356.0
OPF-20260731-113749,,266,Decision,"LiveDailyLoss:net=-356,limit=250",,5,-356.0
OPF-20260731-114127,20251219-0555-Short-1187,77,Execute,,0.0,0,0.0
OPF-20260731-114127,20251219-0610-Short-1190,86,Execute,,0.0,0,0.0
OPF-20260731-114127,20251219-0730-Short-1206,134,Execute,,1.0,1,-120.6
OPF-20260731-114127,20251219-0840-Long-1220,169,Execute,,2.0,2,-221.7
OPF-20260731-114127,20251219-0845-Long-1221-S2,179,Execute,,3.0,3,-221.7
OPF-20260731-114127,,215,Decision,"LiveDailyLoss:net=-297.3,limit=250",,4,-297.29999999999995
OPF-20260731-114127,,216,Decision,"LiveDailyLoss:net=-297.3,limit=250",,4,-297.29999999999995
OPF-20260731-114127,,217,Decision,"LiveDailyLoss:net=-297.3,limit=250",,4,-297.29999999999995
OPF-20260731-114127,,218,Decision,"LiveDailyLoss:net=-297.3,limit=250",,4,-297.29999999999995
OPF-20260731-114127,20251219-1020-Long-1240,232,Execute,,4.0,4,-245.39999999999995
OPF-20260731-114127,,279,Decision,"LiveDailyLoss:net=-272.5,limit=250",,5,-272.49999999999994
OPF-20260731-114127,,285,Decision,"LiveDailyLoss:net=-272.5,limit=250",,5,-272.49999999999994
OPF-20260731-114127,,314,Decision,"LiveDailyLoss:net=-272.5,limit=250",,5,-272.49999999999994
OPF-20260731-114127,,329,Decision,"LiveDailyLoss:net=-272.5,limit=250",,5,-272.49999999999994
OPF-20260731-114127,,338,Decision,"LiveDailyLoss:net=-272.5,limit=250",,5,-272.49999999999994
OPF-20260731-114127,,339,Decision,"LiveDailyLoss:net=-272.5,limit=250",,5,-272.49999999999994
OPF-20260731-114127,,348,Decision,"LiveDailyLoss:net=-272.5,limit=250",,5,-272.49999999999994
OPF-20260731-114127,,352,Decision,"LiveDailyLoss:net=-272.5,limit=250",,5,-272.49999999999994
OPF-20260731-114424,20251222-0240-Short-1148,23,Execute,,0.0,0,0.0
OPF-20260731-114424,20251222-0240-Short-1148-S2,35,Execute,,1.0,1,0.0
OPF-20260731-114424,20251222-0325-Short-1157,59,Execute,,2.0,2,-45.2
OPF-20260731-114424,20251222-0845-Short-1221,119,Execute,,3.0,3,-114.3
OPF-20260731-114424,20251222-0920-Long-1228,149,Execute,,4.0,4,-59.4
OPF-20260731-114424,20251222-0920-Long-1228,152,Execute,,,4,-59.4
OPF-20260731-114424,20251222-1030-Short-1242,203,Execute,,5.0,5,-54.0
OPF-20260731-114424,20251222-1155-Short-1259,229,Execute,,6.0,6,-17.1
OPF-20260731-114424,20251222-1230-Long-1266,258,Execute,,7.0,7,-81.19999999999999
OPF-20260731-114424,20251222-1230-Long-1266-S2,268,Execute,,8.0,8,-81.19999999999999
OPF-20260731-114424,20251222-1330-Long-1278-S2,304,Execute,,9.0,9,28.200000000000017
OPF-20260731-114424,20251222-1410-Long-1286-S2,331,Execute,,10.0,10,-6.899999999999984
OPF-20260731-114424,20251222-1625-Long-1313,389,Execute,,11.0,11,429.9
OPF-20260731-114424,20251222-1625-Long-1313-S2,399,Execute,,12.0,12,429.9
OPF-20260731-114424,20251222-1630-Short-1314,421,Execute,,13.0,13,344.69999999999993
OPF-20260731-114424,20251222-1700-Long-1320,449,Execute,,14.0,14,218.09999999999994
OPF-20260731-114424,,451,Decision,max=15,,15,218.09999999999994
OPF-20260731-114424,,506,Decision,max=15,,15,170.99999999999994
OPF-20260731-114649,20251222-2315-Long-1107,8,Execute,,0.0,0,0.0
OPF-20260731-114649,20251223-0230-Long-1146,39,Execute,,1.0,1,30.9
OPF-20260731-114649,20251223-0250-Long-1150,61,Execute,,2.0,2,-43.699999999999996
OPF-20260731-114649,20251223-0355-Short-1163,79,Execute,,3.0,3,-113.29999999999998
OPF-20260731-114649,20251223-0440-Short-1172,104,Execute,,4.0,4,-79.39999999999998
OPF-20260731-114649,20251223-0440-Short-1172-S2,116,Execute,,5.0,5,-79.39999999999998
OPF-20260731-114649,20251223-0525-Short-1181-S2,154,Execute,,6.0,6,-68.49999999999997
OPF-20260731-114649,20251223-0815-Long-1215,212,Execute,,7.0,7,146.30000000000004
OPF-20260731-114649,20251223-0925-Long-1229,241,Execute,,8.0,8,173.70000000000005
OPF-20260731-114649,20251223-0925-Long-1229-S2,252,Execute,,9.0,9,173.70000000000005
OPF-20260731-114649,20251223-1025-Short-1241,289,Execute,,10.0,10,-10.999999999999943
OPF-20260731-114649,20251223-1030-Short-1242-S2,301,Execute,,11.0,11,-10.999999999999943
OPF-20260731-114649,20251223-1700-Long-1320,397,Execute,,12.0,12,-3.199999999999939
OPF-20260731-114649,20251223-1735-Long-1327,408,Execute,,12.0,12,-3.199999999999939
OPF-20260731-114649,20251223-1815-Long-1335-S2,420,Execute,,13.0,13,-3.199999999999939
OPF-20260731-114649,20251223-1955-Long-1355,453,Execute,,14.0,14,159.60000000000008
OPF-20260731-114649,,463,Decision,max=15,,15,159.60000000000008
OPF-20260731-114649,,464,Decision,max=15,,15,159.60000000000008
OPF-20260731-114908,20251225-2315-Long-786,10,Execute,,0.0,0,0.0
OPF-20260731-114908,20251226-0245-Long-828-S2,56,Execute,,1.0,1,0.0
OPF-20260731-114908,20251226-0450-Long-853-S2,96,Execute,,2.0,2,-71.1
OPF-20260731-114908,20251226-0645-Long-876-S2,133,Execute,,3.0,3,-87.69999999999999
OPF-20260731-114908,,161,Decision,"LiveDailyLoss:net=-264.9,limit=250",,4,-264.9
OPF-20260731-114908,,163,Decision,"LiveDailyLoss:net=-264.9,limit=250",,4,-264.9
OPF-20260731-114908,,165,Decision,"LiveDailyLoss:net=-264.9,limit=250",,4,-264.9
OPF-20260731-114908,,168,Decision,"LiveDailyLoss:net=-264.9,limit=250",,4,-264.9
OPF-20260731-114908,,170,Decision,"LiveDailyLoss:net=-264.9,limit=250",,4,-264.9
OPF-20260731-114908,,177,Decision,"LiveDailyLoss:net=-264.9,limit=250",,4,-264.9
OPF-20260731-114908,,185,Decision,"LiveDailyLoss:net=-264.9,limit=250",,4,-264.9
OPF-20260731-114908,,188,Decision,"LiveDailyLoss:net=-264.9,limit=250",,4,-264.9
OPF-20260731-114908,,190,Decision,"LiveDailyLoss:net=-264.9,limit=250",,4,-264.9
OPF-20260731-114908,,192,Decision,"LiveDailyLoss:net=-264.9,limit=250",,4,-264.9
OPF-20260731-114908,,196,Decision,"LiveDailyLoss:net=-264.9,limit=250",,4,-264.9
OPF-20260731-114908,,202,Decision,"LiveDailyLoss:net=-264.9,limit=250",,4,-264.9
OPF-20260731-114908,,223,Decision,"LiveDailyLoss:net=-264.9,limit=250",,4,-264.9
OPF-20260731-114908,,229,Decision,"LiveDailyLoss:net=-264.9,limit=250",,4,-264.9
OPF-20260731-114908,,230,Decision,"LiveDailyLoss:net=-264.9,limit=250",,4,-264.9
OPF-20260731-114908,,235,Decision,"LiveDailyLoss:net=-264.9,limit=250",,4,-264.9
OPF-20260731-114908,,236,Decision,"LiveDailyLoss:net=-264.9,limit=250",,4,-264.9
OPF-20260731-114908,,241,Decision,"LiveDailyLoss:net=-264.9,limit=250",,4,-264.9
OPF-20260731-114908,,242,Decision,"LiveDailyLoss:net=-264.9,limit=250",,4,-264.9
OPF-20260731-114908,,245,Decision,"LiveDailyLoss:net=-264.9,limit=250",,4,-264.9
OPF-20260731-114908,,259,Decision,"LiveDailyLoss:net=-264.9,limit=250",,4,-264.9
OPF-20260731-114908,,261,Decision,"LiveDailyLoss:net=-264.9,limit=250",,4,-264.9
OPF-20260731-114908,,282,Decision,"LiveDailyLoss:net=-264.9,limit=250",,4,-264.9
OPF-20260731-114908,,292,Decision,"LiveDailyLoss:net=-264.9,limit=250",,4,-264.9
OPF-20260731-114908,,297,Decision,"LiveDailyLoss:net=-264.9,limit=250",,4,-264.9
OPF-20260731-114908,,311,Decision,"LiveDailyLoss:net=-264.9,limit=250",,4,-264.9
OPF-20260731-114908,,313,Decision,"LiveDailyLoss:net=-264.9,limit=250",,4,-264.9
OPF-20260731-114908,,317,Decision,"LiveDailyLoss:net=-264.9,limit=250",,4,-264.9
OPF-20260731-114908,,327,Decision,"LiveDailyLoss:net=-264.9,limit=250",,4,-264.9
OPF-20260731-114908,,332,Decision,"LiveDailyLoss:net=-264.9,limit=250",,4,-264.9
OPF-20260731-114908,,341,Decision,"LiveDailyLoss:net=-264.9,limit=250",,4,-264.9
OPF-20260731-114908,,348,Decision,"LiveDailyLoss:net=-264.9,limit=250",,4,-264.9
OPF-20260731-114908,,352,Decision,"LiveDailyLoss:net=-264.9,limit=250",,4,-264.9
OPF-20260731-114908,,353,Decision,"LiveDailyLoss:net=-264.9,limit=250",,4,-264.9
OPF-20260731-114908,,356,Decision,"LiveDailyLoss:net=-264.9,limit=250",,4,-264.9
OPF-20260731-115122,20251228-2340-Long-791,4,Execute,,0.0,0,0.0
OPF-20260731-115122,20251229-0040-Long-803,24,Execute,,1.0,1,-60.6
OPF-20260731-115122,20251229-0250-Short-829,58,Execute,,2.0,2,22.800000000000004
OPF-20260731-115122,20251229-0440-Long-851,95,Execute,,3.0,3,129.20000000000002
OPF-20260731-115122,20251229-0440-Long-851-S2,105,Execute,,4.0,4,129.20000000000002
OPF-20260731-115122,20251229-0705-Short-880,167,Execute,,5.0,5,-5.499999999999972
OPF-20260731-115122,20251229-0740-Short-887-S2,196,Execute,,6.0,6,-5.499999999999972
OPF-20260731-115122,20251229-0850-Short-901,246,Execute,,7.0,7,405.30000000000007
OPF-20260731-115122,20251229-0910-Short-905,271,Execute,,8.0,8,330.70000000000005
OPF-20260731-115122,20251229-1115-Short-930,319,Execute,,9.0,9,265.1
OPF-20260731-115122,20251229-1255-Short-950,364,Execute,,10.0,10,213.00000000000003
OPF-20260731-115122,20251229-1715-Short-1002,395,Execute,,11.0,11,138.40000000000003
OPF-20260731-115122,20251229-1850-Short-1021,435,Execute,,12.0,12,218.80000000000004
OPF-20260731-115353,20251229-2350-Short-793,13,Execute,,0.0,0,0.0
OPF-20260731-115353,20251230-0050-Short-805,46,Execute,,1.0,1,-54.6
OPF-20260731-115353,20251230-0110-Short-809,78,Execute,,2.0,2,18.300000000000004
OPF-20260731-115353,20251230-0205-Long-820,109,Execute,,3.0,3,59.7
OPF-20260731-115353,20251230-0305-Long-832,132,Execute,,4.0,4,-48.89999999999999
OPF-20260731-115353,20251230-0310-Long-833-S2,142,Execute,,5.0,5,-48.89999999999999
OPF-20260731-115353,20251230-0325-Long-836-S2,162,Execute,,6.0,6,-11.999999999999993
OPF-20260731-115353,20251230-0350-Long-841-S2,189,Execute,,7.0,7,146.4
OPF-20260731-115353,20251230-0630-Long-873,274,Execute,,8.0,8,64.20000000000002
OPF-20260731-115353,20251230-0705-Short-880,295,Execute,,9.0,9,-7.399999999999977
OPF-20260731-115353,20251230-0730-Short-885,329,Execute,,10.0,10,142.00000000000003
OPF-20260731-115353,20251230-0855-Long-902,386,Execute,,11.0,11,35.400000000000034
OPF-20260731-115353,20251230-0930-Long-909,416,Execute,,12.0,12,-32.19999999999996
OPF-20260731-115353,20251230-0950-Short-913,434,Execute,,13.0,13,-94.29999999999995
OPF-20260731-115353,20251230-1100-Short-927,457,Execute,,14.0,14,-174.89999999999995
OPF-20260731-115353,,484,Decision,max=15,,15,-103.49999999999994
OPF-20260731-115353,,498,Decision,max=15,,15,-103.49999999999994
OPF-20260731-115353,,512,Decision,max=15,,15,-103.49999999999994
OPF-20260731-115353,,514,Decision,max=15,,15,-103.49999999999994
OPF-20260731-115353,,547,Decision,max=15,,15,-103.49999999999994
OPF-20260731-115353,,550,Decision,max=15,,15,-103.49999999999994
OPF-20260731-115353,,551,Decision,max=15,,15,-103.49999999999994
OPF-20260731-115353,,595,Decision,max=15,,15,-103.49999999999994
OPF-20260731-115353,,613,Decision,max=15,,15,-103.49999999999994
OPF-20260731-115732,20251230-2345-Short-837,5,Execute,,0.0,0,0.0
OPF-20260731-115732,20251231-0010-Short-842,31,Execute,,1.0,1,65.4
OPF-20260731-115732,20251231-0050-Short-850,75,Execute,,2.0,2,192.3
OPF-20260731-115732,20251231-0055-Short-851-S2,86,Execute,,3.0,3,192.3
OPF-20260731-115732,20251231-0330-Short-882,127,Execute,,4.0,4,114.60000000000002
OPF-20260731-115732,20251231-0410-Long-890,154,Execute,,5.0,5,55.50000000000002
OPF-20260731-115732,20251231-0430-Long-894-S2,171,Execute,,6.0,6,55.50000000000002
OPF-20260731-115732,20251231-0545-Short-909,218,Execute,,7.0,7,-61.699999999999974
OPF-20260731-115732,20251231-0645-Short-921,256,Execute,,8.0,8,29.20000000000003
OPF-20260731-115732,20251231-0715-Short-927,277,Execute,,9.0,9,-3.89999999999997
OPF-20260731-115732,20251231-0755-Short-935,314,Execute,,10.0,10,-53.99999999999997
OPF-20260731-115732,20251231-0815-Short-939,337,Execute,,11.0,11,-101.59999999999997
OPF-20260731-115732,20251231-0815-Short-939-S2,349,Execute,,12.0,12,-101.59999999999997
OPF-20260731-115732,20251231-0840-Short-944,393,Execute,,13.0,13,49.20000000000004
OPF-20260731-115732,20251231-1105-Long-973,421,Execute,,14.0,14,-17.899999999999956
OPF-20260731-115732,,423,Decision,max=15,,15,-17.899999999999956
OPF-20260731-115732,,431,Decision,max=15,,15,-17.899999999999956
OPF-20260731-115732,,461,Decision,max=15,,15,-73.99999999999996
OPF-20260731-115732,,462,Decision,max=15,,15,-73.99999999999996
OPF-20260731-115732,,468,Decision,max=15,,15,-73.99999999999996
OPF-20260731-115732,,469,Decision,max=15,,15,-73.99999999999996
OPF-20260731-115732,,501,Decision,max=15,,15,-73.99999999999996
OPF-20260731-115732,,538,Decision,max=15,,15,-73.99999999999996
OPF-20260731-115732,,553,Decision,max=15,,15,-73.99999999999996
OPF-20260731-115732,,555,Decision,max=15,,15,-73.99999999999996
OPF-20260731-144516,20251030-2350-Long-1126,19,Execute,,0.0,0,0.0
OPF-20260731-144516,20251031-0235-Short-1159,72,Execute,,1.0,1,-117.6
OPF-20260731-144516,20251031-0535-Short-1195,141,Execute,,2.0,2,-227.2
OPF-20260731-144516,,164,Decision,"LiveDailyLoss:net=-270.8,limit=250",,3,-270.8
OPF-20260731-144516,,166,Decision,"LiveDailyLoss:net=-270.8,limit=250",,3,-270.8
OPF-20260731-144516,,183,Decision,"LiveDailyLoss:net=-270.8,limit=250",,3,-270.8
OPF-20260731-144516,,192,Decision,"LiveDailyLoss:net=-270.8,limit=250",,3,-270.8
OPF-20260731-144516,,240,Decision,"LiveDailyLoss:net=-270.8,limit=250",,3,-270.8
OPF-20260731-144516,,241,Decision,"LiveDailyLoss:net=-270.8,limit=250",,3,-270.8
OPF-20260731-144516,,242,Decision,"LiveDailyLoss:net=-270.8,limit=250",,3,-270.8
OPF-20260731-144516,,243,Decision,"LiveDailyLoss:net=-270.8,limit=250",,3,-270.8
OPF-20260731-144516,,248,Decision,"LiveDailyLoss:net=-270.8,limit=250",,3,-270.8
OPF-20260731-144516,,253,Decision,"LiveDailyLoss:net=-270.8,limit=250",,3,-270.8
OPF-20260731-144516,,268,Decision,"LiveDailyLoss:net=-270.8,limit=250",,3,-270.8
OPF-20260731-144516,,311,Decision,"LiveDailyLoss:net=-270.8,limit=250",,3,-270.8
OPF-20260731-144516,,312,Decision,"LiveDailyLoss:net=-270.8,limit=250",,3,-270.8
OPF-20260731-144516,,330,Decision,"LiveDailyLoss:net=-270.8,limit=250",,3,-270.8
OPF-20260731-144516,,379,Decision,"LiveDailyLoss:net=-270.8,limit=250",,3,-270.8
OPF-20260731-145735,20251103-0130-Short-1134,24,Execute,,0.0,0,0.0
OPF-20260731-145735,20251103-0145-Short-1137,48,Execute,,1.0,1,56.4
OPF-20260731-145735,20251103-0305-Short-1153,94,Execute,,2.0,2,105.3
OPF-20260731-145735,20251103-0710-Short-1202,191,Execute,,3.0,3,187.7
OPF-20260731-145735,20251103-1230-Short-1266,268,Execute,,4.0,4,82.1
OPF-20260731-145735,20251103-1325-Short-1277,306,Execute,,5.0,5,150.5
OPF-20260731-150942,20251126-0310-Short-1154,50,Execute,,0.0,0,0.0
OPF-20260731-150942,20251126-0435-Short-1171,80,Execute,,1.0,1,-56.1
OPF-20260731-150942,20251126-0755-Short-1211,121,Execute,,2.0,2,-98.7
OPF-20260731-150942,20251126-0955-Short-1235,177,Execute,,3.0,3,10.200000000000003
OPF-20260731-150942,20251126-2140-Short-1376,344,Execute,,4.0,4,-52.4
OPF-20260731-151646,20251201-0320-Short-931,34,Execute,,0.0,0,0.0
OPF-20260731-151646,20251201-0350-Short-937,56,Execute,,1.0,1,-137.1
OPF-20260731-151646,20251201-0505-Short-952,86,Execute,,2.0,2,-37.19999999999999
OPF-20260731-151646,20251201-0510-Short-953-S2,100,Execute,,3.0,3,-37.19999999999999
OPF-20260731-151646,20251201-1215-Short-1038,209,Execute,,4.0,4,238.60000000000002
OPF-20260731-151646,20251201-1750-Short-1105,267,Execute,,5.0,5,392.5
