SnapshotID,StrategyVersion,ResearchSchemaVersion,InstrumentProfileName,ExecutionProfileName,ProfileCatalogVersion,SignalID,TradeID,EntryTime,EntryBar,ExitTime,ExitBar,Side,ResearchPath,Quantity,EntryPrice,ExitPrice,StopPrice,TargetPrice,InitialRiskPoints,TargetR,PlannedTargetR,TargetRDrift,PointsR,ExitRole,Points,Dollars,RiskDollars,TargetDollars,ActualMFEPoints,ActualMAEPoints,ActualMFE_R,ActualMAE_R,PlannedRiskPoints,FilledRiskPoints,RiskDriftPoints,DailyPnlAfterDollars,DailyTradeCount,DailyConsecutiveLosses,IsAbnormalExecution,AbnormalReason,ExpectedExitPrice,ExitPriceDriftPoints,RawPoints,RawDollars,RawPointsR,PredictedExitTime,PredictedExitRole,PredictedGross,PredictedNet,PredictedExitRelativeBar,PathEndFallback,FillAnchorUsed
OPF-20260725-121024,OPF_0.1,OPF_RESEARCH_2.14,MNQ_0.1,MNQ_1Contract_Target150_200,OPF_PROFILE_0.1,20260102-0040-BEAR-OBS-000848-Z000848,20260102-0040-Short-848,2026-01-02 00:40:00,848,2026-01-02 00:40:00,848,Short,ZoneBirthResearch,3,25499.5,25503.0,25503.25,25490.25,3.75,2.5,2.5,0.0,-0.9333,SPLIT_BASE_SL_RUNNER_SL,-3.5,-21.0,22.5,56.25,0.0,3.5,0.0,0.9333,3.75,3.75,0.0,-21.0,1,1,False,,25503.0,0.0,-3.5,-21.0,-0.9333,2026-01-02 00:50:00,SPLIT_BASE_SL_RUNNER_SL,-22.5,-26.1,2,False,True
OPF-20260725-121024,OPF_0.1,OPF_RESEARCH_2.14,MNQ_0.1,MNQ_1Contract_Target150_200,OPF_PROFILE_0.1,20260102-0110-BULL-OBS-000854-Z000854-OC,20260102-0115-Long-855,2026-01-02 01:15:00,855,2026-01-02 01:15:00,855,Long,ObservationConfirm,3,25527.75,25522.25,25522.25,25549.75,5.5,4.0,4.0,0.0,-1.0,SL,-5.5,-33.0,33.0,132.0,0.0,5.5,0.0,1.0,4.75,5.5,0.75,-54.0,2,2,False,"AbnormalSLFill:drift=11.42,max=4|NormalizedReplayExitFill:SL:raw=25533.66666667,expected=25522.25",25522.25,11.416666666666666,5.916666666666666,35.5,1.0758,2026-01-02 01:20:00,SL,-33.0,-36.6,1,False,True
OPF-20260725-121024,OPF_0.1,OPF_RESEARCH_2.14,MNQ_0.1,MNQ_1Contract_Target150_200,OPF_PROFILE_0.1,20260102-0200-BULL-OBS-000864-Z000864-OC,20260102-0205-Long-865,2026-01-02 02:05:00,865,2026-01-02 03:00:00,876,Long,ObservationConfirm_WideStop1_5R,3,25564.75,25603.083333333332,25546.5,25619.5,18.25,3.0,3.0,0.0,2.1005,TIME_STOP,38.33333333333333,230.0,109.5,328.5,44.5,4.5,2.4384,0.2466,18.38,18.25,-0.13,176.0,3,0,False,,25603.5,0.4166666666666666,38.33333333333333,230.0,2.1005,2026-01-02 03:00:00,TIME_STOP,232.5,228.9,11,False,True
OPF-20260725-121024,OPF_0.1,OPF_RESEARCH_2.14,MNQ_0.1,MNQ_1Contract_Target150_200,OPF_PROFILE_0.1,20260102-0300-BULL-OBS-000876-Z000875-OC,20260102-0310-Long-878,2026-01-02 03:10:00,878,2026-01-02 03:25:00,881,Long,ObservationConfirm,3,25604.75,25598.0,25597.5,25633.75,7.25,4.0,4.0,0.0,-0.931,SL,-6.75,-40.5,43.5,174.0,2.25,7.0,0.3103,0.9655,6.75,7.25,0.5,135.5,4,1,False,,25597.5,0.5,-6.75,-40.5,-0.931,2026-01-02 03:30:00,SL,-43.5,-47.1,4,False,True
OPF-20260725-121024,OPF_0.1,OPF_RESEARCH_2.14,MNQ_0.1,MNQ_1Contract_Target150_200,OPF_PROFILE_0.1,20260102-0505-BEAR-OBS-000901-Z000900-OC,20260102-0510-Short-902,2026-01-02 05:10:00,902,2026-01-02 05:10:00,902,Short,ObservationConfirm,3,25622.25,25628.0,25629.0,25612.25,6.75,1.5,1.5,0.0,-0.8519,SL,-5.75,-34.5,40.5,60.75,0.0,5.75,0.0,0.8519,6.0,6.75,0.75,101.0,5,2,False,,25629.0,1.0,-5.75,-34.5,-0.8519,2026-01-02 05:15:00,SL,-40.5,-44.1,1,False,True
OPF-20260725-121024,OPF_0.1,OPF_RESEARCH_2.14,MNQ_0.1,MNQ_1Contract_Target150_200,OPF_PROFILE_0.1,20260102-0520-BULL-OBS-000904-Z000904-OC,20260102-0525-Long-905,2026-01-02 05:25:00,905,2026-01-02 05:35:00,907,Long,ObservationConfirm,3,25631.0,25624.916666666664,25624.75,25656.0,6.25,4.0,4.0,0.0,-0.9733,SL,-6.083333333333333,-36.5,37.5,150.0,1.5,6.083333333333333,0.24,0.9733,6.0,6.25,0.25,64.5,6,3,False,,25624.75,0.1666666666666666,-6.083333333333333,-36.5,-0.9733,2026-01-02 05:40:00,SL,-37.5,-41.1,3,False,True
OPF-20260725-121024,OPF_0.1,OPF_RESEARCH_2.14,MNQ_0.1,MNQ_1Contract_Target150_200,OPF_PROFILE_0.1,20260102-0555-BULL-OBS-000911-Z000911-OC,20260102-0600-Long-912,2026-01-02 06:00:00,912,2026-01-02 07:10:00,926,Long,ObservationConfirm,3,25640.333333333332,25631.0,25631.25,25676.75,9.08333333333333,4.0,4.0,0.0,-1.0275,SL,-9.33333333333333,-56.0,54.5,218.0,9.666666666666666,9.33333333333333,1.0642,1.0275,9.25,9.08333333333333,-0.1667,8.5,7,4,False,,25631.25,0.25,-9.33333333333333,-56.0,-1.0275,2026-01-02 07:15:00,SL,-54.5,-58.1,15,False,True
OPF-20260725-121024,OPF_0.1,OPF_RESEARCH_2.14,MNQ_0.1,MNQ_1Contract_Target150_200,OPF_PROFILE_0.1,20260102-0850-BULL-OBS-000946-Z000946-OC,20260102-0855-Long-947,2026-01-02 08:55:00,947,2026-01-02 09:50:00,958,Long,ObservationConfirm_WideStop1_5R,3,25708.5,25730.25,25688.25,25769.25,20.25,3.0,3.0,0.0,1.0741,TIME_STOP,21.75,130.5,121.5,364.5,30.25,3.75,1.4938,0.1852,21.0,20.25,-0.75,139.0,8,0,False,,25730.75,0.5,21.75,130.5,1.0741,2026-01-02 09:50:00,TIME_STOP,133.5,129.9,11,False,True
OPF-20260725-121024,OPF_0.1,OPF_RESEARCH_2.14,MNQ_0.1,MNQ_1Contract_Target150_200,OPF_PROFILE_0.1,20260102-1025-BEAR-OBS-000965-Z000965-OC,20260102-1030-Short-966,2026-01-02 10:30:00,966,2026-01-02 10:40:00,968,Short,ObservationConfirm,3,25707.75,25726.083333333332,25725.5,25681.25,17.75,1.5,1.5,0.0,-1.0329,SL,-18.333333333333332,-110.0,106.5,159.75,0.0,18.333333333333332,0.0,1.0329,17.5,17.75,0.25,29.0,9,1,False,,25725.5,0.5833333333333333,-18.333333333333332,-110.0,-1.0329,2026-01-02 10:45:00,SL,-106.5,-110.1,3,False,True
OPF-20260725-121024,OPF_0.1,OPF_RESEARCH_2.14,MNQ_0.1,MNQ_1Contract_Target150_200,OPF_PROFILE_0.1,20260102-1415-BEAR-OBS-001011-Z001011-OC,20260102-1420-Short-1012,2026-01-02 14:20:00,1012,2026-01-02 14:20:00,1012,Short,ObservationConfirm,3,25676.5,25687.5,25687.5,25660.0,11.0,1.5,1.5,0.0,-1.0,SL,-11.0,-66.0,66.0,99.0,4.0,11.0,0.3636,1.0,10.0,11.0,1.0,-37.0,10,2,False,,25687.5,0.0,-11.0,-66.0,-1.0,2026-01-02 14:25:00,SL,-66.0,-69.6,1,False,True
OPF-20260725-121243,OPF_0.1,OPF_RESEARCH_2.14,MNQ_0.1,MNQ_1Contract_Target150_200,OPF_PROFILE_0.1,20260108-2330-BEAR-OBS-001110-Z001110-OC,20260108-2335-Short-1111,2026-01-08 23:35:00,1111,2026-01-09 00:50:00,1126,Short,ObservationConfirm,3,25686.5,25669.5,25699.0,25667.75,12.5,1.5,1.5,0.0,1.36,TP,17.0,102.0,75.0,112.5,19.0,9.0,1.52,0.72,12.25,12.5,0.25,102.0,1,0,False,,25667.75,1.75,17.0,102.0,1.36,2026-01-09 00:55:00,TP,112.5,108.9,16,False,True
OPF-20260725-121243,OPF_0.1,OPF_RESEARCH_2.14,MNQ_0.1,MNQ_1Contract_Target150_200,OPF_PROFILE_0.1,20260109-0105-BEAR-OBS-001129-Z001127-OC,20260109-0110-Short-1130,2026-01-09 01:10:00,1130,2026-01-09 01:15:00,1131,Short,ObservationConfirm,3,25667.5,25642.5,25684.5,25642.0,17.0,1.5,1.5,0.0,1.4706,TP,25.0,150.0,102.0,153.0,25.5,5.5,1.5,0.3235,16.25,17.0,0.75,252.0,2,0,False,,25642.0,0.5,25.0,150.0,1.4706,2026-01-09 01:20:00,TP,153.0,149.4,2,False,True
OPF-20260725-121243,OPF_0.1,OPF_RESEARCH_2.14,MNQ_0.1,MNQ_1Contract_Target150_200,OPF_PROFILE_0.1,20260109-0155-BULL-OBS-001139-Z001139-OC,20260109-0200-Long-1140,2026-01-09 02:00:00,1140,2026-01-09 02:55:00,1151,Long,ObservationConfirm_WideStop1_5R,3,25659.0,25683.25,25640.0,25716.0,19.0,3.0,3.0,0.0,1.2763,TIME_STOP,24.25,145.5,114.0,342.0,35.0,10.0,1.8421,0.5263,18.0,19.0,1.0,397.5,3,0,False,,25684.25,1.0,24.25,145.5,1.2763,2026-01-09 02:55:00,TIME_STOP,151.5,147.9,11,False,True
OPF-20260725-121243,OPF_0.1,OPF_RESEARCH_2.14,MNQ_0.1,MNQ_1Contract_Target150_200,OPF_PROFILE_0.1,20260109-0400-BULL-OBS-001164-Z001144-OC,20260109-0410-Long-1166,2026-01-09 04:10:00,1166,2026-01-09 04:15:00,1167,Long,ObservationConfirm,3,25670.75,25660.583333333332,25660.0,25713.75,10.75,4.0,4.0,0.0,-0.9457,SL,-10.166666666666666,-61.0,64.5,258.0,0.0,10.166666666666666,0.0,0.9457,9.75,10.75,1.0,336.5,4,1,False,,25660.0,0.5833333333333333,-10.166666666666666,-61.0,-0.9457,2026-01-09 04:20:00,SL,-64.5,-68.1,2,False,True
OPF-20260725-121243,OPF_0.1,OPF_RESEARCH_2.14,MNQ_0.1,MNQ_1Contract_Target150_200,OPF_PROFILE_0.1,20260109-0430-BULL-OBS-001170-Z001170-OC,20260109-0435-Long-1171,2026-01-09 04:35:00,1171,2026-01-09 04:40:00,1172,Long,ObservationConfirm,3,25671.25,25667.166666666664,25666.5,25690.25,4.75,4.0,4.0,0.0,-0.8596,SL,-4.083333333333333,-24.5,28.5,114.0,3.75,4.083333333333333,0.7895,0.8596,5.5,4.75,-0.75,312.0,5,2,False,,25666.5,0.6666666666666666,-4.083333333333333,-24.5,-0.8596,2026-01-09 04:45:00,SL,-28.5,-32.1,2,False,True
OPF-20260725-121243,OPF_0.1,OPF_RESEARCH_2.14,MNQ_0.1,MNQ_1Contract_Target150_200,OPF_PROFILE_0.1,20260109-0455-BULL-OBS-001175-Z001175-OC,20260109-0500-Long-1176,2026-01-09 05:00:00,1176,2026-01-09 05:00:00,1176,Long,ObservationConfirm,3,25678.0,25674.416666666664,25674.25,25693.0,3.75,4.0,4.0,0.0,-0.9556,SL,-3.583333333333333,-21.5,22.5,90.0,0.0,3.583333333333333,0.0,0.9556,4.0,3.75,-0.25,290.5,6,3,False,,25674.25,0.1666666666666666,-3.583333333333333,-21.5,-0.9556,2026-01-09 05:05:00,SL,-22.5,-26.1,1,False,True
OPF-20260725-121243,OPF_0.1,OPF_RESEARCH_2.14,MNQ_0.1,MNQ_1Contract_Target150_200,OPF_PROFILE_0.1,20260109-0630-BULL-OBS-001194-Z001194-OC,20260109-0635-Long-1195,2026-01-09 06:35:00,1195,2026-01-09 07:15:00,1203,Long,ObservationConfirm_WideStop1_5R,3,25696.0,25671.0,25671.5,25769.5,24.5,3.0,3.0,0.0,-1.0204,SL,-25.0,-150.0,147.0,441.0,3.5,25.0,0.1429,1.0204,24.38,24.5,0.12,140.5,7,4,False,,25671.5,0.5,-25.0,-150.0,-1.0204,2026-01-09 07:20:00,SL,-147.0,-150.6,9,False,True
OPF-20260725-121243,OPF_0.1,OPF_RESEARCH_2.14,MNQ_0.1,MNQ_1Contract_Target150_200,OPF_PROFILE_0.1,20260109-0730-BEAR-OBS-001206-Z001206,20260109-0730-Short-1206,2026-01-09 07:30:00,1206,2026-01-09 07:30:00,1206,Short,ZoneBirthResearch,3,25657.0,25663.0,25662.75,25642.75,5.75,2.5,2.5,0.0,-1.0435,SPLIT_BASE_SL_RUNNER_SL,-6.0,-36.0,34.5,86.25,0.0,6.0,0.0,1.0435,6.0,5.75,-0.25,104.5,8,5,False,,25663.0,0.0,-6.0,-36.0,-1.0435,2026-01-09 07:35:00,SPLIT_BASE_SL_RUNNER_SL,-34.5,-38.1,1,False,True
OPF-20260725-121243,OPF_0.1,OPF_RESEARCH_2.14,MNQ_0.1,MNQ_1Contract_Target150_200,OPF_PROFILE_0.1,20260109-0750-BULL-OBS-001210-Z001209-OC-STR,20260109-0755-Long-1211,2026-01-09 07:55:00,1211,2026-01-09 08:00:00,1212,Long,ObservationStrict_Other,3,25672.583333333332,25684.75,25668.5,25684.75,4.083333333333333,3.0,3.0,0.0,2.9796,TP,12.166666666666666,73.0,24.5,73.5,18.166666666666664,1.0833333333333333,4.449,0.2653,4.0,4.083333333333333,0.0833,177.5,9,0,False,"AbnormalTPFill:drift=10.75,max=4|NormalizedReplayExitFill:TP:raw=25674,expected=25684.75",25684.75,10.75,1.4166666666666665,8.5,0.3469,2026-01-09 08:00:00,TP,73.5,69.9,1,False,True
OPF-20260725-121243,OPF_0.1,OPF_RESEARCH_2.14,MNQ_0.1,MNQ_1Contract_Target150_200,OPF_PROFILE_0.1,20260109-1140-BULL-OBS-001256-Z001255-OC-STR,20260109-1145-Long-1257,2026-01-09 11:45:00,1257,2026-01-09 11:45:00,1257,Long,ObservationStrict_Other,3,25753.75,25748.25,25748.25,25770.25,5.5,3.0,3.0,0.0,-1.0,SL,-5.5,-33.0,33.0,99.0,1.25,5.5,0.2273,1.0,5.0,5.5,0.5,144.5,10,1,False,,25748.25,0.0,-5.5,-33.0,-1.0,2026-01-09 11:50:00,SL,-33.0,-36.6,1,False,True
OPF-20260725-121446,OPF_0.1,OPF_RESEARCH_2.14,MNQ_0.1,MNQ_1Contract_Target150_200,OPF_PROFILE_0.1,20260112-2330-BEAR-OBS-001110-Z001110,20260112-2330-Short-1110,2026-01-12 23:30:00,1110,2026-01-12 23:40:00,1112,Short,ZoneBirthResearch,3,25928.666666666664,25914.75,25933.0,25917.75,4.333333333333333,2.5,2.5,0.0,3.2115,SPLIT_BASE_TP_RUNNER_TP,13.9167,83.5,26.0,65.0,23.666666666666664,3.583333333333333,5.4615,0.8269,5.0,4.333333333333333,-0.6667,83.5,1,0,False,,25914.75,0.0,13.9167,83.5,3.2115,2026-01-12 23:45:00,SPLIT_BASE_TP_RUNNER_TP,78.0,74.4,3,False,True
OPF-20260725-121446,OPF_0.1,OPF_RESEARCH_2.14,MNQ_0.1,MNQ_1Contract_Target150_200,OPF_PROFILE_0.1,20260112-2355-BEAR-OBS-001115-Z001115-OC,20260113-0000-Short-1116,2026-01-13 00:00:00,1116,2026-01-13 01:30:00,1134,Short,ObservationConfirm,3,25886.166666666664,25861.0,25903.0,25861.0,16.833333333333332,1.5,1.5,0.0,1.495,TP,25.166666666666664,151.0,101.0,151.5,25.166666666666664,10.833333333333332,1.495,0.6436,17.0,16.833333333333332,-0.1667,234.5,2,0,False,,25861.0,0.0,25.166666666666664,151.0,1.495,2026-01-13 01:35:00,TP,151.5,147.9,19,False,True
OPF-20260725-121446,OPF_0.1,OPF_RESEARCH_2.14,MNQ_0.1,MNQ_1Contract_Target150_200,OPF_PROFILE_0.1,20260113-0135-BEAR-OBS-001135-Z001135-OC,20260113-0140-Short-1136,2026-01-13 01:40:00,1136,2026-01-13 01:45:00,1137,Short,ObservationConfirm,3,25852.666666666664,25872.75,25872.75,25822.5,20.083333333333332,1.5,1.5,0.0,-1.0,SL,-20.083333333333332,-120.5,120.5,180.75,6.666666666666666,20.083333333333332,0.332,1.0,19.5,20.083333333333332,0.5833,114.0,3,1,False,,25872.75,0.0,-20.083333333333332,-120.5,-1.0,2026-01-13 01:50:00,SL,-120.5,-124.1,2,False,True
OPF-20260725-121446,OPF_0.1,OPF_RESEARCH_2.14,MNQ_0.1,MNQ_1Contract_Target150_200,OPF_PROFILE_0.1,20260113-0240-BULL-OBS-001148-Z001148-OC,20260113-0245-Long-1149,2026-01-13 02:45:00,1149,2026-01-13 02:45:00,1149,Long,ObservationConfirm,3,25889.0,25879.833333333332,25880.25,25924.0,8.75,4.0,4.0,0.0,-1.0476,SL,-9.166666666666666,-55.0,52.5,210.0,0.0,9.166666666666666,0.0,1.0476,8.5,8.75,0.25,59.0,4,2,False,,25880.25,0.4166666666666666,-9.166666666666666,-55.0,-1.0476,2026-01-13 02:50:00,SL,-52.5,-56.1,1,False,True
OPF-20260725-121446,OPF_0.1,OPF_RESEARCH_2.14,MNQ_0.1,MNQ_1Contract_Target150_200,OPF_PROFILE_0.1,20260113-0255-BULL-OBS-001151-Z001139-OC,20260113-0305-Long-1153,2026-01-13 03:05:00,1153,2026-01-13 03:25:00,1157,Long,ObservationConfirm,3,25879.583333333332,25872.25,25872.0,25910.0,7.583333333333333,4.0,4.0,0.0,-0.967,SL,-7.333333333333333,-44.0,45.5,182.0,13.166666666666666,7.333333333333333,1.7363,0.967,6.25,7.583333333333333,1.3333,15.0,5,3,False,,25872.0,0.25,-7.333333333333333,-44.0,-0.967,2026-01-13 03:30:00,SL,-45.5,-49.1,5,False,True
OPF-20260725-121446,OPF_0.1,OPF_RESEARCH_2.14,MNQ_0.1,MNQ_1Contract_Target150_200,OPF_PROFILE_0.1,20260113-0355-BULL-OBS-001163-Z001163-OC,20260113-0400-Long-1164,2026-01-13 04:00:00,1164,2026-01-13 04:35:00,1171,Long,ObservationConfirm,3,25878.5,25870.75,25870.75,25909.5,7.75,4.0,4.0,0.0,-1.0,SL,-7.75,-46.5,46.5,186.0,13.25,7.75,1.7097,1.0,7.0,7.75,0.75,-31.5,6,4,False,,25870.75,0.0,-7.75,-46.5,-1.0,2026-01-13 04:40:00,SL,-46.5,-50.1,8,False,True
OPF-20260725-121446,OPF_0.1,OPF_RESEARCH_2.14,MNQ_0.1,MNQ_1Contract_Target150_200,OPF_PROFILE_0.1,20260113-0450-BULL-OBS-001174-Z001174-OC,20260113-0455-Long-1175,2026-01-13 04:55:00,1175,2026-01-13 05:00:00,1176,Long,ObservationConfirm,3,25886.0,25880.0,25880.25,25909.0,5.75,4.0,4.0,0.0,-1.0435,SL,-6.0,-36.0,34.5,138.0,3.25,6.0,0.5652,1.0435,4.75,5.75,1.0,-67.5,7,5,False,,25880.25,0.25,-6.0,-36.0,-1.0435,2026-01-13 05:05:00,SL,-34.5,-38.1,2,False,True
OPF-20260725-121446,OPF_0.1,OPF_RESEARCH_2.14,MNQ_0.1,MNQ_1Contract_Target150_200,OPF_PROFILE_0.1,20260113-0535-BULL-OBS-001183-Z001180-OC,20260113-0540-Long-1184,2026-01-13 05:40:00,1184,2026-01-13 06:35:00,1195,Long,ObservationConfirm_WideStop1_5R,3,25897.916666666664,25916.666666666664,25876.0,25963.75,21.916666666666664,3.0,3.0,0.0,0.8555,TIME_STOP,18.75,112.5,131.5,394.5,27.333333333333332,1.9166666666666663,1.2471,0.0875,22.12,21.916666666666664,-0.2033,45.0,8,0,False,,25917.5,0.8333333333333333,18.75,112.5,0.8555,2026-01-13 06:35:00,TIME_STOP,117.5,113.9,11,False,True
OPF-20260725-121446,OPF_0.1,OPF_RESEARCH_2.14,MNQ_0.1,MNQ_1Contract_Target150_200,OPF_PROFILE_0.1,20260113-0700-BEAR-OBS-001200-Z001200-OC,20260113-0705-Short-1201,2026-01-13 07:05:00,1201,2026-01-13 07:05:00,1201,Short,ObservationConfirm,3,25912.5,25923.75,25923.0,25896.75,10.5,1.5,1.5,0.0,-1.0714,SL,-11.25,-67.5,63.0,94.5,0.0,11.25,0.0,1.0714,10.5,10.5,0.0,-22.5,9,1,False,,25923.0,0.75,-11.25,-67.5,-1.0714,2026-01-13 07:10:00,SL,-63.0,-66.6,1,False,True
OPF-20260725-121446,OPF_0.1,OPF_RESEARCH_2.14,MNQ_0.1,MNQ_1Contract_Target150_200,OPF_PROFILE_0.1,20260113-0835-BEAR-OBS-001219-Z001219,20260113-0835-Short-1219,2026-01-13 08:35:00,1219,2026-01-13 08:35:00,1219,Short,ZoneBirthResearch,3,25906.166666666664,25912.5,25912.25,25891.0,6.083333333333333,2.5,2.5,0.0,-1.0411,SPLIT_BASE_SL_RUNNER_SL,-6.3333,-38.0,36.5,91.25,3.1666666666666665,6.3333,0.5205,1.0411,5.75,6.083333333333333,0.3333,-60.5,10,2,False,,25912.5,0.0,-6.3333,-38.0,-1.0411,2026-01-13 08:40:00,SPLIT_BASE_SL_RUNNER_SL,-36.5,-40.1,1,False,True
OPF-20260725-121649,OPF_0.1,OPF_RESEARCH_2.14,MNQ_0.1,MNQ_1Contract_Target150_200,OPF_PROFILE_0.1,20260122-2305-BEAR-OBS-001056-Z001056-OC,20260122-2310-Short-1057,2026-01-22 23:10:00,1057,2026-01-22 23:15:00,1058,Short,ObservationConfirm,3,25590.5,25611.0,25610.5,25560.5,20.0,1.5,1.5,0.0,-1.025,SL,-20.5,-123.0,120.0,180.0,0.5,20.5,0.025,1.025,19.25,20.0,0.75,-123.0,1,1,False,,25610.5,0.5,-20.5,-123.0,-1.025,2026-01-22 23:20:00,SL,-120.0,-123.6,2,False,True
OPF-20260725-121649,OPF_0.1,OPF_RESEARCH_2.14,MNQ_0.1,MNQ_1Contract_Target150_200,OPF_PROFILE_0.1,20260123-0040-BULL-OBS-001075-Z001075-OC,20260123-0045-Long-1076,2026-01-23 00:45:00,1076,2026-01-23 00:55:00,1078,Long,ObservationConfirm,3,25640.583333333332,25670.583333333332,25633.0,25671.0,7.583333333333333,4.0,4.0,0.0,3.956,TP,30.0,180.0,45.5,182.0,30.666666666666664,0.3333333333333333,4.044,0.044,7.25,7.583333333333333,0.3333,57.0,2,0,False,,25671.0,0.4166666666666666,30.0,180.0,3.956,2026-01-23 01:00:00,TP,182.0,178.4,3,False,True
OPF-20260725-121649,OPF_0.1,OPF_RESEARCH_2.14,MNQ_0.1,MNQ_1Contract_Target150_200,OPF_PROFILE_0.1,20260123-0200-BULL-OBS-001091-Z001090-OC-STR,20260123-0205-Long-1092,2026-01-23 02:05:00,1092,2026-01-23 02:20:00,1095,Long,ObservationStrict_Other,3,25680.0,25675.166666666664,25675.5,25693.5,4.5,3.0,3.0,0.0,-1.0741,SL,-4.833333333333333,-29.0,27.0,81.0,9.75,4.833333333333333,2.1667,1.0741,3.5,4.5,1.0,28.0,3,1,False,,25675.5,0.3333333333333333,-4.833333333333333,-29.0,-1.0741,2026-01-23 02:25:00,SL,-27.0,-30.6,4,False,True
OPF-20260725-121649,OPF_0.1,OPF_RESEARCH_2.14,MNQ_0.1,MNQ_1Contract_Target150_200,OPF_PROFILE_0.1,20260123-0225-BEAR-OBS-001096-Z001096-OC,20260123-0230-Short-1097,2026-01-23 02:30:00,1097,2026-01-23 02:55:00,1102,Short,ObservationConfirm,3,25674.75,25681.75,25682.25,25663.5,7.5,1.5,1.5,0.0,-0.9333,SL,-7.0,-42.0,45.0,67.5,10.0,7.0,1.3333,0.9333,8.0,7.5,-0.5,-14.0,4,2,False,,25682.25,0.5,-7.0,-42.0,-0.9333,2026-01-23 03:00:00,SL,-45.0,-48.6,6,False,True
OPF-20260725-121649,OPF_0.1,OPF_RESEARCH_2.14,MNQ_0.1,MNQ_1Contract_Target150_200,OPF_PROFILE_0.1,20260123-0320-BULL-OBS-001107-Z001107-OC,20260123-0325-Long-1108,2026-01-23 03:25:00,1108,2026-01-23 03:30:00,1109,Long,ObservationConfirm,3,25702.0,25694.583333333332,25694.25,25733.0,7.75,4.0,4.0,0.0,-0.957,SL,-7.416666666666665,-44.5,46.5,186.0,2.25,7.416666666666665,0.2903,0.957,7.0,7.75,0.75,-58.5,5,3,False,,25694.25,0.3333333333333333,-7.416666666666665,-44.5,-0.957,2026-01-23 03:35:00,SL,-46.5,-50.1,2,False,True
OPF-20260725-121649,OPF_0.1,OPF_RESEARCH_2.14,MNQ_0.1,MNQ_1Contract_Target150_200,OPF_PROFILE_0.1,20260123-0325-BULL-OBS-001108-Z001107-FR-RT,20260123-0400-Short-1115,2026-01-23 04:00:00,1115,2026-01-23 04:25:00,1120,Short,FailureReverse_RetestFailed,3,25693.5,25701.25,25701.5,25681.5,8.0,1.5,1.5,0.0,-0.9688,SL,-7.75,-46.5,48.0,72.0,7.75,7.75,0.9688,0.9688,7.75,8.0,0.25,-105.0,6,4,False,,25701.5,0.25,-7.75,-46.5,-0.9688,2026-01-23 04:30:00,SL,-48.0,-51.6,6,False,True
OPF-20260725-121649,OPF_0.1,OPF_RESEARCH_2.14,MNQ_0.1,MNQ_1Contract_Target150_200,OPF_PROFILE_0.1,20260123-0430-BULL-OBS-001121-Z001121-OC,20260123-0435-Long-1122,2026-01-23 04:35:00,1122,2026-01-23 04:40:00,1123,Long,ObservationConfirm,3,25701.0,25694.166666666664,25694.25,25728.0,6.75,4.0,4.0,0.0,-1.0123,SL,-6.833333333333333,-41.0,40.5,162.0,1.25,6.833333333333333,0.1852,1.0123,6.25,6.75,0.5,-146.0,7,5,False,,25694.25,0.0833333333333333,-6.833333333333333,-41.0,-1.0123,2026-01-23 04:45:00,SL,-40.5,-44.1,2,False,True
OPF-20260725-121649,OPF_0.1,OPF_RESEARCH_2.14,MNQ_0.1,MNQ_1Contract_Target150_200,OPF_PROFILE_0.1,20260123-0455-BULL-OBS-001126-Z001126-OC,20260123-0505-Long-1128,2026-01-23 05:05:00,1128,2026-01-23 06:55:00,1150,Long,ObservationConfirm,3,25704.833333333332,25696.25,25696.25,25739.25,8.583333333333332,4.0,4.0,0.0,-1.0,SL,-8.583333333333332,-51.5,51.5,206.0,26.916666666666664,8.583333333333332,3.1359,1.0,8.5,8.583333333333332,0.0833,-197.5,8,6,False,,25696.25,0.0,-8.583333333333332,-51.5,-1.0,2026-01-23 07:00:00,SL,-51.5,-55.1,23,False,True
OPF-20260725-121649,OPF_0.1,OPF_RESEARCH_2.14,MNQ_0.1,MNQ_1Contract_Target150_200,OPF_PROFILE_0.1,20260123-0945-BEAR-OBS-001184-Z001184,20260123-0945-Short-1184,2026-01-23 09:45:00,1184,2026-01-23 09:50:00,1185,Short,ZoneBirthResearch,3,25556.5,25568.75,25569.0,25525.25,12.5,2.5,2.5,0.0,-0.98,SPLIT_BASE_SL_RUNNER_SL,-12.25,-73.5,75.0,187.5,11.5,12.25,0.92,0.98,12.75,12.5,-0.25,-271.0,9,7,False,,25568.75,0.0,-12.25,-73.5,-0.98,2026-01-23 09:55:00,SPLIT_BASE_SL_RUNNER_SL,-75.0,-78.6,2,False,True
OPF-20260725-121649,OPF_0.1,OPF_RESEARCH_2.14,MNQ_0.1,MNQ_1Contract_Target150_200,OPF_PROFILE_0.1,20260123-1140-BULL-OBS-001207-Z001205-FR,20260123-1145-Short-1208,2026-01-23 11:45:00,1208,2026-01-23 13:55:00,1234,Short,FailureReverse_ObservationInvalidated_WideStop1_5R,3,25625.333333333332,25557.75,25642.5,25556.75,17.166666666666664,4.0,4.0,0.0,3.9369,TP,67.58333333333333,405.5,103.0,412.0,68.58333333333333,10.416666666666666,3.9951,0.6068,16.5,17.166666666666664,0.6667,134.5,10,0,False,,25556.75,1.0,67.58333333333333,405.5,3.9369,2026-01-23 14:00:00,TP,412.0,408.4,27,False,True
OPF-20260725-121854,OPF_0.1,OPF_RESEARCH_2.14,MNQ_0.1,MNQ_1Contract_Target150_200,OPF_PROFILE_0.1,20260202-0145-BEAR-OBS-001137-Z001137-OC,20260202-0150-Short-1138,2026-02-02 01:50:00,1138,2026-02-02 01:50:00,1138,Short,ObservationConfirm,3,25443.083333333332,25416.833333333332,25460.75,25416.5,17.666666666666664,1.5,1.5,0.0,1.4858,TP,26.25,157.5,106.0,159.0,27.083333333333332,12.166666666666666,1.533,0.6887,19.5,17.666666666666664,-1.8333,157.5,1,0,False,,25416.5,0.3333333333333333,26.25,157.5,1.4858,2026-02-02 01:55:00,TP,159.0,155.4,1,False,True
OPF-20260725-121854,OPF_0.1,OPF_RESEARCH_2.14,MNQ_0.1,MNQ_1Contract_Target150_200,OPF_PROFILE_0.1,20260202-0315-BEAR-OBS-001155-Z001155-OC,20260202-0320-Short-1156,2026-02-02 03:20:00,1156,2026-02-02 03:20:00,1156,Short,ObservationConfirm,3,25351.833333333332,25364.916666666664,25364.25,25333.25,12.416666666666666,1.5,1.5,0.0,-1.0537,SL,-13.083333333333332,-78.5,74.5,111.75,0.0,13.083333333333332,0.0,1.0537,12.75,12.416666666666666,-0.3333,79.0,2,1,False,,25364.25,0.6666666666666666,-13.083333333333332,-78.5,-1.0537,2026-02-02 03:25:00,SL,-74.5,-78.1,1,False,True
OPF-20260725-121854,OPF_0.1,OPF_RESEARCH_2.14,MNQ_0.1,MNQ_1Contract_Target150_200,OPF_PROFILE_0.1,20260202-0715-BULL-OBS-001203-Z001202-OC-STR,20260202-0720-Long-1204,2026-02-02 07:20:00,1204,2026-02-02 07:55:00,1211,Long,ObservationStrict_Other,3,25288.416666666664,25358.666666666664,25265.0,25358.75,23.416666666666664,3.0,3.0,0.0,3.0,TP,70.25,421.5,140.5,421.5,70.33333333333333,12.166666666666666,3.0036,0.5196,22.25,23.416666666666664,1.1667,500.5,3,0,False,,25358.75,0.0833333333333333,70.25,421.5,3.0,2026-02-02 08:00:00,TP,421.5,417.9,8,False,True
OPF-20260725-121854,OPF_0.1,OPF_RESEARCH_2.14,MNQ_0.1,MNQ_1Contract_Target150_200,OPF_PROFILE_0.1,20260202-1410-BULL-OBS-001286-Z001284-OC-STR,20260202-1415-Long-1287,2026-02-02 14:15:00,1287,2026-02-02 14:20:00,1288,Long,ObservationStrict_Other,3,25533.5,25521.75,25520.25,25573.25,13.25,3.0,3.0,0.0,-0.8868,SL,-11.75,-70.5,79.5,238.5,5.75,12.0,0.434,0.9057,12.5,13.25,0.75,430.0,4,1,False,,25520.25,1.5,-11.75,-70.5,-0.8868,2026-02-02 14:25:00,SL,-79.5,-83.1,2,False,True
OPF-20260725-122057,OPF_0.1,OPF_RESEARCH_2.14,MNQ_0.1,MNQ_1Contract_Target150_200,OPF_PROFILE_0.1,20260210-2330-BEAR-OBS-001110-Z001110,20260210-2330-Short-1110,2026-02-10 23:30:00,1110,2026-02-10 23:35:00,1111,Short,ZoneBirthResearch,3,25273.5,25280.5,25280.5,25256.0,7.0,2.5,2.5,0.0,-1.0,SPLIT_BASE_SL_RUNNER_SL,-7.0,-42.0,42.0,105.0,5.0,7.0,0.7143,1.0,6.75,7.0,0.25,-42.0,1,1,False,"NormalizedReplayExitFill:BASE_SL:raw=25254,expected=25280.5|NormalizedReplayExitFill:RUNNER_SL:raw=25254,expected=25280.5",25280.5,26.5,19.5,117.0,2.7857,2026-02-10 23:40:00,SPLIT_BASE_SL_RUNNER_SL,-42.0,-45.6,2,False,True
OPF-20260725-122057,OPF_0.1,OPF_RESEARCH_2.14,MNQ_0.1,MNQ_1Contract_Target150_200,OPF_PROFILE_0.1,20260211-0145-BULL-OBS-001137-Z001137-OC,20260211-0150-Long-1138,2026-02-11 01:50:00,1138,2026-02-11 02:35:00,1147,Long,ObservationConfirm,3,25319.75,25306.833333333332,25307.75,25367.75,12.0,4.0,4.0,0.0,-1.0764,SL,-12.916666666666666,-77.5,72.0,288.0,10.25,12.916666666666666,0.8542,1.0764,12.0,12.0,0.0,-119.5,2,2,False,,25307.75,0.9166666666666666,-12.916666666666666,-77.5,-1.0764,2026-02-11 02:40:00,SL,-72.0,-75.6,10,False,True
OPF-20260725-122057,OPF_0.1,OPF_RESEARCH_2.14,MNQ_0.1,MNQ_1Contract_Target150_200,OPF_PROFILE_0.1,20260211-0240-BEAR-OBS-001148-Z001148-OC,20260211-0245-Short-1149,2026-02-11 02:45:00,1149,2026-02-11 02:45:00,1149,Short,ObservationConfirm,3,25314.666666666664,25319.0,25319.0,25308.25,4.333333333333333,1.5,1.5,0.0,-1.0,SL,-4.333333333333333,-26.0,26.0,39.0,0.0,4.333333333333333,0.0,1.0,3.75,4.333333333333333,0.5833,-145.5,3,3,False,"AbnormalSLFill:drift=65,max=4|NormalizedReplayExitFill:SL:raw=25254,expected=25319",25319.0,65.0,60.666666666666664,364.0,14.0,2026-02-11 02:50:00,SL,-26.0,-29.6,1,False,True
OPF-20260725-122057,OPF_0.1,OPF_RESEARCH_2.14,MNQ_0.1,MNQ_1Contract_Target150_200,OPF_PROFILE_0.1,20260211-0305-BEAR-OBS-001153-Z001153-OC,20260211-0310-Short-1154,2026-02-11 03:10:00,1154,2026-02-11 03:20:00,1156,Short,ObservationConfirm,3,25314.0,25304.0,25320.75,25304.0,6.75,1.5,1.5,0.0,1.4815,TP,10.0,60.0,40.5,60.75,11.0,3.5,1.6296,0.5185,7.0,6.75,-0.25,-85.5,4,0,False,"AbnormalTPFill:drift=50,max=4|NormalizedReplayExitFill:TP:raw=25254,expected=25304",25304.0,50.0,60.0,360.0,8.8889,2026-02-11 03:20:00,TP,60.75,57.15,2,False,True
OPF-20260725-122057,OPF_0.1,OPF_RESEARCH_2.14,MNQ_0.1,MNQ_1Contract_Target150_200,OPF_PROFILE_0.1,20260211-0330-BULL-OBS-001158-Z001158-OC,20260211-0335-Long-1159,2026-02-11 03:35:00,1159,2026-02-11 04:20:00,1168,Long,ObservationConfirm,3,25321.5,25314.083333333332,25314.0,25351.5,7.5,4.0,4.0,0.0,-0.9889,SL,-7.416666666666665,-44.5,45.0,180.0,23.75,7.416666666666665,3.1667,0.9889,7.5,7.5,0.0,-130.0,5,1,False,,25314.0,0.0833333333333333,-7.416666666666665,-44.5,-0.9889,2026-02-11 04:25:00,SL,-45.0,-48.6,10,False,True
OPF-20260725-122057,OPF_0.1,OPF_RESEARCH_2.14,MNQ_0.1,MNQ_1Contract_Target150_200,OPF_PROFILE_0.1,20260211-0440-BEAR-OBS-001172-Z001172,20260211-0440-Short-1172,2026-02-11 04:40:00,1172,2026-02-11 04:40:00,1172,Short,ZoneBirthResearch,3,25302.583333333332,25310.0,25310.0,25284.0,7.416666666666665,2.5,2.5,0.0,-1.0,SPLIT_BASE_SL_RUNNER_SL,-7.4167,-44.5,44.5,111.25,0.0,7.4167,0.0,1.0,7.5,7.416666666666665,-0.0833,-174.5,6,2,False,"NormalizedReplayExitFill:RUNNER_SL:raw=25254,expected=25310|NormalizedReplayExitFill:BASE_SL:raw=25254,expected=25310",25310.0,56.0,48.5833,291.5,6.5506,2026-02-11 04:45:00,SPLIT_BASE_SL_RUNNER_SL,-44.5,-48.1,1,False,True
OPF-20260725-122057,OPF_0.1,OPF_RESEARCH_2.14,MNQ_0.1,MNQ_1Contract_Target150_200,OPF_PROFILE_0.1,20260211-0510-BULL-OBS-001178-Z001178-OC,20260211-0515-Long-1179,2026-02-11 05:15:00,1179,2026-02-11 05:20:00,1180,Long,ObservationConfirm,3,25316.25,25308.833333333332,25309.0,25345.25,7.25,4.0,4.0,0.0,-1.023,SL,-7.416666666666665,-44.5,43.5,174.0,3.0,7.416666666666665,0.4138,1.023,7.25,7.25,0.0,-219.0,7,3,False,,25309.0,0.1666666666666666,-7.416666666666665,-44.5,-1.023,2026-02-11 05:25:00,SL,-43.5,-47.1,2,False,True
OPF-20260725-122057,OPF_0.1,OPF_RESEARCH_2.14,MNQ_0.1,MNQ_1Contract_Target150_200,OPF_PROFILE_0.1,20260211-0545-BEAR-OBS-001185-Z001185-OC,20260211-0555-Short-1187,2026-02-11 05:55:00,1187,2026-02-11 05:55:00,1187,Short,ObservationConfirm,3,25287.083333333332,25293.0,25293.0,25278.25,5.916666666666666,1.5,1.5,0.0,-1.0,SL,-5.916666666666666,-35.5,35.5,53.25,0.0,5.916666666666666,0.0,1.0,6.25,5.916666666666666,-0.3333,-254.5,8,4,False,"AbnormalSLFill:drift=39,max=4|NormalizedReplayExitFill:SL:raw=25254,expected=25293",25293.0,39.0,33.08333333333333,198.5,5.5915,2026-02-11 06:00:00,SL,-35.5,-39.1,1,False,True
OPF-20260725-122057,OPF_0.1,OPF_RESEARCH_2.14,MNQ_0.1,MNQ_1Contract_Target150_200,OPF_PROFILE_0.1,20260211-1210-BULL-OBS-001262-Z001262-OC,20260211-1220-Long-1264,2026-02-11 12:20:00,1264,2026-02-11 12:25:00,1265,Long,ObservationConfirm_WideStop1_5R,3,25267.166666666664,25243.5,25243.5,25338.25,23.666666666666664,3.0,3.0,0.0,-1.0,SL,-23.666666666666664,-142.0,142.0,426.0,0.5833333333333333,23.666666666666664,0.0246,1.0,22.5,23.666666666666664,1.1667,-396.5,9,5,False,,25243.5,0.0,-23.666666666666664,-142.0,-1.0,2026-02-11 12:30:00,SL,-142.0,-145.6,2,False,True
OPF-20260725-122057,OPF_0.1,OPF_RESEARCH_2.14,MNQ_0.1,MNQ_1Contract_Target150_200,OPF_PROFILE_0.1,20260211-1410-BEAR-OBS-001286-Z001286,20260211-1410-Short-1286,2026-02-11 14:10:00,1286,2026-02-11 14:20:00,1288,Short,ZoneBirthResearch,3,25419.166666666664,25426.0,25426.0,25402.0,6.833333333333333,2.5,2.5,0.0,-1.0,SPLIT_BASE_SL_RUNNER_SL,-6.8333,-41.0,41.0,102.5,11.666666666666666,6.8333,1.7073,1.0,6.0,6.833333333333333,0.8333,-437.5,10,6,False,,25426.0,0.0,-6.8333,-41.0,-1.0,2026-02-11 14:25:00,SPLIT_BASE_SL_RUNNER_SL,-41.0,-44.6,3,False,True
OPF-20260725-122311,OPF_0.1,OPF_RESEARCH_2.14,MNQ_0.1,MNQ_1Contract_Target150_200,OPF_PROFILE_0.1,20260219-0155-BULL-OBS-001091-Z001091-OC,20260219-0200-Long-1092,2026-02-19 02:00:00,1092,2026-02-19 02:00:00,1092,Long,ObservationConfirm,3,24961.166666666664,24954.5,24954.25,24988.75,6.916666666666666,4.0,4.0,0.0,-0.9639,SL,-6.666666666666666,-40.0,41.5,166.0,0.0,6.666666666666666,0.0,0.9639,7.0,6.916666666666666,-0.0833,-40.0,1,1,False,,24954.25,0.25,-6.666666666666666,-40.0,-0.9639,2026-02-19 02:05:00,SL,-41.5,-45.1,1,False,True
OPF-20260725-122311,OPF_0.1,OPF_RESEARCH_2.14,MNQ_0.1,MNQ_1Contract_Target150_200,OPF_PROFILE_0.1,20260219-0400-BULL-OBS-001116-Z001116-OC,20260219-0405-Long-1117,2026-02-19 04:05:00,1117,2026-02-19 04:20:00,1120,Long,ObservationConfirm,3,24985.0,24974.25,24974.5,25027.0,10.5,4.0,4.0,0.0,-1.0238,SL,-10.75,-64.5,63.0,252.0,9.5,10.75,0.9048,1.0238,10.0,10.5,0.5,-104.5,2,2,False,,24974.5,0.25,-10.75,-64.5,-1.0238,2026-02-19 04:25:00,SL,-63.0,-66.6,4,False,True
OPF-20260725-122311,OPF_0.1,OPF_RESEARCH_2.14,MNQ_0.1,MNQ_1Contract_Target150_200,OPF_PROFILE_0.1,20260219-0450-BEAR-OBS-001126-Z001126,20260219-0450-Short-1126,2026-02-19 04:50:00,1126,2026-02-19 05:10:00,1130,Short,ZoneBirthResearch,3,24962.083333333332,24950.416666666664,24969.25,24944.25,7.166666666666666,2.5,2.5,0.0,1.6279,SPLIT_BASE_TP_RUNNER_BE,11.6667,70.01,43.0,107.5,21.583333333333332,2.1666666666666665,3.0116,0.3023,6.5,7.166666666666666,0.6667,-34.49,3,0,False,,24950.416666666664,0.0,11.6667,70.01,1.6279,2026-02-19 05:15:00,SPLIT_BASE_TP_RUNNER_BE,71.67,68.07,5,False,True
OPF-20260725-122311,OPF_0.1,OPF_RESEARCH_2.14,MNQ_0.1,MNQ_1Contract_Target150_200,OPF_PROFILE_0.1,20260219-0515-BEAR-OBS-001131-Z001126-OC,20260219-0520-Short-1132,2026-02-19 05:20:00,1132,2026-02-19 05:20:00,1132,Short,ObservationConfirm,3,24962.75,24969.25,24969.25,24953.0,6.5,1.5,1.5,0.0,-1.0,SL,-6.5,-39.0,39.0,58.5,5.0,6.5,0.7692,1.0,6.0,6.5,0.5,-73.49,4,1,False,,24969.25,0.0,-6.5,-39.0,-1.0,2026-02-19 05:25:00,SL,-39.0,-42.6,1,False,True
OPF-20260725-122311,OPF_0.1,OPF_RESEARCH_2.14,MNQ_0.1,MNQ_1Contract_Target150_200,OPF_PROFILE_0.1,20260219-0535-BULL-OBS-001135-Z001135-OC,20260219-0540-Long-1136,2026-02-19 05:40:00,1136,2026-02-19 06:50:00,1150,Long,ObservationConfirm,3,24983.833333333332,25019.75,24975.5,25017.25,8.333333333333332,4.0,4.0,0.0,4.31,TP,35.916666666666664,215.5,50.0,200.0,35.916666666666664,2.083333333333333,4.31,0.25,7.25,8.333333333333332,1.0833,142.01,5,0,False,,25017.25,2.5,35.916666666666664,215.5,4.31,2026-02-19 06:55:00,TP,200.0,196.4,15,False,True
OPF-20260725-122311,OPF_0.1,OPF_RESEARCH_2.14,MNQ_0.1,MNQ_1Contract_Target150_200,OPF_PROFILE_0.1,20260219-0655-BULL-OBS-001151-Z001151-OC,20260219-0700-Long-1152,2026-02-19 07:00:00,1152,2026-02-19 07:35:00,1159,Long,ObservationConfirm,3,25012.25,25047.25,25003.5,25047.25,8.75,4.0,4.0,0.0,4.0,TP,35.0,210.0,52.5,210.0,35.75,4.75,4.0857,0.5429,10.25,8.75,-1.5,352.01,6,0,False,"AbnormalTPFill:drift=8.75,max=4|NormalizedReplayExitFill:TP:raw=25038.5,expected=25047.25",25047.25,8.75,26.25,157.5,3.0,2026-02-19 07:35:00,TP,210.0,206.4,7,False,True
OPF-20260725-122311,OPF_0.1,OPF_RESEARCH_2.14,MNQ_0.1,MNQ_1Contract_Target150_200,OPF_PROFILE_0.1,20260219-1305-BEAR-OBS-001225-Z001225-OC,20260219-1310-Short-1226,2026-02-19 13:10:00,1226,2026-02-19 13:15:00,1227,Short,ObservationConfirm,3,24849.5,24823.083333333332,24867.25,24823.0,17.75,1.5,1.5,0.0,1.4883,TP,26.416666666666664,158.5,106.5,159.75,26.75,5.75,1.507,0.3239,17.5,17.75,0.25,510.51,7,0,False,,24823.0,0.0833333333333333,26.416666666666664,158.5,1.4883,2026-02-19 13:20:00,TP,159.75,156.15,2,False,True
OPF-20260725-122311,OPF_0.1,OPF_RESEARCH_2.14,MNQ_0.1,MNQ_1Contract_Target150_200,OPF_PROFILE_0.1,20260219-1820-BEAR-OBS-001288-Z001288,20260219-1820-Short-1288,2026-02-19 18:20:00,1288,2026-02-19 18:20:00,1288,Short,ZoneBirthResearch,3,24777.25,24791.5,24790.5,24744.25,13.25,2.5,2.5,0.0,-1.0755,SPLIT_BASE_SL_RUNNER_SL,-14.25,-85.5,79.5,198.75,1.5,14.25,0.1132,1.0755,12.25,13.25,1.0,425.01,8,1,False,,24791.5,0.0,-14.25,-85.5,-1.0755,2026-02-19 18:25:00,SPLIT_BASE_SL_RUNNER_SL,-79.5,-83.1,1,False,True
OPF-20260725-122311,OPF_0.1,OPF_RESEARCH_2.14,MNQ_0.1,MNQ_1Contract_Target150_200,OPF_PROFILE_0.1,20260219-1925-BULL-OBS-001301-Z001294-OC-STR,20260219-1930-Long-1302,2026-02-19 19:30:00,1302,2026-02-19 19:30:00,1302,Long,ObservationStrict_Other,3,24815.75,24792.75,24792.5,24885.5,23.25,3.0,3.0,0.0,-0.9892,SL,-23.0,-138.0,139.5,418.5,0.0,23.0,0.0,0.9892,23.0,23.25,0.25,287.01,9,2,False,,24792.5,0.25,-23.0,-138.0,-0.9892,2026-02-19 19:35:00,SL,-139.5,-143.1,1,False,True
OPF-20260725-122311,OPF_0.1,OPF_RESEARCH_2.14,MNQ_0.1,MNQ_1Contract_Target150_200,OPF_PROFILE_0.1,20260219-2135-BEAR-OBS-001327-Z001327,20260219-2135-Short-1327,2026-02-19 21:35:00,1327,2026-02-19 21:50:00,1330,Short,ZoneBirthResearch,3,24838.5,24833.5,24846.5,24818.5,8.0,2.5,2.5,0.0,0.625,SPLIT_BASE_SESSION_FLATTEN_RUNNER_SESSION_FLATTEN,5.0,30.0,48.0,120.0,10.25,4.25,1.2812,0.5312,7.5,8.0,0.5,317.01,10,0,False,,24833.5,0.0,5.0,30.0,0.625,2026-02-19 21:50:00,PATH_END,31.5,27.9,3,True,True
OPF-20260725-122521,OPF_0.1,OPF_RESEARCH_2.14,MNQ_0.1,MNQ_1Contract_Target150_200,OPF_PROFILE_0.1,20260223-0215-BEAR-OBS-001143-Z001143-OC,20260223-0220-Short-1144,2026-02-23 02:20:00,1144,2026-02-23 02:20:00,1144,Short,ObservationConfirm,3,24827.666666666664,24836.333333333332,24836.25,24814.75,8.583333333333332,1.5,1.5,0.0,-1.0097,SL,-8.666666666666666,-52.0,51.5,77.25,0.0,8.666666666666666,0.0,1.0097,8.75,8.583333333333332,-0.1667,-52.0,1,1,False,,24836.25,0.0833333333333333,-8.666666666666666,-52.0,-1.0097,2026-02-23 02:25:00,SL,-51.5,-55.1,1,False,True
OPF-20260725-122521,OPF_0.1,OPF_RESEARCH_2.14,MNQ_0.1,MNQ_1Contract_Target150_200,OPF_PROFILE_0.1,20260223-0305-BULL-OBS-001153-Z001153-OC,20260223-0310-Long-1154,2026-02-23 03:10:00,1154,2026-02-23 03:10:00,1154,Long,ObservationConfirm,3,24849.166666666664,24839.583333333332,24840.0,24885.75,9.166666666666666,4.0,4.0,0.0,-1.0455,SL,-9.58333333333333,-57.5,55.0,220.0,0.0,9.58333333333333,0.0,1.0455,9.5,9.166666666666666,-0.3333,-109.5,2,2,False,,24840.0,0.4166666666666666,-9.58333333333333,-57.5,-1.0455,2026-02-23 03:15:00,SL,-55.0,-58.6,1,False,True
OPF-20260725-122521,OPF_0.1,OPF_RESEARCH_2.14,MNQ_0.1,MNQ_1Contract_Target150_200,OPF_PROFILE_0.1,20260223-0345-BULL-OBS-001161-Z001161-OC,20260223-0350-Long-1162,2026-02-23 03:50:00,1162,2026-02-23 04:00:00,1164,Long,ObservationConfirm,3,24836.666666666664,24827.583333333332,24826.75,24876.25,9.916666666666666,4.0,4.0,0.0,-0.916,SL,-9.08333333333333,-54.5,59.5,238.0,7.333333333333333,9.08333333333333,0.7395,0.916,9.5,9.916666666666666,0.4167,-164.0,3,3,False,,24826.75,0.8333333333333333,-9.08333333333333,-54.5,-0.916,2026-02-23 04:20:00,SL,-59.5,-63.1,6,False,True
OPF-20260725-122521,OPF_0.1,OPF_RESEARCH_2.14,MNQ_0.1,MNQ_1Contract_Target150_200,OPF_PROFILE_0.1,20260223-0510-BEAR-OBS-001178-Z001178-OC,20260223-0515-Short-1179,2026-02-23 05:15:00,1179,2026-02-23 05:20:00,1180,Short,ObservationConfirm,3,24808.5,24826.75,24826.5,24781.5,18.0,1.5,1.5,0.0,-1.0139,SL,-18.25,-109.5,108.0,162.0,1.5,18.25,0.0833,1.0139,18.25,18.0,-0.25,-273.5,4,4,False,,24826.5,0.25,-18.25,-109.5,-1.0139,2026-02-23 05:25:00,SL,-108.0,-111.6,2,False,True
OPF-20260725-122521,OPF_0.1,OPF_RESEARCH_2.14,MNQ_0.1,MNQ_1Contract_Target150_200,OPF_PROFILE_0.1,20260223-0615-BULL-OBS-001191-Z001191-OC,20260223-0620-Long-1192,2026-02-23 06:20:00,1192,2026-02-23 06:25:00,1193,Long,ObservationConfirm,3,24847.5,24843.666666666664,24842.25,24868.5,5.25,4.0,4.0,0.0,-0.7302,SL,-3.8333333333333326,-23.0,31.5,126.0,4.75,3.8333333333333326,0.9048,0.7302,5.5,5.25,-0.25,-296.5,5,5,False,,24842.25,1.4166666666666665,-3.8333333333333326,-23.0,-0.7302,2026-02-23 06:30:00,SL,-31.5,-35.1,2,False,True
OPF-20260725-122521,OPF_0.1,OPF_RESEARCH_2.14,MNQ_0.1,MNQ_1Contract_Target150_200,OPF_PROFILE_0.1,20260223-0635-BULL-OBS-001195-Z001195-OC,20260223-0640-Long-1196,2026-02-23 06:40:00,1196,2026-02-23 06:55:00,1199,Long,ObservationConfirm,3,24857.666666666664,24881.25,24851.75,24881.25,5.916666666666666,4.0,4.0,0.0,3.9859,TP,23.583333333333332,141.5,35.5,142.0,23.833333333333332,4.666666666666666,4.0282,0.7887,6.0,5.916666666666666,-0.0833,-155.0,6,0,False,,24881.25,0.0,23.583333333333332,141.5,3.9859,2026-02-23 07:00:00,TP,142.0,138.4,4,False,True
OPF-20260725-122521,OPF_0.1,OPF_RESEARCH_2.14,MNQ_0.1,MNQ_1Contract_Target150_200,OPF_PROFILE_0.1,20260223-0715-BULL-OBS-001203-Z001203-OC,20260223-0720-Long-1204,2026-02-23 07:20:00,1204,2026-02-23 07:20:00,1204,Long,ObservationConfirm_WideStop1_5R,3,24902.0,24894.166666666664,24894.5,24924.5,7.5,3.0,3.0,0.0,-1.0444,SL,-7.833333333333333,-47.0,45.0,135.0,0.0,7.833333333333333,0.0,1.0444,7.12,7.5,0.38,-202.0,7,1,False,,24894.5,0.3333333333333333,-7.833333333333333,-47.0,-1.0444,2026-02-23 07:25:00,SL,-45.0,-48.6,1,False,True
OPF-20260725-122521,OPF_0.1,OPF_RESEARCH_2.14,MNQ_0.1,MNQ_1Contract_Target150_200,OPF_PROFILE_0.1,20260223-0915-BULL-OBS-001227-Z001227-OC,20260223-0920-Long-1228,2026-02-23 09:20:00,1228,2026-02-23 10:15:00,1239,Long,ObservationConfirm_WideStop1_5R,3,24981.916666666664,24983.333333333332,24970.0,25017.75,11.916666666666666,3.0,3.0,0.0,0.1189,TIME_STOP,1.4166666666666665,8.5,71.5,214.5,22.333333333333332,6.916666666666666,1.8741,0.5804,11.62,11.916666666666666,0.2967,-193.5,8,0,False,,24984.0,0.6666666666666666,1.4166666666666665,8.5,0.1189,2026-02-23 10:15:00,TIME_STOP,12.5,8.9,11,False,True
OPF-20260725-122521,OPF_0.1,OPF_RESEARCH_2.14,MNQ_0.1,MNQ_1Contract_Target150_200,OPF_PROFILE_0.1,20260223-1025-BULL-OBS-001241-Z001226-OC-STR,20260223-1040-Long-1244,2026-02-23 10:40:00,1244,2026-02-23 11:30:00,1254,Long,ObservationStrict_Other_WideStop1_5R,3,24977.25,24956.0,24955.75,25041.75,21.5,3.0,3.0,0.0,-0.9884,SL,-21.25,-127.5,129.0,387.0,11.0,21.25,0.5116,0.9884,21.38,21.5,0.12,-321.0,9,1,False,,24955.75,0.25,-21.25,-127.5,-0.9884,2026-02-23 11:35:00,SL,-129.0,-132.6,11,False,True
OPF-20260725-122521,OPF_0.1,OPF_RESEARCH_2.14,MNQ_0.1,MNQ_1Contract_Target150_200,OPF_PROFILE_0.1,20260223-1135-BEAR-OBS-001255-Z001255-OC,20260223-1140-Short-1256,2026-02-23 11:40:00,1256,2026-02-23 11:45:00,1257,Short,ObservationConfirm,3,24948.416666666664,24921.25,24965.25,24923.25,16.833333333333332,1.5,1.5,0.0,1.6139,TP,27.166666666666664,163.0,101.0,151.5,27.666666666666664,3.083333333333333,1.6436,0.1832,17.75,16.833333333333332,-0.9167,-158.0,10,0,False,,24923.25,2.0,27.166666666666664,163.0,1.6139,2026-02-23 11:50:00,TP,151.5,147.9,2,False,True
OPF-20260725-122730,OPF_0.1,OPF_RESEARCH_2.14,MNQ_0.1,MNQ_1Contract_Target150_200,OPF_PROFILE_0.1,20260306-0305-BEAR-OBS-001153-Z001147-OC,20260306-0310-Short-1154,2026-03-06 03:10:00,1154,2026-03-06 03:40:00,1160,Short,ObservationConfirm,3,25085.0,25103.25,25104.0,25056.5,19.0,1.5,1.5,0.0,-0.9605,SL,-18.25,-109.5,114.0,171.0,10.75,18.25,0.5658,0.9605,18.75,19.0,0.25,-109.5,1,1,False,,25104.0,0.75,-18.25,-109.5,-0.9605,2026-03-06 03:45:00,SL,-114.0,-117.6,7,False,True
OPF-20260725-122730,OPF_0.1,OPF_RESEARCH_2.14,MNQ_0.1,MNQ_1Contract_Target150_200,OPF_PROFILE_0.1,20260306-0345-BULL-OBS-001161-Z001161-OC,20260306-0350-Long-1162,2026-03-06 03:50:00,1162,2026-03-06 04:35:00,1171,Long,ObservationConfirm,3,25098.5,25134.0,25089.5,25134.5,9.0,4.0,4.0,0.0,3.9444,TP,35.5,213.0,54.0,216.0,36.25,5.0,4.0278,0.5556,8.25,9.0,0.75,103.5,2,0,False,,25134.5,0.5,35.5,213.0,3.9444,2026-03-06 04:40:00,TP,216.0,212.4,10,False,True
OPF-20260725-122730,OPF_0.1,OPF_RESEARCH_2.14,MNQ_0.1,MNQ_1Contract_Target150_200,OPF_PROFILE_0.1,20260306-0500-BEAR-OBS-001176-Z001176,20260306-0500-Short-1176,2026-03-06 05:00:00,1176,2026-03-06 05:00:00,1176,Short,ZoneBirthResearch,3,25112.25,25120.333333333332,25120.0,25093.0,7.75,2.5,2.5,0.0,-1.043,SPLIT_BASE_SL_RUNNER_SL,-8.0833,-48.5,46.5,116.25,0.0,8.0833,0.0,1.043,8.0,7.75,-0.25,55.0,3,1,False,,25120.333333333332,0.0,-8.0833,-48.5,-1.043,2026-03-06 05:05:00,SPLIT_BASE_SL_RUNNER_SL,-46.5,-50.1,1,False,True
OPF-20260725-122730,OPF_0.1,OPF_RESEARCH_2.14,MNQ_0.1,MNQ_1Contract_Target150_200,OPF_PROFILE_0.1,20260306-0505-BEAR-OBS-001177-Z001175-FR,20260306-0510-Long-1178,2026-03-06 05:10:00,1178,2026-03-06 05:15:00,1179,Long,FailureReverse_ObservationInvalidated,3,25128.0,25120.5,25120.5,25146.75,7.5,2.5,2.5,0.0,-1.0,SL,-7.5,-45.0,45.0,112.5,0.0,7.5,0.0,1.0,7.25,7.5,0.25,10.0,4,2,False,,25120.5,0.0,-7.5,-45.0,-1.0,2026-03-06 05:20:00,SL,-45.0,-48.6,2,False,True
OPF-20260725-122730,OPF_0.1,OPF_RESEARCH_2.14,MNQ_0.1,MNQ_1Contract_Target150_200,OPF_PROFILE_0.1,20260306-0520-BULL-OBS-001180-Z001178-OC,20260306-0530-Long-1182,2026-03-06 05:30:00,1182,2026-03-06 05:40:00,1184,Long,ObservationConfirm,3,25126.416666666664,25115.333333333332,25115.25,25171.0,11.166666666666666,4.0,4.0,0.0,-0.9925,SL,-11.083333333333332,-66.5,67.0,268.0,15.083333333333332,11.083333333333332,1.3507,0.9925,10.5,11.166666666666666,0.6667,-56.5,5,3,False,,25115.25,0.0833333333333333,-11.083333333333332,-66.5,-0.9925,2026-03-06 05:45:00,SL,-67.0,-70.6,3,False,True
OPF-20260725-122730,OPF_0.1,OPF_RESEARCH_2.14,MNQ_0.1,MNQ_1Contract_Target150_200,OPF_PROFILE_0.1,20260306-0750-BEAR-OBS-001210-Z001210,20260306-0750-Short-1210,2026-03-06 07:50:00,1210,2026-03-06 07:50:00,1210,Short,ZoneBirthResearch,3,25119.5,25126.5,25126.75,25101.5,7.25,2.5,2.5,0.0,-0.9655,SPLIT_BASE_SL_RUNNER_SL,-7.0,-42.0,43.5,108.75,0.0,7.0,0.0,0.9655,6.25,7.25,1.0,-98.5,6,4,False,,25126.5,0.0,-7.0,-42.0,-0.9655,2026-03-06 07:55:00,SPLIT_BASE_SL_RUNNER_SL,-43.5,-47.1,1,False,True
OPF-20260725-122730,OPF_0.1,OPF_RESEARCH_2.14,MNQ_0.1,MNQ_1Contract_Target150_200,OPF_PROFILE_0.1,20260306-0805-BEAR-BRK-001213-Z001213,20260306-0805-Short-1213,2026-03-06 08:05:00,1213,2026-03-06 08:40:00,1220,Short,BreakawayFvg,3,25093.333333333332,25093.083333333332,25093.25,24987.75,26.416666666666664,4.0,4.0,0.0,0.0095,SL,0.25,1.5,158.5,634.0,60.33333333333333,18.916666666666664,2.2839,0.7161,27.0,26.416666666666664,-0.5833,-97.0,7,0,False,,25093.25,0.1666666666666666,0.25,1.5,0.0095,2026-03-06 08:45:00,BE,0.0,-3.6,8,False,True
OPF-20260725-122730,OPF_0.1,OPF_RESEARCH_2.14,MNQ_0.1,MNQ_1Contract_Target150_200,OPF_PROFILE_0.1,20260306-0910-BEAR-BRK-001226-Z001226,20260306-0910-Short-1226,2026-03-06 09:10:00,1226,2026-03-06 09:25:00,1229,Short,BreakawayFvg,3,25025.75,24953.083333333332,25025.75,24952.75,18.25,4.0,4.0,0.0,3.9817,TP,72.66666666666666,436.0,109.5,438.0,73.25,3.75,4.0137,0.2055,18.25,18.25,0.0,339.0,8,0,False,,24952.75,0.3333333333333333,72.66666666666666,436.0,3.9817,2026-03-06 09:30:00,TP,438.0,434.4,4,False,True
OPF-20260725-122730,OPF_0.1,OPF_RESEARCH_2.14,MNQ_0.1,MNQ_1Contract_Target150_200,OPF_PROFILE_0.1,20260306-0940-BEAR-BRK-001232-Z001232,20260306-0940-Short-1232,2026-03-06 09:40:00,1232,2026-03-06 09:50:00,1234,Short,BreakawayFvg,3,24926.5,24926.5,24926.5,24876.5,12.5,4.0,4.0,0.0,0.0,SL,0.0,0.0,75.0,300.0,44.5,8.25,3.56,0.66,11.75,12.5,0.75,339.0,9,0,False,,24926.5,0.0,0.0,0.0,0.0,2026-03-06 09:45:00,BE,0.0,-3.6,1,False,True
OPF-20260725-122944,OPF_0.1,OPF_RESEARCH_2.14,MNQ_0.1,MNQ_1Contract_Target150_200,OPF_PROFILE_0.1,20260311-2210-BEAR-OBS-001106-Z001106-OC,20260311-2215-Short-1107,2026-03-11 22:15:00,1107,2026-03-11 22:15:00,1107,Short,ObservationConfirm,3,24900.25,24887.25,24908.5,24888.0,8.25,1.5,1.5,0.0,1.5758,TP,13.0,78.0,49.5,74.25,13.25,0.0,1.6061,0.0,7.0,8.25,1.25,78.0,1,0,False,,24888.0,0.75,13.0,78.0,1.5758,2026-03-11 22:20:00,TP,74.25,70.65,1,False,True
OPF-20260725-122944,OPF_0.1,OPF_RESEARCH_2.14,MNQ_0.1,MNQ_1Contract_Target150_200,OPF_PROFILE_0.1,20260312-0005-BEAR-OBS-001129-Z001129,20260312-0005-Short-1129,2026-03-12 00:05:00,1129,2026-03-12 00:05:00,1129,Short,ZoneBirthResearch,3,24756.25,24771.25,24773.0,24714.5,16.75,2.5,2.5,0.0,-0.8955,SPLIT_BASE_SL_RUNNER_SL,-15.0,-90.0,100.5,251.25,0.0,15.5,0.0,0.9254,16.25,16.75,0.5,-12.0,2,1,False,,24771.25,0.0,-15.0,-90.0,-0.8955,2026-03-12 00:10:00,SPLIT_BASE_SL_RUNNER_SL,-100.5,-104.1,1,False,True
OPF-20260725-122944,OPF_0.1,OPF_RESEARCH_2.14,MNQ_0.1,MNQ_1Contract_Target150_200,OPF_PROFILE_0.1,20260312-0225-BEAR-OBS-001157-Z001157,20260312-0225-Short-1157,2026-03-12 02:25:00,1157,2026-03-12 03:00:00,1164,Short,ZoneBirthResearch,3,24754.5,24725.25,24772.5,24709.5,18.0,2.5,2.5,0.0,1.625,SPLIT_BASE_TP_RUNNER_BE,29.25,175.5,108.0,270.0,50.75,5.5,2.8194,0.3056,17.25,18.0,0.75,163.5,3,0,False,,24725.25,0.0,29.25,175.5,1.625,2026-03-12 03:05:00,SPLIT_BASE_TP_RUNNER_BE,180.0,176.4,8,False,True
OPF-20260725-122944,OPF_0.1,OPF_RESEARCH_2.14,MNQ_0.1,MNQ_1Contract_Target150_200,OPF_PROFILE_0.1,20260312-0600-BULL-OBS-001200-Z001200-OC,20260312-0605-Long-1201,2026-03-12 06:05:00,1201,2026-03-12 06:05:00,1201,Long,ObservationConfirm,3,24756.75,24750.0,24751.0,24779.75,5.75,4.0,4.0,0.0,-1.1739,SL,-6.75,-40.5,34.5,138.0,0.0,6.75,0.0,1.1739,6.75,5.75,-1.0,123.0,4,1,False,,24751.0,1.0,-6.75,-40.5,-1.1739,2026-03-12 06:10:00,SL,-34.5,-38.1,1,False,True
OPF-20260725-122944,OPF_0.1,OPF_RESEARCH_2.14,MNQ_0.1,MNQ_1Contract_Target150_200,OPF_PROFILE_0.1,20260312-0610-BULL-OBS-001202-Z001200-OC,20260312-0615-Long-1203,2026-03-12 06:15:00,1203,2026-03-12 06:15:00,1203,Long,ObservationConfirm,3,24756.25,24776.916666666664,24751.0,24777.25,5.25,4.0,4.0,0.0,3.9365,TP,20.666666666666664,124.0,31.5,126.0,21.0,3.75,4.0,0.7143,5.75,5.25,-0.5,247.0,5,0,False,,24777.25,0.3333333333333333,20.666666666666664,124.0,3.9365,2026-03-12 06:20:00,TP,126.0,122.4,1,False,True
OPF-20260725-122944,OPF_0.1,OPF_RESEARCH_2.14,MNQ_0.1,MNQ_1Contract_Target150_200,OPF_PROFILE_0.1,20260312-0630-BULL-OBS-001206-Z001206-OC,20260312-0635-Long-1207,2026-03-12 06:35:00,1207,2026-03-12 07:20:00,1216,Long,ObservationConfirm,3,24788.583333333332,24834.0,24777.25,24834.0,11.333333333333332,4.0,4.0,0.0,4.0074,TP,45.416666666666664,272.5,68.0,272.0,46.166666666666664,5.083333333333333,4.0735,0.4485,10.5,11.333333333333332,0.8333,519.5,6,0,False,"AbnormalTPFill:drift=5.92,max=4|NormalizedReplayExitFill:TP:raw=24828.08333333,expected=24834",24834.0,5.916666666666666,39.5,237.0,3.4853,2026-03-12 07:20:00,TP,272.0,268.4,9,False,True
OPF-20260725-122944,OPF_0.1,OPF_RESEARCH_2.14,MNQ_0.1,MNQ_1Contract_Target150_200,OPF_PROFILE_0.1,20260312-1020-BULL-OBS-001252-Z001245-OC,20260312-1025-Long-1253,2026-03-12 10:25:00,1253,2026-03-12 10:45:00,1257,Long,ObservationConfirm,3,24889.166666666664,24879.25,24879.0,24929.75,10.166666666666666,4.0,4.0,0.0,-0.9754,SL,-9.916666666666666,-59.5,61.0,244.0,37.08333333333333,9.916666666666666,3.6475,0.9754,11.0,10.166666666666666,-0.8333,460.0,7,1,False,,24879.0,0.25,-9.916666666666666,-59.5,-0.9754,2026-03-12 10:50:00,SL,-61.0,-64.6,5,False,True
OPF-20260725-122944,OPF_0.1,OPF_RESEARCH_2.14,MNQ_0.1,MNQ_1Contract_Target150_200,OPF_PROFILE_0.1,20260312-1050-BULL-OBS-001258-Z001244-OC-STR,20260312-1055-Long-1259,2026-03-12 10:55:00,1259,2026-03-12 11:00:00,1260,Long,ObservationStrict_Other_WideStop1_5R,3,24883.25,24860.75,24860.5,24951.5,22.75,3.0,3.0,0.0,-0.989,SL,-22.5,-135.0,136.5,409.5,7.25,22.5,0.3187,0.989,23.62,22.75,-0.87,325.0,8,2,False,,24860.5,0.25,-22.5,-135.0,-0.989,2026-03-12 11:05:00,SL,-136.5,-140.1,2,False,True
OPF-20260725-123159,OPF_0.1,OPF_RESEARCH_2.14,MNQ_0.1,MNQ_1Contract_Target150_200,OPF_PROFILE_0.1,20260317-0105-BULL-OBS-001141-Z001141-OC,20260317-0110-Long-1142,2026-03-17 01:10:00,1142,2026-03-17 01:35:00,1147,Long,ObservationConfirm_WideStop1_5R,3,24830.75,24812.25,24812.5,24885.5,18.25,3.0,3.0,0.0,-1.0137,SL,-18.5,-111.0,109.5,328.5,17.5,18.5,0.9589,1.0137,17.25,18.25,1.0,-111.0,1,1,False,,24812.5,0.25,-18.5,-111.0,-1.0137,2026-03-17 01:40:00,SL,-109.5,-113.1,6,False,True
OPF-20260725-123159,OPF_0.1,OPF_RESEARCH_2.14,MNQ_0.1,MNQ_1Contract_Target150_200,OPF_PROFILE_0.1,20260317-0220-BEAR-OBS-001156-Z001154-OC,20260317-0225-Short-1157,2026-03-17 02:25:00,1157,2026-03-17 02:25:00,1157,Short,ObservationConfirm,3,24821.666666666664,24828.666666666664,24828.75,24811.0,7.083333333333333,1.5,1.5,0.0,-0.9882,SL,-7.0,-42.0,42.5,63.75,0.0,7.0,0.0,0.9882,7.25,7.083333333333333,-0.1667,-153.0,2,2,False,,24828.75,0.0833333333333333,-7.0,-42.0,-0.9882,2026-03-17 02:30:00,SL,-42.5,-46.1,1,False,True
OPF-20260725-123159,OPF_0.1,OPF_RESEARCH_2.14,MNQ_0.1,MNQ_1Contract_Target150_200,OPF_PROFILE_0.1,20260317-0315-BEAR-OBS-001167-Z001163,20260317-0315-Short-1167,2026-03-17 03:15:00,1167,2026-03-17 03:35:00,1171,Short,UnknownRegimeZoneTouch,3,24807.25,24785.333333333332,24814.75,24784.75,7.5,3.0,3.0,0.0,2.9222,TP,21.916666666666664,131.5,45.0,135.0,22.75,1.0,3.0333,0.1333,7.5,7.5,0.0,-21.5,3,0,False,,24784.75,0.5833333333333333,21.916666666666664,131.5,2.9222,2026-03-17 03:40:00,TP,135.0,131.4,5,False,True
OPF-20260725-123159,OPF_0.1,OPF_RESEARCH_2.14,MNQ_0.1,MNQ_1Contract_Target150_200,OPF_PROFILE_0.1,20260317-0405-BULL-OBS-001177-Z001177-OC,20260317-0410-Long-1178,2026-03-17 04:10:00,1178,2026-03-17 04:40:00,1184,Long,ObservationConfirm,3,24801.25,24841.083333333332,24791.25,24841.25,10.0,4.0,4.0,0.0,3.9833,TP,39.83333333333333,239.0,60.0,240.0,40.5,2.5,4.05,0.25,10.5,10.0,-0.5,217.5,4,0,False,,24841.25,0.1666666666666666,39.83333333333333,239.0,3.9833,2026-03-17 04:45:00,TP,240.0,236.4,7,False,True
OPF-20260725-123159,OPF_0.1,OPF_RESEARCH_2.14,MNQ_0.1,MNQ_1Contract_Target150_200,OPF_PROFILE_0.1,20260317-0515-BULL-OBS-001191-Z001191-OC,20260317-0520-Long-1192,2026-03-17 05:20:00,1192,2026-03-17 05:25:00,1193,Long,ObservationConfirm,3,24845.25,24840.333333333332,24840.5,24864.25,4.75,4.0,4.0,0.0,-1.0351,SL,-4.916666666666666,-29.5,28.5,114.0,3.0,4.916666666666666,0.6316,1.0351,3.5,4.75,1.25,188.0,5,1,False,,24840.5,0.1666666666666666,-4.916666666666666,-29.5,-1.0351,2026-03-17 05:30:00,SL,-28.5,-32.1,2,False,True
OPF-20260725-123159,OPF_0.1,OPF_RESEARCH_2.14,MNQ_0.1,MNQ_1Contract_Target150_200,OPF_PROFILE_0.1,20260317-0605-BEAR-OBS-001201-Z001201,20260317-0605-Short-1201,2026-03-17 06:05:00,1201,2026-03-17 06:10:00,1202,Short,ZoneBirthResearch,3,24734.25,24753.5,24753.25,24686.75,19.0,2.5,2.5,0.0,-1.0132,SPLIT_BASE_SL_RUNNER_SL,-19.25,-115.5,114.0,285.0,5.25,19.25,0.2763,1.0132,18.0,19.0,1.0,72.5,6,2,False,,24753.5,0.0,-19.25,-115.5,-1.0132,2026-03-17 06:15:00,SPLIT_BASE_SL_RUNNER_SL,-114.0,-117.6,2,False,True
OPF-20260725-123159,OPF_0.1,OPF_RESEARCH_2.14,MNQ_0.1,MNQ_1Contract_Target150_200,OPF_PROFILE_0.1,20260317-0655-BEAR-OBS-001211-Z001210-FR,20260317-0710-Long-1214,2026-03-17 07:10:00,1214,2026-03-17 07:15:00,1215,Long,FailureReverse_ObservationInvalidated,3,24761.916666666664,24783.583333333332,24751.75,24787.25,10.166666666666666,2.5,2.5,0.0,2.1311,TP,21.666666666666664,130.0,61.0,152.5,25.333333333333332,4.166666666666666,2.4918,0.4098,10.75,10.166666666666666,-0.5833,202.5,7,0,False,,24787.25,3.6666666666666665,21.666666666666664,130.0,2.1311,2026-03-17 07:15:00,TP,152.5,148.9,1,False,True
OPF-20260725-123159,OPF_0.1,OPF_RESEARCH_2.14,MNQ_0.1,MNQ_1Contract_Target150_200,OPF_PROFILE_0.1,20260317-0745-BULL-PB-001221-Z001216,20260317-0745-Long-1221,2026-03-17 07:45:00,1221,2026-03-17 07:45:00,1221,Long,AlmostConfirmed,3,24782.0,24765.0,24765.5,24848.0,16.5,4.0,4.0,0.0,-1.0303,SL,-17.0,-102.0,99.0,396.0,0.0,17.0,0.0,1.0303,16.25,16.5,0.25,100.5,8,1,False,,24765.5,0.5,-17.0,-102.0,-1.0303,2026-03-17 07:50:00,SL,-99.0,-102.6,1,False,True
OPF-20260725-123159,OPF_0.1,OPF_RESEARCH_2.14,MNQ_0.1,MNQ_1Contract_Target150_200,OPF_PROFILE_0.1,20260317-0755-BEAR-OBS-001223-Z001223,20260317-0755-Short-1223,2026-03-17 07:55:00,1223,2026-03-17 07:55:00,1223,Short,ZoneBirthResearch,3,24771.416666666664,24778.083333333332,24777.25,24756.75,5.833333333333333,2.5,2.5,0.0,-1.1429,SPLIT_BASE_SL_RUNNER_SL,-6.6667,-40.01,35.0,87.5,0.0,6.6667,0.0,1.1429,5.25,5.833333333333333,0.5833,60.49,9,2,False,,24778.083333333332,0.0,-6.6667,-40.01,-1.1429,2026-03-17 08:00:00,SPLIT_BASE_SL_RUNNER_SL,-35.0,-38.6,1,False,True
OPF-20260725-123159,OPF_0.1,OPF_RESEARCH_2.14,MNQ_0.1,MNQ_1Contract_Target150_200,OPF_PROFILE_0.1,20260317-1235-BULL-OBS-001279-Z001279-OC,20260317-1240-Long-1280,2026-03-17 12:40:00,1280,2026-03-17 12:45:00,1281,Long,ObservationConfirm,3,24926.166666666664,24915.25,24914.75,24971.75,11.416666666666666,4.0,4.0,0.0,-0.9562,SL,-10.916666666666666,-65.5,68.5,274.0,3.583333333333333,10.916666666666666,0.3139,0.9562,11.5,11.416666666666666,-0.0833,-5.01,10,3,False,,24914.75,0.5,-10.916666666666666,-65.5,-0.9562,2026-03-17 13:10:00,TP,274.0,270.4,6,False,True
OPF-20260725-123400,OPF_0.1,OPF_RESEARCH_2.14,MNQ_0.1,MNQ_1Contract_Target150_200,OPF_PROFILE_0.1,20260324-0435-BEAR-OBS-001183-Z001183-OC,20260324-0440-Short-1184,2026-03-24 04:40:00,1184,2026-03-24 04:40:00,1184,Short,ObservationConfirm,3,24244.75,24256.0,24257.5,24225.75,12.75,1.5,1.5,0.0,-0.8824,SL,-11.25,-67.5,76.5,114.75,1.0,11.25,0.0784,0.8824,11.75,12.75,1.0,-67.5,1,1,False,,24257.5,1.5,-11.25,-67.5,-0.8824,2026-03-24 04:45:00,SL,-76.5,-80.1,1,False,True
OPF-20260725-123400,OPF_0.1,OPF_RESEARCH_2.14,MNQ_0.1,MNQ_1Contract_Target150_200,OPF_PROFILE_0.1,20260324-0450-BEAR-OBS-001186-Z001181-OC,20260324-0455-Short-1187,2026-03-24 04:55:00,1187,2026-03-24 05:00:00,1188,Short,ObservationConfirm,3,24257.166666666664,24228.25,24275.0,24230.5,17.833333333333332,1.5,1.5,0.0,1.6215,TP,28.916666666666664,173.5,107.0,160.5,29.916666666666664,4.333333333333333,1.6776,0.243,17.75,17.833333333333332,0.0833,106.0,2,0,False,,24230.5,2.25,28.916666666666664,173.5,1.6215,2026-03-24 05:00:00,TP,160.5,156.9,1,False,True
OPF-20260725-123400,OPF_0.1,OPF_RESEARCH_2.14,MNQ_0.1,MNQ_1Contract_Target150_200,OPF_PROFILE_0.1,20260324-1310-BULL-OBS-001286-Z001196-OC-STR,20260324-1315-Long-1287,2026-03-24 13:15:00,1287,2026-03-24 13:25:00,1289,Long,ObservationStrict_Other,3,24244.083333333332,24306.333333333332,24223.25,24306.5,20.833333333333332,3.0,3.0,0.0,2.988,TP,62.25,373.5,125.0,375.0,62.666666666666664,20.333333333333332,3.008,0.976,20.5,20.833333333333332,0.3333,479.5,3,0,False,,24306.5,0.1666666666666666,62.25,373.5,2.988,2026-03-24 13:30:00,TP,375.0,371.4,3,False,True
OPF-20260725-123400,OPF_0.1,OPF_RESEARCH_2.14,MNQ_0.1,MNQ_1Contract_Target150_200,OPF_PROFILE_0.1,20260324-1800-BULL-OBS-001344-Z001344-OC,20260324-1805-Long-1345,2026-03-24 18:05:00,1345,2026-03-24 18:10:00,1346,Long,ObservationConfirm,3,24232.75,24223.083333333332,24223.25,24270.75,9.5,4.0,4.0,0.0,-1.0175,SL,-9.666666666666666,-58.0,57.0,228.0,14.75,9.666666666666666,1.5526,1.0175,8.5,9.5,1.0,421.5,4,1,False,,24223.25,0.1666666666666666,-9.666666666666666,-58.0,-1.0175,2026-03-24 18:15:00,SL,-57.0,-60.6,2,False,True
OPF-20260725-123615,OPF_0.1,OPF_RESEARCH_2.14,MNQ_0.1,MNQ_1Contract_Target150_200,OPF_PROFILE_0.1,20260408-2235-BEAR-OBS-001018-Z001014-OC,20260408-2240-Short-1019,2026-04-08 22:40:00,1019,2026-04-08 23:00:00,1023,Short,ObservationConfirm,3,25030.25,25050.5,25049.25,25001.75,19.0,1.5,1.5,0.0,-1.0658,SL,-20.25,-121.5,114.0,171.0,6.25,20.25,0.3289,1.0658,18.0,19.0,1.0,-121.5,1,1,False,,25049.25,1.25,-20.25,-121.5,-1.0658,2026-04-08 23:05:00,SL,-114.0,-117.6,5,False,True
OPF-20260725-123615,OPF_0.1,OPF_RESEARCH_2.14,MNQ_0.1,MNQ_1Contract_Target150_200,OPF_PROFILE_0.1,20260408-2310-BULL-OBS-001025-Z001025-FR-RT,20260408-2335-Short-1030,2026-04-08 23:35:00,1030,2026-04-08 23:40:00,1031,Short,FailureReverse_RetestFailed,3,25030.416666666664,25036.0,25036.5,25021.25,6.083333333333333,1.5,1.5,0.0,-0.9178,SL,-5.583333333333333,-33.5,36.5,54.75,2.1666666666666665,5.583333333333333,0.3562,0.9178,5.75,6.083333333333333,0.3333,-155.0,2,2,False,,25036.5,0.5,-5.583333333333333,-33.5,-0.9178,2026-04-08 23:45:00,SL,-36.5,-40.1,2,False,True
OPF-20260725-123615,OPF_0.1,OPF_RESEARCH_2.14,MNQ_0.1,MNQ_1Contract_Target150_200,OPF_PROFILE_0.1,20260409-0010-BEAR-OBS-001037-Z001036-FR,20260409-0020-Long-1039,2026-04-09 00:20:00,1039,2026-04-09 00:20:00,1039,Long,FailureReverse_ObservationInvalidated,3,25026.166666666664,25014.666666666664,25015.25,25053.5,10.916666666666666,2.5,2.5,0.0,-1.0534,SL,-11.5,-69.0,65.5,163.75,0.0833333333333333,11.5,0.0076,1.0534,10.5,10.916666666666666,0.4167,-224.0,3,3,False,,25015.25,0.5833333333333333,-11.5,-69.0,-1.0534,2026-04-09 00:25:00,SL,-65.5,-69.1,1,False,True
OPF-20260725-123615,OPF_0.1,OPF_RESEARCH_2.14,MNQ_0.1,MNQ_1Contract_Target150_200,OPF_PROFILE_0.1,20260409-0135-BULL-OBS-001054-Z001054-OC,20260409-0140-Long-1055,2026-04-09 01:40:00,1055,2026-04-09 01:40:00,1055,Long,ObservationConfirm,3,25005.5,24994.5,24994.75,25048.5,10.75,4.0,4.0,0.0,-1.0233,SL,-11.0,-66.0,64.5,258.0,4.75,11.0,0.4419,1.0233,10.0,10.75,0.75,-290.0,4,4,False,,24994.75,0.25,-11.0,-66.0,-1.0233,2026-04-09 01:45:00,SL,-64.5,-68.1,1,False,True
OPF-20260725-123615,OPF_0.1,OPF_RESEARCH_2.14,MNQ_0.1,MNQ_1Contract_Target150_200,OPF_PROFILE_0.1,20260409-0300-BEAR-OBS-001071-Z001071-OC,20260409-0305-Short-1072,2026-04-09 03:05:00,1072,2026-04-09 03:10:00,1073,Short,ObservationConfirm,3,25031.5,25020.0,25039.5,25019.5,8.0,1.5,1.5,0.0,1.4375,TP,11.5,69.0,48.0,72.0,12.5,2.0,1.5625,0.25,8.0,8.0,0.0,-221.0,5,0,False,,25019.5,0.5,11.5,69.0,1.4375,2026-04-09 03:15:00,TP,72.0,68.4,2,False,True
OPF-20260725-123615,OPF_0.1,OPF_RESEARCH_2.14,MNQ_0.1,MNQ_1Contract_Target150_200,OPF_PROFILE_0.1,20260409-0320-BEAR-OBS-001075-Z001075-OC,20260409-0325-Short-1076,2026-04-09 03:25:00,1076,2026-04-09 03:25:00,1076,Short,ObservationConfirm,3,25019.25,25026.666666666664,25026.5,25008.5,7.25,1.5,1.5,0.0,-1.023,SL,-7.416666666666665,-44.5,43.5,65.25,0.0,7.416666666666665,0.0,1.023,7.0,7.25,0.25,-265.5,6,1,False,,25026.5,0.1666666666666666,-7.416666666666665,-44.5,-1.023,2026-04-09 03:30:00,SL,-43.5,-47.1,1,False,True
OPF-20260725-123615,OPF_0.1,OPF_RESEARCH_2.14,MNQ_0.1,MNQ_1Contract_Target150_200,OPF_PROFILE_0.1,20260409-0710-BEAR-OBS-001121-Z001121,20260409-0710-Short-1121,2026-04-09 07:10:00,1121,2026-04-09 07:35:00,1126,Short,ZoneBirthResearch,3,25019.666666666664,24995.25,25027.5,25000.0,7.833333333333333,2.5,2.5,0.0,3.117,SPLIT_BASE_TP_RUNNER_TP,24.4167,146.5,47.0,117.5,31.666666666666664,2.333333333333333,4.0426,0.2979,7.25,7.833333333333333,0.5833,-119.0,7,0,False,"NormalizedReplayExitFill:RUNNER_TP:raw=24998.75,expected=24988.25",24995.25,3.5,20.9167,125.5,2.6702,2026-04-09 07:40:00,SPLIT_BASE_TP_RUNNER_TP,141.0,137.4,6,False,True
OPF-20260725-123615,OPF_0.1,OPF_RESEARCH_2.14,MNQ_0.1,MNQ_1Contract_Target150_200,OPF_PROFILE_0.1,20260409-0845-BEAR-OBS-001140-Z001126,20260409-0845-Short-1140,2026-04-09 08:45:00,1140,2026-04-09 09:10:00,1145,Short,UnknownRegimeZoneTouch,3,24985.75,25005.583333333332,25005.75,24925.75,20.0,3.0,3.0,0.0,-0.9917,SL,-19.833333333333332,-119.0,120.0,360.0,22.0,19.833333333333332,1.1,0.9917,19.0,20.0,1.0,-238.0,8,1,False,,25005.75,0.1666666666666666,-19.833333333333332,-119.0,-0.9917,2026-04-09 09:15:00,SL,-120.0,-123.6,6,False,True
OPF-20260725-123615,OPF_0.1,OPF_RESEARCH_2.14,MNQ_0.1,MNQ_1Contract_Target150_200,OPF_PROFILE_0.1,20260409-1415-BEAR-OBS-001206-Z001206-OC,20260409-1420-Short-1207,2026-04-09 14:20:00,1207,2026-04-09 14:20:00,1207,Short,ObservationConfirm,3,24997.25,24969.5,25015.0,24970.75,17.75,1.5,1.5,0.0,1.5634,TP,27.75,166.5,106.5,159.75,27.75,1.0,1.5634,0.0563,16.5,17.75,1.25,-71.5,9,0,False,,24970.75,1.25,27.75,166.5,1.5634,2026-04-09 14:25:00,TP,159.75,156.15,1,False,True
OPF-20260725-123615,OPF_0.1,OPF_RESEARCH_2.14,MNQ_0.1,MNQ_1Contract_Target150_200,OPF_PROFILE_0.1,20260409-1730-BEAR-OBS-001245-Z001245,20260409-1730-Short-1245,2026-04-09 17:30:00,1245,2026-04-09 17:30:00,1245,Short,ZoneBirthResearch,3,25212.5,25229.833333333332,25230.0,25168.75,17.5,2.5,2.5,0.0,-0.9905,SPLIT_BASE_SL_RUNNER_SL,-17.3333,-104.0,105.0,262.5,0.0,17.3333,0.0,0.9905,16.25,17.5,1.25,-175.5,10,1,False,,25229.833333333332,0.0,-17.3333,-104.0,-0.9905,2026-04-09 17:35:00,SPLIT_BASE_SL_RUNNER_SL,-105.0,-108.6,1,False,True
OPF-20260725-123821,OPF_0.1,OPF_RESEARCH_2.14,MNQ_0.1,MNQ_1Contract_Target150_200,OPF_PROFILE_0.1,20260412-2235-BEAR-OBS-001111-Z001110-OC,20260412-2240-Short-1112,2026-04-12 22:40:00,1112,2026-04-12 22:50:00,1114,Short,ObservationConfirm,3,24941.666666666664,24960.0,24961.75,24911.5,20.083333333333332,1.5,1.5,0.0,-0.9129,SL,-18.333333333333332,-110.0,120.5,180.75,2.6666666666666665,18.333333333333332,0.1328,0.9129,19.5,20.083333333333332,0.5833,-110.0,1,1,False,,24961.75,1.75,-18.333333333333332,-110.0,-0.9129,2026-04-12 22:55:00,SL,-120.5,-124.1,3,False,True
OPF-20260725-123821,OPF_0.1,OPF_RESEARCH_2.14,MNQ_0.1,MNQ_1Contract_Target150_200,OPF_PROFILE_0.1,20260413-0015-BULL-OBS-001131-Z001131-OC,20260413-0020-Long-1132,2026-04-13 00:20:00,1132,2026-04-13 00:25:00,1133,Long,ObservationConfirm,3,25000.416666666664,24992.5,24990.75,25039.0,9.666666666666666,4.0,4.0,0.0,-0.819,SL,-7.916666666666665,-47.5,58.0,232.0,6.333333333333333,7.916666666666665,0.6552,0.819,9.25,9.666666666666666,0.4167,-157.5,2,2,False,,24990.75,1.75,-7.916666666666665,-47.5,-0.819,2026-04-13 00:30:00,SL,-58.0,-61.6,2,False,True
OPF-20260725-123821,OPF_0.1,OPF_RESEARCH_2.14,MNQ_0.1,MNQ_1Contract_Target150_200,OPF_PROFILE_0.1,20260413-0035-BULL-OBS-001135-Z001135-OC,20260413-0040-Long-1136,2026-04-13 00:40:00,1136,2026-04-13 00:45:00,1137,Long,ObservationConfirm,3,25013.0,25039.333333333332,25006.25,25040.0,6.75,4.0,4.0,0.0,3.9012,TP,26.333333333333332,158.0,40.5,162.0,27.0,2.25,4.0,0.3333,6.0,6.75,0.75,0.5,3,0,False,,25040.0,0.6666666666666666,26.333333333333332,158.0,3.9012,2026-04-13 00:50:00,TP,162.0,158.4,2,False,True
OPF-20260725-123821,OPF_0.1,OPF_RESEARCH_2.14,MNQ_0.1,MNQ_1Contract_Target150_200,OPF_PROFILE_0.1,20260413-0210-BEAR-OBS-001154-Z001154-OC,20260413-0215-Short-1155,2026-04-13 02:15:00,1155,2026-04-13 02:25:00,1157,Short,ObservationConfirm,3,25066.416666666664,25056.25,25073.25,25056.25,6.833333333333333,1.5,1.5,0.0,1.4878,TP,10.166666666666666,61.0,41.0,61.5,13.416666666666666,4.583333333333333,1.9634,0.6707,6.25,6.833333333333333,0.5833,61.5,4,0,False,"AbnormalTPFill:drift=5.75,max=4|NormalizedReplayExitFill:TP:raw=25062,expected=25056.25",25056.25,5.75,4.416666666666666,26.5,0.6463,2026-04-13 02:25:00,TP,61.5,57.9,2,False,True
OPF-20260725-123821,OPF_0.1,OPF_RESEARCH_2.14,MNQ_0.1,MNQ_1Contract_Target150_200,OPF_PROFILE_0.1,20260413-0320-BEAR-OBS-001168-Z001166-FR,20260413-0325-Long-1169,2026-04-13 03:25:00,1169,2026-04-13 03:30:00,1170,Long,FailureReverse_ObservationInvalidated,3,25072.25,25062.75,25063.0,25095.5,9.25,2.5,2.5,0.0,-1.027,SL,-9.5,-57.0,55.5,138.75,1.75,9.5,0.1892,1.027,9.0,9.25,0.25,4.5,5,1,False,,25063.0,0.25,-9.5,-57.0,-1.027,2026-04-13 03:35:00,SL,-55.5,-59.1,2,False,True
OPF-20260725-123821,OPF_0.1,OPF_RESEARCH_2.14,MNQ_0.1,MNQ_1Contract_Target150_200,OPF_PROFILE_0.1,20260413-0330-BULL-OBS-001170-Z001169-FR-RT,20260413-0350-Short-1174,2026-04-13 03:50:00,1174,2026-04-13 04:00:00,1176,Short,FailureReverse_RetestFailed,3,25059.083333333332,25051.0,25064.5,25051.0,5.416666666666666,1.5,1.5,0.0,1.4923,TP,8.083333333333332,48.5,32.5,48.75,15.083333333333332,4.166666666666666,2.7846,0.7692,5.25,5.416666666666666,0.1667,53.0,6,0,False,"AbnormalTPFill:drift=5.75,max=4|NormalizedReplayExitFill:TP:raw=25056.75,expected=25051",25051.0,5.75,2.333333333333333,14.0,0.4308,2026-04-13 04:00:00,TP,48.75,45.15,2,False,True
OPF-20260725-123821,OPF_0.1,OPF_RESEARCH_2.14,MNQ_0.1,MNQ_1Contract_Target150_200,OPF_PROFILE_0.1,20260413-0420-BULL-OBS-001180-Z001179-OC,20260413-0425-Long-1181,2026-04-13 04:25:00,1181,2026-04-13 05:10:00,1190,Long,ObservationConfirm,3,25070.833333333332,25059.25,25061.0,25110.25,9.83333333333333,4.0,4.0,0.0,-1.178,SL,-11.583333333333332,-69.5,59.0,236.0,25.416666666666664,11.583333333333332,2.5847,1.178,9.5,9.83333333333333,0.3333,-16.5,7,1,False,,25061.0,1.75,-11.583333333333332,-69.5,-1.178,2026-04-13 05:15:00,SL,-59.0,-62.6,10,False,True
OPF-20260725-123821,OPF_0.1,OPF_RESEARCH_2.14,MNQ_0.1,MNQ_1Contract_Target150_200,OPF_PROFILE_0.1,20260413-0600-BULL-OBS-001200-Z001200-OC,20260413-0605-Long-1201,2026-04-13 06:05:00,1201,2026-04-13 08:00:00,1224,Long,ObservationConfirm,3,25087.0,25131.0,25076.0,25131.0,11.0,4.0,4.0,0.0,4.0,TP,44.0,264.0,66.0,264.0,47.0,6.75,4.2727,0.6136,10.75,11.0,0.25,247.5,8,0,False,"AbnormalTPFill:drift=5.5,max=4|NormalizedReplayExitFill:TP:raw=25125.5,expected=25131",25131.0,5.5,38.5,231.0,3.5,2026-04-13 08:00:00,TP,264.0,260.4,23,False,True
OPF-20260725-123821,OPF_0.1,OPF_RESEARCH_2.14,MNQ_0.1,MNQ_1Contract_Target150_200,OPF_PROFILE_0.1,20260413-0805-BULL-OBS-001225-Z001225-OC,20260413-0810-Long-1226,2026-04-13 08:10:00,1226,2026-04-13 08:30:00,1230,Long,ObservationConfirm,3,25111.333333333332,25103.75,25103.25,25143.75,8.083333333333332,4.0,4.0,0.0,-0.9381,SL,-7.583333333333333,-45.5,48.5,194.0,12.666666666666666,7.583333333333333,1.567,0.9381,8.5,8.083333333333332,-0.4167,202.0,9,1,False,,25103.25,0.5,-7.583333333333333,-45.5,-0.9381,2026-04-13 08:35:00,SL,-48.5,-52.1,5,False,True
OPF-20260725-123821,OPF_0.1,OPF_RESEARCH_2.14,MNQ_0.1,MNQ_1Contract_Target150_200,OPF_PROFILE_0.1,20260413-0920-BULL-OBS-001240-Z001240-OC,20260413-0925-Long-1241,2026-04-13 09:25:00,1241,2026-04-13 09:40:00,1244,Long,ObservationConfirm,3,25122.5,25113.083333333332,25113.0,25160.5,9.5,4.0,4.0,0.0,-0.9912,SL,-9.416666666666666,-56.5,57.0,228.0,11.25,9.416666666666666,1.1842,0.9912,9.25,9.5,0.25,145.5,10,2,False,,25113.0,0.0833333333333333,-9.416666666666666,-56.5,-0.9912,2026-04-13 09:45:00,SL,-57.0,-60.6,4,False,True
OPF-20260725-124024,OPF_0.1,OPF_RESEARCH_2.14,MNQ_0.1,MNQ_1Contract_Target150_200,OPF_PROFILE_0.1,20260424-0010-BULL-OBS-001130-Z001130-OC,20260424-0015-Long-1131,2026-04-24 00:15:00,1131,2026-04-24 01:10:00,1142,Long,ObservationConfirm_WideStop1_5R,3,27106.5,27117.25,27086.5,27166.5,20.0,3.0,3.0,0.0,0.5375,TIME_STOP,10.75,64.5,120.0,360.0,31.0,1.75,1.55,0.0875,19.88,20.0,0.12,64.5,1,0,False,,27117.25,0.0,10.75,64.5,0.5375,2026-04-24 01:10:00,TIME_STOP,64.5,60.9,11,False,True
OPF-20260725-124024,OPF_0.1,OPF_RESEARCH_2.14,MNQ_0.1,MNQ_1Contract_Target150_200,OPF_PROFILE_0.1,20260424-0250-BEAR-OBS-001162-Z001162,20260424-0250-Short-1162,2026-04-24 02:50:00,1162,2026-04-24 02:55:00,1163,Short,ZoneBirthResearch,3,27070.75,27078.0,27078.0,27052.75,7.25,2.5,2.5,0.0,-1.0,SPLIT_BASE_SL_RUNNER_SL,-7.25,-43.5,43.5,108.75,6.5,7.25,0.8966,1.0,7.0,7.25,0.25,21.0,2,1,False,"NormalizedReplayExitFill:BASE_SL:raw=26990.75,expected=27078|NormalizedReplayExitFill:RUNNER_SL:raw=26990.75,expected=27078",27078.0,87.25,80.0,480.0,11.0345,2026-04-24 03:00:00,SPLIT_BASE_SL_RUNNER_SL,-43.5,-47.1,2,False,True
OPF-20260725-124024,OPF_0.1,OPF_RESEARCH_2.14,MNQ_0.1,MNQ_1Contract_Target150_200,OPF_PROFILE_0.1,20260424-0325-BEAR-BRK-001169-Z001169,20260424-0325-Short-1169,2026-04-24 03:25:00,1169,2026-04-24 04:40:00,1184,Short,BreakawayFvg,3,27035.666666666664,27054.5,27054.5,26960.25,18.833333333333332,4.0,4.0,0.0,-1.0,SL,-18.833333333333332,-113.0,113.0,452.0,20.416666666666664,18.833333333333332,1.0841,1.0,17.75,18.833333333333332,1.0833,-92.0,3,2,False,"AbnormalSLFill:drift=63.75,max=4|NormalizedReplayExitFill:SL:raw=26990.75,expected=27054.5",27054.5,63.75,44.916666666666664,269.5,2.385,2026-04-24 04:45:00,SL,-113.0,-116.6,16,False,True
OPF-20260725-124024,OPF_0.1,OPF_RESEARCH_2.14,MNQ_0.1,MNQ_1Contract_Target150_200,OPF_PROFILE_0.1,20260424-0455-BULL-OBS-001187-Z001186-OC,20260424-0500-Long-1188,2026-04-24 05:00:00,1188,2026-04-24 05:00:00,1188,Long,ObservationConfirm,3,27050.75,27042.25,27041.0,27089.75,9.75,4.0,4.0,0.0,-0.8718,SL,-8.5,-51.0,58.5,234.0,5.5,8.5,0.5641,0.8718,9.75,9.75,0.0,-143.0,4,3,False,,27041.0,1.25,-8.5,-51.0,-0.8718,2026-04-24 05:05:00,SL,-58.5,-62.1,1,False,True
OPF-20260725-124024,OPF_0.1,OPF_RESEARCH_2.14,MNQ_0.1,MNQ_1Contract_Target150_200,OPF_PROFILE_0.1,20260424-0550-BULL-OBS-001198-Z001198-OC,20260424-0555-Long-1199,2026-04-24 05:55:00,1199,2026-04-24 06:20:00,1204,Long,ObservationConfirm,3,27086.0,27078.666666666664,27078.0,27118.0,8.0,4.0,4.0,0.0,-0.9167,SL,-7.333333333333333,-44.0,48.0,192.0,13.5,7.333333333333333,1.6875,0.9167,8.0,8.0,0.0,-187.0,5,4,False,,27078.0,0.6666666666666666,-7.333333333333333,-44.0,-0.9167,2026-04-24 06:25:00,SL,-48.0,-51.6,6,False,True
OPF-20260725-124024,OPF_0.1,OPF_RESEARCH_2.14,MNQ_0.1,MNQ_1Contract_Target150_200,OPF_PROFILE_0.1,20260424-0630-BEAR-OBS-001206-Z001206,20260424-0630-Short-1206,2026-04-24 06:30:00,1206,2026-04-24 06:30:00,1206,Short,ZoneBirthResearch,3,27077.5,27081.0,27081.0,27068.75,3.5,2.5,2.5,0.0,-1.0,SPLIT_BASE_SL_RUNNER_SL,-3.5,-21.0,21.0,52.5,1.0,3.5,0.2857,1.0,3.5,3.5,0.0,-208.0,6,5,False,"NormalizedReplayExitFill:RUNNER_SL:raw=26990.75,expected=27081|NormalizedReplayExitFill:BASE_SL:raw=26990.75,expected=27081",27081.0,90.25,86.75,520.5,24.7857,2026-04-24 06:35:00,SPLIT_BASE_SL_RUNNER_SL,-21.0,-24.6,1,False,True
OPF-20260725-124024,OPF_0.1,OPF_RESEARCH_2.14,MNQ_0.1,MNQ_1Contract_Target150_200,OPF_PROFILE_0.1,20260424-0740-BEAR-OBS-001220-Z001220,20260424-0740-Short-1220,2026-04-24 07:40:00,1220,2026-04-24 07:40:00,1220,Short,ZoneBirthResearch,3,27085.5,27089.25,27089.25,27076.25,3.75,2.5,2.5,0.0,-1.0,SPLIT_BASE_SL_RUNNER_SL,-3.75,-22.5,22.5,56.25,2.75,3.75,0.7333,1.0,3.0,3.75,0.75,-230.5,7,6,False,"NormalizedReplayExitFill:RUNNER_SL:raw=26990.75,expected=27089.25|NormalizedReplayExitFill:BASE_SL:raw=26990.75,expected=27089.25",27089.25,98.5,94.75,568.5,25.2667,2026-04-24 07:45:00,SPLIT_BASE_SL_RUNNER_SL,-22.5,-26.1,1,False,True
OPF-20260725-124024,OPF_0.1,OPF_RESEARCH_2.14,MNQ_0.1,MNQ_1Contract_Target150_200,OPF_PROFILE_0.1,20260424-0940-BULL-OBS-001244-Z001244-OC,20260424-0945-Long-1245,2026-04-24 09:45:00,1245,2026-04-24 09:45:00,1245,Long,ObservationConfirm,3,27113.25,27102.25,27102.25,27157.25,11.0,4.0,4.0,0.0,-1.0,SL,-11.0,-66.0,66.0,264.0,1.5,11.0,0.1364,1.0,11.0,11.0,0.0,-296.5,8,7,False,,27102.25,0.0,-11.0,-66.0,-1.0,2026-04-24 09:50:00,SL,-66.0,-69.6,1,False,True
OPF-20260725-124024,OPF_0.1,OPF_RESEARCH_2.14,MNQ_0.1,MNQ_1Contract_Target150_200,OPF_PROFILE_0.1,20260424-1030-BULL-OBS-001254-Z001254-OC,20260424-1035-Long-1255,2026-04-24 10:35:00,1255,2026-04-24 11:00:00,1260,Long,ObservationConfirm_WideStop1_5R,3,27178.25,27237.166666666664,27159.25,27235.25,19.0,3.0,3.0,0.0,3.1009,TP,58.916666666666664,353.5,114.0,342.0,58.916666666666664,8.75,3.1009,0.4605,19.12,19.0,-0.12,57.0,9,0,False,,27235.25,1.9166666666666663,58.916666666666664,353.5,3.1009,2026-04-24 11:05:00,TP,342.0,338.4,6,False,True
OPF-20260725-124024,OPF_0.1,OPF_RESEARCH_2.14,MNQ_0.1,MNQ_1Contract_Target150_200,OPF_PROFILE_0.1,20260424-1500-BULL-OBS-001308-Z001308-OC,20260424-1505-Long-1309,2026-04-24 15:05:00,1309,2026-04-24 15:35:00,1315,Long,ObservationConfirm_WideStop1_5R,3,27297.0,27368.833333333332,27273.5,27367.5,23.5,3.0,3.0,0.0,3.0567,TP,71.83333333333333,431.0,141.0,423.0,74.5,5.5,3.1702,0.234,23.62,23.5,-0.12,488.0,10,0,False,,27367.5,1.3333333333333333,71.83333333333333,431.0,3.0567,2026-04-24 15:40:00,TP,423.0,419.4,7,False,True
OPF-20260725-124236,OPF_0.1,OPF_RESEARCH_2.14,MNQ_0.1,MNQ_1Contract_Target150_200,OPF_PROFILE_0.1,20260428-2220-BEAR-OBS-001107-Z001107,20260428-2220-Short-1107,2026-04-28 22:20:00,1107,2026-04-28 22:25:00,1108,Short,ZoneBirthResearch,3,27215.25,27222.0,27222.0,27198.5,6.75,2.5,2.5,0.0,-1.0,SPLIT_BASE_SL_RUNNER_SL,-6.75,-40.5,40.5,101.25,7.0,6.75,1.037,1.0,6.0,6.75,0.75,-40.5,1,1,False,"NormalizedReplayExitFill:BASE_SL:raw=27196,expected=27222|NormalizedReplayExitFill:RUNNER_SL:raw=27196,expected=27222",27222.0,26.0,19.25,115.5,2.8519,2026-04-28 22:30:00,SPLIT_BASE_SL_RUNNER_SL,-40.5,-44.1,2,False,True
OPF-20260725-124236,OPF_0.1,OPF_RESEARCH_2.14,MNQ_0.1,MNQ_1Contract_Target150_200,OPF_PROFILE_0.1,20260428-2240-BULL-OBS-001111-Z001110-OC,20260428-2250-Long-1113,2026-04-28 22:50:00,1113,2026-04-28 22:55:00,1114,Long,ObservationConfirm,3,27219.75,27217.833333333332,27217.5,27228.75,2.25,4.0,4.0,0.0,-0.8519,SL,-1.9166666666666663,-11.5,13.5,54.0,4.75,1.9166666666666663,2.1111,0.8519,2.25,2.25,0.0,-52.0,2,2,False,,27217.5,0.3333333333333333,-1.9166666666666663,-11.5,-0.8519,2026-04-28 23:00:00,SL,-13.5,-17.1,2,False,True
OPF-20260725-124236,OPF_0.1,OPF_RESEARCH_2.14,MNQ_0.1,MNQ_1Contract_Target150_200,OPF_PROFILE_0.1,20260428-2320-BULL-OBS-001119-Z001119-OC,20260428-2325-Long-1120,2026-04-28 23:25:00,1120,2026-04-28 23:35:00,1122,Long,ObservationConfirm,3,27223.5,27239.25,27219.5,27239.5,4.0,4.0,4.0,0.0,3.9375,TP,15.75,94.5,24.0,96.0,16.0,0.0,4.0,0.0,4.0,4.0,0.0,42.5,3,0,False,,27239.5,0.25,15.75,94.5,3.9375,2026-04-28 23:40:00,TP,96.0,92.4,3,False,True
OPF-20260725-124236,OPF_0.1,OPF_RESEARCH_2.14,MNQ_0.1,MNQ_1Contract_Target150_200,OPF_PROFILE_0.1,20260429-0010-BULL-OBS-001129-Z001129-OC,20260429-0015-Long-1130,2026-04-29 00:15:00,1130,2026-04-29 00:20:00,1131,Long,ObservationConfirm,3,27267.0,27287.75,27261.75,27288.0,5.25,4.0,4.0,0.0,3.9524,TP,20.75,124.5,31.5,126.0,21.0,1.5,4.0,0.2857,5.25,5.25,0.0,167.0,4,0,False,,27288.0,0.25,20.75,124.5,3.9524,2026-04-29 00:25:00,TP,126.0,122.4,2,False,True
OPF-20260725-124236,OPF_0.1,OPF_RESEARCH_2.14,MNQ_0.1,MNQ_1Contract_Target150_200,OPF_PROFILE_0.1,20260429-0030-BULL-OBS-001133-Z001132-FR,20260429-0035-Short-1134,2026-04-29 00:35:00,1134,2026-04-29 00:55:00,1138,Short,FailureReverse_ObservationInvalidated_WideStop1_5R,3,27277.0,27238.0,27286.75,27238.0,9.75,4.0,4.0,0.0,4.0,TP,39.0,234.0,58.5,234.0,39.5,4.75,4.0513,0.4872,9.75,9.75,0.0,401.0,5,0,False,"AbnormalTPFill:drift=42,max=4|NormalizedReplayExitFill:TP:raw=27196,expected=27238",27238.0,42.0,81.0,486.0,8.3077,2026-04-29 01:00:00,TP,234.0,230.4,5,False,True
OPF-20260725-124236,OPF_0.1,OPF_RESEARCH_2.14,MNQ_0.1,MNQ_1Contract_Target150_200,OPF_PROFILE_0.1,20260429-0140-BULL-OBS-001147-Z001147-OC,20260429-0145-Long-1148,2026-04-29 01:45:00,1148,2026-04-29 01:45:00,1148,Long,ObservationConfirm,3,27255.75,27248.416666666664,27248.5,27284.75,7.25,4.0,4.0,0.0,-1.0115,SL,-7.333333333333333,-44.0,43.5,174.0,0.0,7.333333333333333,0.0,1.0115,7.5,7.25,-0.25,357.0,6,1,False,,27248.5,0.0833333333333333,-7.333333333333333,-44.0,-1.0115,2026-04-29 01:50:00,SL,-43.5,-47.1,1,False,True
OPF-20260725-124236,OPF_0.1,OPF_RESEARCH_2.14,MNQ_0.1,MNQ_1Contract_Target150_200,OPF_PROFILE_0.1,20260429-0150-BULL-OBS-001149-Z001146-OC,20260429-0155-Long-1150,2026-04-29 01:55:00,1150,2026-04-29 04:00:00,1175,Long,ObservationConfirm,3,27248.0,27294.0,27236.5,27294.0,11.5,4.0,4.0,0.0,4.0,TP,46.0,276.0,69.0,276.0,48.5,4.75,4.2174,0.413,10.5,11.5,1.0,633.0,7,0,False,"AbnormalTPFill:drift=4.25,max=4|NormalizedReplayExitFill:TP:raw=27289.75,expected=27294",27294.0,4.25,41.75,250.5,3.6304,2026-04-29 04:00:00,TP,276.0,272.4,25,False,True
OPF-20260725-124236,OPF_0.1,OPF_RESEARCH_2.14,MNQ_0.1,MNQ_1Contract_Target150_200,OPF_PROFILE_0.1,20260429-0405-BULL-OBS-001176-Z001176-OC,20260429-0410-Long-1177,2026-04-29 04:10:00,1177,2026-04-29 04:55:00,1186,Long,ObservationConfirm,3,27295.0,27285.5,27285.5,27333.0,9.5,4.0,4.0,0.0,-1.0,SL,-9.5,-57.0,57.0,228.0,17.5,9.5,1.8421,1.0,9.0,9.5,0.5,576.0,8,1,False,"AbnormalSLFill:drift=4.5,max=4|NormalizedReplayExitFill:SL:raw=27290,expected=27285.5",27285.5,4.5,-5.0,-30.0,-0.5263,2026-04-29 05:00:00,SL,-57.0,-60.6,10,False,True
OPF-20260725-124236,OPF_0.1,OPF_RESEARCH_2.14,MNQ_0.1,MNQ_1Contract_Target150_200,OPF_PROFILE_0.1,20260429-0510-BULL-OBS-001189-Z001175-OC,20260429-0515-Long-1190,2026-04-29 05:15:00,1190,2026-04-29 05:15:00,1190,Long,ObservationConfirm,3,27288.0,27281.5,27281.5,27314.0,6.5,4.0,4.0,0.0,-1.0,SL,-6.5,-39.0,39.0,156.0,0.0,6.5,0.0,1.0,5.25,6.5,1.25,537.0,9,2,False,,27281.5,0.0,-6.5,-39.0,-1.0,2026-04-29 05:20:00,SL,-39.0,-42.6,1,False,True
OPF-20260725-124236,OPF_0.1,OPF_RESEARCH_2.14,MNQ_0.1,MNQ_1Contract_Target150_200,OPF_PROFILE_0.1,20260429-0615-BEAR-OBS-001202-Z001202-OC,20260429-0620-Short-1203,2026-04-29 06:20:00,1203,2026-04-29 06:45:00,1208,Short,ObservationConfirm,3,27289.0,27270.25,27301.75,27270.0,12.75,1.5,1.5,0.0,1.4706,TP,18.75,112.5,76.5,114.75,20.0,10.5,1.5686,0.8235,12.75,12.75,0.0,649.5,10,0,False,,27270.0,0.25,18.75,112.5,1.4706,2026-04-29 06:50:00,TP,114.75,111.15,6,False,True
OPF-20260725-124447,OPF_0.1,OPF_RESEARCH_2.14,MNQ_0.1,MNQ_1Contract_Target150_200,OPF_PROFILE_0.1,20260501-0055-BEAR-OBS-001138-Z001138,20260501-0055-Short-1138,2026-05-01 00:55:00,1138,2026-05-01 01:00:00,1139,Short,ZoneBirthResearch,3,27624.916666666664,27631.166666666664,27632.25,27606.5,7.333333333333333,2.5,2.5,0.0,-0.8523,SPLIT_BASE_SL_RUNNER_SL,-6.25,-37.51,44.0,110.0,12.416666666666666,6.25,1.6932,0.8523,7.75,7.333333333333333,-0.4167,-37.51,1,1,False,,27631.166666666664,0.0,-6.25,-37.51,-0.8523,2026-05-01 01:10:00,SPLIT_BASE_SL_RUNNER_SL,-44.0,-47.6,3,False,True
OPF-20260725-124447,OPF_0.1,OPF_RESEARCH_2.14,MNQ_0.1,MNQ_1Contract_Target150_200,OPF_PROFILE_0.1,20260501-0225-BEAR-OBS-001156-Z001156,20260501-0225-Short-1156,2026-05-01 02:25:00,1156,2026-05-01 02:50:00,1161,Short,ZoneBirthResearch,3,27637.75,27643.5,27643.75,27622.75,6.0,2.5,2.5,0.0,-0.9583,SPLIT_BASE_SL_RUNNER_SL,-5.75,-34.5,36.0,90.0,13.5,5.75,2.25,0.9583,6.25,6.0,-0.25,-72.01,2,2,False,,27643.5,0.0,-5.75,-34.5,-0.9583,2026-05-01 02:55:00,SPLIT_BASE_SL_RUNNER_SL,-36.0,-39.6,6,False,True
OPF-20260725-124447,OPF_0.1,OPF_RESEARCH_2.14,MNQ_0.1,MNQ_1Contract_Target150_200,OPF_PROFILE_0.1,20260501-0345-BEAR-OBS-001172-Z001172-OC,20260501-0350-Short-1173,2026-05-01 03:50:00,1173,2026-05-01 03:55:00,1174,Short,ObservationConfirm,3,27640.75,27630.333333333332,27647.5,27630.75,6.75,1.5,1.5,0.0,1.5432,TP,10.416666666666666,62.5,40.5,60.75,11.0,5.0,1.6296,0.7407,6.75,6.75,0.0,-9.51,3,0,False,,27630.75,0.4166666666666666,10.416666666666666,62.5,1.5432,2026-05-01 04:00:00,TP,60.75,57.15,2,False,True
OPF-20260725-124447,OPF_0.1,OPF_RESEARCH_2.14,MNQ_0.1,MNQ_1Contract_Target150_200,OPF_PROFILE_0.1,20260501-0350-BEAR-OBS-001173-Z001172-OC,20260501-0400-Short-1175,2026-05-01 04:00:00,1175,2026-05-01 06:30:00,1205,Short,ObservationConfirm,3,27630.833333333332,27603.75,27647.5,27605.75,16.666666666666664,1.5,1.5,0.0,1.625,TP,27.083333333333332,162.5,100.0,150.0,27.333333333333332,9.916666666666666,1.64,0.595,17.25,16.666666666666664,-0.5833,152.99,4,0,False,,27605.75,2.0,27.083333333333332,162.5,1.625,2026-05-01 06:35:00,TP,150.0,146.4,31,False,True
OPF-20260725-124447,OPF_0.1,OPF_RESEARCH_2.14,MNQ_0.1,MNQ_1Contract_Target150_200,OPF_PROFILE_0.1,20260501-0640-BEAR-OBS-001207-Z001207,20260501-0640-Short-1207,2026-05-01 06:40:00,1207,2026-05-01 06:50:00,1209,Short,ZoneBirthResearch,3,27604.5,27597.333333333332,27606.5,27599.5,2.0,2.5,2.5,0.0,3.5834,SPLIT_BASE_TP_RUNNER_TP,7.1667,43.0,12.0,30.0,12.25,1.5,6.125,0.75,3.25,2.0,-1.25,195.99,5,0,False,,27597.333333333332,0.0,7.1667,43.0,3.5834,2026-05-01 06:45:00,SPLIT_BASE_TP_RUNNER_TP,36.0,32.4,1,False,True
OPF-20260725-124447,OPF_0.1,OPF_RESEARCH_2.14,MNQ_0.1,MNQ_1Contract_Target150_200,OPF_PROFILE_0.1,20260501-0725-BEAR-OBS-001216-Z001216,20260501-0725-Short-1216,2026-05-01 07:25:00,1216,2026-05-01 07:50:00,1221,Short,ZoneBirthResearch,3,27604.833333333332,27584.833333333332,27611.5,27588.25,6.666666666666666,2.5,2.5,0.0,3.0,SPLIT_BASE_TP_RUNNER_TP,20.0,120.0,40.0,100.0,27.833333333333332,1.9166666666666663,4.175,0.2875,6.5,6.666666666666666,0.1667,315.99,6,0,False,,27584.833333333332,0.0,20.0,120.0,3.0,2026-05-01 07:55:00,SPLIT_BASE_TP_RUNNER_TP,120.0,116.4,6,False,True
OPF-20260725-124447,OPF_0.1,OPF_RESEARCH_2.14,MNQ_0.1,MNQ_1Contract_Target150_200,OPF_PROFILE_0.1,20260501-0835-BEAR-OBS-001230-Z001230-OC,20260501-0840-Short-1231,2026-05-01 08:40:00,1231,2026-05-01 10:35:00,1254,Short,ObservationConfirm,3,27564.5,27538.833333333332,27581.5,27539.0,17.0,1.5,1.5,0.0,1.5098,TP,25.666666666666664,154.0,102.0,153.0,26.25,16.75,1.5441,0.9853,16.75,17.0,0.25,469.99,7,0,False,,27539.0,0.1666666666666666,25.666666666666664,154.0,1.5098,2026-05-01 10:40:00,TP,153.0,149.4,24,False,True
OPF-20260725-124447,OPF_0.1,OPF_RESEARCH_2.14,MNQ_0.1,MNQ_1Contract_Target150_200,OPF_PROFILE_0.1,20260501-1040-BEAR-OBS-001255-Z001255,20260501-1040-Short-1255,2026-05-01 10:40:00,1255,2026-05-01 10:40:00,1255,Short,ZoneBirthResearch,3,27550.75,27558.75,27558.75,27530.75,8.0,2.5,2.5,0.0,-1.0,SPLIT_BASE_SL_RUNNER_SL,-8.0,-48.0,48.0,120.0,2.0,8.0,0.25,1.0,7.75,8.0,0.25,421.99,8,1,False,,27558.75,0.0,-8.0,-48.0,-1.0,2026-05-01 10:45:00,SPLIT_BASE_SL_RUNNER_SL,-48.0,-51.6,1,False,True
OPF-20260725-124447,OPF_0.1,OPF_RESEARCH_2.14,MNQ_0.1,MNQ_1Contract_Target150_200,OPF_PROFILE_0.1,20260501-1110-BEAR-BRK-001261-Z001261,20260501-1110-Short-1261,2026-05-01 11:10:00,1261,2026-05-01 11:10:00,1261,Short,BreakawayFvg,3,27548.25,27559.25,27559.25,27504.25,11.0,4.0,4.0,0.0,-1.0,SL,-11.0,-66.0,66.0,264.0,0.0,11.0,0.0,1.0,10.5,11.0,0.5,355.99,9,2,False,,27559.25,0.0,-11.0,-66.0,-1.0,2026-05-01 11:15:00,SL,-66.0,-69.6,1,False,True
OPF-20260725-124447,OPF_0.1,OPF_RESEARCH_2.14,MNQ_0.1,MNQ_1Contract_Target150_200,OPF_PROFILE_0.1,20260501-1745-BULL-OBS-001340-Z001340-OC,20260501-1750-Long-1341,2026-05-01 17:50:00,1341,2026-05-01 17:55:00,1342,Long,ObservationConfirm_WideStop1_5R,3,27884.5,27873.833333333332,27874.75,27913.75,9.75,3.0,3.0,0.0,-1.094,SL,-10.666666666666666,-64.0,58.5,175.5,9.75,10.666666666666666,1.0,1.094,9.38,9.75,0.37,291.99,10,3,False,,27874.75,0.9166666666666666,-10.666666666666666,-64.0,-1.094,2026-05-01 18:00:00,SL,-58.5,-62.1,2,False,True
OPF-20260725-124650,OPF_0.1,OPF_RESEARCH_2.14,MNQ_0.1,MNQ_1Contract_Target150_200,OPF_PROFILE_0.1,20260504-2235-BEAR-OBS-001111-Z001111-OC,20260504-2240-Short-1112,2026-05-04 22:40:00,1112,2026-05-04 22:45:00,1113,Short,ObservationConfirm,3,27763.75,27743.833333333332,27777.0,27744.0,13.25,1.5,1.5,0.0,1.5031,TP,19.916666666666664,119.5,79.5,119.25,19.916666666666664,0.75,1.5031,0.0566,13.0,13.25,0.25,119.5,1,0,False,,27744.0,0.1666666666666666,19.916666666666664,119.5,1.5031,2026-05-04 22:50:00,TP,119.25,115.65,2,False,True
OPF-20260725-124650,OPF_0.1,OPF_RESEARCH_2.14,MNQ_0.1,MNQ_1Contract_Target150_200,OPF_PROFILE_0.1,20260504-2255-BEAR-OBS-001115-Z001115,20260504-2255-Short-1115,2026-05-04 22:55:00,1115,2026-05-04 23:10:00,1118,Short,ZoneBirthResearch,3,27752.5,27746.5,27756.5,27742.5,4.0,2.5,2.5,0.0,1.5,SPLIT_BASE_TP_RUNNER_BE,6.0,36.0,24.0,60.0,11.25,9.75,2.8125,2.4375,3.5,4.0,0.5,155.5,2,0,False,,27746.5,0.0,6.0,36.0,1.5,2026-05-04 23:10:00,SPLIT_BASE_TP_RUNNER_BE,40.0,36.4,3,False,True
OPF-20260725-124650,OPF_0.1,OPF_RESEARCH_2.14,MNQ_0.1,MNQ_1Contract_Target150_200,OPF_PROFILE_0.1,20260505-0020-BEAR-OBS-001132-Z001132-OC,20260505-0025-Short-1133,2026-05-05 00:25:00,1133,2026-05-05 00:30:00,1134,Short,ObservationConfirm,3,27753.416666666664,27773.75,27772.75,27724.5,19.333333333333332,1.5,1.5,0.0,-1.0517,SL,-20.333333333333332,-122.0,116.0,174.0,2.6666666666666665,20.333333333333332,0.1379,1.0517,19.0,19.333333333333332,0.3333,33.5,3,1,False,,27772.75,1.0,-20.333333333333332,-122.0,-1.0517,2026-05-05 00:35:00,SL,-116.0,-119.6,2,False,True
OPF-20260725-124650,OPF_0.1,OPF_RESEARCH_2.14,MNQ_0.1,MNQ_1Contract_Target150_200,OPF_PROFILE_0.1,20260505-0100-BULL-OBS-001140-Z001139-OC,20260505-0105-Long-1141,2026-05-05 01:05:00,1141,2026-05-05 01:35:00,1147,Long,ObservationConfirm,3,27785.75,27831.75,27774.25,27831.75,11.5,4.0,4.0,0.0,4.0,TP,46.0,276.0,69.0,276.0,47.25,3.0,4.1087,0.2609,10.25,11.5,1.25,309.5,4,0,False,"AbnormalTPFill:drift=18.75,max=4|NormalizedReplayExitFill:TP:raw=27813,expected=27831.75",27831.75,18.75,27.25,163.5,2.3696,2026-05-05 01:35:00,TP,276.0,272.4,6,False,True
OPF-20260725-124650,OPF_0.1,OPF_RESEARCH_2.14,MNQ_0.1,MNQ_1Contract_Target150_200,OPF_PROFILE_0.1,20260505-0310-BULL-OBS-001166-Z001166-OC,20260505-0315-Long-1167,2026-05-05 03:15:00,1167,2026-05-05 04:10:00,1178,Long,ObservationConfirm_WideStop1_5R,3,27831.583333333332,27845.25,27813.25,27886.5,18.333333333333332,3.0,3.0,0.0,0.7455,TIME_STOP,13.666666666666666,82.0,110.0,330.0,27.666666666666664,3.333333333333333,1.5091,0.1818,18.38,18.333333333333332,-0.0467,391.5,5,0,False,,27845.5,0.25,13.666666666666666,82.0,0.7455,2026-05-05 04:10:00,TIME_STOP,83.5,79.9,11,False,True
OPF-20260725-124650,OPF_0.1,OPF_RESEARCH_2.14,MNQ_0.1,MNQ_1Contract_Target150_200,OPF_PROFILE_0.1,20260505-0415-BEAR-OBS-001179-Z001179-OC,20260505-0420-Short-1180,2026-05-05 04:20:00,1180,2026-05-05 04:35:00,1183,Short,ObservationConfirm,3,27841.0,27833.166666666664,27847.75,27831.0,6.75,1.5,1.5,0.0,1.1605,TP,7.833333333333333,47.0,40.5,60.75,10.25,3.0,1.5185,0.4444,6.0,6.75,0.75,438.5,6,0,False,,27831.0,2.1666666666666665,7.833333333333333,47.0,1.1605,2026-05-05 04:35:00,TP,60.75,57.15,3,False,True
OPF-20260725-124650,OPF_0.1,OPF_RESEARCH_2.14,MNQ_0.1,MNQ_1Contract_Target150_200,OPF_PROFILE_0.1,20260505-0500-BEAR-OBS-001188-Z001188-OC,20260505-0505-Short-1189,2026-05-05 05:05:00,1189,2026-05-05 05:10:00,1190,Short,ObservationConfirm,3,27831.0,27841.666666666664,27841.5,27815.25,10.5,1.5,1.5,0.0,-1.0159,SL,-10.666666666666666,-64.0,63.0,94.5,0.0,10.666666666666666,0.0,1.0159,10.0,10.5,0.5,374.5,7,1,False,,27841.5,0.1666666666666666,-10.666666666666666,-64.0,-1.0159,2026-05-05 05:15:00,SL,-63.0,-66.6,2,False,True
OPF-20260725-124650,OPF_0.1,OPF_RESEARCH_2.14,MNQ_0.1,MNQ_1Contract_Target150_200,OPF_PROFILE_0.1,20260505-0620-BULL-OBS-001204-Z001165-OC,20260505-0625-Long-1205,2026-05-05 06:25:00,1205,2026-05-05 06:55:00,1211,Long,ObservationConfirm_WideStop1_5R,3,27829.0,27881.5,27810.25,27885.25,18.75,3.0,3.0,0.0,2.8,TP,52.5,315.0,112.5,337.5,58.5,0.0,3.12,0.0,19.5,18.75,-0.75,689.5,8,0,False,,27885.25,3.75,52.5,315.0,2.8,2026-05-05 06:55:00,TP,337.5,333.9,6,False,True
OPF-20260725-124650,OPF_0.1,OPF_RESEARCH_2.14,MNQ_0.1,MNQ_1Contract_Target150_200,OPF_PROFILE_0.1,20260505-0700-BULL-OBS-001212-Z001211-OC-STR,20260505-0705-Long-1213,2026-05-05 07:05:00,1213,2026-05-05 08:00:00,1224,Long,ObservationStrict_Other,3,27890.75,27900.25,27867.25,27961.25,23.5,3.0,3.0,0.0,0.4043,TIME_STOP,9.5,57.0,141.0,423.0,35.75,15.75,1.5213,0.6702,22.75,23.5,0.75,746.5,9,0,False,,27900.25,0.0,9.5,57.0,0.4043,2026-05-05 08:00:00,TIME_STOP,57.0,53.4,11,False,True
OPF-20260725-124650,OPF_0.1,OPF_RESEARCH_2.14,MNQ_0.1,MNQ_1Contract_Target150_200,OPF_PROFILE_0.1,20260505-0815-BULL-OBS-001227-Z001227-OC,20260505-0820-Long-1228,2026-05-05 08:20:00,1228,2026-05-05 09:15:00,1239,Long,ObservationConfirm_WideStop1_5R,3,27924.5,27922.166666666664,27904.75,27983.75,19.75,3.0,3.0,0.0,-0.1181,TIME_STOP,-2.333333333333333,-14.0,118.5,355.5,18.5,16.0,0.9367,0.8101,19.12,19.75,0.63,732.5,10,1,False,,27922.0,0.1666666666666666,-2.333333333333333,-14.0,-0.1181,2026-05-05 09:15:00,TIME_STOP,-15.0,-18.6,11,False,True
OPF-20260725-124853,OPF_0.1,OPF_RESEARCH_2.14,MNQ_0.1,MNQ_1Contract_Target150_200,OPF_PROFILE_0.1,20260521-2345-BULL-OBS-001125-Z001125-OC,20260521-2350-Long-1126,2026-05-21 23:50:00,1126,2026-05-21 23:55:00,1127,Long,ObservationConfirm,3,29549.5,29539.75,29539.5,29589.5,10.0,4.0,4.0,0.0,-0.975,SL,-9.75,-58.5,60.0,240.0,8.5,9.75,0.85,0.975,9.25,10.0,0.75,-58.5,1,1,False,,29539.5,0.25,-9.75,-58.5,-0.975,2026-05-22 00:00:00,SL,-60.0,-63.6,2,False,True
OPF-20260725-124853,OPF_0.1,OPF_RESEARCH_2.14,MNQ_0.1,MNQ_1Contract_Target150_200,OPF_PROFILE_0.1,20260522-0245-BULL-OBS-001161-Z001161-OC,20260522-0250-Long-1162,2026-05-22 02:50:00,1162,2026-05-22 03:00:00,1164,Long,ObservationConfirm,3,29539.0,29529.5,29529.75,29576.0,9.25,4.0,4.0,0.0,-1.027,SL,-9.5,-57.0,55.5,222.0,14.5,9.5,1.5676,1.027,8.75,9.25,0.5,-115.5,2,2,False,,29529.75,0.25,-9.5,-57.0,-1.027,2026-05-22 03:05:00,SL,-55.5,-59.1,3,False,True
OPF-20260725-124853,OPF_0.1,OPF_RESEARCH_2.14,MNQ_0.1,MNQ_1Contract_Target150_200,OPF_PROFILE_0.1,20260522-0455-BULL-OBS-001187-Z001187-OC,20260522-0500-Long-1188,2026-05-22 05:00:00,1188,2026-05-22 05:20:00,1192,Long,ObservationConfirm_WideStop1_5R,3,29593.166666666664,29575.0,29574.5,29649.25,18.666666666666664,3.0,3.0,0.0,-0.9732,SL,-18.166666666666664,-109.0,112.0,336.0,13.583333333333332,18.166666666666664,0.7277,0.9732,18.0,18.666666666666664,0.6667,-224.5,3,3,False,,29574.5,0.5,-18.166666666666664,-109.0,-0.9732,2026-05-22 05:25:00,SL,-112.0,-115.6,5,False,True
OPF-20260725-124853,OPF_0.1,OPF_RESEARCH_2.14,MNQ_0.1,MNQ_1Contract_Target150_200,OPF_PROFILE_0.1,20260522-0605-BEAR-OBS-001201-Z001200,20260522-0605-Short-1201,2026-05-22 06:05:00,1201,2026-05-22 06:10:00,1202,Short,UnknownRegimeZoneTouch,3,29547.166666666664,29572.5,29572.5,29471.25,25.333333333333332,3.0,3.0,0.0,-1.0,SL,-25.333333333333332,-152.0,152.0,456.0,2.4166666666666665,25.333333333333332,0.0954,1.0,24.0,25.333333333333332,1.3333,-376.5,4,4,False,,29572.5,0.0,-25.333333333333332,-152.0,-1.0,2026-05-22 06:15:00,SL,-152.0,-155.6,2,False,True
OPF-20260725-124853,OPF_0.1,OPF_RESEARCH_2.14,MNQ_0.1,MNQ_1Contract_Target150_200,OPF_PROFILE_0.1,20260522-0805-BULL-OBS-001225-Z001225-OC,20260522-0810-Long-1226,2026-05-22 08:10:00,1226,2026-05-22 08:10:00,1226,Long,ObservationConfirm,3,29596.0,29640.5,29585.0,29640.0,11.0,4.0,4.0,0.0,4.0455,TP,44.5,267.0,66.0,264.0,46.5,0.0,4.2273,0.0,11.0,11.0,0.0,-109.5,5,0,False,,29640.0,0.5,44.5,267.0,4.0455,2026-05-22 08:15:00,TP,264.0,260.4,1,False,True
OPF-20260725-124853,OPF_0.1,OPF_RESEARCH_2.14,MNQ_0.1,MNQ_1Contract_Target150_200,OPF_PROFILE_0.1,20260522-0835-BEAR-OBS-001231-Z001231,20260522-0835-Short-1231,2026-05-22 08:35:00,1231,2026-05-22 09:00:00,1236,Short,ZoneBirthResearch,3,29606.916666666664,29555.5,29624.0,29564.25,17.083333333333332,2.5,2.5,0.0,3.0098,SPLIT_BASE_TP_RUNNER_TP,51.4167,308.5,102.5,256.25,68.66666666666666,10.833333333333332,4.0195,0.6341,17.5,17.083333333333332,-0.4167,199.0,6,0,False,"NormalizedReplayExitFill:RUNNER_TP:raw=29545.5,expected=29538.5",29555.5,2.333333333333333,49.0833,294.5,2.8732,2026-05-22 09:00:00,SPLIT_BASE_TP_RUNNER_TP,307.5,303.9,5,False,True
OPF-20260725-124853,OPF_0.1,OPF_RESEARCH_2.14,MNQ_0.1,MNQ_1Contract_Target150_200,OPF_PROFILE_0.1,20260522-0910-BEAR-OBS-001238-Z001238-OC,20260522-0915-Short-1239,2026-05-22 09:15:00,1239,2026-05-22 09:20:00,1240,Short,ObservationConfirm,3,29520.0,29493.75,29538.75,29492.0,18.75,1.5,1.5,0.0,1.4,TP,26.25,157.5,112.5,168.75,28.0,8.25,1.4933,0.44,18.5,18.75,0.25,356.5,7,0,False,,29492.0,1.75,26.25,157.5,1.4,2026-05-22 09:25:00,TP,168.75,165.15,2,False,True
OPF-20260725-125057,OPF_0.1,OPF_RESEARCH_2.14,MNQ_0.1,MNQ_1Contract_Target150_200,OPF_PROFILE_0.1,20260527-0110-BULL-OBS-001094-Z001094-OC,20260527-0115-Long-1095,2026-05-27 01:15:00,1095,2026-05-27 01:50:00,1102,Long,ObservationConfirm_WideStop1_5R,3,30146.25,30124.416666666664,30123.75,30213.75,22.5,3.0,3.0,0.0,-0.9704,SL,-21.833333333333332,-131.0,135.0,405.0,11.5,21.833333333333332,0.5111,0.9704,22.88,22.5,-0.38,-131.0,1,1,False,,30123.75,0.6666666666666666,-21.833333333333332,-131.0,-0.9704,2026-05-27 01:55:00,SL,-135.0,-138.6,8,False,True
OPF-20260725-125057,OPF_0.1,OPF_RESEARCH_2.14,MNQ_0.1,MNQ_1Contract_Target150_200,OPF_PROFILE_0.1,20260527-0315-BEAR-OBS-001119-Z001119-OC,20260527-0320-Short-1120,2026-05-27 03:20:00,1120,2026-05-27 03:50:00,1126,Short,ObservationConfirm,3,30125.0,30101.0,30141.5,30100.25,16.5,1.5,1.5,0.0,1.4545,TP,24.0,144.0,99.0,148.5,24.75,7.25,1.5,0.4394,16.25,16.5,0.25,13.0,2,0,False,,30100.25,0.75,24.0,144.0,1.4545,2026-05-27 03:55:00,TP,148.5,144.9,7,False,True
OPF-20260725-125057,OPF_0.1,OPF_RESEARCH_2.14,MNQ_0.1,MNQ_1Contract_Target150_200,OPF_PROFILE_0.1,20260527-0350-BEAR-OBS-001126-Z001126-OC,20260527-0355-Short-1127,2026-05-27 03:55:00,1127,2026-05-27 04:00:00,1128,Short,ObservationConfirm,3,30097.25,30118.75,30118.5,30065.5,21.25,1.5,1.5,0.0,-1.0118,SL,-21.5,-129.0,127.5,191.25,3.5,21.5,0.1647,1.0118,21.25,21.25,0.0,-116.0,3,1,False,,30118.5,0.25,-21.5,-129.0,-1.0118,2026-05-27 04:05:00,SL,-127.5,-131.1,2,False,True
OPF-20260725-125057,OPF_0.1,OPF_RESEARCH_2.14,MNQ_0.1,MNQ_1Contract_Target150_200,OPF_PROFILE_0.1,20260527-0720-BULL-OBS-001168-Z001168-OC,20260527-0725-Long-1169,2026-05-27 07:25:00,1169,2026-05-27 07:40:00,1172,Long,ObservationConfirm,3,30125.75,30114.583333333332,30114.5,30170.75,11.25,4.0,4.0,0.0,-0.9926,SL,-11.166666666666666,-67.0,67.5,270.0,12.25,11.166666666666666,1.0889,0.9926,10.25,11.25,1.0,-183.0,4,2,False,,30114.5,0.0833333333333333,-11.166666666666666,-67.0,-0.9926,2026-05-27 07:45:00,SL,-67.5,-71.1,4,False,True
OPF-20260725-125057,OPF_0.1,OPF_RESEARCH_2.14,MNQ_0.1,MNQ_1Contract_Target150_200,OPF_PROFILE_0.1,20260527-1040-BEAR-OBS-001208-Z001207-OC,20260527-1045-Short-1209,2026-05-27 10:45:00,1209,2026-05-27 10:45:00,1209,Short,ObservationConfirm,3,30223.916666666664,30230.75,30230.5,30214.0,6.583333333333333,1.5,1.5,0.0,-1.038,SL,-6.833333333333333,-41.0,39.5,59.25,0.6666666666666666,6.833333333333333,0.1013,1.038,5.75,6.583333333333333,0.8333,-224.0,5,3,False,,30230.5,0.25,-6.833333333333333,-41.0,-1.038,2026-05-27 10:50:00,SL,-39.5,-43.1,1,False,True
OPF-20260725-125057,OPF_0.1,OPF_RESEARCH_2.14,MNQ_0.1,MNQ_1Contract_Target150_200,OPF_PROFILE_0.1,20260527-1830-BULL-OBS-001302-Z001302-OC,20260527-1840-Long-1304,2026-05-27 18:40:00,1304,2026-05-27 18:55:00,1307,Long,ObservationConfirm_WideStop1_5R,3,30047.75,30030.25,30029.5,30102.5,18.25,3.0,3.0,0.0,-0.9589,SL,-17.5,-105.0,109.5,328.5,7.5,17.75,0.411,0.9726,18.0,18.25,0.25,-329.0,6,4,False,,30029.5,0.75,-17.5,-105.0,-0.9589,2026-05-27 19:00:00,SL,-109.5,-113.1,4,False,True
OPF-20260725-125313,OPF_0.1,OPF_RESEARCH_2.14,MNQ_0.1,MNQ_1Contract_Target150_200,OPF_PROFILE_0.1,20260603-0140-BEAR-OBS-001148-Z001148-OC,20260603-0145-Short-1149,2026-06-03 01:45:00,1149,2026-06-03 01:45:00,1149,Short,ObservationConfirm_WideStop1_5R,3,30665.916666666664,30683.583333333332,30683.5,30639.5,17.583333333333332,1.5,1.5,0.0,-1.0047,SL,-17.666666666666664,-106.0,105.5,158.25,7.666666666666665,17.666666666666664,0.436,1.0047,16.88,17.583333333333332,0.7033,-106.0,1,1,False,,30683.5,0.0833333333333333,-17.666666666666664,-106.0,-1.0047,2026-06-03 01:50:00,SL,-105.5,-109.1,1,False,True
OPF-20260725-125313,OPF_0.1,OPF_RESEARCH_2.14,MNQ_0.1,MNQ_1Contract_Target150_200,OPF_PROFILE_0.1,20260603-0410-BEAR-OBS-001178-Z001114-OC,20260603-0415-Short-1179,2026-06-03 04:15:00,1179,2026-06-03 05:00:00,1188,Short,ObservationConfirm,3,30716.25,30686.0,30736.5,30686.0,20.25,1.5,1.5,0.0,1.4938,TP,30.25,181.5,121.5,182.25,38.0,14.5,1.8765,0.716,19.5,20.25,0.75,75.5,2,0,False,"AbnormalTPFill:drift=11.08,max=4|NormalizedReplayExitFill:TP:raw=30697.08333333,expected=30686",30686.0,11.083333333333332,19.166666666666664,115.0,0.9465,2026-06-03 05:00:00,TP,182.25,178.65,9,False,True
OPF-20260725-125313,OPF_0.1,OPF_RESEARCH_2.14,MNQ_0.1,MNQ_1Contract_Target150_200,OPF_PROFILE_0.1,20260603-0510-BULL-OBS-001190-Z001190-OC,20260603-0515-Long-1191,2026-06-03 05:15:00,1191,2026-06-03 05:25:00,1193,Long,ObservationConfirm_WideStop1_5R,3,30713.75,30696.5,30696.75,30764.75,17.0,3.0,3.0,0.0,-1.0147,SL,-17.25,-103.5,102.0,306.0,9.5,17.25,0.5588,1.0147,18.0,17.0,-1.0,-28.0,3,1,False,,30696.75,0.25,-17.25,-103.5,-1.0147,2026-06-03 05:30:00,SL,-102.0,-105.6,3,False,True
OPF-20260725-125313,OPF_0.1,OPF_RESEARCH_2.14,MNQ_0.1,MNQ_1Contract_Target150_200,OPF_PROFILE_0.1,20260603-0840-BEAR-OBS-001232-Z001232,20260603-0840-Short-1232,2026-06-03 08:40:00,1232,2026-06-03 08:40:00,1232,Short,ZoneBirthResearch,3,30717.0,30724.25,30724.25,30699.0,7.25,2.5,2.5,0.0,-1.0,SPLIT_BASE_SL_RUNNER_SL,-7.25,-43.5,43.5,108.75,6.0,7.25,0.8276,1.0,7.5,7.25,-0.25,-71.5,4,2,False,,30724.25,0.0,-7.25,-43.5,-1.0,2026-06-03 08:45:00,SPLIT_BASE_SL_RUNNER_SL,-43.5,-47.1,1,False,True
OPF-20260725-125313,OPF_0.1,OPF_RESEARCH_2.14,MNQ_0.1,MNQ_1Contract_Target150_200,OPF_PROFILE_0.1,20260603-1030-BULL-OBS-001254-Z001254-OC,20260603-1035-Long-1255,2026-06-03 10:35:00,1255,2026-06-03 10:35:00,1255,Long,ObservationConfirm,3,30765.5,30754.916666666664,30755.0,30807.5,10.5,4.0,4.0,0.0,-1.0079,SL,-10.583333333333332,-63.5,63.0,252.0,0.5,10.583333333333332,0.0476,1.0079,10.5,10.5,0.0,-135.0,5,3,False,,30755.0,0.0833333333333333,-10.583333333333332,-63.5,-1.0079,2026-06-03 10:40:00,SL,-63.0,-66.6,1,False,True
OPF-20260725-125313,OPF_0.1,OPF_RESEARCH_2.14,MNQ_0.1,MNQ_1Contract_Target150_200,OPF_PROFILE_0.1,20260603-1625-BEAR-OBS-001325-Z001325,20260603-1625-Short-1325,2026-06-03 16:25:00,1325,2026-06-03 16:25:00,1325,Short,ZoneBirthResearch,3,30552.5,30565.5,30565.75,30519.5,13.25,2.5,2.5,0.0,-0.9811,SPLIT_BASE_SL_RUNNER_SL,-13.0,-78.0,79.5,198.75,6.25,13.0,0.4717,0.9811,13.0,13.25,0.25,-213.0,6,4,False,,30565.5,0.0,-13.0,-78.0,-0.9811,2026-06-03 16:30:00,SPLIT_BASE_SL_RUNNER_SL,-79.5,-83.1,1,False,True
OPF-20260725-125313,OPF_0.1,OPF_RESEARCH_2.14,MNQ_0.1,MNQ_1Contract_Target150_200,OPF_PROFILE_0.1,20260603-1830-BULL-OBS-001350-Z001350-FR,20260603-1835-Short-1351,2026-06-03 18:35:00,1351,2026-06-03 19:30:00,1362,Short,FailureReverse_ObservationInvalidated_WideStop1_5R,3,30646.0,30670.0,30670.0,30550.0,24.0,4.0,4.0,0.0,-1.0,SL,-24.0,-144.0,144.0,576.0,35.25,24.0,1.4688,1.0,24.0,24.0,0.0,-357.0,7,5,False,,30670.0,0.0,-24.0,-144.0,-1.0,2026-06-03 19:35:00,SL,-144.0,-147.6,12,False,True
OPF-20260725-125531,OPF_0.1,OPF_RESEARCH_2.14,MNQ_0.1,MNQ_1Contract_Target150_200,OPF_PROFILE_0.1,20260608-2255-BEAR-OBS-001115-Z001105-OC,20260608-2300-Short-1116,2026-06-08 23:00:00,1116,2026-06-08 23:05:00,1117,Short,ObservationConfirm,3,29414.5,29433.0,29433.0,29386.75,18.5,1.5,1.5,0.0,-1.0,SL,-18.5,-111.0,111.0,166.5,10.75,18.5,0.5811,1.0,18.5,18.5,0.0,-111.0,1,1,False,"AbnormalSLFill:drift=4.33,max=4|NormalizedReplayExitFill:SL:raw=29437.33333333,expected=29433",29433.0,4.333333333333333,-22.833333333333332,-137.0,-1.2342,2026-06-08 23:10:00,SL,-111.0,-114.6,2,False,True
OPF-20260725-125531,OPF_0.1,OPF_RESEARCH_2.14,MNQ_0.1,MNQ_1Contract_Target150_200,OPF_PROFILE_0.1,20260609-1120-BULL-PB-001264-Z001259,20260609-1120-Long-1264,2026-06-09 11:20:00,1264,2026-06-09 11:35:00,1267,Long,AlmostConfirmed,3,29673.083333333332,29712.0,29663.25,29712.5,9.83333333333333,4.0,4.0,0.0,3.9576,TP,38.916666666666664,233.5,59.0,236.0,39.416666666666664,1.8333333333333333,4.0085,0.1864,10.25,9.83333333333333,-0.4167,122.5,2,0,False,,29712.5,0.5,38.916666666666664,233.5,3.9576,2026-06-09 11:40:00,TP,236.0,232.4,4,False,True
OPF-20260725-125531,OPF_0.1,OPF_RESEARCH_2.14,MNQ_0.1,MNQ_1Contract_Target150_200,OPF_PROFILE_0.1,20260609-1245-BEAR-OBS-001281-Z001281-OC,20260609-1250-Short-1282,2026-06-09 12:50:00,1282,2026-06-09 12:50:00,1282,Short,ObservationConfirm,3,29687.916666666664,29708.0,29707.25,29659.0,19.333333333333332,1.5,1.5,0.0,-1.0388,SL,-20.083333333333332,-120.5,116.0,174.0,1.1666666666666665,20.083333333333332,0.0603,1.0388,18.75,19.333333333333332,0.5833,2.0,3,1,False,,29707.25,0.75,-20.083333333333332,-120.5,-1.0388,2026-06-09 12:55:00,SL,-116.0,-119.6,1,False,True
OPF-20260725-125829,OPF_0.1,OPF_RESEARCH_2.14,MNQ_0.1,MNQ_1Contract_Target150_200,OPF_PROFILE_0.1,20260623-0120-BEAR-OBS-001096-Z001096-OC,20260623-0125-Short-1097,2026-06-23 01:25:00,1097,2026-06-23 01:25:00,1097,Short,ObservationConfirm,3,30565.5,30538.0,30584.0,30537.75,18.5,1.5,1.5,0.0,1.4865,TP,27.5,165.0,111.0,166.5,28.0,0.0,1.5135,0.0,18.25,18.5,0.25,165.0,1,0,False,,30537.75,0.25,27.5,165.0,1.4865,2026-06-23 01:30:00,TP,166.5,162.9,1,False,True
OPF-20260725-125829,OPF_0.1,OPF_RESEARCH_2.14,MNQ_0.1,MNQ_1Contract_Target150_200,OPF_PROFILE_0.1,20260623-0310-BEAR-BRK-001118-Z001118,20260623-0310-Short-1118,2026-06-23 03:10:00,1118,2026-06-23 03:45:00,1125,Short,BreakawayFvg,3,30366.166666666664,30366.75,30366.25,30277.75,22.083333333333332,4.0,4.0,0.0,-0.0264,SL,-0.5833333333333333,-3.5,132.5,530.0,65.16666666666666,14.333333333333332,2.9509,0.6491,21.75,22.083333333333332,0.3333,161.5,2,1,False,,30366.25,0.5,-0.5833333333333333,-3.5,-0.0264,2026-06-23 03:50:00,BE,0.0,-3.6,8,False,True
OPF-20260725-125829,OPF_0.1,OPF_RESEARCH_2.14,MNQ_0.1,MNQ_1Contract_Target150_200,OPF_PROFILE_0.1,20260623-0425-BEAR-OBS-001133-Z001132-OC,20260623-0430-Short-1134,2026-06-23 04:30:00,1134,2026-06-23 04:45:00,1137,Short,ObservationConfirm,3,30314.083333333332,30280.75,30336.0,30281.25,21.916666666666664,1.5,1.5,0.0,1.5209,TP,33.33333333333333,200.0,131.5,197.25,33.33333333333333,8.916666666666666,1.5209,0.4068,21.0,21.916666666666664,0.9167,361.5,3,0,False,,30281.25,0.5,33.33333333333333,200.0,1.5209,2026-06-23 04:50:00,TP,197.25,193.65,4,False,True
OPF-20260725-125829,OPF_0.1,OPF_RESEARCH_2.14,MNQ_0.1,MNQ_1Contract_Target150_200,OPF_PROFILE_0.1,20260623-0700-BEAR-BRK-001164-Z001164,20260623-0700-Short-1164,2026-06-23 07:00:00,1164,2026-06-23 07:00:00,1164,Short,BreakawayFvg,3,29975.75,29989.5,29989.0,29922.75,13.25,4.0,4.0,0.0,-1.0377,SL,-13.75,-82.5,79.5,318.0,0.0,13.75,0.0,1.0377,12.75,13.25,0.5,279.0,4,1,False,,29989.0,0.5,-13.75,-82.5,-1.0377,2026-06-23 07:05:00,BE,0.0,-3.6,1,False,True
OPF-20260725-125829,OPF_0.1,OPF_RESEARCH_2.14,MNQ_0.1,MNQ_1Contract_Target150_200,OPF_PROFILE_0.1,20260623-0755-BEAR-BRK-001175-Z001175,20260623-0755-Short-1175,2026-06-23 07:55:00,1175,2026-06-23 08:15:00,1179,Short,BreakawayFvg,3,29907.916666666664,29788.5,29908.0,29788.5,29.833333333333332,4.0,4.0,0.0,4.0028,TP,119.41666666666666,716.5,179.0,716.0,119.41666666666666,11.583333333333332,4.0028,0.3883,29.75,29.833333333333332,0.0833,995.5,5,0,False,,29788.5,0.0,119.41666666666666,716.5,4.0028,2026-06-23 08:20:00,TP,716.0,712.4,5,False,True
OPF-20260725-125829,OPF_0.1,OPF_RESEARCH_2.14,MNQ_0.1,MNQ_1Contract_Target150_200,OPF_PROFILE_0.1,20260623-1035-BEAR-OBS-001207-Z001207,20260623-1035-Short-1207,2026-06-23 10:35:00,1207,2026-06-23 10:50:00,1210,Short,ZoneBirthResearch,3,29798.75,29775.25,29817.0,29753.25,18.25,2.5,2.5,0.0,1.2877,SPLIT_BASE_TP_RUNNER_SL,23.5,141.0,109.5,273.75,48.25,14.0,2.6438,0.7671,16.75,18.25,1.5,1136.5,6,0,False,,29775.25,0.0,23.5,141.0,1.2877,2026-06-23 10:55:00,SPLIT_BASE_TP_RUNNER_SL,146.0,142.4,4,False,True
OPF-20260725-125829,OPF_0.1,OPF_RESEARCH_2.14,MNQ_0.1,MNQ_1Contract_Target150_200,OPF_PROFILE_0.1,20260623-1110-BEAR-OBS-001214-Z001205-OC,20260623-1115-Short-1215,2026-06-23 11:15:00,1215,2026-06-23 11:15:00,1215,Short,ObservationConfirm,3,29837.916666666664,29813.0,29855.25,29812.0,17.333333333333332,1.5,1.5,0.0,1.4375,TP,24.916666666666664,149.5,104.0,156.0,26.166666666666664,1.5833333333333333,1.5096,0.0913,17.0,17.333333333333332,0.3333,1286.0,7,0,False,,29812.0,1.0,24.916666666666664,149.5,1.4375,2026-06-23 11:20:00,TP,156.0,152.4,1,False,True
OPF-20260725-125829,OPF_0.1,OPF_RESEARCH_2.14,MNQ_0.1,MNQ_1Contract_Target150_200,OPF_PROFILE_0.1,20260623-1650-BEAR-OBS-001282-Z001282,20260623-1650-Short-1282,2026-06-23 16:50:00,1282,2026-06-23 16:50:00,1282,Short,ZoneBirthResearch,3,29855.0,29869.0,29867.75,29823.25,12.75,2.5,2.5,0.0,-1.098,SPLIT_BASE_SL_RUNNER_SL,-14.0,-84.0,76.5,191.25,17.5,14.0,1.3725,1.098,12.5,12.75,0.25,1202.0,8,1,False,,29869.0,0.0,-14.0,-84.0,-1.098,2026-06-23 16:55:00,SPLIT_BASE_SL_RUNNER_SL,-76.5,-80.1,1,False,True
OPF-20260725-125829,OPF_0.1,OPF_RESEARCH_2.14,MNQ_0.1,MNQ_1Contract_Target150_200,OPF_PROFILE_0.1,20260623-1745-BEAR-BRK-001293-Z001293,20260623-1745-Short-1293,2026-06-23 17:45:00,1293,2026-06-23 20:50:00,1330,Short,BreakawayFvg,3,29827.333333333332,29725.916666666664,29827.25,29742.75,21.166666666666664,4.0,4.0,0.0,4.7913,SESSION_FLATTEN,101.41666666666666,608.5,127.0,508.0,250.08333333333331,1.6666666666666665,11.815,0.0787,20.75,21.166666666666664,0.4167,1810.5,9,0,False,,29725.75,0.1666666666666666,101.41666666666666,608.5,4.7913,2026-06-23 17:55:00,TP,508.0,504.4,2,False,True
OPF-20260725-130116,OPF_0.1,OPF_RESEARCH_2.14,MNQ_0.1,MNQ_1Contract_Target150_200,OPF_PROFILE_0.1,20260629-2235-BEAR-OBS-001111-Z001111,20260629-2235-Short-1111,2026-06-29 22:35:00,1111,2026-06-29 22:35:00,1111,Short,ZoneBirthResearch,3,30000.75,30006.5,30006.5,29986.5,5.75,2.5,2.5,0.0,-1.0,SPLIT_BASE_SL_RUNNER_SL,-5.75,-34.5,34.5,86.25,0.0,5.75,0.0,1.0,5.75,5.75,0.0,-34.5,1,1,False,,30006.5,0.0,-5.75,-34.5,-1.0,2026-06-29 22:40:00,SPLIT_BASE_SL_RUNNER_SL,-34.5,-38.1,1,False,True
OPF-20260725-130116,OPF_0.1,OPF_RESEARCH_2.14,MNQ_0.1,MNQ_1Contract_Target150_200,OPF_PROFILE_0.1,20260629-2310-BULL-OBS-001118-Z001118-OC,20260629-2315-Long-1119,2026-06-29 23:15:00,1119,2026-06-29 23:15:00,1119,Long,ObservationConfirm,3,30032.25,30026.333333333332,30023.5,30067.25,8.75,4.0,4.0,0.0,-0.6762,SL,-5.916666666666666,-35.5,52.5,210.0,8.5,5.916666666666666,0.9714,0.6762,8.5,8.75,0.25,-70.0,2,2,False,,30023.5,2.833333333333333,-5.916666666666666,-35.5,-0.6762,2026-06-29 23:20:00,SL,-52.5,-56.1,1,False,True
OPF-20260725-130116,OPF_0.1,OPF_RESEARCH_2.14,MNQ_0.1,MNQ_1Contract_Target150_200,OPF_PROFILE_0.1,20260629-2345-BULL-OBS-001125-Z001117-OC,20260629-2350-Long-1126,2026-06-29 23:50:00,1126,2026-06-29 23:55:00,1127,Long,ObservationConfirm_WideStop1_5R,3,30030.25,30011.166666666664,30009.75,30091.75,20.5,3.0,3.0,0.0,-0.9309,SL,-19.083333333333332,-114.5,123.0,369.0,21.5,19.083333333333332,1.0488,0.9309,20.62,20.5,-0.12,-184.5,3,3,False,,30009.75,1.4166666666666665,-19.083333333333332,-114.5,-0.9309,2026-06-30 00:00:00,SL,-123.0,-126.6,2,False,True
OPF-20260725-130116,OPF_0.1,OPF_RESEARCH_2.14,MNQ_0.1,MNQ_1Contract_Target150_200,OPF_PROFILE_0.1,20260630-0300-BEAR-OBS-001164-Z001164,20260630-0300-Short-1164,2026-06-30 03:00:00,1164,2026-06-30 03:00:00,1164,Short,ZoneBirthResearch,3,30022.416666666664,30031.5,30029.0,30006.0,6.583333333333333,2.5,2.5,0.0,-1.3797,SPLIT_BASE_SL_RUNNER_SL,-9.0833,-54.5,39.5,98.75,1.1666666666666665,9.0833,0.1772,1.3797,6.0,6.583333333333333,0.5833,-239.0,4,4,False,,30031.5,0.0,-9.0833,-54.5,-1.3797,2026-06-30 03:05:00,SPLIT_BASE_SL_RUNNER_SL,-39.5,-43.1,1,False,True
OPF-20260725-130116,OPF_0.1,OPF_RESEARCH_2.14,MNQ_0.1,MNQ_1Contract_Target150_200,OPF_PROFILE_0.1,20260630-0355-BEAR-OBS-001175-Z001175,20260630-0355-Short-1175,2026-06-30 03:55:00,1175,2026-06-30 03:55:00,1175,Short,ZoneBirthResearch,3,30095.25,30108.25,30108.5,30062.25,13.25,2.5,2.5,0.0,-0.9811,SPLIT_BASE_SL_RUNNER_SL,-13.0,-78.0,79.5,198.75,0.5,13.0,0.0377,0.9811,12.25,13.25,1.0,-317.0,5,5,False,,30108.25,0.0,-13.0,-78.0,-0.9811,2026-06-30 04:00:00,SPLIT_BASE_SL_RUNNER_SL,-79.5,-83.1,1,False,True
OPF-20260725-130116,OPF_0.1,OPF_RESEARCH_2.14,MNQ_0.1,MNQ_1Contract_Target150_200,OPF_PROFILE_0.1,20260630-0440-BULL-OBS-001184-Z001184-OC,20260630-0445-Long-1185,2026-06-30 04:45:00,1185,2026-06-30 05:10:00,1190,Long,ObservationConfirm_WideStop1_5R,3,30195.0,30170.75,30170.5,30268.5,24.5,3.0,3.0,0.0,-0.9898,SL,-24.25,-145.5,147.0,441.0,22.25,24.25,0.9082,0.9898,24.0,24.5,0.5,-462.5,6,6,False,,30170.5,0.25,-24.25,-145.5,-0.9898,2026-06-30 05:15:00,SL,-147.0,-150.6,6,False,True
OPF-20260725-130116,OPF_0.1,OPF_RESEARCH_2.14,MNQ_0.1,MNQ_1Contract_Target150_200,OPF_PROFILE_0.1,20260630-0550-BEAR-OBS-001198-Z001194-OC,20260630-0605-Short-1201,2026-06-30 06:05:00,1201,2026-06-30 06:20:00,1204,Short,ObservationConfirm,3,30154.916666666664,30129.25,30172.0,30129.25,17.083333333333332,1.5,1.5,0.0,1.5024,TP,25.666666666666664,154.0,102.5,153.75,25.916666666666664,8.583333333333332,1.5171,0.5024,17.0,17.083333333333332,0.0833,-308.5,7,0,False,"AbnormalTPFill:drift=7.5,max=4|NormalizedReplayExitFill:TP:raw=30136.75,expected=30129.25",30129.25,7.5,18.166666666666664,109.0,1.0634,2026-06-30 06:20:00,TP,153.75,150.15,3,False,True
OPF-20260725-130116,OPF_0.1,OPF_RESEARCH_2.14,MNQ_0.1,MNQ_1Contract_Target150_200,OPF_PROFILE_0.1,20260630-0750-BULL-OBS-001222-Z001171-OC-STR,20260630-0755-Long-1223,2026-06-30 07:55:00,1223,2026-06-30 08:30:00,1230,Long,ObservationStrict_Other,3,30084.916666666664,30066.583333333332,30065.0,30144.75,19.916666666666664,3.0,3.0,0.0,-0.9205,SL,-18.333333333333332,-110.0,119.5,358.5,50.08333333333333,18.666666666666664,2.5146,0.9372,17.5,19.916666666666664,2.4167,-418.5,8,1,False,,30065.0,1.5833333333333333,-18.333333333333332,-110.0,-0.9205,2026-06-30 08:35:00,SL,-119.5,-123.1,8,False,True
OPF-20260725-130116,OPF_0.1,OPF_RESEARCH_2.14,MNQ_0.1,MNQ_1Contract_Target150_200,OPF_PROFILE_0.1,20260630-1845-BULL-OBS-001353-Z001353-OC,20260630-1850-Long-1354,2026-06-30 18:50:00,1354,2026-06-30 19:05:00,1357,Long,ObservationConfirm,3,30547.25,30578.25,30539.0,30580.25,8.25,4.0,4.0,0.0,3.7576,TP,31.0,186.0,49.5,198.0,35.25,1.25,4.2727,0.1515,8.25,8.25,0.0,-232.5,9,0,False,,30580.25,2.0,31.0,186.0,3.7576,2026-06-30 19:05:00,TP,198.0,194.4,3,False,True
OPF-20260725-130116,OPF_0.1,OPF_RESEARCH_2.14,MNQ_0.1,MNQ_1Contract_Target150_200,OPF_PROFILE_0.1,20260630-1910-BULL-OBS-001358-Z001358-OC,20260630-1915-Long-1359,2026-06-30 19:15:00,1359,2026-06-30 19:20:00,1360,Long,ObservationConfirm,3,30580.25,30570.25,30570.75,30618.25,9.5,4.0,4.0,0.0,-1.0526,SL,-10.0,-60.0,57.0,228.0,8.75,10.0,0.9211,1.0526,9.5,9.5,0.0,-292.5,10,1,False,,30570.75,0.5,-10.0,-60.0,-1.0526,2026-06-30 19:25:00,SL,-57.0,-60.6,2,False,True
