"SnapshotID","EntryTime","ExitTime","SignalID","TradeID","Side","ResearchPath","AppliedExitPolicy","InitialRiskPoints","Source","ExitReason","GrossDollars","NetDollars","DailyTradeCount","DailyNetDollars"
"OPF-20260722-043828","2025-10-01T00:00:00.0000000","2025-10-01T00:00:00.0000000","20251001-0000-BEAR-OBS-001128-Z001128","20251001-0000-Short-1128","Short","ZoneBirthResearch","","4.25","ActualTrade","SPLIT_BASE_SL_RUNNER_SL","-18.00","-20.40","1","-20.40"
"OPF-20260722-043828","2025-10-01T01:05:00.0000000","2025-10-01T01:20:00.0000000","20251001-0100-BEAR-OBS-001140-Z001140-OC","20251001-0105-Short-1141","Short","ObservationConfirm","","12.75","ActualTrade","SL","-51.00","-53.40","2","-73.80"
"OPF-20260722-043828","2025-10-01T02:05:00.0000000","2025-10-01T02:10:00.0000000","20251001-0150-BULL-OBS-001150-Z001149-FR","20251001-0205-Short-1153","Short","FailureReverse_ObservationInvalidated","","8.75","ActualTrade","SL","-1.00","-3.40","3","-77.20"
"OPF-20260722-043828","2025-10-01T03:15:00.0000000","2025-10-01T06:40:00.0000000","20251001-0310-BEAR-OBS-001166-Z001165-OC","20251001-0315-Short-1167","Short","ObservationConfirm","","16.00","ActualTrade","TP","196.00","193.60","4","116.40"
"OPF-20260722-043828","2025-10-01T08:50:00.0000000","2025-10-01T10:35:00.0000000","20251001-0845-BULL-OBS-001233-Z001233-OC","20251001-0850-Long-1234","Long","ObservationConfirm_WideStop1_5R","","16.88","ActualTrade","SL","-1.00","-3.40","5","113.00"
"OPF-20260722-043828","2025-10-01T12:10:00.0000000","2025-10-01T12:15:00.0000000","20251001-1205-BEAR-OBS-001273-Z001273-OC","20251001-1210-Short-1274","Short","ObservationConfirm","","6.25","ActualTrade","SL","0.00","-2.40","6","110.60"
"OPF-20260722-043828","2025-10-01T12:25:00.0000000","2025-10-01T12:40:00.0000000","20251001-1220-BEAR-OBS-001276-Z001273-OC","20251001-1225-Short-1277","Short","ObservationConfirm","","14.50","ActualTrade","SL","-59.00","-61.40","7","49.20"
"OPF-20260722-043828","2025-10-01T16:35:00.0000000","2025-10-01T16:35:00.0000000","20251001-1630-BULL-OBS-001326-Z001326-OC","20251001-1635-Long-1327","Long","ObservationConfirm_WideStop1_5R","","7.50","ActualTrade","SL","-29.00","-31.40","8","17.80"
"OPF-20260722-043828","2025-10-01T20:05:00.0000000","2025-10-01T20:50:00.0000000","20251001-2000-BEAR-OBS-001368-Z001368-OC","20251001-2005-Short-1369","Short","ObservationConfirm","","18.25","ActualTrade","SESSION_FLATTEN","-43.00","-45.40","9","-27.60"
"OPF-20260722-044048","2025-10-02T02:05:00.0000000","2025-10-02T03:05:00.0000000","20251002-0200-BULL-OBS-001152-Z001150-FR","20251002-0205-Short-1153","Short","FailureReverse_ObservationInvalidated","","8.00","ActualTrade","SL","1.00","-1.40","1","-1.40"
"OPF-20260722-044048","2025-10-02T03:25:00.0000000","2025-10-02T04:00:00.0000000","20251002-0320-BEAR-OBS-001168-Z001153-OC","20251002-0325-Short-1169","Short","ObservationConfirm","","15.75","ActualTrade","SL","-64.00","-66.40","2","-67.80"
"OPF-20260722-044048","2025-10-02T04:25:00.0000000","2025-10-02T04:40:00.0000000","20251002-0420-BEAR-OBS-001180-Z001180-OC","20251002-0425-Short-1181","Short","ObservationConfirm","","5.50","ActualTrade","SL","-22.00","-24.40","3","-92.20"
"OPF-20260722-044048","2025-10-02T04:50:00.0000000","2025-10-02T05:00:00.0000000","20251002-0445-BULL-OBS-001185-Z001185-OC","20251002-0450-Long-1186","Long","ObservationConfirm_WideStop1_5R","","6.75","ActualTrade","SL","1.00","-1.40","4","-93.60"
"OPF-20260722-044048","2025-10-02T05:25:00.0000000","2025-10-02T05:30:00.0000000","20251002-0520-BEAR-OBS-001192-Z001192-OC","20251002-0525-Short-1193","Short","ObservationConfirm","","3.00","ActualTrade","SL","-10.00","-12.40","5","-106.00"
"OPF-20260722-044048","2025-10-02T07:15:00.0000000","2025-10-02T07:15:00.0000000","20251002-0710-BULL-OBS-001214-Z001214-OC","20251002-0715-Long-1215","Long","ObservationConfirm_WideStop1_5R","","6.75","ActualTrade","SL","-29.00","-31.40","6","-137.40"
"OPF-20260722-044048","2025-10-02T09:30:00.0000000","2025-10-02T09:55:00.0000000","20251002-0930-BEAR-OBS-001242-Z001242","20251002-0930-Short-1242","Short","ZoneBirthResearch","","15.75","ActualTrade","SPLIT_BASE_SL_RUNNER_SL","-62.00","-64.40","7","-201.80"
"OPF-20260722-044048","2025-10-02T11:25:00.0000000","2025-10-02T13:10:00.0000000","20251002-1120-BULL-OBS-001264-Z001263-OC","20251002-1125-Long-1265","Long","ObservationConfirm_WideStop1_5R","","15.00","ActualTrade","TP","180.00","177.60","8","-24.20"
"OPF-20260722-044048","2025-10-02T18:20:00.0000000","2025-10-02T20:50:00.0000000","20251002-1815-BULL-OBS-001347-Z001347-OC","20251002-1820-Long-1348","Long","ObservationConfirm_WideStop1_5R","","24.00","ActualTrade","SESSION_FLATTEN","-17.00","-19.40","9","-43.60"
"OPF-20260722-044225","2025-10-02T22:55:00.0000000","2025-10-03T00:25:00.0000000","20251002-2250-BULL-OBS-001114-Z001114-OC","20251002-2255-Long-1115","Long","ObservationConfirm_WideStop1_5R","","11.62","ActualTrade","TP","135.00","132.60","1","132.60"
"OPF-20260722-044225","2025-10-03T00:45:00.0000000","2025-10-03T11:10:00.0000000","20251003-0040-BULL-OBS-001136-Z001136-OC","20251003-0045-Long-1137","Long","ObservationConfirm_WideStop1_5R","","15.38","ActualTrade","SL","-4.00","-6.40","2","126.20"
"OPF-20260722-044225","2025-10-03T12:00:00.0000000","2025-10-03T12:25:00.0000000","20251003-1155-BEAR-OBS-001271-Z001271-OC","20251003-1200-Short-1272","Short","ObservationConfirm","","12.00","ActualTrade","SL","-12.50","-14.90","3","111.30"
"OPF-20260722-044225","2025-10-03T13:15:00.0000000","2025-10-03T13:25:00.0000000","20251003-1250-BEAR-OBS-001282-Z001281-FR-RT","20251003-1315-Long-1287","Long","FailureReverse_RetestFailed","","7.75","ActualTrade","SL","1.00","-1.40","4","109.90"
"OPF-20260722-044225","2025-10-03T16:05:00.0000000","2025-10-03T16:20:00.0000000","20251003-1600-BULL-OBS-001320-Z001320-OC-STR","20251003-1605-Long-1321","Long","ObservationStrict_BullFresh_WideStop1_5R","","12.00","ActualTrade","SL","-49.50","-51.90","5","58.00"
"OPF-20260722-044225","2025-10-03T16:30:00.0000000","2025-10-03T16:35:00.0000000","20251003-1625-BULL-OBS-001325-Z001319-OC","20251003-1630-Long-1326","Long","ObservationConfirm_WideStop1_5R","","23.25","ActualTrade","SL","-97.00","-99.40","6","-41.40"
"OPF-20260722-044225","2025-10-03T18:35:00.0000000","2025-10-03T18:35:00.0000000","20251003-1825-BULL-OBS-001349-Z001349-FR","20251003-1835-Short-1351","Short","FailureReverse_ObservationInvalidated_WideStop1_5R","","10.88","ActualTrade","SL","-45.00","-47.40","7","-88.80"
"OPF-20260722-044412","2025-10-06T00:30:00.0000000","2025-10-06T01:25:00.0000000","20251006-0025-BEAR-OBS-001133-Z001133-OC","20251006-0030-Short-1134","Short","ObservationConfirm","","11.25","ActualTrade","SL","-47.00","-49.40","1","-49.40"
"OPF-20260722-044412","2025-10-06T01:40:00.0000000","2025-10-06T03:55:00.0000000","20251006-0135-BULL-OBS-001147-Z001147-OC","20251006-0140-Long-1148","Long","ObservationConfirm_WideStop1_5R","","13.50","ActualTrade","SL","1.50","-0.90","2","-50.30"
"OPF-20260722-044412","2025-10-06T04:05:00.0000000","2025-10-06T04:05:00.0000000","20251006-0405-BEAR-OBS-001177-Z001177","20251006-0405-Short-1177","Short","ZoneBirthResearch","","5.00","ActualTrade","SPLIT_BASE_SL_RUNNER_SL","-21.00","-23.40","3","-73.70"
"OPF-20260722-044412","2025-10-06T04:20:00.0000000","2025-10-06T05:00:00.0000000","20251006-0415-BULL-OBS-001179-Z001179-OC","20251006-0420-Long-1180","Long","ObservationConfirm_WideStop1_5R","","14.25","ActualTrade","SL","-1.00","-3.40","4","-77.10"
"OPF-20260722-044412","2025-10-06T05:10:00.0000000","2025-10-06T06:30:00.0000000","20251006-0505-BEAR-OBS-001189-Z001189-OC","20251006-0510-Short-1190","Short","ObservationConfirm","","14.25","ActualTrade","SL","-59.00","-61.40","5","-138.50"
"OPF-20260722-044412","2025-10-06T06:45:00.0000000","2025-10-06T06:55:00.0000000","20251006-0640-BULL-OBS-001208-Z001208-OC","20251006-0645-Long-1209","Long","ObservationConfirm_WideStop1_5R","","9.75","ActualTrade","SL","-42.00","-44.40","6","-182.90"
"OPF-20260722-044412","2025-10-06T07:45:00.0000000","2025-10-06T07:45:00.0000000","20251006-0740-BEAR-OBS-001220-Z001220-OC","20251006-0745-Short-1221","Short","ObservationConfirm_WideStop1_5R","","15.38","ActualTrade","SL","-63.00","-65.40","7","-248.30"
"OPF-20260722-044412","2025-10-06T09:05:00.0000000","2025-10-06T09:15:00.0000000","20251006-0900-BULL-OBS-001236-Z001236-OC","20251006-0905-Long-1237","Long","ObservationConfirm_WideStop1_5R","","4.50","ActualTrade","TP","54.00","51.60","8","-196.70"
"OPF-20260722-044412","2025-10-06T09:45:00.0000000","2025-10-06T09:50:00.0000000","20251006-0940-BULL-OBS-001244-Z001244-FR","20251006-0945-Short-1245","Short","FailureReverse_ObservationInvalidated_WideStop1_5R","","8.62","ActualTrade","SL","-34.00","-36.40","9","-233.10"
"OPF-20260722-044412","2025-10-06T11:35:00.0000000","2025-10-06T12:00:00.0000000","20251006-1130-BULL-OBS-001266-Z001266-OC","20251006-1135-Long-1267","Long","ObservationConfirm_WideStop1_5R","","16.88","ActualTrade","TP","204.00","201.60","10","-31.50"
"OPF-20260722-044412","2025-10-06T12:20:00.0000000","2025-10-06T12:25:00.0000000","20251006-1210-BULL-OBS-001274-Z001274-OC","20251006-1220-Long-1276","Long","ObservationConfirm_WideStop1_5R","","18.00","ActualTrade","SL","-74.00","-76.40","11","-107.90"
"OPF-20260722-044412","2025-10-06T16:00:00.0000000","2025-10-06T16:15:00.0000000","20251006-1555-BULL-OBS-001319-Z001319-FR","20251006-1600-Short-1320","Short","FailureReverse_ObservationInvalidated_WideStop1_5R","","15.00","ActualTrade","SL","0.00","-2.40","12","-110.30"
"OPF-20260722-044412","2025-10-06T20:00:00.0000000","2025-10-06T20:50:00.0000000","20251006-2000-BEAR-OBS-001368-Z001368","20251006-2000-Short-1368","Short","ZoneBirthResearch","","6.25","ActualTrade","SPLIT_BASE_SESSION_FLATTEN_RUNNER_SESSION_FLATTEN","16.00","13.60","13","-96.70"
"OPF-20260722-044613","2025-10-07T02:20:00.0000000","2025-10-07T02:25:00.0000000","20251007-0220-BEAR-OBS-001156-Z001156","20251007-0220-Short-1156","Short","ZoneBirthResearch","","5.75","ActualTrade","SPLIT_BASE_SL_RUNNER_SL","-22.00","-24.40","1","-24.40"
"OPF-20260722-044613","2025-10-07T03:20:00.0000000","2025-10-07T06:15:00.0000000","20251007-0315-BULL-OBS-001167-Z001167-OC","20251007-0320-Long-1168","Long","ObservationConfirm_WideStop1_5R","","13.12","ActualTrade","SL","-1.00","-3.40","2","-27.80"
"OPF-20260722-044613","2025-10-07T06:30:00.0000000","2025-10-07T06:40:00.0000000","20251007-0630-BEAR-OBS-001206-Z001205","20251007-0630-Short-1206","Short","UnknownRegimeZoneTouch","","8.75","ActualTrade","SL","-1.00","-3.40","3","-31.20"
"OPF-20260722-044613","2025-10-07T07:10:00.0000000","2025-10-07T07:25:00.0000000","20251007-0705-BEAR-OBS-001213-Z001213-OC","20251007-0710-Short-1214","Short","ObservationConfirm","","10.75","ActualTrade","SL","-44.00","-46.40","4","-77.60"
"OPF-20260722-044613","2025-10-07T07:40:00.0000000","2025-10-07T08:00:00.0000000","20251007-0735-BULL-OBS-001219-Z001218-OC","20251007-0740-Long-1220","Long","ObservationConfirm_WideStop1_5R","","11.25","ActualTrade","SL","-2.00","-4.40","5","-82.00"
"OPF-20260722-044613","2025-10-07T09:00:00.0000000","2025-10-07T11:00:00.0000000","20251007-0855-BULL-OBS-001235-Z001235-OC","20251007-0900-Long-1236","Long","ObservationConfirm_WideStop1_5R","","19.12","ActualTrade","SL","0.00","-2.40","6","-84.40"
"OPF-20260722-044613","2025-10-07T11:35:00.0000000","2025-10-07T11:50:00.0000000","20251007-1130-BULL-OBS-001266-Z001266-OC","20251007-1135-Long-1267","Long","ObservationConfirm_WideStop1_5R","","7.88","ActualTrade","TP","93.00","90.60","7","6.20"
"OPF-20260722-044613","2025-10-07T12:10:00.0000000","2025-10-07T12:10:00.0000000","20251007-1210-BEAR-OBS-001274-Z001274","20251007-1210-Short-1274","Short","ZoneBirthResearch","","5.75","ActualTrade","SPLIT_BASE_SL_RUNNER_SL","-22.50","-24.90","8","-18.70"
"OPF-20260722-044613","2025-10-07T12:25:00.0000000","2025-10-07T12:45:00.0000000","20251007-1210-BEAR-OBS-001274-Z001274-FR-RT","20251007-1225-Long-1277","Long","FailureReverse_RetestFailed","","8.50","ActualTrade","TP","123.00","120.60","9","101.90"
"OPF-20260722-044613","2025-10-07T13:05:00.0000000","2025-10-07T13:10:00.0000000","20251007-1300-BULL-OBS-001284-Z001284-OC","20251007-1305-Long-1285","Long","ObservationConfirm_WideStop1_5R","","22.50","ActualTrade","SL","-90.00","-92.40","10","9.50"
"OPF-20260722-044613","2025-10-07T13:25:00.0000000","2025-10-07T13:25:00.0000000","20251007-1320-BULL-OBS-001288-Z001282-OC-STR","20251007-1325-Long-1289","Long","ObservationStrict_Other","","6.00","ActualTrade","SL","-21.00","-23.40","11","-13.90"
"OPF-20260722-044613","2025-10-07T19:00:00.0000000","2025-10-07T19:35:00.0000000","20251007-1810-BEAR-SHD-001346-Z001330","20251007-1900-Short-1356","Short","ShadowCandidate","","17.00","ActualTrade","SL","-68.00","-70.40","12","-84.30"
"OPF-20260722-044756","2025-10-07T23:55:00.0000000","2025-10-07T23:55:00.0000000","20251007-2355-BEAR-OBS-001127-Z001127","20251007-2355-Short-1127","Short","ZoneBirthResearch","","5.50","ActualTrade","SPLIT_BASE_SL_RUNNER_SL","-25.50","-27.90","1","-27.90"
"OPF-20260722-044756","2025-10-08T00:50:00.0000000","2025-10-08T05:45:00.0000000","20251008-0045-BULL-OBS-001137-Z001136-OC-STR","20251008-0050-Long-1138","Long","ObservationStrict_Other","","18.50","ActualTrade","SL","0.00","-2.40","2","-30.30"
"OPF-20260722-044756","2025-10-08T06:10:00.0000000","2025-10-08T06:30:00.0000000","20251008-0605-BEAR-OBS-001201-Z001201-OC","20251008-0610-Short-1202","Short","ObservationConfirm","","6.25","ActualTrade","TP","84.50","82.10","3","51.80"
"OPF-20260722-044756","2025-10-08T07:00:00.0000000","2025-10-08T07:10:00.0000000","20251008-0655-BEAR-OBS-001211-Z001201-OC","20251008-0700-Short-1212","Short","ObservationConfirm","","5.75","ActualTrade","SL","0.00","-2.40","4","49.40"
"OPF-20260722-044756","2025-10-08T07:30:00.0000000","2025-10-08T10:05:00.0000000","20251008-0725-BULL-OBS-001217-Z001217-OC","20251008-0730-Long-1218","Long","ObservationConfirm_WideStop1_5R","","14.62","ActualTrade","SL","-3.00","-5.40","5","44.00"
"OPF-20260722-044756","2025-10-08T11:20:00.0000000","2025-10-08T13:20:00.0000000","20251008-1120-BEAR-OBS-001264-Z001264","20251008-1120-Short-1264","Short","ZoneBirthResearch","","17.75","ActualTrade","SPLIT_BASE_SL_RUNNER_SL","-77.00","-79.40","6","-35.40"
"OPF-20260722-044756","2025-10-08T15:30:00.0000000","2025-10-08T16:45:00.0000000","20251008-1525-BULL-OBS-001313-Z001313-OC-STR","20251008-1530-Long-1314","Long","ObservationStrict_BullFresh_WideStop1_5R","","19.88","ActualTrade","SL","1.00","-1.40","7","-36.80"
"OPF-20260722-044756","2025-10-08T19:25:00.0000000","2025-10-08T20:50:00.0000000","20251008-1920-BULL-OBS-001360-Z001360-OC","20251008-1925-Long-1361","Long","ObservationConfirm_WideStop1_5R","","24.75","ActualTrade","SESSION_FLATTEN","168.00","165.60","8","128.80"
"OPF-20260722-044957","2025-10-09T00:00:00.0000000","2025-10-09T01:05:00.0000000","20251008-2355-BEAR-OBS-001127-Z001127-OC","20251009-0000-Short-1128","Short","ObservationConfirm","","11.75","ActualTrade","TP","146.00","143.60","1","143.60"
"OPF-20260722-044957","2025-10-09T01:40:00.0000000","2025-10-09T02:20:00.0000000","20251009-0135-BEAR-OBS-001147-Z001147-OC","20251009-0140-Short-1148","Short","ObservationConfirm","","8.00","ActualTrade","SL","0.00","-2.40","2","141.20"
"OPF-20260722-044957","2025-10-09T02:45:00.0000000","2025-10-09T03:15:00.0000000","20251009-0240-BEAR-OBS-001160-Z001160-OC","20251009-0245-Short-1161","Short","ObservationConfirm","","12.00","ActualTrade","SL","-56.00","-58.40","3","82.80"
"OPF-20260722-044957","2025-10-09T04:35:00.0000000","2025-10-09T04:35:00.0000000","20251009-0435-BEAR-OBS-001183-Z001183","20251009-0435-Short-1183","Short","ZoneBirthResearch","","3.00","ActualTrade","SPLIT_BASE_SL_RUNNER_SL","-15.00","-17.40","4","65.40"
"OPF-20260722-044957","2025-10-09T04:50:00.0000000","2025-10-09T04:55:00.0000000","20251009-0445-BULL-OBS-001185-Z001185-OC","20251009-0450-Long-1186","Long","ObservationConfirm_WideStop1_5R","","6.00","ActualTrade","SL","-1.00","-3.40","5","62.00"
"OPF-20260722-044957","2025-10-09T05:45:00.0000000","2025-10-09T05:55:00.0000000","20251009-0535-BULL-OBS-001195-Z001194-FR","20251009-0545-Short-1197","Short","FailureReverse_ObservationInvalidated","","15.25","ActualTrade","SL","-65.00","-67.40","6","-5.40"
"OPF-20260722-044957","2025-10-09T06:10:00.0000000","2025-10-09T06:20:00.0000000","20251009-0605-BULL-OBS-001201-Z001201-OC","20251009-0610-Long-1202","Long","ObservationConfirm_WideStop1_5R","","16.12","ActualTrade","SL","-63.00","-65.40","7","-70.80"
"OPF-20260722-044957","2025-10-09T06:35:00.0000000","2025-10-09T06:35:00.0000000","20251009-0610-BULL-OBS-001202-Z001201-FR-RT","20251009-0635-Short-1207","Short","FailureReverse_RetestFailed","","5.75","ActualTrade","SL","-26.00","-28.40","8","-99.20"
"OPF-20260722-044957","2025-10-09T06:55:00.0000000","2025-10-09T09:30:00.0000000","20251009-0650-BEAR-OBS-001210-Z001210-OC","20251009-0655-Short-1211","Short","ObservationConfirm","","14.25","ActualTrade","SL","0.00","-2.40","9","-101.60"
"OPF-20260722-044957","2025-10-09T09:45:00.0000000","2025-10-09T10:55:00.0000000","20251009-0930-BEAR-OBS-001242-Z001227-OC","20251009-0945-Short-1245","Short","ObservationConfirm","","13.25","ActualTrade","SL","-1.00","-3.40","10","-105.00"
"OPF-20260722-044957","2025-10-09T11:10:00.0000000","2025-10-09T11:35:00.0000000","20251009-1050-BEAR-OBS-001258-Z001254-FR-RT","20251009-1110-Long-1262","Long","FailureReverse_RetestFailed","","6.75","ActualTrade","SL","3.50","1.10","11","-103.90"
"OPF-20260722-044957","2025-10-09T11:50:00.0000000","2025-10-09T11:55:00.0000000","20251009-1135-BULL-OBS-001267-Z001265-FR-RT","20251009-1150-Short-1270","Short","FailureReverse_RetestFailed_WideStop1_5R","","5.62","ActualTrade","SL","-1.00","-3.40","12","-107.30"
"OPF-20260722-044957","2025-10-09T16:00:00.0000000","2025-10-09T16:15:00.0000000","20251009-1600-BULL-PB-001320-Z001319","20251009-1600-Long-1320","Long","AlmostConfirmed","","16.50","ActualTrade","SL","-66.00","-68.40","13","-175.70"
"OPF-20260722-044957","2025-10-09T20:15:00.0000000","2025-10-09T20:50:00.0000000","20251009-2015-BEAR-OBS-001371-Z001371","20251009-2015-Short-1371","Short","ZoneBirthResearch","","13.00","ActualTrade","SPLIT_BASE_SESSION_FLATTEN_RUNNER_SESSION_FLATTEN","6.00","3.60","14","-172.10"
"OPF-20260722-045149","2025-10-10T00:10:00.0000000","2025-10-10T00:45:00.0000000","20251010-0010-BEAR-OBS-001130-Z001130","20251010-0010-Short-1130","Short","ZoneBirthResearch","","4.75","ActualTrade","SPLIT_BASE_SL_RUNNER_SL","-24.00","-26.40","1","-26.40"
"OPF-20260722-045149","2025-10-10T01:00:00.0000000","2025-10-10T02:50:00.0000000","20251010-0055-BULL-OBS-001139-Z001139-OC","20251010-0100-Long-1140","Long","ObservationConfirm_WideStop1_5R","","12.75","ActualTrade","SL","-0.50","-2.90","2","-29.30"
"OPF-20260722-045149","2025-10-10T03:05:00.0000000","2025-10-10T04:50:00.0000000","20251010-0305-BEAR-OBS-001165-Z001165","20251010-0305-Short-1165","Short","ZoneBirthResearch","","6.50","ActualTrade","SPLIT_BASE_TP_RUNNER_TP","94.00","91.60","3","62.30"
"OPF-20260722-045149","2025-10-10T05:00:00.0000000","2025-10-10T05:10:00.0000000","20251010-0455-BEAR-OBS-001187-Z001187-OC","20251010-0500-Short-1188","Short","ObservationConfirm","","15.25","ActualTrade","SL","-65.00","-67.40","4","-5.10"
"OPF-20260722-045149","2025-10-10T05:40:00.0000000","2025-10-10T06:30:00.0000000","20251010-0535-BULL-OBS-001195-Z001195-OC","20251010-0540-Long-1196","Long","ObservationConfirm_WideStop1_5R","","10.50","ActualTrade","SL","0.00","-2.40","5","-7.50"
"OPF-20260722-045149","2025-10-10T06:50:00.0000000","2025-10-10T06:55:00.0000000","20251010-0650-BEAR-OBS-001210-Z001210","20251010-0650-Short-1210","Short","ZoneBirthResearch","","13.75","ActualTrade","SPLIT_BASE_SL_RUNNER_SL","-50.00","-52.40","6","-59.90"
"OPF-20260722-045149","2025-10-10T10:00:00.0000000","2025-10-10T10:00:00.0000000","20251010-0955-BEAR-OBS-001247-Z001247-OC","20251010-1000-Short-1248","Short","ObservationConfirm","","6.00","ActualTrade","SL","-26.00","-28.40","7","-88.30"
"OPF-20260722-045149","2025-10-10T12:45:00.0000000","2025-10-10T12:55:00.0000000","20251010-1245-BEAR-OBS-001281-Z001281","20251010-1245-Short-1281","Short","ZoneBirthResearch","","15.00","ActualTrade","SPLIT_BASE_SL_RUNNER_SL","-61.00","-63.40","8","-151.70"
"OPF-20260722-045149","2025-10-10T13:20:00.0000000","2025-10-10T13:20:00.0000000","20251010-1310-BULL-OBS-001286-Z001285-FR","20251010-1320-Short-1288","Short","FailureReverse_ObservationInvalidated","","8.50","ActualTrade","SL","-44.00","-46.40","9","-198.10"
"OPF-20260722-045351","2025-10-13T01:30:00.0000000","2025-10-13T01:30:00.0000000","20251013-0125-BULL-OBS-001145-Z001145-OC","20251013-0130-Long-1146","Long","ObservationConfirm_WideStop1_5R","","19.12","ActualTrade","SL","-76.00","-78.40","1","-78.40"
"OPF-20260722-045351","2025-10-13T03:00:00.0000000","2025-10-13T03:00:00.0000000","20251013-0255-BEAR-OBS-001163-Z001163-OC","20251013-0300-Short-1164","Short","ObservationConfirm","","18.50","ActualTrade","SL","-76.00","-78.40","2","-156.80"
"OPF-20260722-045351","2025-10-13T03:30:00.0000000","2025-10-13T04:45:00.0000000","20251013-0315-BULL-OBS-001167-Z001166-FR","20251013-0330-Short-1170","Short","FailureReverse_ObservationInvalidated","","20.00","ActualTrade","SL","0.00","-2.40","3","-159.20"
"OPF-20260722-045351","2025-10-13T06:00:00.0000000","2025-10-13T06:05:00.0000000","20251013-0555-BULL-OBS-001199-Z001199-OC","20251013-0600-Long-1200","Long","ObservationConfirm_WideStop1_5R","","7.88","ActualTrade","SL","-3.00","-5.40","4","-164.60"
"OPF-20260722-045351","2025-10-13T06:15:00.0000000","2025-10-13T06:25:00.0000000","20251013-0615-BEAR-OBS-001203-Z001203","20251013-0615-Short-1203","Short","ZoneBirthResearch","","7.50","ActualTrade","SPLIT_BASE_SL_RUNNER_SL","-30.00","-32.40","5","-197.00"
"OPF-20260722-045351","2025-10-13T07:00:00.0000000","2025-10-13T07:05:00.0000000","20251013-0655-BULL-OBS-001211-Z001211-OC","20251013-0700-Long-1212","Long","ObservationConfirm_WideStop1_5R","","14.62","ActualTrade","TP","174.00","171.60","6","-25.40"
"OPF-20260722-045351","2025-10-13T07:40:00.0000000","2025-10-13T07:40:00.0000000","20251013-0740-BULL-PB-001220-Z001217","20251013-0740-Long-1220","Long","AlmostConfirmed","","7.00","ActualTrade","SL","-28.00","-30.40","7","-55.80"
"OPF-20260722-045351","2025-10-13T07:50:00.0000000","2025-10-13T08:35:00.0000000","20251013-0750-BEAR-OBS-001222-Z001222","20251013-0750-Short-1222","Short","ZoneBirthResearch","","13.75","ActualTrade","SPLIT_BASE_TP_RUNNER_TP","177.00","174.60","8","118.80"
"OPF-20260722-045351","2025-10-13T17:05:00.0000000","2025-10-13T17:05:00.0000000","20251013-1700-BULL-OBS-001332-Z001332-OC","20251013-1705-Long-1333","Long","ObservationConfirm_WideStop1_5R","","14.25","ActualTrade","SL","-59.00","-61.40","9","57.40"
"OPF-20260722-045351","2025-10-13T18:45:00.0000000","2025-10-13T18:45:00.0000000","20251013-1840-BULL-OBS-001352-Z001344-FR","20251013-1845-Short-1353","Short","FailureReverse_ObservationInvalidated_WideStop1_5R","","10.12","ActualTrade","SL","-41.00","-43.40","10","14.00"
"OPF-20260722-045351","2025-10-13T20:10:00.0000000","2025-10-13T20:10:00.0000000","20251013-2005-BEAR-OBS-001369-Z001369-OC","20251013-2010-Short-1370","Short","ObservationConfirm_WideStop1_5R","","5.62","ActualTrade","SL","-15.00","-17.40","11","-3.40"
"OPF-20260722-045351","2025-10-13T20:40:00.0000000","2025-10-13T20:50:00.0000000","20251013-2035-BEAR-OBS-001375-Z001375-OC","20251013-2040-Short-1376","Short","ObservationConfirm","","6.75","ActualTrade","SESSION_FLATTEN","15.00","12.60","12","9.20"
"OPF-20260722-045552","2025-10-13T22:55:00.0000000","2025-10-13T22:55:00.0000000","20251013-2250-BULL-OBS-001114-Z001114-OC","20251013-2255-Long-1115","Long","ObservationConfirm_WideStop1_5R","","13.88","ActualTrade","SL","-49.00","-51.40","1","-51.40"
"OPF-20260722-045552","2025-10-13T23:25:00.0000000","2025-10-13T23:30:00.0000000","20251013-2300-BULL-OBS-001116-Z001114-FR-RT","20251013-2325-Short-1121","Short","FailureReverse_RetestFailed_WideStop1_5R","","3.75","ActualTrade","SL","-2.00","-4.40","2","-55.80"
"OPF-20260722-045552","2025-10-13T23:35:00.0000000","2025-10-13T23:55:00.0000000","20251013-2335-BEAR-OBS-001123-Z001123","20251013-2335-Short-1123","Short","ZoneBirthResearch","","12.25","ActualTrade","SPLIT_BASE_SL_RUNNER_SL","-42.00","-44.40","3","-100.20"
"OPF-20260722-045552","2025-10-14T00:50:00.0000000","2025-10-14T01:00:00.0000000","20251014-0045-BULL-OBS-001137-Z001134-OC","20251014-0050-Long-1138","Long","ObservationConfirm_WideStop1_5R","","15.75","ActualTrade","SL","-66.00","-68.40","4","-168.60"
"OPF-20260722-045552","2025-10-14T02:40:00.0000000","2025-10-14T02:45:00.0000000","20251014-0235-BEAR-OBS-001159-Z001159-OC","20251014-0240-Short-1160","Short","ObservationConfirm","","6.75","ActualTrade","TP","93.00","90.60","5","-78.00"
"OPF-20260722-045552","2025-10-14T06:45:00.0000000","2025-10-14T06:55:00.0000000","20251014-0640-BEAR-OBS-001208-Z001208-OC","20251014-0645-Short-1209","Short","ObservationConfirm","","10.00","ActualTrade","SL","5.00","2.60","6","-75.40"
"OPF-20260722-045552","2025-10-14T07:20:00.0000000","2025-10-14T07:20:00.0000000","20251014-0650-BEAR-SHD-001210-Z001208","20251014-0720-Short-1216","Short","ShadowCandidate","","23.25","ActualTrade","SL","-98.50","-100.90","7","-176.30"
"OPF-20260722-045552","2025-10-14T10:00:00.0000000","2025-10-14T10:20:00.0000000","20251014-0955-BEAR-OBS-001247-Z001247-OC","20251014-1000-Short-1248","Short","ObservationConfirm","","15.75","ActualTrade","TP","201.00","198.60","8","22.30"
"OPF-20260722-045552","2025-10-14T10:35:00.0000000","2025-10-14T10:40:00.0000000","20251014-1030-BEAR-OBS-001254-Z001254-OC","20251014-1035-Short-1255","Short","ObservationConfirm","","18.25","ActualTrade","TP","244.50","242.10","9","264.40"
"OPF-20260722-045552","2025-10-14T11:40:00.0000000","2025-10-14T11:45:00.0000000","20251014-1135-BEAR-OBS-001267-Z001247-OC","20251014-1140-Short-1268","Short","ObservationConfirm_WideStop1_5R","","9.38","ActualTrade","SL","1.00","-1.40","10","263.00"
"OPF-20260722-045552","2025-10-14T17:55:00.0000000","2025-10-14T18:05:00.0000000","20251014-1750-BULL-OBS-001342-Z001341-FR","20251014-1755-Short-1343","Short","FailureReverse_ObservationInvalidated_WideStop1_5R","","15.38","ActualTrade","SL","0.50","-1.90","11","261.10"
"OPF-20260722-045745","2025-10-14T23:30:00.0000000","2025-10-14T23:55:00.0000000","20251014-2330-BEAR-OBS-001122-Z001122","20251014-2330-Short-1122","Short","ZoneBirthResearch","","5.25","ActualTrade","SPLIT_BASE_TP_RUNNER_TP","79.50","77.10","1","77.10"
"OPF-20260722-045745","2025-10-15T00:05:00.0000000","2025-10-15T00:20:00.0000000","20251015-0000-BEAR-OBS-001128-Z001128-OC","20251015-0005-Short-1129","Short","ObservationConfirm","","16.00","ActualTrade","SL","0.00","-2.40","2","74.70"
"OPF-20260722-045745","2025-10-15T02:30:00.0000000","2025-10-15T02:30:00.0000000","20251015-0230-BULL-PB-001158-Z001157","20251015-0230-Long-1158","Long","AlmostConfirmed","","6.75","ActualTrade","SL","-27.00","-29.40","3","45.30"
"OPF-20260722-045745","2025-10-15T02:40:00.0000000","2025-10-15T03:20:00.0000000","20251015-0235-BEAR-OBS-001159-Z001159-OC","20251015-0240-Short-1160","Short","ObservationConfirm","","20.00","ActualTrade","SL","0.00","-2.40","4","42.90"
"OPF-20260722-045745","2025-10-15T03:50:00.0000000","2025-10-15T04:10:00.0000000","20251015-0345-BEAR-OBS-001173-Z001173-OC","20251015-0350-Short-1174","Short","ObservationConfirm_WideStop1_5R","","17.25","ActualTrade","SL","-72.00","-74.40","5","-31.50"
"OPF-20260722-045745","2025-10-15T04:35:00.0000000","2025-10-15T05:00:00.0000000","20251015-0430-BULL-OBS-001182-Z001182-OC","20251015-0435-Long-1183","Long","ObservationConfirm_WideStop1_5R","","18.38","ActualTrade","TP","234.00","231.60","6","200.10"
"OPF-20260722-045745","2025-10-15T07:30:00.0000000","2025-10-15T07:55:00.0000000","20251015-0725-BEAR-OBS-001217-Z001217-OC","20251015-0730-Short-1218","Short","ObservationConfirm","","19.75","ActualTrade","SL","-77.00","-79.40","7","120.70"
"OPF-20260722-045745","2025-10-15T08:10:00.0000000","2025-10-15T09:05:00.0000000","20251015-0805-BULL-OBS-001225-Z001225-OC","20251015-0810-Long-1226","Long","ObservationConfirm_WideStop1_5R","","21.38","ActualTrade","TP","261.00","258.60","8","379.30"
"OPF-20260722-045745","2025-10-15T09:45:00.0000000","2025-10-15T11:10:00.0000000","20251015-0935-BULL-OBS-001243-Z001243-OC","20251015-0945-Long-1245","Long","ObservationConfirm_WideStop1_5R","","21.00","ActualTrade","SL","-83.00","-85.40","9","293.90"
"OPF-20260722-045745","2025-10-15T20:30:00.0000000","2025-10-15T20:45:00.0000000","20251015-2030-BEAR-OBS-001374-Z001374","20251015-2030-Short-1374","Short","ZoneBirthResearch","","15.00","ActualTrade","SPLIT_BASE_SL_RUNNER_SL","-63.00","-65.40","10","228.50"
"OPF-20260722-045936","2025-10-15T23:25:00.0000000","2025-10-16T00:25:00.0000000","20251015-2320-BEAR-OBS-001120-Z001120-OC","20251015-2325-Short-1121","Short","ObservationConfirm","","17.50","ActualTrade","TP","220.50","218.10","1","218.10"
"OPF-20260722-045936","2025-10-16T01:45:00.0000000","2025-10-16T01:45:00.0000000","20251016-0140-BULL-OBS-001148-Z001147-FR","20251016-0145-Short-1149","Short","FailureReverse_ObservationInvalidated_WideStop1_5R","","12.38","ActualTrade","SL","-49.50","-51.90","2","166.20"
"OPF-20260722-045936","2025-10-16T02:35:00.0000000","2025-10-16T02:40:00.0000000","20251016-0230-BEAR-OBS-001158-Z001158-OC","20251016-0235-Short-1159","Short","ObservationConfirm","","17.00","ActualTrade","SL","-66.00","-68.40","3","97.80"
"OPF-20260722-045936","2025-10-16T03:25:00.0000000","2025-10-16T03:55:00.0000000","20251016-0320-BEAR-OBS-001168-Z001167-OC","20251016-0325-Short-1169","Short","ObservationConfirm","","11.50","ActualTrade","SL","0.50","-1.90","4","95.90"
"OPF-20260722-045936","2025-10-16T05:25:00.0000000","2025-10-16T05:25:00.0000000","20251016-0520-BULL-OBS-001192-Z001192-OC","20251016-0525-Long-1193","Long","ObservationConfirm_WideStop1_5R","","6.00","ActualTrade","SL","-23.50","-25.90","5","70.00"
"OPF-20260722-045936","2025-10-16T06:15:00.0000000","2025-10-16T07:25:00.0000000","20251016-0610-BULL-OBS-001202-Z001202-OC","20251016-0615-Long-1203","Long","ObservationConfirm_WideStop1_5R","","23.62","ActualTrade","SL","-3.00","-5.40","6","64.60"
"OPF-20260722-045936","2025-10-16T08:30:00.0000000","2025-10-16T08:40:00.0000000","20251016-0825-BEAR-OBS-001229-Z001229-OC","20251016-0830-Short-1230","Short","ObservationConfirm","","15.75","ActualTrade","SL","1.00","-1.40","7","63.20"
"OPF-20260722-045936","2025-10-16T10:15:00.0000000","2025-10-16T10:35:00.0000000","20251016-1010-BULL-OBS-001250-Z001250-OC","20251016-1015-Long-1251","Long","ObservationConfirm_WideStop1_5R","","14.25","ActualTrade","SL","-2.50","-4.90","8","58.30"
"OPF-20260722-045936","2025-10-16T11:10:00.0000000","2025-10-16T11:35:00.0000000","20251016-1105-BULL-OBS-001261-Z001261-OC","20251016-1110-Long-1262","Long","ObservationConfirm_WideStop1_5R","","7.12","ActualTrade","SL","-3.00","-5.40","9","52.90"
"OPF-20260722-045936","2025-10-16T11:40:00.0000000","2025-10-16T12:25:00.0000000","20251016-1135-BEAR-OBS-001267-Z001267-OC","20251016-1140-Short-1268","Short","ObservationConfirm","","14.00","ActualTrade","SL","0.00","-2.40","10","50.50"
"OPF-20260722-045936","2025-10-16T20:45:00.0000000","2025-10-16T20:50:00.0000000","20251016-2040-BULL-OBS-001376-Z001376-OC","20251016-2045-Long-1377","Long","ObservationConfirm_WideStop1_5R","","17.25","ActualTrade","SESSION_FLATTEN","29.50","27.10","11","77.60"
"OPF-20260722-050132","2025-10-17T04:45:00.0000000","2025-10-17T05:15:00.0000000","20251017-0445-BEAR-OBS-001185-Z001185","20251017-0445-Short-1185","Short","ZoneBirthResearch","","13.00","ActualTrade","SPLIT_BASE_TP_RUNNER_TP","176.50","174.10","1","174.10"
"OPF-20260722-050132","2025-10-17T05:40:00.0000000","2025-10-17T05:45:00.0000000","20251017-0540-BEAR-BRK-001196-Z001196","20251017-0540-Short-1196","Short","BreakawayFvg","","23.75","ActualTrade","SL","-98.00","-100.40","2","73.70"
"OPF-20260722-050132","2025-10-17T06:15:00.0000000","2025-10-17T06:40:00.0000000","20251017-0615-BEAR-BRK-001203-Z001203","20251017-0615-Short-1203","Short","BreakawayFvg","","22.50","ActualTrade","TP","276.00","273.60","3","347.30"
"OPF-20260722-050132","2025-10-17T09:45:00.0000000","2025-10-17T09:45:00.0000000","20251017-0945-BEAR-OBS-001245-Z001245","20251017-0945-Short-1245","Short","ZoneBirthResearch","","12.25","ActualTrade","SPLIT_BASE_SL_RUNNER_SL","-57.00","-59.40","4","287.90"
"OPF-20260722-050132","2025-10-17T10:15:00.0000000","2025-10-17T10:25:00.0000000","20251017-1015-BEAR-BRK-001251-Z001251","20251017-1015-Short-1251","Short","BreakawayFvg","","29.75","ActualTrade","SL","-120.00","-122.40","5","165.50"
"OPF-20260722-050334","2025-10-20T01:25:00.0000000","2025-10-20T01:25:00.0000000","20251020-0120-BULL-OBS-001144-Z001144-OC","20251020-0125-Long-1145","Long","ObservationConfirm_WideStop1_5R","","7.88","ActualTrade","SL","-33.00","-35.40","1","-35.40"
"OPF-20260722-050334","2025-10-20T01:55:00.0000000","2025-10-20T02:10:00.0000000","20251020-0150-BEAR-OBS-001150-Z001150-OC","20251020-0155-Short-1151","Short","ObservationConfirm","","7.75","ActualTrade","SL","1.00","-1.40","2","-36.80"
"OPF-20260722-050334","2025-10-20T02:40:00.0000000","2025-10-20T03:45:00.0000000","20251020-0235-BULL-OBS-001159-Z001159-OC","20251020-0240-Long-1160","Long","ObservationConfirm_WideStop1_5R","","13.12","ActualTrade","TP","172.00","169.60","3","132.80"
"OPF-20260722-050334","2025-10-20T04:25:00.0000000","2025-10-20T04:30:00.0000000","20251020-0420-BULL-OBS-001180-Z001180-OC","20251020-0425-Long-1181","Long","ObservationConfirm_WideStop1_5R","","16.88","ActualTrade","SL","-72.00","-74.40","4","58.40"
"OPF-20260722-050334","2025-10-20T05:00:00.0000000","2025-10-20T05:10:00.0000000","20251020-0455-BULL-OBS-001187-Z001187-OC","20251020-0500-Long-1188","Long","ObservationConfirm_WideStop1_5R","","12.75","ActualTrade","SL","-49.00","-51.40","5","7.00"
"OPF-20260722-050334","2025-10-20T06:05:00.0000000","2025-10-20T06:25:00.0000000","20251020-0600-BEAR-OBS-001200-Z001200-OC","20251020-0605-Short-1201","Short","ObservationConfirm","","20.00","ActualTrade","SL","-80.50","-82.90","6","-75.90"
"OPF-20260722-050334","2025-10-20T06:40:00.0000000","2025-10-20T06:40:00.0000000","20251020-0635-BULL-OBS-001207-Z001207-OC","20251020-0640-Long-1208","Long","ObservationConfirm_WideStop1_5R","","9.38","ActualTrade","SL","-36.00","-38.40","7","-114.30"
"OPF-20260722-050334","2025-10-20T08:50:00.0000000","2025-10-20T08:55:00.0000000","20251020-0850-BEAR-OBS-001234-Z001234","20251020-0850-Short-1234","Short","ZoneBirthResearch","","7.25","ActualTrade","SPLIT_BASE_SL_RUNNER_SL","-27.00","-29.40","8","-143.70"
"OPF-20260722-050334","2025-10-20T09:05:00.0000000","2025-10-20T09:05:00.0000000","20251020-0855-BEAR-OBS-001235-Z001234-OC","20251020-0905-Short-1237","Short","ObservationConfirm_WideStop1_5R","","9.75","ActualTrade","SL","-41.00","-43.40","9","-187.10"
"OPF-20260722-050334","2025-10-20T13:05:00.0000000","2025-10-20T13:20:00.0000000","20251020-1300-BULL-OBS-001284-Z001284-OC","20251020-1305-Long-1285","Long","ObservationConfirm_WideStop1_5R","","24.00","ActualTrade","SL","-95.00","-97.40","10","-284.50"
"OPF-20260722-050334","2025-10-20T17:10:00.0000000","2025-10-20T17:50:00.0000000","20251020-1705-BULL-OBS-001333-Z001333-OC","20251020-1710-Long-1334","Long","ObservationConfirm_WideStop1_5R","","19.50","ActualTrade","SL","0.50","-1.90","11","-286.40"
"OPF-20260722-050334","2025-10-20T18:10:00.0000000","2025-10-20T18:10:00.0000000","20251020-1805-BULL-OBS-001345-Z001345-OC","20251020-1810-Long-1346","Long","ObservationConfirm_WideStop1_5R","","13.50","ActualTrade","SL","-54.00","-56.40","12","-342.80"
"OPF-20260722-050526","2025-10-20T22:35:00.0000000","2025-10-20T22:35:00.0000000","20251020-2235-BEAR-OBS-001111-Z001111","20251020-2235-Short-1111","Short","ZoneBirthResearch","","3.00","ActualTrade","SPLIT_BASE_SL_RUNNER_SL","-17.00","-19.40","1","-19.40"
"OPF-20260722-050526","2025-10-20T23:50:00.0000000","2025-10-21T00:10:00.0000000","20251020-2345-BEAR-OBS-001125-Z001125-OC","20251020-2350-Short-1126","Short","ObservationConfirm","","16.25","ActualTrade","SL","-60.00","-62.40","2","-81.80"
"OPF-20260722-050526","2025-10-21T00:50:00.0000000","2025-10-21T01:20:00.0000000","20251021-0040-BULL-OBS-001136-Z001136-OC","20251021-0050-Long-1138","Long","ObservationConfirm_WideStop1_5R","","5.62","ActualTrade","SL","0.00","-2.40","3","-84.20"
"OPF-20260722-050526","2025-10-21T01:50:00.0000000","2025-10-21T02:40:00.0000000","20251021-0145-BULL-OBS-001149-Z001149-OC","20251021-0150-Long-1150","Long","ObservationConfirm_WideStop1_5R","","16.12","ActualTrade","SL","0.00","-2.40","4","-86.60"
"OPF-20260722-050526","2025-10-21T02:50:00.0000000","2025-10-21T04:40:00.0000000","20251021-0245-BEAR-OBS-001161-Z001161-OC","20251021-0250-Short-1162","Short","ObservationConfirm","","11.50","ActualTrade","TP","135.00","132.60","5","46.00"
"OPF-20260722-050526","2025-10-21T05:05:00.0000000","2025-10-21T05:15:00.0000000","20251021-0500-BEAR-OBS-001188-Z001188-OC","20251021-0505-Short-1189","Short","ObservationConfirm","","8.00","ActualTrade","SL","-31.00","-33.40","6","12.60"
"OPF-20260722-050526","2025-10-21T05:50:00.0000000","2025-10-21T05:50:00.0000000","20251021-0545-BEAR-OBS-001197-Z001197-OC","20251021-0550-Short-1198","Short","ObservationConfirm","","10.25","ActualTrade","SL","-42.00","-44.40","7","-31.80"
"OPF-20260722-050526","2025-10-21T06:05:00.0000000","2025-10-21T06:15:00.0000000","20251021-0605-BEAR-BRK-001201-Z001201","20251021-0605-Short-1201","Short","BreakawayFvg","","7.75","ActualTrade","SL","-38.00","-40.40","8","-72.20"
"OPF-20260722-050526","2025-10-21T08:20:00.0000000","2025-10-21T08:30:00.0000000","20251021-0820-BEAR-OBS-001228-Z001228","20251021-0820-Short-1228","Short","ZoneBirthResearch","","5.25","ActualTrade","SPLIT_BASE_SL_RUNNER_SL","-26.00","-28.40","9","-100.60"
"OPF-20260722-050526","2025-10-21T10:20:00.0000000","2025-10-21T10:20:00.0000000","20251021-1020-BEAR-OBS-001252-Z001252","20251021-1020-Short-1252","Short","ZoneBirthResearch","","4.75","ActualTrade","SPLIT_BASE_SL_RUNNER_SL","-22.00","-24.40","10","-125.00"
"OPF-20260722-050717","2025-10-21T23:15:00.0000000","2025-10-21T23:20:00.0000000","20251021-2310-BEAR-OBS-001118-Z001117-OC","20251021-2315-Short-1119","Short","ObservationConfirm_WideStop1_5R","","15.75","ActualTrade","SL","-64.00","-66.40","1","-66.40"
"OPF-20260722-050717","2025-10-21T23:50:00.0000000","2025-10-21T23:50:00.0000000","20251021-2350-BEAR-OBS-001126-Z001126","20251021-2350-Short-1126","Short","ZoneBirthResearch","","2.25","ActualTrade","SPLIT_BASE_SL_RUNNER_SL","-11.00","-13.40","2","-79.80"
"OPF-20260722-050717","2025-10-22T02:40:00.0000000","2025-10-22T03:00:00.0000000","20251022-0240-BEAR-OBS-001160-Z001160","20251022-0240-Short-1160","Short","ZoneBirthResearch","","2.00","ActualTrade","SPLIT_BASE_TP_RUNNER_TP","29.00","26.60","3","-53.20"
"OPF-20260722-050717","2025-10-22T03:10:00.0000000","2025-10-22T03:50:00.0000000","20251022-0305-BEAR-OBS-001165-Z001165-OC","20251022-0310-Short-1166","Short","ObservationConfirm_WideStop1_5R","","16.12","ActualTrade","SL","-64.00","-66.40","4","-119.60"
"OPF-20260722-050717","2025-10-22T04:15:00.0000000","2025-10-22T05:20:00.0000000","20251022-0410-BULL-OBS-001178-Z001178-OC","20251022-0415-Long-1179","Long","ObservationConfirm_WideStop1_5R","","22.50","ActualTrade","SL","-97.00","-99.40","5","-219.00"
"OPF-20260722-050717","2025-10-22T06:45:00.0000000","2025-10-22T06:55:00.0000000","20251022-0640-BULL-OBS-001208-Z001208-OC","20251022-0645-Long-1209","Long","ObservationConfirm_WideStop1_5R","","15.00","ActualTrade","SL","-64.00","-66.40","6","-285.40"
"OPF-20260722-050717","2025-10-22T07:30:00.0000000","2025-10-22T07:55:00.0000000","20251022-0725-BULL-OBS-001217-Z001217-OC","20251022-0730-Long-1218","Long","ObservationConfirm_WideStop1_5R","","8.62","ActualTrade","SL","-40.00","-42.40","7","-327.80"
"OPF-20260722-050909","2025-10-22T23:10:00.0000000","2025-10-22T23:10:00.0000000","20251022-2305-BULL-OBS-001117-Z001117-OC-STR","20251022-2310-Long-1118","Long","ObservationStrict_BullFresh_WideStop1_5R","","12.38","ActualTrade","SL","-49.00","-51.40","1","-51.40"
"OPF-20260722-050909","2025-10-22T23:40:00.0000000","2025-10-22T23:55:00.0000000","20251022-2340-BEAR-OBS-001124-Z001124","20251022-2340-Short-1124","Short","ZoneBirthResearch","","13.00","ActualTrade","SPLIT_BASE_TP_RUNNER_TP","172.00","169.60","2","118.20"
"OPF-20260722-050909","2025-10-23T00:35:00.0000000","2025-10-23T00:45:00.0000000","20251023-0030-BEAR-OBS-001134-Z001124-OC","20251023-0035-Short-1135","Short","ObservationConfirm","","15.25","ActualTrade","SL","-60.00","-62.40","3","55.80"
"OPF-20260722-050909","2025-10-23T01:20:00.0000000","2025-10-23T04:05:00.0000000","20251023-0115-BULL-OBS-001143-Z001143-OC","20251023-0120-Long-1144","Long","ObservationConfirm_WideStop1_5R","","16.88","ActualTrade","SL","-4.00","-6.40","4","49.40"
"OPF-20260722-050909","2025-10-23T04:30:00.0000000","2025-10-23T05:45:00.0000000","20251023-0425-BULL-OBS-001181-Z001181-FR","20251023-0430-Short-1182","Short","FailureReverse_ObservationInvalidated_WideStop1_5R","","20.62","ActualTrade","SL","-85.50","-87.90","5","-38.50"
"OPF-20260722-050909","2025-10-23T06:15:00.0000000","2025-10-23T06:25:00.0000000","20251023-0610-BULL-OBS-001202-Z001199-OC-STR","20251023-0615-Long-1203","Long","ObservationStrict_Other","","6.00","ActualTrade","SL","-1.00","-3.40","6","-41.90"
"OPF-20260722-050909","2025-10-23T06:55:00.0000000","2025-10-23T07:10:00.0000000","20251023-0650-BULL-OBS-001210-Z001210-OC","20251023-0655-Long-1211","Long","ObservationConfirm_WideStop1_5R","","16.50","ActualTrade","SL","3.00","0.60","7","-41.30"
"OPF-20260722-050909","2025-10-23T11:05:00.0000000","2025-10-23T11:45:00.0000000","20251023-1105-BEAR-OBS-001261-Z001261","20251023-1105-Short-1261","Short","ZoneBirthResearch","","14.25","ActualTrade","SPLIT_BASE_TP_RUNNER_TP","188.00","185.60","8","144.30"
"OPF-20260722-050909","2025-10-23T16:25:00.0000000","2025-10-23T16:25:00.0000000","20251023-1620-BULL-OBS-001324-Z001322-FR","20251023-1625-Short-1325","Short","FailureReverse_ObservationInvalidated_WideStop1_5R","","12.38","ActualTrade","SL","-51.00","-53.40","9","90.90"
"OPF-20260722-050909","2025-10-23T19:00:00.0000000","2025-10-23T19:30:00.0000000","20251023-1855-BULL-OBS-001355-Z001355-OC","20251023-1900-Long-1356","Long","ObservationConfirm_WideStop1_5R","","13.50","ActualTrade","SL","-54.00","-56.40","10","34.50"
"OPF-20260722-051100","2025-10-23T23:10:00.0000000","2025-10-24T00:05:00.0000000","20251023-2305-BULL-OBS-001117-Z001117-OC","20251023-2310-Long-1118","Long","ObservationConfirm_WideStop1_5R","","7.88","ActualTrade","SL","-35.00","-37.40","1","-37.40"
"OPF-20260722-051100","2025-10-24T00:40:00.0000000","2025-10-24T01:25:00.0000000","20251024-0035-BULL-OBS-001135-Z001135-OC","20251024-0040-Long-1136","Long","ObservationConfirm_WideStop1_5R","","7.88","ActualTrade","SL","1.00","-1.40","2","-38.80"
"OPF-20260722-051100","2025-10-24T01:40:00.0000000","2025-10-24T02:35:00.0000000","20251024-0125-BULL-OBS-001145-Z001141-OC","20251024-0140-Long-1148","Long","ObservationConfirm_WideStop1_5R","","9.00","ActualTrade","SL","0.00","-2.40","3","-41.20"
"OPF-20260722-051100","2025-10-24T02:45:00.0000000","2025-10-24T05:40:00.0000000","20251024-0240-BULL-OBS-001160-Z001149-OC","20251024-0245-Long-1161","Long","ObservationConfirm_WideStop1_5R","","11.25","ActualTrade","TP","138.00","135.60","4","94.40"
"OPF-20260722-051100","2025-10-24T06:15:00.0000000","2025-10-24T07:10:00.0000000","20251024-0610-BULL-OBS-001202-Z001202-OC","20251024-0615-Long-1203","Long","ObservationConfirm_WideStop1_5R","","23.25","ActualTrade","SL","-91.00","-93.40","5","1.00"
"OPF-20260722-051100","2025-10-24T07:55:00.0000000","2025-10-24T08:40:00.0000000","20251024-0750-BEAR-OBS-001222-Z001222-OC","20251024-0755-Short-1223","Short","ObservationConfirm","","18.75","ActualTrade","SL","-77.00","-79.40","6","-78.40"
"OPF-20260722-051100","2025-10-24T09:00:00.0000000","2025-10-24T09:15:00.0000000","20251024-0855-BULL-OBS-001235-Z001234-OC","20251024-0900-Long-1236","Long","ObservationConfirm_WideStop1_5R","","7.50","ActualTrade","TP","90.00","87.60","7","9.20"
"OPF-20260722-051100","2025-10-24T09:40:00.0000000","2025-10-24T09:50:00.0000000","20251024-0935-BULL-OBS-001243-Z001243-OC","20251024-0940-Long-1244","Long","ObservationConfirm_WideStop1_5R","","13.12","ActualTrade","SL","-55.50","-57.90","8","-48.70"
"OPF-20260722-051100","2025-10-24T10:15:00.0000000","2025-10-24T10:15:00.0000000","20251024-1010-BULL-OBS-001250-Z001250-OC","20251024-1015-Long-1251","Long","ObservationConfirm_WideStop1_5R","","9.75","ActualTrade","SL","-44.00","-46.40","9","-95.10"
"OPF-20260722-051100","2025-10-24T10:40:00.0000000","2025-10-24T12:25:00.0000000","20251024-1025-BEAR-OBS-001253-Z001253-OC","20251024-1040-Short-1256","Short","ObservationConfirm_WideStop1_5R","","13.12","ActualTrade","SL","-55.00","-57.40","10","-152.50"
"OPF-20260722-051100","2025-10-24T13:10:00.0000000","2025-10-24T13:20:00.0000000","20251024-1305-BULL-OBS-001285-Z001285-OC","20251024-1310-Long-1286","Long","ObservationConfirm_WideStop1_5R","","15.75","ActualTrade","SL","-1.00","-3.40","11","-155.90"
"OPF-20260722-051100","2025-10-24T14:45:00.0000000","2025-10-24T14:45:00.0000000","20251024-1440-BULL-OBS-001304-Z001304-OC","20251024-1445-Long-1305","Long","ObservationConfirm_WideStop1_5R","","16.88","ActualTrade","SL","-70.00","-72.40","12","-228.30"
"OPF-20260722-051100","2025-10-24T15:30:00.0000000","2025-10-24T15:30:00.0000000","20251024-1525-BULL-OBS-001313-Z001313-OC","20251024-1530-Long-1314","Long","ObservationConfirm_WideStop1_5R","","15.00","ActualTrade","SL","-59.00","-61.40","13","-289.70"
"OPF-20260722-051100","2025-10-24T16:55:00.0000000","2025-10-24T18:40:00.0000000","20251024-1650-BULL-OBS-001330-Z001330-OC","20251024-1655-Long-1331","Long","ObservationConfirm_WideStop1_5R","","19.88","ActualTrade","SL","-76.00","-78.40","14","-368.10"
"OPF-20260722-051253","2025-10-26T23:20:00.0000000","2025-10-26T23:25:00.0000000","20251026-2310-BULL-OBS-001118-Z001117-FR","20251026-2320-Short-1120","Short","FailureReverse_ObservationInvalidated","","7.00","ActualTrade","SL","-23.00","-25.40","1","-25.40"
"OPF-20260722-051253","2025-10-26T23:55:00.0000000","2025-10-27T00:00:00.0000000","20251026-2350-BEAR-OBS-001126-Z001126-OC","20251026-2355-Short-1127","Short","ObservationConfirm","","7.25","ActualTrade","SL","0.00","-2.40","2","-27.80"
"OPF-20260722-051253","2025-10-27T01:10:00.0000000","2025-10-27T01:15:00.0000000","20251027-0105-BEAR-OBS-001141-Z001141-OC","20251027-0110-Short-1142","Short","ObservationConfirm","","10.25","ActualTrade","SL","-46.00","-48.40","3","-76.20"
"OPF-20260722-051253","2025-10-27T01:35:00.0000000","2025-10-27T01:45:00.0000000","20251027-0125-BULL-OBS-001145-Z001145-OC","20251027-0135-Long-1147","Long","ObservationConfirm_WideStop1_5R","","14.25","ActualTrade","SL","-57.00","-59.40","4","-135.60"
"OPF-20260722-051253","2025-10-27T01:55:00.0000000","2025-10-27T01:55:00.0000000","20251027-0150-BEAR-OBS-001150-Z001150-OC","20251027-0155-Short-1151","Short","ObservationConfirm","","5.00","ActualTrade","SL","-24.00","-26.40","5","-162.00"
"OPF-20260722-051253","2025-10-27T02:30:00.0000000","2025-10-27T05:50:00.0000000","20251027-0220-BULL-OBS-001156-Z001156-OC","20251027-0230-Long-1158","Long","ObservationConfirm_WideStop1_5R","","17.62","ActualTrade","TP","211.50","209.10","6","47.10"
"OPF-20260722-051253","2025-10-27T06:25:00.0000000","2025-10-27T06:25:00.0000000","20251027-0620-BULL-OBS-001204-Z001204-OC","20251027-0625-Long-1205","Long","ObservationConfirm_WideStop1_5R","","11.62","ActualTrade","SL","-46.50","-48.90","7","-1.80"
"OPF-20260722-051253","2025-10-27T07:25:00.0000000","2025-10-27T07:40:00.0000000","20251027-0720-BULL-OBS-001216-Z001216-OC","20251027-0725-Long-1217","Long","ObservationConfirm_WideStop1_5R","","8.62","ActualTrade","SL","-37.00","-39.40","8","-41.20"
"OPF-20260722-051253","2025-10-27T08:30:00.0000000","2025-10-27T08:30:00.0000000","20251027-0830-BEAR-OBS-001230-Z001230","20251027-0830-Short-1230","Short","ZoneBirthResearch","","5.25","ActualTrade","SPLIT_BASE_SL_RUNNER_SL","-25.50","-27.90","9","-69.10"
"OPF-20260722-051253","2025-10-27T09:50:00.0000000","2025-10-27T10:55:00.0000000","20251027-0945-BULL-OBS-001245-Z001245-OC","20251027-0950-Long-1246","Long","ObservationConfirm_WideStop1_5R","","16.12","ActualTrade","SL","0.00","-2.40","10","-71.50"
"OPF-20260722-051253","2025-10-27T11:40:00.0000000","2025-10-27T12:00:00.0000000","20251027-1135-BEAR-OBS-001267-Z001267-OC","20251027-1140-Short-1268","Short","ObservationConfirm","","12.50","ActualTrade","SL","-55.00","-57.40","11","-128.90"
"OPF-20260722-051253","2025-10-27T15:35:00.0000000","2025-10-27T15:40:00.0000000","20251027-1530-BULL-OBS-001314-Z001314-OC","20251027-1535-Long-1315","Long","ObservationConfirm_WideStop1_5R","","7.50","ActualTrade","SL","1.00","-1.40","12","-130.30"
"OPF-20260722-051253","2025-10-27T17:00:00.0000000","2025-10-27T17:00:00.0000000","20251027-1700-BULL-PB-001332-Z001331","20251027-1700-Long-1332","Long","AlmostConfirmed","","7.00","ActualTrade","SL","-28.00","-30.40","13","-160.70"
"OPF-20260722-051253","2025-10-27T20:05:00.0000000","2025-10-27T20:40:00.0000000","20251027-2000-BULL-OBS-001368-Z001367-OC-STR","20251027-2005-Long-1369","Long","ObservationStrict_Other","","12.75","ActualTrade","TP","153.00","150.60","14","-10.10"
"OPF-20260722-051444","2025-10-28T00:05:00.0000000","2025-10-28T06:25:00.0000000","20251028-0000-BEAR-OBS-001128-Z001128-OC","20251028-0005-Short-1129","Short","ObservationConfirm","","20.00","ActualTrade","SL","1.00","-1.40","1","-1.40"
"OPF-20260722-051444","2025-10-28T06:35:00.0000000","2025-10-28T06:40:00.0000000","20251028-0630-BULL-OBS-001206-Z001206-OC","20251028-0635-Long-1207","Long","ObservationConfirm_WideStop1_5R","","8.62","ActualTrade","SL","-33.00","-35.40","2","-36.80"
"OPF-20260722-051444","2025-10-28T06:50:00.0000000","2025-10-28T06:55:00.0000000","20251028-0650-BEAR-OBS-001210-Z001210","20251028-0650-Short-1210","Short","ZoneBirthResearch","","5.00","ActualTrade","SPLIT_BASE_SL_RUNNER_SL","-25.00","-27.40","3","-64.20"
"OPF-20260722-051444","2025-10-28T07:45:00.0000000","2025-10-28T07:50:00.0000000","20251028-0740-BEAR-OBS-001220-Z001219-OC","20251028-0745-Short-1221","Short","ObservationConfirm","","10.00","ActualTrade","SL","1.00","-1.40","4","-65.60"
"OPF-20260722-051444","2025-10-28T07:55:00.0000000","2025-10-28T08:15:00.0000000","20251028-0750-BEAR-OBS-001222-Z001222-OC","20251028-0755-Short-1223","Short","ObservationConfirm_WideStop1_5R","","10.88","ActualTrade","SL","1.00","-1.40","5","-67.00"
"OPF-20260722-051444","2025-10-28T09:00:00.0000000","2025-10-28T10:40:00.0000000","20251028-0855-BULL-OBS-001235-Z001235-OC","20251028-0900-Long-1236","Long","ObservationConfirm_WideStop1_5R","","11.25","ActualTrade","SL","1.00","-1.40","6","-68.40"
"OPF-20260722-051444","2025-10-28T11:30:00.0000000","2025-10-28T11:35:00.0000000","20251028-1125-BULL-OBS-001265-Z001265-OC","20251028-1130-Long-1266","Long","ObservationConfirm_WideStop1_5R","","6.75","ActualTrade","SL","1.00","-1.40","7","-69.80"
"OPF-20260722-051444","2025-10-28T12:25:00.0000000","2025-10-28T12:25:00.0000000","20251028-1225-BULL-PB-001277-Z001276","20251028-1225-Long-1277","Long","AlmostConfirmed","","9.75","ActualTrade","SL","-38.00","-40.40","8","-110.20"
"OPF-20260722-051444","2025-10-28T16:50:00.0000000","2025-10-28T16:50:00.0000000","20251028-1645-BULL-OBS-001329-Z001329-OC","20251028-1650-Long-1330","Long","ObservationConfirm_WideStop1_5R","","10.12","ActualTrade","SL","-44.00","-46.40","9","-156.60"
"OPF-20260722-051444","2025-10-28T19:15:00.0000000","2025-10-28T19:35:00.0000000","20251028-1910-BULL-OBS-001358-Z001358-OC","20251028-1915-Long-1359","Long","ObservationConfirm_WideStop1_5R","","13.50","ActualTrade","SL","-1.00","-3.40","10","-160.00"
"OPF-20260722-051636","2025-10-28T22:45:00.0000000","2025-10-28T23:05:00.0000000","20251028-2240-BEAR-OBS-001112-Z001112-OC","20251028-2245-Short-1113","Short","ObservationConfirm","","8.75","ActualTrade","SL","-2.00","-4.40","1","-4.40"
"OPF-20260722-051636","2025-10-28T23:20:00.0000000","2025-10-28T23:20:00.0000000","20251028-2315-BEAR-OBS-001119-Z001112-FR","20251028-2320-Long-1120","Long","FailureReverse_ObservationInvalidated","","7.50","ActualTrade","SL","-33.00","-35.40","2","-39.80"
"OPF-20260722-051636","2025-10-28T23:35:00.0000000","2025-10-28T23:45:00.0000000","20251028-2330-BULL-OBS-001122-Z001119-OC-STR","20251028-2335-Long-1123","Long","ObservationStrict_Other","","8.75","ActualTrade","SL","-1.00","-3.40","3","-43.20"
"OPF-20260722-051636","2025-10-29T00:45:00.0000000","2025-10-29T00:55:00.0000000","20251029-0030-BULL-OBS-001134-Z001134-FR-RT","20251029-0045-Short-1137","Short","FailureReverse_RetestFailed","","6.50","ActualTrade","SL","3.00","0.60","4","-42.60"
"OPF-20260722-051636","2025-10-29T01:10:00.0000000","2025-10-29T02:05:00.0000000","20251029-0105-BULL-OBS-001141-Z001141-OC","20251029-0110-Long-1142","Long","ObservationConfirm_WideStop1_5R","","16.12","ActualTrade","TP","189.00","186.60","5","144.00"
"OPF-20260722-051636","2025-10-29T02:10:00.0000000","2025-10-29T03:25:00.0000000","20251029-0205-BULL-OBS-001153-Z001153-OC","20251029-0210-Long-1154","Long","ObservationConfirm_WideStop1_5R","","12.38","ActualTrade","SL","0.00","-2.40","6","141.60"
"OPF-20260722-051636","2025-10-29T03:45:00.0000000","2025-10-29T03:55:00.0000000","20251029-0340-BULL-OBS-001172-Z001172-OC","20251029-0345-Long-1173","Long","ObservationConfirm_WideStop1_5R","","16.88","ActualTrade","SL","-69.50","-71.90","7","69.70"
"OPF-20260722-051636","2025-10-29T04:20:00.0000000","2025-10-29T06:10:00.0000000","20251029-0415-BEAR-OBS-001179-Z001178-FR","20251029-0420-Long-1180","Long","FailureReverse_ObservationInvalidated","","11.25","ActualTrade","TP","141.00","138.60","8","208.30"
"OPF-20260722-051636","2025-10-29T07:40:00.0000000","2025-10-29T08:30:00.0000000","20251029-0735-BULL-OBS-001219-Z001219-OC","20251029-0740-Long-1220","Long","ObservationConfirm_WideStop1_5R","","23.62","ActualTrade","SL","-93.00","-95.40","9","112.90"
"OPF-20260722-051636","2025-10-29T08:55:00.0000000","2025-10-29T09:15:00.0000000","20251029-0855-BEAR-OBS-001235-Z001235","20251029-0855-Short-1235","Short","ZoneBirthResearch","","4.75","ActualTrade","SPLIT_BASE_TP_RUNNER_TP","69.00","66.60","10","179.50"
"OPF-20260722-051636","2025-10-29T09:35:00.0000000","2025-10-29T11:15:00.0000000","20251029-0930-BULL-OBS-001242-Z001180-OC","20251029-0935-Long-1243","Long","ObservationConfirm_WideStop1_5R","","13.50","ActualTrade","TP","177.00","174.60","11","354.10"
"OPF-20260722-051636","2025-10-29T11:30:00.0000000","2025-10-29T11:50:00.0000000","20251029-1125-BULL-OBS-001265-Z001265-OC","20251029-1130-Long-1266","Long","ObservationConfirm_WideStop1_5R","","15.38","ActualTrade","SL","-65.00","-67.40","12","286.70"
"OPF-20260722-051636","2025-10-29T11:55:00.0000000","2025-10-29T13:00:00.0000000","20251029-1150-BEAR-OBS-001270-Z001270-OC","20251029-1155-Short-1271","Short","ObservationConfirm_WideStop1_5R","","20.62","ActualTrade","SL","-1.00","-3.40","13","283.30"
"OPF-20260722-051828","2025-10-30T00:35:00.0000000","2025-10-30T00:40:00.0000000","20251030-0030-BULL-OBS-001134-Z001133-OC","20251030-0035-Long-1135","Long","ObservationConfirm_WideStop1_5R","","16.12","ActualTrade","SL","-64.00","-66.40","1","-66.40"
"OPF-20260722-051828","2025-10-30T02:25:00.0000000","2025-10-30T02:40:00.0000000","20251030-0220-BULL-OBS-001156-Z001156-OC","20251030-0225-Long-1157","Long","ObservationConfirm_WideStop1_5R","","16.88","ActualTrade","SL","0.00","-2.40","2","-68.80"
"OPF-20260722-051828","2025-10-30T03:30:00.0000000","2025-10-30T03:45:00.0000000","20251030-0320-BULL-OBS-001168-Z001167-OC","20251030-0330-Long-1170","Long","ObservationConfirm_WideStop1_5R","","11.62","ActualTrade","SL","-0.50","-2.90","3","-71.70"
"OPF-20260722-051828","2025-10-30T07:05:00.0000000","2025-10-30T07:05:00.0000000","20251030-0700-BEAR-OBS-001212-Z001212-OC","20251030-0705-Short-1213","Short","ObservationConfirm","","17.50","ActualTrade","SL","-74.00","-76.40","4","-148.10"
"OPF-20260722-051828","2025-10-30T07:30:00.0000000","2025-10-30T07:40:00.0000000","20251030-0725-BEAR-OBS-001217-Z001217-OC","20251030-0730-Short-1218","Short","ObservationConfirm","","18.25","ActualTrade","SL","-72.50","-74.90","5","-223.00"
"OPF-20260722-051828","2025-10-30T10:25:00.0000000","2025-10-30T10:25:00.0000000","20251030-1020-BEAR-OBS-001252-Z001244-OC","20251030-1025-Short-1253","Short","ObservationConfirm","","6.75","ActualTrade","SL","-29.00","-31.40","6","-254.40"
"OPF-20260722-051828","2025-10-30T11:55:00.0000000","2025-10-30T12:05:00.0000000","20251030-1150-BEAR-OBS-001270-Z001270-OC","20251030-1155-Short-1271","Short","ObservationConfirm","","15.00","ActualTrade","TP","171.00","168.60","7","-85.80"
"OPF-20260722-051828","2025-10-30T12:45:00.0000000","2025-10-30T13:05:00.0000000","20251030-1245-BEAR-BRK-001281-Z001281","20251030-1245-Short-1281","Short","BreakawayFvg","","23.50","ActualTrade","SL","1.00","-1.40","8","-87.20"
"OPF-20260722-051828","2025-10-30T17:10:00.0000000","2025-10-30T17:15:00.0000000","20251030-1705-BULL-OBS-001333-Z001321-FR","20251030-1710-Short-1334","Short","FailureReverse_ObservationInvalidated_WideStop1_5R","","21.75","ActualTrade","SL","-84.00","-86.40","9","-173.60"
"OPF-20260722-052020","2025-10-30T23:30:00.0000000","2025-10-30T23:30:00.0000000","20251030-2320-BEAR-OBS-001120-Z001120-OC","20251030-2330-Short-1122","Short","ObservationConfirm_WideStop1_5R","","16.50","ActualTrade","SL","-66.00","-68.40","1","-68.40"
"OPF-20260722-052020","2025-10-30T23:50:00.0000000","2025-10-31T00:00:00.0000000","20251030-2345-BULL-OBS-001125-Z001125-OC","20251030-2350-Long-1126","Long","ObservationConfirm_WideStop1_5R","","18.00","ActualTrade","SL","-76.00","-78.40","2","-146.80"
"OPF-20260722-052020","2025-10-31T02:35:00.0000000","2025-10-31T03:30:00.0000000","20251031-0230-BEAR-OBS-001158-Z001158-OC","20251031-0235-Short-1159","Short","ObservationConfirm","","19.50","ActualTrade","SL","-2.50","-4.90","3","-151.70"
"OPF-20260722-052020","2025-10-31T04:00:00.0000000","2025-10-31T04:15:00.0000000","20251031-0350-BULL-OBS-001174-Z001174-OC","20251031-0400-Long-1176","Long","ObservationConfirm_WideStop1_5R","","10.50","ActualTrade","SL","0.00","-2.40","4","-154.10"
"OPF-20260722-052020","2025-10-31T05:35:00.0000000","2025-10-31T05:35:00.0000000","20251031-0530-BEAR-OBS-001194-Z001194-OC","20251031-0535-Short-1195","Short","ObservationConfirm","","5.75","ActualTrade","SL","-26.50","-28.90","5","-183.00"
"OPF-20260722-052020","2025-10-31T05:55:00.0000000","2025-10-31T05:55:00.0000000","20251031-0550-BEAR-OBS-001198-Z001198-OC","20251031-0555-Short-1199","Short","ObservationConfirm","","9.75","ActualTrade","SL","-41.00","-43.40","6","-226.40"
"OPF-20260722-052020","2025-10-31T06:55:00.0000000","2025-10-31T07:25:00.0000000","20251031-0650-BEAR-OBS-001210-Z001210-OC","20251031-0655-Short-1211","Short","ObservationConfirm","","17.00","ActualTrade","SL","-67.50","-69.90","7","-296.30"
"OPF-20260722-052020","2025-10-31T12:45:00.0000000","2025-10-31T12:55:00.0000000","20251031-1240-BULL-OBS-001280-Z001270-OC-STR","20251031-1245-Long-1281","Long","ObservationStrict_Other","","13.25","ActualTrade","SL","0.00","-2.40","8","-298.70"
"OPF-20260722-052020","2025-10-31T16:45:00.0000000","2025-10-31T16:50:00.0000000","20251031-1645-BEAR-BRK-001329-Z001329","20251031-1645-Short-1329","Short","BreakawayFvg","","18.00","ActualTrade","TP","222.00","219.60","9","-79.10"
"OPF-20260722-052020","2025-10-31T19:35:00.0000000","2025-10-31T19:40:00.0000000","20251031-1930-BULL-OBS-001362-Z001362-OC-STR","20251031-1935-Long-1363","Long","ObservationStrict_BullFresh_WideStop1_5R","","18.38","ActualTrade","SL","-75.00","-77.40","10","-156.50"
"OPF-20260722-052020","2025-10-31T20:10:00.0000000","2025-10-31T20:25:00.0000000","20251031-2005-BEAR-OBS-001369-Z001369-OC","20251031-2010-Short-1370","Short","ObservationConfirm_WideStop1_5R","","13.12","ActualTrade","SL","-2.00","-4.40","11","-160.90"
"OPF-20260722-052211","2025-11-03T00:30:00.0000000","2025-11-03T01:35:00.0000000","20251103-0020-BULL-OBS-001120-Z001120-OC","20251103-0030-Long-1122","Long","ObservationConfirm_WideStop1_5R","","14.25","ActualTrade","SL","-62.00","-64.40","1","-64.40"
"OPF-20260722-052211","2025-11-03T01:45:00.0000000","2025-11-03T02:00:00.0000000","20251103-0140-BEAR-OBS-001136-Z001136-OC","20251103-0145-Short-1137","Short","ObservationConfirm","","5.75","ActualTrade","SL","0.00","-2.40","2","-66.80"
"OPF-20260722-052211","2025-11-03T03:05:00.0000000","2025-11-03T03:10:00.0000000","20251103-0300-BEAR-OBS-001152-Z001152-OC","20251103-0305-Short-1153","Short","ObservationConfirm","","10.00","ActualTrade","SL","-1.00","-3.40","3","-70.20"
"OPF-20260722-052211","2025-11-03T03:15:00.0000000","2025-11-03T03:25:00.0000000","20251103-0310-BEAR-OBS-001154-Z001154-OC","20251103-0315-Short-1155","Short","ObservationConfirm","","8.00","ActualTrade","SL","1.00","-1.40","4","-71.60"
"OPF-20260722-052211","2025-11-03T03:50:00.0000000","2025-11-03T05:10:00.0000000","20251103-0325-BEAR-OBS-001157-Z001157-FR-RT","20251103-0350-Long-1162","Long","FailureReverse_RetestFailed","","11.00","ActualTrade","SL","2.00","-0.40","5","-72.00"
"OPF-20260722-052211","2025-11-03T06:40:00.0000000","2025-11-03T06:45:00.0000000","20251103-0630-BEAR-OBS-001194-Z001193-OC","20251103-0640-Short-1196","Short","ObservationConfirm","","15.25","ActualTrade","SL","-60.00","-62.40","6","-134.40"
"OPF-20260722-052211","2025-11-03T07:10:00.0000000","2025-11-03T07:20:00.0000000","20251103-0705-BEAR-OBS-001201-Z001201-OC","20251103-0710-Short-1202","Short","ObservationConfirm","","16.75","ActualTrade","SL","-68.00","-70.40","7","-204.80"
"OPF-20260722-052211","2025-11-03T08:55:00.0000000","2025-11-03T09:10:00.0000000","20251103-0850-BULL-OBS-001222-Z001222-OC-STR","20251103-0855-Long-1223","Long","ObservationStrict_BullFresh_WideStop1_5R","","12.00","ActualTrade","TP","144.00","141.60","8","-63.20"
"OPF-20260722-052211","2025-11-03T10:05:00.0000000","2025-11-03T10:50:00.0000000","20251103-1000-BULL-OBS-001236-Z001228-OC","20251103-1005-Long-1237","Long","ObservationConfirm_WideStop1_5R","","19.88","ActualTrade","SL","-3.00","-5.40","9","-68.60"
"OPF-20260722-052211","2025-11-03T15:00:00.0000000","2025-11-03T15:00:00.0000000","20251103-1500-BULL-PB-001296-Z001225","20251103-1500-Long-1296","Long","AlmostConfirmed","","16.25","ActualTrade","SL","-61.00","-63.40","10","-132.00"
"OPF-20260722-052211","2025-11-03T15:10:00.0000000","2025-11-03T15:10:00.0000000","20251103-1505-BULL-OBS-001297-Z001226-OC-STR","20251103-1510-Long-1298","Long","ObservationStrict_Other","","23.75","ActualTrade","SL","-91.00","-93.40","11","-225.40"
"OPF-20260722-052211","2025-11-03T17:40:00.0000000","2025-11-03T18:15:00.0000000","20251103-1735-BULL-OBS-001327-Z001327-OC","20251103-1740-Long-1328","Long","ObservationConfirm_WideStop1_5R","","18.75","ActualTrade","SL","0.00","-2.40","12","-227.80"
"OPF-20260722-052211","2025-11-03T18:55:00.0000000","2025-11-03T18:55:00.0000000","20251103-1850-BULL-OBS-001342-Z001327-OC-STR","20251103-1855-Long-1343","Long","ObservationStrict_Other_WideStop1_5R","","5.62","ActualTrade","SL","-2.00","-4.40","13","-232.20"
"OPF-20260722-052401","2025-11-04T00:30:00.0000000","2025-11-04T00:30:00.0000000","20251104-0025-BEAR-OBS-000845-Z000845-OC","20251104-0030-Short-846","Short","ObservationConfirm","","6.25","ActualTrade","SL","-26.50","-28.90","1","-28.90"
"OPF-20260722-052401","2025-11-04T01:05:00.0000000","2025-11-04T01:15:00.0000000","20251104-0105-BEAR-OBS-000853-Z000853","20251104-0105-Short-853","Short","ZoneBirthResearch","","5.50","ActualTrade","SPLIT_BASE_SL_RUNNER_SL","-28.00","-30.40","2","-59.30"
"OPF-20260722-052401","2025-11-04T01:35:00.0000000","2025-11-04T01:50:00.0000000","20251104-0130-BULL-OBS-000858-Z000857-FR","20251104-0135-Short-859","Short","FailureReverse_ObservationInvalidated_WideStop1_5R","","12.00","ActualTrade","SL","-2.50","-4.90","3","-64.20"
"OPF-20260722-052401","2025-11-04T05:20:00.0000000","2025-11-04T05:40:00.0000000","20251104-0520-BEAR-BRK-000904-Z000904","20251104-0520-Short-904","Short","BreakawayFvg","","23.25","ActualTrade","TP","280.50","278.10","4","213.90"
"OPF-20260722-052401","2025-11-04T07:00:00.0000000","2025-11-04T07:15:00.0000000","20251104-0700-BEAR-BRK-000924-Z000924","20251104-0700-Short-924","Short","BreakawayFvg","","24.50","ActualTrade","SL","-93.00","-95.40","5","118.50"
"OPF-20260722-052401","2025-11-04T07:30:00.0000000","2025-11-04T07:30:00.0000000","20251104-0725-BEAR-OBS-000929-Z000914-OC","20251104-0730-Short-930","Short","ObservationConfirm","","16.25","ActualTrade","SL","-71.50","-73.90","6","44.60"
"OPF-20260722-052401","2025-11-04T08:50:00.0000000","2025-11-04T09:00:00.0000000","20251104-0845-BULL-OBS-000945-Z000941-OC-STR","20251104-0850-Long-946","Long","ObservationStrict_Other","","14.00","ActualTrade","SL","-3.00","-5.40","7","39.20"
"OPF-20260722-052401","2025-11-04T09:25:00.0000000","2025-11-04T09:25:00.0000000","20251104-0925-BEAR-BRK-000953-Z000953","20251104-0925-Short-953","Short","BreakawayFvg","","14.25","ActualTrade","SL","-59.50","-61.90","8","-22.70"
"OPF-20260722-052401","2025-11-04T12:10:00.0000000","2025-11-04T12:10:00.0000000","20251104-1205-BEAR-OBS-000985-Z000985-OC","20251104-1210-Short-986","Short","ObservationConfirm","","18.50","ActualTrade","SL","-77.00","-79.40","9","-102.10"
"OPF-20260722-052401","2025-11-04T12:40:00.0000000","2025-11-04T12:45:00.0000000","20251104-1240-BEAR-BRK-000992-Z000992","20251104-1240-Short-992","Short","BreakawayFvg","","22.25","ActualTrade","SL","-89.50","-91.90","10","-194.00"
"OPF-20260722-052401","2025-11-04T12:55:00.0000000","2025-11-04T14:25:00.0000000","20251104-1250-BEAR-SHD-000994-Z000992","20251104-1255-Short-995","Short","ShadowCandidate","","20.50","ActualTrade","SL","1.00","-1.40","11","-195.40"
"OPF-20260722-052401","2025-11-04T20:05:00.0000000","2025-11-04T20:05:00.0000000","20251104-2000-BEAR-OBS-001080-Z001076-OC","20251104-2005-Short-1081","Short","ObservationConfirm","","18.00","ActualTrade","SL","-75.00","-77.40","12","-272.80"
"OPF-20260722-052553","2025-11-04T23:50:00.0000000","2025-11-05T00:20:00.0000000","20251104-2350-BEAR-OBS-000838-Z000838","20251104-2350-Short-838","Short","ZoneBirthResearch","","14.75","ActualTrade","SPLIT_BASE_TP_RUNNER_TP","185.00","182.60","1","182.60"
"OPF-20260722-052553","2025-11-05T00:45:00.0000000","2025-11-05T01:00:00.0000000","20251105-0040-BEAR-OBS-000848-Z000848-OC","20251105-0045-Short-849","Short","ObservationConfirm","","12.50","ActualTrade","TP","154.50","152.10","2","334.70"
"OPF-20260722-052553","2025-11-05T01:55:00.0000000","2025-11-05T02:00:00.0000000","20251105-0155-BEAR-OBS-000863-Z000856","20251105-0155-Short-863","Short","UnknownRegimeZoneTouch","","19.75","ActualTrade","SL","-11.50","-13.90","3","320.80"
"OPF-20260722-052553","2025-11-05T11:05:00.0000000","2025-11-05T11:05:00.0000000","20251105-1100-BEAR-OBS-000972-Z000972-OC","20251105-1105-Short-973","Short","ObservationConfirm_WideStop1_5R","","15.00","ActualTrade","SL","-61.00","-63.40","4","257.40"
"OPF-20260722-052553","2025-11-05T12:00:00.0000000","2025-11-05T12:10:00.0000000","20251105-1120-BULL-OBS-000976-Z000976-FR-RT","20251105-1200-Short-984","Short","FailureReverse_RetestFailed_WideStop1_5R","","24.75","ActualTrade","SL","-107.00","-109.40","5","148.00"
"OPF-20260722-052553","2025-11-05T12:50:00.0000000","2025-11-05T12:50:00.0000000","20251105-1250-BEAR-OBS-000994-Z000994","20251105-1250-Short-994","Short","ZoneBirthResearch","","17.25","ActualTrade","SPLIT_BASE_SL_RUNNER_SL","-72.00","-74.40","6","73.60"
"OPF-20260722-052553","2025-11-05T16:55:00.0000000","2025-11-05T17:00:00.0000000","20251105-1650-BULL-OBS-001042-Z001042-OC","20251105-1655-Long-1043","Long","ObservationConfirm_WideStop1_5R","","9.75","ActualTrade","SL","-1.00","-3.40","7","70.20"
"OPF-20260722-052553","2025-11-05T17:10:00.0000000","2025-11-05T17:10:00.0000000","20251105-1655-BULL-OBS-001043-Z001042-FR-RT","20251105-1710-Short-1046","Short","FailureReverse_RetestFailed_WideStop1_5R","","10.12","ActualTrade","SL","-1.50","-3.90","8","66.30"
"OPF-20260722-052553","2025-11-05T17:45:00.0000000","2025-11-05T18:20:00.0000000","20251105-1740-BULL-OBS-001052-Z001052-OC","20251105-1745-Long-1053","Long","ObservationConfirm_WideStop1_5R","","13.88","ActualTrade","SL","1.00","-1.40","9","64.90"
"OPF-20260722-052745","2025-11-06T00:05:00.0000000","2025-11-06T00:25:00.0000000","20251106-0005-BEAR-OBS-001117-Z001117","20251106-0005-Short-1117","Short","ZoneBirthResearch","","16.75","ActualTrade","SPLIT_BASE_TP_RUNNER_TP","217.50","215.10","1","215.10"
"OPF-20260722-052745","2025-11-06T04:00:00.0000000","2025-11-06T04:05:00.0000000","20251106-0345-BULL-OBS-001161-Z001160-FR-RT","20251106-0400-Short-1164","Short","FailureReverse_RetestFailed_WideStop1_5R","","14.25","ActualTrade","SL","-65.50","-67.90","2","147.20"
"OPF-20260722-052745","2025-11-06T04:25:00.0000000","2025-11-06T05:05:00.0000000","20251106-0420-BULL-OBS-001168-Z001168-OC","20251106-0425-Long-1169","Long","ObservationConfirm_WideStop1_5R","","14.25","ActualTrade","SL","-59.00","-61.40","3","85.80"
"OPF-20260722-052745","2025-11-06T05:15:00.0000000","2025-11-06T05:30:00.0000000","20251106-0510-BULL-OBS-001178-Z001167-OC","20251106-0515-Long-1179","Long","ObservationConfirm_WideStop1_5R","","13.88","ActualTrade","SL","-51.50","-53.90","4","31.90"
"OPF-20260722-052745","2025-11-06T05:45:00.0000000","2025-11-06T05:55:00.0000000","20251106-0540-BEAR-OBS-001184-Z001184-OC","20251106-0545-Short-1185","Short","ObservationConfirm","","12.75","ActualTrade","SL","1.00","-1.40","5","30.50"
"OPF-20260722-052745","2025-11-06T10:50:00.0000000","2025-11-06T12:20:00.0000000","20251106-1045-BULL-OBS-001245-Z001240-OC","20251106-1050-Long-1246","Long","ObservationConfirm_WideStop1_5R","","22.88","ActualTrade","SL","-1.50","-3.90","6","26.60"
"OPF-20260722-052745","2025-11-06T12:40:00.0000000","2025-11-06T13:45:00.0000000","20251106-1235-BULL-OBS-001267-Z001267-OC","20251106-1240-Long-1268","Long","ObservationConfirm_WideStop1_5R","","16.50","ActualTrade","SL","-3.00","-5.40","7","21.20"
"OPF-20260722-052745","2025-11-06T19:15:00.0000000","2025-11-06T19:35:00.0000000","20251106-1910-BULL-OBS-001346-Z001346-OC","20251106-1915-Long-1347","Long","ObservationConfirm_WideStop1_5R","","21.38","ActualTrade","SL","1.00","-1.40","8","19.80"
"OPF-20260722-052745","2025-11-06T21:10:00.0000000","2025-11-06T21:15:00.0000000","20251106-2110-BEAR-OBS-001370-Z001366","20251106-2110-Short-1370","Short","UnknownRegimeZoneTouch","","12.25","ActualTrade","SL","-5.50","-7.90","9","11.90"
"OPF-20260722-052941","2025-11-07T03:20:00.0000000","2025-11-07T03:55:00.0000000","20251107-0315-BEAR-OBS-001155-Z001155-OC","20251107-0320-Short-1156","Short","ObservationConfirm","","16.75","ActualTrade","TP","207.00","204.60","1","204.60"
"OPF-20260722-052941","2025-11-07T05:40:00.0000000","2025-11-07T06:45:00.0000000","20251107-0535-BULL-OBS-001183-Z001183-OC","20251107-0540-Long-1184","Long","ObservationConfirm_WideStop1_5R","","23.25","ActualTrade","SL","-7.50","-9.90","2","194.70"
"OPF-20260722-052941","2025-11-07T09:40:00.0000000","2025-11-07T09:40:00.0000000","20251107-0935-BEAR-OBS-001231-Z001231-OC","20251107-0940-Short-1232","Short","ObservationConfirm","","14.25","ActualTrade","SL","-56.50","-58.90","3","135.80"
"OPF-20260722-052941","2025-11-07T09:50:00.0000000","2025-11-07T09:55:00.0000000","20251107-0945-BEAR-OBS-001233-Z001231-OC","20251107-0950-Short-1234","Short","ObservationConfirm","","17.25","ActualTrade","SL","-71.00","-73.40","4","62.40"
"OPF-20260722-052941","2025-11-07T10:30:00.0000000","2025-11-07T10:50:00.0000000","20251107-1025-BEAR-OBS-001241-Z001240-FR","20251107-1030-Long-1242","Long","FailureReverse_ObservationInvalidated_WideStop1_5R","","18.00","ActualTrade","SL","-72.50","-74.90","5","-12.50"
"OPF-20260722-052941","2025-11-07T21:05:00.0000000","2025-11-07T21:10:00.0000000","20251107-2100-BEAR-OBS-001368-Z001249-OC","20251107-2105-Short-1369","Short","ObservationConfirm","","19.25","ActualTrade","SL","-76.00","-78.40","6","-90.90"
"OPF-20260722-052941","2025-11-07T21:45:00.0000000","2025-11-07T21:50:00.0000000","20251107-2135-BULL-OBS-001375-Z001375-OC","20251107-2145-Long-1377","Long","ObservationConfirm_WideStop1_5R","","12.75","ActualTrade","SESSION_FLATTEN","14.00","11.60","7","-79.30"
"OPF-20260722-053133","2025-11-10T02:40:00.0000000","2025-11-10T03:25:00.0000000","20251110-0235-BULL-OBS-001147-Z001147-OC","20251110-0240-Long-1148","Long","ObservationConfirm_WideStop1_5R","","15.00","ActualTrade","TP","189.00","186.60","1","186.60"
"OPF-20260722-053133","2025-11-10T04:00:00.0000000","2025-11-10T04:10:00.0000000","20251110-0355-BULL-OBS-001163-Z001156-OC","20251110-0400-Long-1164","Long","ObservationConfirm_WideStop1_5R","","7.50","ActualTrade","SL","0.00","-2.40","2","184.20"
"OPF-20260722-053133","2025-11-10T04:25:00.0000000","2025-11-10T04:25:00.0000000","20251110-0410-BULL-OBS-001166-Z001166-FR-RT","20251110-0425-Short-1169","Short","FailureReverse_RetestFailed","","3.25","ActualTrade","SL","-14.00","-16.40","3","167.80"
"OPF-20260722-053133","2025-11-10T05:20:00.0000000","2025-11-10T05:25:00.0000000","20251110-0515-BULL-OBS-001179-Z001179-OC","20251110-0520-Long-1180","Long","ObservationConfirm_WideStop1_5R","","15.75","ActualTrade","SL","-62.00","-64.40","4","103.40"
"OPF-20260722-053133","2025-11-10T05:40:00.0000000","2025-11-10T06:55:00.0000000","20251110-0535-BULL-OBS-001183-Z001177-OC","20251110-0540-Long-1184","Long","ObservationConfirm_WideStop1_5R","","18.00","ActualTrade","SL","-71.50","-73.90","5","29.50"
"OPF-20260722-053133","2025-11-10T07:05:00.0000000","2025-11-10T07:25:00.0000000","20251110-0700-BEAR-OBS-001200-Z001200-OC","20251110-0705-Short-1201","Short","ObservationConfirm_WideStop1_5R","","15.00","ActualTrade","SL","-60.00","-62.40","6","-32.90"
"OPF-20260722-053133","2025-11-10T08:15:00.0000000","2025-11-10T08:15:00.0000000","20251110-0810-BEAR-OBS-001214-Z001214-OC","20251110-0815-Short-1215","Short","ObservationConfirm","","15.75","ActualTrade","SL","-70.00","-72.40","7","-105.30"
"OPF-20260722-053133","2025-11-10T10:15:00.0000000","2025-11-10T10:20:00.0000000","20251110-0955-BULL-OBS-001235-Z001234-FR-RT","20251110-1015-Short-1239","Short","FailureReverse_RetestFailed","","4.75","ActualTrade","SL","-1.00","-3.40","8","-108.70"
"OPF-20260722-053133","2025-11-10T10:55:00.0000000","2025-11-10T11:35:00.0000000","20251110-1050-BEAR-OBS-001246-Z001246-OC","20251110-1055-Short-1247","Short","ObservationConfirm","","18.00","ActualTrade","SL","-0.50","-2.90","9","-111.60"
"OPF-20260722-053133","2025-11-10T13:45:00.0000000","2025-11-10T13:45:00.0000000","20251110-1335-BULL-OBS-001279-Z001278-FR","20251110-1345-Short-1281","Short","FailureReverse_ObservationInvalidated","","13.00","ActualTrade","SL","-54.00","-56.40","10","-168.00"
"OPF-20260722-053133","2025-11-10T21:30:00.0000000","2025-11-10T21:35:00.0000000","20251110-2130-BEAR-OBS-001374-Z001374","20251110-2130-Short-1374","Short","ZoneBirthResearch","","8.00","ActualTrade","SPLIT_BASE_SL_RUNNER_SL","-31.00","-33.40","11","-201.40"
"OPF-20260722-053324","2025-11-11T01:25:00.0000000","2025-11-11T01:30:00.0000000","20251111-0120-BULL-OBS-001132-Z001132-OC","20251111-0125-Long-1133","Long","ObservationConfirm_WideStop1_5R","","13.50","ActualTrade","SL","-58.00","-60.40","1","-60.40"
"OPF-20260722-053324","2025-11-11T01:45:00.0000000","2025-11-11T02:05:00.0000000","20251111-0140-BEAR-OBS-001136-Z001136-OC","20251111-0145-Short-1137","Short","ObservationConfirm_WideStop1_5R","","17.25","ActualTrade","SL","0.00","-2.40","2","-62.80"
"OPF-20260722-053324","2025-11-11T04:15:00.0000000","2025-11-11T05:05:00.0000000","20251111-0410-BEAR-OBS-001166-Z001166-OC","20251111-0415-Short-1167","Short","ObservationConfirm","","16.50","ActualTrade","TP","195.00","192.60","3","129.80"
"OPF-20260722-053324","2025-11-11T06:30:00.0000000","2025-11-11T07:00:00.0000000","20251111-0630-BEAR-OBS-001194-Z001175","20251111-0630-Short-1194","Short","UnknownRegimeZoneTouch","","11.75","ActualTrade","TP","147.00","144.60","4","274.40"
"OPF-20260722-053324","2025-11-11T08:15:00.0000000","2025-11-11T08:20:00.0000000","20251111-0815-BEAR-OBS-001215-Z001201","20251111-0815-Short-1215","Short","UnknownRegimeZoneTouch","","10.50","ActualTrade","TP","131.50","129.10","5","403.50"
"OPF-20260722-053324","2025-11-11T09:35:00.0000000","2025-11-11T09:40:00.0000000","20251111-0935-BEAR-BRK-001231-Z001231","20251111-0935-Short-1231","Short","BreakawayFvg","","15.75","ActualTrade","SL","-64.00","-66.40","6","337.10"
"OPF-20260722-053324","2025-11-11T11:15:00.0000000","2025-11-11T11:25:00.0000000","20251111-1110-BULL-OBS-001250-Z001249-OC","20251111-1115-Long-1251","Long","ObservationConfirm_WideStop1_5R","","12.00","ActualTrade","SL","-50.50","-52.90","7","284.20"
"OPF-20260722-053324","2025-11-11T14:25:00.0000000","2025-11-11T14:25:00.0000000","20251111-1420-BULL-OBS-001288-Z001288-FR","20251111-1425-Short-1289","Short","FailureReverse_ObservationInvalidated_WideStop1_5R","","16.50","ActualTrade","SL","-66.50","-68.90","8","215.30"
"OPF-20260722-053324","2025-11-11T21:30:00.0000000","2025-11-11T21:50:00.0000000","20251111-2125-BULL-OBS-001373-Z001370-OC-STR","20251111-2130-Long-1374","Long","ObservationStrict_Other","","8.75","ActualTrade","SESSION_FLATTEN","3.00","0.60","9","215.90"
"OPF-20260722-053516","2025-11-12T01:25:00.0000000","2025-11-12T01:30:00.0000000","20251112-0125-BULL-PB-001133-Z001130","20251112-0125-Long-1133","Long","AlmostConfirmed","","10.50","ActualTrade","SL","-0.50","-2.90","1","-2.90"
"OPF-20260722-053516","2025-11-12T01:50:00.0000000","2025-11-12T02:40:00.0000000","20251112-0145-BULL-OBS-001137-Z001137-OC","20251112-0150-Long-1138","Long","ObservationConfirm_WideStop1_5R","","21.75","ActualTrade","SL","0.00","-2.40","2","-5.30"
"OPF-20260722-053516","2025-11-12T02:50:00.0000000","2025-11-12T04:10:00.0000000","20251112-0245-BULL-OBS-001149-Z001137-OC","20251112-0250-Long-1150","Long","ObservationConfirm_WideStop1_5R","","19.50","ActualTrade","SL","-78.00","-80.40","3","-85.70"
"OPF-20260722-053516","2025-11-12T05:25:00.0000000","2025-11-12T05:25:00.0000000","20251112-0515-BULL-OBS-001179-Z001178-FR","20251112-0525-Short-1181","Short","FailureReverse_ObservationInvalidated","","5.00","ActualTrade","SL","-24.00","-26.40","4","-112.10"
"OPF-20260722-053516","2025-11-12T06:05:00.0000000","2025-11-12T07:25:00.0000000","20251112-0550-BULL-OBS-001186-Z001185-OC","20251112-0605-Long-1189","Long","ObservationConfirm_WideStop1_5R","","17.62","ActualTrade","TP","207.00","204.60","5","92.50"
"OPF-20260722-053516","2025-11-12T07:50:00.0000000","2025-11-12T08:10:00.0000000","20251112-0745-BEAR-OBS-001209-Z001209-OC","20251112-0750-Short-1210","Short","ObservationConfirm","","16.75","ActualTrade","SL","1.00","-1.40","6","91.10"
"OPF-20260722-053516","2025-11-12T09:25:00.0000000","2025-11-12T10:30:00.0000000","20251112-0920-BULL-OBS-001228-Z001228-OC","20251112-0925-Long-1229","Long","ObservationConfirm_WideStop1_5R","","15.75","ActualTrade","SL","-2.50","-4.90","7","86.20"
"OPF-20260722-053516","2025-11-12T11:05:00.0000000","2025-11-12T11:15:00.0000000","20251112-1055-BULL-OBS-001247-Z001246-OC","20251112-1105-Long-1249","Long","ObservationConfirm_WideStop1_5R","","16.50","ActualTrade","SL","-66.00","-68.40","8","17.80"
"OPF-20260722-053516","2025-11-12T13:10:00.0000000","2025-11-12T13:15:00.0000000","20251112-1305-BULL-OBS-001273-Z001273-OC","20251112-1310-Long-1274","Long","ObservationConfirm_WideStop1_5R","","12.38","ActualTrade","SL","-52.50","-54.90","9","-37.10"
"OPF-20260722-053516","2025-11-12T13:40:00.0000000","2025-11-12T13:45:00.0000000","20251112-1310-BULL-OBS-001274-Z001274-FR-RT","20251112-1340-Short-1280","Short","FailureReverse_RetestFailed_WideStop1_5R","","10.50","ActualTrade","SL","-46.00","-48.40","10","-85.50"
"OPF-20260722-053516","2025-11-12T17:25:00.0000000","2025-11-12T17:30:00.0000000","20251112-1715-BEAR-PB-001323-Z001317-TRG","","Short","TrendPullbackConfirmed","","14.75","ShadowTrade","Stop","-59.00","-61.40","11","-146.90"
"OPF-20260722-053716","2025-11-13T03:50:00.0000000","2025-11-13T03:50:00.0000000","20251113-0345-BEAR-OBS-001161-Z001161-OC","20251113-0350-Short-1162","Short","ObservationConfirm","","6.50","ActualTrade","SL","-27.50","-29.90","1","-29.90"
"OPF-20260722-053716","2025-11-13T08:30:00.0000000","2025-11-13T08:55:00.0000000","20251113-0825-BULL-OBS-001217-Z001217-OC","20251113-0830-Long-1218","Long","ObservationConfirm_WideStop1_5R","","13.88","ActualTrade","SL","-8.00","-10.40","2","-40.30"
"OPF-20260722-053716","2025-11-13T10:45:00.0000000","2025-11-13T10:55:00.0000000","20251113-1040-BULL-OBS-001244-Z001243-FR","20251113-1045-Short-1245","Short","FailureReverse_ObservationInvalidated","","9.00","ActualTrade","SL","2.00","-0.40","3","-40.70"
"OPF-20260722-053716","2025-11-13T14:10:00.0000000","2025-11-13T14:15:00.0000000","20251113-1410-BEAR-BRK-001286-Z001286","20251113-1410-Short-1286","Short","BreakawayFvg","","19.75","ActualTrade","SL","-82.00","-84.40","4","-125.10"
"OPF-20260722-053913","2025-11-14T04:25:00.0000000","2025-11-14T04:30:00.0000000","20251114-0425-BEAR-BRK-001169-Z001169","20251114-0425-Short-1169","Short","BreakawayFvg","","10.00","ActualTrade","SL","-1.00","-3.40","1","-3.40"
"OPF-20260722-053913","2025-11-14T05:00:00.0000000","2025-11-14T05:10:00.0000000","20251114-0500-BEAR-BRK-001176-Z001176","20251114-0500-Short-1176","Short","BreakawayFvg","","14.25","ActualTrade","TP","177.00","174.60","2","171.20"
"OPF-20260722-053913","2025-11-14T06:30:00.0000000","2025-11-14T06:40:00.0000000","20251114-0625-BEAR-OBS-001193-Z001193-OC","20251114-0630-Short-1194","Short","ObservationConfirm","","7.50","ActualTrade","TP","94.50","92.10","3","263.30"
"OPF-20260722-053913","2025-11-14T09:05:00.0000000","2025-11-14T09:25:00.0000000","20251114-0900-BEAR-OBS-001224-Z001202-OC","20251114-0905-Short-1225","Short","ObservationConfirm_WideStop1_5R","","16.50","ActualTrade","TP","208.50","206.10","4","469.40"
"OPF-20260722-053913","2025-11-14T11:25:00.0000000","2025-11-14T11:25:00.0000000","20251114-1120-BEAR-OBS-001252-Z001252-OC","20251114-1125-Short-1253","Short","ObservationConfirm","","11.50","ActualTrade","SL","-3.00","-5.40","5","464.00"
"OPF-20260722-053913","2025-11-14T11:30:00.0000000","2025-11-14T11:40:00.0000000","20251114-1125-BEAR-OBS-001253-Z001252-OC","20251114-1130-Short-1254","Short","ObservationConfirm","","16.50","ActualTrade","TP","195.00","192.60","6","656.60"
"OPF-20260722-054109","2025-11-17T01:35:00.0000000","2025-11-17T01:35:00.0000000","20251117-0130-BULL-OBS-001134-Z001131-OC","20251117-0135-Long-1135","Long","ObservationConfirm_WideStop1_5R","","12.38","ActualTrade","SL","-47.50","-49.90","1","-49.90"
"OPF-20260722-054109","2025-11-17T03:05:00.0000000","2025-11-17T03:20:00.0000000","20251117-0300-BULL-OBS-001152-Z001151-OC-STR","20251117-0305-Long-1153","Long","ObservationStrict_Other","","15.50","ActualTrade","SL","-67.00","-69.40","2","-119.30"
"OPF-20260722-054109","2025-11-17T03:30:00.0000000","2025-11-17T03:30:00.0000000","20251117-0330-BEAR-OBS-001158-Z001158","20251117-0330-Short-1158","Short","ZoneBirthResearch","","7.25","ActualTrade","SPLIT_BASE_SL_RUNNER_SL","-27.50","-29.90","3","-149.20"
"OPF-20260722-054109","2025-11-17T06:00:00.0000000","2025-11-17T06:00:00.0000000","20251117-0555-BEAR-OBS-001187-Z001187-OC","20251117-0600-Short-1188","Short","ObservationConfirm","","7.00","ActualTrade","SL","-29.50","-31.90","4","-181.10"
"OPF-20260722-054109","2025-11-17T06:25:00.0000000","2025-11-17T06:25:00.0000000","20251117-0620-BULL-OBS-001192-Z001192-OC","20251117-0625-Long-1193","Long","ObservationConfirm_WideStop1_5R","","15.75","ActualTrade","SL","-66.50","-68.90","5","-250.00"
"OPF-20260722-054109","2025-11-17T06:40:00.0000000","2025-11-17T07:00:00.0000000","20251117-0635-BEAR-OBS-001195-Z001195-OC","20251117-0640-Short-1196","Short","ObservationConfirm","","14.00","ActualTrade","SL","-69.00","-71.40","6","-321.40"
"OPF-20260722-054321","2025-11-18T03:55:00.0000000","2025-11-18T04:05:00.0000000","20251118-0350-BEAR-OBS-001162-Z001162-OC","20251118-0355-Short-1163","Short","ObservationConfirm_WideStop1_5R","","16.50","ActualTrade","TP","207.00","204.60","1","204.60"
"OPF-20260722-054321","2025-11-18T07:10:00.0000000","2025-11-18T07:15:00.0000000","20251118-0705-BEAR-OBS-001201-Z001201-OC","20251118-0710-Short-1202","Short","ObservationConfirm","","12.25","ActualTrade","SL","-2.50","-4.90","2","199.70"
"OPF-20260722-054321","2025-11-18T07:25:00.0000000","2025-11-18T07:25:00.0000000","20251118-0725-BEAR-OBS-001205-Z001195","20251118-0725-Short-1205","Short","UnknownRegimeZoneTouch","","23.25","ActualTrade","SL","-101.00","-103.40","3","96.30"
"OPF-20260722-054507","2025-11-19T01:10:00.0000000","2025-11-19T01:10:00.0000000","20251119-0105-BEAR-OBS-001129-Z001129-OC","20251119-0110-Short-1130","Short","ObservationConfirm","","19.25","ActualTrade","SL","-84.00","-86.40","1","-86.40"
"OPF-20260722-054507","2025-11-19T02:20:00.0000000","2025-11-19T03:10:00.0000000","20251119-0215-BULL-OBS-001143-Z001142-OC","20251119-0220-Long-1144","Long","ObservationConfirm_WideStop1_5R","","18.38","ActualTrade","SL","4.00","1.60","2","-84.80"
"OPF-20260722-054507","2025-11-19T08:40:00.0000000","2025-11-19T09:05:00.0000000","20251119-0840-BEAR-OBS-001220-Z001220","20251119-0840-Short-1220","Short","ZoneBirthResearch","","13.00","ActualTrade","SPLIT_BASE_TP_RUNNER_BE","71.50","69.10","3","-15.70"
"OPF-20260722-054507","2025-11-19T12:25:00.0000000","2025-11-19T12:25:00.0000000","20251119-1145-BULL-OBS-001257-Z001257-FR-RT","20251119-1225-Short-1265","Short","FailureReverse_RetestFailed","","9.75","ActualTrade","SL","-37.00","-39.40","4","-55.10"
"OPF-20260722-054507","2025-11-19T13:50:00.0000000","2025-11-19T13:55:00.0000000","20251119-1330-BULL-OBS-001278-Z001278-FR-RT","20251119-1350-Short-1282","Short","FailureReverse_RetestFailed_WideStop1_5R","","9.00","ActualTrade","SL","0.00","-2.40","5","-57.50"
"OPF-20260722-054704","2025-11-20T01:35:00.0000000","2025-11-20T01:35:00.0000000","20251120-0130-BULL-OBS-001134-Z001134-OC","20251120-0135-Long-1135","Long","ObservationConfirm_WideStop1_5R","","10.12","ActualTrade","SL","-45.00","-47.40","1","-47.40"
"OPF-20260722-054704","2025-11-20T02:10:00.0000000","2025-11-20T02:25:00.0000000","20251120-0210-BEAR-OBS-001142-Z001142","20251120-0210-Short-1142","Short","ZoneBirthResearch","","7.50","ActualTrade","SPLIT_BASE_SL_RUNNER_SL","-38.50","-40.90","2","-88.30"
"OPF-20260722-054704","2025-11-20T03:15:00.0000000","2025-11-20T03:40:00.0000000","20251120-0305-BULL-OBS-001153-Z001153-OC","20251120-0315-Long-1155","Long","ObservationConfirm_WideStop1_5R","","22.12","ActualTrade","SL","-87.50","-89.90","3","-178.20"
"OPF-20260722-054704","2025-11-20T03:50:00.0000000","2025-11-20T03:50:00.0000000","20251120-0340-BEAR-OBS-001160-Z001160-FR","20251120-0350-Long-1162","Long","FailureReverse_ObservationInvalidated_WideStop1_5R","","6.38","ActualTrade","SL","-22.00","-24.40","4","-202.60"
"OPF-20260722-054704","2025-11-20T04:40:00.0000000","2025-11-20T05:20:00.0000000","20251120-0435-BULL-OBS-001171-Z001171-OC","20251120-0440-Long-1172","Long","ObservationConfirm_WideStop1_5R","","13.50","ActualTrade","SL","3.50","1.10","5","-201.50"
"OPF-20260722-054704","2025-11-20T05:35:00.0000000","2025-11-20T05:40:00.0000000","20251120-0530-BEAR-OBS-001182-Z001182-OC","20251120-0535-Short-1183","Short","ObservationConfirm","","6.50","ActualTrade","SL","-0.50","-2.90","6","-204.40"
"OPF-20260722-054704","2025-11-20T09:05:00.0000000","2025-11-20T09:20:00.0000000","20251120-0900-BEAR-OBS-001224-Z001224-OC","20251120-0905-Short-1225","Short","ObservationConfirm","","17.75","ActualTrade","TP","228.00","225.60","7","21.20"
"OPF-20260722-054704","2025-11-20T10:10:00.0000000","2025-11-20T10:10:00.0000000","20251120-1010-BEAR-BRK-001238-Z001238","20251120-1010-Short-1238","Short","BreakawayFvg","","15.50","ActualTrade","SL","-60.50","-62.90","8","-41.70"
"OPF-20260722-054916","2025-11-21T03:05:00.0000000","2025-11-21T03:05:00.0000000","20251121-0300-BEAR-OBS-001152-Z001152-OC","20251121-0305-Short-1153","Short","ObservationConfirm","","15.50","ActualTrade","SL","-59.00","-61.40","1","-61.40"
"OPF-20260722-054916","2025-11-21T05:40:00.0000000","2025-11-21T05:45:00.0000000","20251121-0535-BEAR-OBS-001183-Z001183-OC","20251121-0540-Short-1184","Short","ObservationConfirm","","15.25","ActualTrade","SL","-12.50","-14.90","2","-76.30"
"OPF-20260722-054916","2025-11-21T06:00:00.0000000","2025-11-21T06:00:00.0000000","20251121-0555-BEAR-OBS-001187-Z001184-OC","20251121-0600-Short-1188","Short","ObservationConfirm","","7.25","ActualTrade","SL","-37.50","-39.90","3","-116.20"
"OPF-20260722-055125","2025-11-24T00:45:00.0000000","2025-11-24T00:55:00.0000000","20251124-0040-BULL-OBS-001124-Z001123-OC-STR","20251124-0045-Long-1125","Long","ObservationStrict_Other","","15.00","ActualTrade","SL","-58.00","-60.40","1","-60.40"
"OPF-20260722-055125","2025-11-24T01:15:00.0000000","2025-11-24T01:25:00.0000000","20251124-0110-BULL-OBS-001130-Z001130-OC","20251124-0115-Long-1131","Long","ObservationConfirm_WideStop1_5R","","15.00","ActualTrade","SL","-2.00","-4.40","2","-64.80"
"OPF-20260722-055125","2025-11-24T01:45:00.0000000","2025-11-24T01:45:00.0000000","20251124-0140-BEAR-OBS-001136-Z001136-OC","20251124-0145-Short-1137","Short","ObservationConfirm","","17.50","ActualTrade","SL","-72.00","-74.40","3","-139.20"
"OPF-20260722-055125","2025-11-24T03:05:00.0000000","2025-11-24T03:10:00.0000000","20251124-0305-BULL-PB-001153-Z001152","20251124-0305-Long-1153","Long","AlmostConfirmed","","3.50","ActualTrade","SL","-1.00","-3.40","4","-142.60"
"OPF-20260722-055125","2025-11-24T03:25:00.0000000","2025-11-24T03:25:00.0000000","20251124-0320-BULL-OBS-001156-Z001152-OC","20251124-0325-Long-1157","Long","ObservationConfirm_WideStop1_5R","","7.50","ActualTrade","SL","-33.00","-35.40","5","-178.00"
"OPF-20260722-055125","2025-11-24T03:40:00.0000000","2025-11-24T04:05:00.0000000","20251124-0335-BEAR-OBS-001159-Z001159-OC","20251124-0340-Short-1160","Short","ObservationConfirm","","16.00","ActualTrade","TP","195.00","192.60","6","14.60"
"OPF-20260722-055125","2025-11-24T05:55:00.0000000","2025-11-24T05:55:00.0000000","20251124-0550-BULL-OBS-001186-Z001185-OC","20251124-0555-Long-1187","Long","ObservationConfirm_WideStop1_5R","","9.75","ActualTrade","SL","-50.00","-52.40","7","-37.80"
"OPF-20260722-055318","2025-11-25T01:15:00.0000000","2025-11-25T01:15:00.0000000","20251125-0105-BULL-OBS-001129-Z001127-FR","20251125-0115-Short-1131","Short","FailureReverse_ObservationInvalidated_WideStop1_5R","","8.62","ActualTrade","SL","-36.00","-38.40","1","-38.40"
"OPF-20260722-055318","2025-11-25T02:50:00.0000000","2025-11-25T03:00:00.0000000","20251125-0240-BULL-OBS-001148-Z001148-OC","20251125-0250-Long-1150","Long","ObservationConfirm_WideStop1_5R","","8.62","ActualTrade","SL","0.00","-2.40","2","-40.80"
"OPF-20260722-055318","2025-11-25T05:50:00.0000000","2025-11-25T06:00:00.0000000","20251125-0545-BULL-OBS-001185-Z001183-FR","20251125-0550-Short-1186","Short","FailureReverse_ObservationInvalidated","","3.25","ActualTrade","SL","-1.50","-3.90","3","-44.70"
"OPF-20260722-055318","2025-11-25T06:25:00.0000000","2025-11-25T06:30:00.0000000","20251125-0620-BEAR-OBS-001192-Z001192-OC","20251125-0625-Short-1193","Short","ObservationConfirm","","16.00","ActualTrade","SL","-69.50","-71.90","4","-116.60"
"OPF-20260722-055318","2025-11-25T06:50:00.0000000","2025-11-25T07:15:00.0000000","20251125-0645-BEAR-OBS-001197-Z001197-OC","20251125-0650-Short-1198","Short","ObservationConfirm","","16.50","ActualTrade","SL","3.00","0.60","5","-116.00"
"OPF-20260722-055318","2025-11-25T07:25:00.0000000","2025-11-25T07:25:00.0000000","20251125-0705-BEAR-SHD-001201-Z001201","20251125-0725-Short-1205","Short","ShadowCandidate","","4.00","ActualTrade","SL","-19.50","-21.90","6","-137.90"
"OPF-20260722-055318","2025-11-25T08:10:00.0000000","2025-11-25T08:10:00.0000000","20251125-0810-BEAR-BRK-001214-Z001214","20251125-0810-Short-1214","Short","BreakawayFvg","","24.75","ActualTrade","SL","-99.00","-101.40","7","-239.30"
"OPF-20260722-055318","2025-11-25T09:20:00.0000000","2025-11-25T09:30:00.0000000","20251125-0920-BEAR-BRK-001228-Z001228","20251125-0920-Short-1228","Short","BreakawayFvg","","12.25","ActualTrade","SL","0.00","-2.40","8","-241.70"
"OPF-20260722-055318","2025-11-25T14:10:00.0000000","2025-11-25T14:20:00.0000000","20251125-1410-BEAR-OBS-001286-Z001285","","Short","UnknownRegimeZoneTouch","","11.25","ShadowTrade","ProtectBE","0.00","-2.40","9","-244.10"
"OPF-20260722-055510","2025-11-26T00:55:00.0000000","2025-11-26T02:10:00.0000000","20251126-0050-BULL-OBS-001126-Z001126-OC","20251126-0055-Long-1127","Long","ObservationConfirm_WideStop1_5R","","17.62","ActualTrade","TP","211.00","208.60","1","208.60"
"OPF-20260722-055510","2025-11-26T02:50:00.0000000","2025-11-26T04:25:00.0000000","20251126-0245-BULL-OBS-001149-Z001148-OC","20251126-0250-Long-1150","Long","ObservationConfirm_WideStop1_5R","","17.25","ActualTrade","SL","-66.50","-68.90","2","139.70"
"OPF-20260722-055510","2025-11-26T06:35:00.0000000","2025-11-26T08:05:00.0000000","20251126-0630-BULL-OBS-001194-Z001194-OC","20251126-0635-Long-1195","Long","ObservationConfirm_WideStop1_5R","","24.75","ActualTrade","SL","-108.50","-110.90","3","28.80"
"OPF-20260722-055510","2025-11-26T08:20:00.0000000","2025-11-26T08:20:00.0000000","20251126-0815-BULL-OBS-001215-Z001215-OC","20251126-0820-Long-1216","Long","ObservationConfirm_WideStop1_5R","","8.25","ActualTrade","SL","-39.00","-41.40","4","-12.60"
"OPF-20260722-055510","2025-11-26T09:05:00.0000000","2025-11-26T09:10:00.0000000","20251126-0905-BEAR-OBS-001225-Z001225","20251126-0905-Short-1225","Short","ZoneBirthResearch","","13.50","ActualTrade","SPLIT_BASE_SL_RUNNER_SL","-58.50","-60.90","5","-73.50"
"OPF-20260722-055510","2025-11-26T09:40:00.0000000","2025-11-26T09:55:00.0000000","20251126-0915-BEAR-SHD-001227-Z001225","20251126-0940-Short-1232","Short","ShadowCandidate","","10.25","ActualTrade","SL","-0.50","-2.90","6","-76.40"
"OPF-20260722-055510","2025-11-26T10:35:00.0000000","2025-11-26T11:30:00.0000000","20251126-1030-BULL-OBS-001242-Z001238-OC-STR","20251126-1035-Long-1243","Long","ObservationStrict_Other","","17.75","ActualTrade","SL","2.00","-0.40","7","-76.80"
"OPF-20260722-055510","2025-11-26T12:05:00.0000000","2025-11-26T12:10:00.0000000","20251126-1200-BULL-OBS-001260-Z001130-OC-STR","20251126-1205-Long-1261","Long","ObservationStrict_Other","","11.00","ActualTrade","SL","-1.00","-3.40","8","-80.20"
"OPF-20260722-055510","2025-11-26T20:15:00.0000000","2025-11-26T20:20:00.0000000","20251126-2015-BULL-BRK-001359-Z001359-Q","20251126-2015-Long-1359","Long","BreakawayFvg_Qualified","","7.50","ActualTrade","SL","0.00","-2.40","9","-82.60"
"OPF-20260722-055510","2025-11-26T21:35:00.0000000","2025-11-26T21:45:00.0000000","20251126-2135-BEAR-OBS-001375-Z001375","20251126-2135-Short-1375","Short","ZoneBirthResearch","","2.00","ActualTrade","SPLIT_BASE_TP_RUNNER_SL","7.00","4.60","10","-78.00"
"OPF-20260722-055701","2025-12-01T00:25:00.0000000","2025-12-01T00:45:00.0000000","20251201-0025-BEAR-OBS-000896-Z000896","20251201-0025-Short-896","Short","ZoneBirthResearch","","13.50","ActualTrade","SPLIT_BASE_TP_RUNNER_TP","172.00","169.60","1","169.60"
"OPF-20260722-055701","2025-12-01T03:15:00.0000000","2025-12-01T03:20:00.0000000","20251201-0315-BEAR-BRK-000930-Z000930","20251201-0315-Short-930","Short","BreakawayFvg","","11.50","ActualTrade","SL","1.50","-0.90","2","168.70"
"OPF-20260722-055701","2025-12-01T03:50:00.0000000","2025-12-01T04:30:00.0000000","20251201-0315-BEAR-SHD-000930-Z000930","20251201-0350-Short-937","Short","ShadowCandidate","","11.25","ActualTrade","SL","0.00","-2.40","3","166.30"
"OPF-20260722-055701","2025-12-01T05:05:00.0000000","2025-12-01T05:35:00.0000000","20251201-0500-BEAR-OBS-000951-Z000951-OC","20251201-0505-Short-952","Short","ObservationConfirm","","16.75","ActualTrade","SL","0.00","-2.40","4","163.90"
"OPF-20260722-055701","2025-12-01T12:15:00.0000000","2025-12-01T13:15:00.0000000","20251201-1210-BEAR-OBS-001037-Z001037-OC","20251201-1215-Short-1038","Short","ObservationConfirm","","17.75","ActualTrade","SL","0.00","-2.40","5","161.50"
"OPF-20260722-055701","2025-12-01T17:50:00.0000000","2025-12-01T18:50:00.0000000","20251201-1745-BULL-OBS-001104-Z001104-FR","20251201-1750-Short-1105","Short","FailureReverse_ObservationInvalidated_WideStop1_5R","","24.38","ActualTrade","SL","-91.00","-93.40","6","68.10"
"OPF-20260722-055849","2025-12-02T00:15:00.0000000","2025-12-02T00:15:00.0000000","20251202-0010-BULL-OBS-000893-Z000893-OC","20251202-0015-Long-894","Long","ObservationConfirm_WideStop1_5R","","10.50","ActualTrade","SL","-37.00","-39.40","1","-39.40"
"OPF-20260722-055849","2025-12-02T00:40:00.0000000","2025-12-02T01:55:00.0000000","20251202-0035-BULL-OBS-000898-Z000898-OC","20251202-0040-Long-899","Long","ObservationConfirm_WideStop1_5R","","13.12","ActualTrade","SL","0.00","-2.40","2","-41.80"
"OPF-20260722-055849","2025-12-02T02:10:00.0000000","2025-12-02T02:35:00.0000000","20251202-0205-BEAR-OBS-000916-Z000916-OC","20251202-0210-Short-917","Short","ObservationConfirm","","15.25","ActualTrade","SL","-62.00","-64.40","3","-106.20"
"OPF-20260722-055849","2025-12-02T03:10:00.0000000","2025-12-02T03:25:00.0000000","20251202-0305-BULL-OBS-000928-Z000924-FR","20251202-0310-Short-929","Short","FailureReverse_ObservationInvalidated_WideStop1_5R","","14.25","ActualTrade","TP","174.00","171.60","4","65.40"
"OPF-20260722-055849","2025-12-02T03:50:00.0000000","2025-12-02T04:50:00.0000000","20251202-0340-BEAR-OBS-000935-Z000933-FR","20251202-0350-Long-937","Long","FailureReverse_ObservationInvalidated","","19.75","ActualTrade","SL","-87.00","-89.40","5","-24.00"
"OPF-20260722-055849","2025-12-02T05:05:00.0000000","2025-12-02T05:15:00.0000000","20251202-0500-BEAR-OBS-000951-Z000950-OC","20251202-0505-Short-952","Short","ObservationConfirm","","5.25","ActualTrade","SL","-2.00","-4.40","6","-28.40"
"OPF-20260722-055849","2025-12-02T06:10:00.0000000","2025-12-02T06:45:00.0000000","20251202-0605-BEAR-OBS-000964-Z000964-OC","20251202-0610-Short-965","Short","ObservationConfirm","","17.75","ActualTrade","SL","-74.00","-76.40","7","-104.80"
"OPF-20260722-055849","2025-12-02T07:50:00.0000000","2025-12-02T08:10:00.0000000","20251202-0740-BULL-OBS-000983-Z000973-FR","20251202-0750-Short-985","Short","FailureReverse_ObservationInvalidated_WideStop1_5R","","10.50","ActualTrade","SL","-1.00","-3.40","8","-108.20"
"OPF-20260722-055849","2025-12-02T08:15:00.0000000","2025-12-02T08:15:00.0000000","20251202-0810-BEAR-OBS-000989-Z000988-OC","20251202-0815-Short-990","Short","ObservationConfirm_WideStop1_5R","","6.38","ActualTrade","SL","-25.00","-27.40","9","-135.60"
"OPF-20260722-055849","2025-12-02T10:35:00.0000000","2025-12-02T12:25:00.0000000","20251202-1030-BULL-OBS-001017-Z001017-OC","20251202-1035-Long-1018","Long","ObservationConfirm_WideStop1_5R","","18.75","ActualTrade","SL","-1.00","-3.40","10","-139.00"
"OPF-20260722-055849","2025-12-02T13:05:00.0000000","2025-12-02T13:40:00.0000000","20251202-1300-BULL-OBS-001047-Z001047-OC","20251202-1305-Long-1048","Long","ObservationConfirm_WideStop1_5R","","17.62","ActualTrade","SL","0.00","-2.40","11","-141.40"
"OPF-20260722-055849","2025-12-02T14:15:00.0000000","2025-12-02T14:20:00.0000000","20251202-1410-BULL-OBS-001061-Z001059-OC-STR","20251202-1415-Long-1062","Long","ObservationStrict_Other","","13.75","ActualTrade","SL","-59.00","-61.40","12","-202.80"
"OPF-20260722-055849","2025-12-02T19:10:00.0000000","2025-12-02T19:20:00.0000000","20251202-1905-BULL-OBS-001120-Z001120-OC","","Long","ObservationConfirm_WideStop1_5R","","24.38","ShadowTrade","Stop","-97.52","-99.92","13","-302.72"
"OPF-20260722-060041","2025-12-03T01:40:00.0000000","2025-12-03T02:20:00.0000000","20251203-0135-BULL-OBS-000910-Z000910-OC","20251203-0140-Long-911","Long","ObservationConfirm_WideStop1_5R","","9.38","ActualTrade","TP","118.50","116.10","1","116.10"
"OPF-20260722-060041","2025-12-03T02:25:00.0000000","2025-12-03T02:25:00.0000000","20251203-0220-BULL-OBS-000919-Z000919-OC","20251203-0225-Long-920","Long","ObservationConfirm_WideStop1_5R","","13.50","ActualTrade","SL","-53.00","-55.40","2","60.70"
"OPF-20260722-060041","2025-12-03T02:35:00.0000000","2025-12-03T03:00:00.0000000","20251203-0230-BULL-OBS-000921-Z000918-OC","20251203-0235-Long-922","Long","ObservationConfirm_WideStop1_5R","","10.12","ActualTrade","SL","-41.50","-43.90","3","16.80"
"OPF-20260722-060041","2025-12-03T03:25:00.0000000","2025-12-03T06:25:00.0000000","20251203-0320-BULL-OBS-000931-Z000931-OC","20251203-0325-Long-932","Long","ObservationConfirm_WideStop1_5R","","15.75","ActualTrade","SL","-64.50","-66.90","4","-50.10"
"OPF-20260722-060041","2025-12-03T06:35:00.0000000","2025-12-03T06:35:00.0000000","20251203-0630-BEAR-OBS-000969-Z000969-OC","20251203-0635-Short-970","Short","ObservationConfirm","","12.25","ActualTrade","SL","-49.50","-51.90","5","-102.00"
"OPF-20260722-060041","2025-12-03T07:20:00.0000000","2025-12-03T07:35:00.0000000","20251203-0715-BULL-OBS-000978-Z000978-OC","20251203-0720-Long-979","Long","ObservationConfirm_WideStop1_5R","","19.88","ActualTrade","SL","-82.00","-84.40","6","-186.40"
"OPF-20260722-060041","2025-12-03T07:50:00.0000000","2025-12-03T08:25:00.0000000","20251203-0745-BEAR-OBS-000984-Z000984-OC","20251203-0750-Short-985","Short","ObservationConfirm_WideStop1_5R","","15.38","ActualTrade","TP","171.00","168.60","7","-17.80"
"OPF-20260722-060041","2025-12-03T08:55:00.0000000","2025-12-03T08:55:00.0000000","20251203-0850-BULL-OBS-000997-Z000997-OC","20251203-0855-Long-998","Long","ObservationConfirm_WideStop1_5R","","22.88","ActualTrade","SL","-93.00","-95.40","8","-113.20"
"OPF-20260722-060041","2025-12-03T09:10:00.0000000","2025-12-03T11:20:00.0000000","20251203-0905-BEAR-OBS-001000-Z001000-OC","20251203-0910-Short-1001","Short","ObservationConfirm","","21.75","ActualTrade","SL","-1.00","-3.40","9","-116.60"
"OPF-20260722-060041","2025-12-03T12:15:00.0000000","2025-12-03T13:10:00.0000000","20251203-1210-BULL-OBS-001037-Z001037-OC","20251203-1215-Long-1038","Long","ObservationConfirm_WideStop1_5R","","10.12","ActualTrade","SL","1.50","-0.90","10","-117.50"
"OPF-20260722-060041","2025-12-03T20:00:00.0000000","2025-12-03T20:45:00.0000000","20251203-2000-BULL-PB-001131-Z001130","20251203-2000-Long-1131","Long","AlmostConfirmed","","7.75","ActualTrade","SL","6.00","3.60","11","-113.90"
"OPF-20260722-060233","2025-12-04T00:55:00.0000000","2025-12-04T01:00:00.0000000","20251204-0055-BEAR-OBS-000950-Z000950","20251204-0055-Short-950","Short","ZoneBirthResearch","","13.25","ActualTrade","SPLIT_BASE_SL_RUNNER_SL","-55.00","-57.40","1","-57.40"
"OPF-20260722-060233","2025-12-04T02:30:00.0000000","2025-12-04T02:55:00.0000000","20251204-0225-BULL-OBS-000968-Z000968-OC","20251204-0230-Long-969","Long","ObservationConfirm_WideStop1_5R","","12.38","ActualTrade","SL","-1.50","-3.90","2","-61.30"
"OPF-20260722-060233","2025-12-04T03:15:00.0000000","2025-12-04T03:55:00.0000000","20251204-0300-BULL-OBS-000975-Z000974-FR","20251204-0315-Short-978","Short","FailureReverse_ObservationInvalidated","","12.50","ActualTrade","SL","-1.00","-3.40","3","-64.70"
"OPF-20260722-060233","2025-12-04T04:50:00.0000000","2025-12-04T06:10:00.0000000","20251204-0445-BULL-OBS-000996-Z000996-OC","20251204-0450-Long-997","Long","ObservationConfirm_WideStop1_5R","","12.75","ActualTrade","SL","-1.00","-3.40","4","-68.10"
"OPF-20260722-060233","2025-12-04T06:35:00.0000000","2025-12-04T06:55:00.0000000","20251204-0630-BULL-OBS-001017-Z001017-OC","20251204-0635-Long-1018","Long","ObservationConfirm_WideStop1_5R","","6.38","ActualTrade","SL","-1.50","-3.90","5","-72.00"
"OPF-20260722-060233","2025-12-04T07:05:00.0000000","2025-12-04T07:55:00.0000000","20251204-0650-BULL-OBS-001021-Z001021-OC","20251204-0705-Long-1024","Long","ObservationConfirm_WideStop1_5R","","12.00","ActualTrade","SL","-50.00","-52.40","6","-124.40"
"OPF-20260722-060233","2025-12-04T08:05:00.0000000","2025-12-04T08:15:00.0000000","20251204-0800-BULL-OBS-001035-Z001017-FR","20251204-0805-Short-1036","Short","FailureReverse_ObservationInvalidated_WideStop1_5R","","6.00","ActualTrade","TP","69.00","66.60","7","-57.80"
"OPF-20260722-060233","2025-12-04T09:05:00.0000000","2025-12-04T09:15:00.0000000","20251204-0900-BEAR-SHD-001047-Z001036","20251204-0905-Short-1048","Short","ShadowCandidate","","12.25","ActualTrade","SL","-0.50","-2.90","8","-60.70"
"OPF-20260722-060233","2025-12-04T10:40:00.0000000","2025-12-04T11:45:00.0000000","20251204-1035-BEAR-OBS-001066-Z001066-OC","20251204-1040-Short-1067","Short","ObservationConfirm","","16.75","ActualTrade","SL","0.00","-2.40","9","-63.10"
"OPF-20260722-060233","2025-12-04T13:40:00.0000000","2025-12-04T13:55:00.0000000","20251204-1325-BULL-OBS-001100-Z001100-FR-RT","20251204-1340-Short-1103","Short","FailureReverse_RetestFailed","","9.75","ActualTrade","SL","-3.00","-5.40","10","-68.50"
"OPF-20260722-060425","2025-12-04T23:40:00.0000000","2025-12-05T00:15:00.0000000","20251204-2335-BEAR-OBS-001111-Z001111-OC","20251204-2340-Short-1112","Short","ObservationConfirm","","12.50","ActualTrade","SL","-52.00","-54.40","1","-54.40"
"OPF-20260722-060425","2025-12-05T01:05:00.0000000","2025-12-05T02:20:00.0000000","20251205-0100-BULL-OBS-001128-Z001128-OC","20251205-0105-Long-1129","Long","ObservationConfirm_WideStop1_5R","","13.12","ActualTrade","TP","156.00","153.60","2","99.20"
"OPF-20260722-060425","2025-12-05T03:25:00.0000000","2025-12-05T03:25:00.0000000","20251205-0320-BULL-OBS-001156-Z001156-OC","20251205-0325-Long-1157","Long","ObservationConfirm_WideStop1_5R","","6.00","ActualTrade","SL","-25.00","-27.40","3","71.80"
"OPF-20260722-060425","2025-12-05T03:40:00.0000000","2025-12-05T03:55:00.0000000","20251205-0325-BULL-OBS-001157-Z001156-OC","20251205-0340-Long-1160","Long","ObservationConfirm_WideStop1_5R","","4.88","ActualTrade","TP","60.00","57.60","4","129.40"
"OPF-20260722-060425","2025-12-05T04:20:00.0000000","2025-12-05T04:50:00.0000000","20251205-0415-BULL-OBS-001167-Z001165-FR","20251205-0420-Short-1168","Short","FailureReverse_ObservationInvalidated_WideStop1_5R","","12.00","ActualTrade","SL","-49.00","-51.40","5","78.00"
"OPF-20260722-060425","2025-12-05T05:00:00.0000000","2025-12-05T06:25:00.0000000","20251205-0455-BULL-OBS-001175-Z001175-OC","20251205-0500-Long-1176","Long","ObservationConfirm_WideStop1_5R","","13.50","ActualTrade","SL","-2.00","-4.40","6","73.60"
"OPF-20260722-060425","2025-12-05T06:45:00.0000000","2025-12-05T06:55:00.0000000","20251205-0620-BULL-OBS-001192-Z001188-FR-RT","20251205-0645-Short-1197","Short","FailureReverse_RetestFailed","","6.25","ActualTrade","SL","-1.00","-3.40","7","70.20"
"OPF-20260722-060425","2025-12-05T07:25:00.0000000","2025-12-05T07:35:00.0000000","20251205-0725-BULL-BRK-001205-Z001205-Q","20251205-0725-Long-1205","Long","BreakawayFvg_Qualified","","8.00","ActualTrade","SL","-34.00","-36.40","8","33.80"
"OPF-20260722-060425","2025-12-05T10:55:00.0000000","2025-12-05T11:00:00.0000000","20251205-1055-BEAR-OBS-001247-Z001247","20251205-1055-Short-1247","Short","ZoneBirthResearch","","7.25","ActualTrade","SPLIT_BASE_SL_RUNNER_SL","-31.00","-33.40","9","0.40"
"OPF-20260722-060425","2025-12-05T12:50:00.0000000","2025-12-05T12:50:00.0000000","20251205-1250-BEAR-OBS-001270-Z001270","20251205-1250-Short-1270","Short","ZoneBirthResearch","","6.50","ActualTrade","SPLIT_BASE_SL_RUNNER_SL","-27.00","-29.40","10","-29.00"
"OPF-20260722-060425","2025-12-05T15:40:00.0000000","2025-12-05T15:40:00.0000000","20251205-1540-BULL-PB-001304-Z001297","20251205-1540-Long-1304","Long","AlmostConfirmed","","19.75","ActualTrade","SL","-78.00","-80.40","11","-109.40"
"OPF-20260722-060617","2025-12-08T00:30:00.0000000","2025-12-08T03:15:00.0000000","20251208-0025-BULL-OBS-001121-Z001121-OC","20251208-0030-Long-1122","Long","ObservationConfirm_WideStop1_5R","","16.88","ActualTrade","TP","217.50","215.10","1","215.10"
"OPF-20260722-060617","2025-12-08T04:20:00.0000000","2025-12-08T04:55:00.0000000","20251208-0415-BULL-OBS-001167-Z001167-OC","20251208-0420-Long-1168","Long","ObservationConfirm_WideStop1_5R","","6.75","ActualTrade","SL","-1.00","-3.40","2","211.70"
"OPF-20260722-060617","2025-12-08T05:05:00.0000000","2025-12-08T05:05:00.0000000","20251208-0505-BEAR-OBS-001177-Z001177","20251208-0505-Short-1177","Short","ZoneBirthResearch","","6.50","ActualTrade","SPLIT_BASE_SL_RUNNER_SL","-26.00","-28.40","3","183.30"
"OPF-20260722-060617","2025-12-08T05:20:00.0000000","2025-12-08T05:45:00.0000000","20251208-0505-BEAR-OBS-001177-Z001177-FR-RT","20251208-0520-Long-1180","Long","FailureReverse_RetestFailed","","5.50","ActualTrade","SL","-24.50","-26.90","4","156.40"
"OPF-20260722-060617","2025-12-08T06:00:00.0000000","2025-12-08T06:00:00.0000000","20251208-0555-BEAR-OBS-001187-Z001187-OC","20251208-0600-Short-1188","Short","ObservationConfirm","","6.50","ActualTrade","SL","-27.00","-29.40","5","127.00"
"OPF-20260722-060617","2025-12-08T06:15:00.0000000","2025-12-08T06:50:00.0000000","20251208-0610-BULL-OBS-001190-Z001190-OC","20251208-0615-Long-1191","Long","ObservationConfirm_WideStop1_5R","","17.62","ActualTrade","SL","-73.00","-75.40","6","51.60"
"OPF-20260722-060617","2025-12-08T07:00:00.0000000","2025-12-08T07:10:00.0000000","20251208-0655-BEAR-OBS-001199-Z001199-OC","20251208-0700-Short-1200","Short","ObservationConfirm","","12.25","ActualTrade","SL","-51.50","-53.90","7","-2.30"
"OPF-20260722-060617","2025-12-08T07:55:00.0000000","2025-12-08T08:25:00.0000000","20251208-0750-BEAR-OBS-001210-Z001210-OC","20251208-0755-Short-1211","Short","ObservationConfirm","","9.75","ActualTrade","TP","106.50","104.10","8","101.80"
"OPF-20260722-060617","2025-12-08T10:35:00.0000000","2025-12-08T11:25:00.0000000","20251208-1030-BULL-OBS-001242-Z001242-OC","20251208-1035-Long-1243","Long","ObservationConfirm_WideStop1_5R","","21.38","ActualTrade","SL","-85.50","-87.90","9","13.90"
"OPF-20260722-060810","2025-12-09T00:05:00.0000000","2025-12-09T00:55:00.0000000","20251208-2355-BULL-OBS-001115-Z001115-OC","20251209-0005-Long-1117","Long","ObservationConfirm_WideStop1_5R","","17.62","ActualTrade","SL","-67.50","-69.90","1","-69.90"
"OPF-20260722-060810","2025-12-09T05:05:00.0000000","2025-12-09T05:30:00.0000000","20251209-0505-BEAR-BRK-001177-Z001177","20251209-0505-Short-1177","Short","BreakawayFvg","","10.00","ActualTrade","SL","0.00","-2.40","2","-72.30"
"OPF-20260722-060810","2025-12-09T05:50:00.0000000","2025-12-09T06:35:00.0000000","20251209-0545-BEAR-OBS-001185-Z001178-OC","20251209-0550-Short-1186","Short","ObservationConfirm","","15.50","ActualTrade","SL","-1.00","-3.40","3","-75.70"
"OPF-20260722-060810","2025-12-09T06:50:00.0000000","2025-12-09T06:55:00.0000000","20251209-0645-BEAR-OBS-001197-Z001177-OC","20251209-0650-Short-1198","Short","ObservationConfirm","","10.25","ActualTrade","SL","-42.00","-44.40","4","-120.10"
"OPF-20260722-060810","2025-12-09T07:05:00.0000000","2025-12-09T08:25:00.0000000","20251209-0700-BULL-OBS-001200-Z001200-OC","20251209-0705-Long-1201","Long","ObservationConfirm_WideStop1_5R","","16.50","ActualTrade","SL","-3.50","-5.90","5","-126.00"
"OPF-20260722-060810","2025-12-09T09:10:00.0000000","2025-12-09T10:15:00.0000000","20251209-0905-BEAR-OBS-001225-Z001225-OC","20251209-0910-Short-1226","Short","ObservationConfirm","","11.50","ActualTrade","SL","-1.00","-3.40","6","-129.40"
"OPF-20260722-060810","2025-12-09T10:30:00.0000000","2025-12-09T10:35:00.0000000","20251209-1025-BEAR-OBS-001241-Z001225-OC","20251209-1030-Short-1242","Short","ObservationConfirm","","6.75","ActualTrade","TP","81.00","78.60","7","-50.80"
"OPF-20260722-060810","2025-12-09T13:45:00.0000000","2025-12-09T14:20:00.0000000","20251209-1345-BEAR-OBS-001281-Z001279","20251209-1345-Short-1281","Short","UnknownRegimeZoneTouch","","18.75","ActualTrade","SL","11.00","8.60","8","-42.20"
"OPF-20260722-060810","2025-12-09T17:35:00.0000000","2025-12-09T17:55:00.0000000","20251209-1710-BULL-OBS-001322-Z001321-FR-RT","","Short","FailureReverse_RetestFailed_WideStop1_5R","","11.25","ShadowTrade","ProtectBE","0.00","-2.40","9","-44.60"
"OPF-20260722-060810","2025-12-09T19:50:00.0000000","2025-12-09T19:55:00.0000000","20251209-1950-BEAR-OBS-001354-Z001352","","Short","UnknownRegimeZoneTouch","","4.75","ShadowTrade","Stop","-19.00","-21.40","10","-66.00"
"OPF-20260722-061044","2025-12-10T00:55:00.0000000","2025-12-10T02:10:00.0000000","20251210-0050-BEAR-OBS-001126-Z001126-OC","20251210-0055-Short-1127","Short","ObservationConfirm","","16.25","ActualTrade","SL","-66.50","-68.90","1","-68.90"
"OPF-20260722-061044","2025-12-10T02:30:00.0000000","2025-12-10T05:00:00.0000000","20251210-0225-BULL-OBS-001145-Z001144-OC","20251210-0230-Long-1146","Long","ObservationConfirm_WideStop1_5R","","15.75","ActualTrade","SL","0.00","-2.40","2","-71.30"
"OPF-20260722-061044","2025-12-10T05:15:00.0000000","2025-12-10T05:25:00.0000000","20251210-0510-BEAR-OBS-001178-Z001178-OC","20251210-0515-Short-1179","Short","ObservationConfirm","","7.00","ActualTrade","SL","-28.00","-30.40","3","-101.70"
"OPF-20260722-061044","2025-12-10T05:45:00.0000000","2025-12-10T06:00:00.0000000","20251210-0535-BEAR-OBS-001183-Z001177-OC","20251210-0545-Short-1185","Short","ObservationConfirm_WideStop1_5R","","12.75","ActualTrade","SL","-54.00","-56.40","4","-158.10"
"OPF-20260722-061044","2025-12-10T06:45:00.0000000","2025-12-10T07:00:00.0000000","20251210-0645-BEAR-OBS-001197-Z001197","20251210-0645-Short-1197","Short","ZoneBirthResearch","","5.00","ActualTrade","SPLIT_BASE_SL_RUNNER_SL","-21.00","-23.40","5","-181.50"
"OPF-20260722-061044","2025-12-10T07:30:00.0000000","2025-12-10T08:25:00.0000000","20251210-0725-BULL-OBS-001205-Z001205-OC","20251210-0730-Long-1206","Long","ObservationConfirm_WideStop1_5R","","18.75","ActualTrade","SL","-1.00","-3.40","6","-184.90"
"OPF-20260722-061044","2025-12-10T09:20:00.0000000","2025-12-10T09:55:00.0000000","20251210-0915-BEAR-OBS-001227-Z001227-OC","20251210-0920-Short-1228","Short","ObservationConfirm","","11.00","ActualTrade","SL","-44.50","-46.90","7","-231.80"
"OPF-20260722-061044","2025-12-10T11:45:00.0000000","2025-12-10T11:45:00.0000000","20251210-1145-BEAR-OBS-001257-Z001257","20251210-1145-Short-1257","Short","ZoneBirthResearch","","3.00","ActualTrade","SPLIT_BASE_SL_RUNNER_SL","-12.00","-14.40","8","-246.20"
"OPF-20260722-061044","2025-12-10T12:45:00.0000000","2025-12-10T12:50:00.0000000","20251210-1240-BEAR-OBS-001268-Z001268-OC","20251210-1245-Short-1269","Short","ObservationConfirm","","6.00","ActualTrade","SL","-30.00","-32.40","9","-278.60"
"OPF-20260722-061044","2025-12-10T16:00:00.0000000","2025-12-10T16:00:00.0000000","20251210-1600-BEAR-BRK-001308-Z001308","20251210-1600-Short-1308","Short","BreakawayFvg","","21.00","ActualTrade","SL","-83.00","-85.40","10","-364.00"
"OPF-20260722-061231","2025-12-11T00:50:00.0000000","2025-12-11T01:50:00.0000000","20251211-0050-BEAR-OBS-001126-Z001126","20251211-0050-Short-1126","Short","ZoneBirthResearch","","7.75","ActualTrade","SPLIT_BASE_TP_RUNNER_TP","104.00","101.60","1","101.60"
"OPF-20260722-061231","2025-12-11T01:55:00.0000000","2025-12-11T02:20:00.0000000","20251211-0150-BEAR-OBS-001138-Z001138-OC","20251211-0155-Short-1139","Short","ObservationConfirm","","17.25","ActualTrade","TP","207.00","204.60","2","306.20"
"OPF-20260722-061231","2025-12-11T02:55:00.0000000","2025-12-11T03:00:00.0000000","20251211-0250-BEAR-OBS-001150-Z001150-OC","20251211-0255-Short-1151","Short","ObservationConfirm","","16.75","ActualTrade","TP","214.50","212.10","3","518.30"
"OPF-20260722-061231","2025-12-11T04:25:00.0000000","2025-12-11T04:30:00.0000000","20251211-0425-BEAR-OBS-001169-Z001169","20251211-0425-Short-1169","Short","ZoneBirthResearch","","5.25","ActualTrade","SPLIT_BASE_SL_RUNNER_SL","-24.50","-26.90","4","491.40"
"OPF-20260722-061231","2025-12-11T06:30:00.0000000","2025-12-11T06:30:00.0000000","20251211-0625-BEAR-OBS-001193-Z001193-OC","20251211-0630-Short-1194","Short","ObservationConfirm","","9.25","ActualTrade","SL","-34.50","-36.90","5","454.50"
"OPF-20260722-061231","2025-12-11T07:40:00.0000000","2025-12-11T07:55:00.0000000","20251211-0735-BULL-OBS-001207-Z001207-OC-STR","20251211-0740-Long-1208","Long","ObservationStrict_BullFresh_WideStop1_5R","","14.62","ActualTrade","SL","-59.00","-61.40","6","393.10"
"OPF-20260722-061231","2025-12-11T09:20:00.0000000","2025-12-11T09:25:00.0000000","20251211-0920-BEAR-OBS-001228-Z001147","20251211-0920-Short-1228","Short","UnknownRegimeZoneTouch","","13.00","ActualTrade","SL","0.50","-1.90","7","391.20"
"OPF-20260722-061231","2025-12-11T10:40:00.0000000","2025-12-11T10:40:00.0000000","20251211-1035-BEAR-OBS-001243-Z001243-OC","20251211-1040-Short-1244","Short","ObservationConfirm","","7.75","ActualTrade","SL","-36.00","-38.40","8","352.80"
"OPF-20260722-061231","2025-12-11T12:05:00.0000000","2025-12-11T13:35:00.0000000","20251211-1200-BULL-OBS-001260-Z001258-OC-STR","20251211-1205-Long-1261","Long","ObservationStrict_Other","","23.00","ActualTrade","SL","0.50","-1.90","9","350.90"
"OPF-20260722-061231","2025-12-11T13:50:00.0000000","2025-12-11T14:05:00.0000000","20251211-1335-BEAR-SHD-001279-Z001279","20251211-1350-Short-1282","Short","ShadowCandidate","","7.50","ActualTrade","SL","-1.00","-3.40","10","347.50"
"OPF-20260722-061231","2025-12-11T18:10:00.0000000","2025-12-11T18:15:00.0000000","20251211-1800-BEAR-OBS-001332-Z001330-FR","","Long","FailureReverse_ObservationInvalidated","","11.00","ShadowTrade","Stop","-44.00","-46.40","11","301.10"
"OPF-20260722-061447","2025-12-12T06:35:00.0000000","2025-12-12T07:55:00.0000000","20251212-0635-BEAR-OBS-001195-Z001195","20251212-0635-Short-1195","Short","ZoneBirthResearch","","8.00","ActualTrade","SPLIT_BASE_TP_RUNNER_TP","109.00","106.60","1","106.60"
"OPF-20260722-061447","2025-12-12T08:55:00.0000000","2025-12-12T09:10:00.0000000","20251212-0845-BEAR-OBS-001221-Z001221-OC","20251212-0855-Short-1223","Short","ObservationConfirm","","9.00","ActualTrade","TP","120.00","117.60","2","224.20"
"OPF-20260722-061447","2025-12-12T10:25:00.0000000","2025-12-12T10:35:00.0000000","20251212-1015-BULL-OBS-001239-Z001238-FR","20251212-1025-Short-1241","Short","FailureReverse_ObservationInvalidated","","13.25","ActualTrade","SL","0.00","-2.40","3","221.80"
"OPF-20260722-061447","2025-12-12T11:40:00.0000000","2025-12-12T11:55:00.0000000","20251212-1140-BEAR-BRK-001256-Z001256","20251212-1140-Short-1256","Short","BreakawayFvg","","13.00","ActualTrade","SL","1.00","-1.40","4","220.40"
"OPF-20260722-061447","2025-12-12T12:45:00.0000000","2025-12-12T12:45:00.0000000","20251212-1245-BEAR-OBS-001269-Z001269","20251212-1245-Short-1269","Short","ZoneBirthResearch","","5.25","ActualTrade","SPLIT_BASE_SL_RUNNER_SL","-23.50","-25.90","5","194.50"
"OPF-20260722-061447","2025-12-12T14:15:00.0000000","2025-12-12T14:15:00.0000000","20251212-1410-BULL-OBS-001286-Z001283-FR","20251212-1415-Short-1287","Short","FailureReverse_ObservationInvalidated","","5.50","ActualTrade","SL","-22.50","-24.90","6","169.60"
"OPF-20260722-061447","2025-12-12T21:45:00.0000000","2025-12-12T21:45:00.0000000","20251212-2140-BULL-OBS-001376-Z001376-OC","20251212-2145-Long-1377","Long","ObservationConfirm_WideStop1_5R","","6.00","ActualTrade","SL","-26.00","-28.40","7","141.20"
"OPF-20260722-061618","2025-12-15T00:00:00.0000000","2025-12-15T00:10:00.0000000","20251214-2355-BULL-OBS-001115-Z001115-OC","20251215-0000-Long-1116","Long","ObservationConfirm_WideStop1_5R","","18.00","ActualTrade","SL","-2.00","-4.40","1","-4.40"
"OPF-20260722-061618","2025-12-15T00:40:00.0000000","2025-12-15T01:50:00.0000000","20251215-0035-BULL-OBS-001123-Z001123-OC","20251215-0040-Long-1124","Long","ObservationConfirm_WideStop1_5R","","13.88","ActualTrade","TP","171.00","168.60","2","164.20"
"OPF-20260722-061618","2025-12-15T02:35:00.0000000","2025-12-15T02:40:00.0000000","20251215-0230-BULL-OBS-001146-Z001146-OC","20251215-0235-Long-1147","Long","ObservationConfirm_WideStop1_5R","","16.88","ActualTrade","SL","-69.00","-71.40","3","92.80"
"OPF-20260722-061618","2025-12-15T02:55:00.0000000","2025-12-15T02:55:00.0000000","20251215-0240-BULL-OBS-001148-Z001146-FR-RT","20251215-0255-Short-1151","Short","FailureReverse_RetestFailed","","10.25","ActualTrade","SL","-45.00","-47.40","4","45.40"
"OPF-20260722-061618","2025-12-15T05:00:00.0000000","2025-12-15T05:15:00.0000000","20251215-0455-BULL-OBS-001175-Z001175-OC","20251215-0500-Long-1176","Long","ObservationConfirm_WideStop1_5R","","11.25","ActualTrade","SL","-50.00","-52.40","5","-7.00"
"OPF-20260722-061618","2025-12-15T05:40:00.0000000","2025-12-15T05:55:00.0000000","20251215-0535-BULL-OBS-001183-Z001183-OC","20251215-0540-Long-1184","Long","ObservationConfirm_WideStop1_5R","","9.75","ActualTrade","SL","-44.00","-46.40","6","-53.40"
"OPF-20260722-061618","2025-12-15T06:10:00.0000000","2025-12-15T06:35:00.0000000","20251215-0605-BEAR-OBS-001189-Z001189-OC","20251215-0610-Short-1190","Short","ObservationConfirm","","16.50","ActualTrade","SL","-68.00","-70.40","7","-123.80"
"OPF-20260722-061618","2025-12-15T07:15:00.0000000","2025-12-15T07:30:00.0000000","20251215-0710-BEAR-OBS-001202-Z001202-OC","20251215-0715-Short-1203","Short","ObservationConfirm","","7.75","ActualTrade","SL","-2.00","-4.40","8","-128.20"
"OPF-20260722-061618","2025-12-15T08:50:00.0000000","2025-12-15T09:25:00.0000000","20251215-0845-BULL-OBS-001221-Z001221-OC","20251215-0850-Long-1222","Long","ObservationConfirm_WideStop1_5R","","13.12","ActualTrade","TP","156.00","153.60","9","25.40"
"OPF-20260722-061618","2025-12-15T09:55:00.0000000","2025-12-15T09:55:00.0000000","20251215-0950-BULL-OBS-001234-Z001234-OC","20251215-0955-Long-1235","Long","ObservationConfirm_WideStop1_5R","","6.00","ActualTrade","SL","-23.50","-25.90","10","-0.50"
"OPF-20260722-061618","2025-12-15T12:55:00.0000000","2025-12-15T14:25:00.0000000","20251215-1250-BULL-OBS-001270-Z001269-OC","20251215-1255-Long-1271","Long","ObservationConfirm_WideStop1_5R","","21.38","ActualTrade","SL","-1.00","-3.40","11","-3.90"
"OPF-20260722-061618","2025-12-15T16:00:00.0000000","2025-12-15T16:05:00.0000000","20251215-1600-BEAR-OBS-001308-Z001307","","Short","UnknownRegimeZoneTouch","","17.75","ShadowTrade","Stop","-71.00","-73.40","12","-77.30"
"OPF-20260722-061810","2025-12-16T01:00:00.0000000","2025-12-16T01:30:00.0000000","20251216-0055-BEAR-OBS-001127-Z001127-OC","20251216-0100-Short-1128","Short","ObservationConfirm","","21.25","ActualTrade","TP","252.00","249.60","1","249.60"
"OPF-20260722-061810","2025-12-16T03:20:00.0000000","2025-12-16T03:25:00.0000000","20251216-0315-BEAR-OBS-001155-Z001155-OC","20251216-0320-Short-1156","Short","ObservationConfirm","","8.75","ActualTrade","TP","110.00","107.60","2","357.20"
"OPF-20260722-061810","2025-12-16T03:30:00.0000000","2025-12-16T03:30:00.0000000","20251216-0330-BEAR-OBS-001158-Z001158","20251216-0330-Short-1158","Short","ZoneBirthResearch","","15.25","ActualTrade","SPLIT_BASE_SL_RUNNER_SL","-59.00","-61.40","3","295.80"
"OPF-20260722-061810","2025-12-16T04:10:00.0000000","2025-12-16T04:30:00.0000000","20251216-0405-BEAR-OBS-001165-Z001165-OC","20251216-0410-Short-1166","Short","ObservationConfirm","","19.75","ActualTrade","SL","-80.00","-82.40","4","213.40"
"OPF-20260722-061810","2025-12-16T05:05:00.0000000","2025-12-16T05:15:00.0000000","20251216-0500-BULL-OBS-001176-Z001169-OC-STR","20251216-0505-Long-1177","Long","ObservationStrict_Other","","5.00","ActualTrade","SL","-3.00","-5.40","5","208.00"
"OPF-20260722-061810","2025-12-16T07:10:00.0000000","2025-12-16T07:10:00.0000000","20251216-0705-BULL-OBS-001201-Z001200-FR","20251216-0710-Short-1202","Short","FailureReverse_ObservationInvalidated_WideStop1_5R","","11.25","ActualTrade","SL","-46.50","-48.90","6","159.10"
"OPF-20260722-061810","2025-12-16T08:10:00.0000000","2025-12-16T08:10:00.0000000","20251216-0810-BEAR-OBS-001214-Z001176","20251216-0810-Short-1214","Short","UnknownRegimeZoneTouch","","8.25","ActualTrade","SL","-35.00","-37.40","7","121.70"
"OPF-20260722-061810","2025-12-16T08:55:00.0000000","2025-12-16T09:35:00.0000000","20251216-0850-BULL-OBS-001222-Z001222-OC","20251216-0855-Long-1223","Long","ObservationConfirm_WideStop1_5R","","16.88","ActualTrade","SL","-9.50","-11.90","8","109.80"
"OPF-20260722-061810","2025-12-16T09:55:00.0000000","2025-12-16T10:00:00.0000000","20251216-0955-BEAR-OBS-001235-Z001235","20251216-0955-Short-1235","Short","ZoneBirthResearch","","14.75","ActualTrade","SPLIT_BASE_SL_RUNNER_SL","-58.00","-60.40","9","49.40"
"OPF-20260722-061810","2025-12-16T21:40:00.0000000","2025-12-16T21:50:00.0000000","20251216-2125-BEAR-OBS-001373-Z001372-FR","","Long","FailureReverse_ObservationInvalidated_WideStop1_5R","","14.62","ShadowTrade","GlobexCloseout","8.00","5.60","10","55.00"
"OPF-20260722-062002","2025-12-17T00:05:00.0000000","2025-12-17T00:05:00.0000000","20251217-0005-BEAR-OBS-001117-Z001117","20251217-0005-Short-1117","Short","ZoneBirthResearch","","15.25","ActualTrade","SPLIT_BASE_SL_RUNNER_SL","-62.00","-64.40","1","-64.40"
"OPF-20260722-062002","2025-12-17T00:45:00.0000000","2025-12-17T00:50:00.0000000","20251217-0040-BULL-OBS-001124-Z001124-OC","20251217-0045-Long-1125","Long","ObservationConfirm_WideStop1_5R","","15.75","ActualTrade","SL","-69.50","-71.90","2","-136.30"
"OPF-20260722-062002","2025-12-17T04:10:00.0000000","2025-12-17T04:10:00.0000000","20251217-0405-BULL-OBS-001165-Z001165-OC","20251217-0410-Long-1166","Long","ObservationConfirm_WideStop1_5R","","6.38","ActualTrade","SL","-24.50","-26.90","3","-163.20"
"OPF-20260722-062002","2025-12-17T04:25:00.0000000","2025-12-17T05:35:00.0000000","20251217-0420-BEAR-OBS-001168-Z001168-OC","20251217-0425-Short-1169","Short","ObservationConfirm","","19.75","ActualTrade","SL","-1.00","-3.40","4","-166.60"
"OPF-20260722-062002","2025-12-17T07:20:00.0000000","2025-12-17T07:20:00.0000000","20251217-0710-BULL-OBS-001202-Z001202-OC","20251217-0720-Long-1204","Long","ObservationConfirm_WideStop1_5R","","13.12","ActualTrade","SL","-51.00","-53.40","5","-220.00"
"OPF-20260722-062002","2025-12-17T09:05:00.0000000","2025-12-17T09:10:00.0000000","20251217-0855-BEAR-OBS-001223-Z001223-OC","20251217-0905-Short-1225","Short","ObservationConfirm_WideStop1_5R","","21.00","ActualTrade","SL","-85.00","-87.40","6","-307.40"
"OPF-20260722-062154","2025-12-18T00:40:00.0000000","2025-12-18T00:45:00.0000000","20251218-0035-BULL-OBS-001123-Z001120-OC-STR","20251218-0040-Long-1124","Long","ObservationStrict_Other","","4.50","ActualTrade","TP","54.00","51.60","1","51.60"
"OPF-20260722-062154","2025-12-18T02:00:00.0000000","2025-12-18T02:05:00.0000000","20251218-0155-BEAR-OBS-001139-Z001139-OC","20251218-0200-Short-1140","Short","ObservationConfirm","","17.00","ActualTrade","SL","-74.50","-76.90","2","-25.30"
"OPF-20260722-062154","2025-12-18T03:25:00.0000000","2025-12-18T03:25:00.0000000","20251218-0320-BEAR-OBS-001156-Z001156-OC","20251218-0325-Short-1157","Short","ObservationConfirm","","7.75","ActualTrade","SL","-32.00","-34.40","3","-59.70"
"OPF-20260722-062154","2025-12-18T08:50:00.0000000","2025-12-18T09:10:00.0000000","20251218-0845-BULL-OBS-001221-Z001221-OC","20251218-0850-Long-1222","Long","ObservationConfirm_WideStop1_5R","","21.00","ActualTrade","SL","-86.00","-88.40","4","-148.10"
"OPF-20260722-062154","2025-12-18T09:55:00.0000000","2025-12-18T10:05:00.0000000","20251218-0950-BULL-OBS-001234-Z001234-OC","20251218-0955-Long-1235","Long","ObservationConfirm_WideStop1_5R","","21.38","ActualTrade","SL","-95.00","-97.40","5","-245.50"
"OPF-20260722-062154","2025-12-18T10:15:00.0000000","2025-12-18T10:20:00.0000000","20251218-1000-BULL-OBS-001236-Z001234-FR-RT","20251218-1015-Short-1239","Short","FailureReverse_RetestFailed","","8.00","ActualTrade","SL","-1.00","-3.40","6","-248.90"
"OPF-20260722-062154","2025-12-18T10:45:00.0000000","2025-12-18T11:00:00.0000000","20251218-1040-BEAR-OBS-001244-Z001244-OC","20251218-1045-Short-1245","Short","ObservationConfirm_WideStop1_5R","","11.62","ActualTrade","SL","-44.00","-46.40","7","-295.30"
"OPF-20260722-062154","2025-12-18T11:15:00.0000000","2025-12-18T11:20:00.0000000","20251218-1110-BULL-OBS-001250-Z001250-OC","20251218-1115-Long-1251","Long","ObservationConfirm_WideStop1_5R","","10.88","ActualTrade","SL","-49.50","-51.90","8","-347.20"
"OPF-20260722-062346","2025-12-19T01:10:00.0000000","2025-12-19T01:10:00.0000000","20251219-0105-BEAR-OBS-001129-Z001129-OC","20251219-0110-Short-1130","Short","ObservationConfirm_WideStop1_5R","","8.25","ActualTrade","SL","-39.00","-41.40","1","-41.40"
"OPF-20260722-062346","2025-12-19T03:00:00.0000000","2025-12-19T03:00:00.0000000","20251219-0300-BEAR-OBS-001152-Z001152","20251219-0300-Short-1152","Short","ZoneBirthResearch","","5.00","ActualTrade","SPLIT_BASE_SL_RUNNER_SL","-24.00","-26.40","2","-67.80"
"OPF-20260722-062346","2025-12-19T04:25:00.0000000","2025-12-19T04:25:00.0000000","20251219-0425-BEAR-OBS-001169-Z001169","20251219-0425-Short-1169","Short","ZoneBirthResearch","","7.50","ActualTrade","SPLIT_BASE_SL_RUNNER_SL","-30.00","-32.40","3","-100.20"
"OPF-20260722-062346","2025-12-19T05:10:00.0000000","2025-12-19T05:25:00.0000000","20251219-0505-BEAR-OBS-001177-Z001177-OC","20251219-0510-Short-1178","Short","ObservationConfirm","","14.75","ActualTrade","SL","-57.50","-59.90","4","-160.10"
"OPF-20260722-062346","2025-12-19T05:55:00.0000000","2025-12-19T06:00:00.0000000","20251219-0550-BEAR-OBS-001186-Z001186-OC","20251219-0555-Short-1187","Short","ObservationConfirm","","13.25","ActualTrade","SL","-55.00","-57.40","5","-217.50"
"OPF-20260722-062346","2025-12-19T06:10:00.0000000","2025-12-19T06:55:00.0000000","20251219-0605-BEAR-OBS-001189-Z001186-OC","20251219-0610-Short-1190","Short","ObservationConfirm","","19.75","ActualTrade","SL","-78.00","-80.40","6","-297.90"
"OPF-20260722-062346","2025-12-19T07:30:00.0000000","2025-12-19T07:45:00.0000000","20251219-0725-BEAR-OBS-001205-Z001205-OC","20251219-0730-Short-1206","Short","ObservationConfirm","","16.50","ActualTrade","SL","0.00","-2.40","7","-300.30"
"OPF-20260722-062538","2025-12-22T02:10:00.0000000","2025-12-22T02:10:00.0000000","20251222-0205-BEAR-OBS-001141-Z001141-OC","20251222-0210-Short-1142","Short","ObservationConfirm","","3.00","ActualTrade","SL","-14.50","-16.90","1","-16.90"
"OPF-20260722-062538","2025-12-22T02:40:00.0000000","2025-12-22T02:40:00.0000000","20251222-0235-BULL-OBS-001147-Z001146-FR","20251222-0240-Short-1148","Short","FailureReverse_ObservationInvalidated","","2.00","ActualTrade","SL","-9.00","-11.40","2","-28.30"
"OPF-20260722-062538","2025-12-22T03:25:00.0000000","2025-12-22T05:40:00.0000000","20251222-0320-BEAR-OBS-001156-Z001156-OC","20251222-0325-Short-1157","Short","ObservationConfirm","","13.00","ActualTrade","SL","0.00","-2.40","3","-30.70"
"OPF-20260722-062538","2025-12-22T08:35:00.0000000","2025-12-22T08:35:00.0000000","20251222-0835-BEAR-OBS-001219-Z001219","20251222-0835-Short-1219","Short","ZoneBirthResearch","","3.75","ActualTrade","SPLIT_BASE_SL_RUNNER_SL","-16.00","-18.40","4","-49.10"
"OPF-20260722-062538","2025-12-22T08:55:00.0000000","2025-12-22T08:55:00.0000000","20251222-0855-BEAR-OBS-001223-Z001223","20251222-0855-Short-1223","Short","ZoneBirthResearch","","7.50","ActualTrade","SPLIT_BASE_SL_RUNNER_SL","-33.00","-35.40","5","-84.50"
"OPF-20260722-062538","2025-12-22T09:20:00.0000000","2025-12-22T14:00:00.0000000","20251222-0915-BULL-OBS-001227-Z001227-OC","20251222-0920-Long-1228","Long","ObservationConfirm_WideStop1_5R","","17.25","ActualTrade","TP","219.00","216.60","6","132.10"
"OPF-20260722-062538","2025-12-22T14:10:00.0000000","2025-12-22T14:25:00.0000000","20251222-1405-BULL-OBS-001285-Z001285-OC","20251222-1410-Long-1286","Long","ObservationConfirm_WideStop1_5R","","9.75","ActualTrade","SL","2.50","0.10","7","132.20"
"OPF-20260722-062538","2025-12-22T16:25:00.0000000","2025-12-22T16:25:00.0000000","20251222-1620-BULL-OBS-001312-Z001312-OC","20251222-1625-Long-1313","Long","ObservationConfirm_WideStop1_5R","","8.62","ActualTrade","SL","-34.00","-36.40","8","95.80"
"OPF-20260722-062538","2025-12-22T16:30:00.0000000","2025-12-22T17:00:00.0000000","20251222-1625-BULL-OBS-001313-Z001312-FR","","Short","FailureReverse_ObservationInvalidated_WideStop1_5R","","21.00","ShadowTrade","Stop","-84.00","-86.40","9","9.40"
"OPF-20260722-062538","2025-12-22T19:55:00.0000000","2025-12-22T20:10:00.0000000","20251222-1940-BULL-OBS-001352-Z001350-FR-RT","20251222-1955-Short-1355","Short","FailureReverse_RetestFailed","","8.75","ActualTrade","SL","0.00","-2.40","10","7.00"
"OPF-20260722-062538","2025-12-22T20:25:00.0000000","2025-12-22T20:25:00.0000000","20251222-1955-BULL-OBS-001355-Z001349-FR-RT","20251222-2025-Short-1361","Short","FailureReverse_RetestFailed_WideStop1_5R","","5.25","ActualTrade","SL","-23.00","-25.40","11","-18.40"
"OPF-20260722-062725","2025-12-23T03:55:00.0000000","2025-12-23T04:10:00.0000000","20251223-0350-BEAR-OBS-001162-Z001162-OC","20251223-0355-Short-1163","Short","ObservationConfirm","","4.00","ActualTrade","SL","1.00","-1.40","1","-1.40"
"OPF-20260722-062725","2025-12-23T04:35:00.0000000","2025-12-23T08:00:00.0000000","20251223-0435-BEAR-BRK-001171-Z001171","20251223-0435-Short-1171","Short","BreakawayFvg","","15.50","ActualTrade","SL","-1.50","-3.90","2","-5.30"
"OPF-20260722-062725","2025-12-23T08:15:00.0000000","2025-12-23T11:05:00.0000000","20251223-0810-BULL-OBS-001214-Z001214-OC","20251223-0815-Long-1215","Long","ObservationConfirm_WideStop1_5R","","18.38","ActualTrade","SL","4.00","1.60","3","-3.70"
"OPF-20260722-062725","2025-12-23T11:30:00.0000000","2025-12-23T11:55:00.0000000","20251223-1125-BULL-OBS-001253-Z001253-OC","20251223-1130-Long-1254","Long","ObservationConfirm_WideStop1_5R","","11.62","ActualTrade","SL","-52.00","-54.40","4","-58.10"
"OPF-20260722-062725","2025-12-23T12:35:00.0000000","2025-12-23T12:45:00.0000000","20251223-1210-BULL-OBS-001262-Z001213-FR-RT","20251223-1235-Short-1267","Short","FailureReverse_RetestFailed_WideStop1_5R","","6.00","ActualTrade","SL","2.00","-0.40","5","-58.50"
"OPF-20260722-062725","2025-12-23T17:00:00.0000000","2025-12-23T17:25:00.0000000","20251223-1655-BULL-OBS-001319-Z001319-OC","20251223-1700-Long-1320","Long","ObservationConfirm_WideStop1_5R","","16.12","ActualTrade","SL","-63.00","-65.40","6","-123.90"
"OPF-20260722-062725","2025-12-23T17:35:00.0000000","2025-12-23T20:55:00.0000000","20251223-1730-BULL-OBS-001326-Z001318-OC","","Long","ObservationConfirm_WideStop1_5R","","16.88","ShadowTrade","TargetOrProtectBE:ConservativeProtectBE","0","-2.4","7","-126.30"
"OPF-20260722-062917","2025-12-26T00:50:00.0000000","2025-12-26T00:50:00.0000000","20251226-0050-BEAR-OBS-000805-Z000805","20251226-0050-Short-805","Short","ZoneBirthResearch","","3.00","ActualTrade","SPLIT_BASE_SL_RUNNER_SL","-14.50","-16.90","1","-16.90"
"OPF-20260722-062917","2025-12-26T01:05:00.0000000","2025-12-26T01:20:00.0000000","20251226-0050-BEAR-OBS-000805-Z000805-FR-RT","20251226-0105-Long-808","Long","FailureReverse_RetestFailed","","7.75","ActualTrade","SL","0.00","-2.40","2","-19.30"
"OPF-20260722-062917","2025-12-26T01:30:00.0000000","2025-12-26T02:35:00.0000000","20251226-0125-BEAR-OBS-000812-Z000812-OC","20251226-0130-Short-813","Short","ObservationConfirm_WideStop1_5R","","14.25","ActualTrade","SL","0.00","-2.40","3","-21.70"
"OPF-20260722-062917","2025-12-26T02:45:00.0000000","2025-12-26T03:35:00.0000000","20251226-0240-BULL-OBS-000827-Z000827-OC","20251226-0245-Long-828","Long","ObservationConfirm_WideStop1_5R","","11.62","ActualTrade","SL","-44.00","-46.40","4","-68.10"
"OPF-20260722-062917","2025-12-26T03:45:00.0000000","2025-12-26T03:45:00.0000000","20251226-0345-BEAR-OBS-000840-Z000840","20251226-0345-Short-840","Short","ZoneBirthResearch","","1.75","ActualTrade","SPLIT_BASE_SL_RUNNER_SL","-8.00","-10.40","5","-78.50"
"OPF-20260722-062917","2025-12-26T04:05:00.0000000","2025-12-26T04:05:00.0000000","20251226-0405-BEAR-OBS-000844-Z000844","20251226-0405-Short-844","Short","ZoneBirthResearch","","4.75","ActualTrade","SPLIT_BASE_SL_RUNNER_SL","-16.00","-18.40","6","-96.90"
"OPF-20260722-062917","2025-12-26T04:50:00.0000000","2025-12-26T05:50:00.0000000","20251226-0445-BULL-OBS-000852-Z000852-OC","20251226-0450-Long-853","Long","ObservationConfirm_WideStop1_5R","","7.88","ActualTrade","SL","-29.00","-31.40","7","-128.30"
"OPF-20260722-062917","2025-12-26T07:20:00.0000000","2025-12-26T07:20:00.0000000","20251226-0720-BEAR-OBS-000883-Z000883","20251226-0720-Short-883","Short","ZoneBirthResearch","","5.75","ActualTrade","SPLIT_BASE_SL_RUNNER_SL","-25.00","-27.40","8","-155.70"
"OPF-20260722-062917","2025-12-26T08:10:00.0000000","2025-12-26T08:50:00.0000000","20251226-0810-BEAR-OBS-000893-Z000893","20251226-0810-Short-893","Short","ZoneBirthResearch","","5.00","ActualTrade","SPLIT_BASE_SL_RUNNER_SL","-20.00","-22.40","9","-178.10"
"OPF-20260722-062917","2025-12-26T09:25:00.0000000","2025-12-26T09:45:00.0000000","20251226-0920-BEAR-OBS-000907-Z000907-OC","20251226-0925-Short-908","Short","ObservationConfirm","","6.25","ActualTrade","SL","-23.00","-25.40","10","-203.50"
"OPF-20260722-062917","2025-12-26T10:00:00.0000000","2025-12-26T14:25:00.0000000","20251226-0955-BULL-OBS-000914-Z000914-OC","20251226-1000-Long-915","Long","ObservationConfirm_WideStop1_5R","","23.25","ActualTrade","SL","0.00","-2.40","11","-205.90"
"OPF-20260722-062917","2025-12-26T20:10:00.0000000","2025-12-26T21:50:00.0000000","20251226-2005-BEAR-OBS-001036-Z001036-OC","20251226-2010-Short-1037","Short","ObservationConfirm","","16.75","ActualTrade","SESSION_FLATTEN","44.00","41.60","12","-164.30"
"OPF-20260722-063108","2025-12-29T00:40:00.0000000","2025-12-29T01:00:00.0000000","20251229-0035-BULL-OBS-000802-Z000802-OC","20251229-0040-Long-803","Long","ObservationConfirm_WideStop1_5R","","15.00","ActualTrade","SL","-0.50","-2.90","1","-2.90"
"OPF-20260722-063108","2025-12-29T02:50:00.0000000","2025-12-29T03:25:00.0000000","20251229-0245-BEAR-OBS-000828-Z000815-OC","20251229-0250-Short-829","Short","ObservationConfirm","","10.75","ActualTrade","SL","0.00","-2.40","2","-5.30"
"OPF-20260722-063108","2025-12-29T04:40:00.0000000","2025-12-29T04:50:00.0000000","20251229-0435-BULL-OBS-000850-Z000850-OC","20251229-0440-Long-851","Long","ObservationConfirm_WideStop1_5R","","12.75","ActualTrade","SL","-49.00","-51.40","3","-56.70"
"OPF-20260722-063108","2025-12-29T06:00:00.0000000","2025-12-29T06:05:00.0000000","20251229-0600-BEAR-BRK-000867-Z000867","20251229-0600-Short-867","Short","BreakawayFvg","","17.00","ActualTrade","SL","-70.00","-72.40","4","-129.10"
"OPF-20260722-063108","2025-12-29T06:15:00.0000000","2025-12-29T06:25:00.0000000","20251229-0600-BEAR-OBS-000867-Z000867-FR","20251229-0615-Long-870","Long","FailureReverse_ObservationInvalidated","","14.25","ActualTrade","SL","-58.00","-60.40","5","-189.50"
"OPF-20260722-063108","2025-12-29T06:40:00.0000000","2025-12-29T08:30:00.0000000","20251229-0635-BEAR-OBS-000874-Z000874-OC","20251229-0640-Short-875","Short","ObservationConfirm_WideStop1_5R","","17.62","ActualTrade","TP","222.50","220.10","6","30.60"
"OPF-20260722-063108","2025-12-29T08:40:00.0000000","2025-12-29T08:55:00.0000000","20251229-0840-BEAR-BRK-000899-Z000899","20251229-0840-Short-899","Short","BreakawayFvg","","13.50","ActualTrade","SL","-1.00","-3.40","7","27.20"
"OPF-20260722-063108","2025-12-29T09:10:00.0000000","2025-12-29T09:20:00.0000000","20251229-0900-BEAR-PB-000903-Z000899-TRG","20251229-0910-Short-905","Short","TrendPullbackConfirmed","","10.00","ActualTrade","SL","-41.00","-43.40","8","-16.20"
"OPF-20260722-063108","2025-12-29T09:40:00.0000000","2025-12-29T09:50:00.0000000","20251229-0935-BEAR-OBS-000910-Z000910-OC","20251229-0940-Short-911","Short","ObservationConfirm","","15.25","ActualTrade","SL","-61.00","-63.40","9","-79.60"
"OPF-20260722-063108","2025-12-29T11:15:00.0000000","2025-12-29T11:15:00.0000000","20251229-1115-BEAR-BRK-000930-Z000930","20251229-1115-Short-930","Short","BreakawayFvg","","8.00","ActualTrade","SL","-32.00","-34.40","10","-114.00"
"OPF-20260722-063108","2025-12-29T12:55:00.0000000","2025-12-29T12:55:00.0000000","20251229-1245-BEAR-OBS-000948-Z000948-OC","20251229-1255-Short-950","Short","ObservationConfirm","","9.25","ActualTrade","SL","-49.00","-51.40","11","-165.40"
"OPF-20260722-063108","2025-12-29T19:10:00.0000000","2025-12-29T19:20:00.0000000","20251229-1855-BULL-OBS-001022-Z001015-FR-RT","","Short","FailureReverse_RetestFailed_WideStop1_5R","","8.62","ShadowTrade","Stop","-34.48","-36.88","12","-202.28"
"OPF-20260722-063108","2025-12-29T19:30:00.0000000","2025-12-29T21:50:00.0000000","20251229-1920-BEAR-OBS-001027-Z001020-FR","20251229-1930-Long-1029","Long","FailureReverse_ObservationInvalidated","","15.25","ActualTrade","SESSION_FLATTEN","85.00","82.60","13","-119.68"
"OPF-20260722-063300","2025-12-29T23:45:00.0000000","2025-12-30T00:15:00.0000000","20251229-2345-BEAR-OBS-000792-Z000792","20251229-2345-Short-792","Short","ZoneBirthResearch","","7.25","ActualTrade","SPLIT_BASE_SL_RUNNER_SL","-29.00","-31.40","1","-31.40"
"OPF-20260722-063300","2025-12-30T00:50:00.0000000","2025-12-30T01:00:00.0000000","20251230-0025-BULL-OBS-000800-Z000800-FR-RT","20251230-0050-Short-805","Short","FailureReverse_RetestFailed","","8.50","ActualTrade","SL","-1.00","-3.40","2","-34.80"
"OPF-20260722-063300","2025-12-30T01:10:00.0000000","2025-12-30T01:15:00.0000000","20251230-0105-BEAR-OBS-000808-Z000806-OC","20251230-0110-Short-809","Short","ObservationConfirm","","5.25","ActualTrade","SL","1.00","-1.40","3","-36.20"
"OPF-20260722-063300","2025-12-30T02:05:00.0000000","2025-12-30T02:25:00.0000000","20251230-0200-BULL-OBS-000819-Z000819-OC","20251230-0205-Long-820","Long","ObservationConfirm_WideStop1_5R","","18.00","ActualTrade","SL","-70.00","-72.40","4","-108.60"
"OPF-20260722-063300","2025-12-30T03:10:00.0000000","2025-12-30T03:25:00.0000000","20251230-0305-BULL-OBS-000832-Z000831-OC","20251230-0310-Long-833","Long","ObservationConfirm_WideStop1_5R","","7.88","ActualTrade","TP","108.00","105.60","5","-3.00"
"OPF-20260722-063300","2025-12-30T03:50:00.0000000","2025-12-30T05:10:00.0000000","20251230-0350-BULL-PB-000841-Z000838","20251230-0350-Long-841","Long","AlmostConfirmed","","12.00","ActualTrade","SL","1.50","-0.90","6","-3.90"
"OPF-20260722-063300","2025-12-30T05:20:00.0000000","2025-12-30T05:40:00.0000000","20251230-0515-BEAR-OBS-000858-Z000858-OC","20251230-0520-Short-859","Short","ObservationConfirm","","10.75","ActualTrade","SL","-5.50","-7.90","7","-11.80"
"OPF-20260722-063300","2025-12-30T06:10:00.0000000","2025-12-30T06:25:00.0000000","20251230-0610-BEAR-OBS-000869-Z000869","20251230-0610-Short-869","Short","ZoneBirthResearch","","2.75","ActualTrade","SPLIT_BASE_TP_RUNNER_TP","37.50","35.10","8","23.30"
"OPF-20260722-063300","2025-12-30T06:30:00.0000000","2025-12-30T06:30:00.0000000","20251230-0625-BEAR-OBS-000872-Z000872-OC","20251230-0630-Short-873","Short","ObservationConfirm","","4.00","ActualTrade","SL","-13.00","-15.40","9","7.90"
"OPF-20260722-063300","2025-12-30T07:05:00.0000000","2025-12-30T07:55:00.0000000","20251230-0700-BEAR-OBS-000879-Z000879-OC","20251230-0705-Short-880","Short","ObservationConfirm","","16.50","ActualTrade","SL","0.00","-2.40","10","5.50"
"OPF-20260722-063300","2025-12-30T08:55:00.0000000","2025-12-30T08:55:00.0000000","20251230-0850-BULL-OBS-000901-Z000901-OC","20251230-0855-Long-902","Long","ObservationConfirm_WideStop1_5R","","10.12","ActualTrade","SL","-42.50","-44.90","11","-39.40"
"OPF-20260722-063300","2025-12-30T09:30:00.0000000","2025-12-30T09:35:00.0000000","20251230-0925-BULL-OBS-000908-Z000908-OC","20251230-0930-Long-909","Long","ObservationConfirm_WideStop1_5R","","9.00","ActualTrade","SL","-39.00","-41.40","12","-80.80"
"OPF-20260722-063300","2025-12-30T09:50:00.0000000","2025-12-30T10:10:00.0000000","20251230-0945-BEAR-OBS-000912-Z000912-OC","20251230-0950-Short-913","Short","ObservationConfirm","","13.25","ActualTrade","SL","-51.00","-53.40","13","-134.20"
"OPF-20260722-063300","2025-12-30T10:55:00.0000000","2025-12-30T11:15:00.0000000","20251230-1055-BEAR-OBS-000926-Z000926","20251230-1055-Short-926","Short","ZoneBirthResearch","","4.50","ActualTrade","SPLIT_BASE_TP_RUNNER_TP","55.00","52.60","14","-81.60"
"OPF-20260722-063300","2025-12-30T12:30:00.0000000","2025-12-30T12:40:00.0000000","20251230-1225-BEAR-OBS-000944-Z000944-OC","20251230-1230-Short-945","Short","ObservationConfirm","","17.25","ActualTrade","SL","-75.00","-77.40","15","-159.00"
"OPF-20260722-063452","2025-12-31T00:15:00.0000000","2025-12-31T00:45:00.0000000","20251231-0010-BEAR-OBS-000842-Z000842-OC","20251231-0015-Short-843","Short","ObservationConfirm_WideStop1_5R","","10.88","ActualTrade","TP","133.50","131.10","1","131.10"
"OPF-20260722-063452","2025-12-31T00:50:00.0000000","2025-12-31T02:25:00.0000000","20251231-0050-BEAR-OBS-000850-Z000850","20251231-0050-Short-850","Short","ZoneBirthResearch","","13.25","ActualTrade","SPLIT_BASE_SL_RUNNER_SL","-52.00","-54.40","2","76.70"
"OPF-20260722-063452","2025-12-31T03:30:00.0000000","2025-12-31T03:55:00.0000000","20251231-0325-BEAR-OBS-000881-Z000881-OC","20251231-0330-Short-882","Short","ObservationConfirm","","9.00","ActualTrade","SL","-37.00","-39.40","3","37.30"
"OPF-20260722-063452","2025-12-31T04:10:00.0000000","2025-12-31T05:30:00.0000000","20251231-0405-BULL-OBS-000889-Z000889-OC","20251231-0410-Long-890","Long","ObservationConfirm_WideStop1_5R","","16.88","ActualTrade","SL","-65.00","-67.40","4","-30.10"
"OPF-20260722-063452","2025-12-31T05:45:00.0000000","2025-12-31T07:05:00.0000000","20251231-0540-BEAR-OBS-000908-Z000908-OC","20251231-0545-Short-909","Short","ObservationConfirm","","10.75","ActualTrade","TP","126.00","123.60","5","93.50"
"OPF-20260722-063452","2025-12-31T07:15:00.0000000","2025-12-31T07:20:00.0000000","20251231-0715-BEAR-OBS-000927-Z000927","20251231-0715-Short-927","Short","ZoneBirthResearch","","6.75","ActualTrade","SPLIT_BASE_SL_RUNNER_SL","-31.00","-33.40","6","60.10"
"OPF-20260722-063452","2025-12-31T07:55:00.0000000","2025-12-31T07:55:00.0000000","20251231-0750-BEAR-OBS-000934-Z000934-OC","20251231-0755-Short-935","Short","ObservationConfirm","","5.75","ActualTrade","SL","-28.00","-30.40","7","29.70"
"OPF-20260722-063452","2025-12-31T08:15:00.0000000","2025-12-31T08:30:00.0000000","20251231-0810-BEAR-OBS-000938-Z000938-OC","20251231-0815-Short-939","Short","ObservationConfirm","","5.50","ActualTrade","TP","72.00","69.60","8","99.30"
"OPF-20260722-063452","2025-12-31T08:40:00.0000000","2025-12-31T08:55:00.0000000","20251231-0835-BEAR-SHD-000943-Z000943","20251231-0840-Short-944","Short","ShadowCandidate","","10.50","ActualTrade","SL","-42.00","-44.40","9","54.90"
"OPF-20260722-063452","2025-12-31T11:05:00.0000000","2025-12-31T12:50:00.0000000","20251231-1100-BULL-OBS-000972-Z000972-OC","20251231-1105-Long-973","Long","ObservationConfirm_WideStop1_5R","","12.38","ActualTrade","TP","162.00","159.60","10","214.50"
"OPF-20260722-063452","2025-12-31T13:30:00.0000000","2025-12-31T13:45:00.0000000","20251231-1325-BULL-OBS-001001-Z001001-OC","20251231-1330-Long-1002","Long","ObservationConfirm_WideStop1_5R","","13.12","ActualTrade","TP","171.00","168.60","11","383.10"
"OPF-20260722-063452","2025-12-31T19:25:00.0000000","2025-12-31T19:55:00.0000000","20251231-1920-BULL-OBS-001072-Z001062-FR","20251231-1925-Short-1073","Short","FailureReverse_ObservationInvalidated_WideStop1_5R","","22.50","ActualTrade","TP","273.00","270.60","12","653.70"
"OPF-20260722-063452","2025-12-31T20:10:00.0000000","2025-12-31T20:10:00.0000000","20251231-2010-BEAR-OBS-001082-Z001082","20251231-2010-Short-1082","Short","ZoneBirthResearch","","7.25","ActualTrade","SPLIT_BASE_SL_RUNNER_SL","-30.50","-32.90","13","620.80"
"OPF-20260722-063452","2025-12-31T20:20:00.0000000","2025-12-31T20:25:00.0000000","20251231-2015-BEAR-OBS-001083-Z001082-OC","20251231-2020-Short-1084","Short","ObservationConfirm","","16.75","ActualTrade","SL","-73.00","-75.40","14","545.40"
